HIERARCHY
ROOT Root
{
  OFFSET 0.0 0.0 0.0
  CHANNELS 6 Xposition Yposition Zposition Zrotation Yrotation Xrotation
  JOINT Hips
  {
    OFFSET 0.0 100.0 0.0
    CHANNELS 6 Xposition Yposition Zposition Zrotation Yrotation Xrotation
    JOINT Spine1
    {
      OFFSET -0.013727 5.003763 -0.053727
      CHANNELS 3 Zrotation Yrotation Xrotation
      JOINT Spine2
      {
        OFFSET -0.0 7.125301 -0.029825
        CHANNELS 3 Zrotation Yrotation Xrotation
        JOINT Chest
        {
          OFFSET -1e-06 7.550063 -0.815971
          CHANNELS 3 Zrotation Yrotation Xrotation
          JOINT Neck1
          {
            OFFSET -0.181677 26.311295 -0.553348
            CHANNELS 3 Zrotation Yrotation Xrotation
            JOINT Neck2
            {
              OFFSET -3e-06 7.709397 2.302585
              CHANNELS 3 Zrotation Yrotation Xrotation
              JOINT Head
              {
                OFFSET -5e-06 6.128916 1.953709
                CHANNELS 3 Zrotation Yrotation Xrotation
                JOINT HeadEnd
                {
                  OFFSET 0.003598 16.065403 -1.835379
                  CHANNELS 3 Zrotation Yrotation Xrotation
                }
                JOINT Jaw
                {
                  OFFSET 0.002637 0.475592 3.094941
                  CHANNELS 3 Zrotation Yrotation Xrotation
                }
                JOINT LeftEye
                {
                  OFFSET 3.206381 5.380205 7.586883
                  CHANNELS 3 Zrotation Yrotation Xrotation
                }
                JOINT RightEye
                {
                  OFFSET -3.22244 5.361869 7.558234
                  CHANNELS 3 Zrotation Yrotation Xrotation
                }
              }
            }
          }
          JOINT LeftShoulder
          {
            OFFSET 1.621652 23.237164 5.113413
            CHANNELS 3 Zrotation Yrotation Xrotation
            JOINT LeftArm
            {
              OFFSET 14.919846 2e-06 -5.502326
              CHANNELS 3 Zrotation Yrotation Xrotation
              JOINT LeftForeArm
              {
                OFFSET 28.739307 0.0 -0.002588
                CHANNELS 3 Zrotation Yrotation Xrotation
                JOINT LeftHand
                {
                  OFFSET 27.093981 -1e-06 0.002609
                  CHANNELS 3 Zrotation Yrotation Xrotation
                  JOINT LeftHandThumb1
                  {
                    OFFSET 2.276482 -1.392045 3.191413
                    CHANNELS 3 Zrotation Yrotation Xrotation
                    JOINT LeftHandThumb2
                    {
                      OFFSET 4.012836 -1.828127 1.641654
                      CHANNELS 3 Zrotation Yrotation Xrotation
                      JOINT LeftHandThumb3
                      {
                        OFFSET 2.798515 0.0 -3e-06
                        CHANNELS 3 Zrotation Yrotation Xrotation
                        JOINT LeftHandThumbEnd
                        {
                          OFFSET 3.180793 -4e-06 4e-06
                          CHANNELS 3 Zrotation Yrotation Xrotation
                        }
                      }
                    }
                  }
                  JOINT LeftHandIndex1
                  {
                    OFFSET 3.247555 -0.531998 2.296169
                    CHANNELS 3 Zrotation Yrotation Xrotation
                    JOINT LeftHandIndex2
                    {
                      OFFSET 6.364578 0.01206 0.1786
                      CHANNELS 3 Zrotation Yrotation Xrotation
                      JOINT LeftHandIndex3
                      {
                        OFFSET 3.662364 0.0 0.0
                        CHANNELS 3 Zrotation Yrotation Xrotation
                        JOINT LeftHandIndex4
                        {
                          OFFSET 2.329242 4e-06 4e-06
                          CHANNELS 3 Zrotation Yrotation Xrotation
                          JOINT LeftHandIndexEnd
                          {
                            OFFSET 2.759615 -0.180537 -0.113024
                            CHANNELS 3 Zrotation Yrotation Xrotation
                          }
                        }
                      }
                    }
                  }
                  JOINT LeftHandMiddle1
                  {
                    OFFSET 3.163495 0.240981 1.000332
                    CHANNELS 3 Zrotation Yrotation Xrotation
                    JOINT LeftHandMiddle2
                    {
                      OFFSET 6.19078 -0.259278 -1.002548
                      CHANNELS 3 Zrotation Yrotation Xrotation
                      JOINT LeftHandMiddle3
                      {
                        OFFSET 4.35652 -4e-06 -1e-06
                        CHANNELS 3 Zrotation Yrotation Xrotation
                        JOINT LeftHandMiddle4
                        {
                          OFFSET 2.996877 -8e-06 0.0
                          CHANNELS 3 Zrotation Yrotation Xrotation
                          JOINT LeftHandMiddleEnd
                          {
                            OFFSET 2.304287 -0.294569 -0.031741
                            CHANNELS 3 Zrotation Yrotation Xrotation
                          }
                        }
                      }
                    }
                  }
                  JOINT LeftHandRing1
                  {
                    OFFSET 2.882643 -0.053652 -0.322543
                    CHANNELS 3 Zrotation Yrotation Xrotation
                    JOINT LeftHandRing2
                    {
                      OFFSET 5.854541 -0.486202 -1.373841
                      CHANNELS 3 Zrotation Yrotation Xrotation
                      JOINT LeftHandRing3
                      {
                        OFFSET 4.350578 0.0 3e-06
                        CHANNELS 3 Zrotation Yrotation Xrotation
                        JOINT LeftHandRing4
                        {
                          OFFSET 2.651321 7e-06 2e-06
                          CHANNELS 3 Zrotation Yrotation Xrotation
                          JOINT LeftHandRingEnd
                          {
                            OFFSET 1.936105 0.077687 -7.1e-05
                            CHANNELS 3 Zrotation Yrotation Xrotation
                          }
                        }
                      }
                    }
                  }
                  JOINT LeftHandPinky1
                  {
                    OFFSET 2.8655 -0.310005 -1.600378
                    CHANNELS 3 Zrotation Yrotation Xrotation
                    JOINT LeftHandPinky2
                    {
                      OFFSET 5.087849 -1.331141 -1.77123
                      CHANNELS 3 Zrotation Yrotation Xrotation
                      JOINT LeftHandPinky3
                      {
                        OFFSET 3.070974 4e-06 0.0
                        CHANNELS 3 Zrotation Yrotation Xrotation
                        JOINT LeftHandPinky4
                        {
                          OFFSET 1.549672 0.0 1e-06
                          CHANNELS 3 Zrotation Yrotation Xrotation
                          JOINT LeftHandPinkyEnd
                          {
                            OFFSET 1.944893 -0.157802 0.057219
                            CHANNELS 3 Zrotation Yrotation Xrotation
                          }
                        }
                      }
                    }
                  }
                }
              }
            }
          }
          JOINT RightShoulder
          {
            OFFSET -1.380118 23.180309 5.214158
            CHANNELS 3 Zrotation Yrotation Xrotation
            JOINT RightArm
            {
              OFFSET -15.037196 1.2e-05 -5.545604
              CHANNELS 3 Zrotation Yrotation Xrotation
              JOINT RightForeArm
              {
                OFFSET -28.736639 2e-06 -0.002597
                CHANNELS 3 Zrotation Yrotation Xrotation
                JOINT RightHand
                {
                  OFFSET -27.133619 -0.0 0.002613
                  CHANNELS 3 Zrotation Yrotation Xrotation
                  JOINT RightHandThumb1
                  {
                    OFFSET -2.274032 -1.383988 3.163127
                    CHANNELS 3 Zrotation Yrotation Xrotation
                    JOINT RightHandThumb2
                    {
                      OFFSET -4.011429 -1.827466 1.640914
                      CHANNELS 3 Zrotation Yrotation Xrotation
                      JOINT RightHandThumb3
                      {
                        OFFSET -2.794935 -4e-06 -3e-06
                        CHANNELS 3 Zrotation Yrotation Xrotation
                        JOINT RightHandThumbEnd
                        {
                          OFFSET -3.183852 4e-06 1e-06
                          CHANNELS 3 Zrotation Yrotation Xrotation
                        }
                      }
                    }
                  }
                  JOINT RightHandIndex1
                  {
                    OFFSET -3.253266 -0.520057 2.282866
                    CHANNELS 3 Zrotation Yrotation Xrotation
                    JOINT RightHandIndex2
                    {
                      OFFSET -6.341917 0.012471 0.178266
                      CHANNELS 3 Zrotation Yrotation Xrotation
                      JOINT RightHandIndex3
                      {
                        OFFSET -3.654871 -8e-06 -0.0
                        CHANNELS 3 Zrotation Yrotation Xrotation
                        JOINT RightHandIndex4
                        {
                          OFFSET -2.327586 0.0 1e-06
                          CHANNELS 3 Zrotation Yrotation Xrotation
                          JOINT RightHandIndexEnd
                          {
                            OFFSET -2.76179 -0.180656 -0.113078
                            CHANNELS 3 Zrotation Yrotation Xrotation
                          }
                        }
                      }
                    }
                  }
                  JOINT RightHandMiddle1
                  {
                    OFFSET -3.168106 0.246593 1.00103
                    CHANNELS 3 Zrotation Yrotation Xrotation
                    JOINT RightHandMiddle2
                    {
                      OFFSET -6.180828 -0.258836 -1.000895
                      CHANNELS 3 Zrotation Yrotation Xrotation
                      JOINT RightHandMiddle3
                      {
                        OFFSET -4.348901 0.0 -0.0
                        CHANNELS 3 Zrotation Yrotation Xrotation
                        JOINT RightHandMiddle4
                        {
                          OFFSET -3.00024 -4e-06 -2e-06
                          CHANNELS 3 Zrotation Yrotation Xrotation
                          JOINT RightHandMiddleEnd
                          {
                            OFFSET -2.30252 -0.29437 -0.031706
                            CHANNELS 3 Zrotation Yrotation Xrotation
                          }
                        }
                      }
                    }
                  }
                  JOINT RightHandRing1
                  {
                    OFFSET -2.88569 -0.067952 -0.308858
                    CHANNELS 3 Zrotation Yrotation Xrotation
                    JOINT RightHandRing2
                    {
                      OFFSET -5.854198 -0.48613 -1.373731
                      CHANNELS 3 Zrotation Yrotation Xrotation
                      JOINT RightHandRing3
                      {
                        OFFSET -4.33881 -4e-06 -0.0
                        CHANNELS 3 Zrotation Yrotation Xrotation
                        JOINT RightHandRing4
                        {
                          OFFSET -2.654903 -4e-06 4e-06
                          CHANNELS 3 Zrotation Yrotation Xrotation
                          JOINT RightHandRingEnd
                          {
                            OFFSET -1.933568 0.077527 -5.2e-05
                            CHANNELS 3 Zrotation Yrotation Xrotation
                          }
                        }
                      }
                    }
                  }
                  JOINT RightHandPinky1
                  {
                    OFFSET -2.866425 -0.342796 -1.584145
                    CHANNELS 3 Zrotation Yrotation Xrotation
                    JOINT RightHandPinky2
                    {
                      OFFSET -5.091371 -1.332055 -1.772385
                      CHANNELS 3 Zrotation Yrotation Xrotation
                      JOINT RightHandPinky3
                      {
                        OFFSET -3.062664 -4e-06 1e-06
                        CHANNELS 3 Zrotation Yrotation Xrotation
                        JOINT RightHandPinky4
                        {
                          OFFSET -1.546529 4e-06 -2e-06
                          CHANNELS 3 Zrotation Yrotation Xrotation
                          JOINT RightHandPinkyEnd
                          {
                            OFFSET -1.945119 -0.157718 0.057211
                            CHANNELS 3 Zrotation Yrotation Xrotation
                          }
                        }
                      }
                    }
                  }
                }
              }
            }
          }
        }
      }
    }
    JOINT LeftLeg
    {
      OFFSET 10.043214 -8.434526 2.595655
      CHANNELS 3 Zrotation Yrotation Xrotation
      JOINT LeftShin
      {
        OFFSET -1e-06 -43.221752 -0.802913
        CHANNELS 3 Zrotation Yrotation Xrotation
        JOINT LeftFoot
        {
          OFFSET 1e-06 -42.155094 -3.481523
          CHANNELS 3 Zrotation Yrotation Xrotation
          JOINT LeftToeBase
          {
            OFFSET 0.0 -5.059472 13.231529
            CHANNELS 3 Zrotation Yrotation Xrotation
            JOINT LeftToeEnd
            {
              OFFSET -0.009607 -1.647619 6.513017
              CHANNELS 3 Zrotation Yrotation Xrotation
            }
          }
        }
      }
    }
    JOINT RightLeg
    {
      OFFSET -10.047278 -8.29526 2.620317
      CHANNELS 3 Zrotation Yrotation Xrotation
      JOINT RightShin
      {
        OFFSET 1e-06 -43.362206 -0.805556
        CHANNELS 3 Zrotation Yrotation Xrotation
        JOINT RightFoot
        {
          OFFSET 2e-06 -42.117393 -3.478398
          CHANNELS 3 Zrotation Yrotation Xrotation
          JOINT RightToeBase
          {
            OFFSET -0.0 -5.079609 13.284196
            CHANNELS 3 Zrotation Yrotation Xrotation
            JOINT RightToeEnd
            {
              OFFSET 0.009532 -1.634378 6.460591
              CHANNELS 3 Zrotation Yrotation Xrotation
            }
          }
        }
      }
    }
  }
}
MOTION
Frames: 79
Frame Time: 0.03333333333333333
0.0 0.0 0.0 0.0 -0.0 0.0 -0.344625 99.086838 -2.110225 -0.690162 1.628998 -5.57341 -0.239343 0.062457 -4.767262 -0.450643 0.790278 -7.004875 -1.43698 -1.229669 14.137182 6.202343 -1.062731 17.566769 -1.463634 -3.006274 -3.586965 0.254656 -4.831535 2.383748 7.7e-05 -2.3e-05 6e-06 -0.006065 0.012726 -0.031454 0.73993 -3.661021 -10.553815 -0.744666 3.672708 -10.510538 -11.179159 -1.727871 15.398744 -62.453899 -7.836047 15.564938 -0.201439 -26.836441 0.009069 -5.344183 -3.158981 -2.421468 -5.882109 9.861292 0.70259 -10.936874 -0.360575 7.156205 -0.0 8.774831 -1e-06 -16.097879 18.081028 6.173568 -1.844033 2.498506 -2.507279 -10.163604 4.678948 4.621109 -20.976032 -3e-06 0.0 -21.226299 2.451697 -3.594004 1e-06 -6e-06 1e-06 -1.362682 2.2408 -0.746324 -21.334923 0.58491 3.008321 -13.82122 -3e-06 0.0 -23.887178 -0.24908 -0.839485 -61.249386 2.804459 -1.170417 -0.294024 1.679688 0.833256 -14.218214 0.093216 1.300578 -34.212059 -0.287565 0.967167 -20.033216 0.964537 1.212844 0.0 -0.0 1e-06 -3.44039 0.788234 0.501656 -15.928192 -3.167312 2.999707 -6.338829 -2e-06 0.0 -18.123453 3.648184 -4.905674 -3e-06 0.0 -1e-06 6.622415 11.73829 12.524467 8.635938 53.244217 -27.495125 15.296518 83.89109 16.767511 -4.045109 -12.302933 -15.646061 2.243544 -5.255041 -3.180161 14.282896 -0.826596 6.952506 -0.0 -12.69061 -3e-06 15.091056 -17.199183 2.691552 1.665667 -1.955925 -2.878302 4.727801 -4.170592 4.993927 11.020534 2e-06 -3e-06 12.10906 -3.735719 -2.866789 1e-06 0.0 -1e-06 1.291987 -1.928552 -1.49809 14.800136 0.567466 3.865608 14.242583 -1.341741 -6.660666 19.631979 0.143923 -0.648249 49.235455 -0.71138 -6.180562 0.353031 -1.51115 -0.031939 20.222803 3.684307 2.316632 18.787287 1e-06 -2e-06 10.751635 -0.47987 1.397905 0.0 0.0 0.0 3.273809 0.305947 -0.580112 21.486824 11.830379 2.266136 8.162933 1e-06 -2e-06 18.399097 -3.79899 -4.940581 3e-06 -0.0 -0.0 9.585757 9.958025 7.815905 0.001386 -0.203259 6.527106 -8.059869 0.251924 -7.493671 1.65294 -1.916795 -0.98804 -0.0 0.0 2e-06 -1.722532 -0.673747 3.694755 -0.06177 0.201355 12.183336 6.174408 -15.240622 -10.904021 -1.421028 1.002365 -0.240375 -0.0 -0.0 -1e-06 
0.0 0.0 0.0 0.0 -0.0 0.0 -0.30295 99.079239 -2.081168 -0.650876 1.627503 -5.612567 -0.225853 0.093819 -4.740751 -0.428827 0.79439 -6.98061 -1.472754 -1.199049 14.12431 6.384339 -1.168025 17.4076 -1.433507 -2.942387 -3.606611 0.419389 -4.884768 2.029277 7.7e-05 -2.2e-05 6e-06 -0.006545 0.010211 -0.037616 0.739304 -3.661264 -10.561911 -0.744657 3.667427 -10.515498 -11.051075 -1.675582 15.340823 -62.591518 -7.653095 15.390947 -0.216475 -26.917543 0.001284 -5.205991 -3.184631 -1.811092 -5.882108 9.861288 0.70259 -10.936876 -0.360576 7.156203 1e-06 8.774828 -1e-06 -16.080912 18.072063 6.168738 -1.844033 2.498505 -2.507277 -10.163604 4.678945 4.621108 -20.97603 -4e-06 -0.0 -21.226292 2.451697 -3.594001 2e-06 -7e-06 -0.0 -1.362682 2.240798 -0.746323 -21.334923 0.584908 3.008319 -13.821218 -3e-06 1e-06 -23.887182 -0.249082 -0.839485 -61.212505 2.798398 -1.164516 -0.294025 1.679688 0.833255 -14.218215 0.093213 1.30058 -34.212063 -0.287568 0.967168 -20.03322 0.964534 1.212841 0.0 -0.0 1e-06 -3.44039 0.788234 0.501655 -15.928192 -3.167312 2.999704 -6.338829 -1e-06 -1e-06 -18.123453 3.648182 -4.905672 -3e-06 1e-06 -2e-06 6.513821 11.538387 12.515968 4.485791 54.143608 -31.82765 30.349421 86.493568 31.906683 -1.840605 -12.717006 -12.917502 2.243544 -5.255037 -3.18016 14.282897 -0.826599 6.952507 1e-06 -12.690604 -2e-06 15.191951 -17.361435 2.679794 1.665666 -1.955922 -2.878299 4.727802 -4.170589 4.993925 11.02053 2e-06 -1e-06 12.109058 -3.735717 -2.866786 0.0 -1e-06 -2e-06 1.291987 -1.92855 -1.498092 14.800138 0.567466 3.86561 14.24258 -1.341739 -6.660661 19.631975 0.143922 -0.648247 49.329773 -0.754948 -6.277894 0.353031 -1.51115 -0.031939 20.222803 3.684306 2.316631 18.787283 -0.0 -2e-06 10.751634 -0.479872 1.397905 -1e-06 0.0 1e-06 3.273809 0.305946 -0.58011 21.486824 11.830371 2.266135 8.16293 -0.0 -1e-06 18.399096 -3.798988 -4.94058 3e-06 0.0 -2e-06 9.50032 9.842693 7.90407 0.002137 -0.188602 6.472054 -8.084129 0.338914 -7.518117 1.649699 -1.936998 -0.975077 0.0 -0.0 2e-06 -1.76956 -0.561971 3.731379 -0.067501 0.191508 12.23994 6.216051 -15.267773 -10.963704 -1.419276 0.998781 -0.210571 -0.0 -0.0 -1e-06 
0.0 0.0 0.0 0.0 -0.0 0.0 -0.263517 99.066818 -2.054669 -0.602347 1.630306 -5.662001 -0.213802 0.118454 -4.703753 -0.407795 0.786847 -6.958533 -1.494754 -1.174325 14.122932 6.53498 -1.260291 17.280897 -1.408753 -2.872229 -3.620887 0.514537 -4.922465 1.671456 7.7e-05 -2.3e-05 6e-06 -0.006267 0.007444 -0.04079 0.737922 -3.662841 -10.566429 -0.74244 3.663063 -10.519341 -10.902161 -1.65423 15.301764 -62.778954 -7.454873 15.212113 -0.212575 -27.006788 -0.015361 -5.066294 -3.20743 -1.273743 -5.882109 9.861289 0.702591 -10.936877 -0.360575 7.156209 0.0 8.77483 0.0 -16.05191 18.05471 6.16024 -1.844033 2.498504 -2.507278 -10.163604 4.678946 4.621111 -20.976034 -4e-06 1e-06 -21.226295 2.451697 -3.593999 1e-06 -5e-06 -0.0 -1.362682 2.2408 -0.746323 -21.334925 0.58491 3.008324 -13.821223 -3e-06 1e-06 -23.887184 -0.249079 -0.839483 -61.164104 2.788907 -1.173579 -0.294025 1.679688 0.833256 -14.218217 0.093215 1.300581 -34.212067 -0.287564 0.967172 -20.033226 0.964536 1.212843 1e-06 0.0 0.0 -3.44039 0.788233 0.501656 -15.928194 -3.16731 2.999709 -6.33883 -1e-06 1e-06 -18.123457 3.648185 -4.90567 -3e-06 1e-06 -1e-06 6.379665 11.359263 12.479967 0.433681 54.843838 -36.086807 79.648544 88.135124 81.238823 0.209024 -13.070952 -10.374476 2.243545 -5.255038 -3.180159 14.2829 -0.826597 6.952508 -0.0 -12.690605 2e-06 15.329967 -17.540501 2.654201 1.665666 -1.955923 -2.878301 4.727802 -4.170589 4.993927 11.02053 3e-06 -1e-06 12.109056 -3.735717 -2.866785 0.0 -2e-06 0.0 1.291985 -1.92855 -1.49809 14.800138 0.567467 3.865612 14.242579 -1.341737 -6.660661 19.631975 0.143924 -0.648245 49.451443 -0.794337 -6.385198 0.35303 -1.511151 -0.03194 20.222801 3.684308 2.316634 18.787283 1e-06 -0.0 10.751634 -0.479871 1.397907 -1e-06 0.0 -0.0 3.273809 0.305948 -0.58011 21.486824 11.830376 2.266137 8.162931 0.0 1e-06 18.399094 -3.79899 -4.940577 3e-06 0.0 -1e-06 9.407208 9.729836 7.980046 0.004087 -0.172512 6.463861 -8.09388 0.4297 -7.563463 1.648977 -1.967582 -0.944178 0.0 0.0 2e-06 -1.831346 -0.467733 3.751478 -0.067481 0.184746 12.352262 6.290673 -15.26355 -11.058994 -1.416917 0.988301 -0.190033 -0.0 -0.0 -1e-06 
0.0 0.0 0.0 0.0 -0.0 0.0 -0.223926 99.057487 -2.025145 -0.564369 1.612797 -5.716344 -0.186481 0.139448 -4.659581 -0.382166 0.778549 -6.941255 -1.50795 -1.151057 14.136995 6.647946 -1.347844 17.1917 -1.38846 -2.778649 -3.635935 0.582174 -4.933985 1.331668 7.7e-05 -2.2e-05 6e-06 -0.006973 0.01051 -0.043861 0.73435 -3.658799 -10.566579 -0.740018 3.664838 -10.520678 -10.771801 -1.652547 15.304155 -62.961025 -7.256575 15.037973 -0.185587 -27.114176 -0.029874 -4.939526 -3.245893 -0.775595 -5.882111 9.861293 0.702591 -10.936881 -0.360575 7.156209 1e-06 8.774831 1e-06 -16.01869 18.036169 6.155865 -1.844034 2.498504 -2.507279 -10.163607 4.678948 4.621111 -20.976042 -4e-06 1e-06 -21.226305 2.451698 -3.594004 1e-06 -7e-06 -0.0 -1.362682 2.240799 -0.746324 -21.334932 0.58491 3.008323 -13.821225 -3e-06 1e-06 -23.88719 -0.249081 -0.839487 -61.111992 2.77287 -1.180326 -0.294025 1.679688 0.833256 -14.218221 0.093216 1.300581 -34.212078 -0.287566 0.967168 -20.033232 0.964535 1.212841 0.0 -0.0 0.0 -3.440392 0.788235 0.501657 -15.928201 -3.167311 2.999705 -6.338833 -2e-06 0.0 -18.123465 3.648184 -4.905678 -3e-06 1e-06 -1e-06 6.214633 11.199718 12.456225 -3.516648 55.36647 -40.21542 141.824219 87.174644 143.4608 2.083685 -13.366475 -8.100525 2.243541 -5.255038 -3.180159 14.282898 -0.826595 6.952507 -2e-06 -12.690605 0.0 15.503204 -17.699564 2.608886 1.665666 -1.955922 -2.8783 4.727801 -4.170588 4.993926 11.020534 3e-06 -1e-06 12.109058 -3.735717 -2.866786 -0.0 -2e-06 -0.0 1.291986 -1.928551 -1.49809 14.800136 0.567466 3.865609 14.24258 -1.341736 -6.660661 19.631975 0.143926 -0.648244 49.576893 -0.828176 -6.483358 0.35303 -1.51115 -0.03194 20.222801 3.684308 2.316633 18.787287 4e-06 0.0 10.751634 -0.479869 1.397907 -1e-06 -1e-06 -0.0 3.273809 0.305947 -0.58011 21.486824 11.830376 2.266134 8.16293 1e-06 -1e-06 18.399092 -3.798986 -4.940577 2e-06 -0.0 -0.0 9.331669 9.640664 8.088178 0.005089 -0.16273 6.413474 -8.088408 0.528285 -7.590897 1.648314 -1.9847 -0.91808 0.0 0.0 2e-06 -1.880613 -0.35157 3.799884 -0.061906 0.178481 12.414502 6.354783 -15.276369 -11.128654 -1.414841 0.97785 -0.169504 -0.0 -0.0 -1e-06 
0.0 0.0 0.0 0.0 -0.0 0.0 -0.188351 99.05146 -1.9901 -0.53672 1.566918 -5.771304 -0.153961 0.154843 -4.613309 -0.354907 0.767758 -6.933762 -1.518245 -1.129699 14.172331 6.746331 -1.455364 17.131113 -1.364562 -2.661511 -3.653208 0.643829 -4.890819 1.015521 7.7e-05 -2.3e-05 6e-06 -0.008388 0.016083 -0.047978 0.730956 -3.653153 -10.570105 -0.739141 3.669864 -10.526026 -10.636519 -1.665556 15.33968 -63.15255 -7.047781 14.844234 -0.131628 -27.254705 -0.046748 -4.875839 -3.279911 -0.347197 -5.882109 9.861289 0.702591 -10.936877 -0.360575 7.156208 1e-06 8.774829 -0.0 -15.992359 18.023972 6.145009 -1.844034 2.498506 -2.50728 -10.163604 4.678946 4.62111 -20.976038 -4e-06 2e-06 -21.226299 2.451697 -3.594001 1e-06 -7e-06 -0.0 -1.362682 2.240799 -0.746323 -21.334925 0.584908 3.008322 -13.821221 -4e-06 0.0 -23.887182 -0.24908 -0.839481 -61.0592 2.749892 -1.193617 -0.294025 1.679688 0.833255 -14.218215 0.093214 1.300581 -34.212067 -0.287565 0.967171 -20.033222 0.964536 1.212844 0.0 0.0 0.0 -3.44039 0.788233 0.501656 -15.928194 -3.167312 2.999706 -6.33883 -2e-06 1e-06 -18.123457 3.648183 -4.905671 -2e-06 1e-06 -1e-06 6.046335 11.068224 12.486116 -7.31278 55.757359 -44.289227 161.261841 85.042984 162.865677 3.690008 -13.595462 -5.912014 2.243542 -5.25504 -3.18016 14.282896 -0.826594 6.952508 -3e-06 -12.690612 1e-06 15.679721 -17.819986 2.558429 1.665666 -1.955923 -2.878301 4.7278 -4.170591 4.993928 11.020534 3e-06 -2e-06 12.109058 -3.735715 -2.866787 -1e-06 -1e-06 1e-06 1.291985 -1.92855 -1.498091 14.800132 0.567469 3.86561 14.242575 -1.341735 -6.660663 19.631971 0.143928 -0.648245 49.647068 -0.863133 -6.552262 0.35303 -1.511151 -0.031939 20.222795 3.684312 2.316631 18.787277 6e-06 0.0 10.751633 -0.47987 1.397907 -0.0 -0.0 0.0 3.273808 0.305948 -0.580111 21.48682 11.830381 2.266133 8.16293 0.0 0.0 18.399088 -3.798987 -4.940577 2e-06 1e-06 -2e-06 9.275185 9.568885 8.235189 0.003359 -0.157815 6.302385 -8.071319 0.649439 -7.594563 1.648414 -1.990454 -0.865909 0.0 0.0 2e-06 -1.914344 -0.220342 3.870976 -0.054168 0.17768 12.429514 6.391099 -15.306864 -11.169653 -1.412858 0.968112 -0.141903 0.0 -0.0 -1e-06 
0.0 0.0 0.0 0.0 -0.0 0.0 -0.160525 99.049072 -1.948789 -0.525027 1.497555 -5.810648 -0.117362 0.162857 -4.577634 -0.333598 0.745399 -6.932486 -1.517736 -1.101003 14.221687 6.865853 -1.566551 17.102219 -1.328937 -2.526927 -3.668808 0.687175 -4.815802 0.729763 7.7e-05 -2.3e-05 6e-06 -0.009271 0.020436 -0.05241 0.728742 -3.64983 -10.579066 -0.738313 3.674464 -10.536863 -10.492246 -1.692118 15.376073 -63.358692 -6.823236 14.62142 -0.079391 -27.381691 -0.068891 -4.856031 -3.332111 0.078036 -5.882107 9.861288 0.70259 -10.93687 -0.360574 7.156204 -1e-06 8.774827 -0.0 -15.962895 18.019394 6.137036 -1.844032 2.498505 -2.507277 -10.163599 4.678947 4.621107 -20.976021 -1e-06 -0.0 -21.226286 2.4517 -3.594002 2e-06 -6e-06 -0.0 -1.362682 2.240798 -0.746323 -21.334913 0.584911 3.008323 -13.821213 -1e-06 1e-06 -23.887167 -0.249076 -0.839484 -61.012169 2.726907 -1.216989 -0.294025 1.679688 0.833256 -14.218206 0.093216 1.30058 -34.212048 -0.287561 0.967167 -20.033209 0.964537 1.212842 0.0 0.0 1e-06 -3.440388 0.788233 0.501656 -15.928183 -3.16731 2.999707 -6.338826 -1e-06 1e-06 -18.123444 3.648185 -4.905671 -3e-06 1e-06 -1e-06 5.94732 10.949892 12.548019 -10.895986 56.04361 -48.21357 168.790649 82.716141 170.310577 5.115497 -13.697598 -3.660015 2.243544 -5.255038 -3.18016 14.282899 -0.826595 6.952507 -2e-06 -12.690607 -1e-06 15.838921 -17.875616 2.521079 1.665666 -1.955922 -2.8783 4.727802 -4.170588 4.993926 11.020534 3e-06 -1e-06 12.109059 -3.735719 -2.866786 0.0 -2e-06 -0.0 1.291987 -1.92855 -1.498091 14.800138 0.567468 3.86561 14.24258 -1.341737 -6.660662 19.631975 0.143925 -0.648245 49.669487 -0.895356 -6.586075 0.35303 -1.511152 -0.03194 20.222803 3.68431 2.316632 18.787285 4e-06 -1e-06 10.751636 -0.479868 1.397907 0.0 1e-06 -0.0 3.273809 0.305946 -0.580111 21.486828 11.830377 2.266135 8.162933 1e-06 -1e-06 18.399094 -3.798987 -4.940578 2e-06 0.0 -1e-06 9.236856 9.49517 8.391267 0.001528 -0.150892 6.153559 -8.061223 0.810771 -7.586084 1.650884 -1.98975 -0.799436 0.0 0.0 2e-06 -1.914642 -0.041154 3.948127 -0.048568 0.174113 12.397068 6.417251 -15.371865 -11.188676 -1.411607 0.95614 -0.098461 0.0 -0.0 -1e-06 
0.0 0.0 0.0 0.0 -0.0 0.0 -0.146497 99.048401 -1.907506 -0.524969 1.418691 -5.843295 -0.082043 0.162198 -4.547758 -0.322153 0.705166 -6.928829 -1.505884 -1.063815 14.273293 7.012447 -1.686777 17.094358 -1.28266 -2.385341 -3.686378 0.723241 -4.697779 0.462838 7.7e-05 -2.3e-05 6e-06 -0.009775 0.020891 -0.053238 0.726331 -3.65087 -10.587627 -0.736508 3.675542 -10.545331 -10.344641 -1.751841 15.417021 -63.57497 -6.591273 14.352881 -0.050886 -27.43429 -0.08344 -4.866837 -3.428993 0.493692 -5.88211 9.861287 0.702589 -10.936878 -0.360577 7.156207 2e-06 8.774828 0.0 -15.930701 18.01676 6.145686 -1.844034 2.498505 -2.507278 -10.163606 4.678944 4.621111 -20.976034 -5e-06 2e-06 -21.226301 2.451693 -3.594001 1e-06 -6e-06 1e-06 -1.362683 2.240798 -0.746323 -21.334929 0.584907 3.008323 -13.821223 -5e-06 1e-06 -23.887188 -0.249082 -0.839483 -60.988754 2.701698 -1.228118 -0.294025 1.679688 0.833255 -14.218219 0.093211 1.300582 -34.212074 -0.287569 0.967171 -20.03323 0.964535 1.212845 0.0 -0.0 1e-06 -3.440391 0.788233 0.501656 -15.9282 -3.167311 2.999707 -6.33883 -2e-06 1e-06 -18.123459 3.64818 -4.905673 -2e-06 -0.0 -2e-06 5.885941 10.824897 12.60973 -14.1172 56.297943 -51.854797 172.62915 80.299797 174.05954 6.409403 -13.677205 -1.624498 2.243542 -5.255037 -3.18016 14.2829 -0.826595 6.952508 -2e-06 -12.690607 -1e-06 15.97275 -17.874201 2.488641 1.665667 -1.955923 -2.8783 4.727801 -4.170588 4.993927 11.020535 2e-06 -0.0 12.109059 -3.735719 -2.866786 -0.0 1e-06 0.0 1.291987 -1.92855 -1.498091 14.800139 0.567469 3.865611 14.24258 -1.341736 -6.660661 19.631977 0.143925 -0.648243 49.666725 -0.916412 -6.606388 0.35303 -1.511152 -0.03194 20.222803 3.684311 2.316633 18.787285 4e-06 0.0 10.751635 -0.47987 1.397907 0.0 0.0 -0.0 3.273809 0.305947 -0.580111 21.48683 11.830379 2.266137 8.162933 2e-06 -0.0 18.399097 -3.798986 -4.940577 2e-06 0.0 -1e-06 9.222284 9.436427 8.552074 -0.002461 -0.146121 5.984779 -8.06611 0.982913 -7.566147 1.652742 -1.98413 -0.738966 0.0 0.0 2e-06 -1.887401 0.153539 4.026697 -0.047191 0.168995 12.342521 6.413393 -15.45853 -11.190373 -1.411723 0.948971 -0.038505 0.0 0.0 -1e-06 
0.0 0.0 0.0 0.0 -0.0 0.0 -0.147522 99.057137 -1.864624 -0.535812 1.34145 -5.852228 -0.047263 0.157258 -4.530245 -0.317368 0.667138 -6.932073 -1.491347 -1.040807 14.32831 7.180515 -1.819512 17.090311 -1.23467 -2.251438 -3.706434 0.753228 -4.561327 0.209506 7.7e-05 -2.3e-05 6e-06 -0.010264 0.021319 -0.053132 0.724622 -3.651125 -10.595658 -0.735451 3.676027 -10.552733 -10.193413 -1.842371 15.457017 -63.793018 -6.388068 14.097437 -0.040236 -27.364435 -0.095719 -4.877698 -3.551828 0.855211 -5.882111 9.861292 0.702592 -10.93688 -0.360575 7.156211 0.0 8.774831 0.0 -15.890139 18.017395 6.162431 -1.844033 2.498505 -2.507279 -10.163608 4.678949 4.621111 -20.976038 -3e-06 2e-06 -21.226301 2.4517 -3.594 1e-06 -6e-06 -0.0 -1.362682 2.240798 -0.746324 -21.33493 0.58491 3.008326 -13.821224 -2e-06 2e-06 -23.887186 -0.249076 -0.839482 -60.944248 2.668756 -1.238577 -0.294025 1.679689 0.833256 -14.218221 0.093215 1.300581 -34.212078 -0.287563 0.967173 -20.033232 0.964537 1.212844 0.0 0.0 0.0 -3.440391 0.788233 0.501656 -15.9282 -3.167312 2.999709 -6.338832 -2e-06 2e-06 -18.123459 3.648185 -4.905672 -3e-06 -0.0 -2e-06 5.85555 10.674606 12.655959 -17.009373 56.598682 -55.292389 174.484711 77.843491 175.829605 7.502264 -13.58943 0.134558 2.243541 -5.255036 -3.180157 14.28289 -0.826596 6.952504 -3e-06 -12.690605 1e-06 16.073851 -17.826963 2.449237 1.665667 -1.955921 -2.878298 4.727799 -4.170589 4.993925 11.020524 4e-06 0.0 12.10905 -3.735717 -2.866783 -0.0 1e-06 -0.0 1.291985 -1.928549 -1.498088 14.800129 0.567467 3.865609 14.242569 -1.341736 -6.660656 19.631968 0.143925 -0.648243 49.640949 -0.928992 -6.606326 0.353029 -1.511149 -0.03194 20.222794 3.68431 2.316633 18.78727 2e-06 1e-06 10.751626 -0.479869 1.397907 0.0 0.0 0.0 3.273808 0.305947 -0.58011 21.486813 11.830376 2.266135 8.162928 1e-06 1e-06 18.399086 -3.798987 -4.940573 2e-06 0.0 -1e-06 9.230685 9.403558 8.746798 -0.006596 -0.138443 5.688856 -8.083907 1.144346 -7.475049 1.652435 -1.979062 -0.692288 0.0 0.0 2e-06 -1.835097 0.349418 4.122214 -0.048331 0.165921 12.201614 6.374829 -15.567798 -11.142814 -1.412681 0.94739 0.010702 -0.0 -0.0 -1e-06 
0.0 0.0 0.0 0.0 -0.0 0.0 -0.16039 99.070099 -1.823019 -0.550493 1.281022 -5.827376 -0.019213 0.153641 -4.523473 -0.315921 0.630394 -6.941803 -1.474719 -1.029376 14.369096 7.369639 -1.94398 17.087715 -1.195523 -2.137862 -3.72547 0.797302 -4.459056 0.002202 7.7e-05 -2.3e-05 6e-06 -0.009807 0.020186 -0.054718 0.725145 -3.652183 -10.602519 -0.734732 3.674308 -10.559448 -10.046822 -1.950003 15.509714 -64.010468 -6.247505 13.851805 -0.035629 -27.148859 -0.109884 -4.868146 -3.660149 1.159973 -5.882108 9.861286 0.702592 -10.936877 -0.360576 7.156209 2e-06 8.774828 1e-06 -15.86251 18.026005 6.179321 -1.844033 2.498504 -2.507279 -10.163604 4.678945 4.621112 -20.976032 -5e-06 4e-06 -21.226292 2.451697 -3.593998 1e-06 -6e-06 -0.0 -1.362682 2.240798 -0.746323 -21.334925 0.584908 3.008326 -13.82122 -4e-06 6e-06 -23.88718 -0.249079 -0.83948 -60.881001 2.637886 -1.251653 -0.294024 1.679686 0.833256 -14.218215 0.093213 1.300582 -34.212063 -0.287568 0.967174 -20.033222 0.964536 1.212846 1e-06 -0.0 1e-06 -3.44039 0.788234 0.501655 -15.928198 -3.167311 2.999709 -6.33883 -2e-06 1e-06 -18.123457 3.648181 -4.905668 -3e-06 0.0 -2e-06 5.847862 10.514548 12.638632 -19.579447 56.984005 -58.52906 175.23468 75.360008 176.558685 8.426617 -13.437431 1.701772 2.243541 -5.255037 -3.180159 14.282896 -0.826594 6.952507 -2e-06 -12.690609 -1e-06 16.163679 -17.716337 2.391375 1.665667 -1.955921 -2.878299 4.727799 -4.170589 4.993925 11.020528 3e-06 -0.0 12.109054 -3.735715 -2.866784 0.0 0.0 0.0 1.291985 -1.92855 -1.49809 14.800132 0.567468 3.86561 14.242577 -1.341736 -6.660658 19.631973 0.143924 -0.648243 49.604233 -0.950285 -6.577647 0.353028 -1.511151 -0.03194 20.222797 3.684312 2.316633 18.787279 6e-06 2e-06 10.751633 -0.479869 1.397908 1e-06 -1e-06 0.0 3.273808 0.305946 -0.58011 21.48682 11.830377 2.266136 8.16293 1e-06 0.0 18.399088 -3.798984 -4.940575 2e-06 0.0 -1e-06 9.242544 9.366894 8.906845 -0.009376 -0.126232 5.372225 -8.113767 1.293305 -7.361588 1.651459 -1.968829 -0.658782 -0.0 0.0 2e-06 -1.773187 0.522927 4.19222 -0.049922 0.166442 12.040358 6.33077 -15.676006 -11.083424 -1.414119 0.949633 0.045318 0.0 -0.0 -1e-06 
0.0 0.0 0.0 0.0 -0.0 0.0 -0.180402 99.084999 -1.78584 -0.561016 1.229901 -5.769236 0.001045 0.156277 -4.523079 -0.316525 0.599969 -6.951139 -1.461316 -1.044106 14.380378 7.554338 -2.065809 17.071997 -1.15946 -2.02388 -3.732449 0.847272 -4.393646 -0.128839 7.7e-05 -2.3e-05 6e-06 -0.007618 0.011135 -0.056716 0.728767 -3.660563 -10.606828 -0.733676 3.664291 -10.563205 -9.906091 -2.065093 15.565383 -64.224113 -6.155645 13.595828 -0.031562 -26.844938 -0.127058 -4.870023 -3.724817 1.356868 -5.882109 9.861288 0.702589 -10.936875 -0.360576 7.156204 0.0 8.774828 -1e-06 -15.855159 18.024664 6.177298 -1.844033 2.498505 -2.507277 -10.163603 4.678945 4.621107 -20.97603 -5e-06 -1e-06 -21.226295 2.451696 -3.594002 1e-06 -6e-06 -0.0 -1.362682 2.240799 -0.746324 -21.334923 0.584909 3.008321 -13.82122 -4e-06 -2e-06 -23.887178 -0.249083 -0.839484 -60.811203 2.612402 -1.276708 -0.294024 1.679687 0.833257 -14.218212 0.093214 1.300579 -34.212063 -0.287568 0.967166 -20.03322 0.964533 1.212843 -0.0 0.0 1e-06 -3.440389 0.788233 0.501656 -15.928191 -3.167312 2.999705 -6.338829 -1e-06 0.0 -18.123447 3.648183 -4.905673 -3e-06 1e-06 -1e-06 5.841959 10.366838 12.545167 -21.77243 57.510246 -61.410431 175.668671 72.975731 176.993652 9.209751 -13.292363 2.981972 2.243543 -5.255036 -3.180159 14.282896 -0.826596 6.952505 -1e-06 -12.690605 0.0 16.258749 -17.578667 2.328319 1.665667 -1.955922 -2.8783 4.727801 -4.170587 4.993925 11.020532 3e-06 0.0 12.109058 -3.735717 -2.866785 -0.0 0.0 0.0 1.291986 -1.92855 -1.49809 14.800136 0.567467 3.865609 14.242579 -1.341739 -6.66066 19.631975 0.143924 -0.648246 49.60368 -0.991935 -6.534568 0.353029 -1.51115 -0.03194 20.222801 3.684309 2.316632 18.787283 4e-06 -0.0 10.751633 -0.47987 1.397906 -0.0 -1e-06 0.0 3.273808 0.305947 -0.580111 21.486818 11.830372 2.266133 8.162931 1e-06 -1e-06 18.399088 -3.798985 -4.940577 2e-06 0.0 -1e-06 9.249846 9.348825 9.018892 -0.008308 -0.117754 5.066164 -8.14519 1.404756 -7.238336 1.64907 -1.959 -0.626357 0.0 -0.0 2e-06 -1.71674 0.672513 4.21561 -0.050198 0.16666 11.896938 6.27997 -15.765056 -11.02587 -1.415797 0.95415 0.065804 0.0 -0.0 -1e-06 
0.0 0.0 0.0 0.0 -0.0 0.0 -0.198705 99.091026 -1.75367 -0.558648 1.197441 -5.692411 0.01224 0.169718 -4.522125 -0.321938 0.561737 -6.962049 -1.450637 -1.07136 14.374784 7.746499 -2.190322 17.048416 -1.136972 -1.935748 -3.732508 0.886594 -4.345595 -0.226334 7.7e-05 -2.2e-05 6e-06 -0.005371 0.002043 -0.056863 0.732723 -3.667979 -10.604217 -0.732879 3.653203 -10.559043 -9.780539 -2.188061 15.628793 -64.426826 -6.103955 13.268589 -0.021 -26.529791 -0.143124 -4.886798 -3.741756 1.499658 -5.882107 9.861286 0.70259 -10.936873 -0.360576 7.156207 1e-06 8.774826 0.0 -15.857029 18.016203 6.178782 -1.844033 2.498505 -2.507278 -10.163603 4.678945 4.621108 -20.976028 -5e-06 2e-06 -21.226292 2.451695 -3.594001 1e-06 -7e-06 -0.0 -1.362682 2.2408 -0.746323 -21.334919 0.584908 3.008324 -13.821218 -3e-06 1e-06 -23.887175 -0.24908 -0.839482 -60.767818 2.586624 -1.282688 -0.294025 1.679688 0.833255 -14.21821 0.093214 1.30058 -34.212055 -0.287566 0.96717 -20.033215 0.964536 1.212844 1e-06 -0.0 1e-06 -3.440389 0.788234 0.501656 -15.928191 -3.16731 2.999707 -6.338829 -2e-06 2e-06 -18.123453 3.648181 -4.905673 -3e-06 0.0 -1e-06 5.81548 10.243697 12.443024 -23.758736 58.133305 -64.03183 176.167114 70.747581 177.471725 9.843772 -13.189472 3.98891 2.243541 -5.255036 -3.180157 14.282894 -0.826593 6.952504 -4e-06 -12.690603 2e-06 16.367273 -17.452026 2.262816 1.665666 -1.955921 -2.878299 4.727799 -4.170587 4.993924 11.020529 5e-06 0.0 12.109053 -3.735714 -2.866782 0.0 0.0 -0.0 1.291984 -1.928549 -1.498089 14.800131 0.56747 3.865609 14.242572 -1.341735 -6.660656 19.631969 0.143927 -0.648243 49.662926 -1.043032 -6.511504 0.353028 -1.51115 -0.031941 20.222794 3.684311 2.316631 18.787273 7e-06 1e-06 10.751631 -0.479869 1.397907 -0.0 1e-06 -0.0 3.273808 0.305947 -0.580111 21.486816 11.830374 2.266134 8.162928 2e-06 0.0 18.39908 -3.798984 -4.940572 3e-06 -0.0 -1e-06 9.244011 9.350295 9.024751 -0.00786 -0.113007 4.930018 -8.159419 1.466026 -7.188867 1.64684 -1.953621 -0.590571 0.0 -0.0 2e-06 -1.687265 0.766408 4.15868 -0.050662 0.168972 11.876346 6.242091 -15.820193 -11.025347 -1.417818 0.959866 0.085362 0.0 -0.0 -1e-06 
0.0 0.0 0.0 0.0 -0.0 0.0 -0.216027 99.093605 -1.724759 -0.540386 1.180532 -5.618211 0.014906 0.18743 -4.517546 -0.323794 0.518281 -6.968296 -1.432203 -1.08873 14.363721 7.917085 -2.31206 17.000177 -1.128103 -1.902442 -3.734978 0.914412 -4.291515 -0.308618 7.7e-05 -2.2e-05 6e-06 -0.003941 -0.006861 -0.056795 0.736307 -3.675625 -10.602704 -0.733495 3.642761 -10.556568 -9.669858 -2.304021 15.680326 -64.604187 -6.080537 12.90434 -0.008036 -26.268393 -0.154278 -4.882018 -3.734093 1.618761 -5.882105 9.861283 0.70259 -10.936872 -0.360576 7.156204 1e-06 8.774824 -1e-06 -15.855646 18.013027 6.191568 -1.844033 2.498504 -2.507277 -10.163599 4.678942 4.621108 -20.976023 -7e-06 1e-06 -21.226286 2.451694 -3.593999 1e-06 -7e-06 0.0 -1.362682 2.240798 -0.746323 -21.334917 0.584906 3.008321 -13.821216 -5e-06 1e-06 -23.887171 -0.249082 -0.839481 -60.744099 2.556542 -1.275285 -0.294025 1.679688 0.833256 -14.218209 0.093213 1.30058 -34.212051 -0.287569 0.967172 -20.033218 0.964533 1.212845 0.0 0.0 1e-06 -3.440389 0.788232 0.501655 -15.928185 -3.167311 2.999707 -6.338828 -3e-06 2e-06 -18.123444 3.64818 -4.905668 -3e-06 1e-06 -2e-06 5.720314 10.160102 12.31776 -25.6458 58.816837 -66.513336 176.672089 68.80117 177.912262 10.400507 -13.107718 4.687527 2.243541 -5.255039 -3.18016 14.282902 -0.826594 6.952508 -4e-06 -12.69061 0.0 16.504416 -17.360735 2.18368 1.665667 -1.955922 -2.8783 4.727803 -4.170588 4.993927 11.020536 5e-06 1e-06 12.10906 -3.735717 -2.866784 0.0 -0.0 1e-06 1.291985 -1.92855 -1.498089 14.800142 0.56747 3.865612 14.242583 -1.341735 -6.660661 19.631985 0.143926 -0.648243 49.795464 -1.098796 -6.499041 0.353028 -1.511151 -0.03194 20.222807 3.684313 2.316634 18.787289 7e-06 2e-06 10.751637 -0.479868 1.397909 -0.0 -0.0 0.0 3.273811 0.305948 -0.580112 21.486834 11.830384 2.266137 8.162934 3e-06 -0.0 18.399096 -3.798985 -4.940575 3e-06 1e-06 -1e-06 9.221983 9.361589 9.009349 -0.003773 -0.107254 4.830147 -8.170765 1.506975 -7.149061 1.644758 -1.957986 -0.560019 -0.0 0.0 2e-06 -1.68528 0.806834 4.076735 -0.053647 0.176899 11.913777 6.210967 -15.846533 -11.050788 -1.419113 0.965996 0.087803 -0.0 -0.0 -1e-06 
0.0 0.0 0.0 0.0 -0.0 0.0 -0.232733 99.095085 -1.699909 -0.510147 1.182113 -5.539435 0.019166 0.203109 -4.519239 -0.321951 0.487825 -6.971251 -1.405215 -1.094207 14.345866 8.054705 -2.402799 16.934732 -1.133605 -1.885708 -3.738376 0.937474 -4.280426 -0.371261 7.7e-05 -2.2e-05 6e-06 -0.003314 -0.014906 -0.060101 0.73859 -3.68284 -10.606049 -0.734557 3.633856 -10.560232 -9.569782 -2.391221 15.70097 -64.745354 -6.091049 12.517907 -0.016957 -26.088694 -0.156014 -4.859793 -3.704556 1.711379 -5.882107 9.861287 0.702592 -10.936877 -0.360575 7.156209 1e-06 8.774827 -0.0 -15.855282 18.024908 6.207916 -1.844033 2.498505 -2.507279 -10.163603 4.678945 4.621111 -20.97603 -4e-06 2e-06 -21.226294 2.451696 -3.593999 2e-06 -6e-06 -2e-06 -1.362682 2.240798 -0.746323 -21.334921 0.58491 3.008326 -13.821218 -2e-06 3e-06 -23.88718 -0.249078 -0.839484 -60.722385 2.531752 -1.269161 -0.294025 1.679688 0.833255 -14.218214 0.093214 1.300581 -34.212063 -0.287565 0.967174 -20.033222 0.964537 1.212845 1e-06 0.0 1e-06 -3.440389 0.788233 0.501655 -15.928192 -3.167311 2.999708 -6.338828 -1e-06 1e-06 -18.123453 3.648182 -4.90567 -3e-06 0.0 -2e-06 5.586933 10.121829 12.197584 -27.538708 59.472603 -68.886124 177.191345 67.174423 178.427917 10.882069 -12.944381 5.07901 2.243541 -5.255038 -3.180158 14.282897 -0.826595 6.952506 -3e-06 -12.690609 1e-06 16.654497 -17.263559 2.105752 1.665667 -1.955922 -2.8783 4.7278 -4.170588 4.993927 11.020531 4e-06 0.0 12.109057 -3.735715 -2.866784 0.0 -0.0 0.0 1.291988 -1.928549 -1.49809 14.800136 0.567468 3.86561 14.242579 -1.341735 -6.660659 19.631975 0.143926 -0.648243 49.963985 -1.155916 -6.466547 0.353028 -1.511152 -0.031941 20.222801 3.684312 2.316633 18.787283 4e-06 1e-06 10.751633 -0.479868 1.397906 -0.0 -0.0 1e-06 3.273808 0.305947 -0.58011 21.486824 11.830379 2.266134 8.16293 2e-06 -0.0 18.399092 -3.798986 -4.940575 3e-06 0.0 -1e-06 9.18648 9.374273 8.96968 0.001705 -0.097973 4.755657 -8.173281 1.515096 -7.110695 1.643646 -1.96574 -0.539638 -0.0 0.0 2e-06 -1.702581 0.814573 3.973531 -0.056772 0.187684 11.98518 6.197146 -15.869249 -11.095051 -1.419457 0.970776 0.078667 0.0 0.0 -1e-06 
0.0 0.0 0.0 0.0 -0.0 0.0 -0.252477 99.093887 -1.689181 -0.473165 1.219098 -5.45568 0.032421 0.219545 -4.533631 -0.312171 0.482245 -6.967411 -1.368918 -1.095634 14.311639 8.148507 -2.478152 16.854 -1.142254 -1.862497 -3.746067 0.955002 -4.323706 -0.411871 7.7e-05 -2.2e-05 6e-06 -0.003507 -0.021874 -0.065948 0.739506 -3.68794 -10.609216 -0.735893 3.624911 -10.562955 -9.470701 -2.480615 15.682169 -64.871956 -6.102988 12.154767 -0.029797 -25.993141 -0.152393 -4.833117 -3.665492 1.64656 -5.882111 9.861292 0.70259 -10.936881 -0.360576 7.156208 1e-06 8.774831 -0.0 -15.850553 18.038679 6.210192 -1.844034 2.498506 -2.507279 -10.16361 4.678946 4.62111 -20.97604 -4e-06 1e-06 -21.226301 2.451698 -3.594002 1e-06 -7e-06 -1e-06 -1.362682 2.240799 -0.746324 -21.334932 0.584909 3.008324 -13.821227 -4e-06 -0.0 -23.887192 -0.249081 -0.839484 -60.703335 2.504166 -1.293409 -0.294025 1.679689 0.833256 -14.218222 0.093214 1.30058 -34.212082 -0.287568 0.96717 -20.03323 0.964535 1.212843 1e-06 0.0 0.0 -3.440391 0.788234 0.501655 -15.928201 -3.167313 2.999708 -6.338833 -2e-06 1e-06 -18.123463 3.648183 -4.905675 -2e-06 0.0 -1e-06 5.447584 10.107994 12.072002 -29.490845 60.118904 -71.129341 177.898285 65.828369 179.099457 11.207874 -12.705335 5.319683 2.243543 -5.255039 -3.180161 14.282902 -0.826593 6.952507 -2e-06 -12.69061 -2e-06 16.825745 -17.174923 2.05619 1.665669 -1.955923 -2.878302 4.727803 -4.170588 4.993928 11.020537 4e-06 -1e-06 12.109062 -3.735716 -2.866786 0.0 -0.0 -1e-06 1.291986 -1.928551 -1.49809 14.80014 0.56747 3.865612 14.242583 -1.341735 -6.660663 19.631985 0.143927 -0.648244 50.156445 -1.209547 -6.418067 0.353029 -1.511151 -0.03194 20.222811 3.684314 2.316634 18.787292 7e-06 -1e-06 10.751637 -0.479867 1.397907 0.0 -0.0 -1e-06 3.27381 0.305948 -0.580111 21.486834 11.830382 2.266138 8.162935 2e-06 1e-06 18.399099 -3.798983 -4.940578 2e-06 -0.0 -1e-06 9.143657 9.384127 8.873662 0.006004 -0.097344 4.760893 -8.195058 1.489823 -7.099894 1.64285 -1.975155 -0.538288 0.0 0.0 2e-06 -1.726672 0.802934 3.836247 -0.060568 0.197535 12.107002 6.211873 -15.912389 -11.16751 -1.418281 0.97544 0.052116 0.0 -0.0 -1e-06 
0.0 0.0 0.0 0.0 -0.0 0.0 -0.277017 99.084457 -1.692943 -0.44045 1.293769 -5.377961 0.052702 0.23058 -4.54718 -0.292483 0.484735 -6.960496 -1.315372 -1.083259 14.265697 8.226869 -2.554285 16.767632 -1.15722 -1.860057 -3.758562 0.950333 -4.380041 -0.437236 7.7e-05 -2.3e-05 6e-06 -0.004642 -0.024705 -0.071125 0.738547 -3.688429 -10.611236 -0.737348 3.619992 -10.564101 -9.376583 -2.574948 15.678587 -64.990227 -6.138347 11.853802 -0.020575 -26.011158 -0.156134 -4.78385 -3.615098 1.440189 -5.882109 9.861292 0.702592 -10.936877 -0.360575 7.156208 0.0 8.77483 0.0 -15.840394 18.0499 6.227699 -1.844034 2.498506 -2.507279 -10.163605 4.678947 4.621109 -20.976034 -4e-06 1e-06 -21.226297 2.451697 -3.594003 1e-06 -5e-06 -1e-06 -1.362683 2.2408 -0.746324 -21.334927 0.584911 3.008325 -13.82122 -2e-06 0.0 -23.887184 -0.24908 -0.839485 -60.736351 2.483142 -1.319153 -0.294025 1.679689 0.833256 -14.218216 0.093215 1.300581 -34.212067 -0.287564 0.96717 -20.033226 0.964537 1.212843 1e-06 0.0 0.0 -3.44039 0.788234 0.501655 -15.928194 -3.167312 2.999708 -6.338829 -1e-06 1e-06 -18.123457 3.648184 -4.905674 -2e-06 1e-06 -1e-06 5.31754 10.127733 11.973552 -31.509466 60.723942 -73.349022 178.629913 64.698402 179.716446 11.386037 -12.408832 5.527768 2.243542 -5.255037 -3.180159 14.282889 -0.826595 6.952499 -1e-06 -12.690601 -1e-06 17.000088 -17.108376 2.021519 1.665666 -1.955922 -2.878298 4.727798 -4.170586 4.993922 11.020528 4e-06 -4e-06 12.109053 -3.735715 -2.866787 0.0 -0.0 -0.0 1.291985 -1.92855 -1.49809 14.800127 0.567468 3.865606 14.242571 -1.341735 -6.660661 19.631968 0.143927 -0.648248 50.365826 -1.262715 -6.372282 0.353029 -1.511151 -0.03194 20.22279 3.684309 2.316628 18.78727 5e-06 -4e-06 10.751627 -0.479867 1.397905 -1e-06 0.0 -0.0 3.273807 0.305947 -0.580111 21.486813 11.830372 2.266132 8.162926 2e-06 -0.0 18.39908 -3.798983 -4.940575 1e-06 0.0 -1e-06 9.103156 9.368267 8.687236 0.010225 -0.101346 4.940846 -8.227647 1.445938 -7.171808 1.644057 -1.984496 -0.543383 -0.0 -0.0 2e-06 -1.746499 0.768061 3.663775 -0.06134 0.205903 12.306227 6.239518 -15.957753 -11.278841 -1.417714 0.983845 0.026303 0.0 -0.0 -1e-06 
0.0 0.0 0.0 0.0 -0.0 0.0 -0.308398 99.081299 -1.702934 -0.411278 1.422641 -5.304196 0.074338 0.235209 -4.558454 -0.270792 0.497636 -6.960641 -1.251005 -1.081178 14.221345 8.329741 -2.624032 16.647083 -1.180944 -1.889897 -3.765724 0.899646 -4.437123 -0.437141 7.7e-05 -2.3e-05 6e-06 -0.004371 -0.032567 -0.076836 0.738696 -3.693616 -10.611229 -0.737064 3.609538 -10.564635 -9.293068 -2.681918 15.68694 -65.087509 -6.186255 11.562913 -0.041881 -26.122644 -0.152748 -4.697747 -3.58735 1.259984 -5.882111 9.861293 0.70259 -10.936881 -0.360577 7.156207 1e-06 8.774831 -1e-06 -15.812795 18.063099 6.262182 -1.844035 2.498507 -2.507278 -10.16361 4.678948 4.62111 -20.976044 -6e-06 -1e-06 -21.226305 2.451698 -3.594004 1e-06 -6e-06 -1e-06 -1.362683 2.2408 -0.746323 -21.334934 0.584908 3.008322 -13.821229 -3e-06 -0.0 -23.887196 -0.249083 -0.839485 -60.772217 2.473487 -1.333625 -0.294025 1.679689 0.833256 -14.218222 0.093214 1.300579 -34.212086 -0.287569 0.967168 -20.033234 0.964534 1.212844 0.0 0.0 1e-06 -3.440391 0.788232 0.501656 -15.928201 -3.167313 2.999706 -6.338833 -2e-06 0.0 -18.123466 3.648183 -4.905676 -3e-06 0.0 -1e-06 5.241752 10.160122 11.914037 -33.649208 61.302956 -75.712738 179.156769 63.735947 -179.935577 11.401321 -12.029673 5.675688 2.243543 -5.25504 -3.180161 14.282904 -0.826592 6.952506 -4e-06 -12.690609 -0.0 17.194485 -17.035917 1.961615 1.665669 -1.955922 -2.8783 4.727802 -4.170588 4.993926 11.020536 5e-06 -2e-06 12.109062 -3.735715 -2.866787 0.0 -1e-06 -0.0 1.291988 -1.92855 -1.498091 14.800142 0.567471 3.865609 14.242585 -1.341734 -6.660663 19.631985 0.143929 -0.648245 50.542336 -1.299757 -6.329349 0.35303 -1.511151 -0.03194 20.222809 3.684314 2.31663 18.787289 8e-06 -2e-06 10.751637 -0.479866 1.397907 1e-06 -0.0 0.0 3.27381 0.305948 -0.580111 21.486834 11.830383 2.266134 8.162935 3e-06 -0.0 18.399099 -3.798982 -4.940578 1e-06 -0.0 -1e-06 9.0609 9.302885 8.516877 0.015135 -0.101126 5.051888 -8.24359 1.40959 -7.196026 1.645508 -1.997123 -0.542971 -0.0 0.0 2e-06 -1.766112 0.678222 3.534729 -0.060154 0.212784 12.432447 6.25958 -16.004076 -11.355643 -1.416973 0.989789 0.000965 -0.0 -0.0 -1e-06 
0.0 0.0 0.0 0.0 -0.0 0.0 -0.341951 99.091652 -1.718642 -0.390079 1.5775 -5.221117 0.091223 0.234058 -4.573868 -0.255878 0.51477 -6.968768 -1.163741 -1.09039 14.175814 8.457824 -2.695355 16.477991 -1.202652 -1.929074 -3.765922 0.824365 -4.474708 -0.39014 7.7e-05 -2.2e-05 6e-06 -0.003805 -0.041512 -0.08303 0.739601 -3.700793 -10.611041 -0.736857 3.598852 -10.566865 -9.207959 -2.784883 15.682164 -65.190201 -6.251525 11.35861 -0.063809 -26.249617 -0.155121 -4.616395 -3.565181 1.088527 -5.882107 9.861288 0.702588 -10.936873 -0.360576 7.156203 1e-06 8.774828 -2e-06 -15.777078 18.069471 6.295731 -1.844033 2.498505 -2.507277 -10.163602 4.678945 4.621106 -20.976027 -5e-06 -1e-06 -21.22629 2.451696 -3.594004 1e-06 -6e-06 -1e-06 -1.362682 2.240799 -0.746322 -21.334921 0.584909 3.00832 -13.821218 -3e-06 -1e-06 -23.887175 -0.249081 -0.839485 -60.780945 2.466868 -1.349424 -0.294025 1.679687 0.833256 -14.218212 0.093213 1.300577 -34.212055 -0.287569 0.967166 -20.033218 0.964534 1.212842 0.0 0.0 1e-06 -3.440389 0.788233 0.501654 -15.928189 -3.167311 2.999704 -6.338829 -2e-06 1e-06 -18.123451 3.648181 -4.905672 -3e-06 0.0 -3e-06 5.228512 10.239083 11.878074 -35.923111 61.804115 -78.192055 179.533539 62.940746 -179.734421 11.389618 -11.536251 5.753732 2.243541 -5.255037 -3.18016 14.282898 -0.826593 6.952506 -4e-06 -12.690606 1e-06 17.414661 -16.956377 1.885949 1.665668 -1.955921 -2.878299 4.727802 -4.170587 4.993925 11.020531 4e-06 -1e-06 12.109058 -3.735715 -2.866785 0.0 0.0 -1e-06 1.291986 -1.92855 -1.49809 14.800138 0.56747 3.865608 14.242579 -1.341733 -6.66066 19.631979 0.143928 -0.648245 50.705708 -1.325111 -6.277415 0.353031 -1.51115 -0.031941 20.222801 3.684313 2.316632 18.787283 7e-06 -0.0 10.751633 -0.479867 1.397907 1e-06 0.0 0.0 3.273808 0.305947 -0.580111 21.486824 11.830379 2.266133 8.16293 3e-06 -1e-06 18.39909 -3.798982 -4.940576 2e-06 -0.0 -2e-06 9.024809 9.218766 8.398885 0.016284 -0.094449 5.002199 -8.234222 1.371395 -7.124562 1.646278 -2.002808 -0.543023 0.0 0.0 2e-06 -1.779719 0.560244 3.45978 -0.058011 0.2181 12.425644 6.250609 -16.059538 -11.357532 -1.416472 0.989337 -0.013121 0.0 -0.0 -1e-06 
0.0 0.0 0.0 0.0 -0.0 0.0 -0.374436 99.104675 -1.742312 -0.369073 1.76645 -5.141513 0.104194 0.230138 -4.584178 -0.250393 0.520839 -6.980478 -1.058661 -1.085194 14.127467 8.610227 -2.779276 16.245367 -1.210088 -1.951006 -3.760488 0.7484 -4.514922 -0.283075 7.7e-05 -2.3e-05 6e-06 -0.00446 -0.041809 -0.089432 0.738389 -3.701518 -10.613463 -0.736857 3.598821 -10.571128 -9.131136 -2.890842 15.662125 -65.298882 -6.334169 11.31041 -0.070029 -26.352207 -0.166433 -4.546981 -3.553038 0.881353 -5.88211 9.861294 0.702591 -10.936877 -0.360574 7.156207 -0.0 8.774831 -1e-06 -15.742159 18.062284 6.3151 -1.844033 2.498506 -2.507277 -10.163604 4.67895 4.621109 -20.976034 -1e-06 0.0 -21.226297 2.4517 -3.594005 2e-06 -7e-06 -1e-06 -1.362682 2.2408 -0.746323 -21.334925 0.584912 3.008323 -13.821221 -1e-06 0.0 -23.887178 -0.249077 -0.839486 -60.742565 2.4553 -1.367447 -0.294025 1.679689 0.833255 -14.218215 0.093216 1.30058 -34.212067 -0.287562 0.967168 -20.033222 0.964536 1.212843 0.0 0.0 0.0 -3.44039 0.788234 0.501655 -15.928192 -3.167311 2.999709 -6.338829 0.0 2e-06 -18.123453 3.648187 -4.905673 -3e-06 0.0 -1e-06 5.252327 10.35605 11.847858 -38.237617 62.201981 -80.663078 179.797485 62.295918 -179.595963 11.397152 -10.937809 5.84785 2.243544 -5.25504 -3.180162 14.282904 -0.826592 6.952507 -4e-06 -12.690614 -0.0 17.619345 -16.882307 1.808962 1.665667 -1.955923 -2.878303 4.727801 -4.170588 4.993928 11.020536 5e-06 -3e-06 12.10906 -3.735714 -2.866788 0.0 -0.0 -1e-06 1.291987 -1.928551 -1.498092 14.800142 0.567471 3.86561 14.242585 -1.341734 -6.660665 19.631985 0.14393 -0.648244 50.815842 -1.343518 -6.235024 0.35303 -1.511152 -0.03194 20.222805 3.684315 2.316631 18.787287 8e-06 -1e-06 10.751636 -0.479866 1.397908 -0.0 0.0 -1e-06 3.273809 0.305948 -0.580112 21.486834 11.830384 2.266135 8.162935 3e-06 -1e-06 18.399099 -3.798983 -4.940578 2e-06 -0.0 -1e-06 8.989696 9.123279 8.280077 0.013562 -0.088369 4.936212 -8.211128 1.31432 -7.034344 1.6475 -2.004198 -0.530671 0.0 0.0 2e-06 -1.799914 0.404382 3.401458 -0.056868 0.213796 12.39177 6.236351 -16.122555 -11.34196 -1.416885 0.984349 0.005585 -0.0 0.0 -1e-06 
0.0 0.0 0.0 0.0 -0.0 0.0 -0.402969 99.117714 -1.775215 -0.349078 1.987415 -5.069151 0.122488 0.228419 -4.593842 -0.24797 0.527746 -6.994355 -0.953211 -1.080274 14.085923 8.76861 -2.857819 15.952242 -1.201438 -1.950196 -3.751019 0.700839 -4.577645 -0.143852 7.7e-05 -2.3e-05 5e-06 -0.005753 -0.034953 -0.095499 0.736262 -3.696933 -10.616476 -0.737186 3.607852 -10.57559 -9.076987 -2.992378 15.624989 -65.383011 -6.419114 11.453115 -0.051676 -26.433418 -0.183125 -4.490786 -3.567444 0.624325 -5.882109 9.86129 0.70259 -10.936877 -0.360575 7.156208 1e-06 8.77483 -2e-06 -15.698073 18.061361 6.340709 -1.844033 2.498506 -2.507277 -10.163604 4.678946 4.621109 -20.976032 -4e-06 2e-06 -21.226297 2.451698 -3.594002 2e-06 -6e-06 -1e-06 -1.362682 2.2408 -0.746323 -21.334925 0.584908 3.008324 -13.821221 -4e-06 1e-06 -23.887182 -0.249081 -0.839483 -60.702663 2.442118 -1.371107 -0.294025 1.679688 0.833256 -14.218215 0.093214 1.300579 -34.212067 -0.287566 0.967169 -20.033222 0.964534 1.212844 0.0 0.0 0.0 -3.44039 0.788233 0.501654 -15.928192 -3.167311 2.999707 -6.338829 -1e-06 1e-06 -18.123455 3.648183 -4.905673 -3e-06 1e-06 -3e-06 5.301987 10.50695 11.814082 -40.600578 62.466808 -83.10128 -179.96019 61.82938 -179.509048 11.436954 -10.302083 5.978411 2.24354 -5.255037 -3.180157 14.282896 -0.826591 6.952503 -5e-06 -12.690603 -0.0 17.814102 -16.819157 1.751747 1.665666 -1.955921 -2.878299 4.727799 -4.170586 4.993925 11.020529 4e-06 -1e-06 12.109056 -3.735713 -2.866783 0.0 0.0 -1e-06 1.291985 -1.92855 -1.498088 14.800136 0.567471 3.865608 14.242577 -1.341734 -6.660657 19.631973 0.143929 -0.648242 50.923843 -1.361343 -6.195969 0.353028 -1.51115 -0.031939 20.222801 3.684314 2.316632 18.787279 9e-06 0.0 10.751632 -0.479866 1.397908 -0.0 0.0 -1e-06 3.273808 0.305948 -0.58011 21.486822 11.830379 2.266135 8.16293 3e-06 0.0 18.399088 -3.798982 -4.940575 2e-06 -0.0 -1e-06 8.955454 9.025185 8.140529 0.011329 -0.086375 4.904167 -8.165513 1.236593 -6.949929 1.648912 -1.996116 -0.518423 0.0 0.0 2e-06 -1.825299 0.215989 3.352196 -0.05669 0.209742 12.352682 6.22778 -16.194231 -11.322359 -1.41838 0.977922 0.022887 0.0 -0.0 -1e-06 
0.0 0.0 0.0 0.0 -0.0 0.0 -0.429758 99.129242 -1.807466 -0.324669 2.23718 -5.004795 0.153083 0.228162 -4.602787 -0.245738 0.545255 -7.006555 -0.871276 -1.083459 14.053202 8.933809 -2.927481 15.599739 -1.187778 -1.915222 -3.737527 0.682183 -4.660991 -0.007248 7.7e-05 -2.3e-05 6e-06 -0.006467 -0.031424 -0.099902 0.736698 -3.695295 -10.617093 -0.738893 3.61312 -10.575947 -9.033662 -3.104123 15.548743 -65.459114 -6.476787 11.696405 -0.015292 -26.504549 -0.201018 -4.442669 -3.622613 0.441848 -5.88211 9.86129 0.70259 -10.936877 -0.360575 7.156207 -1e-06 8.77483 -3e-06 -15.64378 18.054276 6.356475 -1.844034 2.498506 -2.507279 -10.163606 4.678948 4.621108 -20.976038 -3e-06 1e-06 -21.226299 2.451698 -3.594002 1e-06 -6e-06 -0.0 -1.362682 2.2408 -0.746324 -21.334925 0.584909 3.008321 -13.82122 -2e-06 0.0 -23.887182 -0.249079 -0.839485 -60.66613 2.432211 -1.363023 -0.294024 1.679687 0.833255 -14.218215 0.093216 1.300579 -34.212063 -0.287563 0.967171 -20.033222 0.964538 1.212841 0.0 -0.0 0.0 -3.44039 0.788234 0.501656 -15.928192 -3.167311 2.999705 -6.33883 -1e-06 2e-06 -18.123457 3.648185 -4.905674 -3e-06 1e-06 -1e-06 5.340848 10.711623 11.756185 -42.93848 62.582436 -85.460442 -179.717911 61.599556 -179.435669 11.524685 -9.627496 6.056292 2.243543 -5.255037 -3.180161 14.282896 -0.826594 6.952507 -3e-06 -12.690606 1e-06 18.022802 -16.762913 1.695761 1.665668 -1.955922 -2.8783 4.7278 -4.170588 4.993925 11.020531 4e-06 -1e-06 12.109056 -3.735715 -2.866784 0.0 0.0 -1e-06 1.291985 -1.92855 -1.498089 14.800138 0.567469 3.865611 14.242577 -1.341735 -6.66066 19.631975 0.143927 -0.648244 51.020123 -1.38028 -6.167583 0.353028 -1.51115 -0.031941 20.222801 3.684312 2.316633 18.787281 5e-06 1e-06 10.751633 -0.479869 1.397908 -1e-06 0.0 -1e-06 3.273807 0.305947 -0.580111 21.486822 11.830379 2.266135 8.16293 1e-06 -1e-06 18.399088 -3.798984 -4.940575 3e-06 0.0 0.0 8.917901 8.921435 7.99498 0.006902 -0.095529 4.886888 -8.108237 1.155817 -6.870165 1.649404 -1.983427 -0.494652 0.0 0.0 2e-06 -1.860074 -0.003322 3.313535 -0.058864 0.201661 12.320476 6.219625 -16.25658 -11.309144 -1.42076 0.967488 0.044364 0.0 -0.0 -1e-06 
0.0 0.0 0.0 0.0 -0.0 0.0 -0.458717 99.140007 -1.843562 -0.29643 2.507276 -4.949551 0.194674 0.233167 -4.612044 -0.242437 0.565305 -7.010415 -0.801719 -1.090257 14.019323 9.110318 -2.998496 15.215487 -1.167184 -1.865287 -3.721969 0.691688 -4.748192 0.130672 7.7e-05 -2.2e-05 6e-06 -0.004651 -0.041732 -0.101229 0.741114 -3.706592 -10.612158 -0.739487 3.603646 -10.569845 -9.004586 -3.205599 15.480042 -65.554146 -6.544911 11.964644 0.049967 -26.55356 -0.222899 -4.380411 -3.703753 0.325616 -5.882107 9.861288 0.702592 -10.936875 -0.360575 7.156209 1e-06 8.774828 -2e-06 -15.604519 18.057077 6.366451 -1.844032 2.498504 -2.507279 -10.163602 4.678946 4.621112 -20.97603 -4e-06 3e-06 -21.226295 2.451698 -3.594 2e-06 -6e-06 -1e-06 -1.362682 2.240798 -0.746323 -21.334921 0.58491 3.008324 -13.821217 -2e-06 2e-06 -23.887178 -0.249078 -0.839481 -60.657471 2.439431 -1.364739 -0.294025 1.679688 0.833256 -14.218213 0.093213 1.30058 -34.212063 -0.287565 0.967172 -20.033218 0.964537 1.212844 1e-06 0.0 1e-06 -3.44039 0.788233 0.501656 -15.928191 -3.167311 2.999706 -6.33883 -2e-06 1e-06 -18.123451 3.648182 -4.905669 -3e-06 1e-06 -2e-06 5.358138 10.983586 11.666944 -45.310341 62.602448 -87.743874 -179.359894 61.629311 -179.298538 11.681816 -8.955171 6.01996 2.243542 -5.255039 -3.18016 14.2829 -0.826593 6.952507 -5e-06 -12.690611 2e-06 18.23218 -16.701429 1.652403 1.665667 -1.955922 -2.878301 4.727801 -4.170589 4.993928 11.020536 5e-06 -2e-06 12.10906 -3.735715 -2.866787 0.0 0.0 -0.0 1.291987 -1.92855 -1.498091 14.800142 0.567471 3.865607 14.242584 -1.341733 -6.660662 19.631985 0.14393 -0.648243 51.108955 -1.393293 -6.12834 0.353027 -1.511151 -0.031939 20.222807 3.684316 2.31663 18.787289 8e-06 -2e-06 10.751635 -0.479866 1.397907 -0.0 0.0 -2e-06 3.27381 0.305948 -0.580111 21.486834 11.830386 2.266131 8.162933 3e-06 -2e-06 18.399096 -3.798983 -4.940577 2e-06 -1e-06 0.0 8.878427 8.809442 7.854816 0.004211 -0.100171 4.866417 -8.0673 1.043393 -6.78434 1.651134 -1.972555 -0.474509 0.0 0.0 2e-06 -1.897963 -0.230198 3.281821 -0.05892 0.195828 12.295868 6.214439 -16.325048 -11.30228 -1.423746 0.953691 0.059132 -0.0 -0.0 -1e-06 
0.0 0.0 0.0 0.0 -0.0 0.0 -0.487641 99.150352 -1.881361 -0.263311 2.786072 -4.902194 0.248062 0.234292 -4.628514 -0.234672 0.58015 -7.009668 -0.739519 -1.061929 13.994143 9.303972 -3.08575 14.822918 -1.139421 -1.804268 -3.715404 0.7181 -4.838074 0.272446 7.7e-05 -2.3e-05 6e-06 -0.005294 -0.04312 -0.103634 0.741796 -3.709354 -10.609759 -0.7413 3.603592 -10.567742 -8.996859 -3.278425 15.421187 -65.678673 -6.617098 12.144847 0.101117 -26.590313 -0.235442 -4.298558 -3.804905 0.267003 -5.882109 9.861289 0.70259 -10.936875 -0.360575 7.156204 0.0 8.774828 -2e-06 -15.565269 18.06382 6.371861 -1.844033 2.498504 -2.507278 -10.163602 4.678947 4.621109 -20.976032 -4e-06 1e-06 -21.226294 2.451698 -3.594001 1e-06 -6e-06 -1e-06 -1.362682 2.240799 -0.746323 -21.334921 0.584909 3.00832 -13.82122 -3e-06 1e-06 -23.887178 -0.249081 -0.839485 -60.617214 2.444818 -1.375591 -0.294025 1.679688 0.833257 -14.218215 0.093215 1.30058 -34.212063 -0.287565 0.967168 -20.033226 0.964535 1.212843 0.0 0.0 1e-06 -3.44039 0.788235 0.501655 -15.928192 -3.167312 2.999705 -6.33883 -1e-06 2e-06 -18.123453 3.648183 -4.905673 -3e-06 1e-06 -2e-06 5.401457 11.292024 11.579778 -47.807087 62.520409 -90.029411 -178.908096 61.871277 -179.077194 11.932893 -8.318288 5.968093 2.243541 -5.255037 -3.18016 14.282896 -0.826593 6.952506 -3e-06 -12.690607 1e-06 18.381475 -16.644022 1.633568 1.665667 -1.955921 -2.878299 4.7278 -4.170588 4.993925 11.020529 3e-06 -2e-06 12.109055 -3.735715 -2.866785 0.0 -0.0 -0.0 1.291986 -1.92855 -1.498091 14.800134 0.567469 3.86561 14.242577 -1.341734 -6.660661 19.631973 0.143928 -0.648243 51.148495 -1.395651 -6.078583 0.353029 -1.511152 -0.031939 20.222797 3.684313 2.316632 18.787275 6e-06 0.0 10.751631 -0.479868 1.397909 0.0 0.0 -1e-06 3.273808 0.305948 -0.580112 21.48682 11.830379 2.266135 8.16293 3e-06 -0.0 18.399088 -3.798985 -4.940573 3e-06 -1e-06 0.0 8.836159 8.699283 7.730196 0.004458 -0.099741 4.830476 -8.058731 0.890938 -6.688109 1.653516 -1.972027 -0.465423 0.0 0.0 2e-06 -1.935568 -0.4341 3.256658 -0.057112 0.195173 12.277138 6.223539 -16.429695 -11.306294 -1.426694 0.944036 0.065673 -0.0 -0.0 -1e-06 
0.0 0.0 0.0 0.0 -0.0 0.0 -0.508488 99.155762 -1.911935 -0.234889 3.057812 -4.864928 0.307504 0.241123 -4.646418 -0.216209 0.602189 -7.005822 -0.670394 -1.011268 13.978604 9.527528 -3.186912 14.446842 -1.107741 -1.733099 -3.716606 0.784595 -4.910773 0.4036 7.7e-05 -2.2e-05 6e-06 -0.007998 -0.037709 -0.109036 0.73947 -3.703727 -10.609145 -0.744294 3.608917 -10.567154 -9.00273 -3.317018 15.364951 -65.852783 -6.6648 12.195569 0.152351 -26.614899 -0.24256 -4.225026 -3.913729 0.254652 -5.882111 9.861293 0.702591 -10.936881 -0.360575 7.156211 1e-06 8.774833 -1e-06 -15.535137 18.057394 6.374075 -1.844034 2.498507 -2.50728 -10.163608 4.678948 4.621111 -20.976044 -5e-06 1e-06 -21.226305 2.451697 -3.594005 2e-06 -6e-06 -1e-06 -1.362683 2.240801 -0.746325 -21.334938 0.584908 3.008322 -13.821229 -4e-06 1e-06 -23.887199 -0.249083 -0.839485 -60.574169 2.440522 -1.379959 -0.294025 1.679689 0.833256 -14.218223 0.093214 1.30058 -34.21209 -0.287568 0.967169 -20.033232 0.964536 1.212845 0.0 0.0 0.0 -3.440392 0.788234 0.501655 -15.928201 -3.167314 2.999708 -6.338833 -1e-06 -0.0 -18.123463 3.648183 -4.905675 -3e-06 1e-06 -2e-06 5.481642 11.626477 11.526402 -50.53735 62.353596 -92.451302 -178.395477 62.320534 -178.822754 12.238287 -7.71384 5.830013 2.243542 -5.25504 -3.180161 14.2829 -0.826594 6.952507 -2e-06 -12.69061 1e-06 18.487955 -16.606295 1.641878 1.665668 -1.955921 -2.8783 4.727801 -4.170589 4.993927 11.020534 3e-06 -2e-06 12.109058 -3.735717 -2.866786 0.0 0.0 -0.0 1.291985 -1.928549 -1.498089 14.800139 0.567468 3.865609 14.242582 -1.341736 -6.660663 19.631983 0.143927 -0.648245 51.164093 -1.390789 -6.024633 0.353029 -1.511151 -0.03194 20.222803 3.684313 2.316631 18.787287 6e-06 -3e-06 10.751634 -0.479868 1.397904 0.0 0.0 1e-06 3.273808 0.305948 -0.580112 21.486828 11.830383 2.266135 8.16293 2e-06 -1e-06 18.399094 -3.798986 -4.940578 2e-06 -1e-06 -1e-06 8.801488 8.612477 7.592697 0.007056 -0.103776 4.859452 -8.063182 0.700116 -6.632685 1.656551 -1.976268 -0.482235 0.0 -0.0 2e-06 -1.970428 -0.612843 3.236031 -0.050535 0.197762 12.280047 6.251424 -16.55364 -11.332376 -1.42931 0.944198 0.07064 -0.0 -0.0 -1e-06 
0.0 0.0 0.0 0.0 -0.0 0.0 -0.524223 99.156944 -1.934424 -0.216432 3.335111 -4.84865 0.365076 0.248368 -4.660441 -0.185812 0.618922 -6.995724 -0.58247 -0.929394 13.972682 9.781253 -3.323392 14.10294 -1.070541 -1.631834 -3.723621 0.88994 -4.937492 0.525404 7.7e-05 -2.3e-05 6e-06 -0.012058 -0.027598 -0.116054 0.736042 -3.693309 -10.612156 -0.748929 3.618942 -10.568864 -9.005697 -3.338267 15.337745 -66.070717 -6.702736 12.162664 0.208973 -26.615324 -0.250332 -4.162326 -4.004005 0.268412 -5.882111 9.861292 0.70259 -10.93688 -0.360575 7.156209 0.0 8.774831 -0.0 -15.517876 18.030874 6.378255 -1.844034 2.498506 -2.507279 -10.16361 4.678947 4.621113 -20.97604 -3e-06 2e-06 -21.226303 2.451698 -3.594003 0.0 -6e-06 -1e-06 -1.362682 2.240798 -0.746324 -21.33493 0.58491 3.008323 -13.821225 -3e-06 1e-06 -23.887188 -0.24908 -0.839485 -60.537811 2.423227 -1.367537 -0.294025 1.679688 0.833256 -14.218221 0.093215 1.30058 -34.212078 -0.287565 0.96717 -20.03323 0.964537 1.212843 0.0 0.0 0.0 -3.440392 0.788235 0.501656 -15.928201 -3.167312 2.999709 -6.338832 -0.0 1e-06 -18.123466 3.648185 -4.905674 -3e-06 1e-06 -3e-06 5.578194 11.975819 11.518779 -53.437111 62.138775 -94.973961 -177.903595 62.903248 -178.624878 12.574234 -7.087887 5.686057 2.243544 -5.255038 -3.18016 14.282904 -0.826595 6.952508 -3e-06 -12.690611 2e-06 18.579136 -16.593689 1.658729 1.665667 -1.955922 -2.878301 4.727801 -4.170589 4.993929 11.020535 2e-06 -2e-06 12.109061 -3.735718 -2.866786 0.0 0.0 -1e-06 1.291987 -1.928549 -1.49809 14.800142 0.567468 3.86561 14.242584 -1.341736 -6.660664 19.631985 0.143926 -0.648244 51.173084 -1.39357 -5.979998 0.353028 -1.511151 -0.03194 20.222805 3.684311 2.316633 18.787289 4e-06 -1e-06 10.751637 -0.47987 1.397909 0.0 0.0 1e-06 3.273809 0.305947 -0.580111 21.486832 11.830382 2.266133 8.162932 2e-06 -2e-06 18.399097 -3.798986 -4.940578 3e-06 -1e-06 -0.0 8.779432 8.520952 7.451549 0.00835 -0.110623 4.952082 -8.079898 0.505388 -6.61693 1.660058 -1.981026 -0.509398 0.0 0.0 2e-06 -1.997019 -0.792307 3.246456 -0.044344 0.202836 12.278958 6.281455 -16.667326 -11.364471 -1.432554 0.949177 0.078545 0.0 -0.0 -1e-06 
0.0 0.0 0.0 0.0 -0.0 0.0 -0.538237 99.15435 -1.940635 -0.201028 3.61405 -4.836019 0.414758 0.257325 -4.676573 -0.156029 0.633825 -6.978854 -0.468423 -0.827761 13.962611 10.070486 -3.492206 13.777313 -1.032496 -1.486902 -3.727152 1.047678 -4.933466 0.651237 7.7e-05 -2.3e-05 6e-06 -0.015805 -0.019726 -0.119234 0.734081 -3.684934 -10.614976 -0.754427 3.626584 -10.568627 -8.992197 -3.360608 15.318677 -66.320335 -6.696341 12.143631 0.243727 -26.582117 -0.256423 -4.091888 -4.087054 0.322325 -5.882107 9.861284 0.702591 -10.936873 -0.360575 7.156205 0.0 8.774826 -2e-06 -15.507157 18.006233 6.383443 -1.844032 2.498504 -2.507277 -10.163601 4.678944 4.621108 -20.976023 -2e-06 2e-06 -21.226286 2.451698 -3.593999 0.0 -6e-06 0.0 -1.362682 2.2408 -0.746323 -21.334917 0.584911 3.008325 -13.821214 -0.0 2e-06 -23.887171 -0.249077 -0.839483 -60.483818 2.410869 -1.361956 -0.294025 1.679687 0.833256 -14.218208 0.093216 1.300579 -34.212051 -0.287564 0.96717 -20.033211 0.964538 1.212844 0.0 0.0 1e-06 -3.440389 0.788234 0.501655 -15.928185 -3.16731 2.999708 -6.338827 -0.0 1e-06 -18.123446 3.648183 -4.905671 -3e-06 1e-06 -3e-06 5.715445 12.342701 11.576857 -56.467136 61.879253 -97.44371 -177.350037 63.480244 -178.354874 12.975213 -6.392071 5.709195 2.243541 -5.255036 -3.18016 14.282889 -0.826592 6.952501 -6e-06 -12.690601 0.0 18.627655 -16.580154 1.683672 1.665667 -1.955922 -2.878299 4.727797 -4.170586 4.993924 11.020525 4e-06 -0.0 12.109053 -3.735713 -2.866785 -0.0 0.0 -1e-06 1.291985 -1.92855 -1.49809 14.800131 0.567471 3.865607 14.242571 -1.341734 -6.660658 19.631968 0.143929 -0.648245 51.153568 -1.403726 -5.923032 0.35303 -1.511149 -0.03194 20.222794 3.684314 2.316632 18.787271 8e-06 0.0 10.751628 -0.479866 1.397906 0.0 0.0 1e-06 3.273806 0.305947 -0.580111 21.486813 11.830376 2.266133 8.162926 4e-06 -1e-06 18.399078 -3.79898 -4.940571 3e-06 -1e-06 0.0 8.760219 8.41537 7.303052 0.009696 -0.110685 5.08637 -8.109328 0.301327 -6.554561 1.663397 -1.988302 -0.548641 0.0 0.0 2e-06 -2.020927 -0.978842 3.268384 -0.041641 0.206857 12.285635 6.308775 -16.765852 -11.40943 -1.436132 0.948527 0.080697 -0.0 -0.0 -1e-06 
0.0 0.0 0.0 0.0 -0.0 0.0 -0.556622 99.148064 -1.940604 -0.193843 3.886472 -4.81937 0.458146 0.25622 -4.695822 -0.127306 0.66249 -6.963554 -0.331237 -0.715259 13.954255 10.39491 -3.690768 13.455176 -0.98645 -1.26986 -3.73686 1.238661 -4.906415 0.783237 7.7e-05 -2.2e-05 6e-06 -0.023246 -0.006755 -0.121223 0.728942 -3.670741 -10.620176 -0.764062 3.638618 -10.569325 -8.945746 -3.402819 15.298171 -66.592834 -6.620307 12.146733 0.223759 -26.520336 -0.255318 -4.009758 -4.206048 0.427215 -5.882102 9.861281 0.70259 -10.936863 -0.360574 7.156202 -0.0 8.774821 -3e-06 -15.520183 17.966007 6.351352 -1.844032 2.498504 -2.507275 -10.163594 4.678944 4.621105 -20.976009 -2e-06 1e-06 -21.226274 2.451696 -3.594 0.0 -6e-06 0.0 -1.362681 2.240797 -0.746323 -21.3349 0.584911 3.008321 -13.821204 -1e-06 0.0 -23.887154 -0.249077 -0.839485 -60.408257 2.381849 -1.377116 -0.294025 1.679687 0.833256 -14.218199 0.093217 1.30058 -34.212025 -0.287562 0.967168 -20.033201 0.964537 1.212842 0.0 0.0 0.0 -3.440386 0.788233 0.501655 -15.928176 -3.167308 2.999707 -6.338822 -1e-06 2e-06 -18.123436 3.648183 -4.905667 -3e-06 1e-06 -3e-06 5.884831 12.719421 11.673709 -59.601986 61.626099 -99.934593 -176.930664 63.910572 -178.194931 13.481384 -5.621631 5.872194 2.243539 -5.255037 -3.180158 14.282887 -0.826596 6.952503 -2e-06 -12.690603 -0.0 18.637358 -16.566652 1.71296 1.665665 -1.955922 -2.878298 4.727798 -4.170588 4.993924 11.020526 3e-06 1e-06 12.109052 -3.735716 -2.866785 -0.0 -0.0 -0.0 1.291985 -1.928549 -1.498089 14.800129 0.567467 3.865608 14.24257 -1.341736 -6.660658 19.631968 0.143925 -0.648244 51.055752 -1.406044 -5.882889 0.353029 -1.511151 -0.031939 20.222788 3.684309 2.31663 18.78727 3e-06 -0.0 10.751625 -0.47987 1.397905 -0.0 0.0 -0.0 3.273807 0.305946 -0.58011 21.486811 11.830373 2.266134 8.162926 3e-06 1e-06 18.39908 -3.798984 -4.940574 2e-06 -1e-06 -1e-06 8.749215 8.27798 7.118183 0.008455 -0.105975 5.297516 -8.163809 0.102405 -6.6462 1.664548 -2.001599 -0.578506 0.0 0.0 2e-06 -2.031468 -1.164192 3.278631 -0.045767 0.196969 12.312751 6.336759 -16.85001 -11.46604 -1.439012 0.941383 0.09483 -0.0 -0.0 -1e-06 
0.0 0.0 0.0 0.0 -0.0 0.0 -0.580991 99.140984 -1.94256 -0.189557 4.150058 -4.795169 0.493685 0.260779 -4.722448 -0.103474 0.693595 -6.958921 -0.185737 -0.602576 13.967747 10.744835 -3.893004 13.141501 -0.939064 -1.031072 -3.746258 1.450423 -4.859669 0.900751 7.6e-05 -2.2e-05 6e-06 -0.031932 0.010977 -0.12143 0.723614 -3.650004 -10.621832 -0.775917 3.653852 -10.568314 -8.854833 -3.455497 15.302595 -66.871506 -6.506712 12.189487 0.156259 -26.444601 -0.245194 -3.910245 -4.321606 0.59112 -5.882106 9.861286 0.702591 -10.93687 -0.360574 7.156205 -0.0 8.774826 -2e-06 -15.535306 17.935394 6.314697 -1.844033 2.498506 -2.507278 -10.163598 4.678945 4.621109 -20.976021 -1e-06 2e-06 -21.226286 2.451698 -3.594003 0.0 -6e-06 0.0 -1.362681 2.240798 -0.746323 -21.334909 0.584912 3.008322 -13.821212 -0.0 1e-06 -23.887171 -0.249078 -0.839485 -60.335995 2.353801 -1.379124 -0.294025 1.679686 0.833257 -14.218207 0.093216 1.30058 -34.212048 -0.287561 0.967166 -20.033211 0.964538 1.212841 0.0 -1e-06 1e-06 -3.440388 0.788234 0.501655 -15.928185 -3.167309 2.999706 -6.338825 -0.0 -0.0 -18.123444 3.648184 -4.905674 -4e-06 1e-06 -3e-06 6.074584 13.07832 11.765189 -62.607838 61.455776 -102.232765 -176.569321 64.092491 -178.020889 14.189902 -4.822031 6.347633 2.24354 -5.255038 -3.180159 14.282894 -0.826593 6.952507 -2e-06 -12.690607 -1e-06 18.651922 -16.509172 1.730758 1.66567 -1.955922 -2.878301 4.7278 -4.170588 4.993926 11.020528 3e-06 1e-06 12.109055 -3.735716 -2.866785 -0.0 -0.0 -0.0 1.291985 -1.928548 -1.498089 14.800132 0.567469 3.865611 14.242573 -1.341737 -6.660658 19.631969 0.143926 -0.648244 50.959526 -1.407531 -5.850658 0.353031 -1.511152 -0.03194 20.222797 3.684311 2.316633 18.787275 6e-06 1e-06 10.751631 -0.479868 1.397908 0.0 -0.0 -1e-06 3.273807 0.305947 -0.580111 21.48682 11.830376 2.266138 8.16293 1e-06 0.0 18.399086 -3.798984 -4.940573 2e-06 -1e-06 -1e-06 8.735032 8.096977 6.910938 0.008553 -0.095561 5.535676 -8.226747 -0.055019 -6.74318 1.663925 -2.015798 -0.614117 0.0 0.0 2e-06 -2.030772 -1.317456 3.269829 -0.047473 0.178036 12.355094 6.371624 -16.937723 -11.531896 -1.440854 0.935485 0.10398 0.0 -0.0 -1e-06 
0.0 0.0 0.0 0.0 -0.0 0.0 -0.614298 99.138054 -1.94684 -0.182307 4.42172 -4.779803 0.518697 0.278135 -4.743641 -0.080677 0.729138 -6.964854 -0.051576 -0.515389 14.011182 11.099925 -4.070201 12.830739 -0.886947 -0.788696 -3.751983 1.701754 -4.796432 0.966547 7.7e-05 -2.3e-05 6e-06 -0.038741 0.023998 -0.121526 0.723046 -3.63222 -10.620584 -0.788639 3.662771 -10.565273 -8.711094 -3.523613 15.315472 -67.148972 -6.370719 12.405145 0.110845 -26.34584 -0.24661 -3.84211 -4.384772 0.720725 -5.88211 9.861288 0.702591 -10.93688 -0.360577 7.156209 3e-06 8.774828 1e-06 -15.553498 17.930708 6.291031 -1.844034 2.498505 -2.507279 -10.163608 4.678945 4.62111 -20.97604 -8e-06 2e-06 -21.226301 2.451693 -3.594 0.0 -6e-06 -0.0 -1.362682 2.240798 -0.746323 -21.33493 0.584905 3.008324 -13.821224 -5e-06 1e-06 -23.887188 -0.249083 -0.83948 -60.311153 2.332596 -1.345723 -0.294025 1.679688 0.833256 -14.218221 0.093211 1.30058 -34.212082 -0.287571 0.967174 -20.03323 0.964533 1.212845 0.0 0.0 1e-06 -3.440391 0.788233 0.501656 -15.928201 -3.167314 2.999707 -6.338832 -2e-06 -1e-06 -18.123459 3.648181 -4.905671 -4e-06 1e-06 -2e-06 6.243886 13.381742 11.82433 -65.340469 61.461418 -104.334381 -176.384537 63.980412 -177.958725 14.992875 -4.125116 7.172537 2.243541 -5.255037 -3.180159 14.282896 -0.826591 6.952502 -8e-06 -12.690605 2e-06 18.706833 -16.410803 1.745557 1.665668 -1.95592 -2.878301 4.727799 -4.170586 4.993925 11.020531 7e-06 -2e-06 12.109058 -3.735711 -2.866786 0.0 -0.0 -0.0 1.291986 -1.928549 -1.49809 14.800138 0.567471 3.865607 14.24258 -1.341732 -6.66066 19.631981 0.143932 -0.648243 50.937733 -1.420848 -5.813417 0.35303 -1.511152 -0.03194 20.222801 3.684315 2.316628 18.787283 1.1e-05 -2e-06 10.751633 -0.479866 1.397905 -1e-06 1e-06 -1e-06 3.273808 0.305948 -0.580112 21.486824 11.830382 2.266128 8.16293 4e-06 -2e-06 18.399086 -3.798978 -4.940576 2e-06 -1e-06 -2e-06 8.7189 7.898288 6.754186 0.010909 -0.090371 5.677529 -8.270309 -0.19166 -6.751451 1.662179 -2.025219 -0.632032 0.0 0.0 2e-06 -2.029045 -1.470977 3.288005 -0.044576 0.158954 12.360583 6.363285 -17.024063 -11.569984 -1.441615 0.940199 0.116946 0.0 -0.0 -1e-06 
0.0 0.0 0.0 0.0 -0.0 0.0 -0.650684 99.139923 -1.940369 -0.170058 4.686998 -4.777964 0.531279 0.30307 -4.747776 -0.057983 0.779416 -6.970281 0.078821 -0.463129 14.059023 11.433341 -4.225634 12.52504 -0.818314 -0.521099 -3.752012 1.988874 -4.714565 0.964716 7.7e-05 -2.3e-05 6e-06 -0.043833 0.032141 -0.123387 0.726654 -3.618566 -10.619059 -0.802014 3.666072 -10.56065 -8.535968 -3.590463 15.322254 -67.427788 -6.228592 12.821756 0.131384 -26.223125 -0.272542 -3.804767 -4.408849 0.851656 -5.882108 9.861289 0.702589 -10.936875 -0.360575 7.156207 1e-06 8.774828 0.0 -15.582269 17.947828 6.281091 -1.844032 2.498503 -2.507278 -10.163604 4.678946 4.621109 -20.97603 -4e-06 2e-06 -21.226295 2.451697 -3.594002 0.0 -6e-06 -0.0 -1.362682 2.240798 -0.746324 -21.334921 0.584908 3.008324 -13.821218 -3e-06 1e-06 -23.887175 -0.249079 -0.839482 -60.336689 2.327699 -1.294376 -0.294025 1.679688 0.833256 -14.218215 0.093215 1.300581 -34.212063 -0.287566 0.96717 -20.03322 0.964536 1.212843 1e-06 -0.0 0.0 -3.44039 0.788233 0.501655 -15.928194 -3.16731 2.999707 -6.33883 -2e-06 0.0 -18.123457 3.648184 -4.905672 -4e-06 1e-06 -3e-06 6.390336 13.648847 11.871307 -67.756813 61.639549 -106.284027 -176.520218 63.575943 -178.183304 15.712712 -3.627079 8.192075 2.243542 -5.255038 -3.180159 14.282896 -0.826596 6.952507 -2e-06 -12.690609 0.0 18.766476 -16.298082 1.788004 1.665667 -1.955922 -2.8783 4.727801 -4.170589 4.993926 11.020529 4e-06 -1e-06 12.109055 -3.735715 -2.866784 0.0 -0.0 -1e-06 1.291987 -1.92855 -1.498089 14.800132 0.567469 3.865608 14.242576 -1.341735 -6.66066 19.631969 0.143927 -0.648245 51.006653 -1.449787 -5.750309 0.353029 -1.511152 -0.03194 20.222797 3.684312 2.316633 18.787279 6e-06 1e-06 10.751631 -0.479869 1.397908 -0.0 1e-06 -1e-06 3.273808 0.305947 -0.580111 21.48682 11.830379 2.266133 8.16293 3e-06 -0.0 18.399088 -3.798986 -4.940574 4e-06 1e-06 1e-06 8.704946 7.714226 6.693421 0.012375 -0.082514 5.664707 -8.307455 -0.327077 -6.676876 1.659612 -2.027415 -0.613038 -0.0 0.0 2e-06 -2.032887 -1.631219 3.355713 -0.038732 0.149115 12.307753 6.322873 -17.111448 -11.577967 -1.44218 0.952157 0.153478 -0.0 -0.0 -1e-06 
0.0 0.0 0.0 0.0 -0.0 0.0 -0.689043 99.140862 -1.927045 -0.157359 4.963132 -4.781876 0.541377 0.326574 -4.735817 -0.042818 0.820639 -6.967212 0.214706 -0.43054 14.096022 11.737022 -4.346958 12.215958 -0.738461 -0.250646 -3.751727 2.278604 -4.59971 0.949598 7.7e-05 -2.2e-05 6e-06 -0.04899 0.040087 -0.126709 0.730333 -3.60748 -10.619546 -0.81554 3.671577 -10.556408 -8.333666 -3.659426 15.320803 -67.72271 -6.100088 13.293512 0.176422 -26.085669 -0.305182 -3.771139 -4.418184 0.998503 -5.88211 9.861289 0.702592 -10.93688 -0.360576 7.15621 2e-06 8.774829 -1e-06 -15.60785 17.968964 6.276804 -1.844034 2.498505 -2.507279 -10.163606 4.678946 4.621111 -20.976038 -6e-06 2e-06 -21.226305 2.451694 -3.594001 1e-06 -6e-06 -0.0 -1.362682 2.240799 -0.746324 -21.334929 0.584908 3.008324 -13.821223 -3e-06 2e-06 -23.887186 -0.24908 -0.839482 -60.359959 2.343807 -1.230374 -0.294025 1.679687 0.833256 -14.218219 0.093213 1.30058 -34.212074 -0.287567 0.967171 -20.03323 0.964536 1.212845 0.0 0.0 0.0 -3.44039 0.788232 0.501656 -15.9282 -3.167311 2.999707 -6.338831 -1e-06 0.0 -18.123459 3.648184 -4.905672 -4e-06 1e-06 -2e-06 6.530613 13.88834 11.932936 -69.926193 61.904865 -108.087341 -176.898972 62.970383 -178.560104 16.326244 -3.217435 9.097986 2.243543 -5.255038 -3.180159 14.282896 -0.826596 6.952505 -1e-06 -12.690608 -2e-06 18.805424 -16.18577 1.818892 1.665668 -1.955922 -2.878298 4.7278 -4.170588 4.993927 11.020529 3e-06 0.0 12.109056 -3.735717 -2.866784 0.0 0.0 -1e-06 1.291985 -1.928548 -1.498089 14.800136 0.567469 3.865608 14.242579 -1.341738 -6.660658 19.631975 0.143924 -0.648245 51.083061 -1.473879 -5.704053 0.35303 -1.511151 -0.031941 20.222803 3.684309 2.316633 18.787283 4e-06 1e-06 10.751634 -0.479869 1.397907 1e-06 1e-06 0.0 3.273806 0.305948 -0.580109 21.486822 11.830377 2.266135 8.16293 2e-06 -1e-06 18.399092 -3.798985 -4.940577 4e-06 1e-06 1e-06 8.698017 7.538026 6.644503 0.008045 -0.073579 5.642064 -8.332311 -0.465692 -6.596237 1.65797 -2.027726 -0.562544 0.0 0.0 2e-06 -2.042059 -1.830607 3.438777 -0.036354 0.137531 12.249342 6.276881 -17.184923 -11.585076 -1.442662 0.966463 0.211959 -0.0 -0.0 -1e-06 
0.0 0.0 0.0 0.0 -0.0 0.0 -0.722964 99.141579 -1.913391 -0.14491 5.243118 -4.780349 0.566972 0.344885 -4.722502 -0.035362 0.861994 -6.960204 0.344063 -0.392006 14.125321 12.047421 -4.42549 11.885744 -0.67522 -0.011795 -3.757102 2.552919 -4.47345 0.942963 7.7e-05 -2.3e-05 6e-06 -0.054485 0.048862 -0.128799 0.729997 -3.597179 -10.613183 -0.825706 3.679824 -10.547524 -8.144212 -3.723486 15.29168 -67.974922 -5.962374 13.751685 0.193435 -25.987112 -0.327131 -3.720942 -4.459419 1.195991 -5.88211 9.86129 0.702591 -10.936875 -0.360574 7.156208 -0.0 8.77483 -2e-06 -15.623532 17.974035 6.266266 -1.844034 2.498506 -2.507278 -10.163604 4.678948 4.62111 -20.97603 -2e-06 1e-06 -21.226295 2.451698 -3.594002 0.0 -6e-06 -0.0 -1.362682 2.240798 -0.746323 -21.334923 0.584912 3.008322 -13.82122 -1e-06 1e-06 -23.88718 -0.249078 -0.839485 -60.34882 2.352209 -1.175553 -0.294025 1.679688 0.833255 -14.218216 0.093217 1.300582 -34.212063 -0.287562 0.967168 -20.033226 0.964536 1.212842 0.0 0.0 0.0 -3.44039 0.788234 0.501656 -15.928192 -3.167309 2.999709 -6.338829 0.0 0.0 -18.123455 3.648185 -4.905674 -2e-06 1e-06 -2e-06 6.62922 14.125366 11.988006 -71.849716 62.142899 -109.491379 -176.880051 62.26268 -178.606247 16.993969 -2.768939 9.942489 2.243541 -5.255038 -3.180158 14.282892 -0.826593 6.952503 -3e-06 -12.690607 -2e-06 18.798616 -16.08885 1.832743 1.665668 -1.955923 -2.878299 4.727797 -4.170587 4.993925 11.020526 3e-06 -1e-06 12.109052 -3.735715 -2.866785 -0.0 0.0 1e-06 1.291985 -1.92855 -1.498088 14.800131 0.567471 3.865608 14.242571 -1.341736 -6.660658 19.631969 0.143929 -0.648245 51.116673 -1.474476 -5.697189 0.35303 -1.511152 -0.031939 20.222794 3.684313 2.316628 18.78727 7e-06 1e-06 10.751627 -0.479866 1.397908 -0.0 -1e-06 1e-06 3.273808 0.305948 -0.580112 21.486813 11.83038 2.266135 8.162926 1e-06 -0.0 18.399084 -3.798984 -4.940573 3e-06 -0.0 -0.0 8.687866 7.369992 6.581789 0.006142 -0.071143 5.637296 -8.318009 -0.576356 -6.631297 1.656638 -2.023754 -0.533314 0.0 -0.0 2e-06 -2.055569 -2.041974 3.515997 -0.037411 0.118489 12.192773 6.212973 -17.279118 -11.585501 -1.443059 0.973887 0.253938 -0.0 -0.0 -1e-06 
0.0 0.0 0.0 0.0 -0.0 0.0 -0.748785 99.147331 -1.896909 -0.125457 5.496416 -4.772897 0.613883 0.366132 -4.709896 -0.032317 0.91302 -6.962773 0.458363 -0.35335 14.154147 12.343291 -4.46409 11.564817 -0.612938 0.199253 -3.764248 2.786395 -4.356394 0.925009 7.8e-05 -2.3e-05 6e-06 -0.060665 0.06059 -0.131142 0.727104 -3.584777 -10.602817 -0.834606 3.691821 -10.538179 -8.00172 -3.756127 15.244904 -68.170303 -5.84302 14.185785 0.21341 -25.954756 -0.349593 -3.653397 -4.529383 1.491401 -5.882109 9.861292 0.702591 -10.936877 -0.360574 7.156209 -1e-06 8.774831 -2e-06 -15.63032 17.966055 6.244015 -1.844034 2.498508 -2.507278 -10.163604 4.678949 4.621111 -20.976034 -0.0 1e-06 -21.226297 2.451701 -3.594003 0.0 -6e-06 -0.0 -1.362682 2.240799 -0.746324 -21.334925 0.584912 3.008326 -13.821221 -0.0 2e-06 -23.887184 -0.249076 -0.839484 -60.321041 2.333212 -1.144341 -0.294025 1.679688 0.833256 -14.218215 0.093216 1.300582 -34.212067 -0.287559 0.96717 -20.033222 0.96454 1.212842 -0.0 -1e-06 1e-06 -3.44039 0.788234 0.501656 -15.928192 -3.167309 2.99971 -6.33883 0.0 1e-06 -18.123457 3.648187 -4.905674 -2e-06 1e-06 -2e-06 6.630315 14.366035 12.008022 -73.479958 62.297939 -110.533386 -176.435989 61.577156 -178.331619 17.626759 -2.406699 10.586932 2.24354 -5.255037 -3.180161 14.282894 -0.82659 6.952506 -5e-06 -12.690604 -3e-06 18.787239 -16.051102 1.875811 1.665665 -1.955921 -2.8783 4.7278 -4.170585 4.993923 11.020528 4e-06 -1e-06 12.109053 -3.735713 -2.866785 -0.0 1e-06 1e-06 1.291986 -1.928548 -1.49809 14.800134 0.567473 3.86561 14.242576 -1.341734 -6.660658 19.631973 0.143928 -0.648241 51.195427 -1.458458 -5.7053 0.353029 -1.511151 -0.03194 20.222799 3.684315 2.316633 18.787279 9e-06 3e-06 10.751631 -0.479865 1.397908 -0.0 0.0 -0.0 3.273807 0.305946 -0.58011 21.48682 11.830382 2.266135 8.162928 5e-06 0.0 18.399086 -3.798981 -4.940573 3e-06 1e-06 -0.0 8.663855 7.220545 6.576546 0.006569 -0.076212 5.52057 -8.275796 -0.648404 -6.472674 1.654844 -2.012087 -0.519087 0.0 0.0 2e-06 -2.081344 -2.232587 3.602457 -0.03579 0.098384 12.101812 6.130917 -17.384855 -11.560253 -1.443815 0.97382 0.265872 0.0 -0.0 -1e-06 
0.0 0.0 0.0 0.0 -0.0 0.0 -0.766769 99.157135 -1.886534 -0.094946 5.75319 -4.767346 0.67208 0.375926 -4.687488 -0.027458 0.958584 -6.97122 0.558196 -0.301271 14.172466 12.605551 -4.482586 11.293299 -0.549772 0.401274 -3.767671 2.970788 -4.224946 0.851201 7.7e-05 -2.3e-05 6e-06 -0.065394 0.071883 -0.134855 0.72837 -3.574323 -10.599894 -0.844752 3.70441 -10.537143 -7.899518 -3.757056 15.197876 -68.330963 -5.782391 14.60609 0.272606 -25.98914 -0.378669 -3.552636 -4.599834 1.86091 -5.88211 9.86129 0.702591 -10.936877 -0.360573 7.156209 0.0 8.774829 -2e-06 -15.624825 17.951424 6.217371 -1.844034 2.498506 -2.507278 -10.163604 4.678948 4.62111 -20.976038 -1e-06 1e-06 -21.226299 2.451699 -3.594003 0.0 -6e-06 -0.0 -1.362682 2.240799 -0.746324 -21.334921 0.584912 3.008323 -13.82122 -1e-06 2e-06 -23.887178 -0.249077 -0.839485 -60.287506 2.303178 -1.136932 -0.294025 1.679687 0.833256 -14.218216 0.093216 1.300582 -34.212067 -0.287561 0.967167 -20.033222 0.964538 1.212842 0.0 -0.0 0.0 -3.44039 0.788234 0.501656 -15.928192 -3.167309 2.999707 -6.338829 0.0 2e-06 -18.123457 3.648186 -4.905673 -3e-06 0.0 -2e-06 6.533568 14.593712 11.973519 -74.848236 62.385117 -111.449486 -175.833054 61.097233 -177.989197 18.116358 -2.185667 10.981241 2.243541 -5.255037 -3.18016 14.282896 -0.826594 6.952507 -4e-06 -12.690605 -1e-06 18.823921 -16.062649 1.929606 1.665665 -1.95592 -2.878301 4.727799 -4.170587 4.993927 11.020528 5e-06 -1e-06 12.109053 -3.735713 -2.866785 -0.0 1e-06 -0.0 1.291985 -1.92855 -1.498091 14.800134 0.56747 3.865612 14.242573 -1.341735 -6.66066 19.631969 0.143927 -0.648243 51.347744 -1.446746 -5.69976 0.35303 -1.51115 -0.03194 20.222797 3.684313 2.316634 18.787279 7e-06 3e-06 10.751631 -0.479868 1.397909 -0.0 -1e-06 1e-06 3.273809 0.305946 -0.58011 21.48682 11.830379 2.266135 8.16293 3e-06 1e-06 18.399084 -3.798984 -4.940574 3e-06 -0.0 -0.0 8.622028 7.075846 6.609701 0.006914 -0.082329 5.325379 -8.23293 -0.696789 -6.345711 1.653834 -1.997158 -0.511066 -0.0 0.0 2e-06 -2.125685 -2.42621 3.699101 -0.031372 0.086019 11.990285 6.05133 -17.478827 -11.521131 -1.445573 0.964819 0.285497 -0.0 -0.0 -1e-06 
0.0 0.0 0.0 0.0 -0.0 0.0 -0.778226 99.169579 -1.882478 -0.058653 6.02116 -4.772618 0.737437 0.36914 -4.654881 -0.013479 0.9968 -6.973666 0.646101 -0.232044 14.171676 12.803265 -4.486838 11.079346 -0.489436 0.589752 -3.765812 3.147272 -4.055121 0.746265 7.7e-05 -2.3e-05 6e-06 -0.06669 0.080273 -0.13631 0.736525 -3.568516 -10.609089 -0.854907 3.715225 -10.547075 -7.85042 -3.718327 15.171993 -68.430481 -5.816798 15.014535 0.369067 -26.059986 -0.408527 -3.432502 -4.64725 2.236502 -5.882106 9.861287 0.702591 -10.936873 -0.360575 7.156209 1e-06 8.774828 -0.0 -15.612305 17.931957 6.205805 -1.844032 2.498505 -2.507278 -10.1636 4.678945 4.621111 -20.976023 -4e-06 3e-06 -21.226286 2.451697 -3.593998 0.0 -5e-06 -1e-06 -1.362681 2.240798 -0.746325 -21.334913 0.584909 3.008323 -13.821215 -2e-06 2e-06 -23.887171 -0.249077 -0.839482 -60.277958 2.291674 -1.132304 -0.294025 1.679687 0.833257 -14.218209 0.093214 1.300582 -34.212048 -0.287565 0.967172 -20.033211 0.964539 1.212844 -0.0 0.0 -0.0 -3.440388 0.788233 0.501655 -15.928187 -3.167312 2.999709 -6.338828 -3e-06 2e-06 -18.123447 3.648183 -4.90567 -2e-06 0.0 -2e-06 6.34376 14.814716 11.874949 -76.068733 62.390549 -112.489632 -175.293015 61.033401 -177.719086 18.318562 -2.137107 11.103147 2.243541 -5.255036 -3.180159 14.282894 -0.826596 6.952506 -4e-06 -12.690607 1e-06 18.970388 -16.09271 1.951896 1.665665 -1.955922 -2.878299 4.727799 -4.170589 4.993926 11.020526 2e-06 -1e-06 12.109053 -3.735715 -2.866783 -0.0 1e-06 -0.0 1.291986 -1.92855 -1.49809 14.800131 0.567468 3.865609 14.242572 -1.341736 -6.660657 19.631969 0.143926 -0.648243 51.59251 -1.443651 -5.674809 0.353029 -1.511152 -0.03194 20.222794 3.684311 2.316631 18.787273 5e-06 0.0 10.751629 -0.479869 1.397905 0.0 -0.0 1e-06 3.273808 0.305947 -0.580112 21.486816 11.830377 2.266135 8.162928 3e-06 -1e-06 18.399086 -3.798987 -4.940575 3e-06 -0.0 -1e-06 8.558112 6.962627 6.620317 0.003818 -0.087829 5.082025 -8.18271 -0.76423 -6.258714 1.65558 -1.983667 -0.498188 0.0 -0.0 2e-06 -2.1753 -2.60052 3.817689 -0.025672 0.086315 11.855063 5.987774 -17.599586 -11.475191 -1.448909 0.949406 0.322054 -0.0 -0.0 -1e-06 
0.0 0.0 0.0 0.0 -0.0 0.0 -0.788282 99.180054 -1.881201 -0.011097 6.305642 -4.775629 0.807183 0.347982 -4.636591 0.007365 1.040141 -6.967117 0.727058 -0.150658 14.165293 12.940252 -4.488641 10.901097 -0.441475 0.766684 -3.762669 3.285026 -3.868387 0.659778 7.7e-05 -2.2e-05 5e-06 -0.069084 0.090406 -0.135609 0.742326 -3.561564 -10.620986 -0.865076 3.728371 -10.560244 -7.840601 -3.684675 15.137774 -68.477921 -5.902881 15.335608 0.434237 -26.148151 -0.423305 -3.292264 -4.713007 2.639017 -5.882112 9.861292 0.702591 -10.936878 -0.360573 7.156209 -1e-06 8.77483 -2e-06 -15.585824 17.906567 6.204863 -1.844034 2.498506 -2.507279 -10.163605 4.678949 4.621111 -20.976038 0.0 1e-06 -21.226301 2.451701 -3.594005 1e-06 -5e-06 -1e-06 -1.362683 2.2408 -0.746324 -21.334927 0.584913 3.008323 -13.821222 -0.0 2e-06 -23.887182 -0.249075 -0.839487 -60.23917 2.293804 -1.139547 -0.294025 1.679687 0.833257 -14.218217 0.093218 1.300582 -34.212067 -0.287558 0.967166 -20.033222 0.96454 1.21284 -0.0 0.0 -0.0 -3.44039 0.788235 0.501656 -15.928192 -3.167308 2.999707 -6.33883 1e-06 2e-06 -18.123457 3.648187 -4.905674 -2e-06 0.0 -3e-06 6.113887 15.016686 11.778455 -77.355797 62.257866 -113.681557 -174.728699 61.392002 -177.374451 18.324602 -2.193465 11.104012 2.243541 -5.255037 -3.180159 14.282894 -0.826592 6.952505 -4e-06 -12.690605 -0.0 19.147062 -16.114889 1.93018 1.665665 -1.955922 -2.8783 4.727799 -4.170587 4.993925 11.020528 6e-06 0.0 12.109053 -3.735714 -2.866786 -0.0 0.0 -0.0 1.291985 -1.928548 -1.498089 14.800131 0.56747 3.86561 14.242574 -1.341735 -6.660658 19.631969 0.143928 -0.648243 51.812962 -1.428442 -5.643811 0.353028 -1.51115 -0.03194 20.222799 3.684313 2.316632 18.787279 8e-06 2e-06 10.751631 -0.479869 1.397907 -0.0 -0.0 -0.0 3.273808 0.305947 -0.580112 21.48682 11.830379 2.266135 8.162928 4e-06 -1e-06 18.399084 -3.798982 -4.940573 3e-06 1e-06 -1e-06 8.51004 6.8543 6.687015 -0.001438 -0.095086 4.857035 -8.182022 -0.875745 -6.099236 1.658679 -1.976033 -0.46741 -0.0 0.0 2e-06 -2.239333 -2.738522 3.854589 -0.022518 0.089788 11.756214 5.952667 -17.761559 -11.445777 -1.451676 0.92516 0.367836 -0.0 -0.0 -1e-06 
0.0 0.0 0.0 0.0 -0.0 0.0 -0.7901 99.185623 -1.879194 0.047356 6.622268 -4.781413 0.877598 0.32601 -4.631558 0.033499 1.073296 -6.949512 0.797903 -0.064134 14.157602 13.032532 -4.480994 10.759995 -0.391685 0.954304 -3.765249 3.374069 -3.680551 0.620136 7.7e-05 -2.3e-05 6e-06 -0.07217 0.098609 -0.134142 0.744665 -3.556673 -10.628338 -0.873311 3.739953 -10.572492 -7.818728 -3.655526 15.06541 -68.519882 -6.009275 15.587936 0.488176 -26.259794 -0.438004 -3.175565 -4.800916 2.987179 -5.882108 9.86129 0.702591 -10.936875 -0.360575 7.156208 0.0 8.774829 -2e-06 -15.557313 17.897007 6.210364 -1.844033 2.498506 -2.507278 -10.163604 4.678947 4.62111 -20.976032 -3e-06 2e-06 -21.226295 2.451698 -3.594002 1e-06 -6e-06 -1e-06 -1.362682 2.240798 -0.746324 -21.334925 0.584909 3.008322 -13.821221 -2e-06 2e-06 -23.887182 -0.249079 -0.839483 -60.169937 2.312433 -1.166694 -0.294025 1.679689 0.833256 -14.218215 0.093214 1.30058 -34.212067 -0.287565 0.96717 -20.033222 0.964536 1.212845 -0.0 1e-06 -0.0 -3.440389 0.788234 0.501655 -15.928192 -3.167311 2.999707 -6.33883 -1e-06 1e-06 -18.123459 3.648183 -4.905674 -2e-06 0.0 -2e-06 5.875616 15.181867 11.726777 -78.811409 62.030891 -114.978371 -174.086227 62.081837 -176.909744 18.307442 -2.312936 11.142525 2.243542 -5.255037 -3.180159 14.282896 -0.826592 6.952506 -6e-06 -12.690607 1e-06 19.308075 -16.143345 1.898314 1.665666 -1.955921 -2.8783 4.727799 -4.170588 4.993927 11.02053 5e-06 -1e-06 12.109057 -3.735714 -2.866784 -0.0 1e-06 -0.0 1.291987 -1.928549 -1.498091 14.800138 0.567471 3.865609 14.242577 -1.341732 -6.660662 19.631975 0.14393 -0.648244 52.023945 -1.409229 -5.61015 0.353028 -1.511151 -0.03194 20.222801 3.684315 2.316631 18.787283 8e-06 2e-06 10.751633 -0.479867 1.397908 -0.0 -0.0 -0.0 3.273808 0.305949 -0.580114 21.486828 11.830384 2.266136 8.162931 4e-06 0.0 18.39909 -3.798982 -4.940572 3e-06 1e-06 -2e-06 8.444091 6.716787 6.716154 -0.005475 -0.101297 4.711793 -8.197657 -1.000836 -5.898868 1.662759 -1.973035 -0.43904 0.0 -0.0 2e-06 -2.296011 -2.880374 3.960213 -0.021723 0.095805 11.707355 5.985896 -17.934046 -11.485471 -1.453967 0.905902 0.418087 -0.0 -0.0 -1e-06 
0.0 0.0 0.0 0.0 -0.0 0.0 -0.787341 99.184418 -1.871344 0.111858 6.952795 -4.798981 0.9359 0.310454 -4.628127 0.064692 1.09413 -6.931221 0.857892 0.011858 14.15947 13.114843 -4.489041 10.696483 -0.34823 1.13208 -3.776948 3.436715 -3.461453 0.602541 7.7e-05 -2.2e-05 6e-06 -0.074554 0.100193 -0.13601 0.745602 -3.55723 -10.634315 -0.878931 3.743975 -10.585432 -7.765003 -3.611449 14.981887 -68.583733 -6.141243 15.767813 0.538746 -26.389172 -0.454567 -3.046319 -4.938159 3.253309 -5.882108 9.861288 0.702589 -10.936876 -0.360576 7.156206 1e-06 8.774829 -2e-06 -15.524412 17.899786 6.226489 -1.844033 2.498506 -2.507278 -10.163603 4.678946 4.621109 -20.976028 -5e-06 2e-06 -21.22629 2.451697 -3.594 1e-06 -6e-06 -1e-06 -1.362682 2.240799 -0.746321 -21.334923 0.584908 3.008322 -13.82122 -3e-06 1e-06 -23.887178 -0.249081 -0.839484 -60.100727 2.338704 -1.20913 -0.294024 1.679688 0.833255 -14.218214 0.093214 1.30058 -34.212063 -0.287566 0.96717 -20.033218 0.964536 1.212843 -0.0 -1e-06 0.0 -3.440389 0.788234 0.501655 -15.928191 -3.167311 2.999708 -6.33883 -2e-06 1e-06 -18.123457 3.648182 -4.905672 -3e-06 1e-06 -2e-06 5.662173 15.314906 11.704502 -80.362526 61.826054 -116.353584 -173.651535 62.933826 -176.57486 18.274384 -2.456112 11.197917 2.243543 -5.255041 -3.18016 14.282906 -0.826594 6.952512 -4e-06 -12.690614 -0.0 19.425476 -16.190481 1.885023 1.665667 -1.955923 -2.878302 4.727803 -4.170589 4.993929 11.020537 5e-06 -1e-06 12.109063 -3.735715 -2.866787 -0.0 -0.0 -0.0 1.291986 -1.92855 -1.498092 14.800148 0.56747 3.865613 14.242585 -1.341733 -6.660666 19.631987 0.14393 -0.648243 52.228542 -1.402716 -5.578701 0.35303 -1.511152 -0.031942 20.222815 3.684315 2.316635 18.787291 7e-06 3e-06 10.75164 -0.479869 1.39791 -0.0 -0.0 0.0 3.27381 0.305949 -0.58011 21.486841 11.830387 2.266138 8.162937 3e-06 0.0 18.399101 -3.798986 -4.940577 3e-06 0.0 -2e-06 8.364681 6.572096 6.713353 -0.005133 -0.110963 4.655689 -8.211525 -1.14745 -5.856819 1.667461 -1.976653 -0.437113 0.0 -0.0 2e-06 -2.360452 -3.021893 4.052887 -0.021316 0.100821 11.712013 6.060714 -18.105963 -11.570198 -1.455224 0.892488 0.456008 0.0 -0.0 -1e-06 
0.0 0.0 0.0 0.0 -0.0 0.0 -0.785279 99.183258 -1.854152 0.172616 7.255452 -4.824327 0.983501 0.305774 -4.622767 0.094966 1.10452 -6.923112 0.925061 0.096704 14.175804 13.19535 -4.515733 10.725389 -0.332642 1.309671 -3.793406 3.500686 -3.244879 0.572812 7.6e-05 -2.3e-05 6e-06 -0.078797 0.098879 -0.139947 0.741699 -3.561853 -10.646558 -0.883571 3.746377 -10.60302 -7.692589 -3.553243 14.911362 -68.667542 -6.284204 15.857186 0.574125 -26.570204 -0.47045 -2.895218 -5.103466 3.494102 -5.882107 9.861283 0.702591 -10.936872 -0.360574 7.156207 0.0 8.774824 -1e-06 -15.48995 17.906204 6.242063 -1.844032 2.498503 -2.507278 -10.163601 4.678945 4.621109 -20.976023 -3e-06 1e-06 -21.226288 2.451696 -3.594001 1e-06 -6e-06 -1e-06 -1.362681 2.240798 -0.746325 -21.334915 0.584911 3.008323 -13.821214 -2e-06 1e-06 -23.887173 -0.249077 -0.839484 -60.051735 2.36945 -1.251787 -0.294025 1.679687 0.833257 -14.21821 0.093217 1.300582 -34.212048 -0.287561 0.967167 -20.033215 0.964537 1.212842 1e-06 -0.0 -1e-06 -3.440389 0.788234 0.501654 -15.928189 -3.167308 2.999707 -6.338828 -1e-06 2e-06 -18.123449 3.648183 -4.905672 -4e-06 0.0 -2e-06 5.471605 15.427728 11.710024 -81.907143 61.715473 -117.752151 -173.630493 63.741478 -176.52301 18.232239 -2.533364 11.122167 2.243541 -5.255036 -3.180157 14.282887 -0.826593 6.9525 -2e-06 -12.6906 -0.0 19.501118 -16.228794 1.897574 1.665665 -1.95592 -2.878298 4.727799 -4.170588 4.993922 11.020524 5e-06 -2e-06 12.109052 -3.735716 -2.866783 -0.0 1e-06 -0.0 1.291986 -1.92855 -1.498088 14.800125 0.567467 3.865606 14.242568 -1.341736 -6.660657 19.631968 0.143925 -0.648244 52.380875 -1.410585 -5.530856 0.353031 -1.511152 -0.03194 20.222786 3.684309 2.316631 18.78727 5e-06 -1e-06 10.751625 -0.479869 1.397906 0.0 -0.0 0.0 3.273807 0.305947 -0.58011 21.486809 11.830369 2.266132 8.162926 1e-06 0.0 18.399078 -3.798982 -4.940575 3e-06 1e-06 -1e-06 8.286925 6.412521 6.73919 -0.005914 -0.118175 4.567508 -8.230826 -1.271752 -5.795415 1.670977 -1.984748 -0.461507 0.0 -0.0 2e-06 -2.418823 -3.123443 4.157502 -0.023405 0.103389 11.697909 6.156218 -18.291803 -11.653545 -1.455608 0.888424 0.481138 0.0 -0.0 -1e-06 
0.0 0.0 0.0 0.0 -0.0 0.0 -0.784901 99.179443 -1.837533 0.235514 7.521098 -4.866682 1.013464 0.313323 -4.608036 0.122245 1.113404 -6.918932 1.006876 0.192695 14.204996 13.266727 -4.579726 10.838215 -0.338829 1.458955 -3.81594 3.57439 -3.013227 0.55236 7.6e-05 -2.3e-05 6e-06 -0.084555 0.096329 -0.143259 0.735385 -3.566329 -10.658903 -0.888918 3.74616 -10.617585 -7.601887 -3.510494 14.897522 -68.770973 -6.43305 15.875021 0.5888 -26.815319 -0.473067 -2.701968 -5.294442 3.663735 -5.882106 9.861284 0.702591 -10.936872 -0.360575 7.156205 0.0 8.774825 -1e-06 -15.460427 17.887381 6.24423 -1.844032 2.498503 -2.507278 -10.1636 4.678945 4.621107 -20.976025 -4e-06 3e-06 -21.226288 2.451697 -3.593999 1e-06 -5e-06 -1e-06 -1.362682 2.240799 -0.746323 -21.334917 0.584908 3.008322 -13.821215 -3e-06 -0.0 -23.887171 -0.249082 -0.839485 -60.013191 2.383311 -1.278273 -0.294024 1.679687 0.833256 -14.218208 0.093214 1.300579 -34.212051 -0.287567 0.967167 -20.033213 0.964534 1.212842 0.0 -1e-06 0.0 -3.440389 0.788233 0.501655 -15.928189 -3.167311 2.999705 -6.338827 -1e-06 1e-06 -18.123449 3.648181 -4.905672 -3e-06 0.0 -2e-06 5.289857 15.524745 11.704344 -83.401665 61.747131 -119.132736 -174.163742 64.405884 -176.886505 18.210426 -2.470122 10.631289 2.243543 -5.255039 -3.18016 14.2829 -0.826596 6.952506 -3e-06 -12.690612 2e-06 19.560249 -16.238552 1.898718 1.665667 -1.955923 -2.878301 4.7278 -4.170589 4.993927 11.020531 5e-06 -2e-06 12.109058 -3.735717 -2.866786 0.0 1e-06 -0.0 1.291985 -1.928551 -1.498091 14.800136 0.56747 3.865609 14.242581 -1.341734 -6.660663 19.631979 0.143928 -0.648245 52.437576 -1.414782 -5.4786 0.353029 -1.511151 -0.03194 20.222801 3.684314 2.316631 18.787281 6e-06 1e-06 10.751634 -0.479868 1.397907 -0.0 0.0 -0.0 3.273809 0.305947 -0.580112 21.486828 11.830384 2.266133 8.162931 3e-06 0.0 18.399094 -3.798988 -4.940576 2e-06 0.0 -1e-06 8.21339 6.252603 6.78718 -0.008593 -0.11998 4.483725 -8.262116 -1.374565 -5.733174 1.673746 -2.002101 -0.484707 0.0 0.0 2e-06 -2.481612 -3.214144 4.264477 -0.026811 0.105181 11.710516 6.24878 -18.449419 -11.743655 -1.455279 0.88534 0.497084 -0.0 -0.0 -1e-06 
0.0 0.0 0.0 0.0 -0.0 0.0 -0.782973 99.173927 -1.82487 0.29151 7.73432 -4.919323 1.029974 0.331366 -4.585089 0.145904 1.12946 -6.913548 1.09922 0.275602 14.250397 13.322131 -4.645315 11.009768 -0.343526 1.588164 -3.836467 3.657912 -2.775978 0.53992 7.6e-05 -2.3e-05 6e-06 -0.088227 0.087772 -0.143165 0.730786 -3.574683 -10.664821 -0.892 3.738173 -10.623469 -7.497018 -3.477594 14.932261 -68.876228 -6.568758 15.90502 0.580265 -27.100361 -0.471929 -2.509142 -5.468868 3.693246 -5.882112 9.861292 0.70259 -10.936879 -0.360574 7.156209 -1e-06 8.77483 -3e-06 -15.41885 17.860735 6.262475 -1.844034 2.498507 -2.507278 -10.16361 4.678949 4.621109 -20.97604 -1e-06 1e-06 -21.226305 2.451701 -3.594006 -0.0 -6e-06 1e-06 -1.362683 2.240799 -0.746323 -21.33493 0.584913 3.008322 -13.821227 -1e-06 1e-06 -23.887188 -0.249077 -0.839487 -59.974949 2.384592 -1.27907 -0.294026 1.679688 0.833255 -14.218221 0.093215 1.300579 -34.212082 -0.287562 0.967167 -20.033234 0.964536 1.212843 0.0 0.0 0.0 -3.440391 0.788234 0.501655 -15.928196 -3.16731 2.999707 -6.338832 -0.0 1e-06 -18.123463 3.648185 -4.905677 -3e-06 0.0 -2e-06 5.147097 15.599973 11.72668 -84.863792 61.86618 -120.247299 -174.911591 64.825424 -177.354996 18.347939 -2.240395 9.735784 2.243541 -5.25504 -3.18016 14.2829 -0.826593 6.95251 -3e-06 -12.69061 -2e-06 19.59178 -16.229847 1.883621 1.665666 -1.955922 -2.8783 4.7278 -4.170588 4.993928 11.020534 4e-06 1e-06 12.109058 -3.735717 -2.866784 -0.0 1e-06 1e-06 1.291984 -1.928548 -1.498091 14.80014 0.567471 3.865615 14.242579 -1.341735 -6.660657 19.631977 0.143926 -0.64824 52.426525 -1.405917 -5.43259 0.353029 -1.511149 -0.031939 20.222803 3.684316 2.316637 18.787287 7e-06 4e-06 10.751636 -0.479868 1.397912 0.0 -0.0 -1e-06 3.273808 0.305949 -0.580111 21.486834 11.830381 2.266141 8.162933 3e-06 1e-06 18.399096 -3.798988 -4.940573 3e-06 1e-06 -2e-06 8.15022 6.086102 6.830427 -0.010458 -0.113841 4.433145 -8.299811 -1.433263 -5.670209 1.674073 -2.021168 -0.517639 0.0 -1e-06 2e-06 -2.547977 -3.337393 4.367067 -0.030364 0.114004 11.738489 6.310222 -18.527342 -11.819198 -1.455028 0.891914 0.49295 -0.0 -0.0 -1e-06 
0.0 0.0 0.0 0.0 -0.0 0.0 -0.781724 99.169861 -1.815296 0.331217 7.898311 -4.952601 1.03892 0.353856 -4.574421 0.163195 1.154569 -6.912059 1.193444 0.330433 14.311009 13.360979 -4.694813 11.19518 -0.332662 1.727791 -3.842423 3.737567 -2.563952 0.522934 7.7e-05 -2.3e-05 6e-06 -0.091786 0.082267 -0.136367 0.725349 -3.578544 -10.657408 -0.894038 3.732196 -10.615245 -7.36681 -3.441989 14.981755 -68.981308 -6.669395 16.051649 0.558151 -27.373947 -0.475787 -2.369479 -5.556946 3.622088 -5.88211 9.86129 0.702588 -10.93688 -0.360576 7.156208 1e-06 8.774831 -2e-06 -15.383154 17.845385 6.291639 -1.844034 2.498506 -2.507278 -10.16361 4.678947 4.621109 -20.976042 -5e-06 2e-06 -21.226305 2.451698 -3.594003 -0.0 -5e-06 1e-06 -1.362683 2.240799 -0.746325 -21.334932 0.584909 3.00832 -13.821226 -4e-06 -1e-06 -23.88719 -0.249082 -0.839483 -59.967121 2.383566 -1.267057 -0.294025 1.679689 0.833257 -14.218221 0.093214 1.300579 -34.212082 -0.287567 0.96717 -20.03323 0.964534 1.212844 0.0 -1e-06 0.0 -3.440391 0.788236 0.501655 -15.9282 -3.167313 2.999705 -6.338832 -2e-06 1e-06 -18.123461 3.648183 -4.905674 -3e-06 0.0 -3e-06 5.04836 15.640077 11.783589 -86.235146 62.021397 -120.879326 -175.50795 64.907021 -177.6492 18.754711 -1.849943 8.624452 2.243542 -5.255037 -3.180158 14.282896 -0.826595 6.952505 -4e-06 -12.690605 0.0 19.535997 -16.231415 1.888907 1.665667 -1.955921 -2.8783 4.7278 -4.170586 4.993925 11.02053 6e-06 -0.0 12.109056 -3.735715 -2.866785 -0.0 1e-06 1e-06 1.291985 -1.928548 -1.498088 14.800136 0.567468 3.865609 14.242579 -1.341734 -6.660658 19.631975 0.143928 -0.648245 52.386684 -1.381621 -5.406409 0.35303 -1.511152 -0.031941 20.222801 3.684313 2.316631 18.787283 7e-06 -3e-06 10.751634 -0.479869 1.397907 0.0 0.0 -1e-06 3.273807 0.305946 -0.58011 21.486822 11.830378 2.266131 8.162929 3e-06 -1e-06 18.399088 -3.798982 -4.940575 2e-06 -1e-06 -3e-06 8.103345 5.929296 6.832677 -0.006646 -0.101979 4.426207 -8.348034 -1.465537 -5.61167 1.671772 -2.044123 -0.544661 -0.0 0.0 2e-06 -2.605867 -3.490025 4.435589 -0.03214 0.127268 11.758158 6.341968 -18.527992 -11.867319 -1.454658 0.907706 0.480605 -0.0 0.0 -1e-06 
0.0 0.0 0.0 0.0 -0.0 0.0 -0.787609 99.165932 -1.810484 0.35269 8.012033 -4.953179 1.045159 0.37552 -4.581279 0.170279 1.17858 -6.914969 1.28586 0.346669 14.372802 13.357441 -4.736561 11.379151 -0.284088 1.898646 -3.826312 3.778647 -2.356299 0.506875 7.7e-05 -2.2e-05 6e-06 -0.092919 0.0781 -0.124543 0.722097 -3.580185 -10.638794 -0.893378 3.726658 -10.59471 -7.208672 -3.415246 15.01094 -69.110611 -6.697603 16.331486 0.531703 -27.554333 -0.476722 -2.323336 -5.530554 3.632468 -5.882108 9.861288 0.702592 -10.936877 -0.360576 7.156211 1e-06 8.774828 -1e-06 -15.366396 17.853062 6.319325 -1.844032 2.498505 -2.507279 -10.163604 4.678945 4.621111 -20.976034 -5e-06 4e-06 -21.226299 2.451696 -3.593999 -0.0 -5e-06 1e-06 -1.362682 2.240798 -0.746323 -21.334925 0.584909 3.008326 -13.821221 -3e-06 3e-06 -23.887178 -0.249079 -0.839483 -59.994137 2.386607 -1.265357 -0.294024 1.679687 0.833256 -14.218215 0.093214 1.300581 -34.212067 -0.287563 0.967171 -20.033226 0.964537 1.212845 0.0 -0.0 0.0 -3.440389 0.788232 0.501656 -15.928194 -3.167311 2.999708 -6.33883 -1e-06 2e-06 -18.123455 3.648182 -4.90567 -3e-06 0.0 -2e-06 4.980547 15.657602 11.862791 -87.474823 62.193108 -121.083069 -175.932571 64.696625 -177.762726 19.434063 -1.23894 7.309715 2.243543 -5.255038 -3.180158 14.282898 -0.826594 6.952503 -5e-06 -12.690612 1e-06 19.394316 -16.252977 1.913002 1.665668 -1.95592 -2.878302 4.7278 -4.17059 4.993926 11.020534 7e-06 -2e-06 12.109059 -3.735714 -2.866786 -0.0 1e-06 -0.0 1.291985 -1.928549 -1.49809 14.800138 0.567472 3.865605 14.242583 -1.341733 -6.660663 19.631985 0.143931 -0.648247 52.34927 -1.33373 -5.394952 0.353029 -1.511151 -0.03194 20.222803 3.684313 2.316627 18.787287 9e-06 -3e-06 10.751634 -0.479867 1.397906 0.0 -0.0 -1e-06 3.273809 0.305947 -0.58011 21.486828 11.830388 2.266129 8.16293 3e-06 -2e-06 18.399094 -3.798982 -4.940579 2e-06 -1e-06 -3e-06 8.071547 5.787332 6.767467 0.001548 -0.090505 4.495513 -8.396276 -1.464582 -5.591999 1.667011 -2.066538 -0.556481 0.0 0.0 2e-06 -2.651341 -3.669555 4.438612 -0.029307 0.130992 11.795918 6.342367 -18.448206 -11.897885 -1.453654 0.925998 0.474655 0.0 -0.0 -1e-06 
0.0 0.0 0.0 0.0 -0.0 0.0 -0.802194 99.164406 -1.806425 0.357027 8.077758 -4.923089 1.051864 0.389063 -4.595875 0.167094 1.20502 -6.924266 1.369984 0.322036 14.421206 13.330143 -4.754646 11.540609 -0.207743 2.088617 -3.793513 3.79876 -2.151411 0.508604 7.7e-05 -2.3e-05 6e-06 -0.091311 0.078887 -0.11458 0.722747 -3.576247 -10.616874 -0.890856 3.725245 -10.571299 -7.047596 -3.392168 15.018476 -69.248421 -6.644199 16.726137 0.510159 -27.642004 -0.467587 -2.391553 -5.384621 3.877963 -5.88211 9.86129 0.702591 -10.936878 -0.360575 7.156209 0.0 8.77483 -1e-06 -15.369203 17.870413 6.340149 -1.844033 2.498503 -2.50728 -10.163604 4.678946 4.62111 -20.976034 -4e-06 2e-06 -21.226297 2.451698 -3.594001 1e-06 -6e-06 0.0 -1.362682 2.240799 -0.746325 -21.334929 0.584908 3.008324 -13.821221 -3e-06 2e-06 -23.887184 -0.249081 -0.839484 -60.059834 2.393623 -1.252026 -0.294025 1.679687 0.833256 -14.218217 0.093214 1.300581 -34.212074 -0.287565 0.967172 -20.03323 0.964536 1.212845 0.0 1e-06 0.0 -3.440391 0.788235 0.501655 -15.928198 -3.167311 2.999707 -6.33883 -0.0 1e-06 -18.123457 3.648184 -4.905674 -4e-06 0.0 -3e-06 4.941173 15.684834 11.950763 -88.506157 62.342628 -120.968948 -176.159256 64.306778 -177.764175 20.119263 -0.523096 6.093363 2.243541 -5.255036 -3.180161 14.282896 -0.826592 6.952508 -6e-06 -12.690605 0.0 19.226505 -16.296402 1.9478 1.665667 -1.955922 -2.8783 4.727799 -4.170588 4.993928 11.020528 7e-06 -1e-06 12.109056 -3.735714 -2.866783 -1e-06 1e-06 -0.0 1.291986 -1.92855 -1.498091 14.800134 0.567472 3.865611 14.242577 -1.341734 -6.660657 19.631975 0.14393 -0.648239 52.338303 -1.270288 -5.402872 0.353028 -1.51115 -0.031939 20.222795 3.684316 2.316636 18.787275 9e-06 4e-06 10.751631 -0.479868 1.397908 -1e-06 1e-06 -1e-06 3.273808 0.305947 -0.580111 21.486824 11.830382 2.266136 8.16293 1e-06 0.0 18.399088 -3.798986 -4.94057 1e-06 -2e-06 -3e-06 8.061821 5.68895 6.671459 0.009451 -0.086205 4.577189 -8.416149 -1.455264 -5.680693 1.662609 -2.074346 -0.553711 0.0 0.0 2e-06 -2.679466 -3.865119 4.399105 -0.026179 0.122391 11.824568 6.31728 -18.316399 -11.903886 -1.451099 0.937415 0.466397 -0.0 -0.0 -1e-06 
0.0 0.0 0.0 0.0 -0.0 0.0 -0.822314 99.17067 -1.801589 0.355201 8.115221 -4.884569 1.058446 0.388196 -4.603076 0.161521 1.234812 -6.943031 1.43282 0.285524 14.457378 13.317199 -4.741861 11.637714 -0.123589 2.280258 -3.756502 3.819507 -1.961846 0.492387 7.7e-05 -2.3e-05 6e-06 -0.088925 0.082825 -0.109806 0.726049 -3.570995 -10.602229 -0.889096 3.728193 -10.554973 -6.929891 -3.382694 14.9903 -69.344978 -6.500555 17.171 0.493533 -27.684002 -0.453506 -2.54364 -5.177944 4.215889 -5.882105 9.861285 0.70259 -10.936872 -0.360575 7.156204 1e-06 8.774825 -0.0 -15.376261 17.879044 6.345225 -1.844032 2.498504 -2.507277 -10.163599 4.678944 4.621109 -20.976021 -3e-06 4e-06 -21.226282 2.451698 -3.593999 1e-06 -6e-06 0.0 -1.362681 2.240798 -0.746324 -21.334913 0.584909 3.008325 -13.821215 -2e-06 3e-06 -23.887171 -0.249078 -0.839481 -60.102203 2.373925 -1.239026 -0.294025 1.679687 0.833256 -14.218207 0.093214 1.300582 -34.212048 -0.287565 0.967172 -20.033213 0.964536 1.212844 1e-06 1e-06 -1e-06 -3.440388 0.788233 0.501655 -15.928185 -3.167311 2.999707 -6.338826 -1e-06 0.0 -18.123444 3.648182 -4.905669 -3e-06 0.0 -2e-06 4.883173 15.721277 11.995126 -89.208443 62.482258 -120.783836 -176.340195 63.893215 -177.871063 20.493301 0.107148 5.021873 2.243541 -5.255034 -3.180159 14.282888 -0.826595 6.952501 -5e-06 -12.690604 -0.0 19.113264 -16.344538 1.997684 1.665666 -1.95592 -2.8783 4.727797 -4.170585 4.993925 11.020524 4e-06 0.0 12.109051 -3.735714 -2.866784 -0.0 0.0 1e-06 1.291986 -1.928549 -1.498089 14.800129 0.56747 3.865608 14.242571 -1.341735 -6.660657 19.631962 0.143928 -0.648244 52.342251 -1.214906 -5.412856 0.353029 -1.511149 -0.031941 20.222788 3.684313 2.316631 18.78727 8e-06 1e-06 10.751627 -0.479868 1.397908 -1e-06 1e-06 -1e-06 3.273806 0.305948 -0.580111 21.486811 11.830377 2.266133 8.162927 3e-06 -0.0 18.39908 -3.798982 -4.940574 2e-06 0.0 -2e-06 8.06212 5.63853 6.643754 0.015352 -0.091786 4.529016 -8.403938 -1.440246 -5.641293 1.659506 -2.063375 -0.5323 0.0 0.0 2e-06 -2.694368 -4.05092 4.385004 -0.02722 0.112355 11.782003 6.280962 -18.189823 -11.868169 -1.447937 0.944919 0.469836 0.0 -0.0 -1e-06 
0.0 0.0 0.0 0.0 -0.0 0.0 -0.845027 99.176285 -1.788594 0.351866 8.136704 -4.851168 1.064509 0.379517 -4.591677 0.159147 1.259567 -6.965473 1.465629 0.261181 14.469845 13.312398 -4.711468 11.676305 -0.045969 2.451393 -3.73409 3.847973 -1.777626 0.408092 7.7e-05 -2.3e-05 6e-06 -0.088592 0.097914 -0.111712 0.730179 -3.557328 -10.605678 -0.892154 3.744437 -10.558423 -6.862793 -3.368731 14.926909 -69.391914 -6.30286 17.605417 0.501232 -27.709923 -0.452235 -2.748802 -4.979879 4.497341 -5.882109 9.861288 0.702589 -10.936877 -0.360575 7.156206 2e-06 8.774828 -1e-06 -15.387515 17.866795 6.341816 -1.844033 2.498504 -2.507278 -10.163604 4.678946 4.621107 -20.976036 -5e-06 1e-06 -21.226295 2.451696 -3.594001 1e-06 -5e-06 0.0 -1.362682 2.240798 -0.746323 -21.334925 0.584908 3.00832 -13.821221 -4e-06 -1e-06 -23.887184 -0.249083 -0.839485 -60.124928 2.337417 -1.21279 -0.294025 1.679687 0.833256 -14.218215 0.093214 1.300578 -34.212067 -0.287567 0.967167 -20.033222 0.964535 1.212843 1e-06 1e-06 0.0 -3.44039 0.788233 0.501656 -15.928194 -3.167311 2.999706 -6.338829 -1e-06 0.0 -18.123457 3.648181 -4.905672 -3e-06 1e-06 -0.0 4.780676 15.781927 11.96697 -89.430824 62.582981 -120.597549 -176.632919 63.609909 -178.142258 20.512753 0.725995 3.887061 2.243541 -5.255036 -3.180158 14.282898 -0.826596 6.952507 -7e-06 -12.690608 3e-06 19.074448 -16.385366 2.038852 1.665667 -1.955922 -2.878299 4.727801 -4.170586 4.993927 11.020529 5e-06 0.0 12.109055 -3.735714 -2.866781 1e-06 1e-06 0.0 1.291985 -1.92855 -1.498091 14.800138 0.56747 3.865612 14.242575 -1.341735 -6.660659 19.631975 0.143926 -0.648241 52.35125 -1.182893 -5.418015 0.353029 -1.51115 -0.031939 20.222801 3.684313 2.316632 18.787283 6e-06 2e-06 10.751634 -0.479868 1.397907 -1e-06 2e-06 -1e-06 3.273808 0.305948 -0.580111 21.486822 11.830379 2.266136 8.16293 1e-06 1e-06 18.39909 -3.798987 -4.940574 3e-06 0.0 -2e-06 8.064467 5.602411 6.644879 0.017568 -0.098623 4.458771 -8.378597 -1.414963 -5.605536 1.657829 -2.045439 -0.503833 -0.0 0.0 2e-06 -2.700529 -4.214301 4.382987 -0.029194 0.107369 11.733586 6.259348 -18.081108 -11.840348 -1.446243 0.944757 0.478191 0.0 -0.0 -1e-06 
0.0 0.0 0.0 0.0 -0.0 0.0 -0.869474 99.182564 -1.767163 0.355177 8.136345 -4.812454 1.071747 0.369255 -4.586048 0.154175 1.270274 -6.980449 1.475705 0.270988 14.459986 13.32349 -4.667233 11.625082 0.004284 2.573984 -3.727361 3.886406 -1.612488 0.280913 7.6e-05 -2.2e-05 6e-06 -0.088578 0.115836 -0.117446 0.734997 -3.542553 -10.617887 -0.896634 3.7651 -10.571033 -6.853457 -3.353684 14.861029 -69.382362 -6.108983 17.936035 0.516196 -27.721556 -0.450665 -2.978846 -4.816012 4.636628 -5.882109 9.861293 0.702591 -10.936878 -0.360576 7.156209 1e-06 8.774831 -1e-06 -15.391585 17.842859 6.338973 -1.844034 2.498506 -2.507277 -10.163606 4.678947 4.62111 -20.976038 -5e-06 2e-06 -21.226299 2.451698 -3.594002 1e-06 -5e-06 -1e-06 -1.362682 2.2408 -0.746325 -21.334929 0.584909 3.008324 -13.821225 -3e-06 2e-06 -23.887184 -0.24908 -0.839483 -60.131641 2.311419 -1.195616 -0.294025 1.679689 0.833257 -14.218217 0.093214 1.30058 -34.21207 -0.287567 0.967169 -20.033228 0.964533 1.212845 -0.0 -1e-06 0.0 -3.440391 0.788234 0.501656 -15.928196 -3.167313 2.999708 -6.33883 -1e-06 1e-06 -18.123457 3.648185 -4.905673 -3e-06 0.0 -1e-06 4.630499 15.885485 11.889962 -89.234367 62.522583 -120.281914 -176.767548 63.586773 -178.365265 20.39554 1.462034 2.720269 2.243541 -5.255038 -3.18016 14.2829 -0.826592 6.952509 -7e-06 -12.69061 1e-06 19.05508 -16.414938 2.071691 1.665667 -1.955923 -2.878302 4.727801 -4.170588 4.993928 11.020534 8e-06 -2e-06 12.109058 -3.735715 -2.866786 -0.0 1e-06 0.0 1.291987 -1.928551 -1.498091 14.800138 0.567475 3.865612 14.242579 -1.341732 -6.660659 19.631983 0.143931 -0.648241 52.336441 -1.160475 -5.407275 0.353028 -1.511153 -0.031941 20.222807 3.684316 2.316635 18.787287 9e-06 2e-06 10.751636 -0.479868 1.39791 -0.0 2e-06 -1e-06 3.273809 0.305946 -0.580111 21.486832 11.830384 2.266135 8.162934 3e-06 2e-06 18.399092 -3.798982 -4.940574 4e-06 0.0 -1e-06 8.061575 5.578341 6.687813 0.017611 -0.104232 4.324543 -8.359824 -1.359954 -5.549641 1.657715 -2.028122 -0.49209 0.0 -0.0 2e-06 -2.703876 -4.340147 4.376123 -0.030204 0.109327 11.687876 6.229489 -17.980303 -11.816847 -1.446631 0.936226 0.480045 -0.0 -0.0 -1e-06 
0.0 0.0 0.0 0.0 -0.0 0.0 -0.897144 99.192047 -1.743742 0.366621 8.114564 -4.758772 1.084648 0.370411 -4.60132 0.140113 1.277535 -6.98667 1.465152 0.302243 14.432566 13.364499 -4.618733 11.47815 0.018525 2.647444 -3.730905 3.936162 -1.501272 0.158538 7.6e-05 -2.2e-05 6e-06 -0.089427 0.124748 -0.122465 0.735776 -3.537685 -10.631799 -0.899073 3.77805 -10.585912 -6.887471 -3.322761 14.816805 -69.328133 -5.997313 18.129166 0.509445 -27.689548 -0.434481 -3.205267 -4.684423 4.693569 -5.882103 9.861281 0.702589 -10.936868 -0.360575 7.156204 1e-06 8.774822 -1e-06 -15.410769 17.823681 6.329046 -1.844032 2.498505 -2.507277 -10.163595 4.678944 4.621107 -20.976017 -3e-06 1e-06 -21.226276 2.451695 -3.594001 1e-06 -6e-06 -1e-06 -1.362681 2.240798 -0.746324 -21.334906 0.584908 3.008321 -13.821209 -2e-06 1e-06 -23.887157 -0.249079 -0.839483 -60.134624 2.304716 -1.182257 -0.294025 1.679687 0.833256 -14.218203 0.093214 1.30058 -34.212036 -0.287566 0.96717 -20.033209 0.964535 1.212842 1e-06 1e-06 -1e-06 -3.440387 0.788234 0.501656 -15.928181 -3.167308 2.999705 -6.338824 -1e-06 2e-06 -18.123444 3.64818 -4.90567 -3e-06 0.0 -1e-06 4.46151 16.03808 11.806094 -88.725815 62.227661 -119.773026 -176.631638 63.819416 -178.403503 20.247124 2.328045 1.443066 2.243539 -5.255034 -3.180157 14.282889 -0.826594 6.952507 -4e-06 -12.690603 1e-06 18.997553 -16.43861 2.107631 1.665666 -1.955922 -2.878299 4.727798 -4.170589 4.993926 11.020524 3e-06 2e-06 12.10905 -3.735716 -2.866781 -0.0 1e-06 0.0 1.291985 -1.92855 -1.498089 14.800127 0.567467 3.865611 14.242568 -1.341737 -6.660655 19.631968 0.143924 -0.648241 52.23634 -1.130766 -5.397362 0.353028 -1.51115 -0.031939 20.222794 3.684309 2.316634 18.787273 3e-06 4e-06 10.751629 -0.47987 1.397908 -1e-06 1e-06 -1e-06 3.273806 0.305948 -0.58011 21.486816 11.830374 2.266139 8.16293 -1e-06 2e-06 18.399086 -3.798985 -4.940572 4e-06 -0.0 0.0 8.05186 5.549927 6.76527 0.017145 -0.103067 4.110315 -8.340046 -1.281482 -5.454129 1.659321 -2.017405 -0.479725 0.0 0.0 2e-06 -2.70785 -4.43356 4.358409 -0.03221 0.114753 11.638774 6.193939 -17.901613 -11.788854 -1.448542 0.918046 0.482316 0.0 -0.0 -1e-06 
0.0 0.0 0.0 0.0 -0.0 0.0 -0.928763 99.193535 -1.715716 0.372484 8.089107 -4.700382 1.103706 0.373247 -4.630293 0.124717 1.290701 -6.972208 1.444496 0.32799 14.375323 13.433303 -4.577465 11.261868 0.015009 2.657729 -3.74058 3.982071 -1.427459 0.049114 7.8e-05 -2.2e-05 6e-06 -0.091529 0.116743 -0.123606 0.731855 -3.547271 -10.637243 -0.899587 3.772007 -10.594068 -6.930604 -3.281446 14.789992 -69.266212 -5.977418 18.223991 0.4772 -27.617191 -0.39888 -3.40125 -4.577854 4.743686 -5.88211 9.861287 0.70259 -10.936875 -0.360573 7.156204 -1e-06 8.774825 -1e-06 -15.448698 17.82884 6.319311 -1.844033 2.498505 -2.507278 -10.163604 4.678948 4.62111 -20.976032 0.0 2e-06 -21.226295 2.4517 -3.594002 1e-06 -7e-06 -2e-06 -1.362682 2.240799 -0.746324 -21.334921 0.584914 3.008324 -13.821219 -1e-06 0.0 -23.88718 -0.249076 -0.839488 -60.140324 2.326029 -1.173147 -0.294025 1.679687 0.833256 -14.218214 0.093217 1.30058 -34.212059 -0.287559 0.967166 -20.03322 0.964537 1.21284 1e-06 1e-06 0.0 -3.440389 0.788233 0.501656 -15.928192 -3.167308 2.999706 -6.338829 1e-06 3e-06 -18.123453 3.648186 -4.905674 -3e-06 0.0 -1e-06 4.281554 16.229008 11.681996 -87.989555 61.797966 -119.073814 -176.267242 64.288902 -178.235733 20.040453 3.245629 -0.000283 2.243542 -5.255037 -3.180159 14.282896 -0.826595 6.952508 -4e-06 -12.690605 0.0 18.894642 -16.479437 2.148082 1.665666 -1.955921 -2.8783 4.727801 -4.170584 4.993927 11.020529 5e-06 1e-06 12.109055 -3.735713 -2.866783 -1e-06 1e-06 0.0 1.291986 -1.92855 -1.49809 14.800134 0.567468 3.865613 14.242577 -1.341734 -6.660657 19.631973 0.143925 -0.648242 52.097473 -1.093454 -5.392615 0.353028 -1.511149 -0.031941 20.222801 3.684311 2.316635 18.787281 5e-06 4e-06 10.751633 -0.479868 1.397909 -2e-06 0.0 -1e-06 3.273807 0.305948 -0.580111 21.486826 11.830374 2.266139 8.16293 2e-06 1e-06 18.399088 -3.798985 -4.940572 3e-06 -0.0 -1e-06 8.056394 5.528491 6.775948 0.014907 -0.097137 4.017694 -8.325153 -1.230192 -5.424197 1.661571 -2.015036 -0.478076 0.0 0.0 2e-06 -2.705362 -4.537533 4.302452 -0.037054 0.120172 11.660661 6.174222 -17.817677 -11.800762 -1.450457 0.896224 0.470335 0.0 -0.0 -1e-06 
0.0 0.0 0.0 0.0 -0.0 0.0 -0.966566 99.1922 -1.683231 0.367012 8.079152 -4.646969 1.121011 0.373215 -4.662223 0.120805 1.320181 -6.94841 1.415561 0.330126 14.302008 13.523788 -4.548239 11.011126 -0.001081 2.595956 -3.758169 4.038356 -1.407124 -0.056198 7.8e-05 -2.2e-05 6e-06 -0.094816 0.098718 -0.123347 0.724108 -3.564318 -10.634599 -0.898802 3.753605 -10.594822 -6.975276 -3.254065 14.751482 -69.18956 -6.01141 18.275721 0.4376 -27.542952 -0.363052 -3.577332 -4.49593 4.778203 -5.882111 9.861292 0.70259 -10.936877 -0.360573 7.156205 -2e-06 8.77483 -2e-06 -15.483733 17.845381 6.310381 -1.844034 2.498507 -2.507278 -10.163604 4.67895 4.621109 -20.976034 1e-06 -1e-06 -21.226297 2.451703 -3.594005 2e-06 -6e-06 -1e-06 -1.362682 2.240799 -0.746324 -21.334923 0.584914 3.008322 -13.821221 -0.0 -0.0 -23.88718 -0.249075 -0.839488 -60.13522 2.360246 -1.174831 -0.294025 1.679687 0.833258 -14.218215 0.093219 1.300578 -34.212067 -0.287559 0.967164 -20.033226 0.964538 1.212839 0.0 -1e-06 0.0 -3.44039 0.788234 0.501655 -15.928192 -3.167309 2.999707 -6.338829 -0.0 2e-06 -18.123455 3.648188 -4.905675 -3e-06 0.0 -1e-06 4.116775 16.422312 11.550675 -87.017845 61.268635 -118.111404 -175.615631 64.995071 -177.800827 19.648842 4.137797 -1.590036 2.24354 -5.255038 -3.180157 14.282896 -0.826594 6.952508 -4e-06 -12.690605 1e-06 18.760208 -16.567947 2.204533 1.665666 -1.95592 -2.878298 4.727801 -4.170589 4.993926 11.020531 5e-06 0.0 12.109056 -3.735715 -2.866783 1e-06 1e-06 0.0 1.291985 -1.928549 -1.498089 14.800138 0.56747 3.865611 14.242578 -1.341734 -6.660657 19.631975 0.143924 -0.648241 52.003654 -1.061483 -5.387748 0.353028 -1.51115 -0.03194 20.222801 3.684311 2.316636 18.787279 6e-06 4e-06 10.751633 -0.479869 1.397909 -1e-06 -1e-06 -1e-06 3.273808 0.305947 -0.580111 21.486828 11.830379 2.266138 8.16293 1e-06 0.0 18.399092 -3.798985 -4.940572 2e-06 -1e-06 -1e-06 8.081956 5.518408 6.759045 0.011953 -0.091605 3.981778 -8.327693 -1.19269 -5.421015 1.662997 -2.026545 -0.50995 0.0 0.0 2e-06 -2.692472 -4.65838 4.253561 -0.041688 0.127281 11.68086 6.158324 -17.731279 -11.817131 -1.452453 0.874215 0.434132 0.0 -0.0 -1e-06 
0.0 0.0 0.0 0.0 -0.0 0.0 -1.003079 99.18924 -1.637422 0.353872 8.075731 -4.596992 1.13151 0.371603 -4.694467 0.117978 1.358571 -6.926353 1.391943 0.309253 14.221424 13.650487 -4.542396 10.752708 -0.019202 2.489447 -3.770814 4.109406 -1.44306 -0.155308 7.8e-05 -2.2e-05 6e-06 -0.099108 0.077712 -0.123347 0.712467 -3.582144 -10.626341 -0.896002 3.73032 -10.59032 -7.020755 -3.234921 14.697903 -69.089775 -6.088896 18.356375 0.391908 -27.490068 -0.339232 -3.699494 -4.437253 4.781734 -5.882108 9.861289 0.702591 -10.936877 -0.360575 7.156208 1e-06 8.774829 -2e-06 -15.494061 17.860313 6.300161 -1.844032 2.498505 -2.507279 -10.163604 4.678946 4.621109 -20.97603 -5e-06 3e-06 -21.226295 2.451698 -3.593999 1e-06 -6e-06 -2e-06 -1.362682 2.240798 -0.746323 -21.334921 0.584908 3.008323 -13.82122 -4e-06 1e-06 -23.88718 -0.24908 -0.839482 -60.103123 2.392045 -1.202204 -0.294025 1.679688 0.833256 -14.218214 0.093214 1.300581 -34.212067 -0.287566 0.967173 -20.033222 0.964537 1.212844 -0.0 1e-06 0.0 -3.44039 0.788234 0.501656 -15.928192 -3.167311 2.999709 -6.33883 -2e-06 3e-06 -18.123453 3.648184 -4.905672 -3e-06 1e-06 -0.0 3.995166 16.623627 11.45005 -85.750099 60.658611 -116.777962 -174.604218 65.943329 -176.987015 18.988686 4.955343 -3.243059 2.243541 -5.255035 -3.180159 14.282898 -0.826592 6.952505 -6e-06 -12.690603 1e-06 18.591997 -16.739309 2.296204 1.665667 -1.95592 -2.878301 4.7278 -4.170586 4.993926 11.020534 6e-06 -2e-06 12.109059 -3.735714 -2.866783 1e-06 -1e-06 -0.0 1.291985 -1.928549 -1.498091 14.800138 0.567472 3.865608 14.24258 -1.341731 -6.660658 19.631981 0.143929 -0.648243 51.947689 -1.038205 -5.400406 0.353029 -1.51115 -0.03194 20.222805 3.684314 2.316631 18.787287 9e-06 -0.0 10.751636 -0.479867 1.397908 -1e-06 -0.0 -0.0 3.273808 0.305948 -0.580111 21.48683 11.830383 2.266132 8.162931 5e-06 -1e-06 18.399094 -3.798982 -4.940574 2e-06 0.0 -1e-06 8.121889 5.509167 6.738151 0.008358 -0.094477 3.964153 -8.33615 -1.157079 -5.430862 1.663763 -2.052438 -0.566563 0.0 0.0 2e-06 -2.67076 -4.769838 4.220802 -0.042668 0.130253 11.681233 6.152509 -17.644793 -11.837943 -1.452965 0.85179 0.372679 0.0 0.0 -1e-06 
0.0 0.0 0.0 0.0 -0.0 0.0 -1.033781 99.181236 -1.585571 0.329411 8.067763 -4.555301 1.130186 0.369159 -4.722588 0.110569 1.384784 -6.909488 1.383988 0.299156 14.132638 13.817112 -4.595151 10.503668 -0.014074 2.386322 -3.773608 4.20638 -1.549919 -0.203471 7.7e-05 -2.2e-05 6e-06 -0.105713 0.064147 -0.122412 0.696375 -3.591383 -10.61176 -0.893026 3.712815 -10.577862 -7.064062 -3.233029 14.636514 -68.973274 -6.186249 18.460728 0.357829 -27.475264 -0.32899 -3.748309 -4.423423 4.794783 -5.882111 9.861292 0.702592 -10.936877 -0.360573 7.156208 -2e-06 8.774831 -0.0 -15.477058 17.865438 6.275385 -1.844034 2.498507 -2.507278 -10.163607 4.67895 4.62111 -20.976034 1e-06 1e-06 -21.226301 2.451702 -3.594006 1e-06 -6e-06 -1e-06 -1.362682 2.240799 -0.746323 -21.334925 0.584915 3.008323 -13.82122 0.0 2e-06 -23.887182 -0.249074 -0.839485 -60.059494 2.412077 -1.279494 -0.294026 1.679689 0.833256 -14.218216 0.093218 1.300581 -34.212067 -0.287559 0.967167 -20.033226 0.964538 1.212843 -1e-06 -0.0 1e-06 -3.440391 0.788235 0.501656 -15.928192 -3.16731 2.999708 -6.338829 0.0 2e-06 -18.123457 3.648189 -4.905677 -3e-06 0.0 -1e-06 3.912966 16.837854 11.352735 -84.080956 60.063251 -115.107147 -173.340057 67.201462 -175.895782 18.139507 5.664976 -5.003569 2.243541 -5.255037 -3.180159 14.282892 -0.826593 6.952505 -3e-06 -12.690607 1e-06 18.428469 -16.967556 2.394753 1.665667 -1.955922 -2.8783 4.727799 -4.170587 4.993925 11.020528 6e-06 -2e-06 12.109055 -3.735713 -2.866784 0.0 -1e-06 -1e-06 1.291985 -1.928551 -1.49809 14.800132 0.567471 3.86561 14.242572 -1.341733 -6.660658 19.631969 0.143929 -0.648242 51.870052 -1.014375 -5.442285 0.353029 -1.511151 -0.031941 20.222795 3.684313 2.316633 18.787275 8e-06 2e-06 10.75163 -0.479867 1.397909 -1e-06 -1e-06 0.0 3.273807 0.305948 -0.580111 21.48682 11.830379 2.266135 8.162928 1e-06 0.0 18.399088 -3.798985 -4.940572 2e-06 -0.0 -3e-06 8.17663 5.506558 6.686649 0.005021 -0.109639 4.034975 -8.352522 -1.132237 -5.494813 1.664094 -2.084946 -0.603187 0.0 -0.0 2e-06 -2.6376 -4.867876 4.188273 -0.039233 0.126411 11.697681 6.153018 -17.536261 -11.874726 -1.451032 0.834382 0.303639 0.0 -0.0 -1e-06 
0.0 0.0 0.0 0.0 -0.0 0.0 -1.067064 99.172905 -1.536235 0.293167 8.044583 -4.528774 1.119793 0.354767 -4.734234 0.099165 1.386592 -6.895181 1.378786 0.318645 14.043885 14.064959 -4.725167 10.240314 0.007511 2.275376 -3.775244 4.30717 -1.708216 -0.174399 7.8e-05 -2.2e-05 6e-06 -0.108951 0.060738 -0.124282 0.684465 -3.589554 -10.598057 -0.887149 3.704344 -10.567566 -7.118101 -3.231779 14.617698 -68.805962 -6.34635 18.590576 0.329107 -27.504879 -0.305378 -3.66374 -4.491853 4.806456 -5.882112 9.861294 0.70259 -10.936881 -0.360576 7.156209 2e-06 8.774833 1e-06 -15.418075 17.839258 6.257836 -1.844034 2.498506 -2.507279 -10.16361 4.678948 4.621111 -20.976044 -5e-06 1e-06 -21.226305 2.451697 -3.594003 1e-06 -7e-06 -2e-06 -1.362683 2.2408 -0.746324 -21.334932 0.584908 3.008322 -13.821227 -4e-06 1e-06 -23.887192 -0.249082 -0.839484 -59.989368 2.413354 -1.372461 -0.294024 1.679688 0.833256 -14.218224 0.093214 1.30058 -34.212082 -0.287568 0.96717 -20.033232 0.964535 1.212845 -1e-06 -0.0 0.0 -3.440392 0.788234 0.501656 -15.928203 -3.167314 2.999708 -6.338833 -2e-06 -1e-06 -18.123461 3.648185 -4.905674 -4e-06 0.0 -1e-06 3.892215 17.046251 11.29099 -81.976562 59.431362 -113.154358 -171.780396 68.918076 -174.470444 17.057041 6.20165 -6.775233 2.243542 -5.255038 -3.180161 14.282898 -0.826594 6.952509 -5e-06 -12.690609 1e-06 18.326189 -17.238434 2.452072 1.665667 -1.955922 -2.878302 4.727801 -4.170589 4.993927 11.020532 7e-06 -1e-06 12.109058 -3.735713 -2.866786 0.0 -1e-06 -1e-06 1.291986 -1.928547 -1.498092 14.800139 0.56747 3.865613 14.242579 -1.341732 -6.660661 19.631981 0.143927 -0.648241 51.78289 -1.005923 -5.528997 0.353029 -1.511152 -0.031941 20.222803 3.684314 2.316632 18.787283 8e-06 2e-06 10.751634 -0.479868 1.397909 0.0 -1e-06 -0.0 3.273809 0.305946 -0.58011 21.486832 11.830382 2.266137 8.162931 2e-06 0.0 18.399092 -3.798984 -4.940573 2e-06 -1e-06 -2e-06 8.251282 5.520888 6.650215 0.003718 -0.128793 4.115705 -8.378908 -1.128082 -5.563758 1.666132 -2.107619 -0.610693 0.0 0.0 2e-06 -2.66602 -4.927626 4.216596 -0.029898 0.123658 11.695255 6.23258 -17.416563 -11.887868 -1.447257 0.829486 0.243462 0.0 -0.0 -1e-06 
0.0 0.0 0.0 0.0 -0.0 0.0 -1.113547 99.174896 -1.488584 0.238874 8.016736 -4.506823 1.099451 0.325612 -4.73732 0.086555 1.385597 -6.891722 1.352858 0.339712 13.94843 14.403543 -4.927301 9.958908 0.033293 2.178495 -3.774523 4.435764 -1.973489 -0.059518 7.8e-05 -2.2e-05 6e-06 -0.105447 0.064413 -0.128803 0.682933 -3.581503 -10.591463 -0.877771 3.703181 -10.563526 -7.186962 -3.198751 14.643677 -68.542969 -6.561375 18.733511 0.308136 -27.581619 -0.273921 -3.515367 -4.634268 4.93074 -5.882111 9.861293 0.70259 -10.93688 -0.360575 7.156208 1e-06 8.774833 -0.0 -15.335044 17.804401 6.266251 -1.844034 2.498507 -2.507279 -10.163607 4.678948 4.62111 -20.97604 -4e-06 0.0 -21.226301 2.451699 -3.594002 1e-06 -6e-06 0.0 -1.362682 2.240799 -0.746324 -21.33493 0.584909 3.008323 -13.821226 -2e-06 1e-06 -23.887188 -0.24908 -0.839484 -59.927513 2.415455 -1.450917 -0.294024 1.679688 0.833257 -14.218221 0.093215 1.300581 -34.212074 -0.287564 0.967172 -20.03323 0.964537 1.212844 -0.0 -0.0 0.0 -3.440391 0.788234 0.501657 -15.928201 -3.167312 2.999708 -6.338831 -1e-06 -0.0 -18.123463 3.648185 -4.905676 -3e-06 0.0 -2e-06 3.972162 17.178495 11.268678 -79.574654 58.825348 -111.221924 -170.044418 71.243828 -172.863708 15.603354 6.269147 -8.506253 2.243543 -5.255038 -3.180161 14.282904 -0.826593 6.952511 -3e-06 -12.690611 -1e-06 18.263592 -17.55946 2.498338 1.665667 -1.955924 -2.878302 4.727803 -4.170589 4.993929 11.020536 6e-06 -0.0 12.10906 -3.735713 -2.866786 1e-06 1e-06 0.0 1.291986 -1.928551 -1.49809 14.800144 0.56747 3.865613 14.242585 -1.341735 -6.660663 19.631989 0.143928 -0.648243 51.696098 -1.02713 -5.66018 0.353029 -1.51115 -0.03194 20.222815 3.684313 2.316635 18.787292 5e-06 1e-06 10.751641 -0.479868 1.397909 -1e-06 -1e-06 0.0 3.273809 0.305949 -0.580111 21.486837 11.830382 2.266138 8.162935 3e-06 0.0 18.399099 -3.798986 -4.940576 3e-06 -1e-06 -1e-06 8.35346 5.556719 6.692772 0.007254 -0.145722 4.050751 -8.436176 -1.165816 -5.549815 1.66872 -2.101728 -0.595176 0.0 0.0 2e-06 -2.58658 -4.971948 4.271875 -0.017404 0.133538 11.565997 6.205111 -17.364727 -11.850158 -1.443341 0.843146 0.180156 -0.0 -0.0 -1e-06 
0.0 0.0 0.0 0.0 -0.0 0.0 -1.168314 99.177376 -1.440112 0.169741 7.979454 -4.486323 1.079688 0.288298 -4.745064 0.063065 1.385447 -6.890816 1.293682 0.350341 13.841427 14.762143 -5.169452 9.687528 0.067472 2.035999 -3.775045 4.569896 -2.336578 0.104499 7.7e-05 -2.3e-05 6e-06 -0.099626 0.076326 -0.138396 0.688011 -3.569011 -10.602983 -0.87018 3.713247 -10.575028 -7.231758 -3.155285 14.664693 -68.253105 -6.773759 18.853809 0.318914 -27.626104 -0.258881 -3.361704 -4.823177 5.077453 -5.88211 9.861292 0.702591 -10.936881 -0.360577 7.15621 3e-06 8.774835 -0.0 -15.294269 17.770241 6.279821 -1.844034 2.498507 -2.507279 -10.163609 4.678947 4.621113 -20.976044 -8e-06 3e-06 -21.226309 2.451696 -3.594 1e-06 -6e-06 -0.0 -1.362683 2.240801 -0.746323 -21.334934 0.584905 3.008327 -13.821227 -5e-06 3e-06 -23.887192 -0.249081 -0.839483 -59.917301 2.421497 -1.497364 -0.294024 1.679687 0.833255 -14.218224 0.093213 1.300582 -34.212086 -0.287572 0.967175 -20.033239 0.964534 1.212848 -0.0 -0.0 1e-06 -3.440392 0.788232 0.501655 -15.928203 -3.167315 2.999708 -6.338833 -3e-06 1e-06 -18.123461 3.648183 -4.905673 -3e-06 0.0 -2e-06 4.183343 17.18681 11.307127 -77.088974 58.341183 -109.518661 -168.316101 74.029747 -171.230652 13.766187 5.70955 -10.258639 2.243545 -5.255041 -3.180161 14.282902 -0.826594 6.952507 -5e-06 -12.690612 0.0 18.19101 -17.876293 2.520561 1.665667 -1.955922 -2.878301 4.727801 -4.170589 4.993926 11.020535 5e-06 -1e-06 12.10906 -3.735716 -2.866787 0.0 0.0 -0.0 1.291986 -1.92855 -1.49809 14.80014 0.56747 3.865609 14.242583 -1.341735 -6.660664 19.631985 0.143929 -0.648245 51.546074 -1.056311 -5.804906 0.353029 -1.511149 -0.03194 20.222809 3.684314 2.316631 18.787289 9e-06 -2e-06 10.751637 -0.479867 1.397909 -1e-06 1e-06 -1e-06 3.27381 0.305947 -0.580112 21.486832 11.830386 2.266133 8.162933 2e-06 -0.0 18.399096 -3.798985 -4.940578 2e-06 -0.0 -1e-06 8.474014 5.57215 6.733496 0.008196 -0.1464 3.99148 -8.515948 -1.187655 -5.541899 1.674365 -2.08094 -0.561195 0.0 0.0 2e-06 -2.473351 -4.96828 4.337349 -0.009264 0.139188 11.409102 6.186883 -17.383793 -11.80646 -1.441465 0.856875 0.150494 0.0 -0.0 -1e-06 
0.0 0.0 0.0 0.0 -0.0 0.0 -1.230515 99.178329 -1.382528 0.084363 7.912474 -4.472968 1.063228 0.255305 -4.766002 0.028295 1.378414 -6.879215 1.213874 0.333346 13.731148 15.072153 -5.362697 9.459789 0.083694 1.803127 -3.781022 4.681406 -2.741477 0.279703 7.8e-05 -2.2e-05 6e-06 -0.094093 0.094443 -0.146024 0.694117 -3.556447 -10.627057 -0.864405 3.734803 -10.595379 -7.244694 -3.09644 14.648239 -68.00029 -6.917253 18.838314 0.389825 -27.642448 -0.287489 -3.231361 -4.977291 5.106346 -5.882105 9.861284 0.70259 -10.93687 -0.360575 7.156208 1e-06 8.774824 -2e-06 -15.298055 17.75844 6.303926 -1.844032 2.498503 -2.507277 -10.163597 4.678944 4.621109 -20.976021 -4e-06 2e-06 -21.226282 2.451695 -3.593998 1e-06 -6e-06 -0.0 -1.362681 2.240798 -0.746324 -21.334911 0.584909 3.008324 -13.821215 -3e-06 1e-06 -23.887171 -0.249079 -0.839481 -59.975571 2.439057 -1.489309 -0.294024 1.679687 0.833257 -14.218207 0.093214 1.300581 -34.212048 -0.287564 0.967171 -20.033211 0.964536 1.212843 -0.0 -0.0 0.0 -3.440388 0.788234 0.501655 -15.928185 -3.167309 2.999707 -6.338825 -1e-06 2e-06 -18.123444 3.64818 -4.905669 -3e-06 0.0 -2e-06 4.508088 17.0842 11.407921 -74.588837 58.04829 -107.870514 -166.399353 76.814644 -169.248215 12.059253 4.882023 -11.798834 2.243543 -5.255037 -3.180159 14.282896 -0.826593 6.952501 -4e-06 -12.690602 -1e-06 18.15624 -18.068691 2.471519 1.665666 -1.955921 -2.878299 4.7278 -4.170586 4.993923 11.020529 3e-06 -1e-06 12.109056 -3.735713 -2.866785 0.0 -1e-06 1e-06 1.291986 -1.928549 -1.49809 14.800134 0.567471 3.865607 14.242577 -1.341735 -6.66066 19.631973 0.143928 -0.648245 51.384632 -1.071013 -5.902422 0.353029 -1.51115 -0.03194 20.222799 3.684311 2.31663 18.787279 9e-06 -1e-06 10.751631 -0.479866 1.397906 1e-06 -1e-06 -0.0 3.273807 0.305948 -0.58011 21.486824 11.830377 2.266134 8.16293 2e-06 -1e-06 18.399088 -3.798981 -4.940577 4e-06 -0.0 -0.0 8.626804 5.603867 6.783433 -0.003702 -0.144848 3.935833 -8.605307 -1.184794 -5.545516 1.683935 -2.066555 -0.51909 0.0 -0.0 2e-06 -2.338717 -4.966774 4.420327 -0.007547 0.136332 11.229883 6.166369 -17.411501 -11.753388 -1.443852 0.859358 0.175076 0.0 0.0 -1e-06 
0.0 0.0 0.0 0.0 -0.0 0.0 -1.293182 99.171173 -1.316982 -0.006922 7.796209 -4.459491 1.034936 0.236415 -4.803085 -0.000125 1.372141 -6.862682 1.12828 0.291717 13.648696 15.267198 -5.458801 9.283845 0.048536 1.533508 -3.796653 4.76649 -3.171998 0.436921 7.7e-05 -2.3e-05 6e-06 -0.091659 0.102084 -0.145042 0.695972 -3.556149 -10.646012 -0.861047 3.747763 -10.606835 -7.25962 -3.006679 14.578935 -67.745781 -6.91368 18.672302 0.464248 -27.760233 -0.323218 -3.073125 -5.102943 5.056728 -5.882112 9.86129 0.70259 -10.936881 -0.360575 7.15621 2e-06 8.774831 1e-06 -15.284772 17.774569 6.35927 -1.844035 2.498506 -2.507279 -10.16361 4.678948 4.621112 -20.976044 -5e-06 -1e-06 -21.226307 2.451696 -3.594003 1e-06 -6e-06 -0.0 -1.362682 2.240799 -0.746323 -21.334934 0.584909 3.008323 -13.821227 -3e-06 0.0 -23.887192 -0.249081 -0.839484 -60.045937 2.482854 -1.430125 -0.294025 1.679688 0.833256 -14.218223 0.093215 1.30058 -34.212082 -0.287568 0.967169 -20.033236 0.964533 1.212844 0.0 -1e-06 0.0 -3.440392 0.788234 0.501656 -15.928201 -3.16731 2.999708 -6.338833 -1e-06 1e-06 -18.123459 3.648185 -4.905675 -3e-06 1e-06 -2e-06 4.946065 16.915133 11.578797 -72.073746 57.900108 -105.924339 -164.433594 78.887115 -167.103775 11.338168 4.424299 -12.868027 2.243543 -5.255039 -3.180161 14.282897 -0.826593 6.952507 -3e-06 -12.690609 1e-06 18.101057 -18.163641 2.361242 1.665668 -1.955922 -2.878302 4.727801 -4.170587 4.993928 11.020534 3e-06 -1e-06 12.109058 -3.735717 -2.866786 -0.0 -1e-06 -1e-06 1.291985 -1.928548 -1.498091 14.800138 0.56747 3.865612 14.242579 -1.341734 -6.660663 19.631979 0.143926 -0.648245 51.207771 -1.080777 -5.976842 0.35303 -1.51115 -0.031941 20.222803 3.684312 2.316633 18.787287 7e-06 1e-06 10.751633 -0.479869 1.397906 1e-06 1e-06 0.0 3.273809 0.305946 -0.580112 21.486828 11.830381 2.266134 8.162933 2e-06 -0.0 18.399092 -3.798986 -4.940577 3e-06 1e-06 0.0 8.79726 5.685349 6.791505 -0.017281 -0.155669 3.982282 -8.679374 -1.180368 -5.613424 1.689629 -2.056655 -0.478073 0.0 -0.0 2e-06 -2.207734 -4.99899 4.466165 -0.008404 0.137373 11.123851 6.160849 -17.368406 -11.733828 -1.448348 0.8498 0.195601 0.0 0.0 -1e-06 
0.0 0.0 0.0 0.0 -0.0 0.0 -1.344914 99.154892 -1.251345 -0.097935 7.625871 -4.4386 0.992051 0.232293 -4.859742 -0.023298 1.366739 -6.847666 1.050708 0.233698 13.61314 15.32648 -5.461892 9.169104 -0.035638 1.258537 -3.822495 4.809162 -3.593066 0.534723 7.8e-05 -2.3e-05 6e-06 -0.094316 0.096008 -0.137637 0.690867 -3.564744 -10.650648 -0.861428 3.742885 -10.606636 -7.30478 -2.88095 14.531499 -67.462738 -6.840735 18.419922 0.50137 -27.968367 -0.349658 -2.843673 -5.26548 4.933004 -5.882114 9.861297 0.70259 -10.936881 -0.360573 7.156211 -1e-06 8.774833 -1e-06 -15.23884 17.805281 6.413563 -1.844035 2.498507 -2.507279 -10.163611 4.678952 4.621112 -20.976044 1e-06 -1e-06 -21.226307 2.451701 -3.594007 1e-06 -6e-06 -0.0 -1.362683 2.240801 -0.746324 -21.334934 0.584915 3.008324 -13.821229 -0.0 1e-06 -23.887196 -0.249076 -0.839488 -60.041283 2.516095 -1.352908 -0.294026 1.679689 0.833258 -14.218224 0.093217 1.30058 -34.212086 -0.287561 0.967166 -20.033236 0.964539 1.212841 1e-06 -1e-06 -1e-06 -3.440392 0.788235 0.501656 -15.928203 -3.167309 2.999709 -6.338833 0.0 1e-06 -18.123466 3.64819 -4.905677 -3e-06 1e-06 -2e-06 5.536371 16.68038 11.818695 -69.566307 57.964306 -103.549873 -163.306381 79.767822 -165.723618 11.669072 4.312506 -13.478271 2.243542 -5.255037 -3.18016 14.282892 -0.826594 6.952508 -2e-06 -12.690605 -1e-06 17.969061 -18.2236 2.250517 1.665667 -1.955923 -2.878301 4.7278 -4.170587 4.993925 11.020526 4e-06 -0.0 12.109053 -3.735717 -2.866785 0.0 -1e-06 0.0 1.291985 -1.92855 -1.498091 14.800131 0.56747 3.865611 14.242573 -1.341736 -6.660661 19.631969 0.143928 -0.648244 50.993984 -1.09183 -6.076183 0.353031 -1.511151 -0.031941 20.222795 3.684313 2.316633 18.787279 7e-06 1e-06 10.751631 -0.479871 1.397907 1e-06 0.0 1e-06 3.273808 0.305948 -0.580112 21.486818 11.830376 2.266137 8.16293 0.0 1e-06 18.399086 -3.798985 -4.940574 3e-06 -1e-06 -1e-06 8.956786 5.775259 6.731367 -0.024717 -0.167468 4.182147 -8.722414 -1.133817 -5.777219 1.688225 -2.050504 -0.456088 0.0 -0.0 2e-06 -2.085742 -5.01834 4.444505 -0.010078 0.140227 11.12797 6.167188 -17.257742 -11.759428 -1.453308 0.850028 0.194563 -0.0 0.0 -1e-06 
0.0 0.0 0.0 0.0 -0.0 0.0 -1.388315 99.142281 -1.193207 -0.186496 7.370928 -4.412225 0.936566 0.240031 -4.928295 -0.04448 1.362638 -6.847482 0.988983 0.163746 13.63577 15.272187 -5.379533 9.117679 -0.163047 0.955246 -3.854755 4.818177 -3.996595 0.589079 7.8e-05 -2.3e-05 6e-06 -0.101524 0.084208 -0.130544 0.679812 -3.574167 -10.647537 -0.86525 3.728264 -10.604822 -7.372871 -2.737451 14.53077 -67.183548 -6.744473 18.07497 0.471144 -28.166573 -0.356479 -2.565692 -5.493396 4.724965 -5.882106 9.861285 0.70259 -10.936872 -0.360573 7.156202 -1e-06 8.774825 -1e-06 -15.18517 17.821943 6.432234 -1.844032 2.498504 -2.507277 -10.163599 4.678945 4.621105 -20.976023 -2e-06 1e-06 -21.22629 2.451699 -3.594002 1e-06 -6e-06 -0.0 -1.362682 2.240798 -0.746324 -21.334913 0.584911 3.00832 -13.821215 -1e-06 0.0 -23.887169 -0.249078 -0.839486 -59.958309 2.484281 -1.296759 -0.294025 1.679686 0.833256 -14.218208 0.093216 1.300579 -34.212048 -0.287564 0.967163 -20.033211 0.964535 1.212839 -0.0 -2e-06 0.0 -3.440388 0.788234 0.501654 -15.928185 -3.167308 2.999705 -6.338827 -0.0 0.0 -18.123449 3.648183 -4.905671 -3e-06 1e-06 -2e-06 6.280392 16.366964 12.153496 -67.048744 58.286655 -100.832222 -163.283478 79.594131 -165.560028 12.844953 4.299078 -13.953099 2.243541 -5.255038 -3.180159 14.282894 -0.82659 6.952507 -3e-06 -12.690605 -2e-06 17.730289 -18.259569 2.175972 1.665666 -1.955921 -2.8783 4.7278 -4.170584 4.993925 11.020527 3e-06 0.0 12.109053 -3.735714 -2.866785 0.0 -0.0 0.0 1.291985 -1.928548 -1.49809 14.800131 0.567472 3.865611 14.242571 -1.341737 -6.660659 19.631969 0.143925 -0.64824 50.723164 -1.080766 -6.205318 0.353029 -1.511149 -0.03194 20.222795 3.68431 2.316635 18.787273 5e-06 2e-06 10.751629 -0.479868 1.397908 0.0 0.0 0.0 3.273808 0.305946 -0.580111 21.48682 11.830379 2.266139 8.162929 2e-06 1e-06 18.399084 -3.798982 -4.940573 4e-06 -1e-06 -1e-06 9.106437 5.900299 6.713675 -0.024041 -0.178707 4.331759 -8.764224 -1.036488 -5.91969 1.680086 -2.047301 -0.46077 0.0 0.0 2e-06 -1.966206 -4.967991 4.40065 -0.00971 0.136807 11.132497 6.156069 -17.099863 -11.763019 -1.455669 0.865995 0.180901 -0.0 0.0 -1e-06 
0.0 0.0 0.0 0.0 -0.0 0.0 -1.423041 99.132385 -1.149478 -0.271356 6.997171 -4.393499 0.877361 0.257206 -4.99392 -0.070085 1.365075 -6.865105 0.940044 0.086227 13.710433 15.116865 -5.242689 9.146136 -0.312063 0.645695 -3.870054 4.810302 -4.389028 0.585267 7.8e-05 -2.2e-05 6e-06 -0.105573 0.082657 -0.126194 0.670493 -3.569717 -10.638868 -0.864593 3.720978 -10.600931 -7.444332 -2.56769 14.559792 -66.943634 -6.664328 17.737492 0.406905 -28.219404 -0.352598 -2.3353 -5.733387 4.45554 -5.882112 9.861293 0.702591 -10.93688 -0.360573 7.156212 0.0 8.774831 0.0 -15.149729 17.838564 6.413328 -1.844034 2.498507 -2.507278 -10.163608 4.678949 4.621112 -20.97604 -2e-06 0.0 -21.226303 2.4517 -3.594003 1e-06 -5e-06 -1e-06 -1.362682 2.2408 -0.746324 -21.33493 0.584911 3.008325 -13.821224 -1e-06 -0.0 -23.88719 -0.249078 -0.839485 -59.87706 2.421974 -1.278347 -0.294025 1.679689 0.833257 -14.218219 0.093217 1.300581 -34.212074 -0.287561 0.967167 -20.03323 0.964537 1.212843 -0.0 -1e-06 -1e-06 -3.440391 0.788235 0.501656 -15.928201 -3.16731 2.999709 -6.338832 0.0 1e-06 -18.123459 3.648187 -4.905675 -3e-06 1e-06 -2e-06 7.122706 16.026615 12.569064 -64.272736 58.914288 -97.69606 -163.775818 78.805305 -166.06218 14.528438 4.112749 -14.408932 2.243542 -5.255038 -3.180159 14.282896 -0.826596 6.952507 -1e-06 -12.690609 1e-06 17.439865 -18.261036 2.135728 1.665668 -1.955924 -2.878301 4.7278 -4.170588 4.993927 11.020531 2e-06 -1e-06 12.109058 -3.735717 -2.866786 0.0 0.0 1e-06 1.291988 -1.928551 -1.49809 14.800134 0.567467 3.865609 14.242579 -1.341737 -6.660661 19.631975 0.143925 -0.648247 50.413506 -1.064955 -6.327981 0.353029 -1.51115 -0.03194 20.222801 3.684307 2.316632 18.787281 2e-06 -1e-06 10.751633 -0.47987 1.397906 0.0 0.0 0.0 3.273808 0.305948 -0.580112 21.48682 11.830379 2.266134 8.16293 -2e-06 -1e-06 18.399088 -3.798986 -4.940578 4e-06 -2e-06 0.0 9.258272 6.091231 6.770382 -0.018073 -0.192399 4.410166 -8.832111 -0.913492 -6.028412 1.67046 -2.045987 -0.492281 0.0 -0.0 2e-06 -1.851444 -4.838262 4.330348 -0.010011 0.132495 11.157746 6.120984 -16.858849 -11.743469 -1.454815 0.88708 0.161621 0.0 0.0 -1e-06 
0.0 0.0 0.0 0.0 -0.0 0.0 -1.448842 99.122604 -1.12584 -0.352033 6.519339 -4.373529 0.825254 0.286332 -5.054433 -0.102023 1.362642 -6.898068 0.891983 0.006635 13.809733 14.883648 -5.085599 9.239228 -0.445006 0.36357 -3.863497 4.780533 -4.752501 0.534299 7.7e-05 -2.2e-05 6e-06 -0.101542 0.085505 -0.124197 0.66941 -3.559507 -10.62668 -0.855791 3.716497 -10.593998 -7.539782 -2.375963 14.624256 -66.748314 -6.639799 17.413551 0.358719 -28.042347 -0.351727 -2.228746 -5.890181 4.27508 -5.882106 9.861284 0.702591 -10.936872 -0.360575 7.156208 1e-06 8.774824 1e-06 -15.148904 17.868664 6.397911 -1.844032 2.498505 -2.507277 -10.163601 4.678944 4.621109 -20.976023 -4e-06 1e-06 -21.226286 2.451696 -3.593999 1e-06 -6e-06 -1e-06 -1.362681 2.240798 -0.746324 -21.334913 0.584909 3.008323 -13.821215 -3e-06 2e-06 -23.887171 -0.249079 -0.839482 -59.87611 2.381904 -1.266623 -0.294025 1.679687 0.833255 -14.218207 0.093214 1.300581 -34.212051 -0.287564 0.967172 -20.033211 0.964537 1.212845 1e-06 -0.0 0.0 -3.440389 0.788233 0.501656 -15.928185 -3.167309 2.999707 -6.338828 -1e-06 2e-06 -18.123446 3.648183 -4.905669 -3e-06 1e-06 -2e-06 7.928065 15.724222 13.01088 -60.911968 59.795956 -93.960533 -164.125122 77.986107 -166.249481 16.24494 3.737215 -14.890264 2.24354 -5.255033 -3.180157 14.282885 -0.826594 6.952502 -3e-06 -12.690597 -1e-06 17.251696 -18.22646 2.087049 1.665665 -1.95592 -2.878298 4.727797 -4.170584 4.993922 11.02052 4e-06 -0.0 12.109046 -3.735714 -2.866783 0.0 0.0 -0.0 1.291984 -1.928549 -1.498088 14.800122 0.567468 3.865607 14.242564 -1.341735 -6.660654 19.631956 0.143926 -0.648243 50.21883 -1.042221 -6.416453 0.35303 -1.51115 -0.03194 20.222784 3.684309 2.316631 18.787266 4e-06 1e-06 10.751624 -0.479869 1.397906 -0.0 1e-06 1e-06 3.273806 0.305946 -0.58011 21.486807 11.830367 2.266134 8.162923 -0.0 0.0 18.399075 -3.798982 -4.940572 3e-06 1e-06 -1e-06 9.351814 6.340368 6.835159 -0.011424 -0.200525 4.483335 -8.848811 -0.759252 -6.187129 1.663589 -2.039321 -0.517443 -0.0 0.0 2e-06 -1.744692 -4.6466 4.203815 -0.008559 0.130787 11.242846 6.05881 -16.54808 -11.716424 -1.451838 0.910138 0.137799 0.0 0.0 -1e-06 
0.0 0.0 0.0 0.0 -0.0 0.0 -1.474249 99.114296 -1.116912 -0.430357 5.966899 -4.361666 0.785265 0.309126 -5.101905 -0.134362 1.351575 -6.922591 0.838237 -0.063598 13.899818 14.613796 -4.93104 9.353642 -0.569874 0.09984 -3.84928 4.742156 -5.072078 0.453127 7.7e-05 -2.3e-05 6e-06 -0.091321 0.086291 -0.121765 0.679271 -3.554252 -10.623789 -0.845473 3.712558 -10.596803 -7.679393 -2.190876 14.70038 -66.582291 -6.608961 17.097492 0.323696 -27.654522 -0.341718 -2.207647 -5.944125 4.169325 -5.882106 9.861286 0.70259 -10.936871 -0.360575 7.156204 1e-06 8.774825 1e-06 -15.184076 17.918079 6.391047 -1.844033 2.498506 -2.507277 -10.163599 4.678944 4.621106 -20.976023 -4e-06 -0.0 -21.226288 2.451697 -3.594 1e-06 -6e-06 1e-06 -1.362682 2.240799 -0.746323 -21.334917 0.584911 3.008322 -13.821217 -2e-06 0.0 -23.887171 -0.24908 -0.839483 -59.959713 2.381586 -1.257919 -0.294024 1.679687 0.833256 -14.218208 0.093215 1.30058 -34.212051 -0.287566 0.96717 -20.033215 0.964536 1.212842 1e-06 -1e-06 -1e-06 -3.440388 0.788234 0.501654 -15.928185 -3.167308 2.999706 -6.338826 -0.0 0.0 -18.123446 3.648183 -4.905672 -3e-06 1e-06 -2e-06 8.597824 15.497448 13.39217 -56.564095 60.851364 -89.358032 -164.389664 77.442764 -166.076584 17.983469 3.324008 -15.427272 2.243543 -5.255038 -3.180159 14.282896 -0.826596 6.952505 -2e-06 -12.690607 1e-06 17.174999 -18.15416 2.017526 1.665666 -1.955922 -2.878299 4.727801 -4.170588 4.993925 11.020531 2e-06 -1e-06 12.109056 -3.735715 -2.866784 -0.0 0.0 0.0 1.291986 -1.92855 -1.49809 14.800132 0.567468 3.865609 14.242577 -1.341736 -6.660659 19.631973 0.143925 -0.648245 50.183865 -1.021842 -6.445389 0.353029 -1.511151 -0.03194 20.222801 3.684308 2.316631 18.787283 5e-06 -0.0 10.751634 -0.47987 1.397907 0.0 0.0 -1e-06 3.273808 0.305948 -0.580111 21.48682 11.830376 2.266133 8.16293 0.0 -1e-06 18.399088 -3.798987 -4.940577 3e-06 0.0 -2e-06 9.483005 6.601827 6.951509 -0.004226 -0.197784 4.50734 -8.884718 -0.555931 -6.287759 1.658494 -2.03203 -0.522678 0.0 0.0 2e-06 -1.640729 -4.425351 4.057545 -0.008673 0.136702 11.348578 5.966236 -16.196926 -11.671532 -1.448069 0.930097 0.119914 0.0 0.0 -1e-06 
0.0 0.0 0.0 0.0 -0.0 0.0 -1.499348 99.105247 -1.11817 -0.51855 5.384372 -4.348459 0.75113 0.325783 -5.146676 -0.164286 1.33206 -6.94078 0.776861 -0.152056 13.978042 14.332287 -4.777901 9.478386 -0.692119 -0.133779 -3.839785 4.7285 -5.370134 0.35283 7.6e-05 -2.2e-05 6e-06 -0.083261 0.082953 -0.119886 0.690381 -3.556906 -10.636874 -0.840695 3.708292 -10.617025 -7.874375 -2.00798 14.77331 -66.429001 -6.570301 16.773846 0.292648 -27.060959 -0.327928 -2.228561 -5.90803 4.086799 -5.88211 9.86129 0.702589 -10.936877 -0.360574 7.156207 0.0 8.774828 -1e-06 -15.24626 17.985367 6.390089 -1.844033 2.498506 -2.507278 -10.163605 4.678948 4.621109 -20.976038 -2e-06 1e-06 -21.226301 2.451699 -3.594001 1e-06 -6e-06 -1e-06 -1.362682 2.240799 -0.746325 -21.334927 0.584912 3.008326 -13.821222 -2e-06 2e-06 -23.887182 -0.249076 -0.839485 -60.084534 2.422769 -1.253659 -0.294025 1.679687 0.833257 -14.218215 0.093216 1.300581 -34.212067 -0.287563 0.96717 -20.033226 0.964537 1.212843 -0.0 -2e-06 0.0 -3.440391 0.788234 0.501656 -15.928194 -3.16731 2.999708 -6.338831 -1e-06 1e-06 -18.123457 3.648184 -4.905672 -3e-06 1e-06 -1e-06 9.190159 15.31202 13.742255 -51.023197 61.956333 -83.663177 -164.774994 77.204987 -165.796555 19.83964 2.831971 -15.847123 2.243541 -5.255037 -3.180159 14.282894 -0.826594 6.952507 -3e-06 -12.690603 -0.0 17.125101 -18.049225 1.974642 1.665666 -1.955923 -2.8783 4.727801 -4.170586 4.993926 11.020528 4e-06 -0.0 12.109055 -3.735717 -2.866785 0.0 0.0 0.0 1.291985 -1.92855 -1.49809 14.800134 0.567469 3.865611 14.242575 -1.341736 -6.66066 19.631969 0.143925 -0.648244 50.280247 -1.008938 -6.418728 0.353029 -1.511151 -0.03194 20.222797 3.68431 2.316633 18.787279 5e-06 2e-06 10.75163 -0.479869 1.397908 -0.0 0.0 -0.0 3.273807 0.305947 -0.58011 21.48682 11.830376 2.266136 8.16293 1e-06 1e-06 18.399084 -3.798983 -4.940574 4e-06 -1e-06 -1e-06 9.621633 6.88195 7.046591 0.005017 -0.188349 4.574717 -8.902657 -0.358895 -6.411805 1.652925 -2.027357 -0.518708 0.0 -0.0 2e-06 -1.528382 -4.213236 3.894667 -0.012936 0.146199 11.464664 5.881291 -15.833752 -11.621679 -1.444682 0.947354 0.110451 0.0 0.0 -1e-06 
0.0 0.0 0.0 0.0 -0.0 0.0 -1.526194 99.095139 -1.128695 -0.613191 4.789139 -4.352371 0.711114 0.33479 -5.181543 -0.191892 1.31018 -6.946847 0.721717 -0.247252 14.051283 14.037505 -4.652061 9.598619 -0.810268 -0.32883 -3.840592 4.735316 -5.658208 0.228393 7.8e-05 -2.2e-05 6e-06 -0.079458 0.083212 -0.117254 0.697436 -3.559882 -10.662839 -0.840441 3.711521 -10.650116 -8.141765 -1.855183 14.876094 -66.278587 -6.574095 16.442917 0.287176 -26.29196 -0.321193 -2.274469 -5.776411 3.980432 -5.88211 9.861291 0.702591 -10.936879 -0.360575 7.156211 1e-06 8.77483 -0.0 -15.324131 18.043852 6.386494 -1.844034 2.498507 -2.507278 -10.163606 4.678946 4.621115 -20.976038 -3e-06 3e-06 -21.226299 2.451699 -3.594 1e-06 -6e-06 1e-06 -1.362682 2.240799 -0.746322 -21.334929 0.58491 3.008327 -13.821223 -3e-06 3e-06 -23.887184 -0.249077 -0.83948 -60.236073 2.46928 -1.227599 -0.294026 1.679688 0.833256 -14.218219 0.093214 1.300582 -34.21207 -0.287565 0.967171 -20.033226 0.964538 1.212845 1e-06 -1e-06 -1e-06 -3.440391 0.788234 0.501655 -15.928201 -3.167311 2.999709 -6.338832 -1e-06 0.0 -18.123459 3.648183 -4.905672 -3e-06 0.0 -1e-06 9.710111 15.126892 14.073445 -43.921478 62.997074 -76.520447 -165.647537 77.230522 -165.906677 21.932306 2.132229 -15.946663 2.243543 -5.255038 -3.18016 14.2829 -0.826597 6.952507 -2e-06 -12.690611 1e-06 17.048271 -17.940859 1.955886 1.665668 -1.955923 -2.878301 4.727801 -4.17059 4.993927 11.020535 2e-06 -2e-06 12.109059 -3.735718 -2.866787 0.0 -0.0 0.0 1.291987 -1.92855 -1.498091 14.800139 0.567468 3.86561 14.242584 -1.341737 -6.660664 19.631985 0.143925 -0.648247 50.431053 -1.00823 -6.401174 0.353029 -1.511151 -0.03194 20.222805 3.68431 2.31663 18.787287 6e-06 -1e-06 10.751635 -0.47987 1.397906 0.0 0.0 0.0 3.27381 0.305947 -0.580112 21.486828 11.830381 2.266133 8.16293 2e-06 -1e-06 18.399094 -3.798985 -4.940578 3e-06 0.0 -1e-06 9.768509 7.166381 7.149217 0.011388 -0.180676 4.66357 -8.907104 -0.160048 -6.547579 1.645921 -2.027364 -0.513421 0.0 -0.0 2e-06 -1.411135 -4.020555 3.74432 -0.024566 0.153973 11.579885 5.809442 -15.442916 -11.566357 -1.440565 0.958801 0.09889 0.0 0.0 -1e-06 
0.0 0.0 0.0 0.0 -0.0 0.0 -1.555014 99.087166 -1.152509 -0.701214 4.220331 -4.366984 0.661421 0.341601 -5.202818 -0.220303 1.301322 -6.940232 0.662198 -0.357407 14.12112 13.751468 -4.545998 9.686625 -0.930835 -0.530535 -3.84827 4.783513 -5.949309 0.078619 7.7e-05 -2.2e-05 6e-06 -0.074709 0.087446 -0.111668 0.704368 -3.559547 -10.686637 -0.838252 3.719867 -10.682529 -8.455636 -1.750303 15.006704 -66.131477 -6.624284 16.102163 0.290202 -25.454552 -0.310042 -2.323016 -5.534212 3.830544 -5.882105 9.861281 0.70259 -10.936872 -0.360577 7.156204 2e-06 8.774821 0.0 -15.410227 18.077721 6.383446 -1.844031 2.498502 -2.507276 -10.163599 4.678942 4.621107 -20.976021 -5e-06 4e-06 -21.226286 2.451696 -3.593997 1e-06 -6e-06 1e-06 -1.362681 2.240797 -0.746324 -21.334911 0.584907 3.008323 -13.821213 -4e-06 2e-06 -23.887171 -0.249079 -0.83948 -60.385212 2.510805 -1.173609 -0.294025 1.679687 0.833256 -14.218207 0.093213 1.300579 -34.212048 -0.287568 0.967172 -20.033215 0.964534 1.212845 0.0 -0.0 0.0 -3.440388 0.788233 0.501656 -15.928185 -3.16731 2.999707 -6.338827 -2e-06 1e-06 -18.123444 3.64818 -4.905668 -3e-06 0.0 -1e-06 10.189738 14.919114 14.403783 -35.271225 63.701748 -67.862099 -167.055573 77.488419 -166.602722 24.141472 1.068649 -15.378575 2.243541 -5.255037 -3.180158 14.282894 -0.826595 6.952505 -2e-06 -12.690603 0.0 16.920675 -17.833635 1.965765 1.665666 -1.955922 -2.878299 4.7278 -4.170588 4.993925 11.020528 2e-06 -1e-06 12.109055 -3.735717 -2.866785 -0.0 -0.0 0.0 1.291987 -1.928549 -1.49809 14.800129 0.567468 3.865609 14.242574 -1.341737 -6.660658 19.631968 0.143925 -0.648245 50.559208 -1.022162 -6.410677 0.35303 -1.511151 -0.03194 20.222797 3.684309 2.316631 18.787279 5e-06 -1e-06 10.751633 -0.479869 1.397907 -1e-06 -0.0 -0.0 3.273808 0.305947 -0.580111 21.48682 11.830376 2.266134 8.16293 1e-06 -0.0 18.399088 -3.798985 -4.940577 2e-06 0.0 -1e-06 9.91037 7.452395 7.263076 0.018005 -0.175994 4.725752 -8.896202 0.030389 -6.654742 1.639565 -2.027604 -0.530689 0.0 -0.0 2e-06 -1.307594 -3.869323 3.608562 -0.036303 0.157153 11.684128 5.738658 -15.032513 -11.500093 -1.435583 0.967755 0.072452 -0.0 -0.0 -1e-06 
0.0 0.0 0.0 0.0 -0.0 0.0 -1.586043 99.087608 -1.182339 -0.782783 3.705381 -4.369032 0.614504 0.345699 -5.223145 -0.252922 1.307872 -6.936874 0.596165 -0.468268 14.198995 13.468713 -4.425436 9.714828 -1.040492 -0.754311 -3.851417 4.904324 -6.312263 -0.104126 7.8e-05 -2.3e-05 6e-06 -0.068245 0.094244 -0.104401 0.711289 -3.5536 -10.696656 -0.832516 3.728115 -10.699962 -8.791468 -1.697722 15.158283 -65.97905 -6.724645 15.740704 0.274765 -24.672441 -0.287546 -2.373392 -5.185042 3.703453 -5.882111 9.861292 0.70259 -10.936881 -0.360576 7.156209 1e-06 8.774832 -1e-06 -15.491699 18.089777 6.364245 -1.844035 2.498506 -2.507279 -10.16361 4.678948 4.62111 -20.976044 -5e-06 1e-06 -21.226305 2.451697 -3.594003 1e-06 -5e-06 0.0 -1.362682 2.240799 -0.746325 -21.334934 0.584909 3.008324 -13.821227 -5e-06 1e-06 -23.887188 -0.249081 -0.839483 -60.49308 2.55887 -1.128159 -0.294025 1.679688 0.833255 -14.218223 0.093213 1.30058 -34.212082 -0.287567 0.96717 -20.033236 0.964535 1.212844 0.0 1e-06 0.0 -3.440392 0.788233 0.501655 -15.928201 -3.167313 2.999706 -6.338833 -1e-06 2e-06 -18.123461 3.648185 -4.905673 -3e-06 0.0 -0.0 10.649689 14.722739 14.766114 -25.400166 63.720284 -57.860268 -168.83168 77.986893 -167.843185 26.046816 -0.388294 -13.93101 2.243543 -5.255038 -3.180159 14.282896 -0.826595 6.952506 -2e-06 -12.690605 -0.0 16.762396 -17.727137 2.027841 1.665667 -1.955922 -2.878299 4.727801 -4.170588 4.993925 11.020531 2e-06 -1e-06 12.109058 -3.735717 -2.866785 -0.0 -0.0 0.0 1.291987 -1.92855 -1.49809 14.800136 0.567468 3.86561 14.242579 -1.341736 -6.660661 19.631975 0.143925 -0.648245 50.648411 -1.038352 -6.423068 0.353029 -1.511151 -0.03194 20.222801 3.684309 2.316632 18.787283 4e-06 -1e-06 10.751635 -0.479869 1.397906 -1e-06 -0.0 0.0 3.273808 0.305946 -0.580112 21.486824 11.830376 2.266135 8.16293 1e-06 -0.0 18.399096 -3.798986 -4.940578 1e-06 -0.0 -1e-06 10.047761 7.751051 7.39387 0.027794 -0.175701 4.689209 -8.862357 0.179285 -6.687513 1.633035 -2.027062 -0.560831 0.0 -0.0 2e-06 -1.206881 -3.734164 3.498776 -0.048233 0.158037 11.716944 5.655897 -14.671824 -11.399699 -1.43018 0.970892 0.039085 -0.0 -0.0 -1e-06 
0.0 0.0 0.0 0.0 -0.0 0.0 -1.610226 99.086128 -1.212562 -0.846039 3.309762 -4.367405 0.567058 0.336127 -5.224126 -0.290163 1.319565 -6.945014 0.513385 -0.580651 14.276264 13.229653 -4.304718 9.704415 -1.143944 -1.029222 -3.852799 5.071221 -6.732198 -0.293445 7.7e-05 -2.2e-05 6e-06 -0.060857 0.097914 -0.098591 0.718763 -3.55032 -10.703362 -0.825245 3.732717 -10.712194 -9.126473 -1.689588 15.304 -65.826965 -6.849747 15.414335 0.251262 -24.021362 -0.265491 -2.435625 -4.795798 3.656741 -5.882115 9.8613 0.702588 -10.936888 -0.360575 7.156213 0.0 8.774837 -2e-06 -15.566506 18.090784 6.335083 -1.844035 2.498509 -2.507282 -10.163614 4.678951 4.621111 -20.976053 -3e-06 -0.0 -21.226318 2.4517 -3.594006 1e-06 -5e-06 -0.0 -1.362684 2.240803 -0.746326 -21.334946 0.584911 3.008326 -13.821236 -3e-06 -0.0 -23.887205 -0.24908 -0.839488 -60.592937 2.608758 -1.110271 -0.294025 1.679689 0.833256 -14.218229 0.093215 1.300581 -34.212097 -0.287566 0.967168 -20.033241 0.964535 1.212843 0.0 -0.0 0.0 -3.440393 0.788235 0.501655 -15.928206 -3.167313 2.999706 -6.338835 -2e-06 -0.0 -18.12347 3.648187 -4.905679 -2e-06 0.0 -1e-06 11.131284 14.560824 15.181501 -15.11072 62.809254 -47.276501 -171.341675 78.739304 -169.994125 27.200054 -2.134908 -11.761233 2.243545 -5.255042 -3.180162 14.282907 -0.826598 6.952514 -1e-06 -12.690615 2e-06 16.666363 -17.646322 2.124448 1.665668 -1.955924 -2.878303 4.727805 -4.170592 4.993932 11.020539 2e-06 -1e-06 12.109066 -3.735719 -2.866787 -0.0 -0.0 0.0 1.291987 -1.928551 -1.498091 14.800144 0.567467 3.865613 14.242588 -1.341737 -6.660666 19.631989 0.143925 -0.648246 50.754059 -1.038906 -6.43169 0.35303 -1.511152 -0.03194 20.222815 3.68431 2.316635 18.787294 2e-06 -0.0 10.751638 -0.479872 1.397908 -2e-06 -0.0 0.0 3.27381 0.305947 -0.580111 21.486835 11.830384 2.266136 8.162936 -0.0 0.0 18.399101 -3.79899 -4.940579 2e-06 0.0 -1e-06 10.153743 7.989013 7.461695 0.034614 -0.178335 4.714109 -8.807937 0.287011 -6.735102 1.627344 -2.025159 -0.563767 0.0 -0.0 2e-06 -1.126769 -3.626427 3.393955 -0.057551 0.160988 11.769025 5.581924 -14.423215 -11.329569 -1.424964 0.964267 0.0297 -0.0 -0.0 -1e-06 
0.0 0.0 0.0 0.0 -0.0 0.0 -1.615139 99.084488 -1.240153 -0.892483 3.069359 -4.375728 0.528486 0.312055 -5.195782 -0.328625 1.327027 -6.95603 0.401224 -0.678878 14.347412 13.049728 -4.175975 9.666202 -1.250307 -1.378254 -3.848921 5.264384 -7.184885 -0.467788 7.7e-05 -2.2e-05 6e-06 -0.053142 0.09686 -0.096652 0.725657 -3.551652 -10.709127 -0.81659 3.731909 -10.720587 -9.446018 -1.701491 15.436381 -65.6894 -7.01016 15.173322 0.242247 -23.528683 -0.252497 -2.492234 -4.44956 3.588455 -5.882106 9.861284 0.70259 -10.936871 -0.360576 7.156204 1e-06 8.774824 -2e-06 -15.639465 18.091496 6.293076 -1.844033 2.498504 -2.507277 -10.163599 4.678944 4.621108 -20.976023 -4e-06 3e-06 -21.226286 2.451697 -3.593999 1e-06 -7e-06 -0.0 -1.362682 2.240798 -0.746323 -21.334913 0.584909 3.008322 -13.821213 -4e-06 3e-06 -23.887169 -0.249078 -0.839482 -60.686928 2.658638 -1.121296 -0.294024 1.679687 0.833256 -14.218209 0.093215 1.300582 -34.212051 -0.287565 0.96717 -20.033215 0.964537 1.212844 -1e-06 1e-06 -0.0 -3.440389 0.788232 0.501656 -15.928185 -3.16731 2.999707 -6.338826 -1e-06 2e-06 -18.123446 3.648182 -4.90567 -3e-06 1e-06 -1e-06 11.624317 14.427723 15.672414 -5.054801 60.869179 -36.704918 -174.431244 79.722412 -172.851776 27.370499 -4.096376 -8.773967 2.243541 -5.255036 -3.180158 14.282892 -0.826596 6.952504 -1e-06 -12.690601 1e-06 16.641861 -17.616749 2.250451 1.665666 -1.955921 -2.8783 4.7278 -4.170587 4.993925 11.020526 2e-06 -1e-06 12.109053 -3.735716 -2.866783 -1e-06 0.0 -1e-06 1.291986 -1.928549 -1.498089 14.800129 0.567466 3.865608 14.242572 -1.341736 -6.660657 19.631969 0.143923 -0.648246 50.899204 -1.022643 -6.423422 0.353029 -1.51115 -0.03194 20.222794 3.684307 2.316631 18.787273 2e-06 -0.0 10.751629 -0.47987 1.397905 -2e-06 0.0 0.0 3.273807 0.305947 -0.58011 21.486813 11.830368 2.266133 8.162928 0.0 1e-06 18.399086 -3.798986 -4.940576 1e-06 1e-06 -0.0 10.232389 8.177594 7.478932 0.033088 -0.191257 4.794401 -8.743501 0.327932 -6.789254 1.62422 -2.018734 -0.547052 0.0 -0.0 2e-06 -1.072409 -3.542856 3.336613 -0.063402 0.163015 11.795931 5.542932 -14.339895 -11.281949 -1.420643 0.953166 0.036551 0.0 0.0 -1e-06 
0.0 0.0 0.0 0.0 -0.0 0.0 -1.600634 99.092361 -1.258188 -0.908148 2.963545 -4.383888 0.505636 0.287333 -5.153027 -0.363451 1.33783 -6.969078 0.258773 -0.738999 14.413832 12.900608 -4.036874 9.613392 -1.35767 -1.79363 -3.838159 5.489171 -7.623585 -0.631361 7.7e-05 -2.2e-05 6e-06 -0.045704 0.096946 -0.09541 0.730291 -3.552318 -10.711974 -0.806261 3.73245 -10.722873 -9.777196 -1.71347 15.56076 -65.533928 -7.191476 14.939246 0.235013 -23.235504 -0.244378 -2.568765 -4.197036 3.453822 -5.882107 9.861286 0.702591 -10.936872 -0.360574 7.156208 -0.0 8.774825 -0.0 -15.707393 18.075224 6.223828 -1.844032 2.498504 -2.507278 -10.1636 4.678946 4.621109 -20.976023 -2e-06 1e-06 -21.226288 2.451698 -3.594001 1e-06 -7e-06 -0.0 -1.362682 2.240799 -0.746323 -21.334915 0.584913 3.008324 -13.821214 -1e-06 1e-06 -23.887175 -0.249077 -0.839485 -60.748646 2.705533 -1.151385 -0.294025 1.679687 0.833256 -14.218208 0.093215 1.300581 -34.212051 -0.287562 0.967167 -20.033215 0.964537 1.212843 -0.0 -0.0 0.0 -3.440389 0.788234 0.501655 -15.928185 -3.167307 2.999707 -6.338828 -0.0 2e-06 -18.123446 3.648185 -4.905672 -2e-06 1e-06 -2e-06 12.109851 14.288137 16.238781 4.176282 57.983852 -26.679045 -177.535675 81.024513 -175.873871 26.411894 -6.107926 -4.96496 2.24354 -5.255036 -3.180158 14.282884 -0.826593 6.952499 -3e-06 -12.6906 -0.0 16.64138 -17.649593 2.388215 1.665666 -1.955921 -2.878298 4.727797 -4.170585 4.993922 11.020522 4e-06 -2e-06 12.109047 -3.735714 -2.866784 -1e-06 0.0 -0.0 1.291985 -1.928549 -1.498089 14.800122 0.567469 3.865606 14.242566 -1.341735 -6.660657 19.631958 0.143928 -0.648244 51.051296 -1.000821 -6.409508 0.353028 -1.51115 -0.03194 20.222784 3.68431 2.316629 18.787266 6e-06 0.0 10.751623 -0.479868 1.397906 -2e-06 0.0 -1e-06 3.273804 0.305947 -0.580111 21.486801 11.830372 2.266133 8.162925 2e-06 -1e-06 18.399076 -3.798982 -4.940573 2e-06 0.0 -1e-06 10.277361 8.362328 7.547099 0.026921 -0.211262 4.716843 -8.684357 0.292885 -6.737118 1.623959 -2.002031 -0.527335 0.0 -0.0 2e-06 -1.053109 -3.451095 3.350357 -0.06665 0.166023 11.729793 5.538897 -14.443911 -11.224851 -1.418679 0.93978 0.054734 -0.0 0.0 -1e-06 
0.0 0.0 0.0 0.0 -0.0 0.0 -1.565896 99.104782 -1.260845 -0.890669 3.015609 -4.394661 0.489505 0.253816 -5.110056 -0.393497 1.353735 -6.979607 0.091652 -0.76333 14.488269 12.771993 -3.902007 9.564946 -1.45014 -2.214521 -3.826084 5.724859 -7.990111 -0.840905 7.6e-05 -2.2e-05 6e-06 -0.040631 0.099487 -0.090182 0.732176 -3.553274 -10.715964 -0.7981 3.737929 -10.723242 -10.075836 -1.72921 15.679451 -65.371895 -7.392878 14.76454 0.248116 -23.172815 -0.252944 -2.713301 -4.001023 3.185973 -5.882109 9.861289 0.702592 -10.936881 -0.360578 7.15621 3e-06 8.77483 -2e-06 -15.753545 18.057201 6.160837 -1.844034 2.498506 -2.50728 -10.16361 4.678945 4.621112 -20.976044 -1e-05 3e-06 -21.226305 2.451692 -3.593998 2e-06 -7e-06 -1e-06 -1.362682 2.240799 -0.746323 -21.334932 0.584905 3.008324 -13.821226 -7e-06 4e-06 -23.887188 -0.249083 -0.839478 -60.7677 2.734225 -1.166511 -0.294024 1.679687 0.833257 -14.218221 0.093211 1.30058 -34.212078 -0.287574 0.967177 -20.033232 0.964534 1.212849 -0.0 0.0 -0.0 -3.440391 0.788232 0.501655 -15.928203 -3.167314 2.999708 -6.338833 -3e-06 1e-06 -18.123459 3.64818 -4.905671 -2e-06 1e-06 -2e-06 12.593038 14.09307 16.851099 12.451453 54.335175 -17.299171 -179.867737 82.887299 -178.327271 24.226484 -8.018312 -0.553037 2.243543 -5.255038 -3.180159 14.282898 -0.826598 6.952507 -2e-06 -12.690607 1e-06 16.578899 -17.743975 2.543453 1.665667 -1.95592 -2.8783 4.727803 -4.170588 4.993927 11.020534 1e-06 1e-06 12.109058 -3.735719 -2.866784 1e-06 2e-06 1e-06 1.291986 -1.928551 -1.49809 14.800136 0.567467 3.865611 14.242579 -1.341738 -6.660658 19.631975 0.143923 -0.648245 51.135052 -0.988581 -6.398692 0.353029 -1.511152 -0.03194 20.222803 3.684307 2.316633 18.787283 1e-06 1e-06 10.751635 -0.479871 1.397908 -2e-06 0.0 1e-06 3.273808 0.305947 -0.580111 21.486824 11.830376 2.266136 8.162932 0.0 0.0 18.399092 -3.798989 -4.940577 3e-06 1e-06 -1e-06 10.286811 8.544312 7.633872 0.015647 -0.242584 4.550564 -8.629297 0.191225 -6.616201 1.626584 -1.983077 -0.503749 -0.0 0.0 2e-06 -1.068365 -3.356303 3.426682 -0.071001 0.179068 11.608242 5.592959 -14.710032 -11.189963 -1.420074 0.924398 0.10814 -0.0 0.0 -1e-06 
0.0 0.0 0.0 0.0 -0.0 0.0 -1.518641 99.11174 -1.239606 -0.8486 3.175593 -4.406866 0.466992 0.220334 -5.063753 -0.423812 1.3664 -6.985924 -0.065246 -0.776852 14.561733 12.629889 -3.748196 9.539652 -1.507722 -2.575394 -3.815502 5.957202 -8.259302 -1.084235 7.7e-05 -2.2e-05 6e-06 -0.03899 0.098982 -0.077745 0.730934 -3.560145 -10.715215 -0.793895 3.743351 -10.719169 -10.309038 -1.739965 15.762946 -65.234688 -7.554398 14.71137 0.323128 -23.341305 -0.2915 -2.912487 -3.81793 2.792714 -5.88211 9.86129 0.702589 -10.93688 -0.360578 7.156207 2e-06 8.774831 -4e-06 -15.781596 18.067669 6.143624 -1.844035 2.498506 -2.507279 -10.16361 4.678946 4.621109 -20.976044 -9e-06 2e-06 -21.226307 2.451693 -3.594001 1e-06 -7e-06 -2e-06 -1.362683 2.240799 -0.746323 -21.334934 0.584905 3.008321 -13.821227 -6e-06 2e-06 -23.887194 -0.249085 -0.839482 -60.806332 2.754562 -1.151325 -0.294024 1.679688 0.833257 -14.218224 0.093211 1.300577 -34.212082 -0.287575 0.967172 -20.03323 0.964531 1.212845 -0.0 1e-06 0.0 -3.440391 0.788233 0.501655 -15.928201 -3.167314 2.999704 -6.338833 -3e-06 2e-06 -18.123463 3.64818 -4.905674 -2e-06 1e-06 -2e-06 13.176264 13.852593 17.487654 19.577354 50.189861 -8.8153 179.735962 85.612106 -178.92926 21.092213 -9.566195 3.933345 2.243543 -5.255037 -3.180157 14.282903 -0.826598 6.952509 -1e-06 -12.690611 3e-06 16.365192 -17.854538 2.70365 1.665666 -1.955922 -2.878299 4.727803 -4.170589 4.993928 11.020532 2e-06 -0.0 12.109059 -3.735718 -2.866785 -0.0 0.0 1e-06 1.291986 -1.92855 -1.498089 14.800139 0.567465 3.865612 14.242582 -1.341739 -6.660659 19.631981 0.143921 -0.648244 51.025131 -0.974086 -6.398235 0.35303 -1.51115 -0.031939 20.222805 3.684308 2.316635 18.787289 0.0 1e-06 10.751636 -0.479871 1.397906 -2e-06 1e-06 -0.0 3.27381 0.305947 -0.580111 21.486828 11.830377 2.266137 8.162935 -1e-06 -0.0 18.399099 -3.79899 -4.940577 2e-06 1e-06 -1e-06 10.269341 8.725152 7.696741 0.005131 -0.27154 4.415514 -8.572948 0.028216 -6.507855 1.629799 -1.967693 -0.504491 -0.0 -0.0 2e-06 -1.101158 -3.225032 3.520578 -0.077198 0.194579 11.519148 5.701795 -15.072937 -11.220227 -1.422778 0.909676 0.172535 -0.0 0.0 -1e-06 
0.0 0.0 0.0 0.0 -0.0 0.0 -1.467634 99.116913 -1.202822 -0.78444 3.355311 -4.406283 0.426167 0.188651 -5.011785 -0.465711 1.363245 -6.983581 -0.179073 -0.791578 14.628334 12.441883 -3.571195 9.549024 -1.546122 -2.848265 -3.794786 6.175057 -8.444731 -1.333665 7.7e-05 -2.2e-05 6e-06 -0.040905 0.089256 -0.059562 0.724876 -3.576372 -10.701448 -0.792157 3.740136 -10.704589 -10.47136 -1.75191 15.843635 -65.141632 -7.677589 14.688274 0.433236 -23.683052 -0.342051 -3.064221 -3.655765 2.212198 -5.882106 9.861286 0.70259 -10.936872 -0.360575 7.156205 1e-06 8.774826 -2e-06 -15.809687 18.091461 6.139022 -1.844033 2.498505 -2.507277 -10.163601 4.678944 4.621109 -20.976023 -4e-06 4e-06 -21.226286 2.451696 -3.593999 2e-06 -6e-06 -1e-06 -1.362681 2.240797 -0.746323 -21.334917 0.584908 3.008325 -13.821214 -3e-06 1e-06 -23.887175 -0.249081 -0.839482 -60.847336 2.757314 -1.131266 -0.294024 1.679686 0.833256 -14.218209 0.093213 1.300582 -34.212048 -0.287565 0.967174 -20.033213 0.964537 1.212846 0.0 1e-06 0.0 -3.440389 0.788234 0.501655 -15.928189 -3.16731 2.999707 -6.338828 -1e-06 1e-06 -18.123447 3.648183 -4.90567 -2e-06 1e-06 -1e-06 14.015944 13.553664 18.193188 25.37253 45.833721 -1.557683 -166.472748 89.563889 -165.294495 17.17359 -10.544753 7.97128 2.243541 -5.255034 -3.180157 14.282891 -0.826596 6.952504 -1e-06 -12.690603 1e-06 15.940499 -17.927494 2.870623 1.665666 -1.955922 -2.878298 4.727799 -4.170588 4.993925 11.020526 1e-06 1e-06 12.109053 -3.735716 -2.866782 1e-06 0.0 1e-06 1.291986 -1.928549 -1.498089 14.800127 0.567467 3.865607 14.242571 -1.341739 -6.660656 19.631968 0.143924 -0.648245 50.614147 -0.931438 -6.406062 0.353029 -1.51115 -0.031939 20.222788 3.684307 2.316631 18.78727 2e-06 1e-06 10.751627 -0.479869 1.397905 -2e-06 1e-06 -1e-06 3.273807 0.305946 -0.580111 21.486813 11.830371 2.266136 8.162928 -0.0 -1e-06 18.39908 -3.798987 -4.940576 1e-06 1e-06 -2e-06 10.219615 8.86978 7.773306 -0.004235 -0.281094 4.23878 -8.542 -0.148824 -6.386302 1.630506 -1.962285 -0.515272 -0.0 0.0 2e-06 -1.154154 -3.07202 3.597256 -0.082888 0.207202 11.467281 5.831585 -15.451507 -11.288174 -1.424152 0.898739 0.205664 -0.0 0.0 -1e-06 
0.0 0.0 0.0 0.0 -0.0 0.0 -1.417385 99.129143 -1.161351 -0.689868 3.525968 -4.392295 0.363317 0.164998 -4.944118 -0.515356 1.341474 -6.973596 -0.255407 -0.80758 14.696006 12.223053 -3.392501 9.606342 -1.574888 -3.05582 -3.775278 6.343711 -8.573231 -1.588403 7.7e-05 -2.3e-05 6e-06 -0.044058 0.079726 -0.040205 0.715334 -3.592233 -10.682544 -0.789566 3.737576 -10.687536 -10.515664 -1.794678 15.911998 -65.108406 -7.76287 14.706849 0.510878 -24.138599 -0.375265 -3.127333 -3.52914 1.453437 -5.882106 9.861284 0.70259 -10.936869 -0.360573 7.156203 -0.0 8.774822 -2e-06 -15.842587 18.113548 6.131912 -1.844032 2.498504 -2.507276 -10.163597 4.678945 4.621106 -20.976017 -2e-06 -0.0 -21.226282 2.451697 -3.594002 2e-06 -6e-06 -0.0 -1.362681 2.240798 -0.746322 -21.334909 0.584911 3.008321 -13.82121 -0.0 1e-06 -23.887161 -0.249078 -0.839487 -60.857056 2.760448 -1.12215 -0.294025 1.679686 0.833256 -14.218205 0.093217 1.300579 -34.212044 -0.287561 0.967166 -20.033209 0.964536 1.212841 0.0 0.0 -0.0 -3.440388 0.788234 0.501655 -15.928183 -3.167308 2.999705 -6.338827 -0.0 1e-06 -18.123444 3.648183 -4.90567 -2e-06 0.0 -1e-06 15.080832 13.192904 18.92518 29.845249 41.6548 4.196654 -2.482953 85.026772 -1.502685 12.565836 -10.635319 11.198559 2.243541 -5.255035 -3.180158 14.28289 -0.826594 6.952499 -4e-06 -12.690601 0.0 15.438895 -17.924917 3.000633 1.665666 -1.95592 -2.878298 4.727797 -4.170586 4.993923 11.020524 4e-06 -2e-06 12.109052 -3.735712 -2.866785 1e-06 -1e-06 0.0 1.291986 -1.928548 -1.498091 14.800125 0.567468 3.865605 14.242571 -1.341735 -6.660658 19.631969 0.143927 -0.648246 50.019039 -0.898917 -6.416459 0.353028 -1.51115 -0.031939 20.222788 3.68431 2.316628 18.78727 8e-06 -3e-06 10.751627 -0.479867 1.397905 0.0 0.0 2e-06 3.273807 0.305948 -0.580111 21.486811 11.830371 2.26613 8.162926 2e-06 -2e-06 18.399076 -3.798979 -4.940574 3e-06 1e-06 -1e-06 10.125413 8.955873 7.918609 -0.010474 -0.265938 3.89823 -8.534246 -0.295601 -6.170761 1.629426 -1.971339 -0.559552 -0.0 -0.0 2e-06 -1.238809 -2.896619 3.671108 -0.084954 0.205889 11.400585 5.949733 -15.831555 -11.347651 -1.422911 0.892586 0.176518 -0.0 0.0 -1e-06 
0.0 0.0 0.0 0.0 -0.0 0.0 -1.362116 99.141777 -1.122891 -0.567605 3.717045 -4.368388 0.271174 0.142547 -4.859097 -0.562353 1.304323 -6.955038 -0.308461 -0.819539 14.776684 11.992517 -3.237384 9.715349 -1.595635 -3.233634 -3.759369 6.468703 -8.64822 -1.879543 7.7e-05 -2.2e-05 6e-06 -0.045593 0.082623 -0.023531 0.706708 -3.593212 -10.662124 -0.784934 3.745765 -10.671918 -10.409534 -1.889549 15.963792 -65.13723 -7.849033 14.813416 0.545724 -24.615555 -0.392142 -3.164529 -3.455529 0.634973 -5.882113 9.861293 0.702592 -10.936885 -0.360575 7.15621 1e-06 8.774835 -0.0 -15.873184 18.13241 6.124719 -1.844035 2.498505 -2.50728 -10.163611 4.678948 4.621111 -20.976053 -6e-06 3e-06 -21.226313 2.451698 -3.594002 2e-06 -7e-06 -1e-06 -1.362683 2.240801 -0.746324 -21.334938 0.584908 3.008324 -13.821229 -4e-06 1e-06 -23.887196 -0.249083 -0.839484 -60.828312 2.784292 -1.127158 -0.294024 1.679688 0.833257 -14.218225 0.093213 1.30058 -34.212086 -0.287568 0.96717 -20.033236 0.964535 1.212845 0.0 -1e-06 -0.0 -3.440393 0.788234 0.501656 -15.928206 -3.167314 2.999708 -6.338835 -2e-06 -1e-06 -18.123468 3.648183 -4.905677 -2e-06 0.0 -2e-06 16.271769 12.770076 19.613092 33.395714 37.92807 8.516282 -0.772618 78.055717 -0.169919 7.418297 -9.683395 13.472563 2.243545 -5.255039 -3.18016 14.282904 -0.8266 6.952508 1e-06 -12.690614 3e-06 15.124603 -17.853001 2.987946 1.665668 -1.955922 -2.8783 4.727805 -4.170593 4.993929 11.020538 -2e-06 -2e-06 12.109064 -3.735719 -2.866787 -0.0 -0.0 0.0 1.291986 -1.928551 -1.49809 14.800142 0.567464 3.865611 14.242585 -1.341739 -6.660663 19.631985 0.143923 -0.648248 49.470062 -0.914424 -6.447997 0.35303 -1.511154 -0.03194 20.222807 3.68431 2.31663 18.787289 2e-06 -4e-06 10.751637 -0.479872 1.397906 1e-06 -1e-06 -1e-06 3.27381 0.305948 -0.580111 21.48683 11.830381 2.266131 8.162936 -0.0 -2e-06 18.399103 -3.798993 -4.940581 3e-06 -1e-06 0.0 9.984424 8.982379 8.04131 -0.011932 -0.233021 3.561141 -8.527316 -0.448366 -5.939208 1.629224 -1.992679 -0.63496 -0.0 0.0 2e-06 -1.35853 -2.713123 3.71535 -0.080471 0.188636 11.380445 6.07048 -16.200188 -11.430919 -1.419263 0.895555 0.101525 0.0 0.0 -1e-06 
0.0 0.0 0.0 0.0 -0.0 0.0 -1.303372 99.150978 -1.081391 -0.42792 3.918762 -4.340497 0.153521 0.114694 -4.760612 -0.601123 1.26249 -6.94435 -0.334099 -0.827985 14.884919 11.75183 -3.120636 9.875138 -1.590621 -3.382058 -3.743638 6.534865 -8.660247 -2.162909 7.7e-05 -2.3e-05 6e-06 -0.04485 0.088687 -0.010253 0.703063 -3.588087 -10.642173 -0.780864 3.754696 -10.657455 -10.181701 -2.052343 16.009533 -65.207733 -7.95043 15.096267 0.57686 -25.013412 -0.411406 -3.275681 -3.414515 -0.153275 -5.88211 9.861288 0.70259 -10.936879 -0.360576 7.156209 1e-06 8.77483 -1e-06 -15.911349 18.139906 6.105744 -1.844033 2.498504 -2.507278 -10.163606 4.678946 4.621109 -20.976034 -3e-06 4e-06 -21.226297 2.451697 -3.594 0.0 -5e-06 -0.0 -1.362683 2.2408 -0.746323 -21.334929 0.584908 3.008324 -13.821222 -2e-06 2e-06 -23.887188 -0.249079 -0.839481 -60.794777 2.803323 -1.146191 -0.294025 1.679688 0.833256 -14.218217 0.093215 1.300581 -34.212074 -0.287563 0.967171 -20.033226 0.964537 1.212844 0.0 -0.0 1e-06 -3.440391 0.788235 0.501657 -15.928198 -3.167312 2.999708 -6.338832 -1e-06 2e-06 -18.123459 3.648184 -4.905674 -2e-06 0.0 -2e-06 17.49559 12.301785 20.231363 36.198975 34.906235 11.638149 0.166469 69.827042 0.294124 2.184792 -7.841183 14.589005 2.243544 -5.255036 -3.180158 14.282896 -0.826598 6.952507 -0.0 -12.690608 5e-06 15.179854 -17.843912 2.840498 1.665668 -1.955921 -2.878301 4.727799 -4.170592 4.993929 11.020527 1e-06 -1e-06 12.109055 -3.73572 -2.866784 -0.0 -0.0 -0.0 1.291984 -1.92855 -1.49809 14.800132 0.567464 3.865611 14.242575 -1.341738 -6.66066 19.631973 0.143924 -0.648245 49.181068 -0.964628 -6.537755 0.35303 -1.511151 -0.03194 20.222799 3.684308 2.316632 18.787283 0.0 0.0 10.751632 -0.47987 1.397908 -1e-06 1e-06 -1e-06 3.273808 0.305947 -0.58011 21.48682 11.830376 2.266131 8.16293 -1e-06 -2e-06 18.39909 -3.798989 -4.940577 3e-06 0.0 -2e-06 9.815334 8.992456 8.127541 -0.010909 -0.196877 3.280967 -8.503414 -0.596715 -5.7291 1.632598 -2.009044 -0.705562 0.0 -0.0 2e-06 -1.501986 -2.540117 3.733731 -0.075611 0.163103 11.417601 6.217089 -16.541435 -11.551343 -1.412944 0.914456 0.018896 0.0 0.0 -1e-06 
0.0 0.0 0.0 0.0 -0.0 0.0 -1.238263 99.153938 -1.038632 -0.298889 4.116006 -4.304965 0.025291 0.093271 -4.666501 -0.635404 1.233227 -6.946391 -0.301753 -0.862517 15.026724 11.468862 -3.050957 10.070558 -1.540388 -3.45751 -3.722988 6.514595 -8.596464 -2.400941 7.7e-05 -2.3e-05 6e-06 -0.046065 0.09415 0.000738 0.700273 -3.580993 -10.624309 -0.781501 3.760641 -10.642453 -9.869948 -2.260049 16.044334 -65.289001 -8.095671 15.632953 0.608779 -25.319033 -0.438091 -3.514844 -3.341766 -0.699011 -5.882107 9.861286 0.70259 -10.93687 -0.360574 7.156208 -0.0 8.774826 -1e-06 -15.963298 18.118784 6.058177 -1.844032 2.498504 -2.507277 -10.163599 4.678945 4.621109 -20.976021 -1e-06 2e-06 -21.226282 2.451698 -3.594002 1e-06 -5e-06 -1e-06 -1.362682 2.240799 -0.746323 -21.334913 0.584911 3.008324 -13.821213 -1e-06 1e-06 -23.887163 -0.249076 -0.839482 -60.773563 2.781832 -1.158961 -0.294025 1.679688 0.833255 -14.218207 0.093216 1.300581 -34.212048 -0.287562 0.96717 -20.033211 0.964539 1.212843 0.0 0.0 1e-06 -3.440388 0.788233 0.501655 -15.928185 -3.167309 2.999708 -6.338827 0.0 2e-06 -18.123447 3.648185 -4.905673 -2e-06 0.0 -1e-06 18.693787 11.828079 20.794127 38.519547 32.438541 14.206908 0.428079 60.807636 0.260703 -2.60721 -5.597068 14.527438 2.243541 -5.255037 -3.180157 14.282896 -0.826595 6.952507 -1e-06 -12.690603 -1e-06 15.566746 -18.015648 2.683711 1.665667 -1.955922 -2.8783 4.727801 -4.170588 4.993925 11.020526 4e-06 -1e-06 12.109055 -3.735715 -2.866785 -0.0 0.0 0.0 1.291987 -1.928551 -1.498089 14.800134 0.56747 3.865609 14.242572 -1.341737 -6.660658 19.631969 0.143926 -0.648244 49.213074 -0.98077 -6.668517 0.35303 -1.511151 -0.03194 20.222797 3.68431 2.316633 18.787275 5e-06 1e-06 10.751629 -0.479869 1.397907 0.0 -1e-06 1e-06 3.273807 0.305947 -0.58011 21.48682 11.830376 2.266137 8.16293 0.0 -0.0 18.399088 -3.798986 -4.940575 3e-06 -1e-06 -1e-06 9.644277 8.979295 8.140732 -0.015373 -0.171761 3.128978 -8.448223 -0.717092 -5.607705 1.637481 -2.010065 -0.749628 -0.0 0.0 2e-06 -1.646859 -2.416209 3.723105 -0.076548 0.127664 11.500216 6.391466 -16.833715 -11.695506 -1.405741 0.946546 -0.054627 0.0 0.0 -1e-06 
0.0 0.0 0.0 0.0 -0.0 0.0 -1.158412 99.147209 -0.999973 -0.179224 4.35649 -4.252806 -0.110402 0.084971 -4.590537 -0.665492 1.202082 -6.944118 -0.209521 -0.902316 15.175547 11.152487 -3.010165 10.263814 -1.472085 -3.498352 -3.700325 6.429301 -8.489198 -2.517756 7.7e-05 -2.3e-05 6e-06 -0.047137 0.0945 0.010364 0.696234 -3.582206 -10.611537 -0.780544 3.764934 -10.629553 -9.505589 -2.498894 16.06732 -65.374245 -8.288303 16.341869 0.646308 -25.540737 -0.451799 -3.842269 -3.259996 -0.976301 -5.88211 9.86129 0.702589 -10.936875 -0.360574 7.156208 -0.0 8.774828 -2e-06 -16.014385 18.101315 6.011953 -1.844033 2.498504 -2.507279 -10.163604 4.678946 4.621109 -20.97603 -2e-06 2e-06 -21.226295 2.451699 -3.594001 1e-06 -6e-06 -1e-06 -1.362682 2.240799 -0.746324 -21.334921 0.584912 3.008324 -13.821218 -1e-06 1e-06 -23.887178 -0.249077 -0.839485 -60.750229 2.739769 -1.178392 -0.294025 1.679688 0.833257 -14.218214 0.093216 1.300582 -34.212059 -0.287561 0.967169 -20.033222 0.964538 1.212844 -0.0 -0.0 -0.0 -3.44039 0.788235 0.501657 -15.928191 -3.167309 2.999707 -6.33883 -0.0 1e-06 -18.123453 3.648185 -4.905673 -2e-06 -0.0 -1e-06 19.76881 11.368129 21.285021 40.567402 30.336163 16.776894 0.228022 51.568733 0.050067 -6.477853 -3.677496 13.554813 2.24354 -5.255034 -3.180157 14.282888 -0.826595 6.952501 -2e-06 -12.690598 -2e-06 16.056265 -18.262878 2.54518 1.665665 -1.955921 -2.878298 4.7278 -4.170586 4.993921 11.020524 3e-06 -1e-06 12.10905 -3.735714 -2.866783 0.0 0.0 1e-06 1.291986 -1.928549 -1.498089 14.800125 0.567468 3.865606 14.242568 -1.341738 -6.660655 19.631958 0.143926 -0.648245 49.427517 -0.926287 -6.760286 0.353029 -1.511151 -0.03194 20.222784 3.684309 2.316631 18.78727 5e-06 0.0 10.751625 -0.47987 1.397906 0.0 0.0 0.0 3.273806 0.305945 -0.58011 21.486809 11.830369 2.266135 8.162925 -0.0 0.0 18.399076 -3.798984 -4.940573 3e-06 -1e-06 -1e-06 9.459766 8.915977 8.043291 -0.019478 -0.157232 3.154002 -8.362849 -0.824352 -5.609299 1.64271 -1.999333 -0.780954 -0.0 -0.0 2e-06 -1.824193 -2.473838 3.661656 -0.079428 0.097408 11.662587 6.581468 -16.966337 -11.868764 -1.40089 0.976917 -0.124518 -0.0 0.0 -1e-06 
0.0 0.0 0.0 0.0 -0.0 0.0 -1.065524 99.146034 -0.964208 -0.070371 4.655353 -4.170845 -0.230654 0.096384 -4.538151 -0.693272 1.159756 -6.931699 -0.074255 -0.944733 15.317306 10.830384 -2.922525 10.414788 -1.426597 -3.57123 -3.675277 6.30071 -8.356465 -2.527515 7.6e-05 -2.2e-05 6e-06 -0.047959 0.089731 0.016364 0.688947 -3.592646 -10.600998 -0.775604 3.767655 -10.61712 -9.144498 -2.70275 16.00547 -65.423073 -8.490799 17.039728 0.642117 -25.744001 -0.426068 -4.228406 -3.158791 -1.023947 -5.882107 9.861284 0.702589 -10.936875 -0.360575 7.156208 2e-06 8.774826 -0.0 -16.063875 18.089539 5.970147 -1.844033 2.498504 -2.507278 -10.163603 4.678944 4.621111 -20.97603 -5e-06 2e-06 -21.226292 2.451695 -3.593999 1e-06 -6e-06 -1e-06 -1.362682 2.240799 -0.746324 -21.334921 0.584909 3.008323 -13.821219 -3e-06 3e-06 -23.887178 -0.249079 -0.839483 -60.687897 2.682636 -1.212283 -0.294025 1.679686 0.833256 -14.218213 0.093214 1.30058 -34.212063 -0.287566 0.967171 -20.033216 0.964536 1.212845 -1e-06 -0.0 -0.0 -3.440389 0.788233 0.501654 -15.928191 -3.167309 2.999708 -6.33883 -1e-06 1e-06 -18.123453 3.64818 -4.905672 -2e-06 0.0 -1e-06 20.717897 10.944734 21.763783 42.405487 28.427362 19.63298 -0.067062 42.549957 -0.150182 -9.132209 -2.463309 11.952549 2.243542 -5.255037 -3.180159 14.282896 -0.826594 6.952506 -2e-06 -12.690605 1e-06 16.397644 -18.422836 2.388541 1.665666 -1.955921 -2.878298 4.7278 -4.170588 4.993925 11.020528 3e-06 -1e-06 12.109056 -3.735717 -2.866783 -0.0 0.0 0.0 1.291988 -1.92855 -1.498091 14.800136 0.567468 3.865609 14.242579 -1.341736 -6.660658 19.631975 0.143924 -0.648244 49.638103 -0.812935 -6.77913 0.353029 -1.511151 -0.031939 20.222801 3.68431 2.316633 18.787283 3e-06 1e-06 10.751633 -0.47987 1.397907 0.0 1e-06 0.0 3.273806 0.305948 -0.58011 21.486824 11.830376 2.266136 8.162931 0.0 -0.0 18.399092 -3.798985 -4.940576 3e-06 0.0 -1e-06 9.255876 8.761903 7.887779 -0.020465 -0.149411 3.20431 -8.247381 -0.892596 -5.564027 1.645223 -1.986797 -0.812337 -0.0 -0.0 2e-06 -2.039178 -2.747164 3.611875 -0.076914 0.075562 11.753482 6.767536 -16.938154 -11.991705 -1.399049 0.994397 -0.181791 -0.0 0.0 -1e-06 
0.0 0.0 0.0 0.0 -0.0 0.0 -0.965905 99.149551 -0.926265 0.032599 5.088844 -4.064324 -0.33868 0.109893 -4.505678 -0.719448 1.096515 -6.928935 0.084702 -1.001102 15.461069 10.529244 -2.774914 10.546391 -1.43016 -3.661673 -3.6519 6.160842 -8.228449 -2.495255 7.6e-05 -2.2e-05 6e-06 -0.04897 0.082866 0.017966 0.682561 -3.606681 -10.591743 -0.771635 3.768813 -10.605911 -8.806447 -2.845789 15.867538 -65.403618 -8.731417 17.702234 0.63745 -25.966888 -0.39077 -4.661973 -3.050453 -0.915255 -5.882109 9.86129 0.702589 -10.936878 -0.360575 7.156207 1e-06 8.774831 -1e-06 -16.101742 18.108128 5.956175 -1.844033 2.498504 -2.507279 -10.163604 4.678947 4.621109 -20.976034 -4e-06 1e-06 -21.226297 2.451698 -3.594001 2e-06 -6e-06 -2e-06 -1.362683 2.2408 -0.746324 -21.334927 0.584908 3.008323 -13.821221 -3e-06 2e-06 -23.887182 -0.24908 -0.839485 -60.644302 2.640595 -1.264336 -0.294025 1.679688 0.833256 -14.218215 0.093214 1.30058 -34.212067 -0.287566 0.96717 -20.033222 0.964535 1.212843 -1e-06 0.0 -0.0 -3.44039 0.788234 0.501655 -15.928198 -3.167311 2.999706 -6.338833 -1e-06 1e-06 -18.123459 3.648184 -4.905674 -1e-06 1e-06 -1e-06 21.566055 10.533528 22.212889 44.168076 26.442736 22.74185 -0.221913 34.09021 -0.257958 -10.47693 -2.056149 9.701519 2.243544 -5.255038 -3.180159 14.282899 -0.826598 6.952505 -1e-06 -12.69061 1e-06 16.490381 -18.446318 2.229283 1.665667 -1.955922 -2.878299 4.7278 -4.17059 4.993927 11.020531 2e-06 -2e-06 12.10906 -3.735718 -2.866786 -0.0 -0.0 0.0 1.291986 -1.92855 -1.49809 14.800136 0.567467 3.86561 14.24258 -1.341736 -6.660661 19.631977 0.143926 -0.648247 49.724815 -0.716942 -6.772648 0.353028 -1.511151 -0.031941 20.222801 3.684309 2.316629 18.787285 4e-06 -3e-06 10.751634 -0.47987 1.397905 0.0 -0.0 0.0 3.273808 0.305947 -0.580111 21.486824 11.830381 2.266131 8.16293 1e-06 -1e-06 18.399096 -3.798988 -4.940581 3e-06 0.0 -1e-06 9.025306 8.473335 7.658588 -0.017171 -0.149144 3.288193 -8.113906 -0.94975 -5.596836 1.644622 -1.971085 -0.855043 -0.0 0.0 2e-06 -2.275249 -3.184825 3.600812 -0.065763 0.063488 11.761008 6.928604 -16.884661 -12.077 -1.400158 1.002125 -0.215336 0.0 0.0 -1e-06 
0.0 0.0 0.0 0.0 -0.0 0.0 -0.852889 99.155045 -0.879173 0.140085 5.699216 -3.943071 -0.440159 0.127057 -4.489377 -0.753968 0.996149 -6.935164 0.266967 -1.063545 15.592287 10.283397 -2.594726 10.681977 -1.496057 -3.718458 -3.620808 6.050301 -8.161525 -2.477891 7.7e-05 -2.2e-05 6e-06 -0.049068 0.076206 0.013592 0.676238 -3.62098 -10.584845 -0.76561 3.770133 -10.596451 -8.516804 -2.93768 15.720625 -65.328064 -9.055272 18.218 0.644306 -26.214043 -0.366308 -5.075442 -2.987082 -0.738737 -5.882106 9.861284 0.702591 -10.936873 -0.360574 7.156207 1e-06 8.774824 -2e-06 -16.062157 18.164 5.987612 -1.844033 2.498505 -2.507278 -10.163601 4.678944 4.621112 -20.976027 -4e-06 3e-06 -21.226288 2.451697 -3.593997 2e-06 -6e-06 -0.0 -1.362682 2.240798 -0.746324 -21.334917 0.584908 3.008325 -13.821214 -2e-06 3e-06 -23.887175 -0.249079 -0.839481 -60.599995 2.631511 -1.328164 -0.294025 1.679688 0.833255 -14.21821 0.093214 1.30058 -34.212051 -0.287565 0.967174 -20.033213 0.964539 1.212845 -1e-06 -0.0 -1e-06 -3.440389 0.788232 0.501657 -15.928189 -3.167309 2.999708 -6.338828 -1e-06 3e-06 -18.123449 3.648182 -4.905668 -2e-06 1e-06 -1e-06 22.327789 10.127152 22.585407 45.898067 24.084522 25.797066 -0.190681 26.607286 -0.270508 -10.390214 -2.75019 6.753381 2.243541 -5.255038 -3.180158 14.282887 -0.826594 6.952504 -2e-06 -12.690604 -1e-06 16.377905 -18.294605 2.108456 1.665665 -1.955922 -2.878299 4.727798 -4.170587 4.993925 11.020522 3e-06 -1e-06 12.10905 -3.735716 -2.866783 -0.0 0.0 -1e-06 1.291983 -1.928549 -1.498089 14.800125 0.567468 3.86561 14.242569 -1.341737 -6.660657 19.631962 0.143924 -0.648243 49.686932 -0.648854 -6.762132 0.353029 -1.51115 -0.03194 20.222788 3.684309 2.316633 18.78727 4e-06 1e-06 10.751625 -0.479869 1.397907 -0.0 -0.0 1e-06 3.273807 0.305946 -0.580111 21.486809 11.830376 2.266137 8.162928 1e-06 2e-06 18.399076 -3.798987 -4.940574 3e-06 -0.0 -1e-06 8.765353 8.069172 7.359731 -0.012576 -0.161029 3.416846 -7.968388 -1.088268 -5.631038 1.642745 -1.9445 -0.927629 -0.0 -0.0 2e-06 -2.524894 -3.722842 3.647133 -0.057221 0.060376 11.696095 7.09551 -16.924534 -12.156053 -1.401998 1.00831 -0.251681 0.0 0.0 -1e-06 
