HIERARCHY
ROOT Root
{
  OFFSET 0.0 0.0 0.0
  CHANNELS 6 Xposition Yposition Zposition Zrotation Yrotation Xrotation
  JOINT Hips
  {
    OFFSET 0.0 100.0 0.0
    CHANNELS 6 Xposition Yposition Zposition Zrotation Yrotation Xrotation
    JOINT Spine1
    {
      OFFSET -0.013727 5.003763 -0.053727
      CHANNELS 3 Zrotation Yrotation Xrotation
      JOINT Spine2
      {
        OFFSET -0.0 7.125301 -0.029825
        CHANNELS 3 Zrotation Yrotation Xrotation
        JOINT Chest
        {
          OFFSET -1e-06 7.550063 -0.815971
          CHANNELS 3 Zrotation Yrotation Xrotation
          JOINT Neck1
          {
            OFFSET -0.181677 26.311295 -0.553348
            CHANNELS 3 Zrotation Yrotation Xrotation
            JOINT Neck2
            {
              OFFSET -3e-06 7.709397 2.302585
              CHANNELS 3 Zrotation Yrotation Xrotation
              JOINT Head
              {
                OFFSET -5e-06 6.128916 1.953709
                CHANNELS 3 Zrotation Yrotation Xrotation
                JOINT HeadEnd
                {
                  OFFSET 0.003598 16.065403 -1.835379
                  CHANNELS 3 Zrotation Yrotation Xrotation
                }
                JOINT Jaw
                {
                  OFFSET 0.002637 0.475592 3.094941
                  CHANNELS 3 Zrotation Yrotation Xrotation
                }
                JOINT LeftEye
                {
                  OFFSET 3.206381 5.380205 7.586883
                  CHANNELS 3 Zrotation Yrotation Xrotation
                }
                JOINT RightEye
                {
                  OFFSET -3.22244 5.361869 7.558234
                  CHANNELS 3 Zrotation Yrotation Xrotation
                }
              }
            }
          }
          JOINT LeftShoulder
          {
            OFFSET 1.621652 23.237164 5.113413
            CHANNELS 3 Zrotation Yrotation Xrotation
            JOINT LeftArm
            {
              OFFSET 14.919846 2e-06 -5.502326
              CHANNELS 3 Zrotation Yrotation Xrotation
              JOINT LeftForeArm
              {
                OFFSET 28.739307 0.0 -0.002588
                CHANNELS 3 Zrotation Yrotation Xrotation
                JOINT LeftHand
                {
                  OFFSET 27.093981 -1e-06 0.002609
                  CHANNELS 3 Zrotation Yrotation Xrotation
                  JOINT LeftHandThumb1
                  {
                    OFFSET 2.276482 -1.392045 3.191413
                    CHANNELS 3 Zrotation Yrotation Xrotation
                    JOINT LeftHandThumb2
                    {
                      OFFSET 4.012836 -1.828127 1.641654
                      CHANNELS 3 Zrotation Yrotation Xrotation
                      JOINT LeftHandThumb3
                      {
                        OFFSET 2.798515 0.0 -3e-06
                        CHANNELS 3 Zrotation Yrotation Xrotation
                        JOINT LeftHandThumbEnd
                        {
                          OFFSET 3.180793 -4e-06 4e-06
                          CHANNELS 3 Zrotation Yrotation Xrotation
                        }
                      }
                    }
                  }
                  JOINT LeftHandIndex1
                  {
                    OFFSET 3.247555 -0.531998 2.296169
                    CHANNELS 3 Zrotation Yrotation Xrotation
                    JOINT LeftHandIndex2
                    {
                      OFFSET 6.364578 0.01206 0.1786
                      CHANNELS 3 Zrotation Yrotation Xrotation
                      JOINT LeftHandIndex3
                      {
                        OFFSET 3.662364 0.0 0.0
                        CHANNELS 3 Zrotation Yrotation Xrotation
                        JOINT LeftHandIndex4
                        {
                          OFFSET 2.329242 4e-06 4e-06
                          CHANNELS 3 Zrotation Yrotation Xrotation
                          JOINT LeftHandIndexEnd
                          {
                            OFFSET 2.759615 -0.180537 -0.113024
                            CHANNELS 3 Zrotation Yrotation Xrotation
                          }
                        }
                      }
                    }
                  }
                  JOINT LeftHandMiddle1
                  {
                    OFFSET 3.163495 0.240981 1.000332
                    CHANNELS 3 Zrotation Yrotation Xrotation
                    JOINT LeftHandMiddle2
                    {
                      OFFSET 6.19078 -0.259278 -1.002548
                      CHANNELS 3 Zrotation Yrotation Xrotation
                      JOINT LeftHandMiddle3
                      {
                        OFFSET 4.35652 -4e-06 -1e-06
                        CHANNELS 3 Zrotation Yrotation Xrotation
                        JOINT LeftHandMiddle4
                        {
                          OFFSET 2.996877 -8e-06 0.0
                          CHANNELS 3 Zrotation Yrotation Xrotation
                          JOINT LeftHandMiddleEnd
                          {
                            OFFSET 2.304287 -0.294569 -0.031741
                            CHANNELS 3 Zrotation Yrotation Xrotation
                          }
                        }
                      }
                    }
                  }
                  JOINT LeftHandRing1
                  {
                    OFFSET 2.882643 -0.053652 -0.322543
                    CHANNELS 3 Zrotation Yrotation Xrotation
                    JOINT LeftHandRing2
                    {
                      OFFSET 5.854541 -0.486202 -1.373841
                      CHANNELS 3 Zrotation Yrotation Xrotation
                      JOINT LeftHandRing3
                      {
                        OFFSET 4.350578 0.0 3e-06
                        CHANNELS 3 Zrotation Yrotation Xrotation
                        JOINT LeftHandRing4
                        {
                          OFFSET 2.651321 7e-06 2e-06
                          CHANNELS 3 Zrotation Yrotation Xrotation
                          JOINT LeftHandRingEnd
                          {
                            OFFSET 1.936105 0.077687 -7.1e-05
                            CHANNELS 3 Zrotation Yrotation Xrotation
                          }
                        }
                      }
                    }
                  }
                  JOINT LeftHandPinky1
                  {
                    OFFSET 2.8655 -0.310005 -1.600378
                    CHANNELS 3 Zrotation Yrotation Xrotation
                    JOINT LeftHandPinky2
                    {
                      OFFSET 5.087849 -1.331141 -1.77123
                      CHANNELS 3 Zrotation Yrotation Xrotation
                      JOINT LeftHandPinky3
                      {
                        OFFSET 3.070974 4e-06 0.0
                        CHANNELS 3 Zrotation Yrotation Xrotation
                        JOINT LeftHandPinky4
                        {
                          OFFSET 1.549672 0.0 1e-06
                          CHANNELS 3 Zrotation Yrotation Xrotation
                          JOINT LeftHandPinkyEnd
                          {
                            OFFSET 1.944893 -0.157802 0.057219
                            CHANNELS 3 Zrotation Yrotation Xrotation
                          }
                        }
                      }
                    }
                  }
                }
              }
            }
          }
          JOINT RightShoulder
          {
            OFFSET -1.380118 23.180309 5.214158
            CHANNELS 3 Zrotation Yrotation Xrotation
            JOINT RightArm
            {
              OFFSET -15.037196 1.2e-05 -5.545604
              CHANNELS 3 Zrotation Yrotation Xrotation
              JOINT RightForeArm
              {
                OFFSET -28.736639 2e-06 -0.002597
                CHANNELS 3 Zrotation Yrotation Xrotation
                JOINT RightHand
                {
                  OFFSET -27.133619 -0.0 0.002613
                  CHANNELS 3 Zrotation Yrotation Xrotation
                  JOINT RightHandThumb1
                  {
                    OFFSET -2.274032 -1.383988 3.163127
                    CHANNELS 3 Zrotation Yrotation Xrotation
                    JOINT RightHandThumb2
                    {
                      OFFSET -4.011429 -1.827466 1.640914
                      CHANNELS 3 Zrotation Yrotation Xrotation
                      JOINT RightHandThumb3
                      {
                        OFFSET -2.794935 -4e-06 -3e-06
                        CHANNELS 3 Zrotation Yrotation Xrotation
                        JOINT RightHandThumbEnd
                        {
                          OFFSET -3.183852 4e-06 1e-06
                          CHANNELS 3 Zrotation Yrotation Xrotation
                        }
                      }
                    }
                  }
                  JOINT RightHandIndex1
                  {
                    OFFSET -3.253266 -0.520057 2.282866
                    CHANNELS 3 Zrotation Yrotation Xrotation
                    JOINT RightHandIndex2
                    {
                      OFFSET -6.341917 0.012471 0.178266
                      CHANNELS 3 Zrotation Yrotation Xrotation
                      JOINT RightHandIndex3
                      {
                        OFFSET -3.654871 -8e-06 -0.0
                        CHANNELS 3 Zrotation Yrotation Xrotation
                        JOINT RightHandIndex4
                        {
                          OFFSET -2.327586 0.0 1e-06
                          CHANNELS 3 Zrotation Yrotation Xrotation
                          JOINT RightHandIndexEnd
                          {
                            OFFSET -2.76179 -0.180656 -0.113078
                            CHANNELS 3 Zrotation Yrotation Xrotation
                          }
                        }
                      }
                    }
                  }
                  JOINT RightHandMiddle1
                  {
                    OFFSET -3.168106 0.246593 1.00103
                    CHANNELS 3 Zrotation Yrotation Xrotation
                    JOINT RightHandMiddle2
                    {
                      OFFSET -6.180828 -0.258836 -1.000895
                      CHANNELS 3 Zrotation Yrotation Xrotation
                      JOINT RightHandMiddle3
                      {
                        OFFSET -4.348901 0.0 -0.0
                        CHANNELS 3 Zrotation Yrotation Xrotation
                        JOINT RightHandMiddle4
                        {
                          OFFSET -3.00024 -4e-06 -2e-06
                          CHANNELS 3 Zrotation Yrotation Xrotation
                          JOINT RightHandMiddleEnd
                          {
                            OFFSET -2.30252 -0.29437 -0.031706
                            CHANNELS 3 Zrotation Yrotation Xrotation
                          }
                        }
                      }
                    }
                  }
                  JOINT RightHandRing1
                  {
                    OFFSET -2.88569 -0.067952 -0.308858
                    CHANNELS 3 Zrotation Yrotation Xrotation
                    JOINT RightHandRing2
                    {
                      OFFSET -5.854198 -0.48613 -1.373731
                      CHANNELS 3 Zrotation Yrotation Xrotation
                      JOINT RightHandRing3
                      {
                        OFFSET -4.33881 -4e-06 -0.0
                        CHANNELS 3 Zrotation Yrotation Xrotation
                        JOINT RightHandRing4
                        {
                          OFFSET -2.654903 -4e-06 4e-06
                          CHANNELS 3 Zrotation Yrotation Xrotation
                          JOINT RightHandRingEnd
                          {
                            OFFSET -1.933568 0.077527 -5.2e-05
                            CHANNELS 3 Zrotation Yrotation Xrotation
                          }
                        }
                      }
                    }
                  }
                  JOINT RightHandPinky1
                  {
                    OFFSET -2.866425 -0.342796 -1.584145
                    CHANNELS 3 Zrotation Yrotation Xrotation
                    JOINT RightHandPinky2
                    {
                      OFFSET -5.091371 -1.332055 -1.772385
                      CHANNELS 3 Zrotation Yrotation Xrotation
                      JOINT RightHandPinky3
                      {
                        OFFSET -3.062664 -4e-06 1e-06
                        CHANNELS 3 Zrotation Yrotation Xrotation
                        JOINT RightHandPinky4
                        {
                          OFFSET -1.546529 4e-06 -2e-06
                          CHANNELS 3 Zrotation Yrotation Xrotation
                          JOINT RightHandPinkyEnd
                          {
                            OFFSET -1.945119 -0.157718 0.057211
                            CHANNELS 3 Zrotation Yrotation Xrotation
                          }
                        }
                      }
                    }
                  }
                }
              }
            }
          }
        }
      }
    }
    JOINT LeftLeg
    {
      OFFSET 10.043214 -8.434526 2.595655
      CHANNELS 3 Zrotation Yrotation Xrotation
      JOINT LeftShin
      {
        OFFSET -1e-06 -43.221752 -0.802913
        CHANNELS 3 Zrotation Yrotation Xrotation
        JOINT LeftFoot
        {
          OFFSET 1e-06 -42.155094 -3.481523
          CHANNELS 3 Zrotation Yrotation Xrotation
          JOINT LeftToeBase
          {
            OFFSET 0.0 -5.059472 13.231529
            CHANNELS 3 Zrotation Yrotation Xrotation
            JOINT LeftToeEnd
            {
              OFFSET -0.009607 -1.647619 6.513017
              CHANNELS 3 Zrotation Yrotation Xrotation
            }
          }
        }
      }
    }
    JOINT RightLeg
    {
      OFFSET -10.047278 -8.29526 2.620317
      CHANNELS 3 Zrotation Yrotation Xrotation
      JOINT RightShin
      {
        OFFSET 1e-06 -43.362206 -0.805556
        CHANNELS 3 Zrotation Yrotation Xrotation
        JOINT RightFoot
        {
          OFFSET 2e-06 -42.117393 -3.478398
          CHANNELS 3 Zrotation Yrotation Xrotation
          JOINT RightToeBase
          {
            OFFSET -0.0 -5.079609 13.284196
            CHANNELS 3 Zrotation Yrotation Xrotation
            JOINT RightToeEnd
            {
              OFFSET 0.009532 -1.634378 6.460591
              CHANNELS 3 Zrotation Yrotation Xrotation
            }
          }
        }
      }
    }
  }
}
MOTION
Frames: 270
Frame Time: 0.03333333333333333
0.0 0.0 0.0 0.0 -0.0 0.0 -0.257554 98.709068 0.014395 -1.008349 -0.362289 -5.769621 -0.858299 0.241856 -0.016003 -0.824187 0.183496 -4.806362 -0.851855 -1.494415 10.571328 17.306366 -4.074427 5.39908 -0.631569 0.132277 -3.838178 6.161376 -2.523733 -5.302465 7.6e-05 -2.3e-05 6e-06 -0.079714 0.075769 -0.018715 0.668375 -3.61919 -10.705884 -0.81488 3.768839 -10.744697 -16.829962 -5.801783 14.924294 -53.304836 -13.159024 32.739498 0.274829 -24.49478 -0.027954 -3.498427 -2.871735 -4.749706 -5.88211 9.861289 0.70259 -10.936875 -0.360575 7.156204 -1e-06 8.774828 -1e-06 -15.901668 18.278801 6.060636 -1.844033 2.498506 -2.507276 -10.163604 4.678946 4.621109 -20.976032 -0.0 2e-06 -21.226299 2.451699 -3.594005 1e-06 -5e-06 -2e-06 -1.362683 2.240799 -0.746322 -21.334925 0.584912 3.008321 -13.82122 -2e-06 -1e-06 -23.887178 -0.249079 -0.839484 -59.749043 2.427389 -1.456309 -0.294025 1.679688 0.833257 -14.218214 0.093217 1.300581 -34.212067 -0.287563 0.967165 -20.033226 0.964535 1.212841 1e-06 1e-06 1e-06 -3.440389 0.788234 0.501656 -15.928192 -3.167309 2.999705 -6.338828 0.0 -1e-06 -18.123455 3.648182 -4.905674 -2e-06 1e-06 -2e-06 16.776049 9.637856 15.43758 49.179855 5.562313 -4.345404 1.702119 12.548219 0.218407 17.078964 3.739512 -11.368301 2.243543 -5.255041 -3.180158 14.282896 -0.826595 6.952504 -1e-06 -12.690617 -1e-06 15.998205 -17.991474 2.609682 1.665667 -1.955923 -2.878299 4.7278 -4.170591 4.993925 11.02053 2e-06 -2e-06 12.109058 -3.73572 -2.866787 1e-06 0.0 0.0 1.291986 -1.928552 -1.49809 14.800134 0.567468 3.865608 14.242579 -1.34174 -6.660661 19.631977 0.143927 -0.648246 49.591206 -0.49886 -6.431253 0.353029 -1.511152 -0.03194 20.222795 3.684313 2.31663 18.787277 5e-06 -2e-06 10.751632 -0.479868 1.397905 -1e-06 -0.0 -0.0 3.273808 0.305947 -0.580111 21.486818 11.830385 2.266134 8.16293 1e-06 -1e-06 18.399086 -3.798989 -4.94058 2e-06 0.0 -0.0 13.103326 10.599174 3.390802 -0.075997 -0.161775 9.628119 -14.286063 -1.581575 -4.925908 1.583522 -2.006112 -0.150198 0.0 -0.0 2e-06 -11.084332 -14.913392 8.924519 -0.041174 -0.07753 3.333869 11.369733 -5.711035 -3.749758 -1.424686 0.992754 1.057506 -0.0 -0.0 -1e-06 
0.0 0.0 0.0 0.0 -0.0 0.0 -0.220136 98.740372 0.072833 -1.032931 -0.515704 -5.728194 -0.931839 0.233871 0.008274 -0.817197 0.228404 -4.798494 -0.953085 -1.474629 10.433161 17.789288 -4.181718 5.165663 -0.685653 -0.045818 -3.825943 6.15077 -2.828226 -5.271034 7.5e-05 -2.3e-05 6e-06 -0.072765 0.076254 -0.020116 0.672821 -3.618433 -10.701423 -0.804945 3.767418 -10.730906 -16.594152 -5.961738 14.862509 -53.791595 -12.897848 32.365143 0.274202 -24.283569 -0.102752 -3.376117 -2.863908 -4.837484 -5.882111 9.86129 0.70259 -10.936875 -0.360573 7.156205 -0.0 8.774827 -2e-06 -15.979894 18.261948 5.978402 -1.844034 2.498506 -2.507278 -10.163604 4.678948 4.621108 -20.976034 -1e-06 -1e-06 -21.226297 2.4517 -3.594005 1e-06 -5e-06 -2e-06 -1.362682 2.240799 -0.746325 -21.334925 0.584912 3.008321 -13.821221 -0.0 -0.0 -23.887182 -0.249079 -0.839488 -59.687 2.427316 -1.430611 -0.294024 1.679688 0.833255 -14.218215 0.093216 1.300582 -34.212067 -0.287562 0.967165 -20.033222 0.964537 1.212838 1e-06 1e-06 0.0 -3.440389 0.788233 0.501656 -15.928194 -3.167309 2.999707 -6.338829 -1e-06 0.0 -18.123457 3.648183 -4.905674 -3e-06 1e-06 -1e-06 16.859304 9.815153 15.186354 46.38179 5.933444 -8.801596 1.303527 12.345491 0.181624 16.053991 1.661899 -14.219425 2.243542 -5.255038 -3.180158 14.282894 -0.826595 6.952503 -2e-06 -12.690609 1e-06 16.00379 -17.994743 2.788804 1.665666 -1.955921 -2.878299 4.727799 -4.170588 4.993925 11.020529 3e-06 -2e-06 12.109053 -3.735717 -2.866784 -0.0 0.0 -0.0 1.291987 -1.92855 -1.498089 14.800132 0.567467 3.865607 14.242577 -1.341737 -6.660659 19.631971 0.143926 -0.648246 50.082764 -0.511283 -6.252603 0.353029 -1.511151 -0.03194 20.222797 3.68431 2.316629 18.787279 4e-06 -2e-06 10.751629 -0.479869 1.397905 -1e-06 0.0 0.0 3.273807 0.305948 -0.580111 21.486816 11.830377 2.266131 8.16293 1e-06 -1e-06 18.399088 -3.798986 -4.940577 2e-06 0.0 -0.0 13.170179 10.913724 3.633222 -0.099826 -0.218866 9.250813 -14.269303 -1.558117 -4.797227 1.58495 -2.039935 -0.260828 0.0 0.0 2e-06 -11.007523 -14.743519 9.195803 -0.059988 -0.102734 2.753824 11.291698 -5.678352 -3.449776 -1.429875 0.959086 1.051026 -0.0 -0.0 -1e-06 
0.0 0.0 0.0 0.0 -0.0 0.0 -0.177797 98.743187 0.131412 -1.020953 -0.650495 -5.707925 -1.021832 0.21619 0.01571 -0.81525 0.252588 -4.78741 -1.028971 -1.426366 10.347889 18.21789 -4.259737 4.92279 -0.767295 -0.330102 -3.851858 6.051411 -3.208267 -5.060735 7.6e-05 -2.3e-05 6e-06 -0.07038 0.05985 -0.021197 0.674248 -3.631754 -10.708415 -0.801189 3.746249 -10.739558 -16.468683 -6.103341 14.859305 -54.250824 -12.575551 31.734221 0.325078 -24.085098 -0.185568 -3.223984 -2.751217 -5.444714 -5.882105 9.861286 0.702593 -10.936872 -0.360577 7.156208 2e-06 8.774828 0.0 -16.008011 18.253202 5.92815 -1.844032 2.498505 -2.507278 -10.163601 4.678945 4.62111 -20.976027 -8e-06 5e-06 -21.226292 2.451694 -3.593997 2e-06 -6e-06 -2e-06 -1.362681 2.240798 -0.746324 -21.334917 0.584905 3.008324 -13.821217 -4e-06 3e-06 -23.887175 -0.249082 -0.839479 -59.625298 2.441915 -1.48488 -0.294025 1.679688 0.833256 -14.21821 0.093212 1.300581 -34.212063 -0.28757 0.967174 -20.033215 0.964535 1.212848 1e-06 -0.0 -1e-06 -3.440389 0.788232 0.501656 -15.928191 -3.167314 2.999708 -6.338827 -3e-06 1e-06 -18.123447 3.64818 -4.905669 -3e-06 1e-06 -2e-06 16.808847 9.962012 14.775443 43.400063 6.171787 -14.482477 0.942968 13.090639 0.176364 13.833895 -0.531648 -18.616058 2.243542 -5.255036 -3.180156 14.28289 -0.826595 6.952499 -2e-06 -12.6906 1e-06 15.852613 -18.026262 3.094435 1.665667 -1.955922 -2.878298 4.727799 -4.170587 4.993922 11.020526 2e-06 -2e-06 12.109053 -3.735714 -2.866784 -0.0 0.0 0.0 1.291986 -1.928549 -1.498088 14.800125 0.567468 3.865605 14.242569 -1.341736 -6.660656 19.631964 0.143926 -0.648246 50.462421 -0.514632 -6.080632 0.353028 -1.511149 -0.03194 20.222786 3.684308 2.316628 18.78727 5e-06 -2e-06 10.751626 -0.479869 1.397905 -1e-06 0.0 1e-06 3.273807 0.305946 -0.580111 21.486813 11.830371 2.26613 8.162926 2e-06 -2e-06 18.399078 -3.798982 -4.940576 4e-06 1e-06 -1e-06 13.189793 11.237407 3.738443 -0.096044 -0.270964 9.184873 -14.191253 -1.667222 -4.7956 1.588295 -2.043497 -0.341799 0.0 -0.0 2e-06 -11.048792 -14.604659 9.230034 -0.048246 -0.106433 2.650176 11.379648 -5.609353 -3.373946 -1.431359 0.981485 1.027351 -0.0 0.0 -1e-06 
0.0 0.0 0.0 0.0 -0.0 0.0 -0.134303 98.728096 0.186228 -1.016886 -0.811043 -5.722682 -1.103069 0.198525 0.043249 -0.799848 0.301951 -4.782783 -1.070311 -1.369357 10.270036 18.553789 -4.407515 4.763495 -0.818904 -0.545186 -3.871355 5.928493 -3.502373 -4.835457 7.6e-05 -2.2e-05 6e-06 -0.072564 0.0402 -0.027621 0.673847 -3.646441 -10.724812 -0.804599 3.720177 -10.759489 -16.3438 -6.183407 14.882523 -54.720909 -12.279593 31.195103 0.418147 -23.868494 -0.246715 -2.998869 -2.656826 -6.175395 -5.882109 9.861289 0.702591 -10.936878 -0.360574 7.156209 1e-06 8.77483 -0.0 -15.950901 18.207775 5.923042 -1.844034 2.498505 -2.507277 -10.163605 4.678947 4.62111 -20.976034 -4e-06 4e-06 -21.226299 2.451697 -3.593999 1e-06 -5e-06 -1e-06 -1.362682 2.240798 -0.746324 -21.334925 0.58491 3.008323 -13.82122 -1e-06 3e-06 -23.887182 -0.249081 -0.839484 -59.618774 2.442776 -1.509501 -0.294026 1.679689 0.833256 -14.218217 0.093214 1.30058 -34.212067 -0.287566 0.967169 -20.033222 0.964536 1.212844 1e-06 -0.0 0.0 -3.44039 0.788234 0.501656 -15.928194 -3.167311 2.999707 -6.33883 -1e-06 -1e-06 -18.123457 3.648183 -4.905673 -2e-06 1e-06 -1e-06 16.523308 10.132179 14.254387 40.47419 6.332928 -20.573723 0.440376 14.832455 0.147654 10.959735 -2.663225 -23.945148 2.243542 -5.255037 -3.180158 14.282894 -0.826596 6.952503 -1e-06 -12.690603 2e-06 15.523434 -17.971033 3.382471 1.665666 -1.955922 -2.878299 4.727799 -4.170588 4.993926 11.020527 3e-06 -1e-06 12.109053 -3.735716 -2.866786 -1e-06 -0.0 0.0 1.291987 -1.928548 -1.498089 14.800132 0.567467 3.86561 14.242576 -1.341736 -6.66066 19.631969 0.143925 -0.648248 50.61459 -0.54673 -5.913821 0.353029 -1.511151 -0.03194 20.222797 3.684309 2.316631 18.787275 4e-06 -1e-06 10.75163 -0.479869 1.397906 -0.0 2e-06 0.0 3.273806 0.305946 -0.580111 21.486814 11.83037 2.266132 8.162928 1e-06 -0.0 18.399086 -3.798985 -4.940576 4e-06 -0.0 -1e-06 13.212937 11.500768 3.771912 -0.083916 -0.317456 9.346105 -14.108328 -1.719239 -4.914666 1.592556 -2.024898 -0.444677 0.0 0.0 2e-06 -11.081112 -14.458961 9.207603 -0.03394 -0.099861 2.736844 11.509423 -5.524806 -3.441236 -1.430604 1.011959 0.935979 0.0 0.0 -1e-06 
0.0 0.0 0.0 0.0 -0.0 0.0 -0.092621 98.702759 0.248729 -1.003195 -0.994682 -5.75637 -1.164942 0.206121 0.080304 -0.78441 0.363018 -4.775224 -1.118124 -1.320199 10.157838 18.845787 -4.611392 4.685712 -0.839524 -0.714965 -3.857248 5.794339 -3.724868 -4.625141 7.5e-05 -2.2e-05 6e-06 -0.073735 0.034433 -0.032422 0.675074 -3.645841 -10.726657 -0.807402 3.706698 -10.762437 -16.174635 -6.207187 14.937308 -55.178429 -12.055367 30.892065 0.496013 -23.615292 -0.270375 -2.77543 -2.526342 -6.803356 -5.882109 9.861285 0.70259 -10.936873 -0.360574 7.156205 -1e-06 8.774822 -0.0 -15.879485 18.148298 5.944993 -1.844034 2.498504 -2.507277 -10.163601 4.678944 4.621108 -20.976027 -2e-06 -1e-06 -21.22629 2.451697 -3.594 2e-06 -5e-06 -1e-06 -1.362682 2.240797 -0.746325 -21.334915 0.584911 3.00832 -13.821215 -2e-06 -0.0 -23.887173 -0.24908 -0.839484 -59.668499 2.454742 -1.479699 -0.294025 1.679687 0.833256 -14.21821 0.093216 1.300579 -34.212051 -0.287563 0.967163 -20.033216 0.964535 1.21284 2e-06 1e-06 0.0 -3.44039 0.788234 0.501657 -15.928189 -3.167309 2.999704 -6.338826 -1e-06 -2e-06 -18.123451 3.648181 -4.905673 -3e-06 1e-06 -1e-06 15.929209 10.396238 13.705976 37.504761 6.526543 -26.313456 -0.194355 17.306158 0.049896 7.918399 -5.071618 -28.917511 2.24354 -5.255036 -3.180156 14.282887 -0.826594 6.952501 -2e-06 -12.690604 2e-06 15.21979 -17.704735 3.544709 1.665666 -1.955921 -2.878297 4.727797 -4.170587 4.993924 11.020524 3e-06 -1e-06 12.10905 -3.735714 -2.866781 0.0 1e-06 -0.0 1.291985 -1.928549 -1.498087 14.800125 0.56747 3.865606 14.242569 -1.341737 -6.660656 19.631968 0.143927 -0.648245 50.551006 -0.6051 -5.724181 0.353029 -1.511151 -0.03194 20.222788 3.684311 2.31663 18.78727 5e-06 -1e-06 10.751627 -0.479868 1.397906 1e-06 1e-06 -0.0 3.273804 0.305947 -0.58011 21.486809 11.830376 2.266129 8.162925 1e-06 -2e-06 18.399076 -3.798986 -4.940575 3e-06 -2e-06 -1e-06 13.218503 11.663179 3.801066 -0.076868 -0.345799 9.577041 -13.997888 -1.659912 -5.102178 1.597442 -2.000318 -0.503765 -0.0 -0.0 2e-06 -11.129315 -14.331948 9.13087 -0.023969 -0.0805 2.953104 11.68467 -5.39908 -3.593181 -1.428789 1.026014 0.853881 -0.0 0.0 -1e-06 
0.0 0.0 0.0 0.0 -0.0 0.0 -0.057545 98.673019 0.332139 -0.98926 -1.175271 -5.807053 -1.192662 0.229997 0.122675 -0.770127 0.425308 -4.7676 -1.186414 -1.282868 10.00192 19.086355 -4.836937 4.722085 -0.86103 -0.849647 -3.83196 5.689636 -3.90032 -4.408798 7.6e-05 -2.2e-05 6e-06 -0.072951 0.049232 -0.031119 0.677178 -3.626339 -10.715518 -0.807173 3.715607 -10.747746 -16.013546 -6.193118 14.994517 -55.506706 -11.868025 30.89588 0.547388 -23.404308 -0.281416 -2.639194 -2.364848 -7.183408 -5.882114 9.861293 0.702589 -10.936881 -0.360573 7.156206 -1e-06 8.774831 -1e-06 -15.845002 18.103106 5.975637 -1.844035 2.498507 -2.507279 -10.163612 4.678951 4.62111 -20.976048 0.0 -3e-06 -21.226315 2.4517 -3.594007 2e-06 -5e-06 -1e-06 -1.362683 2.2408 -0.746325 -21.334934 0.584913 3.008319 -13.821227 -1e-06 -3e-06 -23.887194 -0.249079 -0.83949 -59.809898 2.475435 -1.420999 -0.294026 1.679689 0.833256 -14.218224 0.093218 1.300578 -34.21209 -0.287562 0.96716 -20.033237 0.964537 1.212837 2e-06 -0.0 -1e-06 -3.440392 0.788234 0.501654 -15.928201 -3.167309 2.999704 -6.338832 -1e-06 -3e-06 -18.123466 3.648186 -4.905677 -2e-06 1e-06 -1e-06 15.015744 10.739526 13.139317 34.519058 6.734185 -31.564341 -0.882745 20.20048 -0.124836 4.909197 -7.878928 -32.362183 2.243543 -5.255037 -3.180157 14.282892 -0.826595 6.952499 -3e-06 -12.690609 3e-06 15.040722 -17.40959 3.639836 1.665667 -1.95592 -2.8783 4.727799 -4.170588 4.993925 11.020527 4e-06 -4e-06 12.109053 -3.735714 -2.866785 0.0 -0.0 1e-06 1.291984 -1.92855 -1.498089 14.800129 0.567469 3.865605 14.242572 -1.341735 -6.660659 19.631969 0.143927 -0.648246 50.425961 -0.66168 -5.551173 0.353031 -1.511152 -0.031938 20.222794 3.684312 2.316625 18.787273 7e-06 -4e-06 10.751628 -0.479867 1.397904 0.0 3e-06 1e-06 3.273806 0.305948 -0.580112 21.486818 11.830381 2.26613 8.162927 2e-06 -1e-06 18.399084 -3.798985 -4.940577 4e-06 -0.0 -2e-06 13.225781 11.739594 3.86494 -0.078086 -0.350714 9.798402 -13.886099 -1.556829 -5.313404 1.60092 -1.979331 -0.463701 0.0 -0.0 2e-06 -11.172678 -14.189159 9.07092 -0.018709 -0.04679 3.192213 11.843709 -5.306722 -3.778157 -1.428492 1.027766 0.854429 -0.0 0.0 -1e-06 
0.0 0.0 0.0 0.0 -0.0 0.0 -0.022264 98.644867 0.432405 -0.963773 -1.309341 -5.879689 -1.187185 0.250691 0.167748 -0.755094 0.501505 -4.752694 -1.287172 -1.260331 9.818002 19.247778 -5.050608 4.821235 -0.889061 -0.946153 -3.809771 5.592636 -4.001701 -4.176628 7.6e-05 -2.2e-05 6e-06 -0.072937 0.078331 -0.029589 0.673475 -3.594802 -10.699282 -0.802768 3.741032 -10.723658 -15.899405 -6.167972 15.058462 -55.657028 -11.737087 31.240053 0.576018 -23.236223 -0.294697 -2.590483 -2.204862 -7.315415 -5.882111 9.861293 0.702592 -10.93688 -0.360575 7.156209 0.0 8.774832 0.0 -15.867689 18.070776 5.998608 -1.844034 2.498507 -2.507277 -10.163609 4.678949 4.621113 -20.97604 -2e-06 2e-06 -21.226305 2.451701 -3.594002 1e-06 -5e-06 -1e-06 -1.362682 2.240799 -0.746324 -21.33493 0.58491 3.008324 -13.821226 -3e-06 2e-06 -23.887192 -0.24908 -0.839483 -59.993977 2.485238 -1.344399 -0.294025 1.679689 0.833255 -14.218221 0.093215 1.300581 -34.212082 -0.287564 0.96717 -20.033232 0.964537 1.212844 1e-06 -0.0 -1e-06 -3.440391 0.788234 0.501657 -15.928201 -3.167312 2.999708 -6.338832 -1e-06 0.0 -18.123463 3.648186 -4.905674 -3e-06 1e-06 -2e-06 13.795704 11.131525 12.500648 31.648241 6.893032 -36.660168 -1.425528 23.355244 -0.2953 1.906983 -10.97611 -33.828156 2.243542 -5.255037 -3.180155 14.282885 -0.826593 6.952498 0.0 -12.690598 -1e-06 14.927271 -17.184801 3.674683 1.665666 -1.955921 -2.878298 4.727797 -4.170587 4.99392 11.02052 2e-06 -4e-06 12.109046 -3.735714 -2.866787 -1e-06 -0.0 -1e-06 1.291985 -1.928548 -1.498089 14.800118 0.567468 3.865604 14.242564 -1.341738 -6.660656 19.631958 0.143927 -0.648246 50.219994 -0.722286 -5.459367 0.353027 -1.511151 -0.031938 20.222782 3.684307 2.316626 18.78726 6e-06 -4e-06 10.75162 -0.47987 1.397904 0.0 1e-06 1e-06 3.273806 0.305946 -0.580111 21.486799 11.830368 2.266128 8.162922 1e-06 -2e-06 18.399071 -3.798984 -4.940577 3e-06 -0.0 -1e-06 13.22024 11.764522 3.985749 -0.084123 -0.347143 9.944582 -13.819597 -1.459937 -5.495782 1.602783 -1.960174 -0.378833 -0.0 -0.0 2e-06 -11.234853 -14.054694 9.088528 -0.016969 -0.006964 3.368267 11.971031 -5.264715 -3.944762 -1.428407 1.02124 0.89684 -0.0 0.0 -1e-06 
0.0 0.0 0.0 0.0 -0.0 0.0 0.022205 98.624466 0.544234 -0.926484 -1.386037 -5.954088 -1.149603 0.264234 0.202906 -0.738052 0.596823 -4.734262 -1.41502 -1.279544 9.617949 19.31595 -5.207717 4.957978 -0.9337 -1.043887 -3.796525 5.451219 -4.049719 -3.880731 7.5e-05 -2.2e-05 6e-06 -0.074977 0.11095 -0.02979 0.663057 -3.560073 -10.678805 -0.795895 3.770121 -10.694473 -15.84846 -6.132581 15.106702 -55.642113 -11.653274 31.752941 0.545876 -23.084154 -0.290271 -2.623989 -2.049697 -7.232907 -5.88211 9.861292 0.70259 -10.936878 -0.360576 7.156204 1e-06 8.77483 -0.0 -15.913685 18.04471 6.010298 -1.844034 2.498505 -2.507279 -10.163606 4.678946 4.621108 -20.976038 -4e-06 -0.0 -21.226301 2.451697 -3.594001 2e-06 -6e-06 -1e-06 -1.362683 2.2408 -0.746322 -21.334929 0.584909 3.008322 -13.821222 -3e-06 -1e-06 -23.887184 -0.249079 -0.839486 -60.153873 2.504291 -1.260886 -0.294025 1.679688 0.833257 -14.218217 0.093215 1.30058 -34.212078 -0.287566 0.967167 -20.033226 0.964534 1.212843 1e-06 1e-06 -1e-06 -3.440391 0.788235 0.501654 -15.928198 -3.167311 2.999704 -6.33883 -2e-06 -2e-06 -18.123459 3.648185 -4.905674 -2e-06 1e-06 0.0 12.305659 11.554467 11.764201 28.880247 7.020306 -41.957966 -1.638516 26.857632 -0.341914 -1.192327 -14.212579 -32.989857 2.243545 -5.255038 -3.180157 14.282888 -0.826596 6.952499 -1e-06 -12.690609 -0.0 14.824856 -17.04833 3.646246 1.665667 -1.955923 -2.8783 4.727797 -4.17059 4.993922 11.020526 2e-06 -4e-06 12.109052 -3.735719 -2.86679 0.0 0.0 -2e-06 1.291986 -1.928551 -1.49809 14.800125 0.567467 3.865605 14.242571 -1.341736 -6.660664 19.631962 0.143929 -0.64825 49.981182 -0.782378 -5.453644 0.353029 -1.511151 -0.03194 20.222788 3.68431 2.316625 18.787273 4e-06 -5e-06 10.751627 -0.479869 1.397904 1e-06 0.0 1e-06 3.273806 0.305946 -0.580112 21.486809 11.83038 2.266129 8.162926 1e-06 -1e-06 18.39908 -3.798985 -4.940581 3e-06 0.0 -1e-06 13.183755 11.736721 4.144827 -0.088357 -0.341276 9.991694 -13.787906 -1.347885 -5.635143 1.60294 -1.93693 -0.287113 -0.0 -0.0 2e-06 -11.313859 -13.926336 9.209233 -0.01724 0.035575 3.384838 12.056779 -5.287712 -4.039184 -1.429118 1.009977 0.929378 -0.0 1e-06 -1e-06 
0.0 0.0 0.0 0.0 -0.0 0.0 0.064396 98.606911 0.651062 -0.884936 -1.418645 -6.0351 -1.093572 0.26306 0.236433 -0.71578 0.686596 -4.720184 -1.53062 -1.330041 9.421367 19.28953 -5.304293 5.12706 -0.987655 -1.122129 -3.785286 5.228621 -4.054391 -3.578585 7.7e-05 -2.2e-05 6e-06 -0.07397 0.135865 -0.032772 0.654832 -3.534343 -10.663829 -0.78537 3.793101 -10.670659 -15.846917 -6.077094 15.121479 -55.5214 -11.6149 32.373497 0.476857 -22.896723 -0.274857 -2.667273 -1.960831 -6.941089 -5.88211 9.861293 0.702591 -10.936878 -0.360575 7.156212 1e-06 8.774833 0.0 -15.981039 18.047232 6.007412 -1.844034 2.498507 -2.507277 -10.163605 4.678948 4.62111 -20.976038 -5e-06 2e-06 -21.226301 2.451698 -3.594004 2e-06 -6e-06 -1e-06 -1.362682 2.2408 -0.746324 -21.334929 0.584908 3.008326 -13.821224 -4e-06 3e-06 -23.887186 -0.24908 -0.839484 -60.289822 2.530944 -1.179187 -0.294024 1.679689 0.833256 -14.218218 0.093215 1.30058 -34.212074 -0.287567 0.967171 -20.03323 0.964535 1.212843 2e-06 -0.0 -1e-06 -3.440391 0.788234 0.501655 -15.928201 -3.167314 2.999709 -6.338831 -2e-06 -0.0 -18.123459 3.648183 -4.905674 -2e-06 1e-06 -2e-06 10.620608 12.02914 10.951038 26.187399 7.17856 -47.307095 -1.565193 30.799746 -0.201398 -4.463959 -17.270592 -30.074972 2.243544 -5.255037 -3.180159 14.282894 -0.826596 6.952504 -1e-06 -12.69061 1e-06 14.731058 -16.970888 3.536091 1.665666 -1.955922 -2.878299 4.727801 -4.170591 4.993927 11.02053 4e-06 -2e-06 12.109058 -3.735717 -2.866786 0.0 -0.0 -1e-06 1.291986 -1.92855 -1.49809 14.800132 0.567468 3.865607 14.242577 -1.341735 -6.660661 19.631971 0.143929 -0.648246 49.784397 -0.813464 -5.521404 0.353029 -1.511151 -0.031939 20.222797 3.684312 2.316628 18.787281 5e-06 -3e-06 10.751631 -0.479871 1.397905 -1e-06 0.0 -0.0 3.273806 0.305947 -0.580112 21.48682 11.830382 2.266131 8.16293 1e-06 -1e-06 18.399092 -3.798987 -4.940579 3e-06 -0.0 -1e-06 13.125841 11.633662 4.307794 -0.088574 -0.332207 10.003326 -13.768162 -1.195569 -5.75807 1.602636 -1.909139 -0.222543 -0.0 -0.0 2e-06 -11.400698 -13.814164 9.363839 -0.018282 0.074936 3.3648 12.126302 -5.30082 -4.11215 -1.430246 0.997136 0.94735 0.0 0.0 -1e-06 
0.0 0.0 0.0 0.0 -0.0 0.0 0.100305 98.590805 0.748342 -0.842313 -1.468977 -6.122412 -1.024072 0.257703 0.279753 -0.6931 0.75585 -4.704709 -1.593946 -1.399946 9.215102 19.151339 -5.350666 5.302308 -1.024271 -1.146073 -3.771744 4.956943 -4.016574 -3.318645 7.7e-05 -2.3e-05 6e-06 -0.069249 0.152058 -0.038673 0.654745 -3.517785 -10.655293 -0.775715 3.807933 -10.651584 -15.871655 -6.010264 15.087161 -55.37014 -11.626176 33.090961 0.401399 -22.645544 -0.259775 -2.724701 -1.960382 -6.452452 -5.882107 9.861286 0.70259 -10.936873 -0.360576 7.156205 1e-06 8.774826 0.0 -16.060446 18.062685 5.996047 -1.844032 2.498505 -2.507278 -10.163604 4.678945 4.621108 -20.976036 -6e-06 2e-06 -21.226295 2.451694 -3.594 1e-06 -6e-06 -1e-06 -1.362682 2.240799 -0.746324 -21.334921 0.584907 3.008321 -13.821218 -4e-06 2e-06 -23.887178 -0.249083 -0.839483 -60.440643 2.54494 -1.07814 -0.294024 1.679688 0.833255 -14.218213 0.093213 1.300579 -34.212063 -0.287569 0.96717 -20.033216 0.964534 1.212844 1e-06 -0.0 -1e-06 -3.440389 0.788232 0.501655 -15.928191 -3.167313 2.999707 -6.338827 -3e-06 -2e-06 -18.123451 3.64818 -4.90567 -3e-06 1e-06 -1e-06 8.824127 12.575841 10.088137 23.585232 7.435668 -52.292984 -1.28791 35.216728 0.146483 -8.015295 -19.754747 -25.76284 2.243542 -5.255037 -3.180158 14.282892 -0.826595 6.952503 -0.0 -12.690605 3e-06 14.635371 -16.910297 3.375675 1.665666 -1.955922 -2.878298 4.727799 -4.170588 4.993924 11.020527 3e-06 -2e-06 12.109052 -3.735717 -2.866784 1e-06 -0.0 -0.0 1.291986 -1.92855 -1.49809 14.800129 0.567467 3.865607 14.242571 -1.341736 -6.660659 19.631966 0.143926 -0.648246 49.684856 -0.78552 -5.612245 0.353028 -1.51115 -0.03194 20.22279 3.684309 2.316629 18.787273 4e-06 -1e-06 10.751626 -0.479869 1.397905 -1e-06 0.0 0.0 3.273807 0.305947 -0.58011 21.486813 11.830376 2.266131 8.162928 1e-06 -1e-06 18.39908 -3.798986 -4.940575 2e-06 0.0 -1e-06 13.061318 11.489494 4.492419 -0.08705 -0.316857 9.978488 -13.724716 -1.00465 -5.872197 1.602187 -1.884839 -0.185012 -0.0 -0.0 2e-06 -11.494512 -13.713568 9.500561 -0.013002 0.108743 3.368305 12.18968 -5.268535 -4.176279 -1.430771 0.985328 0.954147 0.0 0.0 -1e-06 
0.0 0.0 0.0 0.0 -0.0 0.0 0.125736 98.570671 0.833683 -0.804777 -1.518406 -6.213101 -0.936345 0.258211 0.331765 -0.676492 0.801758 -4.680933 -1.600112 -1.455989 9.004367 18.95175 -5.384806 5.436738 -1.068004 -1.122304 -3.761069 4.680673 -3.948258 -3.112938 7.6e-05 -2.2e-05 6e-06 -0.061934 0.161731 -0.045862 0.661205 -3.509627 -10.654638 -0.767514 3.818155 -10.638695 -15.917913 -5.984638 15.038914 -55.188354 -11.710711 33.844978 0.31344 -22.360422 -0.235702 -2.762403 -2.071 -5.818437 -5.882117 9.861299 0.70259 -10.93689 -0.360575 7.156211 1e-06 8.774837 -1e-06 -16.143511 18.081495 5.970307 -1.844036 2.498507 -2.50728 -10.163618 4.678951 4.621114 -20.976057 -4e-06 2e-06 -21.226324 2.451699 -3.594005 1e-06 -6e-06 -2e-06 -1.362684 2.240801 -0.746324 -21.334948 0.584911 3.008323 -13.821238 -3e-06 1e-06 -23.887211 -0.249081 -0.839485 -60.578663 2.54076 -0.999667 -0.294025 1.67969 0.833258 -14.218232 0.093215 1.300582 -34.212112 -0.287566 0.967168 -20.033249 0.964535 1.212842 1e-06 1e-06 -1e-06 -3.440394 0.788235 0.501655 -15.928213 -3.167313 2.999709 -6.338837 -2e-06 -2e-06 -18.123476 3.648185 -4.90568 -2e-06 1e-06 -2e-06 7.00249 13.126434 9.194376 21.003761 7.833108 -56.583042 -0.909573 40.254307 0.679218 -11.755027 -21.334721 -20.764351 2.243543 -5.255041 -3.18016 14.282896 -0.826596 6.952506 -1e-06 -12.690612 -1e-06 14.55584 -16.910831 3.202973 1.665668 -1.955923 -2.878301 4.727799 -4.170591 4.993927 11.020529 2e-06 -2e-06 12.109057 -3.735719 -2.866788 2e-06 0.0 1e-06 1.291986 -1.928551 -1.498091 14.800136 0.567468 3.86561 14.242579 -1.341738 -6.660663 19.631973 0.143927 -0.648247 49.721024 -0.72089 -5.749411 0.353029 -1.511152 -0.03194 20.222795 3.684312 2.31663 18.787283 4e-06 -2e-06 10.751633 -0.479869 1.397906 0.0 0.0 -0.0 3.273808 0.305947 -0.580112 21.48682 11.830382 2.266134 8.162928 0.0 -0.0 18.399086 -3.798989 -4.94058 3e-06 0.0 -1e-06 12.997728 11.310007 4.646694 -0.081436 -0.306756 10.001077 -13.693929 -0.806371 -6.005673 1.59843 -1.869187 -0.176041 0.0 -0.0 2e-06 -11.595201 -13.662013 9.589084 -0.000904 0.139372 3.467529 12.248466 -5.183406 -4.27275 -1.431153 0.98043 0.946398 -0.0 0.0 -1e-06 
0.0 0.0 0.0 0.0 -0.0 0.0 0.134019 98.543373 0.908885 -0.767957 -1.538081 -6.324889 -0.837802 0.27798 0.406298 -0.661142 0.825371 -4.649614 -1.571546 -1.511141 8.809818 18.765787 -5.42161 5.521462 -1.102794 -1.062671 -3.744939 4.416419 -3.830795 -3.004263 7.7e-05 -2.3e-05 6e-06 -0.05453 0.174182 -0.049277 0.670016 -3.503138 -10.665254 -0.761486 3.835661 -10.637767 -15.960615 -6.009422 14.97591 -55.004932 -11.871792 34.525303 0.23783 -22.079142 -0.205597 -2.808854 -2.285095 -5.23203 -5.882108 9.861288 0.702589 -10.936876 -0.360576 7.156206 1e-06 8.774828 0.0 -16.221849 18.094326 5.933771 -1.844033 2.498506 -2.507278 -10.163603 4.678945 4.621106 -20.97603 -4e-06 2e-06 -21.226292 2.451698 -3.594 0.0 -5e-06 -1e-06 -1.362682 2.240799 -0.746324 -21.334923 0.584909 3.008324 -13.821218 -3e-06 2e-06 -23.887178 -0.249081 -0.839484 -60.694729 2.530501 -0.935277 -0.294025 1.679688 0.833256 -14.218214 0.093215 1.300581 -34.212063 -0.287564 0.967171 -20.033218 0.964537 1.212842 1e-06 1e-06 0.0 -3.44039 0.788234 0.501654 -15.928192 -3.167311 2.999707 -6.338828 -1e-06 -0.0 -18.123453 3.648182 -4.905672 -2e-06 0.0 -2e-06 5.343358 13.639977 8.368774 18.410482 8.323889 -59.894947 -0.360773 46.133991 1.491848 -15.533858 -21.718292 -15.953659 2.243542 -5.255039 -3.18016 14.282891 -0.826597 6.952507 -2e-06 -12.69061 1e-06 14.582039 -17.049366 3.004258 1.665667 -1.955922 -2.8783 4.727799 -4.17059 4.993927 11.020528 2e-06 -1e-06 12.109052 -3.735719 -2.866786 1e-06 0.0 -0.0 1.291987 -1.928551 -1.498091 14.800132 0.567467 3.865611 14.242577 -1.341737 -6.660662 19.631973 0.143926 -0.648246 49.930565 -0.667037 -5.945698 0.353029 -1.511151 -0.03194 20.222794 3.68431 2.316632 18.787277 3e-06 0.0 10.751627 -0.47987 1.397907 0.0 0.0 -1e-06 3.273806 0.305947 -0.580111 21.486814 11.830379 2.266135 8.162928 1e-06 0.0 18.399084 -3.798988 -4.940577 4e-06 -0.0 -2e-06 12.932788 11.061879 4.777087 -0.073123 -0.301284 10.079741 -13.701542 -0.610196 -6.160548 1.59405 -1.868593 -0.216883 0.0 -0.0 2e-06 -11.702655 -13.638495 9.640865 0.01818 0.157594 3.694308 12.299434 -5.064038 -4.435404 -1.431713 0.987094 0.895525 0.0 0.0 -1e-06 
0.0 0.0 0.0 0.0 -0.0 0.0 0.112673 98.514404 0.976041 -0.734379 -1.513029 -6.449058 -0.741273 0.313579 0.484407 -0.640012 0.829925 -4.621894 -1.517512 -1.581438 8.652464 18.617453 -5.468307 5.599411 -1.115319 -0.986135 -3.733333 4.175157 -3.708332 -2.96597 7.7e-05 -2.3e-05 6e-06 -0.051678 0.192187 -0.050172 0.673081 -3.493122 -10.687506 -0.758758 3.860781 -10.649267 -15.991324 -6.071751 14.86177 -54.825375 -12.104955 35.113895 0.172872 -21.802908 -0.169467 -2.872293 -2.562658 -4.760489 -5.882111 9.861293 0.702591 -10.936881 -0.360576 7.156208 1e-06 8.774834 -1e-06 -16.270309 18.117558 5.905553 -1.844034 2.498506 -2.507279 -10.163611 4.678947 4.621109 -20.976044 -5e-06 2e-06 -21.226309 2.451699 -3.594002 -0.0 -6e-06 -1e-06 -1.362683 2.240801 -0.746323 -21.334938 0.584909 3.008323 -13.821229 -4e-06 1e-06 -23.887199 -0.249082 -0.839483 -60.767048 2.529713 -0.912311 -0.294025 1.679689 0.833256 -14.218223 0.093215 1.300579 -34.21209 -0.287569 0.967169 -20.033232 0.964535 1.212844 1e-06 2e-06 1e-06 -3.440391 0.788234 0.501655 -15.928203 -3.167314 2.999707 -6.338832 -2e-06 -1e-06 -18.123466 3.648183 -4.905674 -2e-06 0.0 -3e-06 4.11098 14.050032 7.714314 15.614031 8.852727 -61.9744 0.462988 52.978542 2.680952 -19.255888 -20.60322 -11.784702 2.243543 -5.255041 -3.18016 14.282898 -0.826595 6.95251 -0.0 -12.690612 -1e-06 14.902213 -17.343969 2.762629 1.665667 -1.955922 -2.878301 4.727801 -4.17059 4.993927 11.020529 1e-06 0.0 12.109056 -3.735719 -2.866786 1e-06 0.0 -0.0 1.291987 -1.928552 -1.49809 14.800136 0.567467 3.865613 14.242579 -1.341739 -6.660662 19.631975 0.143923 -0.648246 50.335426 -0.663572 -6.1545 0.353029 -1.511151 -0.03194 20.222801 3.684309 2.316634 18.787281 2e-06 -0.0 10.751633 -0.479871 1.397908 2e-06 1e-06 0.0 3.273807 0.305946 -0.580111 21.486822 11.830381 2.266138 8.162933 0.0 0.0 18.399092 -3.798991 -4.940577 3e-06 0.0 -2e-06 12.875575 10.746467 4.910151 -0.062212 -0.29657 10.135804 -13.746931 -0.406115 -6.296109 1.592179 -1.871885 -0.278936 0.0 -0.0 2e-06 -11.790646 -13.619345 9.682858 0.029565 0.154608 3.984416 12.33982 -4.957728 -4.637869 -1.43243 1.006511 0.800019 0.0 0.0 -1e-06 
0.0 0.0 0.0 0.0 -0.0 0.0 0.062601 98.491371 1.046526 -0.715397 -1.451244 -6.567885 -0.651572 0.361051 0.542084 -0.611764 0.825134 -4.606661 -1.436777 -1.668402 8.543679 18.504644 -5.505756 5.692598 -1.09436 -0.943491 -3.728339 3.950635 -3.609098 -2.951967 7.6e-05 -2.3e-05 6e-06 -0.055703 0.206881 -0.047769 0.664375 -3.485891 -10.712675 -0.757896 3.881959 -10.662439 -16.009941 -6.158284 14.631942 -54.68261 -12.329571 35.480164 0.095569 -21.572212 -0.130998 -2.904744 -2.873877 -4.36654 -5.882113 9.861293 0.70259 -10.93688 -0.360573 7.15621 -2e-06 8.774833 -2e-06 -16.291006 18.142868 5.867764 -1.844035 2.498507 -2.507279 -10.16361 4.678951 4.62111 -20.97604 1e-06 -0.0 -21.226311 2.451702 -3.594007 -0.0 -7e-06 1e-06 -1.362683 2.240801 -0.746321 -21.334932 0.584916 3.008324 -13.821225 1e-06 0.0 -23.887192 -0.249076 -0.839488 -60.758083 2.53094 -0.963632 -0.294026 1.679689 0.833258 -14.218223 0.093217 1.300582 -34.212082 -0.28756 0.967165 -20.033232 0.964538 1.212839 2e-06 2e-06 0.0 -3.440392 0.788235 0.501656 -15.928201 -3.167309 2.999709 -6.338831 0.0 -0.0 -18.123465 3.648189 -4.905678 -3e-06 -1e-06 -3e-06 3.614679 14.311538 7.335926 12.298674 9.344551 -62.894001 1.719549 60.651649 4.26998 -22.938486 -17.325228 -8.294376 2.243541 -5.255039 -3.180158 14.282895 -0.826597 6.95251 -1e-06 -12.690609 2e-06 15.690855 -17.693274 2.554648 1.665666 -1.955922 -2.878299 4.727802 -4.170591 4.993928 11.02053 2e-06 1e-06 12.109052 -3.735719 -2.866782 3e-06 -0.0 -0.0 1.291984 -1.92855 -1.498089 14.800132 0.567465 3.865613 14.242577 -1.341738 -6.660657 19.631973 0.143921 -0.648241 51.004566 -0.730727 -6.264499 0.353029 -1.511151 -0.031939 20.222797 3.684309 2.316636 18.787279 -1e-06 4e-06 10.751633 -0.479871 1.39791 1e-06 0.0 0.0 3.273807 0.305947 -0.58011 21.486822 11.830374 2.266138 8.162933 -0.0 1e-06 18.399088 -3.798991 -4.940573 3e-06 0.0 -1e-06 12.84423 10.39763 5.073373 -0.04983 -0.281202 10.098248 -13.841887 -0.201541 -6.37917 1.591281 -1.880794 -0.314276 -0.0 0.0 2e-06 -11.826011 -13.621091 9.817705 0.030167 0.130665 4.179486 12.35115 -4.893721 -4.837259 -1.433332 1.029357 0.677243 -0.0 0.0 -1e-06 
0.0 0.0 0.0 0.0 -0.0 0.0 -0.009184 98.471169 1.121831 -0.706724 -1.366493 -6.676096 -0.569204 0.406853 0.578962 -0.576218 0.808215 -4.600186 -1.3505 -1.754501 8.465198 18.409517 -5.543355 5.863951 -1.066239 -0.972954 -3.722791 3.753267 -3.480777 -2.956425 7.7e-05 -2.3e-05 6e-06 -0.061125 0.21767 -0.039931 0.6538 -3.480887 -10.728277 -0.758163 3.897237 -10.664597 -16.013756 -6.221148 14.291581 -54.590382 -12.48948 35.581421 0.027045 -21.465839 -0.112651 -2.800959 -3.247505 -4.164282 -5.88211 9.861291 0.702591 -10.936878 -0.360575 7.15621 1e-06 8.774831 -0.0 -16.306692 18.161314 5.807787 -1.844034 2.498506 -2.507276 -10.163606 4.678947 4.621109 -20.97604 -6e-06 3e-06 -21.226301 2.451696 -3.594001 0.0 -7e-06 -1e-06 -1.362682 2.2408 -0.746322 -21.334929 0.584909 3.008321 -13.821225 -4e-06 1e-06 -23.887186 -0.249082 -0.839482 -60.68996 2.522604 -1.097399 -0.294024 1.679687 0.833256 -14.218217 0.093214 1.300579 -34.21207 -0.287567 0.967171 -20.033226 0.964535 1.212845 1e-06 1e-06 1e-06 -3.440391 0.788234 0.501655 -15.928198 -3.167312 2.999707 -6.33883 -1e-06 -0.0 -18.123459 3.648183 -4.905673 -3e-06 -0.0 -3e-06 3.991613 14.464775 7.290203 8.259596 9.76724 -62.845707 3.251214 68.744194 6.038016 -26.608109 -11.671956 -5.848881 2.243541 -5.255037 -3.180158 14.282898 -0.826597 6.952509 -1e-06 -12.69061 -1e-06 16.644844 -17.822174 2.671871 1.665666 -1.955923 -2.878299 4.727802 -4.170588 4.993927 11.020529 2e-06 3e-06 12.109056 -3.735718 -2.866781 1e-06 0.0 0.0 1.291986 -1.928548 -1.498089 14.800136 0.567467 3.865614 14.242577 -1.341741 -6.660656 19.631973 0.14392 -0.648241 51.751835 -0.854091 -6.113974 0.353029 -1.51115 -0.031939 20.222801 3.684309 2.316638 18.787283 0.0 4e-06 10.751633 -0.47987 1.397907 -0.0 -1e-06 1e-06 3.273808 0.305947 -0.580109 21.486826 11.830378 2.266142 8.16293 -0.0 2e-06 18.399094 -3.798991 -4.940576 3e-06 0.0 -2e-06 12.834123 10.02137 5.24663 -0.040544 -0.238761 10.008894 -13.967138 0.025648 -6.433176 1.590054 -1.899284 -0.298832 -0.0 -0.0 2e-06 -11.854282 -13.681174 9.930483 0.02659 0.100631 4.328238 12.375317 -4.832754 -4.98877 -1.434758 1.046884 0.58494 -0.0 0.0 -1e-06 
0.0 0.0 0.0 0.0 -0.0 0.0 -0.092583 98.454613 1.206482 -0.718503 -1.268126 -6.775045 -0.490245 0.435908 0.614654 -0.527378 0.787343 -4.594346 -1.267086 -1.81852 8.390972 18.321709 -5.613076 6.121994 -1.029115 -1.025317 -3.717415 3.600394 -3.319002 -3.028816 7.6e-05 -2.2e-05 6e-06 -0.059303 0.228697 -0.032023 0.655972 -3.474663 -10.737889 -0.756888 3.911859 -10.665121 -16.032253 -6.200058 13.927383 -54.523571 -12.593022 35.48605 0.06315 -21.553247 -0.142719 -2.553752 -3.689677 -4.235282 -5.882112 9.861293 0.702589 -10.936882 -0.360576 7.156208 1e-06 8.774833 -1e-06 -16.312357 18.175669 5.770652 -1.844034 2.498506 -2.507279 -10.16361 4.678947 4.621109 -20.976044 -5e-06 1e-06 -21.226309 2.451694 -3.594005 -0.0 -6e-06 -1e-06 -1.362683 2.2408 -0.746325 -21.334938 0.584907 3.008322 -13.821229 -5e-06 0.0 -23.887201 -0.249083 -0.839485 -60.594994 2.518389 -1.224722 -0.294026 1.679689 0.833256 -14.218223 0.093213 1.300581 -34.212082 -0.287568 0.967169 -20.033232 0.964534 1.212845 2e-06 1e-06 1e-06 -3.440391 0.788234 0.501655 -15.928203 -3.167313 2.999709 -6.338832 -2e-06 0.0 -18.123466 3.648182 -4.905674 -3e-06 -1e-06 -3e-06 5.115852 14.584983 7.562252 3.62475 10.258487 -62.438702 5.130458 76.780907 7.906917 -30.634161 -5.20376 -4.343322 2.243544 -5.25504 -3.180159 14.282907 -0.826596 6.952509 -0.0 -12.690614 -1e-06 17.023062 -17.610416 3.11409 1.665667 -1.955923 -2.8783 4.727805 -4.170591 4.993929 11.020537 2e-06 -0.0 12.109063 -3.735719 -2.866785 -2e-06 0.0 0.0 1.291987 -1.92855 -1.498091 14.800144 0.567468 3.865612 14.242586 -1.341739 -6.660663 19.631987 0.143922 -0.648243 51.896053 -1.012609 -5.829911 0.353029 -1.511151 -0.03194 20.222815 3.684311 2.316635 18.787296 2e-06 1e-06 10.751639 -0.47987 1.397909 -0.0 -0.0 0.0 3.27381 0.305946 -0.580111 21.486834 11.830382 2.266139 8.162935 1e-06 0.0 18.399103 -3.79899 -4.940579 4e-06 0.0 -0.0 12.861267 9.679513 5.430521 -0.027716 -0.17427 9.884661 -14.095327 0.216158 -6.45893 1.589571 -1.918143 -0.272579 0.0 -0.0 2e-06 -11.855529 -13.819927 10.095901 0.020689 0.083713 4.362617 12.407468 -4.726366 -5.096762 -1.438739 1.053578 0.544598 -0.0 0.0 -1e-06 
0.0 0.0 0.0 0.0 -0.0 0.0 -0.185454 98.447929 1.279902 -0.740671 -1.163074 -6.859239 -0.423613 0.433321 0.64437 -0.480072 0.780571 -4.585361 -1.183132 -1.792405 8.318842 18.268082 -5.740483 6.403382 -0.998729 -1.058686 -3.731743 3.49777 -3.213694 -3.190247 7.6e-05 -2.2e-05 6e-06 -0.054898 0.228918 -0.033787 0.664274 -3.477931 -10.757098 -0.756547 3.914393 -10.680974 -16.037573 -6.140435 13.685127 -54.481972 -12.692222 35.10358 0.163133 -21.89134 -0.198243 -2.246421 -4.107998 -4.370961 -5.882115 9.861298 0.702588 -10.936887 -0.360574 7.156214 -0.0 8.774836 -3e-06 -16.279457 18.216162 5.781788 -1.844035 2.498508 -2.507279 -10.163614 4.678952 4.621111 -20.976055 -2e-06 1e-06 -21.22632 2.451699 -3.594006 0.0 -7e-06 -2e-06 -1.362684 2.240801 -0.746323 -21.334946 0.584912 3.008326 -13.821234 -1e-06 1e-06 -23.887205 -0.249077 -0.839486 -60.453964 2.515954 -1.309464 -0.294025 1.67969 0.833256 -14.21823 0.093217 1.300579 -34.212105 -0.287562 0.967167 -20.033243 0.964535 1.212842 1e-06 1e-06 1e-06 -3.440393 0.788235 0.501658 -15.928208 -3.167311 2.99971 -6.338834 -1e-06 0.0 -18.123474 3.648186 -4.905679 -4e-06 -1e-06 -3e-06 6.551255 14.698064 7.941739 -0.880364 10.989869 -62.222649 8.878611 84.251953 11.234023 -35.348183 0.615723 -2.365484 2.243543 -5.255038 -3.180157 14.282897 -0.826597 6.952504 -0.0 -12.690605 -0.0 16.827608 -17.403454 3.548507 1.665667 -1.955922 -2.878298 4.727802 -4.170588 4.993925 11.020531 1e-06 0.0 12.109056 -3.735718 -2.866783 -1e-06 -0.0 -1e-06 1.291986 -1.92855 -1.498089 14.800134 0.567466 3.86561 14.242579 -1.34174 -6.660657 19.631973 0.143922 -0.648245 51.411613 -1.200423 -5.703014 0.353029 -1.511151 -0.031939 20.222801 3.684308 2.316633 18.787283 2e-06 -1e-06 10.751634 -0.479869 1.397906 -1e-06 0.0 1e-06 3.273808 0.305947 -0.58011 21.486824 11.830374 2.266135 8.162931 0.0 -2e-06 18.399088 -3.798987 -4.940577 3e-06 -0.0 -0.0 12.916575 9.422084 5.640772 -0.0129 -0.122919 9.659219 -14.200636 0.365178 -6.412814 1.587544 -1.948397 -0.258273 0.0 -0.0 2e-06 -11.848519 -14.025653 10.302868 0.015073 0.087567 4.264939 12.433769 -4.598345 -5.121001 -1.443377 1.054452 0.571306 0.0 0.0 -1e-06 
0.0 0.0 0.0 0.0 -0.0 0.0 -0.275858 98.446579 1.329932 -0.770949 -1.103849 -6.944137 -0.362515 0.418601 0.660398 -0.452428 0.771988 -4.565972 -1.09443 -1.638119 8.265013 18.268805 -5.89414 6.653921 -0.992184 -1.081756 -3.762411 3.43736 -3.27131 -3.395676 7.6e-05 -2.2e-05 6e-06 -0.052551 0.226793 -0.042086 0.670308 -3.479546 -10.774747 -0.758094 3.910992 -10.697107 -16.012348 -6.106741 13.568843 -54.466496 -12.750034 34.474663 0.234481 -22.424034 -0.248593 -2.026788 -4.411622 -4.431471 -5.882109 9.861291 0.70259 -10.936875 -0.360575 7.156209 0.0 8.774828 -3e-06 -16.203249 18.230328 5.815998 -1.844033 2.498505 -2.507279 -10.163604 4.678947 4.621109 -20.97603 -3e-06 3e-06 -21.226295 2.451698 -3.594002 0.0 -5e-06 -0.0 -1.362682 2.2408 -0.746325 -21.334925 0.58491 3.008326 -13.82122 -2e-06 3e-06 -23.887182 -0.249078 -0.839484 -60.270657 2.489547 -1.330312 -0.294025 1.679688 0.833255 -14.218214 0.093214 1.300579 -34.212067 -0.287563 0.967171 -20.033222 0.964538 1.212845 0.0 1e-06 0.0 -3.44039 0.788234 0.501657 -15.928192 -3.167311 2.999707 -6.338829 -2e-06 1e-06 -18.123457 3.648184 -4.905672 -3e-06 1e-06 -3e-06 7.967704 14.857162 8.244118 -4.700625 11.969049 -62.227757 146.176331 89.136566 147.695099 -40.90691 6.197437 0.61386 2.243543 -5.255038 -3.180157 14.282896 -0.826595 6.952504 -1e-06 -12.690605 -1e-06 16.463663 -17.555237 3.947182 1.665667 -1.955922 -2.878299 4.727801 -4.170588 4.993923 11.020532 2e-06 -1e-06 12.109055 -3.735717 -2.866784 0.0 0.0 -1e-06 1.291987 -1.92855 -1.49809 14.800132 0.567468 3.865607 14.242577 -1.341738 -6.660656 19.631975 0.143923 -0.648246 50.931717 -1.394626 -5.792269 0.353028 -1.511151 -0.031939 20.222801 3.684309 2.316631 18.787283 4e-06 -1e-06 10.751633 -0.479869 1.397907 -2e-06 1e-06 1e-06 3.273808 0.305947 -0.580112 21.486824 11.830376 2.266136 8.16293 3e-06 -0.0 18.399096 -3.798985 -4.940578 3e-06 -0.0 -1e-06 12.999134 9.251532 5.87613 -0.013632 -0.104413 9.387371 -14.286607 0.509115 -6.335175 1.585899 -1.996262 -0.253416 0.0 -0.0 2e-06 -11.826417 -14.210728 10.502803 0.011832 0.107084 4.134344 12.404892 -4.476179 -5.102772 -1.446974 1.063707 0.639967 0.0 0.0 -1e-06 
0.0 0.0 0.0 0.0 -0.0 0.0 -0.358383 98.444275 1.343396 -0.789922 -1.092663 -7.062248 -0.328795 0.401716 0.677507 -0.452273 0.746494 -4.527136 -0.994722 -1.424179 8.242805 18.311729 -6.037995 6.86356 -0.972649 -1.074386 -3.777475 3.388947 -3.431566 -3.612969 7.6e-05 -2.2e-05 6e-06 -0.048826 0.227404 -0.047588 0.684146 -3.474012 -10.773695 -0.764534 3.906028 -10.698685 -15.997306 -6.080344 13.548103 -54.432167 -12.79785 33.804527 0.212844 -22.965969 -0.256949 -2.095484 -4.580345 -4.40678 -5.882107 9.861285 0.70259 -10.936873 -0.360573 7.156204 -0.0 8.774825 1e-06 -16.131399 18.20105 5.873779 -1.844032 2.498504 -2.507276 -10.1636 4.678946 4.621109 -20.976023 -2e-06 1e-06 -21.22629 2.451698 -3.594003 1e-06 -5e-06 -1e-06 -1.362682 2.240798 -0.746324 -21.334913 0.58491 3.008322 -13.821215 -2e-06 1e-06 -23.887167 -0.249079 -0.839484 -60.166119 2.44772 -1.280303 -0.294024 1.679688 0.833256 -14.218208 0.093216 1.30058 -34.212051 -0.287565 0.967167 -20.033211 0.964534 1.212842 1e-06 -0.0 2e-06 -3.440389 0.788235 0.501654 -15.928185 -3.167309 2.999706 -6.338826 -1e-06 0.0 -18.123446 3.648184 -4.905671 -3e-06 1e-06 -2e-06 9.123113 15.15363 8.371121 -7.584347 13.156836 -62.398403 178.244019 84.161011 178.836914 -47.614197 12.454056 3.538218 2.243541 -5.255037 -3.180158 14.28289 -0.826594 6.952502 -2e-06 -12.690603 -1e-06 16.233358 -18.214418 4.179328 1.665666 -1.955922 -2.878298 4.727799 -4.170586 4.993922 11.020525 3e-06 -0.0 12.109051 -3.735715 -2.866783 0.0 0.0 -1e-06 1.291986 -1.928549 -1.498089 14.800127 0.567468 3.865607 14.242571 -1.341737 -6.660657 19.631968 0.143925 -0.648244 50.942085 -1.555103 -6.083721 0.353028 -1.51115 -0.03194 20.22279 3.684309 2.316631 18.787271 4e-06 0.0 10.751625 -0.479869 1.397907 -1e-06 1e-06 0.0 3.273806 0.305947 -0.58011 21.486813 11.830374 2.266136 8.162926 1e-06 -1e-06 18.39908 -3.798984 -4.940575 4e-06 -0.0 -1e-06 13.092578 9.185369 6.144672 -0.02839 -0.12921 9.109271 -14.385219 0.592151 -6.234366 1.581867 -2.03346 -0.282846 0.0 -0.0 2e-06 -11.822013 -14.343172 10.658407 0.011239 0.14318 4.11753 12.369923 -4.285374 -5.108792 -1.44704 1.093494 0.706164 -0.0 0.0 -1e-06 
0.0 0.0 0.0 0.0 -0.0 0.0 -0.438725 98.443291 1.314875 -0.802815 -1.068356 -7.176836 -0.326392 0.377834 0.66578 -0.468612 0.773775 -4.479052 -0.900549 -1.228176 8.25176 18.368147 -6.160941 6.992702 -0.918447 -1.057028 -3.756548 3.315178 -3.614118 -3.803556 7.6e-05 -2.2e-05 6e-06 -0.0392 0.234641 -0.052794 0.706683 -3.462347 -10.754814 -0.767657 3.908304 -10.68987 -16.002483 -6.02529 13.589361 -54.358887 -12.968837 33.360317 0.032416 -23.301876 -0.192916 -2.452313 -4.630349 -4.429337 -5.88211 9.861291 0.702591 -10.936877 -0.360575 7.156206 1e-06 8.774831 -0.0 -16.118076 18.229576 5.930569 -1.844035 2.498507 -2.507279 -10.163607 4.678949 4.621109 -20.97604 -5e-06 1e-06 -21.226301 2.451698 -3.594002 0.0 -6e-06 -1e-06 -1.362683 2.2408 -0.746323 -21.334929 0.584909 3.00832 -13.821221 -2e-06 1e-06 -23.887184 -0.249081 -0.839484 -60.151577 2.439488 -1.263746 -0.294025 1.679688 0.833255 -14.218217 0.093215 1.300579 -34.21207 -0.287567 0.96717 -20.033226 0.964534 1.212842 1e-06 1e-06 1e-06 -3.440391 0.788234 0.501656 -15.928198 -3.167311 2.999705 -6.338829 0.0 -1e-06 -18.123457 3.648183 -4.905674 -3e-06 0.0 -3e-06 9.641097 15.575857 8.148207 -8.955675 14.5091 -62.668571 -179.323181 80.400642 -179.216476 -54.9202 19.146044 5.744548 2.243541 -5.255037 -3.180157 14.282895 -0.826596 6.952499 -2e-06 -12.690609 1e-06 16.242937 -19.077374 4.027636 1.665669 -1.955922 -2.878298 4.7278 -4.170589 4.993922 11.020529 3e-06 -4e-06 12.109056 -3.735717 -2.866786 0.0 0.0 -1e-06 1.291985 -1.928549 -1.49809 14.800132 0.567467 3.865605 14.242577 -1.341736 -6.66066 19.631973 0.143928 -0.648247 51.385693 -1.640101 -6.465938 0.35303 -1.511152 -0.03194 20.222797 3.684311 2.316626 18.787279 6e-06 -5e-06 10.751632 -0.479867 1.397904 1e-06 1e-06 -0.0 3.273808 0.305947 -0.580112 21.48682 11.83038 2.266127 8.16293 3e-06 -3e-06 18.399088 -3.798983 -4.94058 3e-06 -1e-06 -2e-06 13.191573 9.238914 6.360749 -0.037541 -0.209181 8.870369 -14.4905 0.589206 -6.103133 1.574816 -2.035203 -0.321415 -0.0 0.0 2e-06 -11.812557 -14.392267 10.736464 0.007952 0.185687 4.210465 12.364172 -4.067039 -5.138792 -1.445105 1.138907 0.747815 0.0 0.0 -1e-06 
0.0 0.0 0.0 0.0 -0.0 0.0 -0.489922 98.440582 1.268941 -0.814078 -1.020122 -7.298172 -0.333025 0.371376 0.656144 -0.483248 0.880444 -4.440022 -0.872967 -1.1197 8.265127 18.432535 -6.187109 7.060451 -0.84726 -1.177724 -3.710892 3.28924 -3.791179 -3.954599 7.6e-05 -2.3e-05 6e-06 -0.024479 0.229096 -0.060529 0.722606 -3.46975 -10.745296 -0.753429 3.903944 -10.687952 -16.0501 -5.923748 13.671791 -54.275036 -13.257641 33.365879 -0.082547 -23.291477 -0.126793 -2.999254 -4.688075 -4.353795 -5.88211 9.861292 0.70259 -10.936878 -0.360574 7.15621 0.0 8.774831 -1e-06 -16.117992 18.32012 5.980372 -1.844034 2.498506 -2.50728 -10.163605 4.678948 4.621109 -20.976038 -2e-06 1e-06 -21.226301 2.451699 -3.594005 0.0 -6e-06 -3e-06 -1.362682 2.2408 -0.746325 -21.334929 0.584911 3.008323 -13.821223 -2e-06 2e-06 -23.887184 -0.249078 -0.839484 -60.148941 2.48369 -1.286831 -0.294025 1.679688 0.833257 -14.218219 0.093215 1.30058 -34.212074 -0.287564 0.96717 -20.033226 0.964536 1.212843 1e-06 -0.0 1e-06 -3.440391 0.788235 0.501655 -15.928196 -3.167311 2.999706 -6.33883 -0.0 -0.0 -18.123463 3.648183 -4.905675 -4e-06 1e-06 -1e-06 9.576157 16.022232 7.720547 -8.719816 15.826696 -63.205063 -177.518524 78.318275 -177.146301 -60.889484 21.703779 7.655834 2.243543 -5.255039 -3.180159 14.2829 -0.826595 6.952506 -3e-06 -12.690613 2e-06 16.205359 -19.255325 3.877229 1.665668 -1.955922 -2.878301 4.727802 -4.170591 4.993926 11.020534 4e-06 -1e-06 12.109058 -3.735718 -2.866786 -1e-06 -1e-06 1e-06 1.291985 -1.92855 -1.49809 14.800136 0.56747 3.865608 14.24258 -1.341735 -6.660661 19.631979 0.143928 -0.648246 51.410282 -1.557158 -6.585321 0.353029 -1.511151 -0.031939 20.222801 3.684314 2.316629 18.787285 6e-06 -2e-06 10.751633 -0.479868 1.397906 -0.0 1e-06 -0.0 3.273811 0.305947 -0.580112 21.486828 11.830384 2.266132 8.162931 3e-06 -2e-06 18.399092 -3.798988 -4.940579 3e-06 -0.0 -1e-06 13.268479 9.282992 6.504182 -0.049999 -0.288461 8.754476 -14.531043 0.645902 -6.017922 1.575801 -2.024705 -0.373945 0.0 -0.0 2e-06 -11.792103 -14.377429 10.827827 -0.006488 0.19507 4.281426 12.332656 -3.965222 -5.168136 -1.444657 1.147138 0.726499 0.0 0.0 -1e-06 
0.0 0.0 0.0 0.0 -0.0 0.0 -0.527132 98.429543 1.226173 -0.813246 -0.93959 -7.516194 -0.335639 0.384239 0.711854 -0.497032 0.97372 -4.384921 -0.882436 -1.007674 8.260653 18.445246 -6.211627 7.144798 -0.809632 -1.391758 -3.664498 3.345435 -4.000054 -4.092544 7.7e-05 -2.2e-05 6e-06 -0.013904 0.192967 -0.05734 0.723907 -3.508364 -10.739138 -0.732512 3.869239 -10.67922 -16.249033 -5.816695 13.839855 -54.069771 -13.602981 33.411766 -0.18262 -23.089476 -0.053841 -3.619529 -4.750985 -3.975126 -5.88211 9.861288 0.702588 -10.936873 -0.360574 7.156203 -1e-06 8.774827 -2e-06 -16.111294 18.396502 6.013951 -1.844033 2.498506 -2.507278 -10.163603 4.678946 4.621108 -20.976028 -3e-06 -0.0 -21.226295 2.451696 -3.594002 1e-06 -5e-06 -1e-06 -1.362684 2.240798 -0.746323 -21.334917 0.584912 3.008321 -13.821217 -1e-06 -0.0 -23.887171 -0.249077 -0.839486 -60.270641 2.542981 -1.314273 -0.294025 1.679688 0.833256 -14.21821 0.093216 1.300579 -34.212055 -0.287563 0.967165 -20.033218 0.964537 1.21284 1e-06 1e-06 2e-06 -3.440388 0.788233 0.501654 -15.928189 -3.167309 2.999705 -6.338827 -1e-06 -0.0 -18.123451 3.648182 -4.905674 -3e-06 1e-06 -1e-06 9.229655 16.271692 7.236228 -7.668261 17.207235 -64.490067 -178.878067 78.128944 -178.110489 -67.236908 18.253969 8.342077 2.243544 -5.255037 -3.180158 14.282894 -0.826593 6.952501 -2e-06 -12.690607 2e-06 16.211843 -18.961462 3.49415 1.665667 -1.955921 -2.878298 4.7278 -4.170588 4.993925 11.020529 3e-06 -2e-06 12.109056 -3.735715 -2.866785 -0.0 0.0 -2e-06 1.291987 -1.92855 -1.49809 14.800132 0.567468 3.865607 14.242577 -1.341735 -6.660659 19.631973 0.143928 -0.648247 51.320919 -1.373325 -6.495635 0.353029 -1.51115 -0.03194 20.222797 3.684311 2.316627 18.787279 5e-06 -3e-06 10.751633 -0.479866 1.397906 0.0 0.0 0.0 3.273808 0.305947 -0.58011 21.486824 11.830379 2.266131 8.16293 2e-06 -1e-06 18.399088 -3.798984 -4.940578 3e-06 -0.0 -1e-06 13.313472 9.163391 6.726416 -0.073537 -0.337168 8.666541 -14.499581 0.778787 -5.976507 1.58377 -2.002918 -0.427106 0.0 0.0 2e-06 -11.835377 -14.38771 11.05653 -0.016257 0.178129 4.331033 12.288492 -3.907545 -5.194529 -1.447701 1.122876 0.720409 -0.0 0.0 -1e-06 
0.0 0.0 0.0 0.0 -0.0 0.0 -0.537026 98.411858 1.197309 -0.791391 -0.73125 -7.776615 -0.333715 0.39744 0.768132 -0.507512 1.048655 -4.309825 -0.907927 -0.879177 8.2429 18.411367 -6.230001 7.12792 -0.869744 -1.637235 -3.671152 3.4402 -4.234494 -4.036078 7.7e-05 -2.2e-05 6e-06 -0.029946 0.147497 -0.044835 0.690838 -3.55385 -10.738557 -0.730616 3.823909 -10.679324 -16.556784 -5.751855 14.012702 -53.697865 -13.865053 33.22562 -0.439559 -22.954712 0.081078 -3.996624 -4.710685 -3.497337 -5.88211 9.861288 0.702589 -10.936875 -0.360572 7.156206 -1e-06 8.774827 0.0 -16.098595 18.372158 6.013513 -1.844032 2.498504 -2.507279 -10.163604 4.678948 4.621111 -20.97603 1e-06 -0.0 -21.226299 2.4517 -3.594003 0.0 -5e-06 -2e-06 -1.362683 2.240799 -0.746323 -21.334923 0.584913 3.008323 -13.821218 1e-06 0.0 -23.88718 -0.249076 -0.839489 -60.328091 2.599146 -1.32812 -0.294026 1.679688 0.833256 -14.218214 0.093219 1.300581 -34.212059 -0.287558 0.967163 -20.033224 0.964538 1.212839 1e-06 1e-06 1e-06 -3.440389 0.788234 0.501658 -15.928191 -3.167306 2.999705 -6.338829 0.0 -1e-06 -18.123457 3.648185 -4.905675 -3e-06 1e-06 -2e-06 8.959639 16.174295 6.9228 -6.953901 18.371098 -66.365143 175.730255 79.775108 176.213486 -72.432312 11.24076 7.707294 2.243545 -5.255041 -3.180159 14.282902 -0.826596 6.952507 -3e-06 -12.690614 1e-06 16.60178 -18.368305 2.931077 1.665668 -1.955923 -2.8783 4.727803 -4.170592 4.993925 11.020536 3e-06 -2e-06 12.109061 -3.73572 -2.866786 -0.0 0.0 0.0 1.291988 -1.92855 -1.49809 14.800142 0.567468 3.865609 14.242585 -1.341738 -6.660662 19.631987 0.143924 -0.648245 51.260685 -1.245358 -6.213948 0.35303 -1.511152 -0.031939 20.222811 3.68431 2.316631 18.787289 3e-06 -2e-06 10.751636 -0.47987 1.397905 -0.0 0.0 1e-06 3.273809 0.305948 -0.580111 21.486832 11.830382 2.266136 8.162935 1e-06 -0.0 18.399099 -3.798988 -4.940579 3e-06 -1e-06 -1e-06 13.301823 8.939405 6.905312 -0.089163 -0.360587 8.692871 -14.444517 0.739056 -5.966118 1.595498 -1.988431 -0.518453 -0.0 -1e-06 2e-06 -11.965952 -14.497808 11.40221 -0.007305 0.157074 4.317453 12.314222 -3.916235 -5.218194 -1.453328 1.08786 0.759897 0.0 0.0 -1e-06 
0.0 0.0 0.0 0.0 -0.0 0.0 -0.510683 98.375435 1.181302 -0.75795 -0.440159 -8.058752 -0.331451 0.400812 0.81405 -0.473152 1.087234 -4.274815 -0.999134 -0.824183 8.314312 18.379013 -6.196752 7.109636 -0.928182 -1.905603 -3.670572 3.489436 -4.460055 -4.002232 7.7e-05 -2.2e-05 6e-06 -0.046876 0.14628 -0.032881 0.667037 -3.559346 -10.745845 -0.740378 3.827833 -10.690084 -16.795576 -5.781177 14.067148 -53.378124 -13.898552 32.913685 -0.59544 -22.79826 0.19095 -4.040551 -4.512217 -3.201237 -5.882109 9.861288 0.70259 -10.936877 -0.360575 7.15621 1e-06 8.77483 -0.0 -16.128164 18.297691 5.957438 -1.844033 2.498506 -2.507279 -10.163604 4.678946 4.621113 -20.976038 -5e-06 3e-06 -21.226299 2.451695 -3.594002 1e-06 -6e-06 -1e-06 -1.362682 2.240798 -0.746324 -21.334925 0.584908 3.008325 -13.821221 -3e-06 2e-06 -23.887182 -0.24908 -0.839482 -60.424942 2.596573 -1.403306 -0.294025 1.679688 0.833255 -14.218216 0.093213 1.300579 -34.212067 -0.287567 0.967174 -20.033226 0.964535 1.212844 1e-06 1e-06 1e-06 -3.440391 0.788234 0.501656 -15.928198 -3.167312 2.999707 -6.338831 -2e-06 1e-06 -18.123459 3.648183 -4.905671 -3e-06 1e-06 -3e-06 9.023165 15.841359 6.933692 -7.177844 18.566689 -66.952118 167.78009 81.906479 167.575867 -72.395218 5.757418 6.677959 2.243543 -5.255038 -3.180156 14.28289 -0.826596 6.9525 -3e-06 -12.690604 2e-06 16.700474 -18.131813 2.710167 1.665665 -1.955921 -2.878298 4.727798 -4.170588 4.993923 11.020526 2e-06 -2e-06 12.109053 -3.735716 -2.866783 -0.0 0.0 0.0 1.291986 -1.928549 -1.498088 14.800125 0.567468 3.865606 14.242571 -1.341736 -6.660657 19.631969 0.143925 -0.648247 51.078171 -1.232387 -6.035233 0.353028 -1.51115 -0.03194 20.22279 3.68431 2.316628 18.787275 4e-06 -2e-06 10.751629 -0.479869 1.397906 0.0 -0.0 0.0 3.273807 0.305947 -0.580111 21.486813 11.830374 2.266131 8.162926 1e-06 -1e-06 18.39908 -3.798984 -4.940576 3e-06 0.0 -2e-06 13.242703 8.680474 6.924675 -0.0772 -0.353874 9.053244 -14.396792 0.458889 -6.075086 1.599036 -1.993549 -0.533325 -0.0 -0.0 2e-06 -12.140809 -14.616989 11.732555 0.012802 0.143668 4.430757 12.350569 -4.04935 -5.351333 -1.454278 1.064292 0.779624 0.0 0.0 -1e-06 
0.0 0.0 0.0 0.0 -0.0 0.0 -0.465377 98.353714 1.185046 -0.757647 -0.151565 -8.292389 -0.293728 0.361071 0.818264 -0.38397 1.120088 -4.315375 -1.157726 -0.9062 8.465435 18.375292 -6.186724 7.179715 -0.942425 -2.125386 -3.676444 3.392514 -4.608199 -4.046068 7.7e-05 -2.3e-05 6e-06 -0.056067 0.180989 -0.032468 0.653188 -3.530923 -10.765544 -0.745041 3.868206 -10.725547 -16.876888 -5.833848 14.021147 -53.250034 -13.734878 32.957973 -0.399686 -22.534613 0.150175 -4.008734 -4.212599 -3.044229 -5.882112 9.861295 0.702592 -10.936883 -0.360576 7.156212 1e-06 8.774835 -3e-06 -16.168344 18.232765 5.871889 -1.844035 2.498507 -2.507279 -10.163611 4.678949 4.621113 -20.976049 -4e-06 5e-06 -21.226309 2.451699 -3.593999 0.0 -6e-06 -2e-06 -1.362683 2.240799 -0.746323 -21.334938 0.584908 3.008326 -13.821229 -3e-06 3e-06 -23.887196 -0.249079 -0.839481 -60.452442 2.558553 -1.543826 -0.294024 1.679689 0.833256 -14.218224 0.093213 1.300582 -34.21209 -0.287565 0.967174 -20.033236 0.964539 1.212846 1e-06 1e-06 2e-06 -3.440392 0.788234 0.501656 -15.928201 -3.167314 2.999709 -6.338833 -1e-06 1e-06 -18.123463 3.648185 -4.905674 -3e-06 1e-06 -3e-06 9.462518 15.299664 7.393984 -8.263754 17.752342 -65.515274 161.405716 83.661385 161.100952 -64.342186 2.529977 7.218522 2.243542 -5.255039 -3.180158 14.282896 -0.826596 6.952505 -1e-06 -12.690612 -0.0 16.308372 -18.314327 2.944306 1.665668 -1.955923 -2.878299 4.727801 -4.17059 4.993925 11.020531 3e-06 -2e-06 12.109058 -3.735717 -2.866784 0.0 0.0 1e-06 1.291986 -1.92855 -1.498087 14.800132 0.567468 3.865608 14.242577 -1.341737 -6.66066 19.631973 0.143926 -0.648244 50.449871 -1.306161 -6.120128 0.353028 -1.511151 -0.03194 20.222801 3.684312 2.316632 18.787283 4e-06 -1e-06 10.751633 -0.479869 1.397907 0.0 -0.0 1e-06 3.273807 0.305947 -0.580113 21.48682 11.830381 2.266132 8.16293 2e-06 -1e-06 18.399088 -3.798986 -4.940579 3e-06 -1e-06 -0.0 13.191923 8.413276 6.945849 -0.053165 -0.313369 9.328925 -14.36835 0.080622 -6.15041 1.5965 -1.9888 -0.396241 0.0 -0.0 2e-06 -12.229391 -14.589048 12.191495 0.024284 0.114808 4.14888 12.329336 -4.490041 -5.316116 -1.450215 1.069096 0.796654 -0.0 0.0 -1e-06 
0.0 0.0 0.0 0.0 -0.0 0.0 -0.422 98.359535 1.193254 -0.78279 0.03432 -8.357215 -0.218686 0.396327 0.699698 -0.300984 1.090775 -4.427197 -1.299874 -1.110734 8.60951 18.449911 -6.165049 7.369064 -1.063242 -2.43038 -3.679011 3.256057 -4.746939 -4.171196 7.7e-05 -2.3e-05 6e-06 -0.05241 0.190664 -0.032651 0.650901 -3.534609 -10.797698 -0.736549 3.89039 -10.761684 -16.812151 -5.903393 13.805313 -53.292885 -13.286238 33.726723 0.039825 -22.314457 -0.059048 -3.925287 -3.862482 -2.706805 -5.88211 9.86129 0.702591 -10.936877 -0.360575 7.156209 1e-06 8.77483 -2e-06 -16.201942 18.220146 5.753958 -1.844034 2.498505 -2.507278 -10.163606 4.678948 4.621108 -20.976036 -2e-06 3e-06 -21.226301 2.451697 -3.594002 0.0 -5e-06 -1e-06 -1.362683 2.2408 -0.746325 -21.334929 0.584909 3.008322 -13.821221 -3e-06 2e-06 -23.887184 -0.249079 -0.839482 -60.411331 2.497629 -1.706172 -0.294024 1.679688 0.833256 -14.218217 0.093214 1.30058 -34.21207 -0.287563 0.967169 -20.033226 0.964535 1.212843 1e-06 1e-06 1e-06 -3.44039 0.788234 0.501657 -15.928194 -3.16731 2.999707 -6.338829 -2e-06 -0.0 -18.123457 3.648184 -4.905673 -3e-06 0.0 -3e-06 10.428517 14.613125 8.224072 -10.429439 16.092157 -62.028423 171.649643 85.440224 171.733917 -47.952991 4.199296 12.165145 2.243542 -5.255039 -3.180159 14.282897 -0.826595 6.952504 -3e-06 -12.69061 2e-06 16.408644 -17.726521 3.470787 1.665668 -1.955922 -2.878299 4.727801 -4.170589 4.993924 11.020532 3e-06 -1e-06 12.109058 -3.735717 -2.866784 0.0 -0.0 -0.0 1.291986 -1.92855 -1.498088 14.800138 0.567468 3.865609 14.242581 -1.341737 -6.660658 19.631983 0.143926 -0.648245 49.382988 -1.398143 -6.051014 0.353029 -1.511151 -0.03194 20.222801 3.684311 2.316629 18.787283 5e-06 -1e-06 10.751632 -0.479868 1.397906 -1e-06 -0.0 0.0 3.273808 0.305947 -0.58011 21.486824 11.830383 2.266133 8.16293 2e-06 -0.0 18.399092 -3.798984 -4.940578 3e-06 -1e-06 -1e-06 13.151336 8.193431 6.920575 -0.03313 -0.21463 9.401074 -14.337389 -0.17335 -6.14978 1.594 -2.00926 -0.166171 -0.0 -0.0 2e-06 -12.218022 -14.528157 12.548903 -0.004703 0.04821 3.614116 12.235735 -4.96945 -5.085392 -1.443371 1.043852 0.805677 -0.0 0.0 -1e-06 
0.0 0.0 0.0 0.0 -0.0 0.0 -0.404912 98.332794 1.190046 -0.842074 0.103628 -8.441764 -0.171306 0.431697 0.669424 -0.280789 0.95772 -4.445174 -1.256485 -1.220335 8.636591 18.426245 -6.177065 7.394837 -1.091845 -2.393408 -3.726723 3.106272 -4.908784 -4.106129 7.6e-05 -2.3e-05 6e-06 -0.053384 0.18353 -0.017253 0.662986 -3.544962 -10.801526 -0.751671 3.886154 -10.767999 -16.751215 -5.928402 13.728397 -53.342403 -12.836076 34.03688 0.163101 -22.241558 -0.139189 -3.923141 -3.358842 -2.483491 -5.882113 9.861293 0.702593 -10.936883 -0.360575 7.156214 1e-06 8.774833 -2e-06 -16.277363 18.255182 5.761875 -1.844035 2.498507 -2.507278 -10.163611 4.678949 4.621112 -20.976048 -4e-06 1e-06 -21.226313 2.451697 -3.594003 -1e-06 -5e-06 -1e-06 -1.362683 2.2408 -0.746324 -21.334942 0.58491 3.008327 -13.821231 -3e-06 2e-06 -23.887201 -0.249081 -0.839483 -60.556778 2.453461 -1.648065 -0.294025 1.679689 0.833256 -14.218225 0.093214 1.300581 -34.212086 -0.287567 0.967171 -20.033241 0.964534 1.212846 1e-06 1e-06 1e-06 -3.440392 0.788234 0.501656 -15.928203 -3.167313 2.999709 -6.338833 -1e-06 1e-06 -18.123466 3.648184 -4.905675 -4e-06 0.0 -3e-06 11.215489 14.106826 8.852795 -11.820494 15.366025 -59.549667 174.661072 85.13768 175.084122 -40.069878 7.929782 16.219843 2.243543 -5.255041 -3.180159 14.282896 -0.826595 6.952506 -2e-06 -12.690613 -0.0 16.685518 -17.073715 3.44627 1.665666 -1.955922 -2.8783 4.7278 -4.17059 4.993926 11.020529 2e-06 -2e-06 12.109056 -3.735718 -2.866787 0.0 1e-06 0.0 1.291987 -1.928551 -1.498091 14.800136 0.567468 3.86561 14.24258 -1.341738 -6.660662 19.631979 0.143926 -0.648246 49.291958 -1.37495 -5.880032 0.353029 -1.511152 -0.03194 20.222801 3.684312 2.316632 18.787283 5e-06 -0.0 10.751634 -0.479869 1.397908 -2e-06 -0.0 0.0 3.273808 0.305947 -0.580112 21.486824 11.830382 2.266135 8.16293 2e-06 0.0 18.399092 -3.798988 -4.940579 3e-06 1e-06 -1e-06 13.241223 8.20037 6.767464 -0.035793 -0.146155 9.852696 -14.3758 -0.453874 -6.298872 1.587686 -1.998969 -0.027614 0.0 -0.0 2e-06 -12.206077 -14.455969 12.652606 -0.022045 0.012797 3.67291 12.284184 -5.117562 -5.114256 -1.43666 1.038397 0.82325 0.0 0.0 -1e-06 
0.0 0.0 0.0 0.0 -0.0 0.0 -0.398812 98.32885 1.171277 -0.902375 -0.000884 -8.510999 -0.151021 0.438921 0.688785 -0.290529 0.903817 -4.448527 -1.133333 -1.211472 8.679167 18.46166 -6.186102 7.221967 -1.080095 -2.318791 -3.784014 3.125054 -4.976921 -4.040306 7.6e-05 -2.2e-05 6e-06 -0.058681 0.187903 -0.012746 0.66826 -3.535282 -10.78918 -0.767928 3.88513 -10.747542 -16.649736 -5.960999 13.746428 -53.462795 -12.441482 34.161842 0.277015 -22.284403 -0.198059 -3.972898 -2.97736 -2.382272 -5.882105 9.861283 0.70259 -10.936871 -0.360575 7.156205 1e-06 8.774822 -1e-06 -16.351341 18.273529 5.774502 -1.844032 2.498504 -2.50728 -10.163597 4.678943 4.621109 -20.976021 -5e-06 1e-06 -21.22628 2.451695 -3.593997 0.0 -6e-06 -1e-06 -1.362681 2.240797 -0.746323 -21.334911 0.584908 3.008322 -13.821213 -3e-06 1e-06 -23.887165 -0.24908 -0.839481 -60.597145 2.388243 -1.514496 -0.294025 1.679687 0.833256 -14.218208 0.093215 1.30058 -34.212048 -0.287565 0.967169 -20.033211 0.964536 1.212842 1e-06 1e-06 1e-06 -3.440388 0.788234 0.501658 -15.928185 -3.167309 2.999707 -6.338825 -2e-06 1e-06 -18.123444 3.64818 -4.90567 -3e-06 0.0 -3e-06 11.647404 13.892493 9.128694 -11.724432 15.410149 -58.035297 175.813217 83.00605 176.513626 -37.824692 10.805505 19.570795 2.243542 -5.255037 -3.180159 14.282891 -0.826594 6.952502 -3e-06 -12.690602 -1e-06 16.639137 -16.88611 3.505723 1.665666 -1.955922 -2.878299 4.727799 -4.170586 4.993923 11.020526 3e-06 -2e-06 12.109052 -3.735713 -2.866786 0.0 1e-06 -1e-06 1.291986 -1.92855 -1.498089 14.800129 0.567469 3.865606 14.242574 -1.341735 -6.66066 19.631969 0.143927 -0.648247 49.434437 -1.375434 -5.830639 0.353028 -1.51115 -0.031941 20.22279 3.684309 2.31663 18.78727 7e-06 -1e-06 10.751627 -0.479867 1.397906 -2e-06 -1e-06 -0.0 3.273807 0.305947 -0.580111 21.486814 11.830376 2.266133 8.162926 2e-06 -0.0 18.399084 -3.798983 -4.940577 2e-06 1e-06 -1e-06 13.361185 8.336082 6.822836 -0.043703 -0.121923 9.942262 -14.403097 -0.563535 -6.319591 1.579136 -2.005414 -0.028876 0.0 -0.0 2e-06 -12.138245 -14.408269 12.734259 -0.032148 0.019462 3.547233 12.224676 -5.161912 -5.025095 -1.435277 1.049822 0.818238 0.0 0.0 -1e-06 
0.0 0.0 0.0 0.0 -0.0 0.0 -0.397672 98.353645 1.133988 -0.954396 -0.223781 -8.540004 -0.179318 0.430362 0.725851 -0.318627 0.916235 -4.443734 -0.963824 -1.159237 8.733205 18.589142 -6.174415 6.88117 -1.06064 -2.206158 -3.823387 3.262851 -4.966657 -4.045897 7.8e-05 -2.3e-05 6e-06 -0.064685 0.213928 -0.025718 0.673562 -3.501643 -10.775998 -0.785093 3.903439 -10.729111 -16.489674 -5.962495 13.826149 -53.703075 -12.150135 34.045261 0.416392 -22.401037 -0.233801 -4.104548 -2.646187 -2.316822 -5.882108 9.861289 0.702591 -10.936878 -0.360577 7.15621 2e-06 8.77483 -1e-06 -16.40834 18.25745 5.744252 -1.844034 2.498505 -2.507277 -10.163606 4.678947 4.62111 -20.976038 -5e-06 4e-06 -21.226301 2.451698 -3.593999 0.0 -6e-06 -1e-06 -1.362682 2.240799 -0.746323 -21.334929 0.584908 3.008326 -13.821223 -4e-06 4e-06 -23.887184 -0.24908 -0.83948 -60.4991 2.34363 -1.470276 -0.294025 1.679688 0.833255 -14.218217 0.093213 1.300582 -34.21207 -0.287565 0.967175 -20.033226 0.964536 1.212847 1e-06 1e-06 1e-06 -3.44039 0.788233 0.501655 -15.928198 -3.167313 2.99971 -6.338829 -3e-06 2e-06 -18.123457 3.648183 -4.905669 -4e-06 -1e-06 -3e-06 11.839211 14.042755 9.118972 -10.354201 15.786765 -57.206017 177.657028 79.799469 178.557449 -38.340153 14.444679 22.526152 2.24354 -5.255037 -3.180157 14.282888 -0.826594 6.952502 -2e-06 -12.690609 -1e-06 16.727919 -17.075071 3.525795 1.665666 -1.955922 -2.878299 4.727797 -4.170588 4.993924 11.020524 3e-06 -2e-06 12.109052 -3.735716 -2.866785 1e-06 0.0 -0.0 1.291986 -1.92855 -1.498089 14.800125 0.567468 3.865607 14.24257 -1.341739 -6.660659 19.631966 0.143926 -0.648244 49.990604 -1.416705 -5.907832 0.353029 -1.511151 -0.031941 20.222788 3.68431 2.316631 18.78727 5e-06 -1e-06 10.751628 -0.479868 1.397906 -0.0 0.0 -0.0 3.273806 0.305948 -0.580111 21.486809 11.83038 2.266135 8.162925 1e-06 -1e-06 18.399076 -3.798984 -4.940575 4e-06 0.0 -1e-06 13.47718 8.547304 7.045959 -0.053783 -0.127843 9.655293 -14.38918 -0.546591 -6.190786 1.570652 -2.013044 -0.046612 0.0 -0.0 2e-06 -12.068626 -14.400759 12.848082 -0.038364 0.047956 3.17816 12.111162 -5.074885 -4.740601 -1.435683 1.070279 0.797978 0.0 0.0 -1e-06 
0.0 0.0 0.0 0.0 -0.0 0.0 -0.398067 98.377144 1.062926 -0.985961 -0.474925 -8.567739 -0.251504 0.427313 0.801384 -0.371189 0.931671 -4.40924 -0.763787 -1.082914 8.786764 18.803299 -6.16627 6.4345 -1.035961 -2.019339 -3.840919 3.46272 -4.932607 -4.132851 7.7e-05 -2.3e-05 6e-06 -0.064266 0.234839 -0.03922 0.690611 -3.474195 -10.760312 -0.800839 3.917064 -10.719545 -16.270338 -5.964357 13.912404 -54.052513 -11.980756 33.766834 0.519832 -22.548134 -0.250502 -4.375833 -2.313425 -2.442802 -5.882108 9.86129 0.702591 -10.936878 -0.360577 7.156209 2e-06 8.774831 -0.0 -16.456823 18.212233 5.71807 -1.844033 2.498505 -2.507277 -10.163604 4.678945 4.62111 -20.976038 -8e-06 3e-06 -21.226299 2.451693 -3.593999 0.0 -6e-06 -1e-06 -1.362681 2.240798 -0.746323 -21.334929 0.584905 3.008324 -13.821222 -5e-06 2e-06 -23.887184 -0.249083 -0.83948 -60.378792 2.329983 -1.47357 -0.294024 1.679688 0.833257 -14.218217 0.093212 1.300581 -34.212067 -0.28757 0.967175 -20.033226 0.964535 1.212846 0.0 2e-06 0.0 -3.44039 0.788233 0.501655 -15.928196 -3.167314 2.999709 -6.33883 -3e-06 0.0 -18.123457 3.64818 -4.905671 -4e-06 -1e-06 -2e-06 11.683616 14.580637 8.801596 -7.79191 16.408144 -57.059788 179.24295 76.206291 -179.76886 -41.518978 20.171854 24.414433 2.243542 -5.25504 -3.180158 14.282896 -0.826591 6.952507 -5e-06 -12.69061 -0.0 16.942215 -17.758978 3.513334 1.665667 -1.955923 -2.878301 4.7278 -4.170588 4.993927 11.020531 5e-06 -0.0 12.109056 -3.735716 -2.866785 0.0 -0.0 -0.0 1.291985 -1.92855 -1.49809 14.800136 0.567472 3.86561 14.242577 -1.341735 -6.660661 19.631975 0.143929 -0.648243 50.810425 -1.495916 -6.152585 0.353029 -1.511153 -0.031939 20.222801 3.684317 2.316632 18.787277 8e-06 2e-06 10.751633 -0.479867 1.397908 -0.0 0.0 -0.0 3.273808 0.305947 -0.580111 21.486826 11.830385 2.266135 8.16293 2e-06 -0.0 18.399088 -3.798984 -4.940575 4e-06 0.0 -1e-06 13.581779 8.841081 7.257817 -0.061742 -0.182919 9.36633 -14.373218 -0.516431 -6.044054 1.562394 -1.993905 -0.046211 0.0 -0.0 2e-06 -12.032536 -14.424171 12.846391 -0.032091 0.085227 3.008878 12.015581 -4.812752 -4.52552 -1.437028 1.107564 0.820519 0.0 0.0 -1e-06 
0.0 0.0 0.0 0.0 -0.0 0.0 -0.388874 98.385361 0.951275 -1.008785 -0.685232 -8.605289 -0.339275 0.439492 0.88577 -0.438534 0.949452 -4.363438 -0.561669 -0.987917 8.852419 19.139755 -6.211777 5.999719 -0.972406 -1.777879 -3.833927 3.657677 -4.922995 -4.345726 7.6e-05 -2.2e-05 6e-06 -0.055524 0.239302 -0.050585 0.708448 -3.464845 -10.742588 -0.800411 3.915904 -10.716761 -16.103268 -5.964245 13.995334 -54.375179 -11.98534 33.606586 0.576116 -22.683994 -0.259385 -4.794971 -2.088968 -2.653364 -5.882113 9.861293 0.702592 -10.936883 -0.360575 7.156209 0.0 8.774832 -2e-06 -16.484854 18.195934 5.801939 -1.844034 2.498507 -2.50728 -10.16361 4.678949 4.621112 -20.976044 -3e-06 -0.0 -21.226311 2.451697 -3.594005 0.0 -7e-06 -1e-06 -1.362683 2.2408 -0.746325 -21.334934 0.58491 3.008323 -13.821227 -3e-06 0.0 -23.887192 -0.249079 -0.839485 -60.418278 2.370888 -1.393353 -0.294026 1.679689 0.833255 -14.218224 0.093215 1.30058 -34.21209 -0.287566 0.967165 -20.033236 0.964534 1.212843 0.0 2e-06 0.0 -3.440392 0.788235 0.501657 -15.928203 -3.167312 2.999706 -6.338832 -1e-06 -1e-06 -18.123466 3.648184 -4.905676 -3e-06 -0.0 -2e-06 11.23934 15.355582 8.2644 -4.736518 17.144642 -57.752796 -179.366165 73.535728 -178.137299 -47.667076 25.808306 23.371998 2.243541 -5.255037 -3.180158 14.28289 -0.826594 6.952502 1e-06 -12.690601 -2e-06 16.741949 -18.528234 3.660613 1.665667 -1.955922 -2.878298 4.727799 -4.170585 4.993924 11.020526 2e-06 -1e-06 12.109053 -3.735717 -2.866785 -0.0 0.0 -0.0 1.291986 -1.928551 -1.49809 14.800127 0.567466 3.865607 14.242571 -1.341738 -6.660659 19.631968 0.143924 -0.648247 51.093822 -1.527872 -6.465281 0.353029 -1.511151 -0.03194 20.222788 3.684307 2.31663 18.78727 4e-06 -2e-06 10.751629 -0.479869 1.397905 0.0 -0.0 -0.0 3.273807 0.305947 -0.580111 21.486811 11.830369 2.266135 8.162927 -0.0 -0.0 18.39908 -3.798984 -4.940575 3e-06 -1e-06 -1e-06 13.695711 9.249661 7.310678 -0.068451 -0.272154 9.352278 -14.358856 -0.586934 -5.961662 1.561357 -1.96055 -0.084326 0.0 -0.0 2e-06 -12.006217 -14.432028 12.703163 -0.030084 0.117099 3.13785 11.988043 -4.498251 -4.469748 -1.438002 1.142171 0.840995 -0.0 0.0 -1e-06 
0.0 0.0 0.0 0.0 -0.0 0.0 -0.374839 98.388481 0.831492 -1.039748 -0.786517 -8.703136 -0.426082 0.465446 0.962796 -0.50668 0.983206 -4.335018 -0.418719 -0.896508 8.94711 19.648066 -6.29879 5.670094 -0.86636 -1.638831 -3.786069 3.837788 -4.970476 -4.700705 7.6e-05 -2.2e-05 6e-06 -0.039591 0.232329 -0.059457 0.716064 -3.468985 -10.733957 -0.775032 3.905135 -10.723579 -16.05443 -5.922762 14.181166 -54.557835 -12.247413 33.348736 0.565378 -22.804304 -0.255112 -5.253944 -2.064185 -2.61913 -5.882109 9.861286 0.702591 -10.936877 -0.360576 7.15621 2e-06 8.774826 -0.0 -16.449215 18.253336 5.94122 -1.844033 2.498504 -2.507279 -10.163604 4.678944 4.62111 -20.976032 -5e-06 5e-06 -21.226295 2.451695 -3.593999 -1e-06 -7e-06 -0.0 -1.362682 2.240798 -0.746323 -21.334925 0.584908 3.008325 -13.821221 -3e-06 4e-06 -23.887182 -0.249081 -0.839481 -60.582329 2.436434 -1.300869 -0.294025 1.679687 0.833257 -14.218215 0.093214 1.300582 -34.212067 -0.287564 0.967173 -20.033222 0.964536 1.212846 0.0 2e-06 0.0 -3.44039 0.788233 0.501655 -15.928198 -3.16731 2.999709 -6.33883 -1e-06 0.0 -18.123459 3.648182 -4.905671 -3e-06 1e-06 -2e-06 10.459745 16.115877 7.624843 -1.708535 17.803999 -59.60778 -178.678329 73.461388 -176.804916 -56.820778 26.296576 17.488626 2.243542 -5.25504 -3.18016 14.282896 -0.826595 6.952506 -2e-06 -12.69061 2e-06 16.183653 -18.637154 3.795218 1.665667 -1.955923 -2.8783 4.727799 -4.170589 4.993928 11.020531 3e-06 -1e-06 12.109056 -3.735717 -2.866786 0.0 0.0 0.0 1.291987 -1.92855 -1.49809 14.800132 0.567469 3.86561 14.242577 -1.341736 -6.660661 19.631973 0.143928 -0.648244 50.774288 -1.428968 -6.566882 0.353028 -1.511151 -0.03194 20.222799 3.684313 2.316631 18.787281 4e-06 -0.0 10.751633 -0.479868 1.397907 -0.0 0.0 0.0 3.273808 0.305946 -0.580111 21.486822 11.83038 2.266133 8.16293 3e-06 -0.0 18.39909 -3.798987 -4.940577 3e-06 0.0 -1e-06 13.833887 9.631304 7.347836 -0.090177 -0.334458 9.42635 -14.321257 -0.706861 -5.882232 1.571299 -1.938129 -0.148338 -0.0 0.0 2e-06 -11.979741 -14.413581 12.675395 -0.041875 0.13176 3.215755 12.048609 -4.288589 -4.411206 -1.441235 1.150507 0.782219 -0.0 0.0 -1e-06 
0.0 0.0 0.0 0.0 -0.0 0.0 -0.371942 98.371559 0.747779 -1.101992 -0.697863 -8.953591 -0.497062 0.518869 1.069358 -0.571829 1.028146 -4.294347 -0.334425 -0.818069 9.019769 20.297569 -6.463322 5.48697 -0.752078 -1.633986 -3.728508 4.107389 -5.108737 -4.927938 7.6e-05 -2.3e-05 6e-06 -0.02509 0.200937 -0.05376 0.722065 -3.490942 -10.723221 -0.75056 3.863051 -10.712464 -16.128132 -5.891858 14.485517 -54.523029 -12.72462 32.941692 0.413227 -22.889389 -0.205339 -5.66691 -2.160539 -2.478778 -5.88211 9.861292 0.70259 -10.936879 -0.360576 7.15621 1e-06 8.774831 -1e-06 -16.347696 18.318832 6.024832 -1.844034 2.498506 -2.50728 -10.163606 4.678947 4.621109 -20.976038 -7e-06 1e-06 -21.226301 2.451697 -3.594001 0.0 -5e-06 -0.0 -1.362682 2.240798 -0.746324 -21.334929 0.584906 3.008322 -13.821223 -4e-06 2e-06 -23.887184 -0.249083 -0.839482 -60.830746 2.474879 -1.274038 -0.294025 1.679688 0.833254 -14.218219 0.093213 1.300578 -34.212074 -0.287567 0.967171 -20.03323 0.964534 1.212844 0.0 2e-06 0.0 -3.440391 0.788234 0.501654 -15.928196 -3.167313 2.999707 -6.33883 -3e-06 -1e-06 -18.123459 3.648182 -4.905673 -2e-06 -0.0 -1e-06 9.111382 16.532143 6.893222 1.355201 18.538342 -62.706856 179.770554 76.970039 -177.814438 -67.66642 18.556328 6.647788 2.24354 -5.255037 -3.180157 14.282889 -0.826596 6.952503 -3e-06 -12.690607 3e-06 15.753301 -18.249495 3.648904 1.665667 -1.955922 -2.878298 4.727797 -4.170589 4.993925 11.020522 3e-06 -2e-06 12.10905 -3.735716 -2.866783 1e-06 0.0 -0.0 1.291984 -1.928549 -1.49809 14.800125 0.567469 3.865606 14.242568 -1.341735 -6.660656 19.631964 0.143927 -0.648245 50.960342 -1.25535 -6.37192 0.353031 -1.51115 -0.031939 20.22279 3.68431 2.31663 18.78727 5e-06 -1e-06 10.751627 -0.479868 1.397906 -0.0 -1e-06 1e-06 3.273806 0.305947 -0.580112 21.486811 11.83038 2.266131 8.162925 2e-06 0.0 18.399076 -3.798986 -4.940576 3e-06 -1e-06 -0.0 14.001376 9.751116 7.427255 -0.129434 -0.371609 9.662144 -14.230042 -0.817793 -5.894735 1.58123 -1.913145 -0.179066 0.0 0.0 2e-06 -11.977701 -14.418113 12.960192 -0.046475 0.121773 3.175445 12.155354 -4.154923 -4.368846 -1.446686 1.138928 0.749617 0.0 0.0 -1e-06 
0.0 0.0 0.0 0.0 -0.0 0.0 -0.37107 98.325798 0.732191 -1.154125 -0.488912 -9.312632 -0.540854 0.580986 1.150984 -0.609344 1.073421 -4.264135 -0.340339 -0.707623 9.097659 20.91851 -6.728112 5.469261 -0.789752 -1.781765 -3.75436 4.461739 -5.199581 -4.677975 7.7e-05 -2.3e-05 6e-06 -0.03942 0.133911 -0.036312 0.701885 -3.548175 -10.712218 -0.757632 3.786709 -10.699802 -16.243052 -5.887157 14.816779 -54.200825 -13.369417 32.824768 -0.050687 -22.837959 -0.053235 -5.68409 -2.361135 -2.672913 -5.88211 9.861289 0.70259 -10.93688 -0.360576 7.156207 2e-06 8.774831 -1e-06 -16.207354 18.241863 6.050397 -1.844034 2.498505 -2.507278 -10.163607 4.678946 4.621109 -20.976038 -6e-06 3e-06 -21.226305 2.451695 -3.594 1e-06 -5e-06 -1e-06 -1.362682 2.240799 -0.746323 -21.33493 0.584908 3.008323 -13.821225 -5e-06 2e-06 -23.887188 -0.249083 -0.83948 -61.011765 2.482861 -1.249516 -0.294025 1.679688 0.833255 -14.218219 0.093213 1.30058 -34.212074 -0.287569 0.967173 -20.03323 0.964535 1.212846 1e-06 1e-06 0.0 -3.440391 0.788234 0.501655 -15.928201 -3.167313 2.999705 -6.338831 -2e-06 0.0 -18.123461 3.64818 -4.905673 -2e-06 1e-06 -3e-06 7.45708 16.429047 6.280899 3.790384 19.217331 -65.349861 177.803528 83.429764 179.330368 -73.840988 2.909664 -4.916265 2.243543 -5.255041 -3.18016 14.282903 -0.826595 6.952508 -3e-06 -12.690612 1e-06 16.409454 -17.762825 3.355443 1.665668 -1.955922 -2.878299 4.727802 -4.17059 4.993925 11.020535 3e-06 0.0 12.109059 -3.735718 -2.866784 0.0 -0.0 1e-06 1.291988 -1.928551 -1.49809 14.800139 0.567469 3.86561 14.242581 -1.341737 -6.660659 19.631981 0.143926 -0.648244 52.083675 -1.080803 -5.890145 0.353029 -1.511152 -0.03194 20.222803 3.684313 2.316634 18.787287 5e-06 1e-06 10.751636 -0.479869 1.397907 0.0 0.0 1e-06 3.27381 0.305947 -0.58011 21.486828 11.830383 2.266134 8.162931 2e-06 -1e-06 18.399096 -3.798987 -4.940578 3e-06 -0.0 -0.0 14.092741 9.52752 7.530673 -0.144909 -0.392906 10.071891 -14.177833 -0.972903 -6.061737 1.581869 -1.910735 -0.202926 0.0 -0.0 2e-06 -12.066313 -14.464958 13.408767 -0.008729 0.108454 3.211006 12.395951 -4.14498 -4.469838 -1.451398 1.107472 0.759676 -0.0 0.0 -1e-06 
0.0 0.0 0.0 0.0 -0.0 0.0 -0.346757 98.241852 0.771778 -1.177406 -0.345082 -9.608212 -0.557916 0.563725 1.095932 -0.577649 1.129394 -4.236301 -0.493951 -0.581268 9.173631 21.362061 -6.976686 5.528794 -0.93193 -1.943772 -3.845973 4.699458 -5.123717 -4.268091 7.7e-05 -2.3e-05 6e-06 -0.081139 0.133052 -0.046442 0.655344 -3.564305 -10.765997 -0.793912 3.803253 -10.764572 -16.296942 -5.838053 15.187533 -53.847435 -13.983624 32.883862 -0.465986 -22.497343 0.120595 -5.216359 -2.505516 -3.039996 -5.88211 9.86129 0.702591 -10.936877 -0.360576 7.156209 1e-06 8.774829 -1e-06 -16.037951 18.191921 6.006347 -1.844034 2.498506 -2.507278 -10.163604 4.678946 4.621111 -20.976034 -5e-06 1e-06 -21.226295 2.451696 -3.594002 1e-06 -5e-06 -1e-06 -1.362681 2.240799 -0.746325 -21.334925 0.584908 3.008324 -13.82122 -4e-06 2e-06 -23.887182 -0.24908 -0.83948 -60.880207 2.596054 -1.486894 -0.294025 1.679688 0.833255 -14.218215 0.093213 1.30058 -34.212067 -0.28757 0.967173 -20.033226 0.964537 1.212847 0.0 1e-06 0.0 -3.44039 0.788233 0.501657 -15.928198 -3.167312 2.999707 -6.338829 -3e-06 0.0 -18.123457 3.648183 -4.905674 -2e-06 1e-06 -3e-06 6.39031 16.125807 6.135758 4.96774 19.032061 -64.932167 -44.418224 89.305069 -44.746792 -69.794388 -13.992161 -13.79926 2.243541 -5.255036 -3.180158 14.282893 -0.826592 6.952502 -2e-06 -12.690603 -2e-06 17.642517 -17.352612 3.127999 1.665666 -1.955922 -2.878299 4.7278 -4.170588 4.993923 11.020532 4e-06 0.0 12.109055 -3.735714 -2.866784 -0.0 -1e-06 1e-06 1.291985 -1.928548 -1.498088 14.800129 0.56747 3.865607 14.242575 -1.341734 -6.660655 19.631969 0.143928 -0.648243 51.451496 -0.801251 -5.468463 0.35303 -1.51115 -0.03194 20.222797 3.684313 2.316631 18.787279 8e-06 -1e-06 10.751633 -0.479867 1.397906 0.0 0.0 1e-06 3.273809 0.305945 -0.580112 21.48682 11.830379 2.266131 8.16293 3e-06 -3e-06 18.399088 -3.798982 -4.940577 3e-06 0.0 -0.0 14.100224 9.305843 7.436084 -0.105507 -0.426232 10.855802 -14.144433 -1.209933 -6.464858 1.579425 -1.920768 -0.273918 0.0 -0.0 2e-06 -12.141781 -14.29569 13.491572 0.027086 0.124999 3.820147 12.734731 -4.432467 -4.944969 -1.445131 1.032112 0.743037 0.0 0.0 -1e-06 
0.0 0.0 0.0 0.0 -0.0 0.0 -0.358583 98.228851 0.8143 -1.250524 -0.303627 -9.768807 -0.541895 0.502013 1.044515 -0.498821 1.182714 -4.275006 -0.649018 -0.80353 9.29152 21.687365 -6.930686 5.477159 -0.994092 -1.858322 -3.801045 4.65985 -4.996557 -4.592541 7.7e-05 -2.3e-05 6e-06 -0.086334 0.22592 -0.039176 0.652847 -3.493211 -10.820987 -0.801934 3.917831 -10.821794 -16.063971 -5.83887 15.090113 -54.030674 -13.851532 33.187984 -0.138655 -22.214188 0.075654 -4.996321 -2.483605 -3.621381 -5.882101 9.861279 0.70259 -10.936867 -0.360577 7.156203 3e-06 8.774821 -1e-06 -16.079609 18.18449 5.822182 -1.844031 2.498502 -2.507276 -10.163595 4.67894 4.621108 -20.976013 -8e-06 5e-06 -21.226274 2.451692 -3.593992 1e-06 -6e-06 -1e-06 -1.36268 2.240797 -0.746324 -21.334904 0.584903 3.008322 -13.821207 -6e-06 5e-06 -23.887161 -0.249083 -0.839474 -60.687531 2.575121 -1.791173 -0.294025 1.679687 0.833256 -14.218202 0.093212 1.300581 -34.21204 -0.28757 0.967177 -20.033209 0.964534 1.212847 1e-06 1e-06 0.0 -3.440386 0.788232 0.501655 -15.928181 -3.167311 2.999707 -6.338822 -3e-06 2e-06 -18.123436 3.648177 -4.905666 -3e-06 1e-06 -2e-06 6.518341 15.856297 6.834984 5.060738 17.672571 -61.036121 -20.115463 87.792114 -20.573553 -56.841286 -17.786411 -16.680464 2.24354 -5.255036 -3.180155 14.282889 -0.826595 6.952499 0.0 -12.690601 -1e-06 16.855379 -16.597801 3.102413 1.665667 -1.955921 -2.878299 4.7278 -4.170588 4.993925 11.020524 2e-06 1e-06 12.10905 -3.735716 -2.866782 -0.0 0.0 0.0 1.291984 -1.92855 -1.498087 14.800125 0.567466 3.865607 14.242568 -1.341738 -6.660655 19.63196 0.143923 -0.648243 49.102371 -0.628544 -5.19435 0.353027 -1.51115 -0.03194 20.222786 3.684307 2.316633 18.78727 2e-06 1e-06 10.751627 -0.47987 1.397906 0.0 0.0 -1e-06 3.273805 0.305946 -0.58011 21.486813 11.83037 2.266136 8.162927 1e-06 0.0 18.39908 -3.798986 -4.940573 3e-06 0.0 -1e-06 14.161373 9.041668 7.585654 -0.096061 -0.394007 10.910276 -14.168666 -1.222606 -6.55186 1.580594 -1.898196 -0.166968 0.0 -0.0 2e-06 -11.96176 -13.854194 13.827774 0.002948 0.136667 3.476679 12.685349 -5.014317 -4.900478 -1.437615 1.019847 0.794252 0.0 0.0 -1e-06 
0.0 0.0 0.0 0.0 -0.0 0.0 -0.402879 98.277458 0.820166 -1.299149 -0.297525 -9.732052 -0.552865 0.495867 0.973009 -0.472158 1.09681 -4.328452 -0.673919 -1.09512 9.36215 21.796392 -6.726369 5.31011 -1.145135 -1.94879 -3.747228 4.526927 -4.755247 -5.027078 7.8e-05 -2.3e-05 6e-06 -0.068549 0.28089 -0.012333 0.682421 -3.441744 -10.82652 -0.798146 3.974998 -10.82231 -15.740407 -5.882461 14.691997 -54.483738 -13.366018 33.331661 0.114836 -21.939154 -0.046648 -5.002604 -2.549833 -3.804073 -5.88211 9.861292 0.702591 -10.936878 -0.360576 7.156207 1e-06 8.77483 -2e-06 -16.264597 18.17486 5.685485 -1.844034 2.498506 -2.507279 -10.163606 4.678946 4.621108 -20.976038 -3e-06 1e-06 -21.226301 2.451698 -3.594004 1e-06 -5e-06 -2e-06 -1.362682 2.240798 -0.746323 -21.334929 0.584908 3.00832 -13.821223 -4e-06 1e-06 -23.887188 -0.249081 -0.839484 -60.586025 2.488181 -1.7107 -0.294025 1.679689 0.833255 -14.218217 0.093213 1.300577 -34.21207 -0.287568 0.967168 -20.033226 0.964534 1.212842 1e-06 1e-06 -1e-06 -3.440391 0.788233 0.501654 -15.928194 -3.167312 2.999704 -6.338829 -2e-06 0.0 -18.123457 3.648182 -4.905674 -2e-06 1e-06 -3e-06 7.27062 15.500448 7.854486 4.745536 16.300053 -56.196056 -159.944138 88.159317 -159.392593 -46.96764 -8.555764 -7.806406 2.243542 -5.255039 -3.180158 14.282898 -0.826594 6.952507 -2e-06 -12.690612 -2e-06 15.826732 -16.728956 3.238766 1.665666 -1.955922 -2.878299 4.727802 -4.170589 4.993927 11.020531 3e-06 -1e-06 12.109056 -3.735719 -2.866783 -1e-06 1e-06 -0.0 1.291987 -1.92855 -1.49809 14.800138 0.56747 3.865611 14.242579 -1.341739 -6.660658 19.631975 0.143926 -0.648242 48.27319 -0.918774 -5.363905 0.353029 -1.511152 -0.031941 20.222801 3.684312 2.316635 18.787283 4e-06 1e-06 10.751633 -0.479869 1.397909 -1e-06 0.0 1e-06 3.273808 0.305947 -0.58011 21.486826 11.830382 2.26614 8.16293 2e-06 -0.0 18.399088 -3.798986 -4.940577 3e-06 -0.0 -1e-06 14.245462 9.025811 7.804901 -0.105401 -0.314908 10.382808 -14.332208 -1.091544 -6.283555 1.574158 -1.917777 -0.090032 -0.0 -0.0 2e-06 -11.812017 -13.756132 14.128121 -0.032196 0.111632 2.731745 12.390289 -5.199224 -4.474603 -1.441858 1.023403 0.875597 0.0 0.0 -1e-06 
0.0 0.0 0.0 0.0 -0.0 0.0 -0.438945 98.297203 0.751312 -1.242541 -0.32565 -9.514905 -0.59456 0.505565 0.890463 -0.530232 0.9459 -4.362759 -0.633646 -1.129287 9.378465 21.518833 -6.601442 5.021251 -1.105888 -1.856354 -3.734117 4.423677 -4.754431 -5.289495 7.8e-05 -2.3e-05 6e-06 -0.052423 0.29414 -0.002907 0.722047 -3.423893 -10.787584 -0.808217 3.983271 -10.78756 -15.644661 -5.921978 14.550291 -54.7453 -13.343513 33.259254 0.179186 -21.458271 -0.164926 -5.569066 -2.574414 -3.848407 -5.88211 9.861291 0.702591 -10.936877 -0.360574 7.156205 -1e-06 8.774828 -1e-06 -16.52182 18.24415 5.749651 -1.844033 2.498505 -2.507277 -10.163604 4.678947 4.62111 -20.97603 -1e-06 3e-06 -21.226297 2.4517 -3.594002 1e-06 -5e-06 -0.0 -1.362682 2.240799 -0.746324 -21.334921 0.584912 3.008323 -13.821218 -1e-06 1e-06 -23.887177 -0.249076 -0.839482 -60.856842 2.449424 -1.390497 -0.294024 1.679687 0.833254 -14.218214 0.093215 1.30058 -34.212055 -0.28756 0.96717 -20.03322 0.964539 1.212842 1e-06 2e-06 0.0 -3.44039 0.788234 0.501656 -15.928192 -3.167308 2.999709 -6.338829 -1e-06 1e-06 -18.123455 3.648187 -4.905675 -3e-06 1e-06 -1e-06 8.126164 14.959568 8.344474 4.459066 15.681132 -52.601601 -179.354614 82.545784 -178.310333 -45.58276 4.125115 2.879065 2.243542 -5.255039 -3.180157 14.282894 -0.826595 6.952503 -1e-06 -12.690609 -1e-06 16.795887 -17.600641 2.78113 1.665666 -1.955922 -2.878298 4.727799 -4.170589 4.993926 11.020526 2e-06 -2e-06 12.109053 -3.735718 -2.866785 0.0 -0.0 0.0 1.291986 -1.92855 -1.498087 14.800129 0.567467 3.865608 14.242571 -1.341738 -6.660659 19.631966 0.143926 -0.648245 50.71703 -1.259108 -5.881044 0.353029 -1.511151 -0.031938 20.222792 3.684308 2.316631 18.787273 3e-06 -0.0 10.751631 -0.47987 1.397905 -1e-06 -0.0 1e-06 3.273807 0.305947 -0.580111 21.486814 11.830379 2.266135 8.16293 1e-06 0.0 18.399084 -3.798987 -4.940577 2e-06 1e-06 -2e-06 14.241104 9.354226 7.604076 -0.101335 -0.258877 10.266413 -14.424168 -1.186133 -6.097047 1.546647 -2.007296 0.01045 0.0 -1e-06 2e-06 -11.827703 -13.950493 13.700359 -0.033076 0.109297 3.034437 12.32364 -4.939001 -4.574089 -1.444437 1.042656 0.946461 0.0 0.0 -1e-06 
0.0 0.0 0.0 0.0 -0.0 0.0 -0.485743 98.321426 0.647557 -1.199283 -0.252215 -9.351038 -0.612184 0.440936 0.857432 -0.573114 0.919191 -4.422839 -0.645386 -1.028101 9.520915 21.316166 -6.55699 4.777787 -1.050174 -1.821751 -3.792854 4.462656 -5.072555 -5.323709 7.8e-05 -2.3e-05 6e-06 -0.063212 0.255162 -0.041763 0.694697 -3.443396 -10.739183 -0.803052 3.925501 -10.75486 -15.913367 -6.081526 14.761091 -54.545597 -13.732541 33.081272 0.133013 -21.025188 -0.150309 -5.919738 -2.619767 -3.622874 -5.882108 9.861288 0.702591 -10.936876 -0.360575 7.15621 1e-06 8.774829 -0.0 -16.615269 18.306871 5.792836 -1.844033 2.498504 -2.50728 -10.163604 4.678946 4.621111 -20.976032 -4e-06 3e-06 -21.226295 2.451697 -3.594 1e-06 -6e-06 -0.0 -1.362682 2.240798 -0.746324 -21.334925 0.584909 3.008323 -13.82122 -2e-06 2e-06 -23.887182 -0.24908 -0.839484 -60.738926 2.405682 -1.238666 -0.294025 1.679688 0.833257 -14.218216 0.093214 1.30058 -34.212067 -0.287565 0.96717 -20.033222 0.964535 1.212844 1e-06 1e-06 0.0 -3.44039 0.788234 0.501656 -15.928194 -3.167311 2.999709 -6.338829 -1e-06 1e-06 -18.123457 3.648184 -4.905673 -2e-06 1e-06 -3e-06 9.026092 14.733912 8.577853 4.620881 15.19839 -52.022282 179.327469 79.103607 -179.760651 -50.637432 10.823916 7.642414 2.243542 -5.255038 -3.180156 14.282896 -0.826595 6.952503 -2e-06 -12.690609 -0.0 16.899227 -18.195021 3.056059 1.665667 -1.955922 -2.878298 4.7278 -4.170589 4.993923 11.020529 3e-06 -2e-06 12.109056 -3.735717 -2.866784 0.0 0.0 -1e-06 1.291986 -1.92855 -1.498089 14.800132 0.567469 3.865606 14.242577 -1.341737 -6.660658 19.631973 0.143926 -0.648244 52.3046 -1.369787 -6.265594 0.353029 -1.511151 -0.03194 20.222797 3.684311 2.31663 18.787281 5e-06 -1e-06 10.751633 -0.479869 1.397905 -1e-06 -0.0 -1e-06 3.273808 0.305947 -0.580112 21.486822 11.830379 2.266132 8.162931 3e-06 -1e-06 18.399088 -3.798985 -4.940579 2e-06 -1e-06 -1e-06 14.217456 9.602818 7.410495 -0.083754 -0.327938 10.121123 -14.337119 -1.382652 -5.885417 1.53587 -2.039022 -0.140169 0.0 -0.0 2e-06 -11.839355 -14.181037 13.350361 -0.035897 0.089107 3.311314 12.225449 -4.75197 -4.631036 -1.445897 1.108503 0.800172 -0.0 0.0 -1e-06 
0.0 0.0 0.0 0.0 -0.0 0.0 -0.544294 98.324005 0.529002 -1.228735 -0.200574 -9.415692 -0.626392 0.454759 0.959177 -0.607009 0.916819 -4.424594 -0.580881 -1.009403 9.657005 21.230667 -6.567283 4.753389 -0.95 -1.765426 -3.86496 4.489188 -5.30497 -5.234868 7.7e-05 -2.3e-05 6e-06 -0.078465 0.166717 -0.074075 0.660768 -3.51149 -10.729587 -0.798206 3.817074 -10.741895 -16.110851 -6.071099 15.119394 -54.357395 -14.343654 32.633102 0.043858 -21.103182 -0.005557 -5.82407 -2.770048 -2.993261 -5.882106 9.861286 0.702593 -10.936874 -0.360575 7.156209 1e-06 8.774828 -0.0 -16.513494 18.338444 5.878406 -1.844032 2.498505 -2.507279 -10.163602 4.678946 4.621112 -20.97603 -6e-06 5e-06 -21.226292 2.451696 -3.593997 1e-06 -5e-06 -0.0 -1.362682 2.240798 -0.746323 -21.334921 0.584908 3.008328 -13.821217 -4e-06 4e-06 -23.887177 -0.249081 -0.839479 -60.717793 2.335968 -1.225747 -0.294024 1.679687 0.833256 -14.218213 0.093214 1.300583 -34.212059 -0.287565 0.967178 -20.033218 0.964537 1.212847 1e-06 2e-06 0.0 -3.440389 0.788234 0.501656 -15.928191 -3.167312 2.999712 -6.338828 -2e-06 0.0 -18.123447 3.648182 -4.905668 -3e-06 1e-06 -3e-06 9.287401 14.792377 8.82457 5.238759 14.497458 -54.216969 174.70253 80.442268 175.177887 -58.504097 6.893507 5.332455 2.243541 -5.255038 -3.180158 14.282896 -0.826593 6.952506 -4e-06 -12.690607 0.0 16.206505 -18.163347 3.785173 1.665667 -1.955921 -2.878299 4.727801 -4.170588 4.993924 11.020529 4e-06 -1e-06 12.109056 -3.735715 -2.866786 0.0 0.0 -0.0 1.291986 -1.92855 -1.498089 14.800134 0.56747 3.865608 14.242578 -1.341735 -6.660659 19.631973 0.143928 -0.648244 51.724117 -1.194656 -6.24049 0.353029 -1.511151 -0.03194 20.222801 3.684313 2.316629 18.787279 7e-06 -1e-06 10.751633 -0.479867 1.397906 -0.0 1e-06 -0.0 3.273809 0.305947 -0.58011 21.486824 11.830381 2.266134 8.16293 3e-06 -0.0 18.39909 -3.798983 -4.940577 3e-06 -1e-06 -2e-06 14.222046 9.622441 7.344815 -0.093921 -0.367718 10.119022 -14.330425 -1.543949 -5.849296 1.535909 -1.999082 -0.222425 0.0 0.0 2e-06 -11.796334 -14.330562 13.251772 -0.033715 0.076518 3.535269 12.102453 -4.459867 -4.676151 -1.443435 1.143689 0.814737 -0.0 0.0 -1e-06 
0.0 0.0 0.0 0.0 -0.0 0.0 -0.561891 98.303566 0.419562 -1.222364 -0.130392 -9.438824 -0.666135 0.475493 0.871547 -0.573984 0.93133 -4.431861 -0.55572 -1.021932 9.822209 21.047295 -6.428274 4.816159 -1.046154 -1.990352 -3.906306 4.636009 -5.209697 -4.973267 7.8e-05 -2.3e-05 6e-06 -0.093696 0.133126 -0.064298 0.615523 -3.549098 -10.729749 -0.782435 3.790724 -10.730667 -16.069788 -6.057659 15.114816 -54.334545 -14.605212 32.798214 -0.053747 -21.324228 0.077313 -5.279412 -3.172575 -2.511934 -5.882116 9.861296 0.70259 -10.936885 -0.360572 7.156212 -1e-06 8.774833 -1e-06 -16.335379 18.311741 5.894309 -1.844036 2.498507 -2.50728 -10.163614 4.678952 4.621113 -20.976053 1e-06 -1e-06 -21.226318 2.451703 -3.594006 0.0 -5e-06 -1e-06 -1.362684 2.2408 -0.746324 -21.334942 0.584915 3.008324 -13.821232 -0.0 1e-06 -23.887201 -0.249077 -0.839487 -60.632881 2.394323 -1.348428 -0.294025 1.679688 0.833258 -14.218226 0.093219 1.300581 -34.212086 -0.287556 0.967167 -20.033239 0.964538 1.21284 1e-06 1e-06 1e-06 -3.440392 0.788235 0.501656 -15.928206 -3.167309 2.999709 -6.338833 -0.0 -1e-06 -18.123472 3.648187 -4.905677 -2e-06 1e-06 -3e-06 9.187766 14.955473 9.039407 5.425228 13.232649 -54.83902 162.067902 85.208092 162.182846 -58.804611 -2.27796 1.735807 2.243543 -5.255039 -3.180158 14.2829 -0.826596 6.952505 -1e-06 -12.690609 1e-06 16.079491 -17.632835 4.02026 1.665666 -1.955923 -2.878298 4.727803 -4.17059 4.993925 11.020534 1e-06 1e-06 12.109059 -3.735719 -2.866783 -0.0 1e-06 2e-06 1.291986 -1.92855 -1.49809 14.800139 0.567466 3.86561 14.242582 -1.341739 -6.660658 19.631981 0.143922 -0.648244 51.019882 -0.966943 -5.940958 0.35303 -1.511151 -0.03194 20.222803 3.684309 2.316633 18.787287 2e-06 -1e-06 10.751634 -0.47987 1.397906 0.0 -0.0 0.0 3.273808 0.305948 -0.58011 21.486828 11.830377 2.266135 8.162933 1e-06 -2e-06 18.399096 -3.798987 -4.940578 1e-06 0.0 -1e-06 14.157975 9.311419 7.123464 -0.104534 -0.318803 10.451414 -14.408442 -1.52846 -5.957452 1.555498 -1.994276 -0.186121 0.0 -0.0 2e-06 -11.822191 -14.346831 12.927768 0.001187 0.098561 4.13718 12.160244 -4.390435 -4.930484 -1.438905 1.107101 0.902979 -0.0 0.0 -1e-06 
0.0 0.0 0.0 0.0 -0.0 0.0 -0.530984 98.29023 0.332233 -1.148975 -0.239107 -9.398647 -0.693135 0.482998 0.741425 -0.545167 0.88419 -4.450348 -0.550166 -1.102893 9.946317 20.936596 -6.212718 4.839784 -1.149529 -2.060014 -3.850707 4.609375 -5.123397 -4.899698 7.8e-05 -2.3e-05 6e-06 -0.097044 0.165541 -0.04242 0.613841 -3.538058 -10.760271 -0.787688 3.846818 -10.753474 -15.881201 -6.087026 14.960831 -54.477276 -14.526518 33.306419 0.044108 -21.408257 -0.01987 -4.833673 -3.349316 -2.238399 -5.882108 9.861291 0.702591 -10.936877 -0.360576 7.15621 1e-06 8.774831 -2e-06 -16.196251 18.248291 5.827151 -1.844032 2.498506 -2.507281 -10.163604 4.678947 4.621112 -20.976034 -5e-06 4e-06 -21.226295 2.451697 -3.594 -0.0 -6e-06 -2e-06 -1.362682 2.240799 -0.746323 -21.334925 0.584907 3.008326 -13.82122 -4e-06 4e-06 -23.887182 -0.249082 -0.83948 -60.455391 2.498607 -1.610744 -0.294024 1.679688 0.833255 -14.218216 0.093213 1.300583 -34.212067 -0.287567 0.967175 -20.033226 0.964535 1.212846 1e-06 2e-06 1e-06 -3.440391 0.788234 0.501658 -15.928198 -3.167313 2.99971 -6.338829 -1e-06 1e-06 -18.123457 3.648184 -4.90567 -3e-06 1e-06 -3e-06 9.358253 14.964846 9.291658 4.580533 11.641709 -52.257858 135.351242 88.057098 135.805038 -52.667053 -6.23019 -0.254485 2.243541 -5.255036 -3.180157 14.282896 -0.826595 6.952506 -2e-06 -12.690605 -1e-06 16.048046 -17.327711 3.937549 1.665666 -1.955923 -2.878299 4.727801 -4.170587 4.993924 11.020529 3e-06 -0.0 12.109053 -3.735715 -2.866781 -1e-06 0.0 1e-06 1.291986 -1.928549 -1.498089 14.800134 0.567468 3.865609 14.242577 -1.341738 -6.660655 19.631973 0.143924 -0.648242 50.736526 -0.978205 -5.813111 0.353029 -1.511152 -0.031942 20.222799 3.68431 2.316632 18.787279 4e-06 0.0 10.751633 -0.479869 1.397906 -1e-06 0.0 0.0 3.273807 0.305947 -0.580109 21.48682 11.830376 2.266135 8.16293 2e-06 -1e-06 18.399088 -3.798985 -4.940575 2e-06 1e-06 -0.0 13.983059 9.152119 6.961902 -0.097527 -0.270407 10.643783 -14.422461 -1.293215 -6.082056 1.564034 -2.023177 -0.109493 0.0 -0.0 2e-06 -11.892877 -14.259689 12.479406 0.01117 0.126781 4.821831 12.250341 -4.411993 -5.202979 -1.434094 1.047085 0.91707 0.0 0.0 -1e-06 
0.0 0.0 0.0 0.0 -0.0 0.0 -0.522367 98.322144 0.242284 -1.099207 -0.390979 -9.365398 -0.650594 0.499252 0.738965 -0.510975 0.78512 -4.471725 -0.511373 -1.243715 10.018463 20.803492 -6.120238 4.907613 -1.184744 -1.88425 -3.819503 4.517597 -5.198495 -5.114461 7.8e-05 -2.2e-05 6e-06 -0.087365 0.229459 -0.025882 0.641491 -3.485414 -10.77758 -0.796987 3.921641 -10.769899 -15.786068 -6.139338 14.898692 -54.574047 -14.310271 33.705467 0.249934 -21.446579 -0.166746 -4.663361 -3.190577 -2.528975 -5.882109 9.861292 0.70259 -10.936878 -0.360576 7.15621 1e-06 8.774831 -2e-06 -16.177757 18.216524 5.814561 -1.844033 2.498505 -2.507278 -10.163606 4.678946 4.621111 -20.976038 -6e-06 4e-06 -21.226301 2.451696 -3.594 -0.0 -6e-06 -1e-06 -1.362682 2.240798 -0.746324 -21.334929 0.584908 3.008327 -13.821223 -5e-06 3e-06 -23.887188 -0.24908 -0.839481 -60.519581 2.483104 -1.599677 -0.294024 1.679687 0.833257 -14.218217 0.093214 1.300584 -34.21207 -0.287566 0.967175 -20.033226 0.964538 1.212845 2e-06 1e-06 1e-06 -3.440391 0.788234 0.501655 -15.928196 -3.167314 2.999712 -6.338829 -1e-06 1e-06 -18.123457 3.648185 -4.905671 -4e-06 -0.0 -3e-06 9.794281 14.889606 9.709467 3.649357 10.787938 -49.75127 156.131378 86.872246 157.185837 -49.306137 -3.24398 0.825789 2.243542 -5.255041 -3.18016 14.282902 -0.826592 6.952508 -2e-06 -12.690615 -2e-06 16.22641 -17.35393 3.601601 1.665667 -1.955924 -2.878299 4.727802 -4.170589 4.993926 11.020536 3e-06 0.0 12.109058 -3.735719 -2.866785 -0.0 0.0 1e-06 1.291986 -1.928551 -1.498089 14.80014 0.567471 3.865612 14.242584 -1.341739 -6.660661 19.631987 0.143926 -0.648242 50.775196 -1.066554 -5.870006 0.353029 -1.511152 -0.031941 20.222807 3.684314 2.316636 18.787289 5e-06 1e-06 10.751634 -0.479867 1.397909 0.0 1e-06 0.0 3.273809 0.305947 -0.580111 21.486834 11.830386 2.266141 8.162933 3e-06 -0.0 18.399096 -3.798987 -4.940578 2e-06 0.0 -3e-06 13.976452 9.167569 7.096819 -0.09342 -0.219993 10.286899 -14.480082 -1.0486 -5.81993 1.56715 -2.03276 -0.004436 0.0 -0.0 2e-06 -11.886449 -14.178384 12.377988 -0.001861 0.145689 4.713345 12.195312 -4.495253 -5.070436 -1.434275 1.045947 0.941479 0.0 0.0 -1e-06 
0.0 0.0 0.0 0.0 -0.0 0.0 -0.527927 98.379654 0.129707 -1.079445 -0.511212 -9.265424 -0.584825 0.504498 0.764518 -0.508548 0.698951 -4.480598 -0.41319 -1.359675 10.019947 20.577839 -6.183914 4.965728 -1.156994 -1.781759 -3.783616 4.474154 -5.187927 -5.390099 7.6e-05 -2.3e-05 6e-06 -0.06681 0.274048 -0.019096 0.677497 -3.442982 -10.760077 -0.793059 3.96631 -10.76038 -15.744261 -6.209863 14.920624 -54.708771 -14.216957 33.731625 0.420595 -21.343185 -0.267843 -4.930664 -2.94193 -2.502219 -5.882107 9.861288 0.702591 -10.936872 -0.360574 7.156207 -1e-06 8.774828 -2e-06 -16.275858 18.25996 5.871078 -1.844032 2.498506 -2.507275 -10.163601 4.678946 4.621108 -20.976023 -2e-06 1e-06 -21.22629 2.451697 -3.594003 0.0 -6e-06 -1e-06 -1.362681 2.240798 -0.746323 -21.334913 0.584909 3.008323 -13.821214 -3e-06 2e-06 -23.887171 -0.249077 -0.839484 -60.666805 2.448801 -1.432547 -0.294026 1.679689 0.833256 -14.218208 0.093216 1.300583 -34.21204 -0.287562 0.967171 -20.033215 0.964536 1.212842 1e-06 1e-06 1e-06 -3.440389 0.788234 0.501656 -15.928185 -3.16731 2.999709 -6.338827 -2e-06 0.0 -18.123447 3.648184 -4.905672 -3e-06 -0.0 -2e-06 10.167868 14.819511 9.957735 3.694822 10.680613 -48.229542 172.597015 82.879272 174.273148 -49.647003 3.467237 4.0486 2.243541 -5.255039 -3.180158 14.282895 -0.826594 6.952504 -3e-06 -12.690608 -0.0 16.647266 -17.609957 3.226937 1.665666 -1.955922 -2.878299 4.7278 -4.170588 4.993925 11.020529 3e-06 -1e-06 12.109056 -3.735717 -2.866785 0.0 0.0 -1e-06 1.291986 -1.92855 -1.49809 14.800134 0.56747 3.865609 14.242576 -1.341737 -6.660659 19.631971 0.143926 -0.648245 51.384167 -1.159531 -6.000396 0.353029 -1.511151 -0.03194 20.222799 3.684312 2.316632 18.787279 5e-06 0.0 10.751631 -0.479868 1.397906 -0.0 1e-06 0.0 3.273808 0.305947 -0.580111 21.486822 11.830381 2.266137 8.16293 1e-06 -1e-06 18.399088 -3.798986 -4.940577 2e-06 0.0 -1e-06 13.978457 9.402418 7.238934 -0.091809 -0.199998 9.716102 -14.517832 -0.859428 -5.478713 1.565172 -2.029959 0.100363 0.0 0.0 2e-06 -11.859039 -14.29277 12.385761 -0.029673 0.179856 4.244725 12.119786 -4.490625 -4.713057 -1.443624 1.055746 0.991043 -0.0 0.0 -1e-06 
0.0 0.0 0.0 0.0 -0.0 0.0 -0.550626 98.400711 -0.008697 -1.083142 -0.48372 -9.163024 -0.549239 0.452477 0.813778 -0.57589 0.656078 -4.481621 -0.226254 -1.386872 10.010012 20.359613 -6.35345 5.035634 -0.993842 -1.745474 -3.735713 4.458851 -5.274062 -5.654367 7.7e-05 -2.3e-05 6e-06 -0.049617 0.261089 -0.029864 0.703225 -3.454479 -10.73349 -0.784872 3.950059 -10.750508 -15.742999 -6.264327 15.078595 -54.863247 -14.460736 33.180771 0.345597 -21.18713 -0.243415 -5.31072 -2.695142 -1.985937 -5.882104 9.861283 0.702592 -10.93687 -0.360575 7.156204 1e-06 8.774824 -1e-06 -16.43453 18.304127 5.926671 -1.844032 2.498503 -2.507279 -10.163597 4.678944 4.621109 -20.976021 -3e-06 5e-06 -21.226286 2.451694 -3.593998 -0.0 -7e-06 -1e-06 -1.362681 2.240797 -0.746322 -21.334909 0.584908 3.00832 -13.82121 -3e-06 3e-06 -23.887167 -0.249079 -0.83948 -60.779373 2.401127 -1.276503 -0.294025 1.679687 0.833257 -14.218206 0.093214 1.30058 -34.212048 -0.287565 0.967173 -20.033205 0.964537 1.212844 2e-06 1e-06 0.0 -3.440387 0.788232 0.501654 -15.928183 -3.167309 2.999707 -6.338825 -3e-06 1e-06 -18.123444 3.64818 -4.905668 -2e-06 -1e-06 -2e-06 10.316217 14.832254 9.823826 5.194463 11.021727 -48.131523 176.387314 78.057251 178.419342 -54.838833 11.771155 7.488822 2.243543 -5.255039 -3.18016 14.282896 -0.826593 6.952506 -3e-06 -12.690608 -1e-06 16.632374 -18.275097 3.089288 1.665667 -1.955922 -2.8783 4.727799 -4.170588 4.993925 11.020528 4e-06 -1e-06 12.109053 -3.735715 -2.866786 1e-06 0.0 -1e-06 1.291985 -1.92855 -1.498088 14.800134 0.567471 3.865608 14.242577 -1.341736 -6.660658 19.631973 0.143926 -0.648243 52.122589 -1.257995 -6.315571 0.353029 -1.511151 -0.03194 20.222797 3.684314 2.316631 18.787279 6e-06 -0.0 10.751631 -0.479867 1.397908 -2e-06 0.0 1e-06 3.273808 0.305947 -0.580112 21.48682 11.83038 2.266135 8.16293 3e-06 1e-06 18.399084 -3.798984 -4.940575 2e-06 -0.0 -0.0 14.041126 9.790109 7.049784 -0.079732 -0.26346 9.691965 -14.508195 -1.028027 -5.287868 1.555548 -2.03898 0.177366 0.0 -0.0 2e-06 -11.805658 -14.517212 12.088359 -0.043416 0.192706 4.411918 12.084828 -4.289492 -4.697363 -1.451229 1.078998 1.019047 0.0 0.0 -1e-06 
0.0 0.0 0.0 0.0 -0.0 0.0 -0.594521 98.393051 -0.127536 -1.111913 -0.323403 -9.17111 -0.569327 0.4193 0.910218 -0.658694 0.596158 -4.472651 -0.009038 -1.305442 10.034885 20.41432 -6.611175 5.1372 -0.890117 -1.755267 -3.764572 4.436573 -5.52881 -5.749583 7.6e-05 -2.3e-05 6e-06 -0.063664 0.227603 -0.054762 0.671342 -3.473193 -10.718503 -0.780324 3.900576 -10.742889 -15.857664 -6.306418 15.319241 -54.816124 -14.808858 32.105961 0.071238 -21.367071 -0.087083 -5.364363 -2.771987 -1.705177 -5.882113 9.861295 0.702592 -10.936887 -0.360574 7.156216 1e-06 8.774835 -0.0 -16.410044 18.290279 5.993906 -1.844034 2.498507 -2.507281 -10.163614 4.678951 4.621115 -20.976053 -3e-06 5e-06 -21.226315 2.4517 -3.594002 -0.0 -6e-06 -1e-06 -1.362684 2.240802 -0.746325 -21.334946 0.58491 3.008326 -13.821236 -3e-06 3e-06 -23.887205 -0.249078 -0.839482 -60.678547 2.36114 -1.170863 -0.294024 1.679688 0.833256 -14.218227 0.093214 1.300582 -34.212086 -0.287565 0.967175 -20.033241 0.964539 1.212846 2e-06 2e-06 1e-06 -3.440393 0.788235 0.501656 -15.928208 -3.167313 2.999712 -6.338834 -2e-06 1e-06 -18.123474 3.648187 -4.905674 -3e-06 -0.0 -2e-06 10.265838 14.95945 9.598014 7.795731 11.302502 -50.174789 175.875961 75.238129 177.78952 -62.908783 14.034155 9.064695 2.243544 -5.255041 -3.180159 14.282899 -0.826594 6.952506 -3e-06 -12.690613 -1e-06 15.864573 -18.567801 3.496932 1.665667 -1.955922 -2.8783 4.727802 -4.17059 4.993926 11.020534 4e-06 -2e-06 12.109058 -3.735717 -2.866784 -0.0 0.0 -1e-06 1.291986 -1.92855 -1.498089 14.800139 0.567469 3.86561 14.24258 -1.341737 -6.660661 19.631979 0.143927 -0.648244 51.7341 -1.19971 -6.485088 0.35303 -1.511152 -0.03194 20.222803 3.684313 2.316633 18.787287 4e-06 0.0 10.751636 -0.479868 1.397907 -1e-06 0.0 1e-06 3.273807 0.305948 -0.580112 21.486828 11.830384 2.266135 8.16293 2e-06 -0.0 18.399092 -3.798986 -4.940577 2e-06 -1e-06 -0.0 14.048812 9.922184 6.776269 -0.092762 -0.342404 9.943057 -14.414851 -1.192541 -5.321938 1.551996 -2.049094 0.127999 0.0 0.0 2e-06 -11.772312 -14.606338 11.911417 -0.04385 0.181834 4.812536 12.030263 -4.110178 -4.833713 -1.453815 1.115163 0.991261 -0.0 0.0 -1e-06 
0.0 0.0 0.0 0.0 -0.0 0.0 -0.632237 98.401192 -0.217963 -1.170236 -0.17553 -9.255872 -0.626089 0.429339 0.963637 -0.686206 0.550627 -4.465451 0.126567 -1.280998 10.112898 20.612204 -6.803523 5.303966 -0.939915 -1.94892 -3.809658 4.560601 -5.585035 -5.746142 7.6e-05 -2.2e-05 6e-06 -0.0761 0.173779 -0.057975 0.630995 -3.511896 -10.70881 -0.763833 3.832876 -10.723681 -15.848722 -6.267909 15.416776 -54.7649 -15.086522 31.409769 -0.147082 -21.839535 0.070533 -5.111291 -3.005633 -1.672918 -5.882107 9.861288 0.702592 -10.936873 -0.360574 7.156206 0.0 8.774828 -0.0 -16.284296 18.295181 6.048505 -1.844035 2.498505 -2.507278 -10.163603 4.678947 4.621108 -20.97603 -3e-06 -0.0 -21.226295 2.451696 -3.594004 -0.0 -5e-06 -1e-06 -1.362682 2.240798 -0.746322 -21.334917 0.584909 3.008318 -13.821217 -3e-06 1e-06 -23.887173 -0.249079 -0.839486 -60.650242 2.317677 -1.113549 -0.294025 1.679688 0.833257 -14.218211 0.093214 1.300578 -34.212051 -0.287566 0.967166 -20.033218 0.964537 1.212841 2e-06 1e-06 0.0 -3.440389 0.788234 0.501655 -15.928185 -3.16731 2.999707 -6.338826 -1e-06 0.0 -18.123449 3.648183 -4.905675 -3e-06 -0.0 -3e-06 9.967649 15.057731 9.42926 10.490429 10.943262 -52.431435 173.618301 76.04438 175.295593 -65.734947 8.182578 7.806041 2.243542 -5.25504 -3.180158 14.282896 -0.826596 6.952505 -2e-06 -12.690611 1e-06 15.335375 -18.065006 3.608488 1.665667 -1.955922 -2.878299 4.727801 -4.17059 4.993925 11.020531 3e-06 -0.0 12.109056 -3.735718 -2.866784 -0.0 -0.0 0.0 1.291986 -1.928551 -1.498089 14.800134 0.567468 3.865609 14.242578 -1.341738 -6.660659 19.631975 0.143925 -0.648245 50.456036 -0.998488 -6.319079 0.353031 -1.511151 -0.031941 20.222801 3.684311 2.316631 18.787283 4e-06 -2e-06 10.751633 -0.479869 1.397905 -0.0 0.0 0.0 3.273808 0.305948 -0.580111 21.486824 11.83038 2.266135 8.16293 1e-06 0.0 18.399094 -3.798988 -4.940577 2e-06 -0.0 -1e-06 14.128309 9.729182 6.780335 -0.095031 -0.345445 9.939617 -14.476489 -1.203596 -5.225031 1.558726 -2.03985 0.004018 0.0 -0.0 2e-06 -11.701055 -14.5618 12.094947 -0.025166 0.146716 4.632581 11.977015 -4.153805 -4.730289 -1.452407 1.120965 0.97489 -0.0 0.0 -1e-06 
0.0 0.0 0.0 0.0 -0.0 0.0 -0.629133 98.404175 -0.283816 -1.217394 -0.070126 -9.32787 -0.700348 0.407413 0.910944 -0.628845 0.560354 -4.455011 0.135841 -1.322192 10.190349 20.764862 -6.888427 5.446912 -1.082856 -2.245811 -3.806509 4.701031 -5.556465 -5.691903 7.7e-05 -2.2e-05 6e-06 -0.084002 0.170799 -0.040986 0.596018 -3.520536 -10.70529 -0.744432 3.838434 -10.719248 -15.63718 -6.320155 15.330588 -54.871624 -15.165634 31.564411 -0.140742 -22.19537 0.090772 -4.854644 -3.371513 -1.746221 -5.882105 9.861284 0.702589 -10.93687 -0.360575 7.156205 0.0 8.774824 -1e-06 -16.170799 18.330437 6.069368 -1.844032 2.498504 -2.507278 -10.163597 4.678946 4.621109 -20.976021 -2e-06 3e-06 -21.226286 2.451697 -3.593999 0.0 -5e-06 -1e-06 -1.36268 2.240797 -0.746325 -21.334911 0.584909 3.008323 -13.821213 -1e-06 2e-06 -23.887167 -0.249078 -0.839484 -60.528885 2.35665 -1.26056 -0.294026 1.679687 0.833257 -14.218205 0.093215 1.300581 -34.212036 -0.287561 0.96717 -20.033209 0.964537 1.212844 1e-06 1e-06 0.0 -3.440389 0.788234 0.501656 -15.928185 -3.167309 2.999706 -6.338825 -1e-06 -0.0 -18.123446 3.648183 -4.905672 -3e-06 1e-06 -3e-06 9.358202 15.005717 9.177956 12.670747 9.746053 -52.508331 171.736465 78.492027 173.303436 -59.570389 0.493903 5.799221 2.243541 -5.255036 -3.180157 14.282887 -0.826595 6.952502 -2e-06 -12.690598 1e-06 15.310823 -17.544983 3.69265 1.665666 -1.955921 -2.878298 4.727799 -4.170585 4.993924 11.020525 3e-06 -2e-06 12.109051 -3.735715 -2.866783 1e-06 0.0 -0.0 1.291985 -1.928548 -1.498088 14.800125 0.567467 3.865608 14.242569 -1.341735 -6.660655 19.63196 0.143925 -0.648244 49.679489 -0.943473 -6.080876 0.353029 -1.511149 -0.03194 20.222786 3.684309 2.316629 18.78727 4e-06 -0.0 10.751625 -0.479869 1.397906 -1e-06 -0.0 1e-06 3.273805 0.305946 -0.580111 21.486809 11.830368 2.266133 8.162925 1e-06 -1e-06 18.399076 -3.798983 -4.940573 3e-06 0.0 -1e-06 14.094777 9.391541 6.727072 -0.084725 -0.299116 10.038248 -14.469276 -1.103282 -5.272287 1.574826 -2.053624 -0.03721 0.0 0.0 2e-06 -11.658365 -14.5204 12.251005 -0.006093 0.133169 4.419526 11.987237 -4.438023 -4.624894 -1.448736 1.076171 0.943308 -0.0 0.0 -1e-06 
0.0 0.0 0.0 0.0 -0.0 0.0 -0.605894 98.407646 -0.348155 -1.241243 -0.07722 -9.31447 -0.747646 0.403981 0.832622 -0.597813 0.517633 -4.461568 0.145571 -1.443865 10.260957 20.883684 -6.84506 5.499144 -1.152576 -2.338683 -3.755946 4.721169 -5.663771 -5.755466 7.7e-05 -2.3e-05 6e-06 -0.081882 0.187264 -0.022174 0.59976 -3.515949 -10.713626 -0.744529 3.868847 -10.716481 -15.47298 -6.350235 15.22405 -54.928391 -15.202357 31.957745 -0.076985 -22.388138 0.04061 -4.736945 -3.492934 -1.923015 -5.882113 9.861299 0.702591 -10.936883 -0.360574 7.156214 0.0 8.774836 -1e-06 -16.104313 18.348701 6.037093 -1.844035 2.498507 -2.507279 -10.163611 4.678952 4.621114 -20.976048 -3e-06 2e-06 -21.226315 2.451699 -3.594005 -0.0 -5e-06 -1e-06 -1.362682 2.2408 -0.746324 -21.334938 0.584911 3.008327 -13.82123 -2e-06 1e-06 -23.887201 -0.249079 -0.839484 -60.526924 2.482026 -1.4734 -0.294026 1.67969 0.833257 -14.218225 0.093216 1.300582 -34.212086 -0.287564 0.967169 -20.033236 0.964538 1.212844 2e-06 1e-06 0.0 -3.440394 0.788235 0.501656 -15.928205 -3.167312 2.99971 -6.338833 -1e-06 -1e-06 -18.123468 3.648187 -4.905676 -3e-06 0.0 -2e-06 9.053752 14.828502 9.131912 13.454369 8.281632 -50.839195 171.623367 79.995255 173.233475 -52.185043 -1.750728 5.518373 2.243541 -5.255039 -3.180159 14.282896 -0.826595 6.952505 -3e-06 -12.69061 -1e-06 15.371824 -17.345974 3.790964 1.665666 -1.955923 -2.878298 4.727801 -4.170589 4.993925 11.020529 2e-06 0.0 12.109056 -3.73572 -2.866783 0.0 0.0 0.0 1.291985 -1.928551 -1.49809 14.800134 0.567469 3.865611 14.242574 -1.341739 -6.660658 19.631969 0.143924 -0.648243 49.717918 -1.022939 -6.067481 0.353029 -1.511151 -0.03194 20.222797 3.684311 2.316633 18.787279 3e-06 1e-06 10.751633 -0.47987 1.397907 -0.0 1e-06 1e-06 3.273808 0.305948 -0.580112 21.486822 11.830379 2.26614 8.16293 1e-06 -1e-06 18.39909 -3.798988 -4.940577 2e-06 1e-06 -2e-06 14.017155 9.196289 6.582619 -0.068008 -0.263046 10.172517 -14.382367 -1.013552 -5.355425 1.579715 -2.066292 -0.024724 0.0 -0.0 2e-06 -11.611435 -14.509386 12.200116 -0.008217 0.116897 4.371783 11.942833 -4.626837 -4.576699 -1.443842 1.030753 0.874887 -0.0 0.0 -1e-06 
0.0 0.0 0.0 0.0 -0.0 0.0 -0.579441 98.413452 -0.413822 -1.256819 -0.123681 -9.323768 -0.736147 0.391878 0.8597 -0.596074 0.458127 -4.457049 0.207397 -1.533408 10.288 20.835754 -6.745795 5.559968 -1.188582 -2.346652 -3.769272 4.742185 -5.83789 -5.842808 7.7e-05 -2.2e-05 6e-06 -0.089236 0.193199 -0.013032 0.6097 -3.511286 -10.718763 -0.769623 3.876314 -10.714816 -15.470397 -6.367373 15.184711 -54.820171 -15.183368 32.031158 -0.133634 -22.64773 0.025632 -4.608615 -3.526668 -2.157735 -5.882103 9.861283 0.702591 -10.936868 -0.360575 7.156204 1e-06 8.774822 -2e-06 -16.095758 18.316118 5.998893 -1.844032 2.498504 -2.507277 -10.163597 4.678943 4.621107 -20.976019 -4e-06 2e-06 -21.226284 2.451695 -3.593999 -0.0 -6e-06 -0.0 -1.362682 2.240798 -0.746323 -21.334911 0.584907 3.008324 -13.821213 -3e-06 3e-06 -23.887165 -0.249079 -0.839482 -60.638378 2.4906 -1.553709 -0.294024 1.679687 0.833255 -14.218203 0.093214 1.300581 -34.212036 -0.287567 0.967174 -20.033209 0.964536 1.212845 2e-06 1e-06 0.0 -3.440387 0.788233 0.501656 -15.928183 -3.167311 2.999708 -6.338823 -2e-06 1e-06 -18.123442 3.648182 -4.905668 -4e-06 1e-06 -2e-06 9.149261 14.678558 9.426724 13.40804 7.467145 -49.704506 171.725754 79.53183 173.42485 -49.37009 -0.662159 6.533017 2.243542 -5.255038 -3.18016 14.282894 -0.826595 6.952505 -1e-06 -12.690604 0.0 15.564444 -17.275032 3.712778 1.665666 -1.955922 -2.8783 4.7278 -4.170588 4.993925 11.020528 2e-06 -1e-06 12.109055 -3.735716 -2.866785 -0.0 -0.0 -1e-06 1.291986 -1.92855 -1.498089 14.800129 0.567468 3.86561 14.242573 -1.341736 -6.660658 19.631969 0.143925 -0.648245 49.902122 -1.03076 -6.098288 0.353029 -1.511151 -0.03194 20.222795 3.68431 2.316631 18.787273 4e-06 1e-06 10.751631 -0.47987 1.397907 -1e-06 1e-06 1e-06 3.273808 0.305947 -0.58011 21.48682 11.830376 2.266137 8.16293 2e-06 -0.0 18.399088 -3.798984 -4.940576 1e-06 0.0 -1e-06 13.994885 9.198869 6.52702 -0.06279 -0.240052 10.233614 -14.311911 -0.970922 -5.375378 1.572432 -2.065286 0.030562 0.0 -0.0 2e-06 -11.569176 -14.487424 12.191244 -0.009923 0.11023 4.296767 11.906662 -4.721953 -4.521651 -1.440817 1.029105 0.887126 0.0 0.0 -1e-06 
0.0 0.0 0.0 0.0 -0.0 0.0 -0.54995 98.41539 -0.48267 -1.25834 -0.156814 -9.317198 -0.70881 0.368051 0.899363 -0.596539 0.427095 -4.46361 0.27616 -1.589384 10.309581 20.676943 -6.695575 5.620687 -1.193438 -2.350735 -3.78926 4.796494 -5.928742 -5.940051 7.6e-05 -2.2e-05 6e-06 -0.093791 0.210593 -0.008395 0.618857 -3.492679 -10.713482 -0.788171 3.892457 -10.705244 -15.46737 -6.399014 15.152561 -54.725853 -15.166855 32.090996 -0.223183 -22.865467 0.055833 -4.510997 -3.54824 -2.223956 -5.882106 9.861288 0.70259 -10.936873 -0.360575 7.156209 0.0 8.77483 -2e-06 -16.09836 18.305143 5.984845 -1.844033 2.498505 -2.507278 -10.163601 4.678946 4.621109 -20.976027 -3e-06 2e-06 -21.22629 2.451699 -3.594002 0.0 -7e-06 -2e-06 -1.362682 2.240798 -0.746324 -21.334917 0.58491 3.008323 -13.821215 -2e-06 1e-06 -23.887169 -0.24908 -0.839484 -60.724503 2.466815 -1.56365 -0.294025 1.679689 0.833257 -14.218212 0.093215 1.300579 -34.212063 -0.287565 0.967171 -20.033218 0.964536 1.212843 1e-06 2e-06 1e-06 -3.440389 0.788233 0.501656 -15.928189 -3.167311 2.999708 -6.338828 -1e-06 -1e-06 -18.123453 3.648185 -4.905671 -3e-06 0.0 -3e-06 9.316696 14.567948 9.729287 13.249903 6.831758 -48.894093 172.717529 78.114754 174.53714 -47.734543 0.783286 8.616331 2.243543 -5.25504 -3.180158 14.282902 -0.826596 6.952507 -2e-06 -12.690609 -0.0 15.724373 -17.181234 3.616388 1.665667 -1.955923 -2.8783 4.727802 -4.170588 4.993923 11.020534 2e-06 -1e-06 12.109057 -3.735717 -2.866785 -0.0 -0.0 0.0 1.291986 -1.92855 -1.498091 14.800139 0.567469 3.865609 14.242583 -1.341739 -6.660659 19.631983 0.143924 -0.648243 49.867771 -1.016645 -6.105199 0.353029 -1.511151 -0.03194 20.222805 3.684311 2.316633 18.787287 4e-06 0.0 10.751636 -0.479869 1.397908 -1e-06 0.0 -0.0 3.273809 0.305947 -0.58011 21.486828 11.830379 2.266136 8.162933 2e-06 -1e-06 18.399096 -3.798987 -4.940578 4e-06 1e-06 -3e-06 13.971897 9.204171 6.434906 -0.065137 -0.222135 10.345286 -14.282042 -0.934646 -5.396501 1.566086 -2.058353 0.070086 0.0 -0.0 2e-06 -11.552903 -14.473014 12.107516 -0.00903 0.099913 4.356102 11.906533 -4.770978 -4.523049 -1.438598 1.042519 0.904049 0.0 0.0 -1e-06 
0.0 0.0 0.0 0.0 -0.0 0.0 -0.524018 98.416664 -0.542747 -1.246339 -0.193766 -9.284226 -0.686149 0.354408 0.911051 -0.576942 0.426811 -4.482321 0.301006 -1.661942 10.349734 20.522366 -6.688653 5.663804 -1.208122 -2.356854 -3.795527 4.861559 -5.952964 -6.085156 7.7e-05 -2.4e-05 6e-06 -0.094458 0.241775 -0.007231 0.624061 -3.46223 -10.707234 -0.794892 3.924362 -10.69208 -15.40556 -6.46194 15.100109 -54.738316 -15.141034 32.359997 -0.216202 -22.935127 0.063371 -4.49647 -3.552819 -2.299307 -5.88211 9.86129 0.702591 -10.936878 -0.360576 7.156209 2e-06 8.774831 -2e-06 -16.086124 18.307541 6.009336 -1.844034 2.498505 -2.507279 -10.163606 4.678947 4.621112 -20.976038 -5e-06 5e-06 -21.226301 2.451698 -3.594 0.0 -7e-06 -1e-06 -1.362682 2.2408 -0.746324 -21.334929 0.584907 3.008324 -13.821223 -4e-06 2e-06 -23.887188 -0.249081 -0.83948 -60.765488 2.442436 -1.495879 -0.294024 1.679688 0.833258 -14.218221 0.093213 1.300583 -34.212078 -0.287569 0.967173 -20.033232 0.964535 1.212846 1e-06 1e-06 1e-06 -3.44039 0.788233 0.501656 -15.928196 -3.167314 2.999708 -6.33883 -2e-06 0.0 -18.123457 3.648183 -4.905672 -4e-06 1e-06 -2e-06 9.522597 14.54528 9.925563 13.081392 6.181812 -48.196693 174.601547 76.136009 176.578598 -45.91983 2.228275 12.062014 2.243542 -5.255041 -3.180161 14.282897 -0.826593 6.952507 -2e-06 -12.690615 -3e-06 15.688865 -17.035711 3.57416 1.665667 -1.955923 -2.878299 4.727802 -4.170589 4.993925 11.020531 3e-06 -0.0 12.109058 -3.735718 -2.866786 -0.0 -0.0 -0.0 1.291986 -1.928551 -1.49809 14.800136 0.56747 3.865611 14.242579 -1.341738 -6.660662 19.631977 0.143926 -0.648243 49.597694 -0.999227 -6.097953 0.353029 -1.511152 -0.031941 20.222803 3.684313 2.316635 18.787283 5e-06 1e-06 10.751634 -0.479868 1.397908 -1e-06 0.0 -0.0 3.273808 0.305947 -0.580109 21.486826 11.830384 2.26614 8.16293 2e-06 1e-06 18.39909 -3.798987 -4.940577 3e-06 0.0 -1e-06 13.920815 9.176951 6.314779 -0.067593 -0.207616 10.446112 -14.2372 -0.879579 -5.422217 1.565662 -2.050445 0.071262 0.0 -0.0 2e-06 -11.570532 -14.481994 11.955626 -0.003133 0.086454 4.499742 11.895179 -4.767606 -4.538177 -1.436348 1.041121 0.884967 0.0 0.0 -1e-06 
0.0 0.0 0.0 0.0 -0.0 0.0 -0.490434 98.429863 -0.582643 -1.213506 -0.228215 -9.218199 -0.676383 0.354503 0.897381 -0.544632 0.432616 -4.499546 0.295786 -1.764009 10.385648 20.354263 -6.721617 5.679603 -1.207918 -2.287763 -3.781614 4.878961 -5.937747 -6.283977 7.8e-05 -2.3e-05 6e-06 -0.09372 0.27418 -0.015911 0.624034 -3.435204 -10.70964 -0.793472 3.962106 -10.687945 -15.316001 -6.508029 15.081133 -54.858845 -15.172613 32.794052 -0.12249 -22.80978 0.037985 -4.540615 -3.522684 -2.330166 -5.882106 9.861285 0.70259 -10.93687 -0.360576 7.156202 0.0 8.774824 -1e-06 -16.084967 18.323511 6.014667 -1.844032 2.498503 -2.507277 -10.163595 4.678944 4.621105 -20.976019 -3e-06 1e-06 -21.226282 2.451696 -3.594002 0.0 -7e-06 -1e-06 -1.362682 2.240798 -0.746324 -21.334911 0.584911 3.008322 -13.821213 -1e-06 1e-06 -23.887165 -0.249079 -0.839483 -60.756924 2.466664 -1.466269 -0.294024 1.679688 0.833255 -14.218206 0.093215 1.30058 -34.212048 -0.287563 0.967168 -20.033211 0.964536 1.212842 1e-06 1e-06 0.0 -3.440388 0.788233 0.501655 -15.928183 -3.167309 2.999705 -6.338825 -1e-06 -0.0 -18.123444 3.648183 -4.905674 -4e-06 -0.0 -2e-06 9.871021 14.629111 10.074509 12.734521 5.457182 -47.686806 176.864761 73.39756 179.031631 -43.86586 4.505317 16.721037 2.243541 -5.255037 -3.180159 14.282894 -0.826593 6.952504 -2e-06 -12.690603 -2e-06 15.570621 -16.850918 3.59545 1.665666 -1.955922 -2.878299 4.7278 -4.170586 4.993923 11.020528 4e-06 -0.0 12.109055 -3.735715 -2.866784 -0.0 -0.0 0.0 1.291985 -1.92855 -1.498089 14.800132 0.567469 3.865609 14.242577 -1.341737 -6.660658 19.631971 0.143925 -0.648244 49.257923 -1.009118 -6.040244 0.353029 -1.511151 -0.03194 20.222797 3.684311 2.316632 18.787279 6e-06 0.0 10.751629 -0.479868 1.397907 -2e-06 1e-06 0.0 3.273807 0.305947 -0.580111 21.486818 11.830376 2.266136 8.162928 2e-06 0.0 18.399082 -3.798982 -4.940575 4e-06 -1e-06 -1e-06 13.904185 9.130095 6.258288 -0.067498 -0.193706 10.397055 -14.235032 -0.827115 -5.305413 1.570403 -2.030962 0.079761 0.0 -0.0 2e-06 -11.616053 -14.539264 11.858142 -0.000454 0.091994 4.464931 11.867999 -4.780004 -4.465308 -1.436906 1.019963 0.851317 -0.0 0.0 -1e-06 
0.0 0.0 0.0 0.0 -0.0 0.0 -0.454418 98.468201 -0.622785 -1.176109 -0.221293 -9.158079 -0.655935 0.355086 0.906068 -0.523408 0.397054 -4.494493 0.312979 -1.845805 10.391489 20.145847 -6.739145 5.658645 -1.17225 -2.195904 -3.74995 4.827724 -5.830269 -6.555035 7.8e-05 -2.2e-05 6e-06 -0.087383 0.292245 -0.027662 0.624522 -3.425288 -10.707841 -0.781449 3.988033 -10.683342 -15.287764 -6.498392 15.161823 -55.052639 -15.318468 33.17305 0.053985 -22.496223 -0.019516 -4.59325 -3.414066 -2.269607 -5.882104 9.861283 0.702591 -10.936872 -0.360576 7.156203 2e-06 8.774823 -1e-06 -16.145092 18.312672 5.945968 -1.844032 2.498504 -2.507277 -10.163599 4.678943 4.621106 -20.976025 -6e-06 4e-06 -21.226286 2.451696 -3.593996 -0.0 -7e-06 -1e-06 -1.362681 2.240797 -0.746322 -21.334915 0.584906 3.008322 -13.821215 -4e-06 2e-06 -23.887169 -0.249081 -0.839479 -60.655674 2.499179 -1.520367 -0.294026 1.679687 0.833257 -14.218208 0.093213 1.300579 -34.212051 -0.287568 0.967174 -20.033213 0.964534 1.212845 2e-06 1e-06 1e-06 -3.440388 0.788232 0.501656 -15.928189 -3.167311 2.999707 -6.338826 -2e-06 1e-06 -18.123444 3.648179 -4.905668 -4e-06 0.0 -2e-06 10.431899 14.790973 10.292351 12.209561 4.814723 -47.596607 179.109802 69.775215 -178.630844 -42.584023 8.7195 22.079285 2.243542 -5.255037 -3.180159 14.282894 -0.826595 6.952504 -3e-06 -12.690605 0.0 15.367533 -16.720602 3.704935 1.665666 -1.955922 -2.878299 4.727798 -4.170587 4.993925 11.020527 3e-06 -2e-06 12.109055 -3.735716 -2.866785 0.0 -0.0 0.0 1.291986 -1.92855 -1.49809 14.800129 0.567468 3.865608 14.242573 -1.341736 -6.66066 19.631969 0.143926 -0.648246 48.745949 -1.046049 -5.961231 0.353029 -1.51115 -0.03194 20.222794 3.684309 2.31663 18.787273 5e-06 -1e-06 10.751633 -0.479868 1.397906 -1e-06 0.0 -0.0 3.273807 0.305947 -0.580111 21.486816 11.830373 2.266132 8.162928 1e-06 -0.0 18.399088 -3.798985 -4.940577 2e-06 -1e-06 -1e-06 13.815637 9.146544 6.3357 -0.061798 -0.184054 10.048724 -14.148249 -0.787531 -5.121104 1.576805 -1.999663 0.111722 -0.0 -0.0 2e-06 -11.673738 -14.651447 12.023584 -0.010369 0.110045 3.947754 11.817771 -4.861013 -4.155003 -1.442749 0.996633 0.840321 0.0 0.0 -1e-06 
0.0 0.0 0.0 0.0 -0.0 0.0 -0.423144 98.480621 -0.691782 -1.12836 -0.201981 -9.171823 -0.609994 0.340828 0.994789 -0.543006 0.340129 -4.459601 0.380983 -1.818009 10.378639 19.860254 -6.743658 5.628615 -1.069201 -2.072113 -3.723448 4.777694 -5.750715 -6.853151 7.7e-05 -2.3e-05 6e-06 -0.071193 0.279778 -0.03156 0.642114 -3.443629 -10.692584 -0.766922 3.980501 -10.672862 -15.401954 -6.471836 15.298735 -55.172089 -15.455751 33.322643 0.178687 -22.244757 -0.068658 -4.640961 -3.234805 -2.23549 -5.882109 9.861288 0.702592 -10.936877 -0.360574 7.156209 0.0 8.774828 -1e-06 -16.237476 18.258307 5.887602 -1.844033 2.498506 -2.507279 -10.163605 4.678946 4.621111 -20.976032 -3e-06 5e-06 -21.226295 2.451699 -3.594 -0.0 -7e-06 -1e-06 -1.362682 2.2408 -0.746324 -21.334925 0.58491 3.008327 -13.821221 -2e-06 4e-06 -23.887178 -0.249077 -0.839482 -60.557968 2.441878 -1.543407 -0.294024 1.679688 0.833256 -14.218214 0.093215 1.300581 -34.212067 -0.287564 0.967173 -20.033222 0.964536 1.212846 1e-06 1e-06 0.0 -3.44039 0.788234 0.501656 -15.928198 -3.16731 2.999709 -6.338829 -1e-06 0.0 -18.123459 3.648183 -4.905672 -4e-06 -0.0 -3e-06 10.942657 14.89957 10.513288 11.999944 4.81851 -48.125854 -179.521851 65.822876 -177.401764 -44.841267 15.410054 27.178869 2.243541 -5.255037 -3.180158 14.282892 -0.826592 6.952504 -3e-06 -12.690605 -1e-06 15.079617 -17.044945 3.925948 1.665666 -1.955921 -2.878299 4.727798 -4.170587 4.993923 11.020526 4e-06 -1e-06 12.109052 -3.735714 -2.866785 -1e-06 0.0 0.0 1.291985 -1.92855 -1.49809 14.800131 0.567471 3.865608 14.242571 -1.341735 -6.660658 19.631971 0.143927 -0.648243 48.204704 -1.055048 -6.05463 0.353029 -1.511151 -0.03194 20.222794 3.684314 2.316632 18.787273 6e-06 1e-06 10.751632 -0.479867 1.397907 -2e-06 -0.0 1e-06 3.273806 0.305947 -0.580111 21.486818 11.830379 2.266136 8.162927 3e-06 0.0 18.39908 -3.798982 -4.940573 2e-06 -1e-06 -0.0 13.763851 9.31611 6.355685 -0.043957 -0.200751 9.943624 -14.04249 -0.927114 -4.99604 1.570506 -1.974886 0.153698 -0.0 0.0 2e-06 -11.771677 -14.78996 12.062657 -0.022713 0.123284 3.882198 11.800628 -4.852345 -4.069798 -1.448861 1.024525 0.898297 -0.0 0.0 -1e-06 
0.0 0.0 0.0 0.0 -0.0 0.0 -0.395763 98.450455 -0.771081 -1.050801 -0.153382 -9.225988 -0.578774 0.336369 1.109387 -0.598251 0.283017 -4.407196 0.4906 -1.645745 10.365487 19.613436 -6.756262 5.611026 -0.951533 -1.818525 -3.749222 4.731986 -5.870205 -7.035534 7.7e-05 -2.2e-05 6e-06 -0.077027 0.272364 -0.048131 0.635729 -3.452364 -10.68479 -0.771929 3.973222 -10.670322 -15.645185 -6.434387 15.470552 -55.192303 -15.577753 32.869904 0.130241 -22.133751 -0.024506 -4.687921 -3.198449 -2.182237 -5.882106 9.861283 0.702592 -10.936873 -0.360576 7.156209 2e-06 8.774824 1e-06 -16.292246 18.235762 5.932698 -1.844033 2.498505 -2.507277 -10.163601 4.678944 4.621111 -20.976027 -5e-06 3e-06 -21.226292 2.451694 -3.593999 0.0 -6e-06 -1e-06 -1.362682 2.240798 -0.746325 -21.334917 0.584907 3.008324 -13.821215 -4e-06 3e-06 -23.887171 -0.249081 -0.83948 -60.547195 2.384375 -1.417268 -0.294024 1.679686 0.833257 -14.21821 0.093213 1.30058 -34.212051 -0.287567 0.967174 -20.033216 0.964535 1.212847 2e-06 1e-06 1e-06 -3.440389 0.788233 0.501656 -15.928189 -3.16731 2.999705 -6.338827 -2e-06 0.0 -18.123449 3.64818 -4.905669 -4e-06 -1e-06 -3e-06 10.903998 15.01862 10.459257 12.909427 5.651132 -49.637039 -179.651459 63.125813 -177.826233 -51.416008 21.692902 29.287216 2.243543 -5.255037 -3.180158 14.282892 -0.826593 6.952503 -2e-06 -12.690603 -1e-06 14.849714 -17.678041 3.908859 1.665667 -1.955922 -2.8783 4.727798 -4.170586 4.993924 11.020528 3e-06 -2e-06 12.109053 -3.735716 -2.866786 0.0 -0.0 -0.0 1.291986 -1.92855 -1.498089 14.800129 0.567469 3.865608 14.242572 -1.341736 -6.66066 19.631969 0.143927 -0.648246 48.250275 -1.027044 -6.399941 0.353029 -1.511151 -0.03194 20.222794 3.684311 2.31663 18.787273 6e-06 -2e-06 10.751628 -0.479868 1.397905 0.0 0.0 -1e-06 3.273806 0.305947 -0.580111 21.486813 11.830376 2.266134 8.162927 3e-06 -1e-06 18.39908 -3.798982 -4.940576 2e-06 -0.0 -1e-06 13.718818 9.559421 6.191739 -0.053779 -0.270649 10.282335 -13.960672 -1.171429 -5.050622 1.559196 -1.99175 0.189171 -0.0 -0.0 2e-06 -11.898189 -14.795096 11.716157 -0.030634 0.120087 4.660784 11.807773 -4.727418 -4.403092 -1.449735 1.065923 0.935548 0.0 0.0 -1e-06 
0.0 0.0 0.0 0.0 -0.0 0.0 -0.371865 98.455719 -0.85184 -0.98245 -0.104208 -9.244973 -0.565766 0.392927 1.145973 -0.638053 0.248521 -4.401411 0.516094 -1.530559 10.384041 19.528053 -6.665964 5.715775 -0.945638 -1.844021 -3.763111 4.727686 -5.870943 -7.148576 7.7e-05 -2.4e-05 6e-06 -0.077304 0.24624 -0.054795 0.621125 -3.469958 -10.666688 -0.757257 3.938318 -10.654501 -15.870322 -6.394489 15.50854 -55.188354 -15.575024 32.666164 0.141163 -22.103155 -0.02039 -4.660305 -3.308999 -2.286107 -5.882109 9.86129 0.702592 -10.936878 -0.360575 7.156211 2e-06 8.774831 -1e-06 -16.277025 18.236446 5.989883 -1.844033 2.498505 -2.507279 -10.163605 4.678947 4.621111 -20.976034 -4e-06 4e-06 -21.226299 2.451696 -3.594001 0.0 -5e-06 -1e-06 -1.362682 2.240799 -0.746324 -21.334929 0.584907 3.008323 -13.821224 -4e-06 3e-06 -23.887184 -0.24908 -0.839481 -60.603867 2.33577 -1.259011 -0.294026 1.679689 0.833257 -14.218217 0.093213 1.30058 -34.212074 -0.287568 0.967172 -20.033226 0.964535 1.212846 1e-06 1e-06 1e-06 -3.44039 0.788232 0.501655 -15.928198 -3.167314 2.999711 -6.338829 -2e-06 -0.0 -18.123457 3.648181 -4.905671 -3e-06 -1e-06 -3e-06 10.608037 15.125492 10.350378 14.709849 6.51039 -51.167671 179.750229 63.60445 -178.463196 -56.378296 21.63909 27.241228 2.243543 -5.25504 -3.180157 14.282898 -0.826594 6.952502 -3e-06 -12.690613 -0.0 14.815741 -17.763439 3.701227 1.665666 -1.955922 -2.878299 4.727799 -4.170589 4.993923 11.020531 3e-06 -1e-06 12.109056 -3.735717 -2.866785 0.0 -0.0 0.0 1.291986 -1.92855 -1.498089 14.800134 0.567469 3.865605 14.242579 -1.341737 -6.660657 19.631975 0.143928 -0.648245 48.412971 -0.907807 -6.475749 0.353029 -1.511152 -0.03194 20.222801 3.684313 2.316629 18.787283 6e-06 -2e-06 10.751634 -0.479867 1.397906 0.0 0.0 0.0 3.273808 0.305948 -0.580111 21.48682 11.830384 2.266132 8.16293 1e-06 -2e-06 18.399088 -3.798984 -4.940578 3e-06 -1e-06 -1e-06 13.601466 9.660299 6.120112 -0.065961 -0.320962 10.229566 -13.93269 -1.169044 -4.971537 1.561552 -2.017612 0.075239 -0.0 0.0 2e-06 -11.978092 -14.738998 11.607205 -0.025199 0.113693 4.848988 11.764898 -4.717328 -4.443114 -1.451511 1.072003 0.863014 0.0 1e-06 -1e-06 
0.0 0.0 0.0 0.0 -0.0 0.0 -0.360084 98.485062 -0.9347 -0.957054 -0.019239 -9.307235 -0.555579 0.436663 1.140956 -0.635057 0.241188 -4.42632 0.404085 -1.506563 10.464485 19.511612 -6.629369 5.925107 -0.966039 -1.912467 -3.732414 4.775021 -5.73432 -7.197114 7.7e-05 -2.3e-05 6e-06 -0.067369 0.216032 -0.037958 0.618457 -3.492402 -10.648621 -0.734225 3.9 -10.649909 -16.034555 -6.336851 15.60417 -55.114357 -15.63277 32.953644 0.220612 -22.057606 -0.045081 -4.473774 -3.42079 -2.413101 -5.882106 9.861285 0.702591 -10.936874 -0.360576 7.156207 1e-06 8.774826 -3e-06 -16.182919 18.276691 6.038237 -1.844033 2.498505 -2.507279 -10.163602 4.678945 4.621109 -20.976027 -4e-06 5e-06 -21.226292 2.451697 -3.593999 0.0 -6e-06 -0.0 -1.362682 2.240798 -0.746323 -21.334917 0.584909 3.008325 -13.821217 -2e-06 3e-06 -23.887175 -0.24908 -0.839482 -60.611446 2.337866 -1.251529 -0.294025 1.679687 0.833257 -14.218212 0.093213 1.300582 -34.212063 -0.287564 0.967173 -20.033218 0.964536 1.212846 1e-06 1e-06 1e-06 -3.440389 0.788233 0.501656 -15.928191 -3.167311 2.999709 -6.338827 -1e-06 0.0 -18.123449 3.64818 -4.90567 -3e-06 -0.0 -3e-06 10.264434 15.024884 10.368035 16.913101 7.212656 -51.991638 178.48024 67.218094 -179.523117 -56.900459 16.97208 23.048656 2.243541 -5.255037 -3.180158 14.282887 -0.826594 6.952501 -3e-06 -12.690605 -0.0 14.965057 -17.608849 3.428659 1.665666 -1.955922 -2.878299 4.727797 -4.170588 4.993923 11.020524 3e-06 -2e-06 12.109051 -3.735715 -2.866785 0.0 0.0 -0.0 1.291985 -1.928549 -1.49809 14.800125 0.567469 3.865607 14.242569 -1.341736 -6.660659 19.631968 0.143927 -0.648246 48.711296 -0.809972 -6.406608 0.353027 -1.51115 -0.03194 20.222786 3.68431 2.31663 18.78727 5e-06 -1e-06 10.751624 -0.479868 1.397906 -0.0 0.0 0.0 3.273807 0.305947 -0.58011 21.486809 11.830377 2.266133 8.162925 2e-06 -0.0 18.399076 -3.798985 -4.940575 3e-06 -0.0 -1e-06 13.578808 9.64193 6.291423 -0.070619 -0.321645 9.899635 -13.939883 -1.178569 -4.743348 1.572858 -2.009759 0.025367 -0.0 -0.0 2e-06 -12.019078 -14.624808 11.821175 -0.012369 0.108773 4.402323 11.775989 -4.987035 -4.163228 -1.451921 1.068918 0.82993 0.0 0.0 -1e-06 
0.0 0.0 0.0 0.0 -0.0 0.0 -0.358401 98.506165 -1.018798 -0.95464 0.111041 -9.35956 -0.543979 0.453323 1.079227 -0.611724 0.283757 -4.45631 0.213876 -1.511781 10.57465 19.569771 -6.594907 6.115466 -1.032807 -2.017304 -3.71668 4.843418 -5.679597 -7.103292 7.6e-05 -2.2e-05 6e-06 -0.06785 0.209532 -0.019862 0.610767 -3.497151 -10.656233 -0.727421 3.892241 -10.672685 -16.230417 -6.323967 15.759905 -54.915154 -15.70441 33.406876 0.301606 -22.02212 -0.085079 -4.220459 -3.504274 -2.529315 -5.882108 9.861288 0.702591 -10.936875 -0.360574 7.15621 0.0 8.774828 1e-06 -16.086597 18.285534 6.056416 -1.844033 2.498507 -2.507279 -10.163603 4.678948 4.621112 -20.97603 -1e-06 2e-06 -21.226295 2.4517 -3.594001 0.0 -7e-06 -0.0 -1.362682 2.240799 -0.746325 -21.334925 0.584912 3.008327 -13.821221 0.0 3e-06 -23.887182 -0.249079 -0.839482 -60.541424 2.386749 -1.327398 -0.294024 1.679688 0.833256 -14.218215 0.093216 1.300582 -34.212055 -0.287559 0.967173 -20.033218 0.96454 1.212844 1e-06 1e-06 1e-06 -3.44039 0.788234 0.501656 -15.928191 -3.167309 2.999711 -6.338829 -1e-06 1e-06 -18.123453 3.648185 -4.905671 -4e-06 -0.0 -2e-06 10.002969 14.665015 10.485888 19.014154 7.83744 -51.880936 176.720718 72.613876 178.791916 -53.414551 11.416739 17.743673 2.243542 -5.255038 -3.180159 14.282896 -0.826596 6.952505 -2e-06 -12.690607 -1e-06 15.217055 -17.475813 3.352358 1.665667 -1.955922 -2.878299 4.727802 -4.170588 4.993925 11.020531 1e-06 -1e-06 12.109058 -3.735718 -2.866785 -0.0 -0.0 -0.0 1.291986 -1.92855 -1.49809 14.800132 0.567468 3.865609 14.242577 -1.341737 -6.660659 19.631973 0.143925 -0.648246 49.118896 -0.819137 -6.300495 0.353029 -1.511151 -0.03194 20.222801 3.68431 2.316632 18.787283 4e-06 -0.0 10.751633 -0.479869 1.397907 -1e-06 0.0 -0.0 3.273808 0.305947 -0.580111 21.486822 11.830377 2.266135 8.16293 2e-06 -1e-06 18.399092 -3.798986 -4.940577 2e-06 0.0 -1e-06 13.571886 9.622245 6.376235 -0.081723 -0.295457 9.709547 -13.929237 -1.268594 -4.58633 1.584171 -2.01339 0.067737 -0.0 0.0 2e-06 -12.016057 -14.582396 12.032286 -0.006677 0.104447 4.059993 11.813586 -5.285898 -3.991642 -1.449143 1.025499 0.862333 0.0 0.0 -1e-06 
0.0 0.0 0.0 0.0 -0.0 0.0 -0.36495 98.512947 -1.105881 -0.96397 0.228098 -9.403296 -0.536792 0.478393 1.013005 -0.599567 0.327312 -4.483303 -0.004905 -1.533621 10.712519 19.730453 -6.545037 6.282589 -1.154215 -2.112543 -3.743916 4.939093 -5.733919 -6.896101 7.7e-05 -2.2e-05 6e-06 -0.074838 0.202198 -0.006036 0.609415 -3.50239 -10.676991 -0.740379 3.884016 -10.699357 -16.443558 -6.334913 15.916903 -54.617771 -15.747317 33.7229 0.280638 -22.038788 -0.10736 -4.00457 -3.493587 -2.807153 -5.882111 9.861295 0.702593 -10.936883 -0.360577 7.156209 2e-06 8.774835 -0.0 -16.035418 18.236456 6.044375 -1.844034 2.498505 -2.507279 -10.163609 4.678948 4.62111 -20.976048 -8e-06 3e-06 -21.226311 2.451695 -3.594002 0.0 -6e-06 -2e-06 -1.362682 2.2408 -0.746324 -21.334942 0.584906 3.008323 -13.821232 -6e-06 1e-06 -23.887201 -0.249084 -0.83948 -60.492519 2.392558 -1.298999 -0.294025 1.67969 0.833256 -14.218225 0.093213 1.30058 -34.212093 -0.28757 0.967171 -20.033236 0.964535 1.212848 1e-06 1e-06 1e-06 -3.440392 0.788233 0.501656 -15.928206 -3.167316 2.999707 -6.338833 -3e-06 0.0 -18.123466 3.648183 -4.905673 -3e-06 1e-06 -2e-06 9.897882 14.142523 10.732977 20.814579 8.496918 -50.755688 173.790192 78.758835 175.675949 -48.856548 7.23957 12.915458 2.243544 -5.255046 -3.180161 14.282907 -0.826593 6.952512 -1e-06 -12.690625 -4e-06 15.495281 -17.542719 3.389103 1.665668 -1.955925 -2.878303 4.727805 -4.170593 4.993928 11.02054 3e-06 -1e-06 12.109064 -3.735721 -2.866788 -1e-06 0.0 0.0 1.291987 -1.928553 -1.49809 14.800149 0.567472 3.865613 14.242588 -1.34174 -6.660666 19.63199 0.143927 -0.648243 49.815205 -0.830671 -6.209887 0.353029 -1.511154 -0.031941 20.222815 3.684318 2.316636 18.787296 6e-06 1e-06 10.751641 -0.479869 1.397909 -1e-06 0.0 -0.0 3.27381 0.305947 -0.580111 21.486845 11.830395 2.266143 8.162937 3e-06 -0.0 18.399103 -3.798988 -4.940582 2e-06 0.0 -0.0 13.581491 9.61098 6.356569 -0.090705 -0.262959 9.713928 -13.888331 -1.472686 -4.511821 1.589373 -2.009254 0.135856 -0.0 -0.0 2e-06 -11.991653 -14.556554 12.091722 -0.004529 0.092939 3.992413 11.828956 -5.519732 -3.953338 -1.443954 0.991827 0.932949 0.0 0.0 -1e-06 
0.0 0.0 0.0 0.0 -0.0 0.0 -0.381632 98.524734 -1.192458 -0.98121 0.34265 -9.436634 -0.527038 0.500368 0.972751 -0.609159 0.351075 -4.502133 -0.235009 -1.558716 10.856301 19.927393 -6.491243 6.426505 -1.293348 -2.22936 -3.79648 5.051971 -5.789374 -6.637767 7.7e-05 -2.2e-05 6e-06 -0.08321 0.186533 0.003971 0.614027 -3.512862 -10.692743 -0.762277 3.864306 -10.71501 -16.644123 -6.347878 16.057961 -54.305687 -15.788382 33.923309 0.210392 -22.074173 -0.12301 -3.79997 -3.416832 -3.136086 -5.882108 9.861286 0.702592 -10.936873 -0.360575 7.156207 0.0 8.774826 -2e-06 -16.025112 18.182642 6.035314 -1.844033 2.498505 -2.507277 -10.163602 4.678946 4.621111 -20.976028 -2e-06 3e-06 -21.226292 2.451699 -3.594 -0.0 -7e-06 -1e-06 -1.362682 2.240799 -0.746322 -21.334921 0.584909 3.008324 -13.821218 -2e-06 3e-06 -23.887177 -0.249079 -0.839482 -60.477589 2.379263 -1.206775 -0.294025 1.679688 0.833256 -14.218212 0.093216 1.300581 -34.212063 -0.287562 0.967171 -20.033218 0.964537 1.212843 1e-06 2e-06 1e-06 -3.44039 0.788233 0.501655 -15.928189 -3.167309 2.999708 -6.338827 -1e-06 0.0 -18.123451 3.648183 -4.90567 -3e-06 1e-06 -2e-06 9.840126 13.613356 11.079154 22.615601 9.171449 -48.742508 165.575333 84.67469 167.179367 -44.411842 4.681184 9.792599 2.243541 -5.255037 -3.180157 14.282891 -0.826594 6.952504 -1e-06 -12.690605 -0.0 15.797812 -17.713287 3.267177 1.665666 -1.955924 -2.878299 4.7278 -4.170587 4.993923 11.020527 2e-06 0.0 12.109052 -3.735714 -2.866781 0.0 1e-06 0.0 1.291985 -1.928549 -1.49809 14.800129 0.567469 3.865609 14.242571 -1.341739 -6.660657 19.631969 0.143923 -0.648242 50.503204 -0.80343 -6.207407 0.353029 -1.51115 -0.03194 20.222794 3.684309 2.316632 18.787273 3e-06 1e-06 10.751627 -0.479868 1.397907 1e-06 -0.0 0.0 3.273806 0.305947 -0.58011 21.486818 11.830374 2.266136 8.162928 1e-06 -0.0 18.399086 -3.798985 -4.940577 2e-06 0.0 -0.0 13.608385 9.639848 6.350186 -0.094344 -0.24404 9.652709 -13.837281 -1.729519 -4.394789 1.592112 -2.003451 0.194688 -0.0 -0.0 2e-06 -11.9372 -14.518167 12.162923 -0.00444 0.078835 3.86835 11.800251 -5.724041 -3.887513 -1.437342 0.980521 1.032196 -0.0 0.0 -1e-06 
0.0 0.0 0.0 0.0 -0.0 0.0 -0.41094 98.544243 -1.275067 -1.004597 0.429312 -9.429341 -0.519383 0.509862 0.942281 -0.629725 0.37354 -4.520769 -0.459207 -1.569517 10.975347 20.077888 -6.456447 6.560279 -1.415084 -2.340327 -3.843268 5.176347 -5.845748 -6.394146 7.7e-05 -2.2e-05 6e-06 -0.091712 0.168826 0.010373 0.618804 -3.52394 -10.699449 -0.784687 3.840781 -10.719953 -16.846109 -6.341661 16.18564 -54.021564 -15.839662 34.045708 0.163242 -22.121222 -0.146983 -3.558822 -3.309807 -3.390086 -5.882109 9.861289 0.702591 -10.936877 -0.360575 7.156208 1e-06 8.774828 -2e-06 -16.021786 18.148535 6.02316 -1.844033 2.498504 -2.507279 -10.163604 4.678947 4.621111 -20.976034 -2e-06 2e-06 -21.226299 2.451698 -3.594002 -0.0 -7e-06 -0.0 -1.362683 2.240799 -0.746325 -21.334925 0.58491 3.008322 -13.821221 -2e-06 3e-06 -23.887182 -0.249079 -0.839483 -60.453938 2.382916 -1.164713 -0.294024 1.679687 0.833257 -14.218215 0.093216 1.300579 -34.212067 -0.287564 0.96717 -20.033222 0.964537 1.212842 2e-06 1e-06 1e-06 -3.44039 0.788235 0.501656 -15.928194 -3.167311 2.999707 -6.338829 -1e-06 -1e-06 -18.123457 3.648185 -4.905673 -3e-06 1e-06 -2e-06 9.772999 13.135842 11.458518 24.588238 9.840126 -45.901836 68.646683 88.527664 69.92189 -39.925396 3.08218 7.89364 2.243542 -5.255037 -3.180159 14.282896 -0.826594 6.952506 -4e-06 -12.690607 1e-06 16.07465 -17.902819 2.97451 1.665666 -1.955921 -2.878299 4.727801 -4.170588 4.993926 11.020528 4e-06 -1e-06 12.109056 -3.735716 -2.866784 1e-06 -0.0 1e-06 1.291985 -1.92855 -1.498091 14.800134 0.567469 3.865608 14.242577 -1.341733 -6.660657 19.631975 0.143927 -0.648242 50.85952 -0.761795 -6.2737 0.35303 -1.51115 -0.031939 20.222801 3.684313 2.316632 18.787281 6e-06 -0.0 10.751632 -0.479867 1.397907 -1e-06 -1e-06 -1e-06 3.273808 0.305947 -0.580111 21.486824 11.830379 2.266134 8.16293 2e-06 -0.0 18.39909 -3.798985 -4.940575 3e-06 0.0 -2e-06 13.644726 9.696724 6.344597 -0.095094 -0.23195 9.496996 -13.819331 -1.977294 -4.230348 1.592497 -1.99523 0.240225 -0.0 -0.0 2e-06 -11.844166 -14.458169 12.197173 -0.005693 0.076085 3.707174 11.734567 -5.951981 -3.797418 -1.429931 0.985695 1.131408 -0.0 0.0 -1e-06 
0.0 0.0 0.0 0.0 -0.0 0.0 -0.444267 98.569794 -1.361142 -1.01437 0.498715 -9.373712 -0.521337 0.504965 0.919761 -0.651643 0.403716 -4.526689 -0.684016 -1.539807 11.048061 20.131231 -6.442913 6.65206 -1.514944 -2.464141 -3.868764 5.309793 -5.923169 -6.195814 7.6e-05 -2.3e-05 6e-06 -0.098787 0.154407 0.013145 0.620964 -3.535529 -10.705709 -0.801611 3.824299 -10.722915 -17.104609 -6.304731 16.36837 -53.725594 -15.96322 33.939007 0.132368 -22.189766 -0.160337 -3.189389 -3.184702 -3.523716 -5.882106 9.861288 0.702592 -10.936877 -0.360578 7.156209 2e-06 8.77483 -2e-06 -15.992278 18.150396 6.007854 -1.844033 2.498505 -2.507279 -10.163604 4.678945 4.621109 -20.976032 -7e-06 4e-06 -21.226295 2.451693 -3.593999 0.0 -7e-06 -1e-06 -1.362682 2.240799 -0.746323 -21.334925 0.584905 3.008324 -13.82122 -5e-06 3e-06 -23.887182 -0.249082 -0.83948 -60.412533 2.435469 -1.215168 -0.294024 1.679688 0.833255 -14.218217 0.093213 1.30058 -34.212074 -0.287569 0.967173 -20.033228 0.964534 1.212847 1e-06 1e-06 1e-06 -3.440389 0.788233 0.501655 -15.928194 -3.167313 2.99971 -6.33883 -2e-06 0.0 -18.123455 3.648181 -4.90567 -4e-06 1e-06 -2e-06 9.627471 12.746264 11.825953 26.860937 10.481244 -42.202045 11.264833 83.642265 12.166202 -34.685219 1.527104 6.544729 2.24354 -5.25504 -3.180161 14.282896 -0.826594 6.952508 -2e-06 -12.690609 -3e-06 16.153395 -18.138968 2.705434 1.665668 -1.955925 -2.8783 4.727801 -4.170588 4.993925 11.02053 4e-06 -1e-06 12.109056 -3.735717 -2.866787 -0.0 1e-06 1e-06 1.291987 -1.928552 -1.498091 14.800132 0.567468 3.865611 14.242577 -1.341738 -6.660661 19.631973 0.143925 -0.648243 50.753159 -0.72166 -6.381865 0.353029 -1.511152 -0.03194 20.222797 3.684313 2.316633 18.787283 4e-06 1e-06 10.751632 -0.479869 1.397907 0.0 -0.0 -0.0 3.273808 0.305946 -0.580111 21.486826 11.830381 2.266141 8.162929 2e-06 -0.0 18.399086 -3.798985 -4.940577 3e-06 0.0 -1e-06 13.653212 9.738744 6.320626 -0.094197 -0.227162 9.264082 -13.841923 -2.16447 -4.031111 1.590793 -1.979825 0.243714 -0.0 -0.0 2e-06 -11.746085 -14.394016 12.140553 -0.003722 0.082639 3.597534 11.623075 -6.147674 -3.715267 -1.421237 0.993042 1.204059 -0.0 0.0 -1e-06 
0.0 0.0 0.0 0.0 -0.0 0.0 -0.473568 98.59021 -1.451961 -1.013523 0.587333 -9.294973 -0.528701 0.473753 0.921038 -0.664591 0.452384 -4.508533 -0.911402 -1.474185 11.088384 20.07428 -6.390851 6.660915 -1.604172 -2.613321 -3.873336 5.460185 -6.006587 -6.082345 7.7e-05 -2.4e-05 6e-06 -0.101073 0.137504 0.01175 0.625308 -3.554193 -10.712661 -0.811239 3.810412 -10.725134 -17.418579 -6.257856 16.620731 -53.408905 -16.166134 33.665501 0.159954 -22.278799 -0.179041 -2.694948 -3.076871 -3.735661 -5.882108 9.861288 0.702591 -10.936877 -0.360576 7.156208 2e-06 8.774828 -1e-06 -15.929816 18.183947 6.004631 -1.844032 2.498504 -2.507278 -10.163604 4.678944 4.621113 -20.976034 -6e-06 5e-06 -21.226295 2.451695 -3.593998 0.0 -5e-06 -1e-06 -1.362682 2.240798 -0.746323 -21.334927 0.584908 3.008323 -13.821221 -4e-06 3e-06 -23.887182 -0.24908 -0.83948 -60.35136 2.524062 -1.33149 -0.294025 1.679688 0.833258 -14.218215 0.093213 1.300582 -34.212067 -0.287566 0.967171 -20.033222 0.964534 1.212845 1e-06 1e-06 1e-06 -3.44039 0.788233 0.501655 -15.928198 -3.167312 2.999707 -6.338829 -2e-06 -0.0 -18.123457 3.648181 -4.90567 -3e-06 -0.0 -3e-06 9.47601 12.479836 12.200906 29.243015 11.087387 -37.730633 3.57104 77.853951 4.09263 -28.621891 -0.326727 5.466006 2.243543 -5.255038 -3.180158 14.282887 -0.826594 6.952505 -1e-06 -12.690607 1e-06 15.978705 -18.38559 2.694959 1.665665 -1.955922 -2.878298 4.727798 -4.170589 4.993924 11.020525 2e-06 -1e-06 12.109052 -3.735715 -2.866785 1e-06 -0.0 1e-06 1.291985 -1.92855 -1.49809 14.800125 0.567466 3.865608 14.242569 -1.341737 -6.660659 19.631962 0.143925 -0.648247 50.434376 -0.704291 -6.478213 0.353028 -1.51115 -0.03194 20.222788 3.684308 2.316632 18.78727 3e-06 -0.0 10.751627 -0.479869 1.397906 0.0 0.0 1e-06 3.273805 0.305947 -0.58011 21.486811 11.830373 2.266133 8.162926 1e-06 -2e-06 18.39908 -3.798988 -4.940574 3e-06 0.0 0.0 13.641988 9.792782 6.214643 -0.089502 -0.233175 9.1213 -13.867211 -2.351802 -3.857669 1.589483 -1.960943 0.20392 0.0 -0.0 2e-06 -11.666131 -14.366741 11.986167 -0.001738 0.104575 3.62908 11.495247 -6.283811 -3.696017 -1.412092 0.990805 1.250966 -0.0 0.0 -1e-06 
0.0 0.0 0.0 0.0 -0.0 0.0 -0.497956 98.611595 -1.544955 -1.008532 0.702348 -9.180779 -0.532014 0.430639 0.936581 -0.665359 0.541887 -4.483963 -1.131631 -1.410964 11.119111 19.907936 -6.236216 6.587071 -1.678396 -2.73141 -3.872111 5.586308 -6.111166 -6.090724 7.6e-05 -2.3e-05 6e-06 -0.102477 0.11264 0.008018 0.630234 -3.580944 -10.716859 -0.81981 3.789192 -10.72589 -17.756016 -6.19367 16.817381 -53.092239 -16.352863 33.360649 0.238694 -22.410645 -0.22323 -2.209173 -2.966942 -4.121769 -5.882115 9.861296 0.702592 -10.936884 -0.360574 7.156216 -1e-06 8.774833 0.0 -15.849709 18.213074 6.008154 -1.844035 2.498508 -2.50728 -10.163616 4.678952 4.621114 -20.976053 -1e-06 1e-06 -21.226318 2.451702 -3.594007 1e-06 -4e-06 -1e-06 -1.362684 2.240802 -0.746322 -21.334942 0.584914 3.008326 -13.821233 -1e-06 1e-06 -23.887203 -0.249079 -0.839484 -60.279991 2.587115 -1.455251 -0.294025 1.679688 0.833258 -14.218225 0.093218 1.300582 -34.212086 -0.28756 0.967167 -20.033237 0.96454 1.212842 1e-06 1e-06 1e-06 -3.440394 0.788236 0.501657 -15.928206 -3.16731 2.99971 -6.338835 -1e-06 1e-06 -18.123472 3.648188 -4.90568 -3e-06 0.0 -3e-06 9.506253 12.277345 12.648987 31.423836 11.665383 -32.655289 0.094055 71.707588 0.393969 -22.672333 -1.953004 4.791852 2.243545 -5.255042 -3.180161 14.282904 -0.826597 6.952511 -2e-06 -12.690616 -1e-06 15.771433 -18.435349 2.904894 1.665668 -1.955924 -2.878303 4.727805 -4.170591 4.99393 11.020539 2e-06 -1e-06 12.109066 -3.73572 -2.866788 -0.0 0.0 1e-06 1.291987 -1.928552 -1.49809 14.800142 0.567469 3.865611 14.242587 -1.341738 -6.660667 19.631987 0.143925 -0.648247 50.290974 -0.716352 -6.470756 0.353029 -1.511152 -0.031941 20.222809 3.684312 2.316633 18.787291 3e-06 -1e-06 10.751637 -0.47987 1.397907 0.0 0.0 -1e-06 3.27381 0.305948 -0.580111 21.486837 11.830384 2.266137 8.162937 1e-06 -1e-06 18.399101 -3.798989 -4.94058 2e-06 -0.0 -2e-06 13.649763 9.807545 5.979002 -0.084781 -0.235643 9.015158 -13.929772 -2.492787 -3.592066 1.586119 -1.947343 0.168886 0.0 0.0 2e-06 -11.591229 -14.378341 11.787082 -0.005119 0.12719 3.679869 11.377798 -6.434108 -3.682347 -1.406081 0.991084 1.289695 -0.0 1e-06 -1e-06 
0.0 0.0 0.0 0.0 -0.0 0.0 -0.518019 98.634544 -1.639455 -0.994921 0.853334 -9.026571 -0.526226 0.394345 0.950379 -0.668023 0.66219 -4.46759 -1.32424 -1.344901 11.162871 19.63084 -5.976335 6.446252 -1.72336 -2.842338 -3.858327 5.677903 -6.226812 -6.227325 7.7e-05 -2.2e-05 6e-06 -0.10034 0.087422 0.004783 0.636469 -3.606629 -10.714472 -0.822699 3.766299 -10.72325 -18.086933 -6.107524 16.947239 -52.814331 -16.556164 33.146084 0.364325 -22.511803 -0.289517 -1.784592 -2.8367 -4.472208 -5.88211 9.861292 0.702591 -10.936877 -0.360575 7.156206 -0.0 8.77483 -2e-06 -15.808639 18.247959 6.011281 -1.844033 2.498506 -2.507277 -10.163605 4.678947 4.621106 -20.976032 -2e-06 1e-06 -21.226299 2.4517 -3.594004 1e-06 -6e-06 -2e-06 -1.362683 2.240799 -0.746323 -21.334925 0.58491 3.008319 -13.821221 -3e-06 -1e-06 -23.887182 -0.249081 -0.839485 -60.234016 2.636551 -1.560102 -0.294026 1.679689 0.833256 -14.218216 0.093215 1.30058 -34.212067 -0.287565 0.967166 -20.033226 0.964532 1.212841 0.0 1e-06 1e-06 -3.44039 0.788234 0.501655 -15.928192 -3.167311 2.999704 -6.338829 -1e-06 -0.0 -18.123457 3.648185 -4.905675 -3e-06 1e-06 -2e-06 9.740504 12.11109 13.170578 33.353485 12.173372 -27.289053 -1.406864 65.306435 -1.1104 -17.557568 -2.734337 4.483464 2.243543 -5.255038 -3.180162 14.282894 -0.826596 6.952507 -1e-06 -12.690603 -0.0 15.709425 -18.313772 3.079237 1.665666 -1.955922 -2.878301 4.727798 -4.170588 4.993926 11.020528 2e-06 -2e-06 12.109055 -3.735718 -2.866786 -1e-06 1e-06 0.0 1.291987 -1.92855 -1.49809 14.800132 0.567466 3.865607 14.242577 -1.341736 -6.660664 19.631973 0.143925 -0.648248 50.359455 -0.742853 -6.39699 0.353028 -1.511151 -0.031941 20.222797 3.684309 2.316631 18.787279 4e-06 -2e-06 10.751631 -0.47987 1.397906 -0.0 -0.0 -1e-06 3.273808 0.305947 -0.580111 21.486816 11.830373 2.266134 8.16293 1e-06 1e-06 18.399086 -3.798985 -4.940578 2e-06 0.0 -1e-06 13.573432 9.754284 5.735739 -0.080556 -0.231391 8.933987 -13.940588 -2.607207 -3.445028 1.581973 -1.942038 0.128037 0.0 0.0 2e-06 -11.532912 -14.440494 11.543541 -0.006566 0.133438 3.753426 11.276621 -6.609913 -3.675979 -1.404366 0.9884 1.329611 -0.0 0.0 -1e-06 
0.0 0.0 0.0 0.0 -0.0 0.0 -0.525216 98.655708 -1.735088 -0.97766 1.046892 -8.845424 -0.502157 0.375835 0.964387 -0.670702 0.793019 -4.460373 -1.477854 -1.265244 11.231846 19.266884 -5.650134 6.257086 -1.749354 -2.957153 -3.836911 5.772814 -6.322493 -6.442496 7.8e-05 -2.2e-05 6e-06 -0.096866 0.061822 0.001369 0.640695 -3.631111 -10.707826 -0.820821 3.741318 -10.716047 -18.404955 -6.000096 17.031466 -52.590488 -16.771347 32.955078 0.531535 -22.608959 -0.364376 -1.443219 -2.690427 -4.670661 -5.882111 9.861292 0.702592 -10.936876 -0.360574 7.156205 -0.0 8.77483 -0.0 -15.78878 18.276695 6.017181 -1.844033 2.498506 -2.507279 -10.163604 4.678948 4.621109 -20.97603 -3e-06 0.0 -21.226297 2.451698 -3.594003 1e-06 -6e-06 -1e-06 -1.362682 2.240801 -0.746324 -21.334925 0.584911 3.008322 -13.821221 -3e-06 1e-06 -23.887182 -0.249079 -0.839484 -60.168331 2.648288 -1.604246 -0.294024 1.679689 0.833256 -14.218215 0.093216 1.30058 -34.212063 -0.287564 0.967166 -20.03322 0.964536 1.212842 0.0 1e-06 0.0 -3.440391 0.788234 0.501656 -15.928192 -3.167311 2.999704 -6.33883 -1e-06 0.0 -18.123457 3.648184 -4.905674 -4e-06 1e-06 -2e-06 10.110484 11.993111 13.742428 35.126057 12.577062 -21.846312 -1.666617 58.827995 -1.271992 -13.470494 -2.53041 4.460902 2.243543 -5.255038 -3.18016 14.282894 -0.826596 6.952504 -1e-06 -12.690607 -0.0 15.785089 -18.201239 3.106855 1.665666 -1.955922 -2.878301 4.7278 -4.170588 4.993925 11.020529 3e-06 -4e-06 12.109056 -3.735717 -2.86679 -0.0 1e-06 -0.0 1.291986 -1.928551 -1.498091 14.800129 0.567467 3.865604 14.242576 -1.341737 -6.660661 19.631969 0.143925 -0.648249 50.36713 -0.768201 -6.353587 0.353029 -1.511151 -0.03194 20.222797 3.684309 2.316628 18.787279 3e-06 -4e-06 10.751631 -0.479869 1.397905 1e-06 -0.0 0.0 3.273808 0.305947 -0.580113 21.486816 11.830376 2.26613 8.16293 1e-06 -1e-06 18.39909 -3.798986 -4.940581 4e-06 -1e-06 -1e-06 13.465331 9.646596 5.401844 -0.077088 -0.223325 8.946002 -13.928169 -2.716134 -3.337169 1.5797 -1.947734 0.084981 0.0 0.0 2e-06 -11.493515 -14.551882 11.276411 -0.008123 0.127357 3.846538 11.192419 -6.824723 -3.679482 -1.40458 0.979901 1.368568 -0.0 0.0 -1e-06 
0.0 0.0 0.0 0.0 -0.0 0.0 -0.520774 98.671227 -1.826235 -0.954481 1.307891 -8.659587 -0.46448 0.372693 0.982771 -0.676217 0.905955 -4.454697 -1.583059 -1.157466 11.32079 18.838079 -5.288298 6.028281 -1.756099 -3.054334 -3.808502 5.867341 -6.389435 -6.712317 7.7e-05 -2.2e-05 6e-06 -0.091145 0.039997 0.00212 0.644991 -3.653525 -10.69939 -0.814477 3.721458 -10.706983 -18.648104 -5.900925 17.06881 -52.467644 -16.996864 32.673035 0.6708 -22.714767 -0.422433 -1.229372 -2.541018 -4.761384 -5.882111 9.861294 0.702592 -10.936879 -0.360574 7.156211 0.0 8.774832 0.0 -15.80207 18.296713 6.004178 -1.844035 2.498507 -2.507279 -10.163608 4.67895 4.621114 -20.976042 -1e-06 1e-06 -21.226307 2.451699 -3.594006 1e-06 -5e-06 -1e-06 -1.362683 2.2408 -0.746322 -21.33493 0.584912 3.008322 -13.821225 -1e-06 1e-06 -23.887188 -0.249078 -0.839487 -60.082203 2.613321 -1.60321 -0.294025 1.679689 0.833257 -14.218221 0.093216 1.300581 -34.212078 -0.287562 0.967168 -20.033232 0.964537 1.212842 0.0 1e-06 0.0 -3.440391 0.788234 0.501655 -15.928201 -3.16731 2.999709 -6.338832 -1e-06 0.0 -18.123463 3.648185 -4.905677 -3e-06 1e-06 -2e-06 10.520904 11.927028 14.30822 36.88485 12.852899 -16.347771 -1.311821 52.498478 -0.838182 -10.051603 -1.556449 5.018022 2.243543 -5.25504 -3.18016 14.282897 -0.826597 6.95251 -0.0 -12.690612 1e-06 15.961351 -18.209383 3.045542 1.665667 -1.955924 -2.878302 4.727802 -4.170589 4.993928 11.020535 1e-06 0.0 12.109059 -3.73572 -2.866784 -0.0 -0.0 -0.0 1.291986 -1.92855 -1.49809 14.800136 0.567467 3.865611 14.242579 -1.341738 -6.660661 19.631975 0.143923 -0.648244 50.243027 -0.794084 -6.378171 0.353029 -1.511152 -0.031941 20.222801 3.68431 2.316633 18.787285 1e-06 -0.0 10.751634 -0.479872 1.397907 0.0 0.0 1e-06 3.273809 0.305947 -0.580111 21.486824 11.830379 2.266137 8.162933 -0.0 0.0 18.399097 -3.798991 -4.940579 3e-06 -0.0 -1e-06 13.332726 9.484353 4.986732 -0.08094 -0.217976 9.075427 -13.877845 -2.835951 -3.277204 1.579327 -1.960064 0.054804 0.0 0.0 2e-06 -11.495747 -14.756154 11.024508 -0.012549 0.113664 3.965208 11.134583 -6.997156 -3.702446 -1.405507 0.977026 1.412095 -0.0 0.0 -1e-06 
0.0 0.0 0.0 0.0 -0.0 0.0 -0.511213 98.681801 -1.894207 -0.930503 1.599155 -8.45459 -0.418937 0.379832 0.990018 -0.679075 0.998296 -4.454872 -1.630417 -1.033829 11.416044 18.353968 -4.906017 5.807587 -1.742581 -3.126947 -3.787868 5.934334 -6.410532 -6.993268 7.7e-05 -2.3e-05 6e-06 -0.086353 0.025857 0.00611 0.647721 -3.670729 -10.695114 -0.808365 3.711544 -10.703856 -18.78256 -5.79328 16.996479 -52.437878 -17.183846 32.426247 0.707834 -22.867613 -0.450195 -1.153597 -2.425792 -4.800663 -5.882105 9.861283 0.702589 -10.936868 -0.360575 7.156203 1e-06 8.774824 -1e-06 -15.836677 18.313292 5.990436 -1.844032 2.498503 -2.507276 -10.163598 4.678944 4.621107 -20.976021 -5e-06 1e-06 -21.226286 2.451694 -3.594002 1e-06 -5e-06 -3e-06 -1.362681 2.240798 -0.746323 -21.334909 0.584909 3.00832 -13.82121 -2e-06 1e-06 -23.887165 -0.249081 -0.839484 -59.988754 2.567071 -1.573504 -0.294024 1.679687 0.833255 -14.218205 0.093213 1.30058 -34.212036 -0.287564 0.96717 -20.033211 0.964538 1.212844 0.0 1e-06 0.0 -3.440388 0.788233 0.501655 -15.928183 -3.167309 2.999706 -6.338824 -1e-06 -1e-06 -18.123444 3.648179 -4.90567 -4e-06 1e-06 -1e-06 11.015973 11.890238 14.832336 38.662102 12.964403 -10.641783 -0.713689 46.581512 -0.241059 -6.949191 -0.07483 6.485535 2.243542 -5.255037 -3.180159 14.282892 -0.826595 6.952502 -1e-06 -12.690604 -1e-06 16.180574 -18.279863 2.912153 1.665666 -1.955922 -2.8783 4.727798 -4.170586 4.993925 11.020528 4e-06 -3e-06 12.109055 -3.735715 -2.866785 1e-06 -1e-06 1e-06 1.291986 -1.928549 -1.49809 14.800129 0.567468 3.865606 14.242574 -1.341735 -6.66066 19.631968 0.143928 -0.648246 50.056099 -0.816315 -6.453623 0.353029 -1.511151 -0.03194 20.222794 3.684313 2.316629 18.787273 6e-06 -1e-06 10.751631 -0.479869 1.397906 -1e-06 -0.0 0.0 3.273807 0.305948 -0.58011 21.486816 11.830378 2.266131 8.162928 3e-06 -1e-06 18.399084 -3.798984 -4.940577 2e-06 -1e-06 -1e-06 13.188269 9.281616 4.517651 -0.085004 -0.207428 9.28406 -13.82462 -2.92462 -3.2667 1.581956 -1.9726 0.051545 0.0 1e-06 2e-06 -11.512731 -15.003356 10.769197 -0.022547 0.095878 4.104177 11.133275 -7.131964 -3.75308 -1.407567 0.978257 1.447744 0.0 0.0 -1e-06 
0.0 0.0 0.0 0.0 -0.0 0.0 -0.496671 98.696198 -1.936998 -0.904322 1.907952 -8.24508 -0.381493 0.391126 0.988468 -0.671106 1.06851 -4.455415 -1.62382 -0.890188 11.504101 17.864788 -4.551074 5.59049 -1.72676 -3.140371 -3.774029 5.969331 -6.416677 -7.219197 7.7e-05 -2.2e-05 6e-06 -0.085703 0.027825 0.01178 0.643922 -3.674795 -10.693469 -0.803951 3.720703 -10.705269 -18.839439 -5.686691 16.864904 -52.448055 -17.357643 32.316895 0.672473 -23.05167 -0.445432 -1.27271 -2.344532 -4.748806 -5.882109 9.861288 0.702591 -10.936876 -0.360575 7.156206 1e-06 8.774829 -0.0 -15.887104 18.340256 5.993236 -1.844033 2.498505 -2.507278 -10.163604 4.678946 4.621107 -20.976032 -6e-06 1e-06 -21.226299 2.451695 -3.594002 1e-06 -6e-06 -2e-06 -1.362682 2.240799 -0.746325 -21.334923 0.584908 3.008321 -13.82122 -3e-06 0.0 -23.887182 -0.249083 -0.839482 -59.962128 2.527807 -1.531465 -0.294024 1.679687 0.833255 -14.218215 0.093214 1.30058 -34.212067 -0.287567 0.967167 -20.033222 0.964536 1.212842 0.0 1e-06 -1e-06 -3.44039 0.788233 0.501656 -15.928192 -3.167311 2.999706 -6.338829 -0.0 -1e-06 -18.123457 3.648183 -4.905674 -3e-06 1e-06 -2e-06 11.592806 11.855453 15.316725 40.469681 12.829942 -4.697861 -0.126316 41.452911 0.217621 -4.12858 1.508767 8.908003 2.243543 -5.255037 -3.18016 14.282892 -0.826595 6.952504 -6e-06 -12.690602 2e-06 16.347895 -18.349628 2.726878 1.665666 -1.95592 -2.878301 4.727799 -4.170588 4.993925 11.020526 4e-06 -1e-06 12.109054 -3.735715 -2.866785 -0.0 1e-06 1e-06 1.291987 -1.928549 -1.49809 14.800129 0.567469 3.865611 14.242575 -1.341737 -6.660659 19.631971 0.143926 -0.648244 49.902214 -0.825344 -6.53787 0.353028 -1.51115 -0.03194 20.222797 3.68431 2.31663 18.787273 5e-06 0.0 10.751631 -0.479869 1.397907 -2e-06 0.0 -1e-06 3.273808 0.305947 -0.58011 21.486816 11.830378 2.266132 8.162928 2e-06 0.0 18.399084 -3.798986 -4.940577 3e-06 -1e-06 -1e-06 13.034694 9.038631 4.09032 -0.089948 -0.192221 9.422215 -13.775906 -2.942582 -3.24847 1.587687 -1.982672 0.049963 0.0 1e-06 2e-06 -11.536598 -15.243314 10.597099 -0.032337 0.072701 4.112541 11.144644 -7.240513 -3.755114 -1.4109 0.982001 1.439416 -0.0 0.0 -1e-06 
0.0 0.0 0.0 0.0 -0.0 0.0 -0.477708 98.716881 -1.952395 -0.882269 2.237788 -8.033756 -0.342881 0.402792 0.97908 -0.657866 1.121154 -4.463181 -1.571096 -0.755508 11.591381 17.379885 -4.231816 5.384161 -1.722883 -3.101417 -3.762187 5.998273 -6.436219 -7.369882 7.6e-05 -2.2e-05 6e-06 -0.087593 0.037467 0.016902 0.636919 -3.67061 -10.68647 -0.801354 3.737044 -10.699526 -18.84407 -5.601515 16.726229 -52.455948 -17.560696 32.379105 0.581107 -23.222738 -0.416802 -1.568397 -2.2972 -4.618706 -5.882113 9.861293 0.702592 -10.936881 -0.360573 7.156209 -1e-06 8.774831 0.0 -15.943362 18.36544 6.009881 -1.844036 2.498507 -2.507279 -10.163611 4.678951 4.621111 -20.976044 0.0 0.0 -21.226311 2.4517 -3.594006 1e-06 -6e-06 -3e-06 -1.362684 2.2408 -0.746323 -21.334932 0.584913 3.008322 -13.821227 -1e-06 -1e-06 -23.887192 -0.249076 -0.839487 -59.978733 2.522497 -1.497128 -0.294025 1.679688 0.833255 -14.218223 0.093218 1.30058 -34.212082 -0.28756 0.967166 -20.033232 0.964538 1.212841 1e-06 -1e-06 0.0 -3.440392 0.788234 0.501655 -15.928201 -3.16731 2.999709 -6.338833 1e-06 -1e-06 -18.123466 3.648187 -4.905677 -3e-06 1e-06 -2e-06 12.236099 11.782363 15.781827 42.411633 12.345321 1.191272 0.399531 37.373455 0.481426 -1.908031 3.036629 11.663015 2.243544 -5.255038 -3.180159 14.282896 -0.826596 6.952504 -3e-06 -12.690609 1e-06 16.397135 -18.346191 2.550598 1.665666 -1.955922 -2.8783 4.727801 -4.17059 4.993927 11.020531 3e-06 -4e-06 12.109058 -3.735717 -2.866786 -1e-06 0.0 1e-06 1.291985 -1.928548 -1.498088 14.800132 0.567468 3.865609 14.24258 -1.341737 -6.660662 19.631975 0.143926 -0.648248 49.771046 -0.827582 -6.614202 0.353029 -1.51115 -0.03194 20.222801 3.68431 2.316629 18.787283 5e-06 -2e-06 10.751633 -0.479868 1.397906 -0.0 0.0 -1e-06 3.273806 0.305948 -0.580111 21.486824 11.830379 2.266133 8.16293 1e-06 -1e-06 18.39909 -3.798986 -4.940579 3e-06 -0.0 -1e-06 12.884192 8.774904 3.718031 -0.095506 -0.176456 9.469903 -13.722415 -2.979683 -3.205091 1.592919 -1.987029 0.075762 0.0 0.0 2e-06 -11.560688 -15.471161 10.542341 -0.036932 0.048301 3.935418 11.136505 -7.362008 -3.679838 -1.41632 0.989149 1.396827 -0.0 0.0 -1e-06 
0.0 0.0 0.0 0.0 -0.0 0.0 -0.451599 98.735977 -1.943991 -0.851235 2.585389 -7.844005 -0.308427 0.404182 0.976232 -0.64199 1.147258 -4.469471 -1.49099 -0.657333 11.674819 16.909966 -3.951199 5.20164 -1.719651 -3.053585 -3.753294 6.025538 -6.448691 -7.463861 7.6e-05 -2.2e-05 6e-06 -0.088674 0.043479 0.019381 0.629706 -3.66941 -10.680392 -0.796953 3.749002 -10.692997 -18.862694 -5.548302 16.618074 -52.412487 -17.755962 32.486309 0.476583 -23.346548 -0.383331 -1.992782 -2.282175 -4.468575 -5.882114 9.861299 0.702591 -10.936889 -0.360577 7.156211 1e-06 8.774837 0.0 -15.995286 18.391771 6.035102 -1.844036 2.498507 -2.507279 -10.163616 4.678949 4.621113 -20.976055 -7e-06 -0.0 -21.226316 2.451697 -3.594004 1e-06 -6e-06 -2e-06 -1.362684 2.2408 -0.746322 -21.334946 0.584908 3.008322 -13.821238 -5e-06 1e-06 -23.887211 -0.249085 -0.839485 -59.979504 2.55078 -1.479292 -0.294025 1.679688 0.833255 -14.218231 0.093213 1.30058 -34.212105 -0.28757 0.967169 -20.033245 0.964533 1.212844 1e-06 -0.0 -1e-06 -3.440393 0.788233 0.501655 -15.928209 -3.167316 2.99971 -6.338835 -2e-06 -2e-06 -18.123474 3.648183 -4.905678 -4e-06 2e-06 -2e-06 12.906043 11.631094 16.201097 44.475033 11.510169 6.494697 0.780875 34.378353 0.556558 -0.450686 4.44504 14.088177 2.243543 -5.255042 -3.180161 14.282914 -0.826597 6.95251 -4e-06 -12.690619 1e-06 16.348637 -18.276064 2.454414 1.665671 -1.955923 -2.878302 4.727805 -4.170594 4.993929 11.020542 3e-06 -2e-06 12.10907 -3.735719 -2.866787 -0.0 -0.0 -2e-06 1.291987 -1.928551 -1.498091 14.800149 0.567468 3.865612 14.242592 -1.341736 -6.660664 19.631996 0.143926 -0.648244 49.694908 -0.847898 -6.654972 0.35303 -1.511153 -0.03194 20.222824 3.684313 2.316632 18.787302 5e-06 -2e-06 10.751647 -0.479868 1.397907 -0.0 0.0 0.0 3.27381 0.305948 -0.580112 21.486849 11.83039 2.266135 8.162942 2e-06 -1e-06 18.399115 -3.79899 -4.940582 3e-06 -0.0 -1e-06 12.726394 8.513042 3.392507 -0.09622 -0.169125 9.495206 -13.657613 -3.056981 -3.163971 1.598395 -1.986704 0.068485 0.0 -0.0 2e-06 -11.610322 -15.694231 10.56001 -0.039989 0.017594 3.707787 11.148993 -7.469982 -3.596123 -1.422606 0.995653 1.329952 0.0 0.0 -1e-06 
0.0 0.0 0.0 0.0 -0.0 0.0 -0.424118 98.74826 -1.911675 -0.811561 2.935 -7.679847 -0.280059 0.397827 0.980484 -0.616807 1.155723 -4.477399 -1.400485 -0.615378 11.775305 16.467379 -3.714171 5.012357 -1.709706 -3.000181 -3.740146 6.056816 -6.446383 -7.531129 7.6e-05 -2.2e-05 6e-06 -0.087026 0.045588 0.021302 0.626531 -3.670166 -10.67354 -0.791143 3.755292 -10.683669 -18.942141 -5.508919 16.507433 -52.273132 -17.893959 32.495438 0.344196 -23.4557 -0.335511 -2.507366 -2.291714 -4.286298 -5.88211 9.861288 0.702591 -10.936874 -0.360574 7.156204 -0.0 8.774827 -0.0 -16.002325 18.393402 6.060622 -1.844034 2.498506 -2.507279 -10.163602 4.678948 4.621107 -20.976027 -2e-06 -2e-06 -21.226297 2.451699 -3.594006 1e-06 -5e-06 -1e-06 -1.362682 2.240798 -0.746324 -21.334921 0.584912 3.008321 -13.821218 -2e-06 -1e-06 -23.887178 -0.24908 -0.839489 -59.940834 2.574615 -1.472594 -0.294025 1.679686 0.833256 -14.218212 0.093216 1.300579 -34.212063 -0.287564 0.967165 -20.033218 0.964537 1.212839 1e-06 -0.0 -1e-06 -3.440388 0.788234 0.501656 -15.928191 -3.167308 2.999706 -6.338829 -1e-06 -1e-06 -18.123457 3.648183 -4.905675 -5e-06 2e-06 -2e-06 13.596478 11.398725 16.552856 46.587852 10.364182 11.149577 1.013448 32.123257 0.530382 0.597601 5.694805 16.13895 2.243543 -5.255038 -3.180159 14.282894 -0.826597 6.952504 -0.0 -12.690605 2e-06 16.288134 -18.199581 2.426354 1.665666 -1.955922 -2.878298 4.727801 -4.170589 4.993923 11.020529 1e-06 -0.0 12.109056 -3.735718 -2.866785 -0.0 0.0 -1e-06 1.291985 -1.928549 -1.498089 14.800132 0.567465 3.865611 14.242576 -1.34174 -6.660658 19.631971 0.143921 -0.648245 49.722752 -0.87867 -6.666379 0.353031 -1.511151 -0.031941 20.222795 3.684307 2.316631 18.787275 1e-06 -1e-06 10.751629 -0.479871 1.397905 0.0 -0.0 1e-06 3.273808 0.305947 -0.58011 21.486816 11.830371 2.266135 8.16293 -0.0 -1e-06 18.399088 -3.798988 -4.940577 3e-06 -1e-06 -1e-06 12.568698 8.249874 3.098187 -0.095204 -0.166107 9.548682 -13.620815 -3.144626 -3.149933 1.602299 -1.991055 0.023479 0.0 -0.0 2e-06 -11.693607 -15.934791 10.606712 -0.041586 -0.009296 3.517785 11.193827 -7.525366 -3.543204 -1.429602 1.001657 1.267313 -0.0 0.0 -1e-06 
0.0 0.0 0.0 0.0 -0.0 0.0 -0.386802 98.759277 -1.856975 -0.759067 3.24383 -7.539155 -0.259376 0.399398 0.976147 -0.591075 1.148817 -4.486756 -1.301318 -0.633164 11.913409 16.057335 -3.497706 4.777555 -1.688276 -2.937028 -3.71106 6.123811 -6.465333 -7.553027 7.6e-05 -2.2e-05 6e-06 -0.083474 0.05609 0.023024 0.62617 -3.659683 -10.65958 -0.784323 3.76745 -10.6685 -19.118958 -5.453768 16.417645 -52.008995 -17.988913 32.478886 0.237474 -23.52033 -0.289585 -3.083409 -2.263666 -4.144711 -5.88211 9.861288 0.70259 -10.936875 -0.360574 7.156204 -1e-06 8.774828 -2e-06 -15.980639 18.372604 6.08302 -1.844034 2.498506 -2.507277 -10.163604 4.678947 4.621109 -20.97603 -0.0 -1e-06 -21.226301 2.451699 -3.594004 1e-06 -5e-06 -1e-06 -1.362683 2.240799 -0.746323 -21.334923 0.584914 3.008321 -13.82122 -1e-06 -0.0 -23.88718 -0.249077 -0.839487 -59.902126 2.574428 -1.461763 -0.294026 1.679689 0.833257 -14.218215 0.093217 1.30058 -34.212067 -0.28756 0.967165 -20.033226 0.964536 1.21284 0.0 -0.0 -1e-06 -3.44039 0.788234 0.501654 -15.928191 -3.16731 2.999705 -6.338829 -1e-06 -2e-06 -18.123455 3.648186 -4.905676 -4e-06 1e-06 -1e-06 14.316921 11.118155 16.875328 48.611229 9.040268 15.196319 1.059068 30.279905 0.422401 1.537297 6.680295 17.558157 2.243543 -5.255038 -3.180159 14.282898 -0.826596 6.952504 -1e-06 -12.690609 1e-06 16.264523 -18.140118 2.429985 1.665667 -1.955922 -2.8783 4.727802 -4.17059 4.993925 11.020534 2e-06 -1e-06 12.109058 -3.735718 -2.866784 0.0 0.0 -0.0 1.291988 -1.92855 -1.498089 14.800136 0.567467 3.86561 14.24258 -1.341738 -6.66066 19.631975 0.143925 -0.648245 49.833218 -0.914219 -6.646781 0.353031 -1.511151 -0.03194 20.222801 3.68431 2.316631 18.787285 4e-06 -1e-06 10.751634 -0.479869 1.397906 0.0 1e-06 -0.0 3.273808 0.305947 -0.58011 21.486824 11.830376 2.266134 8.162933 1e-06 -0.0 18.399094 -3.798988 -4.940578 3e-06 -0.0 -1e-06 12.406 8.012547 2.882169 -0.091952 -0.165545 9.558393 -13.614649 -3.204084 -3.140748 1.602714 -2.002704 -0.066101 0.0 -0.0 2e-06 -11.821386 -16.215282 10.700789 -0.041564 -0.028079 3.304511 11.287267 -7.499685 -3.473953 -1.434733 0.998334 1.200393 0.0 0.0 -1e-06 
0.0 0.0 0.0 0.0 -0.0 0.0 -0.328585 98.761253 -1.796051 -0.695692 3.480355 -7.41238 -0.241283 0.417672 0.961369 -0.575464 1.11736 -4.491011 -1.189512 -0.684292 12.056481 15.661158 -3.319525 4.502511 -1.645761 -2.823729 -3.676309 6.201857 -6.517058 -7.51281 7.6e-05 -2.2e-05 6e-06 -0.083281 0.078474 0.022391 0.622637 -3.635755 -10.640034 -0.780898 3.789942 -10.647422 -19.328808 -5.403745 16.346369 -51.729462 -18.016136 32.370155 0.149333 -23.498709 -0.231723 -3.683851 -2.155524 -3.957377 -5.882112 9.861293 0.702591 -10.936881 -0.360574 7.15621 -0.0 8.774831 -1e-06 -15.969396 18.340446 6.079949 -1.844035 2.498507 -2.507279 -10.16361 4.678948 4.621112 -20.97604 -1e-06 3e-06 -21.226307 2.451701 -3.594002 1e-06 -5e-06 -1e-06 -1.362683 2.240801 -0.746325 -21.334932 0.584913 3.008325 -13.821225 1e-06 -0.0 -23.887192 -0.249079 -0.839485 -59.895821 2.546323 -1.461009 -0.294025 1.679689 0.833258 -14.218222 0.093217 1.300583 -34.212082 -0.287562 0.967167 -20.033232 0.964538 1.212842 0.0 -0.0 0.0 -3.440392 0.788234 0.501657 -15.928201 -3.16731 2.99971 -6.338831 -1e-06 0.0 -18.123466 3.648185 -4.905674 -4e-06 1e-06 -2e-06 15.004313 10.815162 17.167955 50.523369 7.668742 18.645771 0.989913 28.64069 0.277005 2.780963 7.286671 18.32835 2.243543 -5.255041 -3.180159 14.282904 -0.826596 6.952507 -1e-06 -12.690614 -0.0 16.285419 -18.082657 2.451874 1.665669 -1.955923 -2.878302 4.727803 -4.170591 4.993928 11.020536 2e-06 -1e-06 12.109063 -3.735719 -2.866787 0.0 -0.0 -1e-06 1.291987 -1.928551 -1.498091 14.800142 0.567468 3.865611 14.242585 -1.341738 -6.660664 19.631985 0.143925 -0.648247 49.978977 -0.947081 -6.599729 0.35303 -1.511152 -0.031939 20.222811 3.684311 2.316631 18.787292 4e-06 -1e-06 10.751637 -0.47987 1.397907 0.0 0.0 1e-06 3.27381 0.305947 -0.580112 21.486832 11.830382 2.266135 8.162936 1e-06 -0.0 18.399099 -3.798988 -4.940579 3e-06 -0.0 -0.0 12.240476 7.834765 2.661369 -0.094656 -0.169353 9.672439 -13.607133 -3.254987 -3.196331 1.599104 -2.014204 -0.13548 0.0 0.0 2e-06 -11.984954 -16.498575 10.741974 -0.037792 -0.045843 3.206037 11.418633 -7.396394 -3.45268 -1.437182 0.990234 1.158744 -0.0 0.0 -1e-06 
0.0 0.0 0.0 0.0 -0.0 0.0 -0.253137 98.755646 -1.735135 -0.610213 3.612147 -7.294884 -0.226554 0.437302 0.956473 -0.564426 1.057335 -4.4876 -1.074115 -0.738463 12.174857 15.276031 -3.169794 4.213086 -1.599502 -2.696846 -3.659739 6.278472 -6.576698 -7.415087 7.6e-05 -2.2e-05 6e-06 -0.084597 0.097325 0.014695 0.620079 -3.616326 -10.627202 -0.78131 3.809849 -10.630636 -19.554306 -5.366186 16.337841 -51.459175 -17.977026 32.205601 0.106763 -23.379225 -0.155337 -4.186936 -1.998749 -3.755277 -5.882108 9.861286 0.702591 -10.936875 -0.360575 7.156208 1e-06 8.774828 0.0 -15.949994 18.315285 6.086035 -1.844034 2.498505 -2.507279 -10.163604 4.678946 4.621109 -20.97603 -4e-06 2e-06 -21.226294 2.451695 -3.594 1e-06 -5e-06 -1e-06 -1.362682 2.240798 -0.746325 -21.334921 0.584909 3.008325 -13.821218 -4e-06 2e-06 -23.887175 -0.249079 -0.839484 -59.883034 2.515168 -1.475043 -0.294025 1.679688 0.833256 -14.218214 0.093213 1.300579 -34.212059 -0.287566 0.967171 -20.033218 0.964538 1.212844 1e-06 1e-06 0.0 -3.440389 0.788233 0.501655 -15.928192 -3.167311 2.999709 -6.338828 0.0 -0.0 -18.123453 3.648182 -4.905674 -2e-06 1e-06 -2e-06 15.577575 10.49797 17.419518 52.361732 6.259958 21.474297 0.881616 27.3048 0.155877 4.548353 7.496159 18.542299 2.243541 -5.255036 -3.180156 14.282888 -0.826594 6.9525 -3e-06 -12.690602 1e-06 16.366011 -18.034363 2.480712 1.665666 -1.955921 -2.878299 4.727798 -4.170587 4.993923 11.020526 3e-06 -2e-06 12.109052 -3.735715 -2.866783 0.0 0.0 -1e-06 1.291985 -1.92855 -1.498088 14.800129 0.567468 3.865606 14.242573 -1.341736 -6.660656 19.631969 0.143927 -0.648245 50.125248 -0.973628 -6.552149 0.35303 -1.51115 -0.03194 20.222788 3.684309 2.316628 18.787275 5e-06 -3e-06 10.75163 -0.479868 1.397905 -1e-06 0.0 0.0 3.273806 0.305947 -0.580111 21.486813 11.830376 2.266131 8.162928 3e-06 -1e-06 18.399084 -3.798983 -4.940576 4e-06 -1e-06 -1e-06 12.065494 7.767761 2.463955 -0.093223 -0.171137 9.837616 -13.567579 -3.331818 -3.288798 1.596103 -2.014841 -0.169478 0.0 -0.0 2e-06 -12.188528 -16.767544 10.693586 -0.031324 -0.059443 3.26325 11.574748 -7.19716 -3.492489 -1.437591 0.984806 1.154806 -0.0 0.0 -1e-06 
0.0 0.0 0.0 0.0 -0.0 0.0 -0.164125 98.753609 -1.670321 -0.496686 3.62557 -7.166357 -0.216818 0.44159 0.954513 -0.546294 0.982342 -4.484184 -0.971465 -0.814227 12.245238 14.901361 -3.036828 3.957371 -1.5581 -2.582838 -3.655465 6.304684 -6.610157 -7.297203 7.7e-05 -2.3e-05 6e-06 -0.086174 0.113085 0.002747 0.623629 -3.600022 -10.620322 -0.788033 3.826016 -10.62092 -19.761911 -5.333476 16.334656 -51.231594 -17.778322 31.935966 0.079755 -23.223879 -0.072494 -4.528108 -1.882973 -3.469226 -5.882112 9.861291 0.70259 -10.936881 -0.360573 7.156212 0.0 8.77483 1e-06 -15.925714 18.272608 6.079742 -1.844034 2.498506 -2.507279 -10.16361 4.678951 4.621116 -20.97604 -1e-06 1e-06 -21.226311 2.4517 -3.594002 2e-06 -5e-06 -2e-06 -1.362683 2.2408 -0.746324 -21.334934 0.584913 3.008326 -13.821229 -1e-06 2e-06 -23.887194 -0.249077 -0.839483 -59.83532 2.4644 -1.50716 -0.294025 1.679688 0.833258 -14.218223 0.093217 1.300583 -34.212082 -0.287559 0.967172 -20.033232 0.964542 1.212844 0.0 -0.0 -1e-06 -3.440391 0.788234 0.501656 -15.928203 -3.16731 2.999711 -6.338832 -0.0 1e-06 -18.123463 3.648186 -4.905673 -2e-06 1e-06 -2e-06 16.005087 10.173602 17.606077 54.09663 4.768569 23.73811 0.759052 26.470285 0.088234 6.820479 7.42471 18.247721 2.243543 -5.255037 -3.180159 14.282896 -0.826597 6.952507 -1e-06 -12.690608 3e-06 16.495378 -18.049196 2.526196 1.665667 -1.955922 -2.878301 4.7278 -4.170589 4.993927 11.02053 2e-06 -2e-06 12.109056 -3.735718 -2.866786 1e-06 -0.0 -1e-06 1.291986 -1.928549 -1.49809 14.800132 0.567466 3.86561 14.242577 -1.341737 -6.660661 19.631973 0.143924 -0.648246 50.2798 -0.961493 -6.525885 0.353029 -1.511151 -0.03194 20.222801 3.684308 2.316631 18.787283 2e-06 -1e-06 10.751634 -0.479869 1.397906 -2e-06 0.0 1e-06 3.273809 0.305947 -0.58011 21.48682 11.830378 2.266131 8.16293 0.0 -0.0 18.399094 -3.798987 -4.94058 3e-06 1e-06 -0.0 11.866627 7.776431 2.348554 -0.089538 -0.169634 9.901571 -13.49142 -3.372635 -3.365483 1.595235 -2.003761 -0.174368 0.0 -0.0 2e-06 -12.416145 -16.985609 10.583977 -0.023846 -0.062823 3.361012 11.715085 -6.949772 -3.526546 -1.437291 0.979856 1.171732 -0.0 0.0 -1e-06 
0.0 0.0 0.0 0.0 -0.0 0.0 -0.055344 98.745934 -1.591104 -0.370892 3.547014 -7.037047 -0.209314 0.426627 0.952884 -0.523631 0.889579 -4.487971 -0.881863 -0.909108 12.266403 14.537422 -2.921206 3.777782 -1.517315 -2.484203 -3.659746 6.273758 -6.609248 -7.183698 7.6e-05 -2.3e-05 6e-06 -0.085827 0.131006 -0.010915 0.632462 -3.581377 -10.618427 -0.79605 3.843122 -10.619287 -19.898666 -5.305655 16.325842 -51.111267 -17.413769 31.542603 0.058362 -23.071777 -0.002572 -4.728258 -1.860992 -3.104892 -5.882109 9.861291 0.702592 -10.936877 -0.360575 7.156205 1e-06 8.77483 0.0 -15.91257 18.198929 6.047439 -1.844033 2.498504 -2.507279 -10.163605 4.678947 4.621109 -20.976038 -4e-06 -1e-06 -21.226299 2.451697 -3.594002 2e-06 -5e-06 -2e-06 -1.362682 2.240799 -0.746325 -21.334929 0.58491 3.008321 -13.821221 -4e-06 -1e-06 -23.887184 -0.249082 -0.839485 -59.780773 2.40764 -1.558079 -0.294025 1.679688 0.833257 -14.218216 0.093215 1.300579 -34.212067 -0.287567 0.967167 -20.033226 0.964534 1.212841 1e-06 -0.0 -1e-06 -3.440391 0.788234 0.501655 -15.928194 -3.167312 2.999705 -6.33883 -1e-06 -1e-06 -18.123457 3.648183 -4.905674 -3e-06 1e-06 0.0 16.264381 9.851532 17.784521 55.661205 3.296761 25.443327 0.571953 26.233463 0.04206 9.464685 7.230299 17.584911 2.243543 -5.255041 -3.180159 14.282907 -0.826594 6.95251 -4e-06 -12.690616 2e-06 16.635496 -18.170271 2.600881 1.665668 -1.955923 -2.878303 4.727803 -4.170591 4.993928 11.020538 5e-06 -2e-06 12.109062 -3.735717 -2.866785 0.0 -0.0 0.0 1.291987 -1.928551 -1.498089 14.800148 0.567471 3.865611 14.242588 -1.341735 -6.660663 19.631992 0.143927 -0.648246 50.456142 -0.917057 -6.531917 0.353029 -1.511152 -0.03194 20.222816 3.684317 2.316631 18.787296 8e-06 -0.0 10.751639 -0.479868 1.397909 -2e-06 -1e-06 1e-06 3.273811 0.305947 -0.58011 21.486843 11.83039 2.266135 8.162938 2e-06 -0.0 18.399105 -3.798987 -4.94058 3e-06 1e-06 -1e-06 11.653042 7.803619 2.247366 -0.091183 -0.168617 10.015899 -13.405174 -3.343679 -3.504872 1.59736 -1.986363 -0.145048 0.0 0.0 2e-06 -12.653166 -17.11742 10.404299 -0.012654 -0.067748 3.554027 11.888138 -6.683566 -3.604379 -1.43722 0.975757 1.223367 -0.0 0.0 -1e-06 
0.0 0.0 0.0 0.0 -0.0 0.0 0.074732 98.730919 -1.485126 -0.245764 3.374651 -6.924776 -0.207058 0.391819 0.954544 -0.500452 0.771529 -4.491137 -0.799419 -1.032231 12.251948 14.196649 -2.831703 3.689716 -1.458033 -2.390203 -3.664248 6.183392 -6.523828 -7.066316 7.6e-05 -2.3e-05 6e-06 -0.081855 0.151481 -0.022633 0.645474 -3.561547 -10.619065 -0.800948 3.86325 -10.623214 -19.963606 -5.261956 16.339115 -51.071865 -16.944098 31.114279 0.037622 -22.985933 0.042091 -4.868866 -1.900846 -2.686862 -5.882106 9.861286 0.702593 -10.936872 -0.360575 7.156209 1e-06 8.774828 0.0 -15.926826 18.12018 5.987171 -1.844032 2.498503 -2.507277 -10.1636 4.678945 4.621112 -20.976027 -6e-06 3e-06 -21.226288 2.451695 -3.593998 1e-06 -6e-06 -1e-06 -1.362682 2.240798 -0.746326 -21.334917 0.584908 3.008325 -13.821217 -3e-06 2e-06 -23.887175 -0.24908 -0.839481 -59.735859 2.358874 -1.630801 -0.294025 1.679688 0.833253 -14.21821 0.093213 1.300581 -34.212048 -0.28757 0.967172 -20.033215 0.964535 1.212845 1e-06 1e-06 -1e-06 -3.44039 0.788235 0.501656 -15.928189 -3.167312 2.999707 -6.338828 -2e-06 0.0 -18.123453 3.648183 -4.90567 -2e-06 1e-06 -1e-06 16.393288 9.540055 17.952227 57.05405 1.903421 26.655661 0.333676 26.433811 -0.001065 12.203587 7.076898 16.571478 2.243541 -5.255036 -3.180157 14.282887 -0.826594 6.952503 -5e-06 -12.690603 3e-06 16.775146 -18.358074 2.671632 1.665666 -1.95592 -2.878299 4.727798 -4.170587 4.993925 11.020524 4e-06 -1e-06 12.109048 -3.735715 -2.866783 1e-06 -0.0 -1e-06 1.291985 -1.928549 -1.498089 14.800125 0.567469 3.865609 14.242569 -1.341734 -6.660657 19.631964 0.143926 -0.648243 50.64439 -0.845419 -6.552984 0.353029 -1.51115 -0.03194 20.222788 3.68431 2.316631 18.78727 4e-06 1e-06 10.751625 -0.47987 1.397908 -1e-06 0.0 -0.0 3.273806 0.305947 -0.580111 21.486813 11.830376 2.266133 8.162928 1e-06 -0.0 18.399078 -3.798986 -4.940573 2e-06 1e-06 -0.0 11.441193 7.83829 2.177271 -0.098766 -0.166821 10.199074 -13.343987 -3.254941 -3.723107 1.604176 -1.96596 -0.095572 0.0 -0.0 2e-06 -12.887817 -17.156521 10.202145 -0.00308 -0.080285 3.791475 12.113691 -6.4219 -3.708664 -1.438587 0.97761 1.272322 -0.0 0.0 -1e-06 
0.0 0.0 0.0 0.0 -0.0 0.0 0.21894 98.71804 -1.363718 -0.135821 3.108259 -6.823275 -0.224384 0.355843 0.945466 -0.482453 0.653288 -4.495752 -0.714113 -1.175112 12.226633 13.94462 -2.802742 3.663293 -1.382789 -2.265231 -3.675691 6.058837 -6.362888 -6.897952 7.6e-05 -2.3e-05 6e-06 -0.076811 0.162655 -0.029932 0.655625 -3.552176 -10.620581 -0.800912 3.875139 -10.627089 -19.968651 -5.216996 16.373537 -51.074417 -16.44902 30.826567 0.041443 -22.962112 0.05985 -4.982615 -1.95905 -2.127208 -5.88211 9.861293 0.702592 -10.936881 -0.360576 7.156215 2e-06 8.774834 -0.0 -15.954506 18.061663 5.941637 -1.844033 2.498506 -2.507277 -10.163609 4.678948 4.621113 -20.976044 -7e-06 6e-06 -21.226303 2.451696 -3.593999 2e-06 -5e-06 -2e-06 -1.362682 2.240799 -0.746324 -21.334934 0.584908 3.008328 -13.821227 -4e-06 5e-06 -23.887194 -0.249081 -0.83948 -59.719692 2.326541 -1.704655 -0.294025 1.679688 0.833257 -14.218223 0.093213 1.300581 -34.212078 -0.287568 0.967176 -20.033232 0.964537 1.212848 0.0 1e-06 -1e-06 -3.440392 0.788233 0.501656 -15.928203 -3.167314 2.99971 -6.338832 -3e-06 1e-06 -18.123463 3.648184 -4.905672 -2e-06 1e-06 0.0 16.453192 9.24935 18.089165 58.231228 0.717205 27.559006 0.09905 26.688654 -0.028988 14.462829 6.98895 15.684244 2.243543 -5.255043 -3.180161 14.282908 -0.826592 6.952509 -6e-06 -12.69062 0.0 16.899199 -18.520927 2.700389 1.665668 -1.955923 -2.8783 4.727804 -4.170591 4.993927 11.02054 5e-06 -1e-06 12.109064 -3.735717 -2.866786 1e-06 0.0 -1e-06 1.291987 -1.928552 -1.49809 14.800151 0.567473 3.865611 14.24259 -1.341734 -6.660665 19.63199 0.14393 -0.648243 50.774864 -0.778271 -6.568948 0.353029 -1.511152 -0.03194 20.222818 3.684319 2.316633 18.787296 1e-05 0.0 10.75164 -0.479866 1.397907 -1e-06 1e-06 0.0 3.27381 0.305947 -0.580112 21.486847 11.830395 2.266137 8.162939 6e-06 -3e-06 18.399101 -3.798983 -4.94058 3e-06 0.0 -1e-06 11.249437 7.917458 2.167824 -0.104732 -0.169773 10.3575 -13.311957 -3.123019 -3.962452 1.612677 -1.945537 -0.067676 0.0 -0.0 2e-06 -13.096694 -17.129862 10.040959 -0.001864 -0.095075 3.926675 12.336903 -6.184186 -3.749607 -1.441803 0.985397 1.29605 0.0 0.0 -1e-06 
0.0 0.0 0.0 0.0 -0.0 0.0 0.369103 98.71093 -1.238833 -0.045278 2.799102 -6.718996 -0.259689 0.327316 0.92196 -0.474113 0.549551 -4.505944 -0.629196 -1.307007 12.197289 13.795898 -2.822474 3.690958 -1.324003 -2.123632 -3.691932 5.907184 -6.182552 -6.671978 7.6e-05 -2.2e-05 6e-06 -0.072423 0.166201 -0.031534 0.659504 -3.55066 -10.62405 -0.795898 3.879817 -10.63453 -19.916199 -5.188375 16.39456 -51.125011 -16.024536 30.694973 0.049364 -22.920193 0.061264 -5.044611 -2.026159 -1.542896 -5.882112 9.861294 0.702592 -10.936879 -0.360573 7.15621 -1e-06 8.774831 -1e-06 -15.991243 18.035769 5.911751 -1.844034 2.498507 -2.507278 -10.163609 4.67895 4.621111 -20.976038 -0.0 2e-06 -21.226301 2.451702 -3.594005 1e-06 -5e-06 -1e-06 -1.362683 2.2408 -0.746322 -21.33493 0.584912 3.008322 -13.821224 -1e-06 2e-06 -23.887188 -0.249077 -0.839486 -59.70528 2.312966 -1.748257 -0.294025 1.679688 0.833258 -14.218217 0.093217 1.300579 -34.21207 -0.287559 0.967168 -20.033226 0.964537 1.21284 0.0 -0.0 -1e-06 -3.44039 0.788235 0.501655 -15.928196 -3.16731 2.999708 -6.338831 -0.0 -0.0 -18.123459 3.648188 -4.905676 -2e-06 1e-06 -1e-06 16.49316 9.010269 18.173513 59.148796 -0.135254 28.139996 -0.01442 26.657944 -0.015369 15.842349 6.842833 15.385124 2.243545 -5.255042 -3.18016 14.282902 -0.826596 6.952507 -1e-06 -12.690616 -2e-06 16.978262 -18.628817 2.693841 1.665668 -1.955924 -2.878302 4.727804 -4.170591 4.993926 11.020536 2e-06 -2e-06 12.109062 -3.735719 -2.866787 -0.0 -0.0 -0.0 1.291987 -1.928551 -1.49809 14.800142 0.567469 3.865609 14.242584 -1.34174 -6.660664 19.631985 0.143924 -0.648247 50.806408 -0.745213 -6.583813 0.35303 -1.511153 -0.031939 20.222805 3.684313 2.316631 18.787287 4e-06 -2e-06 10.751639 -0.479868 1.397906 -1e-06 1e-06 -0.0 3.273809 0.305946 -0.580112 21.486832 11.830386 2.266135 8.162935 2e-06 -2e-06 18.399097 -3.798987 -4.940579 2e-06 -1e-06 -2e-06 11.080263 8.040272 2.188258 -0.108533 -0.180188 10.473935 -13.292659 -2.960602 -4.191481 1.618285 -1.937798 -0.054723 0.0 -0.0 2e-06 -13.272297 -17.076895 9.931939 -0.006468 -0.111592 3.920985 12.490878 -5.960801 -3.705114 -1.445793 0.986422 1.286227 -0.0 0.0 -1e-06 
0.0 0.0 0.0 0.0 -0.0 0.0 0.522906 98.712349 -1.10808 0.034515 2.438592 -6.612154 -0.312544 0.312528 0.886019 -0.480352 0.434488 -4.520564 -0.538927 -1.407253 12.170399 13.716754 -2.865176 3.764563 -1.289911 -1.962486 -3.706759 5.757259 -6.016193 -6.395623 7.6e-05 -2.2e-05 6e-06 -0.070817 0.162565 -0.030033 0.658576 -3.555508 -10.628403 -0.79167 3.876923 -10.642259 -19.813707 -5.170866 16.394608 -51.239105 -15.692081 30.560165 0.044958 -22.824581 0.052666 -5.055739 -2.089998 -0.983542 -5.882113 9.861293 0.702591 -10.936879 -0.360573 7.156208 -2e-06 8.77483 -2e-06 -16.023552 18.043701 5.91605 -1.844034 2.498506 -2.507279 -10.163608 4.67895 4.621109 -20.97604 1e-06 1e-06 -21.226303 2.451702 -3.594005 1e-06 -5e-06 0.0 -1.362684 2.240801 -0.746323 -21.33493 0.584914 3.008322 -13.821225 -0.0 1e-06 -23.887186 -0.249075 -0.839489 -59.708115 2.317707 -1.748562 -0.294025 1.679689 0.833256 -14.218219 0.093217 1.30058 -34.212074 -0.287559 0.967168 -20.03323 0.964538 1.212839 0.0 -0.0 -1e-06 -3.440391 0.788236 0.501657 -15.928196 -3.167309 2.999707 -6.33883 1e-06 -0.0 -18.123463 3.648187 -4.905675 -2e-06 0.0 -2e-06 16.523302 8.842799 18.187508 59.838726 -0.725256 28.426455 -0.045112 26.353891 0.019821 16.584949 6.530258 15.594967 2.243544 -5.255041 -3.180161 14.282902 -0.826596 6.952502 0.0 -12.690612 -2e-06 16.995827 -18.696404 2.686642 1.665669 -1.955923 -2.878301 4.727803 -4.170591 4.993925 11.020536 1e-06 -3e-06 12.109062 -3.735719 -2.866789 -0.0 0.0 -2e-06 1.291987 -1.928551 -1.49809 14.800139 0.567468 3.865607 14.242585 -1.341738 -6.660665 19.631985 0.143926 -0.648248 50.755013 -0.736185 -6.603204 0.35303 -1.511151 -0.03194 20.222805 3.68431 2.316628 18.787289 5e-06 -5e-06 10.751637 -0.479869 1.397904 -1e-06 2e-06 0.0 3.27381 0.305947 -0.580111 21.486832 11.830382 2.266132 8.162935 1e-06 -3e-06 18.399096 -3.798985 -4.940581 2e-06 -1e-06 -1e-06 10.927807 8.205088 2.270762 -0.113292 -0.191341 10.493285 -13.295932 -2.76253 -4.386959 1.618998 -1.944192 -0.048335 -0.0 0.0 2e-06 -13.425993 -17.002623 9.879134 -0.011794 -0.122884 3.762485 12.578194 -5.726576 -3.566871 -1.449532 0.97719 1.270295 -0.0 0.0 -1e-06 
0.0 0.0 0.0 0.0 -0.0 0.0 0.680725 98.71772 -0.985655 0.103055 2.075422 -6.507427 -0.368258 0.308822 0.848855 -0.493138 0.328795 -4.532959 -0.464679 -1.484682 12.143618 13.668048 -2.882363 3.87946 -1.285001 -1.855194 -3.713605 5.625382 -5.877452 -6.105076 7.6e-05 -2.2e-05 6e-06 -0.07071 0.157483 -0.029687 0.655204 -3.560621 -10.633314 -0.788059 3.871704 -10.648949 -19.691074 -5.155601 16.358923 -51.390816 -15.438487 30.256247 0.009677 -22.754644 0.050309 -5.02922 -2.089012 -0.535092 -5.882105 9.861283 0.702591 -10.93687 -0.360574 7.156205 0.0 8.774822 1e-06 -16.044823 18.053663 5.935971 -1.844032 2.498504 -2.507275 -10.163598 4.678944 4.621108 -20.976021 -2e-06 2e-06 -21.226286 2.451696 -3.594001 0.0 -6e-06 0.0 -1.36268 2.240797 -0.746321 -21.334911 0.584911 3.008323 -13.821213 -2e-06 2e-06 -23.887167 -0.249078 -0.839483 -59.719563 2.338552 -1.724312 -0.294024 1.679686 0.833255 -14.218205 0.093214 1.300581 -34.212044 -0.287563 0.96717 -20.033211 0.964536 1.212843 0.0 -0.0 -1e-06 -3.440389 0.788234 0.501655 -15.928185 -3.167307 2.999706 -6.338826 -1e-06 0.0 -18.123444 3.648183 -4.90567 -2e-06 1e-06 -3e-06 16.555761 8.713245 18.167933 60.270012 -1.085968 28.314091 -0.082049 25.967861 0.048619 16.888062 6.122861 15.850989 2.243543 -5.255039 -3.18016 14.282896 -0.826598 6.952506 1e-06 -12.690608 1e-06 16.97603 -18.712412 2.676372 1.665668 -1.955922 -2.8783 4.727801 -4.170588 4.993925 11.020531 1e-06 -2e-06 12.109057 -3.735718 -2.866787 1e-06 0.0 0.0 1.291986 -1.92855 -1.49809 14.800136 0.567468 3.865609 14.24258 -1.341737 -6.660661 19.631975 0.143924 -0.648246 50.634903 -0.734369 -6.629054 0.353029 -1.511152 -0.03194 20.222799 3.684309 2.31663 18.787279 5e-06 -2e-06 10.751631 -0.479869 1.397905 0.0 1e-06 1e-06 3.273808 0.305946 -0.580111 21.486822 11.830379 2.266134 8.162933 -0.0 -3e-06 18.399088 -3.798988 -4.940578 1e-06 -1e-06 -1e-06 10.786464 8.390396 2.358665 -0.118452 -0.200889 10.491535 -13.30918 -2.568622 -4.563028 1.616193 -1.952863 -0.060711 0.0 -0.0 2e-06 -13.563694 -16.911766 9.859277 -0.014566 -0.125979 3.523581 12.621462 -5.501519 -3.376765 -1.45245 0.964554 1.240435 0.0 0.0 -1e-06 
0.0 0.0 0.0 0.0 -0.0 0.0 0.837135 98.719055 -0.875298 0.172284 1.737975 -6.403173 -0.422646 0.31098 0.813135 -0.508856 0.241722 -4.542818 -0.421362 -1.548107 12.113221 13.601713 -2.865325 4.036517 -1.282986 -1.819028 -3.712929 5.484385 -5.774107 -5.845713 7.7e-05 -2.2e-05 6e-06 -0.069866 0.147715 -0.030525 0.649556 -3.570068 -10.634294 -0.780745 3.861287 -10.650136 -19.578417 -5.142 16.317043 -51.538967 -15.250901 29.763369 -0.034981 -22.793308 0.055477 -4.934916 -2.026063 -0.275857 -5.882106 9.861282 0.702588 -10.93687 -0.360574 7.156202 -0.0 8.774821 -0.0 -16.060606 18.081314 5.950963 -1.844032 2.498504 -2.507276 -10.163597 4.678943 4.621106 -20.976021 -2e-06 1e-06 -21.226282 2.451696 -3.594 1e-06 -6e-06 -1e-06 -1.362682 2.240798 -0.746322 -21.334911 0.584911 3.008322 -13.82121 -1e-06 2e-06 -23.887165 -0.249079 -0.839484 -59.734383 2.375799 -1.721643 -0.294025 1.679687 0.833257 -14.218205 0.093216 1.30058 -34.212036 -0.287561 0.967168 -20.033209 0.964538 1.212842 0.0 -0.0 -1e-06 -3.440387 0.788233 0.501656 -15.928183 -3.167308 2.999705 -6.338825 0.0 1e-06 -18.123444 3.648181 -4.905669 -2e-06 0.0 -3e-06 16.58646 8.601508 18.092745 60.457237 -1.306442 27.730913 -0.165645 25.700472 0.049768 16.877472 5.742796 15.692142 2.243542 -5.255037 -3.18016 14.282896 -0.826597 6.952507 -2e-06 -12.690608 2e-06 16.942091 -18.692076 2.660264 1.665667 -1.955922 -2.878301 4.7278 -4.170588 4.993927 11.020529 2e-06 -2e-06 12.109056 -3.735718 -2.866784 2e-06 0.0 -1e-06 1.291985 -1.92855 -1.498091 14.800132 0.567467 3.865611 14.242577 -1.341737 -6.660661 19.631975 0.143925 -0.648246 50.476597 -0.726172 -6.65609 0.353029 -1.511151 -0.03194 20.222801 3.684309 2.316631 18.787281 3e-06 -1e-06 10.751631 -0.479871 1.397907 -1e-06 1e-06 0.0 3.273808 0.305947 -0.58011 21.48682 11.830377 2.266134 8.16293 -0.0 -1e-06 18.399088 -3.798987 -4.940577 2e-06 -1e-06 -1e-06 10.63045 8.574104 2.481378 -0.125865 -0.207071 10.542204 -13.309114 -2.413143 -4.816145 1.613133 -1.958896 -0.084665 0.0 -0.0 2e-06 -13.700462 -16.814245 9.797558 -0.014916 -0.132461 3.363568 12.66672 -5.307111 -3.228347 -1.454262 0.958481 1.185645 -0.0 0.0 -1e-06 
0.0 0.0 0.0 0.0 -0.0 0.0 0.991852 98.719444 -0.775035 0.258708 1.433228 -6.304071 -0.475687 0.315891 0.772469 -0.522132 0.177522 -4.551692 -0.432981 -1.606121 12.083033 13.515713 -2.832222 4.253882 -1.297036 -1.85753 -3.707472 5.356667 -5.698334 -5.583525 7.6e-05 -2.3e-05 6e-06 -0.069359 0.136173 -0.028603 0.641788 -3.580152 -10.629502 -0.772019 3.848291 -10.646052 -19.51436 -5.121717 16.266541 -51.624699 -15.10432 29.235266 -0.049038 -22.964706 0.054285 -4.758686 -1.934099 -0.30334 -5.882111 9.861292 0.70259 -10.936879 -0.360575 7.156205 0.0 8.77483 -1e-06 -16.046131 18.107834 5.993256 -1.844034 2.498506 -2.507279 -10.163608 4.678948 4.621109 -20.97604 -4e-06 2e-06 -21.226305 2.451698 -3.594001 0.0 -6e-06 -1e-06 -1.362682 2.240799 -0.746323 -21.33493 0.58491 3.008323 -13.821223 -2e-06 3e-06 -23.887186 -0.24908 -0.839484 -59.757263 2.427633 -1.703804 -0.294025 1.679688 0.833254 -14.218219 0.093215 1.30058 -34.212082 -0.287565 0.967168 -20.03323 0.964535 1.212842 0.0 -0.0 -1e-06 -3.440391 0.788234 0.501655 -15.928201 -3.167312 2.999707 -6.338832 -2e-06 -0.0 -18.123459 3.648184 -4.905675 -2e-06 0.0 -3e-06 16.598715 8.498331 17.962719 60.412933 -1.463154 26.591932 -0.314995 25.766645 0.009636 16.342995 5.440813 14.916389 2.243543 -5.255039 -3.180157 14.282897 -0.826596 6.952505 -1e-06 -12.69061 -1e-06 16.869604 -18.622503 2.6422 1.665667 -1.955923 -2.878298 4.727801 -4.17059 4.993925 11.020534 3e-06 -0.0 12.109056 -3.735718 -2.866785 1e-06 -0.0 -1e-06 1.291986 -1.92855 -1.498091 14.800136 0.567469 3.865609 14.242579 -1.341739 -6.66066 19.631975 0.143926 -0.648244 50.322151 -0.709731 -6.683333 0.35303 -1.511151 -0.03194 20.222801 3.684313 2.316631 18.787283 5e-06 -1e-06 10.751634 -0.479869 1.397908 -1e-06 1e-06 -0.0 3.273808 0.305947 -0.58011 21.486824 11.83038 2.266135 8.162932 1e-06 -1e-06 18.399092 -3.798986 -4.940577 2e-06 -1e-06 0.0 10.472927 8.734513 2.514078 -0.128245 -0.204232 10.576468 -13.324889 -2.239529 -4.95971 1.611217 -1.978779 -0.129238 0.0 0.0 2e-06 -13.862102 -16.74983 9.723177 -0.019668 -0.140349 3.245838 12.710058 -5.11435 -3.101174 -1.455445 0.950462 1.11284 0.0 0.0 -1e-06 
0.0 0.0 0.0 0.0 -0.0 0.0 1.134832 98.721329 -0.683158 0.337621 1.171322 -6.216271 -0.515899 0.306487 0.729969 -0.519322 0.149408 -4.564456 -0.499977 -1.66655 12.064753 13.433672 -2.788716 4.542422 -1.321567 -1.938223 -3.692847 5.222439 -5.635389 -5.337156 7.6e-05 -2.2e-05 6e-06 -0.068129 0.127474 -0.025608 0.632525 -3.586979 -10.621619 -0.760383 3.838061 -10.641139 -19.509089 -5.074989 16.178066 -51.623749 -14.961979 28.660021 -0.059299 -23.239365 0.043245 -4.492326 -1.907226 -0.702856 -5.88211 9.861288 0.702589 -10.936877 -0.360574 7.156207 0.0 8.774827 0.0 -15.983335 18.121088 6.04232 -1.844033 2.498505 -2.507278 -10.163604 4.678948 4.621109 -20.976036 -0.0 2e-06 -21.226299 2.451699 -3.594003 1e-06 -5e-06 -2e-06 -1.362683 2.240799 -0.746323 -21.334921 0.584912 3.008322 -13.821219 -1e-06 1e-06 -23.887178 -0.249078 -0.839486 -59.755344 2.44632 -1.653846 -0.294025 1.679687 0.833258 -14.218214 0.093216 1.300581 -34.212059 -0.287562 0.967168 -20.033224 0.964539 1.21284 0.0 -0.0 -1e-06 -3.440391 0.788234 0.501656 -15.928192 -3.167308 2.999707 -6.338828 -1e-06 -2e-06 -18.123453 3.648186 -4.905671 -2e-06 0.0 -2e-06 16.588245 8.38948 17.783239 60.123825 -1.582591 24.850389 -0.439948 26.275093 -0.052714 15.124644 5.338468 13.184755 2.243543 -5.255038 -3.180159 14.282896 -0.826596 6.952505 -1e-06 -12.690608 -0.0 16.742428 -18.510918 2.611727 1.665667 -1.955922 -2.878299 4.7278 -4.170589 4.993927 11.020534 2e-06 -2e-06 12.109059 -3.735717 -2.866786 1e-06 1e-06 -0.0 1.291987 -1.928549 -1.498088 14.800132 0.567467 3.865608 14.242579 -1.341736 -6.660661 19.631973 0.143926 -0.648247 50.212925 -0.677978 -6.701167 0.353029 -1.511151 -0.03194 20.222801 3.684311 2.316631 18.787281 5e-06 -3e-06 10.751632 -0.479869 1.397907 -1e-06 1e-06 0.0 3.273808 0.305947 -0.580112 21.486822 11.830378 2.266132 8.16293 2e-06 -2e-06 18.399092 -3.798985 -4.940578 3e-06 -2e-06 -1e-06 10.319878 8.880638 2.550675 -0.124813 -0.202144 10.589651 -13.314258 -2.086166 -5.085898 1.6116 -2.005764 -0.169573 0.0 -0.0 2e-06 -14.021849 -16.742308 9.69329 -0.029349 -0.14417 3.083361 12.731325 -4.924607 -2.949308 -1.455436 0.943992 1.052989 0.0 -0.0 -1e-06 
0.0 0.0 0.0 0.0 -0.0 0.0 1.266862 98.72773 -0.599257 0.417248 0.925951 -6.12218 -0.55561 0.278289 0.680182 -0.498164 0.14928 -4.585914 -0.602677 -1.716572 12.045382 13.358869 -2.752647 4.906226 -1.361492 -2.02111 -3.683466 5.062891 -5.533671 -5.083587 7.7e-05 -2.2e-05 6e-06 -0.066171 0.110511 -0.025533 0.623862 -3.605554 -10.617423 -0.747877 3.823515 -10.642246 -19.515795 -5.017179 16.058928 -51.603542 -14.815734 28.137463 -0.016224 -23.556753 0.006969 -4.213981 -2.002934 -1.288133 -5.882109 9.86129 0.702591 -10.936873 -0.360573 7.156205 -0.0 8.774828 1e-06 -15.890208 18.131708 6.09542 -1.844034 2.498506 -2.507278 -10.163602 4.678947 4.62111 -20.976027 -1e-06 2e-06 -21.226292 2.4517 -3.594002 1e-06 -6e-06 -2e-06 -1.362682 2.240798 -0.746323 -21.334921 0.584913 3.008327 -13.82122 -2e-06 2e-06 -23.887178 -0.249076 -0.839485 -59.771961 2.440911 -1.557853 -0.294026 1.679688 0.833256 -14.218213 0.093217 1.300584 -34.212059 -0.287558 0.967169 -20.033222 0.964539 1.212841 1e-06 -0.0 -1e-06 -3.44039 0.788234 0.501658 -15.928189 -3.167308 2.999708 -6.338827 0.0 -0.0 -18.123453 3.648187 -4.905673 -3e-06 1e-06 -2e-06 16.500462 8.28641 17.543262 59.70565 -1.681652 22.381733 -0.433206 27.179798 -0.111621 13.132816 5.526499 10.401494 2.243541 -5.255036 -3.180157 14.282887 -0.826595 6.952502 -3e-06 -12.690603 0.0 16.565966 -18.389353 2.544161 1.665665 -1.955921 -2.878297 4.727799 -4.170587 4.993923 11.020524 2e-06 1e-06 12.109051 -3.735716 -2.866784 1e-06 1e-06 -0.0 1.291985 -1.928549 -1.498088 14.800125 0.567468 3.865609 14.242572 -1.341737 -6.660657 19.631966 0.143927 -0.648244 50.109097 -0.636247 -6.727248 0.353029 -1.51115 -0.03194 20.222788 3.684308 2.316631 18.78727 2e-06 1e-06 10.751627 -0.47987 1.397906 -1e-06 1e-06 0.0 3.273806 0.305946 -0.580111 21.486809 11.830373 2.266133 8.162926 1e-06 -1e-06 18.399076 -3.798987 -4.940575 2e-06 -1e-06 -0.0 10.154342 8.976894 2.60436 -0.124067 -0.203117 10.542797 -13.263184 -1.894361 -5.198323 1.614364 -2.029031 -0.197799 0.0 -0.0 2e-06 -14.178555 -16.76755 9.672664 -0.040536 -0.139534 2.893269 12.725602 -4.723484 -2.775162 -1.453894 0.93045 0.989174 0.0 -0.0 -1e-06 
0.0 0.0 0.0 0.0 -0.0 0.0 1.381674 98.733734 -0.51999 0.499633 0.652386 -6.024937 -0.601668 0.253286 0.634722 -0.465276 0.169476 -4.613267 -0.706772 -1.737516 12.002675 13.273609 -2.723234 5.322415 -1.403925 -2.11413 -3.68644 4.894822 -5.363501 -4.810981 7.8e-05 -2.2e-05 6e-06 -0.062218 0.08524 -0.030688 0.619912 -3.634617 -10.619157 -0.736075 3.803075 -10.650599 -19.502535 -4.978268 15.919737 -51.618599 -14.659331 27.830591 0.092337 -23.880322 -0.045635 -3.98043 -2.159861 -1.79516 -5.88211 9.86129 0.70259 -10.936877 -0.360574 7.156209 0.0 8.77483 -0.0 -15.824355 18.141525 6.129771 -1.844033 2.498505 -2.507278 -10.163605 4.678947 4.621109 -20.976034 -1e-06 3e-06 -21.226299 2.4517 -3.594 1e-06 -6e-06 -1e-06 -1.362681 2.240798 -0.746325 -21.334927 0.58491 3.008326 -13.821221 -2e-06 1e-06 -23.887184 -0.249078 -0.839482 -59.838428 2.43965 -1.465798 -0.294025 1.679688 0.833257 -14.218218 0.093216 1.30058 -34.212067 -0.28756 0.967171 -20.033226 0.964538 1.212842 1e-06 -0.0 -1e-06 -3.440391 0.788235 0.501656 -15.928194 -3.167309 2.999709 -6.338829 -1e-06 0.0 -18.123457 3.648186 -4.905672 -3e-06 0.0 -1e-06 16.346138 8.205821 17.299635 59.202263 -1.697767 19.553461 -0.306707 28.429636 -0.166601 10.825492 5.925766 7.286086 2.243542 -5.255038 -3.180156 14.282894 -0.826594 6.952503 -2e-06 -12.690606 -0.0 16.395893 -18.262394 2.470362 1.665666 -1.955922 -2.878299 4.727799 -4.170588 4.993923 11.020528 3e-06 -2e-06 12.109053 -3.735716 -2.866785 1e-06 0.0 0.0 1.291986 -1.92855 -1.498088 14.800132 0.567469 3.865607 14.242577 -1.341737 -6.660657 19.631973 0.143927 -0.648244 50.074684 -0.59858 -6.742979 0.353029 -1.51115 -0.03194 20.222797 3.684311 2.316628 18.787273 5e-06 -0.0 10.751631 -0.479866 1.397904 0.0 -0.0 0.0 3.273807 0.305947 -0.580111 21.486818 11.830379 2.266132 8.16293 3e-06 -3e-06 18.399084 -3.798983 -4.940577 2e-06 -2e-06 -0.0 9.98309 9.047647 2.670139 -0.120268 -0.203216 10.459946 -13.197893 -1.620851 -5.310847 1.619284 -2.035121 -0.24973 0.0 -0.0 2e-06 -14.326544 -16.782022 9.591155 -0.045975 -0.121092 2.789776 12.678931 -4.51887 -2.639835 -1.453232 0.909148 0.928142 -0.0 -0.0 -1e-06 
0.0 0.0 0.0 0.0 -0.0 0.0 1.461865 98.731766 -0.445327 0.579006 0.351276 -5.9484 -0.653977 0.259701 0.593804 -0.433208 0.184473 -4.642488 -0.786516 -1.720142 11.969747 13.133121 -2.699208 5.699306 -1.408972 -2.164055 -3.692602 4.748263 -5.189795 -4.541377 7.8e-05 -2.2e-05 6e-06 -0.057057 0.062605 -0.040338 0.622694 -3.65945 -10.617545 -0.728536 3.78276 -10.654931 -19.508581 -4.968908 15.7872 -51.594692 -14.489654 27.755939 0.224839 -24.223547 -0.096742 -3.855102 -2.276829 -2.017614 -5.88211 9.861292 0.702591 -10.936877 -0.360575 7.156206 -0.0 8.774831 -1e-06 -15.765305 18.162766 6.182319 -1.844035 2.498507 -2.507278 -10.163605 4.678949 4.621112 -20.976034 -2e-06 -1e-06 -21.226301 2.451699 -3.594005 1e-06 -5e-06 -2e-06 -1.362683 2.240799 -0.746321 -21.334927 0.584911 3.00832 -13.82122 -2e-06 1e-06 -23.887184 -0.249079 -0.839487 -59.946884 2.450321 -1.405847 -0.294025 1.679688 0.833257 -14.218217 0.093217 1.300583 -34.212067 -0.287562 0.967169 -20.033226 0.964536 1.212841 1e-06 -0.0 -1e-06 -3.44039 0.788234 0.501655 -15.928194 -3.16731 2.999709 -6.338829 -1e-06 -1e-06 -18.123457 3.648185 -4.905675 -3e-06 1e-06 -2e-06 16.175468 8.206404 17.08777 58.592888 -1.541181 17.218428 -0.199628 29.866762 -0.215401 9.189926 6.261833 4.896266 2.243542 -5.25504 -3.180159 14.2829 -0.826595 6.952507 -3e-06 -12.690612 -1e-06 16.313862 -18.169495 2.434491 1.665667 -1.955922 -2.878302 4.727801 -4.17059 4.993927 11.020531 3e-06 -1e-06 12.109058 -3.735718 -2.866785 0.0 0.0 0.0 1.291986 -1.92855 -1.49809 14.800139 0.567469 3.865611 14.242579 -1.341737 -6.66066 19.631977 0.143926 -0.648243 50.154091 -0.549815 -6.723975 0.353029 -1.511152 -0.03194 20.222803 3.684312 2.316632 18.787285 4e-06 -1e-06 10.751634 -0.479868 1.397907 0.0 -0.0 0.0 3.273808 0.305947 -0.580109 21.486828 11.830382 2.266135 8.162933 3e-06 -1e-06 18.399097 -3.798988 -4.940579 4e-06 0.0 -0.0 9.824714 9.112267 2.745432 -0.107057 -0.186002 10.39067 -13.137221 -1.332174 -5.440212 1.626712 -2.017014 -0.327259 0.0 -0.0 2e-06 -14.455163 -16.771387 9.420012 -0.043396 -0.095011 2.877095 12.610404 -4.313675 -2.617831 -1.453361 0.899216 0.843723 -0.0 -0.0 -1e-06 
0.0 0.0 0.0 0.0 -0.0 0.0 1.506075 98.711716 -0.378625 0.646291 0.087668 -5.897754 -0.708744 0.283081 0.561974 -0.416993 0.192007 -4.668462 -0.813671 -1.683444 11.956831 12.912595 -2.720059 5.991432 -1.350117 -2.06144 -3.700372 4.568243 -5.063854 -4.324984 7.7e-05 -2.3e-05 6e-06 -0.05467 0.044824 -0.04972 0.622124 -3.68251 -10.620804 -0.722917 3.768754 -10.666322 -19.532406 -5.008906 15.662028 -51.493877 -14.254109 27.541948 0.259888 -24.620897 -0.114161 -3.802181 -2.362584 -1.834677 -5.88211 9.86129 0.702592 -10.936875 -0.360574 7.156209 0.0 8.77483 0.0 -15.694433 18.212786 6.257582 -1.844034 2.498506 -2.507277 -10.163604 4.678948 4.621109 -20.976034 -3e-06 2e-06 -21.226299 2.451698 -3.594002 2e-06 -6e-06 -2e-06 -1.362682 2.240799 -0.746324 -21.334925 0.58491 3.008326 -13.821218 -2e-06 2e-06 -23.887182 -0.24908 -0.839483 -60.032425 2.479435 -1.402397 -0.294025 1.679687 0.833255 -14.218216 0.093216 1.300579 -34.212067 -0.287564 0.96717 -20.033222 0.964539 1.212842 1e-06 1e-06 -1e-06 -3.44039 0.788233 0.501656 -15.928192 -3.16731 2.999707 -6.338829 -1e-06 -1e-06 -18.123455 3.648184 -4.905672 -3e-06 1e-06 -2e-06 15.989711 8.335638 16.814096 57.932838 -1.291787 15.548526 -0.103017 31.225611 -0.224068 8.547503 6.381961 3.722886 2.243543 -5.25504 -3.18016 14.282904 -0.826594 6.952507 -4e-06 -12.690612 0.0 16.328615 -18.180099 2.456697 1.665668 -1.955922 -2.8783 4.727803 -4.17059 4.993927 11.020536 4e-06 -2e-06 12.109061 -3.735717 -2.866785 -1e-06 -0.0 -1e-06 1.291986 -1.92855 -1.498091 14.800144 0.56747 3.865611 14.242585 -1.341735 -6.660662 19.631987 0.143927 -0.648244 50.320732 -0.534991 -6.687082 0.353029 -1.511152 -0.031941 20.222811 3.684315 2.316631 18.787289 8e-06 2e-06 10.751639 -0.479865 1.397906 -0.0 -0.0 -0.0 3.27381 0.305948 -0.580112 21.486834 11.830386 2.266132 8.162932 3e-06 -2e-06 18.399099 -3.798985 -4.940577 4e-06 -0.0 -1e-06 9.709772 9.202022 2.757174 -0.102478 -0.134373 10.486442 -13.070618 -1.102292 -5.631631 1.628919 -1.995338 -0.364716 0.0 0.0 2e-06 -14.564096 -16.776579 9.131396 -0.033441 -0.066557 3.266346 12.543477 -4.089736 -2.784003 -1.449058 0.896572 0.688007 -0.0 -0.0 -1e-06 
0.0 0.0 0.0 0.0 -0.0 0.0 1.534449 98.939217 -0.32385 0.687415 -0.27195 -5.815722 -0.738265 0.295182 0.419704 -0.400829 0.15955 -4.707165 -0.766415 -1.503293 12.017866 12.744117 -2.791444 6.386317 -1.261329 -1.87868 -3.695826 4.845654 -5.03369 -4.312256 7.7e-05 -2.2e-05 6e-06 -0.059423 0.05481 -0.057482 0.61426 -3.672558 -10.619343 -0.724346 3.777453 -10.666696 -19.638264 -4.897886 15.324228 -51.531242 -14.247199 27.226189 0.270138 -24.775404 -0.127887 -3.401114 -2.049849 -1.136942 -5.882109 9.86129 0.70259 -10.936877 -0.360574 7.156207 0.0 8.77483 -0.0 -15.705935 18.212376 6.215639 -1.844034 2.498506 -2.507281 -10.163605 4.678948 4.621109 -20.976036 -3e-06 -0.0 -21.226301 2.451698 -3.594004 1e-06 -5e-06 -1e-06 -1.362682 2.240799 -0.746324 -21.334925 0.58491 3.00832 -13.82122 -2e-06 -1e-06 -23.887182 -0.24908 -0.839485 -60.149071 2.476164 -1.473776 -0.294026 1.679689 0.833256 -14.218217 0.093216 1.300579 -34.212067 -0.287568 0.967167 -20.033226 0.964537 1.212841 1e-06 -0.0 -1e-06 -3.44039 0.788233 0.501654 -15.928192 -3.167311 2.999706 -6.338829 -1e-06 -1e-06 -18.123459 3.648185 -4.905676 -2e-06 1e-06 -1e-06 15.683221 8.67078 16.380533 57.382332 -1.738637 13.357018 -0.015695 33.580456 -0.296016 8.227471 6.098036 2.877218 2.243545 -5.255041 -3.180158 14.282904 -0.826596 6.952505 -1e-06 -12.690614 1e-06 16.31111 -18.2136 2.451878 1.665668 -1.955923 -2.878301 4.727804 -4.170592 4.993927 11.020536 3e-06 -2e-06 12.109062 -3.735719 -2.866785 -1e-06 0.0 0.0 1.291987 -1.92855 -1.498087 14.800139 0.567467 3.865608 14.242584 -1.341737 -6.660663 19.631983 0.143926 -0.648246 50.492973 -0.487142 -6.708261 0.35303 -1.511151 -0.03194 20.222805 3.684313 2.316627 18.787291 6e-06 -1e-06 10.751637 -0.479867 1.397907 -1e-06 0.0 1e-06 3.273809 0.305947 -0.580113 21.486832 11.830384 2.266134 8.162934 2e-06 -3e-06 18.399097 -3.798986 -4.940582 5e-06 1e-06 -2e-06 9.622549 9.334324 4.011533 -0.076318 -0.090377 8.028872 -12.916072 -0.432402 -4.558917 1.630356 -1.990652 -0.419838 -0.0 0.0 2e-06 -14.568834 -16.655695 8.849801 -0.031736 -0.023098 3.492738 12.461132 -3.805066 -2.799519 -1.453974 0.916899 0.53672 -0.0 0.0 -1e-06 
0.0 0.0 0.0 0.0 -0.0 0.0 1.579543 98.977135 -0.243343 0.690264 -0.520676 -5.688466 -0.70254 0.222709 0.331658 -0.321592 0.327887 -4.762525 -0.906698 -1.549567 12.060526 12.805502 -2.753162 6.626701 -1.211425 -1.904226 -3.741498 5.074259 -4.932833 -4.162691 7.7e-05 -2.3e-05 6e-06 -0.061644 0.002734 -0.058483 0.614574 -3.72852 -10.63204 -0.727707 3.731399 -10.710743 -19.495749 -4.629155 15.236321 -52.032959 -14.458372 26.543701 0.174543 -25.199844 -0.044541 -1.895512 -2.01539 -2.31917 -5.882106 9.861286 0.702588 -10.936871 -0.360576 7.156204 1e-06 8.774826 -1e-06 -15.530478 18.397686 6.304633 -1.844033 2.498505 -2.507277 -10.163599 4.678944 4.621109 -20.976023 -4e-06 0.0 -21.226286 2.451696 -3.594001 1e-06 -6e-06 -1e-06 -1.362682 2.240798 -0.746323 -21.334913 0.584909 3.008322 -13.821215 -3e-06 1e-06 -23.887169 -0.24908 -0.839482 -59.814686 2.631222 -1.47708 -0.294024 1.679687 0.833255 -14.218208 0.093214 1.30058 -34.212048 -0.287565 0.967169 -20.033211 0.964538 1.212843 0.0 1e-06 -2e-06 -3.440389 0.788234 0.501655 -15.928185 -3.16731 2.999705 -6.338826 -2e-06 0.0 -18.123449 3.648183 -4.905673 -4e-06 1e-06 -1e-06 15.269788 8.926793 16.077637 56.544472 -2.768077 11.933512 -0.179618 38.675545 -0.346384 8.453152 5.068237 1.714315 2.243543 -5.25504 -3.180161 14.282904 -0.826596 6.952507 -4e-06 -12.690614 1e-06 16.334711 -18.128448 2.531123 1.665669 -1.955923 -2.8783 4.727801 -4.170589 4.993926 11.020536 4e-06 -2e-06 12.109062 -3.735717 -2.866785 -0.0 -0.0 0.0 1.291987 -1.92855 -1.498088 14.80014 0.567469 3.865609 14.242586 -1.341734 -6.660663 19.631987 0.143927 -0.648246 50.533882 -0.603469 -6.620036 0.353029 -1.511151 -0.031938 20.222811 3.684313 2.316631 18.787291 6e-06 -0.0 10.751641 -0.479867 1.397908 0.0 1e-06 -0.0 3.273809 0.305948 -0.580112 21.486835 11.830384 2.266133 8.162932 4e-06 -3e-06 18.399099 -3.798985 -4.940578 4e-06 2e-06 -1e-06 9.653454 9.908731 4.13261 -0.111502 -0.10841 7.785213 -12.44521 -0.455699 -4.491553 1.62617 -1.941558 -0.37258 0.0 0.0 2e-06 -14.60451 -16.643703 8.519335 0.011519 -0.032968 3.839818 12.567288 -3.469844 -2.933565 -1.438466 0.929045 0.434732 -0.0 -0.0 -1e-06 
0.0 0.0 0.0 0.0 -0.0 0.0 1.668674 98.965561 -0.149991 0.697129 -0.575386 -5.595283 -0.616775 0.176337 0.211753 -0.279986 0.419106 -4.814827 -1.094482 -1.658778 12.11157 12.924263 -2.708929 6.889368 -1.153651 -1.940877 -3.767292 5.274746 -5.001209 -4.26597 7.6e-05 -2.3e-05 6e-06 -0.057353 -0.04272 -0.063153 0.629853 -3.772017 -10.641232 -0.733632 3.6845 -10.743037 -19.169573 -4.375964 15.140224 -52.812771 -14.602779 25.735447 0.18323 -25.539967 -0.075523 -0.502302 -2.104272 -3.696734 -5.882106 9.861285 0.702588 -10.936872 -0.360577 7.156204 1e-06 8.774825 -1e-06 -15.418666 18.532993 6.351406 -1.844033 2.498504 -2.507277 -10.1636 4.678944 4.621106 -20.976025 -6e-06 0.0 -21.226288 2.451694 -3.594003 1e-06 -6e-06 -1e-06 -1.362682 2.240799 -0.746324 -21.334919 0.584906 3.008318 -13.821217 -5e-06 0.0 -23.887175 -0.249083 -0.839484 -59.579079 2.689947 -1.489148 -0.294024 1.679686 0.833257 -14.21821 0.093213 1.300575 -34.212051 -0.287571 0.967165 -20.033215 0.96453 1.212842 -1e-06 1e-06 -1e-06 -3.440389 0.788235 0.501654 -15.928187 -3.167312 2.999703 -6.338828 -2e-06 -1e-06 -18.123449 3.648179 -4.905674 -3e-06 1e-06 -3e-06 14.764753 9.044086 15.873839 55.563396 -4.29668 10.072263 -0.37871 45.513008 -0.416109 8.874998 3.351736 1.123037 2.243544 -5.255038 -3.180157 14.282898 -0.826594 6.952499 -4e-06 -12.690612 2e-06 16.184116 -18.014063 2.686652 1.665668 -1.955922 -2.878299 4.727801 -4.17059 4.993924 11.020534 4e-06 -3e-06 12.109059 -3.735716 -2.866785 -0.0 0.0 -1e-06 1.291986 -1.92855 -1.49809 14.800139 0.56747 3.865607 14.242582 -1.341735 -6.660661 19.631981 0.143929 -0.648247 50.459042 -0.686152 -6.491263 0.353029 -1.511151 -0.03194 20.222803 3.684314 2.316626 18.787283 8e-06 -3e-06 10.751635 -0.479866 1.397906 2e-06 1e-06 -1e-06 3.273809 0.305947 -0.580111 21.486828 11.830384 2.26613 8.16293 3e-06 -2e-06 18.39909 -3.798983 -4.940581 5e-06 1e-06 -2e-06 9.78745 10.689549 4.047463 -0.162527 -0.160135 7.961714 -12.105988 -0.747078 -4.509087 1.62754 -1.911201 -0.290741 0.0 0.0 2e-06 -14.660361 -16.477121 8.488184 0.032814 -0.051615 3.793855 12.549461 -3.273428 -2.907776 -1.428484 0.917708 0.493284 0.0 0.0 -1e-06 
0.0 0.0 0.0 0.0 -0.0 0.0 1.786167 98.955086 -0.028292 0.757214 -0.607777 -5.530881 -0.539143 0.143828 0.104873 -0.266811 0.478707 -4.872998 -1.318777 -1.825491 12.187151 13.070424 -2.677237 7.179435 -1.12093 -2.000398 -3.792541 5.518857 -5.189038 -4.704263 7.5e-05 -2.2e-05 6e-06 -0.051071 -0.078146 -0.064543 0.652179 -3.803413 -10.655394 -0.742908 3.645261 -10.773076 -18.774538 -4.231513 14.974698 -53.61842 -14.460043 24.86322 0.151355 -25.936707 -0.125099 0.698246 -2.289382 -4.885708 -5.882105 9.861284 0.70259 -10.936869 -0.360574 7.156208 -0.0 8.774823 -3e-06 -15.353548 18.583221 6.350631 -1.844032 2.498504 -2.507277 -10.163597 4.678944 4.621106 -20.976017 -2e-06 2e-06 -21.226282 2.451697 -3.593999 0.0 -5e-06 -1e-06 -1.362682 2.240798 -0.746324 -21.334911 0.58491 3.008325 -13.821211 -1e-06 2e-06 -23.887165 -0.249076 -0.839483 -59.479958 2.72501 -1.438273 -0.294024 1.679686 0.833255 -14.218207 0.093215 1.300583 -34.212044 -0.287561 0.967173 -20.033209 0.96454 1.212845 -1e-06 2e-06 -1e-06 -3.440387 0.788232 0.501657 -15.928183 -3.167308 2.999707 -6.338824 -1e-06 2e-06 -18.12344 3.648182 -4.90567 -2e-06 0.0 -3e-06 14.196137 9.089001 15.735583 54.510204 -6.272493 7.233755 -0.994458 54.18977 -0.841345 8.892261 1.189719 0.361402 2.243542 -5.255037 -3.180158 14.282892 -0.826595 6.952501 -3e-06 -12.690604 1e-06 15.943125 -17.967733 2.906928 1.665666 -1.95592 -2.878299 4.727799 -4.170588 4.993925 11.020528 3e-06 -2e-06 12.109055 -3.735715 -2.866784 -1e-06 0.0 -1e-06 1.291985 -1.928548 -1.49809 14.800129 0.567468 3.865606 14.242575 -1.341737 -6.660657 19.631973 0.143927 -0.648247 50.335629 -0.717888 -6.363725 0.353029 -1.511151 -0.03194 20.222795 3.68431 2.316628 18.787273 6e-06 -2e-06 10.751629 -0.479867 1.397904 2e-06 1e-06 -1e-06 3.273807 0.305948 -0.580111 21.486818 11.830374 2.266131 8.162928 2e-06 -3e-06 18.399088 -3.798986 -4.940576 4e-06 0.0 -2e-06 9.843293 11.677078 4.067475 -0.202253 -0.206452 8.049932 -11.799103 -1.174029 -4.513367 1.633074 -1.911731 -0.197043 -0.0 -0.0 2e-06 -14.756035 -16.141417 8.541883 0.030536 -0.071813 3.644043 12.445484 -3.190557 -2.876096 -1.426099 0.887819 0.620884 0.0 0.0 -1e-06 
0.0 0.0 0.0 0.0 -0.0 0.0 1.909335 98.946098 0.078934 0.876646 -0.662814 -5.458356 -0.49156 0.118476 0.003071 -0.27935 0.481091 -4.941103 -1.542033 -1.995813 12.315082 13.182015 -2.647587 7.337736 -1.097319 -2.075729 -3.807671 5.846694 -5.45084 -5.359482 7.5e-05 -2.2e-05 6e-06 -0.042903 -0.096237 -0.065643 0.675983 -3.816799 -10.673696 -0.750147 3.622566 -10.798736 -18.358801 -4.253579 14.821836 -54.323624 -14.179838 24.119179 0.089594 -26.13072 -0.153141 1.478638 -2.529065 -5.795111 -5.88211 9.86129 0.702591 -10.936878 -0.360572 7.15621 -0.0 8.774829 0.0 -15.330773 18.5709 6.346426 -1.844033 2.498506 -2.507278 -10.163607 4.678949 4.621113 -20.976034 1e-06 2e-06 -21.226301 2.451701 -3.594002 2e-06 -5e-06 -0.0 -1.362683 2.2408 -0.746324 -21.334929 0.584914 3.008326 -13.821221 -0.0 -0.0 -23.887186 -0.249077 -0.839486 -59.498482 2.746209 -1.346834 -0.294026 1.679689 0.833256 -14.218217 0.093217 1.300583 -34.21207 -0.287557 0.967168 -20.033226 0.96454 1.212841 -0.0 2e-06 -0.0 -3.44039 0.788234 0.501656 -15.928198 -3.167308 2.999711 -6.33883 1e-06 1e-06 -18.123463 3.648185 -4.905672 -3e-06 1e-06 -3e-06 13.644588 8.936405 15.558639 53.788483 -8.350254 2.908142 -1.932439 63.850235 -1.709644 7.573213 -0.905202 -0.795673 2.243543 -5.255038 -3.180158 14.282896 -0.826596 6.952504 -2e-06 -12.69061 -1e-06 15.64049 -18.04109 3.138214 1.665666 -1.955922 -2.8783 4.727802 -4.170591 4.993925 11.020531 3e-06 -2e-06 12.109056 -3.735717 -2.866785 0.0 0.0 0.0 1.291986 -1.92855 -1.498089 14.800132 0.567467 3.865608 14.242577 -1.341737 -6.660662 19.631975 0.143926 -0.648246 50.145752 -0.717799 -6.254423 0.353029 -1.511151 -0.031939 20.222797 3.684309 2.31663 18.787279 3e-06 -2e-06 10.751632 -0.479869 1.397906 1e-06 1e-06 0.0 3.273808 0.305946 -0.580111 21.486818 11.830382 2.266132 8.16293 1e-06 -1e-06 18.39909 -3.798986 -4.940576 2e-06 1e-06 -2e-06 9.816115 12.68592 4.113348 -0.214867 -0.25106 8.057182 -11.574857 -1.629366 -4.484547 1.641413 -1.923422 -0.117826 0.0 0.0 2e-06 -14.885043 -15.738876 8.53473 0.018592 -0.079975 3.576062 12.359924 -3.234016 -2.889911 -1.428123 0.868553 0.681932 -0.0 0.0 -1e-06 
0.0 0.0 0.0 0.0 -0.0 0.0 2.033874 98.931793 0.166092 1.016772 -0.696607 -5.353163 -0.456625 0.072969 -0.107145 -0.304018 0.444492 -5.002872 -1.773 -2.168849 12.479115 13.258703 -2.613844 7.333031 -1.081658 -2.155851 -3.826693 6.331114 -5.707569 -6.054803 7.6e-05 -2.2e-05 6e-06 -0.040791 -0.108728 -0.080033 0.690168 -3.824907 -10.699017 -0.759883 3.605712 -10.827962 -17.997473 -4.382964 14.702888 -54.846363 -13.933517 23.54047 0.018144 -25.927992 -0.145483 1.799303 -2.779255 -6.480017 -5.882112 9.861292 0.702591 -10.936881 -0.360575 7.156211 1e-06 8.774831 -0.0 -15.351805 18.485622 6.321936 -1.844033 2.498505 -2.507278 -10.16361 4.678947 4.621109 -20.97604 -3e-06 4e-06 -21.226303 2.451697 -3.594001 1e-06 -6e-06 0.0 -1.362683 2.240799 -0.746324 -21.334932 0.58491 3.008325 -13.821225 -3e-06 1e-06 -23.887188 -0.249079 -0.839482 -59.565979 2.750644 -1.27386 -0.294024 1.679689 0.833256 -14.218221 0.093214 1.300582 -34.212078 -0.287563 0.967172 -20.033232 0.964537 1.212845 -1e-06 2e-06 -0.0 -3.440391 0.788234 0.501655 -15.928201 -3.167311 2.999708 -6.338831 -2e-06 1e-06 -18.123466 3.648183 -4.905674 -2e-06 -0.0 -3e-06 13.253756 8.579211 15.279616 53.735809 -10.404104 -3.453591 -2.209789 74.602219 -2.35022 4.192951 -2.50926 -1.536666 2.243544 -5.255039 -3.18016 14.2829 -0.826596 6.952504 -3e-06 -12.690614 1e-06 15.333794 -18.313517 3.244367 1.665668 -1.955922 -2.8783 4.727799 -4.170589 4.993926 11.020535 4e-06 -4e-06 12.109059 -3.735715 -2.866787 -1e-06 1e-06 0.0 1.291987 -1.928552 -1.498091 14.800139 0.567471 3.865606 14.242584 -1.341734 -6.660665 19.631983 0.143931 -0.648248 49.877777 -0.709707 -6.238891 0.35303 -1.511152 -0.03194 20.222805 3.684313 2.316626 18.787287 7e-06 -5e-06 10.751636 -0.479867 1.397905 -0.0 -1e-06 -1e-06 3.273808 0.305949 -0.580113 21.486828 11.830385 2.266129 8.162935 2e-06 -2e-06 18.399096 -3.798982 -4.940581 2e-06 -0.0 -2e-06 9.733238 13.61234 4.07133 -0.210232 -0.305227 8.12488 -11.450539 -2.053821 -4.508451 1.645846 -1.938088 -0.030214 -0.0 0.0 2e-06 -15.017756 -15.39727 8.453127 0.011132 -0.049703 3.590126 12.340014 -3.38204 -2.95334 -1.431228 0.856641 0.645782 -0.0 0.0 -1e-06 
0.0 0.0 0.0 0.0 -0.0 0.0 2.140951 98.904877 0.234011 1.124748 -0.703927 -5.226564 -0.417954 0.036219 -0.21542 -0.341474 0.371416 -5.036999 -2.004461 -2.392898 12.616406 13.386189 -2.639517 7.260762 -1.068656 -2.176596 -3.841304 6.99753 -5.910276 -6.746618 7.8e-05 -2.3e-05 6e-06 -0.043559 -0.097797 -0.101301 0.69805 -3.809932 -10.714897 -0.772872 3.611411 -10.838078 -17.735058 -4.51021 14.599282 -55.152035 -13.745787 23.17638 -0.010494 -25.394651 -0.11662 1.745843 -2.920593 -7.093582 -5.882107 9.861286 0.702591 -10.936873 -0.360574 7.156208 1e-06 8.774826 0.0 -15.367727 18.341669 6.275224 -1.844033 2.498503 -2.507279 -10.163603 4.678945 4.621109 -20.976027 -4e-06 0.0 -21.226288 2.451698 -3.594 2e-06 -5e-06 -0.0 -1.362681 2.240798 -0.746324 -21.334917 0.584909 3.008322 -13.821214 -3e-06 -1e-06 -23.887171 -0.249081 -0.839482 -59.638283 2.745286 -1.271038 -0.294024 1.679687 0.833257 -14.218212 0.093213 1.300581 -34.212051 -0.287565 0.967171 -20.033218 0.964535 1.212844 -1e-06 -0.0 -0.0 -3.440389 0.788233 0.501655 -15.928189 -3.167312 2.999708 -6.338827 0.0 2e-06 -18.123447 3.648181 -4.905672 -3e-06 -0.0 -2e-06 13.075099 8.111648 14.858121 54.500832 -11.97699 -11.496881 3.808675 86.19677 3.029881 -1.151414 -2.61534 -0.994353 2.243541 -5.255035 -3.180157 14.282892 -0.826594 6.9525 -2e-06 -12.690603 -0.0 15.27545 -18.740932 3.141088 1.665667 -1.955921 -2.878299 4.727799 -4.170587 4.993923 11.020526 6e-06 -2e-06 12.109053 -3.735715 -2.866782 0.0 -1e-06 0.0 1.291986 -1.928551 -1.498089 14.800127 0.56747 3.865605 14.242571 -1.341735 -6.660655 19.631968 0.143925 -0.648246 49.909805 -0.730085 -6.338788 0.353029 -1.511149 -0.03194 20.222794 3.684309 2.316628 18.787275 6e-06 -3e-06 10.75163 -0.479867 1.397905 -2e-06 -0.0 -1e-06 3.273807 0.305946 -0.580109 21.486813 11.830374 2.26613 8.162927 1e-06 -1e-06 18.399084 -3.798985 -4.940575 2e-06 -0.0 -1e-06 9.661488 14.38624 3.889452 -0.196454 -0.360238 8.377583 -11.37109 -2.414507 -4.643593 1.64407 -1.943081 0.051384 -0.0 0.0 2e-06 -15.101663 -15.136347 8.339003 0.013824 0.009414 3.624724 12.380321 -3.538055 -3.04887 -1.433659 0.84578 0.562051 -0.0 0.0 -1e-06 
0.0 0.0 0.0 0.0 -0.0 0.0 2.212387 98.874512 0.296934 1.171392 -0.735155 -5.091786 -0.384193 0.054676 -0.323341 -0.397596 0.255737 -5.032244 -2.187781 -2.657206 12.675511 13.61615 -2.764953 7.243573 -1.047074 -2.139876 -3.836425 7.805801 -6.108236 -7.418128 7.8e-05 -2.4e-05 6e-06 -0.044596 -0.058933 -0.108161 0.705377 -3.765296 -10.71275 -0.781428 3.641266 -10.814915 -17.567394 -4.62124 14.470215 -55.260101 -13.528482 22.843685 -0.063443 -24.752848 -0.052047 1.398689 -2.907385 -7.642934 -5.882113 9.861295 0.702591 -10.936882 -0.360574 7.156209 0.0 8.774834 -2e-06 -15.396797 18.208965 6.243993 -1.844036 2.498507 -2.507279 -10.163611 4.678951 4.62111 -20.976049 -2e-06 -1e-06 -21.226313 2.451699 -3.594005 2e-06 -6e-06 -1e-06 -1.362683 2.240799 -0.746324 -21.334934 0.584912 3.008322 -13.821226 -2e-06 -2e-06 -23.887192 -0.249079 -0.839487 -59.753773 2.701291 -1.277863 -0.294025 1.679688 0.833256 -14.218223 0.093216 1.300579 -34.212082 -0.287564 0.967167 -20.033232 0.964537 1.21284 -1e-06 -0.0 -0.0 -3.440392 0.788234 0.501655 -15.928203 -3.167312 2.999707 -6.338833 -2e-06 1e-06 -18.123466 3.648185 -4.905676 -3e-06 0.0 -3e-06 13.091252 7.597215 14.27902 55.952839 -12.289697 -20.250217 171.989883 82.185989 170.8694 -7.514063 -0.447991 0.17361 2.243543 -5.255039 -3.180159 14.282889 -0.826598 6.952503 -0.0 -12.690612 1e-06 15.682427 -19.128487 2.953735 1.665666 -1.955922 -2.878299 4.727798 -4.17059 4.993927 11.020527 2e-06 -3e-06 12.109053 -3.735719 -2.866785 -1e-06 2e-06 -0.0 1.291986 -1.92855 -1.498089 14.800127 0.567465 3.865607 14.242571 -1.341738 -6.66066 19.631964 0.143924 -0.648247 50.461216 -0.82585 -6.503478 0.353031 -1.511151 -0.031942 20.22279 3.684308 2.31663 18.78727 2e-06 -3e-06 10.751628 -0.47987 1.397906 0.0 1e-06 0.0 3.273806 0.305946 -0.580112 21.486809 11.830377 2.266133 8.162926 -1e-06 0.0 18.399086 -3.79899 -4.940578 2e-06 -0.0 -1e-06 9.640459 14.963675 3.639278 -0.178386 -0.395477 8.737059 -11.29582 -2.648171 -4.861145 1.639521 -1.91837 0.09484 0.0 -0.0 2e-06 -15.094609 -14.905061 8.205102 0.016349 0.070124 3.646801 12.459594 -3.643331 -3.132976 -1.431891 0.852756 0.47419 0.0 0.0 -1e-06 
0.0 0.0 0.0 0.0 -0.0 0.0 2.244003 98.842415 0.359639 1.164748 -0.818852 -4.95833 -0.388064 0.110751 -0.441898 -0.472794 0.110591 -5.0218 -2.27353 -2.860774 12.680059 13.911591 -2.989076 7.330863 -0.995285 -2.114758 -3.812288 8.687174 -6.315257 -7.997025 7.6e-05 -2.3e-05 6e-06 -0.04289 -0.00543 -0.096579 0.707903 -3.701904 -10.693929 -0.779371 3.680447 -10.766043 -17.444286 -4.794682 14.345201 -55.276012 -13.241571 22.39353 -0.131971 -24.217884 0.027291 0.817739 -2.813675 -8.080158 -5.882107 9.861288 0.702593 -10.936873 -0.360574 7.156206 -0.0 8.774826 -1e-06 -15.484223 18.181181 6.233422 -1.844033 2.498505 -2.507279 -10.163603 4.678946 4.621109 -20.976027 -4e-06 -0.0 -21.226292 2.451696 -3.594001 2e-06 -5e-06 -0.0 -1.362682 2.240798 -0.746323 -21.334917 0.584909 3.008323 -13.821213 -1e-06 0.0 -23.887171 -0.249079 -0.839485 -59.956684 2.616087 -1.216198 -0.294025 1.679688 0.833257 -14.21821 0.093214 1.300579 -34.212048 -0.287563 0.967169 -20.033216 0.964537 1.212843 -0.0 1e-06 -0.0 -3.440389 0.788234 0.501655 -15.928187 -3.167309 2.999707 -6.338826 0.0 2e-06 -18.123444 3.648183 -4.905673 -2e-06 0.0 -2e-06 13.234916 7.139661 13.551181 57.735931 -11.027894 -28.890795 175.099716 71.479149 174.134674 -14.296466 3.895899 1.942496 2.243541 -5.255036 -3.180156 14.282893 -0.826595 6.952504 -2e-06 -12.690604 -0.0 16.593801 -19.55541 2.563009 1.665666 -1.955921 -2.878298 4.727801 -4.170588 4.993922 11.020528 3e-06 -1e-06 12.109055 -3.735716 -2.866782 -0.0 0.0 -0.0 1.291984 -1.928549 -1.498088 14.800129 0.567468 3.865608 14.242575 -1.341737 -6.660655 19.631969 0.143926 -0.648243 50.903118 -0.898804 -6.752065 0.353029 -1.511151 -0.03194 20.222795 3.684309 2.316631 18.787273 3e-06 -0.0 10.75163 -0.479869 1.397905 -0.0 0.0 -0.0 3.273807 0.305946 -0.58011 21.486818 11.830376 2.266134 8.162928 1e-06 -1e-06 18.399088 -3.798985 -4.940576 2e-06 0.0 -0.0 9.678946 15.385737 3.371966 -0.162718 -0.399284 9.147078 -11.229679 -2.787151 -5.12675 1.637832 -1.879133 0.096183 0.0 -0.0 2e-06 -15.015881 -14.712502 8.064365 0.013762 0.111576 3.652054 12.577271 -3.684412 -3.193573 -1.426556 0.881984 0.385031 -0.0 0.0 -1e-06 
0.0 0.0 0.0 0.0 -0.0 0.0 2.250397 98.80555 0.432115 1.118628 -0.944348 -4.834712 -0.430813 0.153769 -0.562726 -0.551265 -0.024534 -5.03254 -2.270282 -2.920726 12.632158 14.197178 -3.347672 7.543502 -0.897727 -2.083117 -3.767034 9.558163 -6.486607 -8.412044 7.6e-05 -2.3e-05 6e-06 -0.044597 0.065285 -0.075632 0.700691 -3.617152 -10.660531 -0.774379 3.733074 -10.705366 -17.349113 -5.013415 14.228273 -55.261024 -12.959219 21.970257 -0.180868 -23.809105 0.071579 0.114719 -2.702269 -8.597065 -5.882106 9.861284 0.70259 -10.93687 -0.360575 7.156203 0.0 8.774824 -2e-06 -15.600672 18.21796 6.212614 -1.844032 2.498505 -2.507278 -10.163598 4.678944 4.621105 -20.976021 -5e-06 -1e-06 -21.226286 2.451695 -3.594 2e-06 -6e-06 1e-06 -1.362681 2.240797 -0.746323 -21.334911 0.584909 3.008321 -13.821213 -3e-06 0.0 -23.887167 -0.24908 -0.839485 -60.189491 2.549089 -1.099045 -0.294024 1.679687 0.833256 -14.218205 0.093214 1.300579 -34.212048 -0.287566 0.967166 -20.033211 0.964534 1.212842 -0.0 1e-06 -0.0 -3.440388 0.788233 0.501656 -15.928183 -3.16731 2.999704 -6.338825 -1e-06 -0.0 -18.123444 3.648181 -4.905671 -4e-06 1e-06 -2e-06 13.374363 6.950611 12.6717 59.281235 -8.675326 -37.442524 176.000031 61.848293 175.625519 -21.700039 9.694397 5.184333 2.243541 -5.255035 -3.180157 14.282887 -0.826595 6.952501 -2e-06 -12.6906 0.0 16.941372 -19.670431 2.473797 1.665668 -1.955921 -2.878299 4.727796 -4.170587 4.993922 11.020522 3e-06 -1e-06 12.10905 -3.735714 -2.866783 1e-06 -0.0 -1e-06 1.291986 -1.928548 -1.498089 14.800123 0.567469 3.865607 14.242568 -1.341733 -6.660656 19.631962 0.143927 -0.648241 51.190487 -0.974531 -6.750856 0.353031 -1.511151 -0.03194 20.222784 3.684309 2.316628 18.787268 6e-06 1e-06 10.751624 -0.479868 1.397906 1e-06 -0.0 -1e-06 3.273806 0.305947 -0.58011 21.486809 11.83037 2.266133 8.162924 1e-06 -0.0 18.399075 -3.798983 -4.940573 3e-06 -0.0 0.0 9.748098 15.583195 3.094128 -0.156077 -0.367978 9.617397 -11.163553 -2.754192 -5.43985 1.639592 -1.870913 0.075861 0.0 -1e-06 2e-06 -14.901093 -14.595414 7.943117 0.014381 0.1404 3.6287 12.685568 -3.646831 -3.204526 -1.423985 0.897937 0.317629 -0.0 0.0 -1e-06 
0.0 0.0 0.0 0.0 -0.0 0.0 2.246798 98.765877 0.518592 1.037024 -1.085041 -4.701959 -0.488199 0.173786 -0.681791 -0.611353 -0.096469 -5.066301 -2.228864 -2.879653 12.523029 14.481777 -3.845675 7.833876 -0.801522 -2.006931 -3.73317 10.451318 -6.678213 -8.637391 7.7e-05 -2.2e-05 6e-06 -0.055161 0.130616 -0.061619 0.685559 -3.53607 -10.626143 -0.77923 3.779143 -10.650683 -17.323587 -5.152266 14.109794 -55.175655 -12.779033 21.918966 -0.153442 -23.433292 0.054864 -0.48422 -2.642711 -9.313581 -5.882108 9.861286 0.70259 -10.936874 -0.360574 7.15621 1e-06 8.774825 1e-06 -15.736228 18.23225 6.165702 -1.844033 2.498504 -2.507277 -10.1636 4.678945 4.621111 -20.976027 -3e-06 3e-06 -21.226288 2.451698 -3.594002 2e-06 -5e-06 1e-06 -1.362682 2.240799 -0.746324 -21.334917 0.584911 3.008325 -13.821216 -1e-06 1e-06 -23.887175 -0.249076 -0.839483 -60.356544 2.472994 -0.994921 -0.294025 1.679687 0.833255 -14.218211 0.093215 1.300581 -34.212059 -0.287561 0.967172 -20.033216 0.964539 1.212845 -0.0 1e-06 1e-06 -3.44039 0.788233 0.501657 -15.928189 -3.167309 2.999709 -6.338828 -0.0 1e-06 -18.123453 3.648183 -4.905669 -4e-06 1e-06 -2e-06 13.408607 7.142256 11.777961 60.066734 -5.773867 -46.28735 176.213623 53.588573 176.624893 -29.779352 15.738841 9.75494 2.243541 -5.255035 -3.180157 14.282888 -0.826596 6.952503 0.0 -12.690601 1e-06 16.344887 -19.292696 3.060153 1.665666 -1.955922 -2.878298 4.727799 -4.170586 4.993923 11.020524 2e-06 -1e-06 12.109052 -3.735715 -2.866784 1e-06 -1e-06 2e-06 1.291987 -1.928549 -1.498088 14.800125 0.567467 3.865607 14.242571 -1.341736 -6.660656 19.631968 0.143924 -0.648248 51.274895 -1.174408 -6.683609 0.35303 -1.51115 -0.03194 20.222792 3.684306 2.316629 18.787271 2e-06 -2e-06 10.751629 -0.47987 1.397905 -2e-06 -0.0 -1e-06 3.273807 0.305948 -0.580111 21.486809 11.83037 2.266131 8.162926 1e-06 -0.0 18.39908 -3.798986 -4.940575 3e-06 -0.0 -1e-06 9.816801 15.534785 2.776698 -0.151071 -0.324465 10.151656 -11.099407 -2.468186 -5.809989 1.642951 -1.88884 0.08391 0.0 -1e-06 2e-06 -14.756087 -14.532239 7.83736 0.017594 0.162447 3.561057 12.762783 -3.554979 -3.172083 -1.425958 0.8955 0.318584 -0.0 0.0 -1e-06 
0.0 0.0 0.0 0.0 -0.0 0.0 2.242053 98.73645 0.621918 0.950549 -1.224879 -4.498442 -0.542635 0.202073 -0.835539 -0.655463 -0.100675 -5.120745 -2.204102 -2.809296 12.388869 14.782958 -4.378681 8.126698 -0.763047 -1.943568 -3.702218 11.435849 -6.974472 -8.746241 7.7e-05 -2.2e-05 6e-06 -0.07337 0.164773 -0.05702 0.666332 -3.489885 -10.60161 -0.794826 3.797861 -10.613474 -17.343235 -5.146463 14.009056 -55.093288 -12.735974 21.827229 -0.167959 -23.122412 0.048362 -0.926327 -2.510248 -9.820024 -5.88211 9.86129 0.702591 -10.936877 -0.360574 7.156205 0.0 8.774828 -1e-06 -15.899877 18.19672 6.08662 -1.844033 2.498506 -2.507279 -10.163605 4.678946 4.62111 -20.976036 -4e-06 2e-06 -21.226299 2.451698 -3.594002 2e-06 -6e-06 2e-06 -1.362682 2.240799 -0.746323 -21.334925 0.584909 3.008324 -13.82122 -3e-06 -1e-06 -23.887182 -0.249081 -0.839485 -60.446152 2.417262 -0.991601 -0.294025 1.679688 0.833255 -14.218216 0.093216 1.30058 -34.212067 -0.287565 0.967167 -20.033226 0.964536 1.212842 0.0 -0.0 -0.0 -3.44039 0.788234 0.501656 -15.928194 -3.16731 2.999707 -6.33883 0.0 -1e-06 -18.123457 3.648184 -4.905676 -3e-06 1e-06 -2e-06 13.311779 7.635889 10.983137 59.766136 -3.027825 -55.325802 175.751785 47.245323 177.02478 -39.256226 22.066816 16.810118 2.243542 -5.255039 -3.180158 14.282896 -0.826594 6.952507 -2e-06 -12.690608 -1e-06 15.137914 -18.883665 3.605863 1.665666 -1.955923 -2.878299 4.727801 -4.170588 4.993925 11.02053 3e-06 1e-06 12.109056 -3.735718 -2.866784 -1e-06 -0.0 -0.0 1.291986 -1.928549 -1.498089 14.800136 0.567467 3.865611 14.242577 -1.341738 -6.660657 19.631975 0.143922 -0.648242 49.65324 -1.217301 -6.81881 0.353029 -1.511151 -0.03194 20.222801 3.684309 2.316635 18.787279 2e-06 2e-06 10.751633 -0.47987 1.397907 0.0 -0.0 0.0 3.273808 0.305947 -0.58011 21.486824 11.830376 2.266139 8.16293 1e-06 0.0 18.399096 -3.798988 -4.940576 2e-06 0.0 -1e-06 9.83482 15.349172 2.419061 -0.133113 -0.289277 10.611691 -11.003652 -1.982427 -6.137757 1.643474 -1.895861 0.130642 0.0 0.0 2e-06 -14.587515 -14.437459 7.68362 0.026519 0.16649 3.447099 12.787108 -3.524552 -3.113979 -1.429977 0.906007 0.36682 -0.0 0.0 -1e-06 
0.0 0.0 0.0 0.0 -0.0 0.0 2.246114 98.711624 0.734854 0.884442 -1.302285 -4.232367 -0.586221 0.229071 -1.026284 -0.694023 -0.097327 -5.16127 -2.212035 -2.730568 12.222757 15.048452 -4.788315 8.410139 -0.757753 -1.928211 -3.660559 12.474255 -7.398167 -8.847939 7.7e-05 -2.1e-05 6e-06 -0.091823 0.169339 -0.055456 0.648411 -3.474466 -10.570029 -0.812148 3.789606 -10.572896 -17.369186 -5.032104 13.988925 -55.120716 -12.766807 21.172319 -0.299837 -22.890009 0.078472 -1.240537 -2.33189 -9.873404 -5.882114 9.861297 0.70259 -10.936883 -0.360573 7.156209 -1e-06 8.774835 -3e-06 -16.137571 18.146641 5.92503 -1.844035 2.498506 -2.507279 -10.163611 4.678951 4.621109 -20.976049 -1e-06 -3e-06 -21.226311 2.451701 -3.594007 1e-06 -5e-06 -0.0 -1.362684 2.240802 -0.746324 -21.334938 0.584913 3.008323 -13.821231 -1e-06 -1e-06 -23.887199 -0.249078 -0.839489 -60.567707 2.430863 -1.160523 -0.294025 1.679689 0.833254 -14.218225 0.093218 1.30058 -34.212086 -0.287562 0.967163 -20.033239 0.964536 1.212841 -0.0 1e-06 1e-06 -3.440392 0.788235 0.501656 -15.928203 -3.16731 2.999707 -6.338833 -0.0 -2e-06 -18.12347 3.648188 -4.90568 -2e-06 1e-06 -2e-06 13.126055 8.206423 10.295485 58.67099 -1.15313 -63.249569 175.524063 42.981136 177.385239 -49.127453 28.631735 26.304556 2.243542 -5.25504 -3.180159 14.282904 -0.826594 6.952507 -4e-06 -12.69061 1e-06 14.372087 -18.296593 3.607144 1.665668 -1.955923 -2.8783 4.727802 -4.17059 4.993927 11.020535 4e-06 -0.0 12.109061 -3.735716 -2.866785 -0.0 0.0 0.0 1.291986 -1.92855 -1.49809 14.800142 0.56747 3.865611 14.242584 -1.341736 -6.660661 19.631985 0.143928 -0.648244 47.841293 -0.968929 -6.743211 0.353028 -1.511152 -0.03194 20.222807 3.684313 2.316633 18.787289 6e-06 1e-06 10.751634 -0.479869 1.397907 1e-06 -0.0 0.0 3.273809 0.305947 -0.580111 21.486834 11.830384 2.266134 8.162935 2e-06 -2e-06 18.399099 -3.798985 -4.940577 4e-06 1e-06 -1e-06 9.776972 15.073142 1.988841 -0.100662 -0.277398 11.044447 -10.917223 -1.459932 -6.435018 1.638526 -1.876637 0.224293 0.0 0.0 2e-06 -14.42215 -14.318154 7.465961 0.031718 0.160589 3.371945 12.779885 -3.550475 -3.082657 -1.435721 0.928089 0.430553 0.0 0.0 -1e-06 
0.0 0.0 0.0 0.0 -0.0 0.0 2.258301 98.698051 0.846697 0.845867 -1.307614 -3.977547 -0.639791 0.223898 -1.217957 -0.710317 -0.094802 -5.168151 -2.234624 -2.667577 12.015416 15.240734 -5.038297 8.642988 -0.768746 -1.978768 -3.640193 13.404804 -7.811775 -8.959694 7.6e-05 -2.2e-05 6e-06 -0.104441 0.171794 -0.054481 0.635476 -3.464008 -10.536522 -0.823015 3.784105 -10.53451 -17.396679 -4.835898 14.018816 -55.209793 -12.773727 20.409096 -0.394044 -22.748276 0.087059 -1.376722 -2.292432 -9.824779 -5.88211 9.861292 0.70259 -10.936877 -0.360576 7.156204 1e-06 8.77483 -0.0 -16.379622 18.145262 5.763051 -1.844034 2.498507 -2.507277 -10.163606 4.678948 4.621108 -20.976038 -5e-06 -0.0 -21.226301 2.451698 -3.594003 1e-06 -6e-06 -0.0 -1.362683 2.2408 -0.746324 -21.334925 0.584909 3.00832 -13.82122 -2e-06 -1e-06 -23.887184 -0.249083 -0.839484 -60.692802 2.490477 -1.381597 -0.294025 1.679688 0.833257 -14.218215 0.093214 1.300578 -34.212067 -0.287567 0.967168 -20.033222 0.964536 1.212842 -0.0 0.0 1e-06 -3.440391 0.788234 0.501655 -15.928198 -3.167311 2.999707 -6.33883 -1e-06 -1e-06 -18.123459 3.648183 -4.905674 -3e-06 0.0 -2e-06 12.873948 8.614594 9.764011 57.418606 -0.374126 -69.049583 176.193085 40.215282 178.002655 -54.996964 32.433201 32.494808 2.243542 -5.255038 -3.180158 14.282899 -0.826594 6.952505 -3e-06 -12.690611 1e-06 14.4764 -17.597982 3.475414 1.665668 -1.955922 -2.8783 4.727801 -4.170589 4.993925 11.020535 3e-06 -1e-06 12.109058 -3.735717 -2.866786 1e-06 -1e-06 -2e-06 1.291985 -1.928551 -1.498089 14.800139 0.567469 3.865609 14.242582 -1.341736 -6.66066 19.631981 0.143927 -0.648245 46.799046 -0.73921 -6.455616 0.353029 -1.511152 -0.03194 20.222807 3.684314 2.316632 18.787287 5e-06 -2e-06 10.751635 -0.479868 1.397907 0.0 0.0 -0.0 3.27381 0.305948 -0.58011 21.486828 11.830383 2.266135 8.162931 2e-06 -1e-06 18.399092 -3.798985 -4.940578 2e-06 -0.0 -2e-06 9.682071 14.782377 1.623904 -0.072426 -0.291234 11.330338 -10.874137 -0.996868 -6.656148 1.636224 -1.852718 0.301988 -0.0 0.0 2e-06 -14.272722 -14.15329 7.228259 0.018646 0.168947 3.415103 12.780931 -3.673471 -3.137439 -1.442235 0.943359 0.474128 0.0 0.0 -1e-06 
0.0 0.0 0.0 0.0 -0.0 0.0 2.264595 98.702942 0.947558 0.838697 -1.264673 -3.775404 -0.703784 0.182345 -1.39347 -0.704976 -0.094849 -5.183934 -2.279266 -2.606413 11.846451 15.369101 -5.212051 8.818986 -0.766062 -2.054892 -3.627533 14.075177 -8.121074 -9.036934 7.7e-05 -2.1e-05 6e-06 -0.111279 0.196351 -0.055804 0.627571 -3.437713 -10.520272 -0.827794 3.80693 -10.518186 -17.404642 -4.608122 14.038272 -55.288673 -12.768546 20.037378 -0.390336 -22.692348 0.076386 -1.399611 -2.36352 -9.890429 -5.882113 9.861293 0.70259 -10.936878 -0.360574 7.156208 -1e-06 8.774831 -1e-06 -16.485752 18.145201 5.67373 -1.844034 2.498507 -2.507279 -10.163608 4.678951 4.621111 -20.97604 -1e-06 -1e-06 -21.226303 2.4517 -3.594007 1e-06 -6e-06 0.0 -1.362682 2.240799 -0.746325 -21.334929 0.584913 3.008322 -13.821222 -1e-06 -1e-06 -23.887188 -0.249077 -0.839488 -60.715336 2.530688 -1.535861 -0.294025 1.679688 0.833255 -14.218219 0.093217 1.30058 -34.212074 -0.28756 0.967165 -20.03323 0.964539 1.21284 0.0 -1e-06 -0.0 -3.440391 0.788235 0.501655 -15.928196 -3.167308 2.999707 -6.338831 0.0 -2e-06 -18.123463 3.648188 -4.905676 -2e-06 1e-06 -2e-06 12.64456 8.749982 9.46046 56.382366 -0.354395 -72.703461 177.124786 38.452499 178.630753 -56.808846 33.243069 35.967766 2.243543 -5.255035 -3.180158 14.282891 -0.826594 6.952502 -1e-06 -12.690603 -2e-06 14.806088 -17.075418 3.416027 1.665664 -1.955922 -2.8783 4.727799 -4.170586 4.993924 11.020526 4e-06 -2e-06 12.109052 -3.735714 -2.866785 0.0 1e-06 -0.0 1.291983 -1.92855 -1.498091 14.800131 0.56747 3.865608 14.24257 -1.341734 -6.660657 19.631968 0.143927 -0.648245 46.188217 -0.616923 -6.202157 0.353031 -1.511149 -0.03194 20.222788 3.684312 2.316629 18.787271 6e-06 -1e-06 10.751627 -0.479868 1.397905 -1e-06 0.0 -1e-06 3.273807 0.305947 -0.580112 21.486811 11.830376 2.266133 8.162926 2e-06 -0.0 18.39908 -3.798983 -4.940575 3e-06 -0.0 -1e-06 9.582788 14.528751 1.430765 -0.058712 -0.318829 11.352734 -10.837185 -0.57146 -6.736661 1.641815 -1.828978 0.321551 0.0 0.0 2e-06 -14.152417 -13.905964 7.093164 -0.000375 0.186907 3.401537 12.773032 -3.944601 -3.180581 -1.446487 0.95982 0.491976 0.0 0.0 -1e-06 
0.0 0.0 0.0 0.0 -0.0 0.0 2.255551 98.710518 1.046855 0.840888 -1.213274 -3.639561 -0.762666 0.133806 -1.544019 -0.69488 -0.114061 -5.225905 -2.341297 -2.568172 11.74426 15.454967 -5.338926 9.028469 -0.731934 -2.136355 -3.616789 14.54339 -8.314111 -9.087338 7.7e-05 -2.3e-05 7e-06 -0.113633 0.228464 -0.055924 0.623546 -3.404962 -10.512132 -0.827796 3.837987 -10.511239 -17.380377 -4.374047 14.080115 -55.373676 -12.794431 19.878872 -0.310939 -22.601791 0.049996 -1.348879 -2.476409 -10.005615 -5.88211 9.861292 0.702591 -10.936875 -0.360574 7.156208 -0.0 8.774829 0.0 -16.499355 18.116829 5.623682 -1.844033 2.498505 -2.507278 -10.163604 4.678949 4.621109 -20.976034 -2e-06 1e-06 -21.226297 2.4517 -3.594005 1e-06 -6e-06 -0.0 -1.362682 2.240798 -0.746324 -21.334923 0.584912 3.008322 -13.821219 -1e-06 1e-06 -23.88718 -0.249078 -0.839485 -60.690529 2.545361 -1.616884 -0.294025 1.679689 0.833256 -14.218215 0.093217 1.300579 -34.212067 -0.287562 0.967169 -20.033222 0.964537 1.212843 0.0 -1e-06 1e-06 -3.44039 0.788235 0.501654 -15.928192 -3.16731 2.999708 -6.338829 -0.0 -1e-06 -18.123457 3.648185 -4.905674 -3e-06 1e-06 -1e-06 12.477177 8.700482 9.287409 55.646782 -0.673298 -74.739914 177.869186 37.532291 179.094986 -57.117924 32.874985 37.669731 2.243539 -5.255036 -3.180156 14.28289 -0.826595 6.952501 -2e-06 -12.6906 2e-06 15.047163 -16.79454 3.395466 1.665666 -1.95592 -2.878297 4.727801 -4.170585 4.993922 11.020525 2e-06 1e-06 12.109052 -3.735715 -2.866781 -1e-06 1e-06 0.0 1.291985 -1.928549 -1.498087 14.800129 0.567468 3.865606 14.242569 -1.341737 -6.660654 19.631962 0.143925 -0.648243 45.914062 -0.551948 -6.061711 0.35303 -1.511151 -0.03194 20.222788 3.684309 2.316628 18.78727 5e-06 1e-06 10.751627 -0.479868 1.397907 0.0 -0.0 -1e-06 3.273806 0.305947 -0.580111 21.486809 11.83037 2.266132 8.162926 1e-06 -1e-06 18.39908 -3.798984 -4.940573 3e-06 -0.0 -1e-06 9.51678 14.308824 1.365616 -0.056927 -0.34719 11.266623 -10.820704 -0.218668 -6.749968 1.652612 -1.815851 0.335947 0.0 -0.0 2e-06 -14.047065 -13.579285 7.048302 -0.016624 0.185133 3.366056 12.76452 -4.270029 -3.232618 -1.449024 0.965699 0.483154 0.0 0.0 -1e-06 
0.0 0.0 0.0 0.0 -0.0 0.0 2.220642 98.714661 1.144642 0.835416 -1.165886 -3.554713 -0.811822 0.09529 -1.6835 -0.696875 -0.155188 -5.280202 -2.395811 -2.557939 11.679564 15.504868 -5.459174 9.29782 -0.675126 -2.177835 -3.597748 14.907342 -8.442181 -9.091172 7.7e-05 -2.1e-05 6e-06 -0.113919 0.25032 -0.05392 0.622495 -3.383775 -10.514687 -0.826641 3.859358 -10.512589 -17.311703 -4.151831 14.152923 -55.473618 -12.852801 19.759729 -0.217688 -22.434523 0.014547 -1.252946 -2.513336 -10.05266 -5.88211 9.861292 0.702591 -10.936878 -0.360576 7.156207 0.0 8.774831 0.0 -16.500967 18.079527 5.586764 -1.844034 2.498506 -2.507279 -10.163607 4.678947 4.62111 -20.976038 -5e-06 -1e-06 -21.226299 2.451698 -3.594001 1e-06 -6e-06 1e-06 -1.362682 2.2408 -0.746323 -21.334929 0.584909 3.008323 -13.821224 -3e-06 2e-06 -23.887184 -0.249079 -0.839484 -60.670521 2.545562 -1.670645 -0.294025 1.679688 0.833257 -14.218219 0.093216 1.300579 -34.212074 -0.287565 0.96717 -20.03323 0.964536 1.212843 0.0 -1e-06 -0.0 -3.440391 0.788233 0.501656 -15.928201 -3.167312 2.999709 -6.338831 -1e-06 -0.0 -18.123459 3.648183 -4.905674 -3e-06 0.0 -2e-06 12.368694 8.557136 9.151971 55.161125 -1.109242 -75.808022 178.353378 37.150692 179.373093 -57.120827 32.211716 38.021149 2.24354 -5.255038 -3.180157 14.282899 -0.826594 6.952509 -4e-06 -12.690612 1e-06 15.170769 -16.660625 3.357396 1.665669 -1.955922 -2.878299 4.727802 -4.17059 4.993927 11.020531 4e-06 -1e-06 12.109058 -3.735716 -2.866785 0.0 1e-06 -1e-06 1.291988 -1.92855 -1.498089 14.800138 0.56747 3.865608 14.24258 -1.341737 -6.660658 19.631981 0.143927 -0.648243 45.85096 -0.520637 -6.03619 0.353027 -1.511151 -0.031938 20.222803 3.684315 2.316631 18.787287 6e-06 1e-06 10.751636 -0.479868 1.397908 0.0 -0.0 1e-06 3.273808 0.305948 -0.58011 21.486828 11.830384 2.266134 8.16293 2e-06 -1e-06 18.399092 -3.798988 -4.940575 3e-06 0.0 -1e-06 9.502211 14.119401 1.373953 -0.059731 -0.367018 11.153332 -10.833899 0.049759 -6.734731 1.662752 -1.809849 0.386976 0.0 -0.0 2e-06 -13.938472 -13.239362 7.05162 -0.029826 0.165008 3.339605 12.74972 -4.556738 -3.287013 -1.450726 0.959082 0.472013 0.0 0.0 -1e-06 
0.0 0.0 0.0 0.0 -0.0 0.0 2.168348 98.710388 1.237653 0.810202 -1.12366 -3.512398 -0.84446 0.065108 -1.819856 -0.717182 -0.206272 -5.323753 -2.424342 -2.541478 11.626154 15.558577 -5.577447 9.571032 -0.635282 -2.215032 -3.580565 15.225064 -8.581503 -9.007517 7.7e-05 -2.2e-05 6e-06 -0.117837 0.258782 -0.051168 0.617014 -3.376535 -10.525074 -0.828428 3.868121 -10.522552 -17.217773 -3.947991 14.208729 -55.548454 -12.903007 19.532541 -0.183851 -22.215561 -0.002903 -1.101149 -2.452782 -9.951847 -5.882109 9.861289 0.70259 -10.936878 -0.360577 7.156206 2e-06 8.77483 -1e-06 -16.536013 18.059881 5.551373 -1.844033 2.498504 -2.507279 -10.163606 4.678946 4.621109 -20.976038 -7e-06 1e-06 -21.226299 2.451695 -3.594002 1e-06 -6e-06 -0.0 -1.362682 2.240799 -0.746323 -21.334929 0.584906 3.008322 -13.821222 -4e-06 3e-06 -23.887184 -0.249083 -0.839482 -60.680428 2.542349 -1.71163 -0.294025 1.679687 0.833257 -14.218218 0.093213 1.300579 -34.212074 -0.28757 0.967168 -20.033228 0.964535 1.212845 0.0 -1e-06 0.0 -3.44039 0.788233 0.501655 -15.928198 -3.167314 2.999706 -6.33883 -2e-06 -0.0 -18.123457 3.64818 -4.905672 -2e-06 1e-06 -1e-06 12.322284 8.380497 9.052081 54.851933 -1.533064 -76.39151 178.703903 36.983662 179.539398 -57.093414 31.530161 37.729836 2.243544 -5.255039 -3.18016 14.282898 -0.826597 6.952508 -1e-06 -12.690612 0.0 15.213767 -16.595364 3.317304 1.665667 -1.955922 -2.8783 4.727802 -4.170591 4.993927 11.020535 3e-06 1e-06 12.10906 -3.735717 -2.866784 -1e-06 0.0 1e-06 1.291988 -1.92855 -1.498089 14.800139 0.567468 3.86561 14.24258 -1.341736 -6.660662 19.631979 0.143926 -0.648242 45.871372 -0.51181 -6.078948 0.353031 -1.511153 -0.031941 20.222803 3.684312 2.316633 18.787285 4e-06 0.0 10.751634 -0.479869 1.397908 -0.0 -0.0 1e-06 3.273808 0.305948 -0.580111 21.486832 11.830383 2.266135 8.162933 1e-06 -2e-06 18.399097 -3.798987 -4.940577 3e-06 -0.0 -1e-06 9.543107 13.972488 1.399292 -0.062673 -0.380442 11.104364 -10.855047 0.236357 -6.75031 1.668739 -1.813079 0.427328 0.0 -0.0 2e-06 -13.820644 -12.950073 7.107319 -0.041832 0.140184 3.290429 12.70852 -4.786382 -3.329883 -1.452084 0.948684 0.474775 0.0 0.0 -1e-06 
0.0 0.0 0.0 0.0 -0.0 0.0 2.100024 98.693642 1.319899 0.771564 -1.085693 -3.519269 -0.863942 0.050232 -1.932088 -0.742651 -0.243639 -5.353621 -2.436129 -2.515448 11.587939 15.633082 -5.697412 9.806696 -0.634786 -2.2779 -3.572746 15.545702 -8.736588 -8.884754 7.8e-05 -2.3e-05 6e-06 -0.125602 0.254649 -0.044977 0.606938 -3.378756 -10.522161 -0.833487 3.861469 -10.518285 -17.11821 -3.764584 14.203897 -55.573383 -12.907263 19.159613 -0.213251 -22.030354 0.016575 -0.952635 -2.297886 -9.723925 -5.882106 9.861286 0.702589 -10.936873 -0.360575 7.156207 1e-06 8.774826 -1e-06 -16.60891 18.045807 5.504425 -1.844033 2.498505 -2.507277 -10.163603 4.678946 4.621109 -20.976027 -5e-06 2e-06 -21.226288 2.451696 -3.593999 1e-06 -5e-06 -0.0 -1.362682 2.240798 -0.746324 -21.334917 0.584909 3.008324 -13.821217 -3e-06 2e-06 -23.887175 -0.249081 -0.839482 -60.702576 2.517198 -1.730397 -0.294024 1.679686 0.833256 -14.21821 0.093214 1.30058 -34.212051 -0.287565 0.96717 -20.033215 0.964537 1.212844 -0.0 -1e-06 0.0 -3.440389 0.788234 0.501656 -15.928189 -3.167312 2.999706 -6.338829 -1e-06 1e-06 -18.123447 3.648182 -4.905671 -3e-06 0.0 -3e-06 12.307463 8.204883 8.983717 54.704746 -1.898843 -76.88662 178.921173 36.80302 179.624023 -57.112644 30.839237 37.23864 2.243542 -5.255034 -3.180156 14.282887 -0.826592 6.952501 -4e-06 -12.690599 1e-06 15.230931 -16.578356 3.307637 1.665664 -1.955919 -2.878296 4.727797 -4.170586 4.993922 11.020522 5e-06 -1e-06 12.109048 -3.735713 -2.866783 -1e-06 0.0 1e-06 1.291984 -1.928548 -1.498088 14.800125 0.567469 3.865605 14.242569 -1.341733 -6.660655 19.631962 0.143929 -0.648243 45.922306 -0.523628 -6.13057 0.35303 -1.511148 -0.031939 20.222788 3.684312 2.316629 18.78727 7e-06 1e-06 10.751627 -0.479868 1.397907 0.0 -0.0 -1e-06 3.273807 0.305948 -0.580112 21.486809 11.830376 2.266129 8.162924 3e-06 -0.0 18.399076 -3.798982 -4.940572 3e-06 0.0 -1e-06 9.622385 13.813242 1.424355 -0.063924 -0.382677 11.155788 -10.87845 0.376074 -6.807987 1.668391 -1.820658 0.453827 0.0 -0.0 2e-06 -13.705153 -12.7314 7.212962 -0.049588 0.12399 3.229967 12.634552 -4.975782 -3.365888 -1.453042 0.948124 0.51126 0.0 0.0 -1e-06 
0.0 0.0 0.0 0.0 -0.0 0.0 2.020701 98.672958 1.396338 0.710784 -1.055861 -3.560349 -0.869694 0.043553 -2.019572 -0.759867 -0.259662 -5.380626 -2.445467 -2.475737 11.574377 15.728729 -5.813485 9.988339 -0.648011 -2.34041 -3.570107 15.868895 -8.905792 -8.731984 7.7e-05 -2.4e-05 6e-06 -0.137144 0.254161 -0.03814 0.59472 -3.375204 -10.505173 -0.843966 3.856446 -10.49965 -17.027765 -3.584729 14.137039 -55.513351 -12.871528 18.76252 -0.283043 -21.91147 0.056669 -0.834177 -2.052587 -9.365759 -5.882108 9.861288 0.70259 -10.93687 -0.360574 7.156204 -2e-06 8.774827 -2e-06 -16.685675 18.029594 5.466466 -1.844032 2.498504 -2.507277 -10.163598 4.678948 4.621107 -20.976023 -0.0 -0.0 -21.226286 2.4517 -3.594002 1e-06 -5e-06 -0.0 -1.362682 2.240798 -0.746323 -21.334913 0.584914 3.00832 -13.821213 -0.0 1e-06 -23.887167 -0.249077 -0.839485 -60.710552 2.48 -1.736018 -0.294025 1.679688 0.833255 -14.218207 0.093218 1.300579 -34.212048 -0.28756 0.967164 -20.033211 0.964537 1.212841 -0.0 -2e-06 0.0 -3.440389 0.788235 0.501654 -15.928185 -3.167308 2.999707 -6.338826 -0.0 -0.0 -18.123449 3.648186 -4.905674 -3e-06 0.0 -3e-06 12.324994 8.035033 8.963296 54.652897 -2.182278 -77.376137 179.045303 36.553116 179.66153 -57.075272 30.171593 36.552948 2.243543 -5.255038 -3.180159 14.282898 -0.826592 6.952503 -5e-06 -12.69061 -1e-06 15.24588 -16.559715 3.325438 1.665668 -1.955922 -2.878301 4.727801 -4.170588 4.993927 11.020531 5e-06 -3e-06 12.109056 -3.735715 -2.866785 -1e-06 1e-06 0.0 1.291986 -1.928551 -1.49809 14.800136 0.567471 3.865607 14.242578 -1.341734 -6.660661 19.631977 0.143932 -0.648243 45.99617 -0.540347 -6.173259 0.35303 -1.511151 -0.031939 20.222803 3.684317 2.316631 18.787287 9e-06 1e-06 10.751634 -0.479866 1.397909 -0.0 -0.0 -1e-06 3.273808 0.305948 -0.580112 21.486828 11.830389 2.266136 8.162931 4e-06 -1e-06 18.399092 -3.798983 -4.940575 3e-06 0.0 -1e-06 9.744149 13.670682 1.468032 -0.058153 -0.373928 11.244546 -10.924839 0.466744 -6.869862 1.662801 -1.823532 0.450232 0.0 -0.0 2e-06 -13.568201 -12.537885 7.306517 -0.053294 0.12492 3.241797 12.547527 -5.13636 -3.428243 -1.453967 0.96314 0.557438 -0.0 0.0 -1e-06 
0.0 0.0 0.0 0.0 -0.0 0.0 1.933205 98.653687 1.451862 0.626944 -1.049184 -3.611509 -0.869561 0.045565 -2.095281 -0.770017 -0.267352 -5.416365 -2.456852 -2.438135 11.591338 15.842604 -5.942425 10.137637 -0.616613 -2.335466 -3.557838 16.197067 -9.078633 -8.614383 7.7e-05 -2.4e-05 6e-06 -0.149922 0.268543 -0.034224 0.580979 -3.359164 -10.492405 -0.855354 3.868668 -10.488063 -16.916901 -3.410673 14.013332 -55.420971 -12.81947 18.498182 -0.346656 -21.831802 0.087374 -0.748407 -1.740958 -8.96996 -5.882104 9.861284 0.702589 -10.93687 -0.360576 7.156202 1e-06 8.774824 -1e-06 -16.729467 18.018339 5.436489 -1.844032 2.498504 -2.507276 -10.163597 4.678944 4.621106 -20.976021 -4e-06 2e-06 -21.226282 2.451695 -3.593999 1e-06 -6e-06 -0.0 -1.362681 2.240799 -0.746325 -21.334913 0.584908 3.008322 -13.821213 -2e-06 0.0 -23.887163 -0.249079 -0.839483 -60.68819 2.45183 -1.742445 -0.294025 1.679687 0.833257 -14.218207 0.093214 1.300578 -34.212048 -0.287565 0.967171 -20.033211 0.964536 1.212844 1e-06 -1e-06 0.0 -3.440387 0.788232 0.501655 -15.928183 -3.16731 2.999707 -6.338826 -2e-06 0.0 -18.123444 3.648182 -4.905672 -4e-06 0.0 -3e-06 12.37442 7.902408 8.990832 54.651703 -2.367112 -77.624374 179.093689 36.363178 179.682327 -56.909592 29.757809 35.790916 2.243541 -5.255035 -3.180158 14.282885 -0.826593 6.952503 -2e-06 -12.690601 0.0 15.282273 -16.544075 3.348364 1.665666 -1.95592 -2.878298 4.727799 -4.170584 4.993925 11.020522 4e-06 -0.0 12.109048 -3.735714 -2.866781 -1e-06 0.0 0.0 1.291984 -1.92855 -1.498088 14.800122 0.567468 3.865606 14.242566 -1.341736 -6.660655 19.631958 0.143927 -0.648244 46.146492 -0.542541 -6.20972 0.353028 -1.51115 -0.031938 20.222784 3.68431 2.316631 18.787266 5e-06 -1e-06 10.751624 -0.479868 1.397906 -0.0 0.0 -0.0 3.273806 0.305947 -0.580111 21.486805 11.830372 2.266135 8.162924 2e-06 -1e-06 18.399075 -3.798984 -4.940571 3e-06 -0.0 -1e-06 9.90567 13.587951 1.508386 -0.051271 -0.371465 11.350224 -10.987299 0.518374 -6.91914 1.656493 -1.826794 0.444237 0.0 -0.0 2e-06 -13.398204 -12.335485 7.355122 -0.052587 0.136254 3.316293 12.492182 -5.28535 -3.497537 -1.453424 0.987181 0.578355 -0.0 0.0 -1e-06 
0.0 0.0 0.0 0.0 -0.0 0.0 1.84276 98.632233 1.480536 0.543272 -1.07627 -3.674459 -0.883125 0.050601 -2.150658 -0.777553 -0.270939 -5.448713 -2.463857 -2.397873 11.615448 15.987288 -6.106752 10.257823 -0.563967 -2.277418 -3.544148 16.552166 -9.231675 -8.518262 7.8e-05 -2.4e-05 6e-06 -0.160631 0.287858 -0.031769 0.568188 -3.339462 -10.483566 -0.863478 3.887134 -10.479318 -16.792822 -3.280599 13.898663 -55.338665 -12.78224 18.400728 -0.356395 -21.781157 0.093258 -0.692496 -1.39282 -8.597122 -5.88211 9.861292 0.70259 -10.936878 -0.360575 7.156207 0.0 8.77483 -1e-06 -16.749409 18.008873 5.418093 -1.844033 2.498505 -2.507278 -10.163606 4.678946 4.621109 -20.976034 -4e-06 1e-06 -21.226299 2.451697 -3.594002 1e-06 -5e-06 -0.0 -1.362682 2.2408 -0.746323 -21.334925 0.584909 3.008323 -13.821221 -2e-06 -0.0 -23.887182 -0.24908 -0.839484 -60.689571 2.446775 -1.744282 -0.294025 1.679689 0.833257 -14.218217 0.093215 1.300578 -34.21207 -0.287566 0.967167 -20.033226 0.964535 1.212843 1e-06 -1e-06 0.0 -3.440391 0.788233 0.501656 -15.928198 -3.167311 2.999709 -6.33883 -1e-06 1e-06 -18.123459 3.648184 -4.905673 -4e-06 0.0 -3e-06 12.40879 7.813192 9.040888 54.721992 -2.47631 -77.483955 179.093277 36.33622 179.672775 -56.662945 29.590141 35.046215 2.243541 -5.255036 -3.180156 14.282891 -0.826595 6.952503 -2e-06 -12.690605 -1e-06 15.294106 -16.572586 3.376842 1.665665 -1.955921 -2.878296 4.727797 -4.170588 4.993925 11.020525 3e-06 -1e-06 12.10905 -3.735716 -2.866782 0.0 0.0 0.0 1.291986 -1.928549 -1.498087 14.800129 0.567469 3.865609 14.242568 -1.341738 -6.660653 19.631962 0.143926 -0.648241 46.321007 -0.540222 -6.238435 0.353029 -1.511151 -0.03194 20.222786 3.684308 2.316632 18.78727 4e-06 2e-06 10.751628 -0.479869 1.397907 0.0 -0.0 -1e-06 3.273807 0.305947 -0.580111 21.486813 11.830376 2.266134 8.162927 1e-06 -1e-06 18.39908 -3.798986 -4.940574 3e-06 0.0 -0.0 10.077603 13.545838 1.541327 -0.04979 -0.371704 11.482126 -11.027812 0.584008 -6.968359 1.651379 -1.836388 0.449006 -0.0 -0.0 2e-06 -13.237451 -12.147597 7.356665 -0.047521 0.149501 3.458949 12.457439 -5.354779 -3.573997 -1.453009 1.005088 0.563977 -0.0 0.0 -1e-06 
0.0 0.0 0.0 0.0 -0.0 0.0 1.757509 98.613129 1.486611 0.459672 -1.138492 -3.748592 -0.899988 0.060395 -2.185466 -0.783993 -0.255893 -5.471077 -2.471236 -2.356165 11.642936 16.171362 -6.312371 10.343863 -0.527611 -2.188186 -3.540884 16.943588 -9.363295 -8.409767 7.8e-05 -2.3e-05 6e-06 -0.166757 0.302714 -0.030308 0.559363 -3.321449 -10.470363 -0.866394 3.898498 -10.464326 -16.722519 -3.185225 13.82706 -55.19838 -12.777708 18.377241 -0.355202 -21.774834 0.10093 -0.667322 -1.050712 -8.237953 -5.882114 9.8613 0.702589 -10.936883 -0.360573 7.156209 -2e-06 8.774837 -1e-06 -16.772421 17.988775 5.408426 -1.844035 2.498509 -2.507279 -10.163611 4.678954 4.62111 -20.976048 1e-06 -1e-06 -21.226315 2.451703 -3.594009 2e-06 -6e-06 -1e-06 -1.362684 2.240801 -0.746324 -21.334938 0.584915 3.008323 -13.821229 0.0 -0.0 -23.887197 -0.249076 -0.839491 -60.702759 2.445676 -1.737796 -0.294026 1.67969 0.833257 -14.218225 0.093218 1.30058 -34.212086 -0.287558 0.967164 -20.033236 0.964539 1.212838 0.0 0.0 0.0 -3.440392 0.788235 0.501655 -15.928203 -3.16731 2.999708 -6.338833 -0.0 -1e-06 -18.12347 3.648191 -4.905679 -2e-06 0.0 -3e-06 12.453849 7.754315 9.104712 54.75795 -2.51686 -77.142212 178.995148 36.505959 179.614532 -56.434872 29.462328 34.056793 2.243542 -5.25504 -3.180158 14.282908 -0.826593 6.952508 -6e-06 -12.690614 0.0 15.2692 -16.652409 3.403106 1.665666 -1.955921 -2.878299 4.727803 -4.170591 4.993929 11.020538 6e-06 1e-06 12.109062 -3.735715 -2.866781 1e-06 0.0 -0.0 1.291988 -1.928548 -1.498089 14.800142 0.567472 3.86561 14.242583 -1.341733 -6.660655 19.631985 0.14393 -0.64824 46.448128 -0.542808 -6.268659 0.35303 -1.511151 -0.031938 20.222815 3.684317 2.316633 18.787292 8e-06 2e-06 10.75164 -0.479868 1.397908 -0.0 -0.0 -2e-06 3.273807 0.305949 -0.580109 21.486839 11.83039 2.266132 8.162935 4e-06 -2e-06 18.399099 -3.798984 -4.940577 3e-06 0.0 -0.0 10.255203 13.549502 1.588449 -0.052188 -0.373706 11.601922 -11.051126 0.652585 -7.007412 1.645979 -1.838838 0.43906 0.0 -1e-06 2e-06 -13.091825 -12.006316 7.348567 -0.044663 0.167854 3.601655 12.419333 -5.372689 -3.617172 -1.453126 1.014929 0.525448 -0.0 0.0 -1e-06 
0.0 0.0 0.0 0.0 -0.0 0.0 1.687422 98.601517 1.471467 0.387159 -1.237738 -3.820261 -0.926176 0.077906 -2.206373 -0.787305 -0.221597 -5.48997 -2.496653 -2.323368 11.682406 16.38847 -6.505951 10.395824 -0.509534 -2.114825 -3.539407 17.335524 -9.470126 -8.295564 7.8e-05 -2.2e-05 6e-06 -0.170584 0.310003 -0.031338 0.555937 -3.311859 -10.463104 -0.870062 3.903204 -10.456481 -16.688574 -3.10018 13.792752 -55.015064 -12.835548 18.345789 -0.348278 -21.819241 0.104975 -0.670247 -0.742489 -7.985134 -5.88211 9.86129 0.702589 -10.936878 -0.360575 7.156209 1e-06 8.77483 -0.0 -16.772106 17.980717 5.40738 -1.844034 2.498505 -2.507278 -10.163606 4.678946 4.621111 -20.976036 -5e-06 2e-06 -21.226299 2.451696 -3.594002 2e-06 -5e-06 -1e-06 -1.362683 2.2408 -0.746324 -21.334929 0.584907 3.008324 -13.821223 -4e-06 2e-06 -23.887188 -0.249082 -0.839483 -60.68874 2.451066 -1.744699 -0.294025 1.679688 0.833257 -14.218218 0.093215 1.300582 -34.212074 -0.287567 0.967168 -20.033226 0.964536 1.212844 0.0 0.0 1e-06 -3.44039 0.788233 0.501655 -15.928198 -3.167312 2.999709 -6.338831 -1e-06 1e-06 -18.123461 3.648183 -4.905674 -2e-06 0.0 -2e-06 12.541564 7.727019 9.217135 54.703739 -2.521244 -76.596306 178.807724 36.929157 179.507263 -56.078556 29.342144 32.817322 2.243543 -5.25504 -3.180159 14.282902 -0.826593 6.952508 -4e-06 -12.690615 -1e-06 15.202563 -16.772491 3.405896 1.665668 -1.955921 -2.8783 4.727801 -4.17059 4.993927 11.020535 5e-06 -1e-06 12.109061 -3.735717 -2.866783 0.0 0.0 1e-06 1.291986 -1.92855 -1.49809 14.80014 0.567472 3.865611 14.242584 -1.341734 -6.660661 19.631985 0.14393 -0.648242 46.585793 -0.544338 -6.316701 0.353028 -1.511151 -0.03194 20.222811 3.684317 2.316633 18.787289 7e-06 1e-06 10.751637 -0.479868 1.397908 0.0 0.0 -2e-06 3.273809 0.305948 -0.580109 21.486834 11.83039 2.266134 8.162934 3e-06 -1e-06 18.399097 -3.798985 -4.940576 3e-06 -0.0 -1e-06 10.418464 13.614305 1.658873 -0.057989 -0.374482 11.66431 -11.050082 0.701273 -7.009056 1.641604 -1.839706 0.424436 -0.0 -0.0 2e-06 -12.962096 -11.863168 7.322813 -0.042036 0.183175 3.732064 12.373953 -5.390059 -3.643034 -1.452687 1.015209 0.485493 -0.0 0.0 -1e-06 
0.0 0.0 0.0 0.0 -0.0 0.0 1.634912 98.594025 1.433905 0.33202 -1.354183 -3.890909 -0.952613 0.099269 -2.222335 -0.797576 -0.204265 -5.505097 -2.53815 -2.282963 11.74686 16.597233 -6.661025 10.41205 -0.496869 -2.080614 -3.536195 17.656586 -9.539653 -8.168995 7.7e-05 -2.2e-05 6e-06 -0.170518 0.304348 -0.034177 0.558419 -3.315856 -10.46448 -0.871961 3.8955 -10.459341 -16.703642 -3.023955 13.799835 -54.782818 -12.950435 18.262873 -0.340392 -21.907885 0.099703 -0.641947 -0.551217 -7.768297 -5.882112 9.861292 0.70259 -10.93688 -0.360574 7.156208 0.0 8.774831 1e-06 -16.721043 17.969788 5.440655 -1.844035 2.498505 -2.507279 -10.16361 4.678949 4.62111 -20.97604 -4e-06 -1e-06 -21.226303 2.451697 -3.594005 1e-06 -5e-06 -0.0 -1.362683 2.2408 -0.746324 -21.334934 0.584911 3.008324 -13.821226 -3e-06 0.0 -23.887188 -0.24908 -0.839484 -60.692863 2.468728 -1.732242 -0.294025 1.679688 0.833258 -14.218221 0.093216 1.300579 -34.212082 -0.287565 0.967166 -20.033232 0.964536 1.212842 0.0 -1e-06 1e-06 -3.440391 0.788234 0.501655 -15.928201 -3.16731 2.999708 -6.338832 -1e-06 0.0 -18.123463 3.648185 -4.905674 -2e-06 0.0 -2e-06 12.69933 7.722243 9.377006 54.509132 -2.542922 -75.711792 178.57254 37.612873 179.370438 -55.454678 29.217651 31.523464 2.243541 -5.25504 -3.180158 14.282898 -0.826593 6.952507 -4e-06 -12.69061 0.0 15.104142 -16.910578 3.420642 1.665666 -1.955923 -2.878298 4.727802 -4.170589 4.993925 11.020532 4e-06 -0.0 12.109058 -3.735716 -2.866786 -0.0 0.0 -1e-06 1.291984 -1.92855 -1.498089 14.800139 0.567471 3.865609 14.24258 -1.341735 -6.66066 19.631975 0.143929 -0.648243 46.739185 -0.549031 -6.374162 0.353029 -1.511152 -0.03194 20.222803 3.684316 2.316632 18.787287 7e-06 0.0 10.751635 -0.479867 1.397908 -0.0 0.0 -1e-06 3.27381 0.305947 -0.580111 21.486832 11.830385 2.266136 8.162933 3e-06 -1e-06 18.399096 -3.798986 -4.940576 3e-06 0.0 -1e-06 10.549982 13.690918 1.729093 -0.066582 -0.374105 11.704005 -11.035606 0.784058 -7.006041 1.639817 -1.849658 0.392327 0.0 -0.0 2e-06 -12.854252 -11.70243 7.265034 -0.038632 0.191518 3.885083 12.320692 -5.400501 -3.66862 -1.45156 1.000345 0.450162 0.0 0.0 -1e-06 
0.0 0.0 0.0 0.0 -0.0 0.0 1.592894 98.594475 1.371489 0.284 -1.464762 -3.95004 -0.968619 0.121809 -2.239537 -0.816608 -0.212087 -5.514401 -2.583103 -2.238941 11.829124 16.772654 -6.731697 10.385595 -0.495375 -2.074335 -3.532308 17.884113 -9.570387 -8.085571 7.8e-05 -2.3e-05 6e-06 -0.165323 0.283372 -0.033686 0.567875 -3.333977 -10.462761 -0.870796 3.871411 -10.458991 -16.75165 -2.963053 13.810049 -54.50415 -13.075035 18.17491 -0.328322 -22.076044 0.082879 -0.583215 -0.45415 -7.56311 -5.88211 9.86129 0.702591 -10.936879 -0.360576 7.156209 1e-06 8.774831 0.0 -16.639339 17.957184 5.514246 -1.844034 2.498506 -2.507279 -10.163607 4.678947 4.621112 -20.976038 -7e-06 0.0 -21.226299 2.451696 -3.594001 2e-06 -6e-06 -1e-06 -1.362682 2.2408 -0.746323 -21.334929 0.584908 3.008322 -13.821224 -4e-06 1e-06 -23.887188 -0.249083 -0.839483 -60.755291 2.498573 -1.678204 -0.294025 1.679689 0.833256 -14.218218 0.093214 1.300579 -34.212074 -0.287568 0.967171 -20.033226 0.964535 1.212846 0.0 -1e-06 1e-06 -3.440391 0.788233 0.501655 -15.9282 -3.167312 2.999709 -6.338831 -3e-06 -0.0 -18.123461 3.648182 -4.905674 -2e-06 0.0 -2e-06 12.915384 7.70195 9.595419 54.164028 -2.624456 -74.438698 178.308334 38.551689 179.163162 -54.523277 29.162449 30.187119 2.243539 -5.255038 -3.180157 14.282895 -0.826595 6.952507 -2e-06 -12.69061 -0.0 14.993726 -17.102787 3.473216 1.665665 -1.955922 -2.878299 4.727798 -4.170589 4.993926 11.020528 3e-06 -1e-06 12.109053 -3.735718 -2.866782 0.0 0.0 -0.0 1.291988 -1.928549 -1.498088 14.800132 0.567469 3.865611 14.242573 -1.341737 -6.660656 19.631969 0.143925 -0.648242 46.9515 -0.570977 -6.419997 0.353029 -1.511151 -0.031938 20.222795 3.684311 2.316634 18.787273 3e-06 0.0 10.75163 -0.47987 1.397909 0.0 0.0 -0.0 3.273806 0.305947 -0.580111 21.48682 11.83038 2.266136 8.16293 1e-06 -0.0 18.39909 -3.798988 -4.940578 3e-06 0.0 -2e-06 10.664739 13.794588 1.787934 -0.077406 -0.374693 11.704913 -11.011981 0.848882 -6.964355 1.639245 -1.858175 0.350143 0.0 -1e-06 2e-06 -12.754621 -11.558288 7.189628 -0.039851 0.191082 4.022874 12.26288 -5.411519 -3.667182 -1.450888 0.983656 0.425555 0.0 0.0 -1e-06 
0.0 0.0 0.0 0.0 -0.0 0.0 1.551369 98.604263 1.296981 0.238873 -1.559315 -3.998015 -0.969865 0.14478 -2.253088 -0.840477 -0.22815 -5.530857 -2.62931 -2.199069 11.934619 16.907486 -6.724882 10.327605 -0.509466 -2.082143 -3.534602 17.978411 -9.556262 -8.06283 7.9e-05 -2.4e-05 6e-06 -0.160325 0.271021 -0.029675 0.582296 -3.343987 -10.458546 -0.87521 3.856789 -10.461988 -16.814322 -2.921189 13.805242 -54.196663 -13.188114 18.067488 -0.318082 -22.335501 0.06724 -0.440781 -0.41057 -7.442964 -5.882108 9.861286 0.702592 -10.936876 -0.360575 7.156208 1e-06 8.774827 1e-06 -16.55234 17.956558 5.589004 -1.844032 2.498505 -2.507279 -10.163604 4.678946 4.621113 -20.976034 -5e-06 3e-06 -21.226295 2.451697 -3.593999 1e-06 -5e-06 -1e-06 -1.362682 2.240797 -0.746325 -21.334925 0.584909 3.008327 -13.82122 -4e-06 3e-06 -23.887182 -0.249078 -0.839479 -60.798546 2.505432 -1.628865 -0.294024 1.679687 0.833257 -14.218215 0.093214 1.300582 -34.212067 -0.287564 0.967173 -20.033222 0.964537 1.212847 0.0 0.0 -0.0 -3.44039 0.788233 0.501656 -15.928194 -3.167311 2.99971 -6.338829 -1e-06 1e-06 -18.123455 3.648183 -4.905672 -4e-06 0.0 -2e-06 13.165637 7.628632 9.854568 53.66581 -2.821017 -72.778778 178.044724 39.738033 178.900696 -53.144775 29.085812 28.459967 2.243542 -5.255037 -3.180159 14.282889 -0.826596 6.952503 -2e-06 -12.690603 2e-06 14.910404 -17.308916 3.544877 1.665667 -1.955921 -2.878299 4.727799 -4.170587 4.993925 11.020527 2e-06 -3e-06 12.109053 -3.735716 -2.866783 0.0 -0.0 -1e-06 1.291986 -1.92855 -1.49809 14.800125 0.567468 3.865609 14.24257 -1.341737 -6.660658 19.631966 0.143926 -0.648246 47.268002 -0.625734 -6.439706 0.35303 -1.51115 -0.03194 20.222788 3.684309 2.31663 18.787271 3e-06 -1e-06 10.751628 -0.479869 1.397905 -0.0 0.0 -1e-06 3.273807 0.305947 -0.58011 21.486813 11.830376 2.266131 8.162927 2e-06 -1e-06 18.399082 -3.798984 -4.940575 2e-06 0.0 -2e-06 10.777174 13.935424 1.858528 -0.085278 -0.365971 11.633903 -11.019509 0.868521 -6.860608 1.637526 -1.867338 0.322109 -0.0 -0.0 2e-06 -12.656808 -11.435266 7.126501 -0.043743 0.196651 4.106421 12.20448 -5.453469 -3.640514 -1.449705 0.976618 0.40948 -0.0 0.0 -1e-06 
0.0 0.0 0.0 0.0 -0.0 0.0 1.505615 98.618866 1.210261 0.182518 -1.635947 -4.028834 -0.952709 0.162252 -2.264153 -0.857233 -0.243309 -5.558812 -2.690055 -2.169059 12.058287 17.009302 -6.652097 10.233893 -0.530391 -2.094332 -3.543679 17.965525 -9.516528 -8.054392 7.9e-05 -2.3e-05 6e-06 -0.155776 0.272556 -0.026582 0.596362 -3.343823 -10.461246 -0.880431 3.859915 -10.477261 -16.902864 -2.870011 13.817646 -53.841965 -13.320642 17.895088 -0.294439 -22.669006 0.042165 -0.197692 -0.416152 -7.359476 -5.882112 9.861293 0.702589 -10.936881 -0.360575 7.156207 1e-06 8.774832 1e-06 -16.456688 17.958603 5.659032 -1.844035 2.498506 -2.507279 -10.16361 4.678949 4.62111 -20.976044 -6e-06 -1e-06 -21.226307 2.451694 -3.594006 2e-06 -7e-06 -1e-06 -1.362683 2.240799 -0.746324 -21.33493 0.584909 3.008322 -13.821227 -4e-06 -1e-06 -23.88719 -0.249083 -0.839487 -60.806561 2.506804 -1.591119 -0.294025 1.679689 0.833256 -14.218221 0.093215 1.300578 -34.212078 -0.28757 0.967165 -20.033232 0.964534 1.212843 0.0 -1e-06 -0.0 -3.440392 0.788234 0.501656 -15.928201 -3.167313 2.999705 -6.338833 -1e-06 -1e-06 -18.123463 3.648183 -4.905677 -3e-06 1e-06 -1e-06 13.469209 7.501122 10.143338 53.01667 -3.200861 -70.598991 177.89357 41.201099 178.702789 -50.857563 28.65152 26.154226 2.243543 -5.25504 -3.180158 14.282904 -0.826595 6.952508 -4e-06 -12.690616 2e-06 14.92826 -17.490353 3.622343 1.665668 -1.955922 -2.8783 4.727803 -4.170591 4.993928 11.020536 4e-06 1e-06 12.109062 -3.735718 -2.866784 0.0 1e-06 -1e-06 1.291986 -1.92855 -1.498088 14.800142 0.567469 3.86561 14.242585 -1.341736 -6.66066 19.631987 0.143925 -0.648243 47.78846 -0.703975 -6.450987 0.353028 -1.511152 -0.031939 20.222805 3.684313 2.316632 18.787289 5e-06 -1e-06 10.751637 -0.479869 1.397907 -1e-06 -0.0 0.0 3.27381 0.305948 -0.580111 21.486834 11.830387 2.266135 8.162935 2e-06 -0.0 18.399099 -3.798988 -4.940578 3e-06 0.0 -1e-06 10.901571 14.103088 1.902251 -0.091382 -0.360922 11.554193 -11.040934 0.843673 -6.734226 1.635907 -1.877037 0.299724 -0.0 -1e-06 2e-06 -12.539047 -11.320127 7.056592 -0.046579 0.199609 4.164376 12.115318 -5.52088 -3.596046 -1.44856 0.976607 0.384387 -0.0 1e-06 -1e-06 
0.0 0.0 0.0 0.0 -0.0 0.0 1.453053 98.637131 1.115541 0.116694 -1.697627 -4.042443 -0.922858 0.172278 -2.272557 -0.86213 -0.256851 -5.592734 -2.756158 -2.150103 12.188344 17.069611 -6.532904 10.116976 -0.552535 -2.108482 -3.553102 17.839422 -9.45721 -8.028872 7.7e-05 -2.3e-05 6e-06 -0.150412 0.277744 -0.02434 0.608949 -3.344581 -10.473125 -0.882756 3.871304 -10.504238 -17.022171 -2.814232 13.838797 -53.442188 -13.460851 17.682329 -0.258739 -23.025204 0.008044 0.143373 -0.497743 -7.327676 -5.882111 9.861293 0.70259 -10.936878 -0.360573 7.156209 -0.0 8.774831 1e-06 -16.355412 17.958157 5.720402 -1.844034 2.498506 -2.50728 -10.163606 4.678949 4.621113 -20.976036 -2e-06 1e-06 -21.226301 2.4517 -3.594003 1e-06 -6e-06 -1e-06 -1.362682 2.240799 -0.746324 -21.334927 0.584912 3.008323 -13.821223 -2e-06 1e-06 -23.887184 -0.249078 -0.839486 -60.778854 2.504718 -1.554137 -0.294026 1.679688 0.833256 -14.218219 0.093216 1.300581 -34.212074 -0.287562 0.967167 -20.033226 0.964538 1.212843 -0.0 -0.0 1e-06 -3.440391 0.788234 0.501655 -15.928196 -3.167311 2.999707 -6.338831 0.0 -1e-06 -18.123461 3.648187 -4.905674 -3e-06 0.0 -2e-06 13.789995 7.322748 10.451671 52.266338 -3.74058 -67.922134 177.93338 42.962616 178.641571 -47.470467 27.510912 22.873459 2.243541 -5.255038 -3.180157 14.282896 -0.826594 6.952504 -4e-06 -12.690609 2e-06 15.08247 -17.606318 3.637128 1.665666 -1.955922 -2.878299 4.7278 -4.170588 4.993924 11.020534 3e-06 -2e-06 12.109058 -3.735716 -2.866784 -0.0 -0.0 -0.0 1.291987 -1.92855 -1.49809 14.800138 0.567469 3.865608 14.24258 -1.341735 -6.660659 19.631975 0.143927 -0.648244 48.444813 -0.809038 -6.455949 0.353029 -1.511151 -0.031941 20.222801 3.684312 2.31663 18.787283 6e-06 -0.0 10.751632 -0.479867 1.397905 -0.0 0.0 -0.0 3.273809 0.305947 -0.58011 21.486826 11.830381 2.266132 8.162932 2e-06 -1e-06 18.399092 -3.798984 -4.940577 3e-06 0.0 -0.0 11.037822 14.29028 1.923025 -0.096068 -0.353701 11.465028 -11.062267 0.771828 -6.592216 1.634694 -1.885857 0.30614 0.0 -0.0 2e-06 -12.405721 -11.211469 6.981023 -0.047812 0.199684 4.201779 11.994495 -5.600097 -3.539038 -1.447807 0.979778 0.364616 -0.0 0.0 -1e-06 
0.0 0.0 0.0 0.0 -0.0 0.0 1.397986 98.644371 1.020877 0.053093 -1.725781 -4.069903 -0.884352 0.185593 -2.266162 -0.866022 -0.2804 -5.614457 -2.826893 -2.141042 12.322156 17.121449 -6.409829 10.00415 -0.584779 -2.120864 -3.567964 17.633413 -9.371367 -8.009844 7.8e-05 -2.3e-05 6e-06 -0.145052 0.273179 -0.0207 0.620331 -3.354384 -10.485993 -0.883996 3.872288 -10.530323 -17.152996 -2.796376 13.868326 -53.040718 -13.583548 17.45068 -0.201352 -23.349621 -0.030382 0.531247 -0.6353 -7.337925 -5.882109 9.86129 0.702592 -10.936879 -0.360576 7.156208 1e-06 8.774831 -0.0 -16.285807 17.957855 5.776244 -1.844033 2.498505 -2.507279 -10.163606 4.678947 4.621109 -20.976038 -6e-06 1e-06 -21.226301 2.451697 -3.594 2e-06 -6e-06 0.0 -1.362682 2.2408 -0.746323 -21.334929 0.584907 3.008326 -13.821222 -4e-06 3e-06 -23.887184 -0.249081 -0.839481 -60.771412 2.491937 -1.484038 -0.294025 1.679688 0.833256 -14.218218 0.093214 1.300579 -34.212074 -0.287567 0.967173 -20.033228 0.964535 1.212846 1e-06 0.0 -0.0 -3.440391 0.788234 0.501655 -15.928201 -3.167314 2.999709 -6.338831 -1e-06 -1e-06 -18.123459 3.648184 -4.905671 -3e-06 1e-06 -2e-06 14.045693 7.110076 10.774578 51.544132 -4.278737 -64.77343 178.187286 45.101097 178.703781 -43.494778 25.701553 18.369967 2.243543 -5.255037 -3.180157 14.282896 -0.826593 6.952503 -4e-06 -12.69061 1e-06 15.349964 -17.679125 3.553901 1.665666 -1.955922 -2.878298 4.7278 -4.170589 4.993924 11.02053 4e-06 0.0 12.109056 -3.735716 -2.866783 0.0 0.0 -0.0 1.291986 -1.92855 -1.498089 14.800136 0.567469 3.865608 14.242578 -1.341736 -6.660657 19.631975 0.143927 -0.648243 49.06551 -0.929077 -6.470481 0.353028 -1.511151 -0.03194 20.222801 3.684313 2.316631 18.787281 6e-06 1e-06 10.751634 -0.479867 1.397906 -0.0 -0.0 0.0 3.273808 0.305947 -0.580111 21.486824 11.830381 2.266133 8.16293 2e-06 -1e-06 18.399092 -3.798985 -4.940577 2e-06 0.0 -1e-06 11.184328 14.504128 1.902763 -0.102795 -0.348112 11.476576 -11.089334 0.645658 -6.506518 1.633675 -1.903397 0.335729 -0.0 -0.0 2e-06 -12.287779 -11.153966 6.898894 -0.051984 0.196755 4.293365 11.873326 -5.639853 -3.53404 -1.445971 0.976166 0.364044 -0.0 0.0 -1e-06 
0.0 0.0 0.0 0.0 -0.0 0.0 1.342864 98.649887 0.932321 0.002263 -1.749792 -4.119271 -0.850378 0.203135 -2.248473 -0.865869 -0.311575 -5.624601 -2.898995 -2.145718 12.471075 17.172207 -6.278743 9.902251 -0.635468 -2.143679 -3.595878 17.402637 -9.252635 -8.004413 7.9e-05 -2.3e-05 6e-06 -0.141383 0.261185 -0.014619 0.628762 -3.369754 -10.502753 -0.886059 3.864527 -10.556971 -17.29089 -2.802856 13.856345 -52.641109 -13.641583 17.222368 -0.148446 -23.631117 -0.069175 0.883093 -0.779871 -7.338203 -5.882112 9.861293 0.702591 -10.93688 -0.360573 7.156208 -2e-06 8.774831 -1e-06 -16.249008 17.965509 5.826831 -1.844034 2.498506 -2.507278 -10.163608 4.678951 4.62111 -20.97604 -0.0 -1e-06 -21.226303 2.451701 -3.594007 2e-06 -5e-06 0.0 -1.362683 2.240801 -0.746325 -21.334929 0.584915 3.008322 -13.821227 -1e-06 -1e-06 -23.887186 -0.249076 -0.839489 -60.794518 2.469313 -1.38971 -0.294025 1.679689 0.833256 -14.218219 0.093218 1.300582 -34.212074 -0.28756 0.967165 -20.033228 0.964539 1.21284 -0.0 0.0 -0.0 -3.440391 0.788235 0.501656 -15.928198 -3.167309 2.999707 -6.338831 0.0 -2e-06 -18.123459 3.648188 -4.905677 -3e-06 1e-06 -1e-06 14.193612 6.892344 11.071041 50.896591 -4.72882 -61.301056 178.519775 47.649872 178.824066 -39.501732 23.434835 13.096365 2.243543 -5.255041 -3.18016 14.282904 -0.826593 6.952507 -3e-06 -12.690615 -1e-06 15.747663 -17.767529 3.396055 1.665668 -1.955923 -2.878301 4.727804 -4.17059 4.993927 11.020538 3e-06 -0.0 12.109062 -3.735718 -2.866786 -1e-06 0.0 0.0 1.291986 -1.928551 -1.49809 14.800142 0.56747 3.865611 14.242584 -1.341737 -6.660661 19.631985 0.143926 -0.648243 49.737381 -1.051372 -6.48276 0.353029 -1.511152 -0.03194 20.222811 3.684314 2.316633 18.787289 6e-06 0.0 10.751637 -0.479868 1.397908 -1e-06 -0.0 -0.0 3.273811 0.305948 -0.580111 21.486839 11.830385 2.266137 8.162936 2e-06 -1e-06 18.399099 -3.798985 -4.940578 3e-06 0.0 -1e-06 11.323223 14.710498 1.921934 -0.108514 -0.338175 11.463576 -11.116266 0.503048 -6.407329 1.632413 -1.924997 0.374594 -0.0 -0.0 2e-06 -12.196123 -11.123454 6.837433 -0.058404 0.193162 4.391641 11.734735 -5.640942 -3.55698 -1.443969 0.974097 0.374982 -0.0 0.0 -1e-06 
0.0 0.0 0.0 0.0 -0.0 0.0 1.293572 98.652901 0.85117 -0.034625 -1.793753 -4.175841 -0.817351 0.215058 -2.234411 -0.863749 -0.332376 -5.619298 -2.964982 -2.15232 12.622383 17.215506 -6.121544 9.795388 -0.708991 -2.18963 -3.633294 17.169773 -9.152304 -7.9783 7.9e-05 -2.2e-05 7e-06 -0.13851 0.247617 -0.009603 0.633298 -3.384433 -10.523996 -0.885878 3.85373 -10.584777 -17.447062 -2.845498 13.798676 -52.248646 -13.60748 17.008722 -0.138465 -23.853693 -0.083425 1.210171 -0.916872 -7.348811 -5.882107 9.861288 0.702592 -10.936873 -0.360575 7.156208 0.0 8.774826 -0.0 -16.214848 17.970049 5.868273 -1.844032 2.498504 -2.507277 -10.163602 4.678946 4.621111 -20.976027 -3e-06 2e-06 -21.226288 2.451697 -3.593999 2e-06 -6e-06 0.0 -1.362682 2.240798 -0.746324 -21.334919 0.58491 3.008324 -13.821216 -2e-06 3e-06 -23.887173 -0.24908 -0.839483 -60.805103 2.456316 -1.285105 -0.294025 1.679688 0.833257 -14.218212 0.093214 1.300581 -34.212059 -0.287561 0.967172 -20.033216 0.964538 1.212844 -0.0 -0.0 1e-06 -3.440389 0.788233 0.501656 -15.928189 -3.167309 2.999707 -6.338828 0.0 -0.0 -18.123453 3.648184 -4.905672 -3e-06 -0.0 -1e-06 14.247533 6.69641 11.316344 50.297489 -5.07171 -57.657608 178.824921 50.586105 178.959045 -35.684017 20.984026 7.964438 2.24354 -5.255036 -3.180157 14.282887 -0.826594 6.952505 -2e-06 -12.690605 -0.0 16.239271 -17.893497 3.19671 1.665665 -1.955921 -2.878298 4.727798 -4.170586 4.993924 11.020522 2e-06 0.0 12.109048 -3.735716 -2.866782 1e-06 -0.0 -0.0 1.291985 -1.928549 -1.498088 14.800125 0.567468 3.86561 14.242564 -1.341736 -6.660655 19.631958 0.143925 -0.648241 50.505753 -1.145933 -6.467462 0.353029 -1.51115 -0.03194 20.222786 3.68431 2.316633 18.78727 3e-06 2e-06 10.751624 -0.479869 1.397907 -1e-06 0.0 -0.0 3.273805 0.305947 -0.58011 21.486807 11.830374 2.266136 8.162922 1e-06 1e-06 18.399076 -3.798987 -4.940572 3e-06 0.0 -1e-06 11.442564 14.894476 1.962023 -0.114983 -0.328961 11.443871 -11.134342 0.364297 -6.333019 1.631554 -1.947853 0.40346 -0.0 -0.0 2e-06 -12.126993 -11.108164 6.761882 -0.061758 0.196249 4.518625 11.598329 -5.595173 -3.59788 -1.441816 0.970848 0.392646 -0.0 0.0 -1e-06 
0.0 0.0 0.0 0.0 -0.0 0.0 1.25324 98.650452 0.766618 -0.047619 -1.884187 -4.23742 -0.78406 0.223409 -2.229165 -0.855693 -0.334147 -5.604037 -3.032397 -2.151086 12.769943 17.213375 -5.962568 9.693428 -0.79587 -2.22725 -3.669826 16.92135 -9.100557 -7.922905 7.8e-05 -2.3e-05 7e-06 -0.139607 0.244234 -0.006499 0.631771 -3.386949 -10.543677 -0.887508 3.851256 -10.607296 -17.6243 -2.913657 13.743229 -51.901173 -13.534086 16.806301 -0.163849 -23.963121 -0.071471 1.477634 -0.976638 -7.414019 -5.882107 9.861289 0.702591 -10.936871 -0.360574 7.156206 -1e-06 8.774827 1e-06 -16.191561 17.964676 5.883743 -1.844033 2.498506 -2.507278 -10.163599 4.678947 4.621109 -20.976023 -2e-06 2e-06 -21.226286 2.4517 -3.594001 2e-06 -6e-06 1e-06 -1.362682 2.240799 -0.746323 -21.334915 0.584913 3.008323 -13.821217 -1e-06 -0.0 -23.887171 -0.249077 -0.839485 -60.794632 2.451627 -1.209241 -0.294025 1.679687 0.833254 -14.218209 0.093216 1.300581 -34.212048 -0.287559 0.967168 -20.033215 0.964539 1.21284 -0.0 0.0 -0.0 -3.440389 0.788235 0.501655 -15.928185 -3.167307 2.999708 -6.338825 0.0 0.0 -18.123444 3.648186 -4.905673 -3e-06 -0.0 -1e-06 14.240797 6.551628 11.524917 49.727943 -5.272874 -53.846874 178.912491 53.987747 178.962814 -32.086117 18.58161 3.642668 2.243543 -5.255038 -3.180161 14.282898 -0.826595 6.952506 -3e-06 -12.690607 0.0 16.705296 -18.042377 2.936676 1.665667 -1.955922 -2.8783 4.727801 -4.170588 4.993926 11.020535 3e-06 -3e-06 12.10906 -3.735717 -2.866787 -1e-06 -0.0 1e-06 1.291987 -1.928549 -1.49809 14.800136 0.567468 3.865608 14.242579 -1.341736 -6.660663 19.631975 0.143926 -0.648246 51.130749 -1.183774 -6.45224 0.35303 -1.511151 -0.031941 20.222801 3.68431 2.316629 18.787283 5e-06 -2e-06 10.751631 -0.479868 1.397906 1e-06 -0.0 -0.0 3.273808 0.305946 -0.580112 21.486824 11.830376 2.266132 8.162929 2e-06 -0.0 18.399094 -3.798985 -4.940579 2e-06 0.0 -0.0 11.523878 15.044633 2.006905 -0.120325 -0.321298 11.442979 -11.146972 0.263166 -6.301259 1.630966 -1.974907 0.421335 0.0 -0.0 2e-06 -12.083517 -11.069865 6.636502 -0.057845 0.212203 4.710677 11.474015 -5.538351 -3.660949 -1.438681 0.967303 0.417718 -0.0 0.0 -1e-06 
0.0 0.0 0.0 0.0 -0.0 0.0 1.220598 98.63855 0.676657 -0.061378 -2.024069 -4.321198 -0.739435 0.218264 -2.215666 -0.840557 -0.318383 -5.583471 -3.088064 -2.138173 12.918047 17.159616 -5.821048 9.595106 -0.874536 -2.228333 -3.708205 16.609756 -9.073247 -7.852647 7.8e-05 -2.4e-05 6e-06 -0.141564 0.254592 -0.007157 0.627924 -3.376838 -10.568139 -0.888613 3.863628 -10.634651 -17.819183 -2.991882 13.766989 -51.629314 -13.455969 16.659723 -0.160386 -24.010118 -0.047066 1.703082 -0.957564 -7.587261 -5.882105 9.861285 0.702591 -10.936871 -0.360575 7.156208 0.0 8.774825 0.0 -16.151777 17.970425 5.91219 -1.844032 2.498505 -2.507277 -10.163599 4.678943 4.62111 -20.976021 -4e-06 4e-06 -21.226286 2.451696 -3.593998 1e-06 -6e-06 0.0 -1.362682 2.240798 -0.746324 -21.334913 0.584909 3.008324 -13.821213 -3e-06 3e-06 -23.887169 -0.249078 -0.83948 -60.778618 2.463029 -1.168184 -0.294024 1.679687 0.833256 -14.218208 0.093215 1.30058 -34.212051 -0.287564 0.967173 -20.033213 0.964537 1.212844 -1e-06 -1e-06 -0.0 -3.440388 0.788233 0.501656 -15.928185 -3.16731 2.999708 -6.338827 -1e-06 -0.0 -18.123444 3.648183 -4.905668 -3e-06 1e-06 -2e-06 14.222547 6.48277 11.750418 49.180103 -5.241399 -49.922596 178.614807 57.864326 178.643906 -28.596424 16.285805 0.307791 2.243541 -5.25504 -3.180159 14.282896 -0.82659 6.952508 -3e-06 -12.690612 -4e-06 16.980656 -18.199324 2.638882 1.665665 -1.955922 -2.8783 4.727802 -4.170588 4.993927 11.020529 4e-06 1e-06 12.109058 -3.735717 -2.866783 -1e-06 0.0 1e-06 1.291985 -1.92855 -1.498091 14.800136 0.567472 3.865613 14.242577 -1.341737 -6.660657 19.631973 0.143926 -0.64824 51.333523 -1.141734 -6.474558 0.35303 -1.511152 -0.03194 20.222801 3.684315 2.316636 18.787283 6e-06 4e-06 10.751633 -0.479868 1.397911 -1e-06 -0.0 0.0 3.273808 0.305948 -0.580112 21.486828 11.830384 2.266144 8.16293 2e-06 1e-06 18.399088 -3.798985 -4.940572 3e-06 0.0 -1e-06 11.604311 15.176638 2.04533 -0.124709 -0.319384 11.524971 -11.153813 0.184461 -6.323414 1.63264 -1.994632 0.444394 0.0 -0.0 2e-06 -12.032845 -10.959344 6.472426 -0.046224 0.239077 4.981775 11.364481 -5.508457 -3.757412 -1.434854 0.965709 0.46629 -0.0 0.0 -1e-06 
0.0 0.0 0.0 0.0 -0.0 0.0 1.186804 98.637306 0.58388 -0.077156 -2.215509 -4.407676 -0.69281 0.203828 -2.196421 -0.826834 -0.280216 -5.569365 -3.11682 -2.136559 13.066378 17.05761 -5.679685 9.49822 -0.957559 -2.212837 -3.737243 16.2334 -9.008688 -7.812109 7.7e-05 -2.4e-05 6e-06 -0.142073 0.266472 -0.009393 0.627672 -3.366522 -10.593799 -0.890247 3.878297 -10.664609 -18.006943 -3.073815 13.913321 -51.457027 -13.404353 16.496906 -0.159852 -24.042936 -0.01708 1.938457 -0.912032 -7.715385 -5.882105 9.861283 0.702589 -10.93687 -0.360575 7.156204 0.0 8.774822 -1e-06 -16.090536 17.973745 5.958291 -1.844033 2.498505 -2.507277 -10.163599 4.678946 4.621105 -20.976023 -3e-06 2e-06 -21.226286 2.451696 -3.594002 2e-06 -6e-06 0.0 -1.362681 2.240797 -0.746323 -21.334911 0.584908 3.008322 -13.821213 -3e-06 2e-06 -23.887167 -0.249079 -0.839483 -60.755093 2.485951 -1.14992 -0.294025 1.679687 0.833257 -14.218207 0.093215 1.300579 -34.212044 -0.287564 0.96717 -20.033211 0.964536 1.212841 -0.0 -0.0 -0.0 -3.440389 0.788234 0.501656 -15.928185 -3.16731 2.999706 -6.338826 -1e-06 -1e-06 -18.123446 3.648181 -4.905671 -3e-06 1e-06 -1e-06 14.236592 6.488791 12.012544 48.62566 -4.89563 -45.847622 177.989746 62.238419 177.980682 -25.09635 13.90393 -2.238294 2.243543 -5.255036 -3.180158 14.282889 -0.826594 6.952505 -3e-06 -12.690601 1e-06 17.062418 -18.322773 2.363686 1.665666 -1.95592 -2.878299 4.727801 -4.170586 4.993926 11.020528 3e-06 -2e-06 12.109056 -3.735716 -2.866785 1e-06 -1e-06 -0.0 1.291985 -1.928548 -1.498091 14.800132 0.567467 3.865609 14.242575 -1.341736 -6.660658 19.631969 0.143926 -0.648245 51.099403 -1.035787 -6.510325 0.353029 -1.511151 -0.031941 20.222794 3.684309 2.316629 18.787273 5e-06 -0.0 10.751627 -0.479867 1.397905 -1e-06 1e-06 -0.0 3.273807 0.305947 -0.580109 21.486813 11.830373 2.266133 8.162927 2e-06 -1e-06 18.399084 -3.798984 -4.940574 3e-06 1e-06 -1e-06 11.681698 15.284389 2.156189 -0.125877 -0.320741 11.487565 -11.140572 0.179558 -6.295929 1.634601 -2.001808 0.476321 -0.0 -0.0 2e-06 -11.978718 -10.815892 6.327982 -0.029061 0.27236 5.194545 11.278594 -5.493991 -3.82309 -1.431187 0.965564 0.539878 -0.0 0.0 -1e-06 
0.0 0.0 0.0 0.0 -0.0 0.0 1.153909 98.646797 0.487314 -0.09356 -2.422858 -4.477452 -0.655838 0.180464 -2.18303 -0.82777 -0.238296 -5.571976 -3.12488 -2.135838 13.211912 16.964149 -5.552802 9.402384 -1.06047 -2.168684 -3.766106 15.824457 -8.907241 -7.801751 7.8e-05 -2.4e-05 6e-06 -0.139595 0.265227 -0.014348 0.631999 -3.369179 -10.622808 -0.890374 3.879426 -10.698373 -18.177639 -3.154635 14.153982 -51.361778 -13.34306 16.314795 -0.177375 -24.099144 0.007552 2.186793 -0.867347 -7.746912 -5.88211 9.861292 0.702592 -10.936878 -0.360576 7.156207 1e-06 8.774831 2e-06 -16.013371 17.974461 6.021815 -1.844034 2.498505 -2.507279 -10.163609 4.678948 4.62111 -20.97604 -7e-06 -1e-06 -21.226301 2.451696 -3.594001 2e-06 -6e-06 0.0 -1.362682 2.240798 -0.746324 -21.33493 0.584909 3.008323 -13.821226 -5e-06 1e-06 -23.88719 -0.249081 -0.839482 -60.726891 2.503881 -1.131467 -0.294025 1.679688 0.833256 -14.218221 0.093214 1.30058 -34.212082 -0.287569 0.96717 -20.03323 0.964534 1.212845 -0.0 0.0 -0.0 -3.440391 0.788233 0.501656 -15.9282 -3.167313 2.999707 -6.338831 -2e-06 -1e-06 -18.123459 3.648184 -4.905674 -3e-06 1e-06 -1e-06 14.3467 6.556818 12.32175 47.997742 -4.240767 -41.486496 177.367249 67.270889 177.264389 -21.561838 11.320159 -4.090853 2.243544 -5.255042 -3.180163 14.282906 -0.826593 6.952515 -2e-06 -12.690618 -3e-06 17.047976 -18.437471 2.187085 1.665668 -1.955926 -2.878302 4.727805 -4.170589 4.99393 11.020536 3e-06 1e-06 12.109062 -3.735719 -2.866786 0.0 1e-06 2e-06 1.291988 -1.928551 -1.498091 14.800148 0.567472 3.865615 14.242588 -1.341738 -6.660665 19.63199 0.143924 -0.648242 50.751225 -0.897895 -6.561928 0.353029 -1.511153 -0.031941 20.222815 3.684314 2.316638 18.787296 5e-06 3e-06 10.751639 -0.47987 1.397909 -0.0 -0.0 0.0 3.27381 0.305948 -0.58011 21.486839 11.830385 2.266142 8.162935 2e-06 1e-06 18.399101 -3.798989 -4.940578 3e-06 0.0 -1e-06 11.749982 15.37876 2.296042 -0.127912 -0.326436 11.355019 -11.098435 0.251487 -6.21662 1.636134 -1.994111 0.501981 0.0 -0.0 2e-06 -11.913405 -10.647413 6.196561 -0.019119 0.294058 5.336699 11.203665 -5.513891 -3.8688 -1.428161 0.966233 0.632862 0.0 0.0 -1e-06 
0.0 0.0 0.0 0.0 -0.0 0.0 1.124025 98.657593 0.379993 -0.112887 -2.608864 -4.545763 -0.629194 0.161184 -2.167108 -0.839181 -0.190044 -5.586277 -3.126441 -2.146843 13.344413 16.884968 -5.439236 9.330578 -1.155647 -2.114631 -3.804571 15.430755 -8.753357 -7.814593 7.8e-05 -2.3e-05 6e-06 -0.136625 0.258344 -0.020994 0.639601 -3.377663 -10.653943 -0.892752 3.875066 -10.733823 -18.320877 -3.237711 14.438402 -51.349167 -13.245689 16.294567 -0.14512 -24.186333 -0.006997 2.450624 -0.848349 -7.794007 -5.882105 9.861285 0.702592 -10.936872 -0.360576 7.156205 1e-06 8.774825 -1e-06 -15.910997 17.973228 6.093653 -1.844032 2.498504 -2.507276 -10.1636 4.678944 4.621109 -20.976023 -5e-06 2e-06 -21.226288 2.451695 -3.593998 2e-06 -6e-06 0.0 -1.362681 2.240798 -0.746323 -21.334913 0.584908 3.008323 -13.821214 -4e-06 3e-06 -23.887169 -0.24908 -0.839482 -60.667381 2.512707 -1.126508 -0.294025 1.679687 0.833256 -14.218208 0.093214 1.300581 -34.212051 -0.287567 0.967171 -20.033215 0.964534 1.212844 -1e-06 -0.0 1e-06 -3.440388 0.788234 0.501654 -15.928185 -3.167311 2.999706 -6.338827 -1e-06 -1e-06 -18.123446 3.648183 -4.905669 -3e-06 1e-06 -1e-06 14.562865 6.652088 12.675556 47.2327 -3.32626 -36.754845 176.89978 73.159767 176.725479 -18.028082 8.477393 -5.531429 2.243542 -5.255039 -3.180158 14.282893 -0.826594 6.952505 -4e-06 -12.690605 -1e-06 16.965368 -18.553288 2.156742 1.665667 -1.955922 -2.878299 4.727801 -4.170588 4.993925 11.020528 2e-06 0.0 12.109053 -3.735717 -2.866786 -0.0 -1e-06 -2e-06 1.291985 -1.928549 -1.49809 14.800132 0.567468 3.86561 14.242576 -1.341737 -6.660659 19.631969 0.143926 -0.648244 50.556026 -0.783132 -6.619882 0.353031 -1.511151 -0.03194 20.222797 3.684312 2.316633 18.787273 4e-06 -0.0 10.751631 -0.479869 1.397908 0.0 -1e-06 -0.0 3.273805 0.305947 -0.580111 21.486814 11.830378 2.266135 8.16293 2e-06 -0.0 18.399084 -3.798985 -4.940577 3e-06 0.0 -0.0 11.815999 15.46048 2.414983 -0.132509 -0.332782 11.234049 -11.049116 0.349442 -6.127648 1.638016 -1.979144 0.539488 -0.0 -0.0 2e-06 -11.836902 -10.461105 6.070422 -0.014484 0.296342 5.466197 11.155185 -5.590313 -3.934205 -1.425383 0.966609 0.73462 -0.0 0.0 -1e-06 
0.0 0.0 0.0 0.0 -0.0 0.0 1.093636 98.664551 0.267683 -0.130416 -2.74008 -4.62016 -0.610411 0.1437 -2.156025 -0.852889 -0.137897 -5.605998 -3.144058 -2.169916 13.466127 16.823875 -5.328391 9.274332 -1.219468 -2.055408 -3.849695 15.065578 -8.535284 -7.8382 7.8e-05 -2.4e-05 6e-06 -0.132043 0.243858 -0.024917 0.648503 -3.393905 -10.67964 -0.893292 3.863571 -10.762626 -18.431469 -3.319101 14.696749 -51.392815 -13.085796 16.476812 -0.075215 -24.301107 -0.057556 2.745832 -0.859622 -7.918437 -5.882111 9.861293 0.702591 -10.93688 -0.360575 7.156208 0.0 8.774833 0.0 -15.805528 17.990072 6.160606 -1.844034 2.498506 -2.50728 -10.163608 4.678949 4.621111 -20.97604 -3e-06 1e-06 -21.226305 2.451699 -3.594003 2e-06 -6e-06 0.0 -1.362683 2.240801 -0.746324 -21.33493 0.58491 3.008323 -13.821225 -2e-06 1e-06 -23.887184 -0.249079 -0.839486 -60.567291 2.517956 -1.14388 -0.294025 1.679688 0.833259 -14.218221 0.093216 1.300578 -34.212082 -0.287566 0.967166 -20.033232 0.964534 1.212842 -1e-06 0.0 -0.0 -3.440391 0.788234 0.501656 -15.928201 -3.167312 2.999708 -6.338831 -0.0 -1e-06 -18.123459 3.648187 -4.905676 -3e-06 1e-06 -1e-06 14.856181 6.719858 13.017833 46.23735 -2.218998 -31.649902 176.67334 80.008751 176.574799 -14.490649 5.48759 -6.561517 2.243542 -5.255035 -3.180157 14.282886 -0.826595 6.952502 0.0 -12.690601 0.0 16.69121 -18.648933 2.311189 1.665666 -1.955921 -2.878298 4.727797 -4.170587 4.993924 11.020521 2e-06 1e-06 12.109048 -3.735716 -2.866782 -0.0 -0.0 0.0 1.291986 -1.928549 -1.498089 14.800125 0.567467 3.865605 14.242567 -1.341737 -6.660655 19.631962 0.143925 -0.648244 50.613842 -0.729297 -6.664361 0.353029 -1.51115 -0.03194 20.222784 3.684308 2.316629 18.78727 2e-06 -1e-06 10.751625 -0.479869 1.397903 0.0 1e-06 0.0 3.273806 0.305947 -0.58011 21.486801 11.830368 2.266131 8.162923 1e-06 0.0 18.399075 -3.798986 -4.940574 2e-06 -1e-06 -0.0 11.875034 15.518093 2.496233 -0.13344 -0.337942 11.162376 -10.970793 0.435348 -6.042443 1.637781 -1.957837 0.56711 -0.0 -0.0 2e-06 -11.760473 -10.28758 5.952003 -0.015535 0.286792 5.621271 11.119449 -5.71913 -4.023296 -1.425023 0.968266 0.789316 0.0 0.0 -1e-06 
0.0 0.0 0.0 0.0 -0.0 0.0 1.056943 98.668411 0.168977 -0.134688 -2.807145 -4.705188 -0.597755 0.131534 -2.147467 -0.858526 -0.069334 -5.625273 -3.194505 -2.210403 13.580352 16.752651 -5.206292 9.218369 -1.26934 -2.044529 -3.885967 14.721988 -8.309608 -7.829944 7.8e-05 -2.3e-05 6e-06 -0.126992 0.22047 -0.026369 0.656874 -3.418132 -10.702104 -0.892524 3.842673 -10.785287 -18.509317 -3.402986 14.900249 -51.49049 -12.923594 16.78623 0.022823 -24.374372 -0.13279 3.009695 -0.885211 -7.955978 -5.882111 9.861292 0.702591 -10.936877 -0.360574 7.156207 -1e-06 8.774831 -1e-06 -15.694173 18.029194 6.214517 -1.844033 2.498505 -2.507278 -10.163605 4.678949 4.621109 -20.976034 -1e-06 1e-06 -21.226297 2.451701 -3.594002 1e-06 -6e-06 0.0 -1.362683 2.2408 -0.746323 -21.334929 0.584911 3.008323 -13.821222 -1e-06 2e-06 -23.887188 -0.249077 -0.839485 -60.422382 2.546087 -1.179764 -0.294025 1.679688 0.833255 -14.218217 0.093216 1.300581 -34.21207 -0.287561 0.967168 -20.033228 0.964539 1.212843 -0.0 -1e-06 -0.0 -3.44039 0.788234 0.501656 -15.928198 -3.16731 2.999708 -6.338829 -0.0 -0.0 -18.123459 3.648187 -4.905675 -3e-06 1e-06 -1e-06 15.189036 6.736881 13.311558 44.948471 -0.964144 -26.129339 178.462494 87.820213 178.610397 -10.679313 2.470259 -6.998188 2.243541 -5.255037 -3.180159 14.282894 -0.826597 6.952507 -1e-06 -12.690607 0.0 16.168556 -18.704031 2.643171 1.665665 -1.955922 -2.878299 4.7278 -4.170588 4.993925 11.020529 1e-06 -1e-06 12.109056 -3.735717 -2.866785 0.0 -0.0 -1e-06 1.291985 -1.92855 -1.498089 14.800131 0.567466 3.865609 14.242576 -1.341738 -6.66066 19.631969 0.143924 -0.648247 50.779392 -0.752146 -6.648052 0.353029 -1.511151 -0.031939 20.222795 3.684307 2.316632 18.787273 2e-06 -0.0 10.75163 -0.479871 1.397906 -0.0 0.0 -0.0 3.273808 0.305947 -0.58011 21.486816 11.830376 2.266134 8.16293 -0.0 -1e-06 18.399088 -3.798988 -4.940578 3e-06 0.0 -1e-06 11.905384 15.46561 2.576015 -0.129949 -0.336384 11.08714 -10.858918 0.56513 -5.950988 1.635276 -1.947586 0.592725 0.0 -0.0 2e-06 -11.698985 -10.128481 5.855838 -0.019577 0.277725 5.807359 11.082936 -5.893243 -4.119483 -1.426264 0.957909 0.794261 -0.0 1e-06 -1e-06 
0.0 0.0 0.0 0.0 -0.0 0.0 1.015872 98.661194 0.080244 -0.114028 -2.792622 -4.803634 -0.610036 0.118751 -2.134076 -0.866347 -0.012576 -5.632572 -3.255828 -2.239618 13.663672 16.678814 -5.085115 9.154572 -1.302087 -2.084767 -3.894177 14.372255 -8.112153 -7.784777 7.7e-05 -2.2e-05 6e-06 -0.119974 0.18708 -0.024831 0.666578 -3.451826 -10.720104 -0.889277 3.811547 -10.802641 -18.540445 -3.487834 15.05741 -51.657391 -12.776449 17.159647 0.177901 -24.393324 -0.22207 3.195892 -0.893177 -7.826689 -5.882108 9.861288 0.702591 -10.936873 -0.360573 7.156208 -1e-06 8.774828 -0.0 -15.619044 18.106653 6.261268 -1.844032 2.498504 -2.507277 -10.1636 4.678948 4.62111 -20.976027 -1e-06 1e-06 -21.226294 2.4517 -3.594005 1e-06 -5e-06 -1e-06 -1.362682 2.240799 -0.746323 -21.334917 0.584912 3.008324 -13.821217 -1e-06 -0.0 -23.887175 -0.249076 -0.839485 -60.323002 2.619452 -1.228024 -0.294025 1.679688 0.833256 -14.21821 0.093217 1.300581 -34.212048 -0.287558 0.967166 -20.033215 0.964539 1.21284 -0.0 -0.0 -0.0 -3.440389 0.788234 0.501655 -15.928185 -3.167308 2.999706 -6.338826 -1e-06 0.0 -18.123446 3.648186 -4.905669 -3e-06 1e-06 -1e-06 15.542918 6.733754 13.534257 43.349365 0.366987 -20.108871 -4.388644 83.583084 -3.912436 -6.205899 -0.43459 -6.443599 2.243543 -5.255039 -3.180159 14.282902 -0.826597 6.952507 -1e-06 -12.690609 2e-06 15.615514 -18.71694 2.994672 1.665668 -1.955922 -2.8783 4.727802 -4.17059 4.993927 11.020535 3e-06 -0.0 12.10906 -3.735719 -2.866785 -0.0 -0.0 -0.0 1.291986 -1.92855 -1.498089 14.800139 0.567466 3.86561 14.242583 -1.341737 -6.660662 19.631985 0.143924 -0.648247 50.7882 -0.804677 -6.612401 0.353031 -1.511151 -0.03194 20.222803 3.684309 2.316633 18.787287 2e-06 -1e-06 10.751636 -0.479869 1.397906 1e-06 -0.0 0.0 3.273808 0.305947 -0.580109 21.486828 11.830376 2.266134 8.162933 0.0 -0.0 18.399096 -3.798988 -4.940578 3e-06 0.0 -1e-06 11.890262 15.2869 2.613124 -0.123244 -0.327763 11.081428 -10.766374 0.726348 -5.908101 1.632514 -1.963788 0.634847 0.0 -1e-06 2e-06 -11.663939 -9.990649 5.74328 -0.024173 0.267334 6.106488 11.045787 -6.06295 -4.25822 -1.427531 0.937597 0.76663 0.0 0.0 -1e-06 
0.0 0.0 0.0 0.0 -0.0 0.0 0.968703 98.64389 -0.000835 -0.058292 -2.684566 -4.892057 -0.642858 0.112384 -2.122074 -0.881636 0.014807 -5.621075 -3.307542 -2.212592 13.703276 16.597084 -4.9653 9.056385 -1.328348 -2.186476 -3.863847 14.059492 -8.010585 -7.74404 7.7e-05 -2.1e-05 6e-06 -0.116685 0.16528 -0.017239 0.66677 -3.47297 -10.716854 -0.883753 3.790771 -10.795095 -18.551355 -3.557127 15.122937 -51.838898 -12.610973 17.484539 0.313655 -24.458912 -0.269946 3.304492 -0.907975 -7.666869 -5.882109 9.861292 0.702592 -10.936877 -0.360575 7.156208 -0.0 8.774831 0.0 -15.601616 18.207811 6.311254 -1.844033 2.498506 -2.507279 -10.163604 4.678948 4.62111 -20.97603 -2e-06 1e-06 -21.226297 2.4517 -3.594003 0.0 -5e-06 0.0 -1.362682 2.240799 -0.746322 -21.334925 0.584911 3.008324 -13.821221 -2e-06 -0.0 -23.887184 -0.249079 -0.839485 -60.317047 2.691245 -1.231162 -0.294025 1.679688 0.833256 -14.218214 0.093216 1.300581 -34.212067 -0.287561 0.96717 -20.033222 0.964536 1.212842 -0.0 -0.0 1e-06 -3.44039 0.788234 0.501656 -15.928192 -3.16731 2.999708 -6.338829 -1e-06 -0.0 -18.123457 3.648187 -4.905676 -3e-06 0.0 -1e-06 15.913313 6.741057 13.698394 41.723785 1.648066 -13.906039 -2.761001 74.84539 -2.049468 -1.611843 -2.566404 -4.764352 2.243542 -5.255039 -3.180157 14.282896 -0.826598 6.952505 1e-06 -12.690612 1e-06 15.382798 -18.694069 3.154495 1.665667 -1.955923 -2.8783 4.727803 -4.170592 4.993925 11.020529 1e-06 -1e-06 12.109058 -3.73572 -2.866787 -0.0 -1e-06 -2e-06 1.291986 -1.928551 -1.498089 14.800136 0.567465 3.865609 14.242578 -1.34174 -6.660661 19.631973 0.143924 -0.648248 50.46772 -0.797565 -6.638685 0.353029 -1.511153 -0.03194 20.222797 3.684309 2.316631 18.787279 1e-06 -1e-06 10.751631 -0.479871 1.397905 -2e-06 0.0 -0.0 3.273808 0.305945 -0.58011 21.48682 11.830379 2.266134 8.16293 0.0 -2e-06 18.399094 -3.79899 -4.940581 3e-06 -1e-06 -1e-06 11.82556 15.053682 2.582415 -0.113709 -0.309422 11.139961 -10.754286 0.823135 -5.870587 1.629826 -1.998382 0.684754 0.0 -0.0 2e-06 -11.6644 -9.885499 5.584292 -0.026746 0.259728 6.53302 11.022826 -6.203085 -4.490344 -1.428104 0.927911 0.745705 -0.0 0.0 -1e-06 
0.0 0.0 0.0 0.0 -0.0 0.0 0.9145 98.628265 -0.08511 0.033474 -2.454219 -4.95484 -0.67243 0.116751 -2.0957 -0.895593 0.045623 -5.592022 -3.345646 -2.144517 13.702427 16.47649 -4.817171 8.862015 -1.354252 -2.300463 -3.822734 13.844965 -8.017833 -7.755853 7.7e-05 -2.1e-05 6e-06 -0.121332 0.155467 -0.008395 0.652989 -3.482932 -10.700032 -0.879853 3.782285 -10.76702 -18.564859 -3.584602 15.087142 -51.989552 -12.421804 17.733633 0.393382 -24.646885 -0.274659 3.329387 -0.94618 -7.707092 -5.88211 9.861288 0.70259 -10.936877 -0.360576 7.156212 1e-06 8.774828 0.0 -15.661766 18.324469 6.348012 -1.844034 2.498505 -2.507279 -10.163604 4.678946 4.621112 -20.976034 -4e-06 1e-06 -21.226299 2.451696 -3.594002 1e-06 -6e-06 -1e-06 -1.362681 2.240798 -0.746326 -21.334925 0.58491 3.008327 -13.821221 -2e-06 2e-06 -23.887184 -0.249079 -0.839482 -60.386395 2.69849 -1.185657 -0.294025 1.679688 0.833256 -14.218216 0.093215 1.300582 -34.21207 -0.287566 0.967173 -20.033226 0.964538 1.212846 -0.0 0.0 1e-06 -3.44039 0.788233 0.501656 -15.928196 -3.167311 2.999709 -6.33883 -2e-06 -1e-06 -18.123457 3.648183 -4.905673 -3e-06 1e-06 -2e-06 16.223515 6.777358 13.870338 40.670677 2.627167 -7.944975 -1.621458 66.907677 -0.780615 1.888356 -3.373575 -2.590739 2.243542 -5.255036 -3.180156 14.28289 -0.826595 6.952502 1e-06 -12.690604 3e-06 15.433288 -18.62682 3.13872 1.665667 -1.955921 -2.8783 4.727798 -4.170587 4.993924 11.020526 3e-06 -2e-06 12.109052 -3.735716 -2.866784 0.0 -1e-06 0.0 1.291986 -1.92855 -1.498088 14.800129 0.567467 3.865606 14.242576 -1.341736 -6.660658 19.631969 0.143924 -0.648248 50.109879 -0.759419 -6.676538 0.353029 -1.51115 -0.031939 20.222794 3.684307 2.316628 18.787273 4e-06 -4e-06 10.751627 -0.479871 1.397904 -1e-06 1e-06 1e-06 3.273806 0.305946 -0.580112 21.486809 11.830371 2.26613 8.162927 1e-06 -1e-06 18.39908 -3.798984 -4.940577 3e-06 1e-06 -1e-06 11.71585 14.827448 2.500932 -0.109071 -0.299701 11.167988 -10.818343 0.852674 -5.763606 1.628857 -2.032627 0.7002 -0.0 -0.0 2e-06 -11.701472 -9.822182 5.412404 -0.027684 0.24785 6.999197 10.992822 -6.392836 -4.763512 -1.427467 0.94237 0.755651 0.0 0.0 -1e-06 
0.0 0.0 0.0 0.0 -0.0 0.0 0.854255 98.62307 -0.173495 0.150684 -2.122287 -4.982759 -0.697138 0.123254 -2.054291 -0.894489 0.097391 -5.559898 -3.356929 -2.068115 13.685841 16.280849 -4.637922 8.583975 -1.37352 -2.420022 -3.800039 13.71939 -8.047976 -7.794282 7.7e-05 -2.2e-05 6e-06 -0.129502 0.151207 -0.004556 0.634439 -3.487978 -10.683208 -0.878111 3.780192 -10.735093 -18.595387 -3.579098 14.982265 -52.072842 -12.267966 17.967598 0.393112 -24.849867 -0.248534 3.209894 -0.98427 -7.782972 -5.882107 9.861285 0.702592 -10.936873 -0.360575 7.156207 1e-06 8.774826 -1e-06 -15.728047 18.392477 6.371356 -1.844032 2.498503 -2.507278 -10.163603 4.678945 4.621109 -20.97603 -5e-06 3e-06 -21.226292 2.451697 -3.593998 2e-06 -5e-06 1e-06 -1.362682 2.240798 -0.746325 -21.334919 0.584909 3.008327 -13.821218 -3e-06 2e-06 -23.887171 -0.249076 -0.83948 -60.436726 2.656285 -1.122816 -0.294026 1.679688 0.833256 -14.218212 0.093215 1.300582 -34.212063 -0.287564 0.967173 -20.033218 0.964537 1.212845 -1e-06 -1e-06 -0.0 -3.440389 0.788234 0.501656 -15.928189 -3.167311 2.999709 -6.338829 -1e-06 0.0 -18.123447 3.648184 -4.905669 -3e-06 1e-06 -1e-06 16.439524 6.816707 14.077728 40.422344 3.085855 -2.329338 -1.035541 60.497246 -0.142359 3.853663 -3.183917 -0.48427 2.243541 -5.255039 -3.180157 14.282894 -0.826595 6.952505 -4e-06 -12.690603 1e-06 15.522029 -18.472668 3.067173 1.665667 -1.955923 -2.878301 4.727798 -4.170585 4.993926 11.020528 3e-06 -2e-06 12.109055 -3.735716 -2.866785 -1e-06 2e-06 0.0 1.291986 -1.92855 -1.498089 14.800131 0.567471 3.865608 14.242573 -1.341735 -6.660661 19.631971 0.143927 -0.648245 49.839878 -0.730424 -6.655009 0.353029 -1.511151 -0.03194 20.222795 3.684311 2.31663 18.787275 8e-06 -1e-06 10.751629 -0.479867 1.397906 1e-06 -1e-06 -0.0 3.273808 0.305947 -0.58011 21.486816 11.830379 2.266132 8.162928 1e-06 -1e-06 18.399088 -3.798984 -4.940575 1e-06 1e-06 -2e-06 11.569429 14.614615 2.399447 -0.107387 -0.297773 11.094475 -10.893533 0.858967 -5.56367 1.63125 -2.047709 0.668752 0.0 -1e-06 2e-06 -11.764828 -9.802292 5.262198 -0.026776 0.239913 7.408686 10.927742 -6.668323 -4.983431 -1.428185 0.968746 0.776028 0.0 1e-06 -1e-06 
0.0 0.0 0.0 0.0 -0.0 0.0 0.7921 98.624756 -0.264556 0.285523 -1.720481 -4.972783 -0.725188 0.114855 -1.999835 -0.879694 0.156015 -5.536254 -3.349117 -2.022197 13.669445 16.037905 -4.436583 8.24121 -1.370799 -2.523768 -3.785965 13.618947 -8.079103 -7.8544 7.8e-05 -2.2e-05 7e-06 -0.133563 0.145833 -0.005865 0.623697 -3.496251 -10.676906 -0.876 3.779364 -10.714995 -18.669291 -3.58443 14.851172 -52.061916 -12.181511 18.337719 0.36793 -24.907543 -0.214387 2.963684 -1.010179 -7.776757 -5.882106 9.861285 0.70259 -10.936873 -0.360575 7.156205 1e-06 8.774826 0.0 -15.769776 18.379333 6.376699 -1.844033 2.498504 -2.507278 -10.163601 4.678945 4.621109 -20.976023 -6e-06 4e-06 -21.226286 2.451696 -3.593998 2e-06 -5e-06 0.0 -1.362682 2.240798 -0.746323 -21.334917 0.584907 3.008322 -13.821217 -4e-06 1e-06 -23.887175 -0.249081 -0.83948 -60.452583 2.612232 -1.065717 -0.294025 1.679687 0.833257 -14.218211 0.093213 1.300581 -34.212051 -0.287569 0.967172 -20.033215 0.964536 1.212846 -0.0 0.0 1e-06 -3.440389 0.788233 0.501656 -15.928189 -3.167311 2.999706 -6.338826 -2e-06 -2e-06 -18.123453 3.648181 -4.905668 -3e-06 0.0 -1e-06 16.609034 6.829118 14.298099 40.822105 3.038291 2.84464 -0.726894 55.811508 0.10334 4.440274 -2.354749 1.169725 2.243541 -5.255036 -3.180157 14.282894 -0.826596 6.952501 -3e-06 -12.690605 1e-06 15.576743 -18.282427 2.986948 1.665666 -1.955922 -2.8783 4.7278 -4.170587 4.993925 11.020528 3e-06 -1e-06 12.109055 -3.735716 -2.866785 -0.0 1e-06 1e-06 1.291987 -1.928549 -1.498089 14.800132 0.567469 3.865608 14.242577 -1.341737 -6.66066 19.631973 0.143927 -0.648245 49.625633 -0.704166 -6.622319 0.353027 -1.511148 -0.03194 20.222795 3.684311 2.31663 18.787273 5e-06 -1e-06 10.75163 -0.479867 1.397906 -0.0 1e-06 -1e-06 3.273807 0.305949 -0.580111 21.48682 11.830377 2.266131 8.162929 1e-06 -1e-06 18.399088 -3.798985 -4.940578 1e-06 -1e-06 -2e-06 11.390207 14.400616 2.263298 -0.106641 -0.295484 10.963503 -10.955908 0.821217 -5.309121 1.637308 -2.044062 0.638046 0.0 -0.0 2e-06 -11.850457 -9.844195 5.11508 -0.024829 0.233195 7.776073 10.852748 -6.99332 -5.162162 -1.431937 0.982691 0.79001 -0.0 0.0 -1e-06 
0.0 0.0 0.0 0.0 -0.0 0.0 0.729348 98.637772 -0.354178 0.430646 -1.277983 -4.918355 -0.751153 0.091109 -1.946233 -0.853157 0.20342 -5.520675 -3.32569 -1.991126 13.639744 15.745583 -4.237272 7.847427 -1.345197 -2.584303 -3.765221 13.499878 -8.159163 -7.888063 7.7e-05 -2.2e-05 6e-06 -0.137185 0.156258 -0.009649 0.616689 -3.492729 -10.680622 -0.876619 3.797885 -10.711555 -18.78299 -3.603636 14.740914 -51.976357 -12.214861 18.768551 0.281292 -24.745184 -0.167856 2.68022 -0.979136 -7.580034 -5.882106 9.861286 0.702591 -10.936872 -0.360575 7.156205 0.0 8.774824 1e-06 -15.779054 18.311331 6.357834 -1.844032 2.498504 -2.507278 -10.1636 4.678946 4.621109 -20.976027 -2e-06 2e-06 -21.22629 2.451697 -3.594004 2e-06 -5e-06 -1e-06 -1.362682 2.240798 -0.746323 -21.334917 0.58491 3.008325 -13.821217 -3e-06 1e-06 -23.887175 -0.249078 -0.839484 -60.416283 2.588422 -1.042945 -0.294025 1.679688 0.833255 -14.218208 0.093215 1.30058 -34.212051 -0.287564 0.967169 -20.033213 0.964537 1.212844 -0.0 -0.0 -0.0 -3.440389 0.788233 0.501657 -15.928189 -3.16731 2.999708 -6.338826 -0.0 -0.0 -18.123447 3.648184 -4.905672 -3e-06 0.0 -1e-06 16.744787 6.793994 14.515605 41.618015 2.689281 7.911087 -0.547837 52.346798 0.132077 4.257054 -1.058452 2.442865 2.243541 -5.255036 -3.180156 14.282893 -0.826595 6.952505 -3e-06 -12.690604 1e-06 15.638049 -18.135185 2.906058 1.665665 -1.955921 -2.878298 4.7278 -4.170588 4.993922 11.020528 4e-06 0.0 12.109055 -3.735716 -2.866783 0.0 1e-06 -0.0 1.291985 -1.928549 -1.498091 14.800131 0.567469 3.865608 14.242576 -1.341735 -6.660657 19.631969 0.143926 -0.648244 49.501644 -0.69285 -6.618119 0.35303 -1.511151 -0.031938 20.222795 3.684311 2.316631 18.787273 7e-06 0.0 10.751629 -0.479869 1.397907 -1e-06 1e-06 -2e-06 3.273808 0.305947 -0.580112 21.486816 11.830379 2.266132 8.162928 1e-06 -2e-06 18.399084 -3.798985 -4.940578 4e-06 -0.0 -1e-06 11.182572 14.157169 2.117433 -0.110736 -0.283911 10.732227 -11.008925 0.756434 -5.023906 1.643336 -2.031787 0.607369 -0.0 -0.0 2e-06 -11.950793 -9.941742 4.987995 -0.02324 0.220877 8.041564 10.809359 -7.326106 -5.30636 -1.436922 0.978943 0.77285 0.0 0.0 -1e-06 
0.0 0.0 0.0 0.0 -0.0 0.0 0.66249 98.659492 -0.439629 0.569004 -0.817521 -4.842981 -0.761646 0.080673 -1.896616 -0.833361 0.210339 -5.503541 -3.281559 -1.972275 13.594136 15.440809 -4.060246 7.453084 -1.318788 -2.601185 -3.751176 13.359331 -8.273293 -7.897134 7.8e-05 -2.2e-05 6e-06 -0.138312 0.171189 -0.012051 0.616383 -3.484824 -10.682831 -0.878961 3.820481 -10.712708 -18.910143 -3.632571 14.691122 -51.845837 -12.34209 19.094854 0.133072 -24.449495 -0.102825 2.439705 -0.892908 -7.267789 -5.882106 9.861284 0.70259 -10.936872 -0.360574 7.156207 0.0 8.774824 1e-06 -15.7931 18.229475 6.315982 -1.844033 2.498505 -2.507277 -10.163601 4.678945 4.621108 -20.976023 -4e-06 2e-06 -21.226286 2.451698 -3.593999 2e-06 -5e-06 0.0 -1.362681 2.240798 -0.746323 -21.334915 0.58491 3.008325 -13.821215 -2e-06 2e-06 -23.887175 -0.249078 -0.839482 -60.374168 2.567737 -1.059874 -0.294026 1.679688 0.833256 -14.218209 0.093215 1.300581 -34.212051 -0.287563 0.96717 -20.033213 0.964539 1.212842 -0.0 1e-06 -1e-06 -3.440389 0.788235 0.501656 -15.928189 -3.16731 2.999707 -6.338828 -1e-06 1e-06 -18.123449 3.648183 -4.905669 -3e-06 1e-06 -1e-06 16.866892 6.699835 14.705877 42.591789 2.281359 13.31466 -0.618192 49.625034 -0.029541 4.036225 0.602346 3.751041 2.243541 -5.255035 -3.180157 14.282887 -0.826595 6.952499 -3e-06 -12.690603 1e-06 15.756982 -18.069149 2.801467 1.665665 -1.95592 -2.878297 4.727796 -4.170587 4.993924 11.020524 3e-06 -1e-06 12.109049 -3.735714 -2.866781 -0.0 0.0 -0.0 1.291986 -1.92855 -1.498088 14.800122 0.567469 3.865604 14.242567 -1.341735 -6.660657 19.631962 0.143927 -0.648245 49.51096 -0.69497 -6.649725 0.353028 -1.51115 -0.031942 20.222786 3.684309 2.31663 18.78727 4e-06 -0.0 10.751625 -0.479868 1.397905 1e-06 2e-06 -0.0 3.273804 0.305948 -0.580111 21.486805 11.830373 2.266131 8.162924 1e-06 -1e-06 18.399076 -3.798986 -4.940576 3e-06 -1e-06 -0.0 10.974933 13.876082 1.987452 -0.119636 -0.267771 10.4187 -11.033774 0.700186 -4.742971 1.646327 -2.012439 0.58405 0.0 0.0 2e-06 -12.049537 -10.078648 4.906378 -0.018189 0.202027 8.196783 10.811128 -7.634966 -5.434281 -1.441059 0.966219 0.746479 0.0 1e-06 -1e-06 
0.0 0.0 0.0 0.0 -0.0 0.0 0.586881 98.684464 -0.517521 0.687342 -0.351626 -4.772826 -0.752317 0.084782 -1.848678 -0.821782 0.194159 -5.492498 -3.207866 -1.960261 13.552708 15.105827 -3.877408 7.072017 -1.288115 -2.618502 -3.739476 13.229247 -8.39406 -7.928785 7.7e-05 -2.2e-05 6e-06 -0.137421 0.181627 -0.014216 0.622656 -3.479655 -10.679829 -0.883844 3.836296 -10.711281 -19.025839 -3.65958 14.669685 -51.719715 -12.528859 19.405272 -0.010477 -24.103632 -0.041247 2.201701 -0.751656 -7.000206 -5.88211 9.861292 0.702589 -10.936876 -0.360574 7.156206 -2e-06 8.774829 -0.0 -15.835022 18.17741 6.265063 -1.844033 2.498506 -2.507278 -10.163605 4.678949 4.621109 -20.976032 -0.0 -1e-06 -21.226295 2.4517 -3.594004 2e-06 -5e-06 0.0 -1.362682 2.240799 -0.746324 -21.334923 0.584915 3.008322 -13.821219 -1e-06 -0.0 -23.887178 -0.249077 -0.839488 -60.350822 2.549671 -1.121782 -0.294025 1.679687 0.833256 -14.218215 0.093218 1.30058 -34.212067 -0.287559 0.967166 -20.03322 0.964537 1.21284 -1e-06 -1e-06 -1e-06 -3.44039 0.788235 0.501653 -15.928192 -3.167308 2.999707 -6.338829 0.0 -1e-06 -18.123457 3.648186 -4.905676 -3e-06 1e-06 -1e-06 17.006632 6.543316 14.874869 43.683205 1.979584 19.192774 -0.855737 47.164875 -0.254112 3.998379 2.610401 5.168167 2.243544 -5.25504 -3.180159 14.282901 -0.826598 6.952507 -1e-06 -12.69061 1e-06 15.922496 -18.056763 2.691684 1.665667 -1.955923 -2.878299 4.727804 -4.17059 4.993929 11.020535 1e-06 -2e-06 12.109059 -3.735719 -2.866783 0.0 -0.0 0.0 1.291986 -1.92855 -1.498089 14.800139 0.567466 3.865609 14.242582 -1.341737 -6.660661 19.631981 0.143924 -0.648247 49.627617 -0.701204 -6.699877 0.353029 -1.511152 -0.031938 20.222803 3.684308 2.316631 18.787287 2e-06 -2e-06 10.751634 -0.47987 1.397905 1e-06 2e-06 -1e-06 3.27381 0.305947 -0.580111 21.486828 11.830378 2.266132 8.162933 2e-06 -2e-06 18.399097 -3.798984 -4.940578 2e-06 -0.0 0.0 10.790286 13.560381 1.886274 -0.124743 -0.251523 10.065832 -11.002483 0.642605 -4.479838 1.647826 -1.993539 0.558608 -0.0 0.0 2e-06 -12.132382 -10.255107 4.884054 -0.01267 0.185196 8.266923 10.830875 -7.935072 -5.563634 -1.443171 0.954187 0.724337 -0.0 0.0 -1e-06 
0.0 0.0 0.0 0.0 -0.0 0.0 0.51165 98.70813 -0.588113 0.76756 0.114976 -4.708867 -0.733486 0.086233 -1.804572 -0.810413 0.182238 -5.488129 -3.084959 -1.938946 13.519163 14.760046 -3.711547 6.703396 -1.245276 -2.62557 -3.717248 13.090341 -8.525498 -8.027194 7.7e-05 -2.2e-05 6e-06 -0.135635 0.194607 -0.016132 0.627457 -3.471378 -10.670459 -0.885432 3.853833 -10.703639 -19.102545 -3.669961 14.663507 -51.652145 -12.76493 19.672194 -0.113981 -23.805061 0.004251 2.014458 -0.621294 -6.770568 -5.882106 9.861286 0.702589 -10.936873 -0.360577 7.156206 1e-06 8.774826 -2e-06 -15.866454 18.153494 6.239593 -1.844033 2.498505 -2.507278 -10.163602 4.678944 4.621107 -20.976027 -7e-06 3e-06 -21.226288 2.451694 -3.594 0.0 -6e-06 -0.0 -1.362681 2.240798 -0.746323 -21.334917 0.584907 3.008322 -13.821217 -5e-06 1e-06 -23.887177 -0.249081 -0.839481 -60.322956 2.550821 -1.185315 -0.294025 1.679688 0.833256 -14.21821 0.093212 1.30058 -34.212051 -0.287568 0.967173 -20.033215 0.964535 1.212846 -0.0 0.0 -0.0 -3.440389 0.788234 0.501654 -15.928189 -3.167313 2.999708 -6.338828 -2e-06 -1e-06 -18.123447 3.648183 -4.905671 -3e-06 0.0 -1e-06 17.198954 6.364952 15.085349 44.971821 1.849621 24.787376 -1.027575 44.63858 -0.386866 4.018361 4.563376 6.646647 2.243541 -5.255037 -3.180157 14.282892 -0.826593 6.952503 -5e-06 -12.690607 3e-06 16.07481 -18.044144 2.630648 1.665667 -1.955922 -2.878298 4.727799 -4.170589 4.993926 11.020528 4e-06 -1e-06 12.109053 -3.735715 -2.866784 0.0 0.0 -1e-06 1.291984 -1.92855 -1.49809 14.800131 0.567469 3.865607 14.242574 -1.341734 -6.660656 19.631969 0.143929 -0.648244 49.782791 -0.704117 -6.720663 0.353029 -1.511152 -0.03194 20.222797 3.684313 2.316629 18.787275 7e-06 0.0 10.751631 -0.479868 1.397906 1e-06 2e-06 -1e-06 3.273807 0.305948 -0.580111 21.486818 11.830381 2.266131 8.162928 1e-06 -0.0 18.399082 -3.798984 -4.940574 3e-06 -1e-06 -1e-06 10.644163 13.215357 1.768968 -0.125179 -0.239937 9.768967 -10.947627 0.587785 -4.261427 1.64758 -1.98023 0.533828 -0.0 0.0 2e-06 -12.187751 -10.488297 4.914744 -0.00565 0.179676 8.261978 10.859947 -8.198196 -5.685413 -1.444401 0.949809 0.716241 0.0 0.0 -1e-06 
0.0 0.0 0.0 0.0 -0.0 0.0 0.444601 98.730049 -0.647335 0.805368 0.540093 -4.659634 -0.706636 0.072238 -1.764126 -0.79451 0.179848 -5.48976 -2.914222 -1.892971 13.505218 14.464008 -3.594344 6.362987 -1.221014 -2.623461 -3.694013 12.927717 -8.660726 -8.108039 7.6e-05 -2.2e-05 6e-06 -0.13495 0.211869 -0.020197 0.623453 -3.460094 -10.662746 -0.880422 3.876966 -10.697763 -19.150888 -3.614424 14.672165 -51.627201 -13.043903 19.837366 -0.189109 -23.632952 0.033052 1.934428 -0.594637 -6.67574 -5.882108 9.861287 0.702591 -10.936873 -0.360574 7.156206 -0.0 8.774826 -0.0 -15.858824 18.131365 6.228641 -1.844033 2.498504 -2.507278 -10.163603 4.678947 4.621109 -20.97603 -3e-06 0.0 -21.22629 2.451698 -3.594002 1e-06 -5e-06 0.0 -1.362682 2.240799 -0.746325 -21.334921 0.58491 3.008321 -13.821218 -3e-06 -1e-06 -23.887178 -0.24908 -0.839484 -60.258095 2.551101 -1.222297 -0.294025 1.679687 0.833256 -14.218214 0.093216 1.300581 -34.212063 -0.287564 0.967166 -20.033218 0.964535 1.212841 -0.0 0.0 1e-06 -3.44039 0.788233 0.501655 -15.928191 -3.16731 2.999705 -6.338828 -1e-06 -0.0 -18.123455 3.648184 -4.905675 -3e-06 1e-06 -1e-06 17.447521 6.237845 15.333488 46.480705 1.871063 29.66927 -1.081209 41.840443 -0.417206 3.961984 6.172279 8.285565 2.243541 -5.255036 -3.180157 14.282888 -0.826595 6.9525 -3e-06 -12.690603 1e-06 16.194763 -18.020176 2.638756 1.665665 -1.955922 -2.878299 4.727798 -4.170588 4.993925 11.020524 3e-06 -2e-06 12.109052 -3.735715 -2.866784 -0.0 0.0 -2e-06 1.291986 -1.928549 -1.498089 14.800127 0.567467 3.865604 14.242569 -1.341735 -6.660656 19.631962 0.143926 -0.648246 49.966476 -0.708225 -6.686234 0.353029 -1.511151 -0.03194 20.222788 3.684309 2.316627 18.78727 6e-06 -3e-06 10.751626 -0.479867 1.397906 1e-06 2e-06 -1e-06 3.273807 0.305947 -0.580111 21.486809 11.830376 2.266129 8.162926 2e-06 -2e-06 18.399076 -3.798985 -4.940574 3e-06 -0.0 -2e-06 10.551453 12.897236 1.655734 -0.124526 -0.239526 9.538649 -10.89046 0.559542 -4.090537 1.647463 -1.976162 0.534345 -0.0 0.0 2e-06 -12.207193 -10.727324 4.997006 -0.002101 0.181043 8.17739 10.90559 -8.417341 -5.769548 -1.44576 0.949221 0.740571 0.0 0.0 -1e-06 
0.0 0.0 0.0 0.0 -0.0 0.0 0.385785 98.748177 -0.703236 0.82032 0.897116 -4.627235 -0.67465 0.066698 -1.733105 -0.783347 0.17577 -5.494777 -2.715001 -1.833411 13.504845 14.2297 -3.488934 6.075739 -1.213641 -2.65211 -3.674418 12.764549 -8.758216 -8.146575 7.7e-05 -2.2e-05 6e-06 -0.132835 0.217495 -0.025025 0.618334 -3.461002 -10.655955 -0.871379 3.888852 -10.69257 -19.178541 -3.48896 14.667285 -51.629631 -13.317671 20.000273 -0.237796 -23.617861 0.05799 1.951394 -0.642137 -6.677603 -5.882108 9.861289 0.702592 -10.936873 -0.360574 7.156206 -1e-06 8.774829 -1e-06 -15.823853 18.131641 6.22616 -1.844033 2.498506 -2.507278 -10.163602 4.678948 4.62111 -20.97603 -2e-06 2e-06 -21.226294 2.451699 -3.594002 1e-06 -5e-06 -0.0 -1.362682 2.240799 -0.746323 -21.334917 0.584912 3.008323 -13.821217 -2e-06 1e-06 -23.887177 -0.249077 -0.839483 -60.175243 2.549407 -1.253305 -0.294025 1.679688 0.833256 -14.218212 0.093217 1.30058 -34.212059 -0.287561 0.967171 -20.033218 0.964538 1.212844 -1e-06 0.0 -0.0 -3.440389 0.788234 0.501655 -15.928189 -3.167309 2.999708 -6.338827 -1e-06 -0.0 -18.123453 3.648185 -4.905673 -3e-06 0.0 -1e-06 17.726206 6.156779 15.588821 48.155293 2.090268 34.222443 -1.108155 38.61385 -0.425103 3.942713 7.420506 10.105103 2.243542 -5.255037 -3.180158 14.282895 -0.826594 6.9525 -3e-06 -12.690605 3e-06 16.297628 -17.989948 2.683153 1.665666 -1.955921 -2.878299 4.727799 -4.170587 4.993925 11.020529 3e-06 -3e-06 12.109056 -3.735716 -2.866785 0.0 0.0 -0.0 1.291986 -1.928549 -1.49809 14.800132 0.567469 3.865604 14.242577 -1.341736 -6.66066 19.631973 0.143926 -0.648247 50.136723 -0.704708 -6.624452 0.353029 -1.511151 -0.03194 20.222797 3.68431 2.316628 18.787279 4e-06 -2e-06 10.751632 -0.479867 1.397905 -1e-06 1e-06 1e-06 3.273807 0.305948 -0.580112 21.48682 11.830377 2.26613 8.162929 2e-06 -1e-06 18.399088 -3.798982 -4.940578 5e-06 1e-06 -2e-06 10.496067 12.637209 1.555533 -0.124111 -0.24895 9.367285 -10.818381 0.537308 -3.97776 1.646386 -1.977019 0.547432 0.0 0.0 2e-06 -12.20948 -10.953171 5.081373 -0.003316 0.177025 8.089182 10.960681 -8.578663 -5.814533 -1.447532 0.949899 0.785948 0.0 0.0 -1e-06 
0.0 0.0 0.0 0.0 -0.0 0.0 0.337894 98.761734 -0.750257 0.817634 1.179488 -4.610598 -0.635463 0.086409 -1.714435 -0.781935 0.172652 -5.503177 -2.491694 -1.766597 13.515475 14.044894 -3.428418 5.853855 -1.216211 -2.65669 -3.667486 12.60318 -8.841812 -8.153998 7.7e-05 -2.2e-05 6e-06 -0.133308 0.210274 -0.028122 0.609793 -3.473515 -10.649302 -0.864034 3.886445 -10.683284 -19.188889 -3.34733 14.635159 -51.671535 -13.548403 20.203117 -0.241976 -23.731216 0.07457 1.973396 -0.740697 -6.654222 -5.882105 9.861283 0.702589 -10.936868 -0.360574 7.156205 -1e-06 8.774821 -2e-06 -15.786758 18.141518 6.232557 -1.844032 2.498503 -2.507277 -10.163596 4.678943 4.621107 -20.976017 -2e-06 2e-06 -21.226276 2.451699 -3.593999 1e-06 -6e-06 -0.0 -1.362681 2.240797 -0.746324 -21.334906 0.584911 3.008324 -13.821209 -0.0 2e-06 -23.887165 -0.249078 -0.839481 -60.092407 2.521704 -1.272468 -0.294025 1.679688 0.833256 -14.218203 0.093216 1.30058 -34.212036 -0.287558 0.96717 -20.033209 0.964539 1.212842 -0.0 0.0 -0.0 -3.440387 0.788233 0.501655 -15.928181 -3.167306 2.999709 -6.338824 -0.0 0.0 -18.123444 3.648184 -4.90567 -3e-06 0.0 -0.0 17.99345 6.10953 15.847509 49.968761 2.478632 38.538315 -1.192448 35.009865 -0.452061 4.100281 8.223622 12.211088 2.243541 -5.255034 -3.180159 14.28289 -0.826595 6.952506 -3e-06 -12.6906 3e-06 16.403269 -17.967457 2.750303 1.665664 -1.955921 -2.878299 4.727798 -4.170586 4.993925 11.020526 3e-06 0.0 12.109052 -3.735714 -2.866782 1e-06 -0.0 0.0 1.291985 -1.928549 -1.498089 14.800129 0.567468 3.865609 14.242571 -1.341735 -6.660657 19.631968 0.143927 -0.648244 50.287724 -0.704141 -6.542084 0.353028 -1.511149 -0.03194 20.222788 3.684308 2.316633 18.78727 4e-06 2e-06 10.751629 -0.47987 1.397906 -1e-06 1e-06 0.0 3.273806 0.305946 -0.580111 21.486813 11.830371 2.266135 8.162926 -0.0 1e-06 18.39908 -3.798985 -4.940572 5e-06 0.0 -2e-06 10.473147 12.44237 1.471956 -0.124556 -0.263007 9.257159 -10.759336 0.533951 -3.914323 1.643019 -1.981674 0.564073 -0.0 -0.0 2e-06 -12.201012 -11.156713 5.164565 -0.009981 0.163435 8.004556 11.009111 -8.662915 -5.818672 -1.449674 0.954664 0.857352 0.0 0.0 -1e-06 
0.0 0.0 0.0 0.0 -0.0 0.0 0.295537 98.769325 -0.786105 0.810717 1.408042 -4.584452 -0.598907 0.126457 -1.71241 -0.788776 0.164551 -5.511398 -2.252107 -1.705437 13.519811 13.901223 -3.396042 5.694143 -1.215096 -2.626625 -3.663931 12.447259 -8.927242 -8.13819 7.7e-05 -2.3e-05 6e-06 -0.139345 0.197658 -0.026177 0.598844 -3.487844 -10.637225 -0.865208 3.874886 -10.662834 -19.180992 -3.21062 14.545585 -51.745739 -13.700015 20.489298 -0.22199 -23.950911 0.086063 1.95854 -0.81213 -6.504305 -5.882112 9.861294 0.702591 -10.936878 -0.360574 7.15621 -1e-06 8.774831 -1e-06 -15.765235 18.152029 6.242431 -1.844034 2.498505 -2.507278 -10.163606 4.67895 4.62111 -20.976038 0.0 -1e-06 -21.226303 2.451701 -3.594006 1e-06 -6e-06 -0.0 -1.362683 2.240801 -0.746325 -21.334929 0.584914 3.008322 -13.821223 -1e-06 -1e-06 -23.887188 -0.249079 -0.839487 -60.039165 2.477111 -1.278976 -0.294026 1.679688 0.833257 -14.218218 0.093217 1.300578 -34.212074 -0.28756 0.967167 -20.033226 0.964539 1.212841 -1e-06 1e-06 -0.0 -3.440392 0.788236 0.501656 -15.9282 -3.167309 2.999708 -6.338831 -0.0 -1e-06 -18.123461 3.648187 -4.905677 -3e-06 1e-06 -0.0 18.249317 6.092816 16.081303 51.842045 2.876498 42.606613 -1.280274 31.302908 -0.465981 4.488517 8.537681 14.624685 2.243544 -5.255038 -3.180159 14.282902 -0.826595 6.952505 -2e-06 -12.690607 -0.0 16.531408 -17.946262 2.815688 1.665668 -1.955922 -2.878299 4.727803 -4.170588 4.993925 11.020536 2e-06 -2e-06 12.109061 -3.735717 -2.866786 0.0 0.0 -0.0 1.291987 -1.92855 -1.498089 14.800139 0.567468 3.865607 14.242584 -1.341737 -6.660661 19.631987 0.143925 -0.648246 50.413849 -0.702934 -6.451997 0.353029 -1.511151 -0.031939 20.222805 3.684311 2.316631 18.787289 7e-06 -2e-06 10.751637 -0.479869 1.397906 -3e-06 1e-06 1e-06 3.273808 0.305947 -0.580112 21.486832 11.830378 2.266132 8.162933 2e-06 -2e-06 18.399097 -3.798985 -4.940579 2e-06 1e-06 -1e-06 10.464163 12.297746 1.370568 -0.126612 -0.26964 9.212987 -10.747778 0.534958 -3.872557 1.63916 -1.987342 0.560931 0.0 0.0 2e-06 -12.200832 -11.392807 5.199684 -0.012468 0.145561 7.980981 11.064915 -8.640186 -5.790955 -1.452399 0.960332 0.940143 0.0 1e-06 -1e-06 
0.0 0.0 0.0 0.0 -0.0 0.0 0.265591 98.7733 -0.824788 0.821916 1.599924 -4.542202 -0.584029 0.156173 -1.717046 -0.805217 0.151134 -5.514883 -2.015246 -1.658833 13.505965 13.805965 -3.377536 5.579265 -1.201279 -2.585322 -3.656033 12.33843 -8.975891 -8.08656 7.6e-05 -2.3e-05 6e-06 -0.151187 0.183951 -0.020532 0.582969 -3.500566 -10.619521 -0.872939 3.860268 -10.632606 -19.176483 -3.0993 14.447104 -51.814579 -13.779794 20.775358 -0.217566 -24.18252 0.1037 1.968739 -0.81543 -6.306293 -5.88211 9.861292 0.702591 -10.936877 -0.360574 7.156206 -1e-06 8.77483 -1e-06 -15.771545 18.149508 6.249567 -1.844033 2.498505 -2.507278 -10.163605 4.678949 4.621111 -20.976034 -1e-06 0.0 -21.226301 2.451699 -3.594004 1e-06 -5e-06 -0.0 -1.362682 2.2408 -0.746323 -21.334921 0.584911 3.008322 -13.821219 -3e-06 -1e-06 -23.887182 -0.249078 -0.839486 -60.005516 2.430525 -1.273468 -0.294025 1.679688 0.833257 -14.218216 0.093216 1.300579 -34.212067 -0.287564 0.967168 -20.033226 0.964538 1.212842 -1e-06 0.0 1e-06 -3.440389 0.788234 0.501656 -15.928192 -3.167309 2.999708 -6.338829 -1e-06 -1e-06 -18.123457 3.648185 -4.905674 -3e-06 0.0 -1e-06 18.480558 6.099448 16.235392 53.645714 3.027628 45.837673 -1.223082 27.985704 -0.411485 4.883564 8.367965 17.21382 2.243543 -5.255039 -3.180159 14.2829 -0.826595 6.952508 -3e-06 -12.690612 0.0 16.622335 -17.921722 2.871855 1.665667 -1.955922 -2.878299 4.727802 -4.17059 4.993927 11.020534 3e-06 -0.0 12.109058 -3.735718 -2.866784 -0.0 0.0 -0.0 1.291986 -1.92855 -1.498089 14.800138 0.567468 3.865611 14.24258 -1.341738 -6.66066 19.631979 0.143924 -0.648244 50.478577 -0.728519 -6.366214 0.353029 -1.511151 -0.031941 20.222803 3.684311 2.316633 18.787283 4e-06 1e-06 10.751633 -0.479869 1.397907 -2e-06 0.0 0.0 3.273809 0.305947 -0.58011 21.486828 11.830381 2.266136 8.16293 1e-06 -0.0 18.399094 -3.798988 -4.940578 3e-06 2e-06 -1e-06 10.431504 12.195874 1.244846 -0.124924 -0.262611 9.204774 -10.77588 0.518384 -3.82647 1.634493 -1.995502 0.505501 0.0 0.0 2e-06 -12.237316 -11.666457 5.170375 -0.004268 0.13083 8.031033 11.122945 -8.537299 -5.760936 -1.454332 0.960283 0.998499 -0.0 0.0 -1e-06 
0.0 0.0 0.0 0.0 -0.0 0.0 0.248421 98.780113 -0.87265 0.836685 1.780891 -4.490814 -0.573225 0.14556 -1.721014 -0.808471 0.15402 -5.528363 -1.844748 -1.654924 13.515145 13.766828 -3.354004 5.464794 -1.193698 -2.574862 -3.633752 12.239222 -8.996892 -8.038711 7.6e-05 -2.4e-05 6e-06 -0.159904 0.18721 -0.016269 0.56822 -3.497751 -10.603297 -0.875574 3.864492 -10.608204 -19.195042 -3.013727 14.40281 -51.830761 -13.83941 20.94973 -0.213337 -24.385971 0.122921 2.016402 -0.734157 -6.135997 -5.88211 9.861292 0.70259 -10.936876 -0.360574 7.156204 0.0 8.77483 0.0 -15.790321 18.128897 6.235299 -1.844034 2.498506 -2.507279 -10.163604 4.678947 4.621109 -20.976034 -4e-06 0.0 -21.226297 2.451696 -3.594005 2e-06 -5e-06 0.0 -1.362682 2.240799 -0.746323 -21.334925 0.58491 3.00832 -13.82122 -4e-06 -1e-06 -23.887182 -0.24908 -0.839486 -59.984272 2.400897 -1.281172 -0.294025 1.679688 0.833256 -14.218215 0.093214 1.300579 -34.212067 -0.287566 0.967167 -20.033222 0.964535 1.212843 -1e-06 0.0 -0.0 -3.44039 0.788234 0.501656 -15.928192 -3.16731 2.999708 -6.338829 -2e-06 -1e-06 -18.123457 3.648185 -4.905675 -4e-06 0.0 -2e-06 18.665472 6.044102 16.290524 55.069614 2.718303 47.468342 -1.039166 25.874186 -0.310225 4.877043 8.142925 18.911865 2.243543 -5.255039 -3.180158 14.282902 -0.826594 6.952506 -3e-06 -12.69061 -1e-06 16.630289 -17.895649 2.900557 1.665667 -1.955922 -2.8783 4.727802 -4.170588 4.993925 11.020535 3e-06 -1e-06 12.109059 -3.735716 -2.866785 0.0 0.0 -0.0 1.291986 -1.92855 -1.49809 14.800139 0.56747 3.865608 14.242582 -1.341736 -6.660661 19.631981 0.143927 -0.648244 50.472466 -0.76282 -6.307407 0.353029 -1.511151 -0.03194 20.222807 3.684313 2.316631 18.787289 6e-06 -1e-06 10.751636 -0.479867 1.397907 -2e-06 -0.0 1e-06 3.273809 0.305947 -0.580111 21.48683 11.830384 2.266135 8.162931 3e-06 -1e-06 18.399094 -3.798984 -4.940578 2e-06 0.0 -0.0 10.393355 12.157749 1.110184 -0.125485 -0.258888 9.193401 -10.819471 0.430201 -3.762418 1.630256 -2.002126 0.480003 -0.0 0.0 2e-06 -12.273647 -11.911153 5.132053 -0.001901 0.120617 8.059181 11.16179 -8.476357 -5.70794 -1.45399 0.955484 1.031866 -0.0 0.0 -1e-06 
0.0 0.0 0.0 0.0 -0.0 0.0 0.243257 98.788391 -0.921861 0.848628 1.950574 -4.445347 -0.555364 0.114669 -1.720783 -0.791825 0.146512 -5.539841 -1.76003 -1.69852 13.548904 13.778817 -3.323694 5.350816 -1.182732 -2.567634 -3.603969 12.116638 -8.987967 -7.995103 7.7e-05 -2.4e-05 6e-06 -0.159103 0.204401 -0.018474 0.566449 -3.482293 -10.597168 -0.872166 3.883649 -10.601523 -19.253584 -2.923656 14.414127 -51.786503 -13.920746 21.019091 -0.197998 -24.529715 0.138362 2.060256 -0.612922 -6.004367 -5.882103 9.861283 0.702591 -10.936868 -0.360576 7.156202 1e-06 8.774824 -2e-06 -15.799249 18.094137 6.215686 -1.844032 2.498503 -2.507277 -10.163597 4.678943 4.621105 -20.976017 -5e-06 1e-06 -21.226282 2.451694 -3.593998 1e-06 -6e-06 0.0 -1.362681 2.240798 -0.746323 -21.334909 0.584907 3.00832 -13.821211 -5e-06 -0.0 -23.887167 -0.249081 -0.83948 -59.978016 2.393221 -1.302155 -0.294024 1.679687 0.833256 -14.218205 0.093213 1.300578 -34.212048 -0.287567 0.967171 -20.033211 0.964534 1.212843 -1e-06 0.0 -1e-06 -3.440387 0.788233 0.501655 -15.928183 -3.16731 2.999706 -6.338825 -2e-06 1e-06 -18.123444 3.648179 -4.905672 -3e-06 0.0 -1e-06 18.766979 5.910607 16.310827 56.028152 2.098751 47.958157 -0.970277 25.045475 -0.253047 4.358524 8.162042 19.338848 2.243542 -5.255037 -3.180159 14.282898 -0.826593 6.952504 -5e-06 -12.690607 0.0 16.584906 -17.846947 2.913203 1.665667 -1.955921 -2.878299 4.7278 -4.170588 4.993925 11.02053 4e-06 -1e-06 12.109056 -3.735715 -2.866784 0.0 0.0 -0.0 1.291986 -1.928549 -1.49809 14.800136 0.56747 3.865608 14.242579 -1.341735 -6.660659 19.631975 0.143928 -0.648245 50.423676 -0.774043 -6.263221 0.353029 -1.511151 -0.03194 20.222801 3.684312 2.316629 18.787281 6e-06 -1e-06 10.751633 -0.479867 1.397907 -1e-06 -0.0 0.0 3.273808 0.305947 -0.580111 21.486824 11.830379 2.266133 8.16293 3e-06 -1e-06 18.39909 -3.798983 -4.940577 1e-06 1e-06 -0.0 10.354843 12.139322 0.983256 -0.128887 -0.265103 9.186127 -10.862352 0.298103 -3.689913 1.629245 -1.991193 0.489788 -0.0 0.0 2e-06 -12.30558 -12.121861 5.113753 -0.005954 0.116046 8.048621 11.175315 -8.469421 -5.635072 -1.451898 0.953444 1.056315 0.0 0.0 -1e-06 
0.0 0.0 0.0 0.0 -0.0 0.0 0.245341 98.793999 -0.95768 0.862122 2.095044 -4.4185 -0.533464 0.08592 -1.714645 -0.764217 0.101514 -5.549223 -1.740914 -1.751384 13.597691 13.834335 -3.308401 5.284791 -1.169234 -2.562382 -3.594219 11.975853 -8.925793 -7.971217 7.6e-05 -2.3e-05 6e-06 -0.151729 0.216499 -0.027184 0.576046 -3.472003 -10.604236 -0.867115 3.897429 -10.611523 -19.335093 -2.833561 14.481896 -51.708767 -14.026148 21.027328 -0.168926 -24.612074 0.144088 2.136741 -0.524024 -5.909434 -5.882109 9.861288 0.702592 -10.936876 -0.360575 7.156208 1e-06 8.774829 -1e-06 -15.808826 18.063881 6.181936 -1.844034 2.498506 -2.507279 -10.163606 4.678947 4.621109 -20.976034 -5e-06 0.0 -21.226299 2.451696 -3.594001 1e-06 -6e-06 0.0 -1.362683 2.240799 -0.746324 -21.334925 0.584908 3.008322 -13.82122 -5e-06 0.0 -23.887184 -0.249082 -0.839484 -59.992428 2.401258 -1.347404 -0.294025 1.679688 0.833255 -14.218216 0.093215 1.300583 -34.212067 -0.287567 0.96717 -20.033222 0.964534 1.212844 -1e-06 0.0 -1e-06 -3.44039 0.788235 0.501656 -15.928198 -3.167312 2.999707 -6.338829 -1e-06 -0.0 -18.123457 3.648183 -4.905675 -3e-06 0.0 -2e-06 18.768852 5.745683 16.362051 56.676582 1.37466 47.87804 -1.044763 25.108 -0.248216 3.591419 8.422481 18.867411 2.243543 -5.25504 -3.180159 14.2829 -0.826594 6.952506 -4e-06 -12.690615 -1e-06 16.532967 -17.81448 2.90626 1.665667 -1.955923 -2.8783 4.727801 -4.17059 4.993925 11.020534 3e-06 -0.0 12.109058 -3.735718 -2.866785 0.0 0.0 -1e-06 1.291986 -1.92855 -1.49809 14.800136 0.567469 3.865609 14.242581 -1.341737 -6.660661 19.631981 0.143926 -0.648244 50.3908 -0.766269 -6.245494 0.353029 -1.511151 -0.03194 20.222803 3.684313 2.316631 18.787287 5e-06 -1e-06 10.751636 -0.479868 1.397907 -1e-06 0.0 1e-06 3.273809 0.305947 -0.580111 21.486832 11.830385 2.266135 8.162931 3e-06 -1e-06 18.399096 -3.798985 -4.94058 1e-06 1e-06 -0.0 10.321519 12.139369 0.889627 -0.137434 -0.282158 9.188092 -10.908553 0.175896 -3.653394 1.630787 -1.972579 0.541223 -0.0 0.0 2e-06 -12.341556 -12.288302 5.116858 -0.011955 0.106675 8.034748 11.177274 -8.490862 -5.579809 -1.44927 0.948146 1.090784 0.0 0.0 -1e-06 
0.0 0.0 0.0 0.0 -0.0 0.0 0.241601 98.79435 -0.986876 0.871051 2.198417 -4.402796 -0.508407 0.080148 -1.706484 -0.740267 0.038819 -5.55701 -1.74762 -1.80464 13.65367 13.895757 -3.316554 5.253463 -1.147424 -2.542787 -3.603875 11.825423 -8.813015 -8.003726 7.6e-05 -2.3e-05 6e-06 -0.144329 0.217153 -0.036327 0.589427 -3.473864 -10.621647 -0.865877 3.900097 -10.630415 -19.422825 -2.782819 14.557307 -51.655712 -14.09355 20.949392 -0.13544 -24.669952 0.146453 2.221562 -0.431336 -5.815245 -5.88211 9.86129 0.702591 -10.936877 -0.360575 7.156208 0.0 8.774829 0.0 -15.840139 18.046391 6.129897 -1.844034 2.498505 -2.507278 -10.163604 4.678946 4.62111 -20.976038 -5e-06 -0.0 -21.226299 2.451697 -3.594002 1e-06 -5e-06 0.0 -1.362682 2.240799 -0.746323 -21.334929 0.584909 3.008324 -13.821221 -3e-06 -1e-06 -23.887184 -0.249081 -0.839483 -60.015144 2.420244 -1.416943 -0.294025 1.679688 0.833255 -14.218217 0.093216 1.30058 -34.21207 -0.287567 0.967167 -20.033226 0.964535 1.212842 0.0 1e-06 -0.0 -3.44039 0.788233 0.501656 -15.928198 -3.167311 2.999707 -6.338829 -3e-06 -1e-06 -18.123457 3.648183 -4.905675 -3e-06 1e-06 -0.0 18.709217 5.561344 16.45245 57.157001 0.659722 47.596222 -1.221783 25.62344 -0.28918 2.859366 8.822126 17.904972 2.243542 -5.255039 -3.180159 14.282896 -0.826595 6.952504 -3e-06 -12.690609 0.0 16.508352 -17.829618 2.886425 1.665667 -1.955922 -2.8783 4.727801 -4.170588 4.993925 11.02053 3e-06 -1e-06 12.109058 -3.735717 -2.866785 0.0 -0.0 -0.0 1.291986 -1.92855 -1.49809 14.800134 0.567468 3.865608 14.242579 -1.341737 -6.66066 19.631973 0.143926 -0.648245 50.429874 -0.753214 -6.256459 0.353029 -1.511151 -0.031939 20.222801 3.68431 2.31663 18.787281 5e-06 -1e-06 10.751631 -0.479869 1.397906 -3e-06 -0.0 0.0 3.273808 0.305947 -0.580111 21.486824 11.830378 2.266133 8.16293 3e-06 -0.0 18.399088 -3.798985 -4.940577 3e-06 1e-06 -1e-06 10.311708 12.18299 0.809944 -0.148709 -0.294855 9.222705 -10.959519 0.066568 -3.659283 1.634216 -1.957122 0.614361 -0.0 0.0 2e-06 -12.364009 -12.405691 5.095778 -0.016219 0.088795 8.073177 11.164219 -8.512725 -5.582199 -1.446625 0.938497 1.134704 -0.0 1e-06 -1e-06 
0.0 0.0 0.0 0.0 -0.0 0.0 0.231354 98.785255 -1.010184 0.869978 2.223768 -4.394377 -0.49098 0.097941 -1.701691 -0.729614 -0.013018 -5.558529 -1.742198 -1.854573 13.707316 13.950441 -3.351231 5.246119 -1.115378 -2.506853 -3.628428 11.695038 -8.667036 -8.084348 7.6e-05 -2.4e-05 6e-06 -0.14099 0.212574 -0.039626 0.600566 -3.479113 -10.636471 -0.87067 3.895499 -10.646218 -19.505415 -2.762184 14.613854 -51.657619 -14.105023 20.776697 -0.119562 -24.690334 0.148539 2.319977 -0.33199 -5.679945 -5.88211 9.86129 0.70259 -10.936875 -0.360574 7.156206 -0.0 8.774828 -2e-06 -15.891191 18.02561 6.083854 -1.844033 2.498504 -2.507278 -10.163604 4.678947 4.621109 -20.97603 -2e-06 1e-06 -21.226292 2.4517 -3.594001 1e-06 -6e-06 0.0 -1.362682 2.240799 -0.746323 -21.334921 0.584911 3.008323 -13.821218 -2e-06 1e-06 -23.887178 -0.249078 -0.839486 -60.050709 2.431096 -1.460557 -0.294025 1.679688 0.833255 -14.218214 0.093217 1.30058 -34.212055 -0.287562 0.967169 -20.033222 0.964538 1.212843 1e-06 1e-06 -0.0 -3.44039 0.788235 0.501656 -15.928192 -3.16731 2.999707 -6.338829 -1e-06 -1e-06 -18.123457 3.648184 -4.905674 -4e-06 0.0 -1e-06 18.649467 5.381882 16.567066 57.563381 0.054836 47.123131 -1.39683 26.142748 -0.354134 2.273843 9.188327 16.927431 2.243542 -5.255037 -3.180157 14.282894 -0.826595 6.952503 -3e-06 -12.690604 1e-06 16.506071 -17.87719 2.866593 1.665666 -1.955922 -2.878298 4.7278 -4.170587 4.993924 11.020527 2e-06 0.0 12.109053 -3.735716 -2.866782 0.0 0.0 0.0 1.291986 -1.92855 -1.498089 14.800129 0.567469 3.865607 14.242571 -1.341735 -6.660657 19.631969 0.143925 -0.648243 50.507908 -0.747087 -6.272338 0.353029 -1.511151 -0.03194 20.222794 3.68431 2.316631 18.787271 4e-06 0.0 10.751627 -0.479869 1.397906 -2e-06 0.0 0.0 3.273807 0.305948 -0.580111 21.486814 11.830376 2.266135 8.162928 2e-06 -1e-06 18.399082 -3.798986 -4.940574 2e-06 1e-06 -1e-06 10.332927 12.27139 0.725602 -0.156353 -0.288671 9.337883 -11.021489 -0.018354 -3.712793 1.635882 -1.955943 0.661158 -0.0 0.0 2e-06 -12.371794 -12.503912 5.010414 -0.014202 0.070029 8.214823 11.14773 -8.468393 -5.650451 -1.444754 0.933487 1.161753 0.0 0.0 -1e-06 
0.0 0.0 0.0 0.0 -0.0 0.0 0.221926 98.768997 -1.033674 0.865412 2.193869 -4.392128 -0.492443 0.119352 -1.705512 -0.738253 -0.044422 -5.544927 -1.731546 -1.904349 13.77076 14.04655 -3.411115 5.218713 -1.064401 -2.43753 -3.642245 11.619672 -8.521121 -8.177022 7.7e-05 -2.4e-05 6e-06 -0.141594 0.214866 -0.034365 0.603972 -3.475917 -10.640202 -0.875623 3.896814 -10.650401 -19.609871 -2.739452 14.663855 -51.673794 -14.099463 20.554255 -0.106401 -24.656151 0.143448 2.454168 -0.243643 -5.705656 -5.88211 9.86129 0.702591 -10.936877 -0.360573 7.156208 -0.0 8.774829 1e-06 -15.931729 18.013229 6.073262 -1.844033 2.498505 -2.507278 -10.163605 4.678948 4.621111 -20.976038 -2e-06 1e-06 -21.226303 2.4517 -3.594002 0.0 -6e-06 -0.0 -1.362683 2.240799 -0.746323 -21.334927 0.584913 3.008325 -13.821221 -2e-06 1e-06 -23.887184 -0.249077 -0.839486 -60.090118 2.435684 -1.460672 -0.294025 1.679687 0.833257 -14.218215 0.093216 1.30058 -34.212067 -0.287559 0.96717 -20.033226 0.964537 1.212842 -1e-06 1e-06 -0.0 -3.44039 0.788234 0.501656 -15.928194 -3.167309 2.999709 -6.338829 -1e-06 -0.0 -18.123459 3.648184 -4.905674 -3e-06 1e-06 -2e-06 18.669678 5.225241 16.678684 57.927608 -0.413341 46.405231 -1.479589 26.416389 -0.419106 1.62594 9.422798 16.106188 2.243542 -5.255037 -3.18016 14.282896 -0.826595 6.952507 -4e-06 -12.690603 2e-06 16.515484 -17.919838 2.849358 1.665667 -1.955922 -2.878299 4.727801 -4.170587 4.993926 11.02053 3e-06 -0.0 12.109056 -3.735715 -2.866784 -0.0 0.0 -1e-06 1.291986 -1.92855 -1.49809 14.800132 0.567468 3.865609 14.242577 -1.341735 -6.660659 19.631973 0.143924 -0.648244 50.581997 -0.764495 -6.28375 0.353029 -1.511151 -0.03194 20.222801 3.684308 2.316633 18.787279 3e-06 -0.0 10.751633 -0.479869 1.397907 -2e-06 -1e-06 0.0 3.273808 0.305947 -0.580111 21.486818 11.830373 2.266134 8.16293 1e-06 -1e-06 18.399086 -3.798985 -4.940574 2e-06 1e-06 -1e-06 10.366338 12.393397 0.630218 -0.155633 -0.265489 9.521758 -11.068993 -0.12448 -3.760865 1.635988 -1.972211 0.652539 0.0 0.0 2e-06 -12.384997 -12.63375 4.874685 -0.005384 0.065845 8.44153 11.160844 -8.341878 -5.74651 -1.443739 0.93478 1.142522 -0.0 0.0 -1e-06 
0.0 0.0 0.0 0.0 -0.0 0.0 0.20765 98.752228 -1.064144 0.838954 2.146535 -4.385017 -0.508907 0.134151 -1.722 -0.754215 -0.048552 -5.531215 -1.73177 -1.966608 13.861677 14.223672 -3.483696 5.164916 -1.00044 -2.365669 -3.635087 11.611828 -8.404716 -8.284941 7.8e-05 -2.3e-05 6e-06 -0.145545 0.230768 -0.024107 0.598432 -3.458633 -10.630193 -0.878154 3.911532 -10.639325 -19.706345 -2.714279 14.696695 -51.719704 -14.102537 20.313351 -0.088846 -24.573931 0.145978 2.598475 -0.129659 -5.934329 -5.882109 9.861286 0.702592 -10.936875 -0.360573 7.156204 -0.0 8.774826 0.0 -15.947442 18.003487 6.083843 -1.844033 2.498505 -2.507278 -10.163603 4.678946 4.621108 -20.976027 -1e-06 1e-06 -21.226292 2.451698 -3.594002 1e-06 -6e-06 0.0 -1.362682 2.240799 -0.746324 -21.334921 0.584913 3.008321 -13.821218 -1e-06 -0.0 -23.887177 -0.249078 -0.839485 -60.145767 2.43761 -1.42459 -0.294025 1.679687 0.833255 -14.218213 0.093216 1.300579 -34.212063 -0.287563 0.967169 -20.033222 0.964536 1.212841 -1e-06 0.0 -0.0 -3.440389 0.788233 0.501655 -15.928189 -3.167308 2.999707 -6.338828 -1e-06 -1e-06 -18.123451 3.648184 -4.905672 -3e-06 0.0 -1e-06 18.754517 5.090262 16.734634 58.297066 -0.781695 45.530472 -1.469064 26.387751 -0.471313 0.820552 9.508942 15.372716 2.243543 -5.255037 -3.180157 14.282892 -0.826597 6.952502 -1e-06 -12.690603 0.0 16.538033 -17.938324 2.813284 1.665666 -1.955922 -2.878298 4.7278 -4.170587 4.993924 11.020527 1e-06 -1e-06 12.109055 -3.735717 -2.866785 0.0 0.0 0.0 1.291986 -1.928549 -1.49809 14.800129 0.567466 3.865607 14.242576 -1.341738 -6.660659 19.631969 0.143923 -0.648247 50.613808 -0.785271 -6.301053 0.353029 -1.511151 -0.03194 20.222795 3.684307 2.31663 18.787273 3e-06 -2e-06 10.751629 -0.47987 1.397905 -2e-06 1e-06 0.0 3.273807 0.305947 -0.58011 21.486813 11.830371 2.266132 8.162927 0.0 -1e-06 18.399086 -3.798986 -4.940578 3e-06 0.0 -1e-06 10.427206 12.541759 0.509833 -0.149862 -0.241514 9.743458 -11.106061 -0.273024 -3.768995 1.635129 -1.996862 0.629922 -0.0 0.0 2e-06 -12.378627 -12.812978 4.725801 0.007015 0.079629 8.668986 11.17084 -8.165396 -5.824445 -1.443533 0.943332 1.097436 -0.0 0.0 -1e-06 
0.0 0.0 0.0 0.0 -0.0 0.0 0.18258 98.740189 -1.100806 0.769179 2.130552 -4.373816 -0.527145 0.13351 -1.73695 -0.764639 -0.043823 -5.533272 -1.744694 -2.016701 13.959579 14.483573 -3.571028 5.124058 -0.949108 -2.311198 -3.628153 11.624491 -8.317946 -8.376865 7.7e-05 -2.4e-05 6e-06 -0.150716 0.248694 -0.017615 0.590258 -3.437738 -10.617166 -0.880286 3.926746 -10.627712 -19.744781 -2.694453 14.738473 -51.836685 -14.168661 20.167068 -0.067395 -24.387369 0.169198 2.721459 -0.018851 -6.185957 -5.882106 9.861284 0.702592 -10.936873 -0.360575 7.156205 1e-06 8.774826 1e-06 -15.952521 17.999403 6.090376 -1.844033 2.498505 -2.507279 -10.163601 4.678945 4.621109 -20.976027 -4e-06 2e-06 -21.226292 2.451696 -3.593999 1e-06 -5e-06 -0.0 -1.362682 2.240799 -0.746324 -21.334917 0.584909 3.008323 -13.821217 -4e-06 1e-06 -23.887171 -0.24908 -0.839482 -60.197777 2.42222 -1.401668 -0.294024 1.679687 0.833257 -14.218208 0.093214 1.300582 -34.212051 -0.287563 0.967172 -20.033218 0.964536 1.212844 -1e-06 0.0 -0.0 -3.440389 0.788234 0.501655 -15.928189 -3.16731 2.999708 -6.338828 -1e-06 0.0 -18.123453 3.648182 -4.905671 -3e-06 0.0 -2e-06 18.832821 4.958589 16.731878 58.721672 -1.043554 44.848553 -1.468752 26.073969 -0.513448 0.165064 9.416802 14.809521 2.243541 -5.255037 -3.180157 14.282892 -0.826595 6.952504 -3e-06 -12.690605 1e-06 16.570248 -17.93837 2.773427 1.665666 -1.955921 -2.878299 4.727798 -4.170588 4.993926 11.020524 2e-06 -1e-06 12.109051 -3.735717 -2.866784 0.0 0.0 -0.0 1.291985 -1.928549 -1.498088 14.800129 0.567468 3.865609 14.242571 -1.341737 -6.660658 19.631969 0.143926 -0.648244 50.618752 -0.801151 -6.318993 0.353029 -1.511151 -0.03194 20.222794 3.684309 2.316631 18.787273 3e-06 -1e-06 10.75163 -0.479869 1.397907 -2e-06 1e-06 0.0 3.273807 0.305947 -0.58011 21.486813 11.830377 2.266134 8.162927 0.0 0.0 18.399082 -3.798985 -4.940575 3e-06 0.0 -1e-06 10.536185 12.684097 0.361021 -0.142917 -0.225997 9.980563 -11.131395 -0.447691 -3.768848 1.633476 -2.012569 0.625584 0.0 0.0 2e-06 -12.31881 -13.008704 4.627738 0.020743 0.099485 8.795698 11.167418 -8.001396 -5.826044 -1.442426 0.951518 1.063637 -0.0 0.0 -1e-06 
0.0 0.0 0.0 0.0 -0.0 0.0 0.142333 98.738846 -1.139702 0.654768 2.152813 -4.376883 -0.536291 0.120435 -1.72797 -0.764772 -0.044491 -5.545268 -1.764783 -2.051016 14.031688 14.783832 -3.662477 5.108133 -0.905922 -2.26576 -3.621672 11.661791 -8.263044 -8.404272 7.7e-05 -2.3e-05 6e-06 -0.149977 0.263618 -0.02115 0.592188 -3.418682 -10.611068 -0.88051 3.9376 -10.62472 -19.700703 -2.685024 14.836187 -52.0326 -14.339025 20.190447 -0.042181 -24.069979 0.192498 2.774025 0.056308 -6.294811 -5.882109 9.861286 0.702592 -10.936877 -0.360574 7.156209 1e-06 8.774828 -2e-06 -15.943393 17.995224 6.089953 -1.844033 2.498503 -2.507278 -10.163604 4.678945 4.62111 -20.97603 -4e-06 4e-06 -21.226295 2.451696 -3.593999 1e-06 -5e-06 -0.0 -1.362682 2.240798 -0.746323 -21.334925 0.58491 3.008326 -13.82122 -4e-06 2e-06 -23.887178 -0.249078 -0.83948 -60.215862 2.398166 -1.397206 -0.294025 1.679687 0.833256 -14.218215 0.093215 1.300581 -34.212067 -0.287565 0.967173 -20.033222 0.964536 1.212843 -1e-06 0.0 -0.0 -3.44039 0.788232 0.501656 -15.928192 -3.16731 2.999709 -6.338829 -2e-06 -1e-06 -18.123457 3.648182 -4.90567 -3e-06 0.0 -1e-06 18.844347 4.865257 16.744787 59.208317 -1.197136 44.511097 -1.559069 25.525406 -0.53608 -0.06731 9.143505 14.235506 2.243542 -5.255037 -3.180157 14.282891 -0.826596 6.952503 -2e-06 -12.690603 1e-06 16.586731 -17.919628 2.748628 1.665666 -1.955922 -2.878298 4.727798 -4.170588 4.993925 11.020526 2e-06 -1e-06 12.109053 -3.735717 -2.866785 0.0 0.0 -1e-06 1.291985 -1.92855 -1.49809 14.800125 0.567467 3.865607 14.242571 -1.341737 -6.660659 19.631966 0.143925 -0.648246 50.618172 -0.788764 -6.31406 0.353029 -1.51115 -0.031939 20.222788 3.684306 2.31663 18.78727 2e-06 -2e-06 10.751629 -0.47987 1.397906 -2e-06 -0.0 1e-06 3.273806 0.305947 -0.580111 21.486811 11.83037 2.266132 8.162928 -1e-06 -1e-06 18.39908 -3.798985 -4.940575 2e-06 0.0 -1e-06 10.700753 12.799901 0.24597 -0.142292 -0.227339 10.148236 -11.135765 -0.612338 -3.759002 1.632227 -2.000962 0.631869 0.0 0.0 2e-06 -12.195991 -13.168268 4.643139 0.031308 0.112266 8.740266 11.135074 -7.918805 -5.737916 -1.441224 0.95936 1.056324 -0.0 0.0 -1e-06 
0.0 0.0 0.0 0.0 -0.0 0.0 0.091853 98.743599 -1.180696 0.52136 2.205293 -4.402068 -0.530906 0.103279 -1.697525 -0.763267 -0.058398 -5.555837 -1.792016 -2.061347 14.067869 15.083843 -3.767532 5.101297 -0.875004 -2.220699 -3.617036 11.724911 -8.248501 -8.385339 7.7e-05 -2.3e-05 6e-06 -0.14462 0.268479 -0.029489 0.600913 -3.411426 -10.611344 -0.878171 3.939897 -10.627993 -19.585192 -2.694974 14.969911 -52.283512 -14.592457 20.361862 -0.010855 -23.642639 0.204102 2.72835 0.066895 -6.240414 -5.88211 9.861292 0.70259 -10.936879 -0.360575 7.15621 0.0 8.774832 -0.0 -15.928623 17.992096 6.085016 -1.844034 2.498506 -2.507278 -10.163607 4.678947 4.621111 -20.97604 -4e-06 2e-06 -21.226303 2.4517 -3.594003 1e-06 -5e-06 -0.0 -1.362682 2.2408 -0.746325 -21.334929 0.584911 3.008324 -13.821223 -3e-06 2e-06 -23.887186 -0.249079 -0.839484 -60.219292 2.377402 -1.413129 -0.294025 1.679689 0.833255 -14.218221 0.093216 1.300582 -34.212074 -0.287562 0.96717 -20.03323 0.964538 1.212843 -1e-06 0.0 0.0 -3.440391 0.788234 0.501656 -15.928196 -3.167311 2.999708 -6.33883 -1e-06 0.0 -18.123459 3.648185 -4.905674 -4e-06 1e-06 -1e-06 18.763464 4.845592 16.778921 59.735092 -1.287473 44.3465 -1.68921 24.733667 -0.516239 0.12651 8.780918 13.548622 2.243543 -5.255039 -3.180158 14.282898 -0.826596 6.952503 -2e-06 -12.690609 0.0 16.58807 -17.902302 2.735707 1.665667 -1.955922 -2.8783 4.727801 -4.170588 4.993925 11.020529 2e-06 -1e-06 12.109057 -3.735718 -2.866786 1e-06 0.0 -1e-06 1.291986 -1.928551 -1.49809 14.800136 0.567468 3.865608 14.242579 -1.341738 -6.660661 19.631975 0.143925 -0.648247 50.639462 -0.761086 -6.308619 0.353029 -1.511151 -0.03194 20.222801 3.684308 2.31663 18.787287 2e-06 -2e-06 10.751634 -0.479868 1.397905 -2e-06 1e-06 1e-06 3.273808 0.305946 -0.580111 21.486822 11.830377 2.266133 8.162933 1e-06 -2e-06 18.399088 -3.798987 -4.94058 2e-06 1e-06 -0.0 10.896875 12.91257 0.173867 -0.149946 -0.247115 10.254858 -11.128023 -0.766692 -3.75784 1.632727 -1.973118 0.667244 0.0 0.0 2e-06 -12.032463 -13.256066 4.738256 0.029515 0.116881 8.58037 11.063272 -7.936601 -5.64843 -1.440157 0.961388 1.088819 -0.0 0.0 -1e-06 
0.0 0.0 0.0 0.0 -0.0 0.0 0.036997 98.746407 -1.216976 0.401454 2.261543 -4.451913 -0.518445 0.093461 -1.654032 -0.765769 -0.077743 -5.555068 -1.825979 -2.042127 14.080231 15.340767 -3.878638 5.108016 -0.866856 -2.198571 -3.627067 11.772195 -8.256553 -8.339374 7.8e-05 -2.2e-05 6e-06 -0.13745 0.26597 -0.038117 0.60971 -3.414059 -10.618032 -0.872319 3.936958 -10.638807 -19.456059 -2.732632 15.055093 -52.521259 -14.821657 20.584709 0.001413 -23.192692 0.19264 2.612628 -0.002503 -6.196728 -5.882106 9.861284 0.70259 -10.936868 -0.360575 7.156203 -0.0 8.774824 -1e-06 -15.903452 17.989664 6.086939 -1.844032 2.498505 -2.507277 -10.163597 4.678945 4.621107 -20.976021 -3e-06 1e-06 -21.226282 2.451696 -3.594003 1e-06 -5e-06 -1e-06 -1.362681 2.240797 -0.746324 -21.334909 0.584909 3.00832 -13.821212 -3e-06 -0.0 -23.887165 -0.24908 -0.839486 -60.190365 2.368259 -1.437635 -0.294025 1.679688 0.833256 -14.218207 0.093215 1.300579 -34.212048 -0.287565 0.967168 -20.033211 0.964536 1.212842 -0.0 0.0 0.0 -3.440388 0.788233 0.501655 -15.928183 -3.167309 2.999705 -6.338824 -0.0 0.0 -18.123444 3.648184 -4.905673 -3e-06 1e-06 -2e-06 18.665375 4.893437 16.807051 60.14431 -1.319422 44.169209 -1.768073 23.707476 -0.456298 0.703379 8.411719 12.739254 2.243542 -5.255038 -3.180159 14.282896 -0.826595 6.952505 -4e-06 -12.690609 2e-06 16.587137 -17.896799 2.72269 1.665667 -1.955922 -2.878299 4.7278 -4.170588 4.993924 11.020528 4e-06 -3e-06 12.109056 -3.735716 -2.866785 0.0 0.0 -0.0 1.291986 -1.928549 -1.498089 14.800132 0.567468 3.865608 14.242577 -1.341735 -6.660661 19.631973 0.143926 -0.648244 50.680439 -0.720415 -6.327061 0.353029 -1.511151 -0.031939 20.222801 3.684312 2.31663 18.787279 4e-06 -1e-06 10.751631 -0.479868 1.397906 -1e-06 0.0 -0.0 3.273808 0.305947 -0.580111 21.48682 11.830379 2.266133 8.16293 1e-06 -0.0 18.399084 -3.798986 -4.940577 3e-06 1e-06 -1e-06 11.086236 13.004834 0.146292 -0.161192 -0.270756 10.330356 -11.127723 -0.904026 -3.77527 1.633977 -1.948306 0.711744 -0.0 0.0 2e-06 -11.867376 -13.254197 4.850292 0.020343 0.114122 8.441067 11.006328 -8.010873 -5.615245 -1.440544 0.955134 1.150123 -0.0 0.0 -1e-06 
0.0 0.0 0.0 0.0 -0.0 0.0 -0.015924 98.747131 -1.24675 0.309589 2.283122 -4.517585 -0.498734 0.100685 -1.617399 -0.778328 -0.084916 -5.534739 -1.857264 -2.015115 14.079258 15.525866 -3.976493 5.120655 -0.872604 -2.17347 -3.648813 11.795138 -8.267817 -8.300162 7.8e-05 -2.3e-05 6e-06 -0.132061 0.247455 -0.043158 0.616466 -3.434289 -10.629193 -0.868184 3.919514 -10.653045 -19.359882 -2.775098 15.063936 -52.696827 -14.990319 20.786303 -0.019217 -22.790178 0.176846 2.477443 -0.056019 -6.23173 -5.882112 9.861295 0.702591 -10.93688 -0.360576 7.156209 0.0 8.774833 -1e-06 -15.896302 18.003561 6.102371 -1.844034 2.498506 -2.507278 -10.16361 4.67895 4.621109 -20.97604 -4e-06 2e-06 -21.226303 2.451699 -3.594003 1e-06 -5e-06 -0.0 -1.362683 2.2408 -0.746324 -21.334934 0.584911 3.008325 -13.821225 -3e-06 2e-06 -23.887194 -0.24908 -0.839484 -60.16412 2.368526 -1.447956 -0.294025 1.679688 0.833256 -14.218221 0.093215 1.30058 -34.212074 -0.287563 0.967168 -20.033228 0.964537 1.212843 -0.0 0.0 0.0 -3.440391 0.788235 0.501657 -15.928201 -3.167312 2.99971 -6.338832 -2e-06 -0.0 -18.123463 3.648187 -4.905677 -3e-06 0.0 -2e-06 18.581274 5.010006 16.822948 60.335209 -1.288515 43.918716 -1.776182 22.477938 -0.380571 1.462925 8.033194 11.775249 2.243543 -5.255043 -3.180161 14.282905 -0.826593 6.952507 -3e-06 -12.690619 -1e-06 16.60421 -17.897076 2.697007 1.665668 -1.955924 -2.878301 4.727803 -4.170592 4.993927 11.020537 4e-06 -1e-06 12.109061 -3.735719 -2.866786 2e-06 0.0 -0.0 1.291986 -1.928552 -1.498091 14.800144 0.567471 3.86561 14.242585 -1.341737 -6.660663 19.631987 0.143929 -0.648244 50.743069 -0.67379 -6.361441 0.353029 -1.511153 -0.03194 20.222813 3.684316 2.316632 18.787289 7e-06 -0.0 10.751637 -0.479868 1.397908 -1e-06 1e-06 0.0 3.27381 0.305948 -0.580112 21.486834 11.830393 2.266135 8.162935 2e-06 -1e-06 18.399099 -3.798985 -4.94058 2e-06 1e-06 -1e-06 11.248182 13.088585 0.173628 -0.167581 -0.282608 10.360903 -11.152242 -1.022439 -3.785492 1.635725 -1.932677 0.711315 -0.0 0.0 2e-06 -11.728564 -13.193671 4.946754 0.01163 0.1077 8.352725 10.950486 -8.086473 -5.642801 -1.443441 0.947728 1.200893 -0.0 0.0 -1e-06 
0.0 0.0 0.0 0.0 -0.0 0.0 -0.057362 98.751099 -1.269421 0.245509 2.247302 -4.578473 -0.470961 0.125432 -1.598743 -0.795396 -0.073336 -5.50578 -1.882205 -1.998408 14.082202 15.654627 -4.030499 5.131455 -0.896182 -2.152161 -3.674373 11.813548 -8.284669 -8.250709 7.8e-05 -2.4e-05 6e-06 -0.134019 0.22567 -0.04313 0.614867 -3.456535 -10.635093 -0.870598 3.897994 -10.659783 -19.322285 -2.772093 15.034762 -52.773041 -15.168297 20.99518 -0.050656 -22.439362 0.166315 2.397711 -0.026751 -6.364503 -5.882109 9.86129 0.702592 -10.936877 -0.360574 7.15621 -0.0 8.77483 1e-06 -15.910172 18.025003 6.134678 -1.844033 2.498505 -2.507279 -10.163604 4.678948 4.621111 -20.976032 -1e-06 6e-06 -21.226295 2.4517 -3.594001 1e-06 -5e-06 -0.0 -1.362682 2.240799 -0.746323 -21.334925 0.584913 3.008327 -13.821221 -1e-06 2e-06 -23.887182 -0.249075 -0.839485 -60.163994 2.388743 -1.415848 -0.294025 1.679688 0.833256 -14.218214 0.093215 1.300583 -34.212055 -0.287557 0.967175 -20.033222 0.964542 1.212845 -0.0 0.0 0.0 -3.44039 0.788234 0.501654 -15.928194 -3.167308 2.999711 -6.338829 -1e-06 1e-06 -18.123457 3.648186 -4.905672 -4e-06 1e-06 -2e-06 18.507387 5.180737 16.827845 60.270988 -1.184987 43.397442 -1.691645 21.13765 -0.302747 2.06032 7.572056 10.762269 2.243543 -5.255037 -3.180158 14.282898 -0.826596 6.952504 -1e-06 -12.690605 2e-06 16.584324 -17.877226 2.676878 1.665667 -1.955922 -2.8783 4.727802 -4.170588 4.993925 11.020534 2e-06 -2e-06 12.109059 -3.735717 -2.866785 1e-06 0.0 -1e-06 1.291986 -1.928549 -1.498091 14.800136 0.567467 3.865609 14.242577 -1.341737 -6.660658 19.631975 0.143923 -0.648246 50.777084 -0.628652 -6.384412 0.353029 -1.511151 -0.031941 20.222803 3.684309 2.316631 18.787287 3e-06 -2e-06 10.751634 -0.47987 1.397905 -1e-06 0.0 -0.0 3.273808 0.305947 -0.580111 21.486824 11.830374 2.266131 8.16293 2e-06 -2e-06 18.399092 -3.798985 -4.940578 2e-06 1e-06 -1e-06 11.370236 13.156136 0.254171 -0.166084 -0.274099 10.317719 -11.192797 -1.116863 -3.76189 1.637807 -1.929973 0.677923 0.0 0.0 2e-06 -11.62205 -13.10187 5.023937 0.001242 0.096699 8.269453 10.903692 -8.165991 -5.688589 -1.447055 0.936788 1.22087 -0.0 0.0 -1e-06 
0.0 0.0 0.0 0.0 -0.0 0.0 -0.083103 98.74958 -1.296684 0.202534 2.190935 -4.650692 -0.444472 0.148899 -1.580582 -0.812483 -0.06097 -5.464398 -1.900628 -1.994282 14.085629 15.766186 -4.071448 5.140918 -0.912481 -2.125702 -3.692121 11.824298 -8.293301 -8.21913 7.7e-05 -2.3e-05 6e-06 -0.139433 0.203166 -0.037225 0.608283 -3.477597 -10.631593 -0.874985 3.87448 -10.657486 -19.305866 -2.744311 15.006008 -52.795498 -15.366915 21.179747 -0.082429 -22.108198 0.160092 2.440929 0.071725 -6.621454 -5.882106 9.861286 0.702588 -10.936873 -0.360576 7.156207 1e-06 8.774828 -1e-06 -15.931989 18.053854 6.182459 -1.844032 2.498505 -2.507278 -10.163601 4.678945 4.621109 -20.976023 -6e-06 1e-06 -21.226286 2.451694 -3.593999 1e-06 -6e-06 -0.0 -1.362682 2.240798 -0.746324 -21.334915 0.584908 3.008323 -13.821216 -4e-06 3e-06 -23.887171 -0.249078 -0.839482 -60.195797 2.42036 -1.352264 -0.294025 1.679687 0.833257 -14.21821 0.093214 1.300579 -34.212048 -0.287567 0.967171 -20.033211 0.964535 1.212843 -0.0 -1e-06 0.0 -3.440388 0.788232 0.501656 -15.928185 -3.167311 2.999707 -6.338827 -2e-06 1e-06 -18.123446 3.648183 -4.905671 -3e-06 -0.0 -2e-06 18.42951 5.375752 16.774607 59.951138 -1.012502 42.641354 -1.563951 19.787806 -0.249268 2.294405 6.93491 9.750216 2.243541 -5.25504 -3.180159 14.282896 -0.826593 6.952508 -3e-06 -12.690612 -1e-06 16.516212 -17.832075 2.67749 1.665666 -1.955922 -2.8783 4.727801 -4.170589 4.993926 11.020531 4e-06 -1e-06 12.109056 -3.735717 -2.866784 1e-06 0.0 -0.0 1.291986 -1.92855 -1.498089 14.800138 0.56747 3.865611 14.242577 -1.341737 -6.66066 19.631973 0.143927 -0.648243 50.757359 -0.608413 -6.399391 0.353029 -1.511151 -0.03194 20.222801 3.684313 2.316635 18.787283 5e-06 3e-06 10.751633 -0.479869 1.397908 -1e-06 -1e-06 -0.0 3.273808 0.305947 -0.580111 21.486828 11.830384 2.266138 8.162931 2e-06 1e-06 18.399092 -3.798988 -4.940575 3e-06 1e-06 -2e-06 11.463724 13.246374 0.331956 -0.154809 -0.248963 10.316102 -11.229959 -1.265628 -3.732137 1.638644 -1.943461 0.588595 0.0 0.0 2e-06 -11.549251 -13.001712 5.071244 -0.008002 0.086939 8.253699 10.868239 -8.230518 -5.738407 -1.448712 0.922837 1.197253 -0.0 0.0 -1e-06 
0.0 0.0 0.0 0.0 -0.0 0.0 -0.103768 98.747513 -1.333556 0.162509 2.144492 -4.729492 -0.427991 0.15964 -1.554908 -0.815961 -0.048293 -5.421002 -1.912719 -2.012806 14.097568 15.86535 -4.120995 5.14535 -0.900458 -2.091197 -3.700025 11.849282 -8.268702 -8.241873 7.7e-05 -2.3e-05 6e-06 -0.144515 0.1901 -0.031766 0.603192 -3.485974 -10.622432 -0.880146 3.857616 -10.650826 -19.27039 -2.736577 14.960954 -52.807671 -15.5456 21.316378 -0.095169 -21.818607 0.15502 2.62657 0.205328 -6.966687 -5.88211 9.86129 0.702588 -10.936875 -0.360575 7.156204 -1e-06 8.774828 -2e-06 -15.938022 18.067984 6.233181 -1.844033 2.498506 -2.507278 -10.163604 4.678948 4.621107 -20.97603 -4e-06 -0.0 -21.226297 2.451698 -3.594005 1e-06 -6e-06 1e-06 -1.362682 2.240799 -0.746323 -21.334921 0.58491 3.008321 -13.821218 -2e-06 -1e-06 -23.887178 -0.249081 -0.839487 -60.237236 2.44427 -1.283726 -0.294026 1.679689 0.833256 -14.218215 0.093216 1.300579 -34.212067 -0.287562 0.967166 -20.03322 0.964536 1.212839 -1e-06 0.0 1e-06 -3.44039 0.788235 0.501653 -15.928191 -3.16731 2.999706 -6.338829 -0.0 0.0 -18.123455 3.648187 -4.905674 -3e-06 1e-06 -1e-06 18.287828 5.557282 16.651272 59.440296 -0.789897 41.547558 -1.502656 18.643169 -0.239038 1.855973 6.148568 8.694667 2.243543 -5.255039 -3.180159 14.282901 -0.826595 6.952506 0.0 -12.690609 -1e-06 16.454119 -17.739988 2.664897 1.665667 -1.955922 -2.878299 4.727803 -4.170589 4.993924 11.020536 2e-06 -0.0 12.10906 -3.735717 -2.866785 2e-06 -0.0 1e-06 1.291987 -1.92855 -1.49809 14.80014 0.567467 3.865608 14.242585 -1.341737 -6.660661 19.631983 0.143925 -0.648245 50.706341 -0.603066 -6.421086 0.353029 -1.511151 -0.031942 20.222805 3.684309 2.316632 18.787289 4e-06 -1e-06 10.751634 -0.479869 1.397907 -1e-06 1e-06 -1e-06 3.273809 0.305947 -0.58011 21.486832 11.830378 2.266134 8.162933 1e-06 1e-06 18.399096 -3.798986 -4.940578 3e-06 2e-06 -1e-06 11.552456 13.364681 0.401415 -0.136473 -0.214856 10.328892 -11.259748 -1.461083 -3.660395 1.637838 -1.971095 0.441769 0.0 0.0 2e-06 -11.490041 -12.918399 5.118798 -0.008921 0.09168 8.246779 10.819156 -8.275589 -5.715966 -1.447243 0.906348 1.1078 -0.0 1e-06 -1e-06 
0.0 0.0 0.0 0.0 -0.0 0.0 -0.122209 98.746124 -1.37481 0.121783 2.13712 -4.801928 -0.416683 0.145994 -1.511435 -0.807356 -0.032479 -5.389741 -1.928259 -2.032552 14.123396 15.969698 -4.166851 5.112948 -0.843762 -2.057537 -3.693015 11.893291 -8.219292 -8.357294 7.7e-05 -2.3e-05 6e-06 -0.144242 0.192047 -0.029433 0.603746 -3.479447 -10.616996 -0.880109 3.855887 -10.651648 -19.189117 -2.743671 14.919572 -52.814976 -15.713098 21.416155 -0.10184 -21.649921 0.153623 2.939843 0.32416 -7.426444 -5.882111 9.861292 0.702591 -10.936873 -0.360571 7.156206 -3e-06 8.774828 -0.0 -15.929125 18.07242 6.272333 -1.844034 2.498506 -2.507279 -10.163604 4.678952 4.621109 -20.976028 6e-06 -1e-06 -21.226294 2.451705 -3.594007 0.0 -5e-06 -0.0 -1.362683 2.240799 -0.746323 -21.334921 0.584918 3.008322 -13.821218 2e-06 1e-06 -23.887178 -0.249073 -0.839491 -60.294868 2.465669 -1.229521 -0.294026 1.679688 0.833257 -14.218212 0.093222 1.300583 -34.212059 -0.287551 0.96716 -20.033218 0.964541 1.212836 -0.0 0.0 0.0 -3.440389 0.788235 0.501655 -15.928189 -3.167304 2.999708 -6.338829 1e-06 0.0 -18.123453 3.648191 -4.905676 -3e-06 -0.0 -2e-06 18.01622 5.692741 16.44569 58.890984 -0.605111 40.094128 -1.567459 18.072378 -0.279832 0.060445 5.53366 7.203033 2.243545 -5.25504 -3.180161 14.282908 -0.826599 6.95251 -1e-06 -12.69061 2e-06 16.444004 -17.567347 2.621222 1.665668 -1.955922 -2.878299 4.727806 -4.17059 4.993927 11.02054 1e-06 -1e-06 12.109067 -3.735721 -2.866785 1e-06 0.0 -1e-06 1.291987 -1.92855 -1.498092 14.800146 0.567465 3.865612 14.242588 -1.341739 -6.660661 19.63199 0.143922 -0.648247 50.643677 -0.585006 -6.423061 0.35303 -1.511151 -0.031938 20.222815 3.684306 2.316633 18.787292 1e-06 -1e-06 10.751639 -0.479869 1.397905 0.0 1e-06 0.0 3.27381 0.305946 -0.580112 21.486834 11.830376 2.266133 8.162937 -0.0 -0.0 18.399103 -3.79899 -4.94058 2e-06 2e-06 -2e-06 11.639929 13.497561 0.443757 -0.124748 -0.19416 10.355324 -11.275592 -1.652553 -3.587315 1.638144 -1.996732 0.309344 0.0 0.0 2e-06 -11.429652 -12.834458 5.173193 -0.005481 0.107804 8.227352 10.74364 -8.338876 -5.659094 -1.443454 0.899931 0.986793 0.0 0.0 -1e-06 
0.0 0.0 0.0 0.0 -0.0 0.0 -0.133106 98.745285 -1.421613 0.08041 2.174136 -4.865316 -0.39944 0.115309 -1.459259 -0.788698 0.003855 -5.370265 -1.955138 -2.038052 14.169062 16.107267 -4.190361 5.01608 -0.777304 -2.01189 -3.682864 11.94898 -8.186435 -8.553599 7.6e-05 -2.2e-05 6e-06 -0.140874 0.20472 -0.030489 0.607233 -3.465966 -10.623848 -0.876746 3.868013 -10.666862 -19.081108 -2.771409 14.921062 -52.794281 -15.892358 21.510849 -0.112159 -21.627424 0.149503 3.33024 0.354711 -7.795718 -5.882109 9.861288 0.70259 -10.936873 -0.360575 7.156207 -0.0 8.774826 -1e-06 -15.92404 18.060921 6.294236 -1.844033 2.498505 -2.507277 -10.163603 4.678946 4.621108 -20.976027 -2e-06 1e-06 -21.22629 2.451698 -3.594001 1e-06 -6e-06 -0.0 -1.362682 2.240798 -0.746323 -21.334917 0.58491 3.00832 -13.821218 -3e-06 1e-06 -23.887178 -0.24908 -0.839485 -60.387951 2.486241 -1.196744 -0.294025 1.679687 0.833256 -14.218211 0.093217 1.300579 -34.212051 -0.287564 0.967167 -20.033218 0.964536 1.21284 0.0 0.0 0.0 -3.440389 0.788232 0.501655 -15.928191 -3.16731 2.999707 -6.338828 -1e-06 -1e-06 -18.123453 3.648184 -4.905673 -4e-06 -0.0 -2e-06 17.627192 5.781867 16.197289 58.446461 -0.477185 38.365341 -1.612299 18.227098 -0.347524 -3.80236 5.279036 4.882959 2.243542 -5.255037 -3.180159 14.282896 -0.826596 6.952507 -2e-06 -12.690605 -1e-06 16.520151 -17.390451 2.533564 1.665666 -1.955922 -2.878301 4.727801 -4.170587 4.993924 11.020528 3e-06 -2e-06 12.109055 -3.735717 -2.866785 -1e-06 0.0 1e-06 1.291985 -1.92855 -1.49809 14.800132 0.567467 3.865609 14.242576 -1.341736 -6.660658 19.631969 0.143924 -0.648244 50.564476 -0.546773 -6.416041 0.353029 -1.511151 -0.031941 20.222797 3.68431 2.316631 18.787279 3e-06 1e-06 10.751632 -0.479868 1.397906 -0.0 1e-06 -0.0 3.273808 0.305947 -0.58011 21.48682 11.830376 2.266136 8.16293 2e-06 -0.0 18.399088 -3.798986 -4.940574 4e-06 -1e-06 -1e-06 11.715791 13.584568 0.445608 -0.130164 -0.197172 10.409211 -11.271258 -1.796766 -3.562649 1.64024 -2.003261 0.247185 0.0 0.0 2e-06 -11.37155 -12.760077 5.238493 -0.000406 0.133178 8.183573 10.655748 -8.44118 -5.606955 -1.439711 0.90853 0.89201 -0.0 0.0 -1e-06 
0.0 0.0 0.0 0.0 -0.0 0.0 -0.14204 98.744942 -1.479002 0.044022 2.227694 -4.920746 -0.361322 0.070646 -1.407062 -0.766554 0.067519 -5.356913 -1.99464 -2.01287 14.230409 16.27113 -4.163736 4.878907 -0.753154 -1.990631 -3.70012 12.028816 -8.167789 -8.804768 7.7e-05 -2.4e-05 6e-06 -0.137664 0.21045 -0.03564 0.610157 -3.464001 -10.647817 -0.87322 3.87777 -10.698841 -18.964022 -2.803339 14.9461 -52.747726 -16.071236 21.783806 -0.066482 -21.762886 0.120772 3.784544 0.251472 -8.003256 -5.882113 9.861293 0.70259 -10.93688 -0.360574 7.156211 0.0 8.774832 0.0 -15.934811 18.032953 6.307787 -1.844035 2.498508 -2.507281 -10.16361 4.67895 4.621113 -20.97604 -3e-06 -0.0 -21.226307 2.451698 -3.594005 1e-06 -6e-06 1e-06 -1.362683 2.240799 -0.746324 -21.334934 0.584913 3.008325 -13.821227 -2e-06 2e-06 -23.887192 -0.249078 -0.839487 -60.50584 2.516922 -1.183437 -0.294025 1.679688 0.833256 -14.218222 0.093217 1.30058 -34.212082 -0.287563 0.967169 -20.03323 0.964538 1.212843 1e-06 0.0 0.0 -3.440391 0.788233 0.501657 -15.928201 -3.167311 2.999708 -6.338831 -2e-06 -0.0 -18.123463 3.648185 -4.905677 -4e-06 0.0 -1e-06 17.148588 5.870536 15.970405 58.237507 -0.358341 36.660885 -1.445858 19.007069 -0.417166 -10.530967 5.184367 2.223353 2.243543 -5.25504 -3.180159 14.282902 -0.826595 6.952509 -3e-06 -12.690614 -0.0 16.667582 -17.39032 2.399651 1.665668 -1.955922 -2.878299 4.727803 -4.17059 4.993928 11.020535 4e-06 1e-06 12.10906 -3.735717 -2.866785 -1e-06 -0.0 -1e-06 1.291986 -1.92855 -1.49809 14.80014 0.567469 3.86561 14.242584 -1.341736 -6.660661 19.631983 0.143926 -0.648242 50.39875 -0.520408 -6.458741 0.35303 -1.511151 -0.031939 20.222809 3.684314 2.316629 18.787289 6e-06 0.0 10.751637 -0.479868 1.397908 -1e-06 -1e-06 -1e-06 3.27381 0.305947 -0.580112 21.486832 11.830385 2.266134 8.162935 2e-06 -0.0 18.399099 -3.798984 -4.94058 3e-06 -0.0 -1e-06 11.777009 13.641169 0.42335 -0.146115 -0.222794 10.468745 -11.268447 -1.919957 -3.557804 1.644666 -1.985835 0.205073 0.0 0.0 2e-06 -11.317134 -12.692506 5.291143 0.005356 0.160927 8.143344 10.551991 -8.58414 -5.56235 -1.437966 0.916829 0.811244 0.0 0.0 -1e-06 
0.0 0.0 0.0 0.0 -0.0 0.0 -0.162781 98.746376 -1.539755 0.034344 2.265468 -4.96171 -0.323245 0.034943 -1.361789 -0.746256 0.145281 -5.356236 -2.03651 -1.947737 14.286544 16.419399 -4.103235 4.757469 -0.793243 -2.021713 -3.743386 12.111961 -8.155034 -9.007414 7.7e-05 -2.4e-05 6e-06 -0.139369 0.201805 -0.045541 0.607545 -3.476985 -10.681353 -0.873965 3.873401 -10.735746 -18.873777 -2.816612 14.982472 -52.65889 -16.250654 22.171955 0.00435 -22.020586 0.086912 4.235986 0.035056 -8.030171 -5.882106 9.861286 0.702591 -10.936872 -0.360574 7.156205 0.0 8.774825 -1e-06 -15.940605 18.018848 6.303763 -1.844033 2.498505 -2.507277 -10.1636 4.678946 4.621109 -20.976021 -3e-06 1e-06 -21.226286 2.451697 -3.594001 1e-06 -5e-06 -0.0 -1.362681 2.240798 -0.746323 -21.334913 0.584911 3.008322 -13.821214 -3e-06 3e-06 -23.887169 -0.249079 -0.839483 -60.563583 2.520465 -1.19478 -0.294024 1.679688 0.833256 -14.218208 0.093215 1.30058 -34.212048 -0.287562 0.967169 -20.033211 0.964537 1.212843 -0.0 -1e-06 -0.0 -3.440388 0.788234 0.501655 -15.928185 -3.16731 2.999707 -6.338826 -1e-06 1e-06 -18.123446 3.648183 -4.905673 -4e-06 0.0 -2e-06 16.698311 5.948438 15.858248 58.287598 -0.08903 35.550945 -1.28361 20.021593 -0.482585 -18.607687 4.858494 0.528047 2.243543 -5.255038 -3.180158 14.282896 -0.826595 6.952507 -2e-06 -12.690607 -1e-06 16.719673 -17.590385 2.302373 1.665666 -1.955922 -2.878299 4.727802 -4.170588 4.993922 11.020531 3e-06 -1e-06 12.109056 -3.735717 -2.866785 -1e-06 0.0 1e-06 1.291986 -1.928551 -1.498091 14.800132 0.567468 3.86561 14.242577 -1.341736 -6.660659 19.631975 0.143925 -0.648244 50.100235 -0.507364 -6.530224 0.353029 -1.51115 -0.031939 20.222797 3.684311 2.316632 18.787279 5e-06 -0.0 10.751631 -0.479869 1.397907 1e-06 -0.0 -1e-06 3.273808 0.305947 -0.580111 21.486824 11.830379 2.266137 8.16293 2e-06 -0.0 18.39909 -3.798985 -4.940576 2e-06 0.0 -0.0 11.804916 13.66501 0.422847 -0.160543 -0.255003 10.454389 -11.273565 -1.972225 -3.546391 1.650423 -1.970945 0.151931 -0.0 -0.0 2e-06 -11.282112 -12.650043 5.296178 0.006263 0.184866 8.154469 10.411198 -8.70316 -5.556527 -1.436864 0.910918 0.745891 -0.0 0.0 -1e-06 
0.0 0.0 0.0 0.0 -0.0 0.0 -0.186492 98.744034 -1.592394 0.04368 2.294218 -4.997263 -0.293606 0.026868 -1.325429 -0.737503 0.215912 -5.360506 -2.061503 -1.85074 14.34128 16.525583 -4.042307 4.674308 -0.869622 -2.097086 -3.795465 12.189851 -8.126152 -9.14214 7.6e-05 -2.4e-05 6e-06 -0.145354 0.189006 -0.053942 0.603255 -3.491148 -10.707744 -0.881698 3.861495 -10.764998 -18.831755 -2.822227 15.029495 -52.51181 -16.415306 22.516796 0.063799 -22.389271 0.059976 4.651898 -0.23606 -7.991731 -5.882118 9.861301 0.702591 -10.936889 -0.360572 7.156214 -1e-06 8.774837 -0.0 -15.908148 18.009977 6.300793 -1.844035 2.498507 -2.507281 -10.163615 4.678954 4.621115 -20.976053 1e-06 -1e-06 -21.226322 2.451704 -3.594007 0.0 -6e-06 -0.0 -1.362683 2.240801 -0.746324 -21.334946 0.584916 3.008325 -13.821235 0.0 1e-06 -23.887205 -0.249074 -0.839491 -60.558376 2.497722 -1.206354 -0.294025 1.679688 0.833257 -14.21823 0.093218 1.30058 -34.212097 -0.287558 0.967163 -20.033243 0.964539 1.21284 0.0 2e-06 -1e-06 -3.440393 0.788235 0.501656 -15.928208 -3.16731 2.99971 -6.338836 -1e-06 -1e-06 -18.123476 3.648191 -4.905682 -4e-06 0.0 -1e-06 16.353081 5.987783 15.854334 58.508434 0.332194 34.981091 -1.35538 20.990889 -0.577571 -25.907188 4.437783 0.06899 2.243542 -5.25504 -3.18016 14.282899 -0.826598 6.952507 -1e-06 -12.69061 1e-06 16.623766 -17.81337 2.261738 1.665667 -1.955922 -2.878299 4.727803 -4.170591 4.993927 11.020535 1e-06 2e-06 12.109058 -3.73572 -2.866782 0.0 -0.0 1e-06 1.291986 -1.92855 -1.498088 14.800139 0.567466 3.865613 14.24258 -1.34174 -6.660659 19.631977 0.143922 -0.648244 49.766762 -0.500527 -6.576827 0.35303 -1.51115 -0.031939 20.222805 3.684308 2.316635 18.787289 -0.0 2e-06 10.751637 -0.479872 1.397907 1e-06 -0.0 -0.0 3.27381 0.305947 -0.580109 21.486828 11.830379 2.266137 8.162933 -1e-06 0.0 18.399099 -3.798991 -4.940578 3e-06 1e-06 -1e-06 11.806357 13.639094 0.424205 -0.170321 -0.275396 10.438823 -11.265584 -1.96552 -3.573442 1.655775 -1.974955 0.133522 0.0 -0.0 2e-06 -11.261508 -12.600666 5.263444 0.004254 0.197458 8.23388 10.271697 -8.82274 -5.61168 -1.436059 0.893539 0.705768 -0.0 0.0 -1e-06 
0.0 0.0 0.0 0.0 -0.0 0.0 -0.21317 98.746613 -1.633405 0.065028 2.333253 -5.029193 -0.279257 0.044148 -1.294049 -0.739156 0.257988 -5.362166 -2.066565 -1.753231 14.391524 16.594545 -3.974031 4.632464 -0.94443 -2.145297 -3.839446 12.260049 -8.06385 -9.244472 7.6e-05 -2.4e-05 6e-06 -0.151198 0.172136 -0.057233 0.600982 -3.507553 -10.721028 -0.891042 3.843029 -10.78381 -18.828114 -2.824774 15.074849 -52.339455 -16.526581 22.73398 0.102776 -22.851982 0.03825 5.027586 -0.521102 -7.942107 -5.882105 9.861283 0.70259 -10.93687 -0.360575 7.156207 1e-06 8.774823 -0.0 -15.855655 18.0326 6.308586 -1.844032 2.498504 -2.507277 -10.163598 4.678944 4.621109 -20.976021 -3e-06 0.0 -21.226282 2.451696 -3.593999 1e-06 -6e-06 1e-06 -1.362682 2.240799 -0.746325 -21.334911 0.584908 3.008322 -13.821213 -3e-06 1e-06 -23.887167 -0.24908 -0.839482 -60.519314 2.467148 -1.224395 -0.294024 1.679687 0.833256 -14.218205 0.093213 1.300578 -34.212048 -0.287566 0.96717 -20.033209 0.964535 1.212844 0.0 1e-06 -1e-06 -3.440387 0.788232 0.501655 -15.928183 -3.167309 2.999706 -6.338825 -1e-06 -0.0 -18.123444 3.64818 -4.905671 -4e-06 1e-06 -1e-06 16.12052 5.995208 15.925405 58.885437 0.806473 34.716316 -1.587427 21.796837 -0.695623 -31.410776 4.19606 0.393413 2.243544 -5.255036 -3.180156 14.282896 -0.826596 6.952503 -4e-06 -12.690605 2e-06 16.49901 -17.987421 2.255401 1.665668 -1.955921 -2.878299 4.727801 -4.17059 4.993926 11.020531 2e-06 -0.0 12.109056 -3.735717 -2.866784 -0.0 0.0 1e-06 1.291985 -1.92855 -1.49809 14.800132 0.567468 3.865608 14.242576 -1.341735 -6.660656 19.631969 0.143926 -0.648244 49.547039 -0.510176 -6.607218 0.353029 -1.511151 -0.031941 20.222797 3.684309 2.316631 18.787277 4e-06 2e-06 10.751631 -0.479869 1.397906 -0.0 -0.0 1e-06 3.273809 0.305948 -0.58011 21.48682 11.830376 2.266133 8.16293 1e-06 -1e-06 18.399088 -3.798985 -4.940577 3e-06 0.0 0.0 11.788491 13.572164 0.464231 -0.172949 -0.278496 10.3434 -11.260116 -1.979135 -3.57751 1.660145 -1.983546 0.136866 0.0 -0.0 2e-06 -11.251684 -12.539005 5.255619 0.001431 0.195106 8.278008 10.183027 -8.981893 -5.681497 -1.436322 0.88451 0.662908 0.0 0.0 -1e-06 
0.0 0.0 0.0 0.0 -0.0 0.0 -0.245977 98.756157 -1.659411 0.085785 2.392626 -5.062329 -0.277421 0.070691 -1.269017 -0.743214 0.279227 -5.363687 -2.063032 -1.680603 14.452035 16.622171 -3.908693 4.617133 -0.982971 -2.128473 -3.864757 12.347206 -7.973758 -9.350773 7.6e-05 -2.3e-05 6e-06 -0.154655 0.161693 -0.055601 0.599379 -3.517242 -10.72405 -0.89643 3.830769 -10.793175 -18.847366 -2.81133 15.13625 -52.16909 -16.594086 22.808487 0.145469 -23.340881 0.020792 5.323555 -0.775797 -7.87113 -5.882107 9.861289 0.70259 -10.93687 -0.360572 7.156202 -2e-06 8.774827 -2e-06 -15.797505 18.0728 6.323463 -1.844034 2.498506 -2.507277 -10.1636 4.67895 4.621107 -20.976021 1e-06 -3e-06 -21.226288 2.4517 -3.594007 1e-06 -5e-06 -1e-06 -1.362682 2.240799 -0.746323 -21.334911 0.584917 3.00832 -13.821213 0.0 -2e-06 -23.887167 -0.249075 -0.83949 -60.464054 2.446775 -1.248879 -0.294026 1.679689 0.833255 -14.218208 0.09322 1.30058 -34.212048 -0.287556 0.967161 -20.033211 0.964538 1.212837 0.0 2e-06 -1e-06 -3.440387 0.788234 0.501655 -15.928183 -3.167305 2.999704 -6.338825 1e-06 -2e-06 -18.123444 3.648189 -4.905675 -4e-06 0.0 -1e-06 15.973854 5.960092 16.026546 59.425316 1.204178 34.600632 -1.788414 22.391115 -0.78131 -35.066704 4.248448 1.038038 2.243542 -5.255035 -3.180156 14.282887 -0.826598 6.952503 0.0 -12.6906 2e-06 16.405907 -18.099867 2.251557 1.665664 -1.955921 -2.878298 4.727797 -4.170588 4.993925 11.020523 1e-06 0.0 12.109051 -3.735717 -2.866782 0.0 0.0 1e-06 1.291984 -1.928548 -1.498087 14.800125 0.567465 3.865608 14.242568 -1.341739 -6.660653 19.63196 0.143922 -0.648244 49.433453 -0.527012 -6.633956 0.35303 -1.51115 -0.03194 20.222786 3.684304 2.316631 18.78727 -1e-06 2e-06 10.751625 -0.479871 1.397905 -0.0 -0.0 -0.0 3.273807 0.305946 -0.580111 21.486803 11.830367 2.266135 8.162926 -2e-06 0.0 18.39908 -3.79899 -4.940574 3e-06 -0.0 1e-06 11.767412 13.474133 0.551681 -0.168141 -0.280233 10.157519 -11.275961 -2.004374 -3.551586 1.662349 -1.987251 0.142472 0.0 -0.0 2e-06 -11.236495 -12.45499 5.307864 -0.003516 0.190936 8.23664 10.133768 -9.17929 -5.744993 -1.43909 0.890856 0.604066 0.0 0.0 -1e-06 
0.0 0.0 0.0 0.0 -0.0 0.0 -0.283869 98.760681 -1.67206 0.098483 2.488073 -5.090359 -0.280404 0.088169 -1.253282 -0.74893 0.28861 -5.375739 -2.060274 -1.639271 14.533266 16.625208 -3.853117 4.622214 -0.991545 -2.068142 -3.879624 12.422709 -7.875468 -9.478342 7.7e-05 -2.3e-05 6e-06 -0.154045 0.160867 -0.050823 0.598907 -3.517166 -10.724055 -0.894868 3.828272 -10.800661 -18.875032 -2.790902 15.194489 -52.020332 -16.628628 22.797241 0.180822 -23.75028 0.004775 5.553536 -0.970153 -7.80631 -5.88211 9.861292 0.702591 -10.93688 -0.360575 7.156209 0.0 8.774831 -0.0 -15.74395 18.109081 6.334604 -1.844034 2.498505 -2.507279 -10.163608 4.678948 4.621112 -20.976038 -4e-06 2e-06 -21.226301 2.4517 -3.594 1e-06 -5e-06 -1e-06 -1.362682 2.2408 -0.746325 -21.33493 0.58491 3.008328 -13.821223 -3e-06 2e-06 -23.887188 -0.249079 -0.839483 -60.388454 2.426515 -1.26734 -0.294025 1.679688 0.833256 -14.218219 0.093215 1.300581 -34.212074 -0.287563 0.967173 -20.03323 0.964538 1.212844 1e-06 0.0 -1e-06 -3.440391 0.788233 0.501655 -15.928201 -3.167311 2.99971 -6.338831 -1e-06 1e-06 -18.123459 3.648185 -4.905674 -4e-06 0.0 -1e-06 15.916274 5.870327 16.130428 60.062 1.444892 34.622177 -1.834806 22.787928 -0.802554 -37.189877 4.530543 1.816352 2.243543 -5.25504 -3.18016 14.282904 -0.826593 6.952509 -4e-06 -12.690616 3e-06 16.353209 -18.178711 2.237363 1.665668 -1.955924 -2.878301 4.727802 -4.17059 4.993929 11.020536 4e-06 0.0 12.109062 -3.735717 -2.866786 -0.0 0.0 -0.0 1.291987 -1.928553 -1.498091 14.800144 0.56747 3.865613 14.242586 -1.341735 -6.660662 19.631987 0.143928 -0.648245 49.41053 -0.542754 -6.648571 0.353028 -1.511152 -0.03194 20.222813 3.684315 2.316632 18.787291 7e-06 0.0 10.751638 -0.479868 1.397909 0.0 -0.0 -0.0 3.273808 0.305948 -0.580111 21.486835 11.830387 2.266136 8.162935 2e-06 -2e-06 18.399099 -3.798988 -4.940577 3e-06 -0.0 -0.0 11.75349 13.34454 0.601886 -0.162542 -0.281295 10.029552 -11.306303 -2.027732 -3.56182 1.662828 -1.987923 0.153198 0.0 -1e-06 2e-06 -11.204143 -12.353998 5.357826 -0.00932 0.184109 8.223489 10.114603 -9.393216 -5.853045 -1.442975 0.908256 0.539013 0.0 0.0 -1e-06 
0.0 0.0 0.0 0.0 -0.0 0.0 -0.32777 98.76149 -1.670851 0.104705 2.610141 -5.117501 -0.292836 0.096693 -1.247261 -0.756074 0.269109 -5.398819 -2.050781 -1.622879 14.630187 16.595636 -3.811873 4.649526 -0.989354 -1.984346 -3.882038 12.509601 -7.774121 -9.598741 7.6e-05 -2.2e-05 6e-06 -0.150953 0.174921 -0.04554 0.59957 -3.501915 -10.722936 -0.889673 3.841181 -10.806493 -18.906725 -2.771492 15.264959 -51.919743 -16.657492 22.675682 0.205618 -23.979725 -0.013331 5.680439 -1.085853 -7.695326 -5.882106 9.861283 0.702589 -10.93687 -0.360574 7.156203 1e-06 8.774822 -2e-06 -15.720653 18.129833 6.336725 -1.844032 2.498503 -2.507277 -10.163599 4.678944 4.621109 -20.976021 -3e-06 2e-06 -21.226286 2.451696 -3.594 0.0 -6e-06 0.0 -1.362682 2.240799 -0.746325 -21.334913 0.584909 3.008323 -13.821213 -3e-06 2e-06 -23.887167 -0.24908 -0.839483 -60.316833 2.39644 -1.270964 -0.294025 1.679687 0.833254 -14.218207 0.093214 1.300582 -34.212048 -0.287563 0.967171 -20.033211 0.964536 1.212844 -0.0 1e-06 -1e-06 -3.440388 0.788233 0.501656 -15.928185 -3.16731 2.999705 -6.338825 -2e-06 -1e-06 -18.123444 3.648182 -4.905668 -4e-06 1e-06 -1e-06 15.930218 5.733953 16.241302 60.773373 1.502543 34.86314 -1.69259 23.02718 -0.752781 -38.179466 4.909774 2.675062 2.243541 -5.255037 -3.180157 14.282888 -0.826595 6.952505 -0.0 -12.690603 1e-06 16.343449 -18.247425 2.20643 1.665666 -1.955921 -2.878299 4.727798 -4.170586 4.993924 11.020524 2e-06 -1e-06 12.109052 -3.735715 -2.866783 -0.0 0.0 -0.0 1.291984 -1.928549 -1.498089 14.800125 0.567467 3.865608 14.242569 -1.341735 -6.660659 19.631962 0.143926 -0.648244 49.452343 -0.552656 -6.651536 0.353027 -1.51115 -0.03194 20.222788 3.684308 2.316632 18.78727 3e-06 1e-06 10.751627 -0.479869 1.397907 0.0 -0.0 1e-06 3.273805 0.305947 -0.580112 21.486811 11.830371 2.266132 8.162926 1e-06 -2e-06 18.39908 -3.798985 -4.940575 3e-06 -0.0 -1e-06 11.748037 13.182662 0.634057 -0.158306 -0.282798 9.937112 -11.368542 -2.003422 -3.577917 1.661655 -1.989308 0.160758 -0.0 -0.0 2e-06 -11.158566 -12.23693 5.412818 -0.012689 0.179576 8.228944 10.111507 -9.613175 -5.950924 -1.447154 0.921445 0.472772 -0.0 0.0 -1e-06 
0.0 0.0 0.0 0.0 -0.0 0.0 -0.368241 98.757294 -1.659764 0.109197 2.755161 -5.139903 -0.311935 0.090999 -1.248646 -0.766851 0.224587 -5.421287 -2.036346 -1.625417 14.718344 16.542067 -3.788957 4.688078 -0.983963 -1.886621 -3.863454 12.609777 -7.679358 -9.664951 7.8e-05 -2.2e-05 6e-06 -0.147795 0.198207 -0.044044 0.599648 -3.478262 -10.724941 -0.883823 3.864813 -10.811799 -18.951479 -2.754566 15.354841 -51.873859 -16.687883 22.41291 0.213501 -23.959969 -0.015115 5.650619 -1.089035 -7.537997 -5.882106 9.861284 0.70259 -10.936873 -0.360576 7.156208 1e-06 8.774824 -1e-06 -15.74221 18.131868 6.319693 -1.844033 2.498506 -2.507278 -10.1636 4.678945 4.621112 -20.976025 -5e-06 2e-06 -21.226288 2.451695 -3.593999 1e-06 -5e-06 0.0 -1.362681 2.240797 -0.746324 -21.334917 0.584908 3.008324 -13.821216 -3e-06 2e-06 -23.887175 -0.249079 -0.839481 -60.272411 2.374861 -1.267512 -0.294026 1.679687 0.833256 -14.218211 0.093214 1.300581 -34.212063 -0.287566 0.967174 -20.033215 0.964537 1.212844 -0.0 1e-06 -1e-06 -3.440389 0.788233 0.501655 -15.928187 -3.167311 2.999706 -6.338825 -2e-06 -1e-06 -18.123447 3.648181 -4.90567 -5e-06 1e-06 -0.0 16.035107 5.566326 16.381874 61.510075 1.358334 35.319611 -1.361222 23.07303 -0.627694 -38.009655 5.347625 3.450452 2.243543 -5.255037 -3.180158 14.282891 -0.826595 6.952502 -2e-06 -12.690601 -0.0 16.332394 -18.298613 2.161691 1.665666 -1.955922 -2.8783 4.727798 -4.170587 4.993924 11.020526 3e-06 -1e-06 12.109053 -3.735715 -2.866784 0.0 0.0 -0.0 1.291985 -1.928548 -1.498089 14.800129 0.567469 3.865609 14.242573 -1.341736 -6.660659 19.631969 0.143926 -0.648244 49.494507 -0.564906 -6.657417 0.353027 -1.51115 -0.031941 20.222794 3.684309 2.316631 18.787273 4e-06 -1e-06 10.751629 -0.479869 1.397909 -0.0 -0.0 -0.0 3.273808 0.305947 -0.580112 21.486818 11.830374 2.266135 8.162928 1e-06 0.0 18.399084 -3.798983 -4.940575 3e-06 -0.0 0.0 11.739155 12.992746 0.629992 -0.156215 -0.290044 9.907193 -11.447766 -1.939969 -3.610415 1.660233 -1.989586 0.156514 -0.0 -0.0 2e-06 -11.109888 -12.104545 5.459338 -0.014122 0.177823 8.265688 10.136003 -9.811016 -6.052979 -1.450507 0.929024 0.424971 0.0 1e-06 -1e-06 
0.0 0.0 0.0 0.0 -0.0 0.0 -0.395511 98.752785 -1.637769 0.108442 2.905651 -5.141771 -0.330436 0.075309 -1.26217 -0.776944 0.173063 -5.438159 -2.011184 -1.655031 14.77776 16.458389 -3.790367 4.733502 -0.964942 -1.784085 -3.830728 12.692435 -7.590982 -9.675905 7.8e-05 -2.2e-05 6e-06 -0.148037 0.219113 -0.04636 0.595092 -3.456733 -10.720883 -0.880156 3.885935 -10.8069 -19.018574 -2.731749 15.463569 -51.889412 -16.706905 22.062614 0.231545 -23.720825 -0.002405 5.474566 -0.961708 -7.430555 -5.882109 9.861289 0.702589 -10.936875 -0.360575 7.156206 0.0 8.774828 -1e-06 -15.80953 18.129501 6.278888 -1.844034 2.498505 -2.507279 -10.163604 4.678947 4.621109 -20.976032 -2e-06 1e-06 -21.226295 2.451698 -3.594004 0.0 -6e-06 0.0 -1.362681 2.240798 -0.746323 -21.334921 0.584911 3.008323 -13.821218 -2e-06 2e-06 -23.887178 -0.249079 -0.839487 -60.259415 2.369892 -1.269904 -0.294024 1.679686 0.833255 -14.218214 0.093215 1.300579 -34.212059 -0.287564 0.96717 -20.033218 0.964538 1.212842 0.0 1e-06 -0.0 -3.440389 0.788233 0.501655 -15.928192 -3.16731 2.999708 -6.338829 -1e-06 -0.0 -18.123455 3.648184 -4.905674 -5e-06 0.0 -1e-06 16.257444 5.387187 16.506023 62.210716 1.003814 36.01897 -0.829887 22.83498 -0.433187 -36.49416 5.882257 4.049552 2.243543 -5.255037 -3.180158 14.282894 -0.826594 6.952505 -2e-06 -12.690605 -2e-06 16.293058 -18.307461 2.107627 1.665667 -1.955922 -2.878298 4.727798 -4.170587 4.993925 11.020528 3e-06 -0.0 12.109054 -3.735716 -2.866785 0.0 0.0 0.0 1.291985 -1.928549 -1.49809 14.800131 0.567468 3.865608 14.242574 -1.341737 -6.660657 19.631969 0.143924 -0.648241 49.505352 -0.588824 -6.669104 0.35303 -1.51115 -0.031939 20.222799 3.68431 2.316631 18.787275 4e-06 0.0 10.751631 -0.479869 1.397907 -0.0 -0.0 -1e-06 3.273807 0.305948 -0.580113 21.486818 11.830376 2.266136 8.162929 1e-06 -0.0 18.399086 -3.798985 -4.940577 3e-06 0.0 -1e-06 11.723432 12.796325 0.588119 -0.15534 -0.302806 9.92041 -11.52022 -1.876593 -3.653642 1.658233 -1.983532 0.134249 0.0 -0.0 2e-06 -11.058659 -11.958867 5.505789 -0.013179 0.176554 8.275177 10.181157 -9.996449 -6.154337 -1.453188 0.93078 0.376842 0.0 0.0 -1e-06 
0.0 0.0 0.0 0.0 -0.0 0.0 -0.414677 98.758255 -1.602902 0.124431 3.031099 -5.119277 -0.359988 0.075624 -1.290749 -0.792654 0.1167 -5.446938 -1.979662 -1.717342 14.799068 16.33131 -3.828813 4.777489 -0.91508 -1.676725 -3.780788 12.759114 -7.488626 -9.623865 7.7e-05 -2.3e-05 6e-06 -0.15284 0.226048 -0.04591 0.586726 -3.44772 -10.70587 -0.881574 3.891305 -10.785895 -19.101421 -2.706011 15.583867 -51.971443 -16.68284 21.589254 0.25222 -23.285639 0.019199 5.15764 -0.738617 -7.429585 -5.882106 9.861285 0.70259 -10.936869 -0.360575 7.156207 0.0 8.774824 -1e-06 -15.915584 18.125647 6.216489 -1.844033 2.498504 -2.507276 -10.163599 4.678945 4.621107 -20.976023 -3e-06 0.0 -21.226286 2.451698 -3.594 0.0 -5e-06 0.0 -1.362681 2.240798 -0.746324 -21.334913 0.584911 3.008322 -13.821213 -2e-06 -0.0 -23.887169 -0.249078 -0.839482 -60.294487 2.378895 -1.290733 -0.294025 1.679687 0.833255 -14.218207 0.093215 1.300581 -34.212048 -0.287564 0.967169 -20.033211 0.964537 1.212843 1e-06 1e-06 -0.0 -3.440388 0.788234 0.501656 -15.928185 -3.167308 2.999705 -6.338825 -2e-06 0.0 -18.123444 3.648182 -4.905672 -4e-06 0.0 -2e-06 16.638113 5.215991 16.597475 62.761147 0.506228 37.113171 -0.289266 22.213337 -0.231002 -32.972218 6.428706 4.437453 2.243545 -5.255037 -3.180157 14.282897 -0.826596 6.952503 -2e-06 -12.690605 1e-06 16.243752 -18.233681 2.085706 1.665666 -1.955922 -2.878299 4.727801 -4.170589 4.993925 11.02053 2e-06 -2e-06 12.109056 -3.735716 -2.866783 0.0 0.0 0.0 1.291986 -1.92855 -1.49809 14.800136 0.567467 3.865607 14.242578 -1.341737 -6.660657 19.631973 0.143923 -0.648245 49.561279 -0.637086 -6.670573 0.353027 -1.51115 -0.031942 20.222801 3.684309 2.316631 18.787283 4e-06 -1e-06 10.751634 -0.479868 1.397906 0.0 -0.0 -1e-06 3.273807 0.305947 -0.580111 21.486822 11.830373 2.266133 8.16293 1e-06 -2e-06 18.399088 -3.798987 -4.940576 3e-06 -1e-06 -1e-06 11.677531 12.598409 0.593015 -0.151508 -0.311549 9.817861 -11.569062 -1.795589 -3.62277 1.655124 -1.980971 0.104422 -0.0 -1e-06 2e-06 -11.035489 -11.827894 5.572649 -0.008457 0.172325 8.200794 10.239068 -10.119864 -6.208749 -1.454684 0.925998 0.342625 0.0 0.0 -1e-06 
0.0 0.0 0.0 0.0 -0.0 0.0 -0.429709 98.770905 -1.559465 0.155609 3.118465 -5.081294 -0.407996 0.105238 -1.313678 -0.819273 0.058599 -5.449063 -1.930625 -1.818799 14.789089 16.14308 -3.886261 4.809111 -0.816599 -1.54627 -3.714972 12.797857 -7.391915 -9.527258 7.7e-05 -2.3e-05 6e-06 -0.157242 0.21755 -0.040581 0.580432 -3.451174 -10.678158 -0.884036 3.877839 -10.750912 -19.186581 -2.678814 15.643054 -52.088936 -16.575943 20.98542 0.206333 -22.688152 0.048982 4.720875 -0.488811 -7.666373 -5.882115 9.861297 0.702592 -10.936885 -0.360573 7.156213 -0.0 8.774835 0.0 -16.026535 18.136292 6.160891 -1.844036 2.498507 -2.507281 -10.163614 4.678952 4.621115 -20.976053 -2e-06 0.0 -21.226318 2.4517 -3.594007 0.0 -6e-06 -1e-06 -1.362683 2.2408 -0.746326 -21.334944 0.584913 3.008326 -13.821235 -2e-06 3e-06 -23.887203 -0.249077 -0.839487 -60.367165 2.368563 -1.298018 -0.294026 1.67969 0.833257 -14.218228 0.093217 1.300582 -34.212097 -0.287562 0.967171 -20.033241 0.964538 1.212843 0.0 0.0 -1e-06 -3.440393 0.788235 0.501657 -15.928206 -3.167311 2.999711 -6.338835 -1e-06 -0.0 -18.123474 3.648188 -4.905679 -4e-06 0.0 -2e-06 17.202152 5.072886 16.664145 62.962597 -0.007168 38.596451 -0.07894 21.271812 -0.120992 -26.61031 6.832572 4.770993 2.243544 -5.255038 -3.18016 14.282898 -0.826595 6.952504 -3e-06 -12.69061 -1e-06 16.240557 -18.060558 2.180366 1.665667 -1.955922 -2.878299 4.727801 -4.170588 4.993925 11.020534 3e-06 -2e-06 12.109058 -3.735717 -2.866786 0.0 -0.0 1e-06 1.291987 -1.928549 -1.498089 14.800136 0.567469 3.865607 14.24258 -1.341735 -6.660663 19.631981 0.143927 -0.648246 49.886143 -0.700423 -6.599477 0.353028 -1.511151 -0.03194 20.222803 3.684313 2.316628 18.787285 7e-06 -2e-06 10.751636 -0.479867 1.397906 -0.0 -0.0 0.0 3.27381 0.305947 -0.580111 21.486828 11.830383 2.266132 8.16293 2e-06 -2e-06 18.399092 -3.798984 -4.940577 3e-06 0.0 -2e-06 11.619179 12.474878 0.648508 -0.141816 -0.307848 9.618137 -11.584991 -1.745125 -3.531909 1.648273 -1.980894 0.098066 0.0 -1e-06 2e-06 -11.039696 -11.721887 5.643195 -0.002519 0.152726 8.083303 10.297901 -10.132206 -6.229717 -1.453639 0.925898 0.40486 -0.0 0.0 -1e-06 
0.0 0.0 0.0 0.0 -0.0 0.0 -0.436935 98.772064 -1.524453 0.195142 3.21762 -5.045619 -0.475475 0.154196 -1.322825 -0.847585 -0.038839 -5.453362 -1.858041 -1.930498 14.776096 15.870903 -4.002959 4.840178 -0.641241 -1.338151 -3.660993 12.802629 -7.328908 -9.30002 7.7e-05 -2.2e-05 6e-06 -0.156004 0.216606 -0.03778 0.584084 -3.445369 -10.63304 -0.884781 3.869671 -10.700582 -19.312592 -2.620825 15.611866 -52.167973 -16.412909 20.408146 0.095285 -21.962818 0.099394 4.205098 -0.197433 -8.233505 -5.882108 9.861288 0.702589 -10.936878 -0.360577 7.156207 3e-06 8.77483 1e-06 -16.074545 18.150936 6.150977 -1.844033 2.498505 -2.50728 -10.163606 4.678945 4.621109 -20.976038 -9e-06 1e-06 -21.226299 2.451694 -3.594001 1e-06 -7e-06 -1e-06 -1.362682 2.240799 -0.746323 -21.334929 0.584905 3.008322 -13.821223 -6e-06 2e-06 -23.887184 -0.249084 -0.839482 -60.402348 2.33065 -1.251594 -0.294025 1.679687 0.833257 -14.218218 0.093212 1.300578 -34.212074 -0.287573 0.967171 -20.03323 0.964533 1.212847 -1e-06 0.0 0.0 -3.44039 0.788234 0.501655 -15.928198 -3.167314 2.999706 -6.33883 -3e-06 1e-06 -18.123459 3.64818 -4.905672 -4e-06 -0.0 -1e-06 18.015421 4.938866 16.734875 62.711681 -0.399974 39.966217 -0.499406 19.965281 -0.138043 -16.554289 6.935646 5.425803 2.243542 -5.255038 -3.180157 14.2829 -0.826594 6.952507 -3e-06 -12.690612 0.0 16.370899 -17.847408 2.4016 1.665667 -1.955922 -2.878299 4.727802 -4.170589 4.993925 11.020534 4e-06 0.0 12.109058 -3.735717 -2.866783 0.0 -0.0 0.0 1.291986 -1.92855 -1.498089 14.800138 0.56747 3.865609 14.24258 -1.341735 -6.660658 19.631975 0.143928 -0.648243 50.516968 -0.719695 -6.465141 0.353028 -1.511151 -0.03194 20.222801 3.684315 2.316631 18.787285 6e-06 1e-06 10.751635 -0.479867 1.397907 -0.0 -0.0 0.0 3.273808 0.305948 -0.580112 21.486828 11.830383 2.266134 8.162933 3e-06 -1e-06 18.399094 -3.798984 -4.940577 2e-06 -0.0 -1e-06 11.542228 12.324276 0.636565 -0.120899 -0.2775 9.544451 -11.572438 -1.73248 -3.496724 1.638345 -1.977831 0.132787 -0.0 -0.0 2e-06 -11.06411 -11.661107 5.648561 -0.000901 0.109488 8.098778 10.368095 -10.015354 -6.275848 -1.452012 0.942819 0.559349 -0.0 0.0 -1e-06 
0.0 0.0 0.0 0.0 -0.0 0.0 -0.430184 98.776619 -1.497069 0.233862 3.308421 -4.960998 -0.523581 0.172891 -1.341158 -0.866161 -0.11991 -5.460376 -1.780961 -2.017894 14.732976 15.648849 -4.125161 4.850858 -0.516648 -1.122463 -3.672127 12.832131 -7.295557 -9.055591 7.7e-05 -2.3e-05 6e-06 -0.158377 0.23429 -0.047998 0.579513 -3.42518 -10.597348 -0.884358 3.885232 -10.657942 -19.407007 -2.601119 15.573023 -52.337353 -16.159899 19.711811 0.080659 -21.247818 0.108296 3.806228 0.016724 -8.803178 -5.882109 9.861288 0.702589 -10.936877 -0.360575 7.156206 2e-06 8.774828 0.0 -16.065775 18.126986 6.158821 -1.844034 2.498506 -2.507279 -10.163604 4.678945 4.621107 -20.976032 -5e-06 -1e-06 -21.226295 2.451695 -3.594001 1e-06 -7e-06 -1e-06 -1.362682 2.240798 -0.746323 -21.334925 0.584908 3.00832 -13.821221 -5e-06 -0.0 -23.88718 -0.249083 -0.839484 -60.329777 2.285262 -1.187832 -0.294025 1.679688 0.833256 -14.218216 0.093214 1.300578 -34.212067 -0.287567 0.967168 -20.033222 0.964534 1.212842 -0.0 -0.0 0.0 -3.44039 0.788232 0.501656 -15.928192 -3.167312 2.999705 -6.33883 -1e-06 -0.0 -18.123457 3.64818 -4.905674 -4e-06 0.0 -1e-06 18.657644 4.825438 16.82316 62.540798 -0.609247 40.578056 -0.878376 18.29203 -0.171894 -8.510585 6.722634 6.259286 2.243543 -5.255039 -3.180156 14.282898 -0.826596 6.952507 -2e-06 -12.69061 -1e-06 16.526121 -17.845209 2.553691 1.665667 -1.955922 -2.878302 4.727801 -4.170589 4.993925 11.020532 3e-06 -1e-06 12.109058 -3.735718 -2.866786 0.0 -0.0 0.0 1.291986 -1.92855 -1.498089 14.800138 0.567468 3.865609 14.242582 -1.341736 -6.660661 19.631979 0.143926 -0.648244 50.878304 -0.685776 -6.421022 0.353029 -1.511151 -0.031941 20.222801 3.684311 2.316632 18.787285 5e-06 -1e-06 10.751633 -0.479869 1.397908 -1e-06 1e-06 -0.0 3.273808 0.305947 -0.580112 21.486828 11.830379 2.266135 8.162933 2e-06 0.0 18.399092 -3.798984 -4.940577 2e-06 1e-06 -2e-06 11.456968 12.241426 0.558518 -0.10814 -0.25621 9.497283 -11.569921 -1.75572 -3.432765 1.633108 -1.977252 0.143924 0.0 -0.0 2e-06 -11.093291 -11.650368 5.596818 -0.001083 0.066339 8.10912 10.440629 -9.927266 -6.258473 -1.451407 0.952555 0.688378 -0.0 0.0 -1e-06 
0.0 0.0 0.0 0.0 -0.0 0.0 -0.408626 98.80204 -1.476023 0.278535 3.343399 -4.823717 -0.544868 0.159639 -1.372773 -0.867932 -0.144457 -5.458082 -1.737286 -2.082396 14.678587 15.505699 -4.152298 4.777233 -0.475159 -1.032106 -3.685649 12.891372 -7.256021 -8.9662 7.6e-05 -2.3e-05 6e-06 -0.159191 0.252294 -0.057554 0.570797 -3.408849 -10.579575 -0.876995 3.90637 -10.630041 -19.496124 -2.645628 15.541228 -52.447933 -15.877301 18.979925 0.118655 -20.583599 0.093729 3.607262 0.115311 -9.146093 -5.882114 9.861297 0.702591 -10.936884 -0.360574 7.156213 0.0 8.774835 -1e-06 -16.037548 18.081972 6.191166 -1.844035 2.498508 -2.507281 -10.163612 4.67895 4.621113 -20.976048 -3e-06 1e-06 -21.226315 2.4517 -3.594005 1e-06 -6e-06 -0.0 -1.362684 2.240802 -0.746325 -21.334942 0.584911 3.008325 -13.821233 -3e-06 1e-06 -23.887203 -0.249079 -0.839485 -60.240105 2.264208 -1.126413 -0.294025 1.67969 0.833257 -14.218227 0.093215 1.300582 -34.212097 -0.287565 0.967169 -20.033241 0.964538 1.212843 0.0 -0.0 -0.0 -3.440392 0.788234 0.501656 -15.928206 -3.167311 2.99971 -6.338833 -1e-06 0.0 -18.12347 3.648188 -4.905677 -3e-06 0.0 -3e-06 18.952757 4.778867 16.868132 62.297028 -0.777967 40.460476 -0.828073 16.956905 -0.14975 -4.973159 6.566683 6.605735 2.243544 -5.255042 -3.18016 14.282909 -0.826596 6.952511 -3e-06 -12.690618 -1e-06 16.59322 -17.89036 2.577954 1.665668 -1.955924 -2.878302 4.727805 -4.170591 4.993928 11.020542 3e-06 -2e-06 12.109066 -3.735718 -2.866785 0.0 0.0 -1e-06 1.291987 -1.928551 -1.498091 14.800148 0.567469 3.86561 14.242588 -1.341738 -6.660665 19.63199 0.143926 -0.648244 50.947952 -0.65685 -6.439093 0.35303 -1.511152 -0.031941 20.222818 3.684314 2.316631 18.787296 5e-06 -1e-06 10.751641 -0.479869 1.397907 -1e-06 1e-06 0.0 3.273811 0.305947 -0.580113 21.486843 11.830388 2.266136 8.162939 3e-06 0.0 18.399105 -3.798985 -4.940581 4e-06 -0.0 -2e-06 11.350525 12.219472 0.522907 -0.107614 -0.250373 9.273665 -11.526297 -1.741818 -3.267935 1.630591 -1.966006 0.117891 0.0 -0.0 2e-06 -11.140854 -11.693362 5.55734 0.000709 0.056237 7.951315 10.492948 -9.892362 -6.108334 -1.449755 0.954938 0.742695 0.0 0.0 -1e-06 
0.0 0.0 0.0 0.0 -0.0 0.0 -0.367842 98.826668 -1.46419 0.329842 3.376194 -4.672347 -0.534608 0.137319 -1.387798 -0.852921 -0.154701 -5.442853 -1.743095 -2.107457 14.629758 15.389077 -4.097128 4.628784 -0.453731 -1.023697 -3.688138 12.892042 -7.250647 -8.970209 7.6e-05 -2.3e-05 6e-06 -0.156585 0.263362 -0.065283 0.566851 -3.399274 -10.569954 -0.867483 3.919912 -10.615498 -19.616203 -2.717807 15.511067 -52.354431 -15.637117 18.229082 0.082234 -20.020325 0.098628 3.641503 0.11624 -9.393471 -5.882112 9.861292 0.70259 -10.93688 -0.360574 7.156209 1e-06 8.774831 -0.0 -15.993382 18.033289 6.226066 -1.844035 2.498506 -2.507278 -10.163608 4.678948 4.621111 -20.97604 -3e-06 0.0 -21.226301 2.451699 -3.594003 1e-06 -7e-06 -1e-06 -1.362683 2.240799 -0.746324 -21.33493 0.584911 3.008322 -13.821224 -4e-06 -1e-06 -23.887188 -0.249079 -0.839485 -60.163601 2.239036 -1.096487 -0.294025 1.679689 0.833256 -14.218221 0.093217 1.30058 -34.212078 -0.287565 0.967166 -20.03323 0.964536 1.212841 0.0 0.0 -0.0 -3.440391 0.788234 0.501655 -15.928201 -3.167311 2.999706 -6.338831 -0.0 0.0 -18.123463 3.648184 -4.905674 -3e-06 0.0 -2e-06 19.060202 4.812626 16.853483 61.724625 -0.917095 39.683922 -0.729625 16.105555 -0.130595 -3.082884 6.620637 6.239673 2.243542 -5.255039 -3.180161 14.2829 -0.826593 6.952509 -4e-06 -12.690609 -1e-06 16.626564 -17.87352 2.511034 1.665667 -1.955922 -2.878302 4.727802 -4.170588 4.993926 11.020534 4e-06 -1e-06 12.109058 -3.735716 -2.866784 0.0 -0.0 1e-06 1.291986 -1.92855 -1.49809 14.80014 0.56747 3.86561 14.242583 -1.341736 -6.660661 19.631985 0.143925 -0.648242 50.865276 -0.613139 -6.465765 0.353029 -1.511151 -0.03194 20.222805 3.684312 2.316636 18.787287 5e-06 2e-06 10.751636 -0.479869 1.397909 -1e-06 0.0 1e-06 3.273809 0.305947 -0.580112 21.486832 11.830382 2.266138 8.162934 2e-06 1e-06 18.399097 -3.798985 -4.940576 4e-06 -1e-06 -2e-06 11.224899 12.221871 0.444386 -0.113776 -0.255367 9.09927 -11.438876 -1.730734 -3.130844 1.63004 -1.93676 0.119987 -0.0 -0.0 2e-06 -11.202357 -11.749393 5.490839 0.00143 0.06857 7.804568 10.531625 -9.916405 -5.965475 -1.4471 0.958723 0.769364 -0.0 0.0 -1e-06 
0.0 0.0 0.0 0.0 -0.0 0.0 -0.303325 98.840408 -1.468215 0.409336 3.423561 -4.531871 -0.503994 0.114356 -1.361803 -0.834126 -0.172442 -5.416882 -1.797677 -2.094395 14.580176 15.270107 -3.958544 4.44417 -0.440723 -1.102752 -3.685671 12.793997 -7.256417 -8.96674 7.6e-05 -2.3e-05 6e-06 -0.148336 0.244165 -0.072749 0.573647 -3.417838 -10.564511 -0.857418 3.900223 -10.608391 -19.715462 -2.789011 15.460873 -52.086967 -15.413333 17.561819 -0.037828 -19.611582 0.112592 3.931913 -0.059258 -9.789718 -5.88211 9.861292 0.702589 -10.936877 -0.360575 7.156207 1e-06 8.774831 -1e-06 -15.957729 17.999592 6.238127 -1.844034 2.498504 -2.507279 -10.163606 4.678946 4.621109 -20.976038 -5e-06 1e-06 -21.226299 2.451697 -3.594002 -1e-06 -7e-06 -0.0 -1.362682 2.240799 -0.746323 -21.334929 0.584909 3.008321 -13.821223 -4e-06 -0.0 -23.887188 -0.249082 -0.839486 -60.134159 2.20167 -1.11294 -0.294024 1.679689 0.833256 -14.218218 0.093214 1.300578 -34.212074 -0.287569 0.967168 -20.03323 0.964534 1.212843 0.0 -0.0 -0.0 -3.440391 0.788233 0.501654 -15.928196 -3.167313 2.999705 -6.338832 -1e-06 0.0 -18.123459 3.648184 -4.905675 -3e-06 -0.0 -2e-06 19.029318 4.962362 16.811661 60.797264 -0.932895 38.544083 -0.670935 15.660234 -0.125175 -1.470337 6.780605 5.472419 2.243542 -5.255037 -3.180159 14.282898 -0.826593 6.952507 -3e-06 -12.690608 -0.0 16.659496 -17.851503 2.380933 1.665667 -1.955922 -2.8783 4.7278 -4.170588 4.993927 11.020531 4e-06 -0.0 12.109058 -3.735716 -2.866784 -0.0 0.0 0.0 1.291986 -1.92855 -1.498089 14.800136 0.56747 3.865608 14.242579 -1.341735 -6.660659 19.631981 0.143926 -0.648244 50.711708 -0.565188 -6.528429 0.353029 -1.511151 -0.031939 20.222801 3.684312 2.31663 18.787283 8e-06 -1e-06 10.751633 -0.479867 1.397907 -1e-06 0.0 -0.0 3.273808 0.305947 -0.580113 21.486826 11.830381 2.266134 8.162933 3e-06 -1e-06 18.399096 -3.798985 -4.940577 3e-06 -0.0 -1e-06 11.065287 12.276785 0.312437 -0.126092 -0.268853 9.041026 -11.34614 -1.753167 -3.054293 1.634435 -1.904831 0.148192 0.0 -0.0 2e-06 -11.29956 -11.788724 5.364277 -0.002257 0.076082 7.782885 10.579988 -9.993621 -5.895494 -1.445568 0.954477 0.786065 -0.0 0.0 -1e-06 
0.0 0.0 0.0 0.0 -0.0 0.0 -0.218245 98.849411 -1.484938 0.510015 3.40953 -4.405586 -0.465082 0.100746 -1.318091 -0.809649 -0.162773 -5.385757 -1.87235 -2.059581 14.535802 15.144411 -3.762154 4.279937 -0.486194 -1.23788 -3.695984 12.623532 -7.242085 -8.920561 7.6e-05 -2.3e-05 6e-06 -0.139163 0.199003 -0.07793 0.58637 -3.46213 -10.567675 -0.85142 3.853754 -10.607381 -19.77029 -2.85702 15.379255 -51.708481 -15.179631 17.112169 -0.222245 -19.385647 0.127516 4.431938 -0.389227 -10.233286 -5.88211 9.861292 0.702592 -10.936878 -0.360574 7.15621 1e-06 8.774831 -0.0 -15.921933 17.97526 6.254922 -1.844034 2.498505 -2.50728 -10.163605 4.678948 4.621113 -20.97604 -4e-06 2e-06 -21.226305 2.451697 -3.594002 -1e-06 -6e-06 -0.0 -1.362682 2.2408 -0.746325 -21.334929 0.58491 3.008325 -13.821223 -3e-06 2e-06 -23.887184 -0.249077 -0.839483 -60.182819 2.199135 -1.134527 -0.294025 1.679687 0.833258 -14.21822 0.093215 1.300581 -34.212078 -0.287564 0.967171 -20.033228 0.964537 1.212844 1e-06 1e-06 -0.0 -3.440391 0.788234 0.501656 -15.928196 -3.16731 2.999709 -6.338831 -0.0 2e-06 -18.123459 3.648185 -4.905674 -4e-06 0.0 -2e-06 18.885851 5.224247 16.777811 59.544147 -0.714701 37.415039 -0.621841 15.471915 -0.117444 -0.0576 6.756549 4.872163 2.243544 -5.255039 -3.180159 14.282905 -0.826596 6.952507 -1e-06 -12.690611 2e-06 16.687336 -17.823023 2.244602 1.665668 -1.955922 -2.878302 4.727804 -4.170589 4.993927 11.020538 3e-06 0.0 12.109062 -3.735717 -2.866784 1e-06 0.0 -1e-06 1.291987 -1.92855 -1.49809 14.800144 0.567468 3.86561 14.242585 -1.341737 -6.66066 19.631985 0.143925 -0.648243 50.557575 -0.517206 -6.60678 0.353029 -1.511151 -0.031939 20.222815 3.684311 2.316631 18.787292 5e-06 -1e-06 10.751637 -0.479867 1.397906 -1e-06 -0.0 -0.0 3.27381 0.305947 -0.58011 21.486835 11.830381 2.266133 8.162935 1e-06 -1e-06 18.399099 -3.798985 -4.940577 3e-06 -0.0 -1e-06 10.88147 12.365696 0.191887 -0.142675 -0.284221 9.018905 -11.297129 -1.702708 -3.045373 1.641318 -1.884265 0.178288 -0.0 -0.0 2e-06 -11.427939 -11.7992 5.189784 -0.009781 0.071524 7.832762 10.606612 -10.011997 -5.82958 -1.446061 0.936158 0.784961 0.0 0.0 -1e-06 
0.0 0.0 0.0 0.0 -0.0 0.0 -0.123793 98.86055 -1.506708 0.617986 3.251139 -4.272279 -0.427878 0.090802 -1.284549 -0.771169 -0.086291 -5.360847 -1.936939 -2.031351 14.49868 14.984008 -3.530673 4.148254 -0.582134 -1.368212 -3.712059 12.408231 -7.130195 -8.866961 7.7e-05 -2.3e-05 6e-06 -0.135555 0.154413 -0.076631 0.59976 -3.507432 -10.579574 -0.857492 3.809443 -10.613259 -19.777409 -2.9203 15.266273 -51.327038 -14.922751 17.080055 -0.34707 -19.310928 0.121766 4.884571 -0.747245 -10.594942 -5.882111 9.86129 0.702591 -10.936878 -0.360575 7.156211 1e-06 8.77483 -1e-06 -15.886517 17.936268 6.287884 -1.844033 2.498506 -2.507279 -10.163605 4.678947 4.621109 -20.976038 -4e-06 1e-06 -21.226299 2.451697 -3.594003 -1e-06 -6e-06 -0.0 -1.362682 2.240798 -0.746324 -21.334929 0.58491 3.008326 -13.821223 -4e-06 0.0 -23.887188 -0.24908 -0.839484 -60.294788 2.270795 -1.117604 -0.294025 1.679688 0.833258 -14.218219 0.093215 1.30058 -34.212074 -0.287566 0.96717 -20.033226 0.964536 1.212843 1e-06 1e-06 -0.0 -3.440391 0.788235 0.501655 -15.928196 -3.167312 2.999707 -6.338831 -1e-06 1e-06 -18.123457 3.648184 -4.905674 -4e-06 0.0 -1e-06 18.641861 5.576096 16.746872 58.041405 -0.234764 36.294643 -0.528219 15.453426 -0.111526 0.47827 6.421959 4.336326 2.243543 -5.25504 -3.180157 14.282902 -0.826595 6.952506 -2e-06 -12.690611 -0.0 16.711548 -17.740492 2.135451 1.665667 -1.955922 -2.8783 4.727802 -4.170589 4.993927 11.020534 3e-06 1e-06 12.109059 -3.735717 -2.866785 -0.0 1e-06 -1e-06 1.291986 -1.92855 -1.49809 14.800139 0.567468 3.865608 14.24258 -1.341736 -6.660661 19.631985 0.143925 -0.648244 50.473095 -0.471988 -6.658261 0.353029 -1.511151 -0.031939 20.222805 3.684312 2.31663 18.787289 4e-06 1e-06 10.751636 -0.479869 1.397908 -1e-06 -0.0 0.0 3.273809 0.305947 -0.580111 21.486832 11.830382 2.266136 8.162933 2e-06 0.0 18.399096 -3.798986 -4.940577 4e-06 -0.0 -2e-06 10.682999 12.434232 0.119622 -0.15436 -0.284945 8.955921 -11.307981 -1.465047 -3.088444 1.649945 -1.883511 0.182794 -0.0 0.0 2e-06 -11.567947 -11.785015 4.945021 -0.015218 0.066279 7.917037 10.619967 -9.882891 -5.75195 -1.447931 0.903212 0.725848 0.0 0.0 -1e-06 
0.0 0.0 0.0 0.0 -0.0 0.0 -0.027543 98.865829 -1.537634 0.720474 2.974384 -4.12499 -0.402637 0.074955 -1.269652 -0.723417 0.038091 -5.335762 -1.965337 -2.015863 14.453565 14.744644 -3.342037 4.027354 -0.619945 -1.36422 -3.723153 12.116729 -6.950082 -8.758132 7.6e-05 -2.3e-05 6e-06 -0.135226 0.131463 -0.071287 0.612032 -3.533714 -10.582406 -0.868984 3.789129 -10.614478 -19.781525 -2.990646 15.138771 -50.961903 -14.579427 17.300709 -0.369261 -19.40156 0.093336 5.128838 -1.040512 -10.901293 -5.882112 9.861294 0.702588 -10.936883 -0.360576 7.15621 1e-06 8.774833 -1e-06 -15.840201 17.906792 6.349239 -1.844035 2.498507 -2.507278 -10.163611 4.678949 4.621111 -20.976051 -7e-06 -0.0 -21.226309 2.451697 -3.594005 -2e-06 -6e-06 -0.0 -1.362683 2.2408 -0.746324 -21.334936 0.584908 3.008322 -13.821229 -5e-06 1e-06 -23.887196 -0.249083 -0.839485 -60.389042 2.368032 -1.059091 -0.294024 1.679689 0.833257 -14.218224 0.093214 1.300579 -34.212082 -0.287569 0.967166 -20.033232 0.964534 1.212843 1e-06 0.0 1e-06 -3.440392 0.788234 0.501655 -15.928203 -3.167314 2.999706 -6.338833 -2e-06 0.0 -18.123466 3.648183 -4.905675 -3e-06 0.0 -3e-06 18.283903 6.037657 16.619461 56.476318 0.346685 35.117508 -0.450266 15.705762 -0.134686 0.023107 5.962854 3.460269 2.243542 -5.255041 -3.180161 14.282904 -0.826592 6.952511 -4e-06 -12.690617 -1e-06 16.785793 -17.622284 2.083441 1.665667 -1.955923 -2.878301 4.727803 -4.17059 4.993928 11.020537 4e-06 2e-06 12.109062 -3.735718 -2.866785 0.0 1e-06 -1e-06 1.291986 -1.928551 -1.498091 14.800144 0.567472 3.865613 14.242583 -1.341736 -6.660661 19.631985 0.143927 -0.64824 50.508163 -0.432013 -6.66189 0.353029 -1.511152 -0.031941 20.222811 3.684316 2.316636 18.787289 7e-06 5e-06 10.751637 -0.479869 1.39791 -1e-06 0.0 0.0 3.27381 0.305948 -0.58011 21.486837 11.830388 2.266142 8.162936 3e-06 2e-06 18.399099 -3.798988 -4.940577 4e-06 -1e-06 -2e-06 10.486263 12.481289 0.022003 -0.156364 -0.263182 8.963263 -11.331169 -1.109038 -3.197748 1.659955 -1.887055 0.14081 0.0 -0.0 2e-06 -11.70339 -11.7658 4.586456 -0.00973 0.068292 8.114796 10.636278 -9.631864 -5.724876 -1.450744 0.885075 0.579393 -0.0 0.0 -1e-06 
0.0 0.0 0.0 0.0 -0.0 0.0 0.052034 98.860672 -1.570483 0.804255 2.727494 -3.985747 -0.401738 0.08398 -1.257957 -0.67202 0.151877 -5.316657 -1.945577 -2.035112 14.411084 14.41048 -3.248754 3.918521 -0.556664 -1.153451 -3.727082 11.776852 -6.921789 -8.600384 7.7e-05 -2.2e-05 6e-06 -0.140226 0.141508 -0.074815 0.615648 -3.528213 -10.586299 -0.882311 3.801498 -10.615475 -19.780075 -3.051982 15.06639 -50.630978 -14.244422 17.624578 -0.307521 -19.614527 0.050157 5.207485 -1.212608 -11.190901 -5.882109 9.861291 0.70259 -10.936877 -0.360575 7.156208 0.0 8.774831 -1e-06 -15.811555 17.985874 6.431175 -1.844033 2.498505 -2.507277 -10.163604 4.678947 4.621108 -20.97603 -4e-06 2e-06 -21.226294 2.451697 -3.594002 -1e-06 -6e-06 -0.0 -1.362682 2.240799 -0.746325 -21.334925 0.584909 3.008322 -13.821221 -4e-06 3e-06 -23.887178 -0.24908 -0.839485 -60.515087 2.455894 -1.005048 -0.294026 1.67969 0.833255 -14.218215 0.093215 1.30058 -34.212067 -0.287566 0.967169 -20.033222 0.964536 1.212842 1e-06 1e-06 -0.0 -3.44039 0.788234 0.501656 -15.928192 -3.167312 2.999706 -6.33883 -1e-06 1e-06 -18.123457 3.648182 -4.905674 -3e-06 -0.0 -1e-06 17.867853 6.544981 16.354439 55.045498 0.836432 33.982815 -0.485412 16.283705 -0.198029 -0.595687 5.594888 2.559591 2.243542 -5.255039 -3.18016 14.2829 -0.826593 6.952504 -3e-06 -12.690612 -1e-06 16.948776 -17.546579 2.129585 1.665667 -1.955922 -2.878301 4.727802 -4.170589 4.993925 11.020534 4e-06 0.0 12.109059 -3.735718 -2.866785 0.0 1e-06 -1e-06 1.291986 -1.92855 -1.49809 14.800139 0.56747 3.86561 14.242581 -1.341736 -6.660658 19.631981 0.143927 -0.648244 50.666363 -0.384739 -6.58957 0.353029 -1.511152 -0.031939 20.222803 3.684314 2.316636 18.787287 5e-06 0.0 10.751634 -0.479868 1.397906 -1e-06 0.0 -0.0 3.273809 0.305948 -0.580109 21.486828 11.830385 2.266136 8.162933 3e-06 -0.0 18.399096 -3.798988 -4.940576 3e-06 -1e-06 -0.0 10.322898 12.476974 -0.137048 -0.159694 -0.205195 9.089478 -11.290506 -0.824815 -3.358848 1.667058 -1.888676 0.153311 -0.0 0.0 2e-06 -11.827796 -11.827244 4.195475 0.007443 0.085404 8.412313 10.631254 -9.3367 -5.760746 -1.449416 0.899774 0.418986 -0.0 0.0 -1e-06 
0.0 0.0 0.0 0.0 -0.0 0.0 0.093749 99.125824 -1.614653 0.918314 2.347996 -3.878089 -0.41129 0.113934 -1.241622 -0.631108 0.19002 -5.274265 -1.880248 -1.897078 14.279284 14.108034 -3.210209 4.053558 -0.516998 -0.939655 -3.712117 11.672286 -6.856687 -8.549059 7.7e-05 -2.3e-05 6e-06 -0.147704 0.165493 -0.073275 0.612005 -3.50751 -10.598301 -0.893414 3.827367 -10.619146 -19.911186 -2.949004 14.848758 -50.276478 -14.000821 17.632195 -0.253703 -19.865759 0.016526 5.68196 -0.91706 -10.637627 -5.882104 9.861283 0.70259 -10.936866 -0.360574 7.156204 -1e-06 8.774822 -3e-06 -15.885767 17.97485 6.360228 -1.84403 2.498502 -2.507277 -10.163595 4.678943 4.621108 -20.976013 -1e-06 3e-06 -21.226276 2.451698 -3.593999 0.0 -6e-06 -0.0 -1.362681 2.240797 -0.746323 -21.334904 0.58491 3.008325 -13.821206 -2e-06 2e-06 -23.887154 -0.249076 -0.839482 -60.632786 2.475163 -1.054414 -0.294024 1.679687 0.833255 -14.218201 0.093217 1.30058 -34.212036 -0.287561 0.967171 -20.033205 0.964537 1.212843 1e-06 1e-06 -0.0 -3.440387 0.788232 0.501656 -15.928179 -3.167306 2.999709 -6.338824 -0.0 2e-06 -18.12344 3.648183 -4.905668 -4e-06 -0.0 -2e-06 17.42638 7.124862 15.934134 53.583866 1.246093 32.638203 -0.579635 17.14954 -0.324238 -0.674072 4.968917 1.912798 2.243541 -5.255034 -3.180158 14.282881 -0.826596 6.952498 -1e-06 -12.690598 2e-06 17.108677 -17.563457 2.105771 1.665666 -1.95592 -2.878298 4.727797 -4.170585 4.993921 11.02052 2e-06 -2e-06 12.109047 -3.735714 -2.866783 0.0 1e-06 -2e-06 1.291985 -1.928548 -1.498089 14.80012 0.567467 3.865607 14.242564 -1.341737 -6.660654 19.631956 0.143926 -0.648246 50.924324 -0.316708 -6.61693 0.353029 -1.511149 -0.031939 20.222782 3.684307 2.316628 18.787266 4e-06 -1e-06 10.751624 -0.479868 1.397905 -0.0 0.0 1e-06 3.273805 0.305947 -0.58011 21.486801 11.830366 2.26613 8.162924 1e-06 -1e-06 18.399075 -3.798985 -4.940574 2e-06 2e-06 -1e-06 10.124013 12.186958 1.00998 -0.139353 -0.145193 6.667069 -11.306088 -0.073766 -2.23975 1.671642 -1.909113 0.149534 -0.0 0.0 2e-06 -11.933503 -11.552985 4.877536 0.017994 0.129337 6.53029 10.511054 -8.939816 -4.725348 -1.456465 0.933584 0.292177 -0.0 0.0 -1e-06 
0.0 0.0 0.0 0.0 -0.0 0.0 0.212658 99.186493 -1.639881 0.963728 1.73122 -3.754957 -0.33321 0.06857 -1.125896 -0.533391 0.444728 -5.244653 -1.940873 -1.855312 14.015759 13.854592 -3.018992 4.216056 -0.540916 -0.871387 -3.748864 11.370709 -6.539247 -8.137206 7.7e-05 -2.2e-05 6e-06 -0.143299 0.110874 -0.078595 0.617634 -3.570674 -10.619056 -0.889447 3.782431 -10.665886 -19.990231 -2.535988 14.651227 -50.328083 -13.914228 16.791248 -0.28975 -20.286921 0.070791 7.299365 -0.57961 -12.658643 -5.88211 9.861288 0.702591 -10.936875 -0.360575 7.156207 1e-06 8.774827 -1e-06 -15.646371 18.172771 6.488761 -1.844034 2.498505 -2.507279 -10.163604 4.678946 4.62111 -20.976036 -3e-06 3e-06 -21.226295 2.451697 -3.594 -1e-06 -6e-06 0.0 -1.362682 2.240798 -0.746324 -21.334925 0.58491 3.008324 -13.82122 -2e-06 2e-06 -23.887182 -0.249079 -0.839483 -60.215733 2.558339 -1.008956 -0.294025 1.679687 0.833256 -14.218215 0.093215 1.300581 -34.212063 -0.287564 0.967171 -20.033222 0.964536 1.212843 -0.0 -1e-06 1e-06 -3.440389 0.788234 0.501656 -15.928192 -3.16731 2.999707 -6.338829 -1e-06 -1e-06 -18.123453 3.648183 -4.905672 -3e-06 0.0 -1e-06 16.987875 7.735263 15.597277 52.425625 2.449257 30.559042 -0.448048 17.716694 -0.307578 -1.201512 4.104681 0.42483 2.243542 -5.255038 -3.180157 14.282896 -0.826595 6.952504 -2e-06 -12.690606 -1e-06 17.159376 -17.392702 2.21592 1.665667 -1.955922 -2.878299 4.7278 -4.170588 4.993926 11.02053 3e-06 -1e-06 12.109056 -3.735717 -2.866786 -1e-06 1e-06 -2e-06 1.291986 -1.92855 -1.498088 14.800134 0.567469 3.865608 14.242578 -1.341736 -6.66066 19.631975 0.143927 -0.648243 50.754692 -0.429863 -6.428678 0.353028 -1.511151 -0.03194 20.222799 3.684311 2.31663 18.787279 5e-06 1e-06 10.751633 -0.479869 1.397905 -1e-06 -0.0 -1e-06 3.273808 0.305947 -0.580111 21.486824 11.830379 2.266135 8.16293 2e-06 -2e-06 18.39909 -3.798984 -4.940577 2e-06 1e-06 -1e-06 9.997736 12.228643 1.08386 -0.160246 -0.185443 6.588313 -11.038107 0.416606 -2.320427 1.669219 -1.860778 0.124673 -0.0 0.0 2e-06 -11.959409 -11.073464 4.493752 0.054284 0.106329 6.572687 10.752311 -7.630096 -4.61356 -1.440165 0.972427 0.027128 0.0 0.0 -1e-06 
0.0 0.0 0.0 0.0 -0.0 0.0 0.326445 99.198586 -1.644008 1.01708 1.232642 -3.668527 -0.21753 0.04006 -1.013359 -0.477323 0.670084 -5.191411 -1.984975 -1.814183 13.674151 13.515017 -2.813869 4.469974 -0.544806 -0.860797 -3.776655 10.988671 -6.2654 -7.906425 7.7e-05 -2.2e-05 6e-06 -0.134342 0.07955 -0.089109 0.628481 -3.609556 -10.647799 -0.882038 3.758865 -10.709167 -19.997734 -2.170231 14.509364 -50.5797 -13.823587 15.901193 -0.131545 -20.734219 -0.007453 8.706582 -0.236514 -14.854021 -5.882106 9.861288 0.702591 -10.936872 -0.360575 7.156203 0.0 8.774827 0.0 -15.525723 18.389399 6.625164 -1.844033 2.498504 -2.507277 -10.163598 4.678947 4.621109 -20.976023 -4e-06 2e-06 -21.226288 2.451697 -3.594001 2e-06 -6e-06 0.0 -1.362682 2.240799 -0.746323 -21.334911 0.58491 3.008322 -13.821213 -3e-06 1e-06 -23.887169 -0.24908 -0.839484 -60.077599 2.608105 -0.973051 -0.294025 1.679687 0.833255 -14.218207 0.093214 1.300581 -34.212048 -0.287564 0.967169 -20.033211 0.964537 1.212843 -1e-06 1e-06 -0.0 -3.44039 0.788234 0.501656 -15.928185 -3.16731 2.999707 -6.338826 -0.0 0.0 -18.123444 3.648185 -4.905671 -3e-06 -0.0 -1e-06 16.554029 8.246304 15.303845 51.3731 3.812647 27.83396 -0.245077 18.328897 -0.274381 -1.716752 3.046921 -0.170707 2.243541 -5.255038 -3.180158 14.282894 -0.826596 6.9525 -1e-06 -12.690607 -0.0 17.096962 -17.188467 2.351305 1.665666 -1.955922 -2.878299 4.7278 -4.170589 4.993923 11.020528 2e-06 -1e-06 12.109055 -3.735719 -2.866785 -1e-06 1e-06 -2e-06 1.291986 -1.928549 -1.49809 14.800132 0.567466 3.865608 14.242576 -1.341739 -6.660657 19.631969 0.143923 -0.648244 50.461639 -0.504559 -6.228997 0.353029 -1.51115 -0.03194 20.222794 3.684308 2.316631 18.787273 2e-06 -1e-06 10.751629 -0.47987 1.397906 -1e-06 -0.0 -2e-06 3.273807 0.305947 -0.580112 21.486814 11.830374 2.266134 8.162929 0.0 -1e-06 18.399084 -3.798988 -4.940577 2e-06 0.0 -1e-06 9.879026 12.323181 1.162024 -0.204191 -0.239455 6.534198 -10.9102 0.719282 -2.331297 1.673219 -1.840613 0.242877 0.0 -0.0 2e-06 -12.018328 -10.387662 4.241985 0.071579 0.073125 6.551914 10.891424 -6.224294 -4.526158 -1.427917 0.961469 -0.084938 0.0 0.0 -1e-06 
0.0 0.0 0.0 0.0 -0.0 0.0 0.434931 99.195152 -1.61688 1.127015 0.714209 -3.61098 -0.11859 0.044434 -0.886052 -0.454501 0.892041 -5.131864 -2.022779 -1.787263 13.333859 13.114149 -2.582968 4.781085 -0.565802 -0.831176 -3.791087 10.543865 -6.052765 -8.028881 7.6e-05 -2.3e-05 6e-06 -0.12283 0.056106 -0.086894 0.644873 -3.639893 -10.667942 -0.87564 3.742463 -10.738338 -20.111631 -1.875699 14.341907 -50.721401 -13.536562 15.005734 0.043914 -21.319139 -0.135504 9.660613 -0.010026 -16.513811 -5.882114 9.861298 0.702591 -10.936884 -0.360575 7.156213 1e-06 8.774837 -1e-06 -15.474791 18.568975 6.740917 -1.844035 2.498508 -2.507281 -10.163611 4.67895 4.621113 -20.976048 -4e-06 1e-06 -21.226315 2.451698 -3.594005 2e-06 -6e-06 -0.0 -1.362682 2.2408 -0.746324 -21.334938 0.58491 3.008324 -13.821229 -2e-06 0.0 -23.887201 -0.24908 -0.839485 -60.108864 2.676916 -0.939464 -0.294024 1.67969 0.833256 -14.218225 0.093215 1.30058 -34.212086 -0.287565 0.96717 -20.033234 0.964535 1.212844 -1e-06 0.0 1e-06 -3.440392 0.788234 0.501656 -15.928205 -3.167314 2.999709 -6.338833 -1e-06 1e-06 -18.12347 3.648186 -4.905678 -5e-06 0.0 -1e-06 16.199085 8.755095 15.028563 50.345444 5.318357 24.494734 -0.14927 19.080231 -0.269279 -2.39823 1.937258 -0.843629 2.243544 -5.255043 -3.18016 14.282913 -0.826597 6.952512 -3e-06 -12.690621 2e-06 17.008308 -16.997593 2.495152 1.665668 -1.955923 -2.878303 4.727806 -4.170592 4.993931 11.020542 3e-06 1e-06 12.109068 -3.735721 -2.866784 1e-06 -0.0 -2e-06 1.291988 -1.928551 -1.49809 14.800149 0.567467 3.865613 14.242593 -1.341738 -6.660665 19.631992 0.143925 -0.648246 50.193577 -0.538167 -6.066258 0.353029 -1.511152 -0.031939 20.222822 3.684313 2.316633 18.787302 4e-06 0.0 10.751645 -0.47987 1.397907 1e-06 -0.0 1e-06 3.27381 0.305948 -0.580111 21.486845 11.83039 2.266136 8.162938 1e-06 -1e-06 18.399109 -3.798991 -4.940581 2e-06 1e-06 -2e-06 9.740179 12.468608 1.3216 -0.242005 -0.276457 6.43817 -10.947639 0.855476 -2.35386 1.678676 -1.853409 0.370694 0.0 -0.0 2e-06 -12.118743 -9.641536 4.020488 0.065541 0.06101 6.550347 10.873912 -4.856539 -4.502134 -1.424063 0.931104 -0.068917 -0.0 0.0 -1e-06 
0.0 0.0 0.0 0.0 -0.0 0.0 0.520353 99.178474 -1.584356 1.310009 0.2117 -3.569569 -0.065583 0.074894 -0.728708 -0.449038 1.04973 -5.078017 -2.064521 -1.753327 13.02243 12.689818 -2.3446 5.012841 -0.564309 -0.80798 -3.792175 10.142327 -5.869887 -8.430131 7.6e-05 -2.2e-05 6e-06 -0.111544 0.038746 -0.072582 0.659782 -3.663355 -10.676764 -0.868578 3.731394 -10.750858 -20.305262 -1.641493 14.205159 -50.819004 -13.169677 13.927874 0.160575 -21.921732 -0.241218 10.282462 0.05456 -17.796288 -5.882109 9.86129 0.702592 -10.936877 -0.360574 7.156208 1e-06 8.77483 1e-06 -15.429352 18.677052 6.823021 -1.844033 2.498504 -2.507278 -10.163605 4.678947 4.621111 -20.976034 -4e-06 2e-06 -21.226299 2.451698 -3.594 1e-06 -6e-06 -0.0 -1.362682 2.240798 -0.746324 -21.334927 0.584911 3.008324 -13.821221 -2e-06 0.0 -23.887184 -0.24908 -0.839486 -60.106682 2.725317 -0.90896 -0.294025 1.679687 0.833256 -14.218217 0.093216 1.300581 -34.212067 -0.287564 0.96717 -20.033226 0.964537 1.212843 1e-06 1e-06 -0.0 -3.44039 0.788234 0.501656 -15.928198 -3.16731 2.999708 -6.338829 -2e-06 1e-06 -18.123457 3.648184 -4.905672 -4e-06 1e-06 -0.0 15.914124 9.111445 14.719827 49.634426 6.828427 20.558847 -0.196353 20.051516 -0.281017 -3.605433 0.827747 -2.260249 2.243541 -5.255038 -3.180159 14.282894 -0.826595 6.952503 -2e-06 -12.690609 2e-06 16.911787 -16.906912 2.66116 1.665666 -1.955922 -2.878299 4.727799 -4.170588 4.993925 11.020526 2e-06 0.0 12.109052 -3.735717 -2.866785 -0.0 0.0 -1e-06 1.291984 -1.92855 -1.49809 14.800129 0.567468 3.865611 14.242572 -1.341738 -6.660657 19.631969 0.143924 -0.648242 49.980953 -0.55236 -5.927464 0.353028 -1.51115 -0.03194 20.222794 3.68431 2.316631 18.787273 4e-06 1e-06 10.751629 -0.479868 1.397906 -0.0 1e-06 -0.0 3.273808 0.305948 -0.580109 21.486818 11.830379 2.266137 8.162928 2e-06 -1e-06 18.399086 -3.798986 -4.940576 3e-06 -0.0 -1e-06 9.517594 12.55997 1.462153 -0.25476 -0.284687 6.369942 -11.038902 0.90961 -2.379204 1.683071 -1.880609 0.458484 0.0 -0.0 2e-06 -12.241582 -8.848469 3.731935 0.048539 0.063908 6.73508 10.781754 -3.685295 -4.608012 -1.426913 0.916606 0.014668 0.0 -0.0 -1e-06 
0.0 0.0 0.0 0.0 -0.0 0.0 0.582414 99.151512 -1.551555 1.527627 -0.176402 -3.530931 -0.045332 0.097877 -0.548664 -0.452335 1.133938 -5.02155 -2.125376 -1.714002 12.729016 12.343235 -2.143724 5.130247 -0.555288 -0.807298 -3.794517 9.848483 -5.710386 -8.929561 7.6e-05 -2.2e-05 6e-06 -0.103744 0.026976 -0.056988 0.667193 -3.680079 -10.678709 -0.861047 3.725348 -10.754847 -20.518713 -1.452257 14.114225 -50.97089 -12.824366 12.610552 0.207859 -22.421186 -0.293767 10.731652 0.007028 -19.008327 -5.882111 9.861293 0.702591 -10.936881 -0.360573 7.15621 0.0 8.774833 0.0 -15.37605 18.722122 6.876961 -1.844034 2.498507 -2.507279 -10.163607 4.678947 4.621112 -20.97604 -3e-06 2e-06 -21.226305 2.451698 -3.594002 2e-06 -5e-06 -1e-06 -1.362683 2.240799 -0.746324 -21.33493 0.58491 3.008324 -13.821224 -2e-06 1e-06 -23.887188 -0.249078 -0.839484 -60.064732 2.733235 -0.875115 -0.294024 1.679688 0.833257 -14.218219 0.093215 1.300581 -34.212074 -0.287564 0.967168 -20.03323 0.964536 1.212843 1e-06 0.0 -0.0 -3.440391 0.788233 0.501656 -15.928201 -3.16731 2.999709 -6.338831 -1e-06 1e-06 -18.123463 3.648186 -4.905675 -4e-06 1e-06 -1e-06 15.67749 9.24021 14.386901 49.551125 8.224854 15.961382 -0.327971 21.332468 -0.30515 -5.46909 -0.186252 -4.715496 2.243543 -5.255037 -3.180159 14.282896 -0.826594 6.952503 -4e-06 -12.690606 1e-06 16.734522 -16.909679 2.862325 1.665666 -1.955921 -2.8783 4.7278 -4.170588 4.993924 11.020528 4e-06 -0.0 12.109055 -3.735715 -2.866785 0.0 0.0 -0.0 1.291986 -1.928549 -1.498089 14.800132 0.567469 3.865608 14.242579 -1.341735 -6.660659 19.631975 0.143927 -0.648245 49.724934 -0.569996 -5.809429 0.353029 -1.511151 -0.031941 20.222799 3.684311 2.31663 18.787281 7e-06 -1e-06 10.751631 -0.479867 1.397905 -1e-06 -0.0 0.0 3.273808 0.305948 -0.580111 21.48682 11.830379 2.266133 8.16293 2e-06 -2e-06 18.39909 -3.798985 -4.940576 3e-06 0.0 -2e-06 9.246903 12.54473 1.536607 -0.251319 -0.278654 6.359509 -11.13375 0.940659 -2.429455 1.686767 -1.930175 0.51525 0.0 0.0 2e-06 -12.361314 -8.065602 3.369435 0.033167 0.082792 7.142548 10.661442 -2.700035 -4.86443 -1.432334 0.915519 0.124645 -0.0 -0.0 -1e-06 
0.0 0.0 0.0 0.0 -0.0 0.0 0.61819 99.12075 -1.512442 1.724209 -0.421156 -3.475651 -0.03887 0.103363 -0.365211 -0.461734 1.161811 -4.962135 -2.180732 -1.682343 12.427163 12.13998 -2.0119 5.153345 -0.543083 -0.817808 -3.804048 9.700665 -5.573538 -9.410594 7.6e-05 -2.2e-05 6e-06 -0.1013 0.024131 -0.050108 0.666835 -3.685666 -10.676358 -0.856465 3.726367 -10.752902 -20.726162 -1.299141 14.050469 -51.207108 -12.506347 11.184457 0.215922 -22.762184 -0.293616 11.057618 -0.060069 -20.177763 -5.882109 9.861292 0.702592 -10.936877 -0.360573 7.156209 -0.0 8.77483 0.0 -15.28385 18.710033 6.929161 -1.844034 2.498507 -2.507279 -10.163605 4.678949 4.621113 -20.976036 -2e-06 2e-06 -21.226301 2.451699 -3.594002 1e-06 -6e-06 0.0 -1.362682 2.240799 -0.746323 -21.334927 0.584913 3.008326 -13.821221 -1e-06 2e-06 -23.887182 -0.249076 -0.839484 -60.008083 2.717907 -0.841855 -0.294026 1.679689 0.833257 -14.218217 0.093217 1.300582 -34.21207 -0.28756 0.967171 -20.033226 0.964539 1.212843 -0.0 -0.0 -0.0 -3.440391 0.788234 0.501656 -15.928196 -3.16731 2.999709 -6.33883 -0.0 1e-06 -18.123459 3.648188 -4.905672 -4e-06 1e-06 -1e-06 15.460154 9.181072 14.045593 50.243782 9.326648 10.975743 -0.386088 23.08993 -0.306346 -7.967734 -0.975736 -8.467329 2.243541 -5.255037 -3.180157 14.282894 -0.826598 6.952503 -1e-06 -12.690608 2e-06 16.43535 -16.968054 3.066631 1.665666 -1.955922 -2.878299 4.7278 -4.170589 4.993925 11.020528 2e-06 -2e-06 12.109054 -3.735718 -2.866783 -0.0 0.0 -1e-06 1.291987 -1.928549 -1.498089 14.800129 0.567466 3.865608 14.242576 -1.341737 -6.660659 19.631971 0.143924 -0.648247 49.440754 -0.598634 -5.72885 0.353028 -1.511151 -0.031941 20.222797 3.684307 2.316631 18.787275 3e-06 -2e-06 10.751631 -0.47987 1.397905 1e-06 1e-06 -2e-06 3.273807 0.305947 -0.580112 21.486814 11.830376 2.266134 8.162928 -0.0 -1e-06 18.399088 -3.798988 -4.940576 2e-06 0.0 -1e-06 8.988676 12.409555 1.546573 -0.239473 -0.26756 6.373913 -11.231007 0.944268 -2.496769 1.688635 -1.985574 0.526299 0.0 0.0 2e-06 -12.447932 -7.343359 2.975358 0.029514 0.107528 7.673862 10.556606 -1.836642 -5.191298 -1.438037 0.92608 0.20731 0.0 0.0 -1e-06 
0.0 0.0 0.0 0.0 -0.0 0.0 0.621802 99.094482 -1.459556 1.860157 -0.502049 -3.41971 -0.04607 0.103824 -0.182781 -0.473195 1.129858 -4.898384 -2.201788 -1.658868 12.104881 12.128638 -2.008697 5.15157 -0.512182 -0.822584 -3.810711 9.716746 -5.467925 -9.793082 7.5e-05 -2.2e-05 6e-06 -0.103157 0.038473 -0.052047 0.660753 -3.671079 -10.670123 -0.854432 3.741768 -10.742944 -20.87525 -1.197446 14.013515 -51.516441 -12.230656 9.910768 0.224333 -22.942482 -0.267763 11.195669 -0.01597 -20.999342 -5.882108 9.861291 0.702592 -10.936877 -0.360574 7.156207 1e-06 8.774831 0.0 -15.196053 18.661446 6.954959 -1.844033 2.498506 -2.507279 -10.163604 4.678948 4.621109 -20.976038 -5e-06 0.0 -21.226295 2.451698 -3.594003 2e-06 -6e-06 0.0 -1.362683 2.2408 -0.746324 -21.334921 0.58491 3.008322 -13.82122 -4e-06 1e-06 -23.887178 -0.24908 -0.839483 -59.963291 2.687653 -0.84176 -0.294025 1.679688 0.833257 -14.218214 0.093215 1.30058 -34.212059 -0.287564 0.967168 -20.033222 0.964537 1.212842 1e-06 -0.0 -0.0 -3.44039 0.788234 0.501655 -15.928192 -3.167311 2.999706 -6.338829 -1e-06 1e-06 -18.123457 3.648185 -4.905674 -4e-06 0.0 -2e-06 15.271736 8.980237 13.697515 51.581013 10.06201 6.532595 -0.281583 25.216324 -0.268711 -10.331124 -1.276726 -12.479301 2.243544 -5.255038 -3.180159 14.282898 -0.826598 6.952507 -2e-06 -12.69061 2e-06 16.139921 -17.037449 3.177095 1.665668 -1.955922 -2.878301 4.727802 -4.170591 4.993927 11.020534 2e-06 -2e-06 12.109058 -3.735718 -2.866785 -0.0 0.0 0.0 1.291986 -1.92855 -1.49809 14.800136 0.567467 3.865609 14.24258 -1.341738 -6.660661 19.631977 0.143925 -0.648246 49.291485 -0.6305 -5.705084 0.35303 -1.511151 -0.031941 20.222801 3.684309 2.31663 18.787283 3e-06 -1e-06 10.751631 -0.47987 1.397906 0.0 1e-06 -0.0 3.273808 0.305947 -0.580111 21.486824 11.830378 2.266132 8.16293 2e-06 -1e-06 18.399092 -3.798989 -4.940578 4e-06 0.0 -1e-06 8.795064 12.127867 1.533481 -0.224713 -0.261962 6.369876 -11.345945 0.935279 -2.546499 1.689287 -2.026009 0.528214 0.0 -1e-06 2e-06 -12.473798 -6.708096 2.681986 0.031411 0.132567 8.129417 10.441193 -1.095563 -5.465217 -1.44297 0.941056 0.235188 0.0 0.0 -1e-06 
0.0 0.0 0.0 0.0 -0.0 0.0 0.601971 99.081001 -1.378291 1.935709 -0.430867 -3.387743 -0.073312 0.103545 -0.00717 -0.490326 1.055403 -4.842916 -2.190798 -1.650994 11.782211 12.332126 -2.149948 5.199607 -0.474553 -0.811878 -3.81014 9.890584 -5.401673 -10.031149 7.6e-05 -2.2e-05 6e-06 -0.106283 0.063765 -0.057007 0.653963 -3.642832 -10.663161 -0.853774 3.764946 -10.730114 -20.95994 -1.170963 13.992149 -51.801647 -11.970683 9.058053 0.217003 -23.014477 -0.237822 11.168487 0.187552 -21.300615 -5.882109 9.861286 0.70259 -10.936873 -0.360574 7.156208 -0.0 8.774826 -0.0 -15.158255 18.600182 6.938656 -1.844033 2.498506 -2.507278 -10.163602 4.678946 4.62111 -20.976028 -3e-06 1e-06 -21.226292 2.451698 -3.594003 1e-06 -6e-06 -0.0 -1.362681 2.240799 -0.746324 -21.334917 0.584911 3.008323 -13.821217 -2e-06 1e-06 -23.887178 -0.249079 -0.839484 -59.95459 2.658133 -0.882545 -0.294026 1.679687 0.833256 -14.218212 0.093214 1.300581 -34.212059 -0.287561 0.967168 -20.033218 0.964537 1.212842 -0.0 -0.0 -1e-06 -3.440388 0.788235 0.501656 -15.928189 -3.167309 2.999708 -6.338827 0.0 1e-06 -18.123451 3.648183 -4.905673 -4e-06 0.0 -1e-06 15.196054 8.703111 13.372796 53.233875 10.507531 3.367287 -0.127981 27.2658 -0.230155 -11.632856 -1.057488 -15.154462 2.243541 -5.255037 -3.180156 14.282887 -0.826595 6.9525 -2e-06 -12.690606 0.0 15.995088 -17.113077 3.149673 1.665666 -1.955921 -2.878299 4.727798 -4.170588 4.993923 11.020522 3e-06 -1e-06 12.10905 -3.735715 -2.866783 0.0 0.0 0.0 1.291986 -1.92855 -1.498089 14.800122 0.567467 3.865607 14.242568 -1.341738 -6.660656 19.631962 0.143926 -0.648246 49.279972 -0.660232 -5.750763 0.353028 -1.511151 -0.03194 20.222784 3.684309 2.31663 18.787266 3e-06 -1e-06 10.751625 -0.479871 1.397905 0.0 1e-06 1e-06 3.273806 0.305947 -0.580111 21.486807 11.830377 2.266133 8.162926 -1e-06 -0.0 18.399076 -3.798985 -4.940574 2e-06 1e-06 -1e-06 8.681207 11.746522 1.545816 -0.212018 -0.25747 6.330618 -11.463189 0.868268 -2.559236 1.687567 -2.039788 0.538653 0.0 -0.0 2e-06 -12.446532 -6.155401 2.612671 0.030918 0.159426 8.329418 10.327262 -0.521198 -5.612301 -1.446756 0.959714 0.224371 -0.0 0.0 -1e-06 
0.0 0.0 0.0 0.0 -0.0 0.0 0.565527 99.067238 -1.275165 1.969195 -0.233887 -3.384127 -0.128087 0.097491 0.148447 -0.513934 0.958644 -4.796243 -2.159577 -1.66939 11.462074 12.703607 -2.439737 5.344117 -0.436326 -0.789886 -3.805651 10.149748 -5.371687 -10.120069 7.6e-05 -2.3e-05 6e-06 -0.109041 0.098836 -0.059193 0.65054 -3.604318 -10.657537 -0.855458 3.796925 -10.722055 -20.953297 -1.216591 13.991636 -52.055157 -11.75268 8.718072 0.197049 -22.98942 -0.217227 10.996448 0.467913 -21.118719 -5.882109 9.861288 0.702591 -10.936877 -0.360575 7.156209 1e-06 8.774828 1e-06 -15.180433 18.542324 6.874049 -1.844034 2.498505 -2.507279 -10.163604 4.678948 4.621111 -20.976038 -5e-06 1e-06 -21.226295 2.451698 -3.594001 1e-06 -6e-06 -0.0 -1.362683 2.240798 -0.746324 -21.334925 0.584909 3.008324 -13.821221 -3e-06 1e-06 -23.887184 -0.24908 -0.839483 -59.974316 2.626829 -0.966906 -0.294025 1.679688 0.833256 -14.218215 0.093216 1.300581 -34.212067 -0.287565 0.967169 -20.033222 0.964536 1.212843 1e-06 0.0 -1e-06 -3.44039 0.788234 0.501656 -15.928198 -3.167312 2.999708 -6.33883 -2e-06 1e-06 -18.123459 3.648182 -4.905672 -4e-06 0.0 -2e-06 15.241406 8.385263 13.078979 55.033081 10.73697 1.446898 -0.007474 28.736296 -0.218484 -11.905962 -0.622745 -16.79339 2.243544 -5.255041 -3.18016 14.2829 -0.826595 6.952504 -2e-06 -12.690609 1e-06 15.966187 -17.212433 3.071712 1.665668 -1.955923 -2.878302 4.727801 -4.170588 4.993926 11.020535 3e-06 -3e-06 12.10906 -3.735716 -2.866787 0.0 -0.0 0.0 1.291988 -1.92855 -1.498091 14.800139 0.567467 3.865607 14.242584 -1.341737 -6.660664 19.631985 0.143928 -0.648249 49.32531 -0.685398 -5.841113 0.353028 -1.51115 -0.03194 20.222803 3.68431 2.316629 18.787287 5e-06 -3e-06 10.751634 -0.47987 1.397905 0.0 0.0 -0.0 3.273809 0.305947 -0.580112 21.486828 11.830379 2.266129 8.162931 1e-06 -2e-06 18.399097 -3.798984 -4.940583 3e-06 -0.0 -1e-06 8.62894 11.310048 1.58416 -0.207959 -0.253559 6.274539 -11.588762 0.731068 -2.563507 1.682206 -2.034564 0.585734 0.0 0.0 2e-06 -12.387077 -5.723166 2.693641 0.027136 0.180386 8.406558 10.212611 -0.061451 -5.735765 -1.449759 0.976569 0.245462 0.0 -0.0 -1e-06 
0.0 0.0 0.0 0.0 -0.0 0.0 0.524837 99.047539 -1.152892 1.981766 0.037434 -3.416739 -0.210491 0.089097 0.287418 -0.547391 0.859625 -4.752682 -2.105633 -1.703241 11.156538 13.20665 -2.806149 5.569577 -0.411361 -0.813721 -3.802241 10.463362 -5.366091 -10.09934 7.6e-05 -2.2e-05 6e-06 -0.108106 0.126472 -0.057657 0.651059 -3.572519 -10.652066 -0.853618 3.820666 -10.717175 -20.926401 -1.301934 14.001857 -52.214722 -11.589387 8.781479 0.177364 -22.890326 -0.199899 10.7193 0.712401 -20.736088 -5.88211 9.86129 0.70259 -10.936877 -0.360574 7.156209 -0.0 8.774829 -1e-06 -15.238708 18.467178 6.792107 -1.844033 2.498506 -2.507279 -10.163605 4.678948 4.62111 -20.976034 -1e-06 1e-06 -21.226299 2.451698 -3.594003 1e-06 -6e-06 -1e-06 -1.362683 2.240798 -0.746323 -21.334925 0.584911 3.008324 -13.821221 -1e-06 1e-06 -23.887184 -0.249078 -0.839483 -59.97995 2.587651 -1.024461 -0.294025 1.679688 0.833256 -14.218215 0.093214 1.300581 -34.212067 -0.287561 0.967171 -20.033226 0.964538 1.212844 0.0 0.0 -1e-06 -3.44039 0.788233 0.501656 -15.928192 -3.16731 2.999708 -6.338829 -1e-06 1e-06 -18.123457 3.648185 -4.905674 -4e-06 1e-06 -2e-06 15.422726 8.052163 12.876635 56.860016 10.88185 0.272183 0.0577 29.316145 -0.221918 -11.590393 -0.259591 -18.281563 2.24354 -5.255037 -3.180157 14.282889 -0.826596 6.952505 -2e-06 -12.690603 2e-06 15.984361 -17.323061 3.002829 1.665666 -1.955922 -2.878299 4.727798 -4.170588 4.993926 11.020526 3e-06 -1e-06 12.109052 -3.735716 -2.866784 -0.0 0.0 0.0 1.291985 -1.928548 -1.498089 14.800125 0.567466 3.865609 14.242568 -1.341736 -6.660657 19.631962 0.143926 -0.648244 49.359741 -0.712142 -5.927198 0.353029 -1.51115 -0.03194 20.22279 3.684309 2.316632 18.787273 3e-06 1e-06 10.751631 -0.479872 1.397906 0.0 0.0 -2e-06 3.273806 0.305946 -0.58011 21.486811 11.830376 2.266133 8.162928 -1e-06 -0.0 18.399082 -3.798988 -4.940574 3e-06 -1e-06 -1e-06 8.608685 10.825735 1.658664 -0.209409 -0.248487 6.215029 -11.728626 0.586199 -2.584002 1.677637 -2.026888 0.626961 0.0 0.0 2e-06 -12.321983 -5.39362 2.873528 0.021921 0.194118 8.441735 10.119984 0.347452 -5.874984 -1.452786 0.984367 0.282778 0.0 -0.0 -1e-06 
0.0 0.0 0.0 0.0 -0.0 0.0 0.484599 99.02282 -1.021127 1.987891 0.350679 -3.469309 -0.315788 0.094285 0.39078 -0.584606 0.770294 -4.714794 -2.040089 -1.743307 10.887125 13.793519 -3.192276 5.836439 -0.414127 -0.886066 -3.801927 10.806127 -5.422697 -10.004628 7.7e-05 -2.2e-05 6e-06 -0.107048 0.144064 -0.050767 0.650852 -3.550354 -10.648025 -0.850784 3.833947 -10.713195 -20.922113 -1.412141 14.011458 -52.270348 -11.479918 9.011674 0.150457 -22.759289 -0.182565 10.362023 0.863306 -20.348839 -5.882108 9.86129 0.702591 -10.936875 -0.360575 7.156207 1e-06 8.77483 -1e-06 -15.296571 18.388783 6.723264 -1.844032 2.498505 -2.507278 -10.163603 4.678946 4.621109 -20.976027 -5e-06 2e-06 -21.226295 2.451697 -3.594 -0.0 -6e-06 -1e-06 -1.362682 2.240798 -0.746323 -21.334921 0.584908 3.008324 -13.821219 -3e-06 2e-06 -23.887178 -0.249079 -0.839482 -59.955292 2.543104 -1.036315 -0.294025 1.679688 0.833256 -14.218214 0.093214 1.300581 -34.212067 -0.287565 0.967172 -20.033226 0.964536 1.212843 -0.0 0.0 -1e-06 -3.440389 0.788234 0.501656 -15.928192 -3.167311 2.999707 -6.338829 -2e-06 1e-06 -18.123453 3.648183 -4.905672 -4e-06 1e-06 -2e-06 15.741779 7.707195 12.778331 58.680923 11.017456 -0.666748 0.101828 28.895611 -0.21796 -10.92417 -0.080562 -20.481079 2.243542 -5.25504 -3.18016 14.282897 -0.826596 6.952504 -2e-06 -12.69061 1e-06 16.000759 -17.429937 2.96655 1.665667 -1.955922 -2.878301 4.7278 -4.17059 4.993925 11.020531 3e-06 -3e-06 12.109058 -3.735716 -2.866787 -0.0 0.0 0.0 1.291985 -1.928551 -1.49809 14.800132 0.567468 3.865607 14.242579 -1.341736 -6.660662 19.631975 0.143927 -0.648248 49.351158 -0.738177 -5.990934 0.353028 -1.511153 -0.03194 20.222801 3.684312 2.316628 18.787283 6e-06 -3e-06 10.751632 -0.479869 1.397905 0.0 0.0 -0.0 3.273808 0.305949 -0.580111 21.48682 11.830379 2.26613 8.16293 0.0 -2e-06 18.399092 -3.798986 -4.940579 4e-06 -1e-06 -1e-06 8.590454 10.29372 1.735318 -0.211508 -0.242321 6.184109 -11.860874 0.494712 -2.638053 1.674095 -2.029293 0.64751 -0.0 -0.0 2e-06 -12.262985 -5.154734 3.097975 0.01508 0.206527 8.473714 10.038577 0.732437 -6.030454 -1.455527 0.982491 0.30934 0.0 0.0 -1e-06 
0.0 0.0 0.0 0.0 -0.0 0.0 0.459551 98.99128 -0.879817 1.997798 0.672193 -3.542811 -0.439044 0.114458 0.458602 -0.629245 0.696679 -4.678504 -1.963434 -1.780786 10.651567 14.406113 -3.568153 6.110246 -0.440821 -0.99017 -3.798395 11.178972 -5.566382 -9.824439 7.6e-05 -2.3e-05 6e-06 -0.108964 0.15839 -0.041741 0.646841 -3.529233 -10.646761 -0.850164 3.842046 -10.709778 -20.952175 -1.525599 14.024947 -52.250492 -11.43902 9.201819 0.102064 -22.596247 -0.158825 9.923368 0.942744 -19.958666 -5.88211 9.861292 0.702591 -10.936877 -0.360574 7.156208 -0.0 8.774831 -1e-06 -15.349633 18.31633 6.679173 -1.844034 2.498505 -2.507278 -10.163604 4.678949 4.62111 -20.976034 -3e-06 1e-06 -21.226299 2.451699 -3.594003 -0.0 -6e-06 -0.0 -1.362682 2.240801 -0.746324 -21.334929 0.584909 3.008322 -13.821221 -1e-06 -0.0 -23.887184 -0.249079 -0.839487 -59.924541 2.517328 -1.029581 -0.294026 1.67969 0.833256 -14.218217 0.093215 1.300579 -34.212074 -0.287564 0.967167 -20.033226 0.964535 1.212843 0.0 0.0 -1e-06 -3.44039 0.788234 0.501656 -15.928192 -3.16731 2.999706 -6.33883 -0.0 0.0 -18.123459 3.648185 -4.905675 -4e-06 1e-06 -2e-06 16.199869 7.392544 12.775968 60.522102 11.165677 -1.861623 0.170223 27.450758 -0.189224 -9.840377 -0.07983 -24.171572 2.243545 -5.255044 -3.180161 14.282907 -0.826597 6.95251 -2e-06 -12.690623 1e-06 15.966287 -17.518864 2.946031 1.665669 -1.955924 -2.878302 4.727805 -4.170595 4.993929 11.02054 3e-06 -2e-06 12.109065 -3.735721 -2.866788 -1e-06 -0.0 0.0 1.291988 -1.928552 -1.498091 14.800146 0.567469 3.86561 14.242588 -1.341739 -6.660666 19.631992 0.143926 -0.648248 49.227787 -0.743457 -6.053811 0.353029 -1.511153 -0.03194 20.222815 3.684315 2.316631 18.787296 4e-06 -3e-06 10.751641 -0.47987 1.397906 1e-06 1e-06 -0.0 3.27381 0.305947 -0.580112 21.486839 11.830392 2.266134 8.162937 0.0 -2e-06 18.399107 -3.798989 -4.940585 3e-06 -2e-06 -2e-06 8.56181 9.768362 1.811197 -0.213283 -0.236435 6.208934 -11.97889 0.436741 -2.717579 1.672131 -2.039775 0.620854 -0.0 0.0 2e-06 -12.226677 -4.973169 3.345687 0.00972 0.221225 8.525019 9.99517 1.085096 -6.186804 -1.457461 0.972712 0.31554 0.0 0.0 -1e-06 
0.0 0.0 0.0 0.0 -0.0 0.0 0.445998 98.952782 -0.739561 2.00774 0.96865 -3.662727 -0.57801 0.147602 0.516382 -0.674556 0.610405 -4.63108 -1.874966 -1.802909 10.434704 14.961849 -3.931214 6.389021 -0.47328 -1.057344 -3.788607 11.562974 -5.77614 -9.559027 7.7e-05 -2.3e-05 6e-06 -0.116983 0.17951 -0.034993 0.639171 -3.501015 -10.652142 -0.858174 3.856705 -10.712821 -21.019398 -1.633534 14.046424 -52.180733 -11.436914 9.212919 0.021801 -22.433592 -0.123669 9.469193 0.992344 -19.531307 -5.882105 9.861286 0.70259 -10.936869 -0.360575 7.156205 0.0 8.774826 -2e-06 -15.393652 18.279081 6.666104 -1.844032 2.498504 -2.507277 -10.163597 4.678946 4.621108 -20.976021 -5e-06 3e-06 -21.226286 2.451697 -3.594 1e-06 -6e-06 -0.0 -1.362681 2.240798 -0.746323 -21.334911 0.584908 3.008324 -13.821213 -1e-06 2e-06 -23.887165 -0.249079 -0.839481 -59.934772 2.500785 -0.980834 -0.294025 1.679688 0.833256 -14.218208 0.093213 1.30058 -34.212048 -0.287565 0.967172 -20.033209 0.964537 1.212845 0.0 0.0 -1e-06 -3.440388 0.788234 0.501656 -15.928185 -3.16731 2.999707 -6.338825 -1e-06 1e-06 -18.123444 3.648184 -4.905671 -4e-06 1e-06 -1e-06 16.743511 7.150031 12.849729 62.315834 11.333651 -3.448133 0.2187 25.081131 -0.153428 -8.071991 -0.269284 -29.668583 2.243541 -5.255037 -3.180157 14.282889 -0.826593 6.952501 -4e-06 -12.690606 0.0 15.829565 -17.596514 2.920353 1.665666 -1.955921 -2.878299 4.727798 -4.170588 4.993922 11.020524 5e-06 -1e-06 12.109051 -3.735713 -2.866785 1e-06 -0.0 0.0 1.291984 -1.928549 -1.49809 14.800125 0.56747 3.865606 14.242568 -1.341733 -6.660657 19.63196 0.143927 -0.648242 48.956165 -0.700805 -6.140921 0.353029 -1.511151 -0.03194 20.222788 3.684313 2.31663 18.78727 6e-06 0.0 10.751627 -0.479867 1.397907 -0.0 -0.0 -1e-06 3.273806 0.305946 -0.58011 21.486811 11.830379 2.266133 8.162926 0.0 -1e-06 18.399078 -3.798982 -4.940575 3e-06 -1e-06 -2e-06 8.532322 9.288006 1.910193 -0.21192 -0.238275 6.304175 -12.058372 0.372077 -2.829123 1.670907 -2.046822 0.537552 0.0 -0.0 2e-06 -12.208433 -4.829354 3.623013 0.008792 0.24435 8.602658 9.974106 1.420943 -6.311193 -1.459018 0.969483 0.307401 0.0 -0.0 -1e-06 
0.0 0.0 0.0 0.0 -0.0 0.0 0.438904 98.917549 -0.602162 2.030957 1.232666 -3.816538 -0.730079 0.197899 0.567312 -0.717856 0.510572 -4.580639 -1.787845 -1.805205 10.225181 15.425581 -4.281995 6.660385 -0.510487 -1.052611 -3.776475 11.932955 -6.025309 -9.249021 7.7e-05 -2.3e-05 6e-06 -0.13191 0.217842 -0.031304 0.628148 -3.456795 -10.659851 -0.876709 3.889565 -10.717969 -21.122196 -1.732011 14.062505 -52.082886 -11.455139 9.094412 -0.070069 -22.268702 -0.084408 9.065139 0.999633 -18.994761 -5.882108 9.861286 0.702591 -10.936873 -0.360575 7.156206 0.0 8.774826 -1e-06 -15.421697 18.272644 6.670364 -1.844033 2.498504 -2.507278 -10.163601 4.678946 4.621109 -20.976027 -3e-06 2e-06 -21.226292 2.451697 -3.594001 1e-06 -6e-06 -1e-06 -1.362682 2.240799 -0.746323 -21.334921 0.584908 3.008323 -13.821217 -4e-06 1e-06 -23.887175 -0.249078 -0.839482 -59.953632 2.480471 -0.891822 -0.294025 1.679688 0.833256 -14.21821 0.093214 1.30058 -34.212048 -0.287564 0.967169 -20.033215 0.964537 1.212843 1e-06 0.0 0.0 -3.440389 0.788233 0.501656 -15.928189 -3.16731 2.999707 -6.338827 -0.0 1e-06 -18.123447 3.648184 -4.905671 -4e-06 1e-06 -2e-06 17.337133 6.950882 12.99003 64.023415 11.510623 -5.336694 0.181354 21.963932 -0.14477 -5.532636 -0.63802 -36.568966 2.243542 -5.255039 -3.180159 14.282892 -0.826591 6.952501 -4e-06 -12.690607 -0.0 15.618807 -17.554029 2.894884 1.665667 -1.955922 -2.8783 4.727798 -4.170587 4.993924 11.020528 4e-06 -3e-06 12.109052 -3.735714 -2.866786 0.0 0.0 -1e-06 1.291986 -1.928548 -1.49809 14.800129 0.567471 3.865606 14.242574 -1.341735 -6.660659 19.631969 0.14393 -0.648244 48.665348 -0.593324 -6.186638 0.353029 -1.511151 -0.03194 20.222794 3.684314 2.316628 18.787275 1e-05 -3e-06 10.751629 -0.479866 1.397906 0.0 0.0 -1e-06 3.273807 0.305948 -0.580111 21.486813 11.830381 2.266133 8.162927 2e-06 -3e-06 18.399076 -3.798981 -4.940575 3e-06 -0.0 -2e-06 8.490162 8.851614 2.056976 -0.203374 -0.253883 6.392976 -12.09299 0.338676 -2.946152 1.668069 -2.054653 0.418419 -0.0 -0.0 2e-06 -12.218201 -4.695997 3.944248 0.01132 0.271355 8.642533 9.951264 1.741306 -6.383066 -1.4598 0.980651 0.297371 -0.0 -0.0 -1e-06 
0.0 0.0 0.0 0.0 -0.0 0.0 0.449756 98.87986 -0.470881 2.065531 1.435005 -3.970111 -0.881036 0.248552 0.614344 -0.764814 0.419614 -4.545143 -1.693079 -1.808028 10.024156 15.760255 -4.567026 6.934487 -0.536339 -1.03906 -3.773678 12.238752 -6.205108 -8.932399 7.7e-05 -2.2e-05 6e-06 -0.150422 0.257823 -0.031535 0.613104 -3.412445 -10.662167 -0.89834 3.925204 -10.717626 -21.215218 -1.777796 14.046138 -52.011753 -11.482497 8.880297 -0.146934 -22.122398 -0.044389 8.748992 0.972767 -18.341415 -5.882112 9.861292 0.702591 -10.93688 -0.360575 7.156209 0.0 8.77483 -1e-06 -15.441149 18.279163 6.669404 -1.844034 2.498507 -2.507279 -10.163608 4.678949 4.621111 -20.976042 -3e-06 -1e-06 -21.226305 2.451697 -3.594005 1e-06 -6e-06 -1e-06 -1.362683 2.240799 -0.746324 -21.334932 0.584911 3.008322 -13.821227 -2e-06 -0.0 -23.887194 -0.249081 -0.839488 -59.955032 2.457534 -0.793704 -0.294026 1.679687 0.833256 -14.218221 0.093217 1.30058 -34.212082 -0.287564 0.967167 -20.033232 0.964537 1.212842 0.0 0.0 -1e-06 -3.440392 0.788235 0.501656 -15.928201 -3.16731 2.999707 -6.338831 -0.0 0.0 -18.123463 3.648184 -4.905677 -4e-06 1e-06 -2e-06 17.887932 6.773823 13.122597 65.510529 11.506075 -7.179243 0.104904 18.719246 -0.139815 -2.947113 -0.988148 -42.646381 2.243543 -5.25504 -3.180161 14.2829 -0.826595 6.952507 -2e-06 -12.690612 -0.0 15.575425 -17.406263 2.881493 1.665668 -1.955923 -2.878301 4.727801 -4.17059 4.993925 11.020535 3e-06 -1e-06 12.109058 -3.735718 -2.866785 0.0 0.0 1e-06 1.291987 -1.92855 -1.498089 14.800139 0.56747 3.865608 14.242583 -1.341737 -6.660662 19.631985 0.143927 -0.648246 48.720325 -0.457394 -6.134353 0.35303 -1.511151 -0.031941 20.222803 3.684312 2.31663 18.787289 5e-06 -3e-06 10.751633 -0.479869 1.397907 -0.0 1e-06 -1e-06 3.27381 0.305948 -0.58011 21.486832 11.830382 2.266134 8.162934 1e-06 -2e-06 18.399096 -3.798988 -4.940579 2e-06 -2e-06 -1e-06 8.422358 8.44704 2.203399 -0.19277 -0.268089 6.499579 -12.092926 0.35967 -3.09419 1.664188 -2.062569 0.320055 -0.0 -0.0 2e-06 -12.251552 -4.562072 4.225811 0.014199 0.289443 8.715873 9.937126 2.052425 -6.464015 -1.460797 0.996724 0.287072 0.0 0.0 -1e-06 
0.0 0.0 0.0 0.0 -0.0 0.0 0.479349 98.844414 -0.354794 2.110524 1.585026 -4.112927 -1.01955 0.286927 0.667348 -0.813807 0.343207 -4.521719 -1.601547 -1.826845 9.830866 15.961418 -4.767094 7.182648 -0.535155 -1.063174 -3.765103 12.438952 -6.274786 -8.61492 7.7e-05 -2.2e-05 6e-06 -0.164716 0.282224 -0.035007 0.601551 -3.387774 -10.667265 -0.915141 3.948842 -10.720042 -21.27216 -1.764295 13.982422 -51.976841 -11.500165 8.589232 -0.206696 -22.050823 -0.017266 8.613054 0.945312 -17.707735 -5.882109 9.861288 0.70259 -10.936877 -0.360575 7.156208 0.0 8.774829 -1e-06 -15.459773 18.289474 6.636415 -1.844033 2.498505 -2.507278 -10.163604 4.678947 4.621109 -20.976034 -3e-06 1e-06 -21.226295 2.451697 -3.594003 0.0 -6e-06 -1e-06 -1.362682 2.240799 -0.746324 -21.334925 0.584909 3.008323 -13.821218 -2e-06 1e-06 -23.887178 -0.249079 -0.839484 -59.908108 2.417806 -0.738854 -0.294026 1.679687 0.833256 -14.218215 0.093215 1.300581 -34.212067 -0.287563 0.967171 -20.033222 0.964537 1.212843 0.0 0.0 -1e-06 -3.440389 0.788233 0.501656 -15.928192 -3.16731 2.999707 -6.338829 -2e-06 1e-06 -18.123455 3.648183 -4.905673 -4e-06 1e-06 -2e-06 18.298279 6.592782 13.182478 66.7584 11.135859 -8.660216 -0.001868 15.871396 -0.132241 -0.89191 -1.114191 -46.664951 2.243543 -5.255037 -3.180157 14.282893 -0.826594 6.9525 -0.0 -12.690605 -3e-06 15.754346 -17.321259 2.870517 1.665667 -1.955923 -2.878298 4.7278 -4.170588 4.99392 11.020528 1e-06 -2e-06 12.109053 -3.735717 -2.866785 0.0 1e-06 -1e-06 1.291986 -1.92855 -1.498088 14.800132 0.567468 3.865605 14.242576 -1.341739 -6.660658 19.631973 0.143925 -0.648245 49.073662 -0.332983 -6.071875 0.353029 -1.511152 -0.031941 20.222794 3.68431 2.316628 18.787271 4e-06 -2e-06 10.751627 -0.479869 1.397905 -0.0 -0.0 0.0 3.273807 0.305946 -0.580111 21.486818 11.830378 2.266131 8.162928 1e-06 -4e-06 18.399084 -3.798984 -4.940578 3e-06 -0.0 -1e-06 8.327802 8.073895 2.334245 -0.182085 -0.277765 6.620317 -12.09419 0.42589 -3.265351 1.659612 -2.063095 0.252949 0.0 -0.0 2e-06 -12.307559 -4.426392 4.468886 0.015829 0.303289 8.789661 9.95364 2.353592 -6.535917 -1.460827 1.01438 0.274089 -0.0 -0.0 -1e-06 
0.0 0.0 0.0 0.0 -0.0 0.0 0.532371 98.818192 -0.26851 2.159033 1.684375 -4.230151 -1.124995 0.304567 0.722837 -0.857719 0.271272 -4.5088 -1.531124 -1.836345 9.66041 16.058254 -4.863822 7.343952 -0.551 -1.143113 -3.755691 12.529754 -6.307306 -8.261614 7.7e-05 -2.2e-05 6e-06 -0.1741 0.292756 -0.042006 0.593046 -3.378134 -10.674278 -0.925184 3.959534 -10.726204 -21.329687 -1.703906 13.88622 -51.938038 -11.481933 8.109328 -0.248092 -22.116211 -0.002767 8.767719 0.924044 -17.247471 -5.882109 9.861292 0.702591 -10.936877 -0.360575 7.156208 0.0 8.774831 -1e-06 -15.485206 18.291981 6.561814 -1.844033 2.498506 -2.507278 -10.163603 4.678948 4.62111 -20.97603 -3e-06 1e-06 -21.226295 2.451698 -3.594002 0.0 -6e-06 -0.0 -1.362682 2.240799 -0.746323 -21.334923 0.58491 3.008323 -13.82122 -2e-06 1e-06 -23.887178 -0.249079 -0.839485 -59.824493 2.359822 -0.746492 -0.294026 1.679689 0.833256 -14.218214 0.093215 1.30058 -34.212063 -0.287565 0.967168 -20.03322 0.964537 1.212842 0.0 0.0 -1e-06 -3.44039 0.788234 0.501656 -15.928194 -3.167311 2.999707 -6.338829 -1e-06 1e-06 -18.123457 3.648186 -4.905674 -4e-06 1e-06 -2e-06 18.557163 6.384557 13.202265 67.641212 10.45712 -9.524053 -0.142278 13.723854 -0.126458 0.494789 -0.995285 -48.614204 2.243541 -5.255039 -3.180158 14.282897 -0.826591 6.952503 -7e-06 -12.690612 -0.0 15.980801 -17.349792 2.848278 1.665667 -1.955921 -2.878299 4.727799 -4.170588 4.993926 11.020531 6e-06 -1e-06 12.109056 -3.735714 -2.866784 0.0 -0.0 1e-06 1.291986 -1.92855 -1.498088 14.800138 0.567473 3.865607 14.242578 -1.341733 -6.660656 19.631975 0.14393 -0.648242 49.39838 -0.241545 -6.078321 0.353029 -1.511151 -0.03194 20.222801 3.68432 2.316632 18.787283 1.1e-05 4e-06 10.751633 -0.479865 1.39791 -1e-06 -0.0 1e-06 3.273808 0.305949 -0.580112 21.486828 11.83039 2.266134 8.162931 6e-06 -1e-06 18.399088 -3.798981 -4.940573 3e-06 -0.0 -2e-06 8.217732 7.772513 2.44097 -0.175251 -0.284829 6.726573 -12.081818 0.509193 -3.435107 1.655622 -2.042424 0.239351 0.0 -0.0 2e-06 -12.378645 -4.272298 4.674754 0.013205 0.308753 8.808846 10.010711 2.6305 -6.575815 -1.45975 1.030392 0.259509 -0.0 0.0 -1e-06 
0.0 0.0 0.0 0.0 -0.0 0.0 0.59592 98.795601 -0.219531 2.211971 1.744553 -4.31916 -1.200904 0.313683 0.769604 -0.887431 0.209492 -4.49674 -1.49891 -1.860367 9.517913 16.077194 -4.862444 7.416996 -0.599225 -1.243564 -3.754672 12.534084 -6.335818 -7.915937 7.8e-05 -2.2e-05 6e-06 -0.178432 0.287165 -0.048437 0.588829 -3.383012 -10.678275 -0.92963 3.952447 -10.726832 -21.40383 -1.633396 13.800923 -51.858368 -11.435188 7.437235 -0.256206 -22.240166 0.00145 9.130138 0.93272 -16.925632 -5.882113 9.861297 0.702592 -10.936884 -0.360573 7.156213 0.0 8.774837 -0.0 -15.536295 18.284664 6.459476 -1.844034 2.498508 -2.50728 -10.163611 4.678952 4.621113 -20.976051 -3e-06 1e-06 -21.226311 2.451699 -3.594005 1e-06 -6e-06 -1e-06 -1.362683 2.2408 -0.746324 -21.334942 0.584911 3.008325 -13.82123 -3e-06 1e-06 -23.887199 -0.249079 -0.839485 -59.756138 2.313031 -0.791169 -0.294025 1.679688 0.833257 -14.218225 0.093216 1.300581 -34.212086 -0.287563 0.967169 -20.033236 0.964537 1.212843 0.0 0.0 -1e-06 -3.440393 0.788234 0.501656 -15.928205 -3.167314 2.999709 -6.338833 0.0 0.0 -18.12347 3.648188 -4.905677 -4e-06 1e-06 -2e-06 18.682245 6.172789 13.204423 68.105614 9.562102 -9.81985 -0.284473 12.322785 -0.121985 1.234028 -0.753818 -48.947803 2.243544 -5.255042 -3.180161 14.282904 -0.826595 6.952506 -2e-06 -12.690615 0.0 16.106483 -17.418354 2.821907 1.665668 -1.955923 -2.878301 4.727803 -4.17059 4.993923 11.020535 3e-06 0.0 12.10906 -3.735718 -2.866788 0.0 1e-06 1e-06 1.291987 -1.928551 -1.49809 14.80014 0.56747 3.86561 14.242584 -1.341737 -6.660663 19.631987 0.143928 -0.648246 49.562881 -0.169259 -6.122552 0.353028 -1.511152 -0.03194 20.222811 3.684314 2.316633 18.787292 6e-06 -1e-06 10.751637 -0.479868 1.397908 -1e-06 -0.0 0.0 3.273809 0.305947 -0.580113 21.486832 11.830385 2.266135 8.162934 3e-06 -2e-06 18.399092 -3.798987 -4.940579 2e-06 -1e-06 -1e-06 8.096021 7.529892 2.49825 -0.173397 -0.288925 6.84387 -12.065048 0.592739 -3.591735 1.653016 -2.013496 0.259234 0.0 -0.0 2e-06 -12.454093 -4.112857 4.797503 0.006989 0.302795 8.859695 10.051755 2.878512 -6.62705 -1.460148 1.038969 0.252562 0.0 -0.0 -1e-06 
0.0 0.0 0.0 0.0 -0.0 0.0 0.666178 98.7799 -0.202746 2.254107 1.759308 -4.380565 -1.24969 0.320595 0.803751 -0.900993 0.158097 -4.480344 -1.50135 -1.887251 9.398712 16.041246 -4.802944 7.401682 -0.665313 -1.347663 -3.761959 12.474038 -6.351844 -7.581131 7.8e-05 -2.2e-05 6e-06 -0.180719 0.273414 -0.05333 0.586628 -3.395584 -10.682312 -0.932108 3.936756 -10.725269 -21.510914 -1.573745 13.726518 -51.694839 -11.383291 6.606671 -0.244321 -22.276175 -0.001902 9.622534 1.031493 -16.741222 -5.88211 9.861284 0.70259 -10.936878 -0.360575 7.15621 1e-06 8.774826 -1e-06 -15.608239 18.281094 6.365773 -1.844034 2.498504 -2.507279 -10.163606 4.678944 4.621111 -20.976038 -5e-06 3e-06 -21.226299 2.451695 -3.594 -0.0 -6e-06 -0.0 -1.362682 2.240798 -0.746324 -21.334927 0.58491 3.008326 -13.821223 -3e-06 2e-06 -23.887184 -0.24908 -0.839482 -59.708813 2.293383 -0.843539 -0.294024 1.679686 0.833256 -14.218217 0.093216 1.300581 -34.212067 -0.287564 0.967173 -20.033226 0.964537 1.212845 -0.0 0.0 -1e-06 -3.44039 0.788234 0.501656 -15.928198 -3.167311 2.999709 -6.33883 -1e-06 1e-06 -18.123457 3.648182 -4.905671 -4e-06 1e-06 -2e-06 18.700914 5.970726 13.19619 68.145012 8.538762 -9.519745 -0.395681 11.504774 -0.12111 1.439351 -0.515368 -47.935093 2.243544 -5.255039 -3.180158 14.282893 -0.8266 6.952507 -0.0 -12.690609 4e-06 16.079521 -17.462839 2.818537 1.665667 -1.955922 -2.878301 4.727799 -4.170591 4.993929 11.020529 -1e-06 -1e-06 12.109056 -3.735719 -2.866788 1e-06 0.0 1e-06 1.291987 -1.92855 -1.498091 14.800132 0.567464 3.865609 14.242579 -1.34174 -6.660665 19.631973 0.143923 -0.64825 49.608723 -0.123214 -6.177633 0.353029 -1.511151 -0.031941 20.222794 3.684305 2.316629 18.787277 -0.0 -3e-06 10.751631 -0.479871 1.397904 -0.0 0.0 0.0 3.273807 0.305946 -0.580112 21.486814 11.830374 2.26613 8.162928 0.0 -2e-06 18.399088 -3.79899 -4.940578 3e-06 -0.0 -0.0 7.984919 7.358711 2.516359 -0.172086 -0.287416 6.957813 -12.045596 0.651959 -3.698677 1.650944 -1.990497 0.304774 0.0 0.0 2e-06 -12.519989 -3.959822 4.863879 -0.004288 0.288792 8.890053 10.071781 3.089652 -6.651618 -1.46148 1.034865 0.239722 0.0 0.0 -1e-06 
0.0 0.0 0.0 0.0 -0.0 0.0 0.731325 98.775627 -0.214319 2.280979 1.738829 -4.417002 -1.281213 0.319172 0.821734 -0.908427 0.127966 -4.457378 -1.531669 -1.914277 9.303968 16.023878 -4.729024 7.291445 -0.714717 -1.40878 -3.759883 12.386643 -6.370836 -7.289938 7.7e-05 -2.2e-05 6e-06 -0.181743 0.262534 -0.054325 0.58492 -3.405163 -10.686569 -0.932711 3.92422 -10.724914 -21.60498 -1.521261 13.623478 -51.47422 -11.328952 5.784556 -0.205597 -22.151876 -0.024474 10.242513 1.299741 -16.7868 -5.882111 9.861293 0.702591 -10.936879 -0.360574 7.156208 -0.0 8.774831 -1e-06 -15.672824 18.278362 6.291079 -1.844034 2.498506 -2.507279 -10.163608 4.678948 4.621109 -20.976038 -2e-06 -0.0 -21.226301 2.451699 -3.594004 1e-06 -6e-06 -0.0 -1.362683 2.2408 -0.746324 -21.33493 0.584911 3.008322 -13.821225 -1e-06 0.0 -23.88719 -0.249079 -0.839486 -59.676212 2.292379 -0.909884 -0.294027 1.679689 0.833256 -14.218219 0.093217 1.30058 -34.212078 -0.287563 0.967167 -20.03323 0.964537 1.212842 -0.0 0.0 -1e-06 -3.440392 0.788234 0.501655 -15.928196 -3.16731 2.999707 -6.33883 -0.0 0.0 -18.123459 3.648185 -4.905675 -4e-06 1e-06 -2e-06 18.653698 5.798641 13.141654 67.772148 7.460892 -8.543904 -0.457959 11.145546 -0.126944 1.194519 -0.312203 -45.655792 2.243543 -5.255042 -3.180159 14.282902 -0.826593 6.952505 -3e-06 -12.690618 -1e-06 15.942377 -17.49539 2.836255 1.665667 -1.955923 -2.878302 4.727802 -4.170591 4.993925 11.020535 4e-06 -0.0 12.10906 -3.735717 -2.866787 1e-06 1e-06 -0.0 1.291987 -1.928551 -1.49809 14.800139 0.56747 3.865608 14.242583 -1.341738 -6.660661 19.631979 0.143928 -0.648245 49.581814 -0.128754 -6.260653 0.353029 -1.511152 -0.031939 20.222805 3.684316 2.31663 18.787287 6e-06 -1e-06 10.751635 -0.479868 1.397905 -1e-06 1e-06 -0.0 3.273809 0.305947 -0.580112 21.486834 11.83039 2.266135 8.162934 2e-06 -2e-06 18.399099 -3.798984 -4.940581 3e-06 -1e-06 -1e-06 7.897063 7.248823 2.526288 -0.169351 -0.288399 7.012084 -12.027537 0.684746 -3.725504 1.64997 -1.985063 0.358213 0.0 0.0 2e-06 -12.571849 -3.835333 4.903371 -0.014554 0.28179 8.857571 10.114857 3.254223 -6.633554 -1.462573 1.023619 0.20492 0.0 0.0 -1e-06 
0.0 0.0 0.0 0.0 -0.0 0.0 0.784132 98.774979 -0.257136 2.293654 1.691117 -4.433867 -1.305937 0.307604 0.827397 -0.911529 0.125561 -4.437061 -1.577922 -1.927905 9.231547 16.048267 -4.665128 7.094693 -0.730591 -1.426705 -3.755397 12.293711 -6.388688 -7.013918 7.7e-05 -2.2e-05 6e-06 -0.178659 0.249756 -0.051664 0.587635 -3.416038 -10.689279 -0.929425 3.909291 -10.726216 -21.682657 -1.480436 13.508305 -51.207321 -11.280794 5.004861 -0.17154 -21.84057 -0.050048 11.063871 1.754919 -16.971043 -5.882104 9.861284 0.702591 -10.936869 -0.360575 7.156205 -0.0 8.774827 -1e-06 -15.712851 18.290001 6.249486 -1.844032 2.498504 -2.507277 -10.163596 4.678946 4.621109 -20.976017 -4e-06 4e-06 -21.226276 2.451699 -3.593999 1e-06 -6e-06 0.0 -1.362681 2.240799 -0.746323 -21.334908 0.58491 3.008324 -13.82121 -2e-06 2e-06 -23.887163 -0.249077 -0.839482 -59.624409 2.309045 -0.99722 -0.294025 1.679688 0.833256 -14.218205 0.093214 1.300581 -34.212048 -0.287562 0.967173 -20.033209 0.964538 1.212844 -0.0 1e-06 -1e-06 -3.440388 0.788234 0.501656 -15.928183 -3.16731 2.999708 -6.338824 -1e-06 2e-06 -18.123444 3.648185 -4.905669 -3e-06 1e-06 -2e-06 18.574354 5.656642 13.00178 67.009727 6.33333 -6.692455 -0.439266 11.148248 -0.132302 0.340595 -0.105101 -41.515644 2.243539 -5.255035 -3.180156 14.282887 -0.826589 6.9525 -6e-06 -12.690601 -1e-06 15.757842 -17.545424 2.866864 1.665665 -1.95592 -2.878298 4.727796 -4.170584 4.993923 11.020522 6e-06 1e-06 12.109044 -3.735711 -2.866781 -1e-06 1e-06 0.0 1.291984 -1.928548 -1.498088 14.800123 0.567473 3.865607 14.242564 -1.341733 -6.660653 19.63196 0.143929 -0.648239 49.495125 -0.205463 -6.367007 0.353028 -1.51115 -0.031942 20.222784 3.684316 2.316633 18.787266 9e-06 3e-06 10.751624 -0.479866 1.397908 -1e-06 1e-06 -1e-06 3.273805 0.305948 -0.58011 21.486809 11.830378 2.266136 8.162924 3e-06 1e-06 18.399076 -3.79898 -4.94057 2e-06 -1e-06 -1e-06 7.829951 7.178654 2.507398 -0.16373 -0.283195 7.054121 -12.010194 0.702537 -3.713214 1.649487 -1.9938 0.412998 -0.0 0.0 2e-06 -12.601439 -3.729281 4.880414 -0.016046 0.291015 8.848371 10.144943 3.358886 -6.616811 -1.463329 1.008943 0.168166 -0.0 0.0 -1e-06 
0.0 0.0 0.0 0.0 -0.0 0.0 0.82892 98.782295 -0.327781 2.282418 1.627756 -4.431664 -1.325591 0.285675 0.828252 -0.908415 0.138375 -4.422303 -1.632827 -1.922741 9.170595 16.136177 -4.633006 6.837928 -0.723941 -1.393195 -3.756407 12.224818 -6.391306 -6.755976 7.7e-05 -2.2e-05 6e-06 -0.170337 0.233239 -0.047469 0.596153 -3.430845 -10.696117 -0.921323 3.891069 -10.732109 -21.740818 -1.432752 13.395825 -50.911125 -11.243611 4.277767 -0.157375 -21.372446 -0.068619 11.97393 2.346614 -17.251524 -5.882114 9.861295 0.702591 -10.936883 -0.360574 7.156212 1e-06 8.774834 -1e-06 -15.759403 18.309315 6.2024 -1.844035 2.498507 -2.50728 -10.16361 4.67895 4.621113 -20.976044 -5e-06 1e-06 -21.226307 2.451699 -3.594004 1e-06 -6e-06 -0.0 -1.362683 2.240802 -0.746324 -21.334938 0.58491 3.008324 -13.821229 -3e-06 1e-06 -23.887196 -0.24908 -0.839485 -59.560802 2.326453 -1.123991 -0.294025 1.679689 0.833256 -14.218224 0.093215 1.300581 -34.212082 -0.287565 0.96717 -20.033236 0.964536 1.212845 1e-06 0.0 -1e-06 -3.440392 0.788235 0.501656 -15.928203 -3.167312 2.999709 -6.338833 0.0 1e-06 -18.123466 3.648185 -4.905676 -4e-06 1e-06 -2e-06 18.481791 5.533247 12.798621 65.90741 5.253964 -4.042889 -0.302477 11.417357 -0.119921 -1.223534 0.122179 -34.845879 2.243543 -5.255042 -3.180159 14.282902 -0.826594 6.952508 -3e-06 -12.690618 -0.0 15.721949 -17.62454 2.855555 1.665668 -1.955924 -2.878301 4.727802 -4.170592 4.993928 11.020536 4e-06 -1e-06 12.109062 -3.735719 -2.866787 -0.0 -0.0 0.0 1.291987 -1.928551 -1.49809 14.80014 0.567471 3.865611 14.242584 -1.341738 -6.660661 19.631985 0.143928 -0.648244 49.448673 -0.335715 -6.455939 0.35303 -1.511152 -0.031939 20.222805 3.684315 2.316632 18.787287 7e-06 -0.0 10.751637 -0.479868 1.397906 -1e-06 0.0 -0.0 3.27381 0.305948 -0.580112 21.486832 11.830392 2.266135 8.162932 2e-06 0.0 18.399097 -3.798985 -4.940579 2e-06 1e-06 -1e-06 7.793942 7.134736 2.467891 -0.156698 -0.269478 7.066929 -11.979316 0.691481 -3.671155 1.64896 -1.996813 0.462039 0.0 0.0 2e-06 -12.599092 -3.617699 4.836834 -0.011479 0.312911 8.790022 10.145184 3.374254 -6.579909 -1.462981 0.998758 0.129349 -0.0 0.0 -1e-06 
0.0 0.0 0.0 0.0 -0.0 0.0 0.870566 98.803444 -0.418307 2.245142 1.534824 -4.40718 -1.347634 0.265973 0.829248 -0.898921 0.151515 -4.415391 -1.682292 -1.91016 9.11333 16.267723 -4.61426 6.554405 -0.696945 -1.32253 -3.762566 12.171503 -6.373928 -6.546385 7.7e-05 -2.2e-05 6e-06 -0.160892 0.22546 -0.044956 0.608866 -3.439008 -10.708228 -0.915065 3.883646 -10.745651 -21.741138 -1.37678 13.289795 -50.646381 -11.191622 3.671856 -0.148831 -20.861889 -0.071647 12.720962 2.946179 -17.601809 -5.882105 9.861282 0.70259 -10.936868 -0.360575 7.156201 1e-06 8.774822 -0.0 -15.809274 18.31222 6.142044 -1.844033 2.498504 -2.507277 -10.163597 4.678944 4.621106 -20.976021 -5e-06 -0.0 -21.226286 2.451695 -3.594 1e-06 -6e-06 -1e-06 -1.362681 2.240798 -0.746323 -21.334911 0.58491 3.008319 -13.821213 -3e-06 1e-06 -23.887167 -0.249082 -0.839485 -59.513187 2.324702 -1.249676 -0.294024 1.679687 0.833255 -14.218207 0.093215 1.300578 -34.212048 -0.287568 0.967167 -20.033211 0.964534 1.212842 1e-06 0.0 -0.0 -3.440389 0.788234 0.501655 -15.928183 -3.16731 2.999704 -6.338825 -1e-06 0.0 -18.123444 3.64818 -4.90567 -3e-06 1e-06 -2e-06 18.375864 5.432979 12.599904 64.653297 4.429175 -1.193018 -0.119451 11.774716 -0.091813 -2.833122 0.192543 -27.439005 2.243542 -5.255037 -3.180158 14.282892 -0.826596 6.9525 -2e-06 -12.690603 0.0 15.923239 -17.672073 2.765341 1.665667 -1.955922 -2.878298 4.727799 -4.170587 4.993923 11.020528 3e-06 -2e-06 12.109053 -3.735716 -2.866784 1e-06 -0.0 0.0 1.291986 -1.92855 -1.49809 14.800129 0.567468 3.865609 14.242576 -1.341737 -6.660657 19.631969 0.143926 -0.648246 49.557743 -0.438063 -6.47325 0.353028 -1.51115 -0.031941 20.22279 3.684309 2.316629 18.787273 4e-06 -2e-06 10.751629 -0.479869 1.397905 -1e-06 -1e-06 -0.0 3.273807 0.305947 -0.580111 21.486814 11.830373 2.266132 8.162928 1e-06 0.0 18.399082 -3.798985 -4.940577 4e-06 0.0 -1e-06 7.793189 7.116056 2.436581 -0.151483 -0.25498 7.000175 -11.968405 0.676512 -3.594895 1.646493 -1.995853 0.49237 0.0 0.0 2e-06 -12.571489 -3.499885 4.803048 -0.005464 0.335303 8.615007 10.141014 3.38616 -6.477238 -1.462812 0.995446 0.08899 -0.0 -0.0 -1e-06 
0.0 0.0 0.0 0.0 -0.0 0.0 0.906751 98.830254 -0.527205 2.190135 1.420896 -4.377151 -1.366826 0.253708 0.836234 -0.891791 0.153267 -4.404782 -1.720491 -1.879809 9.047622 16.436188 -4.608295 6.269405 -0.676506 -1.231599 -3.778445 12.136854 -6.353014 -6.360313 7.7e-05 -2.2e-05 6e-06 -0.154394 0.221357 -0.04539 0.620966 -3.444897 -10.726464 -0.914019 3.88117 -10.766075 -21.690138 -1.343236 13.216839 -50.429016 -11.110638 3.182345 -0.160629 -20.371845 -0.063351 13.244456 3.390754 -17.930168 -5.882105 9.861286 0.702591 -10.936872 -0.360575 7.156205 0.0 8.774827 -1e-06 -15.828033 18.298697 6.121094 -1.844034 2.498505 -2.507278 -10.163601 4.678946 4.621109 -20.976027 -3e-06 1e-06 -21.226292 2.451697 -3.594002 1e-06 -6e-06 -0.0 -1.362682 2.240798 -0.746324 -21.334915 0.584909 3.008321 -13.821214 -3e-06 1e-06 -23.887171 -0.249078 -0.839485 -59.503414 2.319527 -1.313781 -0.294025 1.679687 0.833257 -14.21821 0.093216 1.30058 -34.212051 -0.287564 0.967168 -20.033218 0.964536 1.212841 0.0 0.0 -0.0 -3.44039 0.788234 0.501656 -15.928189 -3.167309 2.999705 -6.338827 -1e-06 0.0 -18.123451 3.648183 -4.905674 -3e-06 1e-06 -2e-06 18.264133 5.372927 12.447068 63.47773 3.957816 1.025105 0.018006 11.988085 -0.065883 -3.883584 -0.02439 -21.725183 2.243541 -5.255036 -3.180157 14.28289 -0.826594 6.952502 -3e-06 -12.690604 1e-06 16.124855 -17.65959 2.67471 1.665666 -1.955921 -2.878298 4.727798 -4.170588 4.993924 11.020526 3e-06 -0.0 12.109053 -3.735715 -2.866783 -1e-06 -0.0 0.0 1.291985 -1.928549 -1.498088 14.800127 0.567469 3.865607 14.242571 -1.341736 -6.660656 19.631969 0.143927 -0.648244 49.681248 -0.477988 -6.432934 0.353029 -1.511151 -0.03194 20.222794 3.684311 2.31663 18.787271 5e-06 -1e-06 10.751628 -0.479868 1.397906 -2e-06 -0.0 0.0 3.273807 0.305947 -0.580111 21.486811 11.830377 2.266132 8.162927 2e-06 -1e-06 18.399084 -3.798984 -4.940575 1e-06 -0.0 -1e-06 7.818603 7.114918 2.404911 -0.148159 -0.246892 6.908656 -11.981545 0.692089 -3.536076 1.642352 -1.997937 0.501287 0.0 0.0 2e-06 -12.522102 -3.358976 4.761662 -0.00015 0.345 8.405005 10.145336 3.459447 -6.348142 -1.461879 0.9892 0.058445 -0.0 0.0 -1e-06 
0.0 0.0 0.0 0.0 -0.0 0.0 0.937385 98.864075 -0.650025 2.125442 1.265744 -4.345553 -1.374414 0.253125 0.849307 -0.890248 0.148695 -4.386942 -1.749653 -1.836348 8.960376 16.602823 -4.591865 5.991679 -0.66565 -1.141018 -3.790962 12.118484 -6.333576 -6.18843 7.7e-05 -2.3e-05 6e-06 -0.149144 0.220355 -0.045034 0.630399 -3.447256 -10.741548 -0.912828 3.881286 -10.781343 -21.632172 -1.328847 13.158987 -50.239826 -10.96756 2.739339 -0.194901 -19.937576 -0.052897 13.614503 3.655348 -18.211981 -5.882107 9.861286 0.70259 -10.936872 -0.360575 7.156207 -0.0 8.774827 -1e-06 -15.825342 18.27397 6.144153 -1.844033 2.498505 -2.507278 -10.1636 4.678947 4.621109 -20.976027 -3e-06 0.0 -21.226292 2.451698 -3.594003 1e-06 -6e-06 -0.0 -1.362681 2.240799 -0.746324 -21.334915 0.584911 3.008323 -13.821215 -2e-06 1e-06 -23.887173 -0.249078 -0.839485 -59.532333 2.331467 -1.314639 -0.294026 1.679688 0.833256 -14.21821 0.093214 1.300581 -34.212048 -0.287563 0.967169 -20.033215 0.964537 1.212842 1e-06 0.0 -0.0 -3.440389 0.788233 0.501656 -15.928187 -3.167309 2.999707 -6.338827 -1e-06 1e-06 -18.123447 3.648185 -4.905673 -3e-06 1e-06 -2e-06 18.129971 5.364087 12.356791 62.461315 3.806708 2.324651 0.103392 12.040299 -0.047613 -4.581994 -0.424693 -17.856998 2.243542 -5.255038 -3.180159 14.282896 -0.826596 6.952506 -2e-06 -12.690609 1e-06 16.245287 -17.626972 2.621474 1.665667 -1.955922 -2.8783 4.7278 -4.170589 4.993927 11.020531 2e-06 -1e-06 12.109056 -3.735717 -2.866785 -0.0 0.0 -0.0 1.291986 -1.92855 -1.49809 14.800132 0.567467 3.86561 14.242578 -1.341737 -6.660661 19.631973 0.143926 -0.648245 49.750759 -0.49508 -6.382875 0.353029 -1.511151 -0.03194 20.222797 3.684309 2.316631 18.787277 3e-06 -1e-06 10.751633 -0.479869 1.397906 -1e-06 -0.0 0.0 3.273808 0.305947 -0.580111 21.486822 11.830379 2.266134 8.16293 1e-06 -1e-06 18.39909 -3.798986 -4.940578 2e-06 -1e-06 -1e-06 7.865736 7.133487 2.408781 -0.148047 -0.248013 6.744846 -12.011057 0.764224 -3.456175 1.638712 -2.003423 0.476576 -0.0 -0.0 2e-06 -12.463287 -3.193632 4.714656 0.004982 0.348887 8.157855 10.157923 3.583191 -6.186294 -1.461109 0.977515 0.019405 -0.0 0.0 -1e-06 
0.0 0.0 0.0 0.0 -0.0 0.0 0.956853 98.898651 -0.77218 2.056236 1.0797 -4.321025 -1.366225 0.253807 0.865029 -0.893626 0.158045 -4.37218 -1.776924 -1.783952 8.871945 16.739056 -4.558267 5.723285 -0.66761 -1.075019 -3.803183 12.104595 -6.32786 -6.055985 7.8e-05 -2.2e-05 6e-06 -0.145676 0.22727 -0.044982 0.637617 -3.441079 -10.751749 -0.912915 3.888591 -10.79229 -21.592363 -1.307662 13.121177 -50.059708 -10.775 2.386732 -0.212002 -19.66309 -0.049776 13.903589 3.794019 -18.511328 -5.882113 9.861292 0.70259 -10.936881 -0.360575 7.156209 1e-06 8.774832 -1e-06 -15.801374 18.251484 6.186947 -1.844035 2.498506 -2.507279 -10.16361 4.678949 4.62111 -20.976044 -4e-06 -0.0 -21.226311 2.451697 -3.594005 1e-06 -6e-06 -0.0 -1.362682 2.240799 -0.746324 -21.334936 0.584911 3.008322 -13.821229 -3e-06 0.0 -23.887201 -0.24908 -0.839486 -59.545609 2.334815 -1.280553 -0.294026 1.679689 0.833256 -14.218223 0.093215 1.30058 -34.212082 -0.287566 0.967166 -20.033232 0.964535 1.212843 -0.0 0.0 -0.0 -3.440392 0.788234 0.501655 -15.928201 -3.167312 2.999707 -6.338832 -1e-06 -0.0 -18.123465 3.648184 -4.905676 -3e-06 1e-06 -2e-06 17.961094 5.386664 12.284002 61.635983 3.880368 2.753832 0.143031 12.066031 -0.043399 -5.247611 -0.882898 -15.567463 2.243543 -5.255039 -3.180159 14.282901 -0.826596 6.952506 -2e-06 -12.690612 1e-06 16.310934 -17.609856 2.599824 1.665667 -1.955922 -2.878299 4.727802 -4.17059 4.993926 11.020535 3e-06 -1e-06 12.10906 -3.735718 -2.866785 -0.0 0.0 0.0 1.291986 -1.928551 -1.49809 14.800139 0.567468 3.865609 14.242584 -1.341737 -6.66066 19.631983 0.143926 -0.648245 49.796715 -0.501177 -6.342104 0.353029 -1.511151 -0.03194 20.222805 3.684311 2.316631 18.787289 4e-06 -2e-06 10.751637 -0.479869 1.397906 -1e-06 -0.0 0.0 3.27381 0.305947 -0.580111 21.486832 11.830382 2.266133 8.162935 1e-06 -1e-06 18.399099 -3.798986 -4.94058 2e-06 0.0 -1e-06 7.932888 7.176593 2.446852 -0.147677 -0.25206 6.542727 -12.056527 0.848538 -3.355075 1.636063 -2.010078 0.45227 -0.0 0.0 2e-06 -12.39423 -3.011209 4.661302 0.008318 0.358637 7.920973 10.183863 3.725889 -6.046817 -1.460537 0.971507 -0.023634 -0.0 0.0 -1e-06 
0.0 0.0 0.0 0.0 -0.0 0.0 0.967336 98.926712 -0.892412 1.981235 0.867266 -4.306262 -1.340817 0.255996 0.883864 -0.896358 0.186392 -4.35821 -1.810348 -1.734228 8.783381 16.8318 -4.488354 5.480871 -0.680326 -1.042462 -3.819091 12.077332 -6.349626 -5.925171 7.8e-05 -2.3e-05 6e-06 -0.145531 0.234232 -0.047414 0.642602 -3.435442 -10.764486 -0.917471 3.896621 -10.807899 -21.578165 -1.276039 13.089122 -49.87336 -10.518531 2.06023 -0.213588 -19.620316 -0.057509 14.145185 3.868887 -18.840607 -5.882103 9.861285 0.702591 -10.936868 -0.360576 7.156204 0.0 8.774825 -2e-06 -15.773395 18.236155 6.223979 -1.844033 2.498504 -2.507277 -10.163597 4.678944 4.621108 -20.976021 -4e-06 3e-06 -21.226282 2.451697 -3.593999 2e-06 -6e-06 -0.0 -1.362681 2.240798 -0.746323 -21.334908 0.584908 3.008324 -13.821213 -2e-06 2e-06 -23.887167 -0.24908 -0.839482 -59.534718 2.324608 -1.244849 -0.294025 1.679686 0.833256 -14.218205 0.093214 1.300581 -34.212036 -0.287564 0.967173 -20.033211 0.964537 1.212845 1e-06 0.0 -0.0 -3.440386 0.788233 0.501656 -15.928185 -3.167309 2.999708 -6.338825 -2e-06 1e-06 -18.123444 3.648183 -4.905669 -3e-06 1e-06 -2e-06 17.768023 5.456376 12.169782 60.951107 4.086962 2.57553 0.151571 12.158096 -0.048162 -6.012644 -1.350996 -14.269529 2.24354 -5.255037 -3.180157 14.282887 -0.826594 6.952503 -2e-06 -12.690607 1e-06 16.358469 -17.618164 2.585337 1.665666 -1.955922 -2.878298 4.727798 -4.170588 4.993925 11.020524 3e-06 -1e-06 12.10905 -3.735716 -2.866783 0.0 0.0 0.0 1.291985 -1.928549 -1.498089 14.800127 0.567468 3.865608 14.242571 -1.341737 -6.660657 19.631962 0.143926 -0.648243 49.80764 -0.486892 -6.328752 0.35303 -1.511151 -0.03194 20.222788 3.684311 2.316631 18.78727 4e-06 0.0 10.751627 -0.479869 1.397906 -0.0 0.0 0.0 3.273806 0.305947 -0.580111 21.486811 11.830377 2.266133 8.162926 0.0 -0.0 18.39908 -3.798988 -4.940575 2e-06 0.0 -1e-06 8.013604 7.231786 2.476332 -0.146742 -0.25406 6.390329 -12.117373 0.930845 -3.286682 1.635592 -2.016915 0.434488 -0.0 -0.0 2e-06 -12.309203 -2.814736 4.581627 0.01163 0.362567 7.745339 10.213223 3.892546 -5.944444 -1.460882 0.968356 -0.05406 -0.0 -0.0 -1e-06 
0.0 0.0 0.0 0.0 -0.0 0.0 0.966885 98.95005 -1.006998 1.902267 0.62201 -4.308313 -1.302441 0.260048 0.90962 -0.893806 0.228692 -4.344112 -1.844601 -1.694111 8.693252 16.86307 -4.402966 5.262653 -0.696088 -1.025948 -3.828972 12.047337 -6.396297 -5.754188 7.7e-05 -2.3e-05 6e-06 -0.148792 0.234863 -0.05058 0.64379 -3.437314 -10.778814 -0.925178 3.899638 -10.822022 -21.577148 -1.228349 13.057209 -49.697029 -10.231634 1.826613 -0.170839 -19.761984 -0.082319 14.347041 3.922108 -19.146248 -5.882112 9.861295 0.702591 -10.936882 -0.360574 7.156212 0.0 8.774834 -0.0 -15.74485 18.226347 6.259494 -1.844035 2.498507 -2.50728 -10.163611 4.67895 4.621113 -20.976046 -3e-06 2e-06 -21.226311 2.4517 -3.594003 1e-06 -6e-06 -0.0 -1.362683 2.2408 -0.746324 -21.334938 0.584911 3.008326 -13.82123 -2e-06 1e-06 -23.887201 -0.249079 -0.839485 -59.522259 2.313816 -1.213111 -0.294025 1.679689 0.833257 -14.218224 0.093214 1.300581 -34.212086 -0.287563 0.96717 -20.033234 0.964538 1.212844 1e-06 0.0 -0.0 -3.440391 0.788235 0.501656 -15.928201 -3.167312 2.999709 -6.338833 -0.0 1e-06 -18.123466 3.648185 -4.905675 -3e-06 1e-06 -2e-06 17.540159 5.586717 12.044745 60.422287 4.413985 1.928633 0.12243 12.378839 -0.063446 -6.923958 -1.804532 -13.752333 2.243544 -5.255043 -3.180161 14.282908 -0.826597 6.95251 -2e-06 -12.690618 1e-06 16.385834 -17.649584 2.589308 1.665668 -1.955923 -2.878301 4.727805 -4.170592 4.993929 11.020541 2e-06 -1e-06 12.109068 -3.73572 -2.866786 0.0 0.0 0.0 1.291987 -1.928551 -1.498091 14.800148 0.567468 3.865611 14.242589 -1.341738 -6.660664 19.631992 0.143925 -0.648246 49.819305 -0.462848 -6.311036 0.35303 -1.511152 -0.03194 20.22282 3.684313 2.316633 18.7873 4e-06 -1e-06 10.751645 -0.479869 1.397907 -0.0 -0.0 -0.0 3.27381 0.305948 -0.580111 21.486845 11.830388 2.266135 8.162939 1e-06 -1e-06 18.399111 -3.798989 -4.940582 1e-06 0.0 -1e-06 8.110112 7.297811 2.523916 -0.146728 -0.260267 6.260419 -12.185794 1.015747 -3.233762 1.636856 -2.025087 0.43897 -0.0 -0.0 2e-06 -12.207681 -2.593988 4.494696 0.013451 0.359612 7.609499 10.251355 4.071056 -5.86566 -1.4623 0.965551 -0.067612 -0.0 -0.0 -1e-06 
0.0 0.0 0.0 0.0 -0.0 0.0 0.955545 98.957436 -1.11195 1.83219 0.371173 -4.331076 -1.253255 0.261876 0.943939 -0.891156 0.270619 -4.325581 -1.885506 -1.651868 8.609459 16.855547 -4.315717 5.05006 -0.715656 -1.027801 -3.840785 11.99933 -6.457148 -5.562374 7.7e-05 -2.2e-05 6e-06 -0.152449 0.221358 -0.051089 0.643337 -3.453031 -10.790148 -0.932024 3.888212 -10.832255 -21.584997 -1.187044 12.998455 -49.537937 -9.895316 1.636292 -0.099729 -20.06366 -0.118379 14.558254 3.938128 -19.415787 -5.88211 9.861292 0.702591 -10.936877 -0.360575 7.156208 1e-06 8.774831 -1e-06 -15.716704 18.213196 6.298728 -1.844034 2.498507 -2.507278 -10.163606 4.678948 4.621109 -20.97604 -5e-06 0.0 -21.226301 2.451697 -3.594003 1e-06 -6e-06 -0.0 -1.362682 2.240798 -0.746324 -21.334929 0.584909 3.008324 -13.821221 -4e-06 2e-06 -23.887188 -0.24908 -0.839483 -59.511677 2.303191 -1.186918 -0.294025 1.679689 0.833256 -14.218217 0.093213 1.30058 -34.21207 -0.287564 0.96717 -20.033228 0.964536 1.212844 1e-06 1e-06 -1e-06 -3.44039 0.788234 0.501656 -15.9282 -3.16731 2.999707 -6.33883 -1e-06 0.0 -18.123459 3.648184 -4.905674 -3e-06 1e-06 -2e-06 17.277597 5.755364 11.928201 60.040089 4.879481 0.9833 0.064132 12.73906 -0.089063 -7.968191 -2.190988 -13.846107 2.243544 -5.255041 -3.18016 14.282904 -0.826595 6.952507 -3e-06 -12.690616 0.0 16.389889 -17.698875 2.611484 1.665667 -1.955922 -2.878301 4.727803 -4.170591 4.993927 11.020536 3e-06 -1e-06 12.109061 -3.735718 -2.866786 0.0 -0.0 0.0 1.291986 -1.928551 -1.49809 14.80014 0.567469 3.86561 14.242583 -1.341737 -6.660662 19.631985 0.143926 -0.648245 49.8298 -0.437403 -6.28882 0.35303 -1.511152 -0.03194 20.222805 3.684314 2.316631 18.787289 4e-06 -1e-06 10.751639 -0.479868 1.397906 -0.0 -0.0 -0.0 3.27381 0.305947 -0.580111 21.486834 11.830384 2.266134 8.162936 2e-06 -1e-06 18.399099 -3.798988 -4.94058 3e-06 0.0 -1e-06 8.198758 7.364105 2.538409 -0.148065 -0.270497 6.254916 -12.243706 1.103031 -3.252795 1.640318 -2.033937 0.45293 -0.0 -0.0 2e-06 -12.088728 -2.377017 4.371316 0.011027 0.35137 7.600339 10.270867 4.274738 -5.873679 -1.464573 0.970089 -0.061186 0.0 -0.0 -1e-06 
0.0 0.0 0.0 0.0 -0.0 0.0 0.937096 98.963669 -1.207307 1.775533 0.109545 -4.370458 -1.205951 0.267952 0.982569 -0.886202 0.310696 -4.303352 -1.927057 -1.619759 8.536934 16.818943 -4.224846 4.846698 -0.732766 -1.059489 -3.850938 11.953379 -6.514074 -5.374139 7.7e-05 -2.2e-05 6e-06 -0.157652 0.20305 -0.050849 0.640569 -3.472719 -10.797915 -0.939798 3.871333 -10.838412 -21.604477 -1.142959 12.896238 -49.415993 -9.543169 1.364348 -0.023186 -20.403822 -0.15695 14.847675 3.92438 -19.608408 -5.88211 9.861289 0.70259 -10.936877 -0.360574 7.15621 -0.0 8.774828 -1e-06 -15.680324 18.208286 6.344723 -1.844035 2.498505 -2.507279 -10.163608 4.678949 4.621112 -20.97604 -1e-06 1e-06 -21.226301 2.4517 -3.594002 1e-06 -6e-06 -0.0 -1.362682 2.2408 -0.746324 -21.334929 0.584912 3.008324 -13.821222 -1e-06 1e-06 -23.887184 -0.249077 -0.839485 -59.498421 2.288551 -1.157639 -0.294025 1.679689 0.833256 -14.218217 0.093217 1.300581 -34.212067 -0.287562 0.967169 -20.033226 0.964538 1.212843 1e-06 0.0 -1e-06 -3.440392 0.788234 0.501656 -15.928196 -3.167309 2.999709 -6.33883 -1e-06 1e-06 -18.123459 3.648185 -4.905674 -3e-06 1e-06 -2e-06 16.991333 5.949232 11.789579 59.798622 5.430994 -0.051937 -0.012073 13.244437 -0.124463 -9.06292 -2.483466 -14.248385 2.243542 -5.255037 -3.180158 14.282894 -0.826596 6.952502 -2e-06 -12.690607 1e-06 16.37483 -17.764219 2.63966 1.665666 -1.955921 -2.878299 4.727799 -4.170588 4.993925 11.020528 3e-06 -1e-06 12.109053 -3.735717 -2.866785 -0.0 0.0 -0.0 1.291987 -1.92855 -1.49809 14.800131 0.567468 3.865608 14.242576 -1.341736 -6.660659 19.631969 0.143926 -0.648246 49.825249 -0.424356 -6.270012 0.35303 -1.51115 -0.03194 20.222792 3.684309 2.316629 18.787279 4e-06 -2e-06 10.751629 -0.479868 1.397906 1e-06 -0.0 0.0 3.273806 0.305948 -0.580111 21.486814 11.830378 2.266132 8.162928 1e-06 -1e-06 18.399082 -3.798986 -4.940577 2e-06 -0.0 -1e-06 8.279771 7.402029 2.596628 -0.146456 -0.270846 6.212868 -12.298831 1.214074 -3.241533 1.64343 -2.043083 0.45134 -0.0 0.0 2e-06 -11.979945 -2.166371 4.255928 0.008051 0.345777 7.615307 10.272439 4.471376 -5.879779 -1.466769 0.981777 -0.060832 -0.0 0.0 -1e-06 
0.0 0.0 0.0 0.0 -0.0 0.0 0.910288 98.968277 -1.296168 1.725924 -0.165885 -4.413762 -1.157334 0.270407 1.025087 -0.87991 0.357961 -4.278116 -1.957348 -1.584335 8.466751 16.743057 -4.137173 4.653552 -0.750265 -1.099394 -3.86003 11.93977 -6.600654 -5.205805 7.7e-05 -2.3e-05 6e-06 -0.164367 0.191198 -0.052511 0.635055 -3.48488 -10.803858 -0.947897 3.860034 -10.842101 -21.621553 -1.105187 12.772139 -49.362179 -9.232148 0.931386 0.025275 -20.675575 -0.177656 15.203269 3.916524 -19.755476 -5.882109 9.861292 0.702592 -10.936877 -0.360572 7.156206 -0.0 8.77483 1e-06 -15.641451 18.216526 6.374416 -1.844035 2.498505 -2.507279 -10.163604 4.678949 4.621109 -20.976034 -2e-06 -0.0 -21.226299 2.451698 -3.594003 1e-06 -6e-06 -0.0 -1.362683 2.240798 -0.746324 -21.334923 0.584912 3.008322 -13.82122 -1e-06 1e-06 -23.887182 -0.249078 -0.839486 -59.480881 2.276806 -1.146441 -0.294024 1.679688 0.833257 -14.218215 0.093217 1.300579 -34.212063 -0.287562 0.967165 -20.033222 0.964538 1.21284 1e-06 0.0 -1e-06 -3.44039 0.788234 0.501656 -15.928192 -3.167309 2.999706 -6.338829 0.0 0.0 -18.123457 3.648187 -4.905675 -3e-06 0.0 -2e-06 16.688637 6.142571 11.636785 59.701935 6.039707 -1.113303 -0.099671 13.892717 -0.162242 -10.139033 -2.659805 -14.661935 2.243542 -5.255038 -3.180157 14.282892 -0.826595 6.952504 -3e-06 -12.690611 2e-06 16.350035 -17.823574 2.666342 1.665667 -1.955921 -2.878299 4.727799 -4.170588 4.993925 11.020526 3e-06 -1e-06 12.109053 -3.735717 -2.866784 0.0 -0.0 -0.0 1.291984 -1.928549 -1.498089 14.800129 0.567469 3.865608 14.242573 -1.341736 -6.660659 19.631969 0.143928 -0.648244 49.819534 -0.428987 -6.240201 0.353029 -1.511152 -0.03194 20.222795 3.684311 2.31663 18.787273 5e-06 -1e-06 10.751631 -0.479868 1.397906 1e-06 -0.0 -0.0 3.273806 0.305948 -0.58011 21.486813 11.830381 2.266132 8.162927 3e-06 -0.0 18.39908 -3.798988 -4.940576 2e-06 -1e-06 -1e-06 8.361251 7.446015 2.674595 -0.141399 -0.262596 6.157054 -12.349584 1.321897 -3.228476 1.644237 -2.059836 0.436584 -0.0 -0.0 2e-06 -11.871277 -1.954519 4.125803 0.009169 0.34651 7.668261 10.251675 4.661476 -5.887743 -1.468156 0.993138 -0.065884 -0.0 0.0 -1e-06 
0.0 0.0 0.0 0.0 -0.0 0.0 0.880791 98.963387 -1.392723 1.687106 -0.440273 -4.446631 -1.107016 0.278611 1.06348 -0.871415 0.40925 -4.249092 -1.975717 -1.544078 8.38754 16.629042 -4.074197 4.472411 -0.760425 -1.120235 -3.864811 11.961811 -6.734642 -5.058863 7.8e-05 -2.2e-05 6e-06 -0.170843 0.191906 -0.055691 0.62992 -3.484575 -10.808131 -0.955853 3.86127 -10.842732 -21.635378 -1.079201 12.659332 -49.385036 -8.998453 0.388 0.059178 -20.842741 -0.177656 15.546709 3.959192 -19.974413 -5.882105 9.861286 0.702592 -10.936869 -0.360574 7.156205 0.0 8.774826 -0.0 -15.61346 18.236969 6.393333 -1.844032 2.498505 -2.507277 -10.163599 4.678946 4.621109 -20.976023 -4e-06 4e-06 -21.226286 2.451699 -3.593998 1e-06 -6e-06 -0.0 -1.36268 2.240799 -0.746323 -21.334911 0.58491 3.008324 -13.821213 -2e-06 3e-06 -23.887167 -0.249077 -0.839482 -59.479076 2.284961 -1.15784 -0.294024 1.679687 0.833257 -14.218205 0.093215 1.300581 -34.212044 -0.287563 0.967173 -20.033209 0.964538 1.212844 0.0 0.0 -1e-06 -3.440388 0.788234 0.501656 -15.928185 -3.16731 2.999708 -6.338826 -1e-06 2e-06 -18.123444 3.648185 -4.905668 -4e-06 1e-06 -2e-06 16.350113 6.32915 11.482968 59.759663 6.701956 -2.228517 -0.189106 14.687128 -0.197106 -11.210821 -2.725534 -15.074996 2.243542 -5.255038 -3.180157 14.282896 -0.826595 6.952503 -3e-06 -12.69061 1e-06 16.300402 -17.865847 2.706997 1.665665 -1.955921 -2.878299 4.727799 -4.17059 4.993925 11.020526 3e-06 -1e-06 12.109053 -3.735717 -2.866784 -0.0 0.0 0.0 1.291985 -1.92855 -1.498089 14.800131 0.567469 3.865607 14.242573 -1.341736 -6.660658 19.631969 0.143926 -0.648244 49.800278 -0.453556 -6.218418 0.353029 -1.511151 -0.031939 20.222797 3.684313 2.316631 18.787275 5e-06 -0.0 10.751631 -0.479869 1.397906 -0.0 -0.0 -0.0 3.273806 0.305947 -0.580111 21.486818 11.830383 2.266133 8.162928 3e-06 -0.0 18.399084 -3.798987 -4.940577 2e-06 0.0 -1e-06 8.421098 7.476423 2.680408 -0.139269 -0.255701 6.213433 -12.37001 1.449963 -3.27894 1.643293 -2.077177 0.40003 -0.0 -0.0 2e-06 -11.763709 -1.784441 3.915576 0.014846 0.356673 7.85532 10.190169 4.877883 -5.935793 -1.469077 1.000391 -0.092717 0.0 -0.0 -1e-06 
0.0 0.0 0.0 0.0 -0.0 0.0 0.849509 98.949028 -1.500725 1.653138 -0.682499 -4.483304 -1.053887 0.282804 1.115877 -0.856296 0.451743 -4.219818 -1.989908 -1.502897 8.306633 16.529177 -4.064681 4.329136 -0.746253 -1.130955 -3.868898 11.99529 -6.873703 -4.940932 7.8e-05 -2.2e-05 6e-06 -0.175831 0.200197 -0.061551 0.625576 -3.475374 -10.807905 -0.961562 3.868828 -10.840938 -21.660582 -1.059658 12.604321 -49.479057 -8.843174 -0.253849 0.098602 -20.980398 -0.167343 15.91198 4.021707 -20.355318 -5.88211 9.861292 0.702591 -10.936877 -0.360575 7.156209 1e-06 8.774831 -0.0 -15.59781 18.260664 6.406825 -1.844035 2.498506 -2.50728 -10.163605 4.678949 4.621111 -20.976038 -3e-06 0.0 -21.226299 2.451697 -3.594003 1e-06 -6e-06 -0.0 -1.362682 2.2408 -0.746323 -21.334927 0.58491 3.008324 -13.821221 -2e-06 1e-06 -23.887188 -0.249081 -0.839485 -59.489693 2.288729 -1.167464 -0.294025 1.679689 0.833257 -14.218217 0.093216 1.30058 -34.212074 -0.287564 0.967168 -20.033226 0.964535 1.212842 0.0 0.0 -0.0 -3.440391 0.788233 0.501656 -15.928196 -3.167311 2.999708 -6.33883 -0.0 1e-06 -18.123459 3.648185 -4.905675 -3e-06 1e-06 -2e-06 16.000751 6.496937 11.372014 59.953381 7.410361 -3.378721 -0.273268 15.639815 -0.228987 -12.292613 -2.686697 -15.482588 2.243544 -5.255039 -3.180158 14.282898 -0.826596 6.952504 -2e-06 -12.690609 1e-06 16.244862 -17.897209 2.746743 1.665667 -1.955922 -2.878299 4.727801 -4.17059 4.993925 11.020531 2e-06 -1e-06 12.109058 -3.735718 -2.866786 -0.0 -0.0 -1e-06 1.291987 -1.92855 -1.498089 14.800139 0.567467 3.865609 14.24258 -1.341737 -6.660661 19.631981 0.143925 -0.648246 49.785873 -0.48724 -6.213518 0.353028 -1.51115 -0.03194 20.222801 3.684309 2.31663 18.787283 4e-06 -1e-06 10.751633 -0.479869 1.397906 0.0 1e-06 0.0 3.273809 0.305946 -0.580111 21.486826 11.830378 2.266133 8.162933 1e-06 -1e-06 18.399094 -3.798987 -4.94058 2e-06 0.0 -1e-06 8.462502 7.479868 2.609583 -0.137067 -0.251155 6.398999 -12.373409 1.558411 -3.393618 1.643363 -2.090003 0.370368 -0.0 -0.0 2e-06 -11.657561 -1.649915 3.652973 0.025252 0.373997 8.168004 10.103887 5.097733 -6.02727 -1.469687 1.008122 -0.102351 0.0 -0.0 -1e-06 
0.0 0.0 0.0 0.0 -0.0 0.0 0.817729 98.939552 -1.617441 1.621614 -0.869683 -4.528815 -0.999383 0.27907 1.181549 -0.839201 0.481886 -4.199406 -2.004632 -1.473286 8.243451 16.488195 -4.100046 4.244113 -0.727093 -1.135487 -3.864686 12.046063 -7.013451 -4.883426 7.8e-05 -2.2e-05 7e-06 -0.178523 0.212543 -0.06929 0.622808 -3.462362 -10.809404 -0.964164 3.880401 -10.845036 -21.687691 -1.028243 12.621719 -49.623608 -8.775673 -0.916551 0.146311 -21.173986 -0.158889 16.269312 4.068557 -20.768953 -5.882108 9.861285 0.70259 -10.936872 -0.360574 7.156204 -0.0 8.774826 -1e-06 -15.573485 18.271072 6.416491 -1.844033 2.498504 -2.507277 -10.163603 4.678946 4.621108 -20.976027 -3e-06 1e-06 -21.226292 2.451697 -3.594001 1e-06 -5e-06 -0.0 -1.362682 2.240798 -0.746324 -21.334913 0.58491 3.008321 -13.821214 -2e-06 1e-06 -23.887167 -0.249079 -0.839484 -59.500225 2.285715 -1.153617 -0.294025 1.679687 0.833256 -14.21821 0.093216 1.300579 -34.212048 -0.287565 0.967168 -20.033211 0.964536 1.212842 2e-06 0.0 0.0 -3.440387 0.788234 0.501655 -15.928185 -3.167308 2.999705 -6.338826 -1e-06 1e-06 -18.123444 3.648184 -4.905672 -4e-06 1e-06 -2e-06 15.664041 6.646036 11.309845 60.232285 8.111844 -4.581562 -0.313736 16.74402 -0.252072 -13.372798 -2.52232 -15.895517 2.243542 -5.255036 -3.180158 14.282894 -0.826596 6.952501 -2e-06 -12.690607 1e-06 16.177271 -17.928068 2.769445 1.665667 -1.955921 -2.878299 4.727799 -4.170589 4.993925 11.020531 2e-06 -2e-06 12.109058 -3.735717 -2.866785 -0.0 0.0 0.0 1.291985 -1.92855 -1.49809 14.800131 0.567468 3.865605 14.242577 -1.341735 -6.660661 19.631973 0.143926 -0.648247 49.7472 -0.518972 -6.244835 0.353029 -1.51115 -0.03194 20.222797 3.68431 2.316628 18.787279 3e-06 -3e-06 10.751629 -0.47987 1.397905 -0.0 -0.0 -0.0 3.273807 0.305946 -0.580112 21.486816 11.830378 2.266129 8.162928 0.0 -2e-06 18.399084 -3.798984 -4.940578 3e-06 0.0 -1e-06 8.497744 7.433145 2.54686 -0.133167 -0.246714 6.547905 -12.354506 1.653609 -3.473998 1.643052 -2.099839 0.359197 -0.0 -0.0 2e-06 -11.57254 -1.578574 3.434615 0.03473 0.396745 8.436626 10.033829 5.320358 -6.106872 -1.4695 1.016258 -0.094555 0.0 -0.0 -1e-06 
0.0 0.0 0.0 0.0 -0.0 0.0 0.790173 98.937843 -1.738825 1.591622 -1.002194 -4.577909 -0.946355 0.272868 1.250847 -0.826121 0.503153 -4.184509 -2.016601 -1.451858 8.195489 16.520069 -4.175114 4.224684 -0.710713 -1.146847 -3.85749 12.129786 -7.145882 -4.88046 7.7e-05 -2.3e-05 6e-06 -0.178383 0.219561 -0.076289 0.622419 -3.454661 -10.812409 -0.9634 3.886665 -10.852998 -21.719343 -0.972891 12.663366 -49.811401 -8.757428 -1.569679 0.219154 -21.491415 -0.165703 16.521469 4.074262 -21.126373 -5.88211 9.861287 0.702591 -10.936873 -0.360574 7.156205 1e-06 8.774827 -0.0 -15.564473 18.261482 6.410676 -1.844035 2.498504 -2.507277 -10.163603 4.678946 4.621109 -20.97603 -3e-06 0.0 -21.226294 2.451698 -3.594001 2e-06 -5e-06 -0.0 -1.362682 2.240799 -0.746324 -21.334921 0.58491 3.008321 -13.821218 -2e-06 0.0 -23.887178 -0.24908 -0.839485 -59.53371 2.263271 -1.128506 -0.294024 1.679687 0.833256 -14.218212 0.093216 1.30058 -34.212063 -0.287565 0.967168 -20.033215 0.964536 1.212842 2e-06 1e-06 1e-06 -3.440388 0.788232 0.501655 -15.928189 -3.167307 2.999705 -6.338828 -1e-06 0.0 -18.123453 3.648183 -4.905672 -3e-06 -0.0 -2e-06 15.35125 6.794683 11.299597 60.567051 8.776327 -5.748792 -0.339334 17.954855 -0.277593 -14.398 -2.27931 -16.207262 2.243542 -5.255038 -3.180159 14.282896 -0.826597 6.952503 -2e-06 -12.690608 1e-06 16.107792 -17.936323 2.77031 1.665668 -1.955924 -2.8783 4.727801 -4.170588 4.993925 11.020531 2e-06 -2e-06 12.109057 -3.735717 -2.866785 0.0 1e-06 -0.0 1.291987 -1.928551 -1.49809 14.800132 0.567468 3.865607 14.242578 -1.341737 -6.66066 19.631975 0.143925 -0.648247 49.690357 -0.531176 -6.287987 0.353029 -1.511149 -0.03194 20.222801 3.68431 2.31663 18.787283 4e-06 -2e-06 10.751634 -0.479868 1.397905 1e-06 1e-06 -0.0 3.273808 0.305947 -0.580111 21.48682 11.830376 2.266131 8.16293 2e-06 -2e-06 18.399092 -3.798986 -4.94058 2e-06 -1e-06 -1e-06 8.532341 7.35684 2.506593 -0.133184 -0.245588 6.628345 -12.334363 1.743224 -3.50555 1.643918 -2.10637 0.364635 -0.0 0.0 2e-06 -11.501147 -1.518491 3.282373 0.040619 0.414142 8.607764 9.979439 5.518442 -6.156481 -1.468246 1.017158 -0.070228 0.0 -0.0 -1e-06 
0.0 0.0 0.0 0.0 -0.0 0.0 0.767635 98.929993 -1.864332 1.579177 -1.067121 -4.634641 -0.906728 0.271078 1.31823 -0.817316 0.52323 -4.165981 -2.02624 -1.42169 8.166024 16.61211 -4.288188 4.268952 -0.70243 -1.19544 -3.853839 12.238857 -7.254476 -4.903909 7.7e-05 -2.2e-05 6e-06 -0.178716 0.225556 -0.078476 0.620494 -3.447198 -10.811685 -0.962044 3.890944 -10.857999 -21.777927 -0.911864 12.711328 -50.012897 -8.758719 -2.107147 0.31149 -21.974354 -0.190453 16.66132 4.037451 -21.542101 -5.882106 9.861293 0.702593 -10.936873 -0.360575 7.156209 1e-06 8.774832 0.0 -15.570668 18.240196 6.390684 -1.844033 2.498506 -2.507279 -10.163601 4.678948 4.621112 -20.97603 -5e-06 2e-06 -21.226292 2.451697 -3.594002 2e-06 -5e-06 -0.0 -1.362681 2.240799 -0.746323 -21.334917 0.584908 3.008324 -13.821216 -2e-06 2e-06 -23.887173 -0.24908 -0.839483 -59.565876 2.224255 -1.106812 -0.294025 1.679689 0.833257 -14.218213 0.093214 1.300581 -34.212055 -0.287564 0.967171 -20.033218 0.964538 1.212844 1e-06 0.0 0.0 -3.440389 0.788233 0.501656 -15.928189 -3.167312 2.999708 -6.338827 -1e-06 1e-06 -18.123447 3.648185 -4.905672 -3e-06 0.0 -2e-06 15.078324 6.917572 11.312829 60.917625 9.388365 -6.767128 -0.362306 19.173903 -0.310694 -15.283878 -2.01561 -16.415815 2.243542 -5.255039 -3.180159 14.282897 -0.826595 6.952505 -3e-06 -12.690612 1e-06 16.042698 -17.915026 2.763624 1.665668 -1.955922 -2.878301 4.7278 -4.170591 4.993925 11.020529 3e-06 -2e-06 12.109056 -3.735717 -2.866786 -0.0 0.0 0.0 1.291985 -1.928549 -1.498091 14.800132 0.567468 3.865608 14.242579 -1.341736 -6.660661 19.631973 0.143928 -0.648245 49.623589 -0.535641 -6.320426 0.353029 -1.511151 -0.03194 20.222801 3.684312 2.31663 18.787283 6e-06 -2e-06 10.751634 -0.479868 1.397905 1e-06 -1e-06 -0.0 3.273808 0.305947 -0.580111 21.486822 11.830383 2.266132 8.16293 1e-06 -1e-06 18.39909 -3.798987 -4.940579 2e-06 -0.0 -1e-06 8.540892 7.25799 2.422946 -0.137969 -0.240687 6.775488 -12.320468 1.800946 -3.568379 1.646255 -2.113504 0.39866 -0.0 0.0 2e-06 -11.44966 -1.474279 3.123643 0.042777 0.416591 8.845008 9.926168 5.689795 -6.265111 -1.467289 1.012923 -0.025664 0.0 -0.0 -1e-06 
0.0 0.0 0.0 0.0 -0.0 0.0 0.752405 98.914322 -1.984796 1.580588 -1.063201 -4.696015 -0.873945 0.281626 1.374861 -0.813338 0.545316 -4.145713 -2.04147 -1.398783 8.162393 16.751095 -4.404598 4.358068 -0.699937 -1.274765 -3.853296 12.378363 -7.353751 -4.924546 7.7e-05 -2.4e-05 6e-06 -0.178845 0.22557 -0.075749 0.616211 -3.444681 -10.807024 -0.958147 3.888571 -10.858105 -21.872736 -0.837673 12.747752 -50.191036 -8.763172 -2.510718 0.40407 -22.571285 -0.223769 16.704678 3.961539 -21.977201 -5.882111 9.861293 0.702592 -10.936879 -0.360574 7.15621 -0.0 8.774831 -0.0 -15.56413 18.232143 6.371174 -1.844033 2.498506 -2.507278 -10.163608 4.678949 4.621113 -20.97604 -2e-06 2e-06 -21.226301 2.4517 -3.594002 2e-06 -6e-06 -1e-06 -1.362682 2.2408 -0.746323 -21.334929 0.584912 3.008325 -13.821224 -1e-06 2e-06 -23.887188 -0.249078 -0.839485 -59.581619 2.192438 -1.104418 -0.294024 1.679688 0.833257 -14.218217 0.093216 1.300581 -34.212074 -0.287562 0.96717 -20.033228 0.964539 1.212843 1e-06 1e-06 0.0 -3.440391 0.788235 0.501657 -15.928196 -3.167308 2.999708 -6.33883 0.0 1e-06 -18.123459 3.648186 -4.905674 -3e-06 1e-06 -2e-06 14.861629 7.013595 11.338693 61.229492 9.951709 -7.586641 -0.368749 20.26263 -0.346093 -16.020901 -1.771754 -16.456491 2.243543 -5.25504 -3.180159 14.282898 -0.826596 6.952504 -2e-06 -12.690609 1e-06 15.991256 -17.883041 2.7535 1.665667 -1.955922 -2.8783 4.727801 -4.170589 4.993925 11.020531 2e-06 -2e-06 12.109059 -3.735718 -2.866786 0.0 -0.0 0.0 1.291986 -1.928551 -1.49809 14.800136 0.567467 3.865607 14.242582 -1.341737 -6.660662 19.631981 0.143926 -0.648248 49.569393 -0.527936 -6.333503 0.35303 -1.51115 -0.031939 20.222801 3.68431 2.316629 18.787283 5e-06 -3e-06 10.751634 -0.479869 1.397905 -0.0 0.0 0.0 3.273808 0.305948 -0.58011 21.486824 11.830378 2.266132 8.16293 -1e-06 -1e-06 18.399092 -3.798987 -4.94058 2e-06 -1e-06 -2e-06 8.522979 7.148053 2.284998 -0.141803 -0.235432 7.014377 -12.27577 1.817952 -3.677538 1.647793 -2.122388 0.426863 0.0 0.0 2e-06 -11.418948 -1.456751 2.96244 0.041511 0.414122 9.146855 9.880859 5.80025 -6.401642 -1.467485 1.009348 0.013355 0.0 -0.0 -1e-06 
0.0 0.0 0.0 0.0 -0.0 0.0 0.73897 98.899529 -2.086959 1.598548 -1.000688 -4.753218 -0.848399 0.301325 1.419694 -0.815505 0.576114 -4.127619 -2.064358 -1.398866 8.176088 16.901743 -4.518714 4.485487 -0.700655 -1.355331 -3.847236 12.549964 -7.462608 -4.95137 7.8e-05 -2.4e-05 6e-06 -0.178442 0.219872 -0.068552 0.612555 -3.447037 -10.801056 -0.953768 3.879833 -10.855166 -21.985992 -0.763415 12.766708 -50.338905 -8.778067 -2.788035 0.468288 -23.156893 -0.252301 16.72418 3.865672 -22.304277 -5.882107 9.861285 0.702591 -10.936873 -0.360574 7.156205 0.0 8.774826 -1e-06 -15.531231 18.234592 6.367726 -1.844031 2.498504 -2.507277 -10.163601 4.678946 4.621109 -20.976027 -2e-06 2e-06 -21.226292 2.451699 -3.594001 2e-06 -5e-06 -0.0 -1.362682 2.240798 -0.746324 -21.334917 0.58491 3.008321 -13.821215 -1e-06 1e-06 -23.887171 -0.249079 -0.839483 -59.571857 2.187142 -1.106475 -0.294024 1.679687 0.833255 -14.218211 0.093215 1.30058 -34.212055 -0.287563 0.96717 -20.033218 0.964537 1.212842 2e-06 -0.0 1e-06 -3.44039 0.788233 0.501655 -15.928189 -3.167309 2.999706 -6.338828 0.0 1e-06 -18.123453 3.648184 -4.905672 -3e-06 0.0 -2e-06 14.708104 7.072911 11.363835 61.487961 10.449039 -8.196883 -0.363324 21.133577 -0.375353 -16.599506 -1.573192 -16.370508 2.243542 -5.255037 -3.180157 14.28289 -0.826593 6.952499 -2e-06 -12.690603 -0.0 15.950032 -17.855761 2.747635 1.665666 -1.955922 -2.878299 4.727798 -4.170587 4.993922 11.020524 2e-06 -2e-06 12.109052 -3.735717 -2.866784 0.0 -1e-06 0.0 1.291986 -1.928549 -1.49809 14.800129 0.567467 3.865605 14.242571 -1.341736 -6.660657 19.631968 0.143927 -0.648246 49.527599 -0.524701 -6.32246 0.35303 -1.511151 -0.031939 20.22279 3.684309 2.316628 18.78727 5e-06 -2e-06 10.751628 -0.479868 1.397905 -0.0 2e-06 0.0 3.273806 0.305947 -0.580111 21.486813 11.830372 2.26613 8.162928 1e-06 -1e-06 18.39908 -3.798984 -4.940576 2e-06 -1e-06 -1e-06 8.48412 7.013965 2.16131 -0.144342 -0.233756 7.209299 -12.223259 1.839071 -3.753425 1.648541 -2.131588 0.433883 0.0 0.0 2e-06 -11.410363 -1.448106 2.838538 0.036922 0.413489 9.423409 9.844454 5.848314 -6.504515 -1.468586 1.006259 0.028558 0.0 -0.0 -1e-06 
0.0 0.0 0.0 0.0 -0.0 0.0 0.721981 98.890053 -2.180876 1.62489 -0.911365 -4.808818 -0.830001 0.315457 1.452352 -0.820838 0.606303 -4.110823 -2.087567 -1.408206 8.197586 17.053164 -4.65068 4.661047 -0.695482 -1.422286 -3.835475 12.739805 -7.56616 -4.945993 7.6e-05 -2.4e-05 6e-06 -0.177404 0.21221 -0.058498 0.610525 -3.449877 -10.790884 -0.949719 3.867676 -10.847763 -22.08952 -0.680699 12.791528 -50.472187 -8.815289 -2.955354 0.493991 -23.644333 -0.270397 16.751511 3.783523 -22.472013 -5.882112 9.861293 0.702591 -10.93688 -0.360573 7.156209 -0.0 8.774831 -1e-06 -15.484582 18.242743 6.381836 -1.844034 2.498506 -2.507279 -10.16361 4.678949 4.62111 -20.97604 -1e-06 -0.0 -21.226307 2.4517 -3.594005 2e-06 -6e-06 -1e-06 -1.362682 2.240798 -0.746324 -21.33493 0.584912 3.008322 -13.821225 -2e-06 1e-06 -23.88719 -0.249079 -0.839486 -59.543652 2.205346 -1.109553 -0.294025 1.679689 0.833256 -14.218221 0.093216 1.300581 -34.212078 -0.287563 0.967167 -20.033232 0.964538 1.212842 3e-06 -1e-06 1e-06 -3.44039 0.788234 0.501656 -15.928201 -3.16731 2.999708 -6.338832 0.0 0.0 -18.123463 3.648186 -4.905675 -3e-06 1e-06 -2e-06 14.61716 7.110945 11.377312 61.711147 10.879585 -8.603572 -0.33813 21.758989 -0.391617 -17.072929 -1.413709 -16.123844 2.243543 -5.255038 -3.180158 14.282894 -0.826594 6.952503 -2e-06 -12.690608 -0.0 15.899199 -17.833405 2.757803 1.665667 -1.955923 -2.878299 4.7278 -4.170588 4.993924 11.020529 4e-06 -1e-06 12.109055 -3.735717 -2.866785 0.0 -0.0 0.0 1.291988 -1.92855 -1.498089 14.800132 0.567469 3.865606 14.242577 -1.341738 -6.660659 19.631973 0.143928 -0.648246 49.493969 -0.537551 -6.289923 0.353029 -1.511152 -0.031941 20.222797 3.684308 2.316629 18.787279 5e-06 -2e-06 10.751631 -0.479867 1.397905 0.0 1e-06 1e-06 3.273807 0.305948 -0.580111 21.486816 11.830379 2.266133 8.162928 -0.0 -1e-06 18.399086 -3.798984 -4.940578 2e-06 -1e-06 -1e-06 8.442037 6.875501 2.084928 -0.145503 -0.229942 7.304951 -12.174959 1.871132 -3.778067 1.649339 -2.144338 0.419033 0.0 0.0 2e-06 -11.414593 -1.452554 2.755526 0.033077 0.415756 9.641004 9.806451 5.877285 -6.546866 -1.470172 1.002373 0.040206 0.0 -0.0 -1e-06 
0.0 0.0 0.0 0.0 -0.0 0.0 0.701902 98.885551 -2.270996 1.647225 -0.808425 -4.845316 -0.818624 0.322207 1.461687 -0.824077 0.624263 -4.101132 -2.098138 -1.405369 8.219069 17.198326 -4.80136 4.851816 -0.689016 -1.462095 -3.821072 12.925929 -7.675153 -4.879292 7.6e-05 -2.4e-05 6e-06 -0.178023 0.213864 -0.050422 0.60671 -3.443636 -10.778798 -0.947157 3.864935 -10.840098 -22.166483 -0.609443 12.815112 -50.593803 -8.84841 -2.992362 0.469702 -23.95586 -0.262785 16.768463 3.750257 -22.510181 -5.882109 9.861292 0.702593 -10.936877 -0.360575 7.156208 1e-06 8.774832 0.0 -15.422972 18.257793 6.41007 -1.844033 2.498505 -2.507278 -10.163607 4.67895 4.621111 -20.976038 -4e-06 -1e-06 -21.226301 2.451697 -3.594005 2e-06 -5e-06 -1e-06 -1.36268 2.2408 -0.746323 -21.334927 0.584909 3.008321 -13.821221 -3e-06 1e-06 -23.887184 -0.249082 -0.839485 -59.506554 2.231457 -1.105952 -0.294024 1.679688 0.833257 -14.218217 0.093215 1.300581 -34.212067 -0.287564 0.967168 -20.033226 0.964536 1.212843 2e-06 -1e-06 1e-06 -3.44039 0.788235 0.501655 -15.928196 -3.167313 2.999706 -6.33883 -0.0 1e-06 -18.123459 3.648185 -4.905674 -3e-06 1e-06 -2e-06 14.593855 7.128798 11.36948 61.877361 11.227525 -8.811927 -0.278314 22.101419 -0.389343 -17.390911 -1.280527 -15.857343 2.24354 -5.255038 -3.180157 14.282895 -0.826593 6.952503 -3e-06 -12.69061 2e-06 15.840735 -17.826212 2.776323 1.665667 -1.955921 -2.878299 4.727798 -4.170588 4.993925 11.020529 4e-06 -1e-06 12.109055 -3.735717 -2.866785 -0.0 -0.0 0.0 1.291986 -1.92855 -1.498089 14.800132 0.567468 3.865608 14.242574 -1.341735 -6.660657 19.631969 0.143929 -0.648244 49.468365 -0.561365 -6.259328 0.353029 -1.511151 -0.03194 20.222797 3.684313 2.316628 18.787273 7e-06 -1e-06 10.751629 -0.479868 1.397906 -0.0 1e-06 0.0 3.273807 0.305948 -0.580111 21.486818 11.830379 2.266131 8.16293 1e-06 -1e-06 18.399084 -3.798985 -4.940577 2e-06 -1e-06 -1e-06 8.410658 6.775023 2.016531 -0.144928 -0.224837 7.345027 -12.152501 1.87169 -3.764817 1.64912 -2.159678 0.39885 0.0 -0.0 2e-06 -11.413058 -1.452734 2.685233 0.031098 0.421436 9.805446 9.755765 5.866556 -6.552866 -1.4716 1.002967 0.04636 0.0 -0.0 -1e-06 
0.0 0.0 0.0 0.0 -0.0 0.0 0.685089 98.887718 -2.356629 1.66757 -0.715555 -4.861763 -0.818266 0.324714 1.454044 -0.819192 0.626443 -4.099223 -2.092433 -1.391397 8.235177 17.324953 -4.956064 5.029603 -0.671109 -1.480941 -3.807517 13.102392 -7.766674 -4.767797 7.6e-05 -2.3e-05 6e-06 -0.179218 0.222742 -0.04629 0.603925 -3.431372 -10.768702 -0.946524 3.870482 -10.83346 -22.214157 -0.554201 12.846478 -50.699097 -8.868597 -2.892438 0.437976 -24.095892 -0.243835 16.756718 3.782149 -22.432341 -5.882112 9.861293 0.702591 -10.936878 -0.360574 7.15621 0.0 8.774831 0.0 -15.382744 18.27305 6.433313 -1.844035 2.498507 -2.507279 -10.16361 4.67895 4.621111 -20.976042 -2e-06 -1e-06 -21.226309 2.451698 -3.594005 2e-06 -5e-06 -0.0 -1.362683 2.240802 -0.746323 -21.33493 0.584911 3.008322 -13.821226 -3e-06 -0.0 -23.887194 -0.249079 -0.839488 -59.496346 2.253979 -1.098774 -0.294025 1.679689 0.833257 -14.218219 0.093215 1.300579 -34.212074 -0.287566 0.967167 -20.033232 0.964536 1.212841 3e-06 -0.0 1e-06 -3.440392 0.788235 0.501656 -15.928201 -3.167312 2.999708 -6.338831 0.0 0.0 -18.123463 3.648185 -4.905676 -4e-06 1e-06 -2e-06 14.623096 7.122354 11.374898 61.989098 11.512385 -8.864978 -0.192042 22.211945 -0.368435 -17.517864 -1.154143 -15.583717 2.243545 -5.255041 -3.18016 14.282904 -0.826596 6.952505 -1e-06 -12.690617 0.0 15.788737 -17.835203 2.792199 1.665671 -1.955923 -2.878302 4.727803 -4.170592 4.993926 11.020538 3e-06 -3e-06 12.109064 -3.735718 -2.866788 -0.0 -1e-06 0.0 1.291988 -1.92855 -1.49809 14.800142 0.567467 3.865608 14.242587 -1.341737 -6.660666 19.631987 0.143926 -0.64825 49.445904 -0.596459 -6.250616 0.353028 -1.511151 -0.03194 20.222811 3.68431 2.316628 18.787292 5e-06 -5e-06 10.751637 -0.479869 1.397904 -1e-06 1e-06 0.0 3.273809 0.305946 -0.580112 21.486834 11.830384 2.26613 8.162935 1e-06 -2e-06 18.399101 -3.798987 -4.940585 2e-06 -1e-06 -1e-06 8.384472 6.70516 1.967563 -0.144434 -0.223033 7.313715 -12.137644 1.856053 -3.715129 1.648714 -2.163393 0.378885 -0.0 -0.0 2e-06 -11.418139 -1.46848 2.627649 0.03355 0.427408 9.899726 9.707819 5.837409 -6.528921 -1.47204 1.006819 0.051735 -0.0 -0.0 -1e-06 
0.0 0.0 0.0 0.0 -0.0 0.0 0.672357 98.897087 -2.445064 1.684868 -0.631093 -4.880226 -0.825109 0.323655 1.449802 -0.807786 0.610656 -4.098956 -2.070173 -1.378814 8.247321 17.427563 -5.100486 5.18426 -0.638279 -1.492223 -3.801252 13.267179 -7.802167 -4.651772 7.6e-05 -2.3e-05 6e-06 -0.176279 0.231568 -0.048286 0.607623 -3.421321 -10.768165 -0.944245 3.87809 -10.835528 -22.2388 -0.506156 12.900229 -50.776783 -8.90744 -2.682463 0.425242 -24.081556 -0.225292 16.731636 3.884712 -22.28158 -5.88211 9.861293 0.702591 -10.936877 -0.360575 7.156206 2e-06 8.774833 0.0 -15.376307 18.277422 6.437825 -1.844033 2.498505 -2.507278 -10.163604 4.678949 4.621109 -20.976034 -4e-06 0.0 -21.226297 2.451697 -3.594002 2e-06 -6e-06 -0.0 -1.362682 2.240799 -0.746323 -21.334925 0.584909 3.008321 -13.821221 -3e-06 1e-06 -23.887184 -0.249082 -0.839484 -59.504158 2.258648 -1.102715 -0.294023 1.67969 0.833256 -14.218217 0.093214 1.300579 -34.21207 -0.287568 0.967168 -20.033226 0.964535 1.212842 2e-06 -1e-06 1e-06 -3.44039 0.788235 0.501656 -15.928194 -3.167313 2.999705 -6.33883 0.0 0.0 -18.123459 3.648185 -4.905676 -3e-06 1e-06 -2e-06 14.696632 7.098892 11.426773 62.060158 11.736318 -8.759505 -0.11147 22.189466 -0.339551 -17.497824 -1.062905 -15.387103 2.243543 -5.255036 -3.180158 14.282889 -0.826595 6.9525 -3e-06 -12.690609 2e-06 15.752787 -17.853043 2.801516 1.665668 -1.955922 -2.878299 4.727798 -4.170589 4.993924 11.020528 3e-06 -2e-06 12.109053 -3.735715 -2.866785 -0.0 -1e-06 0.0 1.291984 -1.928549 -1.498089 14.800125 0.567468 3.865606 14.242571 -1.341737 -6.660658 19.631969 0.143928 -0.648246 49.437458 -0.621647 -6.253544 0.353028 -1.511151 -0.03194 20.222794 3.684312 2.316628 18.787273 6e-06 -2e-06 10.751629 -0.479867 1.397905 0.0 1e-06 1e-06 3.273806 0.305948 -0.580111 21.486813 11.830381 2.266129 8.162926 0.0 -1e-06 18.39908 -3.798985 -4.940577 2e-06 -1e-06 -1e-06 8.366894 6.662876 1.964179 -0.144432 -0.228954 7.197631 -12.119856 1.829215 -3.613597 1.648155 -2.153252 0.348201 -0.0 -0.0 2e-06 -11.426738 -1.495078 2.610194 0.034503 0.430796 9.907125 9.673881 5.807465 -6.439517 -1.471932 1.011759 0.05503 -0.0 0.0 -1e-06 
0.0 0.0 0.0 0.0 -0.0 0.0 0.666566 98.902916 -2.533412 1.698122 -0.56833 -4.897253 -0.833383 0.322682 1.447039 -0.795526 0.58783 -4.099993 -2.030259 -1.367864 8.260708 17.503767 -5.219265 5.292439 -0.621441 -1.501219 -3.801414 13.437847 -7.819947 -4.531952 7.6e-05 -2.3e-05 6e-06 -0.173649 0.243967 -0.05291 0.612539 -3.409553 -10.777348 -0.943796 3.891184 -10.845502 -22.28314 -0.479908 12.959873 -50.792473 -8.934366 -2.414844 0.427305 -23.99563 -0.213604 16.728498 4.022878 -22.083221 -5.882107 9.861288 0.702592 -10.936873 -0.360574 7.156208 0.0 8.77483 0.0 -15.380938 18.270771 6.423214 -1.844035 2.498505 -2.507278 -10.163602 4.678947 4.621111 -20.97603 -2e-06 0.0 -21.226292 2.451698 -3.594002 2e-06 -6e-06 -0.0 -1.362682 2.240798 -0.746324 -21.334917 0.584911 3.008323 -13.821217 -1e-06 2e-06 -23.887173 -0.249078 -0.839484 -59.497238 2.269798 -1.130156 -0.294025 1.679687 0.833256 -14.218212 0.093215 1.300579 -34.212048 -0.287563 0.967168 -20.033218 0.964537 1.212842 2e-06 -1e-06 1e-06 -3.44039 0.788234 0.501656 -15.928189 -3.167308 2.999708 -6.338828 0.0 1e-06 -18.123453 3.648185 -4.905672 -3e-06 0.0 -2e-06 14.810193 7.080877 11.518594 62.110565 11.873806 -8.589742 -0.053437 22.079258 -0.32006 -17.396029 -0.956481 -15.387541 2.243542 -5.255036 -3.180157 14.282896 -0.826596 6.952502 -3e-06 -12.690608 1e-06 15.739821 -17.863255 2.800519 1.665667 -1.955922 -2.878298 4.727799 -4.170588 4.993924 11.020528 3e-06 -1e-06 12.109054 -3.735716 -2.866783 0.0 -0.0 -1e-06 1.291986 -1.928551 -1.498089 14.800132 0.567467 3.865606 14.242576 -1.341737 -6.660657 19.631969 0.143925 -0.648246 49.445183 -0.625416 -6.260064 0.353031 -1.51115 -0.031939 20.222799 3.68431 2.316629 18.787279 6e-06 -1e-06 10.751631 -0.479869 1.397906 0.0 1e-06 0.0 3.273805 0.305949 -0.580111 21.486818 11.830377 2.266132 8.162929 -1e-06 -1e-06 18.399088 -3.798984 -4.940577 2e-06 -1e-06 -1e-06 8.35077 6.643957 1.938425 -0.14765 -0.23135 7.136574 -12.098829 1.796879 -3.537715 1.647602 -2.140689 0.322806 -0.0 -0.0 2e-06 -11.436325 -1.526763 2.572104 0.033638 0.432089 9.940223 9.649815 5.784966 -6.365591 -1.471957 1.006114 0.052027 -0.0 0.0 -1e-06 
0.0 0.0 0.0 0.0 -0.0 0.0 0.661742 98.907181 -2.622687 1.716922 -0.544759 -4.902469 -0.846336 0.319683 1.439041 -0.785054 0.570913 -4.099179 -1.979678 -1.360128 8.272274 17.555601 -5.312035 5.342416 -0.616026 -1.49114 -3.804565 13.584503 -7.848682 -4.393113 7.7e-05 -2.3e-05 6e-06 -0.177294 0.254712 -0.056999 0.611907 -3.399516 -10.788211 -0.950343 3.902587 -10.858911 -22.349478 -0.480527 12.981744 -50.747238 -8.896809 -2.137039 0.436645 -23.942728 -0.214391 16.764507 4.149985 -21.834467 -5.882103 9.861281 0.702591 -10.936866 -0.360574 7.156202 0.0 8.774821 -1e-06 -15.411691 18.255653 6.39115 -1.844031 2.498501 -2.507277 -10.163594 4.678942 4.621108 -20.976013 -2e-06 4e-06 -21.226273 2.451696 -3.593997 2e-06 -6e-06 -0.0 -1.362681 2.240797 -0.746322 -21.334904 0.584909 3.008323 -13.821207 -2e-06 3e-06 -23.887161 -0.249078 -0.839481 -59.489857 2.26573 -1.156842 -0.294025 1.679687 0.833255 -14.218204 0.093215 1.300581 -34.212036 -0.287562 0.967171 -20.033205 0.964537 1.212843 2e-06 -0.0 1e-06 -3.440386 0.788234 0.501655 -15.928177 -3.167308 2.999706 -6.338822 -0.0 2e-06 -18.12344 3.648183 -4.905668 -3e-06 0.0 -2e-06 14.963843 7.055784 11.612872 62.138733 11.92632 -8.363278 -0.032728 21.859362 -0.319864 -17.183996 -0.827976 -15.487798 2.243541 -5.255037 -3.180156 14.282889 -0.826594 6.952502 -2e-06 -12.690604 1e-06 15.750693 -17.869343 2.791845 1.665667 -1.955921 -2.878299 4.727798 -4.170587 4.993924 11.020526 2e-06 -1e-06 12.109052 -3.735717 -2.866784 0.0 -0.0 -0.0 1.291986 -1.928549 -1.498089 14.800125 0.567468 3.865606 14.24257 -1.341735 -6.660658 19.631966 0.143926 -0.648245 49.45787 -0.62727 -6.264361 0.353029 -1.511149 -0.03194 20.222788 3.684308 2.316629 18.78727 6e-06 -2e-06 10.751627 -0.479868 1.397906 -1e-06 1e-06 0.0 3.273808 0.305947 -0.580111 21.486813 11.830376 2.266131 8.162927 0.0 -1e-06 18.39908 -3.798985 -4.940575 2e-06 -1e-06 -1e-06 8.331233 6.644695 1.906955 -0.15265 -0.224104 7.07983 -12.097006 1.762851 -3.46847 1.646731 -2.127395 0.30507 -0.0 -0.0 2e-06 -11.452572 -1.557206 2.486214 0.031689 0.428771 10.0183 9.651899 5.797654 -6.315552 -1.472322 0.992317 0.022001 -0.0 0.0 -1e-06 
0.0 0.0 0.0 0.0 -0.0 0.0 0.652915 98.90728 -2.711653 1.742749 -0.552204 -4.906092 -0.859082 0.318078 1.425613 -0.782845 0.556233 -4.099537 -1.919348 -1.358676 8.29706 17.570782 -5.365467 5.350358 -0.615264 -1.467193 -3.812953 13.694779 -7.868668 -4.263905 7.6e-05 -2.3e-05 6e-06 -0.183974 0.263863 -0.05934 0.610498 -3.390392 -10.795532 -0.962207 3.911654 -10.871797 -22.419119 -0.49533 13.0029 -50.658756 -8.838012 -1.890799 0.428148 -23.93836 -0.216003 16.824928 4.256001 -21.622829 -5.882109 9.861291 0.70259 -10.936877 -0.360576 7.156207 1e-06 8.774829 -1e-06 -15.442747 18.255482 6.366476 -1.844035 2.498503 -2.507279 -10.163603 4.678946 4.621109 -20.97603 -3e-06 1e-06 -21.226292 2.451697 -3.594001 2e-06 -6e-06 -0.0 -1.362682 2.240798 -0.746324 -21.334921 0.584909 3.008322 -13.821218 -3e-06 1e-06 -23.887178 -0.249082 -0.839483 -59.4716 2.26555 -1.184079 -0.294024 1.679688 0.833256 -14.218212 0.093213 1.300579 -34.212063 -0.287567 0.967168 -20.033218 0.964535 1.212843 2e-06 -0.0 1e-06 -3.440391 0.788234 0.501655 -15.928192 -3.167311 2.999707 -6.338829 -1e-06 1e-06 -18.123453 3.648183 -4.905674 -4e-06 0.0 -2e-06 15.138023 7.019745 11.687636 62.16156 11.873572 -8.10746 -0.032616 21.543087 -0.328363 -16.876856 -0.683273 -15.620535 2.243543 -5.255038 -3.180157 14.282889 -0.826595 6.952501 -2e-06 -12.690607 1e-06 15.771279 -17.884087 2.780817 1.665667 -1.955921 -2.878298 4.727797 -4.170588 4.993925 11.020526 1e-06 -1e-06 12.109052 -3.735716 -2.866785 0.0 -0.0 0.0 1.291986 -1.928548 -1.49809 14.800129 0.567468 3.865606 14.242573 -1.341735 -6.660659 19.631969 0.143929 -0.648246 49.482391 -0.63564 -6.271901 0.353028 -1.51115 -0.03194 20.22279 3.68431 2.316628 18.787273 6e-06 -2e-06 10.751628 -0.479869 1.397905 0.0 1e-06 1e-06 3.273806 0.305946 -0.580111 21.486813 11.830379 2.266131 8.162927 1e-06 -1e-06 18.39908 -3.798986 -4.940577 2e-06 -1e-06 -1e-06 8.306218 6.65032 1.871133 -0.154593 -0.206283 7.043845 -12.095016 1.760191 -3.420607 1.644622 -2.117548 0.276119 -0.0 0.0 2e-06 -11.471069 -1.561106 2.354166 0.032811 0.42261 10.167646 9.674953 5.851415 -6.31199 -1.472554 0.983241 -0.004736 -0.0 0.0 -1e-06 
0.0 0.0 0.0 0.0 -0.0 0.0 0.637393 98.904686 -2.801668 1.773909 -0.565692 -4.913164 -0.870998 0.318587 1.410934 -0.785794 0.540545 -4.102673 -1.860275 -1.371354 8.339647 17.588276 -5.366532 5.311466 -0.616997 -1.449551 -3.820967 13.789822 -7.881479 -4.156986 7.7e-05 -2.3e-05 6e-06 -0.189809 0.264612 -0.061436 0.610962 -3.388221 -10.798904 -0.974232 3.910819 -10.881373 -22.481691 -0.517143 13.016092 -50.533768 -8.777519 -1.633475 0.413906 -23.954672 -0.223191 16.885572 4.372765 -21.520983 -5.882104 9.861286 0.702591 -10.936872 -0.360576 7.156204 1e-06 8.774826 -1e-06 -15.472882 18.272007 6.350255 -1.844032 2.498505 -2.507278 -10.163598 4.678944 4.621109 -20.976021 -5e-06 2e-06 -21.226286 2.451695 -3.593999 2e-06 -6e-06 -1e-06 -1.362679 2.240798 -0.746323 -21.334913 0.584908 3.008323 -13.821213 -3e-06 2e-06 -23.887167 -0.24908 -0.839482 -59.458321 2.267148 -1.200428 -0.294024 1.679688 0.833256 -14.218208 0.093213 1.300579 -34.212048 -0.287567 0.967171 -20.033213 0.964536 1.212843 1e-06 1e-06 0.0 -3.440388 0.788233 0.501654 -15.928185 -3.167311 2.999706 -6.338826 -2e-06 1e-06 -18.123444 3.64818 -4.90567 -4e-06 0.0 -2e-06 15.350562 6.956032 11.749512 62.147926 11.71821 -7.79742 -0.030457 21.102991 -0.328587 -16.484741 -0.531418 -15.750614 2.243541 -5.255037 -3.180157 14.282891 -0.826595 6.952499 -2e-06 -12.690607 -0.0 15.799162 -17.915888 2.774111 1.665665 -1.955922 -2.878299 4.727798 -4.170588 4.993922 11.020526 3e-06 -2e-06 12.109053 -3.735717 -2.866785 0.0 -0.0 0.0 1.291986 -1.92855 -1.498089 14.800129 0.567466 3.865605 14.242574 -1.341738 -6.660658 19.631969 0.143928 -0.648247 49.520061 -0.638198 -6.288034 0.353029 -1.511152 -0.031939 20.222788 3.68431 2.316627 18.787271 6e-06 -3e-06 10.751629 -0.479867 1.397905 1e-06 1e-06 0.0 3.273808 0.305948 -0.58011 21.486813 11.830378 2.26613 8.162927 1e-06 -1e-06 18.399084 -3.798984 -4.940577 3e-06 -1e-06 -1e-06 8.280716 6.676874 1.835947 -0.152392 -0.190911 7.016054 -12.084764 1.738446 -3.35269 1.643032 -2.110746 0.234642 -0.0 0.0 2e-06 -11.491351 -1.564861 2.200593 0.034805 0.418937 10.363453 9.681465 5.895703 -6.346333 -1.471813 0.978943 -0.024668 -0.0 0.0 -1e-06 
0.0 0.0 0.0 0.0 -0.0 0.0 0.618011 98.900261 -2.884314 1.810236 -0.577659 -4.926547 -0.884326 0.321786 1.410236 -0.789219 0.521171 -4.10429 -1.801178 -1.391288 8.382827 17.601715 -5.341591 5.220825 -0.614204 -1.429935 -3.816094 13.874835 -7.90176 -4.101803 7.7e-05 -2.4e-05 6e-06 -0.19507 0.264901 -0.063136 0.610323 -3.385296 -10.794822 -0.984149 3.908482 -10.879336 -22.517784 -0.545159 13.0156 -50.413929 -8.73661 -1.370973 0.402995 -23.979137 -0.225543 16.908844 4.503285 -21.414412 -5.88211 9.861299 0.702594 -10.936881 -0.360575 7.15621 1e-06 8.774837 1e-06 -15.519856 18.285999 6.325809 -1.844034 2.498506 -2.507279 -10.163607 4.678952 4.621112 -20.976042 -5e-06 -1e-06 -21.226307 2.451698 -3.594005 2e-06 -5e-06 -0.0 -1.36268 2.2408 -0.746324 -21.33493 0.584909 3.008322 -13.821226 -3e-06 0.0 -23.887188 -0.249082 -0.839485 -59.463291 2.281907 -1.20935 -0.294025 1.679689 0.833257 -14.218223 0.093215 1.300579 -34.212078 -0.287568 0.967167 -20.033232 0.964534 1.212842 3e-06 1e-06 0.0 -3.440391 0.788234 0.501656 -15.928201 -3.167315 2.999707 -6.338832 -1e-06 0.0 -18.123463 3.648187 -4.905678 -3e-06 0.0 -2e-06 15.589628 6.872472 11.839547 62.107327 11.480641 -7.47748 -0.026347 20.512856 -0.319052 -16.019541 -0.39215 -15.867776 2.243542 -5.255039 -3.180158 14.282897 -0.826596 6.952503 -2e-06 -12.690617 1e-06 15.82576 -17.958204 2.782208 1.665666 -1.955921 -2.878299 4.7278 -4.170592 4.993926 11.020532 3e-06 -2e-06 12.109058 -3.735719 -2.866786 0.0 -1e-06 1e-06 1.291986 -1.92855 -1.498089 14.800136 0.567468 3.865606 14.24258 -1.341737 -6.660661 19.631975 0.143928 -0.648247 49.576385 -0.638952 -6.298821 0.35303 -1.511152 -0.031939 20.222803 3.684312 2.316628 18.787285 5e-06 -3e-06 10.751634 -0.479869 1.397904 -0.0 1e-06 1e-06 3.27381 0.305946 -0.580111 21.486826 11.830386 2.26613 8.16293 0.0 -2e-06 18.399094 -3.798988 -4.940581 3e-06 -1e-06 -1e-06 8.25853 6.736484 1.812417 -0.150857 -0.182691 6.986551 -12.086251 1.682199 -3.281693 1.641924 -2.102959 0.207796 -0.0 -0.0 2e-06 -11.52381 -1.607329 2.050027 0.04029 0.421667 10.577933 9.672091 5.930155 -6.411352 -1.471242 0.981358 -0.032197 0.0 0.0 -1e-06 
0.0 0.0 0.0 0.0 -0.0 0.0 0.592153 98.89579 -2.959663 1.848117 -0.574257 -4.946161 -0.903084 0.311179 1.423945 -0.793195 0.485504 -4.104599 -1.744129 -1.414983 8.427831 17.640181 -5.328467 5.090119 -0.604716 -1.409604 -3.801521 13.944384 -7.919575 -4.071153 7.6e-05 -2.4e-05 6e-06 -0.198791 0.273268 -0.065313 0.608508 -3.374203 -10.785742 -0.989821 3.914394 -10.868785 -22.51973 -0.57304 13.034368 -50.306923 -8.758756 -1.145918 0.393999 -23.957853 -0.219773 16.90122 4.619882 -21.232389 -5.882108 9.861285 0.702589 -10.936875 -0.360574 7.156205 -0.0 8.774824 -1e-06 -15.568069 18.288054 6.29772 -1.844032 2.498505 -2.507277 -10.163604 4.678946 4.621108 -20.976036 -3e-06 0.0 -21.226297 2.451696 -3.594003 2e-06 -6e-06 -0.0 -1.362682 2.240798 -0.746324 -21.334921 0.58491 3.008322 -13.821218 -2e-06 1e-06 -23.887178 -0.249079 -0.839485 -59.472847 2.301551 -1.215107 -0.294025 1.679687 0.833255 -14.218212 0.093216 1.300579 -34.212063 -0.287565 0.967167 -20.033216 0.964536 1.212842 2e-06 1e-06 1e-06 -3.440389 0.788234 0.501656 -15.928189 -3.167309 2.999706 -6.338828 -0.0 1e-06 -18.123455 3.648183 -4.905673 -3e-06 0.0 -2e-06 15.847771 6.783916 11.942135 62.05619 11.141929 -7.122887 -0.032243 19.762987 -0.306518 -15.468659 -0.2539 -15.947227 2.243543 -5.255037 -3.180159 14.282897 -0.826596 6.952503 -1e-06 -12.690605 -0.0 15.862432 -17.997231 2.793267 1.665667 -1.955922 -2.878299 4.727801 -4.170587 4.993924 11.020529 1e-06 -2e-06 12.109056 -3.735717 -2.866786 0.0 -0.0 -0.0 1.291986 -1.92855 -1.498089 14.800132 0.567466 3.865607 14.242578 -1.341736 -6.660661 19.631973 0.143926 -0.648246 49.651608 -0.633728 -6.296743 0.353029 -1.51115 -0.03194 20.222799 3.684309 2.316629 18.787281 5e-06 -3e-06 10.751631 -0.47987 1.397905 -0.0 0.0 0.0 3.273808 0.305945 -0.580111 21.486822 11.830376 2.266131 8.16293 1e-06 -2e-06 18.39909 -3.798982 -4.940579 3e-06 -1e-06 -1e-06 8.24539 6.81803 1.807776 -0.15165 -0.183227 6.934275 -12.098558 1.596564 -3.211046 1.642711 -2.095611 0.208916 -0.0 -0.0 2e-06 -11.558167 -1.673324 1.918922 0.045512 0.427494 10.786877 9.668667 5.964868 -6.494482 -1.470321 0.985041 -0.030208 0.0 0.0 -1e-06 
0.0 0.0 0.0 0.0 -0.0 0.0 0.563465 98.893303 -3.032073 1.886095 -0.551014 -4.968428 -0.921587 0.297508 1.444069 -0.797225 0.434206 -4.104356 -1.702109 -1.440933 8.472228 17.726297 -5.313689 4.936596 -0.608857 -1.414814 -3.794271 13.985327 -7.932386 -4.034211 7.6e-05 -2.4e-05 6e-06 -0.19786 0.280957 -0.069374 0.608497 -3.365293 -10.77989 -0.987768 3.920867 -10.86255 -22.524744 -0.60237 13.070027 -50.168812 -8.826393 -0.942334 0.364968 -23.893654 -0.202746 16.914373 4.71924 -21.063519 -5.882105 9.861286 0.702589 -10.936872 -0.360575 7.156205 0.0 8.774826 -1e-06 -15.594892 18.286325 6.277246 -1.844033 2.498505 -2.507278 -10.163599 4.678945 4.621108 -20.976023 -4e-06 1e-06 -21.226286 2.451697 -3.594001 1e-06 -5e-06 -0.0 -1.362682 2.240798 -0.746323 -21.334913 0.584909 3.008322 -13.821213 -2e-06 1e-06 -23.887169 -0.249079 -0.839485 -59.47073 2.315375 -1.208011 -0.294024 1.679687 0.833255 -14.218207 0.093214 1.30058 -34.212048 -0.287566 0.96717 -20.033211 0.964536 1.212844 2e-06 1e-06 0.0 -3.440389 0.788233 0.501655 -15.928185 -3.16731 2.999706 -6.338826 -1e-06 1e-06 -18.123444 3.648183 -4.905672 -4e-06 0.0 -2e-06 16.107502 6.691796 12.026956 62.013042 10.681409 -6.57143 -0.07335 18.830091 -0.295016 -14.800289 -0.133086 -15.821847 2.243541 -5.255036 -3.180158 14.282887 -0.826595 6.952501 -3e-06 -12.690602 1e-06 15.912 -18.030968 2.810131 1.665666 -1.95592 -2.878299 4.727798 -4.170588 4.993924 11.020526 3e-06 -1e-06 12.109052 -3.735715 -2.866785 0.0 -0.0 -0.0 1.291984 -1.928549 -1.498089 14.800129 0.567468 3.865607 14.24257 -1.341735 -6.660657 19.631968 0.143927 -0.648244 49.729889 -0.622797 -6.287201 0.35303 -1.511151 -0.03194 20.222788 3.684309 2.316629 18.78727 6e-06 -1e-06 10.751627 -0.479868 1.397906 -0.0 0.0 0.0 3.273807 0.305947 -0.580111 21.486813 11.830374 2.266132 8.162926 0.0 -0.0 18.39908 -3.798985 -4.940575 4e-06 -0.0 -1e-06 8.235898 6.897448 1.821994 -0.153179 -0.192599 6.845414 -12.097836 1.504562 -3.146867 1.642615 -2.080495 0.219221 -0.0 0.0 2e-06 -11.585716 -1.721952 1.81288 0.046301 0.433078 10.966858 9.655028 5.96302 -6.587176 -1.469359 0.992317 -0.027757 0.0 -0.0 -1e-06 
0.0 0.0 0.0 0.0 -0.0 0.0 0.533989 98.89312 -3.100298 1.912846 -0.50599 -4.990645 -0.926377 0.292897 1.457317 -0.801414 0.37778 -4.109518 -1.673205 -1.479804 8.527646 17.827114 -5.289484 4.768647 -0.61796 -1.431761 -3.794029 14.004418 -7.965237 -3.999691 7.7e-05 -2.3e-05 6e-06 -0.193298 0.290193 -0.075825 0.613082 -3.357113 -10.781482 -0.983297 3.931036 -10.862929 -22.541515 -0.635803 13.124169 -50.021755 -8.950089 -0.705563 0.37076 -23.779388 -0.199547 16.89323 4.819578 -20.886026 -5.882111 9.861292 0.70259 -10.936877 -0.360574 7.156208 0.0 8.774831 -0.0 -15.614318 18.275337 6.264181 -1.844033 2.498506 -2.507279 -10.163603 4.678949 4.62111 -20.976034 -5e-06 -0.0 -21.226299 2.451697 -3.594004 1e-06 -5e-06 -0.0 -1.362682 2.2408 -0.746324 -21.334923 0.584909 3.008322 -13.821219 -3e-06 0.0 -23.88718 -0.24908 -0.839485 -59.470108 2.31865 -1.190281 -0.294026 1.679688 0.833257 -14.218215 0.093215 1.300579 -34.212067 -0.287564 0.967167 -20.033226 0.964536 1.212842 2e-06 1e-06 -0.0 -3.440389 0.788233 0.501656 -15.928192 -3.16731 2.999707 -6.338829 -0.0 1e-06 -18.123457 3.648185 -4.905674 -3e-06 -0.0 -2e-06 16.362957 6.58939 12.130358 61.968258 10.127507 -5.77682 -0.12971 17.741821 -0.280116 -14.032251 -0.064718 -15.56896 2.243541 -5.255036 -3.180157 14.28289 -0.826594 6.9525 -2e-06 -12.690601 0.0 15.96833 -18.051222 2.826328 1.665666 -1.955922 -2.878299 4.727798 -4.170588 4.993923 11.020526 3e-06 -2e-06 12.109052 -3.735716 -2.866784 -0.0 -0.0 0.0 1.291986 -1.92855 -1.498089 14.800129 0.567468 3.865606 14.242574 -1.341738 -6.660657 19.631969 0.143926 -0.648246 49.814407 -0.603118 -6.28317 0.353029 -1.51115 -0.031939 20.22279 3.684308 2.316629 18.78727 4e-06 -2e-06 10.751629 -0.479869 1.397905 -0.0 -0.0 0.0 3.273807 0.305947 -0.580111 21.486813 11.830373 2.266131 8.162928 1e-06 -1e-06 18.39908 -3.798984 -4.940575 3e-06 -0.0 -1e-06 8.237779 6.96183 1.841268 -0.155665 -0.205992 6.743721 -12.103486 1.412119 -3.088242 1.641414 -2.062405 0.226264 0.0 -0.0 2e-06 -11.59052 -1.730878 1.741756 0.040615 0.433884 11.095209 9.623178 5.926669 -6.655331 -1.468871 0.994267 -0.043482 0.0 -0.0 -1e-06 
0.0 0.0 0.0 0.0 -0.0 0.0 0.499514 98.891991 -3.158315 1.932592 -0.444776 -5.00927 -0.925809 0.297251 1.4598 -0.809706 0.314462 -4.112231 -1.639309 -1.522534 8.581904 17.918188 -5.257429 4.616057 -0.635392 -1.466102 -3.794695 13.986151 -7.989881 -3.978472 7.6e-05 -2.3e-05 6e-06 -0.188742 0.292262 -0.080348 0.621166 -3.35642 -10.784825 -0.982391 3.934159 -10.864035 -22.553799 -0.698131 13.174478 -49.899849 -9.086417 -0.45255 0.402379 -23.645718 -0.214787 16.779823 4.926017 -20.696913 -5.882105 9.861287 0.702592 -10.936872 -0.360575 7.156208 1e-06 8.774828 -0.0 -15.633439 18.247198 6.241624 -1.844032 2.498505 -2.507278 -10.163601 4.678946 4.621109 -20.976027 -5e-06 3e-06 -21.226288 2.451696 -3.593999 1e-06 -5e-06 -0.0 -1.362682 2.2408 -0.746323 -21.334917 0.58491 3.008323 -13.821217 -3e-06 2e-06 -23.887175 -0.24908 -0.839482 -59.454388 2.328913 -1.186802 -0.294026 1.679687 0.833257 -14.21821 0.093214 1.300581 -34.212048 -0.287564 0.967172 -20.033215 0.964535 1.212844 2e-06 0.0 0.0 -3.440388 0.788233 0.501656 -15.928189 -3.16731 2.999708 -6.338827 -1e-06 1e-06 -18.123447 3.648184 -4.90567 -3e-06 -0.0 -2e-06 16.609972 6.479969 12.213382 61.926308 9.439919 -4.717227 -0.175035 16.491264 -0.256981 -13.117264 -0.083526 -15.280301 2.243543 -5.255039 -3.180158 14.282896 -0.826595 6.952503 -3e-06 -12.690611 0.0 16.037331 -18.059214 2.827009 1.665666 -1.955922 -2.878299 4.7278 -4.170589 4.993924 11.020531 3e-06 -2e-06 12.109056 -3.735717 -2.866785 -0.0 0.0 0.0 1.291987 -1.92855 -1.498089 14.800132 0.567467 3.865607 14.242579 -1.341736 -6.660661 19.631975 0.143929 -0.648247 49.88372 -0.57562 -6.29745 0.35303 -1.511152 -0.03194 20.222801 3.684313 2.316628 18.787283 7e-06 -3e-06 10.751633 -0.479868 1.397905 1e-06 -0.0 0.0 3.273809 0.305947 -0.580111 21.486822 11.830384 2.266132 8.16293 2e-06 -1e-06 18.39909 -3.798987 -4.94058 3e-06 -1e-06 -1e-06 8.245223 6.993411 1.854168 -0.158377 -0.219545 6.650659 -12.143346 1.337401 -3.030989 1.639991 -2.043437 0.213492 -0.0 -0.0 2e-06 -11.584186 -1.738594 1.681891 0.034092 0.428957 11.217838 9.578585 5.912126 -6.708596 -1.47046 0.987261 -0.070607 -0.0 -0.0 -1e-06 
0.0 0.0 0.0 0.0 -0.0 0.0 0.463019 98.891815 -3.208532 1.955255 -0.370345 -5.019635 -0.928818 0.29877 1.45335 -0.825771 0.252322 -4.105064 -1.599959 -1.556783 8.619649 18.003725 -5.217031 4.462953 -0.663239 -1.491163 -3.79075 13.969503 -8.005845 -3.94163 7.6e-05 -2.3e-05 6e-06 -0.18505 0.283532 -0.079082 0.629513 -3.365499 -10.785029 -0.98348 3.925415 -10.861141 -22.575262 -0.767095 13.218414 -49.778988 -9.214787 -0.251695 0.4067 -23.514254 -0.223664 16.627117 5.013337 -20.551374 -5.882107 9.86129 0.702592 -10.936875 -0.360575 7.156209 0.0 8.77483 -1e-06 -15.647306 18.230959 6.228177 -1.844033 2.498505 -2.507279 -10.163603 4.678948 4.621112 -20.97603 -3e-06 3e-06 -21.226295 2.451699 -3.594002 1e-06 -6e-06 -0.0 -1.362682 2.240799 -0.746323 -21.334925 0.58491 3.008326 -13.821218 -1e-06 3e-06 -23.887178 -0.249077 -0.839482 -59.421436 2.34282 -1.191319 -0.294025 1.679688 0.833256 -14.218214 0.093216 1.300581 -34.212059 -0.287565 0.967171 -20.033218 0.964537 1.212844 2e-06 0.0 -0.0 -3.440389 0.788234 0.501656 -15.928192 -3.167311 2.999709 -6.338829 -0.0 2e-06 -18.123455 3.648183 -4.905672 -3e-06 -0.0 -2e-06 16.844889 6.38109 12.245934 61.911091 8.613957 -3.532677 -0.163749 15.11547 -0.217318 -12.014988 -0.178406 -14.851196 2.243543 -5.255039 -3.180158 14.282893 -0.826594 6.952504 -3e-06 -12.690609 0.0 16.1161 -18.044333 2.808405 1.665667 -1.955922 -2.878299 4.7278 -4.17059 4.993925 11.020528 3e-06 -1e-06 12.109053 -3.735717 -2.866785 0.0 0.0 0.0 1.291987 -1.928549 -1.49809 14.800131 0.567469 3.865608 14.242576 -1.341737 -6.660659 19.631969 0.143926 -0.648244 49.942131 -0.548424 -6.320439 0.353029 -1.511151 -0.031939 20.222795 3.684313 2.316631 18.787273 4e-06 -0.0 10.751627 -0.479869 1.397907 -0.0 0.0 0.0 3.273807 0.305947 -0.580111 21.486816 11.830379 2.266134 8.162928 3e-06 -0.0 18.399082 -3.798987 -4.940577 2e-06 0.0 -0.0 8.253324 7.032695 1.873262 -0.159267 -0.226546 6.533144 -12.22195 1.235419 -2.936174 1.638779 -2.027566 0.160499 -0.0 -0.0 2e-06 -11.582066 -1.752747 1.626624 0.030326 0.421697 11.332136 9.531082 5.884639 -6.772536 -1.473174 0.979847 -0.108034 -0.0 -0.0 -1e-06 
0.0 0.0 0.0 0.0 -0.0 0.0 0.422901 98.895523 -3.250506 1.972615 -0.29833 -5.017666 -0.926592 0.302091 1.436816 -0.839385 0.196918 -4.099452 -1.55873 -1.583973 8.654306 18.057991 -5.16215 4.303001 -0.698595 -1.490461 -3.777914 13.969694 -8.040757 -3.883033 7.6e-05 -2.3e-05 6e-06 -0.18702 0.283598 -0.076146 0.63085 -3.365444 -10.783696 -0.988791 3.924859 -10.856051 -22.601089 -0.828274 13.255153 -49.664623 -9.328169 -0.121535 0.376542 -23.438868 -0.215454 16.466419 5.085997 -20.391895 -5.882113 9.861297 0.702592 -10.936881 -0.360575 7.156211 0.0 8.774835 0.0 -15.67169 18.240377 6.221029 -1.844034 2.498507 -2.50728 -10.163611 4.678951 4.621112 -20.976048 -5e-06 -0.0 -21.226311 2.4517 -3.594005 1e-06 -5e-06 -0.0 -1.362683 2.240801 -0.746324 -21.334936 0.584911 3.008323 -13.821229 -2e-06 -0.0 -23.887196 -0.249081 -0.839487 -59.422474 2.364514 -1.195692 -0.294026 1.679689 0.833257 -14.218224 0.093216 1.30058 -34.212086 -0.287566 0.967167 -20.033236 0.964535 1.212844 2e-06 0.0 0.0 -3.440392 0.788235 0.501656 -15.928203 -3.167312 2.999707 -6.338833 -0.0 0.0 -18.123466 3.648187 -4.905678 -3e-06 -0.0 -2e-06 17.080641 6.276258 12.295744 61.909069 7.738955 -2.30742 -0.094674 13.693098 -0.162851 -10.739437 -0.345288 -14.126317 2.243544 -5.255041 -3.180159 14.282905 -0.826597 6.952507 -2e-06 -12.690618 1e-06 16.175077 -18.002102 2.787951 1.665668 -1.955923 -2.878301 4.727804 -4.170592 4.993927 11.020538 2e-06 -1e-06 12.109063 -3.735719 -2.866786 -0.0 0.0 0.0 1.291987 -1.92855 -1.49809 14.800142 0.567468 3.86561 14.242585 -1.341737 -6.660662 19.631985 0.143926 -0.648245 49.972992 -0.526782 -6.338951 0.353028 -1.511152 -0.03194 20.222811 3.684314 2.316631 18.787292 5e-06 -2e-06 10.751639 -0.479869 1.397906 -0.0 0.0 0.0 3.27381 0.305948 -0.580112 21.486834 11.830387 2.266133 8.162935 3e-06 -1e-06 18.399099 -3.798988 -4.94058 3e-06 0.0 -1e-06 8.275543 7.09111 1.911933 -0.159972 -0.225825 6.364703 -12.333047 1.110237 -2.807221 1.636486 -2.023264 0.107038 0.0 -0.0 2e-06 -11.566502 -1.734745 1.58267 0.027423 0.409686 11.406103 9.460662 5.807533 -6.844801 -1.475118 0.971321 -0.121681 -0.0 -0.0 -1e-06 
0.0 0.0 0.0 0.0 -0.0 0.0 0.380998 98.903694 -3.283502 1.984792 -0.235743 -5.012036 -0.9215 0.299181 1.419738 -0.849117 0.136993 -4.096131 -1.514212 -1.612101 8.687316 18.095526 -5.113197 4.148732 -0.718356 -1.45743 -3.768649 13.979638 -8.069493 -3.78667 7.6e-05 -2.3e-05 5e-06 -0.191087 0.294992 -0.076363 0.630509 -3.353726 -10.781627 -0.996709 3.935532 -10.850943 -22.59955 -0.865766 13.277058 -49.591434 -9.422282 0.010187 0.341752 -23.396593 -0.202003 16.279102 5.1246 -20.25786 -5.882105 9.861286 0.702592 -10.936872 -0.360574 7.156204 0.0 8.774826 -0.0 -15.722385 18.262197 6.2193 -1.844033 2.498505 -2.507277 -10.163601 4.678945 4.621109 -20.976023 -5e-06 3e-06 -21.226288 2.451697 -3.593999 1e-06 -5e-06 -1e-06 -1.362681 2.240798 -0.746324 -21.334917 0.58491 3.008323 -13.821215 -3e-06 2e-06 -23.887175 -0.249079 -0.839482 -59.475662 2.377013 -1.188495 -0.294025 1.679688 0.833256 -14.218209 0.093215 1.30058 -34.212051 -0.287565 0.96717 -20.033213 0.964536 1.212844 2e-06 0.0 0.0 -3.440388 0.788234 0.501656 -15.928185 -3.167309 2.999707 -6.338827 0.0 1e-06 -18.123446 3.648183 -4.90567 -4e-06 1e-06 -2e-06 17.292295 6.154019 12.386477 61.943478 6.880182 -1.029729 0.00133 12.327447 -0.111254 -9.356056 -0.566549 -13.11033 2.24354 -5.255036 -3.180157 14.28289 -0.826594 6.952503 -3e-06 -12.690605 0.0 16.197605 -17.935295 2.76995 1.665665 -1.955921 -2.878299 4.727798 -4.170588 4.993925 11.020525 3e-06 -1e-06 12.109052 -3.735716 -2.866784 -0.0 -0.0 -0.0 1.291985 -1.92855 -1.498089 14.800129 0.567469 3.865608 14.24257 -1.341736 -6.660657 19.631968 0.143926 -0.648244 49.978065 -0.503313 -6.349222 0.353027 -1.51115 -0.03194 20.222788 3.68431 2.316631 18.78727 4e-06 -0.0 10.751626 -0.479868 1.397906 -0.0 -0.0 -0.0 3.273805 0.305947 -0.580111 21.486811 11.830377 2.266134 8.162925 2e-06 0.0 18.39908 -3.798983 -4.940574 1e-06 -1e-06 -1e-06 8.308841 7.153669 1.989121 -0.157714 -0.221762 6.131899 -12.472657 0.978608 -2.654163 1.633017 -2.027639 0.075337 -0.0 0.0 2e-06 -11.538877 -1.691921 1.563713 0.023461 0.400684 11.427155 9.378066 5.722161 -6.892299 -1.475898 0.965428 -0.095694 -0.0 0.0 -1e-06 
0.0 0.0 0.0 0.0 -0.0 0.0 0.342836 98.911697 -3.299886 1.993595 -0.199382 -4.99784 -0.916888 0.294219 1.4099 -0.850988 0.076332 -4.095154 -1.475498 -1.64671 8.709426 18.124971 -5.070343 4.026123 -0.711669 -1.402893 -3.765838 13.992909 -8.057161 -3.677988 7.6e-05 -2.3e-05 6e-06 -0.196013 0.311796 -0.080648 0.630692 -3.336354 -10.782319 -1.006835 3.951537 -10.849191 -22.569887 -0.891669 13.269187 -49.571918 -9.457126 0.142003 0.292378 -23.401312 -0.186294 16.100773 5.118617 -20.178547 -5.882108 9.861286 0.702591 -10.936872 -0.360575 7.156205 1e-06 8.774826 0.0 -15.774665 18.280663 6.206442 -1.844032 2.498503 -2.507278 -10.1636 4.678945 4.621109 -20.976023 -4e-06 2e-06 -21.226288 2.451696 -3.594 1e-06 -6e-06 -0.0 -1.362682 2.240799 -0.746323 -21.334915 0.584911 3.008322 -13.821215 -3e-06 2e-06 -23.887173 -0.249079 -0.839483 -59.535427 2.388021 -1.195228 -0.294024 1.679687 0.833256 -14.218208 0.093214 1.30058 -34.212051 -0.287563 0.967169 -20.033215 0.964537 1.212844 2e-06 1e-06 0.0 -3.440389 0.788234 0.501656 -15.928189 -3.16731 2.999707 -6.338827 0.0 1e-06 -18.123446 3.648182 -4.905669 -3e-06 0.0 -2e-06 17.452742 6.00508 12.487386 62.046383 6.077583 0.145193 0.088959 11.202683 -0.073743 -8.061363 -0.780746 -12.026534 2.243541 -5.255038 -3.180157 14.282896 -0.826595 6.952503 -2e-06 -12.69061 0.0 16.203577 -17.86721 2.742273 1.665668 -1.955922 -2.878299 4.7278 -4.17059 4.993925 11.020529 3e-06 -1e-06 12.109056 -3.735717 -2.866785 -0.0 -0.0 0.0 1.291985 -1.92855 -1.498089 14.800132 0.567468 3.865608 14.242576 -1.341737 -6.660659 19.631973 0.143926 -0.648245 49.968468 -0.473253 -6.369083 0.353029 -1.511151 -0.03194 20.222797 3.684311 2.31663 18.787275 4e-06 -1e-06 10.751633 -0.479868 1.397906 -0.0 1e-06 0.0 3.273809 0.305947 -0.580111 21.48682 11.83038 2.266134 8.16293 2e-06 -1e-06 18.399092 -3.798986 -4.940578 3e-06 0.0 -1e-06 8.341619 7.209916 2.07089 -0.156419 -0.219885 5.905099 -12.616402 0.882811 -2.51988 1.628946 -2.03581 0.056729 0.0 -0.0 2e-06 -11.506708 -1.622541 1.54423 0.020616 0.393188 11.43646 9.322058 5.638803 -6.9386 -1.47578 0.968248 -0.051476 -0.0 0.0 -1e-06 
0.0 0.0 0.0 0.0 -0.0 0.0 0.307389 98.919525 -3.302059 1.997117 -0.21154 -4.963814 -0.908455 0.291371 1.402355 -0.848293 0.023019 -4.101752 -1.447877 -1.694612 8.72247 18.140257 -5.04629 3.933125 -0.681781 -1.324444 -3.769543 14.000705 -8.0009 -3.575455 7.6e-05 -2.3e-05 6e-06 -0.201586 0.327339 -0.086948 0.629567 -3.320869 -10.786501 -1.016925 3.966971 -10.85001 -22.532511 -0.915951 13.235906 -49.595406 -9.430572 0.230948 0.23052 -23.444489 -0.16265 15.97124 5.103505 -20.147833 -5.882112 9.861295 0.70259 -10.93688 -0.360574 7.156207 0.0 8.774832 -1e-06 -15.817957 18.282097 6.174266 -1.844034 2.498506 -2.507279 -10.163608 4.678949 4.621108 -20.97604 -5e-06 -2e-06 -21.226307 2.451697 -3.594005 1e-06 -5e-06 -0.0 -1.362684 2.2408 -0.746323 -21.33493 0.584912 3.00832 -13.821226 -2e-06 -1e-06 -23.887192 -0.249082 -0.839487 -59.570942 2.390798 -1.21877 -0.294025 1.679687 0.833256 -14.218221 0.093214 1.300578 -34.212082 -0.287567 0.967164 -20.033232 0.964534 1.212841 2e-06 0.0 0.0 -3.440392 0.788234 0.501655 -15.928201 -3.167312 2.999705 -6.338831 -0.0 -0.0 -18.123463 3.648184 -4.905678 -4e-06 0.0 -2e-06 17.5481 5.818337 12.57952 62.221714 5.348924 1.041297 0.16205 10.395378 -0.047915 -7.059611 -0.9265 -11.227005 2.243543 -5.25504 -3.180158 14.2829 -0.826595 6.952506 -2e-06 -12.690615 -0.0 16.193928 -17.808273 2.707564 1.665667 -1.955922 -2.878299 4.727802 -4.170591 4.993925 11.020534 3e-06 -1e-06 12.109059 -3.735718 -2.866785 0.0 -0.0 0.0 1.291988 -1.928551 -1.49809 14.800138 0.567468 3.865608 14.242582 -1.341738 -6.66066 19.631981 0.143926 -0.648245 49.948372 -0.443709 -6.391451 0.353029 -1.511151 -0.03194 20.222803 3.684312 2.316631 18.787283 4e-06 -1e-06 10.751636 -0.479869 1.397906 1e-06 -0.0 -0.0 3.273808 0.305947 -0.580111 21.486828 11.830382 2.266134 8.162934 1e-06 -1e-06 18.399096 -3.798987 -4.94058 3e-06 0.0 -1e-06 8.379934 7.284278 2.142689 -0.158588 -0.222021 5.694991 -12.753804 0.835892 -2.417818 1.625015 -2.042565 0.051845 -0.0 -0.0 2e-06 -11.467994 -1.51974 1.495946 0.022207 0.384216 11.449585 9.295969 5.580312 -6.990533 -1.474189 0.973571 -0.010446 -0.0 0.0 -1e-06 
0.0 0.0 0.0 0.0 -0.0 0.0 0.276347 98.922409 -3.297265 1.995781 -0.295038 -4.912704 -0.899061 0.288945 1.39621 -0.842165 -0.02357 -4.108772 -1.426032 -1.751105 8.722045 18.139568 -5.053699 3.878598 -0.63084 -1.216588 -3.780119 13.988067 -7.901021 -3.501203 7.7e-05 -2.2e-05 6e-06 -0.205645 0.3383 -0.092073 0.629707 -3.309091 -10.789845 -1.025252 3.976794 -10.851115 -22.485901 -0.947744 13.208994 -49.648861 -9.35411 0.304612 0.169016 -23.515846 -0.137603 15.89747 5.078146 -20.215921 -5.882108 9.861292 0.702591 -10.936875 -0.360575 7.156208 1e-06 8.774831 -1e-06 -15.859982 18.262493 6.129649 -1.844032 2.498504 -2.507278 -10.163602 4.678947 4.621109 -20.976027 -5e-06 3e-06 -21.226292 2.451698 -3.594 1e-06 -6e-06 -0.0 -1.362682 2.240799 -0.746323 -21.334921 0.584907 3.008325 -13.821218 -3e-06 3e-06 -23.887178 -0.24908 -0.839482 -59.58313 2.379487 -1.245387 -0.294025 1.679688 0.833256 -14.218212 0.093213 1.300581 -34.212063 -0.287566 0.967173 -20.033218 0.964537 1.212846 2e-06 1e-06 -0.0 -3.440389 0.788234 0.501656 -15.928191 -3.167312 2.999708 -6.338828 -0.0 1e-06 -18.123447 3.648185 -4.905672 -3e-06 0.0 -2e-06 17.58602 5.618501 12.6499 62.432152 4.716303 1.634113 0.177381 9.910035 -0.03398 -6.383253 -1.0089 -10.831431 2.243543 -5.255041 -3.180159 14.282901 -0.826596 6.952506 -2e-06 -12.690614 0.0 16.176712 -17.766981 2.679211 1.665668 -1.955922 -2.8783 4.727802 -4.170591 4.993926 11.020534 2e-06 -1e-06 12.109059 -3.735719 -2.866785 -0.0 0.0 0.0 1.291986 -1.928551 -1.49809 14.800138 0.567468 3.86561 14.242581 -1.341738 -6.660661 19.631979 0.143925 -0.648246 49.930309 -0.412154 -6.411792 0.353028 -1.511152 -0.03194 20.222803 3.684311 2.316631 18.787285 3e-06 -1e-06 10.751633 -0.47987 1.397906 -0.0 -0.0 0.0 3.273808 0.305947 -0.580111 21.486826 11.830383 2.266134 8.162931 0.0 -1e-06 18.399094 -3.79899 -4.940579 2e-06 -0.0 -1e-06 8.419885 7.393249 2.176221 -0.16245 -0.22111 5.569257 -12.866693 0.830407 -2.375773 1.622004 -2.048689 0.058073 0.0 0.0 2e-06 -11.423381 -1.377936 1.382551 0.026346 0.375777 11.522538 9.266572 5.563831 -7.063607 -1.471916 0.980988 0.023344 -0.0 0.0 -1e-06 
0.0 0.0 0.0 0.0 -0.0 0.0 0.257583 98.926559 -3.288088 1.991366 -0.442346 -4.85023 -0.889419 0.27996 1.391209 -0.834117 -0.06648 -4.107637 -1.41758 -1.81224 8.71136 18.133345 -5.06925 3.854159 -0.565343 -1.087243 -3.799411 13.986654 -7.796321 -3.449345 7.6e-05 -2.3e-05 6e-06 -0.209557 0.351974 -0.097234 0.629459 -3.293743 -10.793503 -1.032694 3.98864 -10.855133 -22.441835 -0.98775 13.197849 -49.695023 -9.258024 0.407585 0.118064 -23.555023 -0.117682 15.87272 5.047832 -20.396252 -5.882106 9.861284 0.702592 -10.93687 -0.360575 7.156207 0.0 8.774826 -0.0 -15.899535 18.228262 6.095031 -1.844032 2.498505 -2.507277 -10.163597 4.678946 4.621109 -20.976021 -5e-06 4e-06 -21.226282 2.451698 -3.593998 1e-06 -6e-06 -0.0 -1.362681 2.240798 -0.746323 -21.334913 0.584909 3.008326 -13.821213 -2e-06 4e-06 -23.887167 -0.249077 -0.839481 -59.599609 2.361773 -1.254871 -0.294025 1.679688 0.833256 -14.218208 0.093214 1.300582 -34.212048 -0.287563 0.967174 -20.033211 0.964538 1.212845 0.0 0.0 -1e-06 -3.440389 0.788233 0.501656 -15.928185 -3.167309 2.999709 -6.338826 -0.0 2e-06 -18.123444 3.648184 -4.905669 -3e-06 0.0 -2e-06 17.600121 5.440468 12.682972 62.628906 4.190217 1.839992 0.140973 9.695201 -0.027632 -6.055814 -1.038454 -10.717223 2.243541 -5.255037 -3.180157 14.282892 -0.826595 6.952503 -2e-06 -12.690607 1e-06 16.162249 -17.74589 2.665229 1.665667 -1.955922 -2.878299 4.7278 -4.170589 4.993925 11.020528 2e-06 -1e-06 12.109055 -3.735717 -2.866784 -0.0 -0.0 -0.0 1.291985 -1.92855 -1.498089 14.800129 0.567468 3.865608 14.242571 -1.341737 -6.660658 19.631969 0.143926 -0.648245 49.91991 -0.378609 -6.422186 0.353029 -1.511151 -0.03194 20.222794 3.68431 2.31663 18.787271 4e-06 -1e-06 10.751629 -0.479869 1.397906 -0.0 -0.0 0.0 3.273807 0.305947 -0.580111 21.486813 11.830378 2.266133 8.162928 -0.0 -1e-06 18.399086 -3.798986 -4.940576 2e-06 -0.0 -1e-06 8.459826 7.533255 2.207487 -0.165194 -0.218252 5.459682 -12.941191 0.843062 -2.344985 1.620391 -2.057375 0.049502 0.0 -0.0 2e-06 -11.381446 -1.216079 1.247665 0.029406 0.370396 11.579631 9.252668 5.577414 -7.117983 -1.469275 0.989395 0.031319 -0.0 0.0 -1e-06 
0.0 0.0 0.0 0.0 -0.0 0.0 0.251127 98.937546 -3.278318 1.984463 -0.630529 -4.76775 -0.880714 0.268075 1.384106 -0.827477 -0.101484 -4.108389 -1.427634 -1.877653 8.699048 18.158096 -5.067681 3.829892 -0.511583 -0.974597 -3.810497 13.981322 -7.709054 -3.413356 7.7e-05 -2.3e-05 6e-06 -0.210902 0.362214 -0.100282 0.628907 -3.281745 -10.790772 -1.034789 3.99702 -10.853911 -22.40563 -1.039092 13.20403 -49.706348 -9.196904 0.568293 0.075074 -23.500931 -0.095618 15.872409 5.057533 -20.6626 -5.88211 9.861293 0.702591 -10.936877 -0.360576 7.156207 1e-06 8.774833 -1e-06 -15.907865 18.183531 6.086184 -1.844033 2.498506 -2.507278 -10.163605 4.678949 4.62111 -20.976038 -6e-06 2e-06 -21.226299 2.451698 -3.594002 1e-06 -6e-06 -0.0 -1.362682 2.240801 -0.746323 -21.334925 0.584908 3.008323 -13.82122 -3e-06 1e-06 -23.887182 -0.249079 -0.839484 -59.597378 2.338954 -1.245282 -0.294026 1.679689 0.833256 -14.218215 0.093214 1.30058 -34.212067 -0.287566 0.967169 -20.033226 0.964536 1.212844 1e-06 0.0 -1e-06 -3.44039 0.788234 0.501656 -15.928198 -3.167312 2.999707 -6.33883 -2e-06 1e-06 -18.123459 3.648185 -4.905675 -3e-06 0.0 -2e-06 17.584194 5.281545 12.673414 62.807983 3.808312 1.678315 0.078689 9.667097 -0.024826 -6.094478 -1.052103 -10.857653 2.243541 -5.255038 -3.180156 14.282889 -0.826594 6.952503 -2e-06 -12.690609 0.0 16.154692 -17.732906 2.656626 1.665666 -1.955922 -2.878298 4.727798 -4.170589 4.993924 11.020526 3e-06 -1e-06 12.109052 -3.735718 -2.866784 -0.0 0.0 0.0 1.291986 -1.92855 -1.498089 14.800129 0.567469 3.865608 14.242572 -1.341737 -6.660657 19.631968 0.143926 -0.648243 49.907734 -0.341177 -6.433909 0.353029 -1.511151 -0.03194 20.222788 3.684311 2.316631 18.78727 5e-06 0.0 10.751628 -0.479869 1.397906 -1e-06 -0.0 0.0 3.273807 0.305947 -0.580111 21.486811 11.83038 2.266134 8.162927 1e-06 -0.0 18.399082 -3.798987 -4.940576 2e-06 -1e-06 -1e-06 8.496715 7.681637 2.248139 -0.163354 -0.215473 5.305263 -12.997528 0.856947 -2.265817 1.620087 -2.064507 0.031787 0.0 0.0 2e-06 -11.347397 -1.072233 1.111823 0.031833 0.373377 11.569274 9.249768 5.636894 -7.134215 -1.467971 0.993291 0.024321 -0.0 0.0 -1e-06 
0.0 0.0 0.0 0.0 -0.0 0.0 0.24819 98.951813 -3.26584 1.971227 -0.832344 -4.673852 -0.8754 0.255204 1.381074 -0.822171 -0.137803 -4.114268 -1.448928 -1.937858 8.685209 18.192167 -5.054461 3.813878 -0.466309 -0.889146 -3.815328 13.948446 -7.620168 -3.41196 7.6e-05 -2.2e-05 6e-06 -0.2081 0.367312 -0.102363 0.630689 -3.276005 -10.79129 -1.030863 4.00116 -10.858068 -22.346565 -1.105789 13.242105 -49.722015 -9.201424 0.791225 0.058336 -23.339968 -0.075647 15.867136 5.115874 -20.954134 -5.88211 9.86129 0.702591 -10.936874 -0.360575 7.156208 0.0 8.77483 -1e-06 -15.899294 18.144611 6.097435 -1.844034 2.498505 -2.507279 -10.163604 4.678946 4.621109 -20.976034 -2e-06 1e-06 -21.226295 2.451698 -3.594002 1e-06 -6e-06 -0.0 -1.362682 2.240798 -0.746323 -21.334921 0.58491 3.008323 -13.821218 -2e-06 2e-06 -23.88718 -0.249079 -0.839483 -59.596836 2.318442 -1.225864 -0.294024 1.679688 0.833256 -14.218214 0.093214 1.30058 -34.212063 -0.287565 0.967169 -20.033218 0.964536 1.212844 0.0 0.0 -0.0 -3.44039 0.788234 0.501656 -15.928192 -3.16731 2.999707 -6.338829 -1e-06 1e-06 -18.123457 3.648185 -4.905674 -3e-06 0.0 -2e-06 17.532038 5.147856 12.627688 62.962379 3.58182 1.285152 -0.021989 9.777341 -0.029051 -6.427757 -1.052659 -11.143117 2.243542 -5.255041 -3.180158 14.2829 -0.826596 6.952507 -2e-06 -12.690616 1e-06 16.159399 -17.728426 2.652788 1.665668 -1.955923 -2.8783 4.727802 -4.170592 4.993927 11.020535 3e-06 -1e-06 12.109059 -3.73572 -2.866785 -0.0 0.0 0.0 1.291986 -1.928551 -1.49809 14.800138 0.567468 3.86561 14.242581 -1.341738 -6.660661 19.631977 0.143926 -0.648244 49.907494 -0.320145 -6.441555 0.353029 -1.511152 -0.03194 20.222803 3.684313 2.316632 18.787289 4e-06 -1e-06 10.751637 -0.479869 1.397907 -1e-06 0.0 -0.0 3.273809 0.305947 -0.580111 21.486828 11.830386 2.266134 8.162934 1e-06 -1e-06 18.399096 -3.798988 -4.940579 2e-06 -0.0 -1e-06 8.533606 7.791403 2.283854 -0.160624 -0.208447 5.140787 -13.062165 0.897275 -2.182852 1.620415 -2.068822 0.020723 0.0 0.0 2e-06 -11.314167 -0.95402 0.980679 0.035956 0.377294 11.519656 9.25881 5.720175 -7.122614 -1.466979 0.991705 0.01624 0.0 0.0 -1e-06 
0.0 0.0 0.0 0.0 -0.0 0.0 0.245245 98.968544 -3.256163 1.950297 -1.030529 -4.581756 -0.871472 0.239986 1.386634 -0.819923 -0.183807 -4.117672 -1.477156 -1.993126 8.666444 18.232235 -5.035018 3.806882 -0.423504 -0.801081 -3.815759 13.899584 -7.529397 -3.396583 7.6e-05 -2.3e-05 6e-06 -0.201071 0.368363 -0.105793 0.635932 -3.273997 -10.794407 -1.02191 4.001053 -10.866231 -22.281984 -1.177406 13.297714 -49.736874 -9.245104 1.024873 0.076092 -23.128574 -0.069399 15.855247 5.180543 -21.191679 -5.882108 9.861288 0.70259 -10.936874 -0.360575 7.156209 0.0 8.774828 -1e-06 -15.894513 18.117998 6.113721 -1.844033 2.498503 -2.507279 -10.163602 4.678946 4.621111 -20.97603 -3e-06 2e-06 -21.226292 2.451697 -3.594001 1e-06 -6e-06 -0.0 -1.362682 2.240799 -0.746324 -21.334921 0.584911 3.008325 -13.821219 -2e-06 2e-06 -23.887178 -0.249077 -0.839484 -59.62299 2.307669 -1.203899 -0.294023 1.679687 0.833256 -14.218213 0.093215 1.300581 -34.212059 -0.287563 0.967171 -20.03322 0.964538 1.212844 1e-06 1e-06 -1e-06 -3.440389 0.788233 0.501656 -15.928191 -3.16731 2.999709 -6.338829 1e-06 1e-06 -18.123455 3.648185 -4.905673 -3e-06 1e-06 -2e-06 17.459448 5.060425 12.556892 63.071442 3.513608 0.58997 -0.133592 10.002027 -0.039226 -7.098911 -1.055617 -11.484406 2.243542 -5.255038 -3.180159 14.282896 -0.826596 6.952505 -3e-06 -12.690609 2e-06 16.176214 -17.728374 2.655992 1.665668 -1.955922 -2.8783 4.727801 -4.17059 4.993926 11.020532 3e-06 -1e-06 12.109058 -3.735717 -2.866785 -0.0 0.0 0.0 1.291986 -1.92855 -1.49809 14.800136 0.567468 3.865609 14.242579 -1.341736 -6.66066 19.631975 0.143926 -0.648245 49.922192 -0.314276 -6.438446 0.353028 -1.511151 -0.03194 20.222801 3.684311 2.316631 18.787281 4e-06 -1e-06 10.751633 -0.479869 1.397906 -0.0 0.0 0.0 3.273809 0.305947 -0.580111 21.486824 11.830379 2.266133 8.16293 0.0 -1e-06 18.399092 -3.798987 -4.940577 2e-06 0.0 -1e-06 8.579838 7.889122 2.323829 -0.158764 -0.206959 4.968437 -13.115357 0.953021 -2.102512 1.623052 -2.067482 0.020493 -0.0 0.0 2e-06 -11.274916 -0.85291 0.869177 0.038307 0.379332 11.433272 9.256056 5.806568 -7.089255 -1.465511 0.984849 0.0143 0.0 0.0 -1e-06 
0.0 0.0 0.0 0.0 -0.0 0.0 0.238754 98.984665 -3.244596 1.922877 -1.220174 -4.501866 -0.867209 0.230129 1.395609 -0.822083 -0.226816 -4.121387 -1.512025 -2.043957 8.655164 18.275614 -5.014699 3.81039 -0.391966 -0.726547 -3.813005 13.863949 -7.47635 -3.372339 7.6e-05 -2.3e-05 6e-06 -0.192079 0.364259 -0.109246 0.641654 -3.277302 -10.798656 -1.009607 3.9961 -10.873853 -22.222122 -1.260456 13.365548 -49.753807 -9.324514 1.15044 0.118785 -22.893198 -0.081648 15.840999 5.213788 -21.332691 -5.88211 9.861288 0.70259 -10.936877 -0.360574 7.156206 1e-06 8.774826 -1e-06 -15.889834 18.096216 6.115368 -1.844033 2.498506 -2.507278 -10.163604 4.678947 4.621108 -20.976036 -2e-06 1e-06 -21.226299 2.451698 -3.594002 1e-06 -6e-06 -0.0 -1.362683 2.240798 -0.746323 -21.334921 0.584911 3.008322 -13.821218 -2e-06 1e-06 -23.887178 -0.249079 -0.839485 -59.632915 2.293615 -1.197937 -0.294025 1.679688 0.833256 -14.218214 0.093217 1.30058 -34.212067 -0.287561 0.967167 -20.03322 0.964537 1.212841 1e-06 1e-06 -1e-06 -3.44039 0.788233 0.501656 -15.928192 -3.167308 2.999706 -6.338829 0.0 1e-06 -18.123453 3.648183 -4.905672 -3e-06 1e-06 -2e-06 17.373358 5.011805 12.460498 63.125046 3.60253 -0.395434 -0.246618 10.321367 -0.057527 -8.135161 -1.040205 -12.038074 2.243543 -5.255041 -3.180161 14.282905 -0.826596 6.952511 -3e-06 -12.690616 2e-06 16.189325 -17.742451 2.664296 1.665668 -1.955923 -2.878302 4.727802 -4.170591 4.99393 11.020536 3e-06 -1e-06 12.109061 -3.735719 -2.866787 -0.0 0.0 0.0 1.291986 -1.928551 -1.498091 14.800142 0.567468 3.865612 14.242585 -1.341736 -6.660665 19.63199 0.143926 -0.648245 49.929241 -0.30196 -6.430769 0.35303 -1.511152 -0.03194 20.222813 3.684313 2.316633 18.787291 4e-06 -0.0 10.751639 -0.47987 1.397908 -0.0 0.0 0.0 3.273809 0.305947 -0.580111 21.486834 11.830384 2.266135 8.162935 -0.0 -0.0 18.399101 -3.798989 -4.940579 2e-06 1e-06 -1e-06 8.632576 7.958104 2.371396 -0.158682 -0.21894 4.806529 -13.148403 1.0338 -2.045319 1.62612 -2.060497 0.035318 -0.0 -0.0 2e-06 -11.226878 -0.766149 0.780815 0.036662 0.384353 11.335411 9.240739 5.901883 -7.038697 -1.463879 0.975763 0.009315 0.0 0.0 -1e-06 
0.0 0.0 0.0 0.0 -0.0 0.0 0.229668 98.99276 -3.222072 1.900414 -1.40117 -4.440445 -0.864851 0.222514 1.409124 -0.830795 -0.258803 -4.122686 -1.550693 -2.07596 8.653344 18.293509 -4.984065 3.83244 -0.38895 -0.687388 -3.813195 13.795455 -7.439949 -3.365725 7.7e-05 -2.3e-05 6e-06 -0.183245 0.35438 -0.110061 0.645675 -3.286566 -10.802287 -0.996064 3.985497 -10.881025 -22.173326 -1.348998 13.395663 -49.766251 -9.397121 1.176378 0.147706 -22.676064 -0.104935 15.851749 5.189554 -21.450529 -5.882105 9.861283 0.70259 -10.93687 -0.360576 7.156206 1e-06 8.774823 -2e-06 -15.864957 18.070505 6.119335 -1.844031 2.498505 -2.507278 -10.163597 4.678943 4.621108 -20.976021 -3e-06 3e-06 -21.226282 2.451696 -3.593998 1e-06 -6e-06 -0.0 -1.362681 2.240798 -0.746323 -21.334911 0.584909 3.008324 -13.821213 -2e-06 2e-06 -23.887167 -0.249079 -0.839482 -59.595325 2.270377 -1.198016 -0.294024 1.679687 0.833255 -14.218207 0.093215 1.300581 -34.212048 -0.287564 0.967172 -20.033211 0.964536 1.212845 0.0 1e-06 -0.0 -3.440389 0.788234 0.501655 -15.928185 -3.167307 2.999707 -6.338825 -1e-06 1e-06 -18.123444 3.648181 -4.905669 -3e-06 1e-06 -2e-06 17.288921 4.987384 12.333315 63.08688 3.840314 -1.47197 -0.3384 10.73683 -0.081682 -9.501374 -0.991028 -12.835224 2.243541 -5.255035 -3.180158 14.282887 -0.826594 6.952503 -2e-06 -12.690598 0.0 16.202126 -17.788218 2.677135 1.665666 -1.955921 -2.878299 4.727798 -4.170585 4.993924 11.020522 3e-06 -1e-06 12.10905 -3.735714 -2.866783 0.0 -0.0 -0.0 1.291984 -1.928549 -1.498089 14.800125 0.567468 3.865609 14.242568 -1.341736 -6.660657 19.631962 0.143924 -0.648244 49.934544 -0.281046 -6.409374 0.353028 -1.51115 -0.03194 20.222786 3.684308 2.316631 18.78727 4e-06 0.0 10.751628 -0.479869 1.397906 -0.0 0.0 0.0 3.273806 0.305947 -0.58011 21.486811 11.830368 2.266135 8.162926 -0.0 0.0 18.399078 -3.798983 -4.940573 2e-06 -1e-06 -0.0 8.668481 7.965258 2.407283 -0.160724 -0.23281 4.714542 -13.155381 1.154856 -2.049454 1.628714 -2.057311 0.057452 -0.0 -0.0 2e-06 -11.18569 -0.692022 0.690129 0.034054 0.390375 11.304088 9.245911 6.011526 -7.011115 -1.462982 0.968627 -0.013493 -0.0 0.0 -1e-06 
0.0 0.0 0.0 0.0 -0.0 0.0 0.216524 98.991325 -3.187048 1.89294 -1.561946 -4.399053 -0.866296 0.219244 1.426859 -0.843484 -0.272193 -4.116508 -1.602662 -2.09137 8.656574 18.27739 -4.95199 3.85534 -0.41341 -0.672264 -3.81033 13.693017 -7.406855 -3.379537 7.7e-05 -2.3e-05 5e-06 -0.17638 0.338421 -0.106871 0.648825 -3.302315 -10.803817 -0.985549 3.969217 -10.886324 -22.143089 -1.419922 13.407935 -49.758675 -9.486264 1.127165 0.190079 -22.502718 -0.139425 15.871569 5.156876 -21.593298 -5.882113 9.861293 0.702589 -10.936881 -0.360574 7.156209 0.0 8.774831 -1e-06 -15.828738 18.056702 6.137054 -1.844033 2.498507 -2.507279 -10.163607 4.678948 4.621111 -20.97604 -2e-06 0.0 -21.226307 2.451698 -3.594004 1e-06 -6e-06 -0.0 -1.362684 2.2408 -0.746324 -21.334932 0.584911 3.008323 -13.821227 -2e-06 0.0 -23.88719 -0.249078 -0.839487 -59.545399 2.249857 -1.203255 -0.294025 1.679688 0.833256 -14.218221 0.093215 1.30058 -34.212082 -0.287565 0.967168 -20.03323 0.964536 1.212842 1e-06 0.0 -0.0 -3.44039 0.788234 0.501656 -15.928201 -3.16731 2.999707 -6.338832 -1e-06 0.0 -18.123463 3.648185 -4.905677 -3e-06 1e-06 -2e-06 17.196625 5.001423 12.195602 62.97142 4.203819 -2.563447 -0.398957 11.263308 -0.107694 -11.097174 -0.911947 -13.800721 2.243542 -5.25504 -3.18016 14.2829 -0.826595 6.952508 -3e-06 -12.690612 0.0 16.212168 -17.855967 2.688585 1.665667 -1.955922 -2.878301 4.727801 -4.17059 4.993927 11.020534 3e-06 -1e-06 12.109058 -3.735717 -2.866786 0.0 -0.0 0.0 1.291985 -1.92855 -1.49809 14.800136 0.567469 3.865611 14.242579 -1.341736 -6.660661 19.631975 0.143927 -0.648244 49.93206 -0.267179 -6.378872 0.35303 -1.511152 -0.03194 20.222803 3.684312 2.316633 18.787287 5e-06 0.0 10.751633 -0.479869 1.397907 -1e-06 -0.0 -0.0 3.273808 0.305947 -0.580111 21.486826 11.830383 2.266136 8.16293 1e-06 0.0 18.399094 -3.798987 -4.940577 3e-06 -1e-06 -1e-06 8.679817 7.927369 2.433889 -0.161428 -0.244366 4.694087 -13.156106 1.302707 -2.102712 1.631709 -2.062465 0.055933 0.0 0.0 2e-06 -11.160775 -0.623616 0.58935 0.032172 0.397524 11.366758 9.244982 6.127261 -7.041304 -1.46318 0.960896 -0.064973 -0.0 0.0 -1e-06 
0.0 0.0 0.0 0.0 -0.0 0.0 0.203818 98.985085 -3.135465 1.897447 -1.685375 -4.357184 -0.868299 0.223899 1.441795 -0.855101 -0.263652 -4.108356 -1.664982 -2.099228 8.654467 18.215662 -4.896381 3.880648 -0.451386 -0.698111 -3.802885 13.577074 -7.396793 -3.40797 7.6e-05 -2.3e-05 6e-06 -0.173604 0.32056 -0.101358 0.648697 -3.319482 -10.800525 -0.980064 3.950575 -10.885583 -22.135078 -1.456887 13.413367 -49.722187 -9.588135 0.971139 0.237843 -22.416166 -0.168026 15.883659 5.167072 -21.789652 -5.882104 9.861288 0.702592 -10.936868 -0.360575 7.156206 1e-06 8.774828 0.0 -15.804286 18.068842 6.155397 -1.844031 2.498505 -2.507277 -10.163597 4.678945 4.621109 -20.976021 -6e-06 3e-06 -21.226282 2.451696 -3.593999 1e-06 -6e-06 -0.0 -1.362681 2.240798 -0.746323 -21.334909 0.584908 3.008324 -13.821212 -3e-06 2e-06 -23.887167 -0.249079 -0.839481 -59.522701 2.249667 -1.219367 -0.294025 1.679688 0.833256 -14.218204 0.093214 1.30058 -34.21204 -0.287567 0.967172 -20.033209 0.964535 1.212844 1e-06 1e-06 -0.0 -3.440387 0.788235 0.501656 -15.928183 -3.167311 2.999707 -6.338825 -0.0 1e-06 -18.123444 3.648183 -4.90567 -3e-06 1e-06 -2e-06 17.102926 5.051787 12.082958 62.766426 4.680928 -3.634493 -0.427038 11.886848 -0.137386 -12.742834 -0.786131 -14.648552 2.243541 -5.255037 -3.180157 14.282887 -0.826594 6.952502 -3e-06 -12.690605 1e-06 16.216583 -17.934769 2.700521 1.665666 -1.955922 -2.878298 4.727799 -4.170588 4.993924 11.020525 3e-06 -2e-06 12.109052 -3.735715 -2.866784 -0.0 -0.0 0.0 1.291986 -1.928549 -1.498089 14.800125 0.567469 3.865606 14.242569 -1.341736 -6.660657 19.631968 0.143927 -0.648244 49.917778 -0.275966 -6.35827 0.353029 -1.511151 -0.031939 20.222788 3.684311 2.31663 18.78727 4e-06 -1e-06 10.751627 -0.479868 1.397906 0.0 0.0 0.0 3.273806 0.305948 -0.580111 21.486809 11.830376 2.266132 8.162926 1e-06 -1e-06 18.399076 -3.798985 -4.940574 2e-06 -0.0 -0.0 8.672117 7.877022 2.438338 -0.159657 -0.247852 4.719042 -13.165545 1.419877 -2.184261 1.635044 -2.073583 0.050372 0.0 0.0 2e-06 -11.151233 -0.563636 0.490377 0.030732 0.402105 11.470369 9.229273 6.208428 -7.123734 -1.46401 0.956381 -0.105382 -0.0 0.0 -1e-06 
0.0 0.0 0.0 0.0 -0.0 0.0 0.196684 98.973557 -3.070528 1.906614 -1.734762 -4.312595 -0.867046 0.225259 1.455125 -0.862543 -0.244968 -4.094805 -1.730598 -2.099752 8.637964 18.117079 -4.830969 3.893697 -0.483984 -0.748094 -3.794328 13.456129 -7.396089 -3.460645 7.6e-05 -2.3e-05 6e-06 -0.17457 0.301415 -0.093721 0.644512 -3.336592 -10.787512 -0.978009 3.929235 -10.875758 -22.150763 -1.458589 13.421289 -49.664322 -9.696183 0.714415 0.284656 -22.385645 -0.184899 15.917093 5.189407 -22.018803 -5.882108 9.861288 0.70259 -10.936875 -0.360575 7.156205 -0.0 8.77483 -1e-06 -15.798668 18.110998 6.176947 -1.844033 2.498505 -2.507278 -10.163603 4.678946 4.621108 -20.97603 -5e-06 -1e-06 -21.226295 2.451696 -3.594003 1e-06 -6e-06 0.0 -1.362682 2.240798 -0.746323 -21.334921 0.584908 3.008321 -13.821219 -4e-06 0.0 -23.887182 -0.249082 -0.839486 -59.518425 2.255839 -1.249694 -0.294026 1.679688 0.833256 -14.218213 0.093214 1.300578 -34.212063 -0.287568 0.967167 -20.033222 0.964535 1.212842 0.0 0.0 -1e-06 -3.440391 0.788234 0.501655 -15.928192 -3.167311 2.999705 -6.338829 -1e-06 0.0 -18.123455 3.648183 -4.905674 -3e-06 1e-06 -2e-06 17.011919 5.115493 11.978965 62.471096 5.250069 -4.597958 -0.444974 12.5804 -0.172198 -14.336765 -0.639837 -15.133558 2.243543 -5.255038 -3.180159 14.282902 -0.826597 6.952504 -2e-06 -12.69061 1e-06 16.215282 -18.01969 2.704361 1.665667 -1.955922 -2.8783 4.727801 -4.17059 4.993925 11.020535 2e-06 -1e-06 12.10906 -3.735718 -2.866786 -0.0 -0.0 0.0 1.291987 -1.92855 -1.49809 14.800139 0.567468 3.865608 14.242584 -1.341738 -6.660663 19.631985 0.143925 -0.648247 49.894623 -0.30334 -6.34164 0.35303 -1.511151 -0.031939 20.222809 3.684309 2.316629 18.787289 4e-06 -3e-06 10.751637 -0.479868 1.397906 -0.0 -0.0 0.0 3.27381 0.305947 -0.58011 21.486832 11.830381 2.266133 8.162935 2e-06 -1e-06 18.399099 -3.798988 -4.940581 3e-06 -0.0 -0.0 8.644621 7.825897 2.385646 -0.153667 -0.241777 4.831401 -13.166135 1.443967 -2.299746 1.638961 -2.086172 0.034514 0.0 0.0 2e-06 -11.154151 -0.532678 0.41002 0.028186 0.399344 11.594662 9.210796 6.232537 -7.24122 -1.464653 0.959116 -0.122173 -0.0 0.0 -1e-06 
0.0 0.0 0.0 0.0 -0.0 0.0 0.191647 98.963272 -2.986906 1.916701 -1.702335 -4.261278 -0.863731 0.224841 1.469346 -0.861314 -0.208676 -4.081933 -1.805801 -2.10884 8.609548 17.994246 -4.777714 3.881034 -0.503172 -0.835359 -3.785443 13.346425 -7.383538 -3.540995 7.7e-05 -2.3e-05 6e-06 -0.173472 0.284311 -0.087759 0.641224 -3.350566 -10.771871 -0.972654 3.909152 -10.862244 -22.184038 -1.44959 13.402948 -49.599617 -9.763329 0.26794 0.296611 -22.388315 -0.18613 16.001379 5.185365 -22.256285 -5.882111 9.861297 0.702592 -10.936879 -0.360574 7.15621 0.0 8.774836 0.0 -15.783606 18.162741 6.201465 -1.844035 2.498507 -2.507279 -10.163607 4.678951 4.621113 -20.97604 -5e-06 1e-06 -21.226303 2.451698 -3.594004 1e-06 -6e-06 -0.0 -1.362683 2.2408 -0.746324 -21.33493 0.584912 3.008324 -13.821225 -1e-06 1e-06 -23.887188 -0.249079 -0.839486 -59.50407 2.264278 -1.278393 -0.294024 1.679688 0.833257 -14.218219 0.093216 1.30058 -34.212078 -0.287564 0.967168 -20.033232 0.964537 1.212842 1e-06 0.0 -0.0 -3.440391 0.788235 0.501656 -15.928198 -3.167312 2.999708 -6.338832 -0.0 0.0 -18.123463 3.64819 -4.905677 -3e-06 0.0 -2e-06 16.918932 5.188277 11.861854 62.103741 5.882912 -5.47891 -0.460201 13.353564 -0.20752 -15.949776 -0.493382 -15.252637 2.243542 -5.25504 -3.180158 14.282898 -0.826595 6.952507 -3e-06 -12.690614 1e-06 16.194965 -18.086744 2.695649 1.665665 -1.955922 -2.8783 4.7278 -4.17059 4.993927 11.020532 4e-06 -1e-06 12.109058 -3.735718 -2.866785 -0.0 0.0 0.0 1.291986 -1.928551 -1.498091 14.800136 0.567469 3.865611 14.242579 -1.341736 -6.660661 19.631975 0.143927 -0.648245 49.845737 -0.329189 -6.319584 0.353028 -1.511152 -0.031939 20.222803 3.684314 2.316631 18.787285 5e-06 -1e-06 10.751634 -0.479868 1.397907 -0.0 0.0 -0.0 3.273808 0.305947 -0.580111 21.486828 11.830384 2.266135 8.162933 1e-06 0.0 18.399096 -3.798988 -4.940578 2e-06 1e-06 -0.0 8.610005 7.763552 2.314192 -0.14496 -0.231346 4.948351 -13.171926 1.412914 -2.395272 1.642246 -2.105329 -0.010044 0.0 0.0 2e-06 -11.166027 -0.553348 0.384184 0.028235 0.400224 11.670307 9.192971 6.211741 -7.318937 -1.464708 0.964445 -0.142486 -0.0 0.0 -1e-06 
0.0 0.0 0.0 0.0 -0.0 0.0 0.201071 98.958931 -2.880123 1.917777 -1.597521 -4.189837 -0.861255 0.22187 1.485112 -0.852843 -0.160926 -4.078367 -1.876717 -2.111125 8.571926 17.889463 -4.726074 3.823783 -0.502723 -0.927424 -3.776781 13.253607 -7.39291 -3.625288 7.8e-05 -2.3e-05 6e-06 -0.171751 0.269726 -0.083333 0.637639 -3.362682 -10.760808 -0.965762 3.892446 -10.853203 -22.23702 -1.427893 13.350552 -49.528706 -9.773659 -0.319429 0.291732 -22.436481 -0.186898 16.135302 5.149481 -22.553442 -5.88211 9.861294 0.702591 -10.936879 -0.360575 7.15621 -0.0 8.774833 -0.0 -15.773863 18.203264 6.213681 -1.844035 2.498508 -2.50728 -10.163607 4.67895 4.621111 -20.976044 -4e-06 -1e-06 -21.226307 2.451699 -3.594005 1e-06 -6e-06 -0.0 -1.362683 2.240798 -0.746324 -21.334934 0.584912 3.008322 -13.821227 -2e-06 0.0 -23.887188 -0.24908 -0.839487 -59.511452 2.252096 -1.276034 -0.294026 1.679689 0.833257 -14.218222 0.093217 1.300579 -34.212082 -0.287565 0.967166 -20.033232 0.964536 1.212843 1e-06 0.0 -1e-06 -3.440392 0.788234 0.501656 -15.928201 -3.16731 2.999707 -6.338832 -0.0 0.0 -18.123461 3.648185 -4.905676 -4e-06 0.0 -2e-06 16.810226 5.265884 11.730637 61.69389 6.562788 -6.349308 -0.447041 14.185495 -0.236319 -17.531065 -0.372987 -15.152486 2.243541 -5.255037 -3.180158 14.282892 -0.826595 6.952503 -2e-06 -12.690609 1e-06 16.163828 -18.119762 2.679947 1.665666 -1.955921 -2.878301 4.727798 -4.170588 4.993925 11.020528 3e-06 -2e-06 12.109053 -3.735717 -2.866785 -0.0 0.0 -0.0 1.291985 -1.92855 -1.49809 14.800127 0.567468 3.865606 14.242571 -1.341737 -6.660659 19.631969 0.143927 -0.648246 49.793385 -0.36142 -6.303154 0.353031 -1.511151 -0.03194 20.222794 3.684309 2.316631 18.787273 5e-06 -1e-06 10.751628 -0.479869 1.397905 -0.0 -1e-06 -0.0 3.273808 0.305947 -0.580112 21.486813 11.830378 2.266132 8.162928 3e-06 -1e-06 18.399086 -3.798985 -4.940577 2e-06 0.0 -1e-06 8.573242 7.68177 2.220144 -0.139437 -0.2291 5.06133 -13.174169 1.37499 -2.49684 1.645382 -2.123111 -0.048306 0.0 0.0 2e-06 -11.178781 -0.593387 0.434355 0.030399 0.401149 11.624142 9.165872 6.160505 -7.33764 -1.464071 0.97071 -0.170301 -0.0 0.0 -1e-06 
0.0 0.0 0.0 0.0 -0.0 0.0 0.230969 98.953575 -2.756937 1.918853 -1.443609 -4.102448 -0.86394 0.227979 1.499146 -0.841106 -0.108863 -4.086494 -1.941905 -2.09607 8.528035 17.809477 -4.683632 3.715309 -0.495729 -1.009841 -3.765666 13.197748 -7.434226 -3.695907 7.6e-05 -2.3e-05 6e-06 -0.170776 0.261531 -0.080276 0.634964 -3.369211 -10.752327 -0.961062 3.88286 -10.845062 -22.286411 -1.418105 13.305873 -49.479836 -9.754923 -0.941496 0.291175 -22.485201 -0.189786 16.304564 5.106664 -22.827971 -5.882107 9.861292 0.702591 -10.936875 -0.360576 7.156211 1e-06 8.77483 -0.0 -15.765854 18.226097 6.221453 -1.844033 2.498506 -2.507281 -10.163604 4.678947 4.621112 -20.976032 -7e-06 2e-06 -21.226295 2.451698 -3.594002 2e-06 -5e-06 -0.0 -1.362682 2.2408 -0.746324 -21.334925 0.58491 3.008325 -13.82122 -3e-06 2e-06 -23.887182 -0.24908 -0.839483 -59.532757 2.234432 -1.263249 -0.294025 1.679688 0.833257 -14.218215 0.093214 1.300581 -34.212067 -0.287565 0.967172 -20.033222 0.964537 1.212845 1e-06 0.0 -1e-06 -3.440391 0.788234 0.501656 -15.928192 -3.167313 2.999709 -6.338829 -1e-06 1e-06 -18.123457 3.648186 -4.905674 -4e-06 -0.0 -2e-06 16.671787 5.342523 11.599175 61.289761 7.254419 -7.180918 -0.421784 15.050414 -0.26294 -18.895329 -0.296315 -14.966879 2.243546 -5.255042 -3.180161 14.28291 -0.826598 6.952507 -1e-06 -12.690617 1e-06 16.125004 -18.110844 2.664321 1.665671 -1.955923 -2.878302 4.727807 -4.170592 4.993928 11.020542 1e-06 -3e-06 12.10907 -3.73572 -2.866788 -0.0 0.0 -0.0 1.291987 -1.928551 -1.498091 14.800148 0.567465 3.865609 14.242594 -1.341738 -6.660665 19.631992 0.143926 -0.64825 49.756783 -0.402288 -6.282922 0.353029 -1.511151 -0.031941 20.222816 3.684312 2.316628 18.787298 3e-06 -4e-06 10.751642 -0.47987 1.397906 -0.0 1e-06 0.0 3.273809 0.305947 -0.580112 21.486837 11.830384 2.266132 8.162937 2e-06 -2e-06 18.399107 -3.798988 -4.940584 2e-06 0.0 -1e-06 8.511591 7.549564 2.074395 -0.13986 -0.227476 5.241345 -13.139902 1.358749 -2.643087 1.646514 -2.137126 -0.027941 0.0 0.0 2e-06 -11.207449 -0.64813 0.513471 0.035369 0.398855 11.536464 9.149909 6.096738 -7.349771 -1.462974 0.977573 -0.175687 0.0 0.0 -1e-06 
0.0 0.0 0.0 0.0 -0.0 0.0 0.276797 98.948814 -2.620732 1.919192 -1.256472 -4.010222 -0.865523 0.234446 1.513973 -0.831592 -0.055379 -4.091868 -2.002705 -2.064385 8.47824 17.753481 -4.633143 3.556228 -0.482042 -1.066212 -3.764459 13.166726 -7.491855 -3.761988 7.6e-05 -2.3e-05 6e-06 -0.167423 0.254147 -0.079445 0.637558 -3.376786 -10.751966 -0.956912 3.875997 -10.844219 -22.346048 -1.400684 13.288664 -49.427063 -9.737818 -1.564374 0.289499 -22.516115 -0.185258 16.507114 5.064571 -23.059526 -5.882106 9.861286 0.70259 -10.93687 -0.360575 7.156204 -0.0 8.774824 -1e-06 -15.760095 18.233519 6.224331 -1.844033 2.498504 -2.507277 -10.163599 4.678945 4.621107 -20.976023 -3e-06 0.0 -21.226286 2.451697 -3.594002 1e-06 -6e-06 -0.0 -1.362682 2.240798 -0.746323 -21.334913 0.584911 3.008322 -13.821214 -2e-06 1e-06 -23.887171 -0.249079 -0.839484 -59.541035 2.207545 -1.245499 -0.294025 1.679687 0.833256 -14.218207 0.093215 1.300579 -34.212048 -0.287563 0.967167 -20.033211 0.964535 1.212842 2e-06 0.0 0.0 -3.440389 0.788234 0.501656 -15.928185 -3.167307 2.999706 -6.338826 0.0 1e-06 -18.123444 3.648183 -4.905672 -3e-06 -0.0 -2e-06 16.518749 5.453796 11.471307 60.883923 7.933654 -7.951361 -0.398471 15.929881 -0.291598 -19.920124 -0.238924 -14.629683 2.243542 -5.255037 -3.18016 14.282896 -0.826596 6.952505 -0.0 -12.690602 -0.0 16.089556 -18.072447 2.642376 1.665667 -1.955922 -2.878301 4.727801 -4.170587 4.993924 11.020526 2e-06 -2e-06 12.109055 -3.735716 -2.866786 -0.0 0.0 -0.0 1.291987 -1.92855 -1.49809 14.800131 0.567468 3.865608 14.242576 -1.341736 -6.660661 19.631971 0.143924 -0.648246 49.725918 -0.436844 -6.266658 0.35303 -1.511151 -0.031939 20.222795 3.684308 2.316631 18.787279 4e-06 -1e-06 10.75163 -0.479869 1.397906 -1e-06 1e-06 0.0 3.273808 0.305946 -0.580111 21.486818 11.830371 2.266133 8.16293 2e-06 -1e-06 18.399086 -3.798985 -4.940577 2e-06 0.0 -1e-06 8.433742 7.377984 1.911026 -0.139914 -0.224329 5.450056 -13.067388 1.355574 -2.815767 1.647898 -2.138664 0.028311 0.0 0.0 2e-06 -11.249012 -0.725328 0.632564 0.042235 0.397378 11.395087 9.152307 6.020813 -7.334056 -1.46267 0.985221 -0.156763 0.0 0.0 -1e-06 
0.0 0.0 0.0 0.0 -0.0 0.0 0.325087 98.946236 -2.469608 1.919219 -1.055597 -3.907176 -0.860557 0.2427 1.515846 -0.820948 0.008652 -4.09802 -2.066925 -2.032056 8.422651 17.702072 -4.574331 3.365116 -0.47276 -1.081534 -3.770837 13.166162 -7.578424 -3.830638 7.6e-05 -2.3e-05 6e-06 -0.16496 0.253753 -0.080748 0.643346 -3.378835 -10.759929 -0.957732 3.87753 -10.851129 -22.400389 -1.37153 13.277896 -49.359638 -9.710389 -2.096818 0.298988 -22.504896 -0.184949 16.692762 5.041818 -23.199841 -5.882106 9.861286 0.702591 -10.936873 -0.360575 7.156205 1e-06 8.774826 -1e-06 -15.74276 18.23488 6.242059 -1.844032 2.498505 -2.50728 -10.163601 4.678946 4.621109 -20.976027 -4e-06 1e-06 -21.226288 2.451695 -3.594001 2e-06 -6e-06 -0.0 -1.362682 2.240798 -0.746323 -21.334917 0.58491 3.008322 -13.821218 -2e-06 1e-06 -23.887177 -0.24908 -0.839484 -59.554161 2.19524 -1.217574 -0.294025 1.679686 0.833256 -14.218212 0.093215 1.300581 -34.212055 -0.287563 0.96717 -20.033215 0.964537 1.212843 2e-06 0.0 0.0 -3.440389 0.788233 0.501655 -15.928191 -3.16731 2.999707 -6.338828 0.0 0.0 -18.123447 3.648183 -4.905673 -3e-06 0.0 -2e-06 16.362591 5.619129 11.356745 60.481571 8.551229 -8.596437 -0.391917 16.855495 -0.3221 -20.602173 -0.203635 -14.255796 2.243542 -5.255036 -3.180157 14.282892 -0.826594 6.952501 -2e-06 -12.690603 0.0 16.048124 -18.02471 2.626554 1.665667 -1.955921 -2.878298 4.7278 -4.170588 4.993924 11.020526 3e-06 -2e-06 12.109054 -3.735716 -2.866784 0.0 0.0 0.0 1.291985 -1.928548 -1.498089 14.800129 0.567467 3.865607 14.242575 -1.341736 -6.660658 19.631969 0.143926 -0.648245 49.67836 -0.456131 -6.260743 0.35303 -1.511151 -0.031941 20.222797 3.684309 2.316629 18.787273 5e-06 -1e-06 10.75163 -0.479866 1.397906 0.0 0.0 -0.0 3.273808 0.305947 -0.58011 21.486814 11.830374 2.266132 8.162927 0.0 -1e-06 18.399084 -3.798985 -4.940576 4e-06 -1e-06 -1e-06 8.353111 7.182979 1.754864 -0.137359 -0.221318 5.636128 -12.96101 1.363331 -2.981117 1.648006 -2.12838 0.088181 0.0 0.0 2e-06 -11.291966 -0.831624 0.775631 0.043417 0.402053 11.210764 9.152228 5.938782 -7.318912 -1.462546 0.989586 -0.124692 0.0 0.0 -1e-06 
0.0 0.0 0.0 0.0 -0.0 0.0 0.385089 98.937584 -2.294513 1.931255 -0.842208 -3.796507 -0.852996 0.250498 1.506651 -0.817373 0.085481 -4.102425 -2.13298 -1.993518 8.35995 17.649694 -4.503736 3.167253 -0.488353 -1.102154 -3.781198 13.179113 -7.675497 -3.915515 7.6e-05 -2.3e-05 6e-06 -0.165535 0.255472 -0.082709 0.648322 -3.377859 -10.769871 -0.963696 3.879879 -10.862944 -22.45339 -1.357218 13.275722 -49.284214 -9.656323 -2.58477 0.319031 -22.488142 -0.191605 16.858376 5.025923 -23.287617 -5.882104 9.861284 0.70259 -10.936872 -0.360575 7.156208 0.0 8.774826 -2e-06 -15.714495 18.230789 6.272194 -1.844032 2.498505 -2.507279 -10.163603 4.678945 4.621109 -20.976023 -4e-06 3e-06 -21.226288 2.451696 -3.594 2e-06 -5e-06 -0.0 -1.362682 2.240798 -0.746323 -21.334913 0.58491 3.008325 -13.821213 -2e-06 2e-06 -23.887169 -0.249078 -0.839482 -59.582821 2.197765 -1.189622 -0.294024 1.679688 0.833256 -14.218208 0.093214 1.300582 -34.212048 -0.287563 0.967172 -20.033215 0.964538 1.212845 1e-06 1e-06 0.0 -3.440389 0.788233 0.501655 -15.928185 -3.16731 2.999709 -6.338826 -0.0 1e-06 -18.123446 3.648182 -4.905669 -3e-06 0.0 -1e-06 16.22089 5.809513 11.255456 60.070988 9.118756 -9.055429 -0.386462 17.785524 -0.349392 -20.986185 -0.216409 -13.878901 2.24354 -5.255037 -3.180158 14.282894 -0.826594 6.952504 -3e-06 -12.690606 0.0 15.999086 -17.977379 2.625329 1.665666 -1.955921 -2.878299 4.727799 -4.170588 4.993925 11.020528 3e-06 -1e-06 12.109054 -3.735716 -2.866785 0.0 1e-06 -0.0 1.291984 -1.928549 -1.498089 14.800131 0.567469 3.865608 14.242572 -1.341735 -6.660658 19.631969 0.143924 -0.648244 49.620403 -0.491443 -6.257687 0.353027 -1.51115 -0.03194 20.222795 3.68431 2.316632 18.787273 5e-06 1e-06 10.751629 -0.479868 1.397907 -1e-06 0.0 0.0 3.273806 0.305948 -0.58011 21.486816 11.830376 2.266134 8.162929 4e-06 0.0 18.399084 -3.798984 -4.940574 3e-06 -1e-06 -1e-06 8.246822 6.964166 1.565019 -0.135457 -0.213871 5.898106 -12.827373 1.365709 -3.20006 1.647741 -2.120877 0.134353 0.0 -0.0 2e-06 -11.357159 -0.946297 0.914806 0.04337 0.404006 11.058244 9.152357 5.850897 -7.348854 -1.461764 0.982857 -0.102023 0.0 0.0 -1e-06 
0.0 0.0 0.0 0.0 -0.0 0.0 0.456838 98.926491 -2.088137 1.961396 -0.615689 -3.698317 -0.846271 0.255923 1.497346 -0.815995 0.159449 -4.097124 -2.202399 -1.947298 8.282526 17.591076 -4.426329 2.983615 -0.512143 -1.127494 -3.793231 13.204282 -7.746208 -4.008047 7.6e-05 -2.3e-05 6e-06 -0.166624 0.257885 -0.084232 0.653413 -3.375769 -10.77765 -0.970843 3.882565 -10.874882 -22.51441 -1.361055 13.277928 -49.216129 -9.549953 -3.070255 0.349399 -22.496782 -0.203573 17.034899 5.003127 -23.395981 -5.88211 9.861293 0.70259 -10.936878 -0.360574 7.156212 -0.0 8.774831 -1e-06 -15.688035 18.236805 6.306617 -1.844034 2.498507 -2.50728 -10.163607 4.678948 4.621112 -20.976038 -4e-06 3e-06 -21.226301 2.4517 -3.594002 2e-06 -6e-06 -0.0 -1.362683 2.2408 -0.746324 -21.334929 0.58491 3.008326 -13.821223 -1e-06 2e-06 -23.887184 -0.249079 -0.839483 -59.631058 2.199287 -1.160776 -0.294025 1.679688 0.833257 -14.218217 0.093215 1.300583 -34.212074 -0.287563 0.967172 -20.03323 0.964538 1.212844 1e-06 1e-06 0.0 -3.440389 0.788233 0.501655 -15.928196 -3.167311 2.99971 -6.33883 0.0 2e-06 -18.123459 3.648185 -4.905674 -4e-06 0.0 -2e-06 16.080994 6.018009 11.160966 59.686512 9.636029 -9.406501 -0.371242 18.700302 -0.364811 -21.11384 -0.296424 -13.515406 2.243541 -5.255038 -3.180159 14.2829 -0.826596 6.952507 -2e-06 -12.69061 1e-06 15.950449 -17.928774 2.62939 1.665666 -1.955922 -2.8783 4.727801 -4.170591 4.993926 11.020534 2e-06 -1e-06 12.109059 -3.735717 -2.866785 -0.0 0.0 0.0 1.291987 -1.928551 -1.49809 14.800136 0.567467 3.86561 14.24258 -1.341735 -6.660661 19.631981 0.143927 -0.648245 49.562176 -0.534719 -6.247645 0.353028 -1.511151 -0.03194 20.222803 3.684311 2.316631 18.787287 5e-06 -1e-06 10.751636 -0.479869 1.397906 -0.0 -1e-06 -0.0 3.273808 0.305946 -0.580111 21.486826 11.830379 2.266135 8.162931 1e-06 -0.0 18.399094 -3.798986 -4.940578 4e-06 -0.0 -1e-06 8.119141 6.727991 1.412246 -0.134632 -0.208423 6.147448 -12.687691 1.35452 -3.427304 1.649227 -2.11584 0.176324 0.0 0.0 2e-06 -11.449361 -1.046741 1.102548 0.042885 0.401913 10.885135 9.17811 5.728683 -7.404518 -1.461724 0.975016 -0.08946 0.0 0.0 -1e-06 
0.0 0.0 0.0 0.0 -0.0 0.0 0.541326 98.917076 -1.856881 2.009152 -0.385746 -3.607993 -0.848678 0.266562 1.481002 -0.813092 0.232475 -4.093769 -2.275234 -1.896777 8.211493 17.538715 -4.337844 2.802969 -0.533135 -1.128975 -3.802606 13.245789 -7.786856 -4.115333 7.7e-05 -2.4e-05 5e-06 -0.166802 0.255942 -0.083823 0.65762 -3.379138 -10.785718 -0.975336 3.881986 -10.884727 -22.57815 -1.36104 13.263625 -49.151543 -9.402293 -3.487012 0.410763 -22.558746 -0.226123 17.200747 4.975965 -23.517994 -5.882109 9.86129 0.70259 -10.936873 -0.360575 7.156204 1e-06 8.774829 -0.0 -15.631998 18.253019 6.35813 -1.844035 2.498506 -2.507277 -10.163603 4.678947 4.621108 -20.97603 -4e-06 -1e-06 -21.226292 2.451698 -3.594003 2e-06 -6e-06 -0.0 -1.362682 2.240798 -0.746324 -21.334921 0.58491 3.00832 -13.821218 -3e-06 1e-06 -23.887178 -0.249081 -0.839485 -59.665638 2.215949 -1.130171 -0.294025 1.679688 0.833255 -14.21821 0.093215 1.300578 -34.212055 -0.287568 0.967167 -20.033218 0.964535 1.212842 2e-06 1e-06 0.0 -3.440389 0.788233 0.501655 -15.928189 -3.167311 2.999706 -6.338828 1e-06 1e-06 -18.123451 3.648183 -4.905674 -4e-06 0.0 -2e-06 15.94304 6.221538 11.062914 59.359058 10.089854 -9.750897 -0.310272 19.542744 -0.359291 -21.065983 -0.400628 -13.251517 2.243541 -5.255037 -3.180156 14.282889 -0.826596 6.952503 -2e-06 -12.690608 1e-06 15.902557 -17.88942 2.648257 1.665667 -1.955922 -2.878299 4.727799 -4.170589 4.993925 11.020525 4e-06 -2e-06 12.109052 -3.735716 -2.866784 -0.0 -0.0 0.0 1.291988 -1.92855 -1.49809 14.800129 0.567467 3.865608 14.242574 -1.341736 -6.660659 19.631969 0.143926 -0.648245 49.525623 -0.577224 -6.236558 0.353026 -1.51115 -0.03194 20.222788 3.684311 2.31663 18.787273 5e-06 -2e-06 10.751628 -0.479868 1.397906 -0.0 0.0 0.0 3.273808 0.305947 -0.580111 21.486814 11.830379 2.26613 8.162928 1e-06 -1e-06 18.399086 -3.798985 -4.940577 3e-06 -2e-06 -1e-06 7.972394 6.490743 1.317182 -0.132429 -0.212092 6.331754 -12.54293 1.347682 -3.650693 1.651966 -2.108384 0.196631 0.0 -0.0 2e-06 -11.567124 -1.136808 1.3449 0.038515 0.401965 10.654766 9.231012 5.5783 -7.46312 -1.462693 0.973773 -0.105286 0.0 0.0 -1e-06 
0.0 0.0 0.0 0.0 -0.0 0.0 0.631428 98.903831 -1.607316 2.072904 -0.143323 -3.527496 -0.857866 0.269977 1.457784 -0.810018 0.305954 -4.099696 -2.350114 -1.844154 8.161504 17.480835 -4.260038 2.624351 -0.533756 -1.102118 -3.806937 13.264425 -7.797628 -4.232389 7.7e-05 -2.4e-05 6e-06 -0.165173 0.252405 -0.082227 0.661205 -3.385133 -10.796354 -0.975573 3.880825 -10.897683 -22.622835 -1.349776 13.25898 -49.11198 -9.257998 -3.860749 0.471439 -22.64426 -0.255604 17.365221 4.892184 -23.591614 -5.882105 9.861286 0.702591 -10.93687 -0.360576 7.156206 0.0 8.774826 -2e-06 -15.578834 18.271757 6.397361 -1.844033 2.498504 -2.507279 -10.163597 4.678946 4.621109 -20.976021 -4e-06 2e-06 -21.226286 2.451696 -3.593999 1e-06 -6e-06 -1e-06 -1.362681 2.240798 -0.746324 -21.334909 0.584909 3.008325 -13.821213 -2e-06 2e-06 -23.887167 -0.249078 -0.839482 -59.675453 2.231822 -1.117998 -0.294025 1.679689 0.833256 -14.218208 0.093215 1.30058 -34.212048 -0.287566 0.967172 -20.033211 0.964535 1.212844 1e-06 1e-06 0.0 -3.440388 0.788232 0.501656 -15.928185 -3.16731 2.999708 -6.338826 0.0 2e-06 -18.123444 3.648184 -4.90567 -4e-06 0.0 -2e-06 15.824138 6.402571 10.977224 59.101749 10.500114 -10.055664 -0.229329 20.214043 -0.344385 -20.864357 -0.497875 -13.155898 2.24354 -5.255035 -3.180155 14.282887 -0.826593 6.952501 -3e-06 -12.6906 0.0 15.879951 -17.861769 2.665184 1.665665 -1.955921 -2.878298 4.727797 -4.170587 4.993923 11.020521 4e-06 0.0 12.109047 -3.735714 -2.866782 0.0 -0.0 0.0 1.291984 -1.928549 -1.498089 14.800123 0.567469 3.865607 14.242566 -1.341735 -6.660654 19.631958 0.143926 -0.648242 49.532841 -0.605205 -6.230758 0.353028 -1.511149 -0.031939 20.222786 3.68431 2.316631 18.78727 4e-06 2e-06 10.751625 -0.479868 1.397907 -0.0 0.0 0.0 3.273806 0.305948 -0.58011 21.486809 11.830373 2.266135 8.162925 1e-06 0.0 18.399076 -3.798985 -4.940571 3e-06 -2e-06 -1e-06 7.806828 6.249082 1.241532 -0.130007 -0.219927 6.519425 -12.395572 1.36137 -3.896641 1.655098 -2.107066 0.236063 -0.0 -0.0 2e-06 -11.701458 -1.202732 1.610154 0.0313 0.402593 10.433681 9.285395 5.401111 -7.540461 -1.464328 0.975542 -0.136007 0.0 0.0 -1e-06 
0.0 0.0 0.0 0.0 -0.0 0.0 0.725091 98.891365 -1.33919 2.15051 0.110986 -3.453031 -0.875328 0.276912 1.424771 -0.808046 0.366359 -4.112767 -2.421367 -1.783135 8.13063 17.41201 -4.180206 2.441359 -0.527108 -1.060499 -3.80943 13.279953 -7.790387 -4.340855 7.7e-05 -2.4e-05 6e-06 -0.165029 0.252653 -0.080462 0.66331 -3.387964 -10.807932 -0.977418 3.883975 -10.912664 -22.639263 -1.333879 13.236771 -49.116173 -9.112221 -4.224499 0.507831 -22.732937 -0.284672 17.519302 4.735786 -23.624859 -5.882109 9.861289 0.702589 -10.936876 -0.360575 7.15621 -0.0 8.774828 -1e-06 -15.524467 18.285482 6.434531 -1.844033 2.498506 -2.507279 -10.163604 4.678946 4.621113 -20.97603 -2e-06 3e-06 -21.226295 2.451698 -3.594002 2e-06 -7e-06 -0.0 -1.362681 2.240798 -0.746324 -21.334921 0.584911 3.008326 -13.821218 -1e-06 2e-06 -23.887178 -0.249078 -0.839482 -59.652695 2.236479 -1.103556 -0.294025 1.679688 0.833256 -14.218214 0.093215 1.300582 -34.212059 -0.287562 0.967173 -20.033222 0.964538 1.212844 1e-06 1e-06 1e-06 -3.440389 0.788233 0.501655 -15.928194 -3.16731 2.999711 -6.338829 -0.0 2e-06 -18.123455 3.648185 -4.905673 -4e-06 0.0 -2e-06 15.727695 6.568966 10.900482 58.913162 10.874094 -10.315955 -0.130056 20.720961 -0.324238 -20.531063 -0.586961 -13.178718 2.243543 -5.25504 -3.180161 14.282896 -0.826595 6.952508 -4e-06 -12.690609 1e-06 15.880779 -17.851805 2.683435 1.665667 -1.955922 -2.878301 4.7278 -4.170588 4.993928 11.020529 4e-06 -1e-06 12.109056 -3.735717 -2.866785 0.0 -0.0 1e-06 1.291984 -1.928549 -1.49809 14.800134 0.567469 3.865612 14.242573 -1.341735 -6.66066 19.631971 0.143925 -0.648243 49.572567 -0.621319 -6.23411 0.353028 -1.511149 -0.031941 20.222797 3.68431 2.316635 18.787277 6e-06 2e-06 10.751633 -0.47987 1.397908 -0.0 1e-06 0.0 3.273809 0.305947 -0.580111 21.48682 11.830379 2.266138 8.16293 1e-06 1e-06 18.399088 -3.798987 -4.940575 2e-06 -2e-06 -1e-06 7.626981 5.984525 1.213801 -0.125757 -0.22743 6.646493 -12.260839 1.411599 -4.11667 1.657425 -2.109604 0.275202 0.0 -0.0 2e-06 -11.852748 -1.255973 1.918547 0.024663 0.401969 10.173337 9.346103 5.1851 -7.574742 -1.46664 0.978308 -0.162541 0.0 0.0 -1e-06 
0.0 0.0 0.0 0.0 -0.0 0.0 0.818751 98.875046 -1.064122 2.226978 0.38519 -3.383879 -0.89177 0.282644 1.381181 -0.807556 0.411981 -4.125251 -2.47774 -1.706659 8.117918 17.325788 -4.088061 2.259328 -0.523503 -1.028864 -3.809124 13.298652 -7.792975 -4.430041 7.7e-05 -2.2e-05 6e-06 -0.165507 0.256634 -0.080165 0.663791 -3.386931 -10.817227 -0.978862 3.890832 -10.92534 -22.63508 -1.31367 13.21715 -49.13945 -8.987001 -4.545245 0.497287 -22.817608 -0.301617 17.653366 4.517992 -23.589676 -5.882112 9.861295 0.70259 -10.936881 -0.360575 7.156209 0.0 8.774835 -1e-06 -15.477762 18.307657 6.467064 -1.844034 2.498506 -2.50728 -10.16361 4.67895 4.62111 -20.976044 -5e-06 -0.0 -21.226311 2.451695 -3.594005 1e-06 -6e-06 -0.0 -1.362682 2.240801 -0.746325 -21.334934 0.584911 3.008322 -13.821227 -3e-06 -1e-06 -23.887196 -0.24908 -0.839487 -59.623569 2.242813 -1.096479 -0.294025 1.679688 0.833256 -14.218223 0.093216 1.30058 -34.212078 -0.287567 0.967167 -20.033234 0.964534 1.212842 1e-06 1e-06 0.0 -3.440392 0.788235 0.501656 -15.928201 -3.167312 2.999708 -6.338833 -1e-06 1e-06 -18.123465 3.648185 -4.905678 -4e-06 0.0 -2e-06 15.656325 6.718999 10.869559 58.802437 11.239664 -10.52367 -0.041518 20.959743 -0.304869 -20.043022 -0.67057 -13.400939 2.243541 -5.255038 -3.180158 14.282896 -0.826596 6.952506 -3e-06 -12.690613 2e-06 15.893729 -17.858459 2.702803 1.665665 -1.955922 -2.878299 4.7278 -4.17059 4.993928 11.020531 4e-06 -0.0 12.109056 -3.735718 -2.866784 0.0 -0.0 0.0 1.291988 -1.928551 -1.498089 14.800136 0.567468 3.865611 14.242577 -1.341736 -6.66066 19.631973 0.143927 -0.648244 49.610226 -0.625921 -6.245776 0.353027 -1.511152 -0.031939 20.222799 3.684313 2.316632 18.787281 6e-06 0.0 10.751633 -0.479871 1.397907 -0.0 2e-06 0.0 3.273808 0.305948 -0.580111 21.48682 11.830384 2.266133 8.16293 -0.0 -0.0 18.39909 -3.798987 -4.940577 3e-06 -2e-06 -1e-06 7.451355 5.734919 1.1786 -0.121604 -0.239397 6.80857 -12.158545 1.443099 -4.351617 1.659097 -2.107071 0.304907 0.0 -0.0 2e-06 -11.999842 -1.295405 2.24359 0.016848 0.398189 9.916245 9.396194 4.942143 -7.578378 -1.469509 0.980878 -0.168084 0.0 0.0 -1e-06 
0.0 0.0 0.0 0.0 -0.0 0.0 0.916914 98.850746 -0.787914 2.30955 0.677153 -3.319715 -0.908403 0.288246 1.329459 -0.807808 0.452439 -4.137794 -2.525794 -1.634091 8.122128 17.225649 -3.993964 2.095888 -0.523074 -1.028497 -3.80656 13.306754 -7.791801 -4.513181 7.7e-05 -2.2e-05 6e-06 -0.166557 0.260718 -0.078849 0.661069 -3.384586 -10.818491 -0.978397 3.896581 -10.929008 -22.623234 -1.285164 13.215602 -49.163471 -8.889587 -4.738935 0.472728 -22.904293 -0.312435 17.728006 4.299769 -23.508131 -5.882107 9.861289 0.702591 -10.936874 -0.360575 7.156205 1e-06 8.774829 -1e-06 -15.447992 18.331854 6.494594 -1.844032 2.498505 -2.507279 -10.163604 4.678946 4.621107 -20.97603 -4e-06 1e-06 -21.226292 2.451697 -3.594001 2e-06 -6e-06 0.0 -1.362681 2.240798 -0.746323 -21.334921 0.58491 3.008322 -13.821218 -3e-06 2e-06 -23.887178 -0.24908 -0.839483 -59.609936 2.263291 -1.104668 -0.294023 1.679688 0.833256 -14.218213 0.093214 1.300578 -34.212063 -0.287565 0.967169 -20.033218 0.964536 1.212843 1e-06 1e-06 0.0 -3.440389 0.788234 0.501656 -15.928189 -3.167311 2.999706 -6.338828 -2e-06 0.0 -18.123451 3.648183 -4.905673 -4e-06 1e-06 -1e-06 15.630082 6.849528 10.876396 58.785259 11.581805 -10.800605 0.041655 20.921833 -0.277851 -19.457895 -0.749533 -13.921432 2.243543 -5.255037 -3.180159 14.282896 -0.826595 6.952505 -2e-06 -12.690609 1e-06 15.884307 -17.867002 2.729487 1.665667 -1.955921 -2.8783 4.727798 -4.170588 4.993927 11.020531 2e-06 -1e-06 12.109056 -3.735718 -2.866785 0.0 -0.0 1e-06 1.291985 -1.928549 -1.498089 14.800132 0.567469 3.865609 14.242577 -1.341735 -6.66066 19.631973 0.143927 -0.648245 49.626663 -0.625747 -6.236122 0.353029 -1.511151 -0.031939 20.222801 3.684309 2.31663 18.787279 5e-06 -2e-06 10.751631 -0.479867 1.397906 0.0 2e-06 0.0 3.273806 0.305948 -0.580111 21.48682 11.830379 2.266131 8.16293 -1e-06 -1e-06 18.399088 -3.798985 -4.940578 3e-06 -1e-06 -1e-06 7.2651 5.491331 1.107858 -0.117836 -0.250503 7.053863 -12.083551 1.441933 -4.619379 1.660638 -2.100635 0.312059 0.0 -0.0 2e-06 -12.153629 -1.327099 2.552864 0.008016 0.38499 9.718851 9.445928 4.678895 -7.594432 -1.472122 0.980813 -0.185054 0.0 0.0 -1e-06 
0.0 0.0 0.0 0.0 -0.0 0.0 1.01442 98.826447 -0.507143 2.400616 0.964037 -3.268538 -0.931394 0.302244 1.273863 -0.80777 0.485031 -4.154193 -2.561656 -1.575993 8.142243 17.098755 -3.898515 1.978204 -0.525231 -1.06216 -3.803793 13.311348 -7.772444 -4.591758 7.7e-05 -2.3e-05 6e-06 -0.169039 0.258984 -0.073987 0.657198 -3.387166 -10.813578 -0.979617 3.895818 -10.925144 -22.607508 -1.25259 13.231999 -49.193001 -8.799395 -4.772784 0.440331 -22.978155 -0.315982 17.746426 4.108344 -23.43932 -5.882109 9.861289 0.702591 -10.936873 -0.360574 7.156204 0.0 8.77483 -0.0 -15.434217 18.361395 6.512666 -1.844035 2.498506 -2.507277 -10.163601 4.678946 4.621108 -20.976027 -3e-06 0.0 -21.226294 2.451697 -3.594004 2e-06 -6e-06 -0.0 -1.362682 2.240799 -0.746323 -21.334917 0.584908 3.00832 -13.821215 -2e-06 1e-06 -23.887173 -0.24908 -0.839484 -59.613201 2.292283 -1.133478 -0.294024 1.679686 0.833256 -14.21821 0.093216 1.300579 -34.212051 -0.287566 0.967166 -20.033216 0.964534 1.212841 1e-06 -0.0 1e-06 -3.440389 0.788233 0.501654 -15.928185 -3.167311 2.999706 -6.338827 -0.0 0.0 -18.123446 3.648183 -4.905673 -3e-06 1e-06 -2e-06 15.644494 6.984428 10.912049 58.860168 11.889109 -11.165989 0.116585 20.598471 -0.25078 -18.707531 -0.868946 -14.705462 2.243541 -5.255038 -3.180159 14.282895 -0.826595 6.952506 -4e-06 -12.69061 0.0 15.862348 -17.886837 2.768554 1.665668 -1.955922 -2.878299 4.727798 -4.170588 4.993927 11.020529 3e-06 -1e-06 12.109055 -3.735717 -2.866785 0.0 -0.0 0.0 1.291986 -1.92855 -1.49809 14.800134 0.567471 3.865609 14.242576 -1.341737 -6.66066 19.631971 0.143929 -0.648244 49.644089 -0.619423 -6.212642 0.353029 -1.511152 -0.031941 20.222792 3.684312 2.316631 18.787273 6e-06 -1e-06 10.75163 -0.479866 1.397907 0.0 1e-06 0.0 3.273807 0.305948 -0.580111 21.486818 11.830383 2.266133 8.162928 1e-06 -0.0 18.399084 -3.798987 -4.940577 3e-06 -1e-06 -1e-06 7.076254 5.250134 1.083982 -0.112976 -0.258552 7.244399 -12.032728 1.428306 -4.843426 1.660723 -2.103099 0.31714 0.0 -0.0 2e-06 -12.322117 -1.384321 2.887088 -0.002436 0.369448 9.505935 9.508143 4.437975 -7.579956 -1.474647 0.978579 -0.198366 0.0 0.0 -1e-06 
0.0 0.0 0.0 0.0 -0.0 0.0 1.107178 98.803101 -0.223268 2.498185 1.249542 -3.228253 -0.966518 0.319382 1.213588 -0.809894 0.510651 -4.171188 -2.58857 -1.534122 8.177382 16.970659 -3.822258 1.908826 -0.518275 -1.094085 -3.799793 13.306872 -7.730134 -4.659052 7.7e-05 -2.3e-05 6e-06 -0.175853 0.256347 -0.067379 0.648804 -3.389767 -10.807072 -0.9851 3.893611 -10.920212 -22.597269 -1.222992 13.250796 -49.218914 -8.715198 -4.625208 0.419904 -23.015602 -0.328697 17.722776 3.959637 -23.431318 -5.882106 9.861288 0.702592 -10.936875 -0.360574 7.156209 0.0 8.77483 -1e-06 -15.424405 18.390881 6.533724 -1.844033 2.498504 -2.507279 -10.163602 4.678946 4.621111 -20.976028 -3e-06 2e-06 -21.226292 2.451698 -3.594001 2e-06 -6e-06 -0.0 -1.362681 2.240798 -0.746324 -21.334921 0.584909 3.008326 -13.821218 -1e-06 3e-06 -23.887182 -0.249078 -0.839482 -59.638569 2.317628 -1.161651 -0.294026 1.679687 0.833256 -14.218212 0.093214 1.300582 -34.212051 -0.287563 0.967174 -20.033218 0.964539 1.212846 1e-06 1e-06 1e-06 -3.44039 0.788233 0.501655 -15.928189 -3.167311 2.999708 -6.338829 -1e-06 2e-06 -18.123451 3.648185 -4.905673 -4e-06 1e-06 -2e-06 15.728302 7.111515 10.968541 58.971771 12.16925 -11.6443 0.195733 19.978523 -0.230224 -17.736761 -1.035556 -15.743518 2.243543 -5.255039 -3.180158 14.282896 -0.826594 6.952507 -2e-06 -12.690609 -0.0 15.838922 -17.919827 2.815768 1.665665 -1.955922 -2.8783 4.7278 -4.170589 4.993925 11.020529 3e-06 0.0 12.109055 -3.735717 -2.866784 -0.0 -1e-06 0.0 1.291986 -1.92855 -1.49809 14.800136 0.56747 3.865611 14.242577 -1.341737 -6.660659 19.631973 0.143926 -0.648244 49.681366 -0.608057 -6.181311 0.353029 -1.51115 -0.03194 20.222797 3.684313 2.316631 18.787279 5e-06 1e-06 10.751631 -0.479869 1.397907 -0.0 2e-06 0.0 3.273808 0.305947 -0.580111 21.48682 11.83038 2.266137 8.16293 1e-06 0.0 18.399088 -3.798988 -4.940575 3e-06 -1e-06 -1e-06 6.892833 5.031819 1.10764 -0.108677 -0.266259 7.370578 -11.996821 1.387593 -5.013206 1.659346 -2.113905 0.318563 0.0 0.0 2e-06 -12.504509 -1.476774 3.245808 -0.011098 0.352026 9.274845 9.596219 4.228457 -7.554617 -1.477172 0.980587 -0.198502 0.0 0.0 -1e-06 
0.0 0.0 0.0 0.0 -0.0 0.0 1.195144 98.776459 0.068012 2.600515 1.557513 -3.189715 -1.01632 0.331078 1.151235 -0.81301 0.529026 -4.185756 -2.599869 -1.498356 8.217734 16.827923 -3.781805 1.881117 -0.474455 -1.078437 -3.792458 13.299555 -7.67687 -4.736817 7.7e-05 -2.3e-05 6e-06 -0.183116 0.261861 -0.06243 0.638922 -3.385203 -10.801467 -0.989915 3.900991 -10.913018 -22.603968 -1.194735 13.251699 -49.250946 -8.67234 -4.333453 0.428589 -22.960443 -0.345964 17.650427 3.856717 -23.443729 -5.882112 9.861293 0.70259 -10.936879 -0.360574 7.156212 0.0 8.774831 -1e-06 -15.415104 18.415627 6.563465 -1.844034 2.498507 -2.507279 -10.163605 4.678949 4.621112 -20.97604 -1e-06 1e-06 -21.226303 2.4517 -3.594005 1e-06 -6e-06 -0.0 -1.362683 2.2408 -0.746324 -21.334929 0.584911 3.008326 -13.821223 -1e-06 2e-06 -23.887184 -0.249076 -0.839486 -59.685009 2.348539 -1.173723 -0.294026 1.679689 0.833256 -14.218219 0.093216 1.300582 -34.212074 -0.287561 0.967167 -20.03323 0.964538 1.212842 1e-06 1e-06 1e-06 -3.440393 0.788234 0.501656 -15.928201 -3.16731 2.999709 -6.33883 -0.0 1e-06 -18.123461 3.648185 -4.905676 -3e-06 1e-06 -2e-06 15.896729 7.212666 11.071092 59.112862 12.435097 -12.236075 0.265333 19.097008 -0.220099 -16.542656 -1.254851 -17.112526 2.243542 -5.255037 -3.180159 14.282887 -0.826594 6.952502 -2e-06 -12.690605 -0.0 15.810594 -17.959179 2.871835 1.665664 -1.95592 -2.878299 4.727798 -4.170588 4.993923 11.020524 3e-06 -1e-06 12.109052 -3.735717 -2.866785 0.0 -0.0 0.0 1.291986 -1.92855 -1.498089 14.800127 0.567469 3.865607 14.242571 -1.341736 -6.660659 19.631968 0.143928 -0.648246 49.726589 -0.597776 -6.150256 0.353029 -1.51115 -0.03194 20.222788 3.684311 2.316629 18.78727 4e-06 -1e-06 10.751625 -0.479869 1.397906 -0.0 2e-06 0.0 3.273806 0.305947 -0.58011 21.486809 11.830376 2.266133 8.162926 1e-06 -0.0 18.39908 -3.798985 -4.940576 2e-06 -1e-06 -2e-06 6.710842 4.820807 1.133054 -0.106069 -0.275227 7.502018 -11.959378 1.32259 -5.179421 1.656857 -2.127294 0.319349 0.0 -0.0 2e-06 -12.702334 -1.634166 3.611614 -0.014623 0.336496 9.063169 9.703747 4.071961 -7.534431 -1.479367 0.984277 -0.171027 0.0 0.0 -1e-06 
0.0 0.0 0.0 0.0 -0.0 0.0 1.273699 98.748055 0.364557 2.715843 1.863984 -3.148947 -1.083023 0.346816 1.088391 -0.819761 0.54753 -4.197342 -2.598673 -1.467697 8.257733 16.673296 -3.786563 1.887912 -0.40387 -1.006273 -3.781725 13.324333 -7.611275 -4.825906 7.7e-05 -2.2e-05 6e-06 -0.188641 0.27526 -0.061139 0.630062 -3.373813 -10.795083 -0.992224 3.917263 -10.90039 -22.627081 -1.169951 13.26897 -49.29591 -8.685843 -4.053033 0.438581 -22.832357 -0.348204 17.598661 3.798271 -23.428953 -5.882109 9.861288 0.702589 -10.936877 -0.360574 7.156209 -0.0 8.774826 -2e-06 -15.402617 18.42131 6.598636 -1.844034 2.498506 -2.507279 -10.163604 4.678946 4.621109 -20.976034 -3e-06 2e-06 -21.226297 2.451698 -3.594002 2e-06 -6e-06 -1e-06 -1.362682 2.2408 -0.746323 -21.334923 0.584911 3.008324 -13.82122 -1e-06 2e-06 -23.88718 -0.249078 -0.839484 -59.707165 2.379261 -1.157441 -0.294024 1.679687 0.833256 -14.218215 0.093216 1.300581 -34.212067 -0.287563 0.96717 -20.033222 0.964537 1.212843 1e-06 1e-06 1e-06 -3.44039 0.788233 0.501655 -15.928192 -3.16731 2.999709 -6.338829 -1e-06 2e-06 -18.123457 3.648182 -4.905673 -4e-06 1e-06 -2e-06 16.145935 7.270225 11.183199 59.304882 12.632762 -12.822339 0.295984 18.04307 -0.218502 -15.137605 -1.541174 -18.783964 2.243545 -5.255038 -3.180159 14.282898 -0.826596 6.952504 -2e-06 -12.690609 1e-06 15.785141 -18.004765 2.929816 1.665668 -1.955923 -2.8783 4.727799 -4.17059 4.993925 11.020531 3e-06 -3e-06 12.109058 -3.735717 -2.866786 0.0 -0.0 1e-06 1.291986 -1.928551 -1.49809 14.800132 0.567468 3.865606 14.242579 -1.341735 -6.660661 19.631975 0.143927 -0.648247 49.7799 -0.585744 -6.125481 0.353029 -1.511151 -0.031939 20.222801 3.684312 2.316628 18.787283 8e-06 -2e-06 10.751633 -0.479869 1.397905 -1e-06 1e-06 0.0 3.273808 0.305947 -0.580112 21.486822 11.830381 2.266131 8.16293 2e-06 -2e-06 18.39909 -3.798984 -4.940579 2e-06 -0.0 -1e-06 6.522829 4.601094 1.184169 -0.103278 -0.283432 7.587669 -11.924513 1.26955 -5.322483 1.654684 -2.137541 0.303809 0.0 -0.0 2e-06 -12.915771 -1.827604 3.961763 -0.012499 0.332922 8.889913 9.812931 3.920748 -7.520727 -1.48109 0.991473 -0.133808 0.0 -0.0 -1e-06 
0.0 0.0 0.0 0.0 -0.0 0.0 1.341331 98.724518 0.651724 2.842604 2.146649 -3.089066 -1.152266 0.362859 1.026708 -0.831889 0.574982 -4.219495 -2.595266 -1.438258 8.303868 16.507643 -3.780605 1.907083 -0.351385 -0.93983 -3.771217 13.361714 -7.564225 -4.93372 7.7e-05 -2.2e-05 6e-06 -0.193364 0.291367 -0.064286 0.620385 -3.359344 -10.782952 -0.991839 3.935755 -10.880269 -22.667376 -1.149708 13.285167 -49.340199 -8.729828 -3.811719 0.428835 -22.71244 -0.331646 17.592106 3.790534 -23.349274 -5.882108 9.861288 0.70259 -10.936872 -0.360574 7.156204 -0.0 8.774827 -1e-06 -15.372487 18.41087 6.642963 -1.844033 2.498505 -2.507277 -10.163603 4.678948 4.621107 -20.976027 -4e-06 -3e-06 -21.226292 2.451695 -3.594004 1e-06 -6e-06 -0.0 -1.362681 2.240798 -0.746324 -21.334917 0.584909 3.008319 -13.821216 -3e-06 -1e-06 -23.887173 -0.249081 -0.839486 -59.688007 2.388832 -1.10564 -0.294026 1.679688 0.833257 -14.218212 0.093215 1.300578 -34.212063 -0.287566 0.967166 -20.033218 0.964535 1.21284 0.0 1e-06 1e-06 -3.440389 0.788234 0.501655 -15.928189 -3.16731 2.999706 -6.338827 -1e-06 -0.0 -18.123447 3.648182 -4.905674 -4e-06 1e-06 -2e-06 16.446806 7.293079 11.317395 59.540787 12.768181 -13.239804 0.286603 16.907396 -0.221184 -13.650548 -1.835209 -20.45965 2.243542 -5.255037 -3.18016 14.282896 -0.826595 6.952505 -2e-06 -12.690607 1e-06 15.769215 -18.061943 2.976419 1.665667 -1.955923 -2.878299 4.7278 -4.17059 4.993926 11.020531 3e-06 -2e-06 12.109058 -3.735717 -2.866786 0.0 -0.0 1e-06 1.291986 -1.928551 -1.498089 14.800132 0.567467 3.86561 14.242577 -1.341737 -6.660661 19.631971 0.143926 -0.648247 49.822681 -0.5852 -6.14309 0.353029 -1.511151 -0.03194 20.222797 3.684311 2.316629 18.787279 6e-06 -1e-06 10.751631 -0.479869 1.397906 -0.0 1e-06 1e-06 3.273807 0.305948 -0.58011 21.48682 11.830378 2.266132 8.16293 -0.0 -1e-06 18.399088 -3.798985 -4.940578 3e-06 -0.0 -1e-06 6.335019 4.393834 1.26644 -0.099291 -0.28182 7.567626 -11.890648 1.213867 -5.401834 1.651108 -2.135463 0.289723 0.0 -0.0 2e-06 -13.138926 -2.040981 4.273535 -0.00797 0.346141 8.728298 9.913286 3.753092 -7.493679 -1.481089 1.001836 -0.108305 0.0 -0.0 -1e-06 
0.0 0.0 0.0 0.0 -0.0 0.0 1.395083 98.699654 0.917874 2.970013 2.395673 -3.017158 -1.208198 0.369028 0.972643 -0.842963 0.603314 -4.254972 -2.599931 -1.398086 8.360318 16.324278 -3.732701 1.951386 -0.34157 -0.934154 -3.764118 13.362944 -7.532375 -5.043147 7.7e-05 -2.3e-05 6e-06 -0.194545 0.304735 -0.069626 0.613689 -3.348341 -10.77206 -0.987298 3.951797 -10.862511 -22.708105 -1.135733 13.285297 -49.393505 -8.76394 -3.547211 0.412017 -22.681992 -0.309207 17.634197 3.797988 -23.215879 -5.882112 9.861289 0.702591 -10.93688 -0.360573 7.15621 -0.0 8.77483 0.0 -15.333413 18.377016 6.689842 -1.844034 2.498505 -2.507278 -10.163608 4.678947 4.621111 -20.976038 -1e-06 2e-06 -21.226303 2.451699 -3.594003 1e-06 -6e-06 -0.0 -1.362682 2.240799 -0.746323 -21.334929 0.584914 3.008325 -13.821225 -2e-06 2e-06 -23.887188 -0.249078 -0.839485 -59.675316 2.3781 -1.02623 -0.294024 1.679688 0.833257 -14.218219 0.093217 1.300581 -34.212074 -0.287561 0.967169 -20.033226 0.964539 1.212843 1e-06 1e-06 1e-06 -3.440392 0.788235 0.501656 -15.928201 -3.16731 2.999709 -6.338831 0.0 1e-06 -18.123459 3.648186 -4.905674 -4e-06 0.0 -1e-06 16.767441 7.295847 11.523706 59.831455 12.856365 -13.515425 0.274312 15.814272 -0.213204 -12.270225 -2.042329 -21.94655 2.243541 -5.255037 -3.180157 14.282894 -0.826595 6.952503 -2e-06 -12.690605 2e-06 15.767627 -18.107735 3.001882 1.665667 -1.955922 -2.878298 4.7278 -4.170588 4.993925 11.020529 2e-06 -0.0 12.109056 -3.735717 -2.866786 -0.0 -0.0 -1e-06 1.291986 -1.928549 -1.498089 14.800131 0.567467 3.865608 14.242575 -1.341737 -6.660659 19.631969 0.143926 -0.648246 49.853901 -0.596698 -6.199411 0.353029 -1.511151 -0.031939 20.222795 3.68431 2.316629 18.787273 4e-06 -1e-06 10.751629 -0.479871 1.397906 -0.0 2e-06 1e-06 3.273808 0.305947 -0.58011 21.486818 11.830377 2.266131 8.16293 0.0 -1e-06 18.399088 -3.798985 -4.940578 4e-06 -0.0 -1e-06 6.15678 4.19732 1.331693 -0.09991 -0.276592 7.544571 -11.861526 1.195793 -5.482603 1.647319 -2.12605 0.30355 0.0 0.0 2e-06 -13.345403 -2.236501 4.509843 -0.002149 0.364752 8.644689 9.963425 3.591542 -7.495851 -1.47968 1.006456 -0.097599 0.0 -0.0 -1e-06 
0.0 0.0 0.0 0.0 -0.0 0.0 1.442712 98.676147 1.157065 3.095151 2.61335 -2.950818 -1.245533 0.364197 0.939435 -0.852378 0.621225 -4.290735 -2.6222 -1.357283 8.424157 16.119116 -3.633397 2.020788 -0.371931 -0.991858 -3.761125 13.30227 -7.482505 -5.123482 7.7e-05 -2.2e-05 6e-06 -0.190907 0.303161 -0.075692 0.611906 -3.352926 -10.76443 -0.978044 3.953134 -10.849165 -22.747004 -1.109769 13.299536 -49.45657 -8.815615 -3.23106 0.414995 -22.740849 -0.295172 17.71073 3.766189 -23.111685 -5.882111 9.86129 0.702589 -10.936878 -0.360575 7.15621 -0.0 8.77483 -1e-06 -15.317833 18.346169 6.71715 -1.844035 2.498505 -2.507279 -10.163606 4.678946 4.621111 -20.976036 -1e-06 0.0 -21.226301 2.451699 -3.594003 2e-06 -6e-06 -0.0 -1.362681 2.240799 -0.746325 -21.334927 0.584911 3.008325 -13.821222 -1e-06 1e-06 -23.887184 -0.249078 -0.839485 -59.717419 2.350352 -0.954229 -0.294026 1.679689 0.833257 -14.218219 0.093215 1.300581 -34.212074 -0.287562 0.967169 -20.03323 0.964537 1.212844 1e-06 1e-06 1e-06 -3.44039 0.788235 0.501656 -15.928196 -3.167311 2.999708 -6.33883 -1e-06 2e-06 -18.123459 3.648184 -4.905674 -3e-06 0.0 -1e-06 17.070152 7.312992 11.80415 60.225822 12.887338 -13.764512 0.270146 14.848029 -0.194132 -10.98219 -2.169032 -23.214453 2.243542 -5.255038 -3.180157 14.282894 -0.826595 6.952503 -2e-06 -12.690607 0.0 15.784741 -18.145706 3.007731 1.665666 -1.955922 -2.878299 4.727799 -4.170588 4.993924 11.020528 3e-06 -2e-06 12.109054 -3.735717 -2.866784 -0.0 -0.0 -0.0 1.291986 -1.92855 -1.49809 14.800131 0.567468 3.865608 14.242577 -1.341736 -6.660659 19.631971 0.143925 -0.648246 49.889019 -0.597369 -6.278745 0.353029 -1.511152 -0.03194 20.222794 3.68431 2.316629 18.787273 5e-06 -2e-06 10.751629 -0.479867 1.397906 -1e-06 2e-06 1e-06 3.273808 0.305947 -0.580111 21.486816 11.830379 2.266132 8.162928 2e-06 -1e-06 18.399088 -3.798987 -4.940578 4e-06 -0.0 -1e-06 5.985948 3.993733 1.403824 -0.105253 -0.270999 7.499973 -11.830308 1.246622 -5.585898 1.645496 -2.115105 0.3365 -0.0 0.0 2e-06 -13.536832 -2.39414 4.708851 0.00166 0.377126 8.591928 9.98094 3.45073 -7.503529 -1.478237 1.000938 -0.116419 -0.0 -0.0 -1e-06 
0.0 0.0 0.0 0.0 -0.0 0.0 1.483209 98.662468 1.3694 3.21558 2.772218 -2.888619 -1.270027 0.3625 0.915068 -0.859981 0.625182 -4.31708 -2.659317 -1.304727 8.488915 15.895045 -3.50125 2.098816 -0.428102 -1.078212 -3.759244 13.192629 -7.393595 -5.157805 7.7e-05 -2.2e-05 6e-06 -0.183438 0.290044 -0.080729 0.615333 -3.371128 -10.76021 -0.966388 3.944614 -10.838134 -22.794481 -1.083458 13.346873 -49.518291 -8.897469 -2.867727 0.458752 -22.852659 -0.309074 17.821508 3.635732 -23.129539 -5.882109 9.861292 0.702591 -10.936877 -0.360575 7.156209 1e-06 8.774833 -1e-06 -15.303584 18.322601 6.720754 -1.844032 2.498506 -2.507279 -10.163604 4.678947 4.62111 -20.976034 -5e-06 1e-06 -21.226297 2.451698 -3.594002 1e-06 -6e-06 -1e-06 -1.362682 2.240799 -0.746324 -21.334925 0.584909 3.008325 -13.821221 -2e-06 2e-06 -23.887184 -0.24908 -0.839482 -59.790958 2.328233 -0.928996 -0.294025 1.679688 0.833257 -14.218215 0.093214 1.30058 -34.212063 -0.287565 0.967172 -20.033222 0.964536 1.212845 1e-06 1e-06 0.0 -3.440391 0.788234 0.501656 -15.928196 -3.167312 2.999708 -6.33883 -0.0 2e-06 -18.123459 3.648185 -4.905674 -3e-06 -0.0 -2e-06 17.33058 7.326043 12.119874 60.732391 12.84139 -14.034958 0.283691 14.070243 -0.165834 -9.729291 -2.248309 -24.426636 2.243544 -5.255042 -3.180159 14.282907 -0.826596 6.952507 -2e-06 -12.69062 1e-06 15.81822 -18.17655 3.007164 1.665669 -1.955924 -2.8783 4.727804 -4.170593 4.993927 11.02054 2e-06 -2e-06 12.109068 -3.73572 -2.866788 -0.0 -0.0 -0.0 1.291987 -1.928552 -1.498089 14.800142 0.567469 3.865608 14.242588 -1.341738 -6.660665 19.631989 0.143928 -0.648246 49.934742 -0.551193 -6.355867 0.353029 -1.511153 -0.031941 20.222816 3.684316 2.316629 18.787296 6e-06 -4e-06 10.751639 -0.479866 1.397905 0.0 2e-06 0.0 3.27381 0.305946 -0.580112 21.486839 11.830391 2.266133 8.162937 3e-06 -3e-06 18.399103 -3.798987 -4.940584 4e-06 -0.0 -1e-06 5.828251 3.780646 1.53934 -0.112633 -0.273155 7.324044 -11.822185 1.400033 -5.672887 1.645849 -2.103879 0.349735 -0.0 -0.0 2e-06 -13.714565 -2.502328 4.892508 -0.000727 0.384556 8.50348 9.978517 3.342504 -7.471116 -1.479546 0.990104 -0.164199 -0.0 -0.0 -1e-06 
0.0 0.0 0.0 0.0 -0.0 0.0 1.514583 98.649094 1.554107 3.324934 2.863135 -2.816305 -1.288409 0.361595 0.879707 -0.863536 0.623858 -4.339993 -2.697704 -1.243404 8.568759 15.656918 -3.353491 2.182497 -0.472952 -1.170104 -3.760628 13.051536 -7.242279 -5.171267 7.6e-05 -2.3e-05 6e-06 -0.180207 0.275013 -0.083731 0.61702 -3.392162 -10.758519 -0.961786 3.934978 -10.829844 -22.876896 -1.085153 13.407127 -49.546452 -8.977249 -2.461483 0.521441 -22.999958 -0.345127 17.838951 3.447265 -23.27265 -5.882112 9.861292 0.70259 -10.936878 -0.360574 7.156207 -1e-06 8.77483 -2e-06 -15.299191 18.289841 6.697996 -1.844035 2.498505 -2.50728 -10.163608 4.678948 4.621109 -20.976038 -1e-06 0.0 -21.226303 2.451699 -3.594005 1e-06 -7e-06 -1e-06 -1.362684 2.240801 -0.746324 -21.334929 0.584912 3.008323 -13.821221 -1e-06 0.0 -23.887184 -0.249078 -0.839487 -59.858555 2.310523 -0.961751 -0.294024 1.679689 0.833255 -14.218219 0.093216 1.300579 -34.212074 -0.287563 0.967167 -20.033228 0.964537 1.212842 1e-06 2e-06 0.0 -3.440389 0.788234 0.501656 -15.928196 -3.167308 2.999707 -6.33883 -1e-06 1e-06 -18.123459 3.648184 -4.905675 -3e-06 -0.0 -2e-06 17.559042 7.344295 12.418916 61.271976 12.710152 -14.209252 0.31337 13.475709 -0.135704 -8.531416 -2.305051 -25.688562 2.243543 -5.255038 -3.180159 14.2829 -0.826596 6.952505 -2e-06 -12.690612 3e-06 15.844977 -18.16703 3.020022 1.665666 -1.955921 -2.878301 4.727801 -4.17059 4.993926 11.020534 4e-06 -4e-06 12.109059 -3.735717 -2.866786 0.0 0.0 -0.0 1.291986 -1.928551 -1.498089 14.800136 0.567468 3.865609 14.242581 -1.341736 -6.660663 19.631979 0.143927 -0.648247 49.988838 -0.426488 -6.362381 0.353029 -1.51115 -0.03194 20.222803 3.684311 2.316628 18.787287 6e-06 -4e-06 10.751634 -0.479868 1.397905 0.0 2e-06 -0.0 3.273808 0.305947 -0.580111 21.486828 11.830381 2.266132 8.162931 2e-06 -2e-06 18.399094 -3.798989 -4.94058 5e-06 -0.0 -2e-06 5.682464 3.586773 1.655687 -0.113513 -0.274512 7.154934 -11.86192 1.610288 -5.80827 1.649077 -2.09229 0.329602 -0.0 0.0 2e-06 -13.85772 -2.559017 4.990018 -0.009723 0.389177 8.479658 9.965122 3.277952 -7.453473 -1.484434 0.973286 -0.226558 -0.0 -0.0 -1e-06 
0.0 0.0 0.0 0.0 -0.0 0.0 1.534675 98.627625 1.723626 3.431119 2.88481 -2.742058 -1.327965 0.35433 0.842472 -0.866412 0.625556 -4.357837 -2.710167 -1.198858 8.648708 15.40089 -3.240101 2.286407 -0.446637 -1.178494 -3.766989 12.87694 -7.077676 -5.178779 7.7e-05 -2.3e-05 6e-06 -0.18051 0.270274 -0.082256 0.617768 -3.399234 -10.743916 -0.963359 3.932022 -10.808897 -22.99641 -1.11035 13.454466 -49.546703 -9.022095 -2.037234 0.566701 -23.130638 -0.380647 17.760927 3.283715 -23.631845 -5.882108 9.861287 0.702591 -10.936873 -0.360575 7.156206 0.0 8.774828 -1e-06 -15.301333 18.264235 6.667835 -1.844033 2.498504 -2.507279 -10.163601 4.678945 4.621109 -20.976025 -3e-06 0.0 -21.22629 2.451697 -3.594002 2e-06 -6e-06 -0.0 -1.362682 2.240799 -0.746324 -21.334917 0.58491 3.008323 -13.821215 -1e-06 1e-06 -23.887171 -0.249077 -0.839484 -59.885281 2.29639 -0.986522 -0.294026 1.679688 0.833256 -14.218211 0.093216 1.30058 -34.212063 -0.287565 0.967167 -20.033216 0.964536 1.212843 1e-06 1e-06 1e-06 -3.440389 0.788234 0.501657 -15.928189 -3.16731 2.999707 -6.338827 0.0 1e-06 -18.123451 3.648184 -4.905674 -4e-06 1e-06 -2e-06 17.731506 7.376117 12.647408 61.828972 12.517201 -14.169819 0.375938 13.023026 -0.096962 -7.55354 -2.386335 -26.973829 2.243542 -5.255037 -3.180157 14.282894 -0.826595 6.952501 -2e-06 -12.690606 0.0 15.839712 -18.115852 3.062151 1.665666 -1.955922 -2.878299 4.727798 -4.170588 4.993924 11.020527 2e-06 -1e-06 12.109052 -3.735716 -2.866784 0.0 0.0 -0.0 1.291986 -1.92855 -1.49809 14.800129 0.567469 3.865608 14.242576 -1.341735 -6.660657 19.631973 0.143927 -0.648245 50.04948 -0.257686 -6.262642 0.35303 -1.511152 -0.03194 20.222795 3.68431 2.316629 18.787273 6e-06 -1e-06 10.751629 -0.479869 1.397905 -0.0 1e-06 -0.0 3.273807 0.305946 -0.580112 21.486816 11.830379 2.266132 8.162929 2e-06 -0.0 18.399084 -3.798984 -4.940577 4e-06 -0.0 -2e-06 5.542067 3.444122 1.733824 -0.105423 -0.257766 7.06645 -11.908724 1.831052 -5.977573 1.654364 -2.084352 0.253399 -0.0 -0.0 2e-06 -13.969802 -2.562917 4.984875 -0.017923 0.38863 8.585503 9.930397 3.248076 -7.547965 -1.491668 0.966706 -0.314487 -0.0 -0.0 -1e-06 
0.0 0.0 0.0 0.0 -0.0 0.0 1.543291 98.602066 1.865867 3.530671 2.870825 -2.661762 -1.403101 0.347823 0.81443 -0.874657 0.627674 -4.366913 -2.67148 -1.222705 8.719769 15.112953 -3.231845 2.427318 -0.337968 -1.029982 -3.777047 12.665218 -6.997282 -5.170392 7.7e-05 -2.3e-05 6e-06 -0.184417 0.273797 -0.078372 0.609591 -3.393514 -10.715276 -0.963257 3.932268 -10.77088 -23.122417 -1.145259 13.47331 -49.518944 -9.046853 -1.580049 0.598999 -23.193937 -0.404247 17.620552 3.237401 -24.055523 -5.882113 9.86129 0.702588 -10.936878 -0.360573 7.156206 -0.0 8.774828 -1e-06 -15.253185 18.283895 6.684119 -1.844034 2.498507 -2.507279 -10.163607 4.678947 4.621108 -20.97604 -1e-06 -1e-06 -21.226303 2.451698 -3.594005 2e-06 -7e-06 0.0 -1.362683 2.240799 -0.746324 -21.334929 0.584912 3.008321 -13.821222 -1e-06 -1e-06 -23.887188 -0.249079 -0.839489 -59.866173 2.288615 -0.97483 -0.294024 1.679688 0.833256 -14.218217 0.093216 1.300578 -34.212078 -0.287561 0.967164 -20.033226 0.964536 1.21284 1e-06 1e-06 1e-06 -3.440389 0.788234 0.501656 -15.928196 -3.167308 2.999707 -6.33883 -1e-06 -0.0 -18.123457 3.648186 -4.905674 -4e-06 1e-06 -1e-06 17.83584 7.402921 12.789155 62.34407 12.319915 -14.141647 0.489707 12.612442 -0.049981 -6.925347 -2.403566 -27.911755 2.243544 -5.255039 -3.180159 14.282896 -0.826598 6.952503 0.0 -12.690607 -0.0 15.754417 -18.063517 3.169885 1.665667 -1.955922 -2.878299 4.7278 -4.170588 4.993925 11.020529 1e-06 -2e-06 12.109056 -3.735718 -2.866786 0.0 -0.0 -1e-06 1.291986 -1.92855 -1.498089 14.800134 0.567466 3.865606 14.242579 -1.341739 -6.660663 19.631973 0.143924 -0.648249 50.09721 -0.152592 -6.11092 0.353029 -1.511151 -0.031941 20.222799 3.684306 2.316628 18.787279 4e-06 -5e-06 10.751632 -0.47987 1.397905 -1e-06 1e-06 0.0 3.273808 0.305947 -0.580112 21.486818 11.830374 2.266131 8.16293 -0.0 -3e-06 18.39909 -3.798987 -4.940581 4e-06 -0.0 -1e-06 5.416472 3.352083 1.75538 -0.095236 -0.213754 7.055027 -11.914541 2.029724 -6.108083 1.655015 -2.084069 0.209845 -0.0 0.0 2e-06 -14.057019 -2.539696 4.88936 -0.018341 0.388355 8.797393 9.885861 3.168995 -7.777058 -1.497788 0.972769 -0.438095 -0.0 -0.0 -1e-06 
