HIERARCHY
ROOT Root
{
  OFFSET 0.0 0.0 0.0
  CHANNELS 6 Xposition Yposition Zposition Zrotation Yrotation Xrotation
  JOINT Hips
  {
    OFFSET 0.0 100.0 0.0
    CHANNELS 6 Xposition Yposition Zposition Zrotation Yrotation Xrotation
    JOINT Spine1
    {
      OFFSET -0.013727 5.003763 -0.053727
      CHANNELS 3 Zrotation Yrotation Xrotation
      JOINT Spine2
      {
        OFFSET -0.0 7.125301 -0.029825
        CHANNELS 3 Zrotation Yrotation Xrotation
        JOINT Chest
        {
          OFFSET -1e-06 7.550063 -0.815971
          CHANNELS 3 Zrotation Yrotation Xrotation
          JOINT Neck1
          {
            OFFSET -0.181677 26.311295 -0.553348
            CHANNELS 3 Zrotation Yrotation Xrotation
            JOINT Neck2
            {
              OFFSET -3e-06 7.709397 2.302585
              CHANNELS 3 Zrotation Yrotation Xrotation
              JOINT Head
              {
                OFFSET -5e-06 6.128916 1.953709
                CHANNELS 3 Zrotation Yrotation Xrotation
                JOINT HeadEnd
                {
                  OFFSET 0.003598 16.065403 -1.835379
                  CHANNELS 3 Zrotation Yrotation Xrotation
                }
                JOINT Jaw
                {
                  OFFSET 0.002637 0.475592 3.094941
                  CHANNELS 3 Zrotation Yrotation Xrotation
                }
                JOINT LeftEye
                {
                  OFFSET 3.206381 5.380205 7.586883
                  CHANNELS 3 Zrotation Yrotation Xrotation
                }
                JOINT RightEye
                {
                  OFFSET -3.22244 5.361869 7.558234
                  CHANNELS 3 Zrotation Yrotation Xrotation
                }
              }
            }
          }
          JOINT LeftShoulder
          {
            OFFSET 1.621652 23.237164 5.113413
            CHANNELS 3 Zrotation Yrotation Xrotation
            JOINT LeftArm
            {
              OFFSET 14.919846 2e-06 -5.502326
              CHANNELS 3 Zrotation Yrotation Xrotation
              JOINT LeftForeArm
              {
                OFFSET 28.739307 0.0 -0.002588
                CHANNELS 3 Zrotation Yrotation Xrotation
                JOINT LeftHand
                {
                  OFFSET 27.093981 -1e-06 0.002609
                  CHANNELS 3 Zrotation Yrotation Xrotation
                  JOINT LeftHandThumb1
                  {
                    OFFSET 2.276482 -1.392045 3.191413
                    CHANNELS 3 Zrotation Yrotation Xrotation
                    JOINT LeftHandThumb2
                    {
                      OFFSET 4.012836 -1.828127 1.641654
                      CHANNELS 3 Zrotation Yrotation Xrotation
                      JOINT LeftHandThumb3
                      {
                        OFFSET 2.798515 0.0 -3e-06
                        CHANNELS 3 Zrotation Yrotation Xrotation
                        JOINT LeftHandThumbEnd
                        {
                          OFFSET 3.180793 -4e-06 4e-06
                          CHANNELS 3 Zrotation Yrotation Xrotation
                        }
                      }
                    }
                  }
                  JOINT LeftHandIndex1
                  {
                    OFFSET 3.247555 -0.531998 2.296169
                    CHANNELS 3 Zrotation Yrotation Xrotation
                    JOINT LeftHandIndex2
                    {
                      OFFSET 6.364578 0.01206 0.1786
                      CHANNELS 3 Zrotation Yrotation Xrotation
                      JOINT LeftHandIndex3
                      {
                        OFFSET 3.662364 0.0 0.0
                        CHANNELS 3 Zrotation Yrotation Xrotation
                        JOINT LeftHandIndex4
                        {
                          OFFSET 2.329242 4e-06 4e-06
                          CHANNELS 3 Zrotation Yrotation Xrotation
                          JOINT LeftHandIndexEnd
                          {
                            OFFSET 2.759615 -0.180537 -0.113024
                            CHANNELS 3 Zrotation Yrotation Xrotation
                          }
                        }
                      }
                    }
                  }
                  JOINT LeftHandMiddle1
                  {
                    OFFSET 3.163495 0.240981 1.000332
                    CHANNELS 3 Zrotation Yrotation Xrotation
                    JOINT LeftHandMiddle2
                    {
                      OFFSET 6.19078 -0.259278 -1.002548
                      CHANNELS 3 Zrotation Yrotation Xrotation
                      JOINT LeftHandMiddle3
                      {
                        OFFSET 4.35652 -4e-06 -1e-06
                        CHANNELS 3 Zrotation Yrotation Xrotation
                        JOINT LeftHandMiddle4
                        {
                          OFFSET 2.996877 -8e-06 0.0
                          CHANNELS 3 Zrotation Yrotation Xrotation
                          JOINT LeftHandMiddleEnd
                          {
                            OFFSET 2.304287 -0.294569 -0.031741
                            CHANNELS 3 Zrotation Yrotation Xrotation
                          }
                        }
                      }
                    }
                  }
                  JOINT LeftHandRing1
                  {
                    OFFSET 2.882643 -0.053652 -0.322543
                    CHANNELS 3 Zrotation Yrotation Xrotation
                    JOINT LeftHandRing2
                    {
                      OFFSET 5.854541 -0.486202 -1.373841
                      CHANNELS 3 Zrotation Yrotation Xrotation
                      JOINT LeftHandRing3
                      {
                        OFFSET 4.350578 0.0 3e-06
                        CHANNELS 3 Zrotation Yrotation Xrotation
                        JOINT LeftHandRing4
                        {
                          OFFSET 2.651321 7e-06 2e-06
                          CHANNELS 3 Zrotation Yrotation Xrotation
                          JOINT LeftHandRingEnd
                          {
                            OFFSET 1.936105 0.077687 -7.1e-05
                            CHANNELS 3 Zrotation Yrotation Xrotation
                          }
                        }
                      }
                    }
                  }
                  JOINT LeftHandPinky1
                  {
                    OFFSET 2.8655 -0.310005 -1.600378
                    CHANNELS 3 Zrotation Yrotation Xrotation
                    JOINT LeftHandPinky2
                    {
                      OFFSET 5.087849 -1.331141 -1.77123
                      CHANNELS 3 Zrotation Yrotation Xrotation
                      JOINT LeftHandPinky3
                      {
                        OFFSET 3.070974 4e-06 0.0
                        CHANNELS 3 Zrotation Yrotation Xrotation
                        JOINT LeftHandPinky4
                        {
                          OFFSET 1.549672 0.0 1e-06
                          CHANNELS 3 Zrotation Yrotation Xrotation
                          JOINT LeftHandPinkyEnd
                          {
                            OFFSET 1.944893 -0.157802 0.057219
                            CHANNELS 3 Zrotation Yrotation Xrotation
                          }
                        }
                      }
                    }
                  }
                }
              }
            }
          }
          JOINT RightShoulder
          {
            OFFSET -1.380118 23.180309 5.214158
            CHANNELS 3 Zrotation Yrotation Xrotation
            JOINT RightArm
            {
              OFFSET -15.037196 1.2e-05 -5.545604
              CHANNELS 3 Zrotation Yrotation Xrotation
              JOINT RightForeArm
              {
                OFFSET -28.736639 2e-06 -0.002597
                CHANNELS 3 Zrotation Yrotation Xrotation
                JOINT RightHand
                {
                  OFFSET -27.133619 -0.0 0.002613
                  CHANNELS 3 Zrotation Yrotation Xrotation
                  JOINT RightHandThumb1
                  {
                    OFFSET -2.274032 -1.383988 3.163127
                    CHANNELS 3 Zrotation Yrotation Xrotation
                    JOINT RightHandThumb2
                    {
                      OFFSET -4.011429 -1.827466 1.640914
                      CHANNELS 3 Zrotation Yrotation Xrotation
                      JOINT RightHandThumb3
                      {
                        OFFSET -2.794935 -4e-06 -3e-06
                        CHANNELS 3 Zrotation Yrotation Xrotation
                        JOINT RightHandThumbEnd
                        {
                          OFFSET -3.183852 4e-06 1e-06
                          CHANNELS 3 Zrotation Yrotation Xrotation
                        }
                      }
                    }
                  }
                  JOINT RightHandIndex1
                  {
                    OFFSET -3.253266 -0.520057 2.282866
                    CHANNELS 3 Zrotation Yrotation Xrotation
                    JOINT RightHandIndex2
                    {
                      OFFSET -6.341917 0.012471 0.178266
                      CHANNELS 3 Zrotation Yrotation Xrotation
                      JOINT RightHandIndex3
                      {
                        OFFSET -3.654871 -8e-06 -0.0
                        CHANNELS 3 Zrotation Yrotation Xrotation
                        JOINT RightHandIndex4
                        {
                          OFFSET -2.327586 0.0 1e-06
                          CHANNELS 3 Zrotation Yrotation Xrotation
                          JOINT RightHandIndexEnd
                          {
                            OFFSET -2.76179 -0.180656 -0.113078
                            CHANNELS 3 Zrotation Yrotation Xrotation
                          }
                        }
                      }
                    }
                  }
                  JOINT RightHandMiddle1
                  {
                    OFFSET -3.168106 0.246593 1.00103
                    CHANNELS 3 Zrotation Yrotation Xrotation
                    JOINT RightHandMiddle2
                    {
                      OFFSET -6.180828 -0.258836 -1.000895
                      CHANNELS 3 Zrotation Yrotation Xrotation
                      JOINT RightHandMiddle3
                      {
                        OFFSET -4.348901 0.0 -0.0
                        CHANNELS 3 Zrotation Yrotation Xrotation
                        JOINT RightHandMiddle4
                        {
                          OFFSET -3.00024 -4e-06 -2e-06
                          CHANNELS 3 Zrotation Yrotation Xrotation
                          JOINT RightHandMiddleEnd
                          {
                            OFFSET -2.30252 -0.29437 -0.031706
                            CHANNELS 3 Zrotation Yrotation Xrotation
                          }
                        }
                      }
                    }
                  }
                  JOINT RightHandRing1
                  {
                    OFFSET -2.88569 -0.067952 -0.308858
                    CHANNELS 3 Zrotation Yrotation Xrotation
                    JOINT RightHandRing2
                    {
                      OFFSET -5.854198 -0.48613 -1.373731
                      CHANNELS 3 Zrotation Yrotation Xrotation
                      JOINT RightHandRing3
                      {
                        OFFSET -4.33881 -4e-06 -0.0
                        CHANNELS 3 Zrotation Yrotation Xrotation
                        JOINT RightHandRing4
                        {
                          OFFSET -2.654903 -4e-06 4e-06
                          CHANNELS 3 Zrotation Yrotation Xrotation
                          JOINT RightHandRingEnd
                          {
                            OFFSET -1.933568 0.077527 -5.2e-05
                            CHANNELS 3 Zrotation Yrotation Xrotation
                          }
                        }
                      }
                    }
                  }
                  JOINT RightHandPinky1
                  {
                    OFFSET -2.866425 -0.342796 -1.584145
                    CHANNELS 3 Zrotation Yrotation Xrotation
                    JOINT RightHandPinky2
                    {
                      OFFSET -5.091371 -1.332055 -1.772385
                      CHANNELS 3 Zrotation Yrotation Xrotation
                      JOINT RightHandPinky3
                      {
                        OFFSET -3.062664 -4e-06 1e-06
                        CHANNELS 3 Zrotation Yrotation Xrotation
                        JOINT RightHandPinky4
                        {
                          OFFSET -1.546529 4e-06 -2e-06
                          CHANNELS 3 Zrotation Yrotation Xrotation
                          JOINT RightHandPinkyEnd
                          {
                            OFFSET -1.945119 -0.157718 0.057211
                            CHANNELS 3 Zrotation Yrotation Xrotation
                          }
                        }
                      }
                    }
                  }
                }
              }
            }
          }
        }
      }
    }
    JOINT LeftLeg
    {
      OFFSET 10.043214 -8.434526 2.595655
      CHANNELS 3 Zrotation Yrotation Xrotation
      JOINT LeftShin
      {
        OFFSET -1e-06 -43.221752 -0.802913
        CHANNELS 3 Zrotation Yrotation Xrotation
        JOINT LeftFoot
        {
          OFFSET 1e-06 -42.155094 -3.481523
          CHANNELS 3 Zrotation Yrotation Xrotation
          JOINT LeftToeBase
          {
            OFFSET 0.0 -5.059472 13.231529
            CHANNELS 3 Zrotation Yrotation Xrotation
            JOINT LeftToeEnd
            {
              OFFSET -0.009607 -1.647619 6.513017
              CHANNELS 3 Zrotation Yrotation Xrotation
            }
          }
        }
      }
    }
    JOINT RightLeg
    {
      OFFSET -10.047278 -8.29526 2.620317
      CHANNELS 3 Zrotation Yrotation Xrotation
      JOINT RightShin
      {
        OFFSET 1e-06 -43.362206 -0.805556
        CHANNELS 3 Zrotation Yrotation Xrotation
        JOINT RightFoot
        {
          OFFSET 2e-06 -42.117393 -3.478398
          CHANNELS 3 Zrotation Yrotation Xrotation
          JOINT RightToeBase
          {
            OFFSET -0.0 -5.079609 13.284196
            CHANNELS 3 Zrotation Yrotation Xrotation
            JOINT RightToeEnd
            {
              OFFSET 0.009532 -1.634378 6.460591
              CHANNELS 3 Zrotation Yrotation Xrotation
            }
          }
        }
      }
    }
  }
}
MOTION
Frames: 139
Frame Time: 0.03333333333333333
0.0 0.0 0.0 0.0 -0.0 0.0 0.860512 100.403595 5.731206 0.499788 0.204347 1.366702 -0.163141 0.063213 -3.70599 -0.545483 -0.20238 -6.367971 -0.644054 -1.978924 15.501253 -1.399269 3.076298 -1.518564 -0.75129 -0.114401 -3.541087 2.43992 -1.929818 -10.120163 7.7e-05 -2.2e-05 6e-06 0.019055 -0.023015 0.010499 0.768978 -3.760823 -10.599453 -0.732486 3.722832 -10.634869 -22.187281 -7.240903 16.382927 -46.119938 -8.537209 21.150644 0.087018 -34.303238 0.216525 0.730628 2.055694 -0.988945 -5.882108 9.86129 0.702591 -10.936878 -0.360577 7.156209 3e-06 8.77483 1e-06 -15.996353 18.21261 6.200098 -1.844033 2.498505 -2.507277 -10.163606 4.678945 4.62111 -20.976038 -9e-06 2e-06 -21.226301 2.451693 -3.593999 1e-06 -6e-06 -1e-06 -1.362682 2.240799 -0.746324 -21.334929 0.584904 3.008324 -13.821223 -7e-06 1e-06 -23.887184 -0.249085 -0.839479 -60.525257 2.455371 -1.076559 -0.294024 1.679688 0.833256 -14.218217 0.093212 1.300581 -34.21207 -0.287574 0.967174 -20.03323 0.964533 1.212847 1e-06 -0.0 0.0 -3.440389 0.788233 0.501655 -15.9282 -3.167314 2.999709 -6.338829 -3e-06 1e-06 -18.123457 3.64818 -4.905669 -4e-06 -0.0 -1e-06 18.580944 11.947217 16.984976 53.079456 13.000445 30.897911 -0.331115 27.699945 -0.156815 5.506578 1.99384 9.22487 2.24354 -5.255036 -3.180158 14.28289 -0.826594 6.952503 -3e-06 -12.690603 1e-06 16.137989 -17.862339 2.700011 1.665665 -1.955921 -2.878299 4.727798 -4.170586 4.993924 11.020525 4e-06 -1e-06 12.10905 -3.735714 -2.866781 1e-06 0.0 -1e-06 1.291985 -1.928549 -1.49809 14.800127 0.56747 3.865609 14.242568 -1.341735 -6.660655 19.631968 0.143927 -0.648243 50.179756 -0.741265 -6.630844 0.353028 -1.511151 -0.03194 20.222788 3.684311 2.31663 18.78727 6e-06 2e-06 10.751626 -0.479868 1.397907 -2e-06 1e-06 0.0 3.273806 0.305948 -0.58011 21.486813 11.830377 2.266133 8.162926 3e-06 -0.0 18.399076 -3.798985 -4.94057 4e-06 0.0 -2e-06 -0.2081 13.995726 -8.266822 -0.022364 0.012693 10.877979 -2.286415 4.480299 -3.522795 1.648576 -1.895537 -0.279797 0.0 0.0 2e-06 -2.29679 -13.92779 -5.801201 0.041291 -0.095228 9.946251 2.672913 7.780759 -4.904696 -1.418006 1.005094 -0.041234 0.0 0.0 -1e-06 
0.0 0.0 0.0 0.0 -0.0 0.0 0.875686 100.414505 5.692222 0.482758 0.338966 1.648327 -0.199309 0.07418 -3.50215 -0.546466 -0.193502 -6.289547 -0.677653 -2.036376 15.47916 -1.420352 3.101107 -1.493679 -0.76664 -0.243625 -3.532572 2.460256 -2.056866 -10.296479 7.7e-05 -2.3e-05 6e-06 0.016529 -0.008217 0.014316 0.76047 -3.743865 -10.585629 -0.729274 3.735628 -10.622375 -22.09597 -7.442087 16.464674 -46.121986 -8.63883 20.909973 0.004086 -34.549702 0.221439 0.441699 2.151397 -0.434648 -5.882113 9.861292 0.702591 -10.93688 -0.360573 7.156209 -1e-06 8.774831 -0.0 -16.005199 18.163645 6.184776 -1.844035 2.498507 -2.50728 -10.16361 4.67895 4.621109 -20.97604 0.0 -1e-06 -21.226307 2.451702 -3.594006 1e-06 -5e-06 -1e-06 -1.362683 2.240801 -0.746324 -21.334934 0.584914 3.008327 -13.821225 0.0 0.0 -23.887192 -0.249079 -0.839487 -60.527721 2.46171 -0.997065 -0.294025 1.679688 0.833257 -14.218223 0.093217 1.30058 -34.212082 -0.287559 0.967164 -20.033232 0.96454 1.21284 1e-06 -0.0 -1e-06 -3.440392 0.788235 0.501654 -15.928198 -3.167308 2.999707 -6.338832 -0.0 -1e-06 -18.123463 3.648187 -4.905676 -4e-06 -1e-06 -1e-06 18.511301 11.931212 16.996681 53.124264 13.156671 30.428041 -0.270052 27.661606 -0.110111 5.464149 2.313881 9.132468 2.243543 -5.255039 -3.18016 14.282903 -0.826595 6.952505 -3e-06 -12.690609 1e-06 16.133181 -17.837509 2.654854 1.665668 -1.955922 -2.8783 4.727803 -4.17059 4.993925 11.020536 3e-06 -2e-06 12.109061 -3.735717 -2.866786 1e-06 0.0 -1e-06 1.291987 -1.92855 -1.49809 14.800139 0.56747 3.865608 14.242584 -1.341737 -6.66066 19.631985 0.143927 -0.648247 50.144382 -0.726696 -6.644014 0.35303 -1.511151 -0.031938 20.222805 3.684311 2.31663 18.787289 5e-06 -3e-06 10.751639 -0.479868 1.397905 -1e-06 1e-06 -0.0 3.27381 0.305946 -0.580112 21.486832 11.83038 2.266133 8.162934 4e-06 -3e-06 18.399099 -3.798983 -4.940581 5e-06 0.0 -1e-06 -0.287778 13.6671 -8.85588 -0.036348 -0.013776 11.322676 -2.352126 4.687147 -3.533538 1.649781 -1.918883 -0.303142 0.0 0.0 2e-06 -2.208997 -13.91046 -6.133326 0.048623 -0.093576 9.962683 2.685571 7.63804 -4.876379 -1.418262 0.980892 -0.081977 0.0 0.0 -1e-06 
0.0 0.0 0.0 0.0 -0.0 0.0 0.896209 100.381615 5.61758 0.472254 0.487119 2.02349 -0.259367 0.073419 -3.217446 -0.556563 -0.195418 -6.20258 -0.69704 -2.06113 15.518528 -1.40575 3.104891 -1.497845 -0.793222 -0.349788 -3.547318 2.521804 -2.242845 -10.476262 7.7e-05 -2.3e-05 6e-06 0.015065 -0.007442 0.02015 0.753497 -3.739426 -10.588862 -0.725375 3.732742 -10.620275 -21.908186 -7.691016 16.529093 -46.063454 -8.752798 20.71755 -0.037414 -35.142509 0.205721 0.148445 2.390351 0.009582 -5.88211 9.861288 0.702588 -10.936877 -0.360574 7.156208 -0.0 8.774826 -1e-06 -16.017408 18.206758 6.201594 -1.844034 2.498506 -2.507279 -10.163605 4.678946 4.621109 -20.976036 -1e-06 1e-06 -21.226297 2.451698 -3.594002 -1e-06 -6e-06 -1e-06 -1.362681 2.240798 -0.746324 -21.334925 0.584912 3.008324 -13.821219 -1e-06 2e-06 -23.887182 -0.249077 -0.839483 -60.548233 2.508822 -1.015728 -0.294025 1.679687 0.833254 -14.218216 0.093216 1.300583 -34.212067 -0.28756 0.967169 -20.033226 0.96454 1.212842 1e-06 -0.0 -1e-06 -3.440391 0.788235 0.501656 -15.928194 -3.167308 2.999709 -6.338829 -1e-06 -1e-06 -18.123457 3.648185 -4.905674 -5e-06 1e-06 -2e-06 18.407118 11.981142 16.921843 53.121326 13.394477 30.126284 -0.267418 27.640745 -0.106456 5.32506 2.561654 8.92381 2.243541 -5.255037 -3.180158 14.282892 -0.826594 6.9525 -3e-06 -12.690603 -0.0 16.141317 -17.800219 2.623543 1.665666 -1.955921 -2.878299 4.7278 -4.170587 4.993923 11.020528 3e-06 -2e-06 12.109053 -3.735715 -2.866787 -0.0 -0.0 -1e-06 1.291986 -1.92855 -1.498091 14.800129 0.567469 3.865604 14.242576 -1.341736 -6.660659 19.631969 0.143928 -0.648246 50.068378 -0.736822 -6.664711 0.353029 -1.511151 -0.03194 20.222794 3.68431 2.31663 18.787271 4e-06 -2e-06 10.751627 -0.479867 1.397904 -1e-06 2e-06 -0.0 3.273808 0.305946 -0.58011 21.486818 11.830376 2.266134 8.162929 3e-06 -2e-06 18.399082 -3.798984 -4.940575 4e-06 0.0 -1e-06 -0.408197 13.257058 -9.659694 -0.031026 -0.025512 11.943624 -2.326025 4.910962 -3.720045 1.650278 -1.937908 -0.327293 0.0 0.0 2e-06 -2.09919 -13.929403 -6.92703 0.056223 -0.086052 10.613785 2.6703 7.45562 -5.097676 -1.416842 0.978811 -0.065583 0.0 0.0 -1e-06 
0.0 0.0 0.0 0.0 -0.0 0.0 0.893959 100.337921 5.488359 0.427697 0.607521 2.517802 -0.327863 0.063699 -2.840462 -0.557446 -0.186149 -6.093181 -0.696369 -2.062498 15.548063 -1.355103 3.089664 -1.521071 -0.834157 -0.387078 -3.579797 2.66534 -2.406955 -10.760561 7.7e-05 -2.2e-05 6e-06 0.013958 -0.01502 0.02131 0.749495 -3.74593 -10.608335 -0.723513 3.724069 -10.633797 -21.556576 -7.973942 16.575151 -46.033104 -8.889657 20.393356 -0.111226 -36.041782 0.221273 -0.027949 2.646386 0.552065 -5.882109 9.861291 0.70259 -10.936873 -0.360574 7.156205 -0.0 8.77483 -0.0 -15.991548 18.242262 6.228761 -1.844034 2.498506 -2.507279 -10.163602 4.678948 4.621109 -20.976028 -2e-06 -1e-06 -21.226297 2.451697 -3.594004 1e-06 -6e-06 1e-06 -1.362682 2.240798 -0.746322 -21.334919 0.584911 3.00832 -13.821217 -2e-06 0.0 -23.887178 -0.249081 -0.839485 -60.559669 2.530062 -1.023558 -0.294024 1.679687 0.833255 -14.218214 0.093216 1.300578 -34.212063 -0.287566 0.967164 -20.03322 0.964534 1.21284 1e-06 -1e-06 -1e-06 -3.44039 0.788234 0.501656 -15.928191 -3.16731 2.999706 -6.338828 -1e-06 -2e-06 -18.123453 3.648185 -4.905674 -4e-06 1e-06 -2e-06 18.198961 12.095226 16.83905 53.131378 13.799368 30.048735 -0.313705 27.591303 -0.131465 5.17074 2.684891 8.856252 2.243542 -5.255037 -3.180159 14.282892 -0.826594 6.952503 -2e-06 -12.690604 0.0 16.106216 -17.748161 2.638314 1.665666 -1.955921 -2.878299 4.7278 -4.170587 4.993923 11.020528 3e-06 -2e-06 12.109055 -3.735717 -2.866784 1e-06 0.0 -2e-06 1.291985 -1.928549 -1.498091 14.800129 0.567468 3.865606 14.242575 -1.341736 -6.660658 19.631969 0.143925 -0.648245 49.941986 -0.752099 -6.652865 0.353029 -1.511151 -0.031941 20.222794 3.684309 2.31663 18.787273 4e-06 -2e-06 10.751629 -0.479867 1.397905 -1e-06 2e-06 1e-06 3.273807 0.305947 -0.58011 21.486816 11.830374 2.266133 8.162928 2e-06 -2e-06 18.399084 -3.798984 -4.940576 4e-06 0.0 -2e-06 -0.508213 12.920158 -10.671366 -0.02489 -0.043533 12.650433 -2.250519 5.13238 -3.942492 1.648291 -1.944915 -0.371733 0.0 0.0 2e-06 -1.896276 -14.00637 -7.973093 0.058029 -0.085614 11.438698 2.6392 7.352592 -5.336709 -1.416053 0.979361 -0.081748 0.0 0.0 -1e-06 
0.0 0.0 0.0 0.0 -0.0 0.0 0.893592 100.298073 5.298919 0.398331 0.703143 3.175328 -0.418442 0.061463 -2.376836 -0.561429 -0.182345 -5.940536 -0.699951 -2.069041 15.531866 -1.254511 3.074863 -1.557514 -0.851989 -0.412514 -3.609053 2.853033 -2.493047 -11.195188 7.7e-05 -2.3e-05 6e-06 0.013176 -0.023373 0.022423 0.749466 -3.754633 -10.622849 -0.724803 3.715832 -10.644559 -21.018167 -8.320141 16.60043 -46.003227 -9.028101 19.918697 -0.223702 -37.299774 0.272071 -0.076008 2.856265 1.312866 -5.882114 9.861295 0.702592 -10.936883 -0.360574 7.156209 0.0 8.774834 -0.0 -15.902168 18.240898 6.269683 -1.844035 2.498507 -2.50728 -10.163612 4.678951 4.621112 -20.976053 -3e-06 1e-06 -21.226315 2.4517 -3.594003 0.0 -6e-06 0.0 -1.362683 2.240801 -0.746325 -21.334942 0.584911 3.008323 -13.821233 -2e-06 2e-06 -23.887201 -0.249081 -0.839485 -60.506886 2.532129 -1.011413 -0.294025 1.679688 0.833255 -14.218224 0.093215 1.30058 -34.212086 -0.287563 0.967168 -20.033236 0.964537 1.212843 1e-06 -0.0 -1e-06 -3.440392 0.788234 0.501657 -15.928205 -3.167312 2.999709 -6.338833 0.0 -1e-06 -18.12347 3.648187 -4.905677 -3e-06 -1e-06 -2e-06 17.862482 12.252027 16.744608 53.130951 14.377505 30.105974 -0.366991 27.634663 -0.156484 5.028897 2.670881 8.952579 2.243544 -5.255039 -3.180158 14.2829 -0.826595 6.952502 -2e-06 -12.69061 1e-06 16.034891 -17.674166 2.670218 1.665668 -1.955922 -2.8783 4.727801 -4.170589 4.993922 11.020534 3e-06 -2e-06 12.109059 -3.735717 -2.866786 1e-06 -0.0 -1e-06 1.291986 -1.92855 -1.498092 14.800138 0.567468 3.865607 14.24258 -1.341738 -6.66066 19.631981 0.143925 -0.648247 49.787807 -0.746605 -6.621715 0.353029 -1.511152 -0.031941 20.222803 3.68431 2.316628 18.787285 4e-06 -3e-06 10.751634 -0.479867 1.397904 0.0 2e-06 -0.0 3.273809 0.305947 -0.580111 21.486828 11.830381 2.266133 8.162931 1e-06 -3e-06 18.399092 -3.798985 -4.940581 3e-06 0.0 -1e-06 -0.667225 12.604678 -11.900126 -0.020446 -0.05761 13.349023 -2.144205 5.354548 -4.093993 1.64662 -1.947453 -0.401567 -0.0 0.0 2e-06 -1.657987 -14.159886 -9.304508 0.061257 -0.088584 12.393872 2.6185 7.335384 -5.539826 -1.417072 0.98003 -0.093676 0.0 -0.0 -1e-06 
0.0 0.0 0.0 0.0 -0.0 0.0 0.918975 100.251366 5.022109 0.428893 0.762617 4.017849 -0.550931 0.053697 -1.803622 -0.57317 -0.193937 -5.732014 -0.74193 -2.095996 15.456044 -1.091469 3.061342 -1.573064 -0.839843 -0.438776 -3.635219 3.083118 -2.493271 -11.711636 7.7e-05 -2.3e-05 6e-06 0.012612 -0.029161 0.0235 0.749806 -3.760854 -10.632216 -0.725923 3.710209 -10.65184 -20.308962 -8.759686 16.608736 -45.896214 -9.119671 19.351 -0.282884 -38.959801 0.309069 -0.172366 3.01534 2.196237 -5.882109 9.861286 0.702588 -10.936875 -0.360573 7.156204 -0.0 8.774826 0.0 -15.79736 18.231165 6.310074 -1.844033 2.498504 -2.507279 -10.163601 4.678947 4.621108 -20.976027 -1e-06 0.0 -21.226292 2.451698 -3.594002 0.0 -6e-06 -0.0 -1.362682 2.240798 -0.746323 -21.334917 0.584913 3.008321 -13.821216 -0.0 1e-06 -23.887175 -0.249077 -0.839486 -60.442265 2.53421 -1.002241 -0.294024 1.679687 0.833254 -14.218212 0.093216 1.300581 -34.212059 -0.287562 0.967168 -20.033216 0.964537 1.212842 0.0 -0.0 -1e-06 -3.44039 0.788234 0.501654 -15.928191 -3.167308 2.999709 -6.338828 -1e-06 1e-06 -18.123453 3.648185 -4.905673 -3e-06 0.0 -1e-06 17.397991 12.462314 16.639988 53.080181 15.096033 30.063229 -0.396852 27.965403 -0.166085 4.862016 2.560682 9.223289 2.243542 -5.255035 -3.180156 14.282887 -0.826597 6.952498 0.0 -12.690598 -1e-06 15.976033 -17.612793 2.688617 1.665665 -1.955922 -2.878298 4.727799 -4.170585 4.99392 11.020522 1e-06 -2e-06 12.10905 -3.735717 -2.866783 -0.0 0.0 -1e-06 1.291986 -1.928549 -1.498088 14.800125 0.567465 3.865605 14.242569 -1.34174 -6.660656 19.631962 0.143922 -0.648248 49.661152 -0.727412 -6.592085 0.353029 -1.51115 -0.03194 20.222786 3.684305 2.316629 18.78727 2e-06 -2e-06 10.751625 -0.479869 1.397904 -2e-06 1e-06 0.0 3.273806 0.305946 -0.58011 21.486803 11.830363 2.266131 8.162925 1e-06 -2e-06 18.399078 -3.798984 -4.940578 4e-06 1e-06 -1e-06 -0.950738 12.23948 -13.381136 -0.019053 -0.059037 14.030114 -2.029295 5.640876 -4.175795 1.648574 -1.954338 -0.381969 0.0 0.0 2e-06 -1.437381 -14.319225 -11.061399 0.068833 -0.100003 13.657529 2.571674 7.350723 -5.757902 -1.420072 0.974449 -0.1006 0.0 -0.0 -1e-06 
0.0 0.0 0.0 0.0 -0.0 0.0 0.960332 100.188293 4.64577 0.555758 0.839521 5.02564 -0.724697 0.023234 -1.111763 -0.598791 -0.213392 -5.463335 -0.857385 -2.134224 15.33053 -0.860706 3.038651 -1.519021 -0.798165 -0.474062 -3.665892 3.339206 -2.443454 -12.248642 7.7e-05 -2.3e-05 6e-06 0.012916 -0.025926 0.021217 0.746733 -3.757747 -10.64681 -0.721932 3.713434 -10.665958 -19.482199 -9.32991 16.641863 -45.611622 -9.191949 18.59799 -0.304789 -41.010494 0.333146 -0.424334 3.185256 3.043009 -5.882106 9.861288 0.702592 -10.936872 -0.360575 7.156207 1e-06 8.774827 0.0 -15.707444 18.221653 6.345708 -1.844033 2.498505 -2.507277 -10.163601 4.678947 4.62111 -20.976027 -3e-06 -0.0 -21.226288 2.451696 -3.594004 0.0 -7e-06 -1e-06 -1.362681 2.240798 -0.746325 -21.334915 0.584909 3.008321 -13.821215 -3e-06 1e-06 -23.887171 -0.24908 -0.839484 -60.418667 2.539922 -1.002149 -0.294025 1.679688 0.833254 -14.21821 0.093215 1.300579 -34.212051 -0.287565 0.96717 -20.033215 0.964536 1.212844 1e-06 1e-06 1e-06 -3.440389 0.788234 0.501657 -15.928189 -3.16731 2.999707 -6.338826 -0.0 -1e-06 -18.123451 3.648183 -4.905673 -3e-06 -1e-06 -3e-06 16.848961 12.687251 16.504253 52.962757 15.881247 29.740543 -0.382658 28.710041 -0.160279 4.643822 2.441956 9.53585 2.243543 -5.255037 -3.180158 14.282896 -0.826596 6.952504 -3e-06 -12.690605 4e-06 15.961797 -17.596842 2.68292 1.665667 -1.955922 -2.878298 4.727801 -4.170588 4.993925 11.020534 3e-06 -1e-06 12.109058 -3.735715 -2.866784 1e-06 -0.0 -1e-06 1.291986 -1.928549 -1.49809 14.800134 0.567467 3.865608 14.242577 -1.341736 -6.660659 19.631975 0.143927 -0.648246 49.589985 -0.713892 -6.580931 0.353029 -1.511151 -0.031941 20.222801 3.684309 2.31663 18.787279 3e-06 -0.0 10.751633 -0.479869 1.397905 -2e-06 1e-06 0.0 3.273808 0.305946 -0.580112 21.486822 11.830376 2.266131 8.16293 2e-06 -0.0 18.39909 -3.798987 -4.940577 3e-06 1e-06 -1e-06 -1.387088 11.833952 -15.125672 -0.019581 -0.056277 14.734421 -1.909277 5.964511 -4.172479 1.655729 -1.962551 -0.335363 0.0 0.0 2e-06 -1.267638 -14.44638 -13.28016 0.069922 -0.119813 15.343778 2.456559 7.345553 -5.937629 -1.424247 0.956147 -0.148292 -0.0 -0.0 -1e-06 
0.0 0.0 0.0 0.0 -0.0 0.0 1.004851 100.084221 4.197137 0.798751 0.991502 6.188564 -0.932769 -0.011295 -0.335967 -0.642076 -0.239423 -5.15061 -1.048508 -2.192587 15.221123 -0.579526 3.00057 -1.332457 -0.751206 -0.515676 -3.700162 3.605713 -2.422724 -12.706149 7.7e-05 -2.2e-05 6e-06 0.011324 -0.0268 0.018781 0.740202 -3.75666 -10.66264 -0.718331 3.710614 -10.68129 -18.630674 -10.052448 16.709641 -45.09803 -9.362475 17.476305 -0.332405 -43.206345 0.36151 -0.71696 3.418325 3.776699 -5.882106 9.861284 0.70259 -10.936872 -0.360575 7.156207 1e-06 8.774823 -0.0 -15.663419 18.23222 6.375791 -1.844033 2.498504 -2.507278 -10.1636 4.678944 4.62111 -20.976021 -4e-06 4e-06 -21.226286 2.451696 -3.593998 0.0 -6e-06 -1e-06 -1.362681 2.240798 -0.746322 -21.334913 0.584909 3.008323 -13.821214 -2e-06 3e-06 -23.887171 -0.249081 -0.83948 -60.44878 2.566873 -1.017298 -0.294025 1.679686 0.833256 -14.218207 0.093214 1.300579 -34.212048 -0.287565 0.967172 -20.033213 0.964537 1.212844 2e-06 -0.0 2e-06 -3.440388 0.788232 0.501656 -15.928185 -3.167309 2.999708 -6.338825 -0.0 -0.0 -18.123444 3.648182 -4.905668 -2e-06 0.0 -3e-06 16.260607 12.902806 16.348135 52.743908 16.731544 29.186382 -0.387271 29.812237 -0.18209 4.482217 2.372036 9.741731 2.243541 -5.255036 -3.180159 14.282888 -0.826594 6.952504 -3e-06 -12.690603 1e-06 15.997101 -17.61887 2.669292 1.665666 -1.955921 -2.878298 4.727798 -4.170587 4.993925 11.020526 4e-06 -1e-06 12.109053 -3.735716 -2.866785 -0.0 0.0 -1e-06 1.291985 -1.92855 -1.49809 14.800129 0.567469 3.865607 14.242571 -1.341737 -6.660659 19.631968 0.143926 -0.648243 49.575802 -0.710987 -6.579265 0.353029 -1.51115 -0.03194 20.22279 3.68431 2.316631 18.78727 5e-06 0.0 10.751629 -0.479869 1.397907 -1e-06 0.0 1e-06 3.273806 0.305948 -0.580111 21.486813 11.830376 2.266134 8.162927 2e-06 -1e-06 18.399076 -3.798983 -4.940574 3e-06 1e-06 -1e-06 -1.982639 11.406346 -17.155045 -0.019487 -0.046516 15.556209 -1.795885 6.218409 -4.160938 1.661604 -1.973101 -0.287326 0.0 0.0 2e-06 -1.166116 -14.593816 -15.928101 0.062058 -0.134897 17.464539 2.243127 7.249615 -6.405567 -1.427758 0.925316 -0.231265 0.0 -0.0 -1e-06 
0.0 0.0 0.0 0.0 -0.0 0.0 1.044638 99.92514 3.714797 1.155425 1.2113 7.476086 -1.157799 -0.048975 0.484297 -0.693539 -0.279059 -4.816008 -1.289091 -2.259472 15.161963 -0.329995 3.01867 -0.974744 -0.702497 -0.617987 -3.730512 3.878947 -2.46829 -12.998151 7.7e-05 -2.2e-05 6e-06 0.009325 -0.029699 0.020358 0.734584 -3.754366 -10.665824 -0.716625 3.702881 -10.685471 -17.913765 -10.84346 16.775354 -44.407444 -9.682194 15.718958 -0.427393 -45.267097 0.410155 -0.614946 3.594308 4.245155 -5.882105 9.861283 0.702588 -10.936868 -0.360574 7.156203 -1e-06 8.774822 -2e-06 -15.62784 18.262243 6.404317 -1.844031 2.498503 -2.507277 -10.163597 4.678943 4.621108 -20.976017 -1e-06 1e-06 -21.226282 2.451697 -3.594 0.0 -6e-06 -1e-06 -1.362681 2.240798 -0.746323 -21.334909 0.584911 3.008325 -13.82121 -1e-06 1e-06 -23.887165 -0.249077 -0.839482 -60.458157 2.612532 -1.025378 -0.294025 1.679687 0.833255 -14.218205 0.093215 1.300581 -34.212044 -0.287563 0.967171 -20.033209 0.964537 1.212843 2e-06 1e-06 1e-06 -3.440388 0.788234 0.501658 -15.928183 -3.167308 2.999705 -6.338824 0.0 2e-06 -18.123444 3.648183 -4.90567 -3e-06 1e-06 -2e-06 15.696622 13.087204 16.146963 52.363548 17.62381 28.487637 -0.40019 31.132481 -0.22553 4.315552 2.412674 9.678557 2.243541 -5.255036 -3.180157 14.282888 -0.826593 6.952501 -4e-06 -12.690603 1e-06 16.030472 -17.622496 2.646608 1.665666 -1.955921 -2.878298 4.727798 -4.170586 4.993924 11.020524 5e-06 -3e-06 12.109051 -3.735714 -2.866784 -0.0 0.0 -2e-06 1.291985 -1.928549 -1.49809 14.800125 0.56747 3.865606 14.242568 -1.341735 -6.660656 19.631968 0.143929 -0.648243 49.550056 -0.708137 -6.575949 0.353029 -1.511151 -0.03194 20.222788 3.684312 2.31663 18.78727 7e-06 -0.0 10.751627 -0.479867 1.397907 -2e-06 1e-06 1e-06 3.273807 0.305947 -0.580111 21.486814 11.830379 2.266133 8.162926 3e-06 -0.0 18.39908 -3.798983 -4.940575 5e-06 1e-06 -1e-06 -2.722102 11.012262 -19.407867 -0.013334 -0.01566 16.498802 -1.693811 6.25754 -4.200592 1.663753 -1.985728 -0.254125 0.0 0.0 2e-06 -1.141247 -14.781308 -18.88439 0.055595 -0.141442 19.899088 1.977372 7.063613 -6.872599 -1.431259 0.901384 -0.310636 0.0 -0.0 -1e-06 
0.0 0.0 0.0 0.0 -0.0 0.0 1.078788 99.70977 3.217566 1.56191 1.480973 8.823385 -1.342637 -0.104526 1.307837 -0.732414 -0.320245 -4.466625 -1.538346 -2.335033 15.157443 -0.183321 3.08213 -0.421618 -0.650695 -0.752768 -3.747882 4.153043 -2.558314 -13.136519 7.7e-05 -2.2e-05 6e-06 0.008442 -0.027919 0.017885 0.731041 -3.745791 -10.659108 -0.714889 3.698449 -10.682079 -17.351952 -11.599555 16.797604 -43.753941 -10.165707 13.265769 -0.59411 -47.085777 0.493916 0.034017 3.690581 4.508984 -5.88211 9.861288 0.70259 -10.936877 -0.360574 7.156205 1e-06 8.774828 -1e-06 -15.585903 18.303976 6.435326 -1.844034 2.498505 -2.507279 -10.163605 4.678947 4.621109 -20.976038 -2e-06 0.0 -21.226301 2.451698 -3.594004 0.0 -7e-06 -2e-06 -1.362682 2.240798 -0.746324 -21.334925 0.58491 3.008324 -13.82122 -3e-06 1e-06 -23.887178 -0.249078 -0.839484 -60.436337 2.646693 -1.00302 -0.294025 1.679688 0.833255 -14.218216 0.093216 1.300579 -34.21207 -0.287564 0.967168 -20.033226 0.964537 1.212842 1e-06 1e-06 1e-06 -3.44039 0.788234 0.501655 -15.928194 -3.16731 2.999707 -6.338829 -1e-06 1e-06 -18.123457 3.648184 -4.905673 -4e-06 -1e-06 -3e-06 15.103975 13.252158 15.896989 51.907204 18.564579 27.693014 -0.406421 32.49881 -0.26108 4.046556 2.519063 9.435413 2.243543 -5.255037 -3.180157 14.282894 -0.826596 6.952502 -1e-06 -12.690603 1e-06 16.0669 -17.627041 2.627606 1.665666 -1.955921 -2.878299 4.7278 -4.170588 4.993925 11.020528 2e-06 -2e-06 12.109055 -3.735716 -2.866785 1e-06 0.0 -1e-06 1.291986 -1.92855 -1.498088 14.800129 0.567467 3.865608 14.242575 -1.341737 -6.660658 19.631969 0.143926 -0.648245 49.536503 -0.707934 -6.555689 0.353029 -1.51115 -0.031941 20.222794 3.684308 2.316631 18.787273 3e-06 -1e-06 10.751628 -0.479869 1.397906 -2e-06 0.0 1e-06 3.273807 0.305947 -0.580111 21.486816 11.830374 2.266131 8.162929 0.0 -1e-06 18.399086 -3.798985 -4.940577 5e-06 -0.0 -2e-06 -3.524987 10.669618 -21.828796 -0.003307 0.024006 17.627016 -1.571756 6.100946 -4.329552 1.663209 -2.005747 -0.253949 -0.0 0.0 2e-06 -1.139275 -15.019294 -21.943527 0.055953 -0.13622 22.396742 1.691012 6.829537 -7.411878 -1.433058 0.897925 -0.367732 0.0 -0.0 -1e-06 
0.0 0.0 0.0 0.0 -0.0 0.0 1.112079 99.450836 2.710137 1.917909 1.766574 10.205153 -1.42375 -0.169809 2.163998 -0.746592 -0.341677 -4.087625 -1.74617 -2.401756 15.209614 -0.16553 3.173078 0.345752 -0.607907 -0.904776 -3.751861 4.417416 -2.68175 -13.150939 7.7e-05 -2.3e-05 6e-06 0.007166 -0.011564 0.003905 0.721617 -3.722518 -10.651703 -0.708078 3.708283 -10.680725 -16.822332 -12.262195 16.791111 -43.293896 -10.889577 10.257746 -0.742261 -48.797886 0.574426 0.995235 3.68417 4.659679 -5.882112 9.86129 0.702592 -10.93688 -0.360573 7.156209 -0.0 8.77483 0.0 -15.532988 18.344589 6.447296 -1.844033 2.498505 -2.507279 -10.16361 4.678949 4.621113 -20.976038 0.0 2e-06 -21.226303 2.4517 -3.594002 0.0 -7e-06 -1e-06 -1.362684 2.240799 -0.746324 -21.334929 0.584914 3.008324 -13.821223 -1e-06 2e-06 -23.887188 -0.249075 -0.839484 -60.383518 2.662947 -0.980066 -0.294025 1.679688 0.833258 -14.218218 0.093217 1.300581 -34.21207 -0.287558 0.96717 -20.033226 0.964539 1.212842 0.0 1e-06 0.0 -3.44039 0.788234 0.501655 -15.928198 -3.167309 2.999707 -6.338831 -0.0 0.0 -18.123459 3.648186 -4.905672 -4e-06 0.0 -2e-06 14.426517 13.443367 15.63556 51.408455 19.610628 26.757273 -0.415331 33.860718 -0.262917 3.694129 2.608752 9.001675 2.243545 -5.255039 -3.180159 14.282903 -0.826598 6.952504 -2e-06 -12.69061 3e-06 16.089607 -17.650908 2.612997 1.665669 -1.955922 -2.8783 4.727803 -4.170591 4.993926 11.020536 2e-06 -4e-06 12.109061 -3.735718 -2.866786 1e-06 0.0 -1e-06 1.291987 -1.92855 -1.49809 14.800139 0.567467 3.865606 14.242584 -1.341737 -6.660663 19.631985 0.143926 -0.648251 49.521549 -0.712511 -6.552871 0.35303 -1.511151 -0.031939 20.222807 3.684309 2.316628 18.787289 4e-06 -5e-06 10.751637 -0.479869 1.397904 -1e-06 -0.0 1e-06 3.27381 0.305947 -0.580112 21.48683 11.830379 2.266128 8.162933 1e-06 -3e-06 18.399099 -3.798986 -4.940582 5e-06 1e-06 -1e-06 -4.281451 10.377117 -24.466606 -0.000982 0.048411 19.102634 -1.385699 5.844989 -4.529857 1.662345 -2.038842 -0.29113 0.0 0.0 2e-06 -1.057039 -15.279178 -25.058849 0.060775 -0.123643 24.907904 1.402176 6.571843 -7.872016 -1.431658 0.897695 -0.430596 -0.0 -0.0 -1e-06 
0.0 0.0 0.0 0.0 -0.0 0.0 1.132699 99.12323 2.198686 2.185728 2.035763 11.597742 -1.393887 -0.225496 3.074636 -0.729693 -0.349906 -3.680441 -1.889269 -2.445918 15.266438 -0.263952 3.281536 1.357113 -0.554338 -1.078264 -3.753607 4.675093 -2.786626 -13.053782 7.7e-05 -2.2e-05 6e-06 0.002923 0.014244 -0.014075 0.704346 -3.69267 -10.641367 -0.699182 3.729807 -10.679273 -16.176258 -12.801468 16.724545 -43.158749 -11.813334 7.080266 -0.757727 -50.601631 0.59708 1.994037 3.548913 4.651994 -5.882106 9.861286 0.702592 -10.936871 -0.360574 7.156201 -0.0 8.774824 -1e-06 -15.483938 18.375135 6.439289 -1.844032 2.498504 -2.507279 -10.1636 4.678946 4.621109 -20.976025 -2e-06 0.0 -21.226294 2.451699 -3.594001 0.0 -6e-06 -1e-06 -1.362681 2.240798 -0.746324 -21.334913 0.584912 3.008322 -13.821213 -1e-06 0.0 -23.887167 -0.249077 -0.839485 -60.343037 2.67891 -0.989289 -0.294025 1.679687 0.833257 -14.218208 0.093216 1.300578 -34.212048 -0.287562 0.967166 -20.033211 0.964538 1.212842 0.0 1e-06 0.0 -3.440388 0.788233 0.501656 -15.928185 -3.167306 2.999706 -6.338826 -1e-06 0.0 -18.123444 3.648183 -4.905671 -4e-06 -0.0 -3e-06 13.616703 13.716001 15.358974 50.924145 20.713516 25.711754 -0.436326 35.296474 -0.23183 3.318689 2.695248 8.415658 2.243541 -5.255035 -3.180157 14.282887 -0.826594 6.952501 -3e-06 -12.6906 -0.0 16.107187 -17.686905 2.605179 1.665666 -1.955921 -2.878298 4.727798 -4.170586 4.993922 11.020522 3e-06 -1e-06 12.10905 -3.735713 -2.866782 1e-06 0.0 -0.0 1.291985 -1.928549 -1.49809 14.800125 0.567468 3.865607 14.242568 -1.341736 -6.660655 19.631966 0.143925 -0.648245 49.481228 -0.725758 -6.564124 0.353029 -1.511149 -0.031941 20.222786 3.684309 2.31663 18.78727 4e-06 -1e-06 10.751625 -0.479868 1.397907 -1e-06 -0.0 0.0 3.273806 0.305946 -0.58011 21.486813 11.83037 2.266133 8.162926 3e-06 -1e-06 18.39908 -3.798985 -4.940574 3e-06 1e-06 -1e-06 -4.946413 10.154279 -27.369022 -0.007969 0.049498 21.075832 -1.175497 5.519943 -4.877071 1.664441 -2.070903 -0.35363 0.0 0.0 2e-06 -0.851969 -15.556742 -28.219566 0.070617 -0.124681 27.454752 1.128708 6.419161 -8.320907 -1.429757 0.890246 -0.506522 0.0 -0.0 -1e-06 
0.0 0.0 0.0 0.0 -0.0 0.0 1.124933 98.680382 1.675946 2.335465 2.277416 13.009457 -1.253873 -0.262183 4.031341 -0.689327 -0.343129 -3.260776 -1.9349 -2.4627 15.332478 -0.429175 3.398694 2.615393 -0.490326 -1.243441 -3.766797 4.946015 -2.906177 -12.892848 7.7e-05 -2.2e-05 6e-06 -0.005299 0.041938 -0.033464 0.680773 -3.665382 -10.633781 -0.691818 3.757503 -10.681592 -15.409522 -13.195602 16.596275 -43.264214 -12.924067 3.864602 -0.777769 -52.645889 0.593446 3.070323 3.271027 4.673906 -5.88211 9.861292 0.702588 -10.936877 -0.360574 7.156209 -1e-06 8.77483 -3e-06 -15.411098 18.378496 6.446726 -1.844034 2.498507 -2.507278 -10.163605 4.678949 4.621111 -20.976034 1e-06 2e-06 -21.226299 2.451701 -3.594005 0.0 -7e-06 -2e-06 -1.362683 2.2408 -0.746323 -21.334925 0.584912 3.008323 -13.82122 -2e-06 1e-06 -23.88718 -0.249077 -0.839485 -60.297859 2.71094 -1.014923 -0.294026 1.679689 0.833255 -14.218215 0.093217 1.300582 -34.212055 -0.287561 0.967168 -20.033226 0.964537 1.212842 -0.0 1e-06 0.0 -3.440391 0.788234 0.501654 -15.928192 -3.16731 2.999709 -6.338829 -1e-06 -0.0 -18.123457 3.648185 -4.905674 -3e-06 -0.0 -1e-06 12.727901 14.101064 15.0621 50.361633 21.859858 24.491514 -0.439323 36.91629 -0.173003 2.925109 2.780678 7.7267 2.243544 -5.255041 -3.18016 14.282905 -0.826598 6.952508 -1e-06 -12.690612 -0.0 16.12055 -17.710424 2.591918 1.665668 -1.955923 -2.878301 4.727805 -4.17059 4.993927 11.020538 2e-06 -1e-06 12.109062 -3.735719 -2.866784 1e-06 0.0 -0.0 1.291986 -1.928551 -1.498089 14.800142 0.567467 3.865611 14.242585 -1.341739 -6.660661 19.631987 0.143923 -0.648247 49.403297 -0.7367 -6.58925 0.353029 -1.511152 -0.03194 20.222811 3.684309 2.316633 18.787292 2e-06 -1e-06 10.751637 -0.479871 1.397907 -2e-06 0.0 1e-06 3.27381 0.305948 -0.580111 21.486834 11.830379 2.266136 8.162935 0.0 -2e-06 18.399099 -3.798988 -4.94058 4e-06 -1e-06 -1e-06 -5.498434 10.045749 -30.670301 -0.018585 0.043713 23.766964 -0.954499 5.090655 -5.446081 1.669466 -2.08915 -0.477827 -0.0 0.0 2e-06 -0.478342 -15.794831 -31.516512 0.071193 -0.143606 30.177696 0.851976 6.384769 -8.871288 -1.429095 0.881562 -0.59551 0.0 -0.0 -1e-06 
0.0 0.0 0.0 0.0 -0.0 0.0 1.082958 98.073311 1.133399 2.346988 2.458463 14.415313 -1.014166 -0.264695 5.010693 -0.638166 -0.324281 -2.842229 -1.870202 -2.445502 15.454865 -0.624861 3.516118 4.152206 -0.409166 -1.381458 -3.778901 5.252075 -3.071742 -12.697008 7.7e-05 -2.3e-05 6e-06 -0.017738 0.071227 -0.052027 0.652674 -3.644057 -10.635697 -0.688223 3.794214 -10.691472 -14.524529 -13.391062 16.407648 -43.546158 -14.234392 0.699439 -0.931056 -55.018364 0.623137 4.302896 2.871337 4.711337 -5.882112 9.861291 0.70259 -10.936878 -0.360574 7.156204 0.0 8.774828 -1e-06 -15.310209 18.353769 6.469884 -1.844034 2.498506 -2.507279 -10.163606 4.678948 4.621108 -20.97604 -2e-06 -1e-06 -21.226305 2.451698 -3.594004 1e-06 -6e-06 -3e-06 -1.362681 2.240799 -0.746322 -21.334925 0.584912 3.00832 -13.821221 -2e-06 -3e-06 -23.887184 -0.249079 -0.839486 -60.247684 2.745313 -1.041781 -0.294026 1.679688 0.833257 -14.218217 0.093216 1.300579 -34.212067 -0.287564 0.967165 -20.033226 0.964535 1.212841 0.0 2e-06 1e-06 -3.44039 0.788234 0.501657 -15.928194 -3.167309 2.999705 -6.338829 -1e-06 -2e-06 -18.123459 3.648184 -4.905674 -4e-06 0.0 -2e-06 11.799654 14.619184 14.773748 49.626839 23.102575 23.028101 -0.361009 38.798359 -0.085759 2.434185 2.858123 7.025155 2.243542 -5.255037 -3.180159 14.282894 -0.826596 6.952504 -3e-06 -12.690607 3e-06 16.126966 -17.727989 2.564676 1.665667 -1.955922 -2.8783 4.7278 -4.170588 4.993925 11.020529 3e-06 -3e-06 12.109056 -3.735715 -2.866785 1e-06 0.0 -2e-06 1.291986 -1.928549 -1.49809 14.800132 0.567468 3.865608 14.242577 -1.341735 -6.66066 19.631975 0.143928 -0.648246 49.297337 -0.741901 -6.621274 0.353029 -1.511151 -0.031939 20.222799 3.684309 2.316629 18.787279 5e-06 -2e-06 10.751634 -0.47987 1.397905 -1e-06 -0.0 0.0 3.273808 0.305947 -0.580111 21.48682 11.830378 2.26613 8.16293 2e-06 -1e-06 18.399088 -3.798985 -4.940577 3e-06 0.0 -1e-06 -5.923262 10.084436 -34.402554 -0.036703 0.038449 27.263878 -0.751991 4.515371 -6.267947 1.67649 -2.096782 -0.6546 0.0 -0.0 2e-06 0.081486 -15.956003 -35.033443 0.060208 -0.169845 33.269646 0.555011 6.466451 -9.573083 -1.430151 0.883365 -0.700507 0.0 -0.0 -1e-06 
0.0 0.0 0.0 0.0 -0.0 0.0 1.015052 97.239723 0.570331 2.244133 2.560714 15.765009 -0.716987 -0.243405 5.983338 -0.588252 -0.301783 -2.436807 -1.718906 -2.381538 15.653103 -0.752337 3.578544 6.04042 -0.33356 -1.46076 -3.780358 5.610038 -3.246529 -12.460024 7.7e-05 -2.3e-05 5e-06 -0.035497 0.100181 -0.066537 0.62062 -3.632085 -10.654673 -0.691316 3.839316 -10.711487 -13.51545 -13.353535 16.147964 -43.957172 -15.733607 -2.180663 -1.200068 -57.70969 0.70442 5.730638 2.35525 4.580383 -5.882109 9.861289 0.70259 -10.936875 -0.360575 7.156203 1e-06 8.774829 -1e-06 -15.216863 18.333702 6.49094 -1.844035 2.498505 -2.507277 -10.163603 4.678947 4.621107 -20.976034 -4e-06 -0.0 -21.226297 2.451696 -3.594004 1e-06 -6e-06 -1e-06 -1.362682 2.240798 -0.746324 -21.334921 0.584909 3.00832 -13.821218 -4e-06 -0.0 -23.887178 -0.249082 -0.839484 -60.204609 2.781169 -1.052963 -0.294024 1.679688 0.833257 -14.218215 0.093215 1.30058 -34.212063 -0.287566 0.967165 -20.033218 0.964536 1.212842 -0.0 1e-06 -1e-06 -3.440389 0.788233 0.501655 -15.928192 -3.16731 2.999704 -6.338828 -2e-06 -2e-06 -18.123455 3.648183 -4.905674 -4e-06 1e-06 -2e-06 10.847664 15.251822 14.479017 48.689453 24.465195 21.407755 -0.213758 41.044273 0.025465 1.76138 2.891008 6.475359 2.243543 -5.255039 -3.180159 14.282896 -0.826595 6.952505 -3e-06 -12.690609 2e-06 16.144114 -17.760452 2.518221 1.665667 -1.955922 -2.878299 4.727801 -4.170589 4.993927 11.020529 3e-06 -1e-06 12.109057 -3.735715 -2.866785 -0.0 -0.0 -0.0 1.291986 -1.92855 -1.498089 14.800136 0.567468 3.865608 14.242579 -1.341737 -6.66066 19.631975 0.143926 -0.648244 49.193367 -0.737735 -6.670437 0.353029 -1.511151 -0.031941 20.222801 3.684311 2.316631 18.787283 5e-06 -1e-06 10.751633 -0.479868 1.397906 -2e-06 1e-06 1e-06 3.273808 0.305947 -0.58011 21.486824 11.83038 2.266134 8.16293 1e-06 -1e-06 18.399088 -3.798985 -4.940577 3e-06 1e-06 -1e-06 -6.243977 10.257653 -38.53183 -0.066505 0.047389 31.595425 -0.565908 3.783881 -7.351133 1.683841 -2.108546 -0.872444 -0.0 -0.0 2e-06 0.787659 -16.080177 -38.807667 0.047593 -0.199443 36.904404 0.186142 6.693804 -10.510577 -1.433336 0.893138 -0.773526 -0.0 -0.0 -1e-06 
0.0 0.0 0.0 0.0 -0.0 0.0 0.928233 96.113602 0.021303 2.069762 2.547536 16.986275 -0.429618 -0.205148 6.930906 -0.548137 -0.28384 -2.059097 -1.535074 -2.290488 15.940459 -0.706084 3.540812 8.282114 -0.256365 -1.478761 -3.773671 6.002962 -3.324681 -12.145171 7.7e-05 -2.2e-05 6e-06 -0.057664 0.122455 -0.074397 0.590081 -3.634115 -10.693056 -0.704708 3.884272 -10.74323 -12.451207 -13.100839 15.865657 -44.364792 -17.380642 -4.600217 -1.501079 -60.575256 0.858471 7.321818 1.739803 4.276851 -5.882111 9.861293 0.70259 -10.936878 -0.360574 7.156207 -0.0 8.774831 -1e-06 -15.136449 18.334579 6.52177 -1.844034 2.498507 -2.507279 -10.163608 4.678949 4.621109 -20.976038 -1e-06 1e-06 -21.226303 2.4517 -3.594007 2e-06 -6e-06 -1e-06 -1.362682 2.240799 -0.746325 -21.334929 0.584911 3.008321 -13.821221 -1e-06 -1e-06 -23.887184 -0.249078 -0.839485 -60.179638 2.829335 -1.044704 -0.294025 1.679688 0.833257 -14.218221 0.093216 1.300582 -34.212078 -0.287561 0.967168 -20.033232 0.964538 1.212841 0.0 0.0 -0.0 -3.440392 0.788234 0.501654 -15.928196 -3.16731 2.999708 -6.338831 -1e-06 -1e-06 -18.123463 3.648185 -4.905676 -3e-06 -1e-06 -2e-06 9.889089 15.949588 14.137914 47.567856 25.957367 19.693962 -0.01874 43.746845 0.165558 0.89957 2.920043 6.01217 2.243543 -5.255037 -3.180158 14.282897 -0.826595 6.952503 -3e-06 -12.690606 1e-06 16.175404 -17.800438 2.456096 1.665667 -1.955921 -2.878299 4.7278 -4.170588 4.993925 11.020533 3e-06 -2e-06 12.109058 -3.735718 -2.866785 1e-06 0.0 -0.0 1.291987 -1.92855 -1.498088 14.800136 0.567468 3.865608 14.242579 -1.341738 -6.66066 19.631975 0.143924 -0.648246 49.088165 -0.71868 -6.717602 0.353029 -1.511151 -0.031939 20.222803 3.68431 2.31663 18.787283 4e-06 -2e-06 10.751633 -0.479868 1.397905 -1e-06 1e-06 1e-06 3.273808 0.305948 -0.58011 21.486824 11.830378 2.266131 8.16293 1e-06 -1e-06 18.399092 -3.798984 -4.940578 4e-06 -0.0 -1e-06 -6.487813 10.528474 -42.89188 -0.093878 0.06911 36.633167 -0.470552 3.006138 -8.790002 1.686841 -2.122203 -1.128922 -0.0 -0.0 2e-06 1.582368 -16.229685 -42.734997 0.042568 -0.228035 41.062923 -0.249878 7.104744 -11.884494 -1.438102 0.904329 -0.782964 -0.0 -0.0 -1e-06 
0.0 0.0 0.0 0.0 -0.0 0.0 0.827351 94.693733 -0.485348 1.827784 2.404901 18.059137 -0.185465 -0.156933 7.791916 -0.515264 -0.27452 -1.722466 -1.350015 -2.192274 16.333241 -0.472329 3.366411 10.706923 -0.177495 -1.420255 -3.766654 6.397838 -3.263135 -11.654236 7.7e-05 -2.2e-05 7e-06 -0.080841 0.135973 -0.076531 0.565047 -3.644209 -10.748813 -0.725431 3.918917 -10.78718 -11.499804 -12.739109 15.563519 -44.526985 -19.002724 -6.390794 -1.731942 -63.423996 1.021554 8.869812 1.110876 3.781897 -5.882107 9.861288 0.702589 -10.936872 -0.360574 7.156206 -0.0 8.774827 1e-06 -15.046517 18.347807 6.571157 -1.844034 2.498504 -2.507279 -10.163601 4.678947 4.621109 -20.97603 -4e-06 -2e-06 -21.226294 2.451695 -3.594004 0.0 -5e-06 -1e-06 -1.362683 2.2408 -0.746324 -21.334917 0.58491 3.008319 -13.821217 -5e-06 -3e-06 -23.887178 -0.249085 -0.839485 -60.14175 2.862236 -1.045253 -0.294025 1.679687 0.833257 -14.218209 0.093215 1.300577 -34.212048 -0.287565 0.967164 -20.033213 0.964534 1.212841 1e-06 1e-06 1e-06 -3.440389 0.788234 0.501655 -15.928189 -3.16731 2.999703 -6.338826 -0.0 -2e-06 -18.123453 3.648181 -4.905674 -3e-06 1e-06 -3e-06 9.038669 16.648722 13.737141 46.176804 27.543156 17.836329 0.231151 46.957642 0.354276 -0.096746 2.951017 5.557914 2.243542 -5.255036 -3.180157 14.282887 -0.826597 6.952499 -2e-06 -12.690603 3e-06 16.206894 -17.837469 2.387082 1.665667 -1.955921 -2.878298 4.727798 -4.170588 4.993923 11.020526 2e-06 -3e-06 12.109053 -3.735716 -2.866785 1e-06 -0.0 0.0 1.291986 -1.928549 -1.49809 14.800129 0.567467 3.865605 14.242575 -1.341736 -6.660659 19.631968 0.143926 -0.64825 48.990696 -0.703861 -6.748366 0.353029 -1.51115 -0.03194 20.222788 3.684307 2.316626 18.78727 4e-06 -6e-06 10.751626 -0.479869 1.397904 0.0 1e-06 -0.0 3.273807 0.305947 -0.580112 21.486809 11.830373 2.266126 8.162926 1e-06 -2e-06 18.399078 -3.798985 -4.940578 5e-06 -0.0 -2e-06 -6.636202 10.85623 -47.282608 -0.108772 0.10092 42.060299 -0.484459 2.28724 -10.593329 1.68309 -2.129763 -1.40746 -0.0 -0.0 2e-06 2.430273 -16.321478 -46.710857 0.039259 -0.24533 45.625359 -0.793598 7.55098 -13.674797 -1.442411 0.915242 -0.744663 -0.0 -0.0 -1e-06 
0.0 0.0 0.0 0.0 -0.0 0.0 0.74654 93.04126 -0.921027 1.515603 2.144222 18.970829 0.004129 -0.11444 8.545568 -0.486901 -0.267476 -1.412549 -1.184889 -2.102 16.792185 -0.086294 3.074426 13.088674 -0.11668 -1.284228 -3.762163 6.724201 -3.077702 -10.880951 7.7e-05 -2.2e-05 7e-06 -0.09996 0.137206 -0.07775 0.549905 -3.657364 -10.813066 -0.747716 3.931802 -10.840984 -10.74602 -12.379836 15.272665 -44.362419 -20.490602 -7.626066 -1.93392 -65.993912 1.219782 10.18878 0.51798 3.107731 -5.88211 9.86129 0.702591 -10.936875 -0.360573 7.156205 -2e-06 8.774829 -3e-06 -14.924856 18.369671 6.656119 -1.844033 2.498506 -2.507279 -10.163604 4.678948 4.621111 -20.97603 0.0 1e-06 -21.226297 2.4517 -3.594002 0.0 -6e-06 -1e-06 -1.362682 2.2408 -0.746323 -21.334923 0.584913 3.008324 -13.821218 0.0 2e-06 -23.88718 -0.249076 -0.839485 -60.06892 2.867188 -1.020597 -0.294025 1.679688 0.833255 -14.218214 0.093217 1.30058 -34.212059 -0.287558 0.967166 -20.033218 0.964538 1.212841 1e-06 1e-06 -0.0 -3.44039 0.788233 0.501655 -15.928189 -3.167308 2.999709 -6.338829 -0.0 0.0 -18.123455 3.648185 -4.905674 -4e-06 0.0 -2e-06 8.325331 17.320202 13.286536 44.580765 29.206818 15.782978 0.559879 50.529961 0.620706 -1.29417 3.010647 5.12003 2.243542 -5.255038 -3.18016 14.282896 -0.826595 6.952507 -2e-06 -12.690605 0.0 16.23558 -17.874035 2.323717 1.665666 -1.955922 -2.878301 4.7278 -4.170588 4.993926 11.020528 2e-06 -2e-06 12.109055 -3.735716 -2.866785 0.0 -0.0 0.0 1.291985 -1.92855 -1.498091 14.800132 0.567468 3.86561 14.242577 -1.341738 -6.660661 19.631973 0.143925 -0.648246 48.947746 -0.694432 -6.758468 0.353028 -1.511151 -0.03194 20.222799 3.684309 2.316633 18.787283 5e-06 1e-06 10.751633 -0.47987 1.397907 -0.0 1e-06 -0.0 3.273807 0.305947 -0.58011 21.48682 11.830377 2.266136 8.16293 0.0 -0.0 18.399088 -3.798983 -4.940577 4e-06 -0.0 -2e-06 -6.681283 11.204459 -51.500813 -0.111059 0.133483 47.552216 -0.612003 1.705581 -12.691506 1.675113 -2.134884 -1.640797 -0.0 -0.0 2e-06 3.290317 -16.333958 -50.599834 0.036559 -0.246607 50.407047 -1.444389 8.000556 -15.690422 -1.446034 0.91987 -0.680413 -0.0 -0.0 -1e-06 
0.0 0.0 0.0 0.0 -0.0 0.0 0.701625 91.244263 -1.272604 1.169303 1.799204 19.719767 0.133056 -0.10355 9.242809 -0.474117 -0.263943 -1.11319 -1.049458 -2.047525 17.243902 0.377712 2.740139 15.173853 -0.074504 -1.094336 -3.749926 6.905036 -2.807573 -9.944931 7.7e-05 -2.3e-05 8e-06 -0.108707 0.126888 -0.079052 0.546093 -3.668848 -10.852048 -0.760428 3.920423 -10.876846 -10.162813 -12.140214 15.005545 -43.825153 -21.75379 -8.363174 -2.115974 -68.062744 1.475775 11.051327 0.069846 2.361634 -5.882102 9.861281 0.702591 -10.936866 -0.360573 7.156202 2e-06 8.774822 1e-06 -14.802369 18.391619 6.753603 -1.844032 2.498502 -2.507277 -10.163592 4.678943 4.621107 -20.976013 -6e-06 2e-06 -21.226273 2.451692 -3.593999 -0.0 -6e-06 -1e-06 -1.362682 2.240798 -0.746323 -21.334904 0.584906 3.008318 -13.821208 -6e-06 1e-06 -23.887159 -0.24908 -0.839482 -59.994019 2.850121 -0.95836 -0.294024 1.679686 0.833255 -14.218204 0.093214 1.30058 -34.212029 -0.287568 0.967168 -20.033205 0.964533 1.212845 2e-06 2e-06 0.0 -3.440387 0.788233 0.501654 -15.928179 -3.167309 2.999704 -6.338822 -0.0 -1e-06 -18.12344 3.64818 -4.905669 -4e-06 0.0 -2e-06 7.684911 17.973576 12.79432 42.935085 30.905865 13.583668 0.912812 54.338665 0.948238 -2.698679 3.099919 4.628271 2.243542 -5.255037 -3.180158 14.282885 -0.826593 6.952497 -3e-06 -12.690605 1e-06 16.283928 -17.918646 2.254522 1.665666 -1.955921 -2.878297 4.727796 -4.170588 4.993921 11.020522 3e-06 -4e-06 12.10905 -3.735714 -2.866787 -0.0 1e-06 -1e-06 1.291984 -1.928548 -1.498089 14.800122 0.567469 3.865603 14.242569 -1.341735 -6.660659 19.631962 0.14393 -0.648249 48.967239 -0.689021 -6.758685 0.353029 -1.511149 -0.031939 20.222784 3.684309 2.316623 18.787268 5e-06 -5e-06 10.751622 -0.479866 1.397903 0.0 1e-06 0.0 3.273805 0.305948 -0.580112 21.486807 11.830377 2.266126 8.162923 0.0 -3e-06 18.399076 -3.798983 -4.940578 3e-06 -2e-06 -1e-06 -6.655867 11.532585 -55.440887 -0.104492 0.149863 52.939598 -0.77328 1.291612 -14.868132 1.669021 -2.136263 -1.840599 0.0 0.0 2e-06 4.097904 -16.275164 -54.300137 0.038597 -0.228531 55.25407 -2.119195 8.436172 -17.689276 -1.450111 0.91759 -0.656952 -0.0 -0.0 -1e-06 
0.0 0.0 0.0 0.0 -0.0 0.0 0.704187 89.391502 -1.551266 0.832516 1.432806 20.3454 0.209321 -0.142776 9.911486 -0.476373 -0.266394 -0.81693 -0.945987 -2.031548 17.6618 0.843032 2.469712 16.729782 -0.045455 -0.895491 -3.737124 6.955075 -2.535725 -9.036709 7.7e-05 -2.2e-05 5e-06 -0.105221 0.108988 -0.085269 0.550612 -3.676061 -10.858839 -0.756457 3.890372 -10.885335 -9.647532 -12.059564 14.726705 -42.943581 -22.810822 -8.551629 -2.136284 -69.514648 1.661769 11.463429 -0.234867 1.794027 -5.88211 9.861293 0.702591 -10.936877 -0.360573 7.156209 -1e-06 8.774831 0.0 -14.712891 18.41341 6.828381 -1.844034 2.498504 -2.507281 -10.163604 4.678949 4.621111 -20.976036 -2e-06 -1e-06 -21.226301 2.451698 -3.594006 0.0 -6e-06 -1e-06 -1.362682 2.240799 -0.746323 -21.334925 0.584913 3.008322 -13.82122 -2e-06 -1e-06 -23.887184 -0.24908 -0.839488 -59.952213 2.820787 -0.869373 -0.294025 1.679687 0.833256 -14.218216 0.093217 1.30058 -34.212067 -0.287563 0.967164 -20.033224 0.964538 1.212842 0.0 2e-06 1e-06 -3.44039 0.788234 0.501655 -15.928192 -3.167309 2.999705 -6.338828 -2e-06 -2e-06 -18.123457 3.648185 -4.905679 -4e-06 0.0 -2e-06 7.071035 18.613619 12.273579 41.303226 32.597107 11.261542 1.266429 58.341866 1.335857 -4.109207 3.197753 4.175339 2.243543 -5.255037 -3.18016 14.2829 -0.8266 6.952507 -1e-06 -12.690609 3e-06 16.363579 -17.950031 2.162814 1.665668 -1.955923 -2.878302 4.727801 -4.170591 4.993927 11.020534 2e-06 -1e-06 12.109059 -3.735718 -2.866787 0.0 1e-06 1e-06 1.291987 -1.928549 -1.49809 14.800138 0.567466 3.865611 14.24258 -1.341737 -6.660664 19.631975 0.143923 -0.648247 49.019566 -0.680087 -6.759487 0.35303 -1.511151 -0.03194 20.222803 3.684308 2.316631 18.787287 2e-06 -2e-06 10.751636 -0.47987 1.397905 -0.0 0.0 -1e-06 3.273809 0.305945 -0.580111 21.486826 11.830378 2.266131 8.162933 -2e-06 -0.0 18.399096 -3.798988 -4.94058 2e-06 -2e-06 -1e-06 -6.57979 11.737998 -59.063248 -0.10354 0.149559 58.067921 -0.919298 1.13066 -16.93642 1.665714 -2.135591 -2.010101 0.0 0.0 2e-06 4.848128 -16.278343 -57.787315 0.046119 -0.206389 60.015842 -2.775929 8.952227 -19.483397 -1.453573 0.899168 -0.738157 0.0 -0.0 -1e-06 
0.0 0.0 0.0 0.0 -0.0 0.0 0.744397 87.461868 -1.76852 0.482226 1.047915 20.890249 0.261373 -0.209795 10.576226 -0.483876 -0.283149 -0.540824 -0.854809 -2.027969 18.008923 1.230481 2.314166 17.780399 0.00384 -0.708983 -3.728607 6.919935 -2.284153 -8.303893 7.7e-05 -2.2e-05 6e-06 -0.103381 0.09593 -0.091194 0.552572 -3.676589 -10.850628 -0.752811 3.86364 -10.877483 -9.078315 -12.058476 14.392559 -41.765335 -23.727425 -8.047976 -1.825245 -70.509789 1.632394 11.513514 -0.485576 1.506851 -5.882107 9.861284 0.70259 -10.936875 -0.360573 7.156207 -0.0 8.774824 -2e-06 -14.64833 18.4394 6.88749 -1.844032 2.498504 -2.507277 -10.163601 4.678944 4.621111 -20.976027 -2e-06 4e-06 -21.226292 2.451697 -3.594 1e-06 -5e-06 0.0 -1.362681 2.240796 -0.746322 -21.334917 0.58491 3.008325 -13.821215 -2e-06 2e-06 -23.887173 -0.249078 -0.839483 -59.947376 2.787879 -0.780171 -0.294026 1.679689 0.833255 -14.218212 0.093214 1.300583 -34.212059 -0.287561 0.967173 -20.033218 0.964539 1.212845 -1e-06 1e-06 0.0 -3.440389 0.788234 0.501656 -15.928189 -3.167308 2.999709 -6.338829 -1e-06 2e-06 -18.123453 3.648183 -4.905671 -4e-06 0.0 -2e-06 6.403298 19.264658 11.698262 39.711395 34.269588 8.89538 1.687914 62.587776 1.837779 -5.483476 3.349518 3.598735 2.243541 -5.255038 -3.180157 14.282894 -0.826595 6.952504 -3e-06 -12.690603 1e-06 16.452948 -17.95418 2.080663 1.665667 -1.955923 -2.878299 4.727801 -4.170586 4.993923 11.020528 3e-06 -1e-06 12.109053 -3.735715 -2.866785 1e-06 -0.0 1e-06 1.291985 -1.92855 -1.498089 14.800131 0.567468 3.865608 14.242576 -1.341736 -6.660658 19.631969 0.143926 -0.648244 49.087448 -0.686105 -6.742082 0.353029 -1.511151 -0.031941 20.222795 3.68431 2.316631 18.787275 5e-06 1e-06 10.751631 -0.479867 1.397907 0.0 2e-06 0.0 3.273807 0.305947 -0.580111 21.486816 11.830377 2.266134 8.162928 2e-06 -0.0 18.399084 -3.798983 -4.940574 2e-06 -0.0 -0.0 -6.424509 11.835004 -62.460709 -0.117439 0.143387 63.013748 -1.146325 1.131217 -19.008747 1.663356 -2.132678 -2.12899 0.0 -1e-06 2e-06 5.594798 -16.359617 -61.125896 0.04942 -0.197655 64.701576 -3.408459 9.619328 -21.168819 -1.455629 0.858907 -0.910237 0.0 0.0 -1e-06 
0.0 0.0 0.0 0.0 -0.0 0.0 0.812569 85.469223 -1.935298 0.115317 0.667708 21.328728 0.296695 -0.291764 11.245178 -0.48986 -0.292483 -0.285477 -0.747264 -2.016256 18.249117 1.505517 2.241462 18.392868 0.06516 -0.51104 -3.727927 6.813725 -2.052166 -7.750521 7.7e-05 -2.2e-05 6e-06 -0.102021 0.086151 -0.092822 0.557746 -3.677555 -10.838133 -0.753659 3.844202 -10.860849 -8.423075 -12.113775 14.016064 -40.304405 -24.567585 -7.001864 -1.419059 -71.217064 1.498879 11.414332 -0.804449 1.442951 -5.882111 9.861292 0.702592 -10.936876 -0.360572 7.156208 -2e-06 8.77483 -1e-06 -14.623333 18.487339 6.921805 -1.844032 2.498505 -2.507278 -10.163604 4.678949 4.621109 -20.97603 3e-06 2e-06 -21.226297 2.451702 -3.594005 2e-06 -6e-06 -0.0 -1.362682 2.240798 -0.746323 -21.334921 0.584914 3.008324 -13.821218 2e-06 1e-06 -23.88718 -0.249076 -0.839488 -59.929768 2.736648 -0.70694 -0.294024 1.679688 0.833257 -14.218214 0.093221 1.300581 -34.212063 -0.287557 0.967165 -20.03322 0.964539 1.212841 -0.0 1e-06 1e-06 -3.44039 0.788234 0.501656 -15.928189 -3.167307 2.999708 -6.338829 1e-06 -1e-06 -18.123457 3.648188 -4.905673 -3e-06 2e-06 -2e-06 5.705657 19.925526 11.112144 38.058754 35.937405 6.445199 2.537304 66.905975 2.745994 -6.754288 3.557772 2.79603 2.243541 -5.255037 -3.180157 14.282887 -0.826593 6.952499 -1e-06 -12.690602 -2e-06 16.523849 -17.935362 2.026574 1.665666 -1.955921 -2.878298 4.727798 -4.170588 4.993922 11.020525 3e-06 -2e-06 12.109052 -3.735717 -2.866785 1e-06 0.0 0.0 1.291986 -1.928548 -1.498088 14.800125 0.567467 3.865604 14.242569 -1.341737 -6.660658 19.631966 0.143925 -0.648246 49.154766 -0.707066 -6.709608 0.353028 -1.51115 -0.03194 20.222786 3.684307 2.316627 18.78727 5e-06 -4e-06 10.751626 -0.47987 1.397904 -0.0 2e-06 1e-06 3.273807 0.305947 -0.580111 21.486809 11.830374 2.266131 8.162926 0.0 -1e-06 18.39908 -3.798985 -4.940578 3e-06 -1e-06 -1e-06 -6.220285 11.908565 -65.662048 -0.136352 0.136192 67.854111 -1.423786 1.164881 -20.987759 1.662203 -2.124745 -2.246766 0.0 -0.0 2e-06 6.323927 -16.49349 -64.266876 0.045769 -0.202548 69.274193 -4.024354 10.382072 -22.784475 -1.457555 0.809493 -1.101529 -0.0 0.0 -1e-06 
0.0 0.0 0.0 0.0 -0.0 0.0 0.901007 83.402908 -2.063609 -0.220398 0.325907 21.665071 0.316995 -0.370791 11.885676 -0.501189 -0.285002 -0.041565 -0.621044 -1.993523 18.410025 1.637126 2.242055 18.644213 0.110658 -0.352537 -3.739342 6.706457 -1.84834 -7.302006 7.6e-05 -2.2e-05 5e-06 -0.09934 0.077449 -0.091592 0.567262 -3.680808 -10.824505 -0.75662 3.829137 -10.839464 -7.754003 -12.257391 13.652878 -38.514542 -25.384775 -5.750639 -1.020261 -71.749069 1.302743 11.37024 -1.186878 1.785977 -5.882108 9.861287 0.702591 -10.936875 -0.360574 7.156208 -0.0 8.774828 -1e-06 -14.675824 18.580393 6.939227 -1.844033 2.498505 -2.507277 -10.163604 4.678946 4.62111 -20.976027 -2e-06 2e-06 -21.226294 2.451698 -3.594 1e-06 -5e-06 -1e-06 -1.362683 2.240799 -0.746323 -21.334917 0.584909 3.008324 -13.821218 -1e-06 2e-06 -23.887178 -0.249079 -0.839483 -59.949512 2.691142 -0.647092 -0.294024 1.679688 0.833256 -14.218214 0.093215 1.300581 -34.212063 -0.287562 0.96717 -20.033218 0.964538 1.212843 -1e-06 1e-06 -1e-06 -3.440388 0.788233 0.501658 -15.928192 -3.167308 2.99971 -6.338828 1e-06 1e-06 -18.123453 3.648185 -4.90567 -4e-06 1e-06 -1e-06 4.99461 20.613295 10.576416 36.125156 37.659477 3.907676 3.848655 71.076927 4.130319 -7.828607 3.745084 1.725014 2.243541 -5.255038 -3.18016 14.2829 -0.826595 6.95251 -2e-06 -12.690609 0.0 16.553543 -17.905563 2.009245 1.665666 -1.955922 -2.878301 4.727802 -4.170591 4.993928 11.020532 2e-06 0.0 12.109058 -3.735716 -2.866785 0.0 -1e-06 0.0 1.291984 -1.92855 -1.49809 14.800139 0.567469 3.865611 14.24258 -1.341736 -6.66066 19.631979 0.143925 -0.648242 49.227882 -0.754386 -6.671884 0.35303 -1.511151 -0.03194 20.222803 3.68431 2.316634 18.787287 4e-06 2e-06 10.751635 -0.47987 1.397908 -0.0 0.0 0.0 3.273809 0.305948 -0.58011 21.486826 11.830379 2.266137 8.16293 1e-06 1e-06 18.399092 -3.798988 -4.940575 3e-06 0.0 -1e-06 -6.037806 11.974812 -68.716255 -0.150826 0.136482 72.643585 -1.647475 1.204685 -22.828423 1.658057 -2.10363 -2.397374 -0.0 -0.0 2e-06 6.96741 -16.666115 -67.247734 0.032443 -0.222001 73.797668 -4.594097 11.157335 -24.356638 -1.458776 0.76012 -1.29665 -0.0 0.0 -1e-06 
0.0 0.0 0.0 0.0 -0.0 0.0 1.014826 81.257698 -2.158998 -0.473686 0.024296 21.944429 0.320344 -0.431681 12.467608 -0.512115 -0.260501 0.190669 -0.491679 -1.958193 18.531292 1.620675 2.304703 18.615835 0.133465 -0.291262 -3.749868 6.571623 -1.68809 -6.989554 7.7e-05 -2.3e-05 6e-06 -0.095448 0.068945 -0.089682 0.577447 -3.685417 -10.805553 -0.75848 3.816301 -10.813894 -7.126783 -12.523809 13.312661 -36.409992 -26.1731 -4.619919 -0.742758 -72.167633 1.17811 11.559042 -1.622209 2.576715 -5.882106 9.861284 0.702591 -10.936869 -0.360573 7.156207 -2e-06 8.774825 0.0 -14.793301 18.67078 6.933174 -1.844032 2.498504 -2.50728 -10.1636 4.678946 4.621111 -20.976023 -0.0 1e-06 -21.22629 2.451699 -3.594002 1e-06 -6e-06 -1e-06 -1.362682 2.240799 -0.746325 -21.334909 0.584913 3.008322 -13.821213 1e-06 2e-06 -23.887169 -0.249076 -0.839486 -59.988506 2.648352 -0.604702 -0.294024 1.679687 0.833256 -14.218204 0.093218 1.300579 -34.212048 -0.287559 0.967168 -20.033211 0.964539 1.212841 0.0 1e-06 -0.0 -3.440388 0.788233 0.501655 -15.928185 -3.167306 2.999709 -6.338826 1e-06 1e-06 -18.123444 3.648183 -4.905672 -4e-06 1e-06 -2e-06 4.229483 21.322678 10.076601 33.754517 39.440762 1.191903 5.643699 75.028275 6.047865 -8.672905 3.781868 0.626345 2.243543 -5.255036 -3.180156 14.282887 -0.826595 6.9525 -0.0 -12.690601 -1e-06 16.529686 -17.837549 2.04177 1.665667 -1.955922 -2.878298 4.727798 -4.170587 4.993923 11.020526 1e-06 -2e-06 12.109052 -3.735716 -2.866785 0.0 -0.0 0.0 1.291986 -1.92855 -1.498089 14.800125 0.567465 3.865604 14.242569 -1.341738 -6.660658 19.631962 0.143925 -0.648248 49.290916 -0.817303 -6.621345 0.35303 -1.511152 -0.03194 20.222786 3.684307 2.316628 18.78727 3e-06 -3e-06 10.751625 -0.479867 1.397905 0.0 1e-06 -0.0 3.273807 0.305947 -0.580111 21.486803 11.83037 2.266131 8.162924 1e-06 -1e-06 18.399076 -3.798984 -4.940577 3e-06 -0.0 -1e-06 -5.942722 12.007475 -71.669426 -0.143563 0.157762 77.367012 -1.772593 1.265861 -24.559511 1.651006 -2.074402 -2.587334 -0.0 -0.0 2e-06 7.471314 -16.874578 -70.167297 0.011121 -0.246207 78.346306 -5.166819 11.840931 -25.844688 -1.458753 0.716814 -1.570766 -0.0 0.0 -1e-06 
0.0 0.0 0.0 0.0 -0.0 0.0 1.15175 79.028221 -2.23286 -0.603078 -0.237646 22.142582 0.313012 -0.472864 13.002978 -0.508395 -0.235408 0.427697 -0.405779 -1.894295 18.65951 1.474987 2.458579 18.364162 0.167114 -0.370582 -3.748031 6.392801 -1.610188 -6.787032 7.7e-05 -2.2e-05 5e-06 -0.10525 0.068186 -0.091152 0.57003 -3.685352 -10.785229 -0.770408 3.814947 -10.792955 -6.548112 -12.903048 12.978846 -34.078674 -26.875198 -3.801567 -0.614648 -72.555321 1.139577 12.14569 -2.058716 3.824296 -5.882109 9.861288 0.702591 -10.936877 -0.360574 7.156211 1e-06 8.774828 0.0 -14.912451 18.72015 6.90864 -1.844033 2.498507 -2.507278 -10.163602 4.678946 4.621112 -20.976032 -2e-06 3e-06 -21.226295 2.451698 -3.594001 0.0 -6e-06 -1e-06 -1.362681 2.2408 -0.746322 -21.334921 0.584912 3.008327 -13.821221 -3e-06 5e-06 -23.887182 -0.249074 -0.839482 -59.98111 2.623438 -0.577773 -0.294025 1.679688 0.833257 -14.218214 0.093215 1.300583 -34.212055 -0.287559 0.967173 -20.03322 0.964541 1.212844 1e-06 2e-06 1e-06 -3.44039 0.788234 0.501657 -15.928194 -3.167309 2.99971 -6.33883 -0.0 3e-06 -18.123457 3.648186 -4.90567 -4e-06 1e-06 -2e-06 3.37913 22.066366 9.535985 30.783024 41.203903 -1.789962 7.992288 78.907349 8.59339 -9.420793 3.566192 -0.407856 2.243545 -5.255036 -3.180157 14.282887 -0.826595 6.952503 -3e-06 -12.690603 2e-06 16.468792 -17.723146 2.125095 1.665667 -1.955922 -2.878299 4.727796 -4.170587 4.993925 11.020524 2e-06 -2e-06 12.109052 -3.735714 -2.866785 -1e-06 -0.0 0.0 1.291984 -1.92855 -1.498091 14.800129 0.567468 3.865608 14.242571 -1.341737 -6.66066 19.631968 0.143927 -0.648245 49.342628 -0.867771 -6.562038 0.353028 -1.511149 -0.031939 20.222788 3.684309 2.31663 18.78727 5e-06 -0.0 10.751627 -0.479869 1.397906 -0.0 -0.0 -0.0 3.273805 0.305947 -0.58011 21.486813 11.830376 2.266133 8.162926 1e-06 -0.0 18.39908 -3.798986 -4.940575 3e-06 -1e-06 -1e-06 -5.956024 11.958937 -74.529922 -0.098882 0.198806 82.077286 -1.838565 1.426503 -26.109369 1.644614 -2.06308 -2.829545 -0.0 -1e-06 2e-06 7.796949 -17.141279 -73.064819 0.000838 -0.255924 83.006813 -5.795253 12.437593 -27.149153 -1.456191 0.677914 -1.985779 -0.0 0.0 -1e-06 
0.0 0.0 0.0 0.0 -0.0 0.0 1.299589 76.787964 -2.284606 -0.627229 -0.487415 22.187395 0.316468 -0.492529 13.534591 -0.498797 -0.196666 0.683789 -0.39345 -1.826606 18.835438 1.22715 2.698208 17.982702 0.193425 -0.539271 -3.737335 6.227806 -1.61993 -6.58474 7.6e-05 -2.2e-05 6e-06 -0.12032 0.069997 -0.098086 0.552021 -3.681845 -10.771635 -0.781758 3.815498 -10.777686 -5.987358 -13.294978 12.61788 -31.741306 -27.396286 -3.391614 -0.423275 -73.10376 0.987252 13.070944 -2.368803 5.257246 -5.882111 9.86129 0.702589 -10.936875 -0.360571 7.156205 -0.0 8.774826 0.0 -14.991405 18.72501 6.855702 -1.844033 2.498505 -2.507279 -10.163604 4.678947 4.621108 -20.97603 1e-06 -1e-06 -21.226297 2.451699 -3.594007 -0.0 -5e-06 -0.0 -1.362683 2.240798 -0.746323 -21.334917 0.584915 3.008319 -13.821217 -0.0 -1e-06 -23.887178 -0.249077 -0.839491 -59.929398 2.577847 -0.592462 -0.294025 1.679688 0.833257 -14.218214 0.09322 1.300578 -34.212059 -0.287559 0.967159 -20.033218 0.964537 1.212837 0.0 2e-06 -0.0 -3.44039 0.788235 0.501655 -15.928189 -3.167305 2.999703 -6.338829 -0.0 -1e-06 -18.123457 3.648188 -4.905678 -4e-06 2e-06 -1e-06 2.426698 22.867079 8.928281 27.138105 42.806408 -5.299839 12.386017 82.926453 13.255317 -10.115321 3.069633 -1.398642 2.243546 -5.255038 -3.180159 14.2829 -0.826598 6.952505 1e-06 -12.690609 0.0 16.366121 -17.546291 2.224343 1.665666 -1.955923 -2.8783 4.727801 -4.17059 4.993926 11.020535 2e-06 -1e-06 12.10906 -3.735717 -2.866785 -0.0 -1e-06 0.0 1.291985 -1.928551 -1.49809 14.800138 0.567466 3.865608 14.242584 -1.341739 -6.660663 19.631981 0.143922 -0.648248 49.371033 -0.877272 -6.478243 0.35303 -1.511152 -0.03194 20.222805 3.684307 2.316631 18.787289 1e-06 -3e-06 10.751637 -0.479869 1.397905 0.0 -0.0 0.0 3.273808 0.305946 -0.580111 21.486828 11.830377 2.266132 8.162934 1e-06 -2e-06 18.399099 -3.798987 -4.94058 4e-06 0.0 -1e-06 -6.061143 11.89775 -77.188881 -0.043807 0.248006 86.72007 -1.869156 1.651432 -27.313263 1.645567 -2.070095 -3.133268 0.0 -0.0 2e-06 7.902677 -17.387289 -75.842926 0.009626 -0.249729 87.764511 -6.396741 12.961402 -27.92256 -1.447997 0.645091 -2.61336 -0.0 0.0 -1e-06 
0.0 0.0 0.0 0.0 -0.0 0.0 1.417129 74.571259 -2.321756 -0.565788 -0.734461 22.090393 0.330929 -0.491049 14.049067 -0.452914 -0.164196 0.904549 -0.487582 -1.696255 19.080938 0.924517 2.900693 17.658255 0.180618 -0.681208 -3.668086 6.121 -1.714156 -6.427866 7.7e-05 -2.3e-05 6e-06 -0.156282 0.079366 -0.090621 0.521464 -3.66568 -10.741656 -0.821024 3.819034 -10.744011 -5.492648 -13.631475 12.24925 -29.403841 -27.74155 -3.170822 0.075637 -73.945168 0.533573 14.200344 -2.408386 6.863936 -5.88211 9.861291 0.702591 -10.936882 -0.360574 7.156212 1e-06 8.77483 0.0 -15.074045 18.701319 6.753246 -1.844035 2.498507 -2.507279 -10.16361 4.678949 4.621113 -20.976046 -4e-06 2e-06 -21.226309 2.451699 -3.594003 0.0 -7e-06 -0.0 -1.362683 2.2408 -0.746323 -21.334934 0.584911 3.008326 -13.821228 -3e-06 3e-06 -23.887196 -0.249079 -0.839484 -59.856419 2.497575 -0.713707 -0.294025 1.679688 0.833257 -14.218222 0.093216 1.300581 -34.21209 -0.287564 0.967171 -20.033236 0.964535 1.212844 0.0 2e-06 -0.0 -3.440392 0.788233 0.501657 -15.928201 -3.167313 2.999708 -6.338833 -0.0 1e-06 -18.123466 3.648183 -4.905673 -4e-06 -0.0 -2e-06 1.390157 23.510597 8.311461 22.76462 44.271439 -9.552085 30.608759 87.00618 31.828392 -10.96458 2.225671 -2.58392 2.243541 -5.255041 -3.18016 14.282906 -0.826596 6.952509 -1e-06 -12.69061 -1e-06 16.186558 -17.375154 2.331113 1.665668 -1.955923 -2.878299 4.727803 -4.17059 4.993927 11.020538 2e-06 -0.0 12.109063 -3.735718 -2.866786 0.0 -1e-06 0.0 1.291987 -1.92855 -1.49809 14.800142 0.567467 3.865611 14.242584 -1.341738 -6.660664 19.631985 0.143925 -0.648246 49.386402 -0.832765 -6.344589 0.353027 -1.511152 -0.03194 20.222815 3.684311 2.316634 18.787292 4e-06 -1e-06 10.751639 -0.479869 1.397907 0.0 0.0 -0.0 3.273811 0.305948 -0.580111 21.486835 11.830379 2.266136 8.162935 1e-06 -1e-06 18.399103 -3.798987 -4.94058 2e-06 0.0 -1e-06 -6.210376 11.830255 -79.702942 -0.00499 0.291402 91.354706 -1.917986 1.94942 -27.914204 1.642813 -2.068635 -3.47217 0.0 -0.0 2e-06 7.801697 -17.619232 -78.562363 -0.004058 -0.297646 92.712952 -6.854217 13.390984 -27.719725 -1.453222 0.631743 -3.362375 0.0 0.0 -1e-06 
0.0 0.0 0.0 0.0 -0.0 0.0 1.543202 72.284149 -2.318058 -0.535669 -0.966319 21.745035 0.3772 -0.494665 14.634648 -0.428106 -0.088339 1.157989 -0.550355 -1.572026 19.301369 0.522594 3.147162 17.532387 0.180784 -0.854227 -3.655322 6.075026 -1.78333 -6.148133 7.7e-05 -2.2e-05 6e-06 -0.176201 0.083525 -0.093433 0.484802 -3.648945 -10.719213 -0.822512 3.81005 -10.717434 -4.975668 -13.947987 11.836937 -27.459337 -27.798 -3.008063 1.260304 -75.167694 -0.480679 15.457823 -2.19828 8.873823 -5.882108 9.861288 0.70259 -10.936874 -0.360576 7.156208 -0.0 8.774827 -2e-06 -15.162363 18.69578 6.698971 -1.844032 2.498506 -2.507279 -10.163603 4.678945 4.62111 -20.97603 -2e-06 1e-06 -21.226292 2.451696 -3.594001 -1e-06 -7e-06 -0.0 -1.362682 2.240798 -0.746324 -21.334921 0.584911 3.008325 -13.821218 -3e-06 2e-06 -23.887178 -0.249079 -0.839483 -59.908821 2.445993 -0.800066 -0.294024 1.679689 0.833256 -14.218211 0.093215 1.300582 -34.212063 -0.287565 0.967172 -20.033216 0.964539 1.212845 -1e-06 1e-06 -0.0 -3.440389 0.788232 0.501656 -15.928191 -3.16731 2.999709 -6.338829 -2e-06 1e-06 -18.123453 3.648182 -4.905673 -4e-06 -1e-06 -2e-06 0.095203 24.298811 7.536952 18.083187 45.332932 -14.421517 142.877182 87.759995 144.373718 -11.937199 1.252705 -3.53289 2.243541 -5.255036 -3.180157 14.282885 -0.826594 6.952499 -2e-06 -12.690601 0.0 15.994578 -17.204214 2.458774 1.665665 -1.955921 -2.878298 4.727799 -4.170586 4.993921 11.020522 4e-06 -2e-06 12.109049 -3.735716 -2.866785 -1e-06 -0.0 -0.0 1.291984 -1.92855 -1.498088 14.800122 0.567468 3.865604 14.242566 -1.341737 -6.660658 19.631954 0.143926 -0.648246 49.385227 -0.849169 -6.218443 0.35303 -1.511151 -0.031941 20.222784 3.684309 2.316628 18.787266 5e-06 -1e-06 10.751624 -0.479868 1.397905 0.0 -1e-06 0.0 3.273805 0.305947 -0.580111 21.486809 11.830371 2.266132 8.162924 2e-06 -1e-06 18.399076 -3.798983 -4.940575 3e-06 0.0 -1e-06 -6.331864 11.893785 -81.959648 0.039 0.341037 96.025131 -1.967735 2.168732 -28.421352 1.653642 -2.06014 -3.930071 0.0 -0.0 2e-06 7.632317 -17.844446 -81.069839 -0.002946 -0.292933 97.808388 -7.380631 13.78182 -26.989605 -1.430381 0.609118 -4.387243 -0.0 -0.0 -1e-06 
0.0 0.0 0.0 0.0 -0.0 0.0 1.64432 70.05175 -2.276597 -0.473201 -1.143904 21.231199 0.3821 -0.522557 15.197712 -0.402668 0.075237 1.370433 -0.612103 -1.482195 19.545818 0.152299 3.324315 17.522661 0.215308 -1.005751 -3.60234 5.97087 -1.791708 -5.766144 7.7e-05 -2.2e-05 6e-06 -0.136136 0.061717 -0.092648 0.502919 -3.640513 -10.662305 -0.757969 3.755656 -10.645871 -4.604185 -14.153423 11.433115 -25.838995 -27.85541 -3.013886 2.70851 -76.584053 -1.855903 16.50386 -1.778795 10.914353 -5.88211 9.86129 0.702591 -10.936875 -0.360572 7.156206 0.0 8.774828 0.0 -15.133811 18.734474 6.741911 -1.844033 2.498505 -2.507278 -10.1636 4.678947 4.62111 -20.97603 -1e-06 0.0 -21.226294 2.451698 -3.594003 1e-06 -6e-06 -0.0 -1.362681 2.240798 -0.746324 -21.334921 0.584911 3.008323 -13.821217 -1e-06 1e-06 -23.887177 -0.249076 -0.839486 -59.995842 2.407359 -0.871127 -0.294025 1.679688 0.833255 -14.218213 0.093217 1.30058 -34.212059 -0.287563 0.967167 -20.033216 0.964536 1.212842 -1e-06 1e-06 -0.0 -3.44039 0.788235 0.501655 -15.928189 -3.167308 2.999707 -6.338829 1e-06 1e-06 -18.123453 3.648184 -4.905673 -4e-06 1e-06 -2e-06 -1.350125 24.961279 6.699605 13.198082 46.162003 -20.079485 167.738846 84.040756 169.341049 -13.123242 0.110014 -4.118735 2.243542 -5.255037 -3.18016 14.282893 -0.826595 6.952504 -1e-06 -12.690603 0.0 15.903983 -17.088385 2.528051 1.665665 -1.955923 -2.878301 4.727798 -4.170586 4.993925 11.020522 1e-06 -1e-06 12.109053 -3.735715 -2.866786 1e-06 -0.0 -0.0 1.291986 -1.928549 -1.498091 14.800129 0.567467 3.86561 14.242575 -1.341737 -6.660661 19.631969 0.143926 -0.648246 49.44437 -0.916173 -6.256136 0.353029 -1.511151 -0.031941 20.222788 3.684309 2.31663 18.78727 4e-06 -2e-06 10.751627 -0.479869 1.397906 -1e-06 -0.0 0.0 3.273808 0.305947 -0.58011 21.486813 11.830371 2.266133 8.162928 1e-06 -0.0 18.39908 -3.798985 -4.940576 3e-06 1e-06 -1e-06 -6.46007 11.962707 -84.030434 0.088876 0.358001 100.690216 -2.055472 2.530153 -28.252766 1.708043 -2.067777 -4.226703 -0.0 -0.0 2e-06 7.333194 -18.136728 -83.25927 -0.039799 -0.316045 102.729263 -8.006088 14.248767 -25.912296 -1.408213 0.601873 -5.493352 0.0 -0.0 -1e-06 
0.0 0.0 0.0 0.0 -0.0 0.0 1.703888 67.778343 -2.179705 -0.396911 -1.337036 20.520048 0.381352 -0.483304 15.721668 -0.404788 0.173535 1.553893 -0.786532 -1.29397 19.793734 -0.078887 3.416636 17.608015 0.279453 -1.043954 -3.582003 5.988773 -1.788808 -5.258656 7.7e-05 -2.2e-05 6e-06 -0.134869 0.055416 -0.085539 0.505395 -3.633983 -10.651374 -0.75586 3.734724 -10.620013 -4.252394 -14.414187 11.058722 -24.797153 -27.809334 -3.347907 4.00472 -78.25766 -3.099932 17.332479 -1.326941 12.633828 -5.882112 9.86129 0.70259 -10.936878 -0.360573 7.156207 0.0 8.774828 -1e-06 -15.272243 18.785526 6.741401 -1.844036 2.498506 -2.507279 -10.163605 4.678948 4.621109 -20.976038 -2e-06 -1e-06 -21.226303 2.451699 -3.594005 0.0 -6e-06 -0.0 -1.362684 2.2408 -0.746324 -21.33493 0.584911 3.00832 -13.821225 -1e-06 -1e-06 -23.887188 -0.24908 -0.839488 -60.181911 2.416836 -0.85887 -0.294024 1.679688 0.833256 -14.218219 0.093216 1.300579 -34.212078 -0.287563 0.967163 -20.03323 0.964536 1.212839 -0.0 0.0 -0.0 -3.440392 0.788235 0.501655 -15.928196 -3.167308 2.999706 -6.338831 -1e-06 0.0 -18.123463 3.648186 -4.905677 -4e-06 1e-06 -2e-06 -2.658712 25.533155 5.937537 8.307563 46.642017 -26.20318 172.883087 80.636703 174.361298 -14.325325 -0.868491 -4.331018 2.243544 -5.255039 -3.180162 14.282897 -0.826597 6.952508 -1e-06 -12.690609 -1e-06 15.761635 -17.033033 2.624718 1.665667 -1.955924 -2.878301 4.727803 -4.170589 4.993927 11.020534 3e-06 -1e-06 12.109059 -3.735718 -2.866787 -1e-06 0.0 0.0 1.291986 -1.92855 -1.498091 14.800139 0.567469 3.865612 14.242579 -1.341737 -6.660662 19.631975 0.143924 -0.648246 49.441101 -1.007679 -6.195663 0.353029 -1.511151 -0.03194 20.222803 3.684309 2.316634 18.787285 3e-06 -1e-06 10.751634 -0.47987 1.397907 -0.0 0.0 1e-06 3.273809 0.305947 -0.580111 21.486824 11.830379 2.266137 8.16293 1e-06 0.0 18.399092 -3.798987 -4.940577 3e-06 0.0 -1e-06 -6.559645 12.162932 -85.84938 0.128188 0.381697 105.350708 -2.009513 2.656243 -27.902102 1.729827 -2.076849 -5.091875 -0.0 1e-06 2e-06 6.929903 -18.428787 -85.031853 -0.076115 -0.335665 107.401772 -8.695479 14.513146 -25.267332 -1.374809 0.557317 -6.472434 0.0 0.0 -1e-06 
0.0 0.0 0.0 0.0 -0.0 0.0 1.696688 65.55394 -2.052767 -0.304858 -1.456064 19.686705 0.322506 -0.444618 16.231831 -0.395448 0.289623 1.702722 -1.019123 -1.108671 20.026625 -0.169039 3.456404 17.669985 0.339024 -1.041946 -3.560909 6.001383 -1.727609 -4.775615 7.6e-05 -2.2e-05 6e-06 -0.122819 0.043216 -0.074445 0.527507 -3.64641 -10.651784 -0.752179 3.720828 -10.606313 -4.043802 -14.744595 10.733754 -24.239981 -27.732155 -4.002612 5.211522 -80.040466 -4.352129 18.088577 -1.038203 13.920941 -5.88211 9.861288 0.70259 -10.936881 -0.360575 7.156212 2e-06 8.774828 -1e-06 -15.401793 18.85187 6.733031 -1.844031 2.498505 -2.507278 -10.163605 4.678946 4.621113 -20.976038 -2e-06 4e-06 -21.226301 2.451698 -3.593999 0.0 -7e-06 -0.0 -1.362681 2.240799 -0.746325 -21.334929 0.584909 3.008328 -13.821222 -2e-06 4e-06 -23.887184 -0.249077 -0.83948 -60.311787 2.418579 -0.869807 -0.294024 1.679687 0.833255 -14.21822 0.093214 1.300583 -34.212074 -0.287563 0.967176 -20.03323 0.964537 1.212848 0.0 0.0 -0.0 -3.440392 0.788233 0.501656 -15.9282 -3.16731 2.999712 -6.33883 -2e-06 3e-06 -18.123459 3.648183 -4.90567 -4e-06 0.0 -2e-06 -3.784871 26.051386 5.301817 3.613515 46.777481 -32.440617 175.594635 77.844986 176.809082 -15.637861 -1.714086 -4.063834 2.243539 -5.255037 -3.180157 14.282887 -0.826595 6.952504 -1e-06 -12.6906 -1e-06 15.621626 -16.990736 2.711293 1.665665 -1.955922 -2.878297 4.727799 -4.170585 4.993924 11.020521 0.0 -1e-06 12.109049 -3.735716 -2.866784 1e-06 0.0 0.0 1.291982 -1.928549 -1.498089 14.800125 0.567468 3.865609 14.24257 -1.341736 -6.660657 19.631966 0.143923 -0.648244 49.43433 -1.076275 -6.15311 0.353029 -1.51115 -0.03194 20.222788 3.684308 2.316632 18.787271 3e-06 0.0 10.751628 -0.479869 1.397909 0.0 0.0 -1e-06 3.273806 0.305947 -0.580111 21.486809 11.830369 2.266135 8.162926 1e-06 -1e-06 18.39908 -3.798985 -4.940573 3e-06 -0.0 0.0 -6.569061 12.374508 -87.38755 0.167574 0.398112 109.767189 -1.95645 2.80397 -27.492455 1.744791 -2.064384 -5.892196 -0.0 1e-06 2e-06 6.485094 -18.731277 -86.444298 -0.126828 -0.347106 111.778824 -9.394887 14.651786 -24.835787 -1.349886 0.536404 -7.251111 0.0 0.0 -1e-06 
0.0 0.0 0.0 0.0 -0.0 0.0 1.633339 63.380451 -1.908413 -0.2126 -1.520249 18.790543 0.226853 -0.403831 16.726923 -0.394685 0.412613 1.85699 -1.291909 -0.936418 20.245279 -0.128857 3.465887 17.583618 0.379842 -1.005093 -3.535388 5.977165 -1.628418 -4.326696 7.7e-05 -2.2e-05 6e-06 -0.117054 0.034612 -0.064659 0.544588 -3.666831 -10.658166 -0.757008 3.722569 -10.606089 -4.045737 -15.214908 10.503528 -24.04299 -27.64749 -4.929155 6.32144 -81.676994 -5.547369 18.816891 -0.91386 14.632673 -5.882108 9.861286 0.702591 -10.936876 -0.360574 7.15621 1e-06 8.774826 -1e-06 -15.487133 18.959976 6.766243 -1.844035 2.498504 -2.507279 -10.163602 4.678946 4.621112 -20.976028 -1e-06 4e-06 -21.226292 2.451698 -3.594 0.0 -6e-06 -0.0 -1.362681 2.240798 -0.746324 -21.334919 0.58491 3.008328 -13.821218 -2e-06 3e-06 -23.887177 -0.249077 -0.839482 -60.49828 2.46389 -0.883515 -0.294023 1.679687 0.833256 -14.218211 0.093216 1.300583 -34.212059 -0.287559 0.967174 -20.033218 0.96454 1.212845 -1e-06 0.0 -0.0 -3.44039 0.788233 0.501656 -15.928191 -3.167308 2.999711 -6.338828 -1e-06 2e-06 -18.123453 3.648183 -4.905669 -4e-06 1e-06 -2e-06 -4.687969 26.51952 4.753432 -0.669036 46.702179 -38.540363 177.413361 75.647537 178.263687 -17.033016 -2.391575 -3.163882 2.243544 -5.255037 -3.180159 14.282896 -0.826595 6.952507 -3e-06 -12.690607 -1e-06 15.488523 -16.979876 2.784349 1.665666 -1.955922 -2.878301 4.727802 -4.170588 4.993925 11.020531 3e-06 -2e-06 12.109058 -3.735716 -2.866784 -0.0 0.0 0.0 1.291986 -1.928551 -1.498091 14.800138 0.567469 3.865609 14.242582 -1.341736 -6.660661 19.631983 0.143927 -0.648246 49.435703 -1.136979 -6.124106 0.353028 -1.51115 -0.031941 20.222803 3.684312 2.316632 18.787287 6e-06 0.0 10.751634 -0.479868 1.397907 0.0 -0.0 1e-06 3.27381 0.305947 -0.580112 21.48683 11.830378 2.266133 8.16293 2e-06 -3e-06 18.399094 -3.798984 -4.940577 3e-06 -0.0 -2e-06 -6.489879 12.610963 -88.663353 0.213399 0.404749 113.849785 -1.919453 2.976211 -27.348667 1.752344 -2.04315 -6.581279 0.0 0.0 2e-06 6.020887 -18.989937 -87.567726 -0.182638 -0.350126 115.860886 -10.156658 14.717866 -24.694416 -1.335526 0.532399 -7.943943 -0.0 -0.0 -2e-06 
0.0 0.0 0.0 0.0 -0.0 0.0 1.551829 61.300076 -1.786617 -0.152515 -1.571164 17.894047 0.112117 -0.353085 17.177805 -0.412831 0.523049 2.033187 -1.572272 -0.79109 20.484043 -0.020458 3.489128 17.349586 0.40128 -0.945555 -3.515465 5.904287 -1.491395 -3.959182 7.7e-05 -2.2e-05 5e-06 -0.110811 0.029542 -0.05706 0.560217 -3.684654 -10.66048 -0.760039 3.729056 -10.603419 -4.306736 -15.861868 10.414881 -24.001581 -27.519255 -6.002813 7.130055 -82.946091 -6.437612 19.390039 -0.929313 14.597356 -5.882112 9.86129 0.702589 -10.936881 -0.360576 7.156212 1e-06 8.774831 -1e-06 -15.551933 19.061216 6.77585 -1.844032 2.498507 -2.507279 -10.163608 4.678946 4.621112 -20.976042 -5e-06 4e-06 -21.226301 2.451696 -3.593999 0.0 -7e-06 -0.0 -1.362683 2.240798 -0.746325 -21.334934 0.584908 3.008327 -13.821227 -4e-06 3e-06 -23.887192 -0.249078 -0.839481 -60.672634 2.523316 -0.902656 -0.294026 1.679689 0.833257 -14.218223 0.093215 1.300583 -34.212082 -0.287566 0.967174 -20.033232 0.964537 1.212847 -1e-06 2e-06 -0.0 -3.440392 0.788233 0.501656 -15.928203 -3.167314 2.999712 -6.338833 -0.0 2e-06 -18.123463 3.648181 -4.905673 -4e-06 -2e-06 -2e-06 -5.294946 26.945124 4.317984 -4.484636 46.520725 -44.184418 178.469833 73.90107 178.938248 -18.363899 -2.798422 -1.678631 2.243543 -5.255039 -3.180159 14.282903 -0.826595 6.952507 -1e-06 -12.690608 -3e-06 15.375398 -16.984632 2.832543 1.665668 -1.955923 -2.8783 4.727804 -4.170589 4.993925 11.020535 5e-06 -1e-06 12.10906 -3.735717 -2.866786 -0.0 0.0 0.0 1.291986 -1.92855 -1.498089 14.800139 0.567469 3.865609 14.242584 -1.341737 -6.66066 19.631985 0.143926 -0.648245 49.419491 -1.159904 -6.086499 0.353028 -1.511152 -0.03194 20.222809 3.684312 2.316632 18.787289 6e-06 -0.0 10.751637 -0.479867 1.397906 0.0 0.0 1e-06 3.273809 0.305945 -0.580112 21.486832 11.830379 2.266134 8.162933 2e-06 -2e-06 18.399096 -3.798984 -4.940579 3e-06 0.0 -1e-06 -6.349964 12.888059 -89.745453 0.253833 0.409654 117.528442 -1.90215 3.100479 -27.539011 1.754686 -2.014165 -7.200469 -0.0 0.0 2e-06 5.57203 -19.166929 -88.520187 -0.241499 -0.349714 119.623795 -10.94434 14.787942 -24.6362 -1.329376 0.538483 -8.688194 -0.0 -0.0 -1e-06 
0.0 0.0 0.0 0.0 -0.0 0.0 1.479252 59.342079 -1.686401 -0.088879 -1.634919 16.961554 -0.02449 -0.316735 17.613104 -0.432771 0.596905 2.225469 -1.856246 -0.683491 20.746349 0.110737 3.530851 17.01519 0.398606 -0.859219 -3.497475 5.763932 -1.307398 -3.698941 7.7e-05 -2.3e-05 6e-06 -0.104442 0.027173 -0.049247 0.573143 -3.698325 -10.657276 -0.76113 3.737576 -10.596774 -4.762625 -16.63419 10.437796 -24.109978 -27.296309 -7.104985 6.446517 -83.760773 -5.891517 19.79339 -0.937471 13.871162 -5.88211 9.861285 0.702589 -10.936873 -0.360575 7.156204 2e-06 8.774824 -1e-06 -15.568778 19.1283 6.754067 -1.844034 2.498504 -2.507277 -10.163604 4.678945 4.621108 -20.97603 -4e-06 1e-06 -21.226292 2.451698 -3.594002 0.0 -6e-06 -0.0 -1.362683 2.240798 -0.746323 -21.334921 0.584911 3.008321 -13.82122 -3e-06 1e-06 -23.887182 -0.249079 -0.839485 -60.808163 2.567158 -0.915939 -0.294027 1.679687 0.833255 -14.218212 0.093215 1.30058 -34.212063 -0.287566 0.967168 -20.033224 0.964536 1.212843 -0.0 1e-06 0.0 -3.440391 0.788234 0.501655 -15.928189 -3.167312 2.999706 -6.338828 -3e-06 -0.0 -18.123453 3.648184 -4.905672 -4e-06 0.0 -2e-06 -5.639505 27.329161 4.054518 -7.866905 46.30682 -49.176456 178.802109 72.482651 179.015976 -19.595503 -2.899272 0.159368 2.24354 -5.255036 -3.180159 14.282884 -0.826593 6.952502 -3e-06 -12.690601 1e-06 15.29767 -16.983526 2.82238 1.665668 -1.95592 -2.878299 4.727795 -4.170587 4.993924 11.020524 5e-06 -2e-06 12.109048 -3.735713 -2.866785 0.0 1e-06 0.0 1.291983 -1.92855 -1.49809 14.800123 0.567471 3.865608 14.242566 -1.341734 -6.660659 19.631962 0.143929 -0.648245 49.396061 -1.128759 -6.065549 0.353029 -1.511152 -0.03194 20.222782 3.684312 2.316628 18.78727 8e-06 -1e-06 10.751624 -0.479867 1.397905 0.0 0.0 -1e-06 3.273807 0.305947 -0.58011 21.486809 11.830376 2.266134 8.162924 3e-06 0.0 18.399076 -3.798982 -4.940572 3e-06 0.0 -1e-06 -6.244131 13.239675 -90.643478 0.287379 0.40828 120.895782 -1.842677 3.08213 -27.735859 1.75583 -1.990056 -7.739801 -0.0 -0.0 2e-06 5.063962 -19.271139 -89.257927 -0.292151 -0.341939 123.050705 -11.731865 14.852231 -24.680815 -1.333348 0.554883 -9.314462 0.0 -0.0 -2e-06 
0.0 0.0 0.0 0.0 -0.0 0.0 1.437991 57.504169 -1.576241 0.012839 -1.702968 15.926522 -0.168325 -0.301768 18.041792 -0.463283 0.633505 2.413245 -2.130494 -0.652594 21.070698 0.260048 3.578996 16.589754 0.394196 -0.766802 -3.483696 5.51126 -1.101928 -3.497332 7.7e-05 -2.2e-05 6e-06 -0.110381 0.029121 -0.044539 0.57167 -3.703048 -10.649769 -0.772601 3.746128 -10.586856 -5.323137 -17.434986 10.578287 -24.275705 -26.970234 -7.983167 4.71503 -84.065285 -4.299076 19.940737 -0.846893 12.513607 -5.882112 9.861292 0.702589 -10.936881 -0.360575 7.156208 1e-06 8.77483 -1e-06 -15.531156 19.157804 6.72976 -1.844035 2.498506 -2.50728 -10.16361 4.678949 4.62111 -20.976049 -3e-06 -2e-06 -21.226311 2.451698 -3.594008 0.0 -5e-06 0.0 -1.362683 2.240801 -0.746323 -21.334934 0.584912 3.00832 -13.821229 -2e-06 -1e-06 -23.887199 -0.249082 -0.83949 -60.940453 2.591454 -0.918857 -0.294026 1.679688 0.833257 -14.218223 0.093215 1.300579 -34.212082 -0.287565 0.967162 -20.033232 0.964536 1.21284 0.0 2e-06 -0.0 -3.44039 0.788234 0.501656 -15.928201 -3.167312 2.999704 -6.338832 -0.0 -2e-06 -18.123466 3.648182 -4.905678 -4e-06 1e-06 -2e-06 -5.776004 27.638908 3.915968 -10.789115 46.116806 -53.228958 178.746674 71.25219 178.927307 -20.66848 -2.687069 2.18186 2.243541 -5.255039 -3.180159 14.282891 -0.826593 6.952509 -1e-06 -12.690605 0.0 15.287168 -17.011789 2.787137 1.665666 -1.955922 -2.878299 4.7278 -4.170587 4.993926 11.020528 4e-06 -1e-06 12.109052 -3.735717 -2.866786 0.0 0.0 1e-06 1.291986 -1.92855 -1.498091 14.800134 0.567469 3.865611 14.242573 -1.341736 -6.660662 19.631969 0.143927 -0.648243 49.399273 -1.083172 -6.082611 0.353028 -1.511152 -0.031941 20.222792 3.684313 2.316634 18.787273 7e-06 3e-06 10.751629 -0.479869 1.397909 0.0 0.0 1e-06 3.273808 0.305949 -0.580111 21.486818 11.83038 2.26614 8.162928 2e-06 0.0 18.399082 -3.798986 -4.940574 3e-06 0.0 -0.0 -6.206441 13.643632 -91.283432 0.317921 0.404432 124.050064 -1.738822 2.969971 -27.777557 1.761683 -1.989034 -8.295915 -0.0 0.0 2e-06 4.393254 -19.350058 -89.675232 -0.325269 -0.328121 126.188171 -12.477096 14.940292 -24.880697 -1.33986 0.573284 -9.761732 0.0 0.0 -1e-06 
0.0 0.0 0.0 0.0 -0.0 0.0 1.423098 55.765377 -1.430531 0.160297 -1.769924 14.79873 -0.304279 -0.318989 18.456345 -0.502212 0.636395 2.583389 -2.361861 -0.691867 21.435888 0.389885 3.609947 16.164074 0.407923 -0.669841 -3.475267 5.160538 -0.869188 -3.304181 7.7e-05 -2.3e-05 6e-06 -0.12686 0.035847 -0.044147 0.558952 -3.698535 -10.643012 -0.793786 3.755168 -10.580101 -5.907598 -18.15 10.779022 -24.457653 -26.576893 -8.454223 3.228789 -83.931625 -2.91084 19.771484 -0.680148 10.94843 -5.882108 9.861288 0.702591 -10.936877 -0.360573 7.15621 -0.0 8.774826 -1e-06 -15.493378 19.177948 6.719006 -1.844032 2.498506 -2.507277 -10.163603 4.678947 4.621112 -20.97603 -1e-06 3e-06 -21.226294 2.451699 -3.594002 0.0 -7e-06 -1e-06 -1.362682 2.240798 -0.746324 -21.334925 0.584911 3.008326 -13.82122 -1e-06 2e-06 -23.887182 -0.249075 -0.839483 -61.098904 2.598721 -0.917686 -0.294024 1.679687 0.833258 -14.218214 0.093217 1.300582 -34.212063 -0.287561 0.96717 -20.033222 0.964537 1.212844 0.0 1e-06 -0.0 -3.440389 0.788234 0.501657 -15.928192 -3.167308 2.999709 -6.338829 -1e-06 0.0 -18.123453 3.648184 -4.905671 -4e-06 1e-06 -2e-06 -5.816097 27.871656 3.824655 -13.049961 45.998981 -56.110851 178.669312 70.076866 178.980835 -21.557526 -2.190948 4.51266 2.243541 -5.255036 -3.180158 14.282896 -0.826593 6.952506 -1e-06 -12.690607 -0.0 15.33622 -17.068478 2.766249 1.665666 -1.955921 -2.878299 4.727799 -4.170588 4.993925 11.020531 4e-06 -1e-06 12.109056 -3.735715 -2.866783 -0.0 1e-06 1e-06 1.291985 -1.92855 -1.498089 14.800132 0.567469 3.865608 14.242576 -1.341736 -6.66066 19.631973 0.143928 -0.648244 49.431602 -1.054413 -6.10324 0.353028 -1.511151 -0.03194 20.222797 3.684313 2.31663 18.787279 7e-06 1e-06 10.751632 -0.479867 1.397906 -0.0 0.0 0.0 3.273806 0.305949 -0.580111 21.48682 11.830379 2.266134 8.162928 2e-06 -0.0 18.399084 -3.798984 -4.940575 3e-06 0.0 -0.0 -6.200222 14.064945 -91.612854 0.350326 0.407112 126.986633 -1.583652 2.895781 -27.901913 1.77075 -1.998906 -8.845439 -0.0 0.0 2e-06 3.536664 -19.441681 -89.761696 -0.355052 -0.315703 129.09523 -13.208675 14.977869 -25.313007 -1.347576 0.591253 -10.104163 0.0 0.0 -1e-06 
0.0 0.0 0.0 0.0 -0.0 0.0 1.414075 54.129791 -1.254972 0.371432 -1.776534 13.599751 -0.411884 -0.358124 18.831976 -0.555871 0.604765 2.742426 -2.536731 -0.785389 21.828398 0.563098 3.586063 15.742961 0.429108 -0.573779 -3.465593 4.746994 -0.626962 -3.10359 7.7e-05 -2.2e-05 6e-06 -0.143256 0.0442 -0.047829 0.547787 -3.691172 -10.638215 -0.816175 3.764724 -10.577353 -6.47571 -18.791903 11.038891 -24.578445 -26.173317 -8.610131 2.147437 -83.445694 -1.854522 19.249765 -0.400525 9.392486 -5.882109 9.861286 0.702592 -10.936873 -0.360574 7.156207 -0.0 8.774824 -1e-06 -15.473256 19.196775 6.705463 -1.844034 2.498504 -2.507278 -10.163601 4.678946 4.621109 -20.976027 -0.0 1e-06 -21.22629 2.451699 -3.594002 0.0 -6e-06 0.0 -1.362683 2.240798 -0.746324 -21.334917 0.584911 3.008323 -13.821217 -1e-06 3e-06 -23.887175 -0.249077 -0.839484 -61.224346 2.606201 -0.911323 -0.294026 1.679687 0.833256 -14.218211 0.093218 1.300582 -34.212055 -0.287558 0.967168 -20.033215 0.964539 1.21284 0.0 1e-06 -0.0 -3.440388 0.788233 0.501655 -15.928189 -3.167307 2.999708 -6.338829 1e-06 1e-06 -18.123451 3.648186 -4.905672 -5e-06 2e-06 -2e-06 -5.706025 28.072571 3.848908 -14.681922 45.887245 -58.01564 178.610489 68.736214 179.162155 -22.309055 -1.366942 7.165037 2.243543 -5.255038 -3.180158 14.282902 -0.826591 6.952505 -6e-06 -12.69061 -2e-06 15.445278 -17.151722 2.764366 1.665667 -1.955923 -2.878299 4.727803 -4.170589 4.993925 11.020534 5e-06 -1e-06 12.109059 -3.735714 -2.866786 -2e-06 0.0 0.0 1.291988 -1.928549 -1.498089 14.800142 0.567473 3.86561 14.242584 -1.341734 -6.660662 19.631985 0.143928 -0.648242 49.525154 -1.05608 -6.12221 0.353028 -1.511151 -0.031941 20.222807 3.684317 2.316632 18.787287 9e-06 0.0 10.751636 -0.479866 1.397908 -0.0 -0.0 -0.0 3.27381 0.305948 -0.58011 21.486834 11.830385 2.266136 8.16293 4e-06 -1e-06 18.399096 -3.798981 -4.940576 3e-06 -0.0 -2e-06 -6.230426 14.468945 -91.677727 0.384655 0.408393 129.723862 -1.325721 2.854594 -27.998514 1.781105 -2.007296 -9.391197 -0.0 0.0 2e-06 2.507608 -19.581469 -89.550354 -0.385052 -0.300425 131.824905 -13.90601 14.977126 -25.829727 -1.351926 0.60124 -10.400321 -0.0 0.0 -1e-06 
0.0 0.0 0.0 0.0 -0.0 0.0 1.386162 52.584042 -1.067807 0.666579 -1.680933 12.361958 -0.500499 -0.420908 19.188553 -0.600157 0.54262 2.868033 -2.663511 -0.894603 22.192526 0.831451 3.460214 15.36265 0.425425 -0.479249 -3.45236 4.329668 -0.368075 -2.917992 7.7e-05 -2.3e-05 5e-06 -0.159435 0.053716 -0.054492 0.5344 -3.681197 -10.632473 -0.835895 3.77377 -10.575315 -6.953662 -19.339197 11.298465 -24.757757 -25.829367 -8.510687 1.215713 -82.683586 -0.880251 18.471071 0.019596 7.87882 -5.882106 9.861284 0.70259 -10.936872 -0.360575 7.156205 -1e-06 8.774824 -2e-06 -15.470572 19.234243 6.679086 -1.844033 2.498504 -2.507277 -10.163597 4.678942 4.621107 -20.976021 -2e-06 3e-06 -21.226282 2.451697 -3.593999 0.0 -6e-06 -0.0 -1.362679 2.240798 -0.746324 -21.334911 0.584909 3.008325 -13.82121 -0.0 3e-06 -23.887165 -0.249076 -0.839482 -61.261913 2.630632 -0.942471 -0.294026 1.679687 0.833257 -14.218205 0.093216 1.30058 -34.212036 -0.287562 0.967169 -20.033209 0.964538 1.212842 -0.0 1e-06 -0.0 -3.440389 0.788233 0.501655 -15.928185 -3.167307 2.999709 -6.338825 1e-06 2e-06 -18.123444 3.648184 -4.905669 -4e-06 2e-06 -2e-06 -5.507145 28.244032 3.976239 -15.563938 45.822987 -59.065163 178.593109 67.036064 179.436523 -22.967991 -0.168044 9.831587 2.243542 -5.255037 -3.180159 14.282894 -0.826593 6.952502 -3e-06 -12.690605 0.0 15.568025 -17.243927 2.779873 1.665665 -1.955921 -2.878299 4.727799 -4.170588 4.993925 11.020529 4e-06 -3e-06 12.109055 -3.735714 -2.866785 0.0 2e-06 -1e-06 1.291986 -1.92855 -1.49809 14.800129 0.56747 3.865607 14.242577 -1.341734 -6.66066 19.631973 0.143928 -0.648244 49.69585 -1.069201 -6.152581 0.35303 -1.511151 -0.03194 20.222797 3.684313 2.316628 18.787275 6e-06 -2e-06 10.751631 -0.479867 1.397906 0.0 0.0 -0.0 3.273809 0.305947 -0.580111 21.486818 11.830379 2.266132 8.16293 2e-06 -1e-06 18.399088 -3.798983 -4.940576 3e-06 -0.0 -1e-06 -6.305871 14.834768 -91.562073 0.417258 0.407059 132.278778 -0.946682 2.786526 -28.004782 1.792644 -2.017879 -9.864888 -0.0 0.0 2e-06 1.354346 -19.777395 -89.121582 -0.400409 -0.275031 134.431992 -14.543587 14.881708 -26.311577 -1.345124 0.595228 -10.635318 -0.0 0.0 -0.0 
0.0 0.0 0.0 0.0 -0.0 0.0 1.307179 51.145714 -0.885231 1.058558 -1.448499 11.170135 -0.580141 -0.479996 19.513824 -0.629516 0.469592 2.960276 -2.758698 -1.004257 22.515697 1.25592 3.223886 14.983874 0.403177 -0.393806 -3.436737 3.982147 -0.127191 -2.735935 7.7e-05 -2.3e-05 5e-06 -0.171991 0.062735 -0.062882 0.523394 -3.670084 -10.628743 -0.850679 3.780936 -10.574971 -7.322062 -19.802071 11.562312 -24.966518 -25.53141 -8.317318 0.640781 -81.872665 -0.204016 17.61227 0.480191 6.312623 -5.882111 9.861294 0.702589 -10.936879 -0.360575 7.156213 -1e-06 8.774833 -1e-06 -15.493796 19.268343 6.633761 -1.844033 2.498507 -2.507281 -10.163607 4.678948 4.621114 -20.97604 -1e-06 3e-06 -21.226303 2.451699 -3.594004 0.0 -6e-06 -1e-06 -1.362682 2.240799 -0.746323 -21.334932 0.584913 3.008327 -13.821225 -0.0 3e-06 -23.887188 -0.249077 -0.839484 -61.234566 2.672862 -1.002807 -0.294025 1.67969 0.833257 -14.218219 0.093215 1.300582 -34.212074 -0.287561 0.967172 -20.03323 0.964538 1.212844 -1e-06 1e-06 -0.0 -3.440393 0.788235 0.501657 -15.928201 -3.167311 2.999711 -6.338831 1e-06 2e-06 -18.123459 3.648186 -4.905675 -4e-06 3e-06 -2e-06 -5.211193 28.403246 4.184419 -15.706744 45.766197 -59.52161 178.466904 64.916626 179.641617 -23.506098 1.365268 12.0729 2.243544 -5.255041 -3.180159 14.2829 -0.826595 6.952506 -3e-06 -12.690612 -0.0 15.665223 -17.332096 2.840928 1.665666 -1.955922 -2.8783 4.727803 -4.170588 4.993926 11.020536 3e-06 -2e-06 12.10906 -3.735717 -2.866785 -1e-06 1e-06 -1e-06 1.291986 -1.928549 -1.498091 14.80014 0.56747 3.86561 14.242582 -1.341735 -6.660661 19.631985 0.143928 -0.648244 49.928658 -1.08034 -6.180984 0.353029 -1.511151 -0.03194 20.222809 3.684315 2.316631 18.787289 7e-06 -1e-06 10.751637 -0.479868 1.397907 -0.0 0.0 1e-06 3.27381 0.305946 -0.580113 21.486832 11.830386 2.266133 8.162933 3e-06 -2e-06 18.399097 -3.798985 -4.940579 3e-06 0.0 -1e-06 -6.388285 15.098612 -91.356216 0.457816 0.402537 134.584656 -0.503173 2.66431 -27.983143 1.806251 -2.031042 -10.26512 -0.0 0.0 2e-06 0.147934 -20.022568 -88.562256 -0.408752 -0.242303 136.88533 -15.095037 14.705515 -26.776445 -1.329972 0.579298 -10.809587 -0.0 0.0 -1e-06 
0.0 0.0 0.0 0.0 -0.0 0.0 1.169515 49.845875 -0.70645 1.484 -1.069718 10.086272 -0.64585 -0.529084 19.775446 -0.66284 0.395131 3.040292 -2.801487 -1.091296 22.824142 1.831902 2.882279 14.5452 0.362883 -0.294281 -3.423554 3.73546 0.083352 -2.543693 7.7e-05 -2.2e-05 6e-06 -0.156637 0.060013 -0.07196 0.541207 -3.673163 -10.639412 -0.83826 3.779198 -10.586026 -7.590455 -20.14959 11.87881 -25.165239 -25.227245 -8.242159 0.769916 -81.323662 -0.201598 16.861073 0.883444 4.781729 -5.882109 9.861293 0.702592 -10.936878 -0.360574 7.156214 2e-06 8.774831 1e-06 -15.539273 19.286098 6.596925 -1.844034 2.498507 -2.507281 -10.163605 4.678949 4.621116 -20.976038 -3e-06 3e-06 -21.226301 2.451699 -3.594001 0.0 -6e-06 0.0 -1.362682 2.240798 -0.746324 -21.334929 0.584912 3.00833 -13.821221 -1e-06 4e-06 -23.887182 -0.249076 -0.839482 -61.196167 2.719123 -1.071375 -0.294024 1.679689 0.833257 -14.218215 0.093214 1.300583 -34.212074 -0.287563 0.967175 -20.03323 0.964539 1.212846 -1e-06 1e-06 0.0 -3.440392 0.788233 0.501656 -15.928196 -3.167313 2.999711 -6.338829 1e-06 3e-06 -18.123457 3.648187 -4.905671 -4e-06 3e-06 -2e-06 -4.865932 28.574369 4.443542 -15.239505 45.669777 -59.685253 178.265884 62.521088 179.71312 -23.959869 3.064131 13.339315 2.243545 -5.25504 -3.18016 14.282905 -0.826594 6.952507 -2e-06 -12.69061 -1e-06 15.731261 -17.432373 2.959687 1.665668 -1.955921 -2.8783 4.727802 -4.170588 4.993925 11.020538 3e-06 -1e-06 12.10906 -3.735717 -2.866785 -1e-06 0.0 -1e-06 1.291987 -1.928549 -1.49809 14.800142 0.567468 3.865609 14.242585 -1.341737 -6.660662 19.631987 0.143926 -0.648245 50.204067 -1.087003 -6.211534 0.353029 -1.511151 -0.03194 20.222809 3.684311 2.316632 18.787289 6e-06 -2e-06 10.751637 -0.479867 1.397907 1e-06 -0.0 -0.0 3.273809 0.305947 -0.580111 21.486835 11.830381 2.266133 8.162935 2e-06 -1e-06 18.399099 -3.798984 -4.94058 3e-06 -0.0 -1e-06 -6.387875 15.236427 -91.088951 0.499731 0.399966 136.567947 -0.041507 2.506358 -28.117195 1.817854 -2.045834 -10.545252 0.0 0.0 3e-06 -1.009235 -20.303545 -87.879669 -0.428281 -0.208155 139.117706 -15.552361 14.506647 -27.27783 -1.311872 0.562932 -10.96512 0.0 0.0 -1e-06 
0.0 0.0 0.0 0.0 -0.0 0.0 0.980948 48.656208 -0.528362 1.918027 -0.576488 9.136608 -0.705017 -0.569275 19.985579 -0.698349 0.330428 3.132257 -2.81235 -1.134996 23.127975 2.519754 2.458127 14.045963 0.331359 -0.156045 -3.415011 3.590261 0.274534 -2.339025 7.7e-05 -2.2e-05 5e-06 -0.128154 0.051238 -0.077545 0.574753 -3.684399 -10.658667 -0.815193 3.773476 -10.602311 -7.79407 -20.372549 12.198061 -25.385056 -24.813433 -8.53189 1.394537 -81.309799 -0.757902 16.261379 1.256045 3.143978 -5.882112 9.861292 0.70259 -10.936879 -0.360576 7.156209 1e-06 8.774831 -1e-06 -15.575308 19.264687 6.585775 -1.844035 2.498507 -2.50728 -10.163607 4.678948 4.621109 -20.97604 -4e-06 -2e-06 -21.226303 2.451697 -3.594006 -0.0 -7e-06 -0.0 -1.362682 2.240799 -0.746324 -21.33493 0.584911 3.008321 -13.821224 -0.0 -1e-06 -23.887188 -0.249079 -0.839489 -61.186256 2.751835 -1.122687 -0.294026 1.679689 0.833256 -14.218221 0.093216 1.300578 -34.212078 -0.287564 0.967164 -20.033232 0.964535 1.21284 -0.0 1e-06 -0.0 -3.440394 0.788234 0.501657 -15.928201 -3.167311 2.999706 -6.338832 -0.0 -0.0 -18.123459 3.648185 -4.905678 -4e-06 0.0 -2e-06 -4.542243 28.760536 4.674432 -14.385378 45.519421 -59.773262 178.249741 60.175449 179.78476 -24.384094 4.623029 13.598797 2.243543 -5.255039 -3.180161 14.2829 -0.826595 6.952505 -2e-06 -12.690609 -1e-06 15.749722 -17.51359 3.101834 1.665667 -1.955923 -2.8783 4.727798 -4.170588 4.993925 11.020535 4e-06 -3e-06 12.10906 -3.735715 -2.866787 -1e-06 0.0 -1e-06 1.291986 -1.928549 -1.49809 14.800138 0.56747 3.865608 14.242584 -1.341735 -6.660663 19.631979 0.143928 -0.648246 50.406124 -1.098426 -6.222191 0.353028 -1.511151 -0.03194 20.222803 3.684313 2.31663 18.787287 6e-06 -2e-06 10.751634 -0.479867 1.397906 0.0 -0.0 1e-06 3.273809 0.305947 -0.580111 21.486828 11.830383 2.266134 8.16293 3e-06 -1e-06 18.399096 -3.798983 -4.940579 3e-06 0.0 -1e-06 -6.305542 15.232934 -90.846504 0.526571 0.398455 138.309067 0.339146 2.323922 -28.338808 1.82719 -2.057843 -10.660611 -0.0 -1e-06 3e-06 -2.077003 -20.615299 -87.118599 -0.455356 -0.180819 141.151443 -15.921458 14.295154 -27.902782 -1.298282 0.553475 -11.047501 0.0 -0.0 -1e-06 
0.0 0.0 0.0 0.0 -0.0 0.0 0.756901 47.601154 -0.377131 2.36552 -0.017086 8.311514 -0.768065 -0.584208 20.168953 -0.725902 0.280536 3.23678 -2.819134 -1.134404 23.416378 3.305524 1.95061 13.548929 0.304278 0.039009 -3.410511 3.507233 0.480899 -2.170999 7.7e-05 -2.2e-05 5e-06 -0.102526 0.044199 -0.078334 0.607997 -3.695135 -10.67432 -0.797415 3.769815 -10.613763 -7.961089 -20.499767 12.498837 -25.722378 -24.210327 -9.322808 2.248092 -81.893051 -1.67587 15.900583 1.663053 1.280044 -5.882109 9.861287 0.702591 -10.936873 -0.360574 7.156208 0.0 8.774826 1e-06 -15.575963 19.221512 6.621712 -1.844034 2.498505 -2.507279 -10.163602 4.678946 4.62111 -20.976032 0.0 1e-06 -21.226295 2.451696 -3.594003 1e-06 -7e-06 1e-06 -1.362684 2.240799 -0.746324 -21.334921 0.584912 3.008324 -13.821217 -1e-06 2e-06 -23.887175 -0.249075 -0.839486 -61.239777 2.779528 -1.129441 -0.294023 1.679686 0.833256 -14.21821 0.093216 1.300581 -34.212059 -0.287561 0.967169 -20.033218 0.964539 1.212841 -0.0 -0.0 0.0 -3.440387 0.788234 0.501655 -15.928189 -3.167309 2.999708 -6.33883 0.0 1e-06 -18.123453 3.648183 -4.905674 -4e-06 0.0 -2e-06 -4.318817 28.94643 4.819797 -13.34875 45.32692 -59.932663 178.477448 58.244652 179.942764 -24.879089 5.650457 12.882926 2.243542 -5.255036 -3.180157 14.282896 -0.826593 6.952504 -3e-06 -12.690605 0.0 15.777153 -17.56337 3.192063 1.665667 -1.955922 -2.878299 4.727803 -4.170586 4.993925 11.020529 5e-06 -1e-06 12.109056 -3.735715 -2.866781 0.0 0.0 -1e-06 1.291985 -1.928549 -1.498089 14.800134 0.567471 3.865609 14.242577 -1.341735 -6.660657 19.631981 0.143926 -0.648242 50.522072 -1.123338 -6.211082 0.35303 -1.511151 -0.03194 20.222799 3.684313 2.316631 18.787283 7e-06 1e-06 10.751634 -0.479868 1.397908 0.0 -0.0 0.0 3.273807 0.305948 -0.580111 21.486824 11.830379 2.266134 8.162933 2e-06 -1e-06 18.399094 -3.798983 -4.940574 4e-06 0.0 -1e-06 -6.195076 15.138088 -90.671463 0.542516 0.39833 139.81282 0.630287 2.086203 -28.447515 1.834556 -2.064422 -10.677987 -0.0 0.0 2e-06 -3.053066 -20.944775 -86.334648 -0.488703 -0.163544 142.962036 -16.214682 14.040279 -28.528755 -1.292384 0.552854 -11.035125 0.0 -0.0 -1e-06 
0.0 0.0 0.0 0.0 -0.0 0.0 0.535252 46.684795 -0.279554 2.783848 0.532108 7.591966 -0.827269 -0.572746 20.338203 -0.730368 0.245695 3.357152 -2.852484 -1.098067 23.689369 4.122375 1.407863 13.09093 0.30422 0.290228 -3.409243 3.451103 0.71274 -2.092609 7.7e-05 -2.2e-05 5e-06 -0.079814 0.038502 -0.076347 0.63575 -3.703957 -10.683587 -0.780057 3.766405 -10.622304 -8.133232 -20.533073 12.767255 -26.214018 -23.379412 -10.632795 3.051445 -83.047577 -2.653708 15.817795 2.174789 -1.004664 -5.882108 9.861288 0.70259 -10.936875 -0.360575 7.156208 1e-06 8.774824 -1e-06 -15.551226 19.157639 6.6743 -1.844035 2.498506 -2.507278 -10.163604 4.678945 4.621109 -20.97603 -2e-06 1e-06 -21.226292 2.451699 -3.594001 1e-06 -7e-06 1e-06 -1.362681 2.240798 -0.746323 -21.334919 0.58491 3.008323 -13.821218 -2e-06 0.0 -23.887178 -0.249079 -0.839484 -61.313324 2.807121 -1.124671 -0.294026 1.679688 0.833256 -14.218211 0.093214 1.300581 -34.212063 -0.287564 0.967171 -20.033218 0.964537 1.212844 -0.0 -0.0 1e-06 -3.440388 0.788234 0.501656 -15.928189 -3.167311 2.999707 -6.338827 -0.0 1e-06 -18.123453 3.648183 -4.905671 -4e-06 1e-06 -2e-06 -4.246162 29.091389 4.834781 -12.464494 45.120998 -60.369453 178.861313 56.986465 -179.87236 -25.431631 6.020352 11.481257 2.24354 -5.255037 -3.180158 14.282892 -0.826592 6.952504 -1e-06 -12.690601 -2e-06 15.806731 -17.593328 3.21135 1.665666 -1.955922 -2.878298 4.727799 -4.170585 4.993923 11.020524 4e-06 -1e-06 12.10905 -3.735713 -2.866782 0.0 -0.0 -1e-06 1.291985 -1.928549 -1.498089 14.800131 0.567471 3.86561 14.242569 -1.341736 -6.660655 19.631969 0.143926 -0.648242 50.580868 -1.162424 -6.187409 0.353028 -1.51115 -0.03194 20.222794 3.684311 2.316633 18.787275 6e-06 1e-06 10.75163 -0.479868 1.397907 -1e-06 0.0 0.0 3.273807 0.305947 -0.58011 21.486813 11.830376 2.266136 8.162927 2e-06 0.0 18.39908 -3.798983 -4.940573 2e-06 -0.0 -1e-06 -6.097787 15.025962 -90.60685 0.554292 0.393066 141.10611 0.877001 1.857873 -28.341663 1.838884 -2.064018 -10.765556 -0.0 -0.0 3e-06 -3.879242 -21.25905 -85.625168 -0.506253 -0.15432 144.524384 -16.481861 13.731462 -29.077772 -1.29379 0.556914 -10.994276 0.0 -0.0 -1e-06 
0.0 0.0 0.0 0.0 -0.0 0.0 0.346791 45.928898 -0.233608 3.171115 0.993076 6.975088 -0.872455 -0.537809 20.485481 -0.723549 0.234112 3.472337 -2.902061 -1.031753 23.942184 4.912083 0.888252 12.629914 0.333251 0.5393 -3.407516 3.425184 0.927662 -2.123891 7.7e-05 -2.2e-05 5e-06 -0.057592 0.033605 -0.076586 0.659273 -3.712483 -10.696008 -0.759239 3.764293 -10.634562 -8.326892 -20.46891 13.001404 -26.890482 -22.401567 -12.240823 3.702046 -84.642296 -3.507968 15.94876 2.838346 -3.710297 -5.882113 9.861292 0.702592 -10.936879 -0.360573 7.156209 -0.0 8.77483 0.0 -15.527199 19.044525 6.701707 -1.844034 2.498507 -2.507281 -10.163606 4.67895 4.621113 -20.976036 -2e-06 -1e-06 -21.226303 2.451697 -3.594007 -0.0 -7e-06 -2e-06 -1.362684 2.240801 -0.746323 -21.334929 0.584912 3.008325 -13.821223 -1e-06 0.0 -23.887184 -0.249078 -0.839489 -61.369778 2.833677 -1.136298 -0.294024 1.679688 0.833257 -14.21822 0.093217 1.30058 -34.212074 -0.287561 0.967167 -20.03323 0.964539 1.21284 0.0 -2e-06 1e-06 -3.440392 0.788235 0.501656 -15.9282 -3.167309 2.999709 -6.338831 -1e-06 1e-06 -18.123459 3.648186 -4.905675 -3e-06 1e-06 -2e-06 -4.352361 29.188585 4.70507 -11.949035 44.92487 -61.124619 179.367401 56.465866 -179.635376 -25.94104 5.750808 9.724455 2.243543 -5.255042 -3.180161 14.282909 -0.826594 6.952508 -4e-06 -12.690614 -1e-06 15.830275 -17.619839 3.17826 1.665668 -1.955923 -2.878301 4.727804 -4.170589 4.993927 11.02054 5e-06 -2e-06 12.109064 -3.735717 -2.866787 0.0 -0.0 -0.0 1.291987 -1.928552 -1.498091 14.800148 0.56747 3.865609 14.242588 -1.341735 -6.660665 19.63199 0.143928 -0.648244 50.615662 -1.188406 -6.164401 0.353029 -1.511151 -0.03194 20.222815 3.684316 2.316631 18.787296 8e-06 -1e-06 10.751641 -0.479866 1.397907 -0.0 0.0 0.0 3.27381 0.305948 -0.580112 21.486843 11.830388 2.266135 8.162937 4e-06 -1e-06 18.399101 -3.798982 -4.940581 3e-06 -0.0 -1e-06 -6.038854 14.916934 -90.587227 0.57585 0.389101 142.149765 1.094848 1.661465 -28.141821 1.841384 -2.059001 -10.927327 -0.0 -0.0 2e-06 -4.581417 -21.529829 -85.054237 -0.506928 -0.143995 145.824051 -16.75102 13.466546 -29.413124 -1.293642 0.55485 -10.990626 0.0 -0.0 -1e-06 
0.0 0.0 0.0 0.0 -0.0 0.0 0.209654 45.333511 -0.22442 3.531699 1.335272 6.420578 -0.910584 -0.519311 20.620365 -0.710492 0.26209 3.564427 -2.949335 -0.950499 24.145136 5.631591 0.464214 12.224413 0.381174 0.720963 -3.416465 3.394084 1.109856 -2.230726 7.7e-05 -2.2e-05 5e-06 -0.02751 0.024487 -0.079015 0.685301 -3.72986 -10.720146 -0.724907 3.762455 -10.658598 -8.540199 -20.259151 13.25073 -27.815762 -21.368793 -13.913874 3.46543 -86.631752 -3.502394 16.288511 3.622198 -6.576519 -5.882105 9.861284 0.702591 -10.936873 -0.360576 7.156207 1e-06 8.774824 -1e-06 -15.572684 18.868008 6.675458 -1.844032 2.498504 -2.507277 -10.163601 4.678943 4.621109 -20.976023 -3e-06 6e-06 -21.226288 2.451696 -3.593997 0.0 -6e-06 -1e-06 -1.362682 2.240799 -0.746323 -21.334921 0.584908 3.008326 -13.821215 -2e-06 3e-06 -23.887175 -0.24908 -0.83948 -61.427799 2.798903 -1.140731 -0.294025 1.679687 0.833255 -14.218209 0.093214 1.300583 -34.212051 -0.287563 0.967176 -20.033215 0.964538 1.212848 0.0 -2e-06 0.0 -3.440389 0.788233 0.501655 -15.928189 -3.167312 2.99971 -6.338825 -4e-06 2e-06 -18.123444 3.648183 -4.905667 -4e-06 1e-06 -3e-06 -4.665765 29.276796 4.524492 -11.806364 44.806225 -62.182331 179.904099 56.658932 -179.40686 -26.408663 4.955431 7.486719 2.243543 -5.255037 -3.180159 14.2829 -0.826593 6.952507 -4e-06 -12.690607 2e-06 15.82589 -17.661886 3.119993 1.665667 -1.955922 -2.8783 4.7278 -4.170587 4.993926 11.020535 5e-06 -2e-06 12.10906 -3.735713 -2.866784 0.0 -0.0 -0.0 1.291985 -1.928548 -1.498089 14.80014 0.567471 3.865609 14.24258 -1.341733 -6.660659 19.631985 0.143929 -0.648245 50.66489 -1.174502 -6.180508 0.353029 -1.511151 -0.03194 20.222803 3.684315 2.316631 18.787287 8e-06 -0.0 10.751636 -0.479867 1.397907 0.0 0.0 0.0 3.273808 0.305948 -0.580111 21.486832 11.830381 2.266132 8.162935 3e-06 -1e-06 18.399096 -3.798982 -4.940576 3e-06 0.0 -1e-06 -6.067491 14.864191 -90.505196 0.591359 0.399985 142.932571 1.334984 1.52717 -28.015453 1.84532 -2.050914 -11.078073 -0.0 -1e-06 2e-06 -5.243775 -21.784725 -84.562141 -0.5006 -0.139508 146.853714 -17.03553 13.371463 -29.60816 -1.292307 0.551255 -11.046862 0.0 -0.0 -1e-06 
0.0 0.0 0.0 0.0 -0.0 0.0 0.126718 44.875698 -0.229128 3.891282 1.509856 5.904841 -0.947657 -0.518823 20.746666 -0.694426 0.342501 3.621793 -2.992075 -0.85802 24.275152 6.245205 0.135796 11.97616 0.432034 0.821432 -3.42888 3.337347 1.255511 -2.380549 7.6e-05 -2.3e-05 7e-06 -0.000627 0.013546 -0.081947 0.710675 -3.750649 -10.752813 -0.695871 3.76036 -10.69027 -8.734894 -19.871847 13.488096 -28.928091 -20.335733 -15.228105 -1.56687 -88.953018 1.285931 16.718769 4.353646 -9.015615 -5.882108 9.861288 0.70259 -10.936873 -0.360575 7.156208 -1e-06 8.774826 -2e-06 -15.680335 18.689127 6.618751 -1.844032 2.498505 -2.507278 -10.163602 4.678946 4.621111 -20.976027 -3e-06 5e-06 -21.22629 2.451699 -3.594 0.0 -6e-06 -1e-06 -1.362683 2.240799 -0.746324 -21.334917 0.584912 3.008326 -13.821217 -2e-06 4e-06 -23.887173 -0.249074 -0.839482 -61.499947 2.732349 -1.125185 -0.294024 1.679687 0.833256 -14.21821 0.093215 1.300584 -34.212048 -0.287558 0.967172 -20.033215 0.96454 1.212842 0.0 -2e-06 1e-06 -3.440388 0.788234 0.501657 -15.928189 -3.167308 2.999711 -6.338827 1e-06 2e-06 -18.123446 3.648188 -4.90567 -4e-06 0.0 -2e-06 -5.157911 29.385687 4.330929 -12.079807 44.857407 -63.621159 -179.773972 57.627556 -179.386414 -26.873802 3.419397 4.779941 2.243542 -5.255035 -3.180157 14.282896 -0.826592 6.952501 -4e-06 -12.690607 1e-06 15.80968 -17.675568 3.016558 1.665665 -1.955921 -2.878299 4.7278 -4.170588 4.993925 11.020528 4e-06 -2e-06 12.109057 -3.735714 -2.866784 0.0 1e-06 0.0 1.291986 -1.928549 -1.498089 14.800132 0.567469 3.865606 14.242576 -1.341734 -6.660659 19.631975 0.143928 -0.648244 50.647606 -1.131628 -6.215591 0.353031 -1.511151 -0.03194 20.222801 3.684312 2.316628 18.787279 7e-06 -1e-06 10.751633 -0.479867 1.397906 -1e-06 0.0 -0.0 3.273807 0.305947 -0.580111 21.48682 11.830379 2.266129 8.16293 3e-06 -2e-06 18.39909 -3.798982 -4.940577 2e-06 0.0 -2e-06 -6.204186 14.899036 -90.327255 0.603203 0.419037 143.555176 1.56073 1.462561 -27.777433 1.853793 -2.048724 -11.187557 -0.0 0.0 2e-06 -5.9162 -22.003653 -84.126488 -0.479419 -0.139771 147.645218 -17.340963 13.440031 -29.758602 -1.294677 0.551516 -11.028703 -0.0 -0.0 -2e-06 
0.0 0.0 0.0 0.0 -0.0 0.0 0.11358 44.531773 -0.236291 4.223155 1.461319 5.436666 -0.971766 -0.522035 20.849218 -0.682446 0.465396 3.629148 -3.025457 -0.73533 24.321489 6.717402 -0.091703 11.998437 0.464483 0.854064 -3.442785 3.23072 1.358676 -2.565704 7.7e-05 -2.3e-05 6e-06 -0.000717 0.015604 -0.083702 0.711306 -3.751927 -10.772472 -0.695821 3.764117 -10.710372 -8.87906 -19.263124 13.744591 -30.200949 -19.348011 -15.911248 -169.211868 -88.483284 168.678497 17.096159 4.961878 -10.545877 -5.882111 9.861292 0.702589 -10.936879 -0.360574 7.156209 0.0 8.77483 -1e-06 -15.773582 18.561008 6.563611 -1.844033 2.498506 -2.50728 -10.163605 4.678948 4.62111 -20.976038 -2e-06 -1e-06 -21.226301 2.4517 -3.594006 1e-06 -6e-06 -1e-06 -1.362682 2.2408 -0.746324 -21.334929 0.584911 3.008323 -13.821224 -2e-06 0.0 -23.887186 -0.249079 -0.839487 -61.492268 2.656948 -1.083013 -0.294026 1.679688 0.833255 -14.218217 0.093216 1.30058 -34.21207 -0.287561 0.967165 -20.033226 0.964537 1.212841 -0.0 -1e-06 1e-06 -3.44039 0.788234 0.501655 -15.928196 -3.16731 2.999709 -6.338831 0.0 2e-06 -18.123459 3.648185 -4.905677 -2e-06 1e-06 -3e-06 -5.794388 29.47407 4.131595 -12.804202 45.254784 -65.287888 -179.679291 59.425953 -179.545929 -27.268457 0.734288 2.142681 2.243541 -5.255036 -3.180157 14.28289 -0.826592 6.952499 -5e-06 -12.690603 -2e-06 15.774645 -17.62343 2.881593 1.665666 -1.955921 -2.878299 4.727797 -4.170585 4.993922 11.020525 5e-06 -2e-06 12.109053 -3.735714 -2.866785 0.0 0.0 1e-06 1.291984 -1.928548 -1.498089 14.800127 0.567472 3.865606 14.242569 -1.341734 -6.660658 19.631962 0.143931 -0.648245 50.459675 -1.088394 -6.245681 0.353028 -1.511151 -0.03194 20.22279 3.684314 2.316628 18.78727 9e-06 -2e-06 10.751629 -0.479866 1.397906 -0.0 -0.0 1e-06 3.273806 0.305948 -0.580112 21.486813 11.830378 2.26613 8.162925 4e-06 -1e-06 18.399076 -3.798981 -4.940573 4e-06 -0.0 -1e-06 -6.448048 15.087485 -90.08548 0.617679 0.438487 144.108398 1.753628 1.478445 -27.296635 1.862575 -2.039617 -11.278425 -0.0 -0.0 3e-06 -6.571122 -22.111549 -83.813812 -0.42675 -0.146838 148.238144 -17.630819 13.644278 -29.796305 -1.300887 0.55838 -10.937566 -0.0 0.0 -3e-06 
0.0 0.0 0.0 0.0 -0.0 0.0 0.171151 44.281242 -0.239197 4.472334 1.275804 5.058551 -0.968267 -0.541084 20.898098 -0.682022 0.602696 3.596116 -3.009111 -0.617539 24.261131 7.112779 -0.277143 12.291213 0.43492 0.893736 -3.456147 3.009355 1.405334 -2.706661 7.7e-05 -2.3e-05 5e-06 -0.027356 0.032552 -0.086547 0.685891 -3.729635 -10.776923 -0.72336 3.774205 -10.717166 -8.889977 -18.490576 13.990585 -31.535551 -18.467878 -15.725773 -173.365189 -86.136642 172.641083 17.254063 5.394348 -10.950868 -5.882108 9.861284 0.702591 -10.936873 -0.360576 7.156206 -0.0 8.774828 0.0 -15.785588 18.52039 6.553423 -1.844032 2.498506 -2.507278 -10.163603 4.678946 4.62111 -20.97603 -3e-06 2e-06 -21.22629 2.451697 -3.594001 0.0 -6e-06 -1e-06 -1.362682 2.2408 -0.746324 -21.334919 0.58491 3.008322 -13.821215 -3e-06 2e-06 -23.887173 -0.249078 -0.839482 -61.443844 2.623117 -1.030233 -0.294025 1.679688 0.833256 -14.218211 0.093215 1.30058 -34.212055 -0.287564 0.967171 -20.033218 0.964537 1.212843 0.0 -0.0 1e-06 -3.440389 0.788234 0.501655 -15.928192 -3.16731 2.999706 -6.338829 -1e-06 2e-06 -18.123447 3.648183 -4.905673 -3e-06 1e-06 -2e-06 -6.427447 29.468872 3.91848 -13.790422 46.060356 -66.72834 -179.830521 61.757053 -179.795868 -27.308439 -2.849395 0.056573 2.243542 -5.255036 -3.180159 14.282889 -0.826595 6.952502 -1e-06 -12.690603 -1e-06 15.688351 -17.523739 2.798301 1.665667 -1.955922 -2.878299 4.727799 -4.170587 4.993924 11.020524 2e-06 -3e-06 12.109051 -3.735716 -2.866787 1e-06 -0.0 1e-06 1.291985 -1.928549 -1.498091 14.800129 0.567467 3.865608 14.242574 -1.341735 -6.660661 19.631968 0.143926 -0.648245 50.144291 -1.079965 -6.244678 0.353029 -1.511152 -0.03194 20.222788 3.684309 2.316629 18.78727 4e-06 -2e-06 10.751628 -0.479868 1.397906 -1e-06 -0.0 -1e-06 3.273807 0.305947 -0.580111 21.486813 11.830372 2.266131 8.162926 2e-06 1e-06 18.39908 -3.798985 -4.940576 4e-06 1e-06 -1e-06 -6.765066 15.33666 -89.855034 0.63316 0.44126 144.589127 1.90337 1.520764 -26.738825 1.868643 -2.022385 -11.391441 -0.0 0.0 3e-06 -7.206107 -22.13933 -83.609818 -0.38026 -0.15478 148.644089 -17.854515 13.968511 -29.83437 -1.304141 0.554855 -10.843584 -0.0 -0.0 -3e-06 
0.0 0.0 0.0 0.0 -0.0 0.0 0.276339 44.108387 -0.236091 4.611525 1.08014 4.765188 -0.942195 -0.575078 20.899162 -0.691107 0.716029 3.540065 -2.931668 -0.537555 24.131857 7.487199 -0.480617 12.751018 0.367271 0.98259 -3.466582 2.6754 1.414271 -2.797809 7.7e-05 -2.3e-05 5e-06 -0.068715 0.059283 -0.090907 0.644133 -3.695285 -10.772883 -0.764361 3.792072 -10.712848 -8.757179 -17.715794 14.210538 -32.707218 -17.691858 -14.806771 -175.543091 -84.332893 174.787567 17.088282 5.666924 -10.457534 -5.882109 9.86129 0.702589 -10.936876 -0.360576 7.156212 -0.0 8.774831 -1e-06 -15.734588 18.549259 6.581825 -1.844033 2.498506 -2.50728 -10.163604 4.678948 4.621112 -20.976034 -3e-06 3e-06 -21.226299 2.451699 -3.594002 0.0 -6e-06 -2e-06 -1.362682 2.240798 -0.746324 -21.334927 0.584911 3.008326 -13.82122 -2e-06 3e-06 -23.887182 -0.249079 -0.839482 -61.433979 2.62062 -0.999711 -0.294024 1.679687 0.833256 -14.218217 0.093214 1.300582 -34.212067 -0.287563 0.967175 -20.033222 0.964539 1.212847 0.0 -1e-06 1e-06 -3.440391 0.788233 0.501655 -15.928192 -3.167312 2.999711 -6.338829 -1e-06 3e-06 -18.123455 3.648186 -4.905671 -2e-06 1e-06 -1e-06 -6.861428 29.345634 3.86212 -14.804503 47.023315 -67.629929 179.85704 63.979088 179.938049 -26.926807 -6.003479 -1.289319 2.243543 -5.255039 -3.180159 14.282902 -0.826595 6.952507 -2e-06 -12.690607 1e-06 15.539224 -17.423279 2.820386 1.665668 -1.955923 -2.8783 4.727801 -4.170588 4.993927 11.020534 3e-06 0.0 12.109061 -3.735717 -2.866785 0.0 -0.0 1e-06 1.291986 -1.92855 -1.49809 14.800139 0.567467 3.865609 14.242584 -1.341736 -6.66066 19.631983 0.143926 -0.648244 49.830772 -1.081345 -6.207707 0.353029 -1.511151 -0.031939 20.222805 3.684312 2.316633 18.787289 4e-06 -1e-06 10.751639 -0.479869 1.397908 -1e-06 0.0 -0.0 3.27381 0.305946 -0.580111 21.486828 11.830379 2.266135 8.162933 2e-06 -1e-06 18.399096 -3.798985 -4.940578 3e-06 0.0 -1e-06 -7.075338 15.569912 -89.621117 0.651727 0.433886 144.936554 1.994557 1.546783 -26.439062 1.868965 -2.005083 -11.454748 -0.0 0.0 3e-06 -7.809233 -22.158113 -83.404045 -0.367147 -0.160826 148.863098 -17.98391 14.353296 -30.072794 -1.301733 0.538277 -10.816483 -0.0 -0.0 -3e-06 
0.0 0.0 0.0 0.0 -0.0 0.0 0.408491 43.989166 -0.226337 4.638484 0.964492 4.565197 -0.90854 -0.619522 20.885305 -0.703423 0.766886 3.475288 -2.827718 -0.523942 23.974524 7.850388 -0.676525 13.246999 0.314302 1.080375 -3.471706 2.309887 1.403174 -2.867831 7.7e-05 -2.3e-05 6e-06 -0.099586 0.079638 -0.096182 0.60795 -3.666996 -10.762113 -0.789945 3.803564 -10.699699 -8.495306 -17.105591 14.341693 -33.514381 -16.989264 -13.642425 -176.816406 -83.160294 176.127411 16.677496 5.820499 -9.573905 -5.882108 9.861288 0.702589 -10.936873 -0.360574 7.156204 -1e-06 8.774828 -0.0 -15.659594 18.600237 6.603702 -1.844034 2.498506 -2.507277 -10.1636 4.678946 4.621108 -20.976025 -3e-06 -1e-06 -21.226292 2.451696 -3.594004 1e-06 -7e-06 -2e-06 -1.362683 2.2408 -0.746324 -21.334911 0.584911 3.008321 -13.821213 -2e-06 0.0 -23.887167 -0.249078 -0.839487 -61.456013 2.615446 -0.992225 -0.294025 1.679688 0.833256 -14.21821 0.093216 1.30058 -34.212048 -0.287564 0.967166 -20.033215 0.964536 1.212842 -0.0 -0.0 1e-06 -3.440389 0.788234 0.501655 -15.928187 -3.16731 2.999704 -6.338827 -1e-06 2e-06 -18.123447 3.648185 -4.905674 -3e-06 1e-06 -2e-06 -6.989803 29.092026 4.037873 -15.54374 47.907089 -67.905174 179.527634 65.322304 179.697128 -26.516083 -7.911779 -1.952463 2.243542 -5.255036 -3.180158 14.282889 -0.826596 6.952505 -2e-06 -12.690603 -0.0 15.36807 -17.344566 2.885385 1.665665 -1.955924 -2.878299 4.727799 -4.170587 4.993925 11.020526 3e-06 1e-06 12.109053 -3.735717 -2.866783 -1e-06 1e-06 1e-06 1.291986 -1.928551 -1.49809 14.800129 0.567468 3.865608 14.242569 -1.341739 -6.660657 19.631968 0.143922 -0.648244 49.59441 -1.058818 -6.168077 0.353029 -1.51115 -0.031941 20.222794 3.684307 2.316631 18.787271 3e-06 0.0 10.751628 -0.47987 1.397905 0.0 -1e-06 -1e-06 3.273807 0.305947 -0.58011 21.486813 11.830372 2.266134 8.162925 1e-06 -1e-06 18.39908 -3.798987 -4.940577 2e-06 -0.0 -0.0 -7.357997 15.729784 -89.439034 0.660767 0.427925 145.16124 2.079553 1.557483 -26.443905 1.867823 -1.999201 -11.426389 -0.0 0.0 3e-06 -8.300387 -22.207306 -83.182938 -0.365352 -0.160091 148.932495 -17.982574 14.744451 -30.544924 -1.296105 0.517679 -10.802501 -0.0 -0.0 -3e-06 
0.0 0.0 0.0 0.0 -0.0 0.0 0.543501 43.896408 -0.210034 4.568874 0.944855 4.435719 -0.880313 -0.666115 20.874624 -0.726602 0.745859 3.434238 -2.741238 -0.578693 23.837383 8.202711 -0.850927 13.634335 0.293813 1.147733 -3.47003 1.928722 1.378104 -2.899731 7.7e-05 -2.3e-05 5e-06 -0.11406 0.090156 -0.100861 0.588289 -3.652118 -10.754948 -0.799347 3.809087 -10.691585 -8.127527 -16.766668 14.365605 -33.793728 -16.341784 -12.62639 -177.510681 -82.552895 176.927185 16.1395 5.82413 -8.799994 -5.882108 9.861287 0.702588 -10.936875 -0.360574 7.156209 0.0 8.774826 -1e-06 -15.579988 18.665049 6.616006 -1.844033 2.498507 -2.507279 -10.163604 4.678947 4.621112 -20.976028 1e-06 4e-06 -21.226295 2.451697 -3.594002 -0.0 -6e-06 -0.0 -1.362682 2.240798 -0.746322 -21.334921 0.584912 3.008326 -13.821219 -2e-06 4e-06 -23.887175 -0.249075 -0.839484 -61.478943 2.613304 -0.989817 -0.294025 1.679689 0.833256 -14.218212 0.093217 1.300581 -34.212059 -0.287559 0.967169 -20.033218 0.964538 1.212842 0.0 -1e-06 -0.0 -3.44039 0.788235 0.501657 -15.928189 -3.16731 2.999708 -6.338831 -2e-06 2e-06 -18.123451 3.648183 -4.905672 -3e-06 1e-06 -2e-06 -6.825017 28.709789 4.337132 -15.714901 48.599548 -67.579491 179.294388 65.38253 179.577087 -26.378508 -8.764413 -2.062695 2.243541 -5.255035 -3.180157 14.282884 -0.826593 6.952499 -5e-06 -12.690598 -0.0 15.23682 -17.303425 2.944831 1.665665 -1.95592 -2.878297 4.727798 -4.170586 4.993921 11.02052 5e-06 0.0 12.109046 -3.735713 -2.866782 0.0 1e-06 -0.0 1.291985 -1.928548 -1.498088 14.800122 0.567471 3.865604 14.242568 -1.341732 -6.660655 19.631964 0.143929 -0.648241 49.438026 -1.037999 -6.156777 0.353028 -1.511149 -0.03194 20.222786 3.684311 2.31663 18.78727 7e-06 1e-06 10.751625 -0.479867 1.397906 0.0 -0.0 -0.0 3.273806 0.305946 -0.58011 21.486809 11.830373 2.266133 8.162923 3e-06 -0.0 18.399075 -3.79898 -4.940572 2e-06 0.0 -1e-06 -7.555852 15.808537 -89.316193 0.667274 0.425215 145.310165 2.162957 1.569768 -26.677565 1.867829 -2.00415 -11.377047 0.0 0.0 3e-06 -8.672456 -22.288363 -82.935135 -0.374036 -0.162785 148.926437 -17.922272 15.138092 -31.139544 -1.292683 0.498848 -10.855986 0.0 -0.0 -1e-06 
0.0 0.0 0.0 0.0 -0.0 0.0 0.679456 43.792 -0.185975 4.422769 0.987751 4.322727 -0.874933 -0.723045 20.887369 -0.768718 0.678483 3.435437 -2.683748 -0.692014 23.75094 8.519554 -0.975714 13.837947 0.272395 1.166881 -3.475741 1.601652 1.320467 -2.864401 7.7e-05 -2.3e-05 5e-06 -0.113453 0.089553 -0.104208 0.591014 -3.65092 -10.754395 -0.801239 3.806432 -10.688709 -7.655499 -16.656031 14.258219 -33.496468 -15.794837 -11.880686 -178.029007 -82.360817 177.541733 15.460395 5.703338 -8.383608 -5.882108 9.86129 0.702589 -10.936872 -0.360575 7.156208 -0.0 8.774828 -1e-06 -15.504295 18.752762 6.610703 -1.844032 2.498505 -2.507278 -10.163604 4.678948 4.621111 -20.97603 -4e-06 2e-06 -21.226295 2.451699 -3.594004 -0.0 -6e-06 -1e-06 -1.362681 2.240797 -0.746324 -21.334917 0.58491 3.008325 -13.821216 -2e-06 2e-06 -23.887173 -0.249079 -0.839484 -61.453487 2.617806 -0.986012 -0.294025 1.679688 0.833257 -14.218212 0.093216 1.300582 -34.212055 -0.287563 0.967169 -20.033216 0.964537 1.212843 -0.0 -2e-06 -0.0 -3.440388 0.788233 0.501656 -15.928189 -3.167311 2.999709 -6.338827 -1e-06 0.0 -18.123447 3.648185 -4.905674 -2e-06 1e-06 -2e-06 -6.453981 28.241236 4.638888 -15.198535 49.036449 -66.784447 179.107178 64.098091 179.448868 -26.692802 -8.92412 -1.635222 2.243542 -5.255038 -3.180159 14.282896 -0.826595 6.952507 -1e-06 -12.690607 -1e-06 15.116708 -17.276752 2.982499 1.665666 -1.955921 -2.8783 4.727802 -4.170588 4.993924 11.020529 3e-06 0.0 12.109054 -3.735717 -2.866784 -1e-06 0.0 0.0 1.291986 -1.928551 -1.49809 14.800129 0.567468 3.865608 14.242576 -1.341736 -6.660659 19.631971 0.143926 -0.648246 49.311317 -1.059665 -6.178446 0.35303 -1.511151 -0.031941 20.222797 3.684309 2.316631 18.787279 6e-06 -1e-06 10.751631 -0.479868 1.397906 0.0 -1e-06 0.0 3.273808 0.305946 -0.58011 21.48682 11.830376 2.266135 8.162928 2e-06 -0.0 18.399088 -3.798985 -4.940577 2e-06 0.0 -1e-06 -7.670117 15.861554 -89.232216 0.670942 0.430747 145.474854 2.246907 1.580243 -26.98517 1.864077 -2.007919 -11.324525 -0.0 0.0 3e-06 -8.967595 -22.383598 -82.669205 -0.381428 -0.16698 148.964325 -17.77932 15.469954 -31.546803 -1.289791 0.482556 -11.005105 -0.0 -0.0 -1e-06 
0.0 0.0 0.0 0.0 -0.0 0.0 0.810891 43.623596 -0.151527 4.235609 1.129581 4.193616 -0.913553 -0.78463 20.952982 -0.819353 0.58104 3.472045 -2.635879 -0.87419 23.709291 8.789553 -1.042325 13.869519 0.256174 1.095321 -3.493463 1.32562 1.209305 -2.794211 7.7e-05 -2.3e-05 6e-06 -0.091439 0.073664 -0.104775 0.622733 -3.668028 -10.760291 -0.789815 3.792287 -10.688958 -7.018073 -16.731419 14.019356 -32.58667 -15.407976 -11.344267 -178.844177 -82.454887 178.447327 14.555268 5.516598 -8.408245 -5.882112 9.861289 0.70259 -10.936877 -0.360572 7.156209 -2e-06 8.77483 -1e-06 -15.474442 18.881523 6.613777 -1.844034 2.498505 -2.507279 -10.163608 4.678948 4.621112 -20.976038 2e-06 1e-06 -21.226301 2.451701 -3.594005 0.0 -6e-06 -1e-06 -1.362682 2.240797 -0.746325 -21.33493 0.584914 3.008325 -13.821223 1e-06 1e-06 -23.887188 -0.249077 -0.839486 -61.451508 2.629349 -0.991878 -0.294027 1.679689 0.833256 -14.218217 0.093215 1.30058 -34.212074 -0.287558 0.967168 -20.033228 0.96454 1.212842 -1e-06 -2e-06 -0.0 -3.440391 0.788235 0.501655 -15.928196 -3.167308 2.999709 -6.33883 0.0 -0.0 -18.123459 3.648185 -4.905674 -3e-06 0.0 -2e-06 -5.902818 27.701937 4.974478 -14.070107 49.037529 -65.549767 178.933914 61.516052 179.301224 -27.449768 -8.488108 -0.814315 2.243542 -5.255037 -3.180159 14.282887 -0.826592 6.9525 -2e-06 -12.690606 -3e-06 14.999574 -17.264778 3.005649 1.665666 -1.955922 -2.878299 4.727798 -4.170587 4.993922 11.020525 5e-06 -2e-06 12.109052 -3.735716 -2.866786 -1e-06 1e-06 1e-06 1.291986 -1.92855 -1.49809 14.800125 0.56747 3.865606 14.242568 -1.341734 -6.660662 19.631969 0.143928 -0.648245 49.247044 -1.105177 -6.212339 0.353029 -1.51115 -0.03194 20.222788 3.684312 2.316628 18.78727 7e-06 -2e-06 10.751627 -0.479867 1.397904 0.0 -1e-06 -1e-06 3.273808 0.305946 -0.580111 21.486809 11.830377 2.266134 8.162924 3e-06 -1e-06 18.399076 -3.798982 -4.940577 2e-06 0.0 -0.0 -7.741021 15.879639 -89.162285 0.664696 0.448203 145.673279 2.347811 1.598985 -27.589863 1.850463 -1.999293 -11.153367 -0.0 0.0 3e-06 -9.278469 -22.531433 -82.336075 -0.389487 -0.172458 149.122299 -17.525667 15.752629 -31.848711 -1.285676 0.471404 -11.112479 -0.0 -0.0 -1e-06 
0.0 0.0 0.0 0.0 -0.0 0.0 0.943945 43.383823 -0.115159 4.061635 1.416618 4.035658 -0.998237 -0.82292 21.073437 -0.879332 0.451551 3.531554 -2.565192 -1.106955 23.750916 8.991714 -1.050083 13.731723 0.235889 0.855493 -3.50881 1.102412 0.999771 -2.658012 7.7e-05 -2.2e-05 6e-06 -0.053482 0.045853 -0.100692 0.674318 -3.701242 -10.7678 -0.7667 3.771494 -10.688366 -6.188542 -16.998489 13.624277 -30.979994 -15.274648 -10.928014 179.604141 -82.758873 -179.919418 13.46768 5.31777 -8.987778 -5.88211 9.86129 0.702589 -10.936878 -0.360573 7.156212 -3e-06 8.774831 -1e-06 -15.494962 19.017517 6.6295 -1.844033 2.498504 -2.507278 -10.163605 4.678947 4.621113 -20.976038 2e-06 3e-06 -21.226301 2.451702 -3.594003 -1e-06 -7e-06 -1e-06 -1.362681 2.240798 -0.746323 -21.334929 0.584913 3.008327 -13.821221 2e-06 2e-06 -23.887186 -0.249073 -0.839484 -61.500942 2.673906 -0.996184 -0.294026 1.679688 0.833256 -14.218217 0.093216 1.300583 -34.212074 -0.287559 0.967171 -20.033226 0.964541 1.212843 -0.0 -2e-06 -1e-06 -3.440391 0.788233 0.501657 -15.928196 -3.167308 2.999709 -6.33883 -1e-06 1e-06 -18.123459 3.648187 -4.905674 -3e-06 1e-06 -2e-06 -5.15014 27.173025 5.426041 -12.602593 48.291267 -63.936916 178.771484 57.872154 179.181946 -28.633108 -7.29094 0.137035 2.243543 -5.255037 -3.180161 14.282893 -0.826594 6.952502 0.0 -12.690605 -2e-06 14.956813 -17.317926 2.993672 1.665666 -1.955922 -2.878298 4.727799 -4.170587 4.993924 11.020522 4e-06 -1e-06 12.109053 -3.735717 -2.866784 1e-06 -1e-06 1e-06 1.291984 -1.92855 -1.49809 14.800129 0.567467 3.865607 14.242568 -1.341738 -6.660661 19.631968 0.143926 -0.648246 49.302486 -1.15807 -6.256032 0.353029 -1.511152 -0.031941 20.22279 3.684309 2.316631 18.78727 4e-06 -2e-06 10.751627 -0.479868 1.397906 -0.0 -0.0 -0.0 3.273807 0.305947 -0.58011 21.486813 11.830376 2.266135 8.162924 2e-06 -0.0 18.399082 -3.798985 -4.940577 2e-06 0.0 -1e-06 -7.830418 15.815805 -89.091194 0.667293 0.478524 145.876389 2.463627 1.581607 -28.557219 1.835482 -1.986269 -10.981431 -0.0 0.0 4e-06 -9.751101 -22.754099 -81.889732 -0.410079 -0.177405 149.402084 -17.192041 16.004814 -32.168365 -1.276111 0.459353 -11.078465 0.0 -0.0 -2e-06 
0.0 0.0 0.0 0.0 -0.0 0.0 1.083187 43.062061 -0.086151 3.928706 1.801011 3.821927 -1.118559 -0.829374 21.233891 -0.937462 0.290701 3.6109 -2.468107 -1.312488 23.927147 9.108584 -1.004033 13.470122 0.137 0.472027 -3.513252 0.959087 0.683877 -2.461466 7.6e-05 -2.2e-05 5e-06 -0.022904 0.019375 -0.095611 0.714198 -3.736539 -10.776347 -0.74662 3.75647 -10.695635 -5.206141 -17.416079 13.120347 -28.81735 -15.511745 -10.694434 177.518295 -83.076805 -177.798813 12.448223 5.104286 -10.225029 -5.882115 9.861293 0.702588 -10.93688 -0.360572 7.15621 -3e-06 8.774829 -2e-06 -15.556889 19.093647 6.644474 -1.844033 2.498507 -2.50728 -10.163609 4.678952 4.621108 -20.97604 4e-06 -3e-06 -21.226307 2.451702 -3.594011 0.0 -7e-06 -3e-06 -1.362684 2.2408 -0.746323 -21.334929 0.584917 3.008321 -13.821224 4e-06 -2e-06 -23.887186 -0.249076 -0.839494 -61.589939 2.7332 -1.019115 -0.294025 1.679688 0.833254 -14.218219 0.09322 1.300578 -34.212074 -0.287558 0.967161 -20.03323 0.96454 1.212836 -0.0 -1e-06 1e-06 -3.440392 0.788235 0.501655 -15.928196 -3.167307 2.999706 -6.338831 1e-06 -0.0 -18.123461 3.648187 -4.905681 -3e-06 0.0 -1e-06 -4.332944 26.811119 5.917928 -11.20946 46.698868 -62.194885 178.724182 53.90123 179.256073 -29.8836 -5.454267 1.094582 2.243543 -5.255044 -3.180162 14.2829 -0.82659 6.952509 -2e-06 -12.690616 -4e-06 15.048345 -17.467163 2.945757 1.665667 -1.955924 -2.878302 4.727802 -4.170589 4.993927 11.020535 3e-06 -0.0 12.10906 -3.735718 -2.866786 1e-06 -0.0 0.0 1.291986 -1.928551 -1.498091 14.800139 0.567473 3.865612 14.242581 -1.341738 -6.660663 19.631979 0.143926 -0.648242 49.553074 -1.196376 -6.327578 0.353027 -1.51115 -0.03194 20.222803 3.684316 2.316634 18.787285 6e-06 1e-06 10.751634 -0.479867 1.397908 -2e-06 0.0 0.0 3.273808 0.305948 -0.580111 21.486834 11.830387 2.266142 8.16293 3e-06 1e-06 18.399097 -3.798986 -4.940577 3e-06 0.0 -1e-06 -7.954885 15.685411 -89.033882 0.695311 0.515223 146.153091 2.623429 1.492391 -29.597399 1.828194 -1.980244 -10.938259 0.0 -0.0 2e-06 -10.371427 -22.992834 -81.377029 -0.411274 -0.16905 149.818481 -16.847296 16.222637 -32.476891 -1.266641 0.45681 -10.801789 0.0 -0.0 -1e-06 
0.0 0.0 0.0 0.0 -0.0 0.0 1.242278 42.687904 -0.063565 3.8182 2.143649 3.569281 -1.233428 -0.826904 21.387939 -0.972652 0.127876 3.698313 -2.379492 -1.417517 24.207096 9.074506 -0.887632 13.142785 -0.09178 0.0899 -3.505307 0.963937 0.284876 -2.236892 7.7e-05 -2.2e-05 6e-06 -0.027246 0.010354 -0.096129 0.71003 -3.75278 -10.774407 -0.752134 3.757254 -10.69834 -4.09301 -17.882431 12.551286 -26.539005 -16.190508 -10.64412 175.864014 -83.014107 -176.244736 11.527616 4.812324 -11.968452 -5.882109 9.861288 0.702591 -10.936873 -0.360573 7.156205 0.0 8.774825 0.0 -15.624891 19.053362 6.624798 -1.844034 2.498507 -2.507279 -10.163603 4.678947 4.621109 -20.976028 -4e-06 -0.0 -21.226294 2.451697 -3.594002 -0.0 -7e-06 -1e-06 -1.362682 2.240799 -0.746322 -21.334915 0.584912 3.008322 -13.821217 -3e-06 2e-06 -23.887175 -0.249078 -0.839483 -61.685516 2.802494 -1.080972 -0.294025 1.679687 0.833257 -14.218212 0.093216 1.300579 -34.212055 -0.287564 0.967168 -20.033218 0.964537 1.212842 -0.0 -1e-06 1e-06 -3.440389 0.788233 0.501657 -15.928189 -3.167308 2.999708 -6.338828 -2e-06 1e-06 -18.123447 3.648184 -4.905671 -3e-06 0.0 -2e-06 -3.735133 26.706835 6.242938 -10.152259 44.788879 -60.757492 178.798813 50.658947 179.513031 -30.81065 -3.894018 1.893898 2.243544 -5.255038 -3.180161 14.282898 -0.826594 6.952507 -3e-06 -12.690607 -1e-06 15.196097 -17.647366 2.906477 1.665667 -1.955922 -2.8783 4.727802 -4.170589 4.993925 11.020534 4e-06 -1e-06 12.10906 -3.735716 -2.866785 1e-06 1e-06 1e-06 1.291986 -1.92855 -1.498091 14.800138 0.567469 3.865608 14.242579 -1.341735 -6.66066 19.631977 0.143927 -0.648243 49.860172 -1.23913 -6.384279 0.353029 -1.511151 -0.031941 20.222803 3.684311 2.316632 18.787285 5e-06 -1e-06 10.751635 -0.479869 1.397906 -1e-06 0.0 -0.0 3.273808 0.305946 -0.58011 21.486828 11.830379 2.266134 8.162933 3e-06 1e-06 18.399092 -3.798983 -4.940575 3e-06 0.0 -2e-06 -8.112368 15.501245 -89.034676 0.751143 0.533933 146.590363 2.790752 1.453985 -30.224918 1.835678 -1.99733 -11.054348 -0.0 -0.0 2e-06 -11.086762 -23.148222 -80.910141 -0.38808 -0.144122 150.346481 -16.517723 16.497095 -32.556393 -1.256278 0.459839 -10.397346 -0.0 -0.0 -3e-06 
0.0 0.0 0.0 0.0 -0.0 0.0 1.416116 42.323822 -0.044092 3.705186 2.400269 3.315546 -1.311977 -0.819167 21.526947 -0.984718 0.025119 3.764369 -2.310118 -1.451198 24.4832 8.898784 -0.70795 12.876845 -0.390992 -0.210175 -3.48425 1.088962 -0.14837 -2.028152 7.7e-05 -2.2e-05 6e-06 -0.055632 0.016668 -0.100282 0.6783 -3.75311 -10.771552 -0.777599 3.771488 -10.700611 -2.889977 -18.319876 11.951317 -24.465023 -17.378315 -10.519811 175.549438 -82.226051 -176.124924 10.407179 4.314713 -14.537467 -5.882108 9.861292 0.702591 -10.936877 -0.360575 7.15621 2e-06 8.77483 1e-06 -15.71084 18.86171 6.518043 -1.844035 2.498507 -2.507278 -10.163604 4.678946 4.621111 -20.976036 -4e-06 1e-06 -21.226299 2.451698 -3.594002 -0.0 -7e-06 -0.0 -1.362681 2.240798 -0.746324 -21.334929 0.584908 3.008324 -13.821221 -2e-06 3e-06 -23.887184 -0.249076 -0.839482 -61.735245 2.829514 -1.150483 -0.294027 1.679688 0.833258 -14.218214 0.093216 1.300581 -34.212063 -0.287565 0.967172 -20.033222 0.964538 1.212843 1e-06 0.0 1e-06 -3.440391 0.788234 0.501657 -15.928192 -3.167312 2.999709 -6.33883 -1e-06 1e-06 -18.123457 3.648182 -4.905674 -4e-06 -0.0 -1e-06 -3.378387 26.932718 6.458859 -9.583414 42.938931 -59.879559 178.922318 48.6059 179.779053 -31.438745 -2.964596 2.323715 2.243544 -5.255039 -3.18016 14.282901 -0.826594 6.952507 -2e-06 -12.69061 -2e-06 15.32935 -17.8193 2.899899 1.665668 -1.955922 -2.878301 4.727801 -4.17059 4.993926 11.020534 3e-06 -2e-06 12.109058 -3.735716 -2.866787 0.0 -0.0 1e-06 1.291987 -1.928552 -1.498091 14.800139 0.567469 3.86561 14.242582 -1.341737 -6.660665 19.631981 0.143927 -0.648247 50.076805 -1.273284 -6.404031 0.353029 -1.511151 -0.03194 20.222803 3.684311 2.316631 18.787287 5e-06 -2e-06 10.751635 -0.479868 1.397906 -1e-06 0.0 1e-06 3.273808 0.305947 -0.580112 21.48683 11.83038 2.266135 8.16293 3e-06 -2e-06 18.399096 -3.798984 -4.940579 4e-06 0.0 -1e-06 -8.337716 15.32522 -89.083008 0.796499 0.531278 147.105652 3.015257 1.5459 -30.460226 1.850879 -2.017595 -11.301778 -0.0 0.0 2e-06 -11.860288 -23.178394 -80.495079 -0.369307 -0.117253 150.883011 -16.165274 16.860323 -32.419952 -1.241947 0.459418 -9.940742 -0.0 0.0 -2e-06 
0.0 0.0 0.0 0.0 -0.0 0.0 1.586546 42.041672 -0.018767 3.596574 2.582344 3.079835 -1.353128 -0.796089 21.66894 -0.97282 0.002231 3.793625 -2.275607 -1.420313 24.6859 8.681971 -0.494887 12.748534 -0.64693 -0.505762 -3.455774 1.214145 -0.567309 -1.794825 7.7e-05 -2.3e-05 5e-06 -0.079453 0.023815 -0.103297 0.654451 -3.755881 -10.778697 -0.801549 3.788446 -10.711977 -1.657583 -18.699574 11.360756 -22.790226 -19.162544 -9.934123 175.719711 -80.813202 -176.444962 8.384277 3.321198 -18.591627 -5.882108 9.861289 0.702592 -10.936872 -0.360573 7.156208 -2e-06 8.774828 -1e-06 -15.895001 18.599039 6.332586 -1.844033 2.498507 -2.507279 -10.163604 4.678949 4.621109 -20.97603 1e-06 -1e-06 -21.226297 2.451701 -3.594005 0.0 -5e-06 -0.0 -1.362684 2.240798 -0.746324 -21.334923 0.584913 3.008324 -13.82122 -1e-06 1e-06 -23.88718 -0.249075 -0.839485 -61.65353 2.736289 -1.178551 -0.294025 1.679689 0.833255 -14.218214 0.09322 1.30058 -34.212055 -0.287559 0.967166 -20.033218 0.964539 1.212841 0.0 0.0 -1e-06 -3.440391 0.788234 0.501657 -15.928192 -3.167307 2.999708 -6.338829 -1e-06 1e-06 -18.123455 3.648188 -4.905674 -5e-06 -1e-06 -2e-06 -3.227799 27.457462 6.615074 -9.537799 41.331707 -59.635857 179.117828 47.859619 179.883377 -31.877855 -2.451986 2.254693 2.243541 -5.255039 -3.180158 14.2829 -0.826592 6.952504 -4e-06 -12.690609 -1e-06 15.457579 -17.940565 2.876836 1.665668 -1.955922 -2.878299 4.7278 -4.170588 4.993925 11.020535 4e-06 -2e-06 12.10906 -3.735715 -2.866785 0.0 -0.0 -1e-06 1.291986 -1.928549 -1.498089 14.800138 0.567472 3.865608 14.24258 -1.341735 -6.66066 19.631979 0.143929 -0.648245 50.140247 -1.245249 -6.416884 0.353027 -1.511151 -0.03194 20.222807 3.684314 2.316631 18.787287 9e-06 -0.0 10.751637 -0.479867 1.397907 -1e-06 -0.0 1e-06 3.273809 0.305948 -0.580111 21.486832 11.830383 2.266134 8.162935 4e-06 -1e-06 18.399097 -3.798982 -4.940578 3e-06 -0.0 -1e-06 -8.608638 15.230835 -89.093391 0.81918 0.52502 147.577179 3.301315 1.828512 -30.404963 1.863489 -2.022305 -11.544196 -0.0 -0.0 2e-06 -12.636551 -23.116671 -80.073753 -0.36484 -0.098597 151.325607 -15.815512 17.222939 -32.124435 -1.228232 0.456542 -9.420367 -0.0 0.0 -2e-06 
0.0 0.0 0.0 0.0 -0.0 0.0 1.754202 41.83551 0.022173 3.477503 2.671628 2.917853 -1.352316 -0.744755 21.778477 -0.957528 0.05665 3.776529 -2.254851 -1.353945 24.777798 8.465102 -0.26836 12.734246 -0.813729 -0.841631 -3.421666 1.308147 -0.942522 -1.409988 7.7e-05 -2.2e-05 6e-06 -0.090134 0.028542 -0.097179 0.653276 -3.770219 -10.812157 -0.8212 3.811029 -10.742238 -0.549847 -19.03002 10.801862 -21.576262 -21.407202 -8.526624 175.120224 -79.33519 -175.730087 4.461979 1.742662 -24.076511 -5.88211 9.86129 0.702591 -10.936878 -0.360574 7.156212 -1e-06 8.77483 -0.0 -16.139456 18.522476 6.235563 -1.844034 2.498506 -2.507279 -10.163607 4.678948 4.621111 -20.976038 -1e-06 2e-06 -21.226303 2.451699 -3.594004 -0.0 -6e-06 -0.0 -1.362686 2.240799 -0.746323 -21.334929 0.584912 3.008325 -13.821222 -1e-06 2e-06 -23.887186 -0.249076 -0.839486 -61.247818 2.598153 -1.144304 -0.294026 1.67969 0.833257 -14.218217 0.093216 1.300581 -34.21207 -0.287561 0.967168 -20.03323 0.964538 1.212842 0.0 1e-06 -1e-06 -3.440392 0.788234 0.501656 -15.928201 -3.167309 2.99971 -6.33883 -0.0 1e-06 -18.123459 3.648185 -4.905674 -4e-06 1e-06 -2e-06 -3.252576 28.152157 6.728892 -9.847653 40.154655 -59.719883 179.640244 48.301003 179.96254 -31.977915 -2.300087 1.838713 2.243544 -5.255043 -3.180161 14.282904 -0.826591 6.952506 -3e-06 -12.690611 -4e-06 15.581296 -17.951958 2.804282 1.665668 -1.955924 -2.8783 4.727803 -4.170588 4.993925 11.020535 5e-06 -2e-06 12.10906 -3.735717 -2.866786 0.0 -0.0 -0.0 1.291986 -1.928551 -1.498091 14.80014 0.567471 3.86561 14.242584 -1.341736 -6.660662 19.631985 0.143928 -0.648246 50.06041 -1.169875 -6.422102 0.353029 -1.511152 -0.03194 20.222807 3.684315 2.316632 18.787289 8e-06 -0.0 10.751637 -0.479867 1.397907 -1e-06 0.0 1e-06 3.27381 0.305948 -0.580111 21.486834 11.830385 2.26614 8.162933 4e-06 -0.0 18.399097 -3.798982 -4.94058 3e-06 -0.0 -1e-06 -8.886686 15.268888 -89.067986 0.835862 0.514316 147.960526 3.546538 2.329167 -30.372797 1.856942 -1.983258 -11.70033 0.0 -0.0 2e-06 -13.331613 -22.916351 -79.724236 -0.376443 -0.066028 151.658096 -15.469761 17.517248 -31.81356 -1.218613 0.450983 -8.958765 -0.0 0.0 -3e-06 
0.0 0.0 0.0 0.0 -0.0 0.0 1.927679 41.653313 0.086791 3.310939 2.584751 2.872252 -1.324765 -0.710068 21.777151 -0.934635 0.152755 3.742034 -2.173206 -1.281383 24.779221 8.092008 -0.092439 12.807157 -0.93683 -1.12927 -3.391247 1.424574 -1.218725 -1.091597 7.7e-05 -2.2e-05 5e-06 -0.104822 0.038109 -0.085266 0.656503 -3.775429 -10.835559 -0.852821 3.833706 -10.765995 0.004921 -19.229359 10.409491 -21.117838 -23.532213 -6.484725 174.812164 -78.350075 -175.042648 0.472255 0.838525 -27.140154 -5.882104 9.861283 0.702589 -10.936865 -0.360576 7.156203 1e-06 8.774823 -1e-06 -16.158169 18.621695 6.327796 -1.844029 2.498504 -2.507278 -10.163594 4.678943 4.621106 -20.976013 -4e-06 -0.0 -21.226276 2.451694 -3.594001 -0.0 -6e-06 0.0 -1.362681 2.240797 -0.746324 -21.334906 0.584909 3.008321 -13.82121 -3e-06 2e-06 -23.887165 -0.24908 -0.839485 -60.693077 2.550013 -1.056915 -0.294026 1.679686 0.833256 -14.218205 0.093214 1.30058 -34.212036 -0.287565 0.967167 -20.033209 0.964535 1.212842 1e-06 -1e-06 -1e-06 -3.440388 0.788233 0.501655 -15.928176 -3.16731 2.999705 -6.338822 -1e-06 1e-06 -18.123438 3.648181 -4.905671 -4e-06 -1e-06 -2e-06 -3.533246 28.826332 6.697321 -10.035319 39.679115 -59.962421 -179.88707 49.61459 -179.971054 -31.702364 -2.840345 1.584462 2.243541 -5.255036 -3.180157 14.282892 -0.826595 6.952502 -2e-06 -12.690601 -1e-06 15.61033 -17.840048 2.755021 1.665667 -1.955923 -2.878299 4.727798 -4.170586 4.993922 11.020528 4e-06 -2e-06 12.109053 -3.735714 -2.866783 0.0 1e-06 1e-06 1.291985 -1.928549 -1.498088 14.800129 0.567468 3.865608 14.242571 -1.341736 -6.660656 19.631968 0.143925 -0.648245 49.844231 -1.140509 -6.327196 0.353029 -1.51115 -0.03194 20.222794 3.684309 2.316631 18.787275 5e-06 -2e-06 10.751627 -0.479869 1.397905 -1e-06 0.0 1e-06 3.273807 0.305947 -0.58011 21.486813 11.830373 2.266134 8.162927 2e-06 -1e-06 18.399082 -3.798984 -4.940574 3e-06 1e-06 -2e-06 -9.050306 15.367005 -89.07798 0.875206 0.506254 148.358643 3.642354 2.852083 -30.346357 1.84128 -1.930279 -11.899849 0.0 -0.0 2e-06 -13.889419 -22.611643 -79.56266 -0.408251 -0.044619 151.898544 -15.255904 17.838032 -31.738468 -1.226268 0.458089 -8.752804 -0.0 0.0 -3e-06 
0.0 0.0 0.0 0.0 -0.0 0.0 2.091743 41.477425 0.173908 3.107694 2.376886 2.862213 -1.288867 -0.70578 21.69606 -0.918379 0.229747 3.722659 -2.044608 -1.231084 24.76585 7.63951 -0.002289 12.906536 -1.029212 -1.238964 -3.368276 1.527507 -1.403509 -0.986647 7.7e-05 -2.2e-05 5e-06 -0.136721 0.054426 -0.075547 0.641296 -3.754494 -10.821701 -0.901053 3.844538 -10.758352 -0.074174 -19.161369 10.33366 -21.495466 -25.100536 -4.660546 175.469284 -78.296524 -175.351837 -1.514742 1.292718 -26.66592 -5.88211 9.861292 0.702592 -10.936876 -0.360572 7.15621 0.0 8.774833 0.0 -16.09182 18.761173 6.476861 -1.844035 2.498507 -2.50728 -10.163606 4.678948 4.621113 -20.976038 -1e-06 1e-06 -21.226303 2.4517 -3.594007 1e-06 -6e-06 1e-06 -1.362684 2.2408 -0.746324 -21.334925 0.584912 3.008324 -13.821221 -2e-06 1e-06 -23.887184 -0.249079 -0.839486 -60.507561 2.610336 -0.980619 -0.294027 1.679688 0.833258 -14.218217 0.093217 1.300582 -34.21207 -0.287562 0.967168 -20.033226 0.964539 1.212842 1e-06 -1e-06 -0.0 -3.44039 0.788234 0.501656 -15.928192 -3.16731 2.999708 -6.338829 0.0 1e-06 -18.123459 3.648185 -4.905675 -4e-06 -0.0 -2e-06 -3.932474 29.330984 6.499089 -9.675212 39.816914 -59.890823 -179.699631 51.241703 -179.876984 -31.219658 -3.697036 1.791662 2.243542 -5.255039 -3.180159 14.282893 -0.826594 6.952503 -2e-06 -12.690606 -2e-06 15.532197 -17.700527 2.780154 1.665667 -1.955923 -2.878299 4.7278 -4.170588 4.993923 11.020528 2e-06 -3e-06 12.109055 -3.735717 -2.866786 2e-06 0.0 1e-06 1.291984 -1.928549 -1.498089 14.800129 0.567469 3.865608 14.242573 -1.341738 -6.660661 19.631969 0.143925 -0.648246 49.512955 -1.154308 -6.20563 0.35303 -1.511153 -0.03194 20.222794 3.68431 2.316631 18.787271 5e-06 -3e-06 10.751629 -0.479868 1.397906 -0.0 0.0 1e-06 3.273807 0.305948 -0.580111 21.486816 11.830377 2.266134 8.162928 2e-06 -0.0 18.399084 -3.798985 -4.940578 3e-06 0.0 -2e-06 -9.044803 15.418917 -89.058952 0.933416 0.499866 148.811981 3.560419 3.106971 -30.2024 1.839683 -1.922897 -12.006798 -0.0 -0.0 3e-06 -14.347024 -22.335621 -79.431267 -0.450219 -0.06916 152.059998 -15.278667 18.204096 -32.034428 -1.239674 0.466666 -8.834644 -0.0 0.0 -3e-06 
0.0 0.0 0.0 0.0 -0.0 0.0 2.235662 41.34882 0.285799 2.940712 2.182824 2.816297 -1.261293 -0.711005 21.615765 -0.922367 0.280267 3.712402 -1.901442 -1.20363 24.762814 7.339118 0.046272 12.934927 -1.025094 -1.268945 -3.359416 1.547193 -1.524754 -1.041585 7.7e-05 -2.2e-05 6e-06 -0.164767 0.068302 -0.073742 0.624265 -3.727478 -10.800234 -0.94097 3.845993 -10.739859 -0.526464 -18.933687 10.555593 -22.422802 -25.746515 -3.85485 176.454834 -78.825264 -176.215027 -1.632153 2.489913 -24.337358 -5.882109 9.861284 0.70259 -10.936872 -0.360573 7.156206 0.0 8.774824 -1e-06 -16.100655 18.848261 6.540666 -1.844035 2.498506 -2.507279 -10.163601 4.678946 4.621109 -20.976027 -3e-06 1e-06 -21.226294 2.451698 -3.594004 0.0 -6e-06 0.0 -1.362683 2.240798 -0.746323 -21.334917 0.58491 3.008323 -13.821217 0.0 0.0 -23.887177 -0.249078 -0.839486 -60.575439 2.672441 -0.920568 -0.294024 1.679688 0.833256 -14.218211 0.093216 1.300579 -34.212055 -0.287563 0.967166 -20.033216 0.964535 1.212842 2e-06 -1e-06 -0.0 -3.440389 0.788234 0.501656 -15.928185 -3.167308 2.999707 -6.338827 -1e-06 1e-06 -18.123451 3.648181 -4.905674 -4e-06 0.0 -1e-06 -4.070454 29.540363 6.473074 -8.845128 40.022758 -59.233704 -179.610321 52.16518 -179.73996 -30.697487 -4.107456 2.437431 2.243541 -5.255036 -3.180158 14.282889 -0.826595 6.952502 -1e-06 -12.690601 -1e-06 15.396058 -17.627768 2.821741 1.665667 -1.955921 -2.878299 4.727799 -4.170587 4.993923 11.020522 4e-06 -2e-06 12.109053 -3.735714 -2.866784 2e-06 0.0 1e-06 1.291985 -1.92855 -1.498089 14.800125 0.567467 3.865607 14.242569 -1.341736 -6.660658 19.631962 0.143925 -0.648244 49.261604 -1.164552 -6.174104 0.353028 -1.511152 -0.03194 20.222794 3.684309 2.316631 18.787271 4e-06 -2e-06 10.751628 -0.479869 1.397906 -1e-06 0.0 -0.0 3.273806 0.305947 -0.58011 21.486811 11.830372 2.266134 8.162925 2e-06 -0.0 18.39908 -3.798985 -4.940575 3e-06 0.0 -1e-06 -9.040759 15.428253 -88.868233 0.957205 0.500166 149.192825 3.449148 3.194738 -30.110306 1.852196 -1.948279 -12.072408 0.0 0.0 4e-06 -14.684321 -22.134304 -79.159431 -0.439008 -0.100301 152.131165 -15.404923 18.505112 -32.56562 -1.251574 0.473512 -8.988337 -0.0 0.0 -3e-06 
0.0 0.0 0.0 0.0 -0.0 0.0 2.351164 41.227444 0.401012 2.83451 2.053567 2.758644 -1.243126 -0.728598 21.551918 -0.919903 0.30888 3.70039 -1.747713 -1.165244 24.758303 7.215043 0.082221 12.89334 -0.929458 -1.322467 -3.366813 1.457381 -1.572835 -1.229114 7.7e-05 -2.2e-05 5e-06 -0.170542 0.070325 -0.075928 0.621793 -3.713577 -10.776717 -0.951049 3.836937 -10.71742 -1.172859 -18.664892 10.985487 -23.585199 -25.526138 -4.106349 177.509125 -79.293678 -177.33905 -0.226636 4.097056 -20.923655 -5.882108 9.861288 0.702591 -10.936872 -0.360574 7.156206 0.0 8.774828 -1e-06 -16.073135 18.871868 6.524689 -1.844032 2.498504 -2.507278 -10.163601 4.678947 4.621109 -20.976027 -3e-06 -0.0 -21.226292 2.451694 -3.594001 0.0 -7e-06 -1e-06 -1.362683 2.240797 -0.746323 -21.334917 0.584912 3.008323 -13.821216 -2e-06 2e-06 -23.887175 -0.249077 -0.839485 -60.671253 2.693767 -0.907694 -0.294026 1.679687 0.833256 -14.218212 0.093217 1.30058 -34.212051 -0.287562 0.967168 -20.033216 0.964537 1.212842 1e-06 0.0 -0.0 -3.440389 0.788235 0.501657 -15.928187 -3.167308 2.999708 -6.338828 0.0 1e-06 -18.123447 3.648184 -4.905671 -4e-06 -0.0 -2e-06 -3.853004 29.528458 6.730732 -7.738085 39.961201 -58.183254 -179.659546 52.170616 -179.670334 -30.150541 -4.086487 3.524952 2.243543 -5.255039 -3.180159 14.282896 -0.826592 6.952504 -2e-06 -12.690609 -4e-06 15.29977 -17.639771 2.851341 1.665667 -1.955924 -2.878299 4.727799 -4.170588 4.993923 11.020529 3e-06 -2e-06 12.109056 -3.735717 -2.866786 2e-06 -0.0 1e-06 1.291986 -1.928551 -1.49809 14.800134 0.56747 3.865608 14.242575 -1.341736 -6.660661 19.631973 0.143926 -0.648246 49.212593 -1.150858 -6.21193 0.353029 -1.511151 -0.03194 20.222799 3.684312 2.316631 18.787279 5e-06 -1e-06 10.751632 -0.479867 1.397907 -1e-06 0.0 -1e-06 3.273808 0.305947 -0.580111 21.486824 11.83038 2.266134 8.16293 2e-06 -1e-06 18.39909 -3.798984 -4.940578 3e-06 -0.0 -1e-06 -9.084169 15.421463 -88.615166 0.957873 0.508122 149.495102 3.440997 3.233644 -30.22023 1.862809 -1.979462 -12.09992 0.0 -0.0 3e-06 -14.913278 -22.00466 -78.864105 -0.370665 -0.112631 152.214554 -15.64663 18.697618 -33.119141 -1.261402 0.482644 -9.093095 -0.0 0.0 -3e-06 
0.0 0.0 0.0 0.0 -0.0 0.0 2.442105 41.068542 0.49607 2.78288 1.964891 2.704555 -1.222455 -0.753534 21.469622 -0.900989 0.330316 3.704491 -1.574227 -1.103419 24.803997 7.175764 0.119989 12.758289 -0.789392 -1.397238 -3.378285 1.306696 -1.567319 -1.401061 7.7e-05 -2.2e-05 6e-06 -0.172318 0.068996 -0.079547 0.620063 -3.712248 -10.764824 -0.953924 3.833487 -10.710601 -1.899954 -18.376699 11.48881 -24.733152 -24.738941 -5.181869 178.393387 -79.320015 -178.41394 2.335141 5.748545 -17.192541 -5.882109 9.861287 0.702589 -10.936873 -0.360574 7.156206 -0.0 8.774825 -2e-06 -15.954366 18.827158 6.48225 -1.844035 2.498507 -2.507278 -10.163603 4.678945 4.621109 -20.976027 -1e-06 -0.0 -21.226294 2.451697 -3.594004 1e-06 -6e-06 -1e-06 -1.362682 2.240798 -0.746324 -21.334919 0.584911 3.008322 -13.821217 -0.0 -0.0 -23.887178 -0.249078 -0.839488 -60.746994 2.685894 -0.934278 -0.294025 1.679687 0.833255 -14.21821 0.093217 1.300579 -34.212055 -0.287562 0.967166 -20.033218 0.964537 1.21284 1e-06 0.0 -1e-06 -3.440388 0.788235 0.501656 -15.928187 -3.167309 2.999707 -6.338828 0.0 1e-06 -18.123453 3.648183 -4.905674 -4e-06 1e-06 -2e-06 -3.43551 29.452383 7.131594 -6.489325 39.538773 -56.9967 -179.767868 51.661324 -179.635361 -29.520416 -3.899096 4.995412 2.243541 -5.255039 -3.180158 14.282892 -0.826593 6.952504 -3e-06 -12.690607 -0.0 15.299249 -17.711439 2.872727 1.665666 -1.955923 -2.8783 4.727799 -4.170588 4.993925 11.020524 3e-06 -1e-06 12.109052 -3.735717 -2.866785 1e-06 1e-06 1e-06 1.291985 -1.92855 -1.498089 14.800129 0.567469 3.865609 14.242571 -1.341737 -6.660658 19.631969 0.143927 -0.648245 49.3008 -1.151857 -6.27811 0.353028 -1.511152 -0.03194 20.22279 3.684311 2.316631 18.78727 5e-06 -1e-06 10.751627 -0.479869 1.397908 -1e-06 0.0 -1e-06 3.273807 0.305947 -0.580111 21.486813 11.830377 2.266135 8.162928 2e-06 0.0 18.39908 -3.798984 -4.940574 2e-06 -0.0 -1e-06 -9.143608 15.384379 -88.395195 0.965827 0.516057 149.748932 3.463543 3.242579 -30.635565 1.87475 -2.009256 -12.181173 -0.0 0.0 3e-06 -15.101822 -21.894787 -78.656807 -0.279009 -0.107048 152.361481 -15.997872 18.890112 -33.69799 -1.266112 0.49114 -9.164214 -0.0 0.0 -2e-06 
0.0 0.0 0.0 0.0 -0.0 0.0 2.49869 40.874653 0.566689 2.798058 1.917154 2.664967 -1.18772 -0.769351 21.35804 -0.867028 0.345694 3.729252 -1.38253 -1.04381 24.908148 7.171816 0.167043 12.597894 -0.642453 -1.447838 -3.381119 1.202497 -1.560369 -1.439891 7.7e-05 -2.2e-05 5e-06 -0.170085 0.06647 -0.082909 0.617598 -3.715138 -10.759562 -0.947653 3.831773 -10.708526 -2.564402 -18.039396 11.913477 -25.57865 -23.803007 -6.60218 178.596725 -78.926109 -178.794022 4.894351 6.968712 -14.47822 -5.882108 9.861291 0.70259 -10.936873 -0.360572 7.156208 1e-06 8.774829 1e-06 -15.794546 18.750307 6.493672 -1.844032 2.498505 -2.507279 -10.163602 4.678948 4.621111 -20.97603 -1e-06 0.0 -21.226297 2.451699 -3.594007 0.0 -5e-06 0.0 -1.362683 2.2408 -0.746324 -21.334917 0.584913 3.008321 -13.821217 -2e-06 -0.0 -23.887175 -0.249078 -0.839488 -60.834404 2.667007 -0.961209 -0.294025 1.679688 0.833256 -14.218213 0.093216 1.30058 -34.212055 -0.287562 0.967166 -20.033218 0.964536 1.21284 -1e-06 0.0 -0.0 -3.440387 0.788234 0.501657 -15.928189 -3.167309 2.999707 -6.338828 -0.0 0.0 -18.123453 3.648185 -4.905675 -4e-06 -1e-06 -2e-06 -3.005004 29.434198 7.470603 -5.363903 38.925121 -55.909405 -179.7883 51.248425 -179.563202 -28.862354 -3.776692 6.495621 2.243544 -5.25504 -3.18016 14.282899 -0.826593 6.952504 -2e-06 -12.690611 -2e-06 15.379843 -17.777954 2.884897 1.665668 -1.955923 -2.878301 4.727804 -4.17059 4.993925 11.020535 3e-06 -2e-06 12.109059 -3.735717 -2.866786 0.0 1e-06 -0.0 1.291986 -1.92855 -1.49809 14.800142 0.567469 3.865609 14.24258 -1.341737 -6.660661 19.631981 0.143926 -0.648245 49.455387 -1.155785 -6.332952 0.353031 -1.511151 -0.031939 20.222803 3.684313 2.316629 18.787287 6e-06 -2e-06 10.751635 -0.479867 1.397907 -1e-06 0.0 -0.0 3.27381 0.305947 -0.580111 21.48683 11.830381 2.266134 8.162933 3e-06 -2e-06 18.399096 -3.798983 -4.94058 4e-06 -0.0 -1e-06 -9.230492 15.310798 -88.268349 0.981203 0.512561 149.984665 3.488275 3.275788 -31.15753 1.881183 -2.020288 -12.18793 -0.0 0.0 4e-06 -15.300466 -21.755505 -78.545769 -0.192318 -0.083653 152.582657 -16.328636 19.060394 -34.237183 -1.271051 0.508258 -9.147398 -0.0 0.0 -3e-06 
0.0 0.0 0.0 0.0 -0.0 0.0 2.524765 40.702503 0.612527 2.875134 1.872555 2.630228 -1.134411 -0.769077 21.251204 -0.826733 0.363193 3.747194 -1.180803 -0.99384 25.044088 7.18528 0.168686 12.515655 -0.520357 -1.440031 -3.37469 1.166092 -1.535861 -1.369637 7.7e-05 -2.2e-05 5e-06 -0.156815 0.059361 -0.084431 0.623746 -3.717628 -10.751258 -0.927213 3.820321 -10.696037 -3.114356 -17.680565 12.224741 -26.034599 -22.950981 -8.000546 178.134125 -78.310974 -178.423004 6.760247 7.719813 -12.933089 -5.882108 9.861288 0.70259 -10.936868 -0.360576 7.156205 -1e-06 8.774826 -2e-06 -15.623664 18.693905 6.561626 -1.844034 2.498506 -2.507279 -10.163599 4.678946 4.621107 -20.976025 -2e-06 -1e-06 -21.226288 2.451694 -3.594003 0.0 -5e-06 -1e-06 -1.362682 2.2408 -0.746324 -21.334915 0.584909 3.008322 -13.821215 -3e-06 1e-06 -23.887171 -0.249079 -0.839485 -60.908493 2.645871 -0.988645 -0.294024 1.679687 0.833255 -14.218208 0.093216 1.300579 -34.212051 -0.287565 0.967166 -20.033213 0.964535 1.212842 -0.0 0.0 -0.0 -3.440389 0.788235 0.501655 -15.928187 -3.16731 2.999707 -6.338826 -1e-06 0.0 -18.123446 3.648182 -4.905674 -4e-06 1e-06 -2e-06 -2.71005 29.555489 7.655256 -4.538307 38.364693 -55.139565 -179.665909 51.301693 -179.433136 -28.351353 -3.747236 7.717265 2.243541 -5.255039 -3.180159 14.282891 -0.826593 6.952505 -2e-06 -12.69061 -3e-06 15.480434 -17.812607 2.885856 1.665666 -1.955922 -2.8783 4.7278 -4.170588 4.993925 11.020528 3e-06 -3e-06 12.109055 -3.735716 -2.866788 1e-06 1e-06 -0.0 1.291987 -1.928551 -1.498091 14.800131 0.567469 3.865607 14.242576 -1.341735 -6.660661 19.631973 0.143927 -0.648247 49.610504 -1.161129 -6.348092 0.35303 -1.511151 -0.03194 20.222795 3.684312 2.31663 18.787275 5e-06 -3e-06 10.751629 -0.479868 1.397906 -1e-06 0.0 -0.0 3.273806 0.305949 -0.580111 21.486818 11.830381 2.266135 8.162928 3e-06 -1e-06 18.399088 -3.798985 -4.940578 3e-06 -0.0 -1e-06 -9.340568 15.23208 -88.185806 0.993625 0.505929 150.167801 3.465849 3.371914 -31.598423 1.883092 -2.015948 -12.044506 0.0 -0.0 4e-06 -15.535433 -21.529167 -78.491058 -0.137027 -0.058585 152.79335 -16.560133 19.16758 -34.712234 -1.27208 0.524462 -9.089133 -0.0 0.0 -3e-06 
0.0 0.0 0.0 0.0 -0.0 0.0 2.529568 40.581394 0.634561 2.987071 1.813068 2.60661 -1.062661 -0.772471 21.168859 -0.773554 0.377501 3.753658 -0.973368 -0.923863 25.173723 7.239673 0.090117 12.554806 -0.46769 -1.384294 -3.365129 1.169532 -1.498384 -1.270991 7.7e-05 -2.3e-05 5e-06 -0.140385 0.051238 -0.083127 0.634799 -3.720292 -10.742232 -0.904943 3.806332 -10.684213 -3.621352 -17.356798 12.477422 -26.236269 -22.151236 -9.375111 177.593903 -77.581596 -177.931366 8.245989 8.231571 -11.868424 -5.882106 9.861286 0.70259 -10.936872 -0.360574 7.156204 -0.0 8.774826 -1e-06 -15.443639 18.669464 6.650461 -1.844033 2.498503 -2.507277 -10.163602 4.678945 4.621109 -20.976023 -2e-06 2e-06 -21.226286 2.451696 -3.594 -0.0 -6e-06 -1e-06 -1.362682 2.240799 -0.746321 -21.334913 0.584911 3.008322 -13.821213 -2e-06 1e-06 -23.887167 -0.249078 -0.839484 -60.945602 2.630455 -1.010727 -0.294025 1.679687 0.833257 -14.218207 0.093215 1.30058 -34.212048 -0.287562 0.967167 -20.033211 0.964537 1.212841 1e-06 1e-06 -1e-06 -3.440388 0.788233 0.501656 -15.928183 -3.167308 2.999706 -6.338826 -1e-06 1e-06 -18.123444 3.648183 -4.905672 -4e-06 -0.0 -2e-06 -2.598915 29.810377 7.720871 -3.976743 37.988106 -54.741245 -179.427658 51.813229 -179.22757 -28.097694 -3.788778 8.685285 2.243544 -5.255038 -3.180159 14.282898 -0.826594 6.952507 -3e-06 -12.690606 -2e-06 15.575546 -17.832922 2.867915 1.665667 -1.955923 -2.8783 4.727801 -4.170587 4.993925 11.020534 3e-06 -1e-06 12.109058 -3.735717 -2.866785 1e-06 2e-06 1e-06 1.291985 -1.92855 -1.49809 14.800138 0.567467 3.86561 14.242579 -1.341736 -6.66066 19.631981 0.143926 -0.648244 49.747177 -1.178633 -6.34359 0.35303 -1.51115 -0.03194 20.222803 3.68431 2.316633 18.787281 5e-06 0.0 10.751633 -0.479868 1.397907 -1e-06 0.0 -0.0 3.273809 0.305946 -0.580111 21.486828 11.830379 2.266137 8.16293 2e-06 0.0 18.399094 -3.798984 -4.940577 4e-06 0.0 -1e-06 -9.436503 15.168937 -88.139381 1.011596 0.501391 150.293716 3.400378 3.510113 -31.833319 1.884929 -2.008862 -11.828015 -0.0 0.0 3e-06 -15.731613 -21.240286 -78.511314 -0.101362 -0.035644 152.946274 -16.72431 19.251019 -35.085983 -1.270715 0.537114 -9.038353 -0.0 0.0 -3e-06 
0.0 0.0 0.0 0.0 -0.0 0.0 2.511656 40.514977 0.632564 3.101902 1.721257 2.60157 -0.971618 -0.793031 21.101933 -0.707554 0.390296 3.756996 -0.7649 -0.834228 25.287935 7.334461 -0.049796 12.700624 -0.472232 -1.29934 -3.355181 1.204762 -1.469417 -1.190659 7.7e-05 -2.2e-05 5e-06 -0.133528 0.049686 -0.08017 0.63714 -3.717302 -10.730201 -0.892975 3.799124 -10.672432 -4.138621 -17.08666 12.679194 -26.282572 -21.416056 -10.644945 177.231506 -76.886658 -177.610046 9.496665 8.614864 -10.966763 -5.882111 9.861292 0.702589 -10.936877 -0.360575 7.156211 -1e-06 8.774829 -2e-06 -15.253507 18.683928 6.748844 -1.844033 2.498507 -2.507279 -10.163609 4.678947 4.621112 -20.976038 -3e-06 2e-06 -21.226303 2.451699 -3.594003 0.0 -6e-06 0.0 -1.362682 2.240799 -0.746325 -21.33493 0.584911 3.008327 -13.821224 -1e-06 3e-06 -23.887188 -0.249079 -0.839482 -60.923534 2.642111 -1.019903 -0.294025 1.679687 0.833256 -14.21822 0.093215 1.300582 -34.212074 -0.287562 0.967171 -20.033226 0.96454 1.212845 -0.0 -0.0 0.0 -3.44039 0.788233 0.501656 -15.928196 -3.16731 2.99971 -6.338831 -1e-06 1e-06 -18.123459 3.648184 -4.905674 -4e-06 1e-06 -2e-06 -2.669806 30.179604 7.663011 -3.634316 37.899738 -54.703148 -179.148315 52.688553 -178.997696 -28.140491 -3.871729 9.538878 2.243541 -5.255038 -3.18016 14.282898 -0.826592 6.952503 -4e-06 -12.690607 -3e-06 15.639772 -17.835983 2.852157 1.665667 -1.955923 -2.878301 4.727801 -4.170588 4.993925 11.020532 4e-06 -3e-06 12.109058 -3.735715 -2.866786 1e-06 1e-06 1e-06 1.291987 -1.928551 -1.498091 14.800138 0.56747 3.865608 14.242582 -1.341734 -6.660661 19.631981 0.143929 -0.648245 49.835354 -1.202122 -6.319358 0.353028 -1.511152 -0.03194 20.222803 3.684314 2.316629 18.787287 1e-05 -2e-06 10.751633 -0.479866 1.397907 -1e-06 0.0 -0.0 3.273808 0.305947 -0.580112 21.486832 11.830383 2.266134 8.16293 4e-06 -2e-06 18.399094 -3.798981 -4.940577 3e-06 0.0 -1e-06 -9.461581 15.122334 -88.133652 1.036161 0.497896 150.358231 3.256841 3.642228 -31.903461 1.886331 -2.003368 -11.569358 0.0 0.0 3e-06 -15.752901 -20.934671 -78.650627 -0.063344 -0.015604 153.017731 -16.850851 19.288502 -35.38903 -1.270968 0.547552 -9.040545 -0.0 0.0 -2e-06 
0.0 0.0 0.0 0.0 -0.0 0.0 2.460376 40.484863 0.630904 3.228388 1.628078 2.608217 -0.879415 -0.826699 21.053534 -0.646979 0.415397 3.761114 -0.560079 -0.755109 25.374308 7.490459 -0.241253 12.896585 -0.488734 -1.199065 -3.352156 1.244356 -1.45107 -1.098236 7.7e-05 -2.3e-05 6e-06 -0.122342 0.048174 -0.077308 0.647256 -3.716181 -10.723606 -0.879866 3.79316 -10.664524 -4.622712 -16.856489 12.828688 -26.257475 -20.841261 -11.578612 176.807678 -76.388512 -177.177887 10.373016 8.898767 -10.227995 -5.882108 9.86129 0.702593 -10.936877 -0.360575 7.156211 1e-06 8.77483 0.0 -15.09332 18.729399 6.849764 -1.844033 2.498507 -2.507279 -10.163604 4.678946 4.62111 -20.976036 -1e-06 0.0 -21.226299 2.451696 -3.594003 0.0 -7e-06 0.0 -1.36268 2.2408 -0.746323 -21.334923 0.58491 3.008326 -13.821218 -2e-06 2e-06 -23.887178 -0.249079 -0.839483 -60.911224 2.678456 -1.009447 -0.294024 1.679688 0.833256 -14.218216 0.093216 1.300581 -34.212067 -0.287564 0.96717 -20.033222 0.964536 1.212844 -0.0 -1e-06 0.0 -3.440389 0.788234 0.501656 -15.928194 -3.16731 2.999709 -6.338829 -1e-06 1e-06 -18.123457 3.648185 -4.905674 -4e-06 -0.0 -2e-06 -2.827539 30.594744 7.540451 -3.445447 38.059811 -54.898232 -178.912018 53.667076 -178.826309 -28.416077 -3.907018 10.277863 2.243543 -5.255043 -3.180161 14.2829 -0.826592 6.952507 -3e-06 -12.69061 -2e-06 15.681542 -17.823948 2.84796 1.665667 -1.955922 -2.878301 4.727801 -4.170588 4.993925 11.020535 2e-06 -2e-06 12.109059 -3.735718 -2.866787 1e-06 0.0 -0.0 1.291987 -1.928553 -1.498091 14.80014 0.56747 3.865611 14.242582 -1.341737 -6.660664 19.631983 0.143927 -0.648246 49.877262 -1.212546 -6.27836 0.353029 -1.511151 -0.03194 20.222807 3.684315 2.316633 18.787289 7e-06 -1e-06 10.751636 -0.479867 1.397907 -0.0 1e-06 -1e-06 3.273809 0.305947 -0.580111 21.486834 11.830384 2.266137 8.162931 3e-06 1e-06 18.399097 -3.798985 -4.940579 3e-06 0.0 -1e-06 -9.403214 15.092229 -88.095123 1.053772 0.50042 150.352539 3.078825 3.711808 -32.03838 1.885682 -1.995809 -11.36816 -0.0 0.0 3e-06 -15.670187 -20.667477 -78.778862 -0.036559 -0.004278 153.029373 -16.971895 19.31196 -35.775822 -1.271633 0.551726 -9.162271 0.0 -0.0 -3e-06 
0.0 0.0 0.0 0.0 -0.0 0.0 2.380866 40.457344 0.643811 3.35924 1.57532 2.636845 -0.800737 -0.873721 21.024973 -0.596618 0.442715 3.765381 -0.365246 -0.697094 25.414991 7.711137 -0.463652 13.1061 -0.486566 -1.104518 -3.354169 1.241454 -1.420636 -1.017016 7.7e-05 -2.2e-05 6e-06 -0.098849 0.04122 -0.074044 0.67575 -3.724714 -10.730668 -0.860462 3.785854 -10.6711 -5.039604 -16.663406 12.947587 -26.241192 -20.473938 -12.172997 176.438293 -76.090065 -176.738968 10.87948 9.118334 -9.669188 -5.882107 9.861288 0.702589 -10.936875 -0.360574 7.156208 1e-06 8.774828 -0.0 -14.991632 18.784887 6.919218 -1.844033 2.498507 -2.507279 -10.163603 4.678946 4.62111 -20.97603 -4e-06 0.0 -21.226292 2.451696 -3.594002 -0.0 -7e-06 -1e-06 -1.362681 2.240799 -0.746325 -21.334921 0.584907 3.008324 -13.821218 -3e-06 3e-06 -23.887175 -0.249079 -0.839482 -60.96743 2.707225 -1.006294 -0.294025 1.679688 0.833256 -14.218212 0.093214 1.300581 -34.212051 -0.287565 0.967169 -20.033218 0.964537 1.212844 -0.0 -1e-06 0.0 -3.440389 0.788233 0.501656 -15.928189 -3.167308 2.999709 -6.33883 -2e-06 1e-06 -18.123453 3.648181 -4.905674 -4e-06 1e-06 -3e-06 -2.976569 30.973017 7.414351 -3.351799 38.348927 -55.117706 -178.765427 54.471428 -178.757614 -28.731689 -3.784621 10.887256 2.24354 -5.255037 -3.180158 14.282887 -0.826595 6.952503 -2e-06 -12.690605 -1e-06 15.690912 -17.809412 2.846761 1.665666 -1.955922 -2.878299 4.727798 -4.170588 4.993924 11.020524 3e-06 -2e-06 12.10905 -3.735718 -2.866785 1e-06 0.0 1e-06 1.291986 -1.92855 -1.498089 14.800125 0.567468 3.865608 14.242568 -1.341738 -6.660658 19.631962 0.143926 -0.648246 49.883331 -1.200609 -6.255537 0.353029 -1.511151 -0.03194 20.22279 3.684311 2.316631 18.78727 5e-06 -1e-06 10.751625 -0.479869 1.397907 -1e-06 0.0 -1e-06 3.273806 0.305947 -0.580111 21.486809 11.830378 2.266134 8.162925 2e-06 -0.0 18.399086 -3.798986 -4.940577 3e-06 -0.0 -1e-06 -9.315637 15.055734 -88.069107 1.05178 0.504113 150.340881 2.90204 3.703154 -32.186283 1.884453 -1.988117 -11.29145 -0.0 0.0 3e-06 -15.5872 -20.475206 -78.840599 -0.033085 0.001839 153.057144 -17.102972 19.317978 -36.176849 -1.270023 0.548507 -9.327327 -0.0 0.0 -3e-06 
0.0 0.0 0.0 0.0 -0.0 0.0 2.283488 40.431206 0.667034 3.485204 1.545028 2.693606 -0.742969 -0.913251 20.999151 -0.558527 0.454067 3.772007 -0.18371 -0.64726 25.418072 7.980304 -0.709363 13.315082 -0.456677 -1.02544 -3.3548 1.19158 -1.378548 -0.937688 7.6e-05 -2.3e-05 5e-06 -0.068505 0.029201 -0.069075 0.714033 -3.74276 -10.749682 -0.837477 3.7782 -10.69098 -5.372503 -16.506887 13.063813 -26.29443 -20.278557 -12.541893 176.270264 -75.944771 -176.477692 11.216599 9.259755 -9.291039 -5.882107 9.861287 0.702591 -10.936875 -0.360574 7.156208 0.0 8.774827 0.0 -14.954285 18.83964 6.951611 -1.844032 2.498505 -2.507277 -10.163604 4.678948 4.621109 -20.97603 -3e-06 -1e-06 -21.226295 2.451698 -3.594003 -0.0 -7e-06 -1e-06 -1.362682 2.240798 -0.746323 -21.334917 0.584912 3.008322 -13.821214 -3e-06 0.0 -23.887171 -0.249077 -0.839486 -61.05685 2.717043 -0.997403 -0.294023 1.679688 0.833256 -14.218211 0.093215 1.300579 -34.212055 -0.287564 0.967167 -20.033216 0.964536 1.212842 0.0 -1e-06 0.0 -3.440389 0.788233 0.501654 -15.928192 -3.167309 2.999705 -6.338824 -1e-06 -0.0 -18.123453 3.648184 -4.905673 -5e-06 -0.0 -2e-06 -3.079829 31.232624 7.361548 -3.274205 38.739826 -55.22192 -178.696625 55.021587 -178.75148 -29.015902 -3.445297 11.412815 2.243542 -5.255041 -3.180159 14.282896 -0.826594 6.952504 -3e-06 -12.69061 -1e-06 15.691401 -17.802418 2.847995 1.665666 -1.955922 -2.878299 4.7278 -4.170589 4.993924 11.020533 3e-06 -1e-06 12.109058 -3.735717 -2.866785 2e-06 1e-06 0.0 1.291986 -1.92855 -1.49809 14.800132 0.567469 3.865608 14.242577 -1.341739 -6.66066 19.631973 0.143925 -0.648244 49.889744 -1.160756 -6.264738 0.353029 -1.51115 -0.03194 20.222801 3.684313 2.316632 18.787283 6e-06 -0.0 10.751634 -0.479869 1.397906 -1e-06 1e-06 -1e-06 3.273808 0.305947 -0.58011 21.48682 11.830381 2.266133 8.162928 2e-06 -2e-06 18.39909 -3.798985 -4.940578 4e-06 0.0 -1e-06 -9.164448 15.028331 -88.064606 1.056253 0.512282 150.336502 2.739835 3.635672 -32.309113 1.88115 -1.983713 -11.251098 0.0 0.0 3e-06 -15.516007 -20.33029 -78.880569 -0.053483 0.004817 153.112915 -17.239519 19.210897 -36.504921 -1.26704 0.541689 -9.470802 -0.0 0.0 -3e-06 
0.0 0.0 0.0 0.0 -0.0 0.0 2.169631 40.421505 0.69949 3.586666 1.554793 2.779947 -0.694394 -0.949845 20.975246 -0.530882 0.46072 3.776563 -0.014174 -0.62346 25.398449 8.255956 -0.95184 13.502839 -0.404677 -0.97935 -3.358222 1.081588 -1.34027 -0.89958 7.8e-05 -2.2e-05 5e-06 -0.042466 0.017872 -0.062952 0.743097 -3.760145 -10.763484 -0.814344 3.771984 -10.708714 -5.635057 -16.36536 13.170955 -26.440498 -20.219917 -12.790915 176.508972 -75.878304 -176.644547 11.56146 9.324612 -9.06885 -5.88211 9.861288 0.70259 -10.936875 -0.360575 7.156209 1e-06 8.774827 1e-06 -14.959249 18.85721 6.961112 -1.844034 2.498506 -2.507278 -10.163603 4.678947 4.621112 -20.976034 -2e-06 3e-06 -21.226295 2.451699 -3.594002 0.0 -7e-06 -1e-06 -1.362681 2.240798 -0.746325 -21.334929 0.58491 3.008328 -13.821223 -2e-06 3e-06 -23.887184 -0.249078 -0.839483 -61.126396 2.704052 -0.965129 -0.294024 1.679687 0.833256 -14.218219 0.093215 1.300582 -34.21207 -0.287561 0.967173 -20.033226 0.964537 1.212844 0.0 -1e-06 0.0 -3.440389 0.788234 0.501657 -15.928198 -3.167309 2.99971 -6.33883 -1e-06 2e-06 -18.123455 3.648184 -4.905672 -4e-06 0.0 -2e-06 -3.087876 31.363111 7.418466 -3.10955 39.182327 -55.123768 -178.702988 55.310318 -178.769089 -29.248383 -2.93569 12.014522 2.243542 -5.255037 -3.180158 14.282887 -0.826592 6.952502 -2e-06 -12.690607 -2e-06 15.701705 -17.792562 2.844185 1.665666 -1.955923 -2.878298 4.727798 -4.170588 4.993923 11.020526 3e-06 -2e-06 12.10905 -3.735716 -2.866786 1e-06 1e-06 1e-06 1.291986 -1.92855 -1.498089 14.800127 0.56747 3.865607 14.242569 -1.341738 -6.660659 19.631969 0.143927 -0.648243 49.913109 -1.104125 -6.295631 0.353029 -1.51115 -0.03194 20.222788 3.684313 2.316631 18.78727 6e-06 -1e-06 10.751629 -0.479867 1.397906 -1e-06 0.0 -0.0 3.273807 0.305948 -0.58011 21.486809 11.830379 2.266135 8.162926 2e-06 -1e-06 18.399078 -3.798984 -4.940576 2e-06 -0.0 -1e-06 -8.928633 14.986468 -88.086632 1.071123 0.515113 150.328659 2.637892 3.511518 -32.356564 1.873735 -1.981942 -11.23877 -0.0 0.0 3e-06 -15.384394 -20.21682 -78.889793 -0.083691 0.004669 153.163437 -17.392982 18.919338 -36.802914 -1.270989 0.544679 -9.546271 -0.0 0.0 -2e-06 
0.0 0.0 0.0 0.0 -0.0 0.0 2.049408 40.443283 0.740021 3.645589 1.585285 2.872498 -0.645772 -0.996493 20.949093 -0.508285 0.463268 3.772522 0.128506 -0.613771 25.406191 8.476369 -1.146117 13.624684 -0.356579 -0.971155 -3.35596 0.981033 -1.313291 -0.897365 7.7e-05 -2.2e-05 5e-06 -0.033596 0.014982 -0.060609 0.749506 -3.765337 -10.766805 -0.803308 3.77123 -10.717302 -5.869192 -16.226748 13.275899 -26.604874 -20.248232 -13.042852 177.180695 -75.828102 -177.278107 11.92627 9.31358 -8.901382 -5.88211 9.86129 0.702589 -10.936878 -0.360574 7.156212 1e-06 8.77483 -2e-06 -14.952453 18.853718 6.968878 -1.844033 2.498507 -2.507279 -10.16361 4.678948 4.62111 -20.97604 -3e-06 2e-06 -21.226301 2.451698 -3.594003 0.0 -7e-06 -1e-06 -1.362682 2.2408 -0.746324 -21.334929 0.58491 3.008326 -13.821223 -3e-06 2e-06 -23.887184 -0.249077 -0.839483 -61.158791 2.701263 -0.922793 -0.294025 1.679688 0.833256 -14.21822 0.093214 1.300582 -34.212074 -0.287564 0.967172 -20.03323 0.964537 1.212845 0.0 -2e-06 0.0 -3.440392 0.788234 0.501657 -15.928196 -3.167313 2.999708 -6.33883 -0.0 1e-06 -18.123457 3.648185 -4.905673 -3e-06 1e-06 -2e-06 -2.971109 31.435793 7.584307 -2.820662 39.603958 -54.85947 -178.832993 55.368526 -178.840134 -29.472383 -2.382027 12.660454 2.243541 -5.255037 -3.180158 14.282894 -0.826595 6.952507 -1e-06 -12.690608 -1e-06 15.733402 -17.785868 2.832368 1.665666 -1.955921 -2.878299 4.727802 -4.170588 4.993925 11.020529 3e-06 2e-06 12.109053 -3.735717 -2.866782 1e-06 1e-06 1e-06 1.291986 -1.928548 -1.498089 14.800132 0.567468 3.865611 14.242576 -1.341738 -6.660655 19.631971 0.143924 -0.64824 49.967682 -1.06419 -6.327418 0.353028 -1.511151 -0.03194 20.222797 3.684309 2.316635 18.787275 3e-06 1e-06 10.751631 -0.47987 1.397908 -1e-06 -0.0 -0.0 3.273809 0.305947 -0.58011 21.48682 11.830379 2.266138 8.16293 2e-06 0.0 18.399088 -3.798987 -4.940573 3e-06 0.0 -1e-06 -8.605924 14.921534 -88.072578 1.089768 0.508672 150.27977 2.569125 3.334337 -32.44109 1.867359 -1.986975 -11.226274 -0.0 0.0 3e-06 -15.14762 -20.120516 -78.858551 -0.106896 6.2e-05 153.182068 -17.56883 18.55809 -37.022572 -1.278647 0.552825 -9.643898 -0.0 0.0 -2e-06 
0.0 0.0 0.0 0.0 -0.0 0.0 1.933878 40.489197 0.790343 3.668937 1.62688 2.963031 -0.593826 -1.034698 20.912163 -0.490808 0.458129 3.767518 0.247465 -0.612151 25.457657 8.63705 -1.289074 13.713605 -0.311808 -0.972819 -3.346769 0.894535 -1.319256 -0.882944 7.8e-05 -2.2e-05 5e-06 -0.038674 0.019189 -0.064851 0.739726 -3.759995 -10.76598 -0.803964 3.774725 -10.721985 -6.053363 -16.08816 13.361795 -26.796741 -20.336685 -13.267087 177.919327 -75.721069 -177.998703 12.294894 9.261096 -8.689013 -5.882105 9.861284 0.702591 -10.936873 -0.360574 7.156206 4e-06 8.774822 -1e-06 -14.933782 18.821346 6.949214 -1.844033 2.498503 -2.507277 -10.163597 4.678943 4.621109 -20.976023 -3e-06 3e-06 -21.226286 2.451696 -3.593996 1e-06 -6e-06 0.0 -1.362681 2.240797 -0.746322 -21.334915 0.58491 3.008325 -13.821213 -4e-06 3e-06 -23.887173 -0.24908 -0.839481 -61.117764 2.712599 -0.899994 -0.294024 1.679687 0.833256 -14.218208 0.093214 1.300581 -34.212051 -0.287566 0.967174 -20.033215 0.964538 1.212845 1e-06 -2e-06 1e-06 -3.440388 0.788232 0.501656 -15.928185 -3.16731 2.999708 -6.338825 -2e-06 2e-06 -18.123444 3.648183 -4.905667 -3e-06 1e-06 -2e-06 -2.703692 31.457451 7.845845 -2.409135 39.94418 -54.391167 -179.005554 55.241264 -178.913116 -29.663973 -1.80876 13.224279 2.24354 -5.255037 -3.180158 14.282892 -0.826594 6.952504 -1e-06 -12.690603 0.0 15.741908 -17.770248 2.842786 1.665665 -1.955921 -2.878299 4.727798 -4.170587 4.993925 11.020527 4e-06 -1e-06 12.109053 -3.735714 -2.866783 2e-06 1e-06 1e-06 1.291986 -1.928549 -1.498089 14.800127 0.567469 3.865608 14.24257 -1.341735 -6.660656 19.631968 0.143925 -0.648244 50.009014 -1.035348 -6.334648 0.353029 -1.51115 -0.03194 20.222795 3.684309 2.316632 18.78727 4e-06 -0.0 10.751629 -0.47987 1.397907 -1e-06 -0.0 -0.0 3.273807 0.305945 -0.580111 21.486813 11.830374 2.266132 8.162925 2e-06 -0.0 18.399082 -3.798985 -4.940573 4e-06 -0.0 -1e-06 -8.272257 14.844012 -87.999977 1.092232 0.495714 150.174957 2.541885 3.160211 -32.688503 1.862341 -1.995085 -11.156633 -0.0 0.0 3e-06 -14.831623 -20.026386 -78.770638 -0.118914 -0.007172 153.141556 -17.751678 18.215998 -37.333813 -1.286607 0.560532 -9.746244 -0.0 0.0 -2e-06 
0.0 0.0 0.0 0.0 -0.0 0.0 1.824752 40.516396 0.834804 3.662134 1.66678 3.027831 -0.55089 -1.061258 20.88538 -0.471365 0.446622 3.761829 0.335681 -0.602536 25.536003 8.76494 -1.380373 13.853099 -0.293493 -0.996246 -3.339057 0.810793 -1.346799 -0.856904 7.7e-05 -2.2e-05 4e-06 -0.049224 0.024388 -0.074773 0.720901 -3.749729 -10.764926 -0.806262 3.775641 -10.725397 -6.130451 -15.943678 13.444517 -27.073418 -20.482307 -13.41355 178.497375 -75.555878 -178.562866 12.693257 9.164559 -8.406486 -5.88211 9.861293 0.70259 -10.936875 -0.360574 7.15621 -1e-06 8.774831 -1e-06 -14.933056 18.749308 6.888469 -1.844033 2.498507 -2.50728 -10.163604 4.678949 4.621111 -20.976036 -0.0 -1e-06 -21.226297 2.4517 -3.594005 1e-06 -7e-06 -1e-06 -1.362683 2.240799 -0.746324 -21.334925 0.584912 3.008325 -13.821221 -0.0 0.0 -23.887184 -0.249076 -0.839487 -61.030472 2.714282 -0.925661 -0.294025 1.679689 0.833257 -14.218217 0.093218 1.30058 -34.212067 -0.287561 0.967167 -20.033222 0.964538 1.212841 1e-06 -1e-06 1e-06 -3.440391 0.788234 0.501656 -15.928194 -3.167308 2.999708 -6.338829 -1e-06 -0.0 -18.123457 3.648185 -4.905677 -4e-06 1e-06 -2e-06 -2.336185 31.426489 8.159755 -1.82162 40.169273 -53.689587 -179.24173 55.003819 -179.051117 -29.802814 -1.212837 13.625356 2.243543 -5.255041 -3.18016 14.282903 -0.826591 6.952506 -4e-06 -12.690614 -3e-06 15.697626 -17.777811 2.897116 1.665668 -1.955923 -2.878301 4.727803 -4.170589 4.993926 11.020535 5e-06 -2e-06 12.109059 -3.735714 -2.866787 -0.0 1e-06 1e-06 1.291986 -1.928552 -1.498091 14.800142 0.567471 3.865608 14.242582 -1.341735 -6.660663 19.631985 0.143929 -0.648245 50.062683 -1.004977 -6.310865 0.353029 -1.511151 -0.03194 20.222803 3.684315 2.316631 18.787287 9e-06 -2e-06 10.751634 -0.479867 1.397907 -1e-06 -0.0 -0.0 3.27381 0.305948 -0.580111 21.48683 11.830387 2.266136 8.162935 3e-06 -1e-06 18.399099 -3.798982 -4.940578 4e-06 -0.0 -1e-06 -7.941039 14.790408 -87.909607 1.078902 0.491537 150.061874 2.554223 3.052946 -33.113369 1.859584 -2.005445 -11.015071 -0.0 0.0 4e-06 -14.483797 -19.903215 -78.674858 -0.124846 -0.011433 153.105591 -17.921791 17.928562 -37.685406 -1.291152 0.565901 -9.83919 -0.0 0.0 -2e-06 
0.0 0.0 0.0 0.0 -0.0 0.0 1.709979 40.509922 0.867875 3.644955 1.697403 3.049217 -0.523361 -1.07222 20.876205 -0.455737 0.419757 3.76489 0.388162 -0.589815 25.637598 8.858901 -1.418746 14.060059 -0.317801 -1.032774 -3.336531 0.700105 -1.38762 -0.805903 7.8e-05 -2.2e-05 5e-06 -0.065604 0.03171 -0.084264 0.693612 -3.73654 -10.761168 -0.811908 3.778085 -10.728127 -6.143211 -15.80399 13.512158 -27.374275 -20.594269 -13.540777 178.883102 -75.270424 -178.931137 13.118367 9.060658 -8.083021 -5.882109 9.861288 0.702592 -10.936873 -0.360575 7.156205 0.0 8.774822 -1e-06 -14.924251 18.649973 6.826709 -1.844033 2.498505 -2.507277 -10.163603 4.678946 4.62111 -20.976027 -0.0 1e-06 -21.226292 2.451699 -3.594001 -0.0 -7e-06 -1e-06 -1.362682 2.240798 -0.746322 -21.334921 0.58491 3.008324 -13.821218 -0.0 2e-06 -23.887177 -0.249076 -0.839484 -60.904873 2.702677 -0.961124 -0.294025 1.679688 0.833256 -14.218214 0.093216 1.300581 -34.212059 -0.287561 0.967168 -20.033218 0.964537 1.212842 0.0 -2e-06 0.0 -3.44039 0.788234 0.501658 -15.928192 -3.167308 2.999709 -6.338826 -0.0 0.0 -18.123455 3.648185 -4.905674 -3e-06 1e-06 -2e-06 -1.93678 31.357153 8.455018 -1.121639 40.245922 -52.866627 -179.512604 54.786846 -179.24144 -29.912411 -0.743752 13.879893 2.243543 -5.255038 -3.180159 14.282895 -0.826596 6.952506 -0.0 -12.690609 -1e-06 15.621708 -17.807039 2.970481 1.665667 -1.955922 -2.8783 4.7278 -4.170589 4.993925 11.02053 3e-06 0.0 12.109056 -3.735717 -2.866785 -1e-06 1e-06 1e-06 1.291986 -1.92855 -1.49809 14.800138 0.56747 3.865611 14.242579 -1.341738 -6.660659 19.631975 0.143924 -0.648244 50.108536 -0.992702 -6.291215 0.353028 -1.511151 -0.03194 20.222801 3.684309 2.316632 18.787283 5e-06 1e-06 10.751634 -0.479869 1.397907 -1e-06 0.0 -0.0 3.273808 0.305946 -0.580111 21.48682 11.830379 2.266136 8.162933 1e-06 -0.0 18.399092 -3.798986 -4.940577 3e-06 -0.0 -1e-06 -7.580595 14.777782 -87.837723 1.06749 0.490389 150.016144 2.538111 2.955425 -33.430462 1.861698 -2.018989 -10.868181 -0.0 -0.0 3e-06 -14.135 -19.733913 -78.580971 -0.130952 -0.013517 153.124832 -18.067831 17.642189 -37.96096 -1.289508 0.566613 -9.890984 -0.0 0.0 -3e-06 
0.0 0.0 0.0 0.0 -0.0 0.0 1.576751 40.4743 0.892547 3.632295 1.727173 3.024752 -0.511805 -1.078153 20.86869 -0.449601 0.381988 3.778647 0.415022 -0.579267 25.750965 8.916242 -1.443493 14.354918 -0.392588 -1.05076 -3.346171 0.57319 -1.433395 -0.72683 7.8e-05 -2.2e-05 5e-06 -0.08128 0.038098 -0.089383 0.669763 -3.728466 -10.758491 -0.819498 3.783357 -10.734901 -6.141732 -15.688418 13.580505 -27.596607 -20.613693 -13.653647 178.977539 -74.876556 -179.004013 13.498609 8.995588 -7.83906 -5.882111 9.861289 0.702589 -10.936878 -0.360575 7.156212 0.0 8.77483 -1e-06 -14.899098 18.553528 6.798866 -1.844034 2.498507 -2.507279 -10.163607 4.678948 4.621112 -20.976038 -2e-06 -1e-06 -21.226301 2.451697 -3.594005 -0.0 -7e-06 -1e-06 -1.362682 2.240798 -0.746325 -21.334929 0.584911 3.008327 -13.821223 -2e-06 2e-06 -23.887186 -0.249077 -0.839485 -60.79763 2.673406 -0.97207 -0.294025 1.679687 0.833256 -14.21822 0.093215 1.300582 -34.212074 -0.287561 0.967168 -20.033226 0.964537 1.212843 1e-06 -1e-06 1e-06 -3.44039 0.788234 0.501655 -15.928198 -3.16731 2.99971 -6.33883 -2e-06 0.0 -18.123459 3.648185 -4.905674 -4e-06 2e-06 -2e-06 -1.548472 31.256052 8.682439 -0.35771 40.166271 -51.958416 -179.785049 54.734604 -179.492447 -30.04384 -0.510468 13.952387 2.243542 -5.255037 -3.180158 14.282887 -0.826593 6.952501 -3e-06 -12.690603 0.0 15.568666 -17.847826 3.020814 1.665666 -1.95592 -2.878299 4.727797 -4.170587 4.993922 11.020522 4e-06 -2e-06 12.109052 -3.735715 -2.866785 0.0 1e-06 1e-06 1.291985 -1.928549 -1.498089 14.800125 0.567469 3.865605 14.242574 -1.341736 -6.660659 19.631968 0.143927 -0.648245 50.102505 -0.994273 -6.305419 0.353029 -1.511151 -0.03194 20.222786 3.68431 2.316628 18.78727 6e-06 -3e-06 10.751627 -0.479868 1.397904 -1e-06 -0.0 -1e-06 3.273806 0.30595 -0.580111 21.486813 11.830376 2.266132 8.162926 2e-06 -2e-06 18.39908 -3.798984 -4.940576 3e-06 -0.0 -1e-06 -7.176905 14.816829 -87.792122 1.05982 0.487031 150.06012 2.489914 2.791592 -33.492577 1.86383 -2.027978 -10.766303 -0.0 0.0 4e-06 -13.765359 -19.541029 -78.473679 -0.134523 -0.011412 153.210251 -18.170191 17.257513 -38.116047 -1.284311 0.564413 -9.832959 -0.0 0.0 -2e-06 
0.0 0.0 0.0 0.0 -0.0 0.0 1.444785 40.402458 0.92808 3.626621 1.773743 2.955624 -0.50125 -1.07892 20.87204 -0.467147 0.343096 3.791708 0.43715 -0.589805 25.873676 8.965513 -1.470167 14.742996 -0.509009 -1.059769 -3.363353 0.435705 -1.488945 -0.58221 7.7e-05 -2.2e-05 5e-06 -0.092479 0.041939 -0.089822 0.660097 -3.730764 -10.772387 -0.832287 3.793055 -10.758124 -6.159076 -15.593107 13.672092 -27.651035 -20.530392 -13.793581 178.882294 -74.459717 -178.909225 13.802211 8.985766 -7.692574 -5.882104 9.861283 0.70259 -10.936871 -0.360572 7.156204 -1e-06 8.774821 -2e-06 -14.866146 18.486944 6.808675 -1.844032 2.498503 -2.507277 -10.163597 4.678944 4.621107 -20.976017 -1e-06 2e-06 -21.22628 2.451698 -3.593999 0.0 -6e-06 -1e-06 -1.36268 2.240797 -0.746323 -21.334908 0.584911 3.008323 -13.821208 -1e-06 3e-06 -23.887161 -0.249077 -0.839482 -60.750546 2.638399 -0.933175 -0.294025 1.679687 0.833256 -14.218205 0.093216 1.30058 -34.21204 -0.287561 0.967171 -20.033209 0.964539 1.212842 0.0 -1e-06 0.0 -3.440388 0.788235 0.501657 -15.928183 -3.167307 2.999707 -6.338822 -0.0 1e-06 -18.123442 3.648182 -4.905667 -4e-06 2e-06 -2e-06 -1.225088 31.126394 8.861026 0.388108 39.902695 -51.109196 179.952118 54.927834 -179.78096 -30.167686 -0.566044 13.801216 2.243543 -5.255037 -3.180158 14.282896 -0.826593 6.952504 -2e-06 -12.690607 -1e-06 15.533524 -17.887238 3.027709 1.665667 -1.955923 -2.878299 4.727801 -4.170588 4.993924 11.020529 3e-06 -2e-06 12.109056 -3.735714 -2.866784 1e-06 1e-06 1e-06 1.291984 -1.928548 -1.498089 14.800136 0.56747 3.865608 14.242579 -1.341736 -6.660658 19.631973 0.143925 -0.648243 50.029926 -1.01688 -6.360085 0.353028 -1.51115 -0.03194 20.222801 3.684313 2.316632 18.787283 6e-06 -0.0 10.751632 -0.479867 1.397907 -1e-06 -0.0 -0.0 3.273808 0.305948 -0.58011 21.486824 11.830379 2.266135 8.16293 2e-06 -1e-06 18.399088 -3.798983 -4.940576 3e-06 -0.0 -3e-06 -6.772759 14.8853 -87.704826 1.051739 0.488575 150.173553 2.427993 2.597331 -33.511463 1.867667 -2.037293 -10.671501 0.0 0.0 4e-06 -13.505274 -19.358564 -78.254646 -0.145033 -0.019424 153.362228 -18.220137 16.899374 -38.250927 -1.273134 0.555941 -9.762657 -0.0 0.0 -2e-06 
0.0 0.0 0.0 0.0 -0.0 0.0 1.334102 40.297955 0.977394 3.628726 1.832998 2.847306 -0.50154 -1.076856 20.894423 -0.494973 0.304237 3.813727 0.458615 -0.627837 25.992363 9.008356 -1.531315 15.221684 -0.622335 -1.041565 -3.380559 0.2499 -1.523831 -0.392965 7.8e-05 -2.2e-05 6e-06 -0.097347 0.042941 -0.086352 0.663939 -3.738565 -10.794 -0.846166 3.80197 -10.787502 -6.219321 -15.515746 13.787796 -27.494402 -20.31473 -13.989948 178.605453 -74.082634 -178.617752 14.036814 9.01667 -7.745366 -5.882107 9.861288 0.702591 -10.936872 -0.360575 7.156208 1e-06 8.774828 -1e-06 -14.851567 18.463982 6.823293 -1.844033 2.498506 -2.507278 -10.163601 4.678945 4.621111 -20.97603 -5e-06 2e-06 -21.22629 2.451696 -3.594002 -0.0 -7e-06 -1e-06 -1.362682 2.2408 -0.746324 -21.334917 0.584907 3.008325 -13.821215 -4e-06 3e-06 -23.887175 -0.24908 -0.839481 -60.753578 2.600707 -0.867845 -0.294025 1.679689 0.833256 -14.218212 0.093215 1.300581 -34.212063 -0.287567 0.967172 -20.033218 0.964534 1.212845 1e-06 -2e-06 0.0 -3.440389 0.788233 0.501656 -15.928189 -3.167312 2.999709 -6.338828 -3e-06 0.0 -18.123453 3.648183 -4.90567 -3e-06 1e-06 -2e-06 -0.968734 30.972757 8.999615 1.042685 39.471561 -50.331547 179.712936 55.381927 179.942566 -30.257984 -0.785098 13.513041 2.243542 -5.25504 -3.18016 14.282896 -0.826594 6.952505 -1e-06 -12.690609 -0.0 15.497752 -17.940376 3.006828 1.665667 -1.955923 -2.8783 4.727801 -4.17059 4.993925 11.020531 3e-06 -2e-06 12.109059 -3.735717 -2.866786 2e-06 1e-06 1e-06 1.291986 -1.92855 -1.49809 14.800136 0.567469 3.865609 14.242578 -1.341735 -6.660661 19.631973 0.143926 -0.648247 49.930256 -1.052804 -6.435724 0.35303 -1.511153 -0.03194 20.222801 3.684309 2.316629 18.787283 6e-06 -3e-06 10.751633 -0.479868 1.397906 -0.0 -0.0 0.0 3.273808 0.305948 -0.580111 21.486824 11.83038 2.266133 8.162931 1e-06 -1e-06 18.399092 -3.798985 -4.940578 2e-06 -0.0 -2e-06 -6.420088 14.975359 -87.564125 1.04382 0.495739 150.349533 2.376551 2.414265 -33.519524 1.87231 -2.046636 -10.635264 -0.0 0.0 3e-06 -13.397864 -19.207584 -77.923874 -0.15483 -0.036326 153.572922 -18.171848 16.612949 -38.345299 -1.260043 0.54421 -9.736626 -0.0 0.0 -2e-06 
0.0 0.0 0.0 0.0 -0.0 0.0 1.25159 40.175999 1.032457 3.618114 1.912627 2.718439 -0.506387 -1.085393 20.919018 -0.518207 0.268122 3.841298 0.489479 -0.692859 26.137405 9.054688 -1.615457 15.728129 -0.69378 -1.016657 -3.384097 0.024033 -1.527746 -0.202071 7.8e-05 -2.3e-05 5e-06 -0.098467 0.042522 -0.082526 0.66859 -3.740902 -10.802198 -0.853617 3.802976 -10.802722 -6.354378 -15.449679 13.924308 -27.113747 -19.971136 -14.319697 178.362396 -73.776108 -178.359161 14.212455 9.066555 -7.975399 -5.882113 9.861293 0.70259 -10.936879 -0.360572 7.156212 -4e-06 8.77483 -2e-06 -14.850509 18.475748 6.8311 -1.844034 2.498508 -2.507281 -10.16361 4.678951 4.621112 -20.976044 1e-06 -1e-06 -21.226309 2.451702 -3.594007 1e-06 -6e-06 -1e-06 -1.362684 2.2408 -0.746324 -21.334934 0.584916 3.008326 -13.821227 1e-06 1e-06 -23.887192 -0.249074 -0.839488 -60.764137 2.589992 -0.822706 -0.294024 1.679688 0.833256 -14.218221 0.093219 1.300582 -34.212082 -0.287557 0.967167 -20.033232 0.96454 1.21284 0.0 -1e-06 0.0 -3.440392 0.788236 0.501655 -15.928201 -3.167308 2.99971 -6.338831 -0.0 -0.0 -18.123463 3.648186 -4.905678 -4e-06 1e-06 -2e-06 -0.764954 30.798843 9.082766 1.492949 38.905376 -49.657711 179.493515 56.046925 179.686508 -30.318062 -1.025756 13.219204 2.243544 -5.25504 -3.180161 14.282901 -0.826595 6.952507 -2e-06 -12.690612 -2e-06 15.4806 -17.989256 2.974099 1.665667 -1.955924 -2.878301 4.727802 -4.170592 4.993926 11.020535 4e-06 -2e-06 12.109062 -3.73572 -2.866789 1e-06 1e-06 1e-06 1.291987 -1.928552 -1.498091 14.800139 0.56747 3.865609 14.242585 -1.341737 -6.660666 19.631985 0.143927 -0.648246 49.852303 -1.080756 -6.498271 0.353029 -1.511151 -0.03194 20.222805 3.684315 2.316631 18.787289 7e-06 -1e-06 10.751637 -0.479867 1.397907 1e-06 -0.0 -0.0 3.273809 0.305948 -0.580112 21.486832 11.830385 2.266137 8.162931 3e-06 -1e-06 18.399099 -3.798988 -4.940581 3e-06 -0.0 -2e-06 -6.11205 15.057486 -87.391403 1.04472 0.495916 150.545334 2.323724 2.269734 -33.599804 1.872341 -2.048245 -10.635514 -0.0 0.0 3e-06 -13.384668 -19.10133 -77.524292 -0.162515 -0.045919 153.804077 -18.116756 16.36223 -38.451149 -1.249025 0.533621 -9.760825 -0.0 0.0 -3e-06 
0.0 0.0 0.0 0.0 -0.0 0.0 1.184717 40.076244 1.082493 3.616142 2.009933 2.585408 -0.507975 -1.099111 20.943335 -0.539063 0.233239 3.863085 0.525505 -0.787699 26.313082 9.112783 -1.701883 16.242142 -0.723465 -0.993974 -3.374817 -0.249736 -1.522266 -0.020979 7.6e-05 -2.3e-05 5e-06 -0.096408 0.041259 -0.081474 0.667518 -3.739232 -10.798014 -0.848973 3.798856 -10.803539 -6.543127 -15.368423 14.091868 -26.594538 -19.52972 -14.805283 178.182785 -73.508629 -178.181229 14.411609 9.108562 -8.29855 -5.882106 9.861287 0.702589 -10.936872 -0.360574 7.156204 -2e-06 8.774822 -3e-06 -14.859588 18.508106 6.829658 -1.844034 2.498506 -2.507277 -10.163599 4.678944 4.621106 -20.976023 0.0 -0.0 -21.226286 2.451697 -3.594005 1e-06 -6e-06 -1e-06 -1.362681 2.240799 -0.746323 -21.334913 0.584912 3.008322 -13.821213 -2e-06 1e-06 -23.887171 -0.249077 -0.839487 -60.766766 2.606993 -0.803277 -0.294024 1.679687 0.833255 -14.218206 0.093217 1.300579 -34.212048 -0.287562 0.967166 -20.033211 0.964534 1.21284 0.0 -2e-06 1e-06 -3.440388 0.788235 0.501656 -15.928185 -3.167308 2.999706 -6.338824 -1e-06 0.0 -18.123444 3.648184 -4.905673 -4e-06 1e-06 -2e-06 -0.606766 30.611614 9.159801 1.672371 38.23003 -49.096199 179.334534 56.838779 179.461456 -30.38139 -1.200939 12.975716 2.24354 -5.255037 -3.180157 14.28289 -0.826592 6.952501 -4e-06 -12.690602 -2e-06 15.465564 -18.00695 2.958271 1.665665 -1.95592 -2.878299 4.727798 -4.170585 4.993923 11.020526 7e-06 -0.0 12.10905 -3.735713 -2.866784 1e-06 0.0 0.0 1.291984 -1.928549 -1.498089 14.800129 0.567472 3.865606 14.242568 -1.341734 -6.660655 19.631966 0.143929 -0.648243 49.805691 -1.087787 -6.534261 0.353027 -1.511151 -0.03194 20.222788 3.684312 2.31663 18.78727 8e-06 0.0 10.751627 -0.479866 1.397905 1e-06 -1e-06 -0.0 3.273806 0.305949 -0.580111 21.486814 11.830376 2.266135 8.162924 4e-06 0.0 18.399078 -3.798982 -4.940572 4e-06 -0.0 -2e-06 -5.857234 15.122939 -87.184341 1.050383 0.490847 150.678345 2.291299 2.151931 -33.790974 1.866715 -2.047347 -10.579895 0.0 0.0 3e-06 -13.377274 -19.004416 -77.112442 -0.156158 -0.049639 153.986435 -18.081665 16.121946 -38.612988 -1.24394 0.531692 -9.806388 -0.0 0.0 -3e-06 
0.0 0.0 0.0 0.0 -0.0 0.0 1.119157 39.985001 1.114176 3.641971 2.107441 2.443331 -0.511105 -1.123671 20.982609 -0.551806 0.199562 3.87179 0.562871 -0.882584 26.515102 9.185672 -1.78034 16.763853 -0.732279 -0.990483 -3.362776 -0.531803 -1.516628 0.136558 7.6e-05 -2.3e-05 5e-06 -0.089614 0.038988 -0.08534 0.664111 -3.736455 -10.786478 -0.83224 3.791712 -10.795121 -6.737845 -15.264193 14.262173 -26.029299 -19.05431 -15.373233 177.976334 -73.257095 -178.000244 14.606286 9.153485 -8.608192 -5.882108 9.861286 0.702589 -10.936875 -0.360575 7.156209 -0.0 8.774823 -2e-06 -14.884974 18.529057 6.806183 -1.844033 2.498505 -2.507279 -10.163603 4.678946 4.62111 -20.97603 -1e-06 4e-06 -21.226295 2.451697 -3.594002 1e-06 -7e-06 -2e-06 -1.362682 2.240798 -0.746324 -21.334921 0.584911 3.008325 -13.821218 -2e-06 2e-06 -23.887178 -0.249074 -0.839482 -60.743187 2.62531 -0.821137 -0.294025 1.679687 0.833256 -14.218212 0.093215 1.300581 -34.212059 -0.287559 0.967173 -20.033218 0.964538 1.212844 0.0 -2e-06 0.0 -3.440391 0.788234 0.501655 -15.928189 -3.167308 2.999709 -6.338826 0.0 1e-06 -18.123453 3.648184 -4.905671 -4e-06 2e-06 -2e-06 -0.521841 30.43989 9.221301 1.619988 37.496265 -48.59763 179.32547 57.626949 179.367584 -30.462036 -1.308479 12.723411 2.243541 -5.255037 -3.180159 14.282888 -0.826593 6.952501 -3e-06 -12.690605 -1e-06 15.4399 -17.996458 2.966904 1.665666 -1.95592 -2.878299 4.727798 -4.170587 4.993923 11.020524 5e-06 -1e-06 12.109052 -3.735713 -2.866784 1e-06 0.0 -0.0 1.291986 -1.928549 -1.498089 14.800125 0.567469 3.865606 14.242574 -1.341735 -6.660659 19.631968 0.143928 -0.648245 49.768681 -1.059881 -6.535284 0.353028 -1.511151 -0.03194 20.222794 3.684313 2.31663 18.78727 6e-06 0.0 10.751627 -0.479867 1.397907 -0.0 -0.0 -1e-06 3.273807 0.305944 -0.580111 21.486813 11.830379 2.266133 8.162928 2e-06 -0.0 18.399082 -3.798982 -4.940577 3e-06 -0.0 -1e-06 -5.641419 15.167923 -86.964081 1.057029 0.491316 150.739944 2.262328 1.995243 -34.153027 1.861725 -2.046141 -10.510986 0.0 -0.0 3e-06 -13.360709 -18.93453 -76.748825 -0.13948 -0.052084 154.141556 -18.093336 15.902366 -38.812904 -1.246851 0.54285 -9.844258 -0.0 0.0 -3e-06 
0.0 0.0 0.0 0.0 -0.0 0.0 1.052314 39.89526 1.115944 3.694236 2.187834 2.289637 -0.509051 -1.155931 21.028925 -0.557087 0.167917 3.880065 0.617482 -0.944647 26.73525 9.261425 -1.871989 17.282175 -0.735912 -1.008916 -3.351588 -0.788661 -1.526617 0.298185 7.7e-05 -2.3e-05 5e-06 -0.078672 0.035273 -0.090163 0.665736 -3.736562 -10.775746 -0.812111 3.784738 -10.785809 -6.940623 -15.145763 14.432574 -25.4259 -18.624958 -15.964166 177.730072 -73.023567 -177.771118 14.760113 9.241747 -8.784744 -5.88211 9.861292 0.702591 -10.936877 -0.360573 7.156211 -2e-06 8.77483 -1e-06 -14.905441 18.538387 6.786998 -1.844034 2.498507 -2.507281 -10.163609 4.678948 4.621111 -20.976038 1e-06 -0.0 -21.226301 2.451701 -3.594007 0.0 -7e-06 -1e-06 -1.362682 2.2408 -0.746324 -21.334929 0.584914 3.008324 -13.821223 -2e-06 0.0 -23.887184 -0.249077 -0.839487 -60.697147 2.640492 -0.829807 -0.294026 1.679689 0.833257 -14.218219 0.093217 1.30058 -34.21207 -0.28756 0.967166 -20.033226 0.96454 1.212841 -0.0 -2e-06 0.0 -3.44039 0.788234 0.501657 -15.928194 -3.16731 2.999709 -6.338831 -0.0 1e-06 -18.123459 3.648187 -4.905676 -4e-06 1e-06 -1e-06 -0.518516 30.307743 9.287146 1.389796 36.764572 -48.179737 179.480484 58.380802 179.434875 -30.637941 -1.323491 12.380675 2.243544 -5.255039 -3.180159 14.282896 -0.826596 6.952503 -2e-06 -12.690607 -1e-06 15.403736 -17.969837 2.984814 1.665667 -1.955922 -2.8783 4.727801 -4.170588 4.993925 11.020534 5e-06 -2e-06 12.109058 -3.735717 -2.866786 1e-06 0.0 1e-06 1.291986 -1.92855 -1.498091 14.800136 0.567468 3.865608 14.242581 -1.341736 -6.660661 19.631977 0.143925 -0.648246 49.750656 -1.025442 -6.541319 0.353029 -1.511152 -0.03194 20.222801 3.68431 2.316629 18.787283 6e-06 -1e-06 10.751634 -0.479868 1.397906 0.0 0.0 0.0 3.273808 0.305948 -0.580111 21.486824 11.830378 2.266133 8.162929 1e-06 -1e-06 18.399092 -3.798986 -4.940578 3e-06 -1e-06 -2e-06 -5.456461 15.216144 -86.7743 1.069963 0.495703 150.757233 2.220939 1.787615 -34.572891 1.85793 -2.043463 -10.461123 0.0 0.0 4e-06 -13.347795 -18.871014 -76.480003 -0.12554 -0.05751 154.278091 -18.118195 15.724071 -39.020321 -1.252143 0.557069 -9.893817 -0.0 0.0 -2e-06 
0.0 0.0 0.0 0.0 -0.0 0.0 0.988546 39.827358 1.098736 3.778045 2.250838 2.15364 -0.496854 -1.186428 21.063583 -0.555039 0.14527 3.888176 0.699697 -0.985667 26.9307 9.343317 -1.987679 17.756365 -0.757051 -1.058857 -3.344041 -1.00497 -1.547441 0.438179 7.6e-05 -2.2e-05 5e-06 -0.072925 0.032853 -0.093641 0.662693 -3.736659 -10.764464 -0.797338 3.780101 -10.775378 -7.118444 -15.028986 14.590219 -24.893967 -18.304911 -16.556747 177.597961 -72.792015 -177.678146 14.866595 9.366996 -8.753999 -5.88211 9.861288 0.70259 -10.936877 -0.360575 7.156209 -2e-06 8.774831 -2e-06 -14.918697 18.542511 6.7775 -1.844033 2.498504 -2.507278 -10.163604 4.678947 4.62111 -20.976034 -3e-06 -1e-06 -21.226297 2.451696 -3.594004 0.0 -6e-06 1e-06 -1.362683 2.2408 -0.746324 -21.334927 0.584912 3.008322 -13.821221 -2e-06 -0.0 -23.887184 -0.249078 -0.839487 -60.644417 2.645527 -0.821228 -0.294025 1.679687 0.833257 -14.218216 0.093216 1.30058 -34.212067 -0.287564 0.967166 -20.033226 0.964535 1.212842 -0.0 -2e-06 0.0 -3.440389 0.788234 0.501654 -15.928192 -3.167309 2.999707 -6.338829 -2e-06 -1e-06 -18.123457 3.648183 -4.905674 -4e-06 1e-06 -1e-06 -0.605644 30.202038 9.345111 1.041049 36.147434 -47.873421 179.763062 59.137226 179.632187 -30.937613 -1.255462 11.999037 2.243543 -5.255039 -3.180158 14.282896 -0.826597 6.952505 -0.0 -12.690605 -2e-06 15.369319 -17.930759 2.994181 1.665666 -1.955922 -2.878299 4.727799 -4.170587 4.993925 11.020528 2e-06 1e-06 12.109056 -3.735719 -2.866785 1e-06 0.0 1e-06 1.291985 -1.928551 -1.498089 14.800132 0.567468 3.86561 14.242575 -1.34174 -6.660659 19.631969 0.143923 -0.648247 49.756813 -1.012649 -6.539826 0.353029 -1.51115 -0.03194 20.222797 3.684309 2.316632 18.787279 2e-06 1e-06 10.751631 -0.479869 1.397906 1e-06 0.0 -1e-06 3.273808 0.305947 -0.58011 21.486818 11.830373 2.266137 8.16293 0.0 -0.0 18.39909 -3.798989 -4.940578 3e-06 -0.0 -2e-06 -5.345598 15.273656 -86.641769 1.083595 0.49784 150.748306 2.20614 1.560288 -34.861858 1.857922 -2.0414 -10.461088 0.0 -0.0 3e-06 -13.374036 -18.798292 -76.307968 -0.121158 -0.063188 154.395355 -18.118 15.512362 -39.123497 -1.251403 0.561924 -9.947278 -0.0 0.0 -2e-06 
0.0 0.0 0.0 0.0 -0.0 0.0 0.928835 39.795868 1.081732 3.898991 2.311891 2.049974 -0.473802 -1.208218 21.094 -0.533404 0.125445 3.890775 0.78949 -1.019565 27.05035 9.471828 -2.119256 18.171967 -0.802023 -1.12894 -3.340706 -1.179346 -1.586542 0.547798 7.7e-05 -2.2e-05 5e-06 -0.067831 0.029568 -0.096426 0.661772 -3.735598 -10.753378 -0.785856 3.772783 -10.766245 -7.245797 -14.926865 14.719069 -24.518574 -18.077366 -17.126358 177.701981 -72.523407 -177.828629 14.887054 9.528883 -8.654437 -5.88211 9.861288 0.702592 -10.936876 -0.360574 7.156211 -3e-06 8.774826 -1e-06 -14.923717 18.551815 6.783893 -1.844033 2.498505 -2.507279 -10.163605 4.678947 4.621112 -20.97603 -0.0 2e-06 -21.226292 2.4517 -3.594002 0.0 -5e-06 0.0 -1.362682 2.240799 -0.746325 -21.334921 0.584913 3.008325 -13.821218 -1e-06 1e-06 -23.887175 -0.249077 -0.839485 -60.594925 2.643572 -0.806238 -0.294026 1.679688 0.833255 -14.218214 0.093217 1.300582 -34.212063 -0.287559 0.967171 -20.033218 0.964541 1.212843 -0.0 -2e-06 0.0 -3.44039 0.788233 0.501657 -15.928191 -3.167307 2.99971 -6.338828 1e-06 2e-06 -18.123453 3.648184 -4.905673 -5e-06 1e-06 -1e-06 -0.765334 30.121172 9.33867 0.647131 35.669575 -47.695293 179.976715 59.916149 179.790314 -31.346685 -1.220268 11.555794 2.243544 -5.255039 -3.180161 14.282898 -0.826592 6.952504 -4e-06 -12.690608 -1e-06 15.327636 -17.88142 2.992402 1.665667 -1.955922 -2.878301 4.727801 -4.170588 4.993925 11.020536 6e-06 -2e-06 12.109059 -3.735717 -2.866787 2e-06 0.0 1e-06 1.291987 -1.928551 -1.49809 14.800136 0.56747 3.865607 14.242579 -1.341736 -6.660665 19.631981 0.14393 -0.648244 49.772469 -1.009567 -6.518566 0.35303 -1.511151 -0.03194 20.222803 3.684314 2.31663 18.787287 9e-06 -1e-06 10.751633 -0.479866 1.397906 -1e-06 0.0 -1e-06 3.273809 0.305948 -0.580112 21.48683 11.830381 2.266135 8.16293 5e-06 -2e-06 18.399096 -3.798983 -4.940578 3e-06 0.0 -1e-06 -5.324294 15.321566 -86.541466 1.092325 0.495553 150.71759 2.220399 1.342646 -34.959606 1.859354 -2.039817 -10.502542 0.0 -0.0 2e-06 -13.456453 -18.734474 -76.172302 -0.124138 -0.064241 154.482864 -18.114412 15.258635 -39.139706 -1.244296 0.557075 -9.959387 -0.0 -0.0 -2e-06 
0.0 0.0 0.0 0.0 -0.0 0.0 0.879641 39.804901 1.064867 4.023442 2.358942 1.979246 -0.425965 -1.220621 21.114925 -0.496517 0.121079 3.873287 0.88914 -1.055217 27.113276 9.625446 -2.24427 18.497999 -0.847229 -1.176724 -3.345968 -1.294547 -1.651486 0.671668 7.6e-05 -2.3e-05 5e-06 -0.067813 0.027246 -0.099395 0.660924 -3.737206 -10.756031 -0.784252 3.769874 -10.768144 -7.35317 -14.832468 14.851434 -24.280922 -17.925798 -17.649807 177.866379 -72.180161 -178.040253 14.863397 9.718668 -8.596942 -5.882107 9.861283 0.702588 -10.936872 -0.360573 7.156201 -1e-06 8.774822 -0.0 -14.932892 18.559479 6.782301 -1.844032 2.498504 -2.507276 -10.163599 4.678943 4.621106 -20.976021 -3e-06 2e-06 -21.226282 2.451698 -3.594 -0.0 -5e-06 0.0 -1.362682 2.240798 -0.746323 -21.334911 0.584908 3.008321 -13.821213 -2e-06 2e-06 -23.887167 -0.249077 -0.839484 -60.552433 2.630306 -0.812666 -0.294025 1.679686 0.833255 -14.218205 0.093216 1.30058 -34.212048 -0.287562 0.967168 -20.033211 0.964536 1.212841 -0.0 -2e-06 0.0 -3.440388 0.788234 0.501656 -15.928183 -3.167308 2.999705 -6.338825 1e-06 1e-06 -18.123444 3.64818 -4.905669 -4e-06 1e-06 -1e-06 -0.978627 30.10561 9.314795 0.253767 35.291622 -47.679249 -179.945236 60.711285 179.858475 -31.771715 -1.309544 10.925746 2.243542 -5.255037 -3.180158 14.282893 -0.826594 6.952505 -3e-06 -12.690604 -0.0 15.272793 -17.826752 2.985749 1.665666 -1.955921 -2.878299 4.727799 -4.170588 4.993925 11.020528 4e-06 -1e-06 12.109053 -3.735713 -2.866783 2e-06 -1e-06 -0.0 1.291986 -1.92855 -1.498089 14.800129 0.567468 3.865608 14.242573 -1.341735 -6.660657 19.631969 0.143926 -0.648243 49.791973 -0.996218 -6.469381 0.35303 -1.511151 -0.03194 20.222797 3.684311 2.316632 18.787273 5e-06 1e-06 10.751629 -0.479869 1.397906 0.0 0.0 0.0 3.273808 0.305947 -0.580111 21.48682 11.830376 2.266134 8.162928 2e-06 0.0 18.399088 -3.798985 -4.940573 3e-06 -0.0 -0.0 -5.362208 15.381376 -86.458786 1.094952 0.49335 150.650375 2.266505 1.175281 -34.958534 1.861153 -2.033673 -10.540459 0.0 -0.0 2e-06 -13.529184 -18.664053 -76.087944 -0.12631 -0.061156 154.515991 -18.062639 15.092577 -39.078007 -1.236652 0.551851 -9.985835 -0.0 0.0 -2e-06 
0.0 0.0 0.0 0.0 -0.0 0.0 0.834291 39.857983 1.057691 4.141366 2.37793 1.955239 -0.348933 -1.23222 21.123449 -0.449267 0.124526 3.8348 0.994028 -1.086553 27.129261 9.806485 -2.381926 18.747936 -0.899559 -1.178813 -3.355399 -1.39233 -1.73051 0.790809 7.7e-05 -2.2e-05 5e-06 -0.072437 0.026482 -0.103209 0.657313 -3.739042 -10.766569 -0.789021 3.769963 -10.778362 -7.438249 -14.726491 14.965223 -24.207573 -17.82988 -18.149527 177.980865 -71.746117 -178.205231 14.843344 9.869596 -8.643188 -5.88211 9.861292 0.702591 -10.936876 -0.360573 7.156211 -2e-06 8.77483 -1e-06 -14.937817 18.563778 6.767245 -1.844032 2.498505 -2.507279 -10.163604 4.678947 4.621109 -20.976034 -1e-06 -0.0 -21.226301 2.4517 -3.594004 -0.0 -5e-06 0.0 -1.362683 2.2408 -0.746325 -21.334921 0.584913 3.008324 -13.821217 -2e-06 0.0 -23.887178 -0.249078 -0.839486 -60.525654 2.61077 -0.848022 -0.294024 1.679688 0.833257 -14.218214 0.093216 1.300581 -34.212055 -0.287561 0.967168 -20.03322 0.964539 1.212842 -0.0 -2e-06 -0.0 -3.44039 0.788235 0.501656 -15.928198 -3.16731 2.999708 -6.338829 1e-06 0.0 -18.123455 3.648185 -4.905674 -5e-06 1e-06 -1e-06 -1.295335 30.151279 9.231231 -0.030093 35.043839 -47.721725 -179.939255 61.583492 179.88295 -32.139866 -1.580698 10.057497 2.243541 -5.255037 -3.180157 14.282891 -0.826594 6.952504 -1e-06 -12.690602 -2e-06 15.219304 -17.770809 2.958931 1.665667 -1.955921 -2.878298 4.727797 -4.170587 4.993922 11.020524 3e-06 -1e-06 12.109045 -3.735718 -2.866784 1e-06 -1e-06 1e-06 1.291984 -1.928549 -1.498089 14.800127 0.567471 3.865608 14.242569 -1.341735 -6.660654 19.631968 0.143924 -0.648242 49.819771 -0.979632 -6.407532 0.353028 -1.511149 -0.03194 20.222786 3.684309 2.316632 18.78727 4e-06 3e-06 10.751625 -0.479869 1.397907 -0.0 -1e-06 0.0 3.273806 0.305948 -0.580111 21.486813 11.830374 2.266137 8.162924 2e-06 1e-06 18.39908 -3.798985 -4.94057 3e-06 -0.0 -2e-06 -5.444303 15.462056 -86.392052 1.080576 0.487923 150.553757 2.328829 1.066545 -34.849823 1.863899 -2.025629 -10.538235 0.0 -0.0 2e-06 -13.543119 -18.558706 -76.059624 -0.122372 -0.058862 154.498337 -18.001944 15.035553 -38.914669 -1.228808 0.546921 -10.038024 -0.0 -0.0 -2e-06 
0.0 0.0 0.0 0.0 -0.0 0.0 0.792645 39.938789 1.064324 4.258737 2.36347 1.980916 -0.258582 -1.245545 21.128994 -0.400302 0.127696 3.784989 1.115173 -1.109854 27.105669 10.036401 -2.51221 18.972652 -0.969412 -1.177655 -3.373739 -1.504564 -1.821534 0.864055 7.7e-05 -2.3e-05 5e-06 -0.07642 0.02674 -0.105441 0.655495 -3.742705 -10.78126 -0.794446 3.773641 -10.795191 -7.478422 -14.608038 15.056708 -24.298368 -17.730274 -18.672367 178.130478 -71.179489 -178.363876 14.861913 9.935778 -8.902005 -5.88211 9.861292 0.702588 -10.936872 -0.360574 7.156208 -3e-06 8.774827 -3e-06 -14.956294 18.532761 6.732322 -1.844034 2.498507 -2.507278 -10.163604 4.678948 4.621112 -20.97603 1e-06 1e-06 -21.226292 2.4517 -3.594006 0.0 -6e-06 -0.0 -1.362682 2.240799 -0.746323 -21.334919 0.584916 3.008325 -13.821217 1e-06 2e-06 -23.887175 -0.249073 -0.839487 -60.493874 2.587116 -0.886779 -0.294025 1.679687 0.833256 -14.218212 0.093217 1.300583 -34.212051 -0.287556 0.967166 -20.033215 0.96454 1.21284 -0.0 -2e-06 0.0 -3.440389 0.788235 0.501656 -15.928189 -3.167307 2.99971 -6.338829 1e-06 2e-06 -18.123453 3.648189 -4.905674 -5e-06 1e-06 -2e-06 -1.727998 30.221931 9.084936 -0.183973 34.943913 -47.733944 -179.87915 62.5667 179.965515 -32.452385 -1.941279 9.065705 2.243543 -5.255044 -3.180159 14.282899 -0.826594 6.952505 -2e-06 -12.690612 -3e-06 15.169764 -17.720589 2.930739 1.665668 -1.955924 -2.8783 4.727803 -4.170588 4.993925 11.020536 2e-06 -2e-06 12.109062 -3.735718 -2.866785 3e-06 0.0 2e-06 1.291987 -1.928552 -1.49809 14.800142 0.56747 3.865608 14.242584 -1.341737 -6.660664 19.631983 0.143927 -0.648246 49.860149 -0.971246 -6.347939 0.35303 -1.511151 -0.03194 20.222805 3.684312 2.316631 18.787287 5e-06 -1e-06 10.751636 -0.479868 1.397905 1e-06 -1e-06 1e-06 3.27381 0.305946 -0.580111 21.48683 11.830381 2.266133 8.162933 2e-06 -2e-06 18.399096 -3.798986 -4.94058 3e-06 0.0 -2e-06 -5.543835 15.580744 -86.331398 1.062258 0.485179 150.441772 2.377752 1.01048 -34.693256 1.869715 -2.01783 -10.531965 0.0 -0.0 2e-06 -13.531769 -18.419655 -76.079262 -0.118516 -0.057118 154.445694 -17.954069 15.075059 -38.72298 -1.224108 0.545222 -10.138645 -0.0 0.0 -3e-06 
0.0 0.0 0.0 0.0 -0.0 0.0 0.751138 40.031902 1.092028 4.365633 2.315377 2.063597 -0.166808 -1.262131 21.12558 -0.356204 0.121496 3.743427 1.255068 -1.120645 27.057446 10.34639 -2.671644 19.214363 -1.054099 -1.160475 -3.396983 -1.613189 -1.928133 0.881594 7.7e-05 -2.2e-05 6e-06 -0.08006 0.028443 -0.105466 0.656623 -3.746311 -10.795471 -0.802199 3.780045 -10.814061 -7.436969 -14.455167 15.122133 -24.548481 -17.578453 -19.205109 178.191681 -70.417084 -178.462921 14.915434 9.926072 -9.360219 -5.882107 9.861286 0.702592 -10.936873 -0.360574 7.156205 -1e-06 8.774824 -1e-06 -14.964273 18.49754 6.706628 -1.844033 2.498505 -2.507278 -10.163603 4.678945 4.621109 -20.976027 -3e-06 1e-06 -21.226288 2.451699 -3.594001 0.0 -6e-06 -0.0 -1.362682 2.240798 -0.746324 -21.334915 0.58491 3.008322 -13.821216 -4e-06 2e-06 -23.887171 -0.249078 -0.839483 -60.439388 2.583947 -0.931034 -0.294025 1.679688 0.833257 -14.218208 0.093215 1.300581 -34.212051 -0.287561 0.96717 -20.033213 0.964536 1.212843 -0.0 -2e-06 0.0 -3.44039 0.788233 0.501656 -15.928187 -3.167308 2.999707 -6.338828 -0.0 0.0 -18.123447 3.648183 -4.90567 -5e-06 1e-06 -2e-06 -2.233468 30.305317 8.849973 -0.248941 34.980145 -47.708481 -179.833069 63.740002 -179.986832 -32.705582 -2.41036 7.968966 2.243541 -5.255037 -3.180159 14.282896 -0.826595 6.952506 -2e-06 -12.690607 -0.0 15.164644 -17.664577 2.874619 1.665667 -1.955922 -2.878299 4.727801 -4.170587 4.993925 11.020529 3e-06 -1e-06 12.109056 -3.735717 -2.866784 1e-06 0.0 0.0 1.291986 -1.928549 -1.49809 14.800132 0.567468 3.86561 14.242579 -1.34174 -6.66066 19.631975 0.143924 -0.648246 49.877384 -0.982144 -6.320411 0.353031 -1.511152 -0.03194 20.222799 3.684309 2.316631 18.787281 3e-06 -1e-06 10.751634 -0.479869 1.397905 0.0 0.0 1e-06 3.273808 0.305945 -0.580111 21.48682 11.830376 2.266134 8.162931 1e-06 -2e-06 18.39909 -3.798986 -4.940577 4e-06 0.0 -1e-06 -5.623705 15.752659 -86.290833 1.045234 0.487117 150.351913 2.431983 0.940299 -34.456036 1.873268 -2.006231 -10.499852 -0.0 -0.0 2e-06 -13.490005 -18.26436 -76.133087 -0.117627 -0.059893 154.374756 -17.885077 15.132107 -38.550297 -1.224123 0.547754 -10.243308 -0.0 0.0 -3e-06 
0.0 0.0 0.0 0.0 -0.0 0.0 0.71301 40.128654 1.129504 4.447004 2.2607 2.208246 -0.07904 -1.286461 21.110374 -0.315829 0.097472 3.715448 1.414374 -1.120746 27.008753 10.746098 -2.891517 19.527128 -1.123461 -1.129001 -3.41774 -1.684922 -2.049422 0.854645 7.6e-05 -2.2e-05 5e-06 -0.078078 0.029854 -0.104071 0.663971 -3.748193 -10.805324 -0.804748 3.783944 -10.828029 -7.303156 -14.245078 15.15725 -24.870893 -17.353233 -19.651714 178.227448 -69.467682 -178.576736 14.953521 9.917524 -10.016384 -5.882111 9.86129 0.702591 -10.936878 -0.360575 7.156209 0.0 8.77483 -1e-06 -14.955715 18.471861 6.712554 -1.844033 2.498505 -2.507278 -10.163608 4.678948 4.621113 -20.976038 -2e-06 2e-06 -21.226301 2.451698 -3.594002 1e-06 -6e-06 -0.0 -1.362683 2.240798 -0.746324 -21.334929 0.58491 3.008326 -13.821224 -3e-06 2e-06 -23.887184 -0.249077 -0.839483 -60.416336 2.606839 -0.96629 -0.294025 1.679687 0.833257 -14.218219 0.093216 1.300581 -34.21207 -0.287563 0.967169 -20.033226 0.964538 1.212844 -0.0 -2e-06 -0.0 -3.440392 0.788234 0.501655 -15.928196 -3.16731 2.999709 -6.338828 -0.0 1e-06 -18.123457 3.648183 -4.905672 -4e-06 1e-06 -2e-06 -2.744487 30.387133 8.572404 -0.279546 35.114048 -47.673637 -179.990067 65.071571 179.835938 -32.974716 -2.978004 6.816189 2.243541 -5.25504 -3.18016 14.282896 -0.826593 6.952507 -2e-06 -12.69061 -2e-06 15.185218 -17.605083 2.802429 1.665665 -1.95592 -2.8783 4.727801 -4.170587 4.993926 11.020531 5e-06 1e-06 12.109057 -3.735716 -2.866785 1e-06 0.0 -1e-06 1.291986 -1.928551 -1.49809 14.800138 0.56747 3.865609 14.242577 -1.341736 -6.660659 19.631973 0.143927 -0.648243 49.841675 -1.016017 -6.30938 0.353029 -1.511152 -0.03194 20.222801 3.684312 2.316633 18.787279 6e-06 2e-06 10.751632 -0.479868 1.397907 1e-06 0.0 -0.0 3.273808 0.305948 -0.580111 21.486822 11.830382 2.266137 8.16293 3e-06 -0.0 18.399088 -3.798985 -4.940576 3e-06 0.0 -1e-06 -5.65921 15.920744 -86.308197 1.041722 0.4948 150.270737 2.484485 0.829961 -34.211643 1.872299 -1.993138 -10.364141 0.0 -0.0 3e-06 -13.439766 -18.150156 -76.23716 -0.132691 -0.068621 154.29068 -17.768408 15.201619 -38.397438 -1.223834 0.547496 -10.296471 -0.0 0.0 -2e-06 
0.0 0.0 0.0 0.0 -0.0 0.0 0.686525 40.221344 1.182788 4.495733 2.235115 2.392316 -0.003799 -1.323896 21.094547 -0.286792 0.073229 3.709915 1.586706 -1.132665 26.981039 11.256155 -3.201977 19.909838 -1.189366 -1.075525 -3.435388 -1.750078 -2.168616 0.792488 7.7e-05 -2.2e-05 6e-06 -0.076524 0.032339 -0.100597 0.670619 -3.748294 -10.81223 -0.807101 3.787874 -10.838099 -7.086766 -14.007157 15.159231 -25.160643 -17.045401 -19.847279 178.229691 -68.407661 -178.654449 14.936821 9.948317 -10.808535 -5.882105 9.861284 0.702592 -10.936872 -0.360573 7.156208 -1e-06 8.774824 -1e-06 -14.920545 18.472445 6.745689 -1.844032 2.498504 -2.507278 -10.163598 4.678945 4.62111 -20.976023 -4e-06 3e-06 -21.226284 2.451699 -3.593999 -0.0 -5e-06 -0.0 -1.362681 2.240798 -0.746323 -21.334913 0.584912 3.008324 -13.821213 -2e-06 3e-06 -23.887167 -0.249077 -0.839482 -60.433468 2.637758 -0.966944 -0.294024 1.679687 0.833256 -14.218208 0.093215 1.300582 -34.212048 -0.287562 0.967172 -20.033211 0.964538 1.212844 -0.0 -2e-06 -0.0 -3.440388 0.788234 0.501657 -15.928183 -3.16731 2.999708 -6.338824 -2e-06 1e-06 -18.123444 3.648184 -4.905669 -5e-06 2e-06 -2e-06 -3.170743 30.420389 8.321037 -0.262144 35.329548 -47.586803 179.526596 66.402771 179.30896 -33.230309 -3.559381 5.753886 2.243544 -5.255039 -3.180161 14.282904 -0.826596 6.952507 -0.0 -12.690609 -2e-06 15.209496 -17.554626 2.738237 1.665667 -1.955924 -2.878302 4.727803 -4.170588 4.993926 11.020535 2e-06 -1e-06 12.10906 -3.735717 -2.866787 1e-06 0.0 -2e-06 1.291987 -1.92855 -1.49809 14.800139 0.567466 3.865609 14.242584 -1.341738 -6.660664 19.631979 0.143923 -0.648247 49.766819 -1.06684 -6.325569 0.35303 -1.511151 -0.03194 20.222805 3.68431 2.316632 18.787289 4e-06 0.0 10.751638 -0.479869 1.397908 0.0 0.0 -1e-06 3.273809 0.305947 -0.580111 21.486832 11.830379 2.266137 8.162935 1e-06 -1e-06 18.399099 -3.798985 -4.940581 4e-06 1e-06 -0.0 -5.648464 16.016811 -86.34861 1.056173 0.500728 150.203491 2.507348 0.682011 -34.007217 1.872422 -1.99191 -10.235157 0.0 0.0 3e-06 -13.408849 -18.107954 -76.30983 -0.156792 -0.078758 154.197403 -17.612642 15.316614 -38.325634 -1.223673 0.544794 -10.326139 -0.0 0.0 -3e-06 
0.0 0.0 0.0 0.0 -0.0 0.0 0.667872 40.288437 1.247672 4.499829 2.218093 2.597613 0.046506 -1.386608 21.083908 -0.267419 0.058479 3.733404 1.737174 -1.151322 26.977621 11.834955 -3.60161 20.346348 -1.227759 -0.986861 -3.4506 -1.838752 -2.254763 0.69091 7.7e-05 -2.2e-05 6e-06 -0.073813 0.034793 -0.096404 0.672553 -3.742394 -10.807787 -0.802611 3.78607 -10.836027 -6.836035 -13.731927 15.119758 -25.356596 -16.647144 -19.68376 178.208359 -67.318573 -178.637833 14.719153 9.936878 -11.699286 -5.88211 9.86129 0.702589 -10.936874 -0.360576 7.156207 -1e-06 8.774828 -2e-06 -14.869194 18.498774 6.795918 -1.844032 2.498506 -2.507278 -10.163604 4.678948 4.621111 -20.97603 -1e-06 -1e-06 -21.226292 2.4517 -3.594005 0.0 -7e-06 -0.0 -1.362682 2.240798 -0.746325 -21.334923 0.584911 3.008324 -13.821218 -2e-06 1e-06 -23.887178 -0.249078 -0.839486 -60.49651 2.661212 -0.94477 -0.294025 1.679687 0.833256 -14.218214 0.093216 1.300581 -34.212063 -0.287564 0.967169 -20.033222 0.964537 1.212843 -0.0 -1e-06 -0.0 -3.440389 0.788234 0.501655 -15.928192 -3.16731 2.999707 -6.338826 -1e-06 -0.0 -18.123453 3.648186 -4.905674 -5e-06 2e-06 -1e-06 -3.445268 30.3675 8.127276 -0.119139 35.638931 -47.313152 178.779022 67.530029 178.506027 -33.360546 -4.092295 4.848691 2.243545 -5.255045 -3.180163 14.282905 -0.826594 6.952509 -1e-06 -12.690618 -3e-06 15.19218 -17.509439 2.698292 1.665668 -1.955924 -2.878303 4.727804 -4.170591 4.993928 11.020539 1e-06 -2e-06 12.109066 -3.735719 -2.866789 2e-06 -0.0 -1e-06 1.291986 -1.928552 -1.498091 14.800144 0.56747 3.865612 14.242585 -1.341738 -6.660666 19.631987 0.143927 -0.648248 49.634838 -1.0995 -6.346284 0.353029 -1.511152 -0.03194 20.222815 3.684314 2.316634 18.787291 5e-06 0.0 10.751639 -0.479869 1.397909 0.0 -0.0 -0.0 3.27381 0.305946 -0.580111 21.486837 11.830385 2.266137 8.162937 2e-06 -1e-06 18.399101 -3.798987 -4.94058 3e-06 1e-06 0.0 -5.5442 16.080889 -86.406815 1.096133 0.50425 150.179489 2.526507 0.515423 -33.867092 1.866269 -1.990862 -10.182442 0.0 0.0 3e-06 -13.344407 -18.137276 -76.371208 -0.178713 -0.093669 154.116547 -17.463634 15.460536 -38.360046 -1.228474 0.544908 -10.392187 -0.0 0.0 -2e-06 
0.0 0.0 0.0 0.0 -0.0 0.0 0.647779 40.350586 1.334461 4.470109 2.223557 2.818737 0.065154 -1.473004 21.086916 -0.267058 0.056123 3.772577 1.85593 -1.193794 26.985592 12.46554 -4.00974 20.794065 -1.227041 -0.87945 -3.465375 -1.932533 -2.300446 0.586226 7.7e-05 -2.3e-05 5e-06 -0.068696 0.036598 -0.094583 0.673077 -3.73175 -10.799655 -0.791931 3.778631 -10.827013 -6.599015 -13.438068 15.07813 -25.40774 -16.176279 -19.18306 178.208984 -66.296967 -178.571823 14.099792 9.81595 -12.770862 -5.882107 9.861284 0.70259 -10.93687 -0.360575 7.156207 -1e-06 8.774822 -1e-06 -14.830692 18.563044 6.83977 -1.844031 2.498503 -2.507279 -10.163602 4.678946 4.621111 -20.976023 -0.0 2e-06 -21.22629 2.451702 -3.594 0.0 -7e-06 -0.0 -1.362682 2.240797 -0.746323 -21.334913 0.584912 3.008325 -13.821213 -1e-06 2e-06 -23.887169 -0.249073 -0.839485 -60.587734 2.669768 -0.928548 -0.294025 1.679687 0.833255 -14.21821 0.093217 1.300583 -34.212048 -0.287559 0.96717 -20.033211 0.964538 1.212843 -0.0 -1e-06 0.0 -3.440386 0.788233 0.501656 -15.928189 -3.167307 2.999709 -6.338825 -1e-06 1e-06 -18.123446 3.648184 -4.905669 -5e-06 1e-06 -1e-06 -3.52541 30.2013 8.029428 0.249553 35.979721 -46.668072 177.992142 68.274284 177.645599 -33.284645 -4.46447 4.117835 2.243541 -5.255036 -3.180157 14.28289 -0.826594 6.952506 -0.0 -12.6906 -1e-06 15.124597 -17.464773 2.697482 1.665665 -1.955922 -2.878299 4.727799 -4.170583 4.993924 11.020526 3e-06 1e-06 12.109051 -3.735715 -2.866781 2e-06 1e-06 -1e-06 1.291984 -1.92855 -1.498089 14.800129 0.567469 3.865611 14.242571 -1.341737 -6.660655 19.631968 0.143923 -0.648241 49.472198 -1.100213 -6.359026 0.353029 -1.511151 -0.03194 20.222794 3.68431 2.316634 18.78727 4e-06 3e-06 10.751626 -0.47987 1.397909 1e-06 0.0 -1e-06 3.273807 0.305945 -0.58011 21.486818 11.830372 2.266137 8.162928 2e-06 -0.0 18.399082 -3.798984 -4.940572 3e-06 0.0 -1e-06 -5.368566 16.118599 -86.431854 1.140932 0.506843 150.157471 2.538639 0.356989 -33.850574 1.851222 -1.982471 -10.175511 -0.0 0.0 3e-06 -13.238139 -18.218643 -76.359695 -0.198706 -0.112488 154.025558 -17.3507 15.626484 -38.520988 -1.238403 0.548544 -10.519835 -0.0 0.0 -3e-06 
0.0 0.0 0.0 0.0 -0.0 0.0 0.614701 40.41893 1.42633 4.411568 2.258714 3.034781 0.056847 -1.56034 21.105089 -0.296344 0.064455 3.814075 1.942542 -1.264938 26.987 13.051866 -4.363379 21.201546 -1.14798 -0.772255 -3.476603 -2.007842 -2.283718 0.526696 7.7e-05 -2.3e-05 5e-06 -0.057908 0.037182 -0.093921 0.678476 -3.721356 -10.791615 -0.775061 3.769752 -10.815105 -6.453794 -13.162379 15.050879 -25.27656 -15.695069 -18.49305 178.312302 -65.504097 -178.522858 12.910899 9.638612 -14.054039 -5.88211 9.861288 0.702591 -10.936872 -0.360575 7.156206 -2e-06 8.774827 -2e-06 -14.809761 18.672724 6.899708 -1.844032 2.498505 -2.507279 -10.163599 4.678946 4.621109 -20.976027 -1e-06 -1e-06 -21.22629 2.4517 -3.594005 -0.0 -7e-06 1e-06 -1.362682 2.240799 -0.746324 -21.334917 0.584912 3.00832 -13.821216 -1e-06 -1e-06 -23.887175 -0.24908 -0.839489 -60.713585 2.670108 -0.917502 -0.294024 1.679687 0.833256 -14.218212 0.093218 1.300579 -34.212051 -0.287563 0.967163 -20.033215 0.964535 1.21284 0.0 -1e-06 -0.0 -3.440388 0.788234 0.501655 -15.928189 -3.167308 2.999706 -6.338826 0.0 1e-06 -18.123447 3.648185 -4.905674 -3e-06 2e-06 -2e-06 -3.398479 29.93189 8.065199 0.959999 36.222691 -45.533756 177.242813 68.501579 176.80658 -33.052914 -4.618794 3.514958 2.243542 -5.25504 -3.180159 14.282896 -0.826595 6.952508 1e-06 -12.690607 -2e-06 15.039887 -17.42688 2.740679 1.665667 -1.955922 -2.878299 4.7278 -4.170588 4.993926 11.020534 1e-06 1e-06 12.109056 -3.735718 -2.866786 3e-06 0.0 -0.0 1.291986 -1.92855 -1.49809 14.800132 0.567466 3.86561 14.242574 -1.341739 -6.660657 19.631969 0.143921 -0.648243 49.326416 -1.068499 -6.341825 0.353031 -1.511153 -0.03194 20.222797 3.684307 2.316634 18.787279 1e-06 3e-06 10.751631 -0.479871 1.397908 -0.0 0.0 0.0 3.273807 0.305948 -0.58011 21.48682 11.830376 2.266138 8.162932 0.0 0.0 18.399092 -3.798989 -4.940577 3e-06 0.0 -2e-06 -5.16759 16.175373 -86.461845 1.167745 0.502052 150.131287 2.588814 0.178959 -33.82679 1.8309 -1.968747 -10.213235 0.0 0.0 3e-06 -13.033098 -18.317009 -76.308586 -0.21009 -0.129731 153.929169 -17.260597 15.769758 -38.661015 -1.249642 0.555658 -10.671216 -0.0 0.0 -2e-06 
0.0 0.0 0.0 0.0 -0.0 0.0 0.57122 40.485676 1.507084 4.34567 2.29407 3.230267 0.019372 -1.613892 21.132273 -0.356266 0.066575 3.857782 1.987753 -1.3381 27.005033 13.514153 -4.634482 21.504677 -1.008917 -0.662337 -3.487761 -2.016256 -2.205791 0.52659 7.7e-05 -2.3e-05 6e-06 -0.035854 0.035164 -0.09522 0.698102 -3.716704 -10.786035 -0.750868 3.7624 -10.80305 -6.452135 -12.968094 15.066842 -24.966511 -15.247443 -17.958012 178.586868 -65.026268 -178.556473 11.323096 9.488647 -15.531521 -5.882108 9.861292 0.70259 -10.936877 -0.360573 7.156212 -2e-06 8.774829 -3e-06 -14.828213 18.790016 6.949448 -1.844033 2.498506 -2.507279 -10.163604 4.67895 4.621113 -20.976032 2e-06 2e-06 -21.226297 2.451701 -3.594004 0.0 -7e-06 -1e-06 -1.362682 2.240799 -0.746325 -21.334921 0.584914 3.008327 -13.821221 -0.0 2e-06 -23.887182 -0.249074 -0.839484 -60.808662 2.643075 -0.902116 -0.294025 1.679688 0.833255 -14.218212 0.093218 1.300582 -34.212059 -0.287556 0.96717 -20.033222 0.964541 1.212843 0.0 -1e-06 0.0 -3.44039 0.788234 0.501656 -15.928194 -3.167308 2.999712 -6.338829 -1e-06 1e-06 -18.123453 3.64819 -4.905674 -4e-06 1e-06 -2e-06 -3.07101 29.56551 8.271091 1.990766 36.182217 -43.899002 176.742722 68.226036 176.205582 -32.716698 -4.498859 2.92529 2.243544 -5.25504 -3.18016 14.282898 -0.826595 6.952504 -1e-06 -12.690609 -2e-06 14.996634 -17.414103 2.815794 1.665667 -1.955923 -2.8783 4.727801 -4.170589 4.993923 11.020531 2e-06 -3e-06 12.109056 -3.735717 -2.866788 3e-06 0.0 -1e-06 1.291987 -1.928549 -1.49809 14.800136 0.567469 3.865608 14.24258 -1.341738 -6.660663 19.631975 0.143926 -0.648248 49.273033 -1.024227 -6.291739 0.353029 -1.511152 -0.03194 20.222801 3.684309 2.316631 18.787287 6e-06 -3e-06 10.751633 -0.479868 1.397905 1e-06 0.0 1e-06 3.273809 0.305947 -0.580111 21.486824 11.830378 2.266133 8.16293 2e-06 -1e-06 18.399092 -3.798984 -4.940581 4e-06 -1e-06 -2e-06 -5.001233 16.274364 -86.530968 1.164327 0.495399 150.123611 2.615225 -0.008614 -33.679668 1.811103 -1.951285 -10.267579 0.0 0.0 2e-06 -12.738527 -18.385704 -76.28495 -0.204477 -0.146608 153.8367 -17.162977 15.799421 -38.754009 -1.257444 0.562895 -10.775098 -0.0 0.0 -3e-06 
0.0 0.0 0.0 0.0 -0.0 0.0 0.529836 40.522671 1.572437 4.301116 2.312291 3.388633 -0.037476 -1.61612 21.15258 -0.421903 0.048675 3.895228 1.986251 -1.38485 27.054216 13.752371 -4.797564 21.670372 -0.906221 -0.559455 -3.495923 -1.920852 -2.131645 0.580098 7.7e-05 -2.2e-05 6e-06 -0.027438 0.034121 -0.09759 0.706023 -3.714448 -10.781707 -0.743177 3.759773 -10.790915 -6.628533 -12.892409 15.181798 -24.573092 -14.865554 -17.978769 178.924957 -64.932747 -178.650528 10.074524 9.437887 -16.640516 -5.88211 9.861288 0.702589 -10.936872 -0.360573 7.156205 1e-06 8.774826 0.0 -14.857378 18.858276 6.974594 -1.844033 2.498506 -2.507277 -10.163598 4.678945 4.621109 -20.976027 -2e-06 -1e-06 -21.226292 2.451698 -3.594006 0.0 -7e-06 -1e-06 -1.362682 2.240799 -0.746323 -21.334917 0.58491 3.008321 -13.821213 -2e-06 -0.0 -23.887171 -0.24908 -0.839488 -60.797817 2.589937 -0.854204 -0.294024 1.679688 0.833256 -14.21821 0.093216 1.300578 -34.212051 -0.287566 0.967165 -20.033216 0.964536 1.212841 0.0 -0.0 0.0 -3.440388 0.788234 0.501656 -15.928189 -3.167309 2.999707 -6.338827 -1e-06 -1e-06 -18.123447 3.648186 -4.905676 -4e-06 1e-06 -2e-06 -2.62124 29.181112 8.618492 3.215791 35.625031 -41.926228 176.499344 67.750618 175.93689 -32.351429 -4.187439 2.282444 2.243541 -5.255037 -3.180157 14.282894 -0.826597 6.952506 -1e-06 -12.690606 1e-06 14.985003 -17.415703 2.884497 1.665666 -1.955922 -2.878299 4.727801 -4.170588 4.993926 11.020529 2e-06 1e-06 12.109053 -3.735716 -2.866782 3e-06 1e-06 -0.0 1.291986 -1.928549 -1.498089 14.800132 0.567467 3.865609 14.242576 -1.341736 -6.660658 19.631973 0.143924 -0.648244 49.295021 -0.991353 -6.255346 0.353029 -1.51115 -0.03194 20.222799 3.684308 2.316633 18.787283 4e-06 1e-06 10.751631 -0.47987 1.397908 0.0 0.0 1e-06 3.273808 0.305946 -0.580111 21.486818 11.830373 2.266136 8.162933 0.0 1e-06 18.399088 -3.798987 -4.940576 3e-06 -1e-06 -2e-06 -4.917272 16.421312 -86.627502 1.138106 0.4918 150.159576 2.650123 -0.210758 -33.464115 1.79495 -1.939704 -10.323575 0.0 -0.0 3e-06 -12.457986 -18.378454 -76.294731 -0.183274 -0.160751 153.784225 -17.105402 15.689508 -38.868572 -1.260933 0.56823 -10.83898 -0.0 0.0 -3e-06 
0.0 0.0 0.0 0.0 -0.0 0.0 0.495626 40.544254 1.634295 4.292795 2.327085 3.495502 -0.097275 -1.582221 21.144876 -0.473484 0.021553 3.922622 1.940121 -1.414819 27.146099 13.731068 -4.857734 21.701498 -0.875863 -0.471852 -3.495368 -1.76981 -2.067069 0.612502 7.7e-05 -2.2e-05 6e-06 -0.025837 0.031234 -0.0993 0.709399 -3.714867 -10.776171 -0.745152 3.756404 -10.77774 -6.989398 -12.903138 15.398952 -24.093464 -14.487429 -18.809814 179.260269 -65.193947 -178.80191 9.675029 9.569309 -16.905918 -5.882112 9.861296 0.702588 -10.93688 -0.360574 7.156211 -4e-06 8.774832 -4e-06 -14.857339 18.876791 6.991183 -1.844036 2.498508 -2.50728 -10.163607 4.678949 4.621112 -20.97604 2e-06 0.0 -21.226307 2.451701 -3.594008 0.0 -7e-06 -1e-06 -1.362684 2.240801 -0.746325 -21.334929 0.584914 3.008324 -13.821225 0.0 1e-06 -23.887188 -0.249074 -0.839488 -60.77644 2.56139 -0.798359 -0.294026 1.679689 0.833256 -14.218222 0.093217 1.300583 -34.212078 -0.287556 0.967167 -20.033232 0.964539 1.212841 -0.0 -1e-06 0.0 -3.440392 0.788235 0.501657 -15.928201 -3.16731 2.999711 -6.338833 1e-06 1e-06 -18.123463 3.64819 -4.905678 -3e-06 1e-06 -1e-06 -2.109738 28.861063 9.033457 4.453994 34.442402 -39.830784 176.28006 67.410774 175.819077 -31.921087 -3.777693 1.470722 2.243543 -5.255044 -3.180161 14.2829 -0.826594 6.952507 -1e-06 -12.690614 -3e-06 14.998513 -17.416264 2.930446 1.665668 -1.955924 -2.8783 4.727802 -4.170589 4.993926 11.020535 2e-06 -2e-06 12.10906 -3.735719 -2.866789 2e-06 1e-06 -0.0 1.291987 -1.928551 -1.49809 14.800136 0.567469 3.865608 14.242583 -1.341739 -6.660666 19.631979 0.143926 -0.648247 49.355709 -0.979786 -6.229762 0.353029 -1.511151 -0.031941 20.222803 3.684313 2.316633 18.787287 4e-06 -1e-06 10.751633 -0.47987 1.397906 1e-06 0.0 0.0 3.27381 0.305949 -0.580111 21.486826 11.830382 2.266139 8.16293 2e-06 -1e-06 18.399094 -3.798987 -4.940579 3e-06 -0.0 -1e-06 -4.892964 16.580191 -86.654617 1.108028 0.489877 150.195221 2.704167 -0.47031 -33.322845 1.781593 -1.932752 -10.379954 -0.0 -0.0 2e-06 -12.285108 -18.308243 -76.242126 -0.163784 -0.166421 153.753738 -17.093502 15.496227 -39.056458 -1.262661 0.575379 -10.870836 -0.0 0.0 -2e-06 
0.0 0.0 0.0 0.0 -0.0 0.0 0.470046 40.595032 1.690611 4.329878 2.329148 3.552893 -0.143913 -1.541282 21.095745 -0.512975 -4.8e-05 3.91726 1.838223 -1.423252 27.308626 13.460054 -4.802444 21.643976 -0.91154 -0.424488 -3.482386 -1.63186 -1.999466 0.640221 7.6e-05 -2.2e-05 6e-06 -0.030026 0.028205 -0.098457 0.708605 -3.718673 -10.775603 -0.754467 3.755929 -10.774289 -7.463855 -12.934061 15.683096 -23.556004 -14.122716 -20.636623 179.698303 -65.698349 -179.203766 10.494882 9.964429 -15.931948 -5.882108 9.861288 0.702593 -10.936878 -0.360573 7.156212 1e-06 8.774828 1e-06 -14.811243 18.855673 6.972605 -1.844032 2.498506 -2.507277 -10.163605 4.678947 4.621115 -20.976034 -1e-06 6e-06 -21.226295 2.451702 -3.593999 0.0 -6e-06 -1e-06 -1.362682 2.240799 -0.746323 -21.334925 0.584911 3.008329 -13.82122 -3e-06 4e-06 -23.887182 -0.249074 -0.83948 -60.752636 2.583255 -0.740975 -0.294023 1.679687 0.833256 -14.218219 0.093217 1.300583 -34.212074 -0.287556 0.967176 -20.033226 0.964541 1.212845 1e-06 -1e-06 1e-06 -3.440389 0.788234 0.501657 -15.928196 -3.167309 2.999712 -6.33883 -2e-06 2e-06 -18.123457 3.648186 -4.905669 -4e-06 1e-06 -2e-06 -1.616005 28.686008 9.484553 5.433148 32.717113 -37.921841 176.031876 67.487846 175.791885 -31.511082 -3.351004 0.510765 2.243541 -5.255037 -3.180158 14.282896 -0.826595 6.952507 -1e-06 -12.690603 -0.0 15.0223 -17.397413 2.93814 1.665666 -1.955922 -2.878299 4.7278 -4.170588 4.993925 11.020532 2e-06 0.0 12.109056 -3.735716 -2.866781 3e-06 0.0 0.0 1.291987 -1.92855 -1.49809 14.800136 0.567467 3.865611 14.242577 -1.341737 -6.660657 19.631971 0.143924 -0.648242 49.435131 -0.997798 -6.217259 0.353029 -1.51115 -0.03194 20.222801 3.684309 2.316635 18.787283 2e-06 2e-06 10.751634 -0.479869 1.397907 1e-06 1e-06 1e-06 3.273808 0.305948 -0.580111 21.486818 11.830373 2.266136 8.162929 1e-06 2e-06 18.399088 -3.798986 -4.940573 3e-06 -0.0 -1e-06 -4.932582 16.736048 -86.563499 1.081533 0.484019 150.158371 2.746563 -0.753864 -33.279579 1.779676 -1.942507 -10.383183 0.0 0.0 3e-06 -12.186777 -18.18033 -76.137161 -0.14141 -0.155512 153.676727 -17.153404 15.341034 -39.295235 -1.261802 0.583626 -10.883036 -0.0 0.0 -2e-06 
0.0 0.0 0.0 0.0 -0.0 0.0 0.440751 40.665501 1.725994 4.385809 2.323067 3.55727 -0.180654 -1.504118 21.021885 -0.537152 -0.006847 3.881469 1.700466 -1.41356 27.504196 12.972783 -4.62177 21.611084 -0.980335 -0.446756 -3.468399 -1.576808 -1.943761 0.654774 7.7e-05 -2.2e-05 6e-06 -0.042153 0.025975 -0.097077 0.692251 -3.723711 -10.775745 -0.76346 3.758173 -10.781849 -7.840745 -12.912178 15.896171 -23.114204 -13.848968 -23.159279 -179.916046 -66.189018 -179.684372 12.389038 10.537473 -14.111576 -5.882106 9.861283 0.702589 -10.936871 -0.360575 7.156205 -1e-06 8.774822 -1e-06 -14.813336 18.777836 6.864766 -1.844033 2.498504 -2.507278 -10.163598 4.678944 4.621109 -20.976023 -2e-06 1e-06 -21.226286 2.451696 -3.594001 1e-06 -5e-06 -1e-06 -1.362681 2.240799 -0.746324 -21.334913 0.58491 3.008323 -13.821214 -4e-06 2e-06 -23.887167 -0.249079 -0.839483 -60.703102 2.62883 -0.732489 -0.294025 1.679686 0.833256 -14.218208 0.093216 1.30058 -34.212051 -0.287563 0.96717 -20.033213 0.964538 1.212843 -0.0 -2e-06 -0.0 -3.440388 0.788234 0.501656 -15.928187 -3.167309 2.999708 -6.338826 -1e-06 1e-06 -18.123449 3.648181 -4.905671 -5e-06 0.0 -2e-06 -1.22054 28.704147 9.863367 6.05466 30.635548 -36.30257 175.734268 68.070259 175.809158 -31.036999 -2.944833 -0.567265 2.243541 -5.255037 -3.180157 14.282893 -0.826595 6.952503 -2e-06 -12.690602 -1e-06 15.047563 -17.37187 2.933688 1.665666 -1.955922 -2.878299 4.727799 -4.170587 4.993923 11.020528 3e-06 -1e-06 12.109052 -3.735716 -2.866784 2e-06 1e-06 -1e-06 1.291986 -1.928549 -1.498089 14.800129 0.567468 3.865608 14.242573 -1.341738 -6.660657 19.631969 0.143924 -0.648245 49.51263 -1.006554 -6.212979 0.353029 -1.511151 -0.03194 20.222797 3.684307 2.31663 18.787277 4e-06 -1e-06 10.751629 -0.479869 1.397907 0.0 -0.0 -0.0 3.273806 0.305947 -0.58011 21.486816 11.830372 2.266133 8.16293 -0.0 -2e-06 18.399086 -3.798986 -4.940576 3e-06 0.0 0.0 -4.935108 16.863424 -86.392181 1.070664 0.487018 150.050751 2.741309 -1.019115 -33.350063 1.79195 -1.962172 -10.445603 0.0 0.0 3e-06 -12.050541 -18.018476 -76.03389 -0.109563 -0.128655 153.549561 -17.297733 15.258197 -39.589005 -1.25854 0.594532 -10.914748 -0.0 0.0 -2e-06 
0.0 0.0 0.0 0.0 -0.0 0.0 0.40022 40.737488 1.729299 4.445212 2.318871 3.53725 -0.216827 -1.454951 20.961613 -0.531971 -0.005373 3.842522 1.553434 -1.377396 27.623657 12.36237 -4.352447 21.704725 -1.085133 -0.52852 -3.454875 -1.587238 -1.958335 0.723141 7.7e-05 -2.2e-05 6e-06 -0.054553 0.022922 -0.097891 0.670139 -3.730156 -10.779311 -0.767018 3.759838 -10.801246 -7.92303 -12.812107 15.949496 -22.948853 -13.71009 -25.833752 -179.830505 -66.250099 -179.924133 14.708359 11.00959 -12.202042 -5.882108 9.861288 0.702589 -10.936873 -0.360573 7.156205 -1e-06 8.774826 -0.0 -14.875565 18.640432 6.701748 -1.844033 2.498505 -2.507278 -10.163601 4.678946 4.621107 -20.976028 -0.0 -2e-06 -21.226294 2.451698 -3.594005 0.0 -4e-06 0.0 -1.362682 2.240799 -0.746323 -21.334919 0.584912 3.008319 -13.821218 -2e-06 -3e-06 -23.887175 -0.249079 -0.839489 -60.577175 2.695914 -0.774626 -0.294026 1.679688 0.833257 -14.21821 0.093217 1.300579 -34.212059 -0.287561 0.96716 -20.033216 0.964534 1.212838 0.0 1e-06 -0.0 -3.440389 0.788234 0.501655 -15.928189 -3.167308 2.999703 -6.338827 -1e-06 -1e-06 -18.123447 3.648183 -4.905674 -4e-06 0.0 -2e-06 -0.981067 28.86212 10.090384 6.29678 28.58287 -35.05344 175.440521 69.005211 175.867813 -30.529665 -2.597977 -1.621896 2.243543 -5.255039 -3.180161 14.282891 -0.826597 6.952506 2e-06 -12.690608 -2e-06 15.074018 -17.360672 2.939273 1.665668 -1.955923 -2.8783 4.727799 -4.170588 4.993925 11.020528 1e-06 -3e-06 12.109056 -3.735719 -2.866788 2e-06 1e-06 0.0 1.291987 -1.92855 -1.49809 14.800132 0.567466 3.865608 14.242577 -1.34174 -6.660664 19.631969 0.143925 -0.648249 49.5746 -1.00993 -6.221861 0.35303 -1.511152 -0.03194 20.222797 3.684308 2.316631 18.787273 1e-06 -4e-06 10.75163 -0.47987 1.397905 0.0 -0.0 1e-06 3.273809 0.305945 -0.580111 21.486816 11.830373 2.266134 8.16293 -1e-06 -2e-06 18.399094 -3.798988 -4.940581 3e-06 0.0 -1e-06 -4.9017 16.931507 -86.251442 1.067205 0.493853 149.901703 2.634499 -1.212916 -33.469093 1.812549 -1.979731 -10.588274 0.0 -0.0 3e-06 -11.854358 -17.828239 -76.013763 -0.074382 -0.094364 153.435638 -17.513098 15.240705 -39.72303 -1.254048 0.606212 -10.957801 -0.0 0.0 -3e-06 
0.0 0.0 0.0 0.0 -0.0 0.0 0.342477 40.810543 1.688772 4.475158 2.286108 3.515942 -0.258738 -1.38445 20.935436 -0.499195 0.021152 3.809311 1.425991 -1.309559 27.63184 11.733094 -4.047417 21.941057 -1.214956 -0.65461 -3.442407 -1.605713 -2.041913 0.903998 7.6e-05 -2.2e-05 7e-06 -0.063507 0.018901 -0.101406 0.648263 -3.739838 -10.789141 -0.763783 3.762051 -10.825726 -7.722508 -12.671417 15.811849 -23.028059 -13.576522 -28.20953 179.810028 -65.566757 -179.748871 16.570984 11.112481 -10.883492 -5.882115 9.861296 0.702589 -10.936883 -0.360576 7.156216 -0.0 8.774835 -3e-06 -14.981812 18.475382 6.538458 -1.844035 2.498508 -2.507281 -10.163612 4.678949 4.621114 -20.976051 -1e-06 3e-06 -21.226316 2.4517 -3.594005 0.0 -6e-06 1e-06 -1.362684 2.240802 -0.746323 -21.33494 0.58491 3.008328 -13.821229 -1e-06 1e-06 -23.887199 -0.249078 -0.839485 -60.399342 2.74804 -0.826418 -0.294025 1.679689 0.833256 -14.218226 0.093216 1.300582 -34.212086 -0.287564 0.967171 -20.033241 0.96454 1.212845 -0.0 -0.0 -0.0 -3.440392 0.788234 0.501656 -15.928206 -3.167312 2.999713 -6.338833 -1e-06 1e-06 -18.12347 3.648186 -4.905678 -3e-06 -0.0 -2e-06 -0.884345 29.134848 10.174008 6.133471 26.898558 -34.407791 175.151077 70.068291 175.79982 -30.102188 -2.146656 -2.534609 2.243541 -5.255041 -3.18016 14.282894 -0.826592 6.952507 -1e-06 -12.690611 -4e-06 15.137725 -17.360584 2.922132 1.665666 -1.955922 -2.8783 4.7278 -4.170588 4.993926 11.020526 3e-06 -1e-06 12.109052 -3.735717 -2.866787 1e-06 1e-06 -0.0 1.291986 -1.928552 -1.49809 14.800129 0.56747 3.865611 14.242571 -1.341738 -6.660663 19.631969 0.143926 -0.648243 49.612915 -1.029871 -6.242881 0.353028 -1.511152 -0.03194 20.222792 3.684313 2.316631 18.787275 4e-06 2e-06 10.751629 -0.479869 1.397909 0.0 -0.0 -1e-06 3.273807 0.305948 -0.580111 21.486818 11.830382 2.266139 8.162929 1e-06 0.0 18.39908 -3.798988 -4.940576 3e-06 0.0 -1e-06 -4.797206 16.986118 -86.216148 1.070785 0.498321 149.731262 2.488894 -1.324676 -33.548817 1.828486 -1.982234 -10.714571 0.0 -0.0 3e-06 -11.546155 -17.602053 -76.174225 -0.048262 -0.062621 153.363068 -17.714722 15.206204 -39.474419 -1.250325 0.615442 -11.044954 -0.0 0.0 -2e-06 
0.0 0.0 0.0 0.0 -0.0 0.0 0.26908 40.88525 1.630726 4.480641 2.229752 3.484716 -0.309494 -1.319793 20.944992 -0.461759 0.078067 3.777396 1.323882 -1.211103 27.568626 11.185563 -3.73793 22.263624 -1.349518 -0.832224 -3.434406 -1.623965 -2.178524 1.16377 7.6e-05 -2.2e-05 5e-06 -0.060136 0.013702 -0.10547 0.64045 -3.752584 -10.801106 -0.749505 3.764089 -10.848206 -7.402768 -12.517886 15.526151 -23.201803 -13.32612 -29.989994 179.224136 -64.175987 -179.36412 17.505125 10.920881 -10.38539 -5.882108 9.861288 0.70259 -10.936876 -0.360573 7.156209 0.0 8.774827 0.0 -15.094404 18.307909 6.407732 -1.844034 2.498505 -2.50728 -10.163603 4.678946 4.621109 -20.97603 1e-06 4e-06 -21.226295 2.4517 -3.594001 2e-06 -6e-06 0.0 -1.362682 2.240798 -0.746322 -21.334919 0.584911 3.008324 -13.82122 -1e-06 3e-06 -23.887178 -0.249076 -0.839483 -60.247059 2.766922 -0.864455 -0.294025 1.679687 0.833256 -14.218214 0.093217 1.300583 -34.212063 -0.28756 0.967172 -20.033222 0.96454 1.212844 -0.0 2e-06 -0.0 -3.44039 0.788233 0.501656 -15.928192 -3.167309 2.999708 -6.338828 -1e-06 0.0 -18.123453 3.648184 -4.90567 -5e-06 1e-06 -2e-06 -0.892901 29.493557 10.168196 5.528717 25.759954 -34.446922 174.983368 71.133324 175.695892 -29.892698 -1.527372 -3.364163 2.243545 -5.255037 -3.180159 14.282898 -0.826596 6.952506 -2e-06 -12.690607 -0.0 15.206194 -17.370987 2.899358 1.665666 -1.955922 -2.878299 4.727804 -4.170588 4.993926 11.020534 3e-06 -1e-06 12.109057 -3.735717 -2.866783 1e-06 0.0 -0.0 1.291985 -1.92855 -1.49809 14.800136 0.567467 3.86561 14.242579 -1.341738 -6.660661 19.631975 0.143925 -0.648246 49.652916 -1.069238 -6.262504 0.353028 -1.511151 -0.03194 20.222801 3.684308 2.316632 18.787283 3e-06 -2e-06 10.751634 -0.47987 1.397906 1e-06 -0.0 -1e-06 3.273808 0.305947 -0.580112 21.486826 11.830376 2.266135 8.162933 0.0 -1e-06 18.399092 -3.798985 -4.940577 3e-06 0.0 -1e-06 -4.627545 17.045174 -86.226669 1.072488 0.498336 149.580002 2.365488 -1.310372 -33.490623 1.836084 -1.976746 -10.747607 0.0 0.0 3e-06 -11.172631 -17.393311 -76.397308 -0.030534 -0.044689 153.315216 -17.918392 15.119056 -39.008995 -1.249948 0.624748 -11.15579 -0.0 0.0 -2e-06 
0.0 0.0 0.0 0.0 -0.0 0.0 0.194325 40.949112 1.568578 4.45966 2.143441 3.436491 -0.355163 -1.26509 20.981728 -0.434439 0.15322 3.73967 1.254058 -1.078719 27.470881 10.708186 -3.455746 22.620487 -1.446639 -1.048463 -3.434844 -1.686065 -2.316161 1.471435 7.7e-05 -2.3e-05 6e-06 -0.050593 0.009768 -0.107686 0.648747 -3.767266 -10.815752 -0.738682 3.769487 -10.867856 -7.098591 -12.362533 15.187213 -23.415085 -12.915444 -31.028925 178.654099 -62.316692 -178.964432 17.471451 10.59084 -10.712934 -5.882109 9.861286 0.702591 -10.936873 -0.360574 7.156208 -1e-06 8.774826 -1e-06 -15.181385 18.171114 6.322693 -1.844032 2.498505 -2.507279 -10.163603 4.678945 4.621109 -20.976028 1e-06 4e-06 -21.22629 2.451698 -3.594 0.0 -5e-06 -0.0 -1.362682 2.240798 -0.746326 -21.334917 0.584911 3.008325 -13.821217 -2e-06 2e-06 -23.887177 -0.249075 -0.839482 -60.138821 2.735553 -0.891282 -0.294025 1.679688 0.833255 -14.218212 0.093216 1.300581 -34.212063 -0.287562 0.967171 -20.033218 0.964539 1.212844 -0.0 -0.0 0.0 -3.440388 0.788234 0.501656 -15.928192 -3.167308 2.999709 -6.338829 0.0 0.0 -18.123453 3.648184 -4.905672 -5e-06 1e-06 -2e-06 -1.000055 29.930788 10.091272 4.538938 25.148109 -35.037968 174.981903 72.194008 175.659286 -29.924576 -0.825483 -3.996968 2.243541 -5.255036 -3.180158 14.282896 -0.826594 6.952503 -1e-06 -12.690601 -1e-06 15.259614 -17.398973 2.879045 1.665667 -1.955921 -2.878298 4.727799 -4.170586 4.993924 11.020528 3e-06 -0.0 12.109052 -3.735717 -2.866785 1e-06 1e-06 -0.0 1.291986 -1.928549 -1.49809 14.800132 0.567467 3.865607 14.242571 -1.341736 -6.660658 19.631969 0.143924 -0.648245 49.707634 -1.10612 -6.286035 0.353028 -1.51115 -0.03194 20.222788 3.684308 2.316631 18.787273 4e-06 -1e-06 10.751629 -0.479868 1.397905 0.0 -0.0 1e-06 3.273807 0.305946 -0.580111 21.486816 11.830371 2.266134 8.162929 1e-06 -2e-06 18.399086 -3.798986 -4.940576 3e-06 -0.0 -1e-06 -4.425489 17.099247 -86.235405 1.06135 0.500416 149.454285 2.254735 -1.192846 -33.417545 1.840344 -1.970077 -10.717314 0.0 0.0 3e-06 -10.808703 -17.237299 -76.614983 -0.030072 -0.044843 153.266388 -18.169596 15.00554 -38.594517 -1.24793 0.624568 -11.324127 -0.0 0.0 -3e-06 
0.0 0.0 0.0 0.0 -0.0 0.0 0.134967 41.008598 1.522182 4.393625 2.028222 3.37511 -0.377997 -1.222242 21.02359 -0.410755 0.228312 3.703151 1.213843 -0.926542 27.335218 10.309368 -3.263021 22.987314 -1.488199 -1.252291 -3.439749 -1.765882 -2.427546 1.722755 7.7e-05 -2.3e-05 6e-06 -0.040113 0.007335 -0.103322 0.663058 -3.777487 -10.81604 -0.731814 3.772687 -10.866714 -6.914653 -12.188402 14.91118 -23.679632 -12.359213 -31.333313 178.33374 -60.341831 -178.726639 16.730183 10.223513 -11.718668 -5.88211 9.861293 0.70259 -10.936875 -0.360573 7.156209 -3e-06 8.77483 -2e-06 -15.207044 18.081131 6.296757 -1.844033 2.498507 -2.50728 -10.163604 4.67895 4.621109 -20.97603 2e-06 0.0 -21.226297 2.4517 -3.594007 0.0 -4e-06 -0.0 -1.362682 2.2408 -0.746323 -21.334921 0.584916 3.008322 -13.821219 -0.0 -0.0 -23.887182 -0.249074 -0.839491 -60.088623 2.672581 -0.913514 -0.294025 1.679688 0.833256 -14.218214 0.093219 1.300582 -34.212059 -0.287555 0.967165 -20.03322 0.96454 1.212838 -0.0 0.0 0.0 -3.44039 0.788235 0.501655 -15.928192 -3.167306 2.99971 -6.338829 1e-06 -0.0 -18.123457 3.648188 -4.905678 -6e-06 1e-06 -1e-06 -1.197907 30.42207 9.971258 3.300673 25.075165 -35.951454 175.06015 73.366013 175.644836 -30.092754 -0.141043 -4.432454 2.243543 -5.255042 -3.180161 14.282904 -0.826598 6.952512 2e-06 -12.690613 -3e-06 15.265063 -17.426077 2.864361 1.665667 -1.955923 -2.878301 4.727805 -4.17059 4.993927 11.020538 2e-06 0.0 12.109061 -3.735721 -2.866789 -0.0 1e-06 -1e-06 1.291987 -1.928552 -1.498091 14.800142 0.567467 3.865613 14.242585 -1.341741 -6.660665 19.631985 0.143921 -0.648246 49.74947 -1.133833 -6.303359 0.35303 -1.511152 -0.03194 20.222811 3.684309 2.316635 18.787289 2e-06 -2e-06 10.751637 -0.47987 1.397907 0.0 -1e-06 -0.0 3.27381 0.305947 -0.58011 21.486834 11.830379 2.266141 8.162935 -1e-06 -1e-06 18.399099 -3.79899 -4.940581 3e-06 0.0 0.0 -4.188784 17.136852 -86.200684 1.040279 0.501116 149.375488 2.130261 -1.02529 -33.297485 1.842162 -1.967244 -10.699026 0.0 -0.0 3e-06 -10.474977 -17.128658 -76.764702 -0.040712 -0.05814 153.205933 -18.451925 14.829621 -38.267452 -1.243988 0.615326 -11.507163 -0.0 0.0 -2e-06 
0.0 0.0 0.0 0.0 -0.0 0.0 0.083628 41.092468 1.502047 4.27843 1.920682 3.321803 -0.368857 -1.198019 21.047188 -0.395462 0.293955 3.668283 1.222917 -0.78418 27.183868 10.019823 -3.180677 23.281048 -1.495685 -1.394806 -3.446069 -1.828503 -2.53281 1.894654 7.7e-05 -2.3e-05 6e-06 -0.037558 0.007176 -0.095702 0.671793 -3.78219 -10.808003 -0.73515 3.775102 -10.852809 -6.870246 -11.976257 14.780025 -24.015295 -11.780822 -30.970387 178.265701 -58.582218 -178.637985 15.779107 9.922624 -12.942407 -5.88211 9.861293 0.70259 -10.936875 -0.360573 7.156209 -2e-06 8.774828 -1e-06 -15.17503 18.043249 6.347719 -1.844033 2.498507 -2.50728 -10.163604 4.678949 4.621111 -20.976034 1e-06 -1e-06 -21.226299 2.451699 -3.594006 1e-06 -4e-06 -0.0 -1.362682 2.2408 -0.746324 -21.334923 0.584914 3.008324 -13.821218 -1e-06 -1e-06 -23.887184 -0.249076 -0.839487 -60.163406 2.621868 -0.919756 -0.294025 1.679688 0.833255 -14.218215 0.093218 1.300581 -34.212067 -0.287557 0.967167 -20.033222 0.964541 1.212841 -0.0 -1e-06 -0.0 -3.44039 0.788234 0.501656 -15.928189 -3.167308 2.99971 -6.338829 2e-06 1e-06 -18.123455 3.648187 -4.905676 -5e-06 1e-06 -3e-06 -1.487248 30.898417 9.810524 2.077038 25.432665 -36.862041 175.125305 74.705925 175.609131 -30.227211 0.441643 -4.688026 2.243545 -5.255043 -3.180162 14.282905 -0.826594 6.952508 -1e-06 -12.690611 -6e-06 15.240483 -17.435671 2.867807 1.665668 -1.955925 -2.878302 4.727805 -4.170589 4.993926 11.02054 3e-06 1e-06 12.109063 -3.735719 -2.866788 1e-06 1e-06 -1e-06 1.291987 -1.928551 -1.498091 14.800142 0.567468 3.865613 14.242584 -1.341742 -6.660664 19.631985 0.143921 -0.648245 49.751919 -1.136884 -6.299252 0.353031 -1.511153 -0.031941 20.222815 3.684311 2.316636 18.787292 2e-06 1e-06 10.751639 -0.47987 1.397909 0.0 -0.0 1e-06 3.273811 0.305948 -0.58011 21.486835 11.830379 2.266141 8.162937 2e-06 -0.0 18.399103 -3.798987 -4.940581 3e-06 0.0 -1e-06 -3.861172 17.123186 -86.094704 1.02934 0.497098 149.293762 1.963273 -0.915941 -33.178722 1.838475 -1.967098 -10.66144 1e-06 -0.0 3e-06 -10.165928 -17.089691 -76.80014 -0.073138 -0.083681 153.102493 -18.772079 14.593623 -38.017513 -1.239588 0.599831 -11.625375 -0.0 -0.0 -2e-06 
0.0 0.0 0.0 0.0 -0.0 0.0 0.038706 41.191364 1.495945 4.153316 1.860115 3.295812 -0.34127 -1.202932 21.049442 -0.389066 0.353381 3.627466 1.267592 -0.676932 27.044685 9.851365 -3.197632 23.461084 -1.479136 -1.469226 -3.443962 -1.876724 -2.616615 1.986775 7.7e-05 -2.2e-05 6e-06 -0.044685 0.009338 -0.086859 0.670386 -3.782302 -10.798656 -0.747799 3.778384 -10.836538 -6.929099 -11.735952 14.759016 -24.415403 -11.289404 -30.185253 178.41069 -57.221828 -178.699753 14.881642 9.697325 -14.052254 -5.88211 9.861294 0.70259 -10.936878 -0.360573 7.156215 -2e-06 8.774832 -1e-06 -15.082191 18.053728 6.459776 -1.844033 2.498507 -2.507281 -10.163608 4.678951 4.621117 -20.97604 1e-06 3e-06 -21.226303 2.451703 -3.594006 1e-06 -4e-06 -0.0 -1.362684 2.2408 -0.746325 -21.334929 0.584914 3.008328 -13.821223 -0.0 2e-06 -23.887184 -0.249073 -0.839485 -60.334934 2.60939 -0.902272 -0.294025 1.679688 0.833256 -14.218217 0.093218 1.300583 -34.212074 -0.287557 0.967172 -20.03323 0.964542 1.212844 -0.0 -1e-06 -0.0 -3.440391 0.788235 0.501657 -15.928198 -3.16731 2.999713 -6.338829 -0.0 0.0 -18.123459 3.648189 -4.905674 -4e-06 2e-06 -2e-06 -1.826394 31.312849 9.63098 1.06047 26.038069 -37.613457 174.952805 76.12793 175.348068 -30.244225 0.93129 -4.803206 2.243545 -5.255043 -3.180161 14.282907 -0.826597 6.952509 0.0 -12.690614 -3e-06 15.201893 -17.422153 2.876771 1.665667 -1.955925 -2.878302 4.727805 -4.170591 4.993927 11.020536 1e-06 -1e-06 12.109063 -3.73572 -2.866789 2e-06 2e-06 -0.0 1.291986 -1.928552 -1.498092 14.800142 0.567467 3.865612 14.242587 -1.34174 -6.660667 19.63199 0.143924 -0.648247 49.712357 -1.116473 -6.299686 0.35303 -1.511153 -0.03194 20.222813 3.684311 2.316633 18.787291 2e-06 -2e-06 10.751639 -0.47987 1.397905 0.0 1e-06 0.0 3.27381 0.305946 -0.580111 21.486834 11.830381 2.266135 8.162937 2e-06 -0.0 18.399105 -3.798989 -4.940582 3e-06 0.0 -0.0 -3.522798 17.025938 -85.994911 1.030245 0.485726 149.202103 1.749945 -0.878583 -33.036552 1.835923 -1.976563 -10.616945 0.0 0.0 3e-06 -9.909593 -17.122473 -76.772362 -0.122055 -0.107344 152.975449 -19.099878 14.344617 -37.833599 -1.234995 0.580482 -11.712298 -0.0 0.0 -2e-06 
0.0 0.0 0.0 0.0 -0.0 0.0 -0.003979 41.275318 1.494022 4.035964 1.859581 3.284836 -0.312303 -1.236474 21.045191 -0.385897 0.395811 3.592947 1.323883 -0.598936 26.924534 9.80556 -3.314517 23.540131 -1.446328 -1.474579 -3.438214 -1.897249 -2.659392 2.019605 7.7e-05 -2.3e-05 7e-06 -0.056488 0.011188 -0.081646 0.662014 -3.780701 -10.793064 -0.762999 3.780447 -10.826006 -7.057127 -11.496931 14.817737 -24.825006 -10.889676 -29.263067 178.661194 -56.267883 -178.848694 14.055861 9.499626 -15.106335 -5.882111 9.861292 0.702588 -10.936875 -0.360574 7.156208 -1e-06 8.774829 -2e-06 -14.992972 18.090616 6.581607 -1.844033 2.498507 -2.507279 -10.163605 4.678948 4.621108 -20.976034 2e-06 -1e-06 -21.226297 2.4517 -3.594008 1e-06 -6e-06 0.0 -1.362682 2.2408 -0.746324 -21.334923 0.584914 3.008323 -13.821218 -1e-06 -2e-06 -23.887178 -0.249076 -0.839488 -60.528732 2.637119 -0.88153 -0.294025 1.679688 0.833255 -14.218215 0.093217 1.30058 -34.212067 -0.287561 0.967164 -20.033226 0.964537 1.21284 -0.0 -1e-06 -0.0 -3.440389 0.788234 0.501656 -15.928192 -3.167309 2.999709 -6.338829 0.0 -0.0 -18.123457 3.648187 -4.905676 -4e-06 -1e-06 -2e-06 -2.136049 31.619736 9.461394 0.348067 26.753407 -38.108879 174.391586 77.532845 174.7332 -30.109322 1.319171 -4.993621 2.243542 -5.255041 -3.180161 14.2829 -0.826595 6.952509 -0.0 -12.690609 -2e-06 15.183379 -17.398785 2.884893 1.665667 -1.955924 -2.878302 4.727803 -4.170591 4.993926 11.020532 1e-06 -0.0 12.109058 -3.73572 -2.866787 2e-06 1e-06 -0.0 1.291987 -1.92855 -1.49809 14.800136 0.567467 3.865611 14.242579 -1.34174 -6.660663 19.631979 0.143924 -0.648246 49.672554 -1.075576 -6.295482 0.353029 -1.511152 -0.03194 20.222803 3.684311 2.316632 18.787287 3e-06 0.0 10.751636 -0.47987 1.397908 0.0 0.0 0.0 3.273808 0.305946 -0.58011 21.486828 11.830379 2.266138 8.162931 1e-06 0.0 18.399096 -3.798988 -4.940578 3e-06 0.0 -1e-06 -3.206198 16.884516 -85.936333 1.040684 0.468156 149.12236 1.525008 -0.876801 -32.907349 1.834726 -1.990898 -10.566775 0.0 0.0 3e-06 -9.695916 -17.198524 -76.706299 -0.174209 -0.126172 152.861206 -19.413391 14.1409 -37.741001 -1.234447 0.566519 -11.771299 -0.0 0.0 -2e-06 
0.0 0.0 0.0 0.0 -0.0 0.0 -0.040768 41.348946 1.490759 3.946485 1.90822 3.288994 -0.287853 -1.28604 21.023983 -0.389743 0.422195 3.572878 1.373556 -0.553846 26.841663 9.866214 -3.473825 23.530565 -1.40305 -1.439944 -3.435956 -1.879152 -2.682889 2.018364 7.7e-05 -2.2e-05 6e-06 -0.064973 0.011761 -0.079615 0.656139 -3.781998 -10.789942 -0.774069 3.783513 -10.822246 -7.236538 -11.294582 14.931952 -25.234087 -10.554261 -28.404778 178.924301 -55.608711 -179.006714 13.352665 9.278988 -16.144196 -5.882106 9.861286 0.702592 -10.936873 -0.360575 7.156211 1e-06 8.774827 -1e-06 -14.951621 18.109766 6.652805 -1.844031 2.498505 -2.507279 -10.163603 4.678944 4.621113 -20.976027 -5e-06 6e-06 -21.226292 2.451696 -3.593997 1e-06 -5e-06 -0.0 -1.362681 2.240798 -0.746323 -21.334917 0.584909 3.00833 -13.821215 -2e-06 4e-06 -23.887175 -0.249078 -0.839479 -60.652943 2.671926 -0.853849 -0.294025 1.679687 0.833257 -14.218214 0.093214 1.300584 -34.212059 -0.287563 0.96718 -20.033218 0.964538 1.212848 -0.0 -1e-06 -0.0 -3.440389 0.788233 0.501659 -15.928189 -3.16731 2.999711 -6.338825 0.0 2e-06 -18.123444 3.648184 -4.905666 -3e-06 -0.0 -2e-06 -2.360232 31.836174 9.361113 -0.046138 27.440481 -38.3489 173.579575 78.811958 173.899551 -29.846092 1.623324 -5.356773 2.243541 -5.255037 -3.180156 14.282892 -0.826594 6.952505 -1e-06 -12.690601 0.0 15.2011 -17.374495 2.888541 1.665666 -1.955919 -2.878298 4.7278 -4.170585 4.993925 11.020526 2e-06 1e-06 12.109052 -3.735715 -2.866782 1e-06 2e-06 -0.0 1.291983 -1.928549 -1.498088 14.800129 0.567469 3.865608 14.242571 -1.341735 -6.660653 19.631968 0.143925 -0.648242 49.647728 -1.040784 -6.293859 0.353028 -1.51115 -0.03194 20.222794 3.68431 2.316632 18.78727 4e-06 1e-06 10.751628 -0.479868 1.397906 -0.0 1e-06 -0.0 3.273807 0.305948 -0.58011 21.486813 11.830373 2.266135 8.162926 2e-06 -1e-06 18.39908 -3.798985 -4.940572 3e-06 -0.0 -1e-06 -2.959769 16.729342 -85.915649 1.056161 0.45221 149.032486 1.307763 -0.866863 -32.830845 1.835771 -2.006173 -10.513701 0.0 1e-06 3e-06 -9.523823 -17.283335 -76.63427 -0.217344 -0.137817 152.742233 -19.660486 13.988962 -37.774399 -1.239706 0.561505 -11.823084 -0.0 0.0 -2e-06 
0.0 0.0 0.0 0.0 -0.0 0.0 -0.068148 41.40501 1.482352 3.893849 1.969336 3.308632 -0.270651 -1.340351 21.007759 -0.394775 0.441917 3.570585 1.402851 -0.543861 26.778753 9.985819 -3.616984 23.463175 -1.362916 -1.393744 -3.436937 -1.818318 -2.693003 1.948011 7.7e-05 -2.3e-05 6e-06 -0.073945 0.012839 -0.079533 0.646394 -3.780263 -10.782948 -0.782548 3.784876 -10.818442 -7.416345 -11.127236 15.050476 -25.66028 -10.259787 -27.693542 179.130722 -55.135674 -179.143951 12.828379 9.023147 -17.095428 -5.882108 9.861285 0.70259 -10.93687 -0.360574 7.156204 -0.0 8.774824 -0.0 -14.922268 18.093817 6.68599 -1.844032 2.498504 -2.507277 -10.163599 4.678946 4.621109 -20.976025 1e-06 0.0 -21.22629 2.451699 -3.594002 0.0 -5e-06 -0.0 -1.362682 2.240798 -0.746323 -21.334913 0.584913 3.008323 -13.821213 -1e-06 2e-06 -23.887171 -0.249078 -0.839485 -60.684074 2.684897 -0.830812 -0.294026 1.679687 0.833257 -14.218208 0.093217 1.300581 -34.212051 -0.287559 0.967167 -20.033215 0.964539 1.212841 0.0 -1e-06 -0.0 -3.440389 0.788233 0.501656 -15.928185 -3.167307 2.999708 -6.338827 1e-06 1e-06 -18.123444 3.648185 -4.905673 -3e-06 0.0 -2e-06 -2.478533 31.976767 9.310698 -0.141102 27.995243 -38.303329 172.802246 79.870377 173.118835 -29.497549 1.842915 -5.797865 2.243543 -5.255036 -3.180158 14.282887 -0.826593 6.952502 -1e-06 -12.690601 -1e-06 15.229447 -17.347261 2.879729 1.665666 -1.955922 -2.878299 4.727799 -4.170586 4.993923 11.020526 3e-06 -2e-06 12.109052 -3.735715 -2.866785 2e-06 1e-06 0.0 1.291984 -1.928551 -1.49809 14.800125 0.567467 3.865606 14.242571 -1.341737 -6.660661 19.631962 0.143925 -0.648247 49.600868 -1.016032 -6.291463 0.353029 -1.51115 -0.031939 20.222786 3.684309 2.316629 18.78727 4e-06 -2e-06 10.751625 -0.479867 1.397905 0.0 1e-06 1e-06 3.273807 0.305947 -0.580111 21.486813 11.830373 2.266133 8.162926 3e-06 -1e-06 18.39908 -3.798982 -4.940576 3e-06 -0.0 -0.0 -2.803802 16.59009 -85.944908 1.071022 0.444759 148.957275 1.115363 -0.849051 -32.745907 1.835256 -2.012066 -10.492066 0.0 -1e-06 3e-06 -9.386137 -17.343687 -76.611588 -0.24079 -0.142208 152.644547 -19.844862 13.826839 -37.843998 -1.251096 0.56678 -11.861093 0.0 -0.0 -2e-06 
0.0 0.0 0.0 0.0 -0.0 0.0 -0.087237 41.446972 1.47967 3.875094 2.038003 3.3318 -0.262724 -1.393128 21.004045 -0.398211 0.456805 3.579182 1.417622 -0.567823 26.746649 10.154694 -3.711653 23.321728 -1.324551 -1.366259 -3.439141 -1.71657 -2.7034 1.841669 7.7e-05 -2.3e-05 6e-06 -0.086447 0.015957 -0.079882 0.632287 -3.776442 -10.777684 -0.794022 3.788291 -10.818066 -7.593032 -10.985724 15.183907 -26.075966 -9.975183 -27.231207 179.33252 -54.752766 -179.324249 12.408038 8.765953 -17.883808 -5.882113 9.861294 0.70259 -10.936879 -0.360573 7.156213 -0.0 8.77483 -1e-06 -14.887251 18.058981 6.698723 -1.844035 2.498507 -2.507281 -10.16361 4.67895 4.621113 -20.97604 -0.0 2e-06 -21.226307 2.4517 -3.594007 0.0 -6e-06 -0.0 -1.362684 2.2408 -0.746324 -21.33493 0.584915 3.008326 -13.821225 1e-06 2e-06 -23.887188 -0.249076 -0.839488 -60.650127 2.67658 -0.80522 -0.294026 1.679689 0.833257 -14.218221 0.093218 1.300583 -34.212078 -0.287557 0.967169 -20.03323 0.964539 1.212842 0.0 -0.0 0.0 -3.440393 0.788235 0.501656 -15.928201 -3.167308 2.999711 -6.338831 -0.0 0.0 -18.123461 3.648188 -4.905676 -4e-06 -1e-06 -2e-06 -2.486458 32.043636 9.292574 0.019609 28.37615 -38.063938 171.916916 80.704025 172.230499 -29.080576 2.043744 -6.284421 2.243543 -5.255042 -3.180161 14.282896 -0.826592 6.952507 1e-06 -12.690609 -4e-06 15.25037 -17.315527 2.868836 1.665666 -1.955924 -2.878301 4.727801 -4.170588 4.993925 11.020535 3e-06 -1e-06 12.109058 -3.735718 -2.866788 1e-06 2e-06 0.0 1.291985 -1.928553 -1.498092 14.800138 0.56747 3.865612 14.242579 -1.341737 -6.660663 19.631975 0.143925 -0.648245 49.529869 -0.994468 -6.271075 0.35303 -1.511151 -0.03194 20.222801 3.684311 2.316633 18.787283 4e-06 -2e-06 10.751631 -0.479868 1.397907 0.0 1e-06 1e-06 3.273809 0.305948 -0.58011 21.486824 11.83038 2.266137 8.16293 3e-06 -0.0 18.399092 -3.798985 -4.940577 3e-06 0.0 -0.0 -2.736494 16.475863 -85.976601 1.075671 0.443157 148.894241 0.958456 -0.857484 -32.689327 1.837997 -2.020566 -10.442572 0.0 1e-06 3e-06 -9.277943 -17.397724 -76.591324 -0.239405 -0.140744 152.572311 -20.002663 13.649521 -37.930477 -1.264481 0.577035 -11.879045 0.0 -0.0 -3e-06 
0.0 0.0 0.0 0.0 -0.0 0.0 -0.094977 41.47229 1.477225 3.885771 2.116074 3.366355 -0.260627 -1.434457 21.007425 -0.406928 0.460807 3.583354 1.432606 -0.616959 26.746864 10.353909 -3.768203 23.132689 -1.297154 -1.358646 -3.442208 -1.575885 -2.699728 1.704285 7.7e-05 -2.3e-05 6e-06 -0.095826 0.020034 -0.081091 0.623693 -3.77167 -10.775758 -0.804511 3.79221 -10.815824 -7.776055 -10.864544 15.344054 -26.430218 -9.686305 -27.025116 179.511185 -54.436604 -179.458847 12.056173 8.550676 -18.530853 -5.88211 9.861292 0.702588 -10.936875 -0.360576 7.156206 -2e-06 8.774828 -2e-06 -14.874366 18.02832 6.704375 -1.844034 2.498506 -2.507278 -10.163603 4.678947 4.621109 -20.976028 1e-06 1e-06 -21.226295 2.451703 -3.594004 -1e-06 -6e-06 -0.0 -1.362682 2.2408 -0.746323 -21.334917 0.584914 3.008324 -13.821217 1e-06 2e-06 -23.887175 -0.249076 -0.839486 -60.625469 2.646989 -0.775338 -0.294025 1.679688 0.833256 -14.218212 0.093217 1.300581 -34.212059 -0.287559 0.967168 -20.03322 0.964539 1.212842 -0.0 -0.0 0.0 -3.440388 0.788234 0.501656 -15.928189 -3.167309 2.99971 -6.338828 -0.0 1e-06 -18.123449 3.648189 -4.905674 -5e-06 -0.0 -2e-06 -2.37945 32.047245 9.314178 0.395561 28.535646 -37.632271 171.042206 81.324142 171.370621 -28.615862 2.284603 -6.849296 2.243544 -5.255039 -3.180158 14.282889 -0.826595 6.952499 1e-06 -12.690603 -3e-06 15.271388 -17.295534 2.862741 1.665666 -1.955922 -2.878299 4.727798 -4.170587 4.993922 11.020528 2e-06 -2e-06 12.109055 -3.735715 -2.866787 1e-06 1e-06 0.0 1.291985 -1.928549 -1.49809 14.800125 0.567468 3.865606 14.242569 -1.341737 -6.660659 19.631962 0.143926 -0.648248 49.469349 -0.954616 -6.248524 0.353028 -1.511151 -0.03194 20.222794 3.684309 2.316628 18.78727 4e-06 -3e-06 10.751627 -0.479868 1.397904 0.0 0.0 1e-06 3.273808 0.305948 -0.58011 21.486813 11.830373 2.266132 8.162927 1e-06 -2e-06 18.399078 -3.798984 -4.940577 3e-06 0.0 0.0 -2.769825 16.378609 -86.019638 1.071917 0.443719 148.81517 0.8193 -0.88235 -32.792538 1.842942 -2.031602 -10.35269 0.0 1e-06 3e-06 -9.217899 -17.471569 -76.595818 -0.224132 -0.131385 152.527893 -20.13969 13.507936 -38.021896 -1.27511 0.587552 -11.899751 -0.0 -0.0 -3e-06 
0.0 0.0 0.0 0.0 -0.0 0.0 -0.087945 41.46714 1.479405 3.909286 2.193738 3.400949 -0.251536 -1.456326 21.025053 -0.425402 0.454173 3.587732 1.448188 -0.677818 26.780659 10.560646 -3.798867 22.93766 -1.267849 -1.365826 -3.447164 -1.432227 -2.667146 1.549869 7.7e-05 -2.3e-05 6e-06 -0.101821 0.024048 -0.084287 0.622634 -3.768544 -10.782682 -0.815715 3.797369 -10.820477 -7.959774 -10.768683 15.525978 -26.719322 -9.383095 -27.149075 179.749252 -54.179409 -179.635132 11.837531 8.378397 -19.028172 -5.882113 9.861293 0.702588 -10.936877 -0.360574 7.156208 0.0 8.774831 -2e-06 -14.895649 18.00651 6.70634 -1.844032 2.498507 -2.507279 -10.163604 4.678949 4.621109 -20.976038 0.0 0.0 -21.226301 2.451699 -3.594008 0.0 -7e-06 0.0 -1.362684 2.2408 -0.746325 -21.33493 0.584913 3.008323 -13.821223 -1e-06 1e-06 -23.887184 -0.249076 -0.839489 -60.625526 2.60218 -0.738289 -0.294025 1.679687 0.833256 -14.218217 0.093217 1.30058 -34.212067 -0.287561 0.967165 -20.033226 0.964538 1.212841 -0.0 -0.0 0.0 -3.44039 0.788234 0.501656 -15.928196 -3.167309 2.999708 -6.338831 0.0 0.0 -18.123459 3.648187 -4.905678 -5e-06 -0.0 -2e-06 -2.205806 31.979349 9.381075 0.933175 28.459507 -37.100559 170.064621 81.782669 170.434113 -28.145952 2.539646 -7.54717 2.243541 -5.25504 -3.180161 14.282894 -0.826594 6.952505 -1e-06 -12.690605 -2e-06 15.295746 -17.289646 2.863064 1.665668 -1.955923 -2.878301 4.7278 -4.170586 4.993925 11.020529 2e-06 -2e-06 12.109054 -3.735716 -2.86679 1e-06 1e-06 0.0 1.291985 -1.92855 -1.49809 14.800132 0.567469 3.865608 14.242576 -1.341736 -6.660665 19.631969 0.143927 -0.648248 49.454483 -0.909896 -6.233697 0.35303 -1.51115 -0.031941 20.222792 3.684309 2.316632 18.787273 5e-06 -4e-06 10.75163 -0.479869 1.397905 -0.0 -0.0 -0.0 3.273807 0.305947 -0.580111 21.486816 11.830376 2.266134 8.162928 1e-06 -2e-06 18.399084 -3.798983 -4.940577 3e-06 0.0 -1e-06 -2.850204 16.298086 -86.059898 1.071745 0.446624 148.759903 0.72461 -0.90246 -33.012207 1.850332 -2.046248 -10.248229 0.0 1e-06 3e-06 -9.250385 -17.538273 -76.593246 -0.211467 -0.122097 152.537216 -20.302509 13.406785 -38.112434 -1.281558 0.596483 -11.982504 -0.0 0.0 -2e-06 
0.0 0.0 0.0 0.0 -0.0 0.0 -0.065879 41.433109 1.487513 3.943304 2.251068 3.413152 -0.244853 -1.455018 21.053686 -0.452594 0.438962 3.609628 1.458894 -0.748822 26.852465 10.761141 -3.817765 22.767361 -1.234451 -1.373944 -3.446948 -1.307988 -2.628552 1.403774 7.7e-05 -2.3e-05 6e-06 -0.102195 0.026315 -0.087646 0.628498 -3.76777 -10.791608 -0.822642 3.8018 -10.828031 -8.150517 -10.670906 15.704174 -26.945824 -9.073565 -27.568796 179.999603 -53.963776 -179.796265 11.834559 8.204276 -19.337639 -5.882108 9.86129 0.702589 -10.936873 -0.360573 7.156206 1e-06 8.774826 -1e-06 -14.907633 17.979603 6.707911 -1.844033 2.498506 -2.507278 -10.163603 4.678948 4.621108 -20.976027 -1e-06 -3e-06 -21.226292 2.451699 -3.594006 0.0 -5e-06 0.0 -1.362682 2.240799 -0.746324 -21.334917 0.584912 3.008321 -13.821215 -0.0 -1e-06 -23.887175 -0.249079 -0.839487 -60.584366 2.575452 -0.688606 -0.294024 1.679687 0.833257 -14.218212 0.093216 1.30058 -34.212051 -0.287562 0.967165 -20.033215 0.964536 1.21284 0.0 -0.0 0.0 -3.440388 0.788234 0.501654 -15.928185 -3.167309 2.999706 -6.338827 0.0 0.0 -18.123453 3.648185 -4.905675 -4e-06 -1e-06 -2e-06 -2.009824 31.867607 9.448443 1.553006 28.16186 -36.494484 169.159256 82.155724 169.582245 -27.718901 2.783284 -8.340702 2.243543 -5.255041 -3.180161 14.282896 -0.826597 6.952507 3e-06 -12.690607 -2e-06 15.310723 -17.287338 2.866412 1.665668 -1.955925 -2.878301 4.727802 -4.17059 4.993926 11.020534 -1e-06 -3e-06 12.109059 -3.73572 -2.866788 0.0 2e-06 -0.0 1.291987 -1.92855 -1.49809 14.800132 0.567466 3.865611 14.242577 -1.34174 -6.660664 19.631973 0.143921 -0.648247 49.476376 -0.900971 -6.227751 0.35303 -1.511151 -0.031941 20.222797 3.684307 2.316631 18.787277 0.0 -3e-06 10.751631 -0.479871 1.397907 0.0 -0.0 -1e-06 3.27381 0.305947 -0.580111 21.486818 11.830376 2.266136 8.16293 -1e-06 -1e-06 18.399092 -3.798989 -4.94058 3e-06 0.0 -0.0 -2.933003 16.243979 -86.078896 1.087936 0.448518 148.778671 0.675097 -0.894698 -33.135479 1.858439 -2.062632 -10.219995 0.0 0.0 3e-06 -9.379417 -17.581324 -76.560188 -0.201995 -0.111724 152.602844 -20.483627 13.353132 -38.171646 -1.284747 0.605443 -12.081423 -0.0 0.0 -2e-06 
0.0 0.0 0.0 0.0 -0.0 0.0 -0.031217 41.362827 1.500147 3.960968 2.300568 3.413486 -0.236164 -1.439304 21.075666 -0.482037 0.4195 3.649432 1.48204 -0.834534 26.958973 10.950884 -3.846217 22.674694 -1.218833 -1.358309 -3.441992 -1.172335 -2.605548 1.261665 7.6e-05 -2.2e-05 6e-06 -0.104437 0.028144 -0.090272 0.629285 -3.766951 -10.798199 -0.828496 3.805809 -10.836999 -8.329413 -10.577662 15.855065 -27.163612 -8.754893 -28.311852 -179.740723 -53.745514 -179.970245 12.079051 8.069544 -19.439556 -5.882109 9.861292 0.702591 -10.936875 -0.360573 7.156211 -1e-06 8.774828 -0.0 -14.903567 17.921864 6.698792 -1.844033 2.498507 -2.507279 -10.163602 4.678948 4.621112 -20.976032 1e-06 2e-06 -21.226297 2.4517 -3.594004 1e-06 -6e-06 1e-06 -1.362682 2.240798 -0.746324 -21.334921 0.584912 3.008326 -13.821218 1e-06 2e-06 -23.887175 -0.249076 -0.839485 -60.526562 2.571324 -0.644829 -0.294026 1.679688 0.833255 -14.218214 0.093217 1.300582 -34.212055 -0.287559 0.967168 -20.033222 0.964539 1.212843 -0.0 -0.0 0.0 -3.440388 0.788234 0.501656 -15.928189 -3.16731 2.999709 -6.338826 1e-06 2e-06 -18.123453 3.648185 -4.905674 -3e-06 0.0 -2e-06 -1.826284 31.695805 9.486745 2.234345 27.667532 -35.752071 168.511139 82.534439 169.002304 -27.276114 2.949289 -9.09368 2.243543 -5.255035 -3.180158 14.282892 -0.826597 6.952504 0.0 -12.690601 2e-06 15.34088 -17.298288 2.879107 1.665666 -1.955921 -2.878298 4.727799 -4.170588 4.993925 11.020532 2e-06 -1e-06 12.109056 -3.735716 -2.866783 0.0 1e-06 0.0 1.291985 -1.928549 -1.498088 14.800132 0.567465 3.865608 14.242576 -1.341738 -6.660657 19.631973 0.143922 -0.648246 49.528915 -0.91804 -6.237425 0.353029 -1.511151 -0.03194 20.222797 3.684306 2.316629 18.787279 1e-06 -3e-06 10.751633 -0.47987 1.397906 -0.0 -0.0 -1e-06 3.273807 0.305947 -0.580109 21.486816 11.830372 2.266131 8.16293 -1e-06 -2e-06 18.399088 -3.798986 -4.940576 3e-06 0.0 -1e-06 -3.003584 16.22007 -86.116028 1.112652 0.446554 148.880463 0.65746 -0.903236 -33.180317 1.864315 -2.07562 -10.219851 0.0 0.0 3e-06 -9.54215 -17.621582 -76.507248 -0.192436 -0.100604 152.70636 -20.700624 13.340508 -38.317936 -1.286987 0.613762 -12.152266 0.0 -0.0 -3e-06 
0.0 0.0 0.0 0.0 -0.0 0.0 0.014777 41.281979 1.513079 3.962225 2.323542 3.411527 -0.220891 -1.415092 21.086771 -0.504013 0.397611 3.681965 1.50009 -0.920915 27.082317 11.095065 -3.898161 22.712894 -1.216186 -1.328867 -3.425008 -0.999098 -2.592654 1.15134 7.7e-05 -2.2e-05 6e-06 -0.113 0.030487 -0.09156 0.621125 -3.765392 -10.806123 -0.838114 3.81003 -10.847359 -8.463462 -10.488803 15.952778 -27.441305 -8.445189 -29.345335 -179.494019 -53.485081 179.82988 12.553247 7.972018 -19.245552 -5.882108 9.86129 0.70259 -10.936875 -0.360575 7.156213 0.0 8.774828 -2e-06 -14.897768 17.846951 6.668093 -1.844032 2.498506 -2.507278 -10.163602 4.678946 4.62111 -20.976025 -1e-06 4e-06 -21.22629 2.451701 -3.594001 0.0 -5e-06 0.0 -1.362682 2.240799 -0.746325 -21.334919 0.58491 3.008327 -13.821217 -2e-06 4e-06 -23.887175 -0.249077 -0.839482 -60.48521 2.567148 -0.632071 -0.294025 1.679688 0.833255 -14.218212 0.093215 1.300583 -34.212059 -0.287562 0.967174 -20.033218 0.964539 1.212845 -0.0 -1e-06 -0.0 -3.440389 0.788234 0.501657 -15.928187 -3.16731 2.99971 -6.338829 -0.0 2e-06 -18.123451 3.648185 -4.905673 -3e-06 -0.0 -2e-06 -1.647196 31.477921 9.506481 2.955631 27.005589 -34.906151 167.815079 82.901207 168.399506 -26.878744 3.006664 -9.626826 2.243544 -5.255038 -3.180159 14.282892 -0.826595 6.952506 0.0 -12.690603 -3e-06 15.379061 -17.337282 2.903193 1.665667 -1.955922 -2.878299 4.727798 -4.170588 4.993924 11.020528 1e-06 -1e-06 12.109053 -3.735718 -2.866787 0.0 1e-06 1e-06 1.291986 -1.928549 -1.498089 14.800127 0.567467 3.865608 14.24257 -1.34174 -6.66066 19.631968 0.143923 -0.648246 49.601215 -0.947698 -6.252011 0.353029 -1.511151 -0.031941 20.222794 3.684308 2.316632 18.787273 2e-06 -1e-06 10.751629 -0.479869 1.397906 0.0 0.0 -1e-06 3.273804 0.305946 -0.580111 21.486813 11.830373 2.266135 8.162927 1e-06 0.0 18.399082 -3.798987 -4.940577 3e-06 0.0 -1e-06 -3.072147 16.214312 -86.1567 1.139735 0.441649 149.013672 0.617338 -0.946733 -33.201645 1.878273 -2.095573 -10.24558 0.0 0.0 3e-06 -9.694897 -17.650635 -76.473221 -0.178411 -0.082975 152.808228 -20.906956 13.38518 -38.508362 -1.28164 0.611578 -12.144042 -0.0 0.0 -2e-06 
0.0 0.0 0.0 0.0 -0.0 0.0 0.075451 41.205017 1.514699 3.950693 2.322557 3.397687 -0.207167 -1.39893 21.08987 -0.505224 0.369981 3.704338 1.495213 -0.985285 27.184835 11.177808 -3.985672 22.91164 -1.23595 -1.284039 -3.404643 -0.854786 -2.574878 1.073218 7.7e-05 -2.3e-05 6e-06 -0.124893 0.031755 -0.092591 0.604903 -3.7649 -10.814266 -0.846294 3.812828 -10.859691 -8.566281 -10.405114 16.017294 -27.800428 -8.168496 -30.630541 -179.318115 -53.130859 179.662903 13.283125 7.867089 -18.795544 -5.882107 9.861288 0.702589 -10.936872 -0.360574 7.156205 0.0 8.774827 -1e-06 -14.904557 17.776348 6.615111 -1.844033 2.498505 -2.507278 -10.163599 4.678946 4.621109 -20.976021 -1e-06 -0.0 -21.226286 2.451697 -3.594003 1e-06 -6e-06 -0.0 -1.362682 2.240799 -0.746324 -21.334909 0.584912 3.008323 -13.821212 -1e-06 1e-06 -23.887167 -0.249079 -0.839486 -60.447018 2.556725 -0.649942 -0.294025 1.679688 0.833256 -14.218207 0.093217 1.300581 -34.212048 -0.287561 0.967167 -20.033215 0.964538 1.212842 -0.0 -1e-06 0.0 -3.440389 0.788234 0.501656 -15.928185 -3.167309 2.999708 -6.338828 1e-06 1e-06 -18.123447 3.648185 -4.905675 -4e-06 1e-06 -2e-06 -1.437927 31.202692 9.563113 3.67085 26.299046 -34.043831 166.903671 83.223763 167.604187 -26.631865 2.971363 -10.038345 2.243545 -5.255039 -3.18016 14.282896 -0.826596 6.952505 1e-06 -12.690607 -1e-06 15.418945 -17.38772 2.91105 1.665668 -1.955923 -2.878299 4.727802 -4.170588 4.993924 11.020534 3e-06 -2e-06 12.109056 -3.735718 -2.866785 0.0 1e-06 -1e-06 1.291986 -1.92855 -1.49809 14.800136 0.567467 3.865611 14.24258 -1.341738 -6.660662 19.631981 0.143923 -0.648246 49.666824 -0.959773 -6.268557 0.353028 -1.511151 -0.031941 20.222801 3.684308 2.316633 18.787287 4e-06 -2e-06 10.751634 -0.47987 1.397907 -0.0 0.0 -1e-06 3.273807 0.305947 -0.580111 21.486824 11.830377 2.266137 8.16293 -0.0 -0.0 18.399092 -3.798988 -4.940578 3e-06 -0.0 -1e-06 -3.181654 16.237753 -86.212234 1.163196 0.429488 149.157013 0.580556 -0.948421 -33.156677 1.894708 -2.115787 -10.299853 0.0 0.0 3e-06 -9.795971 -17.668411 -76.488091 -0.141015 -0.05847 152.878983 -21.094307 13.475028 -38.729866 -1.276634 0.609208 -12.055152 -0.0 0.0 -2e-06 
0.0 0.0 0.0 0.0 -0.0 0.0 0.141721 41.147381 1.52326 3.937037 2.268636 3.377451 -0.206029 -1.39992 21.085775 -0.491089 0.341444 3.710637 1.454337 -1.015473 27.263294 11.176157 -4.061333 23.238998 -1.269015 -1.221026 -3.390357 -0.746637 -2.550881 0.996181 7.7e-05 -2.2e-05 6e-06 -0.127486 0.03112 -0.093857 0.59159 -3.765054 -10.818649 -0.838488 3.812024 -10.869018 -8.667058 -10.274635 16.039467 -28.196894 -7.949947 -32.073956 -179.23851 -52.675838 179.557953 14.242304 7.701554 -18.220659 -5.88211 9.861287 0.70259 -10.936876 -0.360573 7.15621 -1e-06 8.774825 -2e-06 -14.922903 17.734179 6.542868 -1.844033 2.498505 -2.507279 -10.163608 4.678948 4.621109 -20.976038 -1e-06 2e-06 -21.226299 2.451699 -3.594002 1e-06 -5e-06 -0.0 -1.362683 2.240798 -0.746323 -21.334927 0.584912 3.008324 -13.82122 -0.0 2e-06 -23.887184 -0.249077 -0.839485 -60.425606 2.550342 -0.688382 -0.294025 1.679688 0.833256 -14.218216 0.093217 1.300583 -34.212067 -0.28756 0.96717 -20.033222 0.964537 1.212842 0.0 -1e-06 -0.0 -3.44039 0.788234 0.501657 -15.928198 -3.167308 2.999709 -6.338829 0.0 1e-06 -18.123459 3.648184 -4.905674 -5e-06 0.0 -2e-06 -1.213739 30.918095 9.634933 4.417713 25.611805 -33.273197 165.922806 83.389572 166.702576 -26.575209 2.899463 -10.585651 2.243543 -5.255041 -3.180161 14.282904 -0.826594 6.952509 -3e-06 -12.69061 1e-06 15.454075 -17.418797 2.884543 1.665667 -1.955923 -2.878299 4.727803 -4.170588 4.993927 11.020536 4e-06 -1e-06 12.10906 -3.735717 -2.866785 1e-06 1e-06 -0.0 1.291987 -1.928551 -1.498091 14.80014 0.56747 3.865611 14.24258 -1.341737 -6.660662 19.631979 0.143925 -0.648243 49.70348 -0.958782 -6.275936 0.353028 -1.511152 -0.031941 20.222805 3.684312 2.316634 18.787289 6e-06 1e-06 10.751638 -0.479868 1.397909 -0.0 0.0 0.0 3.27381 0.305947 -0.580111 21.486835 11.830384 2.266138 8.162937 2e-06 -1e-06 18.399099 -3.798988 -4.940576 3e-06 -0.0 -1e-06 -3.288326 16.317076 -86.209206 1.181709 0.426361 149.29599 0.549481 -0.89558 -33.070969 1.906193 -2.127537 -10.347298 0.0 0.0 2e-06 -9.86 -17.658915 -76.509224 -0.087291 -0.039776 152.903778 -21.250982 13.583035 -38.993534 -1.270457 0.607209 -11.995918 -0.0 0.0 -1e-06 
0.0 0.0 0.0 0.0 -0.0 0.0 0.221857 41.115849 1.548643 3.923926 2.176904 3.35276 -0.215342 -1.410153 21.082405 -0.469535 0.310776 3.702052 1.397732 -1.018944 27.307074 11.119449 -4.110301 23.637722 -1.325376 -1.136088 -3.391267 -0.70456 -2.53753 0.891505 7.7e-05 -2.2e-05 6e-06 -0.118929 0.029971 -0.095191 0.591897 -3.769129 -10.832732 -0.821732 3.813368 -10.888515 -8.778161 -10.087695 16.034981 -28.570311 -7.802927 -33.556797 -179.245865 -52.180721 179.506882 15.391153 7.508521 -17.495529 -5.882109 9.861289 0.702591 -10.936877 -0.360574 7.156209 0.0 8.774829 -1e-06 -14.947863 17.730829 6.468067 -1.844033 2.498505 -2.507279 -10.163605 4.678948 4.621111 -20.976034 -4e-06 3e-06 -21.226299 2.451697 -3.594 1e-06 -5e-06 0.0 -1.362682 2.2408 -0.746324 -21.334925 0.58491 3.008323 -13.821219 -2e-06 2e-06 -23.88718 -0.249078 -0.839484 -60.431129 2.565161 -0.717411 -0.294025 1.679688 0.833256 -14.218215 0.093215 1.300582 -34.212067 -0.287563 0.967173 -20.033222 0.964537 1.212845 -0.0 -1e-06 -0.0 -3.44039 0.788233 0.501656 -15.928194 -3.167311 2.99971 -6.338831 -1e-06 0.0 -18.123457 3.648183 -4.905673 -5e-06 0.0 -2e-06 -0.943534 30.641113 9.74139 5.211755 24.944969 -32.569241 164.724716 83.385384 165.505615 -26.660854 2.837764 -11.28306 2.243543 -5.255039 -3.180161 14.2829 -0.826595 6.952508 -0.0 -12.69061 0.0 15.535975 -17.447752 2.820533 1.665667 -1.955922 -2.8783 4.7278 -4.17059 4.993926 11.020531 2e-06 -3e-06 12.109058 -3.735717 -2.866786 0.0 1e-06 0.0 1.291986 -1.928551 -1.498091 14.800136 0.567468 3.86561 14.242579 -1.341737 -6.660662 19.631977 0.143926 -0.648246 49.701778 -0.968309 -6.315311 0.35303 -1.51115 -0.03194 20.222801 3.684311 2.316633 18.787287 3e-06 -1e-06 10.751634 -0.479869 1.397906 -0.0 1e-06 1e-06 3.27381 0.305947 -0.580111 21.486826 11.83038 2.266135 8.162933 0.0 -2e-06 18.399094 -3.798987 -4.940579 3e-06 -0.0 -1e-06 -3.42214 16.435183 -86.106636 1.190516 0.434969 149.398895 0.522233 -0.769225 -33.076611 1.909455 -2.124717 -10.418236 -0.0 1e-06 3e-06 -10.004722 -17.619835 -76.468712 -0.046279 -0.033837 152.878723 -21.389412 13.821222 -39.327656 -1.269283 0.609942 -12.03468 -0.0 0.0 -1e-06 
0.0 0.0 0.0 0.0 -0.0 0.0 0.322759 41.100388 1.589132 3.921834 2.064129 3.326594 -0.236487 -1.437055 21.08828 -0.448816 0.278489 3.689447 1.340552 -1.008349 27.31118 11.031421 -4.111477 24.077229 -1.395629 -1.043214 -3.396166 -0.704642 -2.562287 0.746033 7.7e-05 -2.3e-05 6e-06 -0.0986 0.028586 -0.095262 0.606968 -3.773638 -10.842797 -0.796102 3.814148 -10.904644 -8.908585 -9.831566 16.00386 -28.89254 -7.718512 -35.019554 -179.251297 -51.705788 179.464645 16.668293 7.335394 -16.69327 -5.88211 9.861293 0.702589 -10.936876 -0.360574 7.156207 -2e-06 8.774831 -2e-06 -15.00958 17.756371 6.395259 -1.844033 2.498506 -2.50728 -10.163605 4.678949 4.621109 -20.976034 1e-06 1e-06 -21.226297 2.451703 -3.594006 -1e-06 -6e-06 -0.0 -1.362683 2.2408 -0.746323 -21.334923 0.584915 3.008324 -13.821218 -0.0 -0.0 -23.887182 -0.249078 -0.839487 -60.506264 2.600389 -0.724498 -0.294025 1.679688 0.833256 -14.218214 0.093218 1.300579 -34.212067 -0.28756 0.967165 -20.033226 0.964538 1.21284 -0.0 -1e-06 0.0 -3.44039 0.788235 0.501655 -15.928192 -3.167308 2.999708 -6.338827 0.0 0.0 -18.123455 3.648188 -4.905675 -5e-06 1e-06 -2e-06 -0.628799 30.373749 9.884626 6.06488 24.28619 -31.767237 163.886475 83.301094 164.616089 -26.804976 2.831433 -12.164507 2.243544 -5.255039 -3.18016 14.282898 -0.826596 6.952507 1e-06 -12.690607 -1e-06 15.648896 -17.481695 2.747656 1.665667 -1.955923 -2.878299 4.727802 -4.170588 4.993924 11.020531 1e-06 -1e-06 12.109058 -3.735719 -2.866786 1e-06 -0.0 0.0 1.291986 -1.92855 -1.49809 14.800139 0.567467 3.865611 14.242579 -1.341741 -6.660662 19.631973 0.143921 -0.648246 49.680634 -0.990463 -6.381985 0.35303 -1.511151 -0.03194 20.222797 3.684307 2.316633 18.787283 2e-06 -1e-06 10.751631 -0.479871 1.397907 -0.0 0.0 0.0 3.273809 0.305946 -0.580111 21.486818 11.830372 2.266137 8.16293 -0.0 -1e-06 18.39909 -3.798988 -4.94058 4e-06 1e-06 -1e-06 -3.627988 16.580179 -85.937614 1.188232 0.453195 149.488571 0.482898 -0.575727 -33.11237 1.910424 -2.113111 -10.557892 0.0 -0.0 3e-06 -10.281033 -17.573023 -76.366959 -0.022545 -0.033449 152.826447 -21.534517 14.15602 -39.724728 -1.275625 0.619044 -12.159927 0.0 -0.0 -2e-06 
0.0 0.0 0.0 0.0 -0.0 0.0 0.43033 41.104527 1.646497 3.909344 1.952752 3.316331 -0.252079 -1.466989 21.088861 -0.431011 0.249666 3.681251 1.303811 -1.000236 27.297346 10.908579 -4.056573 24.484152 -1.425054 -0.984548 -3.405905 -0.739107 -2.63438 0.590325 7.7e-05 -2.2e-05 6e-06 -0.073958 0.025891 -0.093718 0.62865 -3.77845 -10.848371 -0.768643 3.812445 -10.911786 -9.044561 -9.530902 15.994473 -29.096893 -7.706888 -36.366047 -179.242035 -51.29554 179.444626 17.870752 7.235139 -15.990105 -5.882106 9.861283 0.70259 -10.93687 -0.360576 7.156205 2e-06 8.774824 -1e-06 -15.131849 17.798996 6.339196 -1.844032 2.498503 -2.507277 -10.163599 4.678943 4.621108 -20.976023 -5e-06 3e-06 -21.226286 2.451695 -3.593998 0.0 -6e-06 -1e-06 -1.362682 2.240798 -0.746323 -21.334913 0.584906 3.008323 -13.821213 -4e-06 2e-06 -23.887173 -0.249079 -0.83948 -60.67363 2.636154 -0.707482 -0.294025 1.679687 0.833257 -14.218208 0.093213 1.30058 -34.212048 -0.287566 0.967173 -20.033211 0.964536 1.212845 -0.0 -1e-06 0.0 -3.440388 0.788232 0.501654 -15.928187 -3.16731 2.999707 -6.338825 -2e-06 0.0 -18.123444 3.648181 -4.905669 -5e-06 0.0 -2e-06 -0.291459 30.103666 10.090254 6.953708 23.64817 -30.840975 163.609406 83.239929 164.23291 -26.886105 2.901656 -13.01438 2.243542 -5.255038 -3.180159 14.282894 -0.826593 6.952504 -3e-06 -12.690603 -1e-06 15.756459 -17.519644 2.699576 1.665665 -1.955922 -2.878299 4.7278 -4.170586 4.993924 11.020532 3e-06 -2e-06 12.109055 -3.735715 -2.866785 1e-06 -0.0 1e-06 1.291986 -1.92855 -1.49809 14.800131 0.567469 3.865608 14.242577 -1.341737 -6.660658 19.631969 0.143926 -0.648244 49.666328 -1.012963 -6.461732 0.353029 -1.511152 -0.03194 20.222795 3.68431 2.316632 18.787279 6e-06 -1e-06 10.751631 -0.479868 1.397907 0.0 1e-06 -0.0 3.273806 0.305947 -0.580112 21.48682 11.830376 2.266136 8.16293 2e-06 0.0 18.399086 -3.798983 -4.940575 3e-06 0.0 -1e-06 -3.819177 16.742922 -85.721931 1.191463 0.476196 149.55658 0.454596 -0.438523 -33.191013 1.907132 -2.096534 -10.684954 0.0 0.0 2e-06 -10.581015 -17.533239 -76.219101 -0.007655 -0.031977 152.744217 -21.638578 14.442725 -40.155682 -1.287212 0.631813 -12.24695 0.0 -1e-06 -2e-06 
0.0 0.0 0.0 0.0 -0.0 0.0 0.536367 41.127865 1.717963 3.901586 1.867197 3.330976 -0.263145 -1.505603 21.082397 -0.421562 0.235338 3.680941 1.293504 -1.018691 27.26832 10.749649 -3.929343 24.786732 -1.389116 -1.006662 -3.412356 -0.794421 -2.740518 0.454873 7.7e-05 -2.2e-05 6e-06 -0.049645 0.021538 -0.092245 0.650133 -3.782966 -10.852039 -0.741864 3.807568 -10.91424 -9.14945 -9.22788 15.969664 -29.17152 -7.748856 -37.527779 -179.234833 -50.952034 179.427094 18.877245 7.172379 -15.46227 -5.882107 9.861286 0.702589 -10.936877 -0.360576 7.156212 1e-06 8.774827 -2e-06 -15.26779 17.844414 6.299616 -1.844033 2.498505 -2.507279 -10.163604 4.678944 4.621113 -20.976032 -4e-06 6e-06 -21.226295 2.451697 -3.593998 1e-06 -4e-06 0.0 -1.362682 2.240798 -0.746321 -21.334923 0.584908 3.008328 -13.821217 -3e-06 3e-06 -23.887182 -0.249078 -0.839479 -60.881371 2.66308 -0.693371 -0.294024 1.679687 0.833256 -14.218215 0.093214 1.300582 -34.212067 -0.287564 0.967178 -20.033226 0.964539 1.212847 -0.0 1e-06 0.0 -3.44039 0.788233 0.501657 -15.928194 -3.16731 2.999711 -6.338829 -2e-06 1e-06 -18.123457 3.648182 -4.905668 -4e-06 1e-06 -2e-06 0.065049 29.837748 10.361397 7.807812 23.048338 -29.868599 163.809692 83.225403 164.313278 -26.854092 3.012118 -13.704938 2.243541 -5.255038 -3.180158 14.282896 -0.826596 6.952506 -1e-06 -12.690607 1e-06 15.825524 -17.539654 2.689873 1.665668 -1.955921 -2.878298 4.727801 -4.170589 4.993925 11.020528 2e-06 -0.0 12.109055 -3.735717 -2.866784 2e-06 1e-06 0.0 1.291986 -1.92855 -1.498088 14.800132 0.567467 3.865609 14.242577 -1.341737 -6.660658 19.631971 0.143923 -0.648245 49.671326 -1.033461 -6.517044 0.353029 -1.511152 -0.03194 20.222797 3.684309 2.316632 18.787283 3e-06 -1e-06 10.751633 -0.47987 1.397907 -0.0 -0.0 1e-06 3.273808 0.305947 -0.58011 21.48682 11.830377 2.266136 8.16293 0.0 -1e-06 18.399092 -3.798987 -4.940577 3e-06 1e-06 -2e-06 -4.005351 16.888346 -85.483093 1.200603 0.49973 149.586823 0.485628 -0.336508 -33.333778 1.90068 -2.082469 -10.747945 0.0 0.0 3e-06 -10.894778 -17.517799 -76.039948 0.005693 -0.032296 152.658005 -21.702477 14.620462 -40.514057 -1.302327 0.647051 -12.304839 0.0 -0.0 -1e-06 
0.0 0.0 0.0 0.0 -0.0 0.0 0.636093 41.178329 1.795049 3.904082 1.823624 3.376192 -0.264446 -1.543152 21.071987 -0.416037 0.226542 3.678969 1.311892 -1.0592 27.237177 10.558643 -3.733133 25.01527 -1.302116 -1.12545 -3.417924 -0.816857 -2.880564 0.355746 7.8e-05 -2.2e-05 6e-06 -0.033895 0.018428 -0.090962 0.665046 -3.78704 -10.862379 -0.726003 3.805331 -10.921275 -9.214751 -8.95815 15.916549 -29.089968 -7.859965 -38.576729 -179.204758 -50.649261 179.343704 19.666693 7.150348 -15.092627 -5.882108 9.861289 0.702588 -10.936877 -0.360575 7.156209 2e-06 8.774828 -1e-06 -15.39297 17.878016 6.277079 -1.844033 2.498505 -2.507277 -10.163604 4.678945 4.621111 -20.97603 -1e-06 4e-06 -21.226292 2.4517 -3.594001 -2e-06 -5e-06 0.0 -1.362682 2.240798 -0.746325 -21.334921 0.58491 3.008327 -13.821218 -2e-06 2e-06 -23.887178 -0.249076 -0.839481 -61.095734 2.666127 -0.68883 -0.294025 1.679688 0.833256 -14.218214 0.093215 1.300583 -34.212055 -0.28756 0.967175 -20.033218 0.96454 1.212846 -1e-06 1e-06 -0.0 -3.44039 0.788233 0.501656 -15.928194 -3.16731 2.999711 -6.338829 -1e-06 1e-06 -18.123457 3.648185 -4.905669 -4e-06 1e-06 -3e-06 0.43283 29.582943 10.67818 8.627432 22.445686 -28.833401 164.827133 83.261192 165.207886 -26.704357 3.165282 -14.198612 2.243543 -5.255038 -3.180159 14.282895 -0.826596 6.952507 2e-06 -12.690607 -1e-06 15.855839 -17.517307 2.705118 1.665666 -1.955923 -2.878301 4.727799 -4.170588 4.993927 11.020528 1e-06 -1e-06 12.109055 -3.735719 -2.866786 1e-06 0.0 -1e-06 1.291987 -1.92855 -1.49809 14.800132 0.567467 3.86561 14.242576 -1.341738 -6.660661 19.631973 0.143924 -0.648246 49.68605 -1.034604 -6.518437 0.353029 -1.511151 -0.031941 20.222797 3.684307 2.316631 18.787281 2e-06 -0.0 10.751631 -0.47987 1.397908 -0.0 -1e-06 -0.0 3.273807 0.305946 -0.580111 21.486816 11.830373 2.266136 8.16293 0.0 -1e-06 18.399088 -3.798987 -4.940577 4e-06 0.0 -2e-06 -4.212593 17.00172 -85.268387 1.208764 0.519043 149.577408 0.549696 -0.278091 -33.43784 1.893565 -2.073459 -10.758218 0.0 0.0 3e-06 -11.177626 -17.517126 -75.870445 0.033451 -0.032371 152.587753 -21.680973 14.714403 -40.603161 -1.31525 0.660617 -12.314878 0.0 -1e-06 -2e-06 
0.0 0.0 0.0 0.0 -0.0 0.0 0.723259 41.22467 1.859813 3.912442 1.831269 3.42963 -0.249428 -1.576536 21.040464 -0.41544 0.218425 3.663275 1.350736 -1.108419 27.249613 10.344617 -3.501671 25.163151 -1.188106 -1.320355 -3.416754 -0.784726 -3.04472 0.289836 7.7e-05 -2.2e-05 6e-06 -0.032 0.01781 -0.092906 0.664864 -3.787526 -10.873216 -0.722908 3.805872 -10.927195 -9.207402 -8.770679 15.823878 -28.763519 -8.022225 -39.450127 -179.243835 -50.407677 179.28334 20.277685 7.148901 -15.009025 -5.882112 9.861291 0.70259 -10.936878 -0.360574 7.156214 -1e-06 8.77483 -1e-06 -15.535975 17.892027 6.252399 -1.844034 2.498506 -2.507282 -10.163607 4.678948 4.621115 -20.976038 -1e-06 2e-06 -21.226301 2.4517 -3.594005 -2e-06 -4e-06 0.0 -1.362682 2.240799 -0.746323 -21.334929 0.584912 3.008325 -13.821224 -1e-06 1e-06 -23.887188 -0.249078 -0.839485 -61.295525 2.639924 -0.723395 -0.294025 1.679688 0.833256 -14.218218 0.093217 1.300583 -34.212074 -0.287559 0.967171 -20.033228 0.964539 1.212843 0.0 1e-06 0.0 -3.44039 0.788234 0.501657 -15.9282 -3.167309 2.999711 -6.338831 0.0 2e-06 -18.123459 3.648185 -4.905674 -5e-06 1e-06 -3e-06 0.815403 29.346546 11.006827 9.405794 21.878357 -27.787741 166.216904 83.3815 166.54274 -26.493187 3.382475 -14.573085 2.243544 -5.255036 -3.180158 14.282892 -0.826594 6.952502 -0.0 -12.690604 0.0 15.881189 -17.495918 2.734243 1.665666 -1.955922 -2.878298 4.7278 -4.170586 4.993923 11.020528 3e-06 -1e-06 12.109053 -3.735715 -2.866784 2e-06 -1e-06 -0.0 1.291985 -1.92855 -1.498088 14.800129 0.567468 3.865606 14.242571 -1.341737 -6.660658 19.631969 0.143927 -0.648245 49.725487 -1.00816 -6.479159 0.353028 -1.51115 -0.03194 20.222788 3.684309 2.31663 18.78727 5e-06 -1e-06 10.751629 -0.479868 1.397906 -0.0 0.0 1e-06 3.273807 0.305947 -0.580112 21.486813 11.830373 2.266132 8.162927 1e-06 -1e-06 18.39908 -3.798985 -4.940575 3e-06 0.0 -2e-06 -4.428378 17.051487 -85.125267 1.214935 0.528086 149.556854 0.615238 -0.252425 -33.515648 1.890517 -2.070538 -10.712452 -0.0 0.0 2e-06 -11.411767 -17.531534 -75.733551 0.071384 -0.026599 152.555878 -21.61828 14.767747 -40.514065 -1.322078 0.668382 -12.347099 -0.0 -0.0 -1e-06 
0.0 0.0 0.0 0.0 -0.0 0.0 0.796549 41.236229 1.91641 3.93129 1.888292 3.440917 -0.226874 -1.601932 21.005535 -0.413146 0.202136 3.636756 1.40289 -1.150636 27.298767 10.135986 -3.295035 25.267319 -1.141771 -1.551621 -3.414487 -0.725059 -3.206524 0.248404 7.7e-05 -2.2e-05 6e-06 -0.03642 0.017044 -0.098321 0.659137 -3.788733 -10.889426 -0.726651 3.807825 -10.941421 -9.100364 -8.651058 15.72016 -28.100977 -8.229778 -40.166569 -179.392242 -50.25301 179.298294 20.723312 7.220988 -15.011182 -5.88211 9.861288 0.702588 -10.936877 -0.360574 7.156205 -1e-06 8.774828 -2e-06 -15.653856 17.90469 6.233131 -1.844033 2.498505 -2.507277 -10.163604 4.678947 4.621109 -20.976032 0.0 1e-06 -21.226297 2.451698 -3.594004 -1e-06 -4e-06 0.0 -1.362682 2.240799 -0.746324 -21.334921 0.584912 3.008323 -13.821218 -1e-06 -0.0 -23.887178 -0.249076 -0.839487 -61.422321 2.602515 -0.776481 -0.294025 1.679688 0.833255 -14.218214 0.093216 1.300582 -34.212059 -0.28756 0.967169 -20.033222 0.964537 1.212842 -1e-06 0.0 1e-06 -3.440389 0.788234 0.501655 -15.928191 -3.167309 2.999707 -6.338829 -2e-06 1e-06 -18.123453 3.648184 -4.905671 -5e-06 1e-06 -2e-06 1.171498 29.142195 11.301714 10.147075 21.414394 -26.875635 166.990921 83.595589 167.344208 -26.351273 3.645385 -14.932429 2.24354 -5.255037 -3.180158 14.282894 -0.826594 6.952507 -2e-06 -12.690603 -1e-06 15.890182 -17.480524 2.75218 1.665664 -1.955923 -2.878299 4.7278 -4.170587 4.993925 11.020528 3e-06 0.0 12.109055 -3.735715 -2.866784 2e-06 -0.0 -0.0 1.291985 -1.92855 -1.49809 14.800134 0.567469 3.86561 14.242576 -1.341736 -6.660658 19.631971 0.143926 -0.648244 49.770561 -0.970488 -6.44355 0.353029 -1.51115 -0.03194 20.222795 3.684311 2.316633 18.787275 5e-06 2e-06 10.75163 -0.479868 1.397908 0.0 -1e-06 1e-06 3.273808 0.305947 -0.580111 21.48682 11.830376 2.266137 8.16293 1e-06 0.0 18.399088 -3.798985 -4.940574 4e-06 1e-06 -1e-06 -4.613704 17.029154 -84.988243 1.223663 0.528698 149.568176 0.659616 -0.246427 -33.603737 1.895364 -2.079657 -10.67516 0.0 -0.0 2e-06 -11.647624 -17.549801 -75.533951 0.111687 -0.014928 152.570084 -21.535772 14.843949 -40.476524 -1.31989 0.668266 -12.378388 0.0 -0.0 -2e-06 
0.0 0.0 0.0 0.0 -0.0 0.0 0.844827 41.195202 1.961986 3.96597 1.953962 3.389879 -0.211267 -1.605217 20.970444 -0.409072 0.187918 3.614257 1.470592 -1.180364 27.350025 9.911139 -3.136502 25.365538 -1.164964 -1.775556 -3.414675 -0.674891 -3.377853 0.25753 7.8e-05 -2.2e-05 6e-06 -0.046457 0.016765 -0.104956 0.649765 -3.790566 -10.907907 -0.737915 3.811384 -10.958842 -8.893823 -8.581652 15.633253 -27.118742 -8.389355 -40.798286 -179.559753 -50.183666 179.322418 20.993139 7.335816 -14.983579 -5.882112 9.861292 0.70259 -10.936878 -0.360573 7.156211 -2e-06 8.77483 -3e-06 -15.730886 17.891451 6.193561 -1.844034 2.498507 -2.507279 -10.163605 4.678948 4.621111 -20.976038 1e-06 2e-06 -21.226301 2.451701 -3.594002 -2e-06 -4e-06 0.0 -1.362683 2.240799 -0.746324 -21.334929 0.584914 3.008328 -13.821221 1e-06 2e-06 -23.887184 -0.249074 -0.839485 -61.407207 2.566829 -0.809081 -0.294025 1.679688 0.833254 -14.218219 0.093217 1.300581 -34.212074 -0.287559 0.96717 -20.033228 0.964541 1.212844 -1e-06 1e-06 1e-06 -3.440391 0.788234 0.501655 -15.928196 -3.167308 2.999711 -6.33883 0.0 1e-06 -18.123461 3.648186 -4.905674 -5e-06 1e-06 -2e-06 1.468043 29.018366 11.504532 10.815144 21.085623 -26.248396 166.317505 83.873566 166.738602 -26.328188 3.896425 -15.208665 2.243543 -5.255042 -3.180161 14.2829 -0.826596 6.952508 3e-06 -12.690609 -3e-06 15.859118 -17.445454 2.753006 1.665667 -1.955924 -2.878301 4.727803 -4.17059 4.993926 11.020533 0.0 -1e-06 12.109058 -3.735722 -2.866787 0.0 0.0 -1e-06 1.291987 -1.928552 -1.49809 14.800136 0.567465 3.865612 14.242581 -1.34174 -6.660663 19.631975 0.143921 -0.648246 49.777271 -0.945773 -6.422864 0.35303 -1.511152 -0.03194 20.222803 3.684307 2.316633 18.787287 1e-06 -1e-06 10.751634 -0.479871 1.397907 -0.0 -0.0 1e-06 3.27381 0.305947 -0.580111 21.486824 11.830376 2.266137 8.16293 -0.0 0.0 18.399097 -3.79899 -4.94058 4e-06 0.0 -1e-06 -4.715751 16.97596 -84.828171 1.240529 0.524288 149.635376 0.703662 -0.247117 -33.721386 1.903029 -2.090784 -10.66957 -0.0 -0.0 2e-06 -11.882553 -17.53574 -75.277443 0.146832 -0.00707 152.641571 -21.48485 14.919129 -40.581421 -1.310994 0.659104 -12.440908 0.0 -0.0 -1e-06 
0.0 0.0 0.0 0.0 -0.0 0.0 0.880518 41.110962 1.988047 4.009315 2.040101 3.304982 -0.201425 -1.583728 20.932526 -0.406674 0.174583 3.595216 1.566468 -1.210321 27.369167 9.651022 -2.981136 25.477764 -1.242994 -1.986101 -3.416485 -0.631314 -3.588982 0.289767 7.7e-05 -2.2e-05 6e-06 -0.050087 0.015416 -0.11142 0.650534 -3.794691 -10.928076 -0.746379 3.814285 -10.976521 -8.586333 -8.511828 15.545398 -25.882219 -8.405649 -41.290375 -179.744156 -50.157684 179.389236 21.063725 7.517937 -14.92332 -5.882106 9.861281 0.702592 -10.936877 -0.360576 7.15621 2e-06 8.774824 -2e-06 -15.766992 17.85132 6.130548 -1.844032 2.498503 -2.507277 -10.163604 4.678942 4.621113 -20.97603 -4e-06 9e-06 -21.226292 2.451698 -3.593993 0.0 -5e-06 -1e-06 -1.362682 2.240797 -0.746324 -21.334921 0.584907 3.008329 -13.821217 -3e-06 5e-06 -23.887178 -0.249079 -0.839476 -61.277035 2.545006 -0.823934 -0.294025 1.679687 0.833257 -14.218214 0.093212 1.300584 -34.212063 -0.287563 0.967181 -20.033224 0.964538 1.212849 -1e-06 1e-06 0.0 -3.440389 0.788233 0.501656 -15.928192 -3.167312 2.999711 -6.338829 -2e-06 1e-06 -18.123453 3.64818 -4.905663 -5e-06 1e-06 -2e-06 1.716071 28.97678 11.647989 11.343794 20.883738 -25.867882 164.523849 84.185234 165.013382 -26.366262 4.134059 -15.447791 2.24354 -5.255033 -3.180156 14.28289 -0.826594 6.952504 -4e-06 -12.690598 2e-06 15.812496 -17.393208 2.740243 1.665665 -1.95592 -2.878299 4.727798 -4.170585 4.993925 11.020524 4e-06 1e-06 12.109052 -3.735714 -2.866778 0.0 0.0 -1e-06 1.291984 -1.928548 -1.498089 14.800129 0.567468 3.86561 14.242571 -1.341734 -6.660652 19.631968 0.143924 -0.648241 49.756824 -0.938578 -6.42106 0.35303 -1.511149 -0.03194 20.222794 3.684309 2.316634 18.78727 3e-06 4e-06 10.751627 -0.479869 1.397907 0.0 -0.0 0.0 3.273807 0.305947 -0.58011 21.486813 11.830368 2.266135 8.162927 1e-06 2e-06 18.39908 -3.798985 -4.940569 4e-06 0.0 -1e-06 -4.790737 16.897697 -84.706116 1.262259 0.519347 149.738953 0.761738 -0.208475 -33.872391 1.909595 -2.10177 -10.672567 0.0 0.0 2e-06 -12.140436 -17.501657 -75.014877 0.170504 -0.006351 152.748734 -21.436848 15.00408 -40.830017 -1.299063 0.644867 -12.467566 0.0 -0.0 -2e-06 
0.0 0.0 0.0 0.0 -0.0 0.0 0.898588 40.999084 1.995531 4.068564 2.155889 3.196885 -0.192042 -1.54536 20.901829 -0.398825 0.156948 3.572783 1.686826 -1.210287 27.3496 9.353873 -2.840367 25.600889 -1.355027 -2.211616 -3.414313 -0.588147 -3.850051 0.317453 7.7e-05 -2.2e-05 7e-06 -0.060224 0.015499 -0.114163 0.649303 -3.799389 -10.94517 -0.765767 3.819409 -10.990909 -8.180948 -8.427773 15.4413 -24.422129 -8.208001 -41.616306 -179.90567 -50.132706 179.486511 20.913641 7.788251 -14.874124 -5.882111 9.861292 0.702592 -10.936881 -0.360575 7.156217 0.0 8.774832 -1e-06 -15.760032 17.799726 6.070208 -1.844033 2.498507 -2.507279 -10.16361 4.678948 4.621114 -20.976042 -2e-06 6e-06 -21.226301 2.451701 -3.594 -1e-06 -4e-06 -1e-06 -1.362682 2.2408 -0.746324 -21.334934 0.58491 3.008332 -13.821227 -2e-06 5e-06 -23.887196 -0.249075 -0.83948 -61.109669 2.524397 -0.828184 -0.294025 1.679689 0.833256 -14.218221 0.093214 1.300585 -34.212078 -0.28756 0.967182 -20.033232 0.964541 1.212849 -1e-06 1e-06 0.0 -3.440392 0.788234 0.501658 -15.928203 -3.167312 2.999713 -6.338832 -0.0 3e-06 -18.123463 3.648187 -4.905671 -5e-06 1e-06 -1e-06 1.893897 28.986658 11.774804 11.725327 20.805624 -25.686348 162.049759 84.52951 162.608917 -26.480827 4.354904 -15.632812 2.243545 -5.255042 -3.180161 14.282907 -0.826597 6.952516 0.0 -12.690618 -1e-06 15.762053 -17.34779 2.72595 1.665667 -1.955924 -2.878301 4.727806 -4.170592 4.99393 11.020536 2e-06 2e-06 12.109062 -3.735722 -2.866785 -0.0 -0.0 -1e-06 1.291987 -1.928552 -1.49809 14.800144 0.567467 3.865616 14.242585 -1.34174 -6.660662 19.631987 0.143922 -0.648243 49.738754 -0.950162 -6.438204 0.353029 -1.511152 -0.03194 20.222818 3.68431 2.316639 18.787296 1e-06 3e-06 10.751641 -0.479871 1.39791 -0.0 -0.0 1e-06 3.27381 0.305947 -0.580111 21.486839 11.830384 2.266144 8.162938 -0.0 3e-06 18.399103 -3.798993 -4.940578 3e-06 -0.0 -1e-06 -4.845224 16.77704 -84.641129 1.283132 0.519175 149.877426 0.800783 -0.15245 -33.937366 1.920032 -2.121252 -10.636479 0.0 -0.0 2e-06 -12.397683 -17.471079 -74.751907 0.183462 -0.003052 152.875 -21.370445 15.076324 -41.199337 -1.283685 0.627421 -12.388259 0.0 -1e-06 -1e-06 
0.0 0.0 0.0 0.0 -0.0 0.0 0.906868 40.879528 1.979389 4.138257 2.290126 3.069327 -0.18595 -1.499328 20.886368 -0.388842 0.152872 3.54829 1.832641 -1.177201 27.281857 9.026004 -2.729232 25.731394 -1.49848 -2.45562 -3.410093 -0.5532 -4.141443 0.313321 7.6e-05 -2.3e-05 6e-06 -0.071267 0.014755 -0.113356 0.643975 -3.800973 -10.94277 -0.783127 3.819087 -10.98737 -7.713572 -8.295019 15.300763 -22.709263 -7.763972 -41.766731 179.965637 -50.042782 179.581131 20.525688 8.112205 -14.810398 -5.882112 9.861293 0.702589 -10.93688 -0.360574 7.156214 -0.0 8.774832 -0.0 -15.710241 17.772665 6.040879 -1.844034 2.498507 -2.50728 -10.163607 4.678948 4.621113 -20.976038 -1e-06 2e-06 -21.226303 2.451698 -3.594006 -0.0 -4e-06 -1e-06 -1.362682 2.2408 -0.746323 -21.334929 0.584911 3.008327 -13.821223 -1e-06 -1e-06 -23.887184 -0.249078 -0.839486 -60.923992 2.505987 -0.830353 -0.294025 1.679688 0.833255 -14.218218 0.093216 1.300581 -34.21207 -0.287562 0.967169 -20.033226 0.96454 1.212842 -0.0 0.0 -0.0 -3.440391 0.788235 0.501657 -15.928201 -3.167311 2.99971 -6.338829 0.0 0.0 -18.123459 3.648187 -4.905677 -5e-06 1e-06 -2e-06 2.00965 29.045837 11.888631 11.963878 20.839151 -25.668411 158.880356 84.900879 159.494827 -26.653492 4.559349 -15.833771 2.243545 -5.255043 -3.180161 14.282905 -0.826599 6.952512 1e-06 -12.690616 -1e-06 15.717018 -17.309748 2.698472 1.665668 -1.955924 -2.878303 4.727805 -4.170592 4.993928 11.02054 1e-06 -1e-06 12.109068 -3.735721 -2.866787 -0.0 -1e-06 -1e-06 1.291986 -1.928552 -1.498091 14.800139 0.567464 3.865613 14.242586 -1.341741 -6.660666 19.631987 0.143921 -0.648248 49.715424 -0.957775 -6.448667 0.353029 -1.511152 -0.031941 20.222809 3.684308 2.316634 18.787294 -0.0 -2e-06 10.751637 -0.479871 1.397907 -0.0 -0.0 1e-06 3.27381 0.305947 -0.580111 21.486834 11.83038 2.266137 8.162936 -0.0 -0.0 18.399103 -3.798991 -4.940581 3e-06 1e-06 -1e-06 -4.912227 16.647936 -84.648605 1.299138 0.523459 150.045044 0.88542 -0.084716 -33.80587 1.932351 -2.14308 -10.655812 0.0 0.0 3e-06 -12.647421 -17.454786 -74.524689 0.191467 0.005002 153.020035 -21.269705 15.112545 -41.498981 -1.263881 0.605816 -12.257273 0.0 -0.0 -1e-06 
0.0 0.0 0.0 0.0 -0.0 0.0 0.89572 40.777058 1.955953 4.203379 2.423672 2.911143 -0.175378 -1.447058 20.8999 -0.369653 0.183523 3.516147 1.995552 -1.085878 27.177763 8.677316 -2.624313 25.847504 -1.658984 -2.748331 -3.402734 -0.501216 -4.472497 0.259038 7.6e-05 -2.2e-05 6e-06 -0.090915 0.016103 -0.110518 0.626637 -3.798616 -10.928226 -0.805594 3.81828 -10.972957 -7.194199 -8.076856 15.124665 -20.732115 -7.149802 -41.744579 179.86113 -49.806576 179.679031 19.842136 8.40938 -14.732706 -5.882115 9.861297 0.702589 -10.936882 -0.360573 7.156214 -1e-06 8.774831 -2e-06 -15.619605 17.796181 6.05422 -1.844035 2.498508 -2.50728 -10.163612 4.678951 4.62111 -20.976048 2e-06 0.0 -21.226313 2.451703 -3.594009 1e-06 -5e-06 -1e-06 -1.362683 2.240801 -0.746326 -21.334938 0.584915 3.008324 -13.821227 1e-06 -0.0 -23.887196 -0.249076 -0.839489 -60.754704 2.495335 -0.836349 -0.294025 1.679689 0.833255 -14.218225 0.093219 1.30058 -34.212086 -0.287556 0.967165 -20.033236 0.964539 1.21284 -0.0 2e-06 1e-06 -3.440392 0.788235 0.501656 -15.928203 -3.167309 2.99971 -6.338833 2e-06 0.0 -18.12347 3.648191 -4.905681 -5e-06 2e-06 -2e-06 2.094365 29.14547 11.954477 12.063392 20.932076 -25.779041 154.849335 85.261406 155.490341 -26.892776 4.711205 -16.063398 2.243544 -5.255042 -3.180161 14.282904 -0.826597 6.952513 0.0 -12.690614 -1e-06 15.697291 -17.294529 2.660101 1.665668 -1.955924 -2.878302 4.727805 -4.170591 4.993929 11.020537 1e-06 -0.0 12.109061 -3.73572 -2.866786 0.0 0.0 -0.0 1.291987 -1.928551 -1.498091 14.800144 0.567467 3.865614 14.242585 -1.341739 -6.660665 19.631987 0.143922 -0.648246 49.692017 -0.958211 -6.447807 0.353031 -1.511151 -0.031941 20.222805 3.684309 2.316634 18.787289 0.0 0.0 10.751637 -0.479871 1.397907 0.0 -1e-06 1e-06 3.27381 0.305947 -0.58011 21.486835 11.830381 2.26614 8.162934 0.0 0.0 18.399103 -3.79899 -4.94058 3e-06 0.0 -1e-06 -4.94471 16.520182 -84.654205 1.299728 0.52529 150.224197 1.027169 -0.020964 -33.464478 1.942183 -2.16074 -10.739431 0.0 0.0 3e-06 -12.875458 -17.42581 -74.271011 0.184994 0.013183 153.186081 -21.145752 15.079491 -41.564037 -1.242116 0.58088 -12.222272 0.0 -0.0 -2e-06 
0.0 0.0 0.0 0.0 -0.0 0.0 0.858611 40.69503 1.933643 4.262177 2.552352 2.738276 -0.155314 -1.393462 20.946142 -0.336412 0.254749 3.476077 2.163259 -0.938813 27.03327 8.325907 -2.500541 25.962294 -1.813434 -3.093163 -3.39691 -0.44673 -4.851502 0.151982 7.6e-05 -2.2e-05 6e-06 -0.112634 0.019921 -0.105402 0.604651 -3.79337 -10.902596 -0.827479 3.819806 -10.951125 -6.658441 -7.741457 14.897519 -18.655317 -6.527049 -41.641121 179.838654 -49.350067 179.707138 18.858068 8.605173 -14.543109 -5.882105 9.861283 0.70259 -10.936868 -0.360575 7.156202 -0.0 8.774822 -2e-06 -15.492493 17.863218 6.113996 -1.844032 2.498505 -2.507275 -10.163598 4.678944 4.621105 -20.976019 -1e-06 2e-06 -21.226282 2.451696 -3.594001 0.0 -7e-06 -1e-06 -1.362681 2.240798 -0.746324 -21.334906 0.584911 3.008322 -13.82121 -2e-06 0.0 -23.887165 -0.249078 -0.839485 -60.636684 2.478876 -0.845474 -0.294025 1.679687 0.833254 -14.218205 0.093216 1.300581 -34.212036 -0.287561 0.967167 -20.033205 0.964535 1.21284 1e-06 1e-06 -0.0 -3.440387 0.788234 0.501655 -15.928183 -3.167308 2.999705 -6.338824 -0.0 1e-06 -18.123444 3.648183 -4.905669 -5e-06 1e-06 -1e-06 2.162597 29.306406 11.975615 12.021195 21.045076 -25.958422 149.722748 85.612511 150.36055 -27.176739 4.803648 -16.220345 2.243542 -5.255037 -3.180159 14.282887 -0.826594 6.952504 -0.0 -12.690603 -2e-06 15.691159 -17.299593 2.623094 1.665666 -1.955922 -2.878299 4.727798 -4.170586 4.993924 11.020526 2e-06 -2e-06 12.109052 -3.735716 -2.866786 1e-06 0.0 -0.0 1.291985 -1.92855 -1.49809 14.800125 0.567468 3.865607 14.242566 -1.341737 -6.660659 19.631968 0.143926 -0.648246 49.647266 -0.949234 -6.457823 0.35303 -1.511151 -0.031941 20.222786 3.684308 2.316631 18.78727 3e-06 -1e-06 10.751625 -0.479869 1.397906 0.0 -1e-06 1e-06 3.273805 0.305947 -0.580111 21.486809 11.830373 2.266134 8.162924 1e-06 1e-06 18.399078 -3.798984 -4.940575 4e-06 0.0 -1e-06 -4.919121 16.394106 -84.65049 1.286025 0.521 150.406158 1.195109 0.036492 -32.951813 1.946264 -2.163904 -10.919806 0.0 1e-06 2e-06 -13.076912 -17.381052 -73.98056 0.155475 0.014011 153.358307 -21.087198 15.004691 -41.484516 -1.218186 0.550339 -12.324372 -0.0 0.0 -1e-06 
0.0 0.0 0.0 0.0 -0.0 0.0 0.798173 40.643574 1.922398 4.317269 2.669472 2.560094 -0.137872 -1.350846 20.999546 -0.298643 0.352516 3.436189 2.321766 -0.748632 26.863792 7.999719 -2.366694 26.055029 -1.957681 -3.460817 -3.394451 -0.391501 -5.262152 0.014609 7.7e-05 -2.3e-05 6e-06 -0.128631 0.02448 -0.100255 0.586603 -3.789693 -10.881649 -0.841556 3.824624 -10.933128 -6.175229 -7.286318 14.678792 -16.777414 -6.127068 -41.612484 179.868622 -48.650948 179.660309 17.788366 8.569769 -14.290146 -5.882108 9.861284 0.702589 -10.936872 -0.360574 7.156204 -0.0 8.774824 0.0 -15.437799 17.929689 6.142559 -1.844033 2.498504 -2.507279 -10.163602 4.678945 4.621109 -20.976025 -2e-06 1e-06 -21.226292 2.451698 -3.594002 1e-06 -7e-06 -1e-06 -1.362682 2.240798 -0.746322 -21.334915 0.584912 3.008323 -13.821215 -3e-06 0.0 -23.887171 -0.249078 -0.839486 -60.597275 2.462757 -0.867243 -0.294025 1.679687 0.833255 -14.21821 0.093216 1.300581 -34.212051 -0.287563 0.967167 -20.033215 0.964539 1.212842 0.0 2e-06 -0.0 -3.440389 0.788234 0.501655 -15.928187 -3.167308 2.999707 -6.338826 -1e-06 1e-06 -18.123449 3.648181 -4.90567 -4e-06 1e-06 -2e-06 2.248292 29.544899 12.007332 11.863141 21.190779 -26.142876 143.248627 85.967499 143.831024 -27.394367 4.846004 -16.266703 2.243542 -5.255035 -3.180157 14.282887 -0.826594 6.952497 -1e-06 -12.690598 -1e-06 15.701253 -17.323261 2.604159 1.665665 -1.955922 -2.878299 4.727798 -4.170585 4.993921 11.020524 3e-06 -3e-06 12.10905 -3.735714 -2.866784 -0.0 0.0 -0.0 1.291986 -1.928549 -1.498089 14.800125 0.567468 3.865604 14.242569 -1.341737 -6.660658 19.631962 0.143927 -0.648247 49.600239 -0.934315 -6.471606 0.35303 -1.51115 -0.031941 20.222786 3.684308 2.316627 18.787266 5e-06 -3e-06 10.751624 -0.479868 1.397904 0.0 0.0 0.0 3.273806 0.305947 -0.58011 21.486807 11.830368 2.26613 8.162922 1e-06 -1e-06 18.399076 -3.798981 -4.940577 3e-06 0.0 -1e-06 -4.821968 16.273273 -84.578766 1.266544 0.509271 150.539444 1.337084 0.062682 -32.479355 1.945707 -2.15925 -11.084221 0.0 1e-06 3e-06 -13.264994 -17.32251 -73.630188 0.100376 0.002378 153.505875 -21.087044 14.901241 -41.35379 -1.199378 0.524149 -12.539936 0.0 -0.0 -2e-06 
0.0 0.0 0.0 0.0 -0.0 0.0 0.733198 40.622486 1.914711 4.374177 2.775794 2.426567 -0.125868 -1.314194 21.020601 -0.260414 0.448063 3.411253 2.472071 -0.53062 26.67392 7.709702 -2.252307 26.13369 -2.099559 -3.820041 -3.396289 -0.337161 -5.707261 -0.165152 7.7e-05 -2.2e-05 6e-06 -0.137859 0.02716 -0.094398 0.574729 -3.791771 -10.866863 -0.847444 3.831322 -10.918849 -5.814684 -6.789735 14.502099 -15.449487 -6.090272 -41.833817 179.854095 -47.755463 179.638 16.960339 8.287715 -13.99039 -5.882109 9.861286 0.702586 -10.936873 -0.360574 7.156204 -1e-06 8.774824 -1e-06 -15.511646 17.958628 6.078348 -1.844033 2.498505 -2.507279 -10.163604 4.678946 4.621106 -20.97603 -1e-06 -2e-06 -21.226295 2.451696 -3.594006 2e-06 -6e-06 -0.0 -1.362682 2.240798 -0.746325 -21.334917 0.584911 3.008319 -13.821213 -2e-06 -3e-06 -23.887171 -0.249081 -0.839489 -60.595493 2.449745 -0.88244 -0.294025 1.679688 0.833256 -14.218211 0.093216 1.300577 -34.212051 -0.287564 0.967161 -20.033215 0.964535 1.212839 0.0 1e-06 0.0 -3.440389 0.788234 0.501654 -15.928189 -3.167308 2.999704 -6.338826 0.0 -1e-06 -18.123453 3.648183 -4.905678 -4e-06 2e-06 -1e-06 2.353772 29.861444 12.062716 11.597417 21.369921 -26.240963 135.437836 86.3769 135.907486 -27.460152 4.889251 -16.098894 2.24354 -5.255037 -3.180158 14.282893 -0.826593 6.952503 -1e-06 -12.690603 -1e-06 15.712687 -17.336092 2.608648 1.665666 -1.955922 -2.878299 4.7278 -4.170586 4.993924 11.020528 3e-06 1e-06 12.109055 -3.735716 -2.866783 1e-06 -1e-06 -0.0 1.291985 -1.92855 -1.498089 14.800129 0.567469 3.865609 14.242576 -1.341737 -6.660656 19.631969 0.143925 -0.648243 49.551468 -0.936004 -6.479703 0.353028 -1.511151 -0.03194 20.222797 3.68431 2.316631 18.787273 5e-06 1e-06 10.751631 -0.479868 1.397907 -0.0 -0.0 1e-06 3.273806 0.305947 -0.580111 21.48682 11.830376 2.266137 8.16293 2e-06 1e-06 18.399084 -3.798984 -4.940574 3e-06 0.0 -1e-06 -4.710394 16.129814 -84.527397 1.256367 0.490011 150.628342 1.397947 0.093181 -32.001896 1.941349 -2.152048 -11.154838 0.0 0.0 3e-06 -13.431152 -17.22938 -73.3312 0.03629 -0.017101 153.614273 -21.088205 14.797604 -41.19519 -1.191216 0.508423 -12.754336 0.0 -0.0 -2e-06 
0.0 0.0 0.0 0.0 -0.0 0.0 0.683871 40.607597 1.896181 4.434439 2.880229 2.349786 -0.120936 -1.293508 21.02483 -0.225013 0.530474 3.410067 2.618495 -0.328391 26.475563 7.449155 -2.145584 26.15724 -2.212568 -4.170097 -3.400167 -0.312582 -6.137655 -0.377717 7.7e-05 -2.2e-05 6e-06 -0.135789 0.027194 -0.089585 0.571211 -3.791088 -10.845799 -0.838895 3.829635 -10.898169 -5.63293 -6.332016 14.345114 -14.929762 -6.363895 -42.257572 179.726181 -46.814781 179.715393 16.628464 7.836905 -13.680402 -5.882112 9.861292 0.702588 -10.936877 -0.360573 7.15621 -2e-06 8.77483 -2e-06 -15.646804 17.954105 5.961066 -1.844035 2.498505 -2.507279 -10.163609 4.678947 4.621109 -20.976036 2e-06 -1e-06 -21.226301 2.451701 -3.594006 1e-06 -6e-06 -0.0 -1.362682 2.240801 -0.746324 -21.334929 0.584912 3.008322 -13.821223 -0.0 -0.0 -23.887184 -0.249078 -0.839487 -60.599052 2.4556 -0.912613 -0.294025 1.679689 0.833255 -14.218215 0.093218 1.30058 -34.212074 -0.28756 0.967167 -20.033226 0.964539 1.212841 -0.0 0.0 0.0 -3.440392 0.788233 0.501656 -15.928196 -3.167308 2.999709 -6.338829 -0.0 -0.0 -18.123459 3.648185 -4.905677 -4e-06 2e-06 -1e-06 2.479338 30.287033 12.12211 11.205199 21.522825 -26.274443 125.578682 86.82399 125.878723 -27.277929 4.95955 -15.736447 2.243542 -5.25504 -3.18016 14.28289 -0.826595 6.952505 1e-06 -12.690607 -1e-06 15.709138 -17.331491 2.634569 1.665666 -1.955923 -2.8783 4.727799 -4.170588 4.993925 11.020529 2e-06 -1e-06 12.109056 -3.735717 -2.866786 0.0 0.0 -1e-06 1.291988 -1.92855 -1.498091 14.800131 0.567468 3.865608 14.242579 -1.341738 -6.660661 19.631973 0.143924 -0.648246 49.528896 -0.963598 -6.474831 0.353029 -1.511151 -0.031941 20.222797 3.684309 2.316631 18.787275 4e-06 -1e-06 10.751629 -0.47987 1.397906 0.0 -0.0 1e-06 3.273809 0.305947 -0.580111 21.486814 11.830376 2.266135 8.16293 1e-06 1e-06 18.399084 -3.798987 -4.940578 4e-06 0.0 -2e-06 -4.665929 15.96835 -84.563576 1.254289 0.471175 150.680511 1.424177 0.157029 -31.609955 1.929639 -2.136874 -11.180042 0.0 0.0 2e-06 -13.579706 -17.117817 -73.162514 -0.014218 -0.039519 153.700043 -21.034594 14.693129 -41.040005 -1.19428 0.504869 -13.03725 -0.0 0.0 -1e-06 
0.0 0.0 0.0 0.0 -0.0 0.0 0.655864 40.586979 1.868842 4.495939 2.982289 2.329934 -0.116094 -1.286022 21.042639 -0.187422 0.592876 3.412344 2.759319 -0.161509 26.285543 7.242656 -2.059179 26.126049 -2.259624 -4.48654 -3.406374 -0.308706 -6.530129 -0.580208 7.7e-05 -2.2e-05 6e-06 -0.125185 0.025192 -0.08696 0.576423 -3.787595 -10.823485 -0.822092 3.820963 -10.876093 -5.652557 -5.949162 14.25222 -15.133934 -6.807456 -42.697166 179.459503 -45.986057 179.90329 16.778637 7.292685 -13.396752 -5.882112 9.861288 0.702592 -10.936877 -0.360573 7.156212 -1e-06 8.774828 -1e-06 -15.777514 17.932938 5.849069 -1.844033 2.498505 -2.507279 -10.163605 4.678947 4.621111 -20.976034 1e-06 2e-06 -21.226299 2.451698 -3.594001 1e-06 -6e-06 -1e-06 -1.362682 2.2408 -0.746325 -21.334925 0.584914 3.008326 -13.821222 -0.0 2e-06 -23.887184 -0.249077 -0.839486 -60.615223 2.475115 -0.952838 -0.294026 1.679688 0.833256 -14.218215 0.093217 1.300581 -34.212067 -0.28756 0.967169 -20.033222 0.964538 1.212843 0.0 0.0 -0.0 -3.44039 0.788234 0.501656 -15.928192 -3.167308 2.999709 -6.338828 -1e-06 2e-06 -18.123453 3.648185 -4.905673 -4e-06 1e-06 -1e-06 2.62545 30.796118 12.20023 10.674567 21.623854 -26.266197 112.999275 87.240181 113.105461 -26.858988 5.124593 -15.175869 2.243541 -5.255037 -3.180157 14.282894 -0.826598 6.952506 1e-06 -12.690605 4e-06 15.686489 -17.315067 2.673696 1.665666 -1.955922 -2.878299 4.727799 -4.170589 4.993927 11.020528 2e-06 -1e-06 12.109055 -3.735717 -2.866784 2e-06 1e-06 -0.0 1.291985 -1.92855 -1.49809 14.800131 0.567466 3.865609 14.242576 -1.341738 -6.660657 19.631969 0.143924 -0.648245 49.517536 -0.996975 -6.452801 0.35303 -1.51115 -0.03194 20.222797 3.684307 2.316632 18.787273 1e-06 0.0 10.751629 -0.479871 1.397907 -0.0 -0.0 1e-06 3.273806 0.305946 -0.58011 21.486818 11.830374 2.266132 8.16293 -0.0 0.0 18.399088 -3.798988 -4.940577 3e-06 0.0 -1e-06 -4.70934 15.801732 -84.681267 1.252598 0.462357 150.695435 1.422136 0.237161 -31.410439 1.912957 -2.116812 -11.163542 0.0 1e-06 3e-06 -13.729506 -16.999905 -73.121231 -0.05036 -0.058973 153.779984 -20.885162 14.639588 -40.889046 -1.204081 0.507958 -13.301261 -0.0 0.0 -1e-06 
0.0 0.0 0.0 0.0 -0.0 0.0 0.633169 40.565002 1.834445 4.57387 3.080151 2.369638 -0.108595 -1.291095 21.061031 -0.156474 0.627284 3.413488 2.88639 -0.043533 26.154676 7.094233 -1.994466 26.017244 -2.235628 -4.770118 -3.414733 -0.281835 -6.825125 -0.762049 7.7e-05 -2.2e-05 6e-06 -0.110428 0.022643 -0.088388 0.584452 -3.783461 -10.807745 -0.800144 3.811135 -10.859918 -5.877203 -5.681065 14.209126 -15.877721 -7.300946 -42.940407 179.105392 -45.404713 -179.847275 17.302568 6.728977 -13.299917 -5.88211 9.861291 0.702588 -10.936875 -0.360574 7.156208 0.0 8.774828 -2e-06 -15.869286 17.927052 5.777309 -1.844034 2.498507 -2.507278 -10.163604 4.678947 4.621109 -20.976032 1e-06 -2e-06 -21.226301 2.451698 -3.594007 0.0 -6e-06 -0.0 -1.362682 2.240798 -0.746324 -21.334925 0.584912 3.008321 -13.821218 -0.0 -0.0 -23.887178 -0.24908 -0.839488 -60.638699 2.492019 -1.01056 -0.294026 1.679687 0.833255 -14.218215 0.093217 1.30058 -34.212055 -0.287561 0.967165 -20.03322 0.964536 1.212842 -0.0 0.0 -0.0 -3.440391 0.788233 0.501656 -15.928189 -3.167308 2.999706 -6.338827 1e-06 -1e-06 -18.123457 3.648184 -4.905675 -4e-06 1e-06 -2e-06 2.780098 31.346785 12.29309 10.016837 21.689791 -26.229992 96.845894 87.572144 96.808716 -26.301048 5.484075 -14.603993 2.243543 -5.25504 -3.180159 14.282901 -0.826596 6.952506 3e-06 -12.690607 -2e-06 15.634119 -17.281471 2.719508 1.665668 -1.955923 -2.8783 4.727802 -4.170589 4.993926 11.020534 2e-06 -1e-06 12.10906 -3.73572 -2.866787 1e-06 0.0 -0.0 1.291987 -1.928551 -1.49809 14.800139 0.567467 3.865611 14.242584 -1.341738 -6.660661 19.631975 0.143924 -0.648246 49.513798 -1.011817 -6.410812 0.353029 -1.511151 -0.03194 20.222803 3.684309 2.316631 18.787287 3e-06 -1e-06 10.751636 -0.47987 1.397906 -0.0 -0.0 1e-06 3.273808 0.305947 -0.580111 21.48683 11.830377 2.266136 8.162933 0.0 0.0 18.399096 -3.798988 -4.940579 3e-06 0.0 -1e-06 -4.81942 15.625481 -84.876785 1.246396 0.465727 150.666458 1.363423 0.291472 -31.378378 1.897602 -2.097519 -11.106025 0.0 0.0 3e-06 -13.83048 -16.90398 -73.215828 -0.064216 -0.071431 153.861633 -20.653833 14.55448 -40.6996 -1.218593 0.517218 -13.446074 -0.0 0.0 -2e-06 
0.0 0.0 0.0 0.0 -0.0 0.0 0.602179 40.535755 1.805368 4.677821 3.166199 2.45282 -0.092257 -1.295574 21.068558 -0.136439 0.64337 3.414894 2.996635 0.04864 26.133183 7.0137 -2.0033 25.824923 -2.170594 -5.011001 -3.419159 -0.22059 -7.004311 -0.964013 7.7e-05 -2.2e-05 5e-06 -0.102924 0.022465 -0.087358 0.586508 -3.777503 -10.797776 -0.787005 3.805037 -10.847892 -6.274819 -5.562656 14.254679 -16.907902 -7.754588 -42.987488 178.818939 -45.089283 -179.671875 18.028641 6.207911 -13.449762 -5.88211 9.861288 0.702589 -10.936875 -0.360574 7.156208 -0.0 8.774826 -2e-06 -15.886433 17.934698 5.776453 -1.844033 2.498505 -2.507279 -10.163602 4.678947 4.621109 -20.976027 2e-06 2e-06 -21.226297 2.451698 -3.594005 1e-06 -6e-06 -1e-06 -1.362682 2.240798 -0.746323 -21.334917 0.584912 3.008323 -13.821217 -1e-06 -1e-06 -23.887175 -0.249075 -0.839488 -60.651371 2.48062 -1.042385 -0.294025 1.679688 0.833256 -14.218212 0.093216 1.30058 -34.212051 -0.287559 0.967166 -20.033218 0.964537 1.21284 -0.0 0.0 -0.0 -3.440389 0.788235 0.501655 -15.928192 -3.167306 2.99971 -6.338827 1e-06 1e-06 -18.123457 3.648185 -4.905675 -5e-06 1e-06 -1e-06 2.948681 31.860462 12.414013 9.24761 21.724323 -26.271461 79.398857 87.728668 79.303101 -25.790316 5.973154 -14.114657 2.243546 -5.255044 -3.180162 14.282904 -0.826597 6.952511 2e-06 -12.690616 -2e-06 15.554303 -17.246193 2.766798 1.665668 -1.955925 -2.878303 4.727804 -4.170591 4.993928 11.020533 1e-06 -1e-06 12.109063 -3.735719 -2.86679 2e-06 0.0 -1e-06 1.291986 -1.928552 -1.498091 14.800142 0.567467 3.865613 14.242585 -1.341741 -6.660667 19.631985 0.143923 -0.648247 49.495426 -1.017368 -6.368563 0.353029 -1.511152 -0.03194 20.222807 3.684309 2.316635 18.787289 1e-06 -1e-06 10.751637 -0.47987 1.397907 -0.0 0.0 1e-06 3.273812 0.305947 -0.580111 21.486834 11.830381 2.26614 8.162937 1e-06 1e-06 18.399103 -3.79899 -4.940581 3e-06 0.0 -1e-06 -4.889421 15.446996 -85.100113 1.263139 0.4792 150.642136 1.297393 0.255019 -31.358126 1.888898 -2.086136 -11.069443 0.0 0.0 3e-06 -13.883838 -16.840649 -73.386459 -0.05846 -0.07672 153.970627 -20.426472 14.39427 -40.458508 -1.233931 0.528313 -13.476569 -0.0 0.0 -3e-06 
0.0 0.0 0.0 0.0 -0.0 0.0 0.551311 40.496098 1.788978 4.797352 3.246601 2.553469 -0.053928 -1.29734 21.051828 -0.126086 0.646027 3.423194 3.091939 0.124315 26.227547 7.034338 -2.088791 25.559393 -2.148959 -5.222876 -3.413158 -0.101169 -7.107632 -1.150869 7.7e-05 -2.2e-05 5e-06 -0.113846 0.027165 -0.085158 0.567646 -3.763602 -10.781608 -0.790025 3.801926 -10.832181 -6.746243 -5.558402 14.385692 -18.025372 -8.122663 -42.881424 178.677139 -45.015846 -179.596664 18.734798 5.773318 -13.76009 -5.882109 9.861288 0.702589 -10.936872 -0.360574 7.156208 -2e-06 8.774826 -1e-06 -15.806839 17.935011 5.852389 -1.844032 2.498507 -2.50728 -10.163603 4.678946 4.621109 -20.976032 -2e-06 2e-06 -21.226294 2.451698 -3.594002 -0.0 -6e-06 -1e-06 -1.362682 2.240799 -0.746324 -21.334921 0.584912 3.008325 -13.821217 0.0 -0.0 -23.887177 -0.249076 -0.839486 -60.609425 2.46151 -1.034791 -0.294025 1.679688 0.833256 -14.218213 0.093218 1.300581 -34.212063 -0.287559 0.967168 -20.03322 0.964538 1.212842 -0.0 0.0 1e-06 -3.440389 0.788235 0.501656 -15.928189 -3.167307 2.999711 -6.338827 1e-06 0.0 -18.123451 3.648185 -4.905674 -5e-06 2e-06 -1e-06 3.083843 32.287464 12.532892 8.40856 21.75379 -26.409758 62.578281 87.68531 62.508846 -25.424671 6.547939 -13.791573 2.243541 -5.255038 -3.180158 14.28289 -0.826596 6.952504 0.0 -12.690605 -0.0 15.47754 -17.214369 2.81355 1.665666 -1.955922 -2.878299 4.727797 -4.170588 4.993924 11.020528 1e-06 -2e-06 12.109053 -3.735718 -2.866785 2e-06 0.0 -0.0 1.291988 -1.928549 -1.49809 14.800129 0.567466 3.865608 14.242573 -1.341738 -6.66066 19.631969 0.143923 -0.648246 49.480717 -1.006255 -6.333505 0.353029 -1.511151 -0.03194 20.222795 3.684307 2.316631 18.787273 2e-06 -2e-06 10.751629 -0.479869 1.397904 -0.0 -0.0 1e-06 3.273808 0.305946 -0.580112 21.486816 11.830373 2.266135 8.162928 0.0 -1e-06 18.399088 -3.798986 -4.940578 3e-06 -0.0 -2e-06 -4.845641 15.2859 -85.319893 1.313526 0.490308 150.663223 1.276391 0.093715 -31.208723 1.885106 -2.081664 -11.055676 0.0 1e-06 3e-06 -13.872998 -16.80232 -73.556671 -0.043845 -0.074018 154.09935 -20.265251 14.159026 -40.269024 -1.246342 0.539795 -13.367175 -0.0 0.0 -2e-06 
0.0 0.0 0.0 0.0 -0.0 0.0 0.486045 40.44788 1.780419 4.924353 3.319508 2.640078 0.000778 -1.293022 21.018324 -0.119776 0.658388 3.436713 3.16644 0.169743 26.408754 7.153207 -2.214462 25.253632 -2.200322 -5.371402 -3.405586 0.05559 -7.149659 -1.295052 7.7e-05 -2.2e-05 5e-06 -0.141951 0.036756 -0.083185 0.531611 -3.745067 -10.765897 -0.809823 3.804297 -10.819159 -7.194781 -5.598767 14.549845 -19.083176 -8.391297 -42.620445 178.612198 -45.086834 -179.551849 19.227043 5.456731 -13.9848 -5.88211 9.861288 0.702589 -10.936875 -0.360574 7.156208 -1e-06 8.774826 -1e-06 -15.707318 17.946337 5.952802 -1.844033 2.498506 -2.507277 -10.163604 4.678946 4.621109 -20.976032 -1e-06 2e-06 -21.226297 2.451699 -3.594003 -0.0 -6e-06 -0.0 -1.362682 2.240798 -0.746324 -21.334921 0.584912 3.008324 -13.821218 -2e-06 0.0 -23.88718 -0.24908 -0.839485 -60.515923 2.457413 -0.993582 -0.294025 1.679687 0.833256 -14.218214 0.093216 1.300581 -34.212067 -0.287561 0.967169 -20.033226 0.964539 1.212842 -0.0 2e-06 -0.0 -3.44039 0.788234 0.501655 -15.928192 -3.167309 2.999708 -6.338829 0.0 1e-06 -18.123455 3.648185 -4.905674 -5e-06 1e-06 -2e-06 3.142253 32.646496 12.585599 7.620903 21.784082 -26.652758 49.786884 87.440285 49.789879 -25.211792 7.10189 -13.603586 2.243542 -5.255039 -3.18016 14.282905 -0.826595 6.952509 -2e-06 -12.69061 1e-06 15.427423 -17.191778 2.850379 1.665666 -1.955923 -2.8783 4.727803 -4.170589 4.993927 11.020535 2e-06 0.0 12.10906 -3.735718 -2.866785 1e-06 1e-06 -1e-06 1.291987 -1.92855 -1.498091 14.800142 0.567468 3.865612 14.242584 -1.341737 -6.66066 19.631985 0.143924 -0.648243 49.457554 -1.007181 -6.306755 0.353028 -1.511152 -0.03194 20.222811 3.68431 2.316635 18.787287 4e-06 0.0 10.751637 -0.479869 1.397908 -0.0 -0.0 1e-06 3.273808 0.305947 -0.58011 21.486832 11.830379 2.266137 8.162935 1e-06 1e-06 18.399099 -3.798988 -4.940579 3e-06 -0.0 -1e-06 -4.758132 15.150311 -85.498177 1.365421 0.495251 150.690796 1.290092 -0.092031 -31.10186 1.891069 -2.091755 -10.995309 0.0 0.0 3e-06 -13.831203 -16.770067 -73.681175 -0.033628 -0.068149 154.205978 -20.13302 14.00501 -40.287579 -1.256183 0.554084 -13.219185 -0.0 0.0 -2e-06 
0.0 0.0 0.0 0.0 -0.0 0.0 0.421746 40.39167 1.767709 5.055391 3.363366 2.696491 0.053187 -1.281829 21.009075 -0.09886 0.674097 3.46603 3.209657 0.214418 26.582623 7.293526 -2.379263 25.009481 -2.265313 -5.412191 -3.400334 0.189587 -7.155283 -1.388155 7.7e-05 -2.2e-05 5e-06 -0.169341 0.045837 -0.084051 0.499023 -3.72802 -10.759045 -0.831334 3.806438 -10.810755 -7.546037 -5.646793 14.676064 -20.028219 -8.515332 -42.311218 178.67392 -45.140335 -179.582687 19.531363 5.277172 -14.202434 -5.882106 9.861286 0.702588 -10.93687 -0.360577 7.156206 0.0 8.774826 -4e-06 -15.648771 17.956831 5.996763 -1.844032 2.498504 -2.507279 -10.163599 4.678944 4.621109 -20.976021 -4e-06 2e-06 -21.226288 2.451696 -3.594001 -0.0 -6e-06 -1e-06 -1.362682 2.240798 -0.746323 -21.334913 0.584908 3.008324 -13.821213 -3e-06 1e-06 -23.887167 -0.24908 -0.839483 -60.369938 2.472435 -0.971082 -0.294025 1.679687 0.833256 -14.218207 0.093214 1.30058 -34.212048 -0.287565 0.96717 -20.033211 0.964536 1.212844 -1e-06 1e-06 0.0 -3.440388 0.788233 0.501655 -15.928187 -3.167311 2.999709 -6.338827 -0.0 1e-06 -18.123444 3.648183 -4.90567 -4e-06 1e-06 -2e-06 3.136423 32.951836 12.522787 6.970758 21.814966 -26.867086 41.496651 87.053238 41.575504 -25.116589 7.528269 -13.481187 2.243542 -5.255035 -3.180158 14.282889 -0.826594 6.952505 -3e-06 -12.690602 1e-06 15.383671 -17.166813 2.871268 1.665667 -1.955921 -2.878298 4.727801 -4.170586 4.993924 11.020526 3e-06 1e-06 12.109051 -3.735714 -2.866782 2e-06 1e-06 -1e-06 1.291986 -1.928549 -1.498088 14.800132 0.567468 3.865609 14.242569 -1.341736 -6.660655 19.631968 0.143926 -0.648243 49.424667 -1.013997 -6.265543 0.353029 -1.51115 -0.03194 20.222788 3.684309 2.316632 18.787271 5e-06 2e-06 10.751628 -0.479869 1.397907 -0.0 -0.0 0.0 3.273806 0.305947 -0.58011 21.486816 11.830372 2.266134 8.162926 2e-06 -0.0 18.39908 -3.798983 -4.940573 3e-06 -0.0 -1e-06 -4.718065 15.053198 -85.650612 1.399305 0.485229 150.725876 1.239641 -0.221343 -31.013065 1.899442 -2.092072 -10.876023 0.0 1e-06 3e-06 -13.821812 -16.721525 -73.786758 -0.036964 -0.061574 154.288376 -20.019735 13.984851 -40.470364 -1.261325 0.566443 -13.052867 -0.0 0.0 -3e-06 
