HIERARCHY
ROOT Root
{
  OFFSET 0.0 0.0 0.0
  CHANNELS 6 Xposition Yposition Zposition Zrotation Yrotation Xrotation
  JOINT Hips
  {
    OFFSET 0.0 100.0 0.0
    CHANNELS 6 Xposition Yposition Zposition Zrotation Yrotation Xrotation
    JOINT Spine1
    {
      OFFSET -0.013727 5.003763 -0.053727
      CHANNELS 3 Zrotation Yrotation Xrotation
      JOINT Spine2
      {
        OFFSET -0.0 7.125301 -0.029825
        CHANNELS 3 Zrotation Yrotation Xrotation
        JOINT Chest
        {
          OFFSET -1e-06 7.550063 -0.815971
          CHANNELS 3 Zrotation Yrotation Xrotation
          JOINT Neck1
          {
            OFFSET -0.181677 26.311295 -0.553348
            CHANNELS 3 Zrotation Yrotation Xrotation
            JOINT Neck2
            {
              OFFSET -3e-06 7.709397 2.302585
              CHANNELS 3 Zrotation Yrotation Xrotation
              JOINT Head
              {
                OFFSET -5e-06 6.128916 1.953709
                CHANNELS 3 Zrotation Yrotation Xrotation
                JOINT HeadEnd
                {
                  OFFSET 0.003598 16.065403 -1.835379
                  CHANNELS 3 Zrotation Yrotation Xrotation
                }
                JOINT Jaw
                {
                  OFFSET 0.002637 0.475592 3.094941
                  CHANNELS 3 Zrotation Yrotation Xrotation
                }
                JOINT LeftEye
                {
                  OFFSET 3.206381 5.380205 7.586883
                  CHANNELS 3 Zrotation Yrotation Xrotation
                }
                JOINT RightEye
                {
                  OFFSET -3.22244 5.361869 7.558234
                  CHANNELS 3 Zrotation Yrotation Xrotation
                }
              }
            }
          }
          JOINT LeftShoulder
          {
            OFFSET 1.621652 23.237164 5.113413
            CHANNELS 3 Zrotation Yrotation Xrotation
            JOINT LeftArm
            {
              OFFSET 14.919846 2e-06 -5.502326
              CHANNELS 3 Zrotation Yrotation Xrotation
              JOINT LeftForeArm
              {
                OFFSET 28.739307 0.0 -0.002588
                CHANNELS 3 Zrotation Yrotation Xrotation
                JOINT LeftHand
                {
                  OFFSET 27.093981 -1e-06 0.002609
                  CHANNELS 3 Zrotation Yrotation Xrotation
                  JOINT LeftHandThumb1
                  {
                    OFFSET 2.276482 -1.392045 3.191413
                    CHANNELS 3 Zrotation Yrotation Xrotation
                    JOINT LeftHandThumb2
                    {
                      OFFSET 4.012836 -1.828127 1.641654
                      CHANNELS 3 Zrotation Yrotation Xrotation
                      JOINT LeftHandThumb3
                      {
                        OFFSET 2.798515 0.0 -3e-06
                        CHANNELS 3 Zrotation Yrotation Xrotation
                        JOINT LeftHandThumbEnd
                        {
                          OFFSET 3.180793 -4e-06 4e-06
                          CHANNELS 3 Zrotation Yrotation Xrotation
                        }
                      }
                    }
                  }
                  JOINT LeftHandIndex1
                  {
                    OFFSET 3.247555 -0.531998 2.296169
                    CHANNELS 3 Zrotation Yrotation Xrotation
                    JOINT LeftHandIndex2
                    {
                      OFFSET 6.364578 0.01206 0.1786
                      CHANNELS 3 Zrotation Yrotation Xrotation
                      JOINT LeftHandIndex3
                      {
                        OFFSET 3.662364 0.0 0.0
                        CHANNELS 3 Zrotation Yrotation Xrotation
                        JOINT LeftHandIndex4
                        {
                          OFFSET 2.329242 4e-06 4e-06
                          CHANNELS 3 Zrotation Yrotation Xrotation
                          JOINT LeftHandIndexEnd
                          {
                            OFFSET 2.759615 -0.180537 -0.113024
                            CHANNELS 3 Zrotation Yrotation Xrotation
                          }
                        }
                      }
                    }
                  }
                  JOINT LeftHandMiddle1
                  {
                    OFFSET 3.163495 0.240981 1.000332
                    CHANNELS 3 Zrotation Yrotation Xrotation
                    JOINT LeftHandMiddle2
                    {
                      OFFSET 6.19078 -0.259278 -1.002548
                      CHANNELS 3 Zrotation Yrotation Xrotation
                      JOINT LeftHandMiddle3
                      {
                        OFFSET 4.35652 -4e-06 -1e-06
                        CHANNELS 3 Zrotation Yrotation Xrotation
                        JOINT LeftHandMiddle4
                        {
                          OFFSET 2.996877 -8e-06 0.0
                          CHANNELS 3 Zrotation Yrotation Xrotation
                          JOINT LeftHandMiddleEnd
                          {
                            OFFSET 2.304287 -0.294569 -0.031741
                            CHANNELS 3 Zrotation Yrotation Xrotation
                          }
                        }
                      }
                    }
                  }
                  JOINT LeftHandRing1
                  {
                    OFFSET 2.882643 -0.053652 -0.322543
                    CHANNELS 3 Zrotation Yrotation Xrotation
                    JOINT LeftHandRing2
                    {
                      OFFSET 5.854541 -0.486202 -1.373841
                      CHANNELS 3 Zrotation Yrotation Xrotation
                      JOINT LeftHandRing3
                      {
                        OFFSET 4.350578 0.0 3e-06
                        CHANNELS 3 Zrotation Yrotation Xrotation
                        JOINT LeftHandRing4
                        {
                          OFFSET 2.651321 7e-06 2e-06
                          CHANNELS 3 Zrotation Yrotation Xrotation
                          JOINT LeftHandRingEnd
                          {
                            OFFSET 1.936105 0.077687 -7.1e-05
                            CHANNELS 3 Zrotation Yrotation Xrotation
                          }
                        }
                      }
                    }
                  }
                  JOINT LeftHandPinky1
                  {
                    OFFSET 2.8655 -0.310005 -1.600378
                    CHANNELS 3 Zrotation Yrotation Xrotation
                    JOINT LeftHandPinky2
                    {
                      OFFSET 5.087849 -1.331141 -1.77123
                      CHANNELS 3 Zrotation Yrotation Xrotation
                      JOINT LeftHandPinky3
                      {
                        OFFSET 3.070974 4e-06 0.0
                        CHANNELS 3 Zrotation Yrotation Xrotation
                        JOINT LeftHandPinky4
                        {
                          OFFSET 1.549672 0.0 1e-06
                          CHANNELS 3 Zrotation Yrotation Xrotation
                          JOINT LeftHandPinkyEnd
                          {
                            OFFSET 1.944893 -0.157802 0.057219
                            CHANNELS 3 Zrotation Yrotation Xrotation
                          }
                        }
                      }
                    }
                  }
                }
              }
            }
          }
          JOINT RightShoulder
          {
            OFFSET -1.380118 23.180309 5.214158
            CHANNELS 3 Zrotation Yrotation Xrotation
            JOINT RightArm
            {
              OFFSET -15.037196 1.2e-05 -5.545604
              CHANNELS 3 Zrotation Yrotation Xrotation
              JOINT RightForeArm
              {
                OFFSET -28.736639 2e-06 -0.002597
                CHANNELS 3 Zrotation Yrotation Xrotation
                JOINT RightHand
                {
                  OFFSET -27.133619 -0.0 0.002613
                  CHANNELS 3 Zrotation Yrotation Xrotation
                  JOINT RightHandThumb1
                  {
                    OFFSET -2.274032 -1.383988 3.163127
                    CHANNELS 3 Zrotation Yrotation Xrotation
                    JOINT RightHandThumb2
                    {
                      OFFSET -4.011429 -1.827466 1.640914
                      CHANNELS 3 Zrotation Yrotation Xrotation
                      JOINT RightHandThumb3
                      {
                        OFFSET -2.794935 -4e-06 -3e-06
                        CHANNELS 3 Zrotation Yrotation Xrotation
                        JOINT RightHandThumbEnd
                        {
                          OFFSET -3.183852 4e-06 1e-06
                          CHANNELS 3 Zrotation Yrotation Xrotation
                        }
                      }
                    }
                  }
                  JOINT RightHandIndex1
                  {
                    OFFSET -3.253266 -0.520057 2.282866
                    CHANNELS 3 Zrotation Yrotation Xrotation
                    JOINT RightHandIndex2
                    {
                      OFFSET -6.341917 0.012471 0.178266
                      CHANNELS 3 Zrotation Yrotation Xrotation
                      JOINT RightHandIndex3
                      {
                        OFFSET -3.654871 -8e-06 -0.0
                        CHANNELS 3 Zrotation Yrotation Xrotation
                        JOINT RightHandIndex4
                        {
                          OFFSET -2.327586 0.0 1e-06
                          CHANNELS 3 Zrotation Yrotation Xrotation
                          JOINT RightHandIndexEnd
                          {
                            OFFSET -2.76179 -0.180656 -0.113078
                            CHANNELS 3 Zrotation Yrotation Xrotation
                          }
                        }
                      }
                    }
                  }
                  JOINT RightHandMiddle1
                  {
                    OFFSET -3.168106 0.246593 1.00103
                    CHANNELS 3 Zrotation Yrotation Xrotation
                    JOINT RightHandMiddle2
                    {
                      OFFSET -6.180828 -0.258836 -1.000895
                      CHANNELS 3 Zrotation Yrotation Xrotation
                      JOINT RightHandMiddle3
                      {
                        OFFSET -4.348901 0.0 -0.0
                        CHANNELS 3 Zrotation Yrotation Xrotation
                        JOINT RightHandMiddle4
                        {
                          OFFSET -3.00024 -4e-06 -2e-06
                          CHANNELS 3 Zrotation Yrotation Xrotation
                          JOINT RightHandMiddleEnd
                          {
                            OFFSET -2.30252 -0.29437 -0.031706
                            CHANNELS 3 Zrotation Yrotation Xrotation
                          }
                        }
                      }
                    }
                  }
                  JOINT RightHandRing1
                  {
                    OFFSET -2.88569 -0.067952 -0.308858
                    CHANNELS 3 Zrotation Yrotation Xrotation
                    JOINT RightHandRing2
                    {
                      OFFSET -5.854198 -0.48613 -1.373731
                      CHANNELS 3 Zrotation Yrotation Xrotation
                      JOINT RightHandRing3
                      {
                        OFFSET -4.33881 -4e-06 -0.0
                        CHANNELS 3 Zrotation Yrotation Xrotation
                        JOINT RightHandRing4
                        {
                          OFFSET -2.654903 -4e-06 4e-06
                          CHANNELS 3 Zrotation Yrotation Xrotation
                          JOINT RightHandRingEnd
                          {
                            OFFSET -1.933568 0.077527 -5.2e-05
                            CHANNELS 3 Zrotation Yrotation Xrotation
                          }
                        }
                      }
                    }
                  }
                  JOINT RightHandPinky1
                  {
                    OFFSET -2.866425 -0.342796 -1.584145
                    CHANNELS 3 Zrotation Yrotation Xrotation
                    JOINT RightHandPinky2
                    {
                      OFFSET -5.091371 -1.332055 -1.772385
                      CHANNELS 3 Zrotation Yrotation Xrotation
                      JOINT RightHandPinky3
                      {
                        OFFSET -3.062664 -4e-06 1e-06
                        CHANNELS 3 Zrotation Yrotation Xrotation
                        JOINT RightHandPinky4
                        {
                          OFFSET -1.546529 4e-06 -2e-06
                          CHANNELS 3 Zrotation Yrotation Xrotation
                          JOINT RightHandPinkyEnd
                          {
                            OFFSET -1.945119 -0.157718 0.057211
                            CHANNELS 3 Zrotation Yrotation Xrotation
                          }
                        }
                      }
                    }
                  }
                }
              }
            }
          }
        }
      }
    }
    JOINT LeftLeg
    {
      OFFSET 10.043214 -8.434526 2.595655
      CHANNELS 3 Zrotation Yrotation Xrotation
      JOINT LeftShin
      {
        OFFSET -1e-06 -43.221752 -0.802913
        CHANNELS 3 Zrotation Yrotation Xrotation
        JOINT LeftFoot
        {
          OFFSET 1e-06 -42.155094 -3.481523
          CHANNELS 3 Zrotation Yrotation Xrotation
          JOINT LeftToeBase
          {
            OFFSET 0.0 -5.059472 13.231529
            CHANNELS 3 Zrotation Yrotation Xrotation
            JOINT LeftToeEnd
            {
              OFFSET -0.009607 -1.647619 6.513017
              CHANNELS 3 Zrotation Yrotation Xrotation
            }
          }
        }
      }
    }
    JOINT RightLeg
    {
      OFFSET -10.047278 -8.29526 2.620317
      CHANNELS 3 Zrotation Yrotation Xrotation
      JOINT RightShin
      {
        OFFSET 1e-06 -43.362206 -0.805556
        CHANNELS 3 Zrotation Yrotation Xrotation
        JOINT RightFoot
        {
          OFFSET 2e-06 -42.117393 -3.478398
          CHANNELS 3 Zrotation Yrotation Xrotation
          JOINT RightToeBase
          {
            OFFSET -0.0 -5.079609 13.284196
            CHANNELS 3 Zrotation Yrotation Xrotation
            JOINT RightToeEnd
            {
              OFFSET 0.009532 -1.634378 6.460591
              CHANNELS 3 Zrotation Yrotation Xrotation
            }
          }
        }
      }
    }
  }
}
MOTION
Frames: 247
Frame Time: 0.03333333333333333
0.0 0.0 0.0 0.0 -0.0 0.0 1.494103 99.583748 3.618911 0.960311 0.119725 -1.912567 0.045371 0.362409 -3.964404 -0.241102 0.150969 -6.583878 -0.134106 -0.885565 26.772186 3.560273 0.797039 11.455931 -1.919602 -2.768703 -3.697328 -1.24711 -4.03048 -10.507917 7.7e-05 -2.3e-05 6e-06 0.03494 0.001272 -0.057864 0.708862 -3.674061 -10.480659 -0.643994 3.683823 -10.47654 -14.671207 -10.428255 16.186256 -56.358131 -13.795335 9.016587 -0.078341 -38.951859 0.263633 8.61823 3.56056 -10.176155 -5.88211 9.861292 0.702589 -10.936879 -0.360576 7.156206 1e-06 8.774831 -2e-06 -15.914809 18.391769 6.130656 -1.844035 2.498506 -2.507279 -10.163608 4.678947 4.621107 -20.97604 -6e-06 0.0 -21.226305 2.451695 -3.594004 1e-06 -6e-06 0.0 -1.362682 2.2408 -0.746324 -21.334929 0.584908 3.008319 -13.821224 -4e-06 -0.0 -23.887188 -0.249081 -0.839486 -59.738384 2.235054 -1.430112 -0.294025 1.679688 0.833256 -14.218219 0.093214 1.300577 -34.212074 -0.28757 0.967166 -20.03323 0.964533 1.212844 0.0 -0.0 -1e-06 -3.440391 0.788235 0.501654 -15.928198 -3.167312 2.999705 -6.338832 -1e-06 0.0 -18.123459 3.648184 -4.905675 -3e-06 1e-06 -3e-06 10.989105 16.02029 16.57889 60.477554 6.484842 9.262297 0.0425 40.595234 0.274512 4.49591 -2.581343 -9.45887 2.243544 -5.255041 -3.18016 14.282902 -0.826594 6.952505 -4e-06 -12.690613 2e-06 16.050392 -17.931648 2.714482 1.665668 -1.955923 -2.878301 4.727802 -4.17059 4.993926 11.020535 2e-06 -2e-06 12.10906 -3.735718 -2.866787 -0.0 -0.0 -1e-06 1.291987 -1.928551 -1.498091 14.800139 0.567469 3.865607 14.242584 -1.341735 -6.660665 19.631985 0.143928 -0.648246 49.712776 -0.861988 -6.381889 0.353029 -1.511151 -0.03194 20.222809 3.684314 2.316629 18.787289 6e-06 -3e-06 10.751637 -0.479867 1.397906 0.0 1e-06 -1e-06 3.27381 0.305948 -0.580114 21.486834 11.830387 2.26613 8.162936 2e-06 -2e-06 18.399099 -3.798984 -4.940582 4e-06 1e-06 -1e-06 4.850788 5.053538 -5.342017 -0.023871 0.158186 11.681666 -7.729291 7.636884 -4.19228 1.666589 -1.799421 -1.193149 0.0 0.0 2e-06 -5.79163 2.240467 -3.132888 0.036872 0.089857 13.301423 6.807714 -1.223417 -8.447673 -1.424467 1.252971 -1.373668 -0.0 0.0 -1e-06 
0.0 0.0 0.0 0.0 -0.0 0.0 1.552815 99.606102 3.702652 0.998589 0.172486 -1.798192 0.017368 0.362601 -4.014781 -0.231793 0.204464 -6.577416 -0.207852 -0.999436 26.668037 3.564225 0.818302 11.211718 -1.910095 -2.844382 -3.683956 -1.236502 -4.03695 -10.398069 7.7e-05 -2.3e-05 6e-06 0.03058 0.012456 -0.063624 0.707311 -3.66364 -10.478777 -0.650824 3.693882 -10.480453 -14.77706 -10.53556 16.177828 -56.515617 -14.018341 9.696207 -0.212097 -36.903442 0.25819 8.062121 4.061507 -9.059644 -5.88211 9.861292 0.702589 -10.936877 -0.360573 7.15621 -1e-06 8.77483 -0.0 -15.98554 18.300354 6.064654 -1.844033 2.498505 -2.50728 -10.163604 4.678948 4.62111 -20.976032 -1e-06 3e-06 -21.226297 2.4517 -3.594002 1e-06 -6e-06 1e-06 -1.362682 2.240799 -0.746323 -21.334923 0.584914 3.008325 -13.821218 -0.0 3e-06 -23.88718 -0.249075 -0.839484 -59.768444 2.209975 -1.360659 -0.294026 1.679689 0.833257 -14.218215 0.093217 1.300581 -34.212067 -0.287559 0.967168 -20.033226 0.964539 1.212842 0.0 -0.0 0.0 -3.44039 0.788234 0.501655 -15.928192 -3.167309 2.999708 -6.338829 -0.0 2e-06 -18.123453 3.648187 -4.905673 -3e-06 0.0 -1e-06 10.985271 15.913458 16.499712 60.523331 6.510053 9.602722 -0.095751 40.305412 0.204681 4.617752 -2.394074 -9.885499 2.243543 -5.255041 -3.180159 14.2829 -0.826596 6.952506 -2e-06 -12.690612 -1e-06 16.055349 -17.912935 2.679743 1.665668 -1.955923 -2.8783 4.727803 -4.170591 4.993927 11.020535 2e-06 -2e-06 12.109061 -3.735719 -2.866785 -0.0 -0.0 -1e-06 1.291987 -1.928551 -1.49809 14.800139 0.567467 3.86561 14.242584 -1.341737 -6.660664 19.631985 0.143925 -0.648246 49.826488 -0.849707 -6.360241 0.353029 -1.511151 -0.03194 20.222805 3.684312 2.31663 18.787287 5e-06 -0.0 10.751635 -0.47987 1.397907 0.0 0.0 -1e-06 3.27381 0.305947 -0.580111 21.486834 11.830384 2.266134 8.162932 1e-06 -1e-06 18.399096 -3.798986 -4.940578 4e-06 0.0 -1e-06 4.775198 5.245342 -5.326373 -0.043964 0.123047 11.492583 -7.768841 7.43485 -4.127951 1.665892 -1.808158 -1.208825 0.0 0.0 2e-06 -5.876083 2.202671 -3.092389 0.043328 0.110062 13.102626 6.812387 -1.306132 -8.405163 -1.428577 1.244995 -1.385443 -0.0 -0.0 -1e-06 
0.0 0.0 0.0 0.0 -0.0 0.0 1.594127 99.609848 3.808347 1.050926 0.242812 -1.690226 -0.029841 0.382862 -4.075328 -0.228573 0.227247 -6.596757 -0.247702 -1.094497 26.640762 3.577001 0.820307 10.970968 -1.891436 -2.903621 -3.695063 -1.240888 -4.072851 -10.318082 7.7e-05 -2.3e-05 5e-06 0.032337 0.00608 -0.06388 0.707377 -3.669993 -10.486012 -0.646856 3.685305 -10.486794 -14.820905 -10.670681 16.185402 -56.740402 -14.272302 10.537374 -0.260843 -35.017849 0.234338 7.383337 4.877357 -7.675206 -5.882108 9.861289 0.702591 -10.936873 -0.360575 7.156208 1e-06 8.774828 0.0 -16.122377 18.331085 5.990804 -1.844033 2.498505 -2.507278 -10.163603 4.678946 4.62111 -20.97603 -2e-06 3e-06 -21.226294 2.451698 -3.594 -0.0 -6e-06 0.0 -1.362682 2.240798 -0.746323 -21.334921 0.58491 3.008324 -13.821218 -3e-06 3e-06 -23.887177 -0.249078 -0.839482 -59.844719 2.236909 -1.391032 -0.294025 1.679688 0.833256 -14.218214 0.093215 1.300582 -34.212063 -0.287564 0.96717 -20.033222 0.964537 1.212843 -1e-06 0.0 1e-06 -3.440389 0.788233 0.501656 -15.928191 -3.16731 2.999709 -6.338828 -0.0 1e-06 -18.123451 3.648183 -4.905673 -3e-06 -0.0 -2e-06 10.981904 15.84568 16.41534 60.541977 6.541814 9.8861 -0.219396 40.02227 0.126276 4.671154 -2.189735 -10.236989 2.243542 -5.255038 -3.180158 14.282892 -0.826594 6.952502 -2e-06 -12.690607 -1e-06 16.106031 -17.909847 2.653824 1.665666 -1.955922 -2.878299 4.727798 -4.170588 4.993924 11.020528 3e-06 -1e-06 12.109053 -3.735716 -2.866784 -0.0 -0.0 -1e-06 1.291986 -1.92855 -1.49809 14.800129 0.567468 3.865606 14.242573 -1.341736 -6.660658 19.631969 0.143926 -0.648244 49.93399 -0.837849 -6.37447 0.353029 -1.511151 -0.03194 20.222794 3.684309 2.31663 18.787273 5e-06 -1e-06 10.751629 -0.479868 1.397905 0.0 0.0 -0.0 3.273807 0.305947 -0.580111 21.486818 11.830377 2.266135 8.16293 2e-06 -0.0 18.39908 -3.798985 -4.940576 4e-06 1e-06 0.0 4.686428 5.352139 -5.361943 -0.0472 0.09333 11.443153 -7.770602 7.274506 -4.14465 1.663749 -1.802558 -1.191472 0.0 -0.0 2e-06 -5.974876 2.089919 -3.113728 0.054199 0.122362 13.083127 6.836341 -1.359727 -8.46511 -1.430321 1.236203 -1.324156 -0.0 -0.0 -1e-06 
0.0 0.0 0.0 0.0 -0.0 0.0 1.615522 99.6073 3.901044 1.093619 0.313578 -1.603114 -0.084083 0.401463 -4.127123 -0.225605 0.228843 -6.617583 -0.261074 -1.145257 26.626762 3.572346 0.821333 10.752604 -1.865866 -2.943693 -3.705516 -1.208469 -4.137444 -10.333456 7.7e-05 -2.2e-05 6e-06 0.033405 0.002454 -0.058717 0.707334 -3.674179 -10.494239 -0.644148 3.680513 -10.492041 -14.833392 -10.748268 16.208307 -57.019794 -14.50238 11.436032 -0.248676 -33.546848 0.235397 6.821596 5.614944 -6.449893 -5.882109 9.861286 0.70259 -10.936873 -0.360574 7.156208 -0.0 8.774826 -1e-06 -16.277121 18.352884 5.9173 -1.844033 2.498505 -2.507277 -10.163601 4.678946 4.621109 -20.976023 -1e-06 1e-06 -21.22629 2.451699 -3.594003 1e-06 -6e-06 -0.0 -1.362682 2.240799 -0.746322 -21.334917 0.584912 3.008322 -13.821215 -1e-06 1e-06 -23.887171 -0.249076 -0.839485 -59.923225 2.274774 -1.409462 -0.294025 1.679688 0.833255 -14.218211 0.093217 1.30058 -34.212055 -0.28756 0.967167 -20.033215 0.964537 1.212842 0.0 -1e-06 1e-06 -3.440389 0.788234 0.501655 -15.928189 -3.167308 2.999707 -6.338828 -1e-06 1e-06 -18.123451 3.648185 -4.905673 -4e-06 -1e-06 -2e-06 10.981073 15.83332 16.332226 60.573097 6.591273 10.1204 -0.319785 39.725628 0.07142 4.656203 -2.044539 -10.427949 2.243543 -5.255037 -3.18016 14.282896 -0.826597 6.952504 -1e-06 -12.690605 2e-06 16.155155 -17.90963 2.65397 1.665667 -1.955922 -2.8783 4.7278 -4.170589 4.993925 11.020529 2e-06 -2e-06 12.109056 -3.735717 -2.866787 -0.0 -0.0 -1e-06 1.291986 -1.92855 -1.498091 14.800134 0.567466 3.865607 14.242579 -1.341735 -6.660663 19.631973 0.143926 -0.648247 50.002857 -0.847595 -6.372757 0.353029 -1.511151 -0.03194 20.222799 3.684309 2.316629 18.787283 5e-06 -3e-06 10.751634 -0.479868 1.397904 0.0 0.0 -0.0 3.273807 0.305947 -0.580112 21.48682 11.830376 2.26613 8.16293 1e-06 -1e-06 18.39909 -3.798986 -4.94058 4e-06 1e-06 -1e-06 4.620134 5.422945 -5.40984 -0.045162 0.071865 11.446499 -7.771332 7.166 -4.18089 1.657979 -1.797392 -1.168234 0.0 0.0 2e-06 -6.051274 1.955934 -3.148066 0.062044 0.126065 13.119504 6.858912 -1.385206 -8.54314 -1.43082 1.219593 -1.259139 0.0 -0.0 -1e-06 
0.0 0.0 0.0 0.0 -0.0 0.0 1.626168 99.600327 3.976207 1.117972 0.377096 -1.530398 -0.117272 0.413449 -4.175397 -0.225411 0.228187 -6.633823 -0.264857 -1.158816 26.612734 3.575395 0.83997 10.548917 -1.841866 -3.001723 -3.707888 -1.148452 -4.198797 -10.387529 7.7e-05 -2.3e-05 6e-06 0.031795 0.007949 -0.049339 0.706703 -3.669413 -10.494726 -0.646345 3.685951 -10.490113 -14.845647 -10.747403 16.203653 -57.322678 -14.606724 12.069433 -0.261916 -32.645447 0.269418 6.51596 6.022479 -5.711746 -5.882108 9.861288 0.702591 -10.936875 -0.360576 7.156208 1e-06 8.774829 -0.0 -16.350107 18.313879 5.885322 -1.844034 2.498506 -2.507279 -10.163603 4.678946 4.62111 -20.976032 -5e-06 0.0 -21.226295 2.451695 -3.594002 -0.0 -6e-06 -0.0 -1.362682 2.240799 -0.746324 -21.334921 0.584907 3.008323 -13.82122 -4e-06 2e-06 -23.887178 -0.249081 -0.839482 -59.964928 2.299601 -1.385203 -0.294024 1.679688 0.833256 -14.218215 0.093214 1.30058 -34.212059 -0.287568 0.967173 -20.033222 0.964534 1.212846 0.0 1e-06 1e-06 -3.440389 0.788232 0.501655 -15.928192 -3.167312 2.999708 -6.338829 -2e-06 0.0 -18.123455 3.648182 -4.905674 -4e-06 -0.0 -1e-06 10.99363 15.852408 16.250969 60.631855 6.647198 10.241739 -0.375342 39.439724 0.053746 4.537556 -1.9493 -10.458779 2.243543 -5.255038 -3.180157 14.2829 -0.826593 6.952504 -4e-06 -12.690609 -1e-06 16.174784 -17.901136 2.674197 1.665667 -1.955922 -2.8783 4.727801 -4.170588 4.993925 11.020532 4e-06 -1e-06 12.109058 -3.735716 -2.866785 -0.0 -0.0 -1e-06 1.291986 -1.92855 -1.49809 14.800136 0.56747 3.865608 14.242579 -1.341735 -6.660658 19.631981 0.143929 -0.648243 50.034679 -0.864037 -6.354432 0.353029 -1.511151 -0.03194 20.222803 3.684313 2.31663 18.787279 7e-06 -0.0 10.751634 -0.479867 1.397905 0.0 0.0 -1e-06 3.273809 0.305947 -0.580111 21.486824 11.830381 2.266133 8.162933 3e-06 -0.0 18.399088 -3.798984 -4.940577 4e-06 0.0 -1e-06 4.579403 5.4541 -5.483206 -0.038321 0.061913 11.511617 -7.768758 7.105414 -4.240403 1.651168 -1.79975 -1.138559 -0.0 -0.0 2e-06 -6.095368 1.841961 -3.193413 0.064539 0.1316 13.183517 6.897659 -1.402433 -8.624927 -1.430279 1.202319 -1.213167 -0.0 -0.0 -1e-06 
0.0 0.0 0.0 0.0 -0.0 0.0 1.636441 99.59153 4.036532 1.128039 0.415362 -1.461903 -0.134775 0.423645 -4.213884 -0.223857 0.234738 -6.65135 -0.261945 -1.151291 26.58556 3.572662 0.872251 10.396591 -1.831239 -3.04618 -3.70923 -1.0926 -4.233677 -10.40518 7.7e-05 -2.3e-05 6e-06 0.030584 0.008524 -0.041876 0.706555 -3.668894 -10.494011 -0.648329 3.686458 -10.489538 -14.862442 -10.702311 16.152273 -57.612354 -14.569296 12.413085 -0.25134 -32.248356 0.293073 6.383029 6.1529 -5.302204 -5.882109 9.861291 0.702593 -10.936873 -0.360573 7.156208 -1e-06 8.774828 -1e-06 -16.362598 18.265224 5.865703 -1.844033 2.498506 -2.507279 -10.163602 4.678948 4.621109 -20.976027 -1e-06 0.0 -21.22629 2.451699 -3.594004 1e-06 -7e-06 0.0 -1.362682 2.2408 -0.746323 -21.334917 0.584913 3.008327 -13.821216 -1e-06 1e-06 -23.887175 -0.249075 -0.839485 -59.97353 2.306176 -1.378226 -0.294025 1.679688 0.833255 -14.218211 0.093216 1.300581 -34.212048 -0.287559 0.96717 -20.033215 0.96454 1.212842 0.0 1e-06 1e-06 -3.440389 0.788234 0.501655 -15.928189 -3.167309 2.999708 -6.338828 -0.0 0.0 -18.123451 3.648188 -4.905674 -3e-06 -0.0 -2e-06 11.047172 15.897313 16.212465 60.650776 6.701013 10.261065 -0.407983 39.259186 0.042705 4.361289 -1.889492 -10.425412 2.243541 -5.255037 -3.180156 14.282892 -0.826595 6.9525 -2e-06 -12.690603 0.0 16.190407 -17.900661 2.684512 1.665666 -1.955921 -2.878298 4.727798 -4.170588 4.993923 11.020525 2e-06 -0.0 12.109052 -3.735716 -2.866782 -1e-06 -0.0 -0.0 1.291986 -1.928549 -1.498091 14.800129 0.567466 3.865608 14.24257 -1.341737 -6.660656 19.631968 0.143925 -0.648245 50.044479 -0.879179 -6.348249 0.353029 -1.511151 -0.031941 20.22279 3.684309 2.31663 18.787271 4e-06 1e-06 10.751628 -0.479868 1.397904 0.0 -0.0 -0.0 3.273807 0.305947 -0.580109 21.486811 11.830373 2.266133 8.162928 2e-06 -1e-06 18.39908 -3.798986 -4.940575 4e-06 1e-06 -1e-06 4.55357 5.436545 -5.57764 -0.030034 0.065435 11.617973 -7.765415 7.096489 -4.32052 1.645577 -1.805103 -1.09727 0.0 -0.0 2e-06 -6.123186 1.747707 -3.253976 0.068317 0.138104 13.25577 6.944096 -1.399586 -8.697629 -1.42892 1.192506 -1.194519 -0.0 -0.0 -1e-06 
0.0 0.0 0.0 0.0 -0.0 0.0 1.643496 99.585114 4.074458 1.135698 0.447226 -1.41252 -0.139455 0.428475 -4.231605 -0.219593 0.249843 -6.659076 -0.256619 -1.116634 26.531399 3.553585 0.908483 10.290935 -1.833766 -3.062059 -3.718367 -1.064276 -4.227759 -10.380991 7.7e-05 -2.3e-05 6e-06 0.030234 0.004924 -0.040552 0.705989 -3.671625 -10.49981 -0.648263 3.682001 -10.495153 -14.878154 -10.64839 16.092955 -57.858669 -14.462716 12.557433 -0.186318 -32.224163 0.281634 6.357644 6.147664 -5.15816 -5.882111 9.861292 0.702591 -10.936877 -0.360573 7.156209 -1e-06 8.77483 -1e-06 -16.342493 18.215797 5.8491 -1.844033 2.498505 -2.507279 -10.163605 4.678948 4.62111 -20.976036 -1e-06 -1e-06 -21.226301 2.451701 -3.594003 1e-06 -6e-06 -0.0 -1.362682 2.240799 -0.746324 -21.334925 0.584913 3.008323 -13.821221 -1e-06 0.0 -23.887184 -0.249076 -0.839486 -59.981609 2.292068 -1.380631 -0.294025 1.679687 0.833256 -14.218216 0.093217 1.300583 -34.212074 -0.28756 0.967168 -20.03323 0.964538 1.212842 0.0 1e-06 1e-06 -3.440391 0.788234 0.501656 -15.928196 -3.167309 2.999708 -6.33883 -0.0 -0.0 -18.123459 3.648189 -4.905676 -4e-06 -1e-06 -0.0 11.111811 15.971605 16.201893 60.685371 6.725293 10.132217 -0.412603 39.210304 0.033628 4.17913 -1.858006 -10.420706 2.243541 -5.255038 -3.180158 14.282891 -0.826595 6.952502 -3e-06 -12.690607 -0.0 16.191914 -17.889107 2.673749 1.665666 -1.955921 -2.878298 4.727798 -4.170588 4.993922 11.020525 1e-06 -2e-06 12.109052 -3.735717 -2.866786 -0.0 -0.0 -0.0 1.291986 -1.92855 -1.49809 14.800129 0.567468 3.865606 14.242572 -1.341737 -6.660659 19.631968 0.143925 -0.648247 50.004436 -0.885695 -6.352929 0.353029 -1.51115 -0.031941 20.222786 3.684309 2.316627 18.78727 5e-06 -2e-06 10.751628 -0.479869 1.397905 0.0 0.0 -0.0 3.273806 0.305947 -0.580111 21.486809 11.830376 2.266132 8.162928 0.0 -1e-06 18.399076 -3.798987 -4.940577 5e-06 1e-06 0.0 4.535606 5.397795 -5.650534 -0.029452 0.068614 11.695265 -7.77298 7.127568 -4.379367 1.64238 -1.802987 -1.062304 0.0 -0.0 2e-06 -6.147058 1.656591 -3.302637 0.075516 0.148044 13.312254 6.975914 -1.384552 -8.747334 -1.426545 1.190932 -1.21909 -0.0 -0.0 -1e-06 
0.0 0.0 0.0 0.0 -0.0 0.0 1.650656 99.579941 4.094978 1.143027 0.496761 -1.375275 -0.134346 0.432553 -4.2409 -0.22019 0.265885 -6.655606 -0.246055 -1.072388 26.450563 3.547574 0.947013 10.218399 -1.842514 -3.078382 -3.727799 -1.075573 -4.189358 -10.320313 7.7e-05 -2.3e-05 6e-06 0.030365 -0.004918 -0.039765 0.705099 -3.68069 -10.508693 -0.646971 3.671258 -10.503424 -14.890707 -10.613263 16.037445 -58.042538 -14.324917 12.50694 -0.122586 -32.400837 0.26059 6.418781 6.077375 -5.250093 -5.882112 9.861295 0.702591 -10.93688 -0.360575 7.156209 -0.0 8.774833 -2e-06 -16.300739 18.180464 5.837594 -1.844034 2.498507 -2.50728 -10.163608 4.678949 4.621112 -20.97604 -2e-06 -1e-06 -21.226305 2.451701 -3.594005 1e-06 -7e-06 -0.0 -1.362682 2.2408 -0.746323 -21.334929 0.584912 3.008325 -13.821223 -1e-06 1e-06 -23.887186 -0.249077 -0.839487 -59.968063 2.269966 -1.415184 -0.294025 1.679687 0.833256 -14.21822 0.093216 1.300582 -34.212074 -0.287562 0.967168 -20.03323 0.964538 1.212842 2e-06 0.0 1e-06 -3.440391 0.788235 0.501658 -15.928196 -3.16731 2.999708 -6.338832 -1e-06 -0.0 -18.123459 3.648186 -4.905674 -4e-06 -0.0 -1e-06 11.188134 16.054478 16.205673 60.722614 6.74218 9.913534 -0.399502 39.224159 0.02215 4.065115 -1.850585 -10.418104 2.243542 -5.255038 -3.180159 14.282895 -0.826594 6.952504 -4e-06 -12.690609 0.0 16.199883 -17.872114 2.64902 1.665667 -1.955922 -2.878299 4.7278 -4.170588 4.993925 11.020529 3e-06 -2e-06 12.109056 -3.735716 -2.866786 -1e-06 -0.0 -1e-06 1.291986 -1.92855 -1.49809 14.800134 0.567468 3.865608 14.242578 -1.341736 -6.66066 19.631973 0.143927 -0.648246 49.94717 -0.890101 -6.370384 0.353029 -1.511151 -0.031939 20.222801 3.684312 2.316631 18.787279 6e-06 -2e-06 10.751633 -0.479868 1.397906 1e-06 0.0 -0.0 3.273808 0.305947 -0.580111 21.48682 11.830379 2.266135 8.16293 2e-06 -1e-06 18.399088 -3.798984 -4.940579 4e-06 1e-06 0.0 4.520157 5.371421 -5.71875 -0.033526 0.069837 11.759875 -7.790215 7.171734 -4.418879 1.641706 -1.79795 -1.029599 0.0 0.0 2e-06 -6.170318 1.560622 -3.341269 0.08269 0.156733 13.359498 6.974716 -1.36195 -8.783945 -1.424453 1.192902 -1.258563 -0.0 0.0 -1e-06 
0.0 0.0 0.0 0.0 -0.0 0.0 1.657295 99.576279 4.103604 1.150715 0.573451 -1.345609 -0.128286 0.432071 -4.243236 -0.227585 0.273363 -6.650162 -0.229186 -1.035181 26.354036 3.551752 0.983913 10.154271 -1.844421 -3.088626 -3.731109 -1.101415 -4.154397 -10.218491 7.7e-05 -2.2e-05 6e-06 0.029579 -0.009498 -0.037886 0.7032 -3.68492 -10.516119 -0.646554 3.666127 -10.510996 -14.904653 -10.588806 15.995455 -58.150505 -14.202298 12.368741 -0.087067 -32.61866 0.240898 6.514475 5.993064 -5.426171 -5.88211 9.86129 0.70259 -10.936876 -0.360573 7.15621 -0.0 8.774829 -1e-06 -16.237484 18.177132 5.851937 -1.844033 2.498506 -2.507278 -10.163604 4.678948 4.62111 -20.97603 -1e-06 -0.0 -21.226297 2.451699 -3.594003 1e-06 -8e-06 -0.0 -1.362682 2.240799 -0.746323 -21.334921 0.584912 3.008325 -13.821218 -1e-06 0.0 -23.887178 -0.249076 -0.839487 -59.937424 2.267562 -1.444176 -0.294026 1.679687 0.833256 -14.218215 0.093217 1.300579 -34.212067 -0.28756 0.967167 -20.03322 0.964538 1.212841 1e-06 0.0 1e-06 -3.44039 0.788234 0.501657 -15.928192 -3.167309 2.999709 -6.338829 1e-06 0.0 -18.123457 3.648185 -4.905674 -4e-06 -0.0 -2e-06 11.256433 16.13205 16.219646 60.75066 6.790179 9.663547 -0.356321 39.233654 0.024592 3.967949 -1.823311 -10.401319 2.243542 -5.255038 -3.18016 14.282893 -0.826596 6.952505 -0.0 -12.690609 1e-06 16.197067 -17.844259 2.624382 1.665667 -1.955922 -2.878299 4.727799 -4.170589 4.993926 11.020528 1e-06 -3e-06 12.109055 -3.735719 -2.866785 -0.0 0.0 -1e-06 1.291986 -1.92855 -1.498088 14.800129 0.567466 3.865608 14.242577 -1.341738 -6.660662 19.631969 0.143926 -0.648247 49.887531 -0.887516 -6.394177 0.353029 -1.511152 -0.03194 20.222792 3.684309 2.316631 18.787273 3e-06 -2e-06 10.751628 -0.47987 1.397904 0.0 0.0 -1e-06 3.273808 0.305947 -0.580109 21.486813 11.830376 2.266133 8.162927 -0.0 -1e-06 18.399086 -3.798989 -4.940579 5e-06 1e-06 -1e-06 4.503004 5.338533 -5.784717 -0.036561 0.070634 11.809656 -7.803615 7.209477 -4.438452 1.643729 -1.794216 -0.999628 0.0 0.0 2e-06 -6.190399 1.472503 -3.367176 0.088098 0.165352 13.393966 6.962735 -1.366096 -8.81359 -1.423706 1.193203 -1.288417 -0.0 0.0 -1e-06 
0.0 0.0 0.0 0.0 -0.0 0.0 1.662881 99.575508 4.108781 1.156128 0.664422 -1.323876 -0.12581 0.424084 -4.237102 -0.234234 0.276877 -6.648232 -0.211806 -1.017464 26.253716 3.533702 1.007076 10.07661 -1.833589 -3.066419 -3.727424 -1.122371 -4.125204 -10.099421 7.7e-05 -2.3e-05 6e-06 0.028395 -0.009143 -0.038979 0.701468 -3.684396 -10.522659 -0.647154 3.666137 -10.518455 -14.90042 -10.573249 15.979965 -58.199844 -14.134827 12.301668 -0.04336 -32.772575 0.210341 6.540926 5.977843 -5.485895 -5.882111 9.861288 0.702589 -10.936881 -0.360576 7.156209 2e-06 8.774828 0.0 -16.20257 18.203121 5.874625 -1.844033 2.498504 -2.507279 -10.16361 4.678946 4.621109 -20.976044 -7e-06 2e-06 -21.226305 2.451696 -3.594 1e-06 -7e-06 -0.0 -1.362683 2.240798 -0.746324 -21.334934 0.584908 3.008325 -13.821229 -5e-06 3e-06 -23.887192 -0.249081 -0.839482 -59.93663 2.270937 -1.453308 -0.294026 1.679688 0.833257 -14.218224 0.093213 1.300581 -34.212082 -0.287569 0.967173 -20.033232 0.964535 1.212846 1e-06 1e-06 0.0 -3.440391 0.788233 0.501656 -15.928201 -3.167312 2.999708 -6.338832 -2e-06 -0.0 -18.123463 3.64818 -4.905673 -4e-06 -0.0 -2e-06 11.303438 16.187302 16.21595 60.762054 6.860135 9.484397 -0.32293 39.220612 0.029477 3.878397 -1.762234 -10.420632 2.243544 -5.255041 -3.180163 14.282907 -0.826593 6.952508 -6e-06 -12.690616 3e-06 16.194033 -17.814888 2.605963 1.665668 -1.955921 -2.878303 4.727804 -4.170591 4.99393 11.02054 5e-06 -3e-06 12.109066 -3.735717 -2.866786 -0.0 1e-06 -0.0 1.291987 -1.928551 -1.498091 14.800146 0.56747 3.865611 14.242588 -1.341733 -6.660665 19.631994 0.143931 -0.648245 49.859325 -0.883861 -6.405436 0.353029 -1.511152 -0.031939 20.222818 3.684316 2.316631 18.787298 8e-06 -2e-06 10.751643 -0.479866 1.397908 0.0 0.0 -1e-06 3.273811 0.305948 -0.580111 21.486843 11.830391 2.266131 8.162939 4e-06 -2e-06 18.399105 -3.798985 -4.940581 4e-06 1e-06 -1e-06 4.487567 5.301973 -5.833331 -0.036692 0.071391 11.831232 -7.802391 7.228321 -4.436972 1.646313 -1.789932 -0.989286 0.0 0.0 2e-06 -6.204147 1.384755 -3.367461 0.089843 0.175581 13.395598 6.9485 -1.396136 -8.828702 -1.424303 1.193493 -1.295383 0.0 0.0 -1e-06 
0.0 0.0 0.0 0.0 -0.0 0.0 1.678752 99.576149 4.102758 1.161813 0.758971 -1.308304 -0.122189 0.415983 -4.229298 -0.240987 0.277074 -6.649734 -0.200911 -1.008468 26.160408 3.515653 1.01116 9.972043 -1.83204 -3.006242 -3.719429 -1.150594 -4.095813 -9.978797 7.7e-05 -2.3e-05 6e-06 0.027352 -0.004793 -0.042317 0.700094 -3.681041 -10.530324 -0.647886 3.671399 -10.527608 -14.87732 -10.573442 15.971064 -58.200092 -14.104188 12.336658 -0.00574 -32.837345 0.18497 6.47657 6.029073 -5.41857 -5.882108 9.86129 0.702589 -10.936875 -0.360575 7.156209 1e-06 8.77483 -0.0 -16.207848 18.235771 5.889263 -1.844033 2.498506 -2.507279 -10.163604 4.678946 4.621109 -20.976034 -4e-06 1e-06 -21.226295 2.451698 -3.594002 -0.0 -6e-06 -0.0 -1.362681 2.240798 -0.746322 -21.334921 0.584909 3.008324 -13.821218 -2e-06 2e-06 -23.887178 -0.249079 -0.839483 -59.957825 2.270284 -1.446038 -0.294024 1.679688 0.833256 -14.218212 0.093215 1.300583 -34.212055 -0.287563 0.967172 -20.033218 0.964538 1.212844 1e-06 0.0 1e-06 -3.44039 0.788234 0.501657 -15.928189 -3.167311 2.999709 -6.338829 -1e-06 1e-06 -18.123453 3.648185 -4.905671 -4e-06 -0.0 -1e-06 11.332176 16.219952 16.19178 60.753849 6.940378 9.364167 -0.305999 39.203896 0.03041 3.808685 -1.695461 -10.403059 2.243541 -5.255036 -3.180158 14.282896 -0.826595 6.952505 -4e-06 -12.690604 1e-06 16.188093 -17.787285 2.597082 1.665667 -1.955921 -2.8783 4.7278 -4.170588 4.993925 11.020529 4e-06 -1e-06 12.109056 -3.735715 -2.866784 -0.0 0.0 -0.0 1.291986 -1.92855 -1.498091 14.800136 0.567469 3.86561 14.242577 -1.341735 -6.660657 19.631973 0.143926 -0.648243 49.848541 -0.881885 -6.400645 0.353029 -1.511151 -0.031939 20.222801 3.684312 2.316631 18.787281 6e-06 0.0 10.751633 -0.479867 1.397908 0.0 0.0 -0.0 3.273808 0.305947 -0.580111 21.48682 11.830376 2.266132 8.162933 2e-06 -0.0 18.399088 -3.798986 -4.940577 5e-06 1e-06 -1e-06 4.464518 5.271035 -5.880887 -0.036375 0.071217 11.847952 -7.776777 7.234759 -4.423477 1.647872 -1.790601 -0.980804 0.0 0.0 2e-06 -6.224048 1.283952 -3.359663 0.087026 0.187045 13.380843 6.94058 -1.429411 -8.828016 -1.424568 1.194118 -1.285042 0.0 0.0 -1e-06 
0.0 0.0 0.0 0.0 -0.0 0.0 1.698633 99.575348 4.086826 1.172263 0.84839 -1.301959 -0.119978 0.416605 -4.225055 -0.248302 0.277126 -6.649257 -0.194561 -1.01355 26.074747 3.503769 1.018919 9.862012 -1.835442 -2.957196 -3.71294 -1.193579 -4.046836 -9.875718 7.7e-05 -2.3e-05 6e-06 0.027164 -0.003871 -0.043407 0.700334 -3.682153 -10.534977 -0.648561 3.674328 -10.533496 -14.844897 -10.597394 15.962151 -58.170555 -14.067876 12.473459 0.035272 -32.839073 0.166942 6.342741 6.12343 -5.345423 -5.882111 9.861292 0.70259 -10.936877 -0.360574 7.156205 -1e-06 8.77483 0.0 -16.214058 18.25024 5.904768 -1.844033 2.498505 -2.507277 -10.163605 4.678948 4.621109 -20.976034 -1e-06 -1e-06 -21.226297 2.4517 -3.594003 1e-06 -7e-06 -0.0 -1.362681 2.240799 -0.746326 -21.334925 0.584912 3.008323 -13.821218 -2e-06 0.0 -23.887182 -0.249078 -0.839487 -59.977413 2.266288 -1.422289 -0.294025 1.679689 0.833257 -14.218215 0.093217 1.300579 -34.212067 -0.287561 0.967166 -20.033226 0.964536 1.212842 1e-06 1e-06 1e-06 -3.44039 0.788234 0.501656 -15.928192 -3.16731 2.999709 -6.338829 -1e-06 -1e-06 -18.123455 3.648187 -4.905674 -4e-06 -0.0 -1e-06 11.354301 16.247 16.140207 60.735279 6.991895 9.258606 -0.300733 39.19957 0.031112 3.758163 -1.639543 -10.373338 2.243544 -5.255039 -3.180159 14.282896 -0.826596 6.952501 -2e-06 -12.690611 -1e-06 16.182261 -17.772619 2.592751 1.665668 -1.955922 -2.878301 4.727801 -4.17059 4.993924 11.020532 2e-06 -5e-06 12.109059 -3.735718 -2.866789 -0.0 1e-06 -1e-06 1.291987 -1.92855 -1.49809 14.800134 0.567466 3.865605 14.242582 -1.341737 -6.660664 19.631975 0.143927 -0.64825 49.827461 -0.876467 -6.387136 0.353029 -1.511152 -0.031941 20.222803 3.68431 2.316627 18.787287 5e-06 -6e-06 10.751634 -0.479867 1.397902 0.0 0.0 -1e-06 3.273809 0.305947 -0.580111 21.48682 11.830381 2.266129 8.16293 1e-06 -3e-06 18.39909 -3.798985 -4.940582 4e-06 1e-06 -1e-06 4.434319 5.216915 -5.927454 -0.038975 0.071848 11.872045 -7.741371 7.258456 -4.411623 1.649045 -1.793781 -0.98997 0.0 0.0 2e-06 -6.251946 1.186599 -3.359032 0.081982 0.192056 13.38564 6.941175 -1.450731 -8.829958 -1.424488 1.192429 -1.281726 0.0 0.0 -1e-06 
0.0 0.0 0.0 0.0 -0.0 0.0 1.720324 99.572418 4.066477 1.184513 0.918921 -1.305067 -0.122995 0.426864 -4.222042 -0.252959 0.279802 -6.645001 -0.183986 -1.026878 25.99638 3.501216 1.026657 9.757066 -1.840493 -2.915601 -3.713887 -1.222276 -3.980211 -9.795106 7.7e-05 -2.3e-05 6e-06 0.026903 -0.004585 -0.044035 0.702265 -3.684309 -10.539636 -0.65113 3.675374 -10.537189 -14.81207 -10.638268 15.958707 -58.119106 -14.013975 12.646541 0.078384 -32.807552 0.154792 6.154941 6.234949 -5.220612 -5.882107 9.861285 0.702589 -10.936873 -0.360576 7.156208 1e-06 8.774826 0.0 -16.233879 18.250662 5.913076 -1.844033 2.498504 -2.507279 -10.163602 4.678944 4.621109 -20.976028 -6e-06 -2e-06 -21.226292 2.451694 -3.594 1e-06 -8e-06 -1e-06 -1.362683 2.240798 -0.746325 -21.334921 0.584907 3.008323 -13.821218 -4e-06 1e-06 -23.887178 -0.24908 -0.839483 -60.006607 2.262848 -1.394624 -0.294025 1.679687 0.833256 -14.218214 0.093213 1.30058 -34.212063 -0.287568 0.96717 -20.033222 0.964534 1.212845 0.0 1e-06 1e-06 -3.440389 0.788233 0.501655 -15.928189 -3.167311 2.999708 -6.338828 -2e-06 -1e-06 -18.123447 3.64818 -4.905671 -4e-06 -0.0 -2e-06 11.365615 16.274229 16.079477 60.71537 7.022361 9.171096 -0.318976 39.196178 0.021254 3.722402 -1.595376 -10.333845 2.243542 -5.255038 -3.180159 14.282894 -0.826596 6.952507 -2e-06 -12.690607 2e-06 16.170301 -17.766088 2.593886 1.665666 -1.955921 -2.878299 4.727799 -4.170589 4.993926 11.020528 2e-06 -1e-06 12.109055 -3.735718 -2.866783 -0.0 -0.0 -1e-06 1.291986 -1.928549 -1.498088 14.800131 0.567467 3.86561 14.242573 -1.341738 -6.660657 19.631969 0.143924 -0.648244 49.800438 -0.874255 -6.370101 0.35303 -1.511152 -0.03194 20.222795 3.684309 2.316632 18.787279 3e-06 -0.0 10.751633 -0.479871 1.397906 1e-06 0.0 -0.0 3.273808 0.305947 -0.58011 21.486816 11.830378 2.266132 8.162929 1e-06 -0.0 18.399086 -3.798987 -4.940574 4e-06 -0.0 -1e-06 4.400938 5.146021 -5.970036 -0.040874 0.072016 11.910396 -7.698901 7.295448 -4.410087 1.650067 -1.803384 -1.020929 0.0 -0.0 2e-06 -6.281131 1.105514 -3.365716 0.072533 0.191992 13.41187 6.930716 -1.445789 -8.836637 -1.424574 1.184631 -1.297903 0.0 0.0 -1e-06 
0.0 0.0 0.0 0.0 -0.0 0.0 1.741302 99.569832 4.055267 1.19945 0.983485 -1.316832 -0.134393 0.43398 -4.224118 -0.255711 0.293549 -6.643622 -0.168884 -1.049614 25.93821 3.484265 1.040559 9.64589 -1.833888 -2.86528 -3.716557 -1.237188 -3.916024 -9.71374 7.7e-05 -2.2e-05 6e-06 0.027172 -0.008746 -0.0456 0.704926 -3.689281 -10.543864 -0.653365 3.672721 -10.539341 -14.779144 -10.677774 15.945254 -58.036255 -13.932375 12.821733 0.102252 -32.765953 0.150417 5.931716 6.369077 -5.018586 -5.882109 9.861286 0.70259 -10.936878 -0.360576 7.156206 2e-06 8.774828 -1e-06 -16.256554 18.257446 5.920834 -1.844035 2.498505 -2.50728 -10.163606 4.678946 4.621109 -20.97604 -7e-06 -1e-06 -21.226301 2.451694 -3.594002 -0.0 -7e-06 -0.0 -1.362682 2.240798 -0.746323 -21.334929 0.584907 3.008322 -13.821221 -5e-06 1e-06 -23.887184 -0.249082 -0.839483 -60.055969 2.267335 -1.3894 -0.294025 1.679688 0.833256 -14.218216 0.093213 1.300578 -34.212067 -0.28757 0.96717 -20.033222 0.964533 1.212845 1e-06 1e-06 2e-06 -3.44039 0.788233 0.501655 -15.928198 -3.167312 2.999706 -6.33883 -2e-06 -1e-06 -18.123459 3.64818 -4.905673 -4e-06 -0.0 -2e-06 11.380475 16.31032 16.036274 60.674484 7.047558 9.072148 -0.345139 39.200661 -0.002971 3.713843 -1.554375 -10.328827 2.243542 -5.255038 -3.180159 14.282897 -0.826593 6.952506 -4e-06 -12.69061 1e-06 16.148256 -17.761688 2.602752 1.665667 -1.955922 -2.878302 4.7278 -4.170588 4.993926 11.020534 5e-06 -2e-06 12.109058 -3.735714 -2.866787 -0.0 -0.0 -0.0 1.291986 -1.928549 -1.49809 14.800138 0.56747 3.865611 14.242582 -1.341734 -6.660661 19.631979 0.143928 -0.648243 49.763897 -0.877575 -6.364866 0.353029 -1.511151 -0.03194 20.222801 3.684314 2.316631 18.787283 7e-06 -1e-06 10.751634 -0.479866 1.397906 0.0 0.0 -1e-06 3.273808 0.305947 -0.580111 21.486828 11.830384 2.266132 8.162934 3e-06 -0.0 18.399092 -3.798985 -4.940578 4e-06 -0.0 -1e-06 4.365734 5.076772 -5.987695 -0.040245 0.073268 11.932508 -7.655431 7.30866 -4.407102 1.651849 -1.809108 -1.046657 0.0 0.0 2e-06 -6.308596 1.055965 -3.353461 0.061825 0.193752 13.42899 6.923145 -1.472457 -8.848331 -1.424309 1.17978 -1.324737 0.0 0.0 -1e-06 
0.0 0.0 0.0 0.0 -0.0 0.0 1.760655 99.563667 4.044922 1.215552 1.045931 -1.335361 -0.149552 0.434699 -4.227677 -0.258257 0.309602 -6.645136 -0.1561 -1.07794 25.895699 3.465723 1.041988 9.547184 -1.822974 -2.795834 -3.711894 -1.264786 -3.837227 -9.627277 7.7e-05 -2.2e-05 6e-06 0.027672 -0.011592 -0.048284 0.707537 -3.691619 -10.543238 -0.655016 3.670057 -10.536801 -14.733152 -10.708649 15.911491 -57.943527 -13.820686 12.966007 0.0909 -32.738041 0.158602 5.717205 6.514005 -4.795111 -5.882106 9.861285 0.702592 -10.936873 -0.360576 7.156209 2e-06 8.774828 -1e-06 -16.284443 18.267691 5.915917 -1.844033 2.498506 -2.507279 -10.163601 4.678945 4.62111 -20.976023 -6e-06 2e-06 -21.226288 2.451695 -3.593998 1e-06 -6e-06 -1e-06 -1.362681 2.240798 -0.746324 -21.334919 0.584906 3.008324 -13.821215 -5e-06 2e-06 -23.887175 -0.249081 -0.83948 -60.09977 2.277658 -1.397334 -0.294025 1.679688 0.833256 -14.218212 0.093214 1.300583 -34.212051 -0.287567 0.967175 -20.033218 0.964536 1.212846 1e-06 1e-06 1e-06 -3.44039 0.788234 0.501656 -15.928191 -3.167313 2.999711 -6.338828 -2e-06 1e-06 -18.123447 3.64818 -4.905671 -4e-06 -0.0 -1e-06 11.393847 16.361334 15.996394 60.614899 7.045879 8.952321 -0.323695 39.235218 -0.007845 3.720511 -1.532313 -10.294085 2.243544 -5.25504 -3.18016 14.282898 -0.826595 6.952504 -4e-06 -12.69061 1e-06 16.141607 -17.76343 2.604649 1.665668 -1.955922 -2.878301 4.727801 -4.170589 4.993927 11.020534 4e-06 -3e-06 12.109059 -3.735716 -2.866786 -0.0 0.0 -1e-06 1.291987 -1.92855 -1.49809 14.800136 0.56747 3.865607 14.242582 -1.341735 -6.660664 19.631981 0.14393 -0.648247 49.73988 -0.874456 -6.368202 0.353029 -1.511151 -0.031939 20.222803 3.684313 2.316627 18.787287 8e-06 -4e-06 10.751633 -0.479867 1.397904 0.0 0.0 -1e-06 3.273809 0.305947 -0.580112 21.486828 11.830382 2.26613 8.162933 3e-06 -2e-06 18.399094 -3.798982 -4.940579 4e-06 1e-06 -1e-06 4.331779 5.020418 -6.010568 -0.039137 0.074712 11.982542 -7.60517 7.290362 -4.416376 1.652386 -1.811932 -1.036747 0.0 0.0 2e-06 -6.339423 1.004319 -3.348781 0.055397 0.191212 13.476886 6.919837 -1.504797 -8.876074 -1.424016 1.176641 -1.3286 0.0 0.0 -1e-06 
0.0 0.0 0.0 0.0 -0.0 0.0 1.777965 99.552582 4.034177 1.23458 1.104059 -1.367289 -0.165971 0.426028 -4.225011 -0.260929 0.31027 -6.64504 -0.14115 -1.08965 25.857546 3.449545 1.052784 9.497757 -1.809699 -2.755765 -3.706163 -1.314897 -3.739519 -9.562791 7.7e-05 -2.3e-05 6e-06 0.027918 -0.010498 -0.050187 0.709624 -3.689433 -10.53672 -0.656565 3.670565 -10.530584 -14.689871 -10.726306 15.880552 -57.844345 -13.694049 13.063747 0.071564 -32.711334 0.175446 5.529718 6.615491 -4.59921 -5.882107 9.861286 0.702591 -10.936872 -0.360574 7.156207 0.0 8.774826 0.0 -16.318991 18.270197 5.896726 -1.844032 2.498503 -2.507277 -10.1636 4.678945 4.62111 -20.976023 -4e-06 1e-06 -21.226288 2.451697 -3.593999 1e-06 -7e-06 -0.0 -1.362682 2.240798 -0.746322 -21.334913 0.58491 3.008322 -13.821213 -3e-06 0.0 -23.887171 -0.249079 -0.839485 -60.116676 2.270518 -1.418115 -0.294025 1.679687 0.833256 -14.21821 0.093216 1.300583 -34.212051 -0.287563 0.967169 -20.033211 0.964539 1.212843 1e-06 1e-06 1e-06 -3.440388 0.788233 0.501655 -15.928187 -3.167309 2.999709 -6.338826 -1e-06 -1e-06 -18.123446 3.648181 -4.90567 -3e-06 -1e-06 -0.0 11.413768 16.399406 15.981449 60.532349 7.040967 8.833221 -0.271848 39.298119 0.008761 3.749191 -1.545738 -10.276706 2.243543 -5.255039 -3.180158 14.282896 -0.826595 6.952504 -2e-06 -12.690607 -0.0 16.147726 -17.776293 2.602731 1.665667 -1.955923 -2.878299 4.7278 -4.170589 4.993925 11.020531 3e-06 -1e-06 12.109056 -3.735717 -2.866785 -0.0 0.0 -1e-06 1.291986 -1.928549 -1.498088 14.800132 0.567469 3.865607 14.242576 -1.341737 -6.66066 19.631973 0.143926 -0.648246 49.726089 -0.871319 -6.3816 0.353029 -1.511151 -0.03194 20.222797 3.684311 2.316629 18.787283 5e-06 -1e-06 10.751632 -0.479868 1.397908 0.0 0.0 -1e-06 3.273808 0.305947 -0.580111 21.48682 11.830381 2.266131 8.16293 2e-06 -1e-06 18.399088 -3.798987 -4.940577 5e-06 1e-06 -2e-06 4.29781 4.949848 -6.034769 -0.039305 0.077921 12.066528 -7.566689 7.285431 -4.447193 1.653551 -1.810203 -1.021019 0.0 0.0 2e-06 -6.377587 0.940883 -3.351559 0.056022 0.18602 13.567631 6.940351 -1.51155 -8.924478 -1.424113 1.17963 -1.320991 0.0 0.0 -1e-06 
0.0 0.0 0.0 0.0 -0.0 0.0 1.794047 99.539032 4.024 1.246279 1.161842 -1.407881 -0.175434 0.420773 -4.218005 -0.262355 0.304472 -6.643435 -0.124672 -1.095961 25.828518 3.441475 1.075476 9.487073 -1.812659 -2.748548 -3.699379 -1.369885 -3.65614 -9.527841 7.7e-05 -2.3e-05 6e-06 0.027889 -0.008071 -0.048823 0.708997 -3.686056 -10.525665 -0.655901 3.672088 -10.51966 -14.658249 -10.727968 15.858762 -57.73262 -13.563431 13.129702 0.063097 -32.694572 0.186137 5.370267 6.692526 -4.4302 -5.88211 9.86129 0.70259 -10.936877 -0.360574 7.156206 0.0 8.774831 0.0 -16.336161 18.265509 5.882507 -1.844033 2.498505 -2.507279 -10.163604 4.678948 4.621109 -20.97603 -2e-06 -0.0 -21.226297 2.451699 -3.594002 1e-06 -7e-06 -0.0 -1.362682 2.240799 -0.746323 -21.334921 0.584912 3.008322 -13.821218 -2e-06 -2e-06 -23.887178 -0.249078 -0.839486 -60.115051 2.255605 -1.436284 -0.294025 1.679687 0.833257 -14.218214 0.093217 1.300579 -34.212067 -0.287563 0.967167 -20.033222 0.964536 1.212841 0.0 1e-06 1e-06 -3.440389 0.788233 0.501656 -15.928192 -3.16731 2.999707 -6.338829 -1e-06 -0.0 -18.123453 3.648186 -4.905674 -4e-06 -0.0 -1e-06 11.432796 16.41935 15.989009 60.45303 7.030501 8.735579 -0.220887 39.393345 0.033825 3.807607 -1.598817 -10.310627 2.243541 -5.255036 -3.180157 14.282887 -0.826594 6.952498 -3e-06 -12.6906 -2e-06 16.15872 -17.790854 2.599391 1.665666 -1.955921 -2.878298 4.727797 -4.170586 4.993923 11.020523 3e-06 -1e-06 12.109048 -3.735714 -2.866784 -1e-06 0.0 -2e-06 1.291985 -1.928549 -1.498089 14.800125 0.567469 3.865606 14.242568 -1.341734 -6.660657 19.63196 0.143927 -0.648245 49.711861 -0.864366 -6.397045 0.353028 -1.511149 -0.03194 20.222786 3.68431 2.31663 18.78727 6e-06 -1e-06 10.751625 -0.479867 1.397906 0.0 0.0 -0.0 3.273806 0.305946 -0.580109 21.486809 11.830372 2.26613 8.162926 2e-06 -1e-06 18.399076 -3.798983 -4.940574 5e-06 -0.0 -1e-06 4.27317 4.879689 -6.06367 -0.037831 0.082358 12.179993 -7.548061 7.282845 -4.49581 1.654435 -1.808567 -0.996249 -0.0 0.0 2e-06 -6.407744 0.877594 -3.348117 0.057582 0.178559 13.665372 6.975389 -1.493858 -8.976781 -1.423709 1.182223 -1.296705 0.0 0.0 -1e-06 
0.0 0.0 0.0 0.0 -0.0 0.0 1.810632 99.523811 4.008681 1.258733 1.221715 -1.444896 -0.178802 0.416315 -4.209943 -0.263841 0.29986 -6.63975 -0.1103 -1.090472 25.80707 3.425823 1.105483 9.507084 -1.818834 -2.741728 -3.700255 -1.425739 -3.586113 -9.481815 7.7e-05 -2.3e-05 6e-06 0.028027 -0.005012 -0.047698 0.707357 -3.682647 -10.521171 -0.653892 3.674868 -10.513519 -14.629684 -10.722805 15.840078 -57.627193 -13.420181 13.09939 0.032817 -32.686581 0.200709 5.254241 6.776319 -4.240066 -5.88211 9.86129 0.702591 -10.936874 -0.360574 7.156206 -0.0 8.77483 0.0 -16.332573 18.246475 5.885267 -1.844034 2.498506 -2.507277 -10.163602 4.678948 4.621109 -20.97603 -1e-06 -1e-06 -21.226292 2.4517 -3.594004 1e-06 -6e-06 -0.0 -1.362683 2.240799 -0.746323 -21.334921 0.584911 3.008322 -13.821218 -2e-06 -1e-06 -23.887178 -0.249079 -0.839487 -60.116295 2.245224 -1.432889 -0.294025 1.679688 0.833257 -14.218212 0.093217 1.300582 -34.212059 -0.287562 0.967166 -20.033218 0.964537 1.212841 0.0 -1e-06 1e-06 -3.440389 0.788234 0.501656 -15.928189 -3.167309 2.999707 -6.338828 0.0 -1e-06 -18.123453 3.648185 -4.905673 -3e-06 -1e-06 -1e-06 11.448722 16.438684 16.011427 60.384018 7.008037 8.619439 -0.15559 39.502949 0.078455 3.858953 -1.662245 -10.352365 2.243541 -5.255036 -3.180157 14.282887 -0.826594 6.952499 -1e-06 -12.690602 0.0 16.156935 -17.796562 2.602605 1.665666 -1.955922 -2.878296 4.727797 -4.170587 4.993922 11.020524 2e-06 -2e-06 12.109049 -3.735716 -2.866783 -0.0 -0.0 -1e-06 1.291985 -1.92855 -1.498087 14.800125 0.567466 3.865604 14.242569 -1.341736 -6.660657 19.631962 0.143927 -0.648247 49.689499 -0.859331 -6.407081 0.353029 -1.51115 -0.031939 20.222784 3.684308 2.316628 18.787268 3e-06 -2e-06 10.751625 -0.479868 1.397904 1e-06 0.0 -1e-06 3.273806 0.305947 -0.580112 21.486803 11.83037 2.266132 8.162927 1e-06 -1e-06 18.399076 -3.798985 -4.940575 5e-06 1e-06 -1e-06 4.247959 4.805119 -6.108836 -0.03863 0.08991 12.310988 -7.541544 7.291039 -4.551304 1.656262 -1.806323 -0.975367 -0.0 0.0 2e-06 -6.439955 0.80901 -3.361187 0.06029 0.17418 13.783051 7.028389 -1.471813 -9.036051 -1.423599 1.183902 -1.276174 -0.0 0.0 -1e-06 
0.0 0.0 0.0 0.0 -0.0 0.0 1.824963 99.514214 3.983128 1.272922 1.267418 -1.482288 -0.185269 0.404803 -4.199527 -0.260614 0.297927 -6.634675 -0.097102 -1.071266 25.79664 3.384405 1.137081 9.567519 -1.824614 -2.731296 -3.70051 -1.470506 -3.530781 -9.431958 7.7e-05 -2.2e-05 6e-06 0.029022 -0.006491 -0.047393 0.70606 -3.684905 -10.524247 -0.650521 3.674315 -10.515032 -14.610612 -10.709924 15.837983 -57.515625 -13.286667 13.041078 0.017956 -32.688068 0.208049 5.159488 6.885311 -4.049344 -5.88211 9.861289 0.702591 -10.936879 -0.360575 7.156209 1e-06 8.77483 -0.0 -16.327419 18.236092 5.899755 -1.844034 2.498505 -2.507279 -10.163608 4.678948 4.621111 -20.976038 -4e-06 1e-06 -21.226299 2.451698 -3.594001 -0.0 -5e-06 0.0 -1.362682 2.240799 -0.746324 -21.334929 0.584909 3.008324 -13.821223 -3e-06 2e-06 -23.887184 -0.249079 -0.839482 -60.139187 2.238775 -1.41684 -0.294025 1.679688 0.833255 -14.218218 0.093214 1.300582 -34.21207 -0.287564 0.967172 -20.033226 0.964536 1.212844 0.0 1e-06 1e-06 -3.440391 0.788234 0.501656 -15.928196 -3.16731 2.999707 -6.33883 -1e-06 -0.0 -18.123459 3.648183 -4.905674 -4e-06 -1e-06 -1e-06 11.437807 16.458103 16.017174 60.358089 6.966263 8.520815 -0.107617 39.612358 0.117061 3.911269 -1.737843 -10.436436 2.243542 -5.255038 -3.180159 14.282896 -0.826596 6.952503 -1e-06 -12.690607 1e-06 16.162003 -17.801247 2.60608 1.665666 -1.955922 -2.8783 4.727801 -4.170589 4.993924 11.020531 1e-06 1e-06 12.109057 -3.735719 -2.866784 -0.0 -0.0 -1e-06 1.291986 -1.92855 -1.498088 14.800132 0.567466 3.865608 14.242577 -1.341738 -6.660658 19.631969 0.143924 -0.648245 49.697189 -0.857457 -6.407773 0.35303 -1.511152 -0.03194 20.222799 3.684308 2.316632 18.787283 3e-06 -1e-06 10.751633 -0.47987 1.397907 1e-06 0.0 -1e-06 3.273808 0.305947 -0.58011 21.486818 11.830376 2.266134 8.16293 1e-06 0.0 18.399088 -3.798989 -4.940577 4e-06 -0.0 -2e-06 4.221883 4.744438 -6.12908 -0.039157 0.096022 12.383658 -7.530272 7.305113 -4.571801 1.657966 -1.799168 -0.980813 -0.0 0.0 2e-06 -6.467394 0.777446 -3.366582 0.059511 0.171202 13.864933 7.081583 -1.47955 -9.071421 -1.423925 1.189693 -1.275675 0.0 0.0 -1e-06 
0.0 0.0 0.0 0.0 -0.0 0.0 1.830785 99.509102 3.943473 1.281342 1.303702 -1.513928 -0.187877 0.387364 -4.199022 -0.255275 0.303764 -6.629857 -0.085833 -1.048114 25.802662 3.33553 1.157923 9.641879 -1.833824 -2.703584 -3.699801 -1.508908 -3.478622 -9.409661 7.7e-05 -2.2e-05 6e-06 0.031197 -0.014802 -0.047002 0.706575 -3.69426 -10.52973 -0.646589 3.667165 -10.5204 -14.598722 -10.68577 15.848289 -57.402714 -13.169171 12.995603 0.026575 -32.669632 0.204911 5.068599 6.991024 -3.81592 -5.882108 9.861286 0.702589 -10.936871 -0.360573 7.156204 -1e-06 8.774824 -0.0 -16.342369 18.241377 5.911986 -1.844033 2.498505 -2.507278 -10.1636 4.678947 4.621108 -20.976023 -0.0 -1e-06 -21.22629 2.4517 -3.594004 -0.0 -5e-06 -0.0 -1.362681 2.240798 -0.746322 -21.334913 0.584913 3.008323 -13.821213 -1e-06 -0.0 -23.887171 -0.249076 -0.839486 -60.175987 2.22779 -1.395422 -0.294025 1.679688 0.833255 -14.218208 0.093217 1.300578 -34.212048 -0.28756 0.967168 -20.033211 0.964539 1.212841 0.0 2e-06 1e-06 -3.440388 0.788234 0.501655 -15.928185 -3.167307 2.999707 -6.338826 -0.0 1e-06 -18.123449 3.648184 -4.905674 -3e-06 -1e-06 -1e-06 11.400426 16.482103 16.021059 60.37215 6.929442 8.508326 -0.133429 39.685001 0.114908 3.975376 -1.792626 -10.530599 2.24354 -5.255036 -3.180156 14.282884 -0.826594 6.9525 -1e-06 -12.690601 -3e-06 16.176355 -17.809576 2.611688 1.665665 -1.955921 -2.878298 4.727797 -4.170587 4.993922 11.020521 1e-06 -1e-06 12.109047 -3.735718 -2.866784 -0.0 -0.0 -1e-06 1.291985 -1.92855 -1.498088 14.800122 0.567468 3.865607 14.242567 -1.341737 -6.660657 19.631958 0.143925 -0.648245 49.731239 -0.865623 -6.396987 0.353029 -1.511151 -0.03194 20.222784 3.684308 2.316628 18.787266 3e-06 -2e-06 10.751625 -0.479868 1.397905 0.0 0.0 -1e-06 3.273805 0.305947 -0.580111 21.486801 11.83037 2.266135 8.162924 1e-06 0.0 18.399075 -3.798987 -4.940576 4e-06 1e-06 -1e-06 4.204172 4.704703 -6.146082 -0.036008 0.092989 12.420328 -7.526908 7.323079 -4.56476 1.660538 -1.793643 -1.015373 0.0 0.0 2e-06 -6.475968 0.77622 -3.377657 0.051375 0.171153 13.921315 7.114247 -1.522185 -9.085213 -1.425167 1.191442 -1.296898 0.0 0.0 -1e-06 
0.0 0.0 0.0 0.0 -0.0 0.0 1.826703 99.505775 3.904732 1.279871 1.333809 -1.543032 -0.183867 0.380198 -4.198366 -0.248633 0.305975 -6.629975 -0.07821 -1.029027 25.824638 3.301825 1.172328 9.728248 -1.840423 -2.683214 -3.70449 -1.553581 -3.436365 -9.433502 7.7e-05 -2.2e-05 6e-06 0.032527 -0.017189 -0.046255 0.707024 -3.696654 -10.531182 -0.644315 3.664839 -10.523208 -14.587164 -10.663021 15.89126 -57.325329 -13.085046 12.914407 0.051591 -32.619408 0.197995 5.000681 7.065857 -3.626571 -5.882105 9.861286 0.702592 -10.936868 -0.360572 7.156208 -2e-06 8.774824 -0.0 -16.364084 18.257605 5.914774 -1.844032 2.498505 -2.507278 -10.163597 4.678947 4.621109 -20.976017 1e-06 1e-06 -21.226284 2.451701 -3.594002 -0.0 -5e-06 -0.0 -1.362682 2.240798 -0.746323 -21.334908 0.584913 3.008322 -13.82121 -0.0 1e-06 -23.887167 -0.249075 -0.839484 -60.199753 2.223275 -1.370339 -0.294025 1.679688 0.833256 -14.218205 0.093217 1.300582 -34.212036 -0.287556 0.967169 -20.033209 0.96454 1.212841 0.0 1e-06 2e-06 -3.440388 0.788234 0.501657 -15.928183 -3.167307 2.999708 -6.338826 -0.0 -1e-06 -18.123444 3.648186 -4.905671 -3e-06 -1e-06 -1e-06 11.35901 16.505188 16.026936 60.396427 6.912787 8.551041 -0.176071 39.710251 0.106503 4.024488 -1.842765 -10.578528 2.243541 -5.255038 -3.180159 14.282889 -0.826596 6.952504 -0.0 -12.690605 -1e-06 16.191814 -17.816875 2.617365 1.665666 -1.955921 -2.878298 4.727799 -4.170589 4.993925 11.020524 1e-06 -0.0 12.109052 -3.735719 -2.866784 -0.0 -0.0 -2e-06 1.291986 -1.928551 -1.49809 14.800125 0.567467 3.865609 14.242569 -1.341739 -6.660659 19.631968 0.143925 -0.648245 49.76281 -0.864596 -6.380829 0.353029 -1.511151 -0.031939 20.222788 3.684307 2.316631 18.78727 1e-06 0.0 10.751625 -0.479871 1.397906 0.0 0.0 -1e-06 3.273806 0.305946 -0.580111 21.486809 11.830376 2.266136 8.162928 0.0 -0.0 18.399078 -3.798989 -4.940576 4e-06 1e-06 -1e-06 4.205979 4.669942 -6.159753 -0.037616 0.086942 12.447533 -7.5369 7.340072 -4.554388 1.662445 -1.790989 -1.041065 0.0 0.0 2e-06 -6.465392 0.795674 -3.383251 0.042439 0.164926 13.958396 7.122072 -1.572836 -9.089515 -1.427211 1.187684 -1.30348 0.0 0.0 -1e-06 
0.0 0.0 0.0 0.0 -0.0 0.0 1.809599 99.505699 3.87094 1.273233 1.344466 -1.582497 -0.176749 0.385524 -4.192249 -0.244856 0.307894 -6.63336 -0.069037 -1.021304 25.869324 3.278132 1.175333 9.824816 -1.840623 -2.657382 -3.709661 -1.611772 -3.376179 -9.470575 7.7e-05 -2.2e-05 6e-06 0.033334 -0.015423 -0.046595 0.707949 -3.694767 -10.533671 -0.643577 3.66643 -10.525608 -14.574219 -10.642228 15.928068 -57.2938 -12.986115 12.784968 0.067185 -32.564358 0.183163 4.982069 7.115437 -3.500468 -5.882108 9.861289 0.70259 -10.936874 -0.360575 7.156206 -0.0 8.774828 -2e-06 -16.372515 18.28537 5.924575 -1.844033 2.498506 -2.507276 -10.163602 4.678946 4.621109 -20.976027 -3e-06 -0.0 -21.226288 2.451699 -3.594001 -0.0 -6e-06 0.0 -1.362682 2.240798 -0.746322 -21.334919 0.584911 3.008324 -13.821217 -2e-06 -1e-06 -23.887177 -0.249077 -0.839484 -60.202072 2.218266 -1.347911 -0.294025 1.679688 0.833255 -14.218213 0.093216 1.300581 -34.212051 -0.287562 0.96717 -20.033218 0.964536 1.212843 0.0 2e-06 0.0 -3.440388 0.788234 0.501656 -15.928189 -3.16731 2.999706 -6.338828 -1e-06 1e-06 -18.123447 3.648184 -4.905674 -4e-06 -0.0 -0.0 11.3157 16.518291 16.034954 60.445747 6.920358 8.5436 -0.191487 39.700634 0.111403 4.09613 -1.918256 -10.606902 2.243543 -5.255039 -3.180158 14.282894 -0.826597 6.952504 1e-06 -12.690608 -1e-06 16.20256 -17.827227 2.625292 1.665667 -1.955922 -2.878299 4.727801 -4.17059 4.993924 11.020529 1e-06 -1e-06 12.109056 -3.735719 -2.866787 -0.0 -0.0 -1e-06 1.291986 -1.92855 -1.49809 14.800132 0.567466 3.865608 14.242577 -1.341738 -6.660661 19.631969 0.143922 -0.648247 49.793133 -0.859481 -6.365339 0.353029 -1.511151 -0.03194 20.222797 3.684307 2.316632 18.787279 1e-06 -3e-06 10.751631 -0.479869 1.397905 0.0 0.0 -1e-06 3.273808 0.305948 -0.580111 21.486816 11.830377 2.266134 8.16293 1e-06 -1e-06 18.399088 -3.798989 -4.940577 4e-06 1e-06 -1e-06 4.22505 4.65966 -6.134586 -0.039764 0.079183 12.432891 -7.559132 7.362954 -4.528603 1.663063 -1.792986 -1.068346 0.0 0.0 2e-06 -6.441754 0.824641 -3.364215 0.03692 0.157139 13.965009 7.107246 -1.595558 -9.078062 -1.428362 1.184847 -1.317194 0.0 0.0 -1e-06 
0.0 0.0 0.0 0.0 -0.0 0.0 1.791397 99.508438 3.839398 1.258845 1.332042 -1.622597 -0.169988 0.393568 -4.183383 -0.245982 0.311706 -6.634425 -0.050069 -1.019372 25.915049 3.252617 1.186588 9.931425 -1.835028 -2.618315 -3.715373 -1.64957 -3.337526 -9.49544 7.7e-05 -2.2e-05 6e-06 0.034349 -0.017392 -0.045474 0.708865 -3.696554 -10.536592 -0.642418 3.664279 -10.526986 -14.563628 -10.614079 15.939137 -57.312931 -12.841864 12.593146 0.055713 -32.528847 0.174336 5.00423 7.135987 -3.376172 -5.88211 9.861292 0.702592 -10.936877 -0.360574 7.156208 -0.0 8.774831 1e-06 -16.385422 18.314384 5.933424 -1.844033 2.498505 -2.507278 -10.163604 4.678949 4.621113 -20.976034 -1e-06 0.0 -21.226297 2.4517 -3.594003 -0.0 -6e-06 -0.0 -1.362683 2.2408 -0.746325 -21.334927 0.584912 3.008324 -13.821221 -1e-06 0.0 -23.887184 -0.249077 -0.839485 -60.209087 2.216003 -1.332381 -0.294025 1.679688 0.833257 -14.218215 0.093217 1.300581 -34.212067 -0.287562 0.967169 -20.033224 0.964537 1.212843 0.0 0.0 1e-06 -3.44039 0.788233 0.501656 -15.928192 -3.16731 2.999708 -6.338829 -1e-06 -1e-06 -18.123457 3.648186 -4.905674 -3e-06 -0.0 -0.0 11.27687 16.522894 16.032791 60.511898 6.933107 8.491676 -0.192912 39.676117 0.120587 4.188967 -1.985231 -10.633965 2.243542 -5.255039 -3.180159 14.282896 -0.826593 6.952505 -4e-06 -12.690609 0.0 16.206734 -17.829508 2.638157 1.665667 -1.955922 -2.878299 4.7278 -4.170588 4.993927 11.020531 4e-06 -2e-06 12.109058 -3.735716 -2.866785 -0.0 -0.0 -0.0 1.291986 -1.928549 -1.49809 14.800138 0.567471 3.86561 14.24258 -1.341734 -6.660661 19.631981 0.143929 -0.648243 49.821732 -0.852051 -6.348987 0.353029 -1.511151 -0.031941 20.222801 3.684314 2.31663 18.787283 7e-06 -1e-06 10.751633 -0.479867 1.397907 0.0 0.0 -1e-06 3.273808 0.305947 -0.580111 21.486824 11.830383 2.266131 8.16293 3e-06 -0.0 18.399084 -3.798985 -4.940574 4e-06 1e-06 -1e-06 4.25742 4.682852 -6.09382 -0.043812 0.076403 12.400011 -7.58255 7.379041 -4.49598 1.662441 -1.786796 -1.095679 0.0 0.0 2e-06 -6.41352 0.827185 -3.333003 0.034249 0.152922 13.939582 7.094401 -1.569097 -9.043223 -1.428526 1.188284 -1.316813 0.0 0.0 -1e-06 
0.0 0.0 0.0 0.0 -0.0 0.0 1.778305 99.510483 3.807919 1.243921 1.309384 -1.66006 -0.168134 0.405131 -4.177385 -0.252745 0.310711 -6.634128 -0.026203 -1.020359 25.954294 3.24351 1.189738 10.045066 -1.834918 -2.585215 -3.724438 -1.66732 -3.30613 -9.507011 7.7e-05 -2.3e-05 5e-06 0.034953 -0.022177 -0.042499 0.708176 -3.701084 -10.539403 -0.640478 3.659287 -10.528024 -14.563565 -10.583035 15.963043 -57.38232 -12.692372 12.349937 0.025652 -32.502735 0.188666 5.038118 7.133941 -3.267254 -5.882107 9.861286 0.702589 -10.936873 -0.360574 7.156208 0.0 8.774824 0.0 -16.406136 18.329933 5.936444 -1.844032 2.498504 -2.507279 -10.163601 4.678946 4.621108 -20.976025 -2e-06 2e-06 -21.226286 2.451699 -3.594001 -0.0 -5e-06 1e-06 -1.362681 2.240798 -0.746322 -21.334915 0.584911 3.008324 -13.821213 -2e-06 1e-06 -23.887171 -0.249076 -0.839483 -60.233788 2.21969 -1.318408 -0.294025 1.679688 0.833255 -14.21821 0.093216 1.300582 -34.212051 -0.287562 0.967171 -20.033215 0.964536 1.212844 1e-06 3e-06 1e-06 -3.440389 0.788233 0.501654 -15.928187 -3.167309 2.999709 -6.338828 -1e-06 1e-06 -18.123449 3.648184 -4.905669 -4e-06 -0.0 -2e-06 11.25566 16.520733 16.026169 60.592999 6.940365 8.414161 -0.20361 39.662846 0.127367 4.260617 -2.056393 -10.647985 2.243541 -5.255039 -3.180159 14.282892 -0.826595 6.952501 -1e-06 -12.690608 -2e-06 16.209221 -17.840603 2.6521 1.665666 -1.955922 -2.878298 4.727798 -4.170588 4.993923 11.020527 2e-06 0.0 12.109053 -3.735717 -2.866784 -0.0 -0.0 -1e-06 1.291986 -1.92855 -1.498088 14.800131 0.567468 3.865609 14.242574 -1.341737 -6.660658 19.631969 0.143925 -0.648244 49.845474 -0.852496 -6.332005 0.35303 -1.511151 -0.03194 20.222794 3.68431 2.316633 18.787273 3e-06 -1e-06 10.75163 -0.47987 1.397906 1e-06 0.0 -0.0 3.273807 0.305947 -0.580111 21.486813 11.830376 2.266135 8.162928 0.0 -1e-06 18.39908 -3.798987 -4.940575 4e-06 1e-06 -1e-06 4.289395 4.710972 -6.059663 -0.050528 0.079028 12.379312 -7.604004 7.377147 -4.470691 1.661408 -1.783135 -1.105875 0.0 0.0 2e-06 -6.39153 0.800453 -3.308826 0.031057 0.150208 13.918185 7.088248 -1.519665 -9.005174 -1.428663 1.19234 -1.314563 0.0 0.0 -1e-06 
0.0 0.0 0.0 0.0 -0.0 0.0 1.770236 99.512238 3.775832 1.223577 1.289246 -1.695897 -0.171023 0.407216 -4.174666 -0.257573 0.306605 -6.628327 0.001041 -1.016056 25.996778 3.246109 1.168925 10.14682 -1.829355 -2.535083 -3.733318 -1.67187 -3.273304 -9.544954 7.7e-05 -2.3e-05 6e-06 0.035033 -0.025072 -0.037026 0.706213 -3.703601 -10.5371 -0.638301 3.656142 -10.523393 -14.577284 -10.545334 16.003078 -57.480747 -12.556289 12.080839 -0.02399 -32.490353 0.218626 5.063818 7.122776 -3.177907 -5.882109 9.861288 0.702589 -10.936875 -0.360575 7.156207 1e-06 8.774826 -1e-06 -16.431274 18.33194 5.931605 -1.844033 2.498505 -2.507277 -10.163603 4.678946 4.621108 -20.97603 -3e-06 3e-06 -21.226292 2.451699 -3.593999 -0.0 -6e-06 1e-06 -1.362682 2.240799 -0.746323 -21.334917 0.58491 3.008322 -13.821218 -2e-06 1e-06 -23.887178 -0.249077 -0.839482 -60.260929 2.224607 -1.313607 -0.294025 1.679688 0.833255 -14.218213 0.093216 1.300581 -34.212063 -0.287563 0.967171 -20.033218 0.964537 1.212842 1e-06 2e-06 0.0 -3.440389 0.788234 0.501655 -15.928192 -3.16731 2.999705 -6.338828 -1e-06 -1e-06 -18.123453 3.648184 -4.90567 -4e-06 -0.0 -1e-06 11.238174 16.509954 16.028522 60.712799 6.9489 8.267676 -0.21512 39.67757 0.134588 4.306174 -2.109904 -10.709031 2.243544 -5.25504 -3.180159 14.282902 -0.826596 6.952504 -1e-06 -12.690612 -1e-06 16.211519 -17.848112 2.661455 1.665667 -1.955922 -2.878299 4.727802 -4.17059 4.993927 11.020535 2e-06 -1e-06 12.109061 -3.735718 -2.866787 -1e-06 -0.0 -1e-06 1.291987 -1.928551 -1.49809 14.800139 0.567468 3.86561 14.242582 -1.341738 -6.660663 19.631979 0.143926 -0.648246 49.853825 -0.861123 -6.318773 0.353029 -1.511151 -0.03194 20.222805 3.684311 2.316628 18.787289 6e-06 -2e-06 10.751637 -0.479869 1.397906 0.0 0.0 -1e-06 3.27381 0.305947 -0.580111 21.48683 11.830383 2.266133 8.162933 1e-06 -2e-06 18.399096 -3.798985 -4.940581 5e-06 1e-06 -1e-06 4.323044 4.752868 -6.036707 -0.052246 0.087994 12.375639 -7.625772 7.348124 -4.450263 1.659574 -1.781312 -1.103603 0.0 0.0 2e-06 -6.367705 0.768575 -3.28227 0.028864 0.148634 13.888434 7.079867 -1.458497 -8.962091 -1.429283 1.200364 -1.302101 0.0 0.0 -1e-06 
0.0 0.0 0.0 0.0 -0.0 0.0 1.764126 99.514305 3.7462 1.202125 1.276578 -1.729262 -0.178619 0.408729 -4.17708 -0.261023 0.298953 -6.626556 0.015729 -1.028615 26.061052 3.271148 1.149329 10.211663 -1.819309 -2.486824 -3.735734 -1.686892 -3.246966 -9.590269 7.7e-05 -2.3e-05 6e-06 0.035317 -0.026375 -0.033273 0.70515 -3.705205 -10.536865 -0.636624 3.655311 -10.522006 -14.585648 -10.491996 16.021429 -57.610092 -12.442678 11.864857 -0.057016 -32.478821 0.232072 5.061349 7.148303 -3.128717 -5.882107 9.861284 0.702592 -10.936875 -0.360575 7.156208 1e-06 8.774825 0.0 -16.442595 18.313566 5.923304 -1.844033 2.498505 -2.507278 -10.163604 4.678945 4.621109 -20.97603 -5e-06 3e-06 -21.226294 2.451697 -3.593998 0.0 -6e-06 -0.0 -1.362682 2.240798 -0.746324 -21.334921 0.584909 3.008327 -13.821218 -3e-06 2e-06 -23.887178 -0.249078 -0.839481 -60.276543 2.236683 -1.308325 -0.294024 1.679687 0.833256 -14.218213 0.093213 1.300582 -34.212063 -0.287564 0.967175 -20.033218 0.964537 1.212846 1e-06 2e-06 1e-06 -3.440389 0.788233 0.501656 -15.928192 -3.167311 2.999708 -6.338829 -1e-06 -1e-06 -18.123457 3.648183 -4.905668 -4e-06 -1e-06 -3e-06 11.234237 16.497425 16.066628 60.829666 6.983559 8.011407 -0.164861 39.740639 0.163638 4.294934 -2.14715 -10.852653 2.243543 -5.255038 -3.180157 14.282894 -0.826596 6.9525 -2e-06 -12.690605 2e-06 16.196346 -17.829685 2.665373 1.665667 -1.955922 -2.878301 4.727799 -4.170588 4.993926 11.020528 2e-06 -2e-06 12.109056 -3.735717 -2.866784 -0.0 -0.0 -1e-06 1.291986 -1.92855 -1.49809 14.800132 0.567468 3.865607 14.242573 -1.341737 -6.66066 19.631973 0.143927 -0.648247 49.824844 -0.855675 -6.315382 0.35303 -1.511151 -0.031939 20.222795 3.68431 2.316627 18.787279 5e-06 -3e-06 10.751631 -0.479869 1.397904 0.0 -1e-06 -0.0 3.273807 0.305946 -0.580111 21.486816 11.830378 2.26613 8.162931 1e-06 -1e-06 18.399086 -3.798985 -4.940578 5e-06 -0.0 -1e-06 4.353281 4.791723 -6.017182 -0.049792 0.090715 12.373389 -7.640487 7.309238 -4.430303 1.658728 -1.784071 -1.089806 0.0 -0.0 2e-06 -6.344498 0.731758 -3.2513 0.028444 0.149799 13.851065 7.107598 -1.397585 -8.918604 -1.429255 1.203199 -1.299492 0.0 0.0 -1e-06 
0.0 0.0 0.0 0.0 -0.0 0.0 1.754926 99.511971 3.711002 1.183407 1.277146 -1.757029 -0.189286 0.406101 -4.184411 -0.26343 0.289929 -6.629583 0.021512 -1.039119 26.12991 3.304531 1.119917 10.254046 -1.8006 -2.444303 -3.736254 -1.714157 -3.229947 -9.63436 7.7e-05 -2.2e-05 6e-06 0.03651 -0.025943 -0.031428 0.70392 -3.70563 -10.538273 -0.632906 3.656558 -10.523937 -14.586028 -10.449305 16.026335 -57.767963 -12.371272 11.721156 -0.08015 -32.444077 0.236411 5.076524 7.186829 -3.017709 -5.882111 9.86129 0.702589 -10.936878 -0.360574 7.156207 1e-06 8.77483 1e-06 -16.445717 18.292133 5.922413 -1.844034 2.498505 -2.507279 -10.163606 4.678948 4.621107 -20.97604 -5e-06 -0.0 -21.226301 2.451696 -3.594005 0.0 -6e-06 1e-06 -1.362683 2.240799 -0.746322 -21.334929 0.584909 3.00832 -13.821222 -4e-06 0.0 -23.887184 -0.249081 -0.839485 -60.287907 2.252064 -1.298826 -0.294025 1.679688 0.833257 -14.218219 0.093215 1.300579 -34.212074 -0.287568 0.967166 -20.03323 0.964533 1.212842 0.0 3e-06 1e-06 -3.44039 0.788234 0.501655 -15.928196 -3.167312 2.999705 -6.338831 -2e-06 -1e-06 -18.123459 3.648183 -4.905675 -5e-06 -1e-06 -2e-06 11.23685 16.475729 16.086124 60.934456 7.005294 7.803309 -0.110751 39.819218 0.187583 4.262365 -2.164085 -11.017077 2.243542 -5.255039 -3.180157 14.282896 -0.826594 6.9525 -1e-06 -12.690609 -2e-06 16.183012 -17.808811 2.663251 1.665667 -1.955922 -2.878298 4.727799 -4.170588 4.993922 11.020528 3e-06 -1e-06 12.109054 -3.735718 -2.866787 -0.0 0.0 -0.0 1.291987 -1.92855 -1.498089 14.800129 0.567469 3.865604 14.242575 -1.341738 -6.660658 19.631969 0.143927 -0.648246 49.805317 -0.841306 -6.316241 0.353029 -1.51115 -0.03194 20.222794 3.684311 2.316629 18.787273 5e-06 -4e-06 10.751629 -0.479868 1.397906 0.0 0.0 -1e-06 3.273808 0.305947 -0.580112 21.486818 11.83038 2.266135 8.162928 1e-06 -1e-06 18.399086 -3.798985 -4.940581 4e-06 1e-06 -1e-06 4.380718 4.815569 -6.029952 -0.047093 0.093594 12.411366 -7.660429 7.269883 -4.424812 1.657419 -1.78875 -1.071919 0.0 0.0 2e-06 -6.324541 0.680056 -3.251135 0.030428 0.152319 13.862863 7.157462 -1.332868 -8.897696 -1.429623 1.201474 -1.311206 0.0 0.0 -1e-06 
0.0 0.0 0.0 0.0 -0.0 0.0 1.742935 99.507271 3.670989 1.166952 1.288692 -1.779363 -0.203225 0.400473 -4.183144 -0.262051 0.284585 -6.624593 0.019889 -1.049224 26.175766 3.337094 1.084512 10.273623 -1.78289 -2.414197 -3.738307 -1.724061 -3.210479 -9.684335 7.7e-05 -2.3e-05 6e-06 0.038189 -0.027664 -0.031646 0.703741 -3.70824 -10.53859 -0.629207 3.655528 -10.524672 -14.603665 -10.42775 16.045029 -57.9179 -12.337938 11.601673 -0.083613 -32.412655 0.240303 5.103031 7.218613 -2.861345 -5.882108 9.861287 0.70259 -10.936875 -0.360576 7.156206 1e-06 8.774827 -1e-06 -16.467234 18.272652 5.909157 -1.844033 2.498505 -2.507278 -10.163603 4.678945 4.621109 -20.97603 -5e-06 0.0 -21.226295 2.451696 -3.594 -0.0 -6e-06 -0.0 -1.362682 2.240798 -0.746323 -21.334925 0.584908 3.008322 -13.821219 -4e-06 1e-06 -23.88718 -0.249081 -0.839485 -60.304504 2.261697 -1.297968 -0.294025 1.679688 0.833255 -14.218214 0.093214 1.300579 -34.212063 -0.287568 0.96717 -20.033224 0.964533 1.212845 1e-06 3e-06 1e-06 -3.440389 0.788234 0.501657 -15.928191 -3.167312 2.999707 -6.338829 -2e-06 -1e-06 -18.123453 3.648182 -4.905672 -5e-06 -0.0 -2e-06 11.232398 16.455759 16.11062 61.03434 7.014244 7.741892 -0.134774 39.908676 0.181017 4.243093 -2.169718 -11.14295 2.243542 -5.255039 -3.180159 14.282896 -0.826592 6.952504 -4e-06 -12.69061 -0.0 16.183868 -17.80216 2.662451 1.665667 -1.955922 -2.878301 4.7278 -4.170588 4.993925 11.020534 4e-06 -0.0 12.109057 -3.735717 -2.866786 -0.0 0.0 -0.0 1.291985 -1.92855 -1.498089 14.800138 0.567471 3.865609 14.242578 -1.341736 -6.66066 19.631975 0.143929 -0.648245 49.812382 -0.830855 -6.318058 0.353029 -1.511152 -0.03194 20.222801 3.684315 2.316631 18.787283 7e-06 -1e-06 10.751633 -0.479867 1.397907 0.0 0.0 -0.0 3.273808 0.305947 -0.580111 21.486828 11.830385 2.266135 8.16293 3e-06 -1e-06 18.399088 -3.798983 -4.940577 4e-06 1e-06 -1e-06 4.407612 4.834474 -6.064028 -0.046921 0.097466 12.469733 -7.686235 7.238663 -4.42498 1.655359 -1.788835 -1.048964 0.0 0.0 2e-06 -6.308668 0.608931 -3.272285 0.035724 0.154827 13.904699 7.194452 -1.26924 -8.888701 -1.430261 1.195087 -1.327215 0.0 0.0 -1e-06 
0.0 0.0 0.0 0.0 -0.0 0.0 1.732925 99.502701 3.62583 1.149829 1.30189 -1.800834 -0.215986 0.400414 -4.170531 -0.261923 0.288783 -6.616172 0.01026 -1.057365 26.212137 3.383462 1.033954 10.264322 -1.77113 -2.382209 -3.742114 -1.726412 -3.169626 -9.733873 7.7e-05 -2.3e-05 6e-06 0.039233 -0.031531 -0.034145 0.705155 -3.712821 -10.542415 -0.628445 3.65237 -10.529009 -14.634264 -10.419436 16.068069 -58.049603 -12.326985 11.474097 -0.071141 -32.439335 0.2393 5.14643 7.232756 -2.810963 -5.88211 9.861289 0.702591 -10.936877 -0.360575 7.156206 -0.0 8.774828 -4e-06 -16.493523 18.255875 5.881806 -1.844034 2.498506 -2.507277 -10.163605 4.678947 4.621108 -20.976036 -2e-06 3e-06 -21.226297 2.451699 -3.594001 0.0 -6e-06 -1e-06 -1.362682 2.240799 -0.746324 -21.334925 0.58491 3.008324 -13.82122 -2e-06 1e-06 -23.887182 -0.249077 -0.839483 -60.302429 2.259426 -1.311985 -0.294026 1.679688 0.833255 -14.218215 0.093215 1.300582 -34.212063 -0.287561 0.96717 -20.033224 0.964539 1.212843 1e-06 2e-06 1e-06 -3.44039 0.788234 0.501657 -15.928192 -3.167311 2.999706 -6.338829 -1e-06 -1e-06 -18.123455 3.648184 -4.905674 -4e-06 -0.0 -2e-06 11.232434 16.427294 16.152479 61.108295 7.021676 7.771173 -0.190858 40.008095 0.165764 4.228855 -2.180983 -11.151235 2.243543 -5.255038 -3.180158 14.282894 -0.826595 6.952499 -1e-06 -12.690607 -1e-06 16.189291 -17.802691 2.672129 1.665667 -1.955922 -2.878299 4.7278 -4.170588 4.993921 11.02053 3e-06 -3e-06 12.109056 -3.735717 -2.866785 -0.0 0.0 -0.0 1.291987 -1.928551 -1.49809 14.800132 0.567468 3.865606 14.242576 -1.341738 -6.660661 19.631971 0.143926 -0.648247 49.848743 -0.827539 -6.312812 0.353029 -1.511151 -0.03194 20.222797 3.684309 2.316629 18.787279 4e-06 -4e-06 10.751629 -0.479869 1.397905 0.0 0.0 -1e-06 3.273808 0.305947 -0.580111 21.486816 11.830376 2.266132 8.16293 1e-06 -2e-06 18.399088 -3.798985 -4.940581 4e-06 0.0 0.0 4.435268 4.865763 -6.10414 -0.049926 0.099506 12.530894 -7.707345 7.194137 -4.421325 1.652102 -1.792108 -1.012217 0.0 -0.0 2e-06 -6.343924 0.532734 -3.35924 0.040284 0.154417 13.946462 7.26154 -1.21266 -8.816699 -1.430326 1.187397 -1.340387 0.0 0.0 -1e-06 
0.0 0.0 0.0 0.0 -0.0 0.0 1.72787 99.501656 3.577998 1.131703 1.326301 -1.819452 -0.229552 0.405188 -4.151786 -0.261488 0.279119 -6.610402 -0.001885 -1.043463 26.248724 3.425472 1.014892 10.232511 -1.753447 -2.373743 -3.743725 -1.721944 -3.131753 -9.795485 7.7e-05 -2.3e-05 6e-06 0.039067 -0.035658 -0.036382 0.705153 -3.717522 -10.545599 -0.628691 3.648653 -10.532392 -14.671257 -10.413441 16.102131 -58.152374 -12.361687 11.31849 -0.069058 -32.509262 0.244918 5.228146 7.205164 -2.830477 -5.882105 9.861284 0.70259 -10.93687 -0.360575 7.156201 0.0 8.774822 -1e-06 -16.503073 18.249063 5.857044 -1.844033 2.498504 -2.507277 -10.163599 4.678944 4.621106 -20.976021 -3e-06 1e-06 -21.226286 2.451697 -3.593999 -0.0 -6e-06 -0.0 -1.362681 2.240798 -0.746323 -21.334906 0.584909 3.00832 -13.821212 -3e-06 1e-06 -23.887163 -0.249078 -0.839484 -60.29557 2.260071 -1.332465 -0.294024 1.679687 0.833254 -14.218204 0.093215 1.300579 -34.212036 -0.287565 0.967169 -20.033207 0.964534 1.212842 1e-06 3e-06 1e-06 -3.440388 0.788233 0.501656 -15.928183 -3.167309 2.999705 -6.338824 -2e-06 0.0 -18.123444 3.648182 -4.90567 -4e-06 -0.0 -2e-06 11.244891 16.398283 16.187551 61.14975 7.02322 7.819397 -0.222077 40.081329 0.163673 4.239995 -2.2103 -11.108902 2.243542 -5.255038 -3.180159 14.282895 -0.826596 6.952506 -1e-06 -12.690609 0.0 16.204842 -17.811579 2.674833 1.665666 -1.955922 -2.8783 4.7278 -4.17059 4.993926 11.020529 1e-06 -1e-06 12.109056 -3.735718 -2.866785 -1e-06 0.0 -0.0 1.291986 -1.92855 -1.49809 14.800132 0.567467 3.86561 14.242577 -1.341738 -6.66066 19.631973 0.143925 -0.648246 49.887375 -0.826301 -6.315203 0.353029 -1.511151 -0.031939 20.222797 3.684309 2.31663 18.787283 4e-06 -2e-06 10.751633 -0.479868 1.397904 0.0 0.0 -0.0 3.273808 0.305946 -0.580111 21.48682 11.830379 2.266133 8.162933 0.0 -0.0 18.39909 -3.798988 -4.94058 4e-06 -0.0 -1e-06 4.459032 4.88725 -6.138976 -0.052564 0.10223 12.567173 -7.725229 7.156057 -4.402196 1.648392 -1.797746 -0.989913 0.0 0.0 2e-06 -6.327005 0.478506 -3.364731 0.046968 0.152703 13.953353 7.28043 -1.179252 -8.792599 -1.430263 1.180312 -1.34046 -0.0 0.0 -1e-06 
0.0 0.0 0.0 0.0 -0.0 0.0 1.724016 99.502586 3.525097 1.112463 1.362055 -1.829339 -0.239401 0.407813 -4.139368 -0.260494 0.264643 -6.602276 -0.022335 -1.0206 26.286583 3.454625 1.021857 10.16979 -1.735001 -2.385844 -3.739673 -1.708458 -3.100385 -9.878925 7.7e-05 -2.3e-05 6e-06 0.037437 -0.038248 -0.034691 0.704123 -3.719903 -10.543042 -0.630859 3.645631 -10.530351 -14.709538 -10.408329 16.110888 -58.232964 -12.40166 11.146037 -0.076944 -32.621407 0.251 5.313794 7.149169 -2.890714 -5.88211 9.861292 0.702591 -10.936878 -0.360574 7.156209 0.0 8.774831 -2e-06 -16.480549 18.243351 5.854842 -1.844034 2.498505 -2.507279 -10.163605 4.678948 4.621112 -20.976038 -3e-06 1e-06 -21.226301 2.4517 -3.594002 -1e-06 -6e-06 -1e-06 -1.362682 2.2408 -0.746323 -21.334925 0.584911 3.008323 -13.82122 -3e-06 -0.0 -23.887182 -0.249078 -0.839484 -60.305538 2.264413 -1.341405 -0.294025 1.679688 0.833256 -14.218215 0.093215 1.30058 -34.212067 -0.287562 0.967168 -20.033222 0.964537 1.212844 0.0 1e-06 1e-06 -3.440391 0.788234 0.501655 -15.928198 -3.16731 2.999709 -6.33883 -1e-06 -1e-06 -18.123459 3.648185 -4.905674 -4e-06 -1e-06 -2e-06 11.259541 16.372261 16.220339 61.177635 7.031504 7.863088 -0.222901 40.098839 0.167057 4.262146 -2.20568 -11.039568 2.243543 -5.255037 -3.180158 14.282898 -0.826593 6.952502 -3e-06 -12.690605 -1e-06 16.227768 -17.821747 2.669988 1.665668 -1.955922 -2.878298 4.7278 -4.170588 4.993925 11.020532 3e-06 1e-06 12.109057 -3.735715 -2.866783 -1e-06 0.0 -2e-06 1.291986 -1.928549 -1.49809 14.800136 0.56747 3.865606 14.242579 -1.341735 -6.660659 19.631979 0.143927 -0.648243 49.915844 -0.827877 -6.322019 0.353029 -1.51115 -0.031939 20.222801 3.684313 2.316629 18.787285 7e-06 -2e-06 10.751633 -0.479868 1.397905 0.0 0.0 -1e-06 3.273808 0.305947 -0.580112 21.486824 11.830379 2.266133 8.16293 3e-06 -1e-06 18.399092 -3.798983 -4.940576 4e-06 -0.0 -1e-06 4.48026 4.918036 -6.184124 -0.052881 0.101183 12.593029 -7.73159 7.113436 -4.36955 1.645992 -1.804927 -0.984859 -0.0 -0.0 2e-06 -6.307358 0.442541 -3.369265 0.053432 0.156996 13.946686 7.293608 -1.16558 -8.764112 -1.430046 1.174386 -1.346816 0.0 -0.0 -1e-06 
0.0 0.0 0.0 0.0 -0.0 0.0 1.719357 99.504128 3.47555 1.089498 1.397683 -1.830482 -0.240348 0.408018 -4.130697 -0.260366 0.263682 -6.599895 -0.048292 -1.00235 26.329329 3.442722 1.051336 10.083193 -1.711138 -2.402697 -3.734866 -1.696568 -3.081391 -9.998086 7.7e-05 -2.3e-05 6e-06 0.035988 -0.038461 -0.032807 0.702968 -3.720281 -10.541585 -0.632625 3.645562 -10.530352 -14.753366 -10.398589 16.115877 -58.281261 -12.460171 10.992576 -0.072244 -32.755421 0.249363 5.40854 7.085307 -2.98173 -5.882106 9.861284 0.70259 -10.93687 -0.360574 7.156207 -0.0 8.774824 -2e-06 -16.442078 18.257412 5.878925 -1.844032 2.498504 -2.507277 -10.163599 4.678945 4.621109 -20.976021 -2e-06 0.0 -21.226282 2.451699 -3.594 -1e-06 -7e-06 -1e-06 -1.362681 2.240798 -0.746325 -21.334913 0.584911 3.008322 -13.821213 -2e-06 1e-06 -23.887167 -0.249077 -0.839485 -60.318268 2.266447 -1.3457 -0.294024 1.679687 0.833256 -14.218207 0.093216 1.300581 -34.212048 -0.287561 0.96717 -20.033211 0.964537 1.212842 1e-06 0.0 -0.0 -3.440388 0.788233 0.501656 -15.928183 -3.167308 2.999707 -6.338826 -2e-06 0.0 -18.123444 3.648183 -4.905669 -4e-06 -0.0 -3e-06 11.274851 16.354349 16.259226 61.19836 7.048352 7.922684 -0.223644 40.071896 0.156371 4.255979 -2.174296 -11.001534 2.24354 -5.255034 -3.180157 14.28288 -0.826593 6.952498 -3e-06 -12.690597 1e-06 16.240246 -17.829451 2.666702 1.665665 -1.955921 -2.878298 4.727795 -4.170584 4.993921 11.020519 3e-06 -3e-06 12.109043 -3.735713 -2.866784 -0.0 -0.0 -1e-06 1.291984 -1.928548 -1.498088 14.800118 0.567469 3.865604 14.242561 -1.341734 -6.660655 19.631954 0.143928 -0.648245 49.932964 -0.841317 -6.324049 0.353029 -1.51115 -0.031939 20.222778 3.68431 2.316626 18.787258 5e-06 -2e-06 10.75162 -0.479867 1.397907 0.0 -1e-06 -1e-06 3.273804 0.305947 -0.580112 21.486797 11.830368 2.266129 8.162921 2e-06 1e-06 18.399071 -3.79898 -4.940572 4e-06 -0.0 -1e-06 4.505897 4.97486 -6.238082 -0.051185 0.100917 12.621726 -7.739865 7.040693 -4.336089 1.643611 -1.8055 -0.994593 -0.0 0.0 2e-06 -6.279337 0.414361 -3.380302 0.05567 0.164543 13.932506 7.304897 -1.157028 -8.733101 -1.429926 1.171637 -1.358477 0.0 0.0 -1e-06 
0.0 0.0 0.0 0.0 -0.0 0.0 1.714796 99.506668 3.423423 1.063518 1.442284 -1.828565 -0.23791 0.412345 -4.121927 -0.260202 0.27577 -6.602576 -0.075941 -0.99193 26.370337 3.401144 1.09563 10.001786 -1.698741 -2.409861 -3.735035 -1.678705 -3.094665 -10.105324 7.7e-05 -2.3e-05 6e-06 0.035977 -0.041351 -0.034009 0.703791 -3.724184 -10.545667 -0.6335 3.643618 -10.535208 -14.799205 -10.393394 16.131145 -58.312057 -12.530845 10.817109 -0.075313 -32.907398 0.245195 5.506886 7.034563 -3.042608 -5.882111 9.861292 0.702591 -10.93688 -0.360575 7.156208 0.0 8.774832 -1e-06 -16.401457 18.281078 5.903852 -1.844034 2.498506 -2.507278 -10.163607 4.678948 4.62111 -20.97604 -4e-06 0.0 -21.226305 2.451698 -3.594002 -0.0 -6e-06 -1e-06 -1.362683 2.2408 -0.746323 -21.33493 0.58491 3.008323 -13.821224 -3e-06 1e-06 -23.88719 -0.249079 -0.839484 -60.310516 2.271929 -1.351722 -0.294024 1.679688 0.833255 -14.218221 0.093214 1.300581 -34.212078 -0.287566 0.96717 -20.033232 0.964536 1.212844 1e-06 1e-06 1e-06 -3.440391 0.788234 0.501656 -15.928201 -3.167312 2.999709 -6.338832 -2e-06 -1e-06 -18.123463 3.648184 -4.905675 -5e-06 -1e-06 -2e-06 11.289255 16.343962 16.275753 61.209156 7.043476 8.013513 -0.210161 40.023285 0.15422 4.214865 -2.157008 -11.050146 2.243543 -5.25504 -3.180159 14.2829 -0.826596 6.952505 -3e-06 -12.690612 1e-06 16.231853 -17.819946 2.662601 1.665667 -1.955921 -2.878299 4.727802 -4.170589 4.993927 11.020534 3e-06 -0.0 12.109059 -3.735717 -2.866784 -0.0 1e-06 -0.0 1.291986 -1.92855 -1.49809 14.800139 0.567469 3.865609 14.24258 -1.341737 -6.66066 19.631981 0.143926 -0.648244 49.919445 -0.852238 -6.320514 0.353029 -1.511152 -0.03194 20.222803 3.684313 2.31663 18.787287 5e-06 0.0 10.751636 -0.47987 1.397906 0.0 0.0 -1e-06 3.273808 0.305947 -0.580111 21.48683 11.830383 2.266133 8.162933 1e-06 -0.0 18.399094 -3.798985 -4.940577 4e-06 -0.0 -1e-06 4.534122 5.02539 -6.297687 -0.052199 0.096187 12.647815 -7.750061 6.969792 -4.298902 1.64016 -1.806721 -0.999305 -0.0 0.0 2e-06 -6.247139 0.382788 -3.390167 0.059403 0.166054 13.907052 7.304375 -1.142722 -8.696108 -1.429433 1.168997 -1.376898 0.0 -0.0 -1e-06 
0.0 0.0 0.0 0.0 -0.0 0.0 1.708197 99.512085 3.370047 1.038515 1.477233 -1.824469 -0.234826 0.415774 -4.114754 -0.260437 0.293392 -6.606342 -0.099611 -0.977272 26.406281 3.332142 1.153687 9.932154 -1.685919 -2.40359 -3.732959 -1.654671 -3.12475 -10.173828 7.7e-05 -2.3e-05 6e-06 0.037089 -0.049666 -0.03579 0.706437 -3.733883 -10.55266 -0.634002 3.636782 -10.541249 -14.846584 -10.386555 16.147976 -58.325478 -12.584846 10.648595 -0.068567 -33.083954 0.228797 5.574541 6.990864 -3.136391 -5.88211 9.86129 0.702589 -10.936877 -0.360574 7.156207 -0.0 8.774829 -3e-06 -16.375105 18.296164 5.916826 -1.844034 2.498506 -2.507278 -10.163605 4.678948 4.621112 -20.976036 -2e-06 1e-06 -21.226301 2.451698 -3.594004 1e-06 -6e-06 -0.0 -1.362683 2.2408 -0.746324 -21.334929 0.584911 3.008321 -13.821223 -3e-06 0.0 -23.887184 -0.249079 -0.839486 -60.284405 2.268155 -1.356739 -0.294026 1.679688 0.833257 -14.218217 0.093215 1.300579 -34.212067 -0.287565 0.967168 -20.033226 0.964537 1.212843 1e-06 1e-06 -0.0 -3.44039 0.788234 0.501655 -15.928194 -3.16731 2.999707 -6.338829 -2e-06 -2e-06 -18.123459 3.648183 -4.905674 -5e-06 -1e-06 -2e-06 11.306083 16.345419 16.269629 61.201561 7.01597 8.123096 -0.186564 39.948055 0.154197 4.153558 -2.121627 -11.172235 2.243542 -5.255038 -3.180159 14.282898 -0.826596 6.952506 -2e-06 -12.690609 1e-06 16.210661 -17.799665 2.658015 1.665666 -1.955921 -2.8783 4.727801 -4.17059 4.993927 11.020534 2e-06 0.0 12.109059 -3.735717 -2.866783 -0.0 0.0 -1e-06 1.291986 -1.928551 -1.49809 14.800136 0.567468 3.865609 14.24258 -1.341738 -6.66066 19.631977 0.143925 -0.648245 49.872005 -0.858206 -6.321414 0.353029 -1.511151 -0.031938 20.222803 3.68431 2.316631 18.787285 4e-06 -2e-06 10.751634 -0.479869 1.397906 0.0 0.0 -0.0 3.273809 0.305947 -0.580111 21.486824 11.830378 2.266133 8.162935 1e-06 -1e-06 18.399094 -3.798988 -4.940578 4e-06 -0.0 -1e-06 4.560343 5.056924 -6.344113 -0.053493 0.083646 12.643917 -7.756625 6.926932 -4.250419 1.638565 -1.802655 -0.998173 -0.0 0.0 2e-06 -6.214845 0.358579 -3.394617 0.0619 0.166158 13.862747 7.306625 -1.139217 -8.647441 -1.430083 1.165591 -1.393795 -0.0 0.0 -1e-06 
0.0 0.0 0.0 0.0 -0.0 0.0 1.700581 99.51413 3.325378 1.017073 1.522748 -1.822975 -0.232463 0.415636 -4.106462 -0.261908 0.302754 -6.609364 -0.122112 -0.960755 26.440355 3.258866 1.210593 9.881688 -1.67417 -2.384257 -3.73294 -1.641131 -3.13056 -10.22913 7.7e-05 -2.3e-05 6e-06 0.038074 -0.059424 -0.034735 0.708518 -3.74477 -10.559016 -0.634236 3.628278 -10.546156 -14.890888 -10.380274 16.161482 -58.318108 -12.612165 10.466413 -0.07526 -33.268032 0.217972 5.618799 6.918354 -3.279975 -5.882108 9.861287 0.702591 -10.936874 -0.360574 7.156206 0.0 8.774826 -2e-06 -16.349279 18.286041 5.932395 -1.844033 2.498505 -2.507279 -10.163603 4.678946 4.621109 -20.976027 -3e-06 -0.0 -21.226294 2.451695 -3.594003 -0.0 -7e-06 -0.0 -1.362682 2.240798 -0.746324 -21.334921 0.584911 3.008322 -13.821218 -3e-06 -0.0 -23.887177 -0.249079 -0.839485 -60.258503 2.254966 -1.336415 -0.294024 1.679687 0.833256 -14.218212 0.093216 1.300579 -34.212059 -0.287563 0.967167 -20.033216 0.964536 1.212841 1e-06 2e-06 1e-06 -3.440389 0.788233 0.501656 -15.928191 -3.167308 2.999707 -6.338828 -1e-06 0.0 -18.123453 3.648183 -4.905674 -5e-06 -1e-06 -2e-06 11.334201 16.359787 16.287033 61.165443 7.009295 8.215786 -0.184567 39.869995 0.143021 4.113545 -2.038601 -11.295718 2.243543 -5.255039 -3.18016 14.2829 -0.826596 6.952509 -3e-06 -12.690609 1e-06 16.18688 -17.785652 2.653391 1.665668 -1.955923 -2.878299 4.727802 -4.17059 4.993927 11.020534 2e-06 -3e-06 12.109058 -3.735718 -2.866786 -0.0 -0.0 -0.0 1.291987 -1.92855 -1.498091 14.800136 0.567467 3.86561 14.242579 -1.341737 -6.66066 19.631981 0.143925 -0.648245 49.804741 -0.865506 -6.32618 0.353029 -1.511151 -0.03194 20.222803 3.684311 2.316632 18.787287 4e-06 -1e-06 10.751636 -0.479869 1.397905 1e-06 0.0 -0.0 3.273808 0.305947 -0.580111 21.486826 11.830381 2.266133 8.16293 0.0 -1e-06 18.399094 -3.798988 -4.940576 4e-06 1e-06 -1e-06 4.583426 5.075029 -6.394948 -0.055991 0.067712 12.662572 -7.766662 6.895689 -4.219492 1.638527 -1.798398 -0.98842 0.0 0.0 2e-06 -6.184939 0.339668 -3.404609 0.060199 0.164582 13.844355 7.313162 -1.141256 -8.617867 -1.431246 1.16681 -1.400185 -0.0 0.0 -1e-06 
0.0 0.0 0.0 0.0 -0.0 0.0 1.692446 99.518059 3.293167 1.003319 1.555301 -1.834197 -0.233613 0.416398 -4.094092 -0.264333 0.300495 -6.606962 -0.143389 -0.935496 26.474726 3.186664 1.252187 9.85154 -1.662748 -2.376327 -3.734596 -1.64148 -3.102758 -10.303301 7.7e-05 -2.2e-05 6e-06 0.038313 -0.065607 -0.032455 0.709475 -3.75139 -10.563649 -0.634893 3.62248 -10.548615 -14.943532 -10.372643 16.174181 -58.285954 -12.611917 10.290463 -0.083203 -33.433228 0.214406 5.64473 6.817188 -3.453367 -5.88211 9.86129 0.70259 -10.936877 -0.360574 7.156208 0.0 8.77483 -2e-06 -16.324093 18.274223 5.942068 -1.844033 2.498506 -2.507278 -10.163604 4.678948 4.621112 -20.976034 -2e-06 2e-06 -21.226297 2.4517 -3.594004 1e-06 -6e-06 -0.0 -1.362682 2.240799 -0.746322 -21.334925 0.584911 3.008325 -13.821221 -2e-06 2e-06 -23.887182 -0.249077 -0.839483 -60.226627 2.234048 -1.322284 -0.294025 1.679688 0.833258 -14.218217 0.093216 1.300581 -34.212067 -0.287561 0.96717 -20.033226 0.964539 1.212842 1e-06 1e-06 -0.0 -3.440391 0.788234 0.501656 -15.928198 -3.16731 2.999707 -6.33883 -1e-06 1e-06 -18.123457 3.648185 -4.905674 -4e-06 -0.0 -3e-06 11.363148 16.364769 16.31386 61.113014 7.034164 8.325544 -0.202491 39.806808 0.11089 4.06822 -1.933791 -11.423018 2.243541 -5.255037 -3.180159 14.282891 -0.826596 6.952504 -1e-06 -12.690603 1e-06 16.17248 -17.782616 2.646253 1.665666 -1.955921 -2.8783 4.727799 -4.170588 4.993926 11.020526 2e-06 -2e-06 12.109053 -3.735716 -2.866785 -0.0 0.0 -0.0 1.291986 -1.928548 -1.49809 14.800129 0.567467 3.865609 14.242572 -1.341738 -6.660657 19.631969 0.143925 -0.648246 49.747448 -0.876336 -6.330009 0.353029 -1.511152 -0.03194 20.222788 3.684308 2.31663 18.78727 3e-06 -3e-06 10.751629 -0.479869 1.397904 0.0 0.0 -0.0 3.273807 0.305947 -0.580111 21.486813 11.830371 2.266132 8.162929 2e-06 -1e-06 18.39908 -3.798987 -4.940576 4e-06 1e-06 -1e-06 4.598998 5.069761 -6.401454 -0.054024 0.060953 12.641937 -7.776299 6.879671 -4.182192 1.639485 -1.801921 -0.975387 0.0 -0.0 2e-06 -6.162526 0.334397 -3.39633 0.056512 0.165906 13.80748 7.319654 -1.161974 -8.5814 -1.431505 1.175252 -1.394278 -0.0 0.0 -1e-06 
0.0 0.0 0.0 0.0 -0.0 0.0 1.687879 99.523071 3.263983 0.990647 1.562548 -1.850981 -0.235949 0.419992 -4.078058 -0.267312 0.305474 -6.606793 -0.161049 -0.912987 26.5082 3.112028 1.282154 9.84416 -1.664531 -2.355612 -3.744797 -1.620787 -3.078609 -10.365781 7.7e-05 -2.3e-05 6e-06 0.037769 -0.068099 -0.033061 0.708974 -3.754268 -10.569824 -0.635719 3.620655 -10.551977 -14.980865 -10.364014 16.175037 -58.259583 -12.591216 10.112638 -0.114709 -33.541836 0.23056 5.647768 6.732502 -3.575677 -5.882112 9.861292 0.70259 -10.936878 -0.360574 7.156208 -1e-06 8.774831 -1e-06 -16.313105 18.278088 5.939757 -1.844033 2.498506 -2.507279 -10.163605 4.678948 4.621109 -20.976038 -1e-06 0.0 -21.226299 2.451701 -3.594003 -0.0 -7e-06 -0.0 -1.362683 2.2408 -0.746323 -21.334927 0.584913 3.008324 -13.821221 -1e-06 0.0 -23.887184 -0.249076 -0.839487 -60.205101 2.229208 -1.325302 -0.294025 1.679688 0.833257 -14.218216 0.093217 1.300578 -34.21207 -0.28756 0.967169 -20.033226 0.964539 1.212842 1e-06 1e-06 1e-06 -3.44039 0.788235 0.501656 -15.928196 -3.167309 2.999707 -6.338831 -1e-06 1e-06 -18.123459 3.648188 -4.905674 -4e-06 -0.0 -3e-06 11.371067 16.361748 16.328846 61.079834 7.066932 8.404765 -0.223687 39.796722 0.078119 4.040195 -1.867767 -11.543587 2.243543 -5.255039 -3.180158 14.282895 -0.826596 6.952503 -2e-06 -12.690607 -0.0 16.160118 -17.77961 2.637698 1.665667 -1.955923 -2.878299 4.7278 -4.170588 4.993925 11.020529 2e-06 0.0 12.109056 -3.735717 -2.866784 -0.0 -0.0 -1e-06 1.291986 -1.92855 -1.49809 14.800132 0.567468 3.865607 14.242577 -1.341737 -6.660659 19.631973 0.143925 -0.648246 49.708118 -0.876038 -6.329236 0.353029 -1.511151 -0.03194 20.222797 3.68431 2.31663 18.787281 5e-06 -2e-06 10.751631 -0.479868 1.397905 0.0 0.0 -1e-06 3.273808 0.305946 -0.58011 21.486816 11.830378 2.266133 8.16293 1e-06 -1e-06 18.399084 -3.798985 -4.940578 4e-06 1e-06 0.0 4.612918 5.075397 -6.387873 -0.049015 0.062698 12.607445 -7.772953 6.864411 -4.142938 1.640427 -1.809114 -0.986941 0.0 0.0 2e-06 -6.140316 0.365323 -3.381734 0.053018 0.171338 13.758966 7.331003 -1.20416 -8.539803 -1.430726 1.181576 -1.391468 -0.0 -0.0 -1e-06 
0.0 0.0 0.0 0.0 -0.0 0.0 1.691367 99.525223 3.226218 0.97569 1.557941 -1.857677 -0.236011 0.427665 -4.072587 -0.265546 0.320584 -6.610151 -0.178515 -0.894237 26.543032 3.042526 1.303296 9.852077 -1.677562 -2.32616 -3.758067 -1.589349 -3.075455 -10.433538 7.7e-05 -2.3e-05 6e-06 0.036568 -0.064207 -0.036336 0.707804 -3.750575 -10.576102 -0.637193 3.625199 -10.555933 -15.00295 -10.367826 16.171818 -58.251892 -12.561417 9.926703 -0.163172 -33.580692 0.261824 5.623798 6.702751 -3.691507 -5.882109 9.86129 0.702591 -10.936875 -0.360574 7.156207 0.0 8.774829 1e-06 -16.313269 18.286865 5.924671 -1.844035 2.498506 -2.507279 -10.163604 4.678948 4.621109 -20.976034 -4e-06 0.0 -21.226299 2.451697 -3.594004 0.0 -6e-06 -2e-06 -1.362682 2.240799 -0.746324 -21.334923 0.58491 3.008323 -13.821219 -3e-06 1e-06 -23.887177 -0.249079 -0.839485 -60.203979 2.233784 -1.349557 -0.294025 1.679688 0.833257 -14.218214 0.093215 1.300579 -34.212067 -0.287565 0.967169 -20.033222 0.964536 1.212843 1e-06 1e-06 1e-06 -3.44039 0.788235 0.501655 -15.928192 -3.16731 2.999705 -6.338829 -1e-06 -1e-06 -18.123457 3.648185 -4.905674 -4e-06 -0.0 -3e-06 11.360182 16.351364 16.303915 61.05603 7.083936 8.472939 -0.252494 39.816692 0.046098 4.038979 -1.834529 -11.656465 2.243543 -5.255039 -3.180159 14.282896 -0.826595 6.952501 -1e-06 -12.690609 -2e-06 16.154181 -17.781326 2.629545 1.665667 -1.955923 -2.878301 4.7278 -4.170588 4.993923 11.020529 2e-06 -2e-06 12.109058 -3.735716 -2.866787 -0.0 0.0 -1e-06 1.291987 -1.928551 -1.49809 14.800134 0.567468 3.865606 14.242579 -1.341738 -6.660662 19.631973 0.143926 -0.648248 49.702171 -0.869983 -6.322651 0.353029 -1.511151 -0.03194 20.222799 3.684311 2.316626 18.787283 6e-06 -6e-06 10.751633 -0.479867 1.397904 0.0 0.0 -0.0 3.273808 0.305948 -0.580112 21.486818 11.830379 2.266129 8.16293 2e-06 -1e-06 18.399084 -3.798985 -4.940578 4e-06 -0.0 -1e-06 4.625298 5.098672 -6.409807 -0.04784 0.062617 12.615986 -7.752878 6.847962 -4.119124 1.640461 -1.813687 -1.011882 0.0 0.0 2e-06 -6.116547 0.420222 -3.394682 0.049915 0.175419 13.738605 7.34319 -1.254339 -8.510422 -1.429393 1.187941 -1.387185 -0.0 0.0 -1e-06 
0.0 0.0 0.0 0.0 -0.0 0.0 1.703005 99.518723 3.187473 0.964564 1.544226 -1.865378 -0.238227 0.433778 -4.072979 -0.259855 0.335837 -6.612922 -0.197268 -0.878985 26.580757 2.980541 1.307176 9.876113 -1.687953 -2.293283 -3.765904 -1.565195 -3.07592 -10.52653 7.7e-05 -2.3e-05 6e-06 0.035603 -0.060686 -0.039079 0.706485 -3.7462 -10.579003 -0.638052 3.628514 -10.557175 -15.013779 -10.373209 16.167999 -58.270573 -12.524261 9.758711 -0.21227 -33.561016 0.29617 5.590155 6.717473 -3.842793 -5.882108 9.861286 0.702591 -10.936874 -0.360575 7.156206 1e-06 8.774826 -3e-06 -16.32942 18.29682 5.908787 -1.844033 2.498506 -2.507279 -10.163603 4.678945 4.621109 -20.97603 -4e-06 1e-06 -21.226295 2.451697 -3.594001 -0.0 -7e-06 -2e-06 -1.362682 2.240798 -0.746323 -21.334923 0.584909 3.008324 -13.821219 -4e-06 2e-06 -23.887178 -0.249078 -0.839482 -60.226627 2.239226 -1.365968 -0.294025 1.679688 0.833256 -14.218214 0.093214 1.30058 -34.212063 -0.287567 0.96717 -20.03322 0.964535 1.212844 0.0 1e-06 1e-06 -3.44039 0.788233 0.501657 -15.928192 -3.167312 2.999707 -6.338829 -1e-06 1e-06 -18.123453 3.648183 -4.90567 -5e-06 -0.0 -3e-06 11.338202 16.337599 16.271334 61.024162 7.114666 8.532523 -0.262808 39.83379 0.028173 4.030338 -1.814458 -11.740425 2.243542 -5.255039 -3.180158 14.282894 -0.826596 6.952504 -1e-06 -12.690609 -2e-06 16.147053 -17.789158 2.629477 1.665666 -1.955922 -2.878299 4.7278 -4.170588 4.993923 11.020528 2e-06 0.0 12.109055 -3.735718 -2.866784 -0.0 -0.0 -1e-06 1.291986 -1.92855 -1.498091 14.800131 0.567467 3.865608 14.242573 -1.341739 -6.660661 19.631969 0.143924 -0.648245 49.718666 -0.868317 -6.312003 0.353029 -1.511151 -0.031941 20.222794 3.684308 2.316632 18.787275 3e-06 -2e-06 10.75163 -0.479868 1.397906 0.0 0.0 -0.0 3.273808 0.305947 -0.58011 21.486814 11.830376 2.266135 8.162929 0.0 -0.0 18.399086 -3.798987 -4.940577 4e-06 1e-06 -1e-06 4.628489 5.102161 -6.469637 -0.047161 0.064397 12.706155 -7.748175 6.852755 -4.142869 1.641017 -1.816719 -1.033274 0.0 -0.0 2e-06 -6.103552 0.451269 -3.442685 0.051367 0.183188 13.794366 7.350419 -1.268896 -8.51843 -1.428437 1.196473 -1.388143 -0.0 0.0 -1e-06 
0.0 0.0 0.0 0.0 -0.0 0.0 1.71916 99.515907 3.148234 0.955387 1.528693 -1.875074 -0.243696 0.435136 -4.08187 -0.256352 0.350746 -6.616999 -0.220234 -0.879906 26.625446 2.938223 1.299941 9.924079 -1.695597 -2.256471 -3.767904 -1.560232 -3.068512 -10.62946 7.7e-05 -2.3e-05 6e-06 0.035847 -0.062214 -0.041736 0.705731 -3.746467 -10.579593 -0.636989 3.626186 -10.557996 -15.024771 -10.363355 16.168732 -58.285332 -12.490103 9.664348 -0.241624 -33.50156 0.322807 5.571076 6.756696 -3.926508 -5.88211 9.86129 0.702589 -10.93688 -0.360575 7.156209 1e-06 8.774828 -1e-06 -16.352787 18.304008 5.896403 -1.844033 2.498505 -2.507278 -10.163609 4.678946 4.621108 -20.97604 -5e-06 2e-06 -21.226305 2.451697 -3.594001 0.0 -7e-06 -1e-06 -1.362682 2.240798 -0.746323 -21.33493 0.584908 3.008323 -13.821224 -4e-06 1e-06 -23.887188 -0.24908 -0.839482 -60.24324 2.239377 -1.362617 -0.294025 1.679688 0.833257 -14.218219 0.093214 1.300581 -34.212078 -0.287566 0.967171 -20.03323 0.964535 1.212844 0.0 1e-06 1e-06 -3.44039 0.788234 0.501655 -15.928198 -3.167311 2.999707 -6.33883 -1e-06 0.0 -18.123459 3.648182 -4.905674 -4e-06 -0.0 -2e-06 11.328656 16.320072 16.252563 60.95858 7.16134 8.572483 -0.248134 39.863804 0.021254 4.043118 -1.804622 -11.787431 2.243543 -5.25504 -3.180159 14.282902 -0.826593 6.952505 -4e-06 -12.690612 1e-06 16.155682 -17.803089 2.627697 1.665667 -1.955923 -2.878299 4.727802 -4.17059 4.993926 11.020536 4e-06 -1e-06 12.109063 -3.735716 -2.866787 -1e-06 -0.0 -1e-06 1.291987 -1.92855 -1.498089 14.80014 0.56747 3.86561 14.242584 -1.341736 -6.660661 19.631987 0.143928 -0.648243 49.736431 -0.870883 -6.301292 0.353029 -1.511151 -0.031941 20.222809 3.684315 2.31663 18.787289 8e-06 -2e-06 10.751637 -0.479867 1.397906 0.0 0.0 -0.0 3.273809 0.305948 -0.58011 21.486834 11.830386 2.266135 8.162934 3e-06 -2e-06 18.399099 -3.798984 -4.940579 4e-06 -0.0 -1e-06 4.624415 5.076951 -6.509717 -0.044985 0.066207 12.760864 -7.734584 6.877981 -4.152289 1.641431 -1.820591 -1.057875 -0.0 0.0 2e-06 -6.099813 0.442058 -3.471571 0.056346 0.191911 13.816259 7.361617 -1.249286 -8.505547 -1.426312 1.209284 -1.411827 -0.0 0.0 -1e-06 
0.0 0.0 0.0 0.0 -0.0 0.0 1.735888 99.521431 3.112154 0.948813 1.502112 -1.881623 -0.252026 0.435531 -4.095739 -0.257217 0.364368 -6.618992 -0.24424 -0.883257 26.654646 2.916387 1.293871 9.995028 -1.694346 -2.240765 -3.765727 -1.566771 -3.036852 -10.702192 7.7e-05 -2.2e-05 6e-06 0.037034 -0.067669 -0.043736 0.707169 -3.750289 -10.576926 -0.636124 3.619277 -10.556281 -15.041549 -10.349402 16.178204 -58.304325 -12.464916 9.604396 -0.249887 -33.407436 0.341443 5.561122 6.801253 -3.90768 -5.882109 9.86129 0.702591 -10.936877 -0.360576 7.156205 1e-06 8.77483 -1e-06 -16.37298 18.298512 5.882156 -1.844034 2.498505 -2.507277 -10.163605 4.678946 4.621107 -20.976038 -5e-06 -0.0 -21.226301 2.451695 -3.594002 0.0 -6e-06 -1e-06 -1.362682 2.240799 -0.746325 -21.334925 0.584909 3.008321 -13.821221 -4e-06 1e-06 -23.887184 -0.24908 -0.839485 -60.238621 2.233436 -1.356945 -0.294025 1.679688 0.833256 -14.218216 0.093214 1.300578 -34.212067 -0.287568 0.967167 -20.033222 0.964534 1.212842 0.0 -1e-06 -0.0 -3.440391 0.788234 0.501655 -15.928192 -3.167312 2.999704 -6.33883 -2e-06 1e-06 -18.123457 3.648183 -4.905674 -4e-06 -0.0 -2e-06 11.329808 16.312496 16.251551 60.885025 7.210793 8.583431 -0.220964 39.888023 0.030876 4.080222 -1.792496 -11.774974 2.243544 -5.255042 -3.180162 14.282902 -0.826595 6.952507 -2e-06 -12.690618 -0.0 16.168732 -17.809757 2.62282 1.665668 -1.955924 -2.878301 4.727802 -4.170592 4.993927 11.020538 3e-06 -4e-06 12.109063 -3.73572 -2.866789 -1e-06 -0.0 -0.0 1.291987 -1.928552 -1.498091 14.800144 0.56747 3.865606 14.24259 -1.341737 -6.660666 19.631989 0.143929 -0.648249 49.735195 -0.873563 -6.297974 0.353029 -1.511152 -0.03194 20.222813 3.684314 2.316628 18.787291 6e-06 -7e-06 10.751639 -0.479867 1.397906 0.0 0.0 -1e-06 3.273811 0.305946 -0.580112 21.486834 11.830391 2.266131 8.162937 3e-06 -2e-06 18.399099 -3.798986 -4.940583 4e-06 -0.0 -1e-06 4.618227 5.042643 -6.508812 -0.045553 0.070905 12.734614 -7.731304 6.912695 -4.127595 1.64194 -1.823905 -1.080218 0.0 0.0 2e-06 -6.106556 0.407999 -3.469928 0.062016 0.199016 13.769485 7.374944 -1.207752 -8.452082 -1.424271 1.212018 -1.442903 -0.0 0.0 -1e-06 
0.0 0.0 0.0 0.0 -0.0 0.0 1.75529 99.525162 3.068203 0.944075 1.486462 -1.896421 -0.264126 0.435629 -4.107431 -0.258238 0.371715 -6.620559 -0.261776 -0.876717 26.683052 2.915878 1.279034 10.085834 -1.690586 -2.234865 -3.763666 -1.581845 -2.992567 -10.726662 7.7e-05 -2.2e-05 6e-06 0.03695 -0.065518 -0.044521 0.70682 -3.747483 -10.574586 -0.635972 3.620848 -10.554924 -15.079036 -10.34269 16.199915 -58.315022 -12.450684 9.592348 -0.238219 -33.318703 0.344589 5.544724 6.848312 -3.89614 -5.882106 9.861284 0.70259 -10.936868 -0.360573 7.156205 -1e-06 8.774824 -1e-06 -16.369799 18.282198 5.872161 -1.844032 2.498505 -2.507279 -10.163597 4.678945 4.621108 -20.976021 -1e-06 3e-06 -21.226276 2.451699 -3.594 0.0 -7e-06 -1e-06 -1.362681 2.240798 -0.746323 -21.334906 0.584911 3.008322 -13.821207 -1e-06 2e-06 -23.887161 -0.249076 -0.839483 -60.201508 2.22201 -1.356338 -0.294025 1.679687 0.833256 -14.218203 0.093217 1.300581 -34.212029 -0.287559 0.96717 -20.033205 0.964539 1.212841 0.0 -1e-06 1e-06 -3.440387 0.788233 0.501655 -15.928183 -3.167307 2.999709 -6.338825 -1e-06 3e-06 -18.123444 3.648184 -4.905668 -4e-06 -0.0 -3e-06 11.337906 16.307966 16.275841 60.815109 7.28327 8.577889 -0.194352 39.888664 0.045089 4.097364 -1.771071 -11.721969 2.243542 -5.255036 -3.180156 14.282887 -0.826595 6.952499 -3e-06 -12.690602 1e-06 16.167624 -17.807943 2.623872 1.665667 -1.955922 -2.878298 4.727798 -4.170588 4.993923 11.020524 2e-06 -2e-06 12.109051 -3.735715 -2.866785 -0.0 -0.0 -1e-06 1.291986 -1.928548 -1.498089 14.800125 0.567467 3.865606 14.242569 -1.341737 -6.660655 19.631968 0.143926 -0.648246 49.728722 -0.876179 -6.296934 0.353029 -1.51115 -0.03194 20.222786 3.684307 2.316629 18.78727 5e-06 -3e-06 10.751626 -0.479869 1.397905 0.0 0.0 -1e-06 3.273806 0.305948 -0.58011 21.486809 11.83037 2.26613 8.162928 1e-06 -1e-06 18.399075 -3.798986 -4.940574 5e-06 -0.0 -1e-06 4.609324 5.005554 -6.512841 -0.048221 0.077742 12.721972 -7.742208 6.954865 -4.105596 1.642115 -1.830423 -1.081266 0.0 0.0 2e-06 -6.118196 0.37512 -3.464049 0.066258 0.202316 13.73745 7.385578 -1.165616 -8.405204 -1.422687 1.208283 -1.459633 -0.0 0.0 -1e-06 
0.0 0.0 0.0 0.0 -0.0 0.0 1.778529 99.523376 3.021629 0.93789 1.494266 -1.924175 -0.271914 0.436062 -4.114488 -0.26201 0.375279 -6.626803 -0.277566 -0.862524 26.726389 2.924537 1.271464 10.188793 -1.681256 -2.227881 -3.762878 -1.599918 -2.941986 -10.712203 7.7e-05 -2.3e-05 6e-06 0.035626 -0.057308 -0.044814 0.702253 -3.739637 -10.57153 -0.634063 3.629426 -10.552863 -15.131914 -10.32895 16.234306 -58.308228 -12.435802 9.593478 -0.213531 -33.307846 0.336191 5.515919 6.885083 -4.025237 -5.882107 9.861286 0.702592 -10.936872 -0.360573 7.156204 -1e-06 8.774824 -2e-06 -16.3496 18.263256 5.86221 -1.844033 2.498505 -2.507277 -10.1636 4.678947 4.621109 -20.976023 0.0 1e-06 -21.226288 2.451701 -3.594001 0.0 -6e-06 -1e-06 -1.362682 2.240799 -0.746323 -21.334913 0.584914 3.008323 -13.821213 -0.0 1e-06 -23.887167 -0.249075 -0.839487 -60.139236 2.204372 -1.35638 -0.294025 1.679687 0.833256 -14.21821 0.093218 1.30058 -34.212051 -0.287558 0.967168 -20.033215 0.964539 1.212841 0.0 1e-06 1e-06 -3.440389 0.788234 0.501654 -15.928185 -3.167307 2.999707 -6.338827 -0.0 1e-06 -18.123449 3.648186 -4.90567 -4e-06 0.0 -2e-06 11.355933 16.291016 16.317181 60.747478 7.375501 8.560246 -0.181635 39.871235 0.054048 4.099968 -1.757342 -11.658612 2.243542 -5.255037 -3.180159 14.282887 -0.826597 6.952499 1e-06 -12.690603 -1e-06 16.15799 -17.807079 2.628512 1.665666 -1.955922 -2.878297 4.727799 -4.170588 4.993921 11.020524 -0.0 -0.0 12.109052 -3.735719 -2.866785 -1e-06 0.0 -0.0 1.291986 -1.92855 -1.498088 14.800125 0.567466 3.865607 14.242571 -1.341739 -6.660657 19.631966 0.143923 -0.648247 49.715641 -0.88119 -6.304337 0.353029 -1.511151 -0.031939 20.222786 3.684305 2.316629 18.78727 1e-06 -4e-06 10.751626 -0.47987 1.397905 0.0 0.0 -0.0 3.273806 0.305946 -0.580111 21.486805 11.83037 2.266132 8.162926 -1e-06 -1e-06 18.39908 -3.798986 -4.940577 5e-06 -0.0 -1e-06 4.599613 4.97261 -6.534756 -0.0506 0.081756 12.761495 -7.732463 6.994928 -4.10242 1.641632 -1.83047 -1.070955 0.0 0.0 2e-06 -6.128463 0.353452 -3.455971 0.068828 0.20183 13.739115 7.395708 -1.157283 -8.382542 -1.42162 1.205257 -1.454957 -0.0 0.0 -1e-06 
0.0 0.0 0.0 0.0 -0.0 0.0 1.807038 99.522171 2.986776 0.934088 1.52039 -1.962986 -0.27488 0.439743 -4.114432 -0.269478 0.377726 -6.63308 -0.305117 -0.857354 26.774864 2.936329 1.26521 10.292482 -1.67551 -2.204463 -3.758659 -1.601899 -2.902033 -10.671517 7.7e-05 -2.2e-05 6e-06 0.03436 -0.049133 -0.044469 0.698995 -3.732303 -10.572778 -0.633372 3.638505 -10.554655 -15.173302 -10.313662 16.270618 -58.297905 -12.438816 9.603914 -0.172254 -33.353069 0.323172 5.48849 6.906336 -4.125641 -5.882107 9.861284 0.70259 -10.936875 -0.360575 7.156207 1e-06 8.774826 -2e-06 -16.326147 18.244637 5.85308 -1.844032 2.498504 -2.507277 -10.163602 4.678944 4.621109 -20.976027 -4e-06 4e-06 -21.226292 2.451697 -3.593999 0.0 -7e-06 0.0 -1.362682 2.240798 -0.746323 -21.334921 0.584908 3.008324 -13.821218 -4e-06 3e-06 -23.887178 -0.249079 -0.83948 -60.087086 2.196389 -1.347448 -0.294024 1.679687 0.833255 -14.218212 0.093214 1.300581 -34.212063 -0.287564 0.967174 -20.033218 0.964537 1.212846 0.0 0.0 -0.0 -3.440389 0.788233 0.501655 -15.928192 -3.167311 2.999709 -6.338828 -1e-06 1e-06 -18.123451 3.648181 -4.905669 -5e-06 0.0 -3e-06 11.371775 16.269831 16.367884 60.708469 7.471719 8.519863 -0.183918 39.840721 0.057794 4.078846 -1.742834 -11.598541 2.243543 -5.255037 -3.180159 14.282895 -0.826593 6.952501 -5e-06 -12.690603 1e-06 16.148861 -17.804924 2.638044 1.665667 -1.955922 -2.8783 4.7278 -4.170588 4.993925 11.02053 3e-06 -1e-06 12.109056 -3.735715 -2.866784 -0.0 0.0 -1e-06 1.291986 -1.928549 -1.498089 14.800132 0.567469 3.865606 14.242576 -1.341734 -6.660658 19.631973 0.143928 -0.648245 49.710106 -0.883528 -6.308472 0.353029 -1.51115 -0.031939 20.222797 3.684312 2.316627 18.787279 8e-06 -3e-06 10.751631 -0.479868 1.397905 0.0 0.0 -1e-06 3.273808 0.305946 -0.580112 21.486822 11.830378 2.266129 8.162931 2e-06 -1e-06 18.399088 -3.798983 -4.940577 4e-06 1e-06 -1e-06 4.582921 4.931335 -6.534722 -0.051934 0.078311 12.790249 -7.707899 7.042175 -4.099832 1.641985 -1.826405 -1.071249 0.0 0.0 2e-06 -6.139224 0.338998 -3.4197 0.065769 0.200817 13.718197 7.400076 -1.150536 -8.358675 -1.421329 1.199431 -1.457394 -0.0 0.0 -1e-06 
0.0 0.0 0.0 0.0 -0.0 0.0 1.838143 99.521492 2.95339 0.935641 1.554402 -2.006131 -0.27699 0.441421 -4.112439 -0.277565 0.380299 -6.644717 -0.34039 -0.854839 26.830746 2.951631 1.240575 10.405988 -1.675112 -2.154127 -3.754715 -1.583027 -2.887222 -10.608822 7.7e-05 -2.2e-05 6e-06 0.033681 -0.045004 -0.0442 0.698004 -3.728614 -10.575944 -0.633771 3.64326 -10.558249 -15.191581 -10.299128 16.307674 -58.301144 -12.468237 9.630872 -0.126782 -33.429344 0.308836 5.494305 6.924819 -4.071077 -5.88211 9.861291 0.70259 -10.936877 -0.360574 7.15621 0.0 8.77483 -1e-06 -16.306635 18.247709 5.867244 -1.844034 2.498507 -2.507279 -10.163605 4.678948 4.621111 -20.976038 -2e-06 3e-06 -21.226301 2.4517 -3.594003 -1e-06 -6e-06 0.0 -1.362682 2.2408 -0.746324 -21.334925 0.584912 3.008326 -13.821221 -2e-06 1e-06 -23.887182 -0.249076 -0.839483 -60.068077 2.203692 -1.331708 -0.294025 1.679688 0.833257 -14.218215 0.093216 1.300582 -34.212067 -0.287562 0.96717 -20.033222 0.964541 1.212844 0.0 1e-06 -0.0 -3.44039 0.788233 0.501656 -15.928196 -3.16731 2.999709 -6.33883 0.0 2e-06 -18.123457 3.648186 -4.905672 -4e-06 -0.0 -1e-06 11.368924 16.253544 16.400503 60.717316 7.546919 8.5049 -0.20877 39.798706 0.0455 4.037035 -1.749365 -11.511543 2.243542 -5.255038 -3.180159 14.282896 -0.826596 6.952505 -2e-06 -12.690607 1e-06 16.140638 -17.809973 2.653664 1.665667 -1.955922 -2.8783 4.7278 -4.170588 4.993926 11.020528 2e-06 0.0 12.109054 -3.735717 -2.866786 -0.0 1e-06 -1e-06 1.291986 -1.928549 -1.498089 14.800132 0.567467 3.86561 14.242575 -1.341738 -6.660659 19.631969 0.143923 -0.648245 49.723846 -0.887796 -6.302716 0.353029 -1.511151 -0.031941 20.222797 3.684309 2.316633 18.787281 3e-06 -2e-06 10.751633 -0.47987 1.397906 1e-06 0.0 -0.0 3.273808 0.305948 -0.580112 21.486816 11.830376 2.266135 8.162929 -0.0 -0.0 18.399088 -3.798988 -4.940578 4e-06 -0.0 -1e-06 4.558114 4.881487 -6.523873 -0.052688 0.075551 12.80589 -7.69034 7.077126 -4.091925 1.642849 -1.821168 -1.083814 0.0 0.0 2e-06 -6.151526 0.341438 -3.376278 0.058897 0.198081 13.693023 7.400449 -1.157972 -8.337628 -1.422325 1.191152 -1.451316 -0.0 0.0 -1e-06 
0.0 0.0 0.0 0.0 -0.0 0.0 1.869497 99.521706 2.927392 0.945848 1.594468 -2.04549 -0.279547 0.442865 -4.114677 -0.285463 0.38034 -6.6553 -0.375675 -0.845788 26.885132 2.968551 1.216349 10.525684 -1.680526 -2.11552 -3.756117 -1.557227 -2.888194 -10.535985 7.7e-05 -2.2e-05 6e-06 0.03349 -0.042666 -0.043663 0.697902 -3.726179 -10.578032 -0.634118 3.645762 -10.56124 -15.203814 -10.284213 16.330784 -58.311893 -12.499628 9.667256 -0.093179 -33.533802 0.307802 5.515435 6.939879 -4.052259 -5.882106 9.861285 0.702588 -10.936871 -0.360575 7.156203 0.0 8.774824 -2e-06 -16.283428 18.267172 5.891749 -1.844032 2.498505 -2.507277 -10.1636 4.678945 4.621109 -20.976023 -3e-06 1e-06 -21.226286 2.451696 -3.594 0.0 -6e-06 -1e-06 -1.362682 2.240798 -0.746321 -21.334913 0.58491 3.008322 -13.821213 -3e-06 2e-06 -23.887169 -0.249078 -0.839483 -60.054222 2.207006 -1.308601 -0.294024 1.679687 0.833256 -14.218207 0.093216 1.300581 -34.212048 -0.287564 0.96717 -20.033213 0.964536 1.212843 0.0 0.0 1e-06 -3.440388 0.788233 0.501657 -15.928185 -3.167309 2.999706 -6.338826 -1e-06 0.0 -18.123444 3.648182 -4.90567 -3e-06 0.0 -2e-06 11.36029 16.247215 16.428555 60.74609 7.595603 8.483056 -0.210525 39.752789 0.0405 3.982186 -1.770814 -11.455467 2.243541 -5.255037 -3.180158 14.28289 -0.826595 6.952505 -4e-06 -12.690603 1e-06 16.116266 -17.810326 2.669048 1.665666 -1.955921 -2.8783 4.727798 -4.170587 4.993925 11.020526 3e-06 -2e-06 12.109052 -3.735716 -2.866786 -0.0 -0.0 -1e-06 1.291986 -1.928548 -1.49809 14.800125 0.567469 3.865607 14.242568 -1.341736 -6.66066 19.631969 0.143927 -0.648245 49.720245 -0.885141 -6.292993 0.353029 -1.51115 -0.031939 20.22279 3.68431 2.316632 18.78727 5e-06 -2e-06 10.751627 -0.479868 1.397907 0.0 0.0 -1e-06 3.273807 0.305947 -0.58011 21.486811 11.830374 2.26613 8.162928 3e-06 -1e-06 18.399078 -3.798984 -4.940574 5e-06 -0.0 -1e-06 4.524531 4.844119 -6.502728 -0.052954 0.077768 12.801034 -7.689198 7.079592 -4.076389 1.643523 -1.819246 -1.094788 0.0 0.0 2e-06 -6.173244 0.355917 -3.332718 0.05185 0.196171 13.668036 7.402434 -1.179032 -8.32209 -1.423981 1.189553 -1.448316 -0.0 0.0 -1e-06 
0.0 0.0 0.0 0.0 -0.0 0.0 1.903923 99.525887 2.90877 0.957296 1.635048 -2.08581 -0.283522 0.447946 -4.119152 -0.291536 0.377935 -6.661713 -0.402912 -0.829346 26.936354 2.987573 1.205359 10.656858 -1.688394 -2.104901 -3.761303 -1.521573 -2.890809 -10.47713 7.7e-05 -2.2e-05 6e-06 0.033446 -0.043834 -0.042085 0.696893 -3.726285 -10.575362 -0.633272 3.643713 -10.55838 -15.21755 -10.262557 16.346897 -58.323723 -12.53586 9.668865 -0.072237 -33.638294 0.31907 5.537842 6.932472 -4.098519 -5.882108 9.861287 0.70259 -10.936873 -0.360574 7.156206 0.0 8.774826 -1e-06 -16.259964 18.286982 5.915451 -1.844033 2.498504 -2.507277 -10.163601 4.678946 4.621108 -20.976027 -2e-06 2e-06 -21.226288 2.451698 -3.594 0.0 -6e-06 -2e-06 -1.362682 2.240798 -0.746324 -21.334917 0.584911 3.008323 -13.821216 -2e-06 2e-06 -23.887175 -0.249078 -0.839484 -60.038708 2.201242 -1.27538 -0.294025 1.679688 0.833257 -14.218212 0.093215 1.300581 -34.212055 -0.287563 0.96717 -20.033218 0.964538 1.212842 1e-06 0.0 -0.0 -3.440389 0.788233 0.501656 -15.928189 -3.167309 2.999706 -6.338828 -1e-06 2e-06 -18.123449 3.648184 -4.905672 -4e-06 -0.0 -2e-06 11.353348 16.236616 16.457691 60.757191 7.642875 8.485826 -0.194562 39.695892 0.048165 3.959572 -1.799238 -11.379576 2.243543 -5.255041 -3.180159 14.2829 -0.826597 6.952505 -2e-06 -12.690615 -0.0 16.102545 -17.818363 2.675622 1.665668 -1.955924 -2.878301 4.727802 -4.170591 4.993926 11.020534 2e-06 -1e-06 12.10906 -3.735719 -2.866786 -0.0 -0.0 -1e-06 1.291987 -1.928551 -1.498089 14.800136 0.567468 3.86561 14.24258 -1.341739 -6.660662 19.631975 0.143925 -0.648246 49.699715 -0.880421 -6.281331 0.353029 -1.511152 -0.03194 20.222803 3.684309 2.316629 18.787287 4e-06 -3e-06 10.751634 -0.47987 1.397907 0.0 0.0 -1e-06 3.273808 0.305948 -0.58011 21.486826 11.830383 2.266133 8.162931 0.0 0.0 18.399092 -3.798987 -4.94058 4e-06 1e-06 -1e-06 4.489651 4.830783 -6.456549 -0.055169 0.078186 12.758051 -7.696997 7.056558 -4.045554 1.644102 -1.818011 -1.118393 -0.0 0.0 2e-06 -6.201138 0.374562 -3.265677 0.04754 0.192178 13.601684 7.408285 -1.208832 -8.288589 -1.425147 1.196683 -1.448146 -0.0 -0.0 -1e-06 
0.0 0.0 0.0 0.0 -0.0 0.0 1.937909 99.531731 2.890991 0.975843 1.669143 -2.134339 -0.294936 0.458139 -4.128605 -0.294765 0.36655 -6.658884 -0.425831 -0.810498 26.990778 3.002335 1.202477 10.791651 -1.683353 -2.117543 -3.761001 -1.478323 -2.878524 -10.442118 7.7e-05 -2.3e-05 6e-06 0.033365 -0.044612 -0.041991 0.696102 -3.725545 -10.56967 -0.632727 3.641586 -10.552437 -15.240561 -10.244882 16.383326 -58.322372 -12.612969 9.624865 -0.074208 -33.68536 0.335383 5.571001 6.916873 -4.146455 -5.88211 9.861291 0.702591 -10.93688 -0.360576 7.156209 2e-06 8.774831 -1e-06 -16.227379 18.285233 5.937555 -1.844034 2.498505 -2.507279 -10.163609 4.678946 4.621109 -20.97604 -6e-06 3e-06 -21.226301 2.451697 -3.594 0.0 -7e-06 0.0 -1.362683 2.2408 -0.746324 -21.33493 0.584908 3.008324 -13.821227 -4e-06 3e-06 -23.887192 -0.249081 -0.839483 -60.016975 2.19293 -1.245306 -0.294024 1.679688 0.833257 -14.21822 0.093213 1.300581 -34.212074 -0.287569 0.967171 -20.033228 0.964535 1.212844 0.0 -1e-06 -1e-06 -3.440391 0.788234 0.501655 -15.928201 -3.167313 2.999708 -6.338831 -1e-06 2e-06 -18.123459 3.648183 -4.905673 -4e-06 -0.0 -2e-06 11.343575 16.229141 16.498045 60.763767 7.720281 8.525195 -0.177071 39.607063 0.061614 3.962971 -1.835656 -11.301054 2.243543 -5.25504 -3.18016 14.282907 -0.826594 6.952507 -2e-06 -12.690614 -1e-06 16.084702 -17.819885 2.679593 1.665668 -1.955924 -2.878301 4.727804 -4.170591 4.993927 11.020538 3e-06 -0.0 12.109064 -3.735719 -2.866785 -0.0 -0.0 -1e-06 1.291987 -1.928552 -1.49809 14.800142 0.567469 3.86561 14.242587 -1.341737 -6.660662 19.631989 0.143926 -0.648243 49.677265 -0.876645 -6.272491 0.353029 -1.511152 -0.031941 20.222815 3.684315 2.316633 18.787292 6e-06 -0.0 10.751639 -0.479868 1.397907 0.0 0.0 -1e-06 3.27381 0.305948 -0.58011 21.486834 11.830385 2.266136 8.162937 2e-06 0.0 18.399099 -3.798987 -4.940581 5e-06 -0.0 -1e-06 4.447883 4.812457 -6.383406 -0.057756 0.077042 12.683079 -7.715267 7.046726 -4.003478 1.645046 -1.817257 -1.165028 0.0 0.0 2e-06 -6.241895 0.3896 -3.190225 0.048519 0.188692 13.526131 7.424366 -1.244278 -8.24682 -1.426284 1.206099 -1.465279 -0.0 -0.0 -1e-06 
0.0 0.0 0.0 0.0 -0.0 0.0 1.975241 99.535934 2.871327 0.99385 1.697204 -2.189106 -0.31336 0.47163 -4.13294 -0.295424 0.34954 -6.647934 -0.44222 -0.793031 27.028173 3.02718 1.18874 10.917352 -1.679581 -2.122754 -3.754224 -1.42603 -2.86934 -10.414186 7.7e-05 -2.3e-05 6e-06 0.033137 -0.04552 -0.040627 0.696183 -3.725382 -10.562828 -0.633305 3.639627 -10.544837 -15.257101 -10.257271 16.406849 -58.324947 -12.670318 9.61937 -0.066861 -33.687996 0.344474 5.582635 6.91673 -4.173407 -5.88211 9.86129 0.70259 -10.936875 -0.360574 7.156205 -0.0 8.774828 -1e-06 -16.212988 18.281601 5.936274 -1.844033 2.498505 -2.507279 -10.163604 4.678946 4.62111 -20.97603 -1e-06 3e-06 -21.226297 2.4517 -3.594002 0.0 -6e-06 -1e-06 -1.362682 2.240799 -0.746324 -21.334921 0.584912 3.008323 -13.821218 -2e-06 1e-06 -23.887178 -0.249077 -0.839485 -59.999695 2.190067 -1.245716 -0.294025 1.679688 0.833256 -14.218214 0.093216 1.300579 -34.212059 -0.287561 0.96717 -20.033215 0.964538 1.212842 1e-06 0.0 -0.0 -3.44039 0.788234 0.501655 -15.928191 -3.167309 2.999709 -6.338829 -0.0 2e-06 -18.123453 3.648186 -4.905672 -4e-06 -0.0 -3e-06 11.328124 16.231771 16.545645 60.787613 7.797607 8.573743 -0.156906 39.507511 0.071426 3.969229 -1.862827 -11.238762 2.243543 -5.25504 -3.180159 14.282896 -0.826596 6.952503 -1e-06 -12.69061 -2e-06 16.072323 -17.816105 2.681471 1.665667 -1.955922 -2.878299 4.727801 -4.170589 4.993923 11.020529 2e-06 -1e-06 12.109056 -3.735719 -2.866787 -0.0 0.0 -1e-06 1.291986 -1.92855 -1.498089 14.800136 0.567468 3.865607 14.24258 -1.341738 -6.660661 19.631981 0.143927 -0.648247 49.687996 -0.870488 -6.273808 0.353029 -1.51115 -0.03194 20.222797 3.68431 2.316629 18.787281 4e-06 -3e-06 10.751632 -0.479869 1.397906 0.0 0.0 -1e-06 3.273808 0.305946 -0.580112 21.48682 11.830382 2.266132 8.16293 1e-06 -1e-06 18.399092 -3.798986 -4.940581 4e-06 -0.0 -1e-06 4.406238 4.806867 -6.31104 -0.061778 0.073956 12.623668 -7.732335 7.026709 -3.968865 1.644919 -1.815756 -1.203845 0.0 0.0 2e-06 -6.287686 0.36659 -3.112692 0.050889 0.186013 13.459875 7.428135 -1.245516 -8.205379 -1.427842 1.2101 -1.479105 -0.0 -0.0 -1e-06 
0.0 0.0 0.0 0.0 -0.0 0.0 2.017449 99.539444 2.851577 1.006611 1.702485 -2.238929 -0.330174 0.475493 -4.140232 -0.29398 0.343764 -6.63829 -0.455357 -0.775401 27.062508 3.062844 1.158082 11.027024 -1.673425 -2.097234 -3.750882 -1.384428 -2.881578 -10.363368 7.7e-05 -2.2e-05 6e-06 0.032639 -0.039973 -0.039926 0.69636 -3.719184 -10.561356 -0.634516 3.644501 -10.543797 -15.286133 -10.277987 16.424902 -58.314941 -12.703429 9.647305 -0.052719 -33.67952 0.340849 5.577388 6.919091 -4.132868 -5.882107 9.861284 0.702591 -10.936873 -0.360575 7.156205 2e-06 8.774824 -1e-06 -16.221535 18.274632 5.905273 -1.844032 2.498504 -2.507278 -10.163603 4.678944 4.621109 -20.97603 -6e-06 2e-06 -21.226292 2.451695 -3.593999 0.0 -7e-06 -2e-06 -1.362682 2.240797 -0.746323 -21.334919 0.584908 3.008322 -13.821217 -4e-06 1e-06 -23.887178 -0.249081 -0.839481 -59.978622 2.19177 -1.279102 -0.294024 1.679687 0.833255 -14.218212 0.093213 1.30058 -34.212063 -0.287566 0.96717 -20.033216 0.964536 1.212843 0.0 0.0 -1e-06 -3.440389 0.788233 0.501655 -15.928189 -3.16731 2.999707 -6.338826 -2e-06 2e-06 -18.123444 3.64818 -4.90567 -5e-06 0.0 -2e-06 11.308221 16.234573 16.58518 60.810745 7.857751 8.626957 -0.128331 39.422947 0.08079 3.994058 -1.861208 -11.174577 2.243541 -5.255034 -3.180157 14.28289 -0.826593 6.952497 -3e-06 -12.690598 -1e-06 16.072193 -17.81539 2.677562 1.665666 -1.955921 -2.878298 4.727798 -4.170584 4.993922 11.020526 4e-06 -1e-06 12.109053 -3.735713 -2.866785 -0.0 -0.0 -0.0 1.291985 -1.928549 -1.498089 14.800129 0.567469 3.865606 14.242574 -1.341733 -6.660657 19.631969 0.143928 -0.648246 49.712646 -0.864602 -6.281773 0.353029 -1.51115 -0.031941 20.222792 3.684312 2.316628 18.78727 8e-06 -2e-06 10.751627 -0.479867 1.397907 0.0 0.0 -0.0 3.273807 0.305948 -0.580112 21.486811 11.830371 2.26613 8.162926 2e-06 -0.0 18.399078 -3.79898 -4.940575 4e-06 1e-06 0.0 4.369908 4.808856 -6.249313 -0.068468 0.075204 12.583821 -7.744946 6.99592 -3.946901 1.645131 -1.816151 -1.231859 0.0 0.0 2e-06 -6.327443 0.351012 -3.041476 0.05206 0.181362 13.394586 7.448573 -1.228818 -8.163796 -1.428568 1.208018 -1.504289 -0.0 -0.0 -1e-06 
0.0 0.0 0.0 0.0 -0.0 0.0 2.064084 99.535599 2.829027 1.014237 1.697266 -2.289176 -0.340067 0.469787 -4.151572 -0.294348 0.350534 -6.643483 -0.467567 -0.761385 27.111938 3.115094 1.120027 11.137742 -1.673684 -2.073827 -3.756883 -1.349265 -2.910057 -10.293882 7.7e-05 -2.3e-05 6e-06 0.032212 -0.032736 -0.040223 0.695775 -3.71156 -10.564734 -0.63479 3.651427 -10.548282 -15.311523 -10.298164 16.453978 -58.29871 -12.733386 9.713765 -0.044386 -33.671139 0.338454 5.574238 6.925957 -4.040258 -5.88211 9.861292 0.70259 -10.936878 -0.360575 7.156208 0.0 8.774831 -2e-06 -16.246149 18.265926 5.878347 -1.844033 2.498506 -2.507278 -10.163606 4.678948 4.62111 -20.976038 -3e-06 2e-06 -21.226297 2.451698 -3.594002 0.0 -7e-06 -2e-06 -1.362683 2.2408 -0.746323 -21.334927 0.584909 3.008324 -13.821222 -3e-06 1e-06 -23.887184 -0.249078 -0.839483 -59.980057 2.197742 -1.304639 -0.294024 1.679689 0.833257 -14.218217 0.093215 1.300581 -34.212067 -0.287564 0.967169 -20.033226 0.964537 1.212845 1e-06 0.0 -0.0 -3.440391 0.788234 0.501655 -15.928198 -3.167313 2.999709 -6.338831 -2e-06 2e-06 -18.123459 3.648184 -4.905675 -4e-06 0.0 -2e-06 11.281877 16.234249 16.602148 60.849636 7.901381 8.687606 -0.110059 39.356709 0.083911 4.03202 -1.852398 -11.119595 2.243541 -5.255037 -3.180158 14.28289 -0.826593 6.952502 -3e-06 -12.690603 -2e-06 16.077898 -17.833416 2.677042 1.665666 -1.955922 -2.878299 4.727798 -4.170587 4.993924 11.020525 2e-06 -0.0 12.109052 -3.735717 -2.866785 -0.0 -0.0 -1e-06 1.291985 -1.928549 -1.49809 14.800125 0.567468 3.865608 14.242568 -1.341737 -6.660656 19.631966 0.143925 -0.648243 49.742096 -0.865769 -6.290897 0.353028 -1.51115 -0.031941 20.222788 3.68431 2.316629 18.78727 4e-06 0.0 10.751625 -0.479869 1.397905 0.0 0.0 -0.0 3.273806 0.305948 -0.580111 21.486809 11.830374 2.266132 8.162928 4e-06 0.0 18.39908 -3.798982 -4.940573 4e-06 1e-06 0.0 4.336006 4.814754 -6.226822 -0.071297 0.080801 12.624233 -7.751244 6.984684 -3.965016 1.644714 -1.821722 -1.242855 0.0 0.0 2e-06 -6.358683 0.358774 -2.993235 0.053936 0.172118 13.386835 7.484635 -1.18209 -8.15646 -1.42812 1.199808 -1.5266 -0.0 -0.0 -1e-06 
0.0 0.0 0.0 0.0 -0.0 0.0 2.104667 99.527657 2.811775 1.02488 1.693572 -2.345323 -0.348662 0.466724 -4.168251 -0.298618 0.358925 -6.657845 -0.487819 -0.761688 27.17205 3.163999 1.093632 11.232277 -1.675919 -2.072031 -3.760782 -1.298371 -2.949226 -10.217482 7.7e-05 -2.3e-05 6e-06 0.033638 -0.033673 -0.041002 0.698278 -3.71181 -10.567955 -0.634359 3.649772 -10.552788 -15.331262 -10.300048 16.493282 -58.272053 -12.776875 9.860943 -0.024107 -33.650558 0.33566 5.554556 6.962378 -4.003042 -5.88211 9.861291 0.702589 -10.936877 -0.360575 7.156208 0.0 8.77483 -1e-06 -16.28471 18.275005 5.867217 -1.844033 2.498505 -2.507278 -10.163604 4.678947 4.62111 -20.976034 -3e-06 1e-06 -21.226299 2.451697 -3.594003 0.0 -8e-06 -1e-06 -1.362682 2.2408 -0.746324 -21.334925 0.584911 3.008322 -13.82122 -3e-06 1e-06 -23.887182 -0.24908 -0.839486 -60.016777 2.209768 -1.303278 -0.294025 1.679688 0.833256 -14.218217 0.093216 1.30058 -34.212067 -0.287564 0.967168 -20.033226 0.964537 1.212843 -1e-06 -1e-06 -0.0 -3.44039 0.788234 0.501656 -15.928192 -3.167311 2.999708 -6.33883 -2e-06 0.0 -18.123457 3.648184 -4.905674 -4e-06 -0.0 -2e-06 11.255303 16.234598 16.588682 60.900078 7.908802 8.771614 -0.114679 39.325104 0.089587 4.071193 -1.869794 -11.122174 2.243543 -5.255039 -3.180159 14.282896 -0.826596 6.952505 -2e-06 -12.69061 -1e-06 16.089813 -17.861214 2.680345 1.665667 -1.955922 -2.8783 4.727801 -4.170589 4.993925 11.020529 2e-06 -1e-06 12.109056 -3.735717 -2.866786 -0.0 -0.0 -1e-06 1.291986 -1.92855 -1.49809 14.800132 0.567468 3.865609 14.242579 -1.341737 -6.660661 19.631973 0.143926 -0.648246 49.777466 -0.861102 -6.296109 0.353029 -1.511151 -0.031939 20.222799 3.684311 2.316629 18.787281 4e-06 -3e-06 10.751633 -0.479869 1.397907 1e-06 0.0 -1e-06 3.273808 0.305948 -0.580112 21.48682 11.83038 2.266136 8.16293 0.0 -1e-06 18.399088 -3.798988 -4.940579 4e-06 0.0 -1e-06 4.301539 4.820913 -6.207253 -0.068633 0.087261 12.689943 -7.745162 6.973129 -3.996567 1.643843 -1.825439 -1.246558 0.0 0.0 2e-06 -6.394723 0.367029 -2.949602 0.057094 0.164123 13.41816 7.522301 -1.136639 -8.172677 -1.426504 1.188881 -1.549014 -0.0 -0.0 -1e-06 
0.0 0.0 0.0 0.0 -0.0 0.0 2.140671 99.521378 2.806084 1.037066 1.684163 -2.410077 -0.360206 0.470083 -4.181685 -0.303408 0.367144 -6.670486 -0.502666 -0.766954 27.22282 3.217973 1.05817 11.299385 -1.676134 -2.074832 -3.7613 -1.242049 -2.986606 -10.152299 7.7e-05 -2.3e-05 6e-06 0.035963 -0.042566 -0.041544 0.703742 -3.720219 -10.570438 -0.635137 3.640619 -10.555461 -15.341462 -10.294157 16.519262 -58.259178 -12.815778 10.07914 0.010494 -33.621281 0.32885 5.532457 7.006371 -3.977919 -5.882111 9.861294 0.702592 -10.936881 -0.360576 7.156211 1e-06 8.774835 -2e-06 -16.321268 18.292137 5.86673 -1.844034 2.498506 -2.507279 -10.16361 4.678949 4.621112 -20.976044 -4e-06 2e-06 -21.226311 2.4517 -3.594004 0.0 -6e-06 -1e-06 -1.362683 2.2408 -0.746325 -21.334934 0.584908 3.008324 -13.821227 -4e-06 1e-06 -23.887192 -0.249079 -0.839484 -60.064903 2.218175 -1.293103 -0.294025 1.679688 0.833256 -14.218223 0.093214 1.300582 -34.212078 -0.287566 0.96717 -20.033232 0.964537 1.212844 -1e-06 -1e-06 1e-06 -3.440391 0.788234 0.501657 -15.928201 -3.167313 2.999709 -6.338832 -2e-06 1e-06 -18.123459 3.648185 -4.905675 -3e-06 -0.0 -3e-06 11.246256 16.223055 16.603539 60.936756 7.926355 8.853741 -0.144011 39.30138 0.096861 4.110909 -1.892842 -11.182622 2.243544 -5.25504 -3.180159 14.2829 -0.826594 6.952502 -3e-06 -12.690609 -1e-06 16.109587 -17.882469 2.6823 1.665668 -1.955922 -2.878299 4.727801 -4.170588 4.993925 11.020535 3e-06 -2e-06 12.10906 -3.735717 -2.866787 -0.0 0.0 -0.0 1.291987 -1.928551 -1.498089 14.800138 0.56747 3.865606 14.24258 -1.341735 -6.660662 19.631977 0.143928 -0.648246 49.816597 -0.853759 -6.294238 0.353029 -1.51115 -0.031939 20.222803 3.684313 2.316631 18.787289 8e-06 -2e-06 10.751637 -0.479867 1.397906 0.0 0.0 -1e-06 3.273809 0.305947 -0.580111 21.486828 11.830381 2.266132 8.16293 1e-06 -2e-06 18.399096 -3.798982 -4.940579 4e-06 1e-06 -1e-06 4.270903 4.855989 -6.155243 -0.0647 0.091584 12.727288 -7.729414 6.932447 -4.018115 1.642795 -1.827745 -1.233559 0.0 0.0 2e-06 -6.432856 0.347051 -2.885414 0.060741 0.159001 13.429291 7.54065 -1.07853 -8.179719 -1.425209 1.181512 -1.564442 -0.0 -0.0 -1e-06 
0.0 0.0 0.0 0.0 -0.0 0.0 2.172138 99.519363 2.816753 1.047662 1.67266 -2.473238 -0.372268 0.466598 -4.195296 -0.307027 0.366969 -6.678825 -0.508783 -0.769262 27.26668 3.281195 1.020335 11.343448 -1.673244 -2.082215 -3.757874 -1.204032 -3.009186 -10.098017 7.7e-05 -2.3e-05 6e-06 0.038097 -0.049572 -0.041496 0.708224 -3.726007 -10.567105 -0.635302 3.632762 -10.552396 -15.345134 -10.276064 16.529884 -58.255608 -12.854152 10.270243 0.018424 -33.582603 0.329171 5.515323 7.026797 -3.96342 -5.882113 9.861295 0.702592 -10.936881 -0.360573 7.156212 -1e-06 8.774833 -1e-06 -16.344118 18.302326 5.866301 -1.844034 2.498506 -2.50728 -10.16361 4.67895 4.621113 -20.97604 -1e-06 1e-06 -21.226305 2.451702 -3.594004 0.0 -6e-06 -2e-06 -1.362683 2.2408 -0.746325 -21.334932 0.584912 3.008325 -13.821226 -2e-06 1e-06 -23.887192 -0.249078 -0.839486 -60.089565 2.220461 -1.280296 -0.294026 1.679688 0.833257 -14.218221 0.093217 1.300582 -34.212078 -0.28756 0.967169 -20.033232 0.964539 1.212842 -1e-06 -1e-06 -0.0 -3.440392 0.788234 0.501656 -15.928201 -3.16731 2.999709 -6.338833 -1e-06 1e-06 -18.123466 3.648187 -4.905675 -4e-06 -0.0 -3e-06 11.25075 16.216635 16.629892 60.964405 7.947479 8.910716 -0.166195 39.272507 0.104892 4.132948 -1.916635 -11.202457 2.243544 -5.25504 -3.180159 14.282898 -0.826595 6.952504 -1e-06 -12.690611 -1e-06 16.128529 -17.901487 2.689912 1.665668 -1.955923 -2.8783 4.727801 -4.17059 4.993925 11.020535 2e-06 -3e-06 12.109059 -3.735719 -2.866788 -0.0 0.0 -1e-06 1.291987 -1.928552 -1.49809 14.800136 0.567468 3.865608 14.242581 -1.341737 -6.660662 19.631975 0.143926 -0.648249 49.86327 -0.854032 -6.28468 0.353029 -1.511152 -0.031939 20.222803 3.684312 2.316628 18.787287 5e-06 -4e-06 10.751635 -0.479867 1.397904 0.0 0.0 -1e-06 3.273808 0.305948 -0.580112 21.486826 11.830381 2.266131 8.162931 2e-06 -3e-06 18.399092 -3.798985 -4.940582 4e-06 1e-06 -1e-06 4.172386 4.911463 -6.091291 -0.065516 0.091692 12.722001 -7.628456 6.88695 -4.057316 1.641804 -1.824287 -1.195216 0.0 0.0 2e-06 -6.467597 0.317689 -2.804226 0.064041 0.158135 13.394464 7.560919 -1.035353 -8.165495 -1.424996 1.182832 -1.575971 -0.0 -0.0 -1e-06 
0.0 0.0 0.0 0.0 -0.0 0.0 2.206667 99.518929 2.827223 1.052546 1.663455 -2.541979 -0.378263 0.461829 -4.20696 -0.308514 0.362905 -6.687172 -0.513892 -0.770186 27.309765 3.359073 0.985056 11.367064 -1.677203 -2.105044 -3.75858 -1.179174 -3.018165 -10.047464 7.7e-05 -2.3e-05 6e-06 0.037746 -0.047458 -0.042968 0.707041 -3.723807 -10.564339 -0.634751 3.634959 -10.550974 -15.361548 -10.25393 16.541906 -58.220608 -12.8846 10.425968 -0.008293 -33.553101 0.346428 5.5041 7.026912 -3.996715 -5.882109 9.861287 0.70259 -10.936875 -0.360574 7.15621 1e-06 8.774827 -1e-06 -16.34366 18.304337 5.86481 -1.844033 2.498505 -2.507277 -10.163604 4.678946 4.621111 -20.976034 -2e-06 4e-06 -21.226295 2.4517 -3.594 -0.0 -7e-06 -1e-06 -1.362682 2.240798 -0.746325 -21.334923 0.58491 3.008326 -13.821219 -3e-06 2e-06 -23.887178 -0.249077 -0.839483 -60.087654 2.217198 -1.267119 -0.294025 1.679686 0.833256 -14.218214 0.093215 1.300582 -34.212059 -0.287561 0.967171 -20.033222 0.964537 1.212843 0.0 -1e-06 -0.0 -3.440389 0.788233 0.501657 -15.928192 -3.167309 2.999708 -6.338828 -1e-06 2e-06 -18.123457 3.648184 -4.905671 -3e-06 -0.0 -2e-06 11.259298 16.211443 16.658234 60.992996 7.971737 8.947968 -0.155685 39.236309 0.127881 4.146746 -1.967153 -11.157993 2.243542 -5.255038 -3.180159 14.282896 -0.826597 6.952507 -1e-06 -12.690607 -0.0 16.141127 -17.908926 2.696167 1.665667 -1.955922 -2.878299 4.7278 -4.170589 4.993926 11.020531 2e-06 -2e-06 12.109057 -3.735717 -2.866785 -0.0 0.0 -1e-06 1.291986 -1.928551 -1.49809 14.800134 0.567467 3.865609 14.242577 -1.341737 -6.660658 19.631973 0.143924 -0.648245 49.904274 -0.849459 -6.271322 0.35303 -1.511152 -0.031939 20.222801 3.684308 2.316632 18.787283 4e-06 -1e-06 10.751631 -0.47987 1.397907 0.0 0.0 -0.0 3.273808 0.305947 -0.58011 21.48682 11.830377 2.266134 8.162933 1e-06 -1e-06 18.399088 -3.798988 -4.940576 4e-06 0.0 -1e-06 4.158512 4.958231 -6.010261 -0.067486 0.084889 12.710359 -7.582477 6.854763 -4.048856 1.640534 -1.824363 -1.165613 0.0 0.0 2e-06 -6.494794 0.326989 -2.703203 0.063001 0.159214 13.33105 7.586589 -1.040307 -8.140487 -1.424625 1.185812 -1.591225 -0.0 -0.0 -1e-06 
0.0 0.0 0.0 0.0 -0.0 0.0 2.246779 99.517532 2.834463 1.058622 1.639652 -2.608345 -0.380499 0.466999 -4.219017 -0.312841 0.359171 -6.694187 -0.522865 -0.785827 27.339596 3.439438 0.954029 11.385598 -1.679287 -2.131645 -3.762326 -1.17991 -3.019866 -10.009669 7.7e-05 -2.2e-05 6e-06 0.036927 -0.044489 -0.044677 0.704946 -3.721135 -10.558097 -0.634142 3.637693 -10.547003 -15.376505 -10.235587 16.554565 -58.181389 -12.921728 10.604516 -0.008768 -33.503849 0.347575 5.479089 7.020412 -4.04215 -5.882105 9.861283 0.702589 -10.936868 -0.360574 7.156201 -0.0 8.774823 -2e-06 -16.333838 18.296103 5.868906 -1.844033 2.498505 -2.507275 -10.163597 4.678945 4.621106 -20.976017 -2e-06 2e-06 -21.226278 2.451699 -3.593998 0.0 -6e-06 -1e-06 -1.362682 2.240798 -0.746323 -21.334906 0.584911 3.008322 -13.821209 -2e-06 1e-06 -23.887159 -0.249076 -0.839485 -60.082226 2.208331 -1.244865 -0.294025 1.679687 0.833255 -14.218204 0.093216 1.300579 -34.21204 -0.287561 0.96717 -20.033209 0.964537 1.212841 0.0 0.0 1e-06 -3.440387 0.788233 0.501655 -15.928183 -3.167308 2.999706 -6.338825 -1e-06 1e-06 -18.123444 3.648183 -4.905669 -4e-06 -0.0 -3e-06 11.25401 16.215893 16.690151 61.04192 8.004743 9.025515 -0.173844 39.175686 0.133418 4.17472 -2.009203 -11.096487 2.243541 -5.255034 -3.180156 14.282887 -0.826594 6.952499 -5e-06 -12.6906 1e-06 16.144529 -17.909042 2.70306 1.665666 -1.955921 -2.878298 4.727797 -4.170585 4.99392 11.020522 4e-06 -1e-06 12.10905 -3.735711 -2.866783 -1e-06 -0.0 -1e-06 1.291986 -1.928549 -1.498088 14.800125 0.567469 3.865605 14.242568 -1.341733 -6.660654 19.631968 0.143929 -0.648244 49.937866 -0.85028 -6.259474 0.353029 -1.51115 -0.03194 20.222786 3.684311 2.316628 18.78727 7e-06 -1e-06 10.751626 -0.479867 1.397906 0.0 -0.0 -1e-06 3.273806 0.305947 -0.580111 21.486809 11.830371 2.266131 8.162925 2e-06 -1e-06 18.399076 -3.798981 -4.940573 5e-06 -0.0 -1e-06 4.138402 4.999786 -5.934998 -0.069026 0.076418 12.710764 -7.538584 6.84381 -4.052215 1.639483 -1.822621 -1.136316 0.0 -0.0 2e-06 -6.571249 0.366274 -2.544812 0.060875 0.158484 13.278419 7.658646 -1.035753 -8.125886 -1.42457 1.186239 -1.606652 -0.0 -0.0 -1e-06 
0.0 0.0 0.0 0.0 -0.0 0.0 2.285929 99.514374 2.835397 1.064791 1.610608 -2.669894 -0.386283 0.474469 -4.227692 -0.319347 0.345219 -6.699071 -0.521844 -0.805363 27.351686 3.518329 0.918609 11.393332 -1.670933 -2.150945 -3.76067 -1.202668 -3.028713 -9.9845 7.7e-05 -2.2e-05 7e-06 0.036401 -0.042873 -0.045073 0.703742 -3.720066 -10.552335 -0.633782 3.638849 -10.542415 -15.371414 -10.234702 16.569725 -58.154484 -12.964785 10.806666 0.005028 -33.461239 0.332525 5.441339 7.032032 -4.063162 -5.882105 9.861283 0.702589 -10.936869 -0.360575 7.156204 0.0 8.774822 -3e-06 -16.314863 18.277876 5.868513 -1.844032 2.498504 -2.507277 -10.163597 4.678944 4.621109 -20.976017 -2e-06 3e-06 -21.226276 2.451698 -3.593998 -0.0 -6e-06 -1e-06 -1.362681 2.240798 -0.746324 -21.334909 0.58491 3.008323 -13.82121 -3e-06 2e-06 -23.887165 -0.249077 -0.83948 -60.060677 2.205134 -1.238821 -0.294025 1.679686 0.833255 -14.218206 0.093215 1.300581 -34.212048 -0.287562 0.967172 -20.033211 0.964538 1.212843 -1e-06 0.0 -0.0 -3.440388 0.788233 0.501656 -15.928183 -3.167309 2.999707 -6.338824 -1e-06 2e-06 -18.123444 3.648184 -4.905668 -4e-06 -0.0 -3e-06 11.248051 16.22164 16.693813 61.090225 7.992114 9.127913 -0.201864 39.125664 0.141702 4.172976 -2.02607 -11.062765 2.243542 -5.255036 -3.180157 14.282891 -0.826595 6.9525 -1e-06 -12.690601 -0.0 16.145939 -17.887999 2.696155 1.665667 -1.955922 -2.878298 4.727799 -4.170588 4.993923 11.020528 3e-06 -3e-06 12.109053 -3.735715 -2.866788 -0.0 0.0 -1e-06 1.291986 -1.92855 -1.49809 14.800129 0.567467 3.865605 14.242576 -1.341736 -6.660661 19.631969 0.143927 -0.648247 49.94241 -0.851204 -6.256901 0.353029 -1.51115 -0.03194 20.222788 3.684307 2.316627 18.787271 5e-06 -3e-06 10.751627 -0.479869 1.397906 0.0 0.0 -1e-06 3.273807 0.305947 -0.580111 21.486814 11.830374 2.266131 8.16293 1e-06 -3e-06 18.399086 -3.798985 -4.940578 5e-06 1e-06 -1e-06 4.117414 5.033449 -5.876776 -0.070092 0.066273 12.72965 -7.522746 6.843488 -4.066051 1.638917 -1.817202 -1.123273 0.0 0.0 2e-06 -6.604809 0.37102 -2.469283 0.058359 0.156337 13.2501 7.678232 -0.989043 -8.109934 -1.425688 1.182 -1.618011 -0.0 -0.0 -1e-06 
0.0 0.0 0.0 0.0 -0.0 0.0 2.322209 99.512863 2.825204 1.073183 1.59502 -2.716493 -0.396158 0.472192 -4.229162 -0.328694 0.329116 -6.700975 -0.51591 -0.824744 27.338989 3.596339 0.886824 11.386388 -1.655953 -2.158993 -3.7571 -1.214698 -3.044688 -9.964149 7.7e-05 -2.2e-05 6e-06 0.036845 -0.048122 -0.042113 0.703998 -3.726376 -10.54962 -0.632965 3.633794 -10.538803 -15.343105 -10.235162 16.58655 -58.128777 -13.011971 10.993934 -0.004663 -33.441704 0.327884 5.420776 7.048148 -4.089778 -5.882112 9.861292 0.702591 -10.936879 -0.360573 7.156208 -2e-06 8.77483 -2e-06 -16.307501 18.268986 5.86976 -1.844033 2.498505 -2.507278 -10.163607 4.67895 4.621109 -20.976038 1e-06 2e-06 -21.226301 2.451703 -3.594003 1e-06 -7e-06 -1e-06 -1.362682 2.240799 -0.746323 -21.334929 0.584915 3.008324 -13.821223 -0.0 0.0 -23.887184 -0.249075 -0.839487 -60.04129 2.210192 -1.25682 -0.294026 1.679689 0.833256 -14.218219 0.093218 1.300582 -34.212074 -0.287558 0.967167 -20.033228 0.964538 1.212841 0.0 -1e-06 -0.0 -3.440391 0.788235 0.501656 -15.928196 -3.167308 2.999709 -6.338831 0.0 2e-06 -18.123461 3.648188 -4.905674 -3e-06 -0.0 -2e-06 11.238933 16.2363 16.672899 61.148922 7.947097 9.223317 -0.213803 39.079388 0.158913 4.127048 -2.02292 -11.049071 2.243543 -5.255042 -3.180159 14.282896 -0.826598 6.952504 1e-06 -12.690612 -2e-06 16.146095 -17.863052 2.683246 1.665667 -1.955923 -2.8783 4.7278 -4.17059 4.993923 11.020529 0.0 -2e-06 12.109057 -3.735721 -2.866788 -0.0 -0.0 -0.0 1.291986 -1.928551 -1.49809 14.800132 0.567466 3.865608 14.242579 -1.341742 -6.660664 19.631973 0.143924 -0.648249 49.935902 -0.857336 -6.265006 0.353029 -1.511152 -0.031941 20.222799 3.684307 2.31663 18.787283 1e-06 -4e-06 10.751631 -0.47987 1.397905 0.0 0.0 -1e-06 3.273808 0.305946 -0.580112 21.48682 11.830379 2.266133 8.16293 -0.0 -1e-06 18.39909 -3.798991 -4.940581 4e-06 1e-06 -1e-06 4.095241 5.066121 -5.836075 -0.068626 0.059347 12.736496 -7.53545 6.83636 -4.065367 1.639184 -1.810264 -1.132168 0.0 0.0 2e-06 -6.640935 0.361307 -2.416506 0.056711 0.152026 13.225801 7.701002 -0.947137 -8.088517 -1.427281 1.178515 -1.633509 -0.0 -0.0 -1e-06 
0.0 0.0 0.0 0.0 -0.0 0.0 2.352559 99.514786 2.794021 1.079287 1.585394 -2.751866 -0.404732 0.467942 -4.229935 -0.335564 0.315334 -6.700822 -0.502415 -0.837897 27.311731 3.658104 0.856715 11.351594 -1.644612 -2.172006 -3.750615 -1.197879 -3.0579 -9.945352 7.7e-05 -2.2e-05 6e-06 0.037047 -0.053278 -0.038233 0.703964 -3.733139 -10.549381 -0.632403 3.629658 -10.537284 -15.314772 -10.247772 16.597263 -58.076824 -13.054139 11.208377 -0.005075 -33.459301 0.322302 5.416598 7.059949 -4.145325 -5.882109 9.861289 0.702591 -10.936875 -0.360576 7.156205 1e-06 8.774829 -1e-06 -16.32814 18.275496 5.870067 -1.844032 2.498505 -2.507278 -10.163604 4.678946 4.621109 -20.976036 -5e-06 1e-06 -21.226297 2.451697 -3.594003 1e-06 -7e-06 -0.0 -1.362682 2.240799 -0.746324 -21.334925 0.584909 3.008323 -13.821221 -4e-06 0.0 -23.887178 -0.249081 -0.839482 -60.053257 2.22321 -1.272255 -0.294024 1.679688 0.833256 -14.218215 0.093214 1.30058 -34.212067 -0.287568 0.967169 -20.033222 0.964535 1.212844 -1e-06 0.0 -0.0 -3.440389 0.788233 0.501654 -15.928194 -3.16731 2.999707 -6.33883 -2e-06 1e-06 -18.123457 3.648184 -4.905673 -4e-06 -0.0 -3e-06 11.228709 16.256207 16.646255 61.209949 7.878713 9.299572 -0.23917 39.035637 0.163276 4.063501 -2.007779 -11.052841 2.243543 -5.255039 -3.180159 14.282899 -0.826594 6.952506 -4e-06 -12.690609 0.0 16.141052 -17.845551 2.676262 1.665667 -1.955922 -2.8783 4.727801 -4.170588 4.993925 11.020534 4e-06 -2e-06 12.109058 -3.735717 -2.866786 -0.0 -0.0 -1e-06 1.291986 -1.92855 -1.498089 14.800138 0.567469 3.865608 14.242582 -1.341736 -6.660661 19.631981 0.143928 -0.648244 49.9328 -0.867214 -6.274246 0.353029 -1.511152 -0.03194 20.222803 3.684312 2.316631 18.787285 5e-06 -1e-06 10.751633 -0.479869 1.397907 1e-06 0.0 -1e-06 3.273809 0.305948 -0.580111 21.486828 11.830384 2.266133 8.162935 3e-06 0.0 18.399092 -3.798985 -4.940577 5e-06 1e-06 -1e-06 4.079472 5.102114 -5.797982 -0.066656 0.053945 12.718606 -7.571124 6.816425 -4.047368 1.639504 -1.806855 -1.136426 0.0 0.0 2e-06 -6.669655 0.351415 -2.383902 0.053716 0.148624 13.191357 7.702259 -0.918776 -8.048533 -1.428971 1.17022 -1.650691 -0.0 -0.0 -1e-06 
0.0 0.0 0.0 0.0 -0.0 0.0 2.376526 99.517662 2.749453 1.082141 1.586163 -2.790052 -0.413598 0.462494 -4.227939 -0.338235 0.301364 -6.698889 -0.487236 -0.849166 27.289762 3.71806 0.827761 11.295884 -1.636133 -2.193818 -3.744821 -1.167797 -3.070431 -9.904335 7.7e-05 -2.2e-05 6e-06 0.036982 -0.058706 -0.037351 0.705831 -3.739733 -10.55161 -0.634381 3.625287 -10.539752 -15.277134 -10.265719 16.592983 -58.001427 -13.092803 11.473159 0.025378 -33.50354 0.304958 5.419482 7.065154 -4.268994 -5.88211 9.86129 0.702589 -10.936878 -0.360576 7.156206 1e-06 8.774831 -1e-06 -16.35623 18.280506 5.870152 -1.844034 2.498505 -2.50728 -10.163606 4.678946 4.621109 -20.976038 -6e-06 -1e-06 -21.226299 2.451696 -3.594003 -0.0 -6e-06 1e-06 -1.362682 2.240798 -0.746323 -21.334929 0.584908 3.00832 -13.821223 -5e-06 0.0 -23.887188 -0.249084 -0.839486 -60.086334 2.237342 -1.287926 -0.294026 1.679688 0.833257 -14.21822 0.093214 1.300578 -34.212082 -0.287572 0.967166 -20.03323 0.964533 1.212842 0.0 0.0 -0.0 -3.440391 0.788234 0.501655 -15.928198 -3.167313 2.999703 -6.33883 -2e-06 -0.0 -18.123459 3.648182 -4.905675 -4e-06 -0.0 -2e-06 11.227615 16.270247 16.647974 61.248062 7.828538 9.361006 -0.272951 38.988495 0.161604 4.003127 -1.979359 -11.107801 2.243545 -5.255043 -3.180161 14.282911 -0.826593 6.952504 -5e-06 -12.690619 -1e-06 16.128027 -17.826443 2.675105 1.66567 -1.955924 -2.878302 4.727805 -4.170592 4.993927 11.020544 4e-06 -4e-06 12.109072 -3.735717 -2.86679 -0.0 -0.0 -1e-06 1.291988 -1.928552 -1.498091 14.800151 0.567471 3.865608 14.242596 -1.341734 -6.660667 19.631998 0.14393 -0.648247 49.91613 -0.87059 -6.284225 0.353029 -1.511153 -0.03194 20.22282 3.684318 2.316628 18.787302 1e-05 -4e-06 10.751646 -0.479867 1.397908 0.0 0.0 -1e-06 3.273812 0.305947 -0.580113 21.486847 11.830393 2.266132 8.162939 3e-06 -2e-06 18.399107 -3.798984 -4.940585 5e-06 1e-06 -1e-06 4.065673 5.130759 -5.753107 -0.062384 0.049078 12.692186 -7.602375 6.784734 -4.026154 1.639462 -1.808451 -1.120143 0.0 0.0 2e-06 -6.635245 0.328856 -2.399919 0.048617 0.150292 13.154331 7.642355 -0.910977 -8.010448 -1.43047 1.161683 -1.643115 -0.0 -0.0 -1e-06 
0.0 0.0 0.0 0.0 -0.0 0.0 2.396631 99.521278 2.707772 1.085074 1.603557 -2.827492 -0.424817 0.463178 -4.226911 -0.337967 0.281732 -6.69264 -0.47151 -0.860251 27.279732 3.78206 0.803431 11.241988 -1.628922 -2.223983 -3.744277 -1.151067 -3.079808 -9.84374 7.7e-05 -2.2e-05 6e-06 0.03671 -0.061227 -0.038505 0.708096 -3.742527 -10.553858 -0.637263 3.623157 -10.542261 -15.237643 -10.285756 16.571003 -57.917633 -13.123423 11.741842 0.069453 -33.564198 0.283347 5.435171 7.062883 -4.44037 -5.882111 9.861292 0.702589 -10.936879 -0.360575 7.156209 -0.0 8.774831 -1e-06 -16.362442 18.275675 5.87246 -1.844033 2.498506 -2.507277 -10.163605 4.678948 4.62111 -20.976038 -2e-06 3e-06 -21.226301 2.4517 -3.594002 -0.0 -6e-06 -0.0 -1.362683 2.2408 -0.746325 -21.334927 0.584911 3.008326 -13.821221 -2e-06 2e-06 -23.887182 -0.249077 -0.839483 -60.10738 2.253553 -1.29841 -0.294025 1.679688 0.833256 -14.218217 0.093216 1.300581 -34.21207 -0.287562 0.967171 -20.033226 0.964538 1.212844 0.0 1e-06 -0.0 -3.44039 0.788234 0.501657 -15.928198 -3.167311 2.999709 -6.33883 -1e-06 2e-06 -18.123459 3.648185 -4.905672 -4e-06 -0.0 -2e-06 11.227102 16.274942 16.647663 61.260754 7.781691 9.42025 -0.292172 38.95039 0.161569 3.932874 -1.960365 -11.200783 2.243541 -5.255038 -3.180158 14.282889 -0.826593 6.952499 -3e-06 -12.690607 -1e-06 16.112047 -17.801918 2.669481 1.665666 -1.955922 -2.878299 4.727799 -4.170588 4.993924 11.020526 3e-06 -2e-06 12.109053 -3.735717 -2.866785 -1e-06 0.0 -1e-06 1.291986 -1.92855 -1.498088 14.800129 0.56747 3.865605 14.242572 -1.341736 -6.660657 19.631968 0.143928 -0.648244 49.886066 -0.862219 -6.287912 0.353029 -1.511152 -0.03194 20.222794 3.684313 2.316629 18.787273 7e-06 -2e-06 10.75163 -0.479867 1.397906 0.0 0.0 -1e-06 3.273806 0.305948 -0.580112 21.486818 11.830381 2.26613 8.16293 3e-06 -0.0 18.399082 -3.798982 -4.940577 5e-06 1e-06 -1e-06 4.045954 5.156357 -5.709497 -0.061545 0.044526 12.65621 -7.614806 6.753636 -3.999324 1.638809 -1.813062 -1.100246 0.0 0.0 2e-06 -6.655437 0.298267 -2.354444 0.047081 0.153228 13.109506 7.649816 -0.898921 -7.966444 -1.431403 1.156208 -1.626114 -0.0 -0.0 -1e-06 
0.0 0.0 0.0 0.0 -0.0 0.0 2.416735 99.52404 2.672576 1.087964 1.623689 -2.856622 -0.434847 0.473513 -4.232111 -0.336758 0.271702 -6.691082 -0.457159 -0.875931 27.288027 3.848804 0.773435 11.191957 -1.631215 -2.240238 -3.746842 -1.151931 -3.108761 -9.78907 7.7e-05 -2.2e-05 6e-06 0.036261 -0.0616 -0.040997 0.710252 -3.742959 -10.557757 -0.640451 3.622965 -10.546535 -15.204559 -10.321109 16.545671 -57.83889 -13.15081 11.943014 0.086519 -33.641354 0.273705 5.482057 7.0644 -4.54074 -5.882108 9.86129 0.702592 -10.936875 -0.360575 7.156206 0.0 8.774828 -1e-06 -16.351259 18.285635 5.880036 -1.844033 2.498505 -2.507278 -10.163604 4.678946 4.621109 -20.97603 -4e-06 1e-06 -21.226295 2.451697 -3.594001 -0.0 -6e-06 -0.0 -1.362682 2.240798 -0.746324 -21.334921 0.58491 3.008323 -13.821219 -4e-06 0.0 -23.887177 -0.24908 -0.839484 -60.119789 2.284255 -1.314795 -0.294024 1.679688 0.833256 -14.218215 0.093215 1.300582 -34.212067 -0.287565 0.967171 -20.033222 0.964535 1.212843 0.0 1e-06 1e-06 -3.44039 0.788234 0.501656 -15.928192 -3.16731 2.999707 -6.338829 -2e-06 -0.0 -18.123455 3.648183 -4.905673 -4e-06 -0.0 -3e-06 11.224958 16.264624 16.64488 61.239689 7.735428 9.507528 -0.307379 38.925018 0.144368 3.876657 -1.949596 -11.275678 2.243543 -5.25504 -3.180159 14.282896 -0.826595 6.952502 -0.0 -12.690609 -2e-06 16.101488 -17.788465 2.660894 1.665668 -1.955923 -2.878298 4.7278 -4.17059 4.993923 11.020533 2e-06 -2e-06 12.109058 -3.735718 -2.866787 -1e-06 0.0 -1e-06 1.291987 -1.928551 -1.49809 14.800134 0.567468 3.865606 14.24258 -1.341737 -6.660662 19.631981 0.143927 -0.648247 49.879532 -0.849995 -6.282707 0.353029 -1.511153 -0.03194 20.222801 3.684311 2.316628 18.787285 5e-06 -4e-06 10.751633 -0.479869 1.397906 0.0 0.0 -1e-06 3.273809 0.305946 -0.580111 21.486824 11.830383 2.266131 8.16293 2e-06 -3e-06 18.399092 -3.798986 -4.940581 4e-06 1e-06 0.0 4.025927 5.19814 -5.685822 -0.063424 0.038757 12.63158 -7.616252 6.719884 -3.971406 1.637795 -1.819888 -1.086275 0.0 0.0 2e-06 -6.678933 0.279364 -2.323736 0.049198 0.156469 13.072286 7.671697 -0.887417 -7.926123 -1.430867 1.14925 -1.613366 -0.0 -0.0 -1e-06 
0.0 0.0 0.0 0.0 -0.0 0.0 2.4454 99.525681 2.642404 1.091482 1.641419 -2.877188 -0.44281 0.482602 -4.238669 -0.335326 0.261544 -6.694187 -0.440185 -0.880209 27.302158 3.903301 0.729764 11.16081 -1.63574 -2.247094 -3.751891 -1.146987 -3.151227 -9.756651 7.7e-05 -2.2e-05 6e-06 0.034502 -0.058271 -0.042716 0.710511 -3.738677 -10.559525 -0.6444 3.625586 -10.549308 -15.181265 -10.358624 16.520367 -57.760349 -13.171783 12.110045 0.076642 -33.720306 0.274003 5.562268 7.06438 -4.541024 -5.88211 9.86129 0.70259 -10.936875 -0.360574 7.156207 -1e-06 8.774828 -2e-06 -16.332172 18.293215 5.89024 -1.844033 2.498505 -2.507277 -10.163603 4.678948 4.621108 -20.976027 -2e-06 0.0 -21.226294 2.451699 -3.594003 1e-06 -7e-06 -0.0 -1.362682 2.240799 -0.746322 -21.334919 0.584912 3.008323 -13.821217 -1e-06 0.0 -23.887175 -0.249077 -0.839485 -60.130123 2.307384 -1.343656 -0.294025 1.679688 0.833254 -14.218214 0.093217 1.300581 -34.212059 -0.28756 0.967166 -20.033218 0.964538 1.212841 2e-06 0.0 1e-06 -3.440389 0.788234 0.501656 -15.928189 -3.167309 2.999708 -6.338828 -1e-06 1e-06 -18.123453 3.648186 -4.905672 -5e-06 -1e-06 -3e-06 11.22324 16.236603 16.65008 61.189495 7.718464 9.597707 -0.310515 38.874046 0.118256 3.85458 -1.920514 -11.301931 2.243542 -5.255038 -3.18016 14.282894 -0.826596 6.952504 -1e-06 -12.690606 -0.0 16.102592 -17.793766 2.653363 1.665667 -1.955923 -2.878299 4.7278 -4.170589 4.993926 11.020529 1e-06 -2e-06 12.109057 -3.735719 -2.866785 -0.0 0.0 -1e-06 1.291986 -1.928549 -1.49809 14.800131 0.567467 3.865608 14.242577 -1.341738 -6.660659 19.631971 0.143924 -0.648247 49.883392 -0.840122 -6.284538 0.353029 -1.511152 -0.03194 20.222795 3.684308 2.31663 18.787279 3e-06 -4e-06 10.751631 -0.47987 1.397906 1e-06 0.0 -1e-06 3.273807 0.305947 -0.580109 21.48682 11.830376 2.266134 8.16293 0.0 -2e-06 18.39909 -3.798988 -4.94058 4e-06 1e-06 0.0 4.00931 5.246688 -5.681308 -0.067129 0.039536 12.626907 -7.610446 6.675542 -3.945777 1.636744 -1.826427 -1.0849 0.0 0.0 2e-06 -6.704929 0.262603 -2.30819 0.054201 0.164573 13.040273 7.711617 -0.885994 -7.891202 -1.428818 1.143136 -1.613527 -0.0 -0.0 -1e-06 
0.0 0.0 0.0 0.0 -0.0 0.0 2.486944 99.525299 2.613411 1.090133 1.64618 -2.888439 -0.447183 0.479757 -4.249411 -0.332547 0.261531 -6.698878 -0.425676 -0.881038 27.319941 3.9412 0.688055 11.143287 -1.633053 -2.246813 -3.756832 -1.125962 -3.203833 -9.730886 7.7e-05 -2.3e-05 6e-06 0.032557 -0.051296 -0.045255 0.710034 -3.730167 -10.563208 -0.647945 3.631338 -10.552986 -15.159376 -10.377894 16.514746 -57.67868 -13.199242 12.268675 0.044247 -33.800022 0.285935 5.639276 7.056709 -4.521801 -5.882105 9.861284 0.70259 -10.936868 -0.360574 7.156206 -1e-06 8.774823 -0.0 -16.334133 18.305748 5.894637 -1.844032 2.498505 -2.507277 -10.163596 4.678945 4.62111 -20.976017 -2e-06 2e-06 -21.226282 2.451698 -3.594 -0.0 -6e-06 -0.0 -1.362681 2.240798 -0.746325 -21.334911 0.584911 3.008325 -13.821211 -2e-06 2e-06 -23.887165 -0.249076 -0.839483 -60.170765 2.322372 -1.36617 -0.294025 1.679687 0.833256 -14.218205 0.093216 1.30058 -34.212048 -0.28756 0.967171 -20.033209 0.964541 1.212844 1e-06 1e-06 2e-06 -3.440388 0.788234 0.501657 -15.928183 -3.167308 2.999707 -6.338825 -1e-06 2e-06 -18.123444 3.648185 -4.905669 -5e-06 -1e-06 -3e-06 11.228992 16.22167 16.650162 61.12714 7.703123 9.659348 -0.292747 38.795723 0.102785 3.850343 -1.876266 -11.292396 2.243541 -5.255036 -3.180157 14.282885 -0.826596 6.952499 -1e-06 -12.690601 -1e-06 16.118523 -17.815496 2.649498 1.665666 -1.955922 -2.878299 4.727797 -4.170588 4.993921 11.020521 1e-06 -3e-06 12.10905 -3.735717 -2.866787 -0.0 0.0 -0.0 1.291986 -1.92855 -1.498088 14.800122 0.567465 3.865607 14.242566 -1.341738 -6.66066 19.631958 0.143924 -0.648248 49.909359 -0.831719 -6.289757 0.353029 -1.511151 -0.03194 20.222782 3.684307 2.316628 18.78727 3e-06 -3e-06 10.751625 -0.479869 1.397903 1e-06 0.0 -0.0 3.273805 0.305946 -0.58011 21.486801 11.830368 2.266132 8.162924 -0.0 -2e-06 18.399076 -3.798985 -4.940578 5e-06 1e-06 -1e-06 3.997452 5.301815 -5.711206 -0.066938 0.042514 12.662554 -7.611691 6.624885 -3.929941 1.635225 -1.834753 -1.091766 -0.0 0.0 2e-06 -6.726353 0.249942 -2.308195 0.059032 0.172777 13.014382 7.747391 -0.877794 -7.861855 -1.426532 1.142702 -1.634699 -0.0 -0.0 -1e-06 
0.0 0.0 0.0 0.0 -0.0 0.0 2.536171 99.526459 2.590152 1.087915 1.644127 -2.88978 -0.454115 0.476468 -4.259274 -0.331827 0.267235 -6.708459 -0.415312 -0.892718 27.342691 3.982546 0.676367 11.121646 -1.627537 -2.273819 -3.754462 -1.101191 -3.246544 -9.708856 7.7e-05 -2.2e-05 6e-06 0.031552 -0.046403 -0.044548 0.709028 -3.725107 -10.565289 -0.649004 3.636229 -10.55499 -15.138609 -10.382019 16.513334 -57.593452 -13.220644 12.507246 0.04552 -33.880901 0.288721 5.668303 7.062844 -4.600452 -5.882109 9.861286 0.702589 -10.936876 -0.360575 7.156206 1e-06 8.774827 -1e-06 -16.334801 18.31584 5.900864 -1.844033 2.498505 -2.507278 -10.163603 4.678945 4.621105 -20.97603 -4e-06 -2e-06 -21.226295 2.451696 -3.594003 -0.0 -6e-06 -1e-06 -1.362682 2.240798 -0.746323 -21.334921 0.584908 3.00832 -13.821219 -4e-06 -1e-06 -23.887178 -0.249081 -0.839485 -60.224483 2.334728 -1.377364 -0.294024 1.679687 0.833257 -14.218214 0.093215 1.300577 -34.212063 -0.287567 0.967166 -20.033224 0.964534 1.212841 1e-06 1e-06 1e-06 -3.440389 0.788233 0.501656 -15.928191 -3.167311 2.999706 -6.338829 -2e-06 -0.0 -18.123453 3.648181 -4.905674 -5e-06 -1e-06 -1e-06 11.248981 16.209629 16.659327 61.040874 7.691884 9.679257 -0.239828 38.74165 0.114364 3.844292 -1.855358 -11.268434 2.243543 -5.255039 -3.180158 14.282898 -0.826594 6.952501 -3e-06 -12.69061 1e-06 16.140108 -17.836178 2.647439 1.665668 -1.955923 -2.8783 4.7278 -4.170589 4.993924 11.020534 3e-06 -2e-06 12.109059 -3.735717 -2.866786 -0.0 -0.0 -1e-06 1.291987 -1.92855 -1.498089 14.800136 0.567469 3.865606 14.242579 -1.341737 -6.660661 19.631981 0.143928 -0.648248 49.926189 -0.822379 -6.296675 0.353029 -1.511152 -0.031939 20.222803 3.684313 2.316628 18.787287 7e-06 -5e-06 10.751634 -0.479868 1.397905 0.0 0.0 -1e-06 3.273809 0.305948 -0.58011 21.486824 11.830381 2.266132 8.16293 2e-06 -1e-06 18.39909 -3.798985 -4.94058 4e-06 -0.0 -1e-06 3.985262 5.35297 -5.754015 -0.065542 0.046724 12.694964 -7.619371 6.544686 -3.905105 1.633583 -1.841205 -1.090424 0.0 0.0 2e-06 -6.818513 0.24224 -2.246489 0.061428 0.175854 12.968892 7.862128 -0.842572 -7.812631 -1.424619 1.144077 -1.667941 -0.0 -0.0 -1e-06 
0.0 0.0 0.0 0.0 -0.0 0.0 2.587595 99.528114 2.561661 1.086805 1.65038 -2.88952 -0.461133 0.47226 -4.260459 -0.331505 0.276106 -6.716188 -0.410836 -0.901117 27.358274 4.043593 0.664189 11.116703 -1.622923 -2.305465 -3.753118 -1.088274 -3.271658 -9.69654 7.7e-05 -2.3e-05 6e-06 0.031224 -0.044144 -0.040919 0.707699 -3.722824 -10.564824 -0.648347 3.638464 -10.554384 -15.10732 -10.386564 16.517246 -57.527493 -13.236753 12.775384 0.048977 -33.961807 0.298796 5.661947 7.06984 -4.690701 -5.882112 9.861295 0.70259 -10.936881 -0.360575 7.156213 0.0 8.774834 -1e-06 -16.334064 18.307905 5.90869 -1.844033 2.498506 -2.50728 -10.16361 4.67895 4.621112 -20.976044 -2e-06 0.0 -21.226309 2.4517 -3.594005 1e-06 -7e-06 -1e-06 -1.362683 2.240801 -0.746324 -21.334934 0.584911 3.008326 -13.821226 -2e-06 1e-06 -23.887188 -0.249078 -0.839484 -60.269821 2.334444 -1.365285 -0.294025 1.679689 0.833257 -14.218221 0.093215 1.300581 -34.212078 -0.287562 0.96717 -20.03323 0.964536 1.212843 1e-06 0.0 2e-06 -3.440392 0.788235 0.501656 -15.928201 -3.167311 2.999709 -6.338832 -0.0 -1e-06 -18.123463 3.648187 -4.905675 -4e-06 -1e-06 -2e-06 11.258762 16.200949 16.662537 60.964344 7.674568 9.734277 -0.202188 38.713192 0.126135 3.817116 -1.829484 -11.261196 2.243544 -5.255041 -3.180159 14.282899 -0.826595 6.952504 -2e-06 -12.690614 -1e-06 16.145647 -17.841757 2.649929 1.665668 -1.955923 -2.878301 4.727801 -4.170591 4.993924 11.020535 2e-06 -2e-06 12.109063 -3.735719 -2.866789 -0.0 0.0 -1e-06 1.291986 -1.928551 -1.498091 14.800138 0.567468 3.865607 14.242582 -1.341739 -6.660663 19.631985 0.143927 -0.648247 49.923744 -0.819462 -6.289547 0.35303 -1.511152 -0.031939 20.222803 3.684313 2.316628 18.787287 6e-06 -3e-06 10.751636 -0.479867 1.397905 0.0 0.0 -1e-06 3.273809 0.305947 -0.580112 21.486828 11.830384 2.266131 8.162933 1e-06 -2e-06 18.399097 -3.798988 -4.940581 5e-06 1e-06 0.0 3.97003 5.380381 -5.802087 -0.063471 0.052102 12.724243 -7.647347 6.475991 -3.876585 1.631349 -1.845982 -1.074792 0.0 0.0 2e-06 -6.858893 0.22016 -2.240396 0.067728 0.170691 12.920877 7.915895 -0.816407 -7.767231 -1.424443 1.146116 -1.676021 -0.0 -0.0 -1e-06 
0.0 0.0 0.0 0.0 -0.0 0.0 2.633825 99.532516 2.520744 1.083675 1.663539 -2.888275 -0.468204 0.465441 -4.252198 -0.330284 0.286642 -6.721299 -0.411756 -0.912034 27.363695 4.108516 0.650324 11.12717 -1.621508 -2.327872 -3.750089 -1.074482 -3.282066 -9.671145 7.7e-05 -2.2e-05 6e-06 0.031013 -0.044232 -0.038587 0.707791 -3.722609 -10.566083 -0.648827 3.638015 -10.555573 -15.078899 -10.391829 16.531847 -57.469788 -13.242276 13.012171 0.037632 -34.043186 0.313294 5.628623 7.074264 -4.72533 -5.882106 9.861284 0.70259 -10.936868 -0.360574 7.156201 -1e-06 8.774824 -3e-06 -16.327671 18.294184 5.914939 -1.844032 2.498504 -2.507277 -10.163596 4.678944 4.621107 -20.976017 -1e-06 3e-06 -21.226278 2.4517 -3.594 1e-06 -5e-06 -1e-06 -1.362681 2.240798 -0.746322 -21.334906 0.584912 3.008322 -13.82121 -1e-06 2e-06 -23.887159 -0.249075 -0.839484 -60.281509 2.319614 -1.342307 -0.294025 1.679687 0.833255 -14.218203 0.093217 1.300582 -34.212044 -0.287559 0.967167 -20.033209 0.964539 1.212841 2e-06 1e-06 1e-06 -3.440388 0.788234 0.501655 -15.928181 -3.167306 2.999706 -6.338823 1e-06 1e-06 -18.123444 3.648185 -4.905671 -4e-06 -1e-06 -2e-06 11.255477 16.207991 16.657675 60.910118 7.654217 9.824417 -0.204282 38.701462 0.115467 3.793181 -1.798287 -11.263717 2.243541 -5.255035 -3.180157 14.282887 -0.826595 6.952503 -2e-06 -12.690601 1e-06 16.15007 -17.842047 2.648035 1.665666 -1.95592 -2.878299 4.727797 -4.170586 4.993924 11.020523 2e-06 -2e-06 12.10905 -3.735715 -2.866783 -0.0 0.0 -1e-06 1.291985 -1.928548 -1.49809 14.800125 0.567468 3.865605 14.242569 -1.341735 -6.660658 19.631966 0.143928 -0.648246 49.925056 -0.829793 -6.274678 0.353029 -1.51115 -0.03194 20.222786 3.684308 2.316627 18.78727 5e-06 -2e-06 10.751627 -0.479868 1.397905 0.0 0.0 -0.0 3.273806 0.305946 -0.580111 21.486809 11.830369 2.26613 8.162926 2e-06 -2e-06 18.399076 -3.798983 -4.940573 4e-06 1e-06 -1e-06 3.954875 5.402323 -5.840315 -0.059684 0.056417 12.728328 -7.656704 6.423164 -3.834776 1.629616 -1.84607 -1.057143 0.0 0.0 2e-06 -6.894303 0.184995 -2.234095 0.071468 0.161342 12.856086 7.969323 -0.791772 -7.70447 -1.424487 1.14529 -1.666987 -0.0 -0.0 -1e-06 
0.0 0.0 0.0 0.0 -0.0 0.0 2.670445 99.541161 2.472992 1.078208 1.667517 -2.88628 -0.472532 0.457643 -4.238247 -0.327967 0.293618 -6.721068 -0.414957 -0.913156 27.36425 4.167847 0.634557 11.132012 -1.627635 -2.337781 -3.748269 -1.050506 -3.305406 -9.620257 7.7e-05 -2.3e-05 6e-06 0.031163 -0.045589 -0.0372 0.707353 -3.724537 -10.56798 -0.648036 3.637029 -10.556765 -15.051497 -10.404056 16.546591 -57.420723 -13.238847 13.208325 0.027643 -34.10482 0.320087 5.555525 7.084933 -4.75277 -5.882111 9.861291 0.702591 -10.936874 -0.360571 7.156203 -2e-06 8.774828 -1e-06 -16.321016 18.284515 5.912875 -1.844034 2.498506 -2.507278 -10.163604 4.678951 4.621107 -20.97603 2e-06 -3e-06 -21.226297 2.451702 -3.594005 1e-06 -6e-06 -1e-06 -1.362683 2.240799 -0.746323 -21.334921 0.584916 3.008322 -13.821218 1e-06 -2e-06 -23.887178 -0.249075 -0.839489 -60.270443 2.293613 -1.320086 -0.294026 1.679688 0.833256 -14.218214 0.093219 1.30058 -34.212059 -0.287556 0.967162 -20.033218 0.964538 1.212837 2e-06 1e-06 1e-06 -3.44039 0.788235 0.501656 -15.928191 -3.167306 2.999705 -6.338827 0.0 -2e-06 -18.123453 3.648188 -4.905677 -5e-06 -1e-06 -0.0 11.237187 16.224545 16.631666 60.873638 7.635174 9.902795 -0.206619 38.675076 0.102479 3.788869 -1.75753 -11.259386 2.243544 -5.25504 -3.18016 14.282896 -0.826598 6.952507 -1e-06 -12.69061 -0.0 16.150791 -17.830469 2.643731 1.665667 -1.955922 -2.8783 4.727801 -4.17059 4.993927 11.020531 0.0 -2e-06 12.109058 -3.735719 -2.866788 -0.0 -0.0 -0.0 1.291986 -1.92855 -1.498091 14.800136 0.567466 3.865609 14.242579 -1.341739 -6.660662 19.631975 0.143925 -0.648247 49.923084 -0.842292 -6.260668 0.353029 -1.511151 -0.031939 20.222799 3.684309 2.316633 18.787283 2e-06 -2e-06 10.751631 -0.47987 1.397904 1e-06 0.0 -1e-06 3.273809 0.305947 -0.58011 21.48682 11.830379 2.266133 8.16293 0.0 -1e-06 18.399092 -3.798989 -4.940579 4e-06 1e-06 -1e-06 3.9399 5.441448 -5.858192 -0.057505 0.049115 12.689119 -7.636524 6.396722 -3.773775 1.628435 -1.841741 -1.032151 0.0 0.0 2e-06 -6.916873 0.159972 -2.222104 0.069625 0.151679 12.763628 8.008986 -0.786466 -7.62232 -1.424209 1.144958 -1.647027 -0.0 -0.0 -1e-06 
0.0 0.0 0.0 0.0 -0.0 0.0 2.699206 99.547958 2.423647 1.077165 1.652079 -2.882931 -0.479055 0.454439 -4.218513 -0.32838 0.295523 -6.719667 -0.425454 -0.907801 27.365421 4.223301 0.615765 11.144967 -1.635228 -2.337513 -3.750255 -1.051215 -3.340197 -9.544166 7.7e-05 -2.2e-05 6e-06 0.030934 -0.043418 -0.036884 0.706171 -3.723662 -10.575312 -0.647252 3.640145 -10.562708 -15.014997 -10.425256 16.538351 -57.390472 -13.222793 13.379292 0.016278 -34.106743 0.308026 5.467162 7.077605 -4.804565 -5.882108 9.861288 0.702591 -10.936877 -0.360577 7.156209 2e-06 8.77483 -3e-06 -16.30488 18.283581 5.913553 -1.844033 2.498505 -2.507279 -10.163604 4.678945 4.621112 -20.976034 -7e-06 4e-06 -21.226295 2.451696 -3.593997 0.0 -6e-06 0.0 -1.362682 2.240798 -0.746324 -21.334925 0.584906 3.008327 -13.821221 -5e-06 3e-06 -23.887182 -0.249081 -0.839479 -60.239983 2.27547 -1.308874 -0.294024 1.679687 0.833256 -14.218216 0.093211 1.300582 -34.212067 -0.287569 0.967177 -20.033226 0.964535 1.212848 2e-06 1e-06 1e-06 -3.44039 0.788233 0.501655 -15.928198 -3.167314 2.999709 -6.338829 -2e-06 0.0 -18.123453 3.648182 -4.90567 -5e-06 -0.0 -0.0 11.21616 16.244305 16.58634 60.834755 7.629624 9.957641 -0.176737 38.647217 0.103535 3.782852 -1.714533 -11.246656 2.243543 -5.255039 -3.180161 14.282901 -0.826595 6.952508 -3e-06 -12.69061 0.0 16.145426 -17.81608 2.638628 1.665668 -1.955923 -2.878302 4.727801 -4.17059 4.993927 11.020535 3e-06 -2e-06 12.10906 -3.735717 -2.866787 -1e-06 0.0 -1e-06 1.291987 -1.92855 -1.49809 14.800139 0.567469 3.865611 14.242583 -1.341735 -6.660662 19.631979 0.143928 -0.648245 49.921928 -0.847007 -6.250135 0.353029 -1.511151 -0.031939 20.222807 3.684313 2.316633 18.787287 6e-06 1e-06 10.751637 -0.479868 1.397907 0.0 0.0 -0.0 3.273809 0.305947 -0.580112 21.486832 11.830384 2.266135 8.162935 2e-06 1e-06 18.399099 -3.798987 -4.940579 5e-06 1e-06 -1e-06 3.915072 5.474174 -5.877324 -0.059087 0.034633 12.653923 -7.593656 6.404361 -3.724832 1.627035 -1.8409 -1.007352 0.0 0.0 2e-06 -6.936739 0.148002 -2.234671 0.065621 0.14469 12.706654 8.052234 -0.775735 -7.554297 -1.423844 1.147574 -1.638005 -0.0 -0.0 -1e-06 
0.0 0.0 0.0 0.0 -0.0 0.0 2.722055 99.551582 2.373288 1.083729 1.614697 -2.874979 -0.490791 0.455383 -4.193207 -0.331544 0.288309 -6.707438 -0.435803 -0.896856 27.351171 4.252518 0.601073 11.17032 -1.63435 -2.336363 -3.755479 -1.068692 -3.37379 -9.465714 7.7e-05 -2.3e-05 6e-06 0.031373 -0.044425 -0.036693 0.706732 -3.725242 -10.582835 -0.646927 3.639171 -10.569667 -14.980451 -10.445417 16.507261 -57.36467 -13.196647 13.575565 0.041931 -34.078575 0.275599 5.35777 7.076475 -4.888007 -5.882109 9.86129 0.702591 -10.936877 -0.360575 7.156208 1e-06 8.774828 -1e-06 -16.283031 18.290823 5.92982 -1.844033 2.498505 -2.507279 -10.163605 4.678947 4.62111 -20.976034 -4e-06 1e-06 -21.226295 2.451699 -3.594001 1e-06 -6e-06 0.0 -1.362683 2.240799 -0.746324 -21.334927 0.58491 3.008323 -13.821221 -3e-06 2e-06 -23.887184 -0.24908 -0.839482 -60.211914 2.278115 -1.305907 -0.294025 1.679687 0.833257 -14.218216 0.093215 1.300582 -34.21207 -0.287566 0.967173 -20.033228 0.964535 1.212845 1e-06 1e-06 1e-06 -3.440389 0.788233 0.501656 -15.928194 -3.167312 2.999708 -6.338829 -1e-06 -1e-06 -18.123455 3.648184 -4.90567 -5e-06 0.0 -0.0 11.179276 16.275969 16.547546 60.813511 7.637731 10.016639 -0.160333 38.642303 0.101899 3.782425 -1.667043 -11.304655 2.243543 -5.255041 -3.180159 14.2829 -0.826596 6.952504 -1e-06 -12.690613 -3e-06 16.1548 -17.799892 2.624369 1.665668 -1.955924 -2.8783 4.727802 -4.170591 4.993925 11.020534 1e-06 -2e-06 12.10906 -3.73572 -2.866786 -0.0 0.0 -1e-06 1.291986 -1.928551 -1.498089 14.80014 0.567468 3.865607 14.242584 -1.341739 -6.660661 19.631985 0.143924 -0.648247 49.90234 -0.848805 -6.248015 0.35303 -1.511152 -0.031941 20.222803 3.684312 2.316629 18.787287 4e-06 -3e-06 10.751636 -0.479868 1.397906 1e-06 0.0 -1e-06 3.273809 0.305948 -0.580112 21.486828 11.830384 2.266133 8.162933 1e-06 -2e-06 18.399094 -3.798988 -4.940581 5e-06 1e-06 -1e-06 3.882544 5.514422 -5.904531 -0.062933 0.021172 12.633135 -7.552276 6.420554 -3.68994 1.628053 -1.835437 -1.007121 -0.0 0.0 2e-06 -6.961636 0.134256 -2.284117 0.063482 0.146748 12.702967 8.085554 -0.735555 -7.506963 -1.424263 1.152228 -1.643063 0.0 -0.0 -1e-06 
0.0 0.0 0.0 0.0 -0.0 0.0 2.748132 99.556107 2.319886 1.091996 1.555536 -2.860712 -0.497395 0.463096 -4.174025 -0.337501 0.285764 -6.692617 -0.445657 -0.888079 27.336107 4.281374 0.596494 11.19526 -1.650246 -2.345381 -3.76243 -1.08954 -3.410157 -9.394774 7.7e-05 -2.3e-05 6e-06 0.033015 -0.053904 -0.03642 0.71055 -3.734506 -10.58856 -0.647514 3.629083 -10.576566 -14.959465 -10.453045 16.49559 -57.317097 -13.204185 13.76134 0.077643 -34.053802 0.250847 5.26983 7.102179 -5.012221 -5.882109 9.86129 0.702591 -10.936875 -0.360574 7.156208 -0.0 8.774828 -1e-06 -16.276272 18.302938 5.942554 -1.844033 2.498505 -2.507279 -10.163604 4.678947 4.621111 -20.976028 -1e-06 1e-06 -21.226292 2.451699 -3.594002 1e-06 -5e-06 0.0 -1.362682 2.240799 -0.746324 -21.334921 0.584911 3.008324 -13.821218 -2e-06 2e-06 -23.887177 -0.249077 -0.839483 -60.184902 2.295903 -1.31464 -0.294025 1.679688 0.833255 -14.218214 0.093216 1.300582 -34.212059 -0.287559 0.967171 -20.033218 0.964539 1.212843 1e-06 1e-06 1e-06 -3.440389 0.788234 0.501656 -15.928191 -3.167309 2.999708 -6.338829 -1e-06 -0.0 -18.123451 3.648187 -4.905672 -5e-06 -1e-06 -0.0 11.122274 16.312061 16.510618 60.815247 7.644679 10.06003 -0.17017 38.650284 0.093096 3.794813 -1.627419 -11.378788 2.243543 -5.255038 -3.180158 14.282896 -0.826595 6.952505 -3e-06 -12.690609 0.0 16.168941 -17.790104 2.613896 1.665667 -1.955922 -2.878299 4.727801 -4.17059 4.993926 11.02053 2e-06 -1e-06 12.109056 -3.735718 -2.866785 -0.0 -0.0 -0.0 1.291986 -1.92855 -1.498089 14.800132 0.567467 3.865608 14.242574 -1.341737 -6.66066 19.631971 0.143927 -0.648246 49.883366 -0.853249 -6.245761 0.353029 -1.511151 -0.031939 20.222797 3.68431 2.316632 18.787279 4e-06 0.0 10.751632 -0.479869 1.397907 0.0 0.0 -1e-06 3.273808 0.305947 -0.580112 21.48682 11.830379 2.266135 8.162933 2e-06 0.0 18.399088 -3.798988 -4.940578 4e-06 1e-06 -1e-06 3.852088 5.559 -5.930738 -0.065077 0.017336 12.605949 -7.52005 6.423286 -3.651868 1.630804 -1.830024 -1.010808 0.0 0.0 2e-06 -6.989728 0.135581 -2.347551 0.062318 0.149601 12.699157 8.108205 -0.706402 -7.454182 -1.424785 1.154864 -1.665216 0.0 -0.0 -1e-06 
0.0 0.0 0.0 0.0 -0.0 0.0 2.781221 99.55838 2.264051 1.095642 1.506859 -2.849295 -0.495732 0.470995 -4.158988 -0.344724 0.286037 -6.679456 -0.452773 -0.883793 27.326239 4.319723 0.590601 11.229773 -1.676904 -2.370596 -3.766075 -1.105948 -3.450177 -9.357928 7.7e-05 -2.2e-05 6e-06 0.034987 -0.064007 -0.034195 0.713881 -3.743511 -10.587608 -0.647004 3.61785 -10.576628 -14.930563 -10.458667 16.502932 -57.270615 -13.253933 13.877363 0.087639 -34.008743 0.252165 5.233667 7.141077 -5.109562 -5.882111 9.861293 0.702591 -10.936883 -0.360577 7.156211 2e-06 8.774833 0.0 -16.293924 18.313269 5.948415 -1.844034 2.498506 -2.50728 -10.163609 4.678948 4.621111 -20.976044 -7e-06 1e-06 -21.226305 2.451696 -3.594002 1e-06 -6e-06 -0.0 -1.362683 2.2408 -0.746323 -21.334938 0.584906 3.008323 -13.821227 -5e-06 1e-06 -23.887194 -0.249083 -0.839482 -60.182674 2.310127 -1.320854 -0.294025 1.679689 0.833257 -14.218223 0.093213 1.300582 -34.212078 -0.287571 0.967174 -20.033232 0.964534 1.212848 1e-06 0.0 2e-06 -3.440392 0.788234 0.501656 -15.928203 -3.167315 2.999709 -6.338833 -2e-06 0.0 -18.123465 3.648183 -4.905672 -6e-06 -1e-06 0.0 11.061975 16.338947 16.479019 60.817646 7.66575 10.061539 -0.174827 38.642418 0.083945 3.800713 -1.589687 -11.455792 2.243543 -5.25504 -3.180158 14.282902 -0.826594 6.952507 -4e-06 -12.690612 -0.0 16.175438 -17.7922 2.608775 1.665667 -1.955922 -2.8783 4.727801 -4.17059 4.993926 11.020535 4e-06 -3e-06 12.109059 -3.735717 -2.866785 -0.0 0.0 -1e-06 1.291987 -1.92855 -1.498089 14.80014 0.567471 3.865608 14.242581 -1.341734 -6.660661 19.631975 0.143928 -0.648245 49.85981 -0.86064 -6.24733 0.353029 -1.511151 -0.031939 20.222807 3.684314 2.316631 18.787289 7e-06 -2e-06 10.751634 -0.479867 1.397905 1e-06 0.0 -0.0 3.273809 0.305948 -0.58011 21.486828 11.830384 2.266131 8.162933 1e-06 -1e-06 18.399096 -3.798983 -4.940578 4e-06 1e-06 -1e-06 3.827897 5.62251 -5.972745 -0.0649 0.020495 12.611293 -7.495545 6.370338 -3.620775 1.634404 -1.827445 -1.025345 -0.0 0.0 2e-06 -7.016992 0.132456 -2.409554 0.059528 0.152228 12.70033 8.142896 -0.697028 -7.405052 -1.424328 1.156608 -1.683934 0.0 -0.0 -1e-06 
0.0 0.0 0.0 0.0 -0.0 0.0 2.815233 99.562431 2.205938 1.096495 1.484785 -2.841679 -0.494783 0.465645 -4.138576 -0.346783 0.289088 -6.666594 -0.452317 -0.884741 27.318729 4.344046 0.573051 11.268662 -1.697794 -2.406471 -3.765719 -1.112868 -3.489214 -9.371764 7.7e-05 -2.3e-05 6e-06 0.036063 -0.067409 -0.033138 0.714898 -3.745798 -10.586288 -0.646059 3.613756 -10.576161 -14.89458 -10.480294 16.508638 -57.228073 -13.304654 13.898043 0.078073 -33.972 0.26863 5.23136 7.175603 -5.201376 -5.882108 9.861288 0.70259 -10.936876 -0.360576 7.156206 1e-06 8.774828 -1e-06 -16.304697 18.326986 5.96046 -1.844033 2.498504 -2.507279 -10.163604 4.678946 4.621109 -20.97603 -5e-06 1e-06 -21.226292 2.451696 -3.594001 1e-06 -6e-06 0.0 -1.362682 2.240798 -0.746323 -21.334925 0.584907 3.008323 -13.821219 -4e-06 1e-06 -23.887178 -0.24908 -0.839482 -60.182362 2.320936 -1.31862 -0.294024 1.679687 0.833255 -14.218214 0.093213 1.30058 -34.212063 -0.287568 0.967174 -20.033224 0.964534 1.212845 1e-06 0.0 1e-06 -3.44039 0.788233 0.501656 -15.928192 -3.167312 2.999709 -6.338829 -2e-06 -1e-06 -18.123453 3.648183 -4.905672 -5e-06 -0.0 -1e-06 11.003601 16.358225 16.450464 60.826885 7.690754 9.991894 -0.1664 38.621235 0.085188 3.770406 -1.562294 -11.4716 2.243543 -5.25504 -3.180159 14.282904 -0.826594 6.952507 -4e-06 -12.690614 1e-06 16.166323 -17.799026 2.610969 1.665668 -1.955923 -2.878301 4.727803 -4.170591 4.993926 11.020535 4e-06 -2e-06 12.10906 -3.735717 -2.866785 -0.0 -0.0 -1e-06 1.291986 -1.92855 -1.498089 14.80014 0.56747 3.865609 14.242584 -1.341735 -6.660663 19.631985 0.143927 -0.648244 49.839951 -0.862152 -6.251255 0.353029 -1.511153 -0.031939 20.222805 3.684315 2.316632 18.787289 6e-06 -2e-06 10.751636 -0.479867 1.397907 0.0 0.0 -0.0 3.273809 0.305948 -0.58011 21.486834 11.830385 2.266137 8.162937 2e-06 0.0 18.399099 -3.798988 -4.940578 4e-06 0.0 -1e-06 3.804659 5.686739 -6.009039 -0.062159 0.02545 12.603839 -7.490974 6.31163 -3.57987 1.636884 -1.82904 -1.058758 0.0 -0.0 2e-06 -7.041234 0.119616 -2.448963 0.056855 0.160262 12.673624 8.168662 -0.698842 -7.346478 -1.423918 1.156596 -1.702322 0.0 0.0 -1e-06 
0.0 0.0 0.0 0.0 -0.0 0.0 2.857308 99.566483 2.155792 1.100058 1.486423 -2.836072 -0.494838 0.460528 -4.116413 -0.346791 0.291885 -6.657308 -0.451783 -0.893364 27.324112 4.36462 0.562215 11.292695 -1.715207 -2.444591 -3.761097 -1.107855 -3.524279 -9.416705 7.7e-05 -2.2e-05 6e-06 0.035754 -0.066345 -0.034834 0.714803 -3.743164 -10.586074 -0.646799 3.613877 -10.578025 -14.857713 -10.511137 16.521687 -57.179207 -13.356931 13.807369 0.043716 -33.975864 0.294927 5.224933 7.219689 -5.317284 -5.88211 9.861292 0.70259 -10.936878 -0.360573 7.156209 -1e-06 8.774831 -0.0 -16.314632 18.335115 5.960607 -1.844033 2.498506 -2.507278 -10.163605 4.67895 4.621112 -20.976034 0.0 -0.0 -21.226299 2.451702 -3.594004 -0.0 -7e-06 0.0 -1.362683 2.240799 -0.746324 -21.334929 0.584913 3.008323 -13.821221 -0.0 1e-06 -23.887184 -0.249075 -0.839486 -60.187321 2.322175 -1.305138 -0.294025 1.679689 0.833258 -14.218218 0.093217 1.300583 -34.21207 -0.28756 0.967168 -20.033226 0.96454 1.212842 1e-06 0.0 0.0 -3.44039 0.788234 0.501654 -15.928196 -3.16731 2.999711 -6.33883 -0.0 -1e-06 -18.123459 3.648187 -4.905676 -5e-06 -1e-06 -1e-06 10.953517 16.366655 16.446108 60.835835 7.728576 9.857009 -0.13947 38.607891 0.102287 3.721483 -1.552333 -11.48565 2.243545 -5.255041 -3.180159 14.282902 -0.826596 6.952502 -0.0 -12.690612 0.0 16.147196 -17.806799 2.6144 1.665668 -1.955924 -2.878301 4.727803 -4.17059 4.993927 11.020535 2e-06 -3e-06 12.109061 -3.735718 -2.866787 -0.0 0.0 -1e-06 1.291987 -1.928551 -1.498091 14.800139 0.567466 3.865608 14.242585 -1.341738 -6.660665 19.631985 0.143926 -0.648249 49.81892 -0.853856 -6.263083 0.35303 -1.511152 -0.031939 20.222805 3.68431 2.316629 18.787289 4e-06 -6e-06 10.751636 -0.479869 1.397905 0.0 0.0 -1e-06 3.27381 0.305945 -0.580111 21.486832 11.830382 2.266131 8.162933 2e-06 -2e-06 18.399097 -3.798988 -4.940582 5e-06 0.0 -1e-06 3.77671 5.744871 -6.044976 -0.060511 0.023922 12.597061 -7.488533 6.264699 -3.537249 1.638536 -1.83386 -1.0878 0.0 0.0 2e-06 -7.073229 0.114916 -2.467872 0.055983 0.166917 12.632432 8.195763 -0.714009 -7.292521 -1.423054 1.155181 -1.718785 0.0 0.0 -1e-06 
0.0 0.0 0.0 0.0 -0.0 0.0 2.905751 99.565948 2.112494 1.109217 1.498156 -2.832102 -0.500858 0.46304 -4.097247 -0.346021 0.293979 -6.65476 -0.446594 -0.906816 27.338575 4.379987 0.542285 11.294786 -1.725805 -2.462281 -3.751169 -1.107018 -3.544959 -9.464046 7.7e-05 -2.2e-05 6e-06 0.034282 -0.061421 -0.037322 0.71328 -3.736727 -10.583785 -0.648389 3.617574 -10.577964 -14.819058 -10.545275 16.542208 -57.141144 -13.424458 13.679182 0.013573 -33.998913 0.316335 5.222882 7.282026 -5.403631 -5.882109 9.861291 0.702589 -10.936875 -0.360574 7.156208 -0.0 8.774829 -1e-06 -16.319681 18.337727 5.949011 -1.844033 2.498507 -2.507277 -10.163603 4.678947 4.621108 -20.976027 -2e-06 0.0 -21.22629 2.451699 -3.594003 1e-06 -6e-06 -0.0 -1.362682 2.2408 -0.746324 -21.334921 0.58491 3.008322 -13.821218 -3e-06 2e-06 -23.887177 -0.249077 -0.839484 -60.192436 2.323036 -1.312001 -0.294025 1.679689 0.833256 -14.218212 0.093215 1.300581 -34.212063 -0.287563 0.967169 -20.033218 0.964537 1.212842 1e-06 1e-06 1e-06 -3.440389 0.788234 0.501656 -15.928191 -3.16731 2.999706 -6.338828 -1e-06 -2e-06 -18.123453 3.648185 -4.905674 -5e-06 -1e-06 -0.0 10.906511 16.358671 16.438452 60.836197 7.754194 9.734614 -0.112303 38.606701 0.115703 3.700968 -1.555793 -11.535357 2.243543 -5.255039 -3.18016 14.282896 -0.826595 6.952505 -1e-06 -12.69061 -1e-06 16.133554 -17.815527 2.611726 1.665667 -1.955922 -2.8783 4.727799 -4.17059 4.993926 11.020529 2e-06 -3e-06 12.109056 -3.735718 -2.866787 -0.0 -0.0 -1e-06 1.291986 -1.92855 -1.49809 14.800132 0.567469 3.865606 14.242579 -1.341736 -6.660664 19.631973 0.143927 -0.648247 49.804546 -0.844675 -6.276059 0.353029 -1.51115 -0.03194 20.222797 3.684311 2.316627 18.787279 5e-06 -3e-06 10.751633 -0.479867 1.397906 0.0 0.0 -1e-06 3.273808 0.305948 -0.580111 21.48682 11.83038 2.26613 8.16293 1e-06 -2e-06 18.399088 -3.798985 -4.94058 4e-06 0.0 -1e-06 3.740115 5.789668 -6.093324 -0.063354 0.019034 12.628084 -7.489374 6.234371 -3.521037 1.63889 -1.834878 -1.073746 -0.0 0.0 2e-06 -7.120682 0.093374 -2.495964 0.059187 0.166043 12.628613 8.221214 -0.700846 -7.260968 -1.421916 1.154424 -1.708407 0.0 0.0 -1e-06 
0.0 0.0 0.0 0.0 -0.0 0.0 2.951454 99.562309 2.064814 1.122203 1.505204 -2.825858 -0.507442 0.464236 -4.080165 -0.347097 0.297767 -6.652135 -0.435437 -0.919138 27.359121 4.38887 0.531098 11.268808 -1.730181 -2.481283 -3.747096 -1.104545 -3.565249 -9.49527 7.7e-05 -2.2e-05 6e-06 0.032503 -0.053541 -0.039895 0.711617 -3.728088 -10.581367 -0.65045 3.625021 -10.577315 -14.786579 -10.582101 16.583303 -57.106091 -13.523834 13.54376 -0.014499 -34.023766 0.34351 5.249942 7.348446 -5.489084 -5.88211 9.861291 0.702591 -10.936878 -0.360575 7.156211 1e-06 8.774831 -1e-06 -16.317232 18.330879 5.939261 -1.844033 2.498506 -2.507279 -10.163604 4.678948 4.621111 -20.976034 -3e-06 0.0 -21.226297 2.451698 -3.594004 1e-06 -5e-06 -0.0 -1.362682 2.240799 -0.746324 -21.334927 0.58491 3.008325 -13.821221 -3e-06 1e-06 -23.887182 -0.249079 -0.839483 -60.191269 2.321465 -1.328496 -0.294025 1.679688 0.833256 -14.218217 0.093214 1.300583 -34.212067 -0.287564 0.967173 -20.033224 0.964539 1.212846 1e-06 0.0 1e-06 -3.440391 0.788234 0.501655 -15.928196 -3.167311 2.999711 -6.33883 -1e-06 0.0 -18.123457 3.648184 -4.905673 -5e-06 -0.0 -1e-06 10.864723 16.362741 16.424179 60.829563 7.764625 9.586974 -0.068527 38.59549 0.132163 3.718189 -1.566584 -11.573056 2.243542 -5.255038 -3.180159 14.282896 -0.826594 6.952503 -2e-06 -12.690606 0.0 16.123566 -17.822371 2.604434 1.665667 -1.955922 -2.878298 4.7278 -4.170588 4.993925 11.020529 3e-06 -3e-06 12.109056 -3.735716 -2.866786 -0.0 -0.0 -1e-06 1.291987 -1.92855 -1.498091 14.800136 0.567469 3.865607 14.242577 -1.341736 -6.66066 19.631973 0.143928 -0.648245 49.775227 -0.832743 -6.290082 0.353029 -1.511152 -0.03194 20.222799 3.684312 2.316629 18.787279 6e-06 -1e-06 10.751633 -0.479867 1.397906 0.0 0.0 -1e-06 3.273808 0.305947 -0.580112 21.48682 11.830379 2.266133 8.162931 2e-06 -1e-06 18.399088 -3.798985 -4.940577 4e-06 1e-06 -1e-06 3.698582 5.839619 -6.149965 -0.064499 0.014004 12.680805 -7.479991 6.210101 -3.520587 1.639555 -1.83273 -1.049334 -0.0 0.0 2e-06 -7.171648 0.078154 -2.550847 0.064849 0.162968 12.666335 8.242782 -0.691273 -7.247021 -1.421075 1.157039 -1.695631 0.0 0.0 -1e-06 
0.0 0.0 0.0 0.0 -0.0 0.0 2.986114 99.561684 2.017532 1.137768 1.491004 -2.811677 -0.510958 0.462201 -4.068747 -0.348541 0.304167 -6.645842 -0.426401 -0.925451 27.370684 4.390111 0.521592 11.221689 -1.732481 -2.487997 -3.744743 -1.095246 -3.585503 -9.519106 7.7e-05 -2.2e-05 6e-06 0.031648 -0.050173 -0.041681 0.711094 -3.723985 -10.576846 -0.651769 3.627973 -10.573267 -14.753456 -10.612857 16.602655 -57.070583 -13.610591 13.436892 -0.057727 -34.037792 0.373345 5.297126 7.380861 -5.537322 -5.882107 9.861286 0.702592 -10.936873 -0.360575 7.156205 0.0 8.774826 0.0 -16.313017 18.329247 5.941585 -1.844033 2.498504 -2.507278 -10.163601 4.678946 4.621107 -20.976027 -4e-06 -1e-06 -21.226292 2.451696 -3.594002 1e-06 -6e-06 -0.0 -1.362683 2.240799 -0.746323 -21.334917 0.584909 3.00832 -13.821217 -3e-06 -1e-06 -23.887175 -0.249079 -0.839483 -60.183529 2.312875 -1.326589 -0.294025 1.679688 0.833255 -14.218212 0.093215 1.30058 -34.212063 -0.287566 0.967168 -20.03322 0.964535 1.212842 1e-06 1e-06 1e-06 -3.440389 0.788234 0.501655 -15.928189 -3.16731 2.999704 -6.338828 -2e-06 -1e-06 -18.123449 3.648182 -4.905672 -5e-06 -1e-06 -1e-06 10.817512 16.391251 16.384218 60.834141 7.751897 9.504741 -0.060372 38.547665 0.12797 3.777442 -1.574273 -11.571415 2.243542 -5.255036 -3.180157 14.282887 -0.826595 6.952499 -2e-06 -12.690604 0.0 16.118864 -17.834234 2.607149 1.665666 -1.955921 -2.878299 4.727798 -4.170588 4.993924 11.020524 2e-06 -2e-06 12.10905 -3.735717 -2.866786 -0.0 -0.0 -1e-06 1.291985 -1.928549 -1.498089 14.800125 0.567466 3.865608 14.24257 -1.341737 -6.66066 19.631968 0.143925 -0.648246 49.756409 -0.829893 -6.2961 0.353029 -1.51115 -0.03194 20.222786 3.684308 2.316628 18.78727 4e-06 -3e-06 10.751624 -0.47987 1.397903 0.0 0.0 -1e-06 3.273806 0.305947 -0.580111 21.486809 11.830374 2.266131 8.162928 1e-06 -1e-06 18.399078 -3.798985 -4.940576 4e-06 1e-06 -1e-06 3.658741 5.907315 -6.188848 -0.061038 0.018364 12.695801 -7.453434 6.174664 -3.504801 1.639598 -1.826678 -1.023228 0.0 0.0 2e-06 -7.217736 0.053041 -2.616731 0.068494 0.164849 12.698496 8.235722 -0.654513 -7.2232 -1.419973 1.156781 -1.689094 -0.0 -0.0 -1e-06 
0.0 0.0 0.0 0.0 -0.0 0.0 3.017804 99.559639 1.979301 1.156262 1.487599 -2.801421 -0.507079 0.453258 -4.054614 -0.352759 0.313665 -6.635559 -0.422261 -0.92455 27.375866 4.40012 0.520135 11.154532 -1.746564 -2.505397 -3.742794 -1.079693 -3.609352 -9.542584 7.7e-05 -2.2e-05 6e-06 0.031172 -0.048777 -0.043426 0.711631 -3.722003 -10.574553 -0.653333 3.628969 -10.570786 -14.707279 -10.64747 16.608194 -57.045547 -13.698998 13.386592 -0.09138 -34.019817 0.392012 5.343755 7.375122 -5.602308 -5.882109 9.861291 0.702591 -10.936878 -0.360577 7.156209 2e-06 8.774831 -1e-06 -16.304415 18.326603 5.950886 -1.844034 2.498506 -2.507278 -10.163608 4.678946 4.62111 -20.97604 -7e-06 0.0 -21.226303 2.451696 -3.594001 1e-06 -6e-06 -0.0 -1.362682 2.240799 -0.746323 -21.334929 0.584906 3.008325 -13.821221 -5e-06 1e-06 -23.887184 -0.249082 -0.839481 -60.177418 2.302303 -1.31544 -0.294025 1.679688 0.833256 -14.218219 0.093213 1.300583 -34.212074 -0.287569 0.967172 -20.03323 0.964535 1.212846 1e-06 0.0 1e-06 -3.44039 0.788233 0.501656 -15.9282 -3.167315 2.999709 -6.33883 -3e-06 -1e-06 -18.123459 3.648181 -4.905675 -5e-06 -1e-06 1e-06 10.774198 16.437119 16.350603 60.839821 7.72503 9.45667 -0.058621 38.503983 0.124874 3.851816 -1.593301 -11.52469 2.243541 -5.255038 -3.18016 14.282896 -0.826594 6.952507 -3e-06 -12.690608 -1e-06 16.121405 -17.843399 2.613583 1.665666 -1.955922 -2.878299 4.7278 -4.170588 4.993924 11.020529 3e-06 -2e-06 12.109055 -3.735717 -2.866785 -0.0 0.0 -1e-06 1.291986 -1.92855 -1.498089 14.800134 0.567469 3.865608 14.242576 -1.341737 -6.66066 19.631975 0.143928 -0.648244 49.740501 -0.832153 -6.296408 0.353029 -1.511151 -0.031941 20.222797 3.684312 2.316631 18.787279 5e-06 -0.0 10.751633 -0.479868 1.397906 0.0 0.0 -1e-06 3.273808 0.305947 -0.58011 21.48682 11.830379 2.266133 8.16293 1e-06 -0.0 18.399088 -3.798986 -4.940577 5e-06 1e-06 0.0 3.619421 5.969652 -6.224578 -0.060578 0.025974 12.71494 -7.412051 6.128291 -3.490411 1.639372 -1.829516 -1.003566 -0.0 0.0 2e-06 -7.26402 0.028019 -2.674586 0.070513 0.166219 12.74105 8.216844 -0.625632 -7.213829 -1.418363 1.152263 -1.683013 -0.0 0.0 -1e-06 
0.0 0.0 0.0 0.0 -0.0 0.0 3.047007 99.558327 1.95307 1.170497 1.494797 -2.802802 -0.4984 0.442614 -4.031662 -0.352701 0.319709 -6.61872 -0.421983 -0.931605 27.365982 4.413141 0.526252 11.098017 -1.765862 -2.518296 -3.74166 -1.056584 -3.616385 -9.572919 7.7e-05 -2.3e-05 6e-06 0.031511 -0.050003 -0.045541 0.714097 -3.722729 -10.571126 -0.655098 3.627392 -10.567064 -14.663304 -10.689863 16.624971 -57.027531 -13.796867 13.389439 -0.09717 -33.979565 0.396051 5.36106 7.366479 -5.710849 -5.882109 9.86129 0.702591 -10.936876 -0.360575 7.156208 1e-06 8.77483 0.0 -16.294729 18.335993 5.964167 -1.844033 2.498505 -2.507279 -10.163604 4.678946 4.62111 -20.976032 -4e-06 2e-06 -21.226294 2.451698 -3.594002 1e-06 -6e-06 -0.0 -1.362682 2.240799 -0.746324 -21.334921 0.584909 3.008326 -13.82122 -4e-06 2e-06 -23.887175 -0.249079 -0.839481 -60.183277 2.289261 -1.295035 -0.294024 1.679687 0.833257 -14.218212 0.093214 1.30058 -34.212055 -0.287564 0.967174 -20.033218 0.964538 1.212847 1e-06 1e-06 1e-06 -3.44039 0.788233 0.501655 -15.928192 -3.167312 2.999709 -6.338829 -2e-06 0.0 -18.123453 3.648183 -4.90567 -4e-06 -0.0 -1e-06 10.732001 16.498207 16.342266 60.859512 7.703492 9.414015 -0.048443 38.481541 0.131567 3.92792 -1.648607 -11.460321 2.243542 -5.255038 -3.180159 14.282896 -0.826594 6.952506 -3e-06 -12.690606 0.0 16.129232 -17.851185 2.617644 1.665666 -1.955922 -2.878299 4.727799 -4.170588 4.993926 11.020529 3e-06 -1e-06 12.109055 -3.735716 -2.866785 -0.0 -0.0 -1e-06 1.291986 -1.92855 -1.498089 14.800132 0.567469 3.865608 14.242574 -1.341735 -6.660661 19.631969 0.143928 -0.648246 49.730152 -0.830504 -6.294103 0.353029 -1.51115 -0.03194 20.222799 3.684312 2.316628 18.787281 6e-06 -1e-06 10.751632 -0.479869 1.397904 0.0 0.0 -0.0 3.273807 0.305947 -0.580111 21.486816 11.830378 2.266132 8.162928 1e-06 0.0 18.399084 -3.798984 -4.940577 4e-06 1e-06 0.0 3.588201 6.027086 -6.244617 -0.062488 0.029245 12.726089 -7.372259 6.067978 -3.471643 1.639946 -1.837652 -1.007877 -0.0 0.0 2e-06 -7.303351 0.006577 -2.696402 0.072993 0.167236 12.757467 8.196844 -0.607753 -7.20343 -1.417003 1.147779 -1.68735 -0.0 0.0 -1e-06 
0.0 0.0 0.0 0.0 -0.0 0.0 3.078722 99.55899 1.941464 1.180431 1.500349 -2.811769 -0.488613 0.428816 -4.007716 -0.348418 0.324748 -6.597817 -0.427612 -0.941144 27.34547 4.425302 0.525024 11.05229 -1.771172 -2.4883 -3.738391 -1.03407 -3.594517 -9.59475 7.7e-05 -2.2e-05 6e-06 0.031905 -0.049828 -0.047692 0.716306 -3.723689 -10.569913 -0.656429 3.628806 -10.565702 -14.629969 -10.728322 16.643398 -57.003574 -13.878927 13.45605 -0.073688 -33.948689 0.386315 5.350664 7.37288 -5.777593 -5.88211 9.861289 0.70259 -10.936878 -0.360574 7.156209 1e-06 8.774829 0.0 -16.268019 18.347626 5.986825 -1.844033 2.498505 -2.507279 -10.163605 4.678947 4.621112 -20.976038 -3e-06 1e-06 -21.226299 2.451699 -3.594001 1e-06 -6e-06 -0.0 -1.362682 2.240799 -0.746323 -21.334925 0.58491 3.008326 -13.82122 -2e-06 3e-06 -23.887182 -0.249077 -0.839482 -60.173512 2.278945 -1.277794 -0.294025 1.679688 0.833256 -14.218219 0.093215 1.300581 -34.212074 -0.287563 0.967173 -20.03323 0.964537 1.212844 1e-06 1e-06 2e-06 -3.44039 0.788234 0.501657 -15.928194 -3.167311 2.999709 -6.338829 -2e-06 1e-06 -18.123457 3.648183 -4.905671 -4e-06 -1e-06 -1e-06 10.693086 16.562756 16.351309 60.90522 7.697052 9.383322 -0.067931 38.451454 0.131199 4.006325 -1.688102 -11.387818 2.243542 -5.255037 -3.180157 14.282896 -0.826595 6.952505 -2e-06 -12.690609 -0.0 16.1355 -17.846949 2.627549 1.665666 -1.955922 -2.878299 4.7278 -4.170588 4.993925 11.02053 3e-06 -1e-06 12.109056 -3.735716 -2.866785 -0.0 0.0 -1e-06 1.291986 -1.92855 -1.498089 14.800132 0.567468 3.86561 14.242577 -1.341737 -6.660659 19.631975 0.143926 -0.648243 49.730282 -0.839749 -6.296309 0.353029 -1.511152 -0.031941 20.222801 3.684311 2.31663 18.787281 5e-06 1e-06 10.751632 -0.479868 1.397907 0.0 0.0 -1e-06 3.273807 0.305948 -0.58011 21.48682 11.830379 2.266135 8.162932 2e-06 -0.0 18.399088 -3.798987 -4.940576 5e-06 1e-06 0.0 3.564335 6.079634 -6.246006 -0.065553 0.024213 12.722777 -7.330982 6.004409 -3.448045 1.641813 -1.839034 -1.028541 0.0 0.0 2e-06 -7.335623 0.003939 -2.681037 0.072511 0.170029 12.734032 8.179832 -0.609265 -7.185569 -1.416743 1.145725 -1.708352 -0.0 0.0 -1e-06 
0.0 0.0 0.0 0.0 -0.0 0.0 3.111128 99.558731 1.944172 1.190552 1.510085 -2.820511 -0.480364 0.422175 -3.98346 -0.347386 0.320045 -6.580439 -0.440033 -0.958806 27.322399 4.438347 0.520542 11.003675 -1.758172 -2.436762 -3.733611 -1.030639 -3.549999 -9.590253 7.7e-05 -2.2e-05 6e-06 0.031683 -0.046936 -0.049464 0.717607 -3.72218 -10.570338 -0.657999 3.6328 -10.566494 -14.600194 -10.757792 16.661007 -56.965485 -13.951493 13.642045 -0.007199 -33.92033 0.359798 5.311614 7.368151 -5.755762 -5.882109 9.861288 0.70259 -10.936874 -0.360574 7.156204 -0.0 8.774827 -1e-06 -16.239145 18.345604 5.998486 -1.844033 2.498505 -2.507278 -10.163602 4.678947 4.621109 -20.976028 -1e-06 -0.0 -21.226294 2.4517 -3.594003 -0.0 -6e-06 -0.0 -1.362682 2.240798 -0.746323 -21.334921 0.584911 3.008321 -13.821218 -2e-06 1e-06 -23.887182 -0.249077 -0.839486 -60.144524 2.272902 -1.274734 -0.294025 1.679688 0.833257 -14.218214 0.093217 1.300578 -34.212059 -0.287563 0.967165 -20.033218 0.964538 1.212841 1e-06 -1e-06 1e-06 -3.440389 0.788234 0.501656 -15.928191 -3.167308 2.999707 -6.338829 -1e-06 -1e-06 -18.123455 3.648186 -4.905674 -5e-06 -0.0 -1e-06 10.662976 16.62623 16.358797 60.959267 7.692863 9.317628 -0.066235 38.439091 0.142579 4.065249 -1.691873 -11.286761 2.243542 -5.255038 -3.180158 14.282894 -0.826595 6.952504 -1e-06 -12.690608 -2e-06 16.150301 -17.837944 2.631815 1.665667 -1.955922 -2.8783 4.7278 -4.170588 4.993925 11.020529 2e-06 -0.0 12.109056 -3.735717 -2.866786 -0.0 0.0 -1e-06 1.291986 -1.92855 -1.498089 14.800132 0.567469 3.865607 14.242577 -1.341738 -6.66066 19.631973 0.143925 -0.648245 49.748886 -0.853664 -6.306545 0.353029 -1.511151 -0.03194 20.222801 3.684311 2.316631 18.787279 4e-06 -1e-06 10.751633 -0.479868 1.397905 0.0 0.0 -0.0 3.273808 0.305947 -0.580111 21.48682 11.830379 2.266135 8.16293 2e-06 -1e-06 18.399088 -3.798987 -4.940577 4e-06 -0.0 -1e-06 3.538855 6.12007 -6.24851 -0.070457 0.012768 12.728077 -7.276707 5.950161 -3.433689 1.643686 -1.83637 -1.02196 0.0 0.0 2e-06 -7.367336 0.006501 -2.654897 0.069806 0.168399 12.709999 8.173818 -0.622582 -7.178668 -1.416414 1.143813 -1.736351 -0.0 0.0 -1e-06 
0.0 0.0 0.0 0.0 -0.0 0.0 3.134392 99.561401 1.949366 1.198432 1.52099 -2.820644 -0.479516 0.416979 -3.960042 -0.348931 0.2964 -6.567549 -0.445007 -0.962801 27.290691 4.452396 0.507567 10.948915 -1.733801 -2.367196 -3.729609 -1.030367 -3.497612 -9.562958 7.7e-05 -2.2e-05 6e-06 0.03126 -0.041708 -0.050973 0.716606 -3.718164 -10.567987 -0.657564 3.638611 -10.563684 -14.559459 -10.789405 16.681156 -56.951984 -13.998078 13.819282 0.050496 -33.911346 0.326083 5.288499 7.338365 -5.655761 -5.882111 9.861291 0.70259 -10.93688 -0.360574 7.156211 1e-06 8.77483 -1e-06 -16.211351 18.343433 6.006369 -1.844035 2.498507 -2.50728 -10.163607 4.678948 4.621109 -20.97604 -3e-06 -0.0 -21.226303 2.451697 -3.594004 1e-06 -6e-06 -0.0 -1.362682 2.2408 -0.746324 -21.33493 0.58491 3.008324 -13.821223 -3e-06 -2e-06 -23.887188 -0.24908 -0.839484 -60.108685 2.268195 -1.279481 -0.294025 1.679687 0.833258 -14.218218 0.093215 1.30058 -34.212074 -0.287565 0.967168 -20.03323 0.964536 1.212844 1e-06 0.0 0.0 -3.440391 0.788233 0.501657 -15.9282 -3.167311 2.999707 -6.338831 -1e-06 -1e-06 -18.123459 3.648184 -4.905675 -5e-06 -1e-06 -1e-06 10.645123 16.687904 16.345165 61.014175 7.658629 9.256144 -0.071093 38.469814 0.143466 4.112271 -1.688621 -11.216269 2.243543 -5.255039 -3.180158 14.282893 -0.826596 6.952501 -1e-06 -12.69061 -2e-06 16.167927 -17.832968 2.628892 1.665667 -1.955923 -2.878299 4.727801 -4.170589 4.993925 11.020529 2e-06 -2e-06 12.109056 -3.735718 -2.866786 -0.0 -0.0 -1e-06 1.291986 -1.92855 -1.49809 14.800132 0.567468 3.865607 14.242576 -1.341739 -6.660659 19.631969 0.143926 -0.648247 49.771053 -0.858167 -6.326372 0.353029 -1.511151 -0.031941 20.222797 3.68431 2.31663 18.787279 4e-06 0.0 10.751629 -0.479869 1.397905 0.0 0.0 -1e-06 3.273807 0.305947 -0.580111 21.48682 11.830379 2.266134 8.16293 2e-06 0.0 18.399088 -3.798987 -4.940578 4e-06 1e-06 0.0 3.514992 6.137851 -6.241957 -0.074801 0.005146 12.707053 -7.245045 5.940637 -3.418602 1.646118 -1.830462 -0.992542 0.0 0.0 2e-06 -7.38754 0.029535 -2.627402 0.067247 0.168267 12.667755 8.153646 -0.658981 -7.166764 -1.417314 1.142541 -1.757012 -0.0 -0.0 -1e-06 
0.0 0.0 0.0 0.0 -0.0 0.0 3.149446 99.566727 1.943992 1.203076 1.527757 -2.821247 -0.483151 0.412267 -3.929771 -0.353803 0.268822 -6.557838 -0.444893 -0.95283 27.267349 4.47475 0.498519 10.899781 -1.722633 -2.304818 -3.729872 -1.010595 -3.460447 -9.534382 7.7e-05 -2.3e-05 6e-06 0.031127 -0.038372 -0.053169 0.716725 -3.71588 -10.568468 -0.657802 3.642657 -10.562812 -14.512293 -10.81346 16.709187 -56.955921 -14.025783 13.923635 0.079269 -33.938625 0.303467 5.284882 7.295745 -5.508331 -5.882106 9.861282 0.702591 -10.936871 -0.360575 7.156203 1e-06 8.774822 -2e-06 -16.194239 18.338581 6.017529 -1.844032 2.498504 -2.507277 -10.163601 4.678944 4.621109 -20.976025 -4e-06 1e-06 -21.226288 2.451697 -3.593998 1e-06 -7e-06 -1e-06 -1.362681 2.240797 -0.746325 -21.334913 0.58491 3.008325 -13.821213 -3e-06 1e-06 -23.887173 -0.249079 -0.839482 -60.089321 2.273711 -1.274526 -0.294025 1.679686 0.833256 -14.218208 0.093215 1.300579 -34.212048 -0.287563 0.967171 -20.033213 0.964536 1.212843 0.0 2e-06 1e-06 -3.440388 0.788233 0.501654 -15.928185 -3.16731 2.999707 -6.338826 -1e-06 -0.0 -18.123444 3.648181 -4.905669 -5e-06 -1e-06 -0.0 10.645076 16.733097 16.346935 61.078815 7.627604 9.157917 -0.095268 38.531258 0.138289 4.156497 -1.675811 -11.24351 2.243541 -5.255035 -3.180157 14.282887 -0.826594 6.952501 -2e-06 -12.6906 0.0 16.186775 -17.829323 2.623319 1.665666 -1.955921 -2.878299 4.727798 -4.170586 4.993922 11.020524 2e-06 -1e-06 12.109052 -3.735714 -2.866784 -0.0 -0.0 -0.0 1.291986 -1.928548 -1.498089 14.800122 0.567467 3.865604 14.242566 -1.341736 -6.660656 19.63196 0.143927 -0.648248 49.78894 -0.851468 -6.342098 0.353029 -1.51115 -0.03194 20.222786 3.684309 2.316628 18.787271 5e-06 -3e-06 10.751627 -0.479869 1.397905 1e-06 0.0 -0.0 3.273806 0.305947 -0.580111 21.486809 11.83037 2.26613 8.162924 1e-06 -1e-06 18.399076 -3.798984 -4.940574 5e-06 1e-06 0.0 3.504967 6.151168 -6.216069 -0.079145 -0.001531 12.660322 -7.242644 5.962707 -3.397019 1.649492 -1.821711 -0.982009 0.0 0.0 2e-06 -7.395748 0.06266 -2.600497 0.060643 0.167007 12.610661 8.127468 -0.692019 -7.140107 -1.418933 1.143594 -1.767946 0.0 0.0 -1e-06 
0.0 0.0 0.0 0.0 -0.0 0.0 3.161779 99.567307 1.927106 1.20803 1.54078 -2.81696 -0.488074 0.404017 -3.901115 -0.362018 0.246758 -6.549383 -0.444109 -0.942048 27.263502 4.496214 0.500239 10.873781 -1.722946 -2.270838 -3.735075 -0.988189 -3.444123 -9.530376 7.7e-05 -2.3e-05 6e-06 0.032078 -0.039438 -0.053713 0.717706 -3.717108 -10.570476 -0.656849 3.641519 -10.563152 -14.466255 -10.826285 16.731092 -56.970066 -14.033286 13.971814 0.077434 -34.00433 0.308327 5.316844 7.232539 -5.368624 -5.882112 9.861293 0.702592 -10.93688 -0.360573 7.156212 -1e-06 8.774831 -0.0 -16.195339 18.331465 6.030144 -1.844035 2.498507 -2.507279 -10.163609 4.678949 4.621112 -20.97604 -1e-06 -0.0 -21.226303 2.451701 -3.594005 0.0 -5e-06 -0.0 -1.362683 2.2408 -0.746324 -21.33493 0.584912 3.008325 -13.821223 -1e-06 -0.0 -23.887188 -0.249076 -0.839484 -60.098125 2.286843 -1.258331 -0.294025 1.679688 0.833257 -14.21822 0.093216 1.300582 -34.212082 -0.28756 0.96717 -20.033232 0.964538 1.212843 1e-06 1e-06 2e-06 -3.440391 0.788235 0.501655 -15.928196 -3.16731 2.999711 -6.338831 -1e-06 -0.0 -18.123461 3.648186 -4.905674 -5e-06 -1e-06 -1e-06 10.647195 16.76322 16.350431 61.172466 7.615825 9.004595 -0.129708 38.592926 0.134967 4.194941 -1.649107 -11.314943 2.243543 -5.25504 -3.180159 14.282897 -0.826597 6.952504 0.0 -12.690611 -1e-06 16.196589 -17.832432 2.623861 1.665668 -1.955924 -2.878302 4.727802 -4.170591 4.993926 11.020534 0.0 -1e-06 12.109059 -3.735721 -2.866786 -0.0 -0.0 -1e-06 1.291987 -1.92855 -1.498089 14.800134 0.567466 3.865609 14.242579 -1.34174 -6.660662 19.631973 0.143923 -0.648248 49.792027 -0.844027 -6.343263 0.35303 -1.511153 -0.03194 20.222801 3.684308 2.31663 18.787285 1e-06 -2e-06 10.751633 -0.479871 1.397905 1e-06 0.0 -0.0 3.273809 0.305946 -0.58011 21.486824 11.830379 2.266135 8.162933 1e-06 -2e-06 18.399097 -3.798989 -4.940581 4e-06 1e-06 -1e-06 3.501597 6.147492 -6.219671 -0.083019 -0.003752 12.658496 -7.266438 5.995893 -3.394655 1.652987 -1.817072 -0.981516 0.0 0.0 2e-06 -7.402581 0.090101 -2.612689 0.051287 0.161988 12.609859 8.109051 -0.70998 -7.133665 -1.420908 1.143074 -1.773965 0.0 0.0 -1e-06 
0.0 0.0 0.0 0.0 -0.0 0.0 3.17123 99.570099 1.902164 1.214364 1.53888 -2.814343 -0.493303 0.397627 -3.875835 -0.372404 0.236088 -6.543956 -0.451747 -0.937046 27.284517 4.51017 0.500975 10.885067 -1.731053 -2.260312 -3.73997 -0.947868 -3.440667 -9.567677 7.7e-05 -2.2e-05 6e-06 0.033692 -0.046527 -0.050696 0.720744 -3.722982 -10.569665 -0.656719 3.633216 -10.560287 -14.430807 -10.822759 16.780039 -56.969975 -14.049477 14.03056 0.069703 -34.095364 0.328792 5.373316 7.183037 -5.267314 -5.88211 9.861291 0.70259 -10.936876 -0.360574 7.156205 -0.0 8.77483 -1e-06 -16.216806 18.333706 6.043113 -1.844034 2.498506 -2.507279 -10.163604 4.678947 4.621109 -20.976034 -3e-06 -1e-06 -21.226295 2.451697 -3.594002 0.0 -6e-06 0.0 -1.362682 2.240799 -0.746323 -21.334921 0.584912 3.008322 -13.821218 -2e-06 -0.0 -23.887182 -0.249079 -0.839488 -60.136837 2.308934 -1.239242 -0.294026 1.679688 0.833257 -14.218215 0.093216 1.300578 -34.212063 -0.287565 0.967165 -20.033224 0.964537 1.212842 0.0 2e-06 2e-06 -3.44039 0.788234 0.501655 -15.928192 -3.167311 2.999703 -6.338829 -1e-06 -1e-06 -18.123457 3.648185 -4.905675 -5e-06 -1e-06 -1e-06 10.6421 16.785353 16.341112 61.29771 7.63138 8.864995 -0.187925 38.643639 0.120797 4.215118 -1.650463 -11.387248 2.243542 -5.255038 -3.180158 14.282896 -0.826595 6.952505 -2e-06 -12.690607 1e-06 16.199589 -17.852001 2.640917 1.665667 -1.955921 -2.8783 4.727801 -4.170588 4.993926 11.020531 3e-06 -2e-06 12.109058 -3.735717 -2.866786 -0.0 0.0 -1e-06 1.291987 -1.92855 -1.498091 14.800132 0.567468 3.865607 14.242579 -1.341735 -6.660659 19.631973 0.143927 -0.648246 49.809116 -0.842767 -6.328176 0.353029 -1.511152 -0.031939 20.222803 3.684312 2.316628 18.787283 5e-06 -2e-06 10.751634 -0.479867 1.397905 0.0 0.0 -0.0 3.273809 0.305947 -0.58011 21.486824 11.830379 2.266132 8.162933 2e-06 -1e-06 18.399092 -3.798984 -4.94058 5e-06 -0.0 -1e-06 3.413182 6.136973 -6.215798 -0.082665 0.004258 12.630714 -7.223513 6.035668 -3.423774 1.654781 -1.820269 -0.988639 -0.0 0.0 2e-06 -7.411779 0.098381 -2.627437 0.040495 0.150974 12.599286 8.099045 -0.699918 -7.110023 -1.423461 1.139861 -1.769637 0.0 0.0 -1e-06 
0.0 0.0 0.0 0.0 -0.0 0.0 3.170522 99.573647 1.875775 1.217587 1.534507 -2.813314 -0.500145 0.399709 -3.865927 -0.38211 0.237429 -6.546588 -0.467818 -0.950265 27.358065 4.5192 0.497713 10.933174 -1.744006 -2.262964 -3.741135 -0.889783 -3.455559 -9.626634 7.7e-05 -2.2e-05 6e-06 0.034523 -0.050751 -0.046509 0.724703 -3.724839 -10.567553 -0.659157 3.626915 -10.557254 -14.405208 -10.802174 16.838657 -56.950394 -14.084666 14.120371 0.065311 -34.175537 0.340318 5.452042 7.142827 -5.265723 -5.882111 9.861291 0.702592 -10.93688 -0.360573 7.15621 0.0 8.774829 0.0 -16.244366 18.347075 6.048034 -1.844034 2.498505 -2.507278 -10.163607 4.678948 4.621111 -20.97604 -3e-06 0.0 -21.226303 2.451698 -3.594004 0.0 -6e-06 -1e-06 -1.362682 2.240799 -0.746324 -21.33493 0.584911 3.008322 -13.821223 -3e-06 1e-06 -23.887192 -0.24908 -0.839485 -60.187122 2.341868 -1.231297 -0.294024 1.679688 0.833256 -14.218219 0.093216 1.300582 -34.212074 -0.287563 0.967167 -20.033226 0.964536 1.212842 0.0 2e-06 1e-06 -3.440391 0.788234 0.501656 -15.928196 -3.16731 2.999707 -6.338831 -1e-06 0.0 -18.123461 3.648184 -4.905675 -5e-06 0.0 -1e-06 10.633771 16.796867 16.346462 61.395042 7.682682 8.714505 -0.213281 38.735474 0.111852 4.213229 -1.683128 -11.431579 2.243543 -5.25504 -3.180159 14.282898 -0.826596 6.952503 -2e-06 -12.690612 -0.0 16.198273 -17.870396 2.661747 1.665667 -1.955921 -2.8783 4.727801 -4.170589 4.993925 11.020532 3e-06 -3e-06 12.109058 -3.735716 -2.866788 -0.0 0.0 -1e-06 1.291987 -1.92855 -1.49809 14.800138 0.567467 3.865607 14.242582 -1.341737 -6.660664 19.631981 0.143927 -0.648247 49.834431 -0.836639 -6.308809 0.353029 -1.511151 -0.031941 20.222801 3.684312 2.316627 18.787287 5e-06 -4e-06 10.751634 -0.479867 1.397905 0.0 0.0 -1e-06 3.273808 0.305947 -0.580112 21.486826 11.830381 2.266129 8.162933 2e-06 -2e-06 18.399092 -3.798986 -4.94058 5e-06 -0.0 -1e-06 3.406461 6.123032 -6.215295 -0.07804 0.016257 12.59253 -7.258256 6.053784 -3.39189 1.655071 -1.829595 -0.985556 -0.0 0.0 2e-06 -7.41585 0.082277 -2.641873 0.034015 0.137712 12.587848 8.103935 -0.658625 -7.080614 -1.42541 1.139164 -1.747621 0.0 0.0 -1e-06 
0.0 0.0 0.0 0.0 -0.0 0.0 3.156081 99.575264 1.850851 1.213849 1.544152 -2.812727 -0.512893 0.407071 -3.871949 -0.3877 0.236752 -6.549935 -0.475036 -0.963266 27.465742 4.522414 0.473827 11.042109 -1.744162 -2.239873 -3.73967 -0.835315 -3.468387 -9.673557 7.7e-05 -2.2e-05 6e-06 0.033927 -0.04835 -0.041769 0.726342 -3.720679 -10.565114 -0.662148 3.627949 -10.554512 -14.390515 -10.782411 16.885515 -56.930107 -14.112583 14.218395 0.071433 -34.215469 0.341162 5.522701 7.115302 -5.346992 -5.882104 9.861284 0.702591 -10.93687 -0.360576 7.156205 1e-06 8.774826 -2e-06 -16.267965 18.363604 6.04498 -1.844032 2.498504 -2.507277 -10.163599 4.678944 4.621108 -20.976021 -5e-06 1e-06 -21.226286 2.451695 -3.593999 0.0 -6e-06 -1e-06 -1.362681 2.240798 -0.746323 -21.334913 0.584908 3.008325 -13.821213 -4e-06 2e-06 -23.887167 -0.24908 -0.839481 -60.23806 2.369552 -1.226737 -0.294025 1.679687 0.833256 -14.218208 0.093213 1.300581 -34.212051 -0.287567 0.967173 -20.033213 0.964535 1.212845 0.0 2e-06 0.0 -3.440388 0.788234 0.501656 -15.928185 -3.167312 2.999708 -6.338826 -2e-06 1e-06 -18.123444 3.648181 -4.905669 -5e-06 -1e-06 -1e-06 10.625431 16.797417 16.365089 61.46384 7.738635 8.559525 -0.218633 38.865253 0.098248 4.207891 -1.707459 -11.49557 2.243539 -5.255033 -3.180156 14.282881 -0.826591 6.952497 -5e-06 -12.690595 -1e-06 16.190861 -17.876431 2.680653 1.665665 -1.955921 -2.878297 4.727796 -4.170584 4.993921 11.020517 3e-06 0.0 12.109041 -3.735713 -2.866781 -0.0 0.0 -1e-06 1.291984 -1.928548 -1.498089 14.80012 0.56747 3.865606 14.24256 -1.341734 -6.660653 19.631952 0.143927 -0.64824 49.841663 -0.826503 -6.289261 0.353028 -1.51115 -0.031941 20.22278 3.684311 2.316631 18.787258 6e-06 0.0 10.751622 -0.479868 1.397906 0.0 0.0 -0.0 3.273804 0.305946 -0.58011 21.486801 11.83037 2.266135 8.162924 2e-06 1e-06 18.399067 -3.798983 -4.940568 4e-06 -0.0 -1e-06 3.415582 6.123396 -6.226067 -0.070966 0.027219 12.574162 -7.302183 6.034748 -3.363978 1.654228 -1.837773 -0.965943 0.0 0.0 2e-06 -7.40807 0.032205 -2.660738 0.032443 0.129093 12.594866 8.113173 -0.583971 -7.060771 -1.426998 1.145071 -1.707659 0.0 -0.0 -1e-06 
0.0 0.0 0.0 0.0 -0.0 0.0 3.127504 99.576775 1.832308 1.204944 1.560122 -2.813928 -0.528506 0.421697 -3.889998 -0.38944 0.235828 -6.550987 -0.477344 -0.974619 27.591764 4.52366 0.4255 11.207201 -1.739433 -2.208147 -3.735559 -0.78438 -3.471865 -9.709952 7.7e-05 -2.2e-05 6e-06 0.032191 -0.037492 -0.037945 0.724177 -3.708214 -10.561667 -0.663547 3.637509 -10.5513 -14.362109 -10.767549 16.944712 -56.93951 -14.147882 14.273672 0.073591 -34.194523 0.355774 5.570024 7.109474 -5.452695 -5.882112 9.861295 0.702592 -10.936881 -0.360573 7.156214 -1e-06 8.774833 -1e-06 -16.28508 18.361217 6.02895 -1.844034 2.498507 -2.507281 -10.16361 4.678951 4.621116 -20.97604 1e-06 2e-06 -21.226303 2.451703 -3.594005 0.0 -6e-06 -1e-06 -1.362683 2.2408 -0.746325 -21.33493 0.584915 3.008328 -13.821225 -0.0 3e-06 -23.887188 -0.249074 -0.839484 -60.261532 2.377069 -1.215781 -0.294026 1.679689 0.833257 -14.218223 0.093217 1.300583 -34.212078 -0.287557 0.967171 -20.033232 0.96454 1.212843 0.0 2e-06 1e-06 -3.440392 0.788235 0.501656 -15.928201 -3.16731 2.999711 -6.338832 -0.0 1e-06 -18.123466 3.648188 -4.905674 -5e-06 0.0 -1e-06 10.604897 16.767534 16.380644 61.517193 7.792317 8.456491 -0.220212 39.024189 0.081617 4.22151 -1.710941 -11.574059 2.243543 -5.255041 -3.180159 14.282901 -0.826597 6.952506 -1e-06 -12.690613 -1e-06 16.186232 -17.878477 2.694034 1.665667 -1.955922 -2.878298 4.727803 -4.170591 4.993927 11.020534 1e-06 -1e-06 12.10906 -3.735721 -2.866786 -1e-06 -0.0 -0.0 1.291987 -1.928552 -1.49809 14.800136 0.567466 3.865611 14.24258 -1.341741 -6.660661 19.631979 0.143923 -0.648247 49.839504 -0.818383 -6.27043 0.35303 -1.511151 -0.031939 20.222803 3.684309 2.316632 18.787287 2e-06 -2e-06 10.751637 -0.47987 1.397905 1e-06 0.0 -1e-06 3.273809 0.305947 -0.580111 21.486826 11.830382 2.266135 8.162935 1e-06 -1e-06 18.399097 -3.798991 -4.94058 5e-06 0.0 -1e-06 3.440477 6.14416 -6.231242 -0.062182 0.037583 12.554109 -7.331324 5.982791 -3.331413 1.653971 -1.845582 -0.926451 -0.0 0.0 2e-06 -7.387879 -0.043234 -2.673296 0.033663 0.127376 12.604324 8.116105 -0.49407 -7.045364 -1.427421 1.156829 -1.673701 -0.0 -0.0 -1e-06 
0.0 0.0 0.0 0.0 -0.0 0.0 3.089257 99.582962 1.818905 1.190748 1.574331 -2.801798 -0.538372 0.438727 -3.917659 -0.385259 0.244747 -6.552555 -0.484208 -0.993772 27.701189 4.51344 0.390669 11.409924 -1.734287 -2.201386 -3.728537 -0.749055 -3.468468 -9.715951 7.7e-05 -2.2e-05 6e-06 0.031999 -0.031226 -0.035723 0.721213 -3.701245 -10.556116 -0.660925 3.643119 -10.547135 -14.329515 -10.753687 16.989643 -56.958252 -14.13693 14.286828 0.05224 -34.135033 0.379909 5.596028 7.131265 -5.461131 -5.882112 9.861293 0.702593 -10.93688 -0.360574 7.156212 -1e-06 8.774832 -1e-06 -16.292786 18.356892 6.011411 -1.844035 2.498507 -2.507278 -10.16361 4.678949 4.621112 -20.97604 -1e-06 0.0 -21.226307 2.451701 -3.594004 1e-06 -6e-06 0.0 -1.362683 2.2408 -0.746324 -21.33493 0.584912 3.008325 -13.821225 -2e-06 2e-06 -23.88719 -0.249077 -0.839486 -60.243656 2.370932 -1.218716 -0.294026 1.679688 0.833257 -14.218222 0.093217 1.300581 -34.212082 -0.287561 0.967168 -20.03323 0.964539 1.212843 1e-06 1e-06 0.0 -3.440391 0.788235 0.501656 -15.9282 -3.167311 2.999709 -6.338831 -0.0 -2e-06 -18.123463 3.648187 -4.905674 -4e-06 -0.0 -1e-06 10.579656 16.712008 16.392147 61.536083 7.852509 8.432507 -0.208579 39.173229 0.07183 4.245543 -1.720037 -11.607198 2.243544 -5.25504 -3.180159 14.282899 -0.826595 6.952505 -1e-06 -12.690609 -1e-06 16.192005 -17.8832 2.700798 1.665668 -1.955923 -2.8783 4.727801 -4.170589 4.993926 11.020534 2e-06 -3e-06 12.109059 -3.735718 -2.866786 -0.0 -0.0 -0.0 1.291987 -1.928551 -1.49809 14.800136 0.567468 3.865608 14.24258 -1.341736 -6.660662 19.631975 0.143926 -0.648248 49.862541 -0.81183 -6.260732 0.353029 -1.511151 -0.03194 20.222803 3.684311 2.31663 18.787287 5e-06 -4e-06 10.751634 -0.479868 1.397904 0.0 0.0 -1e-06 3.273809 0.305946 -0.58011 21.486824 11.830379 2.266133 8.162932 1e-06 -2e-06 18.399092 -3.798984 -4.94058 4e-06 -0.0 -1e-06 3.476932 6.165904 -6.229574 -0.053973 0.049263 12.497502 -7.33347 5.91076 -3.277785 1.65159 -1.847931 -0.874889 -0.0 0.0 2e-06 -7.353996 -0.099415 -2.679484 0.037958 0.126105 12.576983 8.099278 -0.438618 -7.016532 -1.425227 1.174015 -1.662101 -0.0 -0.0 -1e-06 
0.0 0.0 0.0 0.0 -0.0 0.0 3.047576 99.589584 1.812547 1.17213 1.600028 -2.786504 -0.542111 0.447318 -3.932604 -0.378701 0.249815 -6.555729 -0.48258 -1.006586 27.77113 4.493439 0.375179 11.643131 -1.731763 -2.222455 -3.722026 -0.716718 -3.479894 -9.692129 7.7e-05 -2.2e-05 6e-06 0.032629 -0.028527 -0.0334 0.718546 -3.698351 -10.54996 -0.65685 3.645676 -10.541827 -14.290368 -10.749476 17.024418 -56.980019 -14.079655 14.320122 0.032963 -34.056763 0.397215 5.57033 7.194628 -5.336993 -5.882114 9.861295 0.702593 -10.936885 -0.360574 7.156212 0.0 8.774833 0.0 -16.302837 18.352892 5.994621 -1.844035 2.498507 -2.507278 -10.163611 4.67895 4.621113 -20.976049 -1e-06 -0.0 -21.226315 2.4517 -3.594006 1e-06 -6e-06 -0.0 -1.362684 2.240801 -0.746324 -21.334942 0.584913 3.008326 -13.821231 -2e-06 1e-06 -23.887201 -0.249079 -0.839486 -60.225433 2.361167 -1.238845 -0.294025 1.679689 0.833256 -14.218225 0.093216 1.300581 -34.212086 -0.287562 0.967169 -20.033236 0.964537 1.212841 1e-06 2e-06 1e-06 -3.440392 0.788234 0.501656 -15.928203 -3.16731 2.999709 -6.338833 -0.0 1e-06 -18.123468 3.648186 -4.905678 -4e-06 -1e-06 -1e-06 10.556154 16.650927 16.427727 61.51894 7.922739 8.431007 -0.180233 39.290283 0.072111 4.286908 -1.74585 -11.564896 2.243543 -5.25504 -3.180157 14.282891 -0.826596 6.952503 -0.0 -12.69061 -1e-06 16.202156 -17.892235 2.701524 1.665667 -1.955922 -2.878298 4.727799 -4.170591 4.993925 11.020528 1e-06 -3e-06 12.109055 -3.735719 -2.866785 -0.0 -0.0 -0.0 1.291986 -1.92855 -1.49809 14.800129 0.567467 3.865607 14.242571 -1.341739 -6.660661 19.631969 0.143925 -0.648246 49.89534 -0.812861 -6.260726 0.353029 -1.511151 -0.03194 20.222792 3.68431 2.316631 18.787273 2e-06 -3e-06 10.75163 -0.479869 1.397905 0.0 0.0 -1e-06 3.273807 0.305947 -0.58011 21.486816 11.830379 2.266133 8.16293 1e-06 -0.0 18.399086 -3.798988 -4.940579 4e-06 -0.0 -1e-06 3.586393 6.173176 -6.209767 -0.048109 0.055174 12.442766 -7.397929 5.844595 -3.20902 1.648584 -1.844289 -0.825976 0.0 0.0 2e-06 -7.310952 -0.137025 -2.676194 0.043373 0.124151 12.538178 8.069876 -0.42203 -6.992346 -1.421987 1.186466 -1.66111 -0.0 -0.0 -1e-06 
0.0 0.0 0.0 0.0 -0.0 0.0 3.007559 99.591797 1.816781 1.154963 1.651893 -2.782697 -0.54388 0.443872 -3.931539 -0.375899 0.237971 -6.553522 -0.474914 -1.005502 27.800858 4.480348 0.376057 11.907617 -1.727061 -2.265292 -3.724361 -0.708622 -3.487263 -9.627199 7.7e-05 -2.2e-05 6e-06 0.033974 -0.03175 -0.032316 0.717082 -3.700969 -10.546286 -0.652515 3.642002 -10.538966 -14.238254 -10.746826 17.060431 -57.00219 -13.982051 14.380557 0.012236 -33.98661 0.401214 5.506979 7.255472 -5.16027 -5.882108 9.86129 0.70259 -10.936875 -0.360575 7.156209 0.0 8.774831 -3e-06 -16.322754 18.350374 5.983952 -1.844033 2.498506 -2.507277 -10.163604 4.678947 4.621109 -20.976032 -4e-06 3e-06 -21.226292 2.451698 -3.594 0.0 -5e-06 -0.0 -1.362682 2.2408 -0.746324 -21.334921 0.58491 3.008322 -13.821218 -4e-06 0.0 -23.88718 -0.24908 -0.839482 -60.224628 2.352478 -1.264114 -0.294025 1.679689 0.833256 -14.218215 0.093215 1.30058 -34.212059 -0.287564 0.967169 -20.033218 0.964536 1.212844 -1e-06 2e-06 -0.0 -3.44039 0.788234 0.501657 -15.928192 -3.167311 2.999709 -6.338828 -1e-06 2e-06 -18.123455 3.648185 -4.905672 -4e-06 -1e-06 -0.0 10.540938 16.6199 16.482258 61.481491 7.978494 8.422965 -0.151018 39.366974 0.077892 4.336777 -1.77703 -11.485493 2.243545 -5.255042 -3.180159 14.282907 -0.826597 6.952507 -2e-06 -12.690618 0.0 16.221699 -17.903303 2.695104 1.665668 -1.955923 -2.878302 4.727805 -4.170592 4.993928 11.02054 2e-06 -3e-06 12.109068 -3.735719 -2.866787 -1e-06 -0.0 -1e-06 1.291988 -1.928552 -1.498091 14.800146 0.567468 3.865611 14.24259 -1.341738 -6.660665 19.63199 0.143925 -0.648247 49.928101 -0.823014 -6.269551 0.353029 -1.511152 -0.031941 20.222816 3.684313 2.31663 18.787298 4e-06 -2e-06 10.751643 -0.47987 1.397906 0.0 0.0 -0.0 3.27381 0.305947 -0.580111 21.486837 11.830384 2.266134 8.162937 1e-06 -1e-06 18.399107 -3.798989 -4.940581 4e-06 0.0 -1e-06 3.61571 6.186984 -6.216008 -0.047687 0.056218 12.423377 -7.387658 5.784361 -3.186033 1.647495 -1.837314 -0.792719 -0.0 0.0 2e-06 -7.268996 -0.154791 -2.658917 0.049525 0.118242 12.52411 8.038838 -0.444297 -6.997611 -1.420109 1.195226 -1.655011 -0.0 -0.0 -1e-06 
0.0 0.0 0.0 0.0 -0.0 0.0 2.97256 99.594681 1.823459 1.140101 1.681961 -2.791243 -0.545359 0.438322 -3.926785 -0.372359 0.22887 -6.552161 -0.464269 -0.99482 27.806234 4.47979 0.377653 12.163691 -1.73037 -2.300095 -3.727416 -0.718607 -3.473785 -9.529782 7.7e-05 -2.2e-05 6e-06 0.034786 -0.036223 -0.034181 0.71702 -3.705383 -10.549194 -0.650602 3.637441 -10.541685 -14.184931 -10.734125 17.091234 -57.021851 -13.842441 14.481462 -0.006969 -33.934299 0.38539 5.437572 7.258639 -5.050015 -5.882109 9.861288 0.702591 -10.936873 -0.360573 7.156204 -1e-06 8.774827 -1e-06 -16.345068 18.350924 5.97773 -1.844033 2.498505 -2.507277 -10.163602 4.678948 4.621108 -20.976027 -1e-06 -1e-06 -21.226294 2.451698 -3.594005 1e-06 -6e-06 -0.0 -1.362682 2.240799 -0.746322 -21.334917 0.584913 3.008321 -13.821217 -2e-06 -2e-06 -23.887175 -0.249079 -0.839487 -60.235455 2.343424 -1.276387 -0.294025 1.679687 0.833256 -14.218212 0.093217 1.300578 -34.212055 -0.28756 0.967163 -20.033218 0.964535 1.212839 -1e-06 1e-06 -0.0 -3.440389 0.788234 0.501657 -15.928189 -3.167308 2.999705 -6.338828 0.0 -1e-06 -18.123451 3.648185 -4.905674 -4e-06 -0.0 -0.0 10.522853 16.611328 16.544813 61.439308 8.009198 8.446739 -0.17476 39.404102 0.072165 4.381443 -1.790214 -11.488117 2.243543 -5.255041 -3.18016 14.282898 -0.826596 6.952504 -0.0 -12.690615 -2e-06 16.255316 -17.91428 2.680264 1.665668 -1.955924 -2.8783 4.727802 -4.170592 4.993926 11.020535 2e-06 -2e-06 12.109059 -3.73572 -2.866787 -0.0 0.0 -1e-06 1.291986 -1.928551 -1.498091 14.800138 0.567467 3.86561 14.242582 -1.34174 -6.660665 19.631979 0.143926 -0.648248 49.962597 -0.828664 -6.280524 0.353029 -1.511151 -0.03194 20.222801 3.684311 2.316629 18.787287 4e-06 -3e-06 10.751636 -0.479868 1.397906 1e-06 0.0 -0.0 3.273808 0.305946 -0.580111 21.486828 11.830383 2.266133 8.16293 1e-06 -2e-06 18.399092 -3.798989 -4.940581 4e-06 -0.0 -1e-06 3.648028 6.218037 -6.193505 -0.049579 0.052343 12.390392 -7.375063 5.734328 -3.162738 1.647828 -1.826114 -0.790627 -0.0 -0.0 2e-06 -7.230135 -0.148125 -2.62532 0.052874 0.10852 12.496852 8.013003 -0.477292 -6.996582 -1.418877 1.200647 -1.666987 -0.0 -0.0 -1e-06 
0.0 0.0 0.0 0.0 -0.0 0.0 2.951351 99.594185 1.843494 1.1289 1.693502 -2.80275 -0.549775 0.439606 -3.930975 -0.371145 0.228448 -6.556583 -0.446237 -0.986563 27.78775 4.502514 0.363065 12.392015 -1.738441 -2.305388 -3.731849 -0.759016 -3.451089 -9.425088 7.7e-05 -2.2e-05 6e-06 0.034851 -0.036283 -0.035577 0.717519 -3.706114 -10.556335 -0.650787 3.637906 -10.549041 -14.109626 -10.710683 17.111057 -57.063839 -13.655293 14.632468 -0.00763 -33.927979 0.354692 5.360894 7.224258 -5.022906 -5.882113 9.861293 0.702593 -10.936884 -0.360575 7.156213 1e-06 8.774833 -1e-06 -16.36002 18.341415 5.973012 -1.844034 2.498507 -2.507279 -10.163611 4.678948 4.621113 -20.976044 -6e-06 2e-06 -21.226307 2.451697 -3.594 0.0 -6e-06 -0.0 -1.362682 2.2408 -0.746324 -21.334938 0.584909 3.008327 -13.821229 -4e-06 2e-06 -23.887199 -0.24908 -0.839484 -60.247028 2.334651 -1.263732 -0.294025 1.679688 0.833256 -14.218225 0.093214 1.300581 -34.212093 -0.287566 0.967174 -20.033239 0.964536 1.212847 -1e-06 2e-06 0.0 -3.440392 0.788234 0.501657 -15.928205 -3.167314 2.999709 -6.338835 -2e-06 2e-06 -18.123466 3.648184 -4.905673 -4e-06 -1e-06 -0.0 10.497721 16.614037 16.595144 61.388424 8.007829 8.493766 -0.217314 39.387501 0.064385 4.380563 -1.773834 -11.567984 2.243543 -5.255039 -3.18016 14.2829 -0.826595 6.952507 -1e-06 -12.690609 -0.0 16.272009 -17.911306 2.667374 1.665668 -1.955922 -2.878299 4.727801 -4.170589 4.993925 11.020532 2e-06 -1e-06 12.109059 -3.735718 -2.866786 -1e-06 0.0 -0.0 1.291986 -1.92855 -1.498091 14.800138 0.567469 3.865608 14.242582 -1.341736 -6.660662 19.631981 0.143927 -0.648247 49.972908 -0.823331 -6.282452 0.353029 -1.511152 -0.031941 20.222803 3.684312 2.316631 18.787287 6e-06 -3e-06 10.751636 -0.479869 1.397906 1e-06 0.0 -0.0 3.273808 0.305947 -0.580111 21.486826 11.830381 2.266133 8.16293 1e-06 -0.0 18.399094 -3.798987 -4.94058 5e-06 -0.0 -1e-06 3.679184 6.24586 -6.174711 -0.055664 0.044685 12.391795 -7.360432 5.705193 -3.164376 1.649386 -1.81259 -0.800295 -0.0 0.0 2e-06 -7.203431 -0.134875 -2.591931 0.055067 0.102082 12.486424 7.991795 -0.493433 -7.009601 -1.418992 1.200103 -1.674028 -0.0 -0.0 -1e-06 
0.0 0.0 0.0 0.0 -0.0 0.0 2.940768 99.593582 1.880064 1.120442 1.69034 -2.812393 -0.557667 0.439544 -3.944753 -0.37539 0.23792 -6.564867 -0.416212 -0.985509 27.736071 4.526157 0.35545 12.568765 -1.731525 -2.312203 -3.740263 -0.828356 -3.428282 -9.300966 7.7e-05 -2.2e-05 6e-06 0.0342 -0.030913 -0.035762 0.717633 -3.701216 -10.562204 -0.652077 3.643494 -10.554509 -14.00458 -10.683404 17.100674 -57.132034 -13.413713 14.857458 -0.007159 -33.973568 0.319251 5.28928 7.193252 -5.060762 -5.882109 9.861286 0.70259 -10.936874 -0.360573 7.156204 -0.0 8.774826 -0.0 -16.359327 18.331385 5.982388 -1.844033 2.498505 -2.507277 -10.163603 4.678946 4.621108 -20.976027 -1e-06 1e-06 -21.226294 2.451698 -3.594003 -0.0 -6e-06 -1e-06 -1.362682 2.240798 -0.746324 -21.334921 0.584911 3.008324 -13.821218 -2e-06 -1e-06 -23.887175 -0.24908 -0.839486 -60.254925 2.320989 -1.236125 -0.294025 1.679687 0.833257 -14.218212 0.093216 1.30058 -34.212059 -0.287562 0.967167 -20.033218 0.964537 1.212842 -1e-06 1e-06 0.0 -3.440389 0.788234 0.501655 -15.928191 -3.167309 2.999708 -6.338828 -0.0 0.0 -18.123453 3.648183 -4.905674 -3e-06 -1e-06 -1e-06 10.475375 16.617878 16.607574 61.314911 7.954738 8.514925 -0.225354 39.333389 0.073518 4.331964 -1.726736 -11.638236 2.243542 -5.255037 -3.180159 14.282888 -0.826596 6.952503 0.0 -12.690603 -2e-06 16.271692 -17.901299 2.665815 1.665667 -1.955922 -2.878299 4.727798 -4.170588 4.993923 11.020526 1e-06 -2e-06 12.109053 -3.735717 -2.866785 -0.0 0.0 -0.0 1.291986 -1.928549 -1.49809 14.800129 0.567467 3.865606 14.242569 -1.341738 -6.66066 19.631969 0.143927 -0.648248 49.973652 -0.819458 -6.268636 0.353029 -1.511151 -0.031939 20.222794 3.684308 2.316629 18.787273 3e-06 -3e-06 10.751627 -0.47987 1.397904 1e-06 0.0 -0.0 3.273806 0.305948 -0.580111 21.486809 11.830373 2.266132 8.16293 1e-06 -1e-06 18.399082 -3.798986 -4.940578 5e-06 -0.0 -1e-06 3.700757 6.280175 -6.149747 -0.060245 0.038999 12.397834 -7.335 5.702218 -3.180301 1.650936 -1.802256 -0.817763 -0.0 0.0 2e-06 -7.186121 -0.118093 -2.547003 0.056764 0.09795 12.464253 7.991508 -0.497202 -7.024601 -1.420471 1.19899 -1.67389 -0.0 -0.0 -1e-06 
0.0 0.0 0.0 0.0 -0.0 0.0 2.937838 99.597168 1.924193 1.111005 1.671715 -2.813193 -0.571135 0.437682 -3.964763 -0.383637 0.250189 -6.575199 -0.377903 -0.995481 27.650043 4.531256 0.354268 12.675495 -1.712562 -2.306295 -3.746563 -0.901221 -3.415635 -9.154451 7.7e-05 -2.2e-05 6e-06 0.034074 -0.028659 -0.03409 0.717466 -3.699888 -10.565557 -0.652096 3.646458 -10.558218 -13.876576 -10.660182 17.073389 -57.201141 -13.144346 15.209372 0.007741 -34.058239 0.288121 5.186502 7.206878 -5.086831 -5.882106 9.861284 0.702592 -10.936869 -0.360573 7.156204 -0.0 8.774822 1e-06 -16.368305 18.333181 5.991631 -1.844032 2.498504 -2.507278 -10.163597 4.678946 4.621109 -20.976019 0.0 2e-06 -21.226282 2.451699 -3.593999 1e-06 -6e-06 -0.0 -1.362681 2.240798 -0.746322 -21.334909 0.584913 3.008322 -13.821213 -0.0 1e-06 -23.887165 -0.249075 -0.839486 -60.270916 2.309767 -1.216025 -0.294026 1.679687 0.833256 -14.218205 0.093218 1.300582 -34.212044 -0.287558 0.967165 -20.033211 0.964539 1.21284 -1e-06 1e-06 0.0 -3.440388 0.788234 0.501655 -15.928183 -3.167306 2.999708 -6.338825 0.0 2e-06 -18.123444 3.648185 -4.90567 -4e-06 -1e-06 -0.0 10.43971 16.618107 16.601629 61.237354 7.885586 8.487412 -0.20132 39.259174 0.088199 4.290933 -1.664856 -11.654655 2.243542 -5.255037 -3.180158 14.28289 -0.826596 6.9525 -1e-06 -12.690604 -1e-06 16.260715 -17.882547 2.666234 1.665666 -1.955922 -2.878298 4.727798 -4.170587 4.993923 11.020526 1e-06 -3e-06 12.109053 -3.735717 -2.866784 -0.0 1e-06 -1e-06 1.291986 -1.92855 -1.498088 14.800129 0.567467 3.865606 14.242574 -1.341738 -6.660657 19.631968 0.143925 -0.648247 49.972343 -0.820897 -6.251547 0.353029 -1.51115 -0.031939 20.222788 3.684308 2.31663 18.787273 3e-06 -1e-06 10.751627 -0.47987 1.397906 0.0 -0.0 -0.0 3.273806 0.305947 -0.580111 21.486811 11.830376 2.266133 8.16293 2e-06 -1e-06 18.399082 -3.798986 -4.940577 4e-06 -0.0 -1e-06 3.719036 6.328478 -6.109663 -0.063841 0.035907 12.374502 -7.309806 5.706662 -3.191295 1.652938 -1.795162 -0.814411 0.0 0.0 2e-06 -7.173034 -0.120768 -2.487895 0.055988 0.09932 12.39633 8.011736 -0.483882 -7.01507 -1.422806 1.199212 -1.664403 -0.0 -0.0 -1e-06 
0.0 0.0 0.0 0.0 -0.0 0.0 2.934411 99.604286 1.966978 1.101321 1.635686 -2.811274 -0.587231 0.435598 -3.985951 -0.394052 0.256253 -6.579162 -0.335361 -1.00884 27.518669 4.519842 0.352888 12.719705 -1.697389 -2.293741 -3.750401 -0.96661 -3.41785 -8.979681 7.7e-05 -2.2e-05 6e-06 0.035268 -0.033961 -0.030376 0.718416 -3.706407 -10.567492 -0.650561 3.642049 -10.559416 -13.714091 -10.661803 17.023003 -57.27076 -12.835673 15.720131 0.015557 -34.161419 0.280074 5.028764 7.26801 -5.083502 -5.882111 9.861293 0.702591 -10.936877 -0.360572 7.156208 -1e-06 8.774831 0.0 -16.398685 18.346811 5.988149 -1.844034 2.498507 -2.507279 -10.163606 4.67895 4.621109 -20.976034 -0.0 -2e-06 -21.226299 2.451701 -3.594007 -0.0 -5e-06 -0.0 -1.362682 2.240801 -0.746323 -21.334923 0.584915 3.008322 -13.82122 0.0 -1e-06 -23.887182 -0.249076 -0.83949 -60.296711 2.305786 -1.226779 -0.294025 1.679688 0.833257 -14.218217 0.093217 1.300579 -34.212067 -0.287559 0.967163 -20.033226 0.964539 1.21284 0.0 1e-06 0.0 -3.44039 0.788234 0.501655 -15.928192 -3.167308 2.999707 -6.338829 1e-06 2e-06 -18.123459 3.648188 -4.905678 -4e-06 0.0 -0.0 10.376489 16.626455 16.561985 61.156189 7.787032 8.49195 -0.171633 39.171909 0.095781 4.277675 -1.593362 -11.636557 2.243544 -5.25504 -3.18016 14.282896 -0.826598 6.952506 0.0 -12.69061 -0.0 16.256191 -17.865904 2.670055 1.665667 -1.955923 -2.878301 4.727802 -4.170591 4.993926 11.020531 -0.0 -2e-06 12.109058 -3.73572 -2.866789 -0.0 0.0 -0.0 1.291986 -1.928549 -1.49809 14.800134 0.567464 3.865608 14.242579 -1.34174 -6.660664 19.631977 0.143923 -0.648249 49.979424 -0.832404 -6.238839 0.35303 -1.511151 -0.03194 20.222795 3.684306 2.31663 18.787283 0.0 -4e-06 10.751633 -0.47987 1.397905 0.0 0.0 -0.0 3.273808 0.305947 -0.580111 21.486818 11.830377 2.266135 8.16293 -0.0 -1e-06 18.39909 -3.79899 -4.940583 5e-06 1e-06 -1e-06 3.736424 6.38284 -6.048429 -0.067417 0.033392 12.317871 -7.289323 5.726664 -3.195376 1.654468 -1.793677 -0.790049 -0.0 -0.0 2e-06 -7.159936 -0.135705 -2.42279 0.052987 0.100632 12.29972 8.036665 -0.460816 -6.98434 -1.425078 1.196667 -1.653989 -0.0 -0.0 -1e-06 
0.0 0.0 0.0 0.0 -0.0 0.0 2.932479 99.611488 2.008398 1.096763 1.602661 -2.818722 -0.60502 0.433841 -3.99765 -0.40175 0.251755 -6.576385 -0.29707 -1.022977 27.353121 4.506429 0.346831 12.710771 -1.695481 -2.307213 -3.751022 -1.012685 -3.423432 -8.800186 7.7e-05 -2.2e-05 6e-06 0.036463 -0.041644 -0.027551 0.719964 -3.71499 -10.569242 -0.649631 3.635059 -10.558892 -13.529401 -10.701279 16.969782 -57.340382 -12.527595 16.342243 0.028661 -34.240116 0.292376 4.813158 7.352512 -5.084335 -5.882109 9.861292 0.702588 -10.936877 -0.360575 7.156209 1e-06 8.774831 -0.0 -16.448942 18.364132 5.974394 -1.844034 2.498506 -2.507279 -10.163605 4.678948 4.621112 -20.976038 -4e-06 4e-06 -21.226301 2.451698 -3.594002 -0.0 -5e-06 -0.0 -1.362682 2.240798 -0.746323 -21.334929 0.58491 3.008324 -13.821221 -3e-06 0.0 -23.887184 -0.24908 -0.839483 -60.328957 2.308555 -1.259984 -0.294024 1.679688 0.833258 -14.218217 0.093215 1.30058 -34.21207 -0.287564 0.967171 -20.033226 0.964538 1.212845 -1e-06 1e-06 0.0 -3.440389 0.788234 0.501654 -15.928194 -3.167312 2.999708 -6.338829 -1e-06 1e-06 -18.123457 3.648185 -4.905671 -4e-06 -0.0 1e-06 10.27626 16.634462 16.480488 61.094246 7.664014 8.58048 -0.168153 39.09782 0.099339 4.256651 -1.543462 -11.638597 2.243545 -5.255043 -3.180161 14.282907 -0.826596 6.952507 -1e-06 -12.690617 -1e-06 16.24757 -17.845644 2.677904 1.665668 -1.955924 -2.878302 4.727804 -4.170593 4.993927 11.02054 2e-06 -1e-06 12.109066 -3.735721 -2.866788 -0.0 -0.0 -1e-06 1.291987 -1.928551 -1.498091 14.800144 0.567469 3.865608 14.242586 -1.341738 -6.660664 19.631989 0.143926 -0.648246 49.980007 -0.844612 -6.230931 0.353029 -1.511152 -0.03194 20.222809 3.684312 2.31663 18.787296 4e-06 -3e-06 10.751641 -0.479869 1.397907 1e-06 0.0 -0.0 3.27381 0.305946 -0.580112 21.486834 11.830388 2.266132 8.162937 3e-06 -1e-06 18.399099 -3.798989 -4.940581 5e-06 1e-06 -1e-06 3.745191 6.427425 -5.970159 -0.066276 0.036708 12.248139 -7.250108 5.743438 -3.193485 1.655107 -1.799429 -0.767233 0.0 0.0 2e-06 -7.155656 -0.159553 -2.347192 0.050931 0.098384 12.202376 8.057571 -0.427162 -6.952005 -1.425946 1.189067 -1.654201 -0.0 -0.0 -1e-06 
0.0 0.0 0.0 0.0 -0.0 0.0 2.928975 99.618423 2.060397 1.096581 1.564615 -2.834908 -0.622558 0.422096 -3.99517 -0.4045 0.259661 -6.566865 -0.268331 -1.043862 27.161922 4.491757 0.342214 12.638005 -1.695945 -2.32735 -3.747912 -1.056437 -3.427879 -8.609979 7.7e-05 -2.2e-05 6e-06 0.039153 -0.052483 -0.024843 0.724055 -3.72629 -10.570687 -0.648312 3.624851 -10.558257 -13.342763 -10.760831 16.90621 -57.414974 -12.225762 16.971054 0.03706 -34.28392 0.310858 4.544847 7.459891 -5.050608 -5.882113 9.861298 0.702591 -10.936878 -0.360572 7.156208 -3e-06 8.774834 1e-06 -16.508425 18.377651 5.95925 -1.844034 2.498508 -2.507279 -10.163609 4.678954 4.621111 -20.97604 4e-06 1e-06 -21.226303 2.451705 -3.594007 -0.0 -6e-06 -1e-06 -1.362683 2.240801 -0.746323 -21.334929 0.584917 3.008322 -13.821221 2e-06 -1e-06 -23.887184 -0.249073 -0.83949 -60.378147 2.317548 -1.290208 -0.294025 1.679689 0.833257 -14.218219 0.093219 1.300581 -34.212074 -0.287554 0.967165 -20.03323 0.96454 1.212839 -1e-06 2e-06 0.0 -3.44039 0.788235 0.501658 -15.928196 -3.167307 2.999709 -6.33883 2e-06 -0.0 -18.123459 3.648194 -4.905678 -3e-06 -0.0 -1e-06 10.141629 16.671852 16.376652 61.055962 7.513679 8.656207 -0.160585 39.059074 0.100115 4.214126 -1.497864 -11.645955 2.243545 -5.255043 -3.18016 14.282902 -0.826595 6.952505 -1e-06 -12.690617 -0.0 16.238525 -17.812788 2.683494 1.665668 -1.955923 -2.878301 4.727802 -4.170592 4.993926 11.020535 2e-06 -3e-06 12.10906 -3.73572 -2.866789 -0.0 -0.0 -1e-06 1.291987 -1.928551 -1.49809 14.800139 0.567467 3.865609 14.242587 -1.341739 -6.660666 19.631987 0.143927 -0.648248 49.974613 -0.849316 -6.220265 0.353029 -1.511152 -0.03194 20.222805 3.684312 2.316628 18.787289 5e-06 -3e-06 10.751637 -0.479868 1.397905 0.0 0.0 -0.0 3.273809 0.305947 -0.580111 21.486828 11.830385 2.266134 8.162935 2e-06 -1e-06 18.399097 -3.798989 -4.940584 4e-06 1e-06 -1e-06 3.750993 6.495557 -5.876246 -0.062474 0.039768 12.16697 -7.211914 5.754059 -3.185153 1.655641 -1.806728 -0.770286 0.0 0.0 2e-06 -7.156019 -0.174156 -2.255523 0.050911 0.091175 12.103966 8.080159 -0.39402 -6.92646 -1.425846 1.176081 -1.678648 -0.0 -0.0 -1e-06 
0.0 0.0 0.0 0.0 -0.0 0.0 2.932869 99.620506 2.112303 1.098561 1.500614 -2.857752 -0.636773 0.412085 -3.975591 -0.400883 0.278585 -6.55811 -0.252363 -1.065327 26.953661 4.476629 0.32624 12.495939 -1.696093 -2.331117 -3.732247 -1.108395 -3.414503 -8.429062 7.7e-05 -2.3e-05 6e-06 0.04135 -0.061266 -0.02344 0.728883 -3.734629 -10.569632 -0.648699 3.615893 -10.555838 -13.160826 -10.832103 16.830513 -57.504055 -11.955439 17.547501 0.029805 -34.284592 0.322798 4.223904 7.595608 -4.9105 -5.88211 9.861288 0.702589 -10.936877 -0.360575 7.15621 0.0 8.774828 -1e-06 -16.554398 18.380182 5.954205 -1.844035 2.498506 -2.507279 -10.163609 4.678947 4.621109 -20.976038 -2e-06 3e-06 -21.226301 2.451699 -3.594003 0.0 -6e-06 -1e-06 -1.362682 2.240799 -0.746325 -21.334929 0.584911 3.008324 -13.821222 -2e-06 -0.0 -23.887184 -0.24908 -0.839485 -60.447899 2.328724 -1.303645 -0.294024 1.679687 0.833254 -14.218217 0.093216 1.300579 -34.21207 -0.287564 0.96717 -20.033226 0.964537 1.212842 -0.0 2e-06 0.0 -3.44039 0.788234 0.501656 -15.928198 -3.167309 2.999709 -6.33883 -1e-06 1e-06 -18.123459 3.648185 -4.905674 -4e-06 -0.0 -1e-06 9.980774 16.734838 16.257639 61.040993 7.363847 8.74239 -0.20101 39.020046 0.084049 4.161078 -1.419165 -11.665112 2.243542 -5.255038 -3.180157 14.282888 -0.826596 6.952503 -0.0 -12.690604 -1e-06 16.228434 -17.777914 2.695218 1.665666 -1.955921 -2.878299 4.727799 -4.170588 4.993924 11.020524 1e-06 -1e-06 12.109052 -3.735717 -2.866785 -1e-06 -0.0 -0.0 1.291985 -1.928549 -1.498088 14.800125 0.567467 3.865609 14.242568 -1.34174 -6.660659 19.631968 0.143923 -0.648245 49.983379 -0.84747 -6.203575 0.353029 -1.511151 -0.03194 20.222786 3.684307 2.31663 18.78727 1e-06 -1e-06 10.751627 -0.479871 1.397905 0.0 0.0 -1e-06 3.273806 0.305946 -0.580112 21.486809 11.830372 2.266135 8.16293 2e-06 -1e-06 18.399078 -3.798987 -4.940577 5e-06 1e-06 -1e-06 3.753898 6.576791 -5.7948 -0.056877 0.040239 12.129787 -7.179787 5.775992 -3.200861 1.654506 -1.81461 -0.790189 -0.0 0.0 2e-06 -7.16259 -0.168344 -2.183839 0.051515 0.086235 12.048494 8.085403 -0.356544 -6.919543 -1.424944 1.154583 -1.722172 -0.0 0.0 -1e-06 
0.0 0.0 0.0 0.0 -0.0 0.0 2.949331 99.616882 2.149468 1.107022 1.436656 -2.881096 -0.648385 0.402805 -3.941226 -0.393782 0.291791 -6.544909 -0.245519 -1.074904 26.726925 4.469865 0.302609 12.296494 -1.690667 -2.338005 -3.71004 -1.184668 -3.376915 -8.24514 7.7e-05 -2.3e-05 6e-06 0.041894 -0.064808 -0.023005 0.733934 -3.737524 -10.566753 -0.652571 3.611804 -10.552594 -12.994302 -10.912664 16.777863 -57.60548 -11.741679 17.995226 0.034581 -34.268291 0.322352 3.912367 7.705799 -4.781994 -5.882108 9.861288 0.70259 -10.936875 -0.360576 7.156204 1e-06 8.774829 -0.0 -16.567505 18.360096 5.954178 -1.844034 2.498505 -2.507278 -10.163604 4.678945 4.621106 -20.97603 -6e-06 1e-06 -21.226292 2.451695 -3.594001 0.0 -7e-06 -1e-06 -1.362682 2.240799 -0.746324 -21.334925 0.584907 3.00832 -13.821219 -4e-06 0.0 -23.887182 -0.249082 -0.839484 -60.492691 2.319062 -1.308995 -0.294025 1.679688 0.833256 -14.218215 0.093213 1.300579 -34.212063 -0.28757 0.967167 -20.033224 0.964533 1.212844 -0.0 -0.0 0.0 -3.44039 0.788234 0.501656 -15.928192 -3.167312 2.999704 -6.338829 -2e-06 -1e-06 -18.123453 3.648182 -4.905674 -4e-06 -1e-06 -2e-06 9.811504 16.797951 16.113476 61.032776 7.222305 8.813321 -0.250636 38.976562 0.064565 4.108406 -1.329325 -11.670066 2.243543 -5.255039 -3.180159 14.282898 -0.826595 6.952504 -1e-06 -12.69061 -1e-06 16.227993 -17.747986 2.704699 1.665667 -1.955923 -2.878299 4.7278 -4.170588 4.993925 11.020531 2e-06 -1e-06 12.109058 -3.735717 -2.866786 -1e-06 0.0 -0.0 1.291986 -1.928549 -1.498091 14.800136 0.56747 3.865607 14.242577 -1.341738 -6.66066 19.631975 0.143927 -0.648245 49.999359 -0.838019 -6.182427 0.353029 -1.511151 -0.03194 20.222799 3.684311 2.31663 18.787279 5e-06 -4e-06 10.751633 -0.479867 1.397904 0.0 0.0 -0.0 3.273808 0.305947 -0.580111 21.48682 11.83038 2.266132 8.162931 2e-06 -2e-06 18.399088 -3.798984 -4.940579 5e-06 1e-06 -1e-06 3.741923 6.645594 -5.742884 -0.0535 0.038211 12.147195 -7.144414 5.797007 -3.243136 1.650743 -1.818275 -0.812937 0.0 -0.0 2e-06 -7.189456 -0.189589 -2.150914 0.054527 0.083523 12.053682 8.091282 -0.289618 -6.929972 -1.422587 1.135332 -1.762378 -0.0 0.0 -1e-06 
0.0 0.0 0.0 0.0 -0.0 0.0 2.961414 99.607468 2.167357 1.116794 1.389877 -2.89113 -0.647076 0.391013 -3.907133 -0.388238 0.295569 -6.530532 -0.243953 -1.079605 26.509026 4.468428 0.305054 12.039552 -1.688413 -2.358917 -3.693664 -1.271384 -3.338528 -8.033454 7.7e-05 -2.2e-05 6e-06 0.041759 -0.062688 -0.023807 0.737675 -3.73503 -10.563053 -0.656465 3.613572 -10.54928 -12.879013 -10.994566 16.739372 -57.677883 -11.594929 18.27527 0.055475 -34.257175 0.321469 3.63638 7.785937 -4.728242 -5.882107 9.861284 0.70259 -10.936873 -0.360576 7.156206 2e-06 8.774825 -2e-06 -16.571852 18.310171 5.941347 -1.844033 2.498504 -2.507278 -10.163602 4.678944 4.621106 -20.97603 -7e-06 0.0 -21.22629 2.451692 -3.593999 0.0 -7e-06 -1e-06 -1.362682 2.240798 -0.746324 -21.334921 0.584907 3.008322 -13.821218 -5e-06 0.0 -23.887178 -0.249084 -0.839483 -60.52034 2.29947 -1.314323 -0.294024 1.679688 0.833255 -14.21821 0.093213 1.300578 -34.212048 -0.287571 0.967171 -20.033218 0.964532 1.212844 0.0 2e-06 0.0 -3.440389 0.788233 0.501654 -15.928189 -3.167312 2.999705 -6.338828 -2e-06 -1e-06 -18.123447 3.648178 -4.905671 -4e-06 -0.0 -1e-06 9.655676 16.856949 15.982073 61.001888 7.13337 8.822474 -0.273114 38.951996 0.049503 4.026678 -1.257391 -11.621803 2.243543 -5.25504 -3.180159 14.282896 -0.826597 6.952506 0.0 -12.690612 -1e-06 16.24251 -17.737165 2.707245 1.665667 -1.955922 -2.8783 4.727801 -4.17059 4.993927 11.02053 1e-06 -1e-06 12.109058 -3.73572 -2.866786 -1e-06 0.0 -0.0 1.291986 -1.92855 -1.49809 14.800132 0.567467 3.865609 14.242577 -1.341739 -6.660661 19.631973 0.143925 -0.648247 50.022518 -0.837075 -6.172399 0.35303 -1.511151 -0.031941 20.222799 3.684309 2.316629 18.787283 2e-06 -2e-06 10.751633 -0.47987 1.397905 1e-06 0.0 -1e-06 3.273808 0.305947 -0.580112 21.48682 11.830381 2.266133 8.16293 0.0 -1e-06 18.399094 -3.798988 -4.94058 5e-06 0.0 -1e-06 3.723665 6.706599 -5.744524 -0.053798 0.031076 12.223677 -7.100352 5.790273 -3.306012 1.646984 -1.815968 -0.832314 0.0 -0.0 2e-06 -7.219565 -0.243067 -2.180243 0.06018 0.082333 12.138334 8.110184 -0.203776 -6.966516 -1.419468 1.117744 -1.806103 -0.0 0.0 -1e-06 
0.0 0.0 0.0 0.0 -0.0 0.0 2.965013 99.598045 2.164749 1.130443 1.368339 -2.886976 -0.633755 0.373766 -3.87612 -0.385915 0.294483 -6.515476 -0.245962 -1.071926 26.315138 4.465222 0.324597 11.724533 -1.683828 -2.380645 -3.680181 -1.36167 -3.303507 -7.813841 7.7e-05 -2.2e-05 6e-06 0.041387 -0.058214 -0.026603 0.741269 -3.730453 -10.560431 -0.66069 3.617829 -10.546817 -12.83159 -11.067904 16.703478 -57.69767 -11.521309 18.374271 0.108347 -34.263954 0.292973 3.443106 7.825214 -4.76908 -5.882106 9.861284 0.702591 -10.936872 -0.360574 7.156208 0.0 8.774824 0.0 -16.577209 18.257597 5.922344 -1.844033 2.498504 -2.507277 -10.163601 4.678945 4.62111 -20.976027 -3e-06 2e-06 -21.226286 2.451696 -3.593999 0.0 -7e-06 -1e-06 -1.362682 2.240799 -0.746322 -21.334917 0.584911 3.008324 -13.821215 -2e-06 1e-06 -23.887171 -0.249079 -0.839484 -60.525368 2.27473 -1.322838 -0.294024 1.679687 0.833257 -14.218208 0.093215 1.300581 -34.212048 -0.287564 0.967171 -20.033215 0.964538 1.212844 0.0 -0.0 1e-06 -3.440389 0.788234 0.501657 -15.928185 -3.167309 2.999709 -6.338826 -0.0 1e-06 -18.123446 3.648183 -4.90567 -4e-06 -0.0 -1e-06 9.524875 16.922148 15.894971 60.952976 7.116098 8.75809 -0.269375 38.942699 0.045568 3.905226 -1.200414 -11.555992 2.243544 -5.255039 -3.180159 14.282898 -0.826597 6.952507 -2e-06 -12.69061 2e-06 16.258677 -17.726213 2.702641 1.665668 -1.955923 -2.878301 4.727801 -4.170592 4.993926 11.020531 1e-06 -3e-06 12.109059 -3.735719 -2.866788 -1e-06 1e-06 -1e-06 1.291987 -1.92855 -1.498089 14.800136 0.567466 3.865608 14.242584 -1.341737 -6.660663 19.631975 0.143927 -0.648249 50.036236 -0.845093 -6.170706 0.353029 -1.511151 -0.03194 20.222803 3.68431 2.31663 18.787287 3e-06 -3e-06 10.751634 -0.479869 1.397905 1e-06 0.0 -0.0 3.273808 0.305947 -0.580112 21.486824 11.830379 2.266131 8.162933 -0.0 -2e-06 18.399096 -3.798989 -4.940582 5e-06 1e-06 -2e-06 3.698186 6.756967 -5.770274 -0.053573 0.027868 12.296514 -7.05265 5.775528 -3.357188 1.644532 -1.809929 -0.83934 0.0 -0.0 2e-06 -7.248311 -0.305405 -2.247884 0.066638 0.085428 12.253882 8.122218 -0.128114 -7.009125 -1.417383 1.105043 -1.828829 -0.0 -0.0 -1e-06 
0.0 0.0 0.0 0.0 -0.0 0.0 2.965304 99.594131 2.155226 1.152635 1.390675 -2.878788 -0.615297 0.355764 -3.841796 -0.382964 0.292884 -6.498613 -0.254077 -1.060454 26.155045 4.443756 0.359423 11.375702 -1.685266 -2.395026 -3.674384 -1.43885 -3.273067 -7.618545 7.7e-05 -2.2e-05 6e-06 0.040983 -0.055191 -0.030471 0.743877 -3.727226 -10.559872 -0.663983 3.620199 -10.546934 -12.854218 -11.129689 16.683191 -57.640827 -11.5361 18.260897 0.173788 -34.307045 0.252566 3.354415 7.848406 -4.8536 -5.882111 9.861292 0.70259 -10.936881 -0.360576 7.156208 1e-06 8.774831 -1e-06 -16.5704 18.227638 5.918029 -1.844034 2.498506 -2.507278 -10.16361 4.678948 4.621111 -20.976042 -4e-06 5e-06 -21.226303 2.451699 -3.593999 0.0 -7e-06 -1e-06 -1.362682 2.240799 -0.746322 -21.334932 0.584909 3.008325 -13.821225 -4e-06 2e-06 -23.88719 -0.24908 -0.839483 -60.521439 2.254391 -1.334182 -0.294025 1.679688 0.833258 -14.218221 0.093214 1.300581 -34.212074 -0.287566 0.967171 -20.03323 0.964537 1.212845 -0.0 1e-06 -1e-06 -3.440392 0.788234 0.501655 -15.928201 -3.167312 2.999707 -6.338831 -2e-06 0.0 -18.123461 3.648184 -4.905674 -3e-06 -0.0 -1e-06 9.40895 17.006517 15.858597 60.90863 7.168417 8.642652 -0.250073 38.921585 0.055175 3.79869 -1.16908 -11.501372 2.243544 -5.255041 -3.18016 14.282902 -0.826596 6.952505 -0.0 -12.690616 -2e-06 16.272373 -17.71493 2.690302 1.665667 -1.955923 -2.8783 4.727802 -4.170592 4.993925 11.020535 1e-06 -2e-06 12.109061 -3.73572 -2.866789 -1e-06 0.0 -0.0 1.291987 -1.928551 -1.498089 14.800139 0.567467 3.865608 14.242584 -1.34174 -6.660664 19.631985 0.143926 -0.648249 50.026234 -0.855649 -6.178063 0.353029 -1.511153 -0.03194 20.222805 3.684311 2.316631 18.787289 3e-06 -6e-06 10.751637 -0.479867 1.397904 1e-06 0.0 -0.0 3.273809 0.305946 -0.580112 21.486828 11.830384 2.266132 8.162935 2e-06 -2e-06 18.399097 -3.798989 -4.940583 5e-06 0.0 -2e-06 3.663884 6.806211 -5.783373 -0.053744 0.025834 12.304219 -7.021107 5.739951 -3.358637 1.643936 -1.800048 -0.839829 0.0 -0.0 2e-06 -7.27986 -0.349896 -2.294917 0.071506 0.088629 12.330806 8.133479 -0.09864 -7.040619 -1.416151 1.10122 -1.823084 -0.0 -0.0 -1e-06 
0.0 0.0 0.0 0.0 -0.0 0.0 2.963883 99.592331 2.143305 1.179589 1.440483 -2.873517 -0.589424 0.343207 -3.801041 -0.37416 0.305997 -6.478455 -0.273232 -1.044303 26.029633 4.400346 0.390845 11.027249 -1.684276 -2.383174 -3.668941 -1.507687 -3.251151 -7.453341 7.7e-05 -2.2e-05 6e-06 0.041335 -0.056845 -0.035787 0.746462 -3.730057 -10.566319 -0.665827 3.619143 -10.55385 -12.939654 -11.185944 16.661329 -57.520882 -11.626018 17.931158 0.241066 -34.370289 0.201017 3.383446 7.853841 -4.986967 -5.882106 9.861283 0.70259 -10.936871 -0.360575 7.156207 1e-06 8.774822 -1e-06 -16.541842 18.228323 5.927536 -1.844032 2.498503 -2.507278 -10.163599 4.678944 4.621109 -20.976021 -3e-06 4e-06 -21.226286 2.451697 -3.593998 0.0 -7e-06 -1e-06 -1.362681 2.240798 -0.746323 -21.334913 0.584908 3.008323 -13.821213 -3e-06 3e-06 -23.887167 -0.249079 -0.839479 -60.505512 2.248953 -1.348729 -0.294025 1.679687 0.833256 -14.218209 0.093215 1.300582 -34.212051 -0.287564 0.967172 -20.033213 0.964538 1.212844 -0.0 -0.0 0.0 -3.440388 0.788233 0.501655 -15.928185 -3.167309 2.999708 -6.338825 -1e-06 2e-06 -18.123444 3.648182 -4.905667 -4e-06 -1e-06 -1e-06 9.309111 17.085695 15.828122 60.863476 7.266568 8.543434 -0.204224 38.857819 0.082108 3.737013 -1.160201 -11.457934 2.243541 -5.255035 -3.180157 14.282882 -0.826595 6.952501 -2e-06 -12.6906 2e-06 16.274038 -17.704947 2.671235 1.665665 -1.95592 -2.878298 4.727796 -4.170586 4.993923 11.020519 2e-06 -1e-06 12.109046 -3.735714 -2.866784 0.0 1e-06 -1e-06 1.291986 -1.92855 -1.498089 14.800122 0.567466 3.865606 14.242566 -1.341736 -6.660657 19.631958 0.143926 -0.648246 49.999645 -0.860883 -6.192165 0.353029 -1.511149 -0.031939 20.222778 3.684308 2.316627 18.787266 4e-06 -2e-06 10.751623 -0.479868 1.397903 1e-06 0.0 -0.0 3.273805 0.305947 -0.580111 21.486795 11.830368 2.266129 8.162924 1e-06 -1e-06 18.399075 -3.798984 -4.940576 5e-06 1e-06 -1e-06 3.62599 6.850932 -5.793267 -0.055719 0.021289 12.281995 -7.001421 5.684288 -3.329571 1.643461 -1.791245 -0.834341 0.0 -0.0 2e-06 -7.31113 -0.384425 -2.325482 0.072256 0.095018 12.39112 8.13566 -0.098294 -7.070607 -1.416405 1.102729 -1.815637 -0.0 0.0 -1e-06 
0.0 0.0 0.0 0.0 -0.0 0.0 2.954302 99.589905 2.132775 1.212591 1.512372 -2.862736 -0.561073 0.340499 -3.757237 -0.371114 0.321079 -6.459445 -0.300674 -1.021398 25.940348 4.351965 0.431765 10.708611 -1.679438 -2.351762 -3.666728 -1.569941 -3.236221 -7.324003 7.7e-05 -2.2e-05 6e-06 0.042146 -0.061019 -0.039396 0.749405 -3.735778 -10.575605 -0.667169 3.615862 -10.562363 -13.058463 -11.247549 16.617434 -57.37167 -11.790884 17.475603 0.277453 -34.401451 0.167019 3.555431 7.825115 -5.138349 -5.882109 9.861292 0.702591 -10.936877 -0.360576 7.15621 1e-06 8.774831 0.0 -16.502237 18.246466 5.948789 -1.844033 2.498506 -2.507279 -10.163604 4.678947 4.621111 -20.976038 -7e-06 3e-06 -21.226295 2.451696 -3.594001 0.0 -6e-06 -1e-06 -1.362682 2.240799 -0.746324 -21.334929 0.584907 3.008325 -13.821221 -4e-06 2e-06 -23.887186 -0.249082 -0.839481 -60.48896 2.264413 -1.367632 -0.294025 1.679688 0.833258 -14.218216 0.093214 1.30058 -34.212067 -0.287567 0.967171 -20.033226 0.964535 1.212845 -0.0 2e-06 0.0 -3.44039 0.788233 0.501656 -15.928196 -3.167314 2.999707 -6.338829 -2e-06 -0.0 -18.123459 3.648183 -4.905674 -4e-06 -0.0 0.0 9.226447 17.165651 15.781339 60.807453 7.411871 8.601211 -0.173117 38.721634 0.096316 3.702275 -1.141113 -11.395238 2.243544 -5.255041 -3.180159 14.282907 -0.826596 6.952509 -3e-06 -12.690615 1e-06 16.270321 -17.703539 2.654025 1.665668 -1.955923 -2.878301 4.727804 -4.17059 4.993928 11.020538 3e-06 -0.0 12.109062 -3.735719 -2.866786 -1e-06 1e-06 -0.0 1.291987 -1.928551 -1.498091 14.800146 0.567468 3.865611 14.242587 -1.341736 -6.660661 19.631989 0.143925 -0.648245 49.971603 -0.868227 -6.209253 0.353029 -1.511152 -0.031939 20.222813 3.684313 2.316634 18.787292 5e-06 -1e-06 10.751638 -0.479869 1.397907 1e-06 0.0 -0.0 3.27381 0.305948 -0.580111 21.486839 11.830387 2.266136 8.162937 2e-06 -1e-06 18.399103 -3.798988 -4.940581 4e-06 1e-06 -1e-06 3.583184 6.895697 -5.81354 -0.05846 0.012696 12.253068 -6.994348 5.60039 -3.289011 1.643802 -1.787512 -0.840048 -0.0 -0.0 2e-06 -7.341367 -0.416784 -2.365942 0.070144 0.100998 12.472547 8.128366 -0.117317 -7.117849 -1.417602 1.103636 -1.813884 -0.0 0.0 -1e-06 
0.0 0.0 0.0 0.0 -0.0 0.0 2.938208 99.583374 2.120546 1.24939 1.595134 -2.84918 -0.531281 0.347416 -3.706409 -0.375254 0.336235 -6.439696 -0.329686 -0.989801 25.887596 4.311 0.490777 10.437124 -1.667285 -2.320342 -3.667846 -1.634289 -3.21854 -7.268725 7.7e-05 -2.2e-05 6e-06 0.041723 -0.06117 -0.039898 0.751941 -3.7361 -10.580549 -0.670683 3.615403 -10.565506 -13.199931 -11.316993 16.55283 -57.215385 -12.007732 16.903549 0.258433 -34.408859 0.159456 3.856002 7.751536 -5.333651 -5.882107 9.861286 0.702591 -10.936875 -0.360575 7.156208 1e-06 8.774826 -1e-06 -16.455915 18.264071 5.975721 -1.844034 2.498505 -2.507279 -10.163604 4.678946 4.621111 -20.976034 -4e-06 2e-06 -21.226297 2.451695 -3.594001 -0.0 -5e-06 -1e-06 -1.362682 2.240798 -0.746324 -21.334925 0.584909 3.008322 -13.82122 -4e-06 0.0 -23.887182 -0.249079 -0.839482 -60.454727 2.275993 -1.369592 -0.294025 1.679688 0.833256 -14.218214 0.093214 1.300579 -34.212063 -0.287566 0.967171 -20.033222 0.964536 1.212845 -1e-06 2e-06 0.0 -3.440389 0.788233 0.501654 -15.928192 -3.167311 2.999708 -6.338828 -2e-06 1e-06 -18.123451 3.648182 -4.90567 -4e-06 -0.0 -1e-06 9.146576 17.246582 15.715615 60.755085 7.603668 8.833512 -0.163491 38.533783 0.095572 3.665684 -1.11998 -11.258276 2.243543 -5.255038 -3.180159 14.282893 -0.826596 6.952504 -2e-06 -12.690607 2e-06 16.25861 -17.704811 2.640601 1.665667 -1.955922 -2.878299 4.7278 -4.170589 4.993925 11.020528 3e-06 -1e-06 12.109055 -3.735716 -2.866786 -1e-06 -0.0 1e-06 1.291986 -1.92855 -1.49809 14.800132 0.567467 3.865608 14.242577 -1.341736 -6.660661 19.631973 0.143926 -0.648247 49.937702 -0.86801 -6.220138 0.353029 -1.51115 -0.031942 20.222795 3.68431 2.31663 18.787279 3e-06 -2e-06 10.751631 -0.479868 1.397906 1e-06 0.0 -0.0 3.273808 0.305946 -0.580112 21.48682 11.830377 2.266133 8.16293 2e-06 -2e-06 18.399084 -3.798987 -4.940577 5e-06 1e-06 -1e-06 3.538198 6.957919 -5.858415 -0.061292 0.009531 12.254618 -7.020722 5.488402 -3.257528 1.645275 -1.785481 -0.87098 0.0 -0.0 2e-06 -7.370888 -0.443817 -2.432899 0.069337 0.109863 12.605254 8.117208 -0.143954 -7.193369 -1.420009 1.105832 -1.813017 -0.0 -0.0 -1e-06 
0.0 0.0 0.0 0.0 -0.0 0.0 2.926737 99.580704 2.102371 1.279346 1.678652 -2.831348 -0.504959 0.358128 -3.647226 -0.381293 0.3453 -6.423396 -0.353934 -0.950162 25.870094 4.273221 0.54107 10.230323 -1.65394 -2.281741 -3.665663 -1.676982 -3.189296 -7.292517 7.7e-05 -2.2e-05 6e-06 0.03895 -0.054857 -0.037944 0.750917 -3.72964 -10.580181 -0.675427 3.621403 -10.564004 -13.344939 -11.379178 16.493168 -57.056602 -12.255963 16.321075 0.217603 -34.440395 0.174444 4.146751 7.684641 -5.464249 -5.882116 9.861301 0.702594 -10.936889 -0.360574 7.156215 0.0 8.774838 2e-06 -16.416649 18.282766 6.002987 -1.844036 2.498508 -2.507281 -10.163617 4.678953 4.621113 -20.976057 -2e-06 3e-06 -21.226322 2.451702 -3.594005 -0.0 -6e-06 -1e-06 -1.362684 2.240802 -0.746324 -21.334948 0.584912 3.008327 -13.821237 -3e-06 1e-06 -23.887209 -0.249077 -0.839484 -60.423065 2.279646 -1.361384 -0.294025 1.67969 0.833258 -14.218231 0.093216 1.300583 -34.212109 -0.287564 0.967171 -20.033247 0.964538 1.212844 -1e-06 1e-06 -0.0 -3.440394 0.788234 0.501655 -15.928211 -3.167313 2.999711 -6.338837 -0.0 -0.0 -18.123476 3.648189 -4.905677 -4e-06 -0.0 -1e-06 9.057983 17.320805 15.643836 60.744194 7.831547 9.127812 -0.184374 38.333408 0.066531 3.636858 -1.132782 -11.06919 2.243544 -5.255041 -3.180159 14.282904 -0.826596 6.952506 -2e-06 -12.690616 -1e-06 16.246468 -17.706833 2.636383 1.665668 -1.955924 -2.878301 4.727805 -4.170592 4.993928 11.020537 2e-06 -0.0 12.109063 -3.73572 -2.866786 -0.0 -1e-06 1e-06 1.291987 -1.928552 -1.498091 14.800142 0.567468 3.86561 14.242585 -1.341739 -6.660664 19.63199 0.143926 -0.648246 49.921345 -0.867965 -6.221238 0.353029 -1.511152 -0.03194 20.222813 3.684313 2.316632 18.787294 4e-06 -2e-06 10.751641 -0.479868 1.397905 1e-06 0.0 -0.0 3.27381 0.305946 -0.580112 21.486835 11.830385 2.266136 8.162937 3e-06 -1e-06 18.399101 -3.798989 -4.940582 4e-06 1e-06 -2e-06 3.503316 7.026834 -5.903858 -0.061958 0.009879 12.23588 -7.073683 5.363408 -3.205652 1.646412 -1.787087 -0.912462 0.0 -0.0 2e-06 -7.39598 -0.475154 -2.48586 0.067656 0.116788 12.691946 8.088925 -0.157052 -7.240222 -1.422858 1.109774 -1.802588 -0.0 -0.0 -1e-06 
0.0 0.0 0.0 0.0 -0.0 0.0 2.928756 99.581558 2.074958 1.297054 1.764771 -2.802758 -0.482218 0.36619 -3.590097 -0.385397 0.346464 -6.405823 -0.375181 -0.91131 25.88241 4.237334 0.578277 10.089094 -1.642229 -2.224576 -3.663378 -1.697071 -3.1397 -7.370126 7.7e-05 -2.2e-05 6e-06 0.035196 -0.047547 -0.036 0.747859 -3.722365 -10.578541 -0.680108 3.628824 -10.561991 -13.476277 -11.424214 16.444769 -56.911846 -12.512122 15.820584 0.184591 -34.493401 0.184849 4.371133 7.619061 -5.483952 -5.88211 9.861291 0.702589 -10.93688 -0.360577 7.156206 2e-06 8.774831 -1e-06 -16.388699 18.289906 6.033582 -1.844034 2.498506 -2.507281 -10.163607 4.678946 4.621109 -20.976042 -7e-06 0.0 -21.226305 2.451693 -3.594002 0.0 -6e-06 -1e-06 -1.362682 2.240799 -0.746325 -21.334929 0.584907 3.008321 -13.821222 -5e-06 0.0 -23.887188 -0.249083 -0.839483 -60.417381 2.28811 -1.338608 -0.294024 1.679687 0.833257 -14.218219 0.093213 1.30058 -34.212074 -0.287571 0.967169 -20.033226 0.964534 1.212844 1e-06 1e-06 1e-06 -3.440391 0.788234 0.501655 -15.928196 -3.167314 2.999705 -6.33883 -2e-06 0.0 -18.123459 3.64818 -4.905674 -4e-06 -1e-06 -1e-06 8.963765 17.402229 15.585457 60.792618 8.081738 9.327758 -0.1775 38.132538 0.049338 3.602327 -1.131998 -10.857377 2.243543 -5.255038 -3.18016 14.282899 -0.826593 6.952506 -5e-06 -12.69061 -0.0 16.231804 -17.703768 2.640346 1.665668 -1.955922 -2.878302 4.7278 -4.170588 4.993928 11.020535 5e-06 -2e-06 12.109058 -3.735714 -2.866787 -1e-06 -0.0 1e-06 1.291986 -1.92855 -1.498091 14.800139 0.56747 3.865609 14.242582 -1.341731 -6.660665 19.631985 0.143932 -0.648246 49.900585 -0.869935 -6.222514 0.353029 -1.51115 -0.03194 20.222809 3.684317 2.31663 18.787287 9e-06 -2e-06 10.751635 -0.479866 1.397907 1e-06 0.0 -0.0 3.273809 0.305948 -0.580112 21.48683 11.830384 2.266131 8.16293 2e-06 -2e-06 18.399096 -3.798984 -4.940577 5e-06 1e-06 -1e-06 3.482676 7.08333 -5.967097 -0.062485 0.008883 12.218767 -7.141577 5.244222 -3.14329 1.64744 -1.788756 -0.915251 -0.0 -0.0 2e-06 -7.41694 -0.521233 -2.530279 0.063694 0.122479 12.725541 8.062572 -0.161007 -7.25147 -1.425752 1.112617 -1.780741 -0.0 -0.0 -1e-06 
0.0 0.0 0.0 0.0 -0.0 0.0 2.933599 99.590012 2.032408 1.299659 1.857107 -2.76645 -0.45858 0.371466 -3.532167 -0.385349 0.344171 -6.391657 -0.40193 -0.888979 25.916908 4.207066 0.612573 10.020967 -1.640846 -2.164768 -3.662693 -1.688524 -3.087831 -7.488077 7.7e-05 -2.2e-05 6e-06 0.032084 -0.041162 -0.035303 0.743919 -3.716803 -10.579615 -0.682568 3.636199 -10.563517 -13.596332 -11.435917 16.431038 -56.783958 -12.779056 15.418387 0.161257 -34.547207 0.191016 4.523154 7.558089 -5.459397 -5.882111 9.861292 0.70259 -10.936878 -0.360574 7.156211 0.0 8.774831 -1e-06 -16.384142 18.29528 6.053096 -1.844034 2.498506 -2.507278 -10.163606 4.678948 4.621112 -20.976038 -3e-06 2e-06 -21.226299 2.451698 -3.594001 1e-06 -6e-06 -1e-06 -1.362682 2.240799 -0.746323 -21.334929 0.584911 3.008324 -13.821221 -3e-06 1e-06 -23.887184 -0.249078 -0.839484 -60.440781 2.306943 -1.312578 -0.294025 1.679688 0.833257 -14.218217 0.093216 1.300582 -34.21207 -0.287561 0.96717 -20.033226 0.964538 1.212843 1e-06 2e-06 1e-06 -3.440391 0.788234 0.501656 -15.928196 -3.16731 2.999711 -6.33883 0.0 -0.0 -18.123459 3.648186 -4.905673 -5e-06 -1e-06 -1e-06 8.878319 17.477514 15.544775 60.872066 8.336646 9.439182 -0.131153 37.966846 0.055147 3.579133 -1.12746 -10.693203 2.243542 -5.255038 -3.180159 14.282896 -0.826597 6.952504 -1e-06 -12.690607 -0.0 16.212919 -17.700996 2.640302 1.665667 -1.955921 -2.878299 4.7278 -4.170588 4.993927 11.020528 3e-06 -1e-06 12.109055 -3.735715 -2.866784 -1e-06 -1e-06 -1e-06 1.291986 -1.928551 -1.498089 14.800132 0.567466 3.865608 14.242579 -1.341737 -6.66066 19.631971 0.143924 -0.648247 49.861397 -0.864213 -6.232957 0.353029 -1.51115 -0.03194 20.222797 3.684308 2.31663 18.787279 4e-06 -1e-06 10.751631 -0.479869 1.397905 0.0 1e-06 1e-06 3.273808 0.305948 -0.580111 21.486818 11.830374 2.266133 8.16293 1e-06 -2e-06 18.399092 -3.798987 -4.940576 4e-06 1e-06 -1e-06 3.473497 7.120287 -6.02387 -0.062541 0.006776 12.15924 -7.197502 5.130394 -3.053468 1.647915 -1.792377 -0.893979 0.0 -0.0 2e-06 -7.421605 -0.555602 -2.551343 0.059012 0.121537 12.675724 8.04373 -0.196027 -7.212603 -1.427794 1.117009 -1.752675 -0.0 -0.0 -1e-06 
0.0 0.0 0.0 0.0 -0.0 0.0 2.928235 99.600388 1.981013 1.2967 1.942385 -2.719134 -0.435815 0.376623 -3.479363 -0.381572 0.340704 -6.380729 -0.438892 -0.88064 25.985685 4.175713 0.648124 10.016749 -1.644572 -2.105191 -3.664687 -1.66986 -3.036442 -7.636193 7.7e-05 -2.3e-05 6e-06 0.03112 -0.039406 -0.035269 0.742349 -3.716094 -10.58428 -0.683108 3.639286 -10.569423 -13.713696 -11.422025 16.444006 -56.670471 -13.038308 15.053019 0.119288 -34.625 0.209536 4.658218 7.503604 -5.367659 -5.882111 9.861292 0.702592 -10.936877 -0.360573 7.156206 -1e-06 8.774831 -2e-06 -16.384541 18.303696 6.05903 -1.844034 2.498506 -2.507279 -10.163604 4.678948 4.621109 -20.976032 -2e-06 -0.0 -21.226297 2.4517 -3.594005 -0.0 -6e-06 -1e-06 -1.362683 2.2408 -0.746324 -21.334929 0.584911 3.00832 -13.821221 -2e-06 -1e-06 -23.887184 -0.24908 -0.839487 -60.445911 2.326409 -1.293252 -0.294025 1.679689 0.833257 -14.218215 0.093216 1.30058 -34.212067 -0.287562 0.967165 -20.033226 0.964535 1.21284 1e-06 1e-06 0.0 -3.440389 0.788234 0.501655 -15.928192 -3.16731 2.999706 -6.33883 -1e-06 -1e-06 -18.123457 3.648185 -4.905674 -4e-06 0.0 -1e-06 8.80882 17.532768 15.511734 60.950169 8.584871 9.497621 -0.064427 37.868694 0.074502 3.586239 -1.124709 -10.585235 2.243543 -5.255039 -3.180159 14.2829 -0.826596 6.952506 -3e-06 -12.69061 0.0 16.175045 -17.688282 2.642973 1.665668 -1.955922 -2.878299 4.727801 -4.170589 4.993927 11.020534 3e-06 -2e-06 12.109059 -3.735717 -2.866785 -1e-06 -0.0 1e-06 1.291987 -1.92855 -1.498091 14.800138 0.567468 3.865608 14.24258 -1.341737 -6.660659 19.631981 0.143926 -0.648247 49.80331 -0.846823 -6.245034 0.353029 -1.51115 -0.031941 20.222803 3.684311 2.316629 18.787287 6e-06 -3e-06 10.751635 -0.479867 1.397906 0.0 0.0 1e-06 3.273809 0.305946 -0.580111 21.486828 11.830382 2.266132 8.16293 2e-06 -2e-06 18.399096 -3.798986 -4.940578 5e-06 1e-06 -2e-06 3.468594 7.127482 -6.092569 -0.063093 0.01084 12.087313 -7.245818 5.020848 -2.954901 1.647737 -1.797028 -0.863187 0.0 -0.0 2e-06 -7.413516 -0.585432 -2.590901 0.055926 0.119364 12.622718 8.034869 -0.248448 -7.164511 -1.428896 1.125838 -1.727055 -0.0 -0.0 -1e-06 
0.0 0.0 0.0 0.0 -0.0 0.0 2.905015 99.608788 1.929434 1.291204 2.005308 -2.668547 -0.414107 0.379386 -3.434628 -0.377139 0.337095 -6.369406 -0.480039 -0.88037 26.087088 4.130264 0.676582 10.098385 -1.642688 -2.033439 -3.676155 -1.646613 -2.987512 -7.809646 7.7e-05 -2.3e-05 6e-06 0.030643 -0.038857 -0.034402 0.742639 -3.7154 -10.5866 -0.684583 3.640297 -10.573296 -13.837602 -11.383674 16.49091 -56.565136 -13.271271 14.767605 0.087076 -34.704254 0.233712 4.763101 7.491598 -5.241551 -5.882107 9.861287 0.702589 -10.936873 -0.360574 7.156206 -0.0 8.774826 -0.0 -16.389236 18.308746 6.043721 -1.844033 2.498505 -2.507279 -10.163601 4.678945 4.621108 -20.976027 -3e-06 1e-06 -21.226292 2.451697 -3.594 -0.0 -6e-06 -1e-06 -1.362681 2.240797 -0.746322 -21.334915 0.584911 3.008324 -13.821214 -2e-06 0.0 -23.887171 -0.249077 -0.839485 -60.42767 2.335756 -1.288919 -0.294026 1.679688 0.833254 -14.218211 0.093216 1.300581 -34.212051 -0.287561 0.967169 -20.033215 0.964539 1.212842 1e-06 2e-06 2e-06 -3.440389 0.788233 0.501656 -15.928187 -3.167309 2.999709 -6.338827 -0.0 1e-06 -18.123446 3.648185 -4.905668 -4e-06 -0.0 -1e-06 8.749357 17.562017 15.509719 61.02177 8.835733 9.548314 -0.011346 37.822453 0.092237 3.615141 -1.103314 -10.547014 2.243542 -5.255037 -3.180157 14.282889 -0.826594 6.9525 -2e-06 -12.690605 -2e-06 16.122282 -17.661867 2.652005 1.665667 -1.955922 -2.878299 4.727798 -4.170588 4.993924 11.020526 2e-06 -1e-06 12.109052 -3.735718 -2.866787 -1e-06 -0.0 -0.0 1.291986 -1.92855 -1.498089 14.800129 0.567467 3.865606 14.242576 -1.341738 -6.660661 19.631969 0.143927 -0.648248 49.746986 -0.835191 -6.248265 0.353029 -1.51115 -0.031939 20.222794 3.68431 2.316627 18.787273 6e-06 -3e-06 10.751629 -0.479869 1.397905 0.0 0.0 1e-06 3.273806 0.305946 -0.580112 21.486813 11.830377 2.26613 8.162929 2e-06 -2e-06 18.39908 -3.798985 -4.940578 5e-06 1e-06 -2e-06 3.471999 7.140276 -6.172587 -0.061572 0.019664 12.025271 -7.290766 4.895802 -2.85861 1.647361 -1.797593 -0.822557 0.0 -0.0 2e-06 -7.39052 -0.599101 -2.658714 0.055745 0.118556 12.607873 8.016705 -0.301272 -7.132333 -1.429519 1.137964 -1.681862 -0.0 -0.0 -1e-06 
0.0 0.0 0.0 0.0 -0.0 0.0 2.878147 99.611794 1.872857 1.289554 2.038446 -2.626399 -0.397399 0.389984 -3.399124 -0.375263 0.345568 -6.357462 -0.524904 -0.893184 26.219658 4.080112 0.703541 10.268591 -1.631968 -1.960563 -3.694628 -1.618425 -2.91866 -7.9842 7.7e-05 -2.3e-05 7e-06 0.029986 -0.037922 -0.03256 0.743407 -3.714123 -10.588498 -0.68691 3.64166 -10.57608 -13.968019 -11.3255 16.544556 -56.475285 -13.448204 14.537223 0.052235 -34.74929 0.271671 4.848622 7.480697 -5.133236 -5.882109 9.861288 0.702591 -10.936875 -0.360575 7.156205 0.0 8.774828 -2e-06 -16.375841 18.295349 6.031444 -1.844033 2.498505 -2.507279 -10.163604 4.678946 4.621109 -20.97603 -4e-06 1e-06 -21.226292 2.451697 -3.594001 1e-06 -6e-06 -1e-06 -1.362682 2.240799 -0.746323 -21.334925 0.58491 3.008322 -13.821219 -3e-06 2e-06 -23.88718 -0.249078 -0.839484 -60.39019 2.325618 -1.270504 -0.294025 1.679688 0.833256 -14.218214 0.093215 1.300582 -34.212063 -0.287565 0.967168 -20.033224 0.964538 1.212842 1e-06 1e-06 1e-06 -3.440389 0.788233 0.501654 -15.928191 -3.16731 2.999707 -6.338828 -0.0 2e-06 -18.123455 3.648183 -4.905672 -4e-06 0.0 -1e-06 8.719893 17.581181 15.549854 61.065437 9.063396 9.600769 0.021035 37.824955 0.105224 3.659771 -1.079202 -10.54003 2.243542 -5.255037 -3.180158 14.282894 -0.826595 6.952502 -2e-06 -12.690608 -1e-06 16.077379 -17.643394 2.665314 1.665667 -1.955922 -2.878299 4.727798 -4.170588 4.993922 11.020528 3e-06 -3e-06 12.109055 -3.735717 -2.866786 0.0 -0.0 1e-06 1.291986 -1.92855 -1.498089 14.800131 0.567467 3.865607 14.242575 -1.341737 -6.660659 19.631966 0.143927 -0.648246 49.71225 -0.830778 -6.236119 0.35303 -1.511151 -0.031939 20.222797 3.68431 2.316628 18.787281 5e-06 -5e-06 10.751633 -0.479867 1.397903 1e-06 0.0 1e-06 3.273807 0.305946 -0.580112 21.486818 11.830378 2.266133 8.162929 1e-06 -3e-06 18.399088 -3.798985 -4.940579 4e-06 1e-06 -1e-06 3.471049 7.166062 -6.258083 -0.060059 0.031032 12.00125 -7.323225 4.78434 -2.788479 1.646392 -1.799961 -0.785081 -0.0 -0.0 2e-06 -7.368642 -0.594041 -2.758722 0.055516 0.117575 12.655606 8.001855 -0.331296 -7.123794 -1.429309 1.151991 -1.645416 -0.0 -0.0 -1e-06 
0.0 0.0 0.0 0.0 -0.0 0.0 2.851281 99.611328 1.824472 1.292183 2.057826 -2.599967 -0.385301 0.40495 -3.369054 -0.37459 0.37654 -6.345735 -0.574561 -0.918352 26.384533 4.040062 0.720649 10.507083 -1.623981 -1.892767 -3.709493 -1.58919 -2.835051 -8.173663 7.7e-05 -2.3e-05 6e-06 0.03003 -0.03741 -0.030178 0.743228 -3.713844 -10.588868 -0.68681 3.642994 -10.574957 -14.092656 -11.255767 16.608536 -56.397484 -13.60285 14.366579 -0.005426 -34.734409 0.313212 4.931164 7.450666 -5.002846 -5.882107 9.861289 0.702589 -10.936874 -0.360576 7.156209 1e-06 8.774829 -1e-06 -16.360846 18.280853 6.018813 -1.844032 2.498505 -2.507279 -10.163602 4.678946 4.621109 -20.976027 -5e-06 3e-06 -21.226288 2.451697 -3.593998 -0.0 -5e-06 -1e-06 -1.362682 2.240799 -0.746324 -21.334921 0.584909 3.008324 -13.821218 -4e-06 2e-06 -23.887175 -0.249079 -0.839482 -60.352604 2.316328 -1.242662 -0.294025 1.679688 0.833256 -14.218213 0.093214 1.30058 -34.212051 -0.287564 0.967172 -20.033216 0.964537 1.212845 1e-06 2e-06 1e-06 -3.440389 0.788233 0.501657 -15.928189 -3.167312 2.999709 -6.338828 -2e-06 1e-06 -18.123447 3.648183 -4.90567 -4e-06 0.0 -1e-06 8.710764 17.564192 15.616597 61.081848 9.274658 9.665411 0.044169 37.867153 0.105776 3.728136 -1.075082 -10.559658 2.243543 -5.255041 -3.18016 14.282902 -0.826594 6.952505 -3e-06 -12.690614 -1e-06 16.06572 -17.649702 2.668819 1.665668 -1.955923 -2.8783 4.727801 -4.17059 4.993925 11.020536 4e-06 -3e-06 12.109062 -3.735716 -2.866788 -1e-06 -0.0 0.0 1.291987 -1.928552 -1.49809 14.800139 0.56747 3.865607 14.242583 -1.341736 -6.660663 19.631985 0.14393 -0.648246 49.699768 -0.825154 -6.227424 0.35303 -1.511153 -0.031941 20.222809 3.684316 2.316628 18.787291 9e-06 -3e-06 10.751637 -0.479866 1.397906 0.0 0.0 -0.0 3.273809 0.305948 -0.580112 21.486832 11.830386 2.266131 8.162933 3e-06 -1e-06 18.399097 -3.798984 -4.940582 5e-06 1e-06 -1e-06 3.460838 7.169569 -6.329967 -0.057359 0.044691 11.995219 -7.34817 4.700123 -2.740964 1.643827 -1.804883 -0.755034 0.0 0.0 2e-06 -7.353331 -0.59454 -2.852356 0.056446 0.118172 12.730082 7.988543 -0.348396 -7.131721 -1.427936 1.165486 -1.628667 -0.0 -0.0 -1e-06 
0.0 0.0 0.0 0.0 -0.0 0.0 2.823359 99.608292 1.773594 1.298074 2.060838 -2.579598 -0.378432 0.420933 -3.348417 -0.370811 0.409288 -6.33228 -0.629156 -0.940172 26.575844 4.003575 0.735995 10.817813 -1.617516 -1.828296 -3.715641 -1.54568 -2.749941 -8.38724 7.7e-05 -2.2e-05 6e-06 0.031343 -0.042051 -0.028703 0.742005 -3.718151 -10.58935 -0.682949 3.638375 -10.573591 -14.197289 -11.179267 16.683157 -56.339668 -13.752538 14.265125 -0.051068 -34.63813 0.338028 4.985241 7.445553 -4.748747 -5.882111 9.861289 0.702591 -10.93688 -0.360576 7.156206 1e-06 8.774829 -1e-06 -16.356754 18.275612 6.003778 -1.844034 2.498506 -2.507279 -10.163609 4.678946 4.621109 -20.97604 -5e-06 0.0 -21.226305 2.451696 -3.594003 1e-06 -6e-06 -1e-06 -1.362683 2.240798 -0.746323 -21.33493 0.584909 3.008325 -13.821223 -4e-06 -0.0 -23.88719 -0.249081 -0.839483 -60.320194 2.319856 -1.237207 -0.294025 1.679688 0.833256 -14.218221 0.093214 1.30058 -34.212078 -0.287568 0.967169 -20.03323 0.964534 1.212844 1e-06 1e-06 1e-06 -3.440392 0.788234 0.501655 -15.928201 -3.167312 2.999707 -6.33883 -1e-06 -0.0 -18.123459 3.648182 -4.905675 -4e-06 -0.0 -1e-06 8.716455 17.516979 15.697596 61.07547 9.474916 9.746455 0.047516 37.89019 0.086081 3.801509 -1.061773 -10.663026 2.243543 -5.255038 -3.180157 14.282895 -0.826595 6.952504 -2e-06 -12.690607 -2e-06 16.080057 -17.662621 2.659988 1.665667 -1.955922 -2.8783 4.727799 -4.170588 4.993925 11.020531 4e-06 -2e-06 12.109058 -3.735717 -2.866786 -1e-06 -0.0 1e-06 1.291986 -1.928549 -1.498088 14.800132 0.567469 3.865605 14.242577 -1.341737 -6.660659 19.631973 0.143928 -0.648246 49.69231 -0.827594 -6.236733 0.35303 -1.511152 -0.031941 20.222797 3.684312 2.316628 18.787281 6e-06 -4e-06 10.751632 -0.479868 1.397903 0.0 0.0 -0.0 3.273808 0.305947 -0.580111 21.486818 11.830379 2.266132 8.162928 2e-06 -1e-06 18.399088 -3.798984 -4.940577 4e-06 1e-06 -1e-06 3.52148 7.13728 -6.343029 -0.054789 0.055887 12.004213 -7.463733 4.647272 -2.725324 1.640641 -1.808556 -0.719891 0.0 0.0 2e-06 -7.342577 -0.612533 -2.959432 0.056255 0.122015 12.834066 7.969039 -0.325707 -7.146894 -1.425806 1.174968 -1.616815 -0.0 -0.0 -1e-06 
0.0 0.0 0.0 0.0 -0.0 0.0 2.796599 99.604256 1.720277 1.306635 2.053393 -2.574239 -0.373943 0.428342 -3.32805 -0.366606 0.415916 -6.321871 -0.676337 -0.927862 26.766253 3.966856 0.756782 11.178048 -1.607924 -1.802604 -3.723608 -1.507734 -2.683397 -8.586628 7.7e-05 -2.2e-05 6e-06 0.032434 -0.045193 -0.02892 0.737992 -3.719595 -10.591108 -0.676614 3.63374 -10.575604 -14.273129 -11.115833 16.775316 -56.306423 -13.888935 14.228443 -0.054098 -34.484104 0.338674 4.989434 7.481625 -4.46981 -5.882103 9.861283 0.702589 -10.936868 -0.360576 7.156204 1e-06 8.774822 -0.0 -16.360476 18.26827 5.984559 -1.844031 2.498503 -2.507276 -10.163595 4.678942 4.621108 -20.976015 -4e-06 3e-06 -21.226273 2.451694 -3.593997 -0.0 -6e-06 -1e-06 -1.362681 2.240798 -0.746323 -21.334908 0.584908 3.008325 -13.82121 -3e-06 3e-06 -23.887163 -0.249079 -0.839482 -60.294792 2.327694 -1.244345 -0.294024 1.679687 0.833256 -14.218204 0.093214 1.300581 -34.212036 -0.287565 0.967171 -20.033207 0.964537 1.212845 1e-06 -0.0 1e-06 -3.440388 0.788233 0.501656 -15.928183 -3.16731 2.999709 -6.338825 -1e-06 2e-06 -18.123444 3.648183 -4.905666 -4e-06 -0.0 -1e-06 8.739129 17.483416 15.795516 61.05368 9.627252 9.742598 0.075848 37.885201 0.078582 3.845881 -1.031441 -10.708755 2.243542 -5.255036 -3.180159 14.282887 -0.826597 6.952501 -1e-06 -12.690603 -1e-06 16.094193 -17.671206 2.645347 1.665667 -1.955921 -2.878301 4.727798 -4.170588 4.993926 11.020526 2e-06 -1e-06 12.109052 -3.735716 -2.866787 -1e-06 0.0 1e-06 1.291986 -1.92855 -1.498089 14.800125 0.567467 3.865606 14.242572 -1.341735 -6.66066 19.631968 0.143926 -0.648248 49.660442 -0.832544 -6.259201 0.353029 -1.511151 -0.031939 20.222788 3.684307 2.316629 18.78727 5e-06 -2e-06 10.751625 -0.47987 1.397907 1e-06 0.0 -0.0 3.273807 0.305946 -0.580111 21.486811 11.830374 2.266131 8.162928 1e-06 -1e-06 18.39908 -3.798986 -4.940577 4e-06 1e-06 -2e-06 3.525423 7.099362 -6.387504 -0.057283 0.068315 12.011118 -7.504852 4.629208 -2.69452 1.63917 -1.811954 -0.67034 -0.0 0.0 2e-06 -7.332907 -0.611399 -3.056972 0.053653 0.126417 12.943549 7.957162 -0.298332 -7.164046 -1.424064 1.178471 -1.586169 -0.0 -0.0 -1e-06 
0.0 0.0 0.0 0.0 -0.0 0.0 2.779708 99.597076 1.671746 1.314568 2.051636 -2.591737 -0.362855 0.433215 -3.301269 -0.364681 0.405485 -6.30979 -0.718143 -0.894091 26.938385 3.922464 0.780265 11.571215 -1.599524 -1.797637 -3.731692 -1.488537 -2.632154 -8.764589 7.7e-05 -2.2e-05 6e-06 0.033919 -0.049535 -0.028022 0.730629 -3.723387 -10.590808 -0.666069 3.628881 -10.575772 -14.332616 -11.069449 16.879141 -56.268021 -13.987354 14.215622 -0.036416 -34.347321 0.332732 4.943295 7.545657 -4.21471 -5.882109 9.861292 0.702593 -10.936877 -0.360575 7.156212 0.0 8.774831 -2e-06 -16.372871 18.271387 5.961443 -1.844033 2.498506 -2.507279 -10.163604 4.678948 4.621114 -20.976034 -2e-06 4e-06 -21.226294 2.4517 -3.593999 1e-06 -6e-06 -1e-06 -1.362682 2.240799 -0.746323 -21.334925 0.584911 3.008326 -13.82122 -1e-06 3e-06 -23.887184 -0.249077 -0.839484 -60.276531 2.322476 -1.251854 -0.294025 1.679688 0.833257 -14.218216 0.093215 1.300583 -34.212067 -0.287562 0.967173 -20.033226 0.964539 1.212844 1e-06 2e-06 2e-06 -3.44039 0.788233 0.501657 -15.928194 -3.167311 2.99971 -6.33883 -1e-06 2e-06 -18.123453 3.648185 -4.905672 -4e-06 -1e-06 -1e-06 8.743951 17.460253 15.872826 61.060623 9.704765 9.669467 0.1353 37.869492 0.078853 3.898544 -1.00974 -10.63975 2.243543 -5.255039 -3.18016 14.282896 -0.826594 6.952505 -2e-06 -12.690607 -0.0 16.106197 -17.692358 2.635105 1.665667 -1.955922 -2.878299 4.727801 -4.170588 4.993925 11.020531 3e-06 -2e-06 12.109059 -3.735717 -2.866786 -1e-06 -0.0 -0.0 1.291986 -1.92855 -1.49809 14.800136 0.567469 3.865608 14.242582 -1.341735 -6.660664 19.631975 0.143927 -0.648247 49.649467 -0.83629 -6.27593 0.353029 -1.511152 -0.03194 20.222803 3.684311 2.316629 18.787283 7e-06 -2e-06 10.751633 -0.479867 1.397906 0.0 0.0 -0.0 3.273809 0.305945 -0.580112 21.486828 11.830379 2.266133 8.16293 2e-06 -2e-06 18.399092 -3.798984 -4.940578 4e-06 1e-06 -2e-06 3.528213 7.072281 -6.417944 -0.063029 0.075189 12.045942 -7.514719 4.607809 -2.680808 1.637782 -1.813788 -0.623953 -0.0 0.0 2e-06 -7.330431 -0.625836 -3.125267 0.049841 0.133419 13.053875 7.943631 -0.266321 -7.18651 -1.423346 1.180243 -1.556244 -0.0 -0.0 -1e-06 
0.0 0.0 0.0 0.0 -0.0 0.0 2.783839 99.588409 1.644943 1.319133 2.049374 -2.616849 -0.338714 0.435971 -3.275199 -0.366979 0.404857 -6.305037 -0.758495 -0.859462 27.097971 3.880344 0.826261 11.950711 -1.591115 -1.816371 -3.73405 -1.476271 -2.59754 -8.924804 7.7e-05 -2.2e-05 6e-06 0.035028 -0.052109 -0.026325 0.721482 -3.726728 -10.591615 -0.654605 3.627495 -10.578009 -14.394769 -11.018742 16.959929 -56.190895 -14.026574 14.240763 -0.010393 -34.283554 0.317106 4.881649 7.588024 -4.079891 -5.88211 9.861292 0.702591 -10.93688 -0.360575 7.156209 1e-06 8.774833 -1e-06 -16.373169 18.276976 5.950176 -1.844034 2.498507 -2.507279 -10.163607 4.678948 4.621113 -20.97604 -5e-06 1e-06 -21.226301 2.451696 -3.594002 1e-06 -6e-06 -0.0 -1.362682 2.2408 -0.746325 -21.33493 0.584909 3.008323 -13.821225 -5e-06 0.0 -23.88719 -0.249083 -0.839482 -60.269161 2.320253 -1.244885 -0.294025 1.679689 0.833256 -14.218221 0.093214 1.300581 -34.212082 -0.287565 0.967171 -20.03323 0.964536 1.212844 -1e-06 2e-06 0.0 -3.440391 0.788234 0.501656 -15.928201 -3.167312 2.999709 -6.338831 -1e-06 1e-06 -18.123461 3.648184 -4.905676 -4e-06 -1e-06 0.0 8.74322 17.426579 15.924539 61.071125 9.716632 9.598915 0.182806 37.842693 0.074377 3.938124 -0.98782 -10.548983 2.243543 -5.255038 -3.18016 14.282896 -0.826595 6.952504 -3e-06 -12.69061 1e-06 16.117638 -17.721502 2.63201 1.665667 -1.955922 -2.878302 4.727799 -4.170588 4.993925 11.02053 4e-06 -2e-06 12.109058 -3.735716 -2.866786 -1e-06 -0.0 1e-06 1.291986 -1.928549 -1.498088 14.800134 0.567469 3.865608 14.242579 -1.341735 -6.66066 19.631973 0.143927 -0.648245 49.669567 -0.821668 -6.286034 0.353029 -1.511151 -0.03194 20.222801 3.684313 2.316629 18.787283 8e-06 -3e-06 10.751633 -0.479867 1.397905 0.0 0.0 -0.0 3.273808 0.305948 -0.580112 21.486822 11.830379 2.266131 8.16293 2e-06 -1e-06 18.399088 -3.798985 -4.940578 4e-06 0.0 -2e-06 3.523076 7.053453 -6.440835 -0.068175 0.074163 12.113098 -7.515131 4.59361 -2.701375 1.638946 -1.813372 -0.609046 -0.0 0.0 2e-06 -7.337537 -0.632104 -3.156656 0.045607 0.139192 13.13612 7.935965 -0.240728 -7.210807 -1.423865 1.179303 -1.53651 -0.0 -0.0 -1e-06 
0.0 0.0 0.0 0.0 -0.0 0.0 2.806931 99.579941 1.659334 1.331018 2.045721 -2.643195 -0.315127 0.430717 -3.247675 -0.372236 0.410959 -6.307925 -0.795205 -0.815437 27.238094 3.836143 0.913092 12.302965 -1.581502 -1.877352 -3.738881 -1.458838 -2.603077 -9.083574 7.7e-05 -2.3e-05 6e-06 0.034466 -0.047857 -0.02576 0.711918 -3.723615 -10.595921 -0.646195 3.633574 -10.585953 -14.459492 -10.95571 17.027266 -56.09005 -14.043705 14.282343 0.028912 -34.269314 0.284254 4.838805 7.565803 -4.079187 -5.88211 9.861288 0.70259 -10.936875 -0.360574 7.156207 0.0 8.774828 -1e-06 -16.361736 18.285112 5.949443 -1.844034 2.498505 -2.507279 -10.163604 4.678946 4.621109 -20.976034 -5e-06 -1e-06 -21.226295 2.451695 -3.594002 0.0 -6e-06 -0.0 -1.362683 2.240799 -0.746324 -21.334921 0.584909 3.008322 -13.821219 -4e-06 -0.0 -23.887182 -0.249081 -0.839486 -60.264965 2.339499 -1.229018 -0.294024 1.679687 0.833256 -14.218214 0.093215 1.300581 -34.212063 -0.287567 0.967166 -20.033218 0.964536 1.212843 0.0 1e-06 0.0 -3.440389 0.788233 0.501656 -15.928192 -3.16731 2.999707 -6.338829 -1e-06 -1e-06 -18.123453 3.648183 -4.905674 -4e-06 0.0 -1e-06 8.762145 17.386932 15.993619 61.049419 9.718784 9.56354 0.203798 37.797298 0.084122 3.940208 -0.969191 -10.536548 2.243541 -5.255036 -3.180156 14.282887 -0.826597 6.952504 1e-06 -12.690601 -2e-06 16.12995 -17.745262 2.626498 1.665666 -1.955922 -2.878299 4.727798 -4.170588 4.993925 11.020522 -0.0 2e-06 12.109049 -3.735718 -2.866783 -1e-06 -0.0 1e-06 1.291985 -1.92855 -1.49809 14.800125 0.567465 3.86561 14.242565 -1.34174 -6.660658 19.63196 0.143921 -0.648246 49.713226 -0.787416 -6.29549 0.353029 -1.511151 -0.03194 20.222786 3.684304 2.316631 18.78727 1e-06 -0.0 10.751625 -0.479872 1.397905 1e-06 0.0 -0.0 3.273806 0.305947 -0.58011 21.486801 11.830367 2.266135 8.162926 -0.0 0.0 18.39908 -3.798988 -4.940576 5e-06 1e-06 -2e-06 3.499085 7.042585 -6.433707 -0.068641 0.066932 12.180566 -7.527531 4.588293 -2.753587 1.645699 -1.809591 -0.669071 -0.0 0.0 2e-06 -7.365383 -0.628564 -3.142561 0.0412 0.136379 13.185769 7.947196 -0.194035 -7.245589 -1.425383 1.180857 -1.541238 -0.0 -0.0 -1e-06 
0.0 0.0 0.0 0.0 -0.0 0.0 2.823602 99.571449 1.697971 1.345406 2.077492 -2.68779 -0.301472 0.429744 -3.2071 -0.375901 0.403054 -6.295255 -0.829006 -0.780975 27.333117 3.763904 0.989726 12.615493 -1.578775 -1.900379 -3.755702 -1.426535 -2.681309 -9.230052 7.7e-05 -2.3e-05 5e-06 0.0352 -0.052408 -0.027641 0.707253 -3.729468 -10.594739 -0.640092 3.630817 -10.588822 -14.539014 -10.886251 17.145094 -55.979767 -14.081599 14.260244 0.105024 -34.280937 0.248103 4.842155 7.549364 -4.081998 -5.882109 9.861288 0.702591 -10.936875 -0.360573 7.156208 -0.0 8.774827 -0.0 -16.377811 18.331562 5.960155 -1.844033 2.498505 -2.507276 -10.163604 4.678947 4.621109 -20.976032 -1e-06 2e-06 -21.226295 2.451698 -3.594002 -0.0 -6e-06 0.0 -1.362682 2.240798 -0.746322 -21.334921 0.584912 3.008321 -13.821219 -2e-06 -0.0 -23.887178 -0.249078 -0.839485 -60.298412 2.371389 -1.221478 -0.294025 1.679687 0.833256 -14.218214 0.093216 1.300579 -34.212059 -0.287562 0.967169 -20.03322 0.964537 1.212843 -1e-06 -0.0 0.0 -3.44039 0.788234 0.501655 -15.928192 -3.167309 2.999707 -6.338829 -0.0 1e-06 -18.123457 3.648184 -4.905672 -5e-06 -1e-06 -1e-06 8.786964 17.365126 16.110273 61.041019 9.71375 9.576105 0.131392 37.798794 0.09127 4.01248 -1.027542 -10.690876 2.243542 -5.255037 -3.180159 14.282896 -0.826594 6.952504 -3e-06 -12.690609 -0.0 16.14658 -17.777109 2.620595 1.665667 -1.955921 -2.878298 4.727799 -4.170588 4.993922 11.020531 4e-06 -1e-06 12.109056 -3.735715 -2.866786 -1e-06 -0.0 -0.0 1.291986 -1.92855 -1.498091 14.800132 0.567469 3.865608 14.242579 -1.341734 -6.660661 19.631975 0.143929 -0.648246 49.783909 -0.753589 -6.293974 0.353029 -1.511151 -0.031941 20.222799 3.684313 2.316629 18.787279 7e-06 -2e-06 10.751633 -0.479866 1.397905 1e-06 0.0 -0.0 3.273809 0.305947 -0.58011 21.48682 11.830381 2.266132 8.162928 2e-06 -3e-06 18.399088 -3.798984 -4.940579 5e-06 1e-06 -1e-06 3.476845 7.015079 -6.387943 -0.063244 0.06505 12.230733 -7.56564 4.581413 -2.809381 1.657517 -1.804898 -0.77486 -0.0 0.0 2e-06 -7.389374 -0.625678 -3.074098 0.032187 0.12996 13.216125 7.927034 -0.170176 -7.296655 -1.42638 1.186855 -1.584055 -0.0 -0.0 -1e-06 
0.0 0.0 0.0 0.0 -0.0 0.0 2.799334 99.553413 1.716142 1.358107 2.173212 -2.742112 -0.294226 0.434414 -3.163703 -0.381158 0.370624 -6.268907 -0.853457 -0.761142 27.399237 3.685521 0.989955 12.864463 -1.610966 -1.843623 -3.787856 -1.373092 -2.870595 -9.320683 7.7e-05 -2.2e-05 5e-06 0.034866 -0.060333 -0.029648 0.701564 -3.741342 -10.60036 -0.635028 3.626763 -10.595359 -14.61622 -10.83639 17.285757 -55.852703 -14.08036 14.074184 0.132184 -34.421284 0.265268 4.911851 7.548321 -4.166391 -5.88211 9.861292 0.702591 -10.936879 -0.360575 7.156207 1e-06 8.774831 -2e-06 -16.425152 18.431831 5.969403 -1.844034 2.498507 -2.507279 -10.163608 4.678947 4.621109 -20.97604 -4e-06 2e-06 -21.226303 2.451699 -3.594003 -0.0 -6e-06 -0.0 -1.362682 2.240799 -0.746323 -21.334929 0.584909 3.008324 -13.821225 -4e-06 0.0 -23.887188 -0.249081 -0.839484 -60.362782 2.404644 -1.239429 -0.294025 1.679689 0.833257 -14.218221 0.093215 1.300581 -34.212074 -0.287565 0.96717 -20.033226 0.964535 1.212843 -1e-06 2e-06 -0.0 -3.440391 0.788234 0.501656 -15.9282 -3.167312 2.999708 -6.338831 -1e-06 2e-06 -18.123461 3.648185 -4.905675 -4e-06 -1e-06 -1e-06 8.814276 17.327629 16.214834 61.040985 9.630712 9.547977 0.048328 37.847733 0.106604 4.162163 -1.090041 -10.939963 2.243541 -5.255037 -3.180157 14.282896 -0.826593 6.952503 -3e-06 -12.690608 -1e-06 16.175625 -17.833035 2.641671 1.665667 -1.955922 -2.878299 4.727799 -4.170588 4.993925 11.020531 4e-06 1e-06 12.109056 -3.735717 -2.866784 -1e-06 -0.0 -0.0 1.291986 -1.928549 -1.498088 14.800132 0.567469 3.865608 14.242579 -1.341736 -6.660658 19.631973 0.143927 -0.648243 49.909492 -0.742009 -6.247193 0.353029 -1.51115 -0.031939 20.222799 3.684313 2.31663 18.787283 7e-06 0.0 10.751633 -0.479869 1.397907 0.0 0.0 -0.0 3.273808 0.305948 -0.580111 21.486824 11.830383 2.266133 8.16293 3e-06 -1e-06 18.399092 -3.798985 -4.940576 5e-06 0.0 -1e-06 3.477462 6.904054 -6.387616 -0.057997 0.073459 12.340769 -7.620941 4.639008 -2.8745 1.667955 -1.807871 -0.841944 -0.0 -0.0 2e-06 -7.385453 -0.677947 -3.051579 0.019005 0.136475 13.364172 7.847746 -0.160424 -7.404854 -1.424746 1.191907 -1.654948 0.0 0.0 -1e-06 
0.0 0.0 0.0 0.0 -0.0 0.0 2.752856 99.749626 1.729927 1.388338 2.143491 -2.835721 -0.296878 0.436228 -3.005696 -0.3703 0.265536 -6.203115 -0.871322 -0.676891 27.191195 3.585816 0.961272 13.614308 -1.614514 -1.823896 -3.810997 -1.291244 -2.981747 -10.057523 7.7e-05 -2.2e-05 5e-06 0.033051 -0.07474 -0.028161 0.69364 -3.760476 -10.615533 -0.630706 3.61607 -10.60619 -14.967897 -10.767307 17.514889 -55.573418 -13.972877 13.433484 0.14326 -34.666355 0.288048 5.334765 7.656709 -3.576985 -5.882109 9.861291 0.702592 -10.936877 -0.360575 7.156211 0.0 8.774831 -2e-06 -16.510138 18.441893 5.896133 -1.844033 2.498506 -2.50728 -10.163604 4.678946 4.621112 -20.976034 -4e-06 3e-06 -21.226295 2.451697 -3.594001 1e-06 -6e-06 -0.0 -1.362682 2.2408 -0.746324 -21.334925 0.584909 3.008325 -13.82122 -3e-06 2e-06 -23.887182 -0.249079 -0.839483 -60.463821 2.394641 -1.255963 -0.294025 1.679688 0.833257 -14.218217 0.093214 1.300582 -34.212067 -0.287565 0.967175 -20.033222 0.964538 1.212846 0.0 2e-06 0.0 -3.440391 0.788234 0.501656 -15.928196 -3.167313 2.999708 -6.33883 -2e-06 2e-06 -18.123457 3.648184 -4.905672 -3e-06 -1e-06 -2e-06 8.904909 17.473269 16.293251 61.026226 9.327932 9.381345 0.043596 38.189209 0.07714 4.050722 -1.505887 -9.744494 2.243543 -5.25504 -3.18016 14.282896 -0.826596 6.952504 -1e-06 -12.69061 1e-06 16.206181 -17.880322 2.619268 1.665667 -1.955922 -2.878301 4.7278 -4.17059 4.993927 11.020529 1e-06 -0.0 12.109056 -3.735719 -2.866786 -1e-06 0.0 -0.0 1.291986 -1.92855 -1.498091 14.800132 0.567467 3.865611 14.242578 -1.341738 -6.660661 19.631973 0.143925 -0.648244 49.989559 -0.699202 -6.244031 0.35303 -1.511152 -0.031939 20.222797 3.684309 2.316629 18.787277 2e-06 0.0 10.751633 -0.479871 1.397907 1e-06 0.0 -0.0 3.273808 0.305947 -0.58011 21.48682 11.830379 2.266135 8.16293 0.0 -0.0 18.39909 -3.79899 -4.940579 5e-06 1e-06 -1e-06 3.462427 6.762821 -5.199627 -0.040197 0.087318 10.203921 -7.54835 5.041207 -1.834187 1.675258 -1.825776 -0.830072 -0.0 -0.0 2e-06 -7.424115 -0.864517 -2.036134 0.003466 0.145459 11.537517 7.882897 -0.184822 -6.466568 -1.43026 1.196206 -1.600351 0.0 -0.0 -1e-06 
0.0 0.0 0.0 0.0 -0.0 0.0 2.762983 99.788078 1.781392 1.413758 2.113808 -2.887468 -0.269552 0.372541 -2.724469 -0.368203 0.399746 -6.163828 -0.949386 -0.736842 26.669151 3.505242 0.869711 14.476313 -1.571356 -1.572426 -3.839581 -1.225768 -2.858168 -10.87078 7.7e-05 -2.3e-05 5e-06 0.032929 -0.072043 -0.013073 0.667565 -3.764463 -10.591947 -0.604466 3.629069 -10.590075 -15.235541 -10.882913 17.776314 -55.556 -13.582183 12.808187 0.021565 -34.92115 0.389854 6.025115 7.522381 -3.589419 -5.882106 9.861286 0.70259 -10.936873 -0.360576 7.156203 1e-06 8.774827 -2e-06 -16.397932 18.618237 5.960615 -1.844032 2.498505 -2.507276 -10.163601 4.678944 4.621106 -20.976025 -5e-06 1e-06 -21.226286 2.451695 -3.593999 -0.0 -5e-06 -1e-06 -1.362681 2.240798 -0.746323 -21.334917 0.584907 3.008322 -13.821216 -4e-06 1e-06 -23.887173 -0.24908 -0.839483 -60.122795 2.538193 -1.339209 -0.294025 1.679688 0.833255 -14.21821 0.093213 1.300579 -34.212059 -0.287568 0.967169 -20.033215 0.964535 1.212842 1e-06 1e-06 1e-06 -3.440389 0.788234 0.501654 -15.928189 -3.167312 2.999705 -6.338827 -2e-06 -1e-06 -18.123453 3.648181 -4.905672 -3e-06 -0.0 -2e-06 9.176604 17.604851 16.667974 61.049019 9.303501 9.547606 -0.028838 37.919655 0.14611 3.536388 -1.474144 -9.504732 2.243543 -5.255039 -3.180158 14.282898 -0.826596 6.952506 -2e-06 -12.690611 -1e-06 16.210749 -17.846312 2.669499 1.665667 -1.955922 -2.878301 4.727802 -4.170591 4.993926 11.020534 3e-06 -0.0 12.109058 -3.735718 -2.866785 -1e-06 -0.0 -0.0 1.291986 -1.92855 -1.498089 14.800138 0.567468 3.865609 14.242579 -1.341737 -6.660661 19.631975 0.143926 -0.648244 50.060055 -0.816813 -6.137684 0.353029 -1.511151 -0.03194 20.222803 3.684311 2.316629 18.787285 4e-06 -0.0 10.751635 -0.479868 1.397907 1e-06 1e-06 -0.0 3.273809 0.305947 -0.580113 21.486828 11.830383 2.266134 8.16293 2e-06 -2e-06 18.399096 -3.798986 -4.940577 5e-06 1e-06 -1e-06 3.438802 6.8597 -4.897376 -0.052984 0.060617 9.732187 -7.387849 4.877981 -1.604328 1.666324 -1.806219 -0.7737 0.0 0.0 2e-06 -7.49144 -1.313744 -1.760512 0.040295 0.119912 11.119677 7.943614 -0.174328 -6.210535 -1.416361 1.216713 -1.548278 0.0 -0.0 -1e-06 
0.0 0.0 0.0 0.0 -0.0 0.0 2.785475 99.785652 1.823546 1.404454 2.199032 -2.90745 -0.210285 0.316762 -2.437102 -0.37099 0.48867 -6.109222 -1.025167 -0.848537 25.959242 3.43077 0.846088 15.486519 -1.488292 -1.438289 -3.849542 -1.262681 -2.619826 -11.758028 7.7e-05 -2.2e-05 6e-06 0.034364 -0.062348 0.000709 0.65085 -3.757315 -10.570254 -0.584549 3.643321 -10.576486 -15.511186 -10.994689 18.042328 -55.596287 -13.132063 12.037308 -0.001596 -35.12381 0.369667 6.582037 7.318579 -3.590556 -5.882108 9.861288 0.702591 -10.936873 -0.360574 7.156205 0.0 8.774828 -0.0 -16.296671 18.740248 6.031039 -1.844033 2.498505 -2.507278 -10.163602 4.678948 4.621112 -20.976027 -3e-06 -1e-06 -21.226292 2.451699 -3.594002 -0.0 -6e-06 0.0 -1.362682 2.240798 -0.746323 -21.334921 0.58491 3.008323 -13.821217 -3e-06 0.0 -23.88718 -0.249079 -0.839483 -59.881573 2.577181 -1.353739 -0.294024 1.679687 0.833256 -14.218213 0.093216 1.300582 -34.212059 -0.287562 0.96717 -20.033218 0.964536 1.212841 0.0 1e-06 1e-06 -3.440389 0.788234 0.501656 -15.928189 -3.167309 2.999708 -6.338828 -1e-06 0.0 -18.123453 3.648185 -4.905674 -3e-06 -0.0 -2e-06 9.494437 17.701611 17.037056 61.075264 9.175469 9.478887 0.087683 37.707294 0.284321 2.862012 -1.515817 -8.78798 2.243542 -5.255037 -3.180158 14.282894 -0.826597 6.952503 -1e-06 -12.690605 2e-06 16.176853 -17.793278 2.706819 1.665667 -1.955922 -2.878301 4.727801 -4.170589 4.993926 11.020529 2e-06 -1e-06 12.109056 -3.735718 -2.866786 -1e-06 0.0 -0.0 1.291986 -1.928549 -1.49809 14.800132 0.567466 3.865606 14.242577 -1.341737 -6.660659 19.631973 0.143925 -0.648247 50.048107 -0.889433 -6.042573 0.353029 -1.51115 -0.031939 20.222797 3.684307 2.31663 18.787275 2e-06 -2e-06 10.751631 -0.47987 1.397906 1e-06 1e-06 -0.0 3.273808 0.305947 -0.58011 21.486818 11.830374 2.26613 8.16293 0.0 -2e-06 18.399088 -3.798988 -4.940579 5e-06 1e-06 -1e-06 3.481189 6.999127 -4.880107 -0.082481 0.017024 9.784018 -7.34176 4.626122 -1.599852 1.662249 -1.788087 -0.650269 0.0 0.0 2e-06 -7.524289 -1.876205 -1.65902 0.064683 0.10293 11.05096 7.93841 -0.12943 -6.067369 -1.404424 1.210286 -1.405461 -0.0 -0.0 -1e-06 
0.0 0.0 0.0 0.0 -0.0 0.0 2.810497 99.771362 1.871848 1.377068 2.316511 -2.919568 -0.155658 0.254864 -2.114512 -0.376523 0.535817 -6.05151 -1.084211 -0.973232 25.139233 3.404993 0.839504 16.624893 -1.429621 -1.324852 -3.861899 -1.364433 -2.374991 -12.760319 7.7e-05 -2.3e-05 6e-06 0.035098 -0.052625 0.011158 0.640391 -3.746881 -10.557345 -0.572279 3.653179 -10.570509 -15.843552 -11.138049 18.243925 -55.560944 -12.552989 11.275811 0.014796 -35.324421 0.289739 7.02399 7.037616 -3.422321 -5.882113 9.861292 0.702591 -10.936881 -0.360574 7.156211 0.0 8.774831 -0.0 -16.204178 18.797813 6.082839 -1.844034 2.498506 -2.50728 -10.16361 4.678948 4.621111 -20.97604 -3e-06 -1e-06 -21.226307 2.451698 -3.594004 -0.0 -6e-06 -0.0 -1.362683 2.2408 -0.746324 -21.334934 0.584911 3.008324 -13.821227 -3e-06 -1e-06 -23.887196 -0.249079 -0.839486 -59.73159 2.564406 -1.330186 -0.294025 1.679689 0.833257 -14.218221 0.093216 1.300579 -34.212082 -0.287565 0.967169 -20.033232 0.964537 1.212842 0.0 1e-06 1e-06 -3.440392 0.788234 0.501656 -15.928201 -3.16731 2.999706 -6.338832 -2e-06 1e-06 -18.123466 3.648185 -4.905675 -4e-06 -0.0 -1e-06 9.869481 17.855705 17.414049 61.055897 8.982516 9.303761 0.168562 37.523834 0.374235 2.209254 -1.590325 -7.87135 2.243541 -5.255036 -3.180156 14.282887 -0.826595 6.952499 -1e-06 -12.690601 -0.0 16.121626 -17.740149 2.739566 1.665666 -1.955921 -2.878296 4.727799 -4.170587 4.993921 11.020524 1e-06 -2e-06 12.109052 -3.735716 -2.866784 -0.0 -0.0 -1e-06 1.291986 -1.928548 -1.498087 14.800123 0.567467 3.865605 14.242568 -1.341738 -6.660655 19.631962 0.143925 -0.648246 50.016239 -0.931744 -5.976556 0.353029 -1.511151 -0.031939 20.222786 3.684307 2.316627 18.78727 2e-06 -3e-06 10.751626 -0.479869 1.397905 0.0 1e-06 -0.0 3.273806 0.305947 -0.580111 21.486803 11.830369 2.26613 8.162926 1e-06 -1e-06 18.399076 -3.798985 -4.940578 5e-06 1e-06 -1e-06 3.532664 7.20297 -4.939826 -0.11172 -0.025529 10.000487 -7.348586 4.32948 -1.70475 1.659424 -1.775036 -0.517175 -0.0 0.0 2e-06 -7.64116 -2.450695 -1.586848 0.074394 0.098048 11.066636 8.016516 -0.08214 -5.992626 -1.397402 1.195928 -1.215862 0.0 -0.0 -1e-06 
0.0 0.0 0.0 0.0 -0.0 0.0 2.83079 99.767609 1.917458 1.351524 2.390056 -2.946054 -0.109938 0.207247 -1.768608 -0.382697 0.538937 -5.985931 -1.119106 -1.075414 24.279669 3.370179 0.825461 17.789005 -1.385648 -1.225669 -3.8743 -1.451676 -2.169542 -13.877203 7.7e-05 -2.2e-05 6e-06 0.034502 -0.04758 0.019165 0.631726 -3.741115 -10.549526 -0.564509 3.657712 -10.564595 -16.20299 -11.33008 18.436691 -55.485317 -11.908952 10.573851 0.050545 -35.538364 0.208382 7.443912 6.719707 -3.079748 -5.882107 9.861288 0.70259 -10.936873 -0.360574 7.156208 0.0 8.774827 1e-06 -16.148233 18.821611 6.109095 -1.844033 2.498505 -2.507278 -10.163601 4.678946 4.621109 -20.976023 -2e-06 1e-06 -21.22629 2.451699 -3.594002 1e-06 -6e-06 -0.0 -1.362681 2.240798 -0.746324 -21.334917 0.584911 3.008324 -13.821214 -2e-06 1e-06 -23.887171 -0.249077 -0.839485 -59.642113 2.54848 -1.294019 -0.294025 1.679687 0.833256 -14.21821 0.093216 1.300581 -34.212048 -0.287561 0.967169 -20.033215 0.964538 1.212842 1e-06 1e-06 2e-06 -3.440389 0.788234 0.501656 -15.928187 -3.167309 2.999707 -6.338827 -1e-06 1e-06 -18.123447 3.648184 -4.905672 -4e-06 -0.0 -2e-06 10.247994 18.033222 17.769112 60.973701 8.756376 9.242622 0.124284 37.402431 0.401282 1.658158 -1.686901 -7.043365 2.243541 -5.255037 -3.180158 14.282892 -0.826593 6.952504 -4e-06 -12.690605 1e-06 16.090141 -17.707108 2.758475 1.665666 -1.955922 -2.878301 4.727799 -4.170588 4.993927 11.020526 3e-06 -1e-06 12.109052 -3.735717 -2.866785 -0.0 0.0 0.0 1.291985 -1.928549 -1.498089 14.800131 0.56747 3.865609 14.242571 -1.341735 -6.660659 19.631964 0.143925 -0.648243 50.005539 -0.950004 -5.943231 0.353029 -1.511151 -0.03194 20.222788 3.684311 2.316629 18.78727 4e-06 -0.0 10.751628 -0.479868 1.397906 0.0 -0.0 1e-06 3.273807 0.305946 -0.580111 21.486816 11.830377 2.266133 8.162928 2e-06 -1e-06 18.39908 -3.798986 -4.940574 3e-06 -0.0 -1e-06 3.571115 7.396449 -4.924872 -0.128363 -0.049087 10.089451 -7.350657 4.093945 -1.745694 1.659015 -1.770787 -0.403444 -0.0 0.0 2e-06 -7.68942 -2.973 -1.465591 0.073142 0.094499 10.983147 8.027734 -0.09213 -5.872602 -1.3956 1.182435 -0.999035 -0.0 0.0 -1e-06 
0.0 0.0 0.0 0.0 -0.0 0.0 2.854205 99.763336 1.947729 1.331027 2.43035 -2.99166 -0.062106 0.176853 -1.420855 -0.387877 0.525607 -5.914654 -1.14325 -1.16604 23.444492 3.309805 0.808318 18.899872 -1.352739 -1.141201 -3.882483 -1.519508 -1.996029 -15.061795 7.7e-05 -2.2e-05 6e-06 0.033051 -0.045142 0.028421 0.623494 -3.739778 -10.542957 -0.559077 3.661348 -10.556858 -16.576574 -11.557461 18.615728 -55.363094 -11.259806 9.982073 0.106455 -35.759594 0.15285 7.798706 6.421739 -2.677484 -5.88211 9.861292 0.70259 -10.936875 -0.360573 7.156204 -1e-06 8.77483 -2e-06 -16.121178 18.816921 6.119113 -1.844033 2.498506 -2.507277 -10.163604 4.67895 4.621109 -20.976032 1e-06 -2e-06 -21.226299 2.451701 -3.594006 0.0 -7e-06 -0.0 -1.362683 2.2408 -0.746323 -21.334921 0.584914 3.008322 -13.821218 -0.0 -1e-06 -23.887175 -0.249077 -0.839489 -59.596455 2.538998 -1.255911 -0.294024 1.679688 0.833254 -14.218214 0.093218 1.30058 -34.212063 -0.287559 0.967164 -20.033218 0.96454 1.21284 1e-06 1e-06 2e-06 -3.440389 0.788235 0.501656 -15.928189 -3.167308 2.999706 -6.338828 0.0 -1e-06 -18.123457 3.648187 -4.905676 -4e-06 -0.0 -1e-06 10.59653 18.20599 18.09671 60.853661 8.540995 9.189334 0.042494 37.340691 0.397087 1.204133 -1.777523 -6.24905 2.243544 -5.25504 -3.180159 14.282897 -0.826597 6.952501 0.0 -12.69061 -0.0 16.087507 -17.680403 2.763973 1.665668 -1.955923 -2.878302 4.727801 -4.170591 4.993922 11.020534 1e-06 -3e-06 12.10906 -3.73572 -2.866787 -0.0 0.0 -0.0 1.291987 -1.92855 -1.49809 14.800136 0.567465 3.865605 14.242582 -1.34174 -6.660665 19.631975 0.143925 -0.648249 50.008343 -0.942645 -5.930191 0.35303 -1.511152 -0.031939 20.222801 3.684309 2.316626 18.787285 3e-06 -5e-06 10.751633 -0.479869 1.397903 -1e-06 0.0 1e-06 3.273808 0.305947 -0.580112 21.486824 11.830379 2.26613 8.16293 1e-06 -3e-06 18.399094 -3.798986 -4.940581 3e-06 1e-06 -1e-06 3.603093 7.574307 -4.886756 -0.137352 -0.061373 10.16602 -7.332965 3.90435 -1.779003 1.660524 -1.781659 -0.298401 -0.0 0.0 2e-06 -7.738559 -3.446339 -1.34827 0.063371 0.090658 10.912848 8.048711 -0.134028 -5.764205 -1.397231 1.171706 -0.775417 -0.0 -0.0 -1e-06 
0.0 0.0 0.0 0.0 -0.0 0.0 2.879938 99.750343 1.958977 1.321966 2.464133 -3.051742 -0.014023 0.160747 -1.084839 -0.390325 0.50829 -5.838855 -1.168035 -1.252286 22.651108 3.237618 0.784957 19.947502 -1.31703 -1.057535 -3.889129 -1.58768 -1.827053 -16.266222 7.7e-05 -2.2e-05 6e-06 0.031355 -0.040815 0.039071 0.614924 -3.738078 -10.533787 -0.553926 3.668439 -10.545267 -16.958813 -11.792021 18.796881 -55.205833 -10.665495 9.494892 0.179728 -35.96579 0.123823 8.133607 6.198052 -2.235825 -5.882107 9.861286 0.70259 -10.936873 -0.360575 7.156208 1e-06 8.774826 -0.0 -16.103354 18.800863 6.1299 -1.844033 2.498505 -2.507277 -10.163603 4.678945 4.62111 -20.976027 -4e-06 -1e-06 -21.226292 2.451695 -3.594002 -0.0 -6e-06 -1e-06 -1.362682 2.240798 -0.746325 -21.334917 0.584909 3.008324 -13.821218 -4e-06 -0.0 -23.887175 -0.24908 -0.839484 -59.578442 2.529956 -1.214434 -0.294025 1.679688 0.833258 -14.218212 0.093214 1.300581 -34.212051 -0.287564 0.96717 -20.033218 0.964536 1.212844 1e-06 1e-06 1e-06 -3.440389 0.788233 0.501657 -15.928189 -3.16731 2.999708 -6.338828 -1e-06 0.0 -18.123453 3.648182 -4.905672 -4e-06 -0.0 -1e-06 10.900015 18.37995 18.365793 60.730927 8.331919 9.127883 -0.043703 37.30172 0.370771 0.776991 -1.842244 -5.409729 2.243541 -5.255036 -3.180157 14.282892 -0.826594 6.952505 -3e-06 -12.690604 1e-06 16.087498 -17.652611 2.761392 1.665666 -1.955921 -2.878301 4.727798 -4.170587 4.993924 11.020526 4e-06 -2e-06 12.109052 -3.735714 -2.866783 0.0 -0.0 -1e-06 1.291986 -1.928549 -1.498089 14.800129 0.567469 3.865608 14.242571 -1.341733 -6.660658 19.631968 0.143928 -0.648244 49.990955 -0.920469 -5.928652 0.353028 -1.51115 -0.031941 20.222794 3.684313 2.316629 18.787271 7e-06 -0.0 10.751629 -0.479867 1.397909 -1e-06 0.0 1e-06 3.273807 0.305948 -0.580111 21.486813 11.830377 2.266132 8.162928 4e-06 -2e-06 18.399084 -3.798984 -4.940572 3e-06 1e-06 -1e-06 3.612803 7.707506 -4.869017 -0.140387 -0.064675 10.307944 -7.301961 3.747536 -1.842471 1.662155 -1.799917 -0.214825 -0.0 0.0 2e-06 -7.796853 -3.862688 -1.282257 0.051798 0.088762 10.951233 8.099106 -0.193347 -5.720517 -1.399903 1.159257 -0.578359 -0.0 -0.0 -1e-06 
0.0 0.0 0.0 0.0 -0.0 0.0 2.904527 99.729065 1.960918 1.319394 2.501903 -3.129109 0.026787 0.14991 -0.761803 -0.386007 0.489182 -5.758597 -1.187232 -1.330986 21.906605 3.162321 0.749358 20.926388 -1.284702 -0.959137 -3.899018 -1.631908 -1.670216 -17.438313 7.7e-05 -2.2e-05 7e-06 0.030021 -0.040051 0.04876 0.607248 -3.740191 -10.526249 -0.549032 3.672536 -10.532746 -17.329235 -12.017149 18.992218 -55.034981 -10.1496 9.047044 0.250395 -36.144878 0.10424 8.446897 6.047347 -1.718095 -5.882108 9.861286 0.702589 -10.936874 -0.360576 7.156203 1e-06 8.774826 -1e-06 -16.089613 18.777107 6.147487 -1.844033 2.498505 -2.507277 -10.163601 4.678945 4.621107 -20.976027 -6e-06 -2e-06 -21.226292 2.451695 -3.594002 -1e-06 -6e-06 -1e-06 -1.362681 2.240798 -0.746324 -21.334919 0.584907 3.00832 -13.821218 -5e-06 1e-06 -23.887178 -0.249082 -0.839483 -59.603313 2.517153 -1.165643 -0.294023 1.679686 0.833256 -14.21821 0.093213 1.300579 -34.212051 -0.287569 0.96717 -20.033213 0.964534 1.212844 1e-06 1e-06 0.0 -3.440389 0.788233 0.501655 -15.928189 -3.167311 2.999706 -6.338828 -1e-06 -3e-06 -18.123453 3.648181 -4.905672 -5e-06 -0.0 -1e-06 11.158742 18.551752 18.584089 60.610336 8.135026 9.045191 -0.126967 37.272049 0.323294 0.344066 -1.894795 -4.523242 2.243542 -5.255037 -3.180158 14.282896 -0.826595 6.952506 -2e-06 -12.690608 1e-06 16.084146 -17.627996 2.755975 1.665667 -1.955922 -2.878298 4.727801 -4.170589 4.993926 11.020531 3e-06 -2e-06 12.109057 -3.735717 -2.866786 0.0 -0.0 -1e-06 1.291987 -1.92855 -1.498088 14.800134 0.567469 3.865607 14.242577 -1.341738 -6.660659 19.631973 0.143925 -0.648244 49.978497 -0.892086 -5.925013 0.353029 -1.511151 -0.031942 20.222801 3.684311 2.316632 18.787281 4e-06 -1e-06 10.751634 -0.479868 1.397907 -1e-06 0.0 1e-06 3.273808 0.305947 -0.58011 21.486822 11.830376 2.266134 8.16293 2e-06 -1e-06 18.399088 -3.798987 -4.940577 5e-06 1e-06 -2e-06 3.605434 7.783438 -4.869569 -0.140622 -0.066725 10.514865 -7.271775 3.629266 -1.933119 1.663586 -1.821096 -0.15543 -0.0 0.0 2e-06 -7.856571 -4.217535 -1.246387 0.038646 0.086058 11.078794 8.150505 -0.263188 -5.717107 -1.402636 1.144198 -0.422219 -0.0 0.0 -1e-06 
0.0 0.0 0.0 0.0 -0.0 0.0 2.930348 99.703514 1.964851 1.323297 2.540783 -3.221925 0.063081 0.14064 -0.455466 -0.380189 0.47463 -5.68079 -1.207191 -1.407472 21.216082 3.090732 0.717561 21.831102 -1.25552 -0.864253 -3.910392 -1.658645 -1.518136 -18.524139 7.7e-05 -2.3e-05 6e-06 0.029519 -0.042979 0.055892 0.600786 -3.745559 -10.518892 -0.543639 3.672683 -10.519005 -17.674938 -12.221245 19.176561 -54.866333 -9.681556 8.629721 0.31193 -36.300743 0.090866 8.732453 5.950715 -1.167547 -5.882107 9.861288 0.702592 -10.936876 -0.360574 7.156208 -0.0 8.774828 -1e-06 -16.093019 18.740126 6.152961 -1.844034 2.498505 -2.50728 -10.163604 4.678947 4.621109 -20.976036 -2e-06 1e-06 -21.226295 2.451698 -3.594002 0.0 -6e-06 -1e-06 -1.362681 2.240798 -0.746321 -21.334923 0.584912 3.008322 -13.821218 -2e-06 -0.0 -23.887182 -0.24908 -0.839484 -59.664764 2.508884 -1.126567 -0.294025 1.679688 0.833256 -14.218214 0.093215 1.300578 -34.212059 -0.287561 0.967167 -20.033222 0.964537 1.212842 1e-06 1e-06 0.0 -3.44039 0.788234 0.501654 -15.928191 -3.16731 2.999705 -6.338829 -1e-06 -0.0 -18.123455 3.648184 -4.905674 -5e-06 -0.0 -1e-06 11.398823 18.724113 18.789293 60.466961 7.968455 8.939063 -0.196027 37.241161 0.270436 -0.116684 -1.948841 -3.550722 2.243543 -5.255039 -3.180159 14.2829 -0.826596 6.952504 -2e-06 -12.690612 1e-06 16.076361 -17.604839 2.749807 1.665668 -1.955922 -2.878299 4.727802 -4.170591 4.993925 11.020534 2e-06 -2e-06 12.10906 -3.735718 -2.866784 0.0 -0.0 -1e-06 1.291987 -1.92855 -1.49809 14.800139 0.567468 3.865608 14.242582 -1.341738 -6.660662 19.631979 0.143926 -0.648245 49.957874 -0.869318 -5.933896 0.35303 -1.511152 -0.031939 20.222805 3.684311 2.316628 18.787287 5e-06 -3e-06 10.751636 -0.47987 1.397905 -1e-06 0.0 -0.0 3.273809 0.305947 -0.580112 21.486828 11.83038 2.266135 8.16293 2e-06 -1e-06 18.399096 -3.798987 -4.94058 4e-06 -0.0 0.0 3.586731 7.860242 -4.871744 -0.136986 -0.070578 10.74627 -7.242561 3.495703 -2.024478 1.664947 -1.841954 -0.089098 -0.0 0.0 2e-06 -7.922799 -4.521095 -1.211236 0.02911 0.083478 11.245998 8.212206 -0.352565 -5.739547 -1.404879 1.130469 -0.289714 -0.0 0.0 -1e-06 
0.0 0.0 0.0 0.0 -0.0 0.0 2.953235 99.675545 1.972247 1.325736 2.578226 -3.322537 0.097455 0.125287 -0.158704 -0.374559 0.459277 -5.609878 -1.221233 -1.468675 20.556004 3.03079 0.681214 22.673279 -1.221957 -0.772782 -3.91526 -1.696792 -1.363354 -19.50408 7.7e-05 -2.2e-05 6e-06 0.029456 -0.041068 0.062013 0.595016 -3.746161 -10.510751 -0.53802 3.677759 -10.504323 -17.968891 -12.412421 19.345757 -54.736366 -9.246246 8.250814 0.342271 -36.44278 0.083851 9.016922 5.888349 -0.600801 -5.88211 9.861292 0.702591 -10.936878 -0.360576 7.156206 1e-06 8.774831 -1e-06 -16.098995 18.698324 6.144163 -1.844035 2.498504 -2.507279 -10.163608 4.678947 4.62111 -20.976038 -6e-06 1e-06 -21.226301 2.451696 -3.594 0.0 -6e-06 1e-06 -1.362682 2.2408 -0.746323 -21.334929 0.584909 3.008324 -13.821222 -5e-06 -2e-06 -23.887184 -0.249082 -0.839484 -59.718624 2.508302 -1.116489 -0.294026 1.679688 0.833257 -14.218218 0.093213 1.300579 -34.212074 -0.287569 0.96717 -20.03323 0.964533 1.212844 2e-06 2e-06 0.0 -3.440392 0.788235 0.501653 -15.928201 -3.167313 2.999707 -6.338831 -2e-06 0.0 -18.123461 3.648182 -4.905674 -4e-06 -0.0 -2e-06 11.640311 18.886053 18.952274 60.305149 7.77161 8.767223 -0.217579 37.235161 0.238048 -0.591273 -2.00389 -2.545389 2.243543 -5.255039 -3.18016 14.2829 -0.826593 6.952508 -4e-06 -12.69061 1e-06 16.074633 -17.587736 2.739169 1.665668 -1.955923 -2.8783 4.7278 -4.170589 4.993927 11.020532 4e-06 -1e-06 12.109058 -3.735716 -2.866785 0.0 -0.0 -1e-06 1.291987 -1.928551 -1.498092 14.800138 0.56747 3.86561 14.24258 -1.341735 -6.660663 19.631979 0.143928 -0.648246 49.945148 -0.848025 -5.959445 0.353029 -1.511151 -0.03194 20.222803 3.684313 2.316633 18.787287 7e-06 -1e-06 10.751634 -0.479869 1.397908 0.0 1e-06 0.0 3.273808 0.305947 -0.580112 21.486826 11.830384 2.266131 8.16293 4e-06 -0.0 18.399092 -3.798984 -4.940576 4e-06 -0.0 -1e-06 3.562657 7.949087 -4.963599 -0.132072 -0.075718 10.996132 -7.200616 3.350912 -2.043277 1.663986 -1.856839 -0.013786 0.0 0.0 2e-06 -7.987418 -4.800689 -1.173457 0.024803 0.079812 11.429649 8.288395 -0.445581 -5.780591 -1.406537 1.123939 -0.153718 0.0 -0.0 -1e-06 
0.0 0.0 0.0 0.0 -0.0 0.0 2.975167 99.640991 1.980679 1.331296 2.617037 -3.419568 0.124494 0.105269 0.126916 -0.368622 0.433072 -5.542905 -1.229243 -1.52436 19.911554 2.989401 0.651304 23.45483 -1.179358 -0.709004 -3.913955 -1.754669 -1.191863 -20.420855 7.7e-05 -2.3e-05 6e-06 0.029469 -0.034794 0.068786 0.590836 -3.741335 -10.496648 -0.533739 3.685886 -10.485362 -18.211155 -12.586919 19.496922 -54.655853 -8.828247 7.889027 0.361259 -36.559395 0.08517 9.268739 5.807686 -0.020415 -5.88211 9.861292 0.702591 -10.936877 -0.360574 7.156206 -0.0 8.77483 -1e-06 -16.12011 18.639347 6.113965 -1.844034 2.498506 -2.507278 -10.163604 4.678948 4.621108 -20.976032 -2e-06 -0.0 -21.226299 2.451698 -3.594004 -0.0 -6e-06 -0.0 -1.362682 2.240799 -0.746324 -21.334925 0.584913 3.008322 -13.82122 -2e-06 0.0 -23.887182 -0.249078 -0.839486 -59.755241 2.498209 -1.119992 -0.294025 1.679687 0.833256 -14.218216 0.093216 1.300582 -34.212067 -0.287561 0.967168 -20.033226 0.964537 1.21284 2e-06 1e-06 0.0 -3.440389 0.788234 0.501655 -15.928198 -3.167308 2.999706 -6.33883 0.0 1e-06 -18.123459 3.648185 -4.905674 -4e-06 -0.0 -2e-06 11.876787 19.020094 19.093288 60.138367 7.568392 8.591987 -0.231684 37.257687 0.211459 -1.051802 -2.070984 -1.556845 2.243543 -5.255039 -3.180158 14.282896 -0.826598 6.952504 1e-06 -12.690609 0.0 16.084579 -17.583288 2.727763 1.665667 -1.955922 -2.878299 4.727801 -4.170591 4.993927 11.020529 -0.0 1e-06 12.109058 -3.735721 -2.866784 0.0 0.0 -2e-06 1.291986 -1.928551 -1.498088 14.800132 0.567464 3.865608 14.242577 -1.34174 -6.660661 19.631969 0.143922 -0.648247 49.946232 -0.829585 -5.993765 0.35303 -1.51115 -0.03194 20.222797 3.684305 2.316629 18.787279 -1e-06 -2e-06 10.751631 -0.479871 1.397904 -1e-06 1e-06 0.0 3.273808 0.305947 -0.580109 21.486816 11.830373 2.266135 8.16293 1e-06 -2e-06 18.399092 -3.798988 -4.940581 4e-06 -0.0 -1e-06 3.559389 8.022277 -5.009337 -0.128598 -0.079225 11.306419 -7.203405 3.21727 -2.183143 1.662748 -1.868483 0.067477 0.0 0.0 2e-06 -8.058862 -5.091496 -1.172543 0.023362 0.078217 11.684031 8.370424 -0.488513 -5.865431 -1.407941 1.119569 -0.019078 -0.0 -0.0 -1e-06 
0.0 0.0 0.0 0.0 -0.0 0.0 2.994938 99.605652 1.983894 1.341186 2.659886 -3.509843 0.145485 0.09072 0.397201 -0.363726 0.397216 -5.483198 -1.231211 -1.570464 19.309885 2.97562 0.623847 24.155155 -1.1422 -0.662021 -3.912116 -1.821092 -1.035132 -21.265949 7.7e-05 -2.3e-05 6e-06 0.029036 -0.027347 0.078193 0.585894 -3.73621 -10.482006 -0.529534 3.69565 -10.465994 -18.41855 -12.744948 19.636223 -54.589142 -8.445231 7.604746 0.400767 -36.665726 0.075326 9.475073 5.720447 0.465879 -5.882106 9.861284 0.70259 -10.936875 -0.360577 7.156206 3e-06 8.774826 -0.0 -16.126726 18.563562 6.084803 -1.844033 2.498503 -2.507278 -10.163603 4.678943 4.621108 -20.97603 -8e-06 2e-06 -21.226292 2.451692 -3.593999 -0.0 -6e-06 1e-06 -1.362682 2.240798 -0.746325 -21.334925 0.584905 3.008324 -13.82122 -7e-06 1e-06 -23.887182 -0.249083 -0.83948 -59.76757 2.482412 -1.133518 -0.294026 1.679688 0.833257 -14.218215 0.093211 1.300579 -34.212063 -0.287571 0.967174 -20.033218 0.964533 1.212846 1e-06 1e-06 0.0 -3.440389 0.788233 0.501656 -15.928192 -3.167312 2.999708 -6.338829 -2e-06 0.0 -18.123453 3.648178 -4.905671 -5e-06 -0.0 -3e-06 12.109638 19.121441 19.224831 59.96999 7.378073 8.379451 -0.213071 37.321419 0.208618 -1.486042 -2.152014 -0.620523 2.243541 -5.255036 -3.180158 14.282893 -0.826592 6.952501 -5e-06 -12.690604 0.0 16.095091 -17.585182 2.723752 1.665667 -1.955921 -2.8783 4.727799 -4.170587 4.993923 11.020529 5e-06 -1e-06 12.109055 -3.735713 -2.866785 -1e-06 0.0 -0.0 1.291986 -1.928549 -1.49809 14.800129 0.56747 3.865606 14.242573 -1.341732 -6.660657 19.631969 0.143932 -0.648245 49.948673 -0.813363 -6.027542 0.353029 -1.51115 -0.031941 20.222797 3.684313 2.316629 18.787275 8e-06 -0.0 10.751629 -0.479865 1.397906 -1e-06 1e-06 -1e-06 3.273808 0.305946 -0.580114 21.48682 11.83038 2.266129 8.162928 4e-06 -0.0 18.399084 -3.798981 -4.940574 4e-06 -0.0 -1e-06 3.55049 8.072152 -5.0654 -0.126529 -0.081976 11.614123 -7.205603 3.119592 -2.334787 1.66212 -1.87675 0.134705 0.0 0.0 2e-06 -8.134045 -5.383149 -1.190661 0.021595 0.076173 11.957995 8.45377 -0.491553 -5.968936 -1.409535 1.116652 0.106663 -0.0 -0.0 -1e-06 
0.0 0.0 0.0 0.0 -0.0 0.0 3.017111 99.570786 1.97794 1.349931 2.703322 -3.58803 0.164932 0.078423 0.644491 -0.361109 0.355162 -5.427297 -1.22167 -1.597319 18.758163 2.96449 0.603667 24.76857 -1.108782 -0.616731 -3.91734 -1.868071 -0.909791 -21.999176 7.7e-05 -2.3e-05 5e-06 0.027976 -0.017702 0.087657 0.579591 -3.72918 -10.473089 -0.525226 3.708071 -10.45141 -18.592976 -12.901287 19.769238 -54.536713 -8.085399 7.324143 0.433684 -36.780533 0.078228 9.652786 5.637201 0.888545 -5.882111 9.861292 0.70259 -10.93688 -0.360574 7.156206 -0.0 8.77483 -2e-06 -16.113131 18.468029 6.069283 -1.844033 2.498506 -2.507279 -10.163605 4.678948 4.621109 -20.976038 -2e-06 1e-06 -21.226301 2.451699 -3.594002 1e-06 -6e-06 1e-06 -1.362682 2.240801 -0.746324 -21.334929 0.584912 3.008321 -13.821222 -2e-06 -1e-06 -23.887188 -0.249078 -0.839487 -59.774887 2.46805 -1.133716 -0.294025 1.679689 0.833257 -14.218219 0.093216 1.300579 -34.212074 -0.287563 0.967166 -20.033228 0.964536 1.212843 1e-06 1e-06 1e-06 -3.440391 0.788234 0.501654 -15.928198 -3.167309 2.999707 -6.33883 -1e-06 0.0 -18.123459 3.648184 -4.905677 -5e-06 -0.0 -3e-06 12.322805 19.208248 19.337038 59.821968 7.191076 8.138412 -0.174757 37.423649 0.22414 -1.900466 -2.227956 0.234934 2.243542 -5.255037 -3.180156 14.282892 -0.826595 6.952503 -1e-06 -12.690608 -0.0 16.104761 -17.588781 2.723662 1.665666 -1.955921 -2.8783 4.727798 -4.170588 4.993924 11.020528 2e-06 -2e-06 12.109053 -3.735717 -2.866786 -1e-06 -0.0 1e-06 1.291987 -1.928551 -1.498089 14.800129 0.567468 3.865607 14.242575 -1.341739 -6.66066 19.631969 0.143925 -0.648246 49.948109 -0.80023 -6.059045 0.353029 -1.511151 -0.031941 20.222794 3.684309 2.316631 18.787273 3e-06 -1e-06 10.751629 -0.47987 1.397905 -0.0 2e-06 1e-06 3.273808 0.305946 -0.580112 21.486813 11.830376 2.266135 8.162927 3e-06 -2e-06 18.399086 -3.798987 -4.940577 4e-06 -1e-06 -2e-06 3.539684 8.129168 -5.140839 -0.12597 -0.082817 11.921746 -7.200091 3.025661 -2.485154 1.662098 -1.882446 0.194448 0.0 -0.0 2e-06 -8.20463 -5.645417 -1.22799 0.020015 0.076787 12.231772 8.54091 -0.504565 -6.076864 -1.41164 1.116266 0.229792 0.0 0.0 -1e-06 
0.0 0.0 0.0 0.0 -0.0 0.0 3.036068 99.545357 1.964162 1.360173 2.741762 -3.660461 0.17842 0.059023 0.873305 -0.358793 0.320251 -5.369382 -1.213161 -1.620818 18.248348 2.942346 0.589538 25.315655 -1.073583 -0.559099 -3.918824 -1.918926 -0.796782 -22.667963 7.7e-05 -2.2e-05 5e-06 0.027298 -0.011131 0.095484 0.573768 -3.725888 -10.472069 -0.520682 3.718251 -10.446215 -18.761089 -13.038575 19.897955 -54.470016 -7.746587 7.030007 0.461976 -36.901947 0.076213 9.822871 5.565755 1.241748 -5.882111 9.861292 0.702593 -10.936879 -0.360575 7.156207 0.0 8.77483 -1e-06 -16.091284 18.389587 6.06808 -1.844034 2.498507 -2.507279 -10.163608 4.678947 4.621109 -20.97604 -3e-06 1e-06 -21.226301 2.451698 -3.594003 1e-06 -6e-06 -0.0 -1.362682 2.2408 -0.746325 -21.334929 0.58491 3.008324 -13.821223 -3e-06 1e-06 -23.887188 -0.249078 -0.839482 -59.795471 2.455568 -1.118185 -0.294024 1.679689 0.833256 -14.218219 0.093215 1.300579 -34.212074 -0.287565 0.967167 -20.033228 0.964538 1.212845 0.0 1e-06 1e-06 -3.44039 0.788234 0.501657 -15.928196 -3.16731 2.999708 -6.33883 -1e-06 1e-06 -18.123457 3.648184 -4.905674 -5e-06 -1e-06 -2e-06 12.509628 19.292963 19.422609 59.706844 6.981874 7.923318 -0.146801 37.579887 0.237965 -2.298292 -2.289356 0.98784 2.243542 -5.255038 -3.180157 14.282896 -0.826595 6.952506 -3e-06 -12.690609 1e-06 16.112528 -17.598791 2.724283 1.665668 -1.955922 -2.878298 4.727801 -4.170589 4.993926 11.020531 3e-06 -1e-06 12.109057 -3.735717 -2.866786 -1e-06 -0.0 -1e-06 1.291986 -1.928549 -1.498088 14.800136 0.567468 3.865609 14.242578 -1.341737 -6.660659 19.631975 0.143924 -0.648244 49.968124 -0.787287 -6.087358 0.353029 -1.511152 -0.031941 20.222801 3.684311 2.31663 18.787283 4e-06 1e-06 10.751634 -0.479869 1.397909 -1e-06 1e-06 0.0 3.273809 0.305947 -0.58011 21.486824 11.830379 2.266134 8.162932 2e-06 0.0 18.39909 -3.798987 -4.940574 4e-06 1e-06 -1e-06 3.527742 8.193941 -5.178008 -0.124888 -0.083731 12.130242 -7.185437 2.923906 -2.578509 1.662425 -1.883449 0.218161 0.0 0.0 2e-06 -8.267463 -5.865839 -1.239822 0.017693 0.079862 12.426188 8.628378 -0.553525 -6.140821 -1.414494 1.121034 0.31935 0.0 0.0 -1e-06 
0.0 0.0 0.0 0.0 -0.0 0.0 3.049887 99.531685 1.940544 1.368995 2.787683 -3.714779 0.188354 0.031808 1.067732 -0.352641 0.289268 -5.311936 -1.210053 -1.635441 17.773964 2.918108 0.563166 25.783356 -1.045735 -0.486716 -3.916982 -1.967806 -0.695275 -23.279621 7.7e-05 -2.2e-05 6e-06 0.027309 -0.007811 0.102029 0.570142 -3.725612 -10.472123 -0.516939 3.72469 -10.444178 -18.92061 -13.159331 20.012939 -54.392159 -7.436392 6.770155 0.497292 -36.981712 0.061284 9.971584 5.505322 1.567092 -5.882111 9.86129 0.70259 -10.936878 -0.360574 7.156203 -0.0 8.774829 -2e-06 -16.082335 18.333145 6.073153 -1.844035 2.498506 -2.507278 -10.163607 4.678949 4.621108 -20.976038 -3e-06 -0.0 -21.226303 2.451699 -3.594004 2e-06 -6e-06 -0.0 -1.362683 2.240798 -0.746325 -21.334929 0.584912 3.008321 -13.821221 -2e-06 -1e-06 -23.887188 -0.249079 -0.839487 -59.837677 2.443624 -1.09051 -0.294026 1.679688 0.833256 -14.218217 0.093217 1.30058 -34.212067 -0.287563 0.967167 -20.033226 0.964536 1.21284 1e-06 1e-06 0.0 -3.44039 0.788234 0.501655 -15.928198 -3.16731 2.999705 -6.338831 -1e-06 0.0 -18.123461 3.648185 -4.905674 -4e-06 -1e-06 -1e-06 12.666511 19.37701 19.478006 59.637936 6.744764 7.819572 -0.190745 37.749115 0.210692 -2.665655 -2.317464 1.62185 2.243543 -5.255039 -3.180159 14.282898 -0.826597 6.952506 -2e-06 -12.690612 1e-06 16.125866 -17.607344 2.724851 1.665667 -1.955922 -2.8783 4.727801 -4.170591 4.993927 11.020531 2e-06 -0.0 12.109058 -3.735718 -2.866784 -0.0 0.0 -0.0 1.291986 -1.92855 -1.498089 14.800136 0.567467 3.86561 14.242579 -1.341737 -6.660661 19.631981 0.143926 -0.648245 50.00053 -0.77713 -6.102575 0.353029 -1.511152 -0.031941 20.222801 3.68431 2.316631 18.787283 4e-06 -1e-06 10.751633 -0.47987 1.397906 1e-06 2e-06 0.0 3.273808 0.305947 -0.580112 21.486824 11.83038 2.266134 8.16293 2e-06 -1e-06 18.399096 -3.798988 -4.940577 3e-06 1e-06 -3e-06 3.514549 8.257469 -5.190415 -0.12316 -0.089968 12.231275 -7.17292 2.827259 -2.612389 1.66223 -1.880589 0.233902 -0.0 0.0 2e-06 -8.316216 -6.060751 -1.23104 0.011958 0.088263 12.526793 8.695262 -0.643187 -6.162481 -1.417404 1.126312 0.386797 0.0 0.0 -1e-06 
0.0 0.0 0.0 0.0 -0.0 0.0 3.056582 99.522461 1.915736 1.377992 2.838014 -3.752722 0.194329 0.013382 1.230325 -0.345959 0.26654 -5.26518 -1.220488 -1.661345 17.347549 2.913435 0.531472 26.186605 -1.020428 -0.418294 -3.915578 -2.026383 -0.60887 -23.849258 7.7e-05 -2.2e-05 6e-06 0.027441 -0.00467 0.106807 0.568394 -3.724915 -10.472931 -0.514848 3.730276 -10.444349 -19.06542 -13.262993 20.119759 -54.321354 -7.164764 6.519886 0.550135 -37.004166 0.02755 10.099791 5.450874 1.823298 -5.882104 9.861284 0.702591 -10.93687 -0.360576 7.156204 1e-06 8.774824 -0.0 -16.074348 18.290884 6.074713 -1.844033 2.498503 -2.507278 -10.163599 4.678944 4.621107 -20.976023 -6e-06 -0.0 -21.226286 2.451693 -3.594001 1e-06 -6e-06 1e-06 -1.362682 2.240798 -0.746325 -21.334913 0.584906 3.008323 -13.821213 -5e-06 1e-06 -23.887171 -0.249082 -0.839482 -59.853016 2.434625 -1.070179 -0.294025 1.679687 0.833255 -14.218208 0.093214 1.300577 -34.212051 -0.287568 0.967169 -20.033215 0.964534 1.212844 1e-06 1e-06 1e-06 -3.440388 0.788233 0.501655 -15.928185 -3.16731 2.999707 -6.338826 -2e-06 1e-06 -18.123449 3.64818 -4.905671 -5e-06 -0.0 -2e-06 12.819139 19.453053 19.522371 59.583763 6.504401 7.782569 -0.250315 37.904972 0.168895 -2.995316 -2.3352 2.19268 2.243541 -5.255036 -3.180157 14.282894 -0.826594 6.952504 -3e-06 -12.690607 0.0 16.141171 -17.615871 2.724591 1.665666 -1.955921 -2.878299 4.7278 -4.170588 4.993924 11.020528 3e-06 -0.0 12.109053 -3.735717 -2.866784 -1e-06 -0.0 -1e-06 1.291986 -1.928549 -1.49809 14.800131 0.56747 3.865606 14.242575 -1.341735 -6.660658 19.631969 0.143927 -0.648242 50.030899 -0.767756 -6.116019 0.353029 -1.51115 -0.031939 20.222794 3.684312 2.316629 18.787273 5e-06 -0.0 10.751629 -0.479869 1.397906 1e-06 2e-06 -0.0 3.273807 0.305946 -0.580111 21.486814 11.830379 2.266133 8.162927 2e-06 -1e-06 18.399082 -3.798985 -4.940575 3e-06 -1e-06 -2e-06 3.501281 8.290976 -5.20312 -0.12313 -0.097865 12.292089 -7.164007 2.755913 -2.624562 1.66235 -1.881323 0.257144 -0.0 0.0 2e-06 -8.355352 -6.236907 -1.228007 0.005568 0.095707 12.602307 8.749762 -0.735615 -6.173383 -1.420567 1.127545 0.440951 0.0 0.0 -1e-06 
0.0 0.0 0.0 0.0 -0.0 0.0 3.053787 99.520401 1.894368 1.381403 2.881097 -3.788903 0.203133 0.001995 1.379715 -0.34069 0.24585 -5.221275 -1.235754 -1.693024 16.938473 2.915379 0.495864 26.554832 -0.987648 -0.369002 -3.914016 -2.098083 -0.507858 -24.35471 7.7e-05 -2.3e-05 6e-06 0.027701 -0.001117 0.108912 0.567984 -3.723068 -10.474269 -0.513812 3.735148 -10.444648 -19.19824 -13.350565 20.21698 -54.265648 -6.907773 6.262191 0.596166 -36.986481 -0.017423 10.258063 5.411146 1.992804 -5.882115 9.861299 0.702591 -10.936889 -0.360576 7.156212 2e-06 8.774837 0.0 -16.070395 18.264277 6.064623 -1.844035 2.498507 -2.507281 -10.163615 4.67895 4.621113 -20.976057 -7e-06 1e-06 -21.226316 2.451696 -3.594004 2e-06 -6e-06 -1e-06 -1.362682 2.2408 -0.746324 -21.334946 0.58491 3.008325 -13.821237 -4e-06 1e-06 -23.887205 -0.249083 -0.839484 -59.840614 2.422869 -1.061642 -0.294024 1.679689 0.833257 -14.218231 0.093214 1.300581 -34.212105 -0.287568 0.967172 -20.033243 0.964535 1.212845 0.0 2e-06 -1e-06 -3.440394 0.788234 0.501657 -15.928209 -3.167315 2.999708 -6.338835 -2e-06 -1e-06 -18.123474 3.648185 -4.905677 -5e-06 -1e-06 -2e-06 12.958411 19.518129 19.542051 59.550858 6.239214 7.747769 -0.269974 38.051857 0.150725 -3.280414 -2.365605 2.740657 2.243545 -5.255041 -3.18016 14.282904 -0.826594 6.952503 -3e-06 -12.690616 -0.0 16.144711 -17.611036 2.722018 1.665669 -1.955923 -2.878302 4.727804 -4.170592 4.993926 11.02054 3e-06 -2e-06 12.109066 -3.735719 -2.866789 -0.0 1e-06 -0.0 1.291988 -1.928551 -1.498088 14.800142 0.567469 3.865608 14.242588 -1.341737 -6.660665 19.631987 0.143928 -0.648248 50.037483 -0.754606 -6.132001 0.353028 -1.511152 -0.031942 20.222815 3.684315 2.31663 18.787291 6e-06 -4e-06 10.751641 -0.479867 1.397905 1e-06 1e-06 -1e-06 3.273811 0.305947 -0.580113 21.486835 11.830387 2.266131 8.162936 2e-06 -2e-06 18.399101 -3.798984 -4.940583 4e-06 1e-06 -1e-06 3.501314 8.329614 -5.181988 -0.124327 -0.108775 12.286789 -7.177442 2.699945 -2.603066 1.660918 -1.883384 0.287928 -0.0 -0.0 2e-06 -8.380039 -6.389333 -1.195034 0.002396 0.101042 12.612395 8.787009 -0.817525 -6.153022 -1.422598 1.12585 0.479661 0.0 0.0 -1e-06 
0.0 0.0 0.0 0.0 -0.0 0.0 3.053014 99.519585 1.875977 1.38117 2.8979 -3.812476 0.212221 -0.003547 1.514272 -0.341833 0.230556 -5.184771 -1.247727 -1.726217 16.541811 2.91025 0.480158 26.880537 -0.955628 -0.318305 -3.914977 -2.158003 -0.426371 -24.761028 7.7e-05 -2.2e-05 6e-06 0.027993 -0.005275 0.109536 0.568182 -3.728204 -10.477583 -0.513292 3.731619 -10.446905 -19.321373 -13.409329 20.262064 -54.221367 -6.618856 5.999658 0.624125 -36.959381 -0.058203 10.444427 5.346605 2.187513 -5.882111 9.861292 0.702591 -10.936881 -0.360575 7.156211 1e-06 8.774831 -1e-06 -16.066254 18.233423 6.058765 -1.844033 2.498506 -2.507281 -10.163608 4.678948 4.621113 -20.976044 -5e-06 2e-06 -21.226307 2.451697 -3.594002 2e-06 -6e-06 -0.0 -1.362683 2.240799 -0.746324 -21.334934 0.58491 3.008327 -13.821228 -4e-06 -1e-06 -23.887196 -0.249081 -0.839484 -59.832729 2.416195 -1.055856 -0.294025 1.679689 0.833256 -14.218224 0.093214 1.300582 -34.212078 -0.287567 0.96717 -20.033232 0.964536 1.212845 1e-06 1e-06 1e-06 -3.440392 0.788234 0.501656 -15.928203 -3.167313 2.999709 -6.338832 -2e-06 1e-06 -18.123465 3.648182 -4.905674 -5e-06 -0.0 -3e-06 13.080586 19.578503 19.536097 59.528023 5.946673 7.757363 -0.267076 38.189564 0.144437 -3.529874 -2.383534 3.342079 2.243541 -5.255037 -3.180157 14.282894 -0.826594 6.952507 -4e-06 -12.690606 -1e-06 16.139223 -17.600937 2.724815 1.665665 -1.955921 -2.878298 4.727798 -4.170587 4.993926 11.020527 3e-06 -1e-06 12.109052 -3.735715 -2.866783 0.0 0.0 -0.0 1.291986 -1.92855 -1.49809 14.800134 0.56747 3.865609 14.242576 -1.341735 -6.660655 19.631973 0.143926 -0.648241 50.030796 -0.742483 -6.14949 0.353029 -1.511151 -0.03194 20.222794 3.684313 2.316631 18.787273 5e-06 1e-06 10.751629 -0.479868 1.397907 0.0 2e-06 -1e-06 3.273806 0.305947 -0.58011 21.486818 11.830379 2.266138 8.162928 1e-06 1e-06 18.399084 -3.798985 -4.94057 4e-06 0.0 -1e-06 3.504928 8.366227 -5.168859 -0.127438 -0.118421 12.282592 -7.196733 2.670381 -2.594411 1.658417 -1.877964 0.323104 -0.0 0.0 2e-06 -8.399647 -6.532221 -1.176496 -0.000492 0.104758 12.614222 8.831052 -0.867674 -6.123821 -1.423702 1.123805 0.527672 -0.0 0.0 -1e-06 
0.0 0.0 0.0 0.0 -0.0 0.0 3.053238 99.516617 1.86122 1.386754 2.891108 -3.819792 0.213245 -0.007199 1.62512 -0.347913 0.221249 -5.158238 -1.254043 -1.743002 16.160667 2.906463 0.481214 27.167278 -0.93528 -0.282968 -3.921495 -2.200575 -0.363824 -25.070555 7.7e-05 -2.3e-05 6e-06 0.027776 -0.012325 0.111173 0.56683 -3.73543 -10.47906 -0.512251 3.724391 -10.446275 -19.44627 -13.460389 20.314268 -54.205383 -6.336316 5.656582 0.614546 -36.913395 -0.06158 10.657309 5.245947 2.448524 -5.882108 9.861285 0.70259 -10.936875 -0.360575 7.156204 1e-06 8.774826 -0.0 -16.07262 18.200724 6.053973 -1.844033 2.498504 -2.507277 -10.163603 4.678944 4.621108 -20.97603 -6e-06 -0.0 -21.226294 2.451694 -3.594 1e-06 -6e-06 -1e-06 -1.362681 2.240798 -0.746325 -21.334919 0.584908 3.008324 -13.821218 -4e-06 -0.0 -23.887178 -0.249082 -0.839483 -59.845211 2.416283 -1.046821 -0.294025 1.679687 0.833257 -14.218212 0.093213 1.30058 -34.212063 -0.287567 0.967168 -20.033224 0.964534 1.212844 -0.0 1e-06 0.0 -3.44039 0.788233 0.501654 -15.928191 -3.167312 2.999705 -6.338829 -1e-06 0.0 -18.123455 3.64818 -4.905669 -5e-06 -0.0 -2e-06 13.188593 19.642029 19.52335 59.530079 5.643474 7.837179 -0.290065 38.297916 0.141549 -3.764466 -2.39092 4.012692 2.243541 -5.255036 -3.180158 14.282894 -0.826593 6.952506 -5e-06 -12.690602 2e-06 16.134306 -17.596548 2.730769 1.665666 -1.955921 -2.878299 4.727798 -4.170586 4.993925 11.020528 4e-06 -1e-06 12.109053 -3.735714 -2.866785 -0.0 0.0 1e-06 1.291985 -1.928549 -1.498089 14.800132 0.567471 3.865611 14.242573 -1.341733 -6.660657 19.631973 0.143929 -0.648243 50.023964 -0.742164 -6.163011 0.353029 -1.51115 -0.031941 20.222797 3.684312 2.316633 18.787275 7e-06 0.0 10.751633 -0.479867 1.397908 0.0 2e-06 -1e-06 3.273808 0.305948 -0.580112 21.48682 11.830376 2.266134 8.162929 2e-06 0.0 18.399088 -3.798983 -4.940571 3e-06 0.0 -0.0 3.501188 8.381831 -5.176699 -0.132319 -0.122659 12.298294 -7.204227 2.67479 -2.603557 1.655681 -1.874218 0.363589 -0.0 0.0 2e-06 -8.424138 -6.671721 -1.198166 -0.005401 0.101972 12.65549 8.877615 -0.888386 -6.116221 -1.424752 1.121038 0.585002 0.0 0.0 -1e-06 
0.0 0.0 0.0 0.0 -0.0 0.0 3.05331 99.515038 1.853647 1.389279 2.863147 -3.816042 0.211851 -0.013123 1.712239 -0.352835 0.217565 -5.136652 -1.259055 -1.741003 15.802814 2.893629 0.482798 27.420605 -0.921616 -0.230612 -3.931731 -2.230541 -0.311269 -25.318319 7.7e-05 -2.3e-05 6e-06 0.027013 -0.015027 0.11355 0.564225 -3.738636 -10.478792 -0.511057 3.722002 -10.443012 -19.581236 -13.487858 20.366505 -54.190487 -6.058519 5.260689 0.556408 -36.866554 -0.033151 10.866706 5.123019 2.766687 -5.882108 9.861288 0.702591 -10.936877 -0.360575 7.156206 1e-06 8.774828 -0.0 -16.069672 18.15719 6.052217 -1.844034 2.498506 -2.507279 -10.163604 4.678947 4.621109 -20.976034 -5e-06 0.0 -21.226295 2.451695 -3.594002 1e-06 -6e-06 -1e-06 -1.362682 2.240799 -0.746325 -21.334923 0.584909 3.008322 -13.82122 -4e-06 1e-06 -23.887182 -0.249081 -0.839483 -59.854 2.412829 -1.02629 -0.294024 1.679688 0.833258 -14.218217 0.093214 1.300579 -34.21207 -0.287567 0.96717 -20.033226 0.964536 1.212845 1e-06 2e-06 0.0 -3.44039 0.788234 0.501656 -15.928198 -3.167311 2.999707 -6.33883 -1e-06 -0.0 -18.123459 3.648182 -4.905673 -5e-06 -1e-06 -2e-06 13.272164 19.705662 19.503433 59.570007 5.347559 7.934571 -0.316124 38.368496 0.139635 -3.983619 -2.397057 4.679319 2.243541 -5.255036 -3.180156 14.282892 -0.826594 6.952505 -3e-06 -12.690604 0.0 16.129599 -17.586264 2.732873 1.665667 -1.955922 -2.878299 4.727798 -4.170588 4.993927 11.020527 3e-06 -1e-06 12.109053 -3.735715 -2.866784 0.0 -0.0 -0.0 1.291986 -1.928549 -1.498089 14.800129 0.56747 3.865608 14.242573 -1.341733 -6.66066 19.631969 0.143927 -0.648243 50.010128 -0.743322 -6.167766 0.353029 -1.51115 -0.031942 20.22279 3.68431 2.316631 18.787273 7e-06 -2e-06 10.751627 -0.479868 1.397905 1e-06 1e-06 -1e-06 3.273806 0.305947 -0.580111 21.486813 11.830377 2.266131 8.162927 1e-06 0.0 18.39908 -3.798985 -4.940573 2e-06 0.0 -0.0 3.500594 8.390827 -5.186962 -0.135051 -0.122088 12.310746 -7.209837 2.695955 -2.612324 1.653698 -1.875148 0.396071 -0.0 0.0 2e-06 -8.440557 -6.792113 -1.227545 -0.010751 0.101447 12.685927 8.924536 -0.897738 -6.08412 -1.42613 1.116647 0.634573 -0.0 0.0 -1e-06 
0.0 0.0 0.0 0.0 -0.0 0.0 3.049736 99.516129 1.853758 1.398416 2.817163 -3.8145 0.204195 -0.018852 1.785737 -0.356805 0.217041 -5.118045 -1.275151 -1.738825 15.478689 2.887927 0.487414 27.649086 -0.901696 -0.183744 -3.933275 -2.270576 -0.256599 -25.537519 7.7e-05 -2.2e-05 6e-06 0.026715 -0.015137 0.116645 0.56221 -3.739748 -10.477273 -0.509587 3.722685 -10.439147 -19.712599 -13.483953 20.399471 -54.173271 -5.787769 4.946276 0.524698 -36.826244 -0.019897 11.036862 5.03372 3.030691 -5.882112 9.861295 0.702592 -10.936881 -0.360575 7.15621 1e-06 8.774833 1e-06 -16.062735 18.105068 6.044859 -1.844033 2.498508 -2.50728 -10.163611 4.678949 4.621112 -20.976049 -5e-06 2e-06 -21.226309 2.451698 -3.594001 2e-06 -6e-06 -1e-06 -1.362684 2.240801 -0.746325 -21.334938 0.584909 3.008325 -13.82123 -3e-06 1e-06 -23.887197 -0.249081 -0.839484 -59.845783 2.407645 -1.009633 -0.294025 1.679689 0.833255 -14.218223 0.093214 1.300581 -34.212078 -0.287565 0.967172 -20.033232 0.964536 1.212844 0.0 1e-06 0.0 -3.440393 0.788235 0.501655 -15.928203 -3.167312 2.999709 -6.338832 -1e-06 1e-06 -18.123466 3.648184 -4.905676 -5e-06 -0.0 -2e-06 13.345695 19.769091 19.494705 59.612602 5.091 7.974882 -0.290834 38.426861 0.154693 -4.201397 -2.400178 5.340175 2.243542 -5.255038 -3.180161 14.282899 -0.826593 6.952506 -5e-06 -12.69061 -2e-06 16.106611 -17.560556 2.741293 1.665668 -1.955921 -2.878299 4.7278 -4.170588 4.993925 11.020534 5e-06 -0.0 12.109058 -3.735716 -2.866786 -0.0 -0.0 -0.0 1.291986 -1.92855 -1.498088 14.800139 0.567471 3.865608 14.24258 -1.341734 -6.660661 19.631981 0.143928 -0.648241 49.982243 -0.743741 -6.173872 0.353028 -1.51115 -0.031938 20.222803 3.684313 2.316631 18.787287 7e-06 0.0 10.751633 -0.479868 1.397908 2e-06 2e-06 -1e-06 3.273809 0.305948 -0.580112 21.486828 11.830383 2.266134 8.16293 2e-06 -1e-06 18.399096 -3.798984 -4.940578 2e-06 -0.0 -1e-06 3.496357 8.406222 -5.166124 -0.135299 -0.125272 12.282217 -7.210866 2.722678 -2.589493 1.653049 -1.88524 0.429003 -0.0 0.0 2e-06 -8.463847 -6.908492 -1.246304 -0.012828 0.098276 12.70172 8.996042 -0.873959 -6.032004 -1.427629 1.108231 0.668418 0.0 0.0 -1e-06 
0.0 0.0 0.0 0.0 -0.0 0.0 3.040014 99.514099 1.856147 1.405801 2.757997 -3.815941 0.195426 -0.019817 1.843841 -0.36252 0.21474 -5.105053 -1.292856 -1.74232 15.182625 2.881622 0.493979 27.857119 -0.882486 -0.138089 -3.934329 -2.318873 -0.205577 -25.705168 7.7e-05 -2.3e-05 6e-06 0.027537 -0.018129 0.119901 0.560923 -3.74323 -10.473543 -0.506574 3.719827 -10.433444 -19.834122 -13.465832 20.412809 -54.161217 -5.520205 4.746606 0.523381 -36.759487 -0.024985 11.184573 4.983706 3.34469 -5.882107 9.861286 0.70259 -10.936873 -0.360574 7.156204 0.0 8.774826 -1e-06 -16.066956 18.061798 6.041661 -1.844033 2.498505 -2.507279 -10.1636 4.678946 4.62111 -20.976028 -2e-06 1e-06 -21.22629 2.451698 -3.594001 1e-06 -6e-06 -1e-06 -1.362682 2.240798 -0.746321 -21.334917 0.58491 3.008321 -13.821216 -3e-06 -1e-06 -23.887177 -0.249081 -0.839485 -59.863083 2.40114 -0.987989 -0.294026 1.679689 0.833256 -14.218212 0.093215 1.300578 -34.212063 -0.287565 0.96717 -20.033218 0.964536 1.212843 1e-06 1e-06 0.0 -3.44039 0.788233 0.501655 -15.928189 -3.16731 2.999706 -6.338828 -1e-06 0.0 -18.123453 3.648183 -4.905671 -5e-06 0.0 -3e-06 13.405566 19.841005 19.473858 59.666225 4.85127 8.048369 -0.280607 38.489021 0.151781 -4.374091 -2.415296 5.927636 2.243542 -5.255037 -3.180159 14.282894 -0.826596 6.952506 -2e-06 -12.690607 0.0 16.093376 -17.540829 2.747507 1.665667 -1.955921 -2.8783 4.727799 -4.170588 4.993922 11.020528 3e-06 0.0 12.109055 -3.735717 -2.866786 -0.0 -0.0 1e-06 1.291986 -1.92855 -1.498091 14.800131 0.567467 3.865607 14.242576 -1.341737 -6.660659 19.631969 0.143925 -0.648246 49.972424 -0.737781 -6.177407 0.353029 -1.511152 -0.031942 20.222795 3.68431 2.31663 18.787273 5e-06 -4e-06 10.751629 -0.479869 1.397906 1e-06 2e-06 -1e-06 3.273807 0.305947 -0.580112 21.486816 11.830378 2.266131 8.162928 1e-06 -2e-06 18.399088 -3.798985 -4.94058 2e-06 -0.0 -2e-06 3.498438 8.404464 -5.151846 -0.134359 -0.126779 12.280276 -7.20187 2.779891 -2.583083 1.652938 -1.900952 0.469049 -0.0 0.0 2e-06 -8.480325 -7.007335 -1.279602 -0.012438 0.096119 12.749668 9.075308 -0.832178 -5.996103 -1.428769 1.094449 0.692958 -0.0 0.0 -1e-06 
0.0 0.0 0.0 0.0 -0.0 0.0 3.028851 99.512863 1.857556 1.414765 2.682795 -3.811508 0.180929 -0.018875 1.889353 -0.367725 0.215406 -5.091432 -1.30728 -1.744451 14.899055 2.861676 0.494662 28.029867 -0.859569 -0.082406 -3.93958 -2.362518 -0.132907 -25.795177 7.7e-05 -2.3e-05 6e-06 0.028223 -0.02209 0.122417 0.560835 -3.747797 -10.472194 -0.505076 3.716275 -10.428993 -19.963579 -13.446652 20.405849 -54.135925 -5.22586 4.614042 0.544734 -36.68964 -0.038955 11.276173 4.967469 3.658128 -5.882106 9.861286 0.702592 -10.936871 -0.360574 7.156204 1e-06 8.774826 -0.0 -16.092291 18.035126 6.033896 -1.844033 2.498504 -2.507276 -10.163598 4.678945 4.621108 -20.976021 -5e-06 1e-06 -21.226282 2.451696 -3.593999 1e-06 -6e-06 1e-06 -1.362682 2.240798 -0.746322 -21.334913 0.58491 3.008322 -13.821215 -3e-06 0.0 -23.887171 -0.249079 -0.839483 -59.904537 2.400029 -0.982884 -0.294024 1.679687 0.833256 -14.218207 0.093214 1.300581 -34.212048 -0.287565 0.96717 -20.033211 0.964536 1.212843 0.0 1e-06 0.0 -3.440388 0.788233 0.501656 -15.928185 -3.167309 2.999706 -6.338825 -0.0 -0.0 -18.123444 3.648183 -4.905669 -5e-06 0.0 -2e-06 13.461107 19.909389 19.450111 59.71957 4.62322 8.167346 -0.298631 38.568005 0.137344 -4.494465 -2.440471 6.460105 2.243541 -5.255038 -3.180159 14.282898 -0.826594 6.952506 -4e-06 -12.69061 -1e-06 16.089027 -17.523745 2.751582 1.665666 -1.955921 -2.878299 4.7278 -4.170588 4.993926 11.020531 4e-06 -0.0 12.109058 -3.735716 -2.866783 0.0 -0.0 1e-06 1.291985 -1.92855 -1.49809 14.800138 0.567471 3.865611 14.242578 -1.341736 -6.660659 19.631981 0.143927 -0.648242 49.976177 -0.731474 -6.182966 0.353029 -1.511151 -0.03194 20.222803 3.684315 2.316632 18.787285 7e-06 0.0 10.751633 -0.479868 1.397907 1e-06 1e-06 0.0 3.273809 0.305947 -0.580109 21.486828 11.830384 2.266138 8.16293 2e-06 1e-06 18.399092 -3.798984 -4.940575 2e-06 -0.0 -2e-06 3.499486 8.392999 -5.137852 -0.132562 -0.122107 12.269866 -7.186957 2.855554 -2.585261 1.652557 -1.912086 0.516735 -0.0 -0.0 2e-06 -8.493303 -7.071245 -1.325979 -0.010431 0.08828 12.800873 9.131185 -0.805 -5.963931 -1.430239 1.081114 0.719312 -0.0 -0.0 -1e-06 
0.0 0.0 0.0 0.0 -0.0 0.0 3.023441 99.512955 1.861052 1.424666 2.594055 -3.800673 0.16115 -0.010284 1.924312 -0.372866 0.221769 -5.078007 -1.320019 -1.749339 14.637599 2.838243 0.476031 28.17444 -0.837348 -0.003527 -3.946617 -2.41267 -0.042089 -25.831396 7.7e-05 -2.3e-05 6e-06 0.028052 -0.023052 0.124256 0.56183 -3.749902 -10.475098 -0.506439 3.716488 -10.429349 -20.089806 -13.43613 20.383944 -54.103748 -4.919725 4.528453 0.587972 -36.624023 -0.054101 11.309611 4.965927 3.923258 -5.882109 9.861292 0.702591 -10.936876 -0.360573 7.156208 -0.0 8.77483 -2e-06 -16.116819 18.01475 6.020802 -1.844033 2.498505 -2.507277 -10.163604 4.678948 4.621111 -20.97603 -1e-06 2e-06 -21.226297 2.4517 -3.594002 1e-06 -6e-06 -0.0 -1.362681 2.240799 -0.746323 -21.334921 0.584912 3.008324 -13.821219 -1e-06 1e-06 -23.88718 -0.249077 -0.839486 -59.938065 2.403338 -1.000733 -0.294025 1.679688 0.833257 -14.218214 0.093216 1.300579 -34.212067 -0.287562 0.967167 -20.033222 0.964538 1.212843 0.0 2e-06 0.0 -3.44039 0.788234 0.501655 -15.928192 -3.16731 2.999708 -6.338829 -1e-06 1e-06 -18.123457 3.648185 -4.905675 -5e-06 0.0 -1e-06 13.518209 19.959986 19.461285 59.765175 4.450795 8.25764 -0.319585 38.667706 0.123856 -4.571041 -2.464001 6.929393 2.243543 -5.25504 -3.180157 14.282901 -0.826599 6.952507 0.0 -12.690613 2e-06 16.079742 -17.507307 2.761446 1.665668 -1.955923 -2.878299 4.727802 -4.170591 4.993927 11.020535 1e-06 0.0 12.109059 -3.735721 -2.866785 -0.0 -0.0 1e-06 1.291987 -1.928551 -1.498091 14.800139 0.567465 3.86561 14.242585 -1.34174 -6.660663 19.631985 0.143924 -0.648249 49.980484 -0.723022 -6.187714 0.35303 -1.511152 -0.03194 20.222803 3.684308 2.316631 18.787287 2e-06 -0.0 10.751633 -0.47987 1.397904 1e-06 2e-06 -0.0 3.273809 0.305946 -0.580112 21.486828 11.830379 2.266135 8.162932 -0.0 -1e-06 18.399099 -3.79899 -4.940581 3e-06 0.0 -2e-06 3.495589 8.378083 -5.123312 -0.129889 -0.113437 12.252048 -7.166909 2.930179 -2.583466 1.650375 -1.918289 0.570132 -0.0 0.0 2e-06 -8.508499 -7.126566 -1.375571 -0.008606 0.08342 12.84019 9.172482 -0.787996 -5.925313 -1.431112 1.073915 0.751021 -0.0 -0.0 -1e-06 
0.0 0.0 0.0 0.0 -0.0 0.0 3.023748 99.512688 1.86418 1.434201 2.499321 -3.786438 0.1388 -0.001819 1.958907 -0.376641 0.219494 -5.0704 -1.330458 -1.740716 14.400359 2.828513 0.473396 28.311098 -0.816833 0.064211 -3.949443 -2.459344 0.051887 -25.860735 7.7e-05 -2.2e-05 6e-06 0.026774 -0.02073 0.126152 0.561628 -3.748962 -10.47858 -0.508824 3.720123 -10.430169 -20.191387 -13.432737 20.384283 -54.08387 -4.667101 4.413875 0.593953 -36.533882 -0.046575 11.3439 4.93655 4.193463 -5.88211 9.861291 0.702591 -10.936878 -0.360576 7.156209 1e-06 8.774831 -1e-06 -16.131947 17.998697 6.014501 -1.844034 2.498505 -2.507278 -10.163606 4.678946 4.621109 -20.97604 -6e-06 3e-06 -21.226301 2.451695 -3.593999 1e-06 -6e-06 -1e-06 -1.362682 2.240799 -0.746324 -21.334929 0.584908 3.008326 -13.821223 -4e-06 1e-06 -23.887186 -0.24908 -0.839482 -59.972305 2.41689 -1.016075 -0.294025 1.679688 0.833257 -14.21822 0.093213 1.30058 -34.212074 -0.287568 0.967173 -20.03323 0.964536 1.212846 0.0 1e-06 1e-06 -3.440391 0.788234 0.501656 -15.9282 -3.167312 2.999708 -6.338831 -1e-06 0.0 -18.123459 3.648184 -4.905673 -4e-06 0.0 -2e-06 13.575767 20.004047 19.472029 59.812843 4.308269 8.2838 -0.326229 38.783745 0.11991 -4.618495 -2.50016 7.328892 2.243541 -5.255036 -3.180157 14.28289 -0.826594 6.952504 -3e-06 -12.690604 1e-06 16.072554 -17.500776 2.765308 1.665666 -1.955921 -2.878298 4.727798 -4.170587 4.993924 11.020526 4e-06 -1e-06 12.109052 -3.735714 -2.866783 -0.0 -0.0 2e-06 1.291984 -1.928548 -1.498088 14.800127 0.567469 3.865607 14.24257 -1.341735 -6.660657 19.631968 0.143928 -0.648245 49.985405 -0.718267 -6.200205 0.353029 -1.511151 -0.031941 20.22279 3.68431 2.316629 18.78727 5e-06 -0.0 10.751628 -0.479869 1.397906 2e-06 1e-06 -0.0 3.273807 0.305948 -0.580112 21.486813 11.830376 2.266133 8.162926 1e-06 -0.0 18.399084 -3.798983 -4.940573 2e-06 -0.0 -1e-06 3.48722 8.368431 -5.116704 -0.125539 -0.106966 12.244312 -7.146083 3.008854 -2.594294 1.648449 -1.929571 0.589775 -0.0 0.0 2e-06 -8.524365 -7.165064 -1.430969 -0.00535 0.082172 12.879744 9.212355 -0.769608 -5.883393 -1.431151 1.06679 0.768689 -0.0 -0.0 -1e-06 
0.0 0.0 0.0 0.0 -0.0 0.0 3.024734 99.515327 1.863002 1.443792 2.401221 -3.769439 0.117961 0.002356 1.988878 -0.377193 0.208212 -5.065718 -1.349105 -1.733266 14.185336 2.823304 0.480597 28.438223 -0.79261 0.123169 -3.945397 -2.499263 0.149356 -25.903881 7.7e-05 -2.2e-05 6e-06 0.024262 -0.013125 0.129801 0.559687 -3.742318 -10.477472 -0.511894 3.728385 -10.426599 -20.269266 -13.42363 20.385687 -54.07782 -4.445552 4.262717 0.57936 -36.428757 -0.032613 11.378854 4.892795 4.463156 -5.882109 9.861288 0.702591 -10.936877 -0.360575 7.156207 1e-06 8.774828 -0.0 -16.128473 17.976425 6.022322 -1.844033 2.498505 -2.507278 -10.163604 4.678947 4.62111 -20.976034 -5e-06 3e-06 -21.226295 2.451696 -3.593998 1e-06 -6e-06 -0.0 -1.362681 2.240798 -0.746324 -21.334925 0.584908 3.008323 -13.82122 -4e-06 0.0 -23.887182 -0.24908 -0.839482 -60.022808 2.427915 -1.010629 -0.294025 1.679687 0.833257 -14.218215 0.093214 1.300579 -34.212067 -0.287567 0.967172 -20.033222 0.964535 1.212844 -0.0 1e-06 0.0 -3.440389 0.788234 0.501655 -15.928192 -3.167312 2.999708 -6.338829 -1e-06 1e-06 -18.123457 3.648183 -4.905671 -4e-06 -0.0 0.0 13.617227 20.052891 19.483242 59.880234 4.196693 8.260838 -0.312501 38.918381 0.122633 -4.65192 -2.530033 7.686145 2.243543 -5.255037 -3.180156 14.282894 -0.826595 6.952502 -2e-06 -12.690605 0.0 16.079182 -17.504135 2.766109 1.665666 -1.955921 -2.878299 4.7278 -4.170588 4.993923 11.020528 2e-06 -1e-06 12.109055 -3.735717 -2.866783 0.0 -0.0 1e-06 1.291987 -1.92855 -1.498089 14.800129 0.567467 3.865609 14.242572 -1.341737 -6.660657 19.631973 0.143926 -0.648247 49.999504 -0.717701 -6.207778 0.35303 -1.511151 -0.03194 20.222794 3.68431 2.31663 18.787277 4e-06 -0.0 10.751629 -0.479868 1.397904 1e-06 1e-06 -0.0 3.273807 0.305947 -0.580112 21.486818 11.830376 2.266133 8.16293 1e-06 -0.0 18.399084 -3.798985 -4.940575 3e-06 0.0 -1e-06 3.477731 8.374208 -5.10241 -0.121675 -0.106677 12.210195 -7.125208 3.09285 -2.584326 1.647985 -1.939905 0.596466 -0.0 -0.0 2e-06 -8.53792 -7.198444 -1.482191 -0.001715 0.089554 12.896336 9.242586 -0.761273 -5.825816 -1.430547 1.06319 0.77518 -0.0 -0.0 -1e-06 
0.0 0.0 0.0 0.0 -0.0 0.0 3.021375 99.517784 1.861781 1.447269 2.307658 -3.742615 0.103653 0.000478 2.010559 -0.379431 0.208926 -5.059835 -1.368795 -1.743764 13.986427 2.812148 0.505493 28.55443 -0.756652 0.165728 -3.938959 -2.548569 0.235895 -25.967281 7.7e-05 -2.3e-05 6e-06 0.022177 -0.002462 0.132345 0.557431 -3.733001 -10.477734 -0.513771 3.740066 -10.426778 -20.352175 -13.417349 20.379705 -54.064247 -4.22989 4.138809 0.58935 -36.327911 -0.035502 11.419039 4.849056 4.648384 -5.882108 9.86129 0.702593 -10.936877 -0.360575 7.156205 1e-06 8.77483 0.0 -16.112514 17.9618 6.038115 -1.844035 2.498506 -2.507279 -10.163605 4.678947 4.62111 -20.976038 -5e-06 4e-06 -21.226299 2.451697 -3.594002 1e-06 -6e-06 -0.0 -1.362682 2.240798 -0.746322 -21.334929 0.584909 3.008324 -13.821221 -4e-06 3e-06 -23.887184 -0.24908 -0.839481 -60.052235 2.435493 -1.007408 -0.294024 1.679688 0.833256 -14.218215 0.093213 1.30058 -34.212067 -0.287566 0.967172 -20.033226 0.964536 1.212845 0.0 2e-06 0.0 -3.440391 0.788234 0.501656 -15.928198 -3.167312 2.999706 -6.33883 -1e-06 -0.0 -18.123457 3.648184 -4.905672 -4e-06 -0.0 -2e-06 13.659643 20.107544 19.499596 59.943073 4.104951 8.203231 -0.277223 39.069607 0.136599 -4.709024 -2.538578 7.976994 2.243543 -5.255041 -3.180159 14.282902 -0.826593 6.952508 -5e-06 -12.690616 3e-06 16.082218 -17.501484 2.762142 1.665668 -1.955923 -2.878303 4.727801 -4.170589 4.993929 11.020535 5e-06 -2e-06 12.10906 -3.735717 -2.866787 -0.0 0.0 1e-06 1.291986 -1.92855 -1.498091 14.80014 0.56747 3.865611 14.242582 -1.341733 -6.660664 19.631979 0.14393 -0.648243 49.996849 -0.717798 -6.214055 0.35303 -1.511152 -0.031939 20.222805 3.684317 2.316629 18.787287 8e-06 -1e-06 10.751634 -0.479866 1.397908 2e-06 0.0 -1e-06 3.27381 0.305948 -0.580111 21.486832 11.830388 2.266133 8.162932 2e-06 1e-06 18.399096 -3.798985 -4.940577 2e-06 0.0 -2e-06 3.478939 8.421021 -5.106673 -0.118706 -0.107541 12.189921 -7.117584 3.141326 -2.574503 1.647831 -1.942973 0.596963 -0.0 0.0 2e-06 -8.539988 -7.233795 -1.544674 0.001843 0.098909 12.91539 9.263061 -0.74059 -5.771418 -1.429965 1.064921 0.773556 -0.0 -0.0 -1e-06 
0.0 0.0 0.0 0.0 -0.0 0.0 3.014117 99.519974 1.864088 1.443867 2.221083 -3.706784 0.095824 -0.000969 2.031333 -0.382692 0.218382 -5.053265 -1.388637 -1.76564 13.778878 2.792373 0.531984 28.682793 -0.727779 0.213745 -3.937152 -2.591634 0.30729 -25.996475 7.7e-05 -2.3e-05 6e-06 0.021892 0.001134 0.132327 0.556403 -3.730734 -10.480566 -0.513277 3.744503 -10.428867 -20.430269 -13.42329 20.375847 -54.073971 -4.006768 3.977357 0.590835 -36.257965 -0.039371 11.477541 4.81792 4.799824 -5.882109 9.861288 0.702591 -10.936877 -0.360575 7.156206 1e-06 8.774828 -0.0 -16.094748 17.954037 6.047524 -1.844033 2.498505 -2.507278 -10.163604 4.678946 4.62111 -20.976034 -5e-06 3e-06 -21.226297 2.451696 -3.594002 1e-06 -6e-06 -1e-06 -1.362681 2.240799 -0.746324 -21.334925 0.58491 3.008324 -13.82122 -3e-06 3e-06 -23.887184 -0.249079 -0.839483 -60.04459 2.442066 -1.008126 -0.294025 1.679688 0.833258 -14.218214 0.093214 1.30058 -34.212067 -0.287566 0.96717 -20.033222 0.964534 1.212843 -0.0 1e-06 -1e-06 -3.440389 0.788234 0.501655 -15.928192 -3.16731 2.999705 -6.338829 -2e-06 0.0 -18.123455 3.648183 -4.905673 -4e-06 -0.0 0.0 13.701054 20.174616 19.487869 60.010651 3.973121 8.176306 -0.241528 39.248444 0.15866 -4.808136 -2.557309 8.176935 2.243543 -5.25504 -3.180161 14.282903 -0.826593 6.952508 -5e-06 -12.690612 1e-06 16.076593 -17.495405 2.751117 1.665667 -1.955922 -2.878299 4.727802 -4.170589 4.993927 11.020536 5e-06 -1e-06 12.10906 -3.735716 -2.866786 -0.0 -0.0 1e-06 1.291986 -1.92855 -1.498091 14.800144 0.567471 3.865613 14.242584 -1.341735 -6.660664 19.631985 0.143928 -0.648244 49.964809 -0.712511 -6.219309 0.35303 -1.511152 -0.031941 20.222811 3.684315 2.316634 18.787289 7e-06 1e-06 10.751637 -0.479867 1.397907 2e-06 1e-06 -1e-06 3.273809 0.305948 -0.580111 21.486834 11.830384 2.266137 8.162932 2e-06 -0.0 18.399096 -3.798985 -4.940576 2e-06 0.0 -2e-06 3.489717 8.469329 -5.127955 -0.117985 -0.1102 12.185779 -7.126538 3.181634 -2.573606 1.647427 -1.946798 0.616445 -0.0 0.0 2e-06 -8.532691 -7.277996 -1.612204 0.00606 0.103687 12.93311 9.270217 -0.710966 -5.71945 -1.430107 1.067138 0.773194 0.0 -0.0 -1e-06 
0.0 0.0 0.0 0.0 -0.0 0.0 3.003907 99.528595 1.868423 1.431329 2.146123 -3.652889 0.093944 -0.008385 2.043732 -0.385435 0.2339 -5.050033 -1.403477 -1.7859 13.568086 2.767189 0.562648 28.811981 -0.704534 0.264914 -3.938542 -2.624157 0.358965 -25.962339 7.7e-05 -2.2e-05 6e-06 0.022819 -0.005926 0.133153 0.557313 -3.739777 -10.484756 -0.512297 3.739112 -10.431619 -20.511166 -13.432582 20.375566 -54.080231 -3.780044 3.838633 0.597414 -36.23547 -0.055002 11.520053 4.801108 4.942354 -5.882107 9.861288 0.702589 -10.936875 -0.360575 7.156207 1e-06 8.774828 -1e-06 -16.085529 17.947968 6.046214 -1.844033 2.498505 -2.507278 -10.163603 4.678945 4.62111 -20.976028 -6e-06 2e-06 -21.226292 2.451696 -3.593999 2e-06 -6e-06 -0.0 -1.362682 2.240798 -0.746324 -21.334923 0.584908 3.008323 -13.821219 -3e-06 1e-06 -23.887182 -0.249081 -0.839483 -60.014347 2.436212 -1.004801 -0.294024 1.679687 0.833257 -14.218215 0.093214 1.300581 -34.212067 -0.287568 0.967169 -20.033222 0.964534 1.212845 0.0 1e-06 0.0 -3.440391 0.788234 0.501656 -15.928192 -3.167312 2.999709 -6.338829 -1e-06 -0.0 -18.123457 3.648183 -4.905672 -4e-06 0.0 -1e-06 13.740256 20.248095 19.447475 60.072445 3.802241 8.201921 -0.2214 39.427017 0.174223 -4.887121 -2.590348 8.396495 2.243541 -5.255038 -3.180159 14.282896 -0.826594 6.952506 -4e-06 -12.690608 3e-06 16.068401 -17.486538 2.74071 1.665667 -1.955922 -2.878301 4.727799 -4.170588 4.993925 11.02053 4e-06 0.0 12.109056 -3.735715 -2.866784 -0.0 0.0 1e-06 1.291986 -1.928549 -1.49809 14.800132 0.56747 3.865609 14.242575 -1.341734 -6.66066 19.631973 0.14393 -0.648244 49.921078 -0.70819 -6.22448 0.353029 -1.511151 -0.03194 20.222797 3.684313 2.316629 18.787279 7e-06 1e-06 10.751631 -0.479867 1.397907 2e-06 1e-06 -0.0 3.273808 0.305948 -0.58011 21.486824 11.830379 2.266135 8.16293 2e-06 1e-06 18.399086 -3.798984 -4.940575 2e-06 -0.0 -2e-06 3.508835 8.514877 -5.150623 -0.119326 -0.117438 12.14179 -7.131797 3.217789 -2.542417 1.646849 -1.94462 0.66301 -0.0 0.0 2e-06 -8.511023 -7.328857 -1.665161 0.008272 0.101074 12.888984 9.274632 -0.69329 -5.64801 -1.431872 1.068184 0.797028 0.0 -0.0 -1e-06 
0.0 0.0 0.0 0.0 -0.0 0.0 2.989085 99.536827 1.879346 1.416098 2.095825 -3.58601 0.095945 -0.017706 2.046493 -0.3863 0.240768 -5.050644 -1.420756 -1.801712 13.375968 2.74575 0.58359 28.919756 -0.68481 0.311469 -3.941761 -2.648686 0.407691 -25.907431 7.7e-05 -2.2e-05 6e-06 0.023385 -0.015678 0.136175 0.558098 -3.751997 -10.490784 -0.511941 3.731544 -10.43729 -20.591013 -13.441745 20.371716 -54.066021 -3.568045 3.73879 0.60393 -36.253876 -0.071698 11.527547 4.76603 5.068605 -5.882108 9.861288 0.702591 -10.936875 -0.360576 7.156205 1e-06 8.774828 -1e-06 -16.068308 17.925726 6.053247 -1.844032 2.498505 -2.507277 -10.163603 4.678946 4.621107 -20.976027 -4e-06 3e-06 -21.22629 2.451696 -3.593999 1e-06 -6e-06 -1e-06 -1.36268 2.240798 -0.746323 -21.334917 0.584909 3.008324 -13.821216 -4e-06 3e-06 -23.887171 -0.24908 -0.839481 -59.98447 2.420155 -0.976961 -0.294025 1.679688 0.833255 -14.218212 0.093213 1.300582 -34.212055 -0.287567 0.967173 -20.033215 0.964535 1.212845 -0.0 2e-06 1e-06 -3.44039 0.788233 0.501656 -15.928191 -3.167311 2.999708 -6.338828 -2e-06 1e-06 -18.123453 3.648181 -4.905671 -4e-06 0.0 -1e-06 13.788654 20.317398 19.429956 60.102005 3.654532 8.251103 -0.235575 39.580864 0.165931 -4.931686 -2.588014 8.630823 2.243543 -5.25504 -3.180159 14.282896 -0.826592 6.952505 -5e-06 -12.69061 2e-06 16.060566 -17.478441 2.73539 1.665667 -1.955922 -2.878302 4.7278 -4.170589 4.993927 11.020531 5e-06 -1e-06 12.109057 -3.735715 -2.866785 0.0 -0.0 1e-06 1.291985 -1.92855 -1.49809 14.800138 0.567471 3.865611 14.242579 -1.341732 -6.660661 19.631977 0.143931 -0.648242 49.878208 -0.709982 -6.231028 0.353029 -1.511151 -0.031941 20.222801 3.684318 2.316633 18.787281 8e-06 2e-06 10.751633 -0.479867 1.397908 1e-06 1e-06 -1e-06 3.273809 0.305948 -0.580109 21.486826 11.830385 2.266135 8.16293 2e-06 0.0 18.399088 -3.798985 -4.940576 2e-06 -0.0 -1e-06 3.529881 8.533124 -5.193658 -0.122269 -0.126023 12.109735 -7.139158 3.254292 -2.507633 1.64731 -1.940281 0.714051 -0.0 0.0 2e-06 -8.48425 -7.406448 -1.723307 0.007535 0.095229 12.848443 9.284446 -0.666862 -5.606191 -1.434319 1.067371 0.833961 0.0 -0.0 -1e-06 
0.0 0.0 0.0 0.0 -0.0 0.0 2.969138 99.551224 1.903979 1.399583 2.046213 -3.524159 0.099291 -0.025163 2.052883 -0.38369 0.239435 -5.049097 -1.438879 -1.80163 13.195942 2.728648 0.583258 29.00267 -0.670145 0.350694 -3.945968 -2.668684 0.45627 -25.85664 7.7e-05 -2.2e-05 6e-06 0.023188 -0.020824 0.139083 0.558027 -3.759115 -10.497887 -0.512297 3.728193 -10.443463 -20.669476 -13.454154 20.362606 -54.042866 -3.372878 3.668483 0.605439 -36.290264 -0.081186 11.544521 4.696915 5.183743 -5.882106 9.861283 0.702589 -10.93687 -0.360573 7.156204 -1e-06 8.774822 -1e-06 -16.050491 17.912512 6.054896 -1.844032 2.498503 -2.507277 -10.163598 4.678946 4.62111 -20.976021 -0.0 4e-06 -21.226282 2.4517 -3.594 1e-06 -6e-06 -0.0 -1.362682 2.240798 -0.746323 -21.334911 0.584912 3.008323 -13.821213 -1e-06 1e-06 -23.887167 -0.249076 -0.839483 -59.950935 2.398516 -0.953343 -0.294026 1.679687 0.833256 -14.218207 0.093217 1.300583 -34.212048 -0.287558 0.96717 -20.033209 0.964539 1.212841 -0.0 0.0 1e-06 -3.440387 0.788233 0.501655 -15.928183 -3.167306 2.999709 -6.338825 -0.0 0.0 -18.123444 3.648185 -4.905669 -4e-06 -0.0 -1e-06 13.826221 20.379023 19.409132 60.129734 3.524713 8.344905 -0.278407 39.69772 0.130473 -4.983673 -2.568417 8.810018 2.243542 -5.255036 -3.180157 14.28289 -0.826595 6.952503 -1e-06 -12.690603 1e-06 16.05706 -17.476374 2.733437 1.665667 -1.955921 -2.878298 4.727798 -4.170587 4.993923 11.020525 2e-06 -2e-06 12.109052 -3.735716 -2.866786 0.0 -0.0 1e-06 1.291986 -1.92855 -1.49809 14.800125 0.567467 3.865606 14.242571 -1.341738 -6.660659 19.631968 0.143924 -0.648247 49.859673 -0.716004 -6.231611 0.353029 -1.51115 -0.03194 20.222788 3.684307 2.316628 18.78727 4e-06 -3e-06 10.751626 -0.479868 1.397905 2e-06 2e-06 -1e-06 3.273807 0.305947 -0.580113 21.486811 11.830373 2.266131 8.162926 -0.0 -1e-06 18.399082 -3.798982 -4.940578 2e-06 -0.0 -2e-06 3.554835 8.512019 -5.190291 -0.120337 -0.123248 12.012438 -7.155433 3.305075 -2.451476 1.647355 -1.940806 0.749796 -0.0 0.0 2e-06 -8.451372 -7.474841 -1.734654 0.004871 0.090679 12.742261 9.284744 -0.657053 -5.555661 -1.435982 1.068076 0.866677 0.0 -0.0 -1e-06 
0.0 0.0 0.0 0.0 -0.0 0.0 2.948858 99.56884 1.935509 1.379714 1.992732 -3.468867 0.104098 -0.03014 2.058857 -0.380492 0.239785 -5.046282 -1.452767 -1.792959 13.03853 2.708565 0.597649 29.048456 -0.664717 0.377202 -3.954558 -2.654068 0.480869 -25.800308 7.7e-05 -2.2e-05 6e-06 0.022849 -0.023047 0.139796 0.557717 -3.763459 -10.507262 -0.512759 3.728152 -10.451662 -20.733387 -13.474141 20.336941 -54.028214 -3.191439 3.584849 0.581722 -36.349907 -0.068596 11.563706 4.609768 5.308108 -5.882108 9.861289 0.702591 -10.936873 -0.360574 7.156203 -1e-06 8.774828 -2e-06 -16.036243 17.906874 6.045575 -1.844032 2.498504 -2.507276 -10.163602 4.678948 4.621107 -20.97603 -2e-06 1e-06 -21.226294 2.451699 -3.594002 1e-06 -6e-06 -1e-06 -1.362682 2.240798 -0.746322 -21.334917 0.584911 3.008321 -13.821217 -3e-06 1e-06 -23.887175 -0.249078 -0.839484 -59.919502 2.374054 -0.944558 -0.294024 1.679687 0.833255 -14.21821 0.093216 1.300579 -34.212055 -0.287565 0.967167 -20.033218 0.964534 1.212841 -0.0 0.0 1e-06 -3.44039 0.788235 0.501656 -15.928189 -3.167309 2.999705 -6.338827 -1e-06 -0.0 -18.123451 3.648183 -4.905674 -4e-06 0.0 -1e-06 13.832636 20.424421 19.364305 60.177288 3.405804 8.410851 -0.311473 39.796154 0.099791 -5.037507 -2.540012 8.975133 2.24354 -5.255038 -3.180158 14.282896 -0.826596 6.952507 -2e-06 -12.690609 1e-06 16.048243 -17.473377 2.734916 1.665666 -1.955922 -2.878299 4.727799 -4.170589 4.993924 11.020528 2e-06 1e-06 12.109055 -3.735717 -2.866785 0.0 -0.0 1e-06 1.291985 -1.92855 -1.498091 14.800132 0.567469 3.865609 14.242573 -1.341737 -6.660659 19.631969 0.143924 -0.648245 49.851357 -0.716873 -6.224241 0.353028 -1.511151 -0.031939 20.222797 3.684312 2.316632 18.787279 5e-06 1e-06 10.751631 -0.479869 1.397906 1e-06 1e-06 1e-06 3.273808 0.305946 -0.580111 21.48682 11.830379 2.266135 8.16293 1e-06 -0.0 18.399084 -3.798987 -4.940575 2e-06 -1e-06 -2e-06 3.585586 8.491079 -5.158994 -0.116389 -0.115046 11.884092 -7.161912 3.342795 -2.385276 1.646507 -1.943923 0.765892 0.0 1e-06 2e-06 -8.412646 -7.517429 -1.714755 0.002961 0.086421 12.593489 9.290839 -0.668914 -5.493799 -1.436957 1.07142 0.896183 0.0 -0.0 -1e-06 
0.0 0.0 0.0 0.0 -0.0 0.0 2.935987 99.577652 1.966915 1.356395 1.947998 -3.415381 0.11354 -0.028926 2.059835 -0.375642 0.246157 -5.04109 -1.461642 -1.788221 12.894798 2.686443 0.624963 29.085165 -0.669578 0.393216 -3.963984 -2.618363 0.486159 -25.749037 7.7e-05 -2.3e-05 6e-06 0.02228 -0.024558 0.138483 0.558043 -3.766395 -10.515978 -0.514349 3.728391 -10.459549 -20.774717 -13.50347 20.289066 -54.028568 -3.024223 3.521642 0.552296 -36.434887 -0.044027 11.551169 4.544723 5.405819 -5.88211 9.86129 0.70259 -10.936873 -0.360574 7.156206 -1e-06 8.774828 -2e-06 -16.026285 17.901655 6.037423 -1.844034 2.498506 -2.507278 -10.1636 4.678948 4.621108 -20.976027 -1e-06 2e-06 -21.226294 2.451699 -3.594004 2e-06 -6e-06 -1e-06 -1.362681 2.2408 -0.746324 -21.334917 0.584912 3.008321 -13.821217 -1e-06 0.0 -23.887175 -0.249078 -0.839486 -59.910706 2.365185 -0.948441 -0.294025 1.679688 0.833256 -14.218211 0.093215 1.300579 -34.212051 -0.287563 0.967166 -20.033216 0.964536 1.21284 0.0 2e-06 -0.0 -3.440388 0.788234 0.501655 -15.928185 -3.167309 2.999707 -6.338827 -0.0 0.0 -18.123447 3.648185 -4.905674 -4e-06 0.0 -1e-06 13.807533 20.47504 19.302929 60.240753 3.281099 8.475443 -0.374769 39.878395 0.06147 -5.07736 -2.525492 9.095345 2.243543 -5.255037 -3.180158 14.282897 -0.826597 6.952503 -1e-06 -12.690604 -0.0 16.041672 -17.463505 2.735711 1.665667 -1.955922 -2.878299 4.727802 -4.170589 4.993923 11.020531 1e-06 -1e-06 12.109058 -3.735717 -2.866785 0.0 -0.0 -0.0 1.291986 -1.928549 -1.498091 14.800136 0.567466 3.86561 14.24258 -1.341737 -6.660662 19.631979 0.143923 -0.648246 49.838886 -0.708907 -6.216681 0.353029 -1.51115 -0.031941 20.222801 3.684307 2.316632 18.787283 3e-06 -3e-06 10.751633 -0.47987 1.397904 1e-06 2e-06 1e-06 3.273809 0.305947 -0.580112 21.486824 11.830374 2.266132 8.16293 1e-06 -2e-06 18.39909 -3.798986 -4.940578 2e-06 -0.0 -2e-06 3.616732 8.485206 -5.17487 -0.115281 -0.112471 11.852634 -7.158803 3.358955 -2.36926 1.645636 -1.946009 0.775066 -0.0 0.0 2e-06 -8.373803 -7.542853 -1.723272 0.002209 0.085669 12.510838 9.291968 -0.68857 -5.45969 -1.437696 1.072586 0.923181 0.0 -0.0 -1e-06 
0.0 0.0 0.0 0.0 -0.0 0.0 2.926201 99.574265 1.995725 1.33481 1.920522 -3.378191 0.126567 -0.027065 2.063312 -0.368473 0.259724 -5.038361 -1.469133 -1.790319 12.778374 2.661022 0.641407 29.14102 -0.67385 0.413822 -3.970881 -2.585799 0.482157 -25.743116 7.7e-05 -2.3e-05 6e-06 0.02147 -0.024142 0.137163 0.558454 -3.766116 -10.522398 -0.516548 3.729506 -10.466018 -20.809719 -13.532558 20.248827 -54.024048 -2.889605 3.527871 0.559112 -36.552685 -0.035203 11.555952 4.510775 5.45777 -5.882108 9.861286 0.702591 -10.936875 -0.360574 7.156208 1e-06 8.774826 -0.0 -16.016661 17.896158 6.044002 -1.844033 2.498505 -2.507279 -10.163602 4.678946 4.621111 -20.976028 -3e-06 4e-06 -21.22629 2.451697 -3.593999 1e-06 -6e-06 1e-06 -1.362681 2.240798 -0.746324 -21.334917 0.58491 3.008324 -13.821217 -2e-06 4e-06 -23.887175 -0.249078 -0.839482 -59.926147 2.369495 -0.951553 -0.294025 1.679687 0.833258 -14.218211 0.093215 1.300581 -34.212051 -0.287562 0.967172 -20.033215 0.964536 1.212845 -0.0 1e-06 -0.0 -3.440389 0.788233 0.501656 -15.928189 -3.16731 2.999709 -6.338828 -1e-06 1e-06 -18.123447 3.648182 -4.905671 -5e-06 -0.0 -0.0 13.775416 20.520687 19.263454 60.288948 3.173505 8.505567 -0.417563 39.951878 0.034315 -5.150812 -2.523313 9.190464 2.243541 -5.255037 -3.18016 14.282896 -0.826595 6.952504 -4e-06 -12.690607 1e-06 16.043144 -17.463129 2.733631 1.665667 -1.955921 -2.878299 4.727798 -4.170588 4.993924 11.020529 4e-06 -1e-06 12.109055 -3.735714 -2.866782 0.0 0.0 1e-06 1.291986 -1.928549 -1.498087 14.800132 0.567469 3.865609 14.242577 -1.341734 -6.660658 19.631973 0.143925 -0.648242 49.830879 -0.698909 -6.214794 0.353029 -1.51115 -0.031939 20.222797 3.68431 2.316632 18.787277 6e-06 -0.0 10.75163 -0.479869 1.397906 2e-06 1e-06 -0.0 3.273807 0.305948 -0.58011 21.48682 11.830379 2.26613 8.16293 2e-06 -1e-06 18.399084 -3.798983 -4.940576 3e-06 -0.0 -2e-06 3.644271 8.466634 -5.232739 -0.114389 -0.11509 11.932763 -7.166398 3.374885 -2.404052 1.646662 -1.952173 0.782792 -0.0 0.0 2e-06 -8.340133 -7.544877 -1.761877 0.002918 0.084187 12.531175 9.291308 -0.725542 -5.47128 -1.438632 1.075888 0.946757 0.0 -0.0 -1e-06 
0.0 0.0 0.0 0.0 -0.0 0.0 2.919998 99.569862 2.022697 1.31673 1.905252 -3.35642 0.14073 -0.024663 2.069849 -0.363384 0.274277 -5.035454 -1.475686 -1.807923 12.678144 2.629718 0.649739 29.233076 -0.665251 0.440123 -3.967386 -2.572593 0.467485 -25.782448 7.7e-05 -2.2e-05 6e-06 0.021641 -0.030357 0.137098 0.558605 -3.772125 -10.525687 -0.516548 3.723709 -10.470568 -20.837799 -13.553988 20.216238 -54.013718 -2.77854 3.519202 0.554047 -36.696522 -0.02988 11.601131 4.47182 5.543508 -5.882111 9.86129 0.702592 -10.936879 -0.360574 7.156207 0.0 8.77483 1e-06 -16.013599 17.892694 6.049976 -1.844033 2.498505 -2.507277 -10.163605 4.678948 4.621111 -20.976038 -3e-06 2e-06 -21.226301 2.451697 -3.594004 2e-06 -6e-06 -1e-06 -1.362683 2.240799 -0.746324 -21.334929 0.584911 3.008323 -13.821225 -3e-06 1e-06 -23.887188 -0.24908 -0.839485 -59.936722 2.372885 -0.945745 -0.294025 1.679689 0.833255 -14.218219 0.093217 1.300581 -34.212074 -0.287562 0.967167 -20.033226 0.964536 1.212843 -0.0 1e-06 -0.0 -3.440389 0.788234 0.501655 -15.928198 -3.16731 2.999706 -6.33883 -1e-06 -1e-06 -18.123459 3.648183 -4.905676 -4e-06 -0.0 -2e-06 13.745121 20.574846 19.239445 60.324116 3.073134 8.469708 -0.404689 40.007942 0.029974 -5.236514 -2.51245 9.299328 2.243544 -5.255037 -3.180158 14.282898 -0.826593 6.952504 -5e-06 -12.690609 1e-06 16.052763 -17.46969 2.733363 1.665667 -1.955922 -2.878302 4.727799 -4.170588 4.993925 11.020531 5e-06 -1e-06 12.109058 -3.735715 -2.866785 1e-06 0.0 0.0 1.291987 -1.92855 -1.49809 14.800138 0.56747 3.865608 14.242582 -1.341733 -6.660662 19.631983 0.143931 -0.648245 49.831005 -0.692018 -6.211213 0.353028 -1.511151 -0.031941 20.222801 3.684313 2.316629 18.787283 8e-06 -2e-06 10.751632 -0.479868 1.397907 1e-06 2e-06 -0.0 3.273808 0.305947 -0.580111 21.486828 11.830383 2.266131 8.16293 3e-06 -1e-06 18.399092 -3.798982 -4.940577 2e-06 -0.0 -1e-06 3.664259 8.422511 -5.276379 -0.110834 -0.117989 12.011568 -7.173426 3.393298 -2.426649 1.647615 -1.958179 0.786499 -0.0 -0.0 2e-06 -8.317973 -7.562291 -1.781671 0.006086 0.08591 12.552277 9.276958 -0.752127 -5.495322 -1.438807 1.077351 0.960606 0.0 -0.0 -1e-06 
0.0 0.0 0.0 0.0 -0.0 0.0 2.920669 99.570847 2.050441 1.3049 1.892327 -3.338521 0.154658 -0.023744 2.073621 -0.360571 0.284957 -5.034373 -1.483176 -1.817808 12.588772 2.603093 0.650797 29.350716 -0.65551 0.459971 -3.962046 -2.560598 0.443609 -25.840508 7.7e-05 -2.2e-05 6e-06 0.021917 -0.034835 0.136892 0.558194 -3.776738 -10.529871 -0.515758 3.719908 -10.47619 -20.873119 -13.569987 20.210209 -53.987881 -2.707616 3.468443 0.54244 -36.84346 -0.027492 11.658474 4.441029 5.700509 -5.882109 9.86129 0.702591 -10.936875 -0.360572 7.156208 -1e-06 8.774827 -1e-06 -16.016205 17.888796 6.0456 -1.844032 2.498505 -2.507278 -10.163604 4.678948 4.621112 -20.976027 -1e-06 4e-06 -21.226294 2.4517 -3.594002 2e-06 -5e-06 -0.0 -1.362682 2.240798 -0.746322 -21.334921 0.584913 3.008324 -13.821218 -1e-06 2e-06 -23.887178 -0.249076 -0.839483 -59.938019 2.367007 -0.949906 -0.294026 1.679688 0.833256 -14.218214 0.093218 1.300582 -34.212059 -0.287559 0.967169 -20.033218 0.964539 1.212843 -0.0 1e-06 1e-06 -3.440389 0.788234 0.501656 -15.928191 -3.167307 2.999707 -6.338828 0.0 0.0 -18.123453 3.648188 -4.905671 -5e-06 -0.0 -2e-06 13.726389 20.623314 19.241179 60.338848 3.004488 8.408925 -0.356272 40.024887 0.043798 -5.303877 -2.491946 9.449694 2.243543 -5.255038 -3.180159 14.282896 -0.826595 6.952502 -2e-06 -12.690607 1e-06 16.051306 -17.474987 2.733374 1.665667 -1.955923 -2.878299 4.7278 -4.170588 4.993924 11.02053 2e-06 -1e-06 12.109056 -3.735716 -2.866784 1e-06 -0.0 0.0 1.291985 -1.92855 -1.49809 14.800132 0.567468 3.865608 14.242577 -1.341737 -6.66066 19.631975 0.143927 -0.648245 49.822563 -0.689694 -6.212813 0.353029 -1.511151 -0.03194 20.222797 3.684309 2.316629 18.787281 5e-06 -2e-06 10.751631 -0.479869 1.397905 1e-06 2e-06 -0.0 3.273808 0.305947 -0.580111 21.48682 11.830376 2.266132 8.16293 1e-06 -1e-06 18.399088 -3.798985 -4.940577 2e-06 -0.0 -1e-06 3.673594 8.371562 -5.285186 -0.108048 -0.117385 12.029864 -7.183485 3.411078 -2.427454 1.648126 -1.964979 0.786291 -0.0 0.0 2e-06 -8.309 -7.593037 -1.770144 0.009349 0.091299 12.521384 9.266567 -0.773658 -5.500208 -1.438143 1.076991 0.974676 0.0 -0.0 -1e-06 
0.0 0.0 0.0 0.0 -0.0 0.0 2.930158 99.570068 2.07821 1.303106 1.884917 -3.321122 0.162415 -0.020164 2.080871 -0.35875 0.282793 -5.031906 -1.487521 -1.817066 12.499386 2.585048 0.633726 29.491835 -0.645693 0.478586 -3.960058 -2.558833 0.452017 -25.874273 7.7e-05 -2.3e-05 6e-06 0.021556 -0.033755 0.137433 0.55573 -3.776309 -10.533169 -0.514126 3.721787 -10.480265 -20.917519 -13.580119 20.213554 -53.95787 -2.655143 3.382513 0.53012 -36.997753 -0.026632 11.696722 4.430669 5.807063 -5.88211 9.86129 0.702589 -10.936878 -0.360575 7.156206 1e-06 8.77483 -2e-06 -16.016439 17.879799 6.033325 -1.844034 2.498506 -2.507278 -10.163606 4.678946 4.62111 -20.976038 -5e-06 2e-06 -21.226299 2.451696 -3.594002 1e-06 -6e-06 -0.0 -1.362682 2.240799 -0.746325 -21.334929 0.584908 3.008322 -13.821224 -4e-06 1e-06 -23.887188 -0.249081 -0.839482 -59.919304 2.356702 -0.961184 -0.294025 1.679688 0.833256 -14.218217 0.093214 1.300579 -34.212074 -0.287567 0.96717 -20.033226 0.964533 1.212843 0.0 2e-06 -0.0 -3.440391 0.788233 0.501655 -15.928198 -3.167311 2.999707 -6.33883 -1e-06 -0.0 -18.123459 3.648183 -4.90567 -5e-06 0.0 -1e-06 13.72101 20.655926 19.265926 60.323147 2.967417 8.363169 -0.303365 40.030994 0.062434 -5.34331 -2.484533 9.624952 2.243544 -5.255041 -3.180159 14.282904 -0.826595 6.952511 -4e-06 -12.690617 1e-06 16.047466 -17.481339 2.736459 1.665669 -1.955923 -2.878301 4.727803 -4.170591 4.99393 11.020538 3e-06 0.0 12.109062 -3.735719 -2.866785 0.0 -0.0 0.0 1.291987 -1.928551 -1.498089 14.800142 0.567469 3.86561 14.242584 -1.341736 -6.660662 19.631985 0.143927 -0.648243 49.803745 -0.690806 -6.218155 0.35303 -1.511153 -0.03194 20.222807 3.684314 2.316629 18.787292 5e-06 1e-06 10.751638 -0.479869 1.397907 1e-06 2e-06 1e-06 3.27381 0.305947 -0.580112 21.486834 11.830386 2.266135 8.162935 2e-06 -0.0 18.399103 -3.798989 -4.940581 2e-06 -0.0 -1e-06 3.667563 8.318686 -5.297056 -0.107098 -0.110007 12.055364 -7.195989 3.427097 -2.458316 1.648631 -1.97348 0.805557 -0.0 -0.0 2e-06 -8.316692 -7.617822 -1.766562 0.011971 0.094854 12.511303 9.264603 -0.809748 -5.522578 -1.436964 1.072011 1.007786 0.0 -0.0 -1e-06 
0.0 0.0 0.0 0.0 -0.0 0.0 2.944671 99.559929 2.109547 1.30493 1.890669 -3.306585 0.170286 -0.021004 2.095931 -0.358999 0.269538 -5.030608 -1.48899 -1.800378 12.415586 2.582868 0.618933 29.631502 -0.638568 0.493297 -3.960132 -2.568923 0.477314 -25.876371 7.7e-05 -2.3e-05 6e-06 0.020173 -0.024113 0.137526 0.5507 -3.768521 -10.53591 -0.511962 3.733309 -10.482748 -20.978531 -13.585259 20.2458 -53.909634 -2.612825 3.301113 0.541539 -37.177952 -0.031853 11.716191 4.417515 5.737212 -5.882107 9.861286 0.702591 -10.936872 -0.360574 7.156208 -1e-06 8.774826 -2e-06 -15.998441 17.868551 6.020323 -1.844032 2.498504 -2.507278 -10.163598 4.678945 4.621111 -20.976021 -3e-06 4e-06 -21.226286 2.451697 -3.593999 1e-06 -6e-06 -1e-06 -1.362681 2.240798 -0.746324 -21.334913 0.58491 3.008325 -13.821213 -2e-06 3e-06 -23.887167 -0.249078 -0.839482 -59.872604 2.345118 -0.964623 -0.294025 1.679688 0.833255 -14.218207 0.093214 1.300581 -34.212048 -0.287561 0.967173 -20.033211 0.96454 1.212846 -0.0 2e-06 -0.0 -3.440389 0.788233 0.501655 -15.928185 -3.16731 2.999709 -6.338826 -1e-06 0.0 -18.123444 3.648184 -4.905669 -5e-06 -0.0 -3e-06 13.725482 20.661289 19.290428 60.294998 2.943994 8.330855 -0.260578 40.03233 0.076168 -5.380377 -2.483876 9.856735 2.243542 -5.255038 -3.180158 14.282894 -0.826598 6.952504 -0.0 -12.690608 1e-06 16.044342 -17.490685 2.738554 1.665667 -1.955922 -2.878299 4.727799 -4.17059 4.993924 11.020528 1e-06 -1e-06 12.109055 -3.735718 -2.866784 1e-06 0.0 0.0 1.291985 -1.92855 -1.498091 14.800131 0.567465 3.865607 14.242577 -1.341739 -6.660658 19.631969 0.143923 -0.648247 49.781342 -0.69106 -6.230149 0.35303 -1.511151 -0.03194 20.222797 3.684308 2.31663 18.787279 2e-06 -4e-06 10.75163 -0.479869 1.397904 1e-06 1e-06 1e-06 3.273808 0.305946 -0.580111 21.486816 11.830377 2.266134 8.16293 -0.0 0.0 18.399088 -3.798987 -4.940578 2e-06 -0.0 -2e-06 3.655518 8.287195 -5.348558 -0.105684 -0.104667 12.168435 -7.181375 3.438318 -2.558766 1.648098 -1.97979 0.829984 -0.0 -0.0 2e-06 -8.331589 -7.631462 -1.794385 0.01413 0.098578 12.583457 9.264621 -0.866754 -5.585764 -1.436517 1.072575 1.043091 0.0 -0.0 -1e-06 
0.0 0.0 0.0 0.0 -0.0 0.0 2.95587 99.550667 2.147115 1.312173 1.916359 -3.296283 0.177418 -0.020282 2.118903 -0.360542 0.25656 -5.027456 -1.501796 -1.802754 12.344873 2.582869 0.612831 29.73667 -0.63518 0.509409 -3.957318 -2.568681 0.500374 -25.876699 7.7e-05 -2.2e-05 6e-06 0.018868 -0.014248 0.137144 0.54713 -3.760495 -10.541243 -0.511097 3.744862 -10.487289 -21.03055 -13.59583 20.273094 -53.859364 -2.571593 3.242425 0.572368 -37.357193 -0.038363 11.712953 4.40367 5.664884 -5.882111 9.861292 0.702591 -10.93688 -0.360574 7.156212 0.0 8.774831 0.0 -15.973694 17.853895 6.010411 -1.844034 2.498507 -2.507278 -10.163607 4.678948 4.621112 -20.976038 -3e-06 2e-06 -21.226303 2.451698 -3.594004 1e-06 -6e-06 -0.0 -1.362683 2.2408 -0.746323 -21.33493 0.584912 3.008324 -13.821225 -2e-06 2e-06 -23.887192 -0.24908 -0.839485 -59.831493 2.335865 -0.962362 -0.294025 1.679688 0.833257 -14.21822 0.093216 1.30058 -34.212074 -0.287563 0.967169 -20.03323 0.964537 1.212842 -0.0 2e-06 -0.0 -3.440391 0.788234 0.501656 -15.928201 -3.167311 2.999709 -6.338831 -0.0 1e-06 -18.123459 3.648185 -4.905674 -5e-06 -0.0 -1e-06 13.736555 20.645967 19.313993 60.260117 2.930271 8.294395 -0.242895 40.040955 0.089146 -5.408805 -2.488353 10.031487 2.243543 -5.255039 -3.180159 14.282898 -0.826596 6.952506 -2e-06 -12.690612 2e-06 16.044819 -17.497526 2.742145 1.665668 -1.955923 -2.8783 4.727802 -4.170591 4.993927 11.020535 2e-06 -1e-06 12.109059 -3.735717 -2.866786 0.0 -0.0 0.0 1.291986 -1.92855 -1.49809 14.800138 0.567467 3.865611 14.242582 -1.341737 -6.660662 19.631977 0.143927 -0.648247 49.772514 -0.69103 -6.236912 0.35303 -1.511152 -0.031939 20.222803 3.684312 2.316629 18.787287 5e-06 -4e-06 10.751634 -0.479868 1.397905 0.0 0.0 -0.0 3.273808 0.305947 -0.580113 21.486826 11.830381 2.266132 8.162931 1e-06 -1e-06 18.399096 -3.798987 -4.940581 2e-06 -0.0 -2e-06 3.639007 8.250818 -5.383297 -0.104986 -0.106415 12.258821 -7.1579 3.451262 -2.658351 1.648159 -1.980759 0.855366 0.0 0.0 2e-06 -8.350104 -7.649376 -1.804601 0.012153 0.101583 12.64799 9.265964 -0.917153 -5.639183 -1.436129 1.070954 1.073213 0.0 -0.0 -1e-06 
0.0 0.0 0.0 0.0 -0.0 0.0 2.961249 99.546326 2.183455 1.317593 1.958143 -3.284844 0.186045 -0.022798 2.141438 -0.360537 0.24038 -5.022309 -1.521217 -1.811209 12.288901 2.580968 0.594573 29.818857 -0.635079 0.541344 -3.954055 -2.559587 0.504209 -25.872976 7.7e-05 -2.3e-05 6e-06 0.018168 -0.005537 0.138709 0.546009 -3.752757 -10.542666 -0.511448 3.754427 -10.488245 -21.066055 -13.626513 20.291464 -53.819046 -2.524629 3.214714 0.604127 -37.51627 -0.048667 11.725402 4.402424 5.731688 -5.882106 9.861285 0.702592 -10.936872 -0.360575 7.156207 -0.0 8.774825 -1e-06 -15.949223 17.851498 6.016983 -1.844032 2.498505 -2.507277 -10.163599 4.678946 4.621109 -20.976021 -5e-06 3e-06 -21.226284 2.451697 -3.593999 1e-06 -6e-06 -1e-06 -1.362681 2.240798 -0.746324 -21.334913 0.584909 3.008321 -13.821213 -4e-06 2e-06 -23.887171 -0.24908 -0.839482 -59.809036 2.334395 -0.956061 -0.294025 1.679687 0.833255 -14.218208 0.093214 1.30058 -34.212048 -0.287564 0.967174 -20.033211 0.964537 1.212845 -0.0 1e-06 -0.0 -3.440388 0.788234 0.501655 -15.928185 -3.16731 2.999707 -6.338826 -1e-06 -1e-06 -18.123446 3.648183 -4.905668 -5e-06 -0.0 -1e-06 13.755476 20.622189 19.316519 60.222282 2.896851 8.285533 -0.258928 40.056843 0.083716 -5.440669 -2.486611 10.174966 2.24354 -5.255036 -3.180157 14.282885 -0.826595 6.952499 -0.0 -12.6906 0.0 16.048 -17.506189 2.751926 1.665667 -1.955921 -2.878297 4.727797 -4.170587 4.993921 11.020523 1e-06 0.0 12.109049 -3.735716 -2.866783 0.0 0.0 0.0 1.291984 -1.928549 -1.498088 14.800122 0.567467 3.865608 14.242568 -1.341738 -6.660655 19.63196 0.143924 -0.648246 49.779705 -0.691762 -6.236469 0.353029 -1.51115 -0.031938 20.222784 3.684306 2.316629 18.787268 4e-06 -0.0 10.751624 -0.47987 1.397905 0.0 0.0 -0.0 3.273805 0.305948 -0.580112 21.486801 11.830368 2.266132 8.162922 0.0 -1e-06 18.399075 -3.798986 -4.940572 2e-06 -0.0 -1e-06 3.625572 8.1944 -5.399652 -0.103155 -0.105263 12.301137 -7.139921 3.466123 -2.718388 1.648038 -1.975563 0.867079 0.0 0.0 2e-06 -8.360001 -7.655594 -1.791511 0.008686 0.103171 12.667899 9.271584 -0.980748 -5.656896 -1.437106 1.071937 1.095941 0.0 -0.0 -1e-06 
0.0 0.0 0.0 0.0 -0.0 0.0 2.958329 99.545456 2.215423 1.326399 2.006314 -3.266416 0.190332 -0.027466 2.159145 -0.364201 0.226977 -5.016338 -1.539696 -1.825303 12.234873 2.58391 0.568616 29.899178 -0.637843 0.57902 -3.954539 -2.554136 0.510797 -25.876368 7.7e-05 -2.3e-05 6e-06 0.01835 -0.003912 0.140164 0.545672 -3.751483 -10.542597 -0.510788 3.756361 -10.487758 -21.088398 -13.676725 20.315788 -53.797714 -2.478616 3.22229 0.629252 -37.619072 -0.054731 11.752337 4.390439 5.861093 -5.882113 9.861293 0.702593 -10.93688 -0.360574 7.156209 -0.0 8.774832 -1e-06 -15.927323 17.877897 6.04366 -1.844034 2.498506 -2.507279 -10.16361 4.67895 4.621111 -20.97604 -2e-06 3e-06 -21.226303 2.4517 -3.594003 1e-06 -6e-06 -1e-06 -1.362683 2.2408 -0.746325 -21.334932 0.584912 3.008322 -13.821227 -2e-06 2e-06 -23.887194 -0.249079 -0.839486 -59.80838 2.33749 -0.938688 -0.294026 1.67969 0.833256 -14.218223 0.093217 1.300581 -34.212082 -0.287561 0.967169 -20.033232 0.964537 1.212841 -0.0 1e-06 -0.0 -3.440391 0.788233 0.501657 -15.928201 -3.167312 2.999706 -6.338831 -1e-06 -1e-06 -18.123463 3.648185 -4.905674 -5e-06 -0.0 -2e-06 13.783256 20.595966 19.306931 60.183353 2.849788 8.268459 -0.269051 40.058788 0.073614 -5.465862 -2.4788 10.283256 2.243545 -5.25504 -3.180157 14.282902 -0.826599 6.952507 0.0 -12.690615 2e-06 16.04332 -17.510796 2.761611 1.665667 -1.955922 -2.878299 4.727803 -4.170592 4.993927 11.020535 0.0 -1e-06 12.10906 -3.735722 -2.866786 0.0 0.0 0.0 1.291987 -1.92855 -1.498089 14.800139 0.567464 3.865609 14.242585 -1.34174 -6.660663 19.631985 0.143923 -0.648248 49.784248 -0.688723 -6.231744 0.35303 -1.511152 -0.031939 20.222805 3.684308 2.316629 18.787289 1e-06 -3e-06 10.751637 -0.47987 1.397903 0.0 0.0 -1e-06 3.273808 0.305947 -0.580111 21.486828 11.830381 2.266133 8.162935 1e-06 -2e-06 18.399099 -3.79899 -4.940585 2e-06 -0.0 -2e-06 3.612561 8.141173 -5.407576 -0.101589 -0.10162 12.30259 -7.145383 3.459656 -2.747153 1.647348 -1.97104 0.868491 0.0 0.0 2e-06 -8.365133 -7.649851 -1.781113 0.0055 0.103275 12.674243 9.278438 -1.059923 -5.667793 -1.43894 1.077283 1.113734 0.0 -0.0 -1e-06 
0.0 0.0 0.0 0.0 -0.0 0.0 2.955414 99.546799 2.246242 1.337575 2.050403 -3.241802 0.189133 -0.026413 2.174873 -0.367614 0.218197 -5.012994 -1.558647 -1.843718 12.189876 2.593454 0.557973 29.970366 -0.636847 0.598603 -3.953497 -2.539442 0.503464 -25.901104 7.7e-05 -2.3e-05 6e-06 0.018438 -0.002287 0.142026 0.546178 -3.75038 -10.54232 -0.511164 3.758566 -10.487397 -21.099222 -13.732905 20.348022 -53.792534 -2.447268 3.237025 0.660153 -37.673534 -0.061366 11.756115 4.365154 5.982002 -5.882108 9.861287 0.702591 -10.936873 -0.360574 7.156204 -1e-06 8.774826 -1e-06 -15.905826 17.902357 6.074582 -1.844034 2.498505 -2.507279 -10.163603 4.678947 4.621108 -20.97603 -2e-06 -0.0 -21.226295 2.451699 -3.594003 1e-06 -6e-06 -1e-06 -1.362682 2.240799 -0.746323 -21.334917 0.584911 3.00832 -13.821218 -3e-06 0.0 -23.887178 -0.249081 -0.839484 -59.805603 2.33952 -0.914755 -0.294025 1.679689 0.833255 -14.218212 0.093217 1.300578 -34.212051 -0.287564 0.967165 -20.033215 0.964537 1.212841 -0.0 2e-06 -0.0 -3.440388 0.788233 0.501656 -15.928187 -3.167309 2.999707 -6.338827 -1e-06 1e-06 -18.123451 3.648184 -4.905673 -5e-06 -0.0 -1e-06 13.822043 20.562546 19.308023 60.132454 2.815551 8.230797 -0.277747 40.041477 0.077135 -5.484365 -2.457399 10.293161 2.243543 -5.255039 -3.180159 14.282898 -0.826598 6.952505 0.0 -12.69061 0.0 16.037741 -17.516047 2.767311 1.665667 -1.955922 -2.878299 4.727801 -4.17059 4.993924 11.020534 1e-06 -1e-06 12.109058 -3.735719 -2.866786 0.0 0.0 1e-06 1.291988 -1.928551 -1.49809 14.800136 0.567466 3.865608 14.242581 -1.341739 -6.660661 19.631975 0.143923 -0.648248 49.785248 -0.680279 -6.223752 0.353031 -1.511151 -0.031939 20.222803 3.684309 2.31663 18.787287 1e-06 -4e-06 10.751634 -0.479869 1.397905 1e-06 0.0 1e-06 3.273808 0.305946 -0.580109 21.486824 11.830378 2.266131 8.162931 1e-06 -2e-06 18.399094 -3.798988 -4.94058 2e-06 -0.0 -3e-06 3.596719 8.102254 -5.411119 -0.101084 -0.102666 12.281652 -7.15972 3.445952 -2.76523 1.647115 -1.967187 0.860176 0.0 0.0 2e-06 -8.373662 -7.656796 -1.772855 0.00337 0.10432 12.668232 9.283462 -1.12139 -5.678455 -1.440896 1.08805 1.128619 0.0 -0.0 -1e-06 
0.0 0.0 0.0 0.0 -0.0 0.0 2.952265 99.55204 2.273807 1.350114 2.084721 -3.221979 0.180885 -0.021161 2.192524 -0.367445 0.204117 -5.010912 -1.574608 -1.861708 12.159272 2.610106 0.558736 30.029549 -0.627892 0.595141 -3.950192 -2.516947 0.514156 -25.955412 7.7e-05 -2.2e-05 6e-06 0.018549 -0.003506 0.142889 0.546732 -3.75124 -10.539118 -0.511513 3.757001 -10.483823 -21.113216 -13.776546 20.393742 -53.78495 -2.440162 3.22738 0.68275 -37.69561 -0.060457 11.749842 4.347005 6.057769 -5.882104 9.861286 0.702591 -10.936872 -0.360577 7.156207 0.0 8.774826 -3e-06 -15.889424 17.89625 6.089279 -1.844032 2.498505 -2.507278 -10.163601 4.678944 4.621107 -20.976025 -6e-06 4e-06 -21.226288 2.451694 -3.593999 1e-06 -6e-06 -1e-06 -1.362681 2.240798 -0.746324 -21.334915 0.584907 3.008324 -13.821215 -4e-06 3e-06 -23.887171 -0.249081 -0.839482 -59.802269 2.32696 -0.89345 -0.294025 1.679688 0.833257 -14.21821 0.093213 1.30058 -34.212051 -0.287567 0.967172 -20.033218 0.964536 1.212846 -0.0 1e-06 -0.0 -3.440389 0.788233 0.501657 -15.928189 -3.167311 2.99971 -6.338828 -1e-06 2e-06 -18.123447 3.648182 -4.905671 -5e-06 -0.0 -1e-06 13.864848 20.52807 19.326443 60.0807 2.805493 8.179083 -0.285532 40.024765 0.090301 -5.502167 -2.452962 10.260356 2.243543 -5.255038 -3.18016 14.282898 -0.826595 6.952504 -3e-06 -12.69061 2e-06 16.028336 -17.524128 2.774695 1.665668 -1.955923 -2.878301 4.7278 -4.170589 4.993927 11.020531 3e-06 -0.0 12.109058 -3.735718 -2.866787 0.0 0.0 0.0 1.291988 -1.928551 -1.498089 14.800136 0.567468 3.865607 14.24258 -1.341737 -6.660661 19.631979 0.143926 -0.648246 49.787483 -0.672998 -6.210554 0.353029 -1.511151 -0.031941 20.222803 3.68431 2.31663 18.787287 5e-06 -2e-06 10.751634 -0.479868 1.397906 1e-06 -0.0 -0.0 3.273809 0.305947 -0.580112 21.486828 11.830382 2.266133 8.162931 2e-06 -1e-06 18.399094 -3.798987 -4.940578 2e-06 -0.0 -2e-06 3.580193 8.056186 -5.388749 -0.102218 -0.107051 12.217969 -7.176787 3.456896 -2.760837 1.647494 -1.964043 0.838228 0.0 0.0 2e-06 -8.384415 -7.662549 -1.747556 0.001617 0.101296 12.628741 9.288852 -1.173303 -5.654719 -1.442621 1.098259 1.132197 0.0 -0.0 -1e-06 
0.0 0.0 0.0 0.0 -0.0 0.0 2.947722 99.555954 2.301369 1.35957 2.114156 -3.206923 0.168751 -0.016556 2.20892 -0.366067 0.191141 -5.003587 -1.585937 -1.875003 12.127984 2.644156 0.549617 30.078083 -0.62759 0.586873 -3.946144 -2.485029 0.531436 -26.01619 7.7e-05 -2.3e-05 6e-06 0.018642 -0.00535 0.143459 0.548438 -3.752255 -10.537111 -0.513065 3.754379 -10.47949 -21.135283 -13.820436 20.422308 -53.78323 -2.40308 3.205651 0.701081 -37.726536 -0.060847 11.749605 4.33205 6.115278 -5.882107 9.861286 0.702591 -10.936873 -0.360574 7.156204 -0.0 8.774826 -0.0 -15.880183 17.878326 6.087705 -1.844033 2.498506 -2.507278 -10.163599 4.678946 4.62111 -20.976023 -2e-06 1e-06 -21.226286 2.451698 -3.594 1e-06 -6e-06 -1e-06 -1.362683 2.240798 -0.746324 -21.334917 0.584911 3.008322 -13.821215 -2e-06 2e-06 -23.887173 -0.249079 -0.839486 -59.791927 2.315331 -0.885733 -0.294026 1.679688 0.833255 -14.218209 0.093216 1.30058 -34.212051 -0.287561 0.967169 -20.033211 0.964537 1.212843 -0.0 0.0 -1e-06 -3.44039 0.788234 0.501655 -15.928187 -3.167308 2.999705 -6.338827 -1e-06 2e-06 -18.123447 3.648185 -4.905672 -5e-06 -0.0 -2e-06 13.90218 20.496958 19.361406 60.058311 2.805678 8.091407 -0.283593 40.01236 0.101259 -5.53912 -2.452197 10.250438 2.243542 -5.255037 -3.180157 14.282892 -0.826596 6.9525 -1e-06 -12.690603 2e-06 16.013107 -17.528103 2.786458 1.665668 -1.955922 -2.878299 4.7278 -4.170589 4.993926 11.020529 1e-06 -2e-06 12.109056 -3.735716 -2.866787 0.0 0.0 1e-06 1.291987 -1.928549 -1.498089 14.800131 0.567466 3.865605 14.242576 -1.341737 -6.66066 19.631973 0.143925 -0.648248 49.79723 -0.666288 -6.202403 0.35303 -1.51115 -0.03194 20.222799 3.684307 2.316628 18.787281 3e-06 -4e-06 10.751632 -0.479868 1.397904 0.0 0.0 -1e-06 3.273808 0.305946 -0.580109 21.486816 11.830374 2.266131 8.162929 1e-06 -2e-06 18.399088 -3.798985 -4.940578 2e-06 -0.0 -1e-06 3.570405 8.005944 -5.367083 -0.105659 -0.108383 12.168277 -7.191126 3.470364 -2.7528 1.646598 -1.963498 0.828608 0.0 0.0 2e-06 -8.394825 -7.690494 -1.72138 0.000171 0.097013 12.5963 9.289044 -1.201898 -5.627849 -1.444201 1.099302 1.131147 0.0 -0.0 -1e-06 
0.0 0.0 0.0 0.0 -0.0 0.0 2.939274 99.562164 2.33215 1.366278 2.125866 -3.179735 0.155508 -0.017486 2.217556 -0.365808 0.187545 -4.999767 -1.594857 -1.879482 12.098008 2.674124 0.530809 30.11639 -0.626086 0.607342 -3.942989 -2.447119 0.526217 -26.070276 7.7e-05 -2.3e-05 6e-06 0.018775 -0.003812 0.145098 0.54865 -3.750408 -10.537981 -0.51306 3.755825 -10.478702 -21.177086 -13.853496 20.433279 -53.780457 -2.328007 3.153031 0.707764 -37.794773 -0.061999 11.762729 4.304919 6.232141 -5.882112 9.861292 0.702591 -10.936881 -0.360576 7.156209 2e-06 8.774831 -1e-06 -15.884439 17.855146 6.07298 -1.844035 2.498506 -2.507279 -10.163608 4.678947 4.621109 -20.976044 -8e-06 1e-06 -21.226305 2.451694 -3.594003 2e-06 -6e-06 0.0 -1.362683 2.2408 -0.746325 -21.334934 0.584907 3.008323 -13.821226 -5e-06 2e-06 -23.887192 -0.249084 -0.839482 -59.781258 2.306957 -0.900296 -0.294025 1.679688 0.833257 -14.218222 0.093213 1.300579 -34.212078 -0.287571 0.96717 -20.03323 0.964534 1.212845 -0.0 1e-06 -0.0 -3.440392 0.788234 0.501655 -15.928201 -3.167314 2.999707 -6.338831 -3e-06 -2e-06 -18.123459 3.648182 -4.905674 -4e-06 0.0 -1e-06 13.934788 20.4589 19.401726 60.05019 2.809573 7.981558 -0.26136 40.010738 0.100646 -5.589187 -2.425219 10.272984 2.243543 -5.255038 -3.180158 14.282897 -0.826594 6.952503 -3e-06 -12.690609 0.0 16.002745 -17.530558 2.79725 1.665666 -1.955921 -2.878298 4.727799 -4.170588 4.993925 11.020531 4e-06 -0.0 12.109056 -3.735716 -2.866785 0.0 -0.0 0.0 1.291986 -1.92855 -1.498088 14.800134 0.567469 3.865607 14.242579 -1.341735 -6.660659 19.631979 0.143928 -0.648244 49.818768 -0.663016 -6.190329 0.353029 -1.511151 -0.031938 20.222801 3.684313 2.31663 18.787283 8e-06 -2e-06 10.751633 -0.479865 1.397906 -0.0 0.0 -0.0 3.273808 0.305948 -0.580111 21.486824 11.830381 2.266131 8.162929 2e-06 -1e-06 18.399088 -3.798984 -4.940577 2e-06 -0.0 -2e-06 3.56769 7.970975 -5.345979 -0.110318 -0.106419 12.103312 -7.221555 3.469296 -2.732932 1.645333 -1.964685 0.829209 -0.0 -0.0 2e-06 -8.396962 -7.71622 -1.704627 -0.002439 0.091272 12.550855 9.309366 -1.214153 -5.606944 -1.445424 1.094209 1.126013 0.0 -0.0 -1e-06 
0.0 0.0 0.0 0.0 -0.0 0.0 2.92577 99.565468 2.363127 1.371267 2.130965 -3.150008 0.14792 -0.018575 2.220041 -0.367545 0.187685 -5.004361 -1.603843 -1.875757 12.080582 2.708532 0.499643 30.160189 -0.642098 0.628673 -3.941645 -2.403835 0.497216 -26.109217 7.7e-05 -2.2e-05 6e-06 0.018834 0.0015 0.146786 0.546791 -3.744024 -10.536388 -0.511122 3.760295 -10.477726 -21.220564 -13.865019 20.453474 -53.777645 -2.256893 3.078455 0.711709 -37.911224 -0.055574 11.792911 4.273726 6.327462 -5.882109 9.861287 0.702591 -10.936873 -0.360574 7.156206 -0.0 8.774826 -2e-06 -15.897498 17.830971 6.051519 -1.844034 2.498504 -2.50728 -10.163603 4.678947 4.621107 -20.97603 -2e-06 2e-06 -21.226292 2.451698 -3.594003 3e-06 -7e-06 0.0 -1.362683 2.240798 -0.746324 -21.334919 0.58491 3.008322 -13.821217 -3e-06 -1e-06 -23.887178 -0.249082 -0.839487 -59.775677 2.306324 -0.920493 -0.294025 1.679687 0.833256 -14.21821 0.093216 1.300581 -34.212059 -0.287563 0.967167 -20.033218 0.964536 1.212841 -0.0 2e-06 -1e-06 -3.440389 0.788233 0.501655 -15.928187 -3.167309 2.999707 -6.338827 -1e-06 -1e-06 -18.123449 3.648182 -4.905674 -4e-06 -0.0 -2e-06 13.956522 20.411627 19.414162 60.059959 2.792295 7.87073 -0.231847 40.041695 0.097501 -5.629311 -2.400891 10.311255 2.243542 -5.255038 -3.18016 14.282898 -0.826596 6.952506 -2e-06 -12.690609 1e-06 15.993781 -17.536345 2.803323 1.665667 -1.955922 -2.8783 4.7278 -4.170589 4.993926 11.020532 2e-06 -1e-06 12.109058 -3.735717 -2.866786 0.0 -0.0 0.0 1.291987 -1.92855 -1.498089 14.800138 0.567468 3.865611 14.242579 -1.341738 -6.66066 19.631977 0.143924 -0.648245 49.822948 -0.664709 -6.188877 0.353029 -1.511152 -0.031943 20.222803 3.68431 2.316631 18.787287 4e-06 -0.0 10.751634 -0.47987 1.397908 0.0 0.0 -0.0 3.273809 0.305946 -0.580111 21.486826 11.830379 2.266135 8.16293 2e-06 -0.0 18.399092 -3.798987 -4.940576 3e-06 -0.0 -1e-06 3.568663 7.933083 -5.340681 -0.109789 -0.097844 12.066295 -7.25149 3.480596 -2.739081 1.644071 -1.967901 0.832766 -0.0 0.0 2e-06 -8.392571 -7.724486 -1.708246 -0.002751 0.084136 12.537701 9.343533 -1.213677 -5.620785 -1.445278 1.084425 1.125126 0.0 0.0 -1e-06 
0.0 0.0 0.0 0.0 -0.0 0.0 2.908886 99.564049 2.393704 1.376112 2.146254 -3.126497 0.144945 -0.0189 2.216552 -0.369549 0.187344 -5.014028 -1.620549 -1.878622 12.075137 2.740353 0.488754 30.209248 -0.658299 0.634181 -3.942246 -2.370192 0.465385 -26.156469 7.7e-05 -2.3e-05 6e-06 0.020113 -0.003229 0.146911 0.547158 -3.747366 -10.534879 -0.508916 3.754285 -10.477178 -21.246847 -13.841621 20.468716 -53.788467 -2.19734 3.017342 0.731851 -38.044888 -0.052246 11.851134 4.246904 6.326332 -5.88211 9.861292 0.70259 -10.936878 -0.360575 7.156208 1e-06 8.774831 -2e-06 -15.920674 17.820496 6.038409 -1.844034 2.498505 -2.507279 -10.163608 4.678946 4.62111 -20.97604 -6e-06 2e-06 -21.226301 2.451696 -3.594 1e-06 -7e-06 -1e-06 -1.362684 2.2408 -0.746325 -21.334932 0.58491 3.008323 -13.821226 -3e-06 2e-06 -23.88719 -0.24908 -0.839484 -59.787823 2.308043 -0.924024 -0.294025 1.679688 0.833257 -14.218219 0.093214 1.300581 -34.212074 -0.287567 0.967171 -20.03323 0.964534 1.212845 -0.0 1e-06 -0.0 -3.440392 0.788234 0.501656 -15.928201 -3.167312 2.999708 -6.338832 -1e-06 -1e-06 -18.123463 3.648183 -4.905673 -5e-06 -0.0 -1e-06 13.979142 20.370224 19.404831 60.08202 2.749625 7.778921 -0.199699 40.101646 0.108954 -5.674885 -2.397418 10.300416 2.243541 -5.255037 -3.180157 14.282892 -0.826596 6.952499 -2e-06 -12.690606 1e-06 15.987493 -17.543407 2.806042 1.665666 -1.955922 -2.878298 4.727798 -4.170588 4.993925 11.020528 2e-06 -2e-06 12.109053 -3.735717 -2.866784 0.0 -0.0 0.0 1.291986 -1.92855 -1.498089 14.800127 0.567468 3.865606 14.242571 -1.341738 -6.660657 19.631969 0.143928 -0.648247 49.818336 -0.663765 -6.195556 0.353029 -1.511151 -0.031941 20.222794 3.684309 2.316629 18.787271 4e-06 -2e-06 10.751627 -0.479868 1.397904 1e-06 -0.0 -1e-06 3.273806 0.305947 -0.580113 21.486811 11.830376 2.26613 8.162926 2e-06 -1e-06 18.39908 -3.798984 -4.940577 2e-06 -0.0 -2e-06 3.571859 7.920124 -5.350974 -0.10553 -0.09281 12.07017 -7.265 3.465869 -2.752383 1.642511 -1.966468 0.840753 -0.0 -0.0 2e-06 -8.387446 -7.734359 -1.72342 -0.002013 0.078928 12.566871 9.373351 -1.205255 -5.670784 -1.443731 1.07901 1.135535 0.0 0.0 -1e-06 
0.0 0.0 0.0 0.0 -0.0 0.0 2.890162 99.563301 2.428014 1.376931 2.171659 -3.116245 0.144734 -0.015182 2.216893 -0.368384 0.181818 -5.021317 -1.633147 -1.881746 12.064083 2.756487 0.46898 30.266214 -0.669895 0.644001 -3.939454 -2.343298 0.441128 -26.215044 7.7e-05 -2.2e-05 6e-06 0.02129 -0.012292 0.145988 0.54984 -3.75592 -10.534843 -0.5092 3.74474 -10.477764 -21.252815 -13.804333 20.490791 -53.824211 -2.166216 2.956045 0.75843 -38.165054 -0.054939 11.925042 4.230876 6.29614 -5.882112 9.861293 0.702592 -10.936878 -0.360574 7.156209 -1e-06 8.774831 -1e-06 -15.946996 17.829403 6.033104 -1.844033 2.498506 -2.507278 -10.163605 4.678949 4.621111 -20.976036 -0.0 4e-06 -21.226301 2.451701 -3.594002 2e-06 -7e-06 -1e-06 -1.362683 2.240801 -0.746322 -21.334929 0.584913 3.008323 -13.821221 -1e-06 -0.0 -23.887188 -0.249077 -0.839485 -59.814671 2.318328 -0.924838 -0.294025 1.679689 0.833256 -14.218219 0.093218 1.300582 -34.21207 -0.287561 0.967166 -20.033226 0.96454 1.212842 0.0 2e-06 -0.0 -3.44039 0.788234 0.501657 -15.928196 -3.167309 2.999708 -6.338831 -0.0 0.0 -18.123459 3.648187 -4.905677 -5e-06 0.0 -2e-06 14.006258 20.325235 19.421495 60.097782 2.710652 7.69625 -0.176223 40.183037 0.125736 -5.697395 -2.408465 10.269664 2.243543 -5.25504 -3.180159 14.282898 -0.826598 6.952505 -1e-06 -12.69061 1e-06 15.990187 -17.545679 2.802154 1.665668 -1.955923 -2.878302 4.727804 -4.170592 4.993927 11.020535 1e-06 -2e-06 12.109061 -3.735719 -2.866786 0.0 0.0 0.0 1.291986 -1.92855 -1.49809 14.800138 0.567466 3.86561 14.242581 -1.341738 -6.660662 19.631977 0.143925 -0.648246 49.82225 -0.655352 -6.204325 0.35303 -1.511153 -0.03194 20.222803 3.684309 2.316628 18.787289 3e-06 -2e-06 10.751636 -0.479869 1.397903 0.0 -0.0 -0.0 3.273808 0.305947 -0.580112 21.486824 11.830379 2.266131 8.16293 1e-06 -2e-06 18.399094 -3.798988 -4.94058 2e-06 -0.0 -3e-06 3.583309 7.919923 -5.34181 -0.101983 -0.091018 12.065701 -7.278808 3.426343 -2.753454 1.640689 -1.963374 0.859427 -0.0 -0.0 2e-06 -8.380589 -7.763258 -1.707806 -0.001363 0.078828 12.573229 9.390978 -1.20945 -5.72001 -1.441294 1.078495 1.153369 0.0 -0.0 -1e-06 
0.0 0.0 0.0 0.0 -0.0 0.0 2.868756 99.568314 2.46229 1.371252 2.213845 -3.113315 0.146021 -0.015186 2.219462 -0.366172 0.166782 -5.026477 -1.635781 -1.879091 12.048944 2.767904 0.429565 30.339151 -0.67677 0.661039 -3.940765 -2.347478 0.437122 -26.269548 7.7e-05 -2.3e-05 6e-06 0.02156 -0.013082 0.144269 0.551192 -3.756635 -10.535693 -0.509954 3.74399 -10.478576 -21.242441 -13.768506 20.50886 -53.873009 -2.14036 2.842716 0.757572 -38.269722 -0.048915 11.991574 4.204013 6.299583 -5.882111 9.861292 0.70259 -10.936881 -0.360578 7.156212 3e-06 8.774831 -0.0 -15.966575 17.837872 6.024409 -1.844033 2.498506 -2.507281 -10.163611 4.678948 4.621112 -20.976049 -8e-06 3e-06 -21.226309 2.451694 -3.594002 1e-06 -6e-06 -1e-06 -1.362683 2.2408 -0.746324 -21.334938 0.584906 3.008323 -13.821231 -6e-06 3e-06 -23.887197 -0.249085 -0.839481 -59.828339 2.326792 -0.924647 -0.294024 1.679688 0.833259 -14.218224 0.093213 1.300579 -34.212086 -0.287571 0.967173 -20.033236 0.964534 1.212845 -0.0 2e-06 -0.0 -3.440391 0.788234 0.501656 -15.928203 -3.167314 2.999708 -6.338833 -2e-06 1e-06 -18.123465 3.648183 -4.905675 -5e-06 -0.0 -3e-06 14.052959 20.271755 19.481825 60.097256 2.707293 7.610791 -0.155956 40.255531 0.146043 -5.691747 -2.433443 10.275214 2.243541 -5.255037 -3.180159 14.282896 -0.826592 6.952504 -6e-06 -12.690607 2e-06 15.999145 -17.550606 2.801872 1.665667 -1.955922 -2.878301 4.7278 -4.170587 4.993925 11.020531 6e-06 -2e-06 12.109056 -3.735713 -2.866786 0.0 0.0 -0.0 1.291986 -1.928549 -1.498089 14.800138 0.567471 3.865608 14.242579 -1.341732 -6.66066 19.631981 0.143931 -0.648244 49.846996 -0.647094 -6.2019 0.353029 -1.511151 -0.03194 20.222803 3.684316 2.316629 18.787283 1e-05 -1e-06 10.751633 -0.479867 1.397906 0.0 0.0 -0.0 3.273808 0.305948 -0.580112 21.486828 11.830383 2.266132 8.16293 4e-06 -0.0 18.39909 -3.798981 -4.940576 2e-06 -0.0 -2e-06 3.606375 7.92895 -5.302243 -0.104504 -0.094755 12.010275 -7.292352 3.376877 -2.729118 1.638718 -1.957085 0.889336 -0.0 0.0 2e-06 -8.367466 -7.812071 -1.646425 -0.000159 0.083876 12.510827 9.405987 -1.225787 -5.732907 -1.439502 1.085613 1.1839 0.0 -0.0 -1e-06 
0.0 0.0 0.0 0.0 -0.0 0.0 2.85125 99.570412 2.496302 1.367996 2.258502 -3.11455 0.148885 -0.016904 2.216407 -0.366126 0.153357 -5.0306 -1.635297 -1.869357 12.032512 2.79553 0.381769 30.41724 -0.680856 0.665503 -3.946038 -2.367025 0.446059 -26.322998 7.7e-05 -2.3e-05 6e-06 0.021082 -0.007171 0.142286 0.549255 -3.751159 -10.535088 -0.508913 3.750304 -10.478364 -21.244123 -13.737194 20.517317 -53.896843 -2.092943 2.693728 0.722602 -38.371494 -0.031232 12.060721 4.145005 6.30752 -5.88211 9.861291 0.70259 -10.93688 -0.360576 7.15621 1e-06 8.774831 -1e-06 -15.964582 17.837189 6.015802 -1.844033 2.498505 -2.50728 -10.163607 4.678947 4.621111 -20.97604 -6e-06 4e-06 -21.226301 2.451697 -3.594 1e-06 -6e-06 -1e-06 -1.362682 2.240799 -0.746323 -21.334929 0.584908 3.008322 -13.821223 -3e-06 2e-06 -23.887188 -0.24908 -0.839481 -59.810711 2.331753 -0.92071 -0.294025 1.679688 0.833257 -14.21822 0.093214 1.300582 -34.212074 -0.287566 0.967172 -20.03323 0.964535 1.212845 -0.0 2e-06 -0.0 -3.440392 0.788234 0.501657 -15.9282 -3.167312 2.99971 -6.338831 -2e-06 0.0 -18.123459 3.648183 -4.905669 -5e-06 -0.0 -2e-06 14.10777 20.212276 19.535492 60.101559 2.718035 7.564315 -0.147206 40.279011 0.156236 -5.683311 -2.460969 10.381112 2.243543 -5.255039 -3.180159 14.282902 -0.826596 6.952507 -2e-06 -12.690611 0.0 16.000507 -17.552935 2.808454 1.665667 -1.955921 -2.878301 4.727802 -4.170589 4.993928 11.020536 3e-06 0.0 12.10906 -3.735717 -2.866785 0.0 -0.0 1e-06 1.291988 -1.92855 -1.498087 14.800139 0.567468 3.865607 14.242583 -1.341736 -6.660664 19.631985 0.143926 -0.648245 49.866928 -0.644992 -6.196323 0.35303 -1.511152 -0.03194 20.222805 3.684311 2.316633 18.787287 6e-06 -1e-06 10.751636 -0.47987 1.397907 0.0 -0.0 -0.0 3.273809 0.305947 -0.580109 21.486828 11.830382 2.266132 8.162933 1e-06 0.0 18.399096 -3.798988 -4.940578 2e-06 -0.0 -2e-06 3.623339 7.924608 -5.271125 -0.108285 -0.107052 11.979892 -7.292232 3.34587 -2.732107 1.637686 -1.952994 0.913984 -0.0 -0.0 2e-06 -8.358309 -7.85203 -1.591921 -0.000295 0.09214 12.472378 9.427654 -1.263761 -5.764534 -1.438727 1.095904 1.212781 0.0 0.0 -1e-06 
0.0 0.0 0.0 0.0 -0.0 0.0 2.840425 99.570969 2.526289 1.365093 2.292264 -3.117396 0.154232 -0.010104 2.202303 -0.370018 0.151378 -5.039971 -1.62792 -1.875452 12.022317 2.826208 0.351708 30.49719 -0.678012 0.64723 -3.947617 -2.40145 0.446977 -26.396776 7.7e-05 -2.3e-05 6e-06 0.020521 -0.001328 0.141316 0.546926 -3.745851 -10.529722 -0.507678 3.756382 -10.474888 -21.258802 -13.705812 20.521358 -53.902122 -2.047623 2.607462 0.724571 -38.449142 -0.037845 12.101699 4.097851 6.285892 -5.88211 9.86129 0.702591 -10.936877 -0.360574 7.156203 -0.0 8.774828 -0.0 -15.949465 17.827627 6.016228 -1.844033 2.498505 -2.507278 -10.163606 4.678948 4.621109 -20.976036 -2e-06 2e-06 -21.226295 2.451699 -3.594001 1e-06 -7e-06 -1e-06 -1.362682 2.240798 -0.746322 -21.334925 0.584911 3.008318 -13.821221 -2e-06 2e-06 -23.887182 -0.24908 -0.839483 -59.792366 2.325239 -0.908185 -0.294024 1.679687 0.833256 -14.218214 0.093215 1.300578 -34.212063 -0.287565 0.967167 -20.033224 0.964534 1.212841 -0.0 2e-06 -0.0 -3.44039 0.788234 0.501655 -15.928192 -3.16731 2.999705 -6.338829 -1e-06 -1e-06 -18.123457 3.648185 -4.905673 -5e-06 -0.0 -2e-06 14.158328 20.159555 19.582401 60.11824 2.745344 7.560863 -0.168538 40.249443 0.152093 -5.674488 -2.479605 10.487208 2.243543 -5.255039 -3.180159 14.282896 -0.826598 6.952504 -1e-06 -12.690612 2e-06 15.993414 -17.55142 2.819827 1.665667 -1.955922 -2.878297 4.727801 -4.170591 4.993924 11.020534 2e-06 -2e-06 12.109058 -3.735719 -2.866788 0.0 0.0 0.0 1.291988 -1.92855 -1.498089 14.800132 0.567467 3.865608 14.242579 -1.341737 -6.660661 19.631973 0.143926 -0.648248 49.883678 -0.649594 -6.187531 0.353029 -1.511151 -0.031939 20.222801 3.68431 2.316629 18.787283 3e-06 -4e-06 10.751633 -0.479869 1.397903 0.0 0.0 -0.0 3.273808 0.305948 -0.580112 21.486822 11.830379 2.266131 8.16293 -0.0 -3e-06 18.399094 -3.798987 -4.940581 3e-06 -0.0 -1e-06 3.634216 7.901165 -5.248381 -0.111209 -0.119594 11.9683 -7.287653 3.35469 -2.761406 1.637848 -1.950758 0.929432 -0.0 0.0 2e-06 -8.350667 -7.86605 -1.54714 -0.002976 0.092863 12.445724 9.449065 -1.293863 -5.774353 -1.438583 1.102558 1.219084 0.0 0.0 -1e-06 
0.0 0.0 0.0 0.0 -0.0 0.0 2.831121 99.567741 2.552237 1.365504 2.322575 -3.123046 0.154037 -0.002056 2.184025 -0.375555 0.150178 -5.046975 -1.611466 -1.890485 12.007418 2.863316 0.321945 30.576963 -0.674357 0.625664 -3.944149 -2.45405 0.433137 -26.487326 7.7e-05 -2.3e-05 6e-06 0.020425 0.001656 0.142192 0.545999 -3.743109 -10.522084 -0.506901 3.759007 -10.468629 -21.252571 -13.686547 20.509361 -53.927311 -1.996427 2.586268 0.755848 -38.521145 -0.067492 12.109026 4.090958 6.28636 -5.882106 9.861286 0.702592 -10.936873 -0.360576 7.156207 1e-06 8.774828 -1e-06 -15.919227 17.812592 6.018964 -1.844033 2.498505 -2.507279 -10.163601 4.678946 4.621107 -20.976028 -6e-06 1e-06 -21.226292 2.451694 -3.594002 1e-06 -6e-06 -1e-06 -1.362682 2.240798 -0.746326 -21.334917 0.584907 3.008321 -13.821217 -4e-06 1e-06 -23.887177 -0.249083 -0.839485 -59.760166 2.320278 -0.906033 -0.294025 1.679688 0.833256 -14.218212 0.093214 1.300578 -34.212063 -0.287568 0.967167 -20.033218 0.964533 1.212843 -0.0 1e-06 -1e-06 -3.440389 0.788233 0.501656 -15.928189 -3.167312 2.999707 -6.338829 -2e-06 1e-06 -18.123453 3.648181 -4.905673 -5e-06 -0.0 -1e-06 14.206177 20.123335 19.594614 60.141354 2.736369 7.572626 -0.198692 40.203903 0.151418 -5.683612 -2.487994 10.521896 2.243543 -5.25504 -3.18016 14.282902 -0.826592 6.952505 -6e-06 -12.690613 1e-06 15.983793 -17.547951 2.82553 1.665668 -1.955923 -2.878301 4.7278 -4.170589 4.993925 11.020535 5e-06 -2e-06 12.10906 -3.735716 -2.866786 0.0 -0.0 0.0 1.291986 -1.92855 -1.498091 14.80014 0.567471 3.865608 14.242584 -1.341734 -6.660661 19.631985 0.14393 -0.648245 49.891979 -0.653011 -6.184458 0.353028 -1.51115 -0.031939 20.222807 3.684317 2.31663 18.787287 1e-05 -1e-06 10.751634 -0.479866 1.397907 0.0 -0.0 -0.0 3.27381 0.305948 -0.580112 21.486834 11.830388 2.266134 8.162932 4e-06 -1e-06 18.399096 -3.798984 -4.940578 2e-06 -0.0 -2e-06 3.639153 7.857771 -5.240273 -0.113528 -0.132313 11.988095 -7.29394 3.384379 -2.797555 1.638679 -1.946799 0.932569 -0.0 -0.0 2e-06 -8.350975 -7.896816 -1.522219 -0.005075 0.091892 12.45964 9.461922 -1.287015 -5.7696 -1.439381 1.103546 1.206677 0.0 -0.0 -1e-06 
0.0 0.0 0.0 0.0 -0.0 0.0 2.825924 99.565468 2.567609 1.375355 2.366759 -3.126997 0.147113 -0.00616 2.167807 -0.381274 0.144759 -5.049712 -1.592979 -1.898636 11.993527 2.894153 0.301453 30.631115 -0.66226 0.602787 -3.941689 -2.498961 0.415841 -26.584255 7.7e-05 -2.2e-05 6e-06 0.02108 -0.001464 0.145774 0.546576 -3.745438 -10.514525 -0.506114 3.75447 -10.460487 -21.226534 -13.653131 20.517162 -53.954449 -1.989019 2.585361 0.768332 -38.576771 -0.081612 12.114528 4.10251 6.302876 -5.88211 9.861292 0.702592 -10.936881 -0.360576 7.156209 2e-06 8.774832 0.0 -15.902242 17.798609 6.019946 -1.844033 2.498506 -2.507279 -10.163609 4.678948 4.621109 -20.976044 -6e-06 2e-06 -21.226305 2.451696 -3.594001 1e-06 -6e-06 0.0 -1.362684 2.2408 -0.746326 -21.334936 0.584909 3.008323 -13.821229 -5e-06 1e-06 -23.887194 -0.249082 -0.839484 -59.734764 2.321748 -0.916657 -0.294025 1.679689 0.833257 -14.218223 0.093215 1.300578 -34.212082 -0.287568 0.967168 -20.033234 0.964535 1.212843 -0.0 1e-06 -0.0 -3.440391 0.788233 0.501656 -15.928203 -3.167314 2.999707 -6.338833 -2e-06 0.0 -18.123463 3.648183 -4.905675 -5e-06 -0.0 -1e-06 14.248911 20.097569 19.581066 60.172329 2.710501 7.551572 -0.202675 40.162651 0.168098 -5.717214 -2.483754 10.508313 2.243543 -5.255039 -3.180159 14.282902 -0.826594 6.952507 -5e-06 -12.690614 2e-06 15.977349 -17.542761 2.82524 1.665668 -1.955922 -2.878302 4.727803 -4.170591 4.993928 11.020536 5e-06 -1e-06 12.109061 -3.735717 -2.866785 0.0 0.0 0.0 1.291986 -1.92855 -1.49809 14.800144 0.567469 3.865611 14.242585 -1.341733 -6.660661 19.631985 0.143928 -0.648243 49.896149 -0.658609 -6.181596 0.353027 -1.511151 -0.03194 20.222807 3.684315 2.31663 18.787287 7e-06 -1e-06 10.751636 -0.479868 1.397907 0.0 -0.0 -1e-06 3.27381 0.305948 -0.58011 21.486834 11.830385 2.266132 8.162935 3e-06 -1e-06 18.399097 -3.798986 -4.940579 2e-06 -0.0 -2e-06 3.628703 7.813297 -5.233417 -0.114812 -0.140575 11.988364 -7.305581 3.411758 -2.810776 1.64065 -1.940469 0.913744 -0.0 0.0 2e-06 -8.36787 -7.947121 -1.504945 -0.005101 0.085959 12.479731 9.475461 -1.272786 -5.761359 -1.441097 1.102172 1.189413 0.0 0.0 -1e-06 
0.0 0.0 0.0 0.0 -0.0 0.0 2.82337 99.566559 2.572201 1.389684 2.41218 -3.127927 0.138887 -0.015714 2.150197 -0.385434 0.143563 -5.054054 -1.572075 -1.899511 11.979688 2.913923 0.288742 30.643545 -0.664654 0.575588 -3.937578 -2.51931 0.39274 -26.656628 7.7e-05 -2.3e-05 6e-06 0.020913 -0.005343 0.150055 0.545517 -3.749879 -10.508965 -0.505358 3.750739 -10.453754 -21.203285 -13.623521 20.530079 -53.97134 -1.998492 2.618111 0.769293 -38.59322 -0.083487 12.142006 4.110407 6.321093 -5.88211 9.86129 0.70259 -10.936881 -0.360578 7.156209 3e-06 8.774831 -1e-06 -15.918721 17.805386 6.019975 -1.844035 2.498506 -2.50728 -10.16361 4.678946 4.621112 -20.976048 -9e-06 4e-06 -21.226309 2.451692 -3.594 1e-06 -6e-06 -1e-06 -1.362682 2.240799 -0.746324 -21.334934 0.584904 3.008324 -13.821227 -7e-06 2e-06 -23.887192 -0.249087 -0.83948 -59.743336 2.337215 -0.932505 -0.294024 1.679689 0.833257 -14.218223 0.093211 1.300579 -34.212082 -0.287573 0.967175 -20.033236 0.964531 1.212846 -0.0 1e-06 -0.0 -3.440392 0.788233 0.501656 -15.928203 -3.167316 2.999707 -6.338833 -3e-06 -0.0 -18.123463 3.64818 -4.905673 -4e-06 -0.0 -2e-06 14.287322 20.077509 19.585653 60.206268 2.699782 7.477992 -0.192305 40.115532 0.188293 -5.729263 -2.475521 10.495677 2.243543 -5.255041 -3.180159 14.282905 -0.826594 6.952508 -5e-06 -12.690619 2e-06 15.977163 -17.543152 2.818241 1.66567 -1.955923 -2.878299 4.727803 -4.170592 4.993929 11.020539 5e-06 -2e-06 12.109064 -3.735717 -2.866787 0.0 0.0 1e-06 1.291987 -1.928551 -1.49809 14.800146 0.567471 3.865609 14.242588 -1.341734 -6.660665 19.63199 0.14393 -0.648245 49.906662 -0.665122 -6.190874 0.35303 -1.511153 -0.03194 20.222815 3.684317 2.316628 18.787291 8e-06 -2e-06 10.751637 -0.479866 1.397905 -0.0 -0.0 1e-06 3.273811 0.305948 -0.580112 21.486839 11.830393 2.266133 8.162935 2e-06 -2e-06 18.399099 -3.798987 -4.940581 2e-06 -0.0 -2e-06 3.610619 7.784257 -5.219193 -0.114251 -0.142258 11.952605 -7.330356 3.42282 -2.793068 1.641855 -1.939729 0.910452 -0.0 0.0 2e-06 -8.389227 -7.990562 -1.488472 -0.005989 0.076763 12.480478 9.466124 -1.272739 -5.761654 -1.442249 1.097208 1.176736 0.0 0.0 -1e-06 
0.0 0.0 0.0 0.0 -0.0 0.0 2.824636 99.567139 2.573934 1.400216 2.454432 -3.131206 0.134722 -0.023336 2.128913 -0.384872 0.139507 -5.062016 -1.547133 -1.891455 11.97514 2.924047 0.288869 30.632711 -0.677676 0.535727 -3.939204 -2.521907 0.364282 -26.682762 7.7e-05 -2.2e-05 6e-06 0.020343 -0.006234 0.149961 0.545563 -3.751405 -10.506177 -0.506611 3.750538 -10.451794 -21.183737 -13.608051 20.546337 -53.978748 -2.01359 2.68028 0.771892 -38.556004 -0.087907 12.169097 4.116172 6.341368 -5.882108 9.861286 0.702591 -10.936873 -0.360575 7.156207 0.0 8.774826 -1e-06 -15.948339 17.805532 6.018815 -1.844033 2.498504 -2.507278 -10.163603 4.678946 4.621109 -20.97603 -3e-06 2e-06 -21.226292 2.451697 -3.594001 2e-06 -7e-06 -1e-06 -1.362682 2.240798 -0.746323 -21.334921 0.584909 3.008322 -13.821217 -3e-06 1e-06 -23.887178 -0.249082 -0.839484 -59.766033 2.346853 -0.933027 -0.294025 1.679688 0.833257 -14.218212 0.093215 1.300581 -34.212051 -0.287564 0.967168 -20.033218 0.964537 1.212843 -0.0 2e-06 -0.0 -3.44039 0.788233 0.501656 -15.928189 -3.16731 2.999706 -6.338829 -1e-06 -0.0 -18.123453 3.648182 -4.905671 -5e-06 -0.0 -2e-06 14.317494 20.063635 19.617403 60.237858 2.708025 7.414282 -0.210437 40.081776 0.18858 -5.72445 -2.476419 10.495948 2.243544 -5.255038 -3.180157 14.282896 -0.826596 6.952501 -2e-06 -12.690607 -0.0 15.975179 -17.536713 2.815216 1.665667 -1.955922 -2.878299 4.727799 -4.170589 4.993923 11.02053 3e-06 -1e-06 12.109056 -3.735717 -2.866784 0.0 -0.0 1e-06 1.291987 -1.92855 -1.498088 14.800132 0.567468 3.865605 14.242577 -1.341738 -6.660658 19.631973 0.143924 -0.648247 49.912327 -0.667882 -6.193844 0.353028 -1.51115 -0.03194 20.222797 3.68431 2.316629 18.787279 4e-06 -2e-06 10.751631 -0.479868 1.397904 -0.0 -0.0 -0.0 3.273808 0.305947 -0.58011 21.486818 11.830376 2.26613 8.16293 1e-06 -2e-06 18.399088 -3.798986 -4.940578 2e-06 -0.0 -3e-06 3.594795 7.761814 -5.210255 -0.113366 -0.142518 11.929981 -7.351132 3.419549 -2.764786 1.641581 -1.940903 0.925837 0.0 0.0 2e-06 -8.407058 -8.028444 -1.470696 -0.008508 0.071483 12.477654 9.439657 -1.281193 -5.75887 -1.442983 1.092534 1.189431 0.0 0.0 -1e-06 
0.0 0.0 0.0 0.0 -0.0 0.0 2.831086 99.568924 2.58024 1.415821 2.495389 -3.140288 0.127889 -0.024839 2.10685 -0.380413 0.132433 -5.061895 -1.527585 -1.886711 11.97303 2.926108 0.302057 30.623922 -0.681518 0.472478 -3.941003 -2.539322 0.349552 -26.685774 7.7e-05 -2.3e-05 6e-06 0.020352 -0.010291 0.148381 0.546634 -3.756017 -10.504704 -0.507781 3.747056 -10.451057 -21.16869 -13.605297 20.544529 -53.986675 -2.024564 2.785987 0.788265 -38.467613 -0.096539 12.188302 4.135211 6.312894 -5.882106 9.861283 0.70259 -10.936871 -0.360576 7.156204 2e-06 8.774822 -1e-06 -15.963228 17.789785 6.013285 -1.844033 2.498505 -2.507277 -10.163599 4.678943 4.621107 -20.976023 -7e-06 1e-06 -21.226286 2.451691 -3.594 1e-06 -6e-06 -1e-06 -1.36268 2.240798 -0.746323 -21.334911 0.584907 3.00832 -13.821213 -5e-06 0.0 -23.887167 -0.249084 -0.839483 -59.771278 2.352073 -0.925807 -0.294023 1.679686 0.833255 -14.218206 0.093213 1.300578 -34.212048 -0.287568 0.967169 -20.033209 0.964533 1.212843 -1e-06 2e-06 -0.0 -3.440388 0.788232 0.501654 -15.928185 -3.16731 2.999703 -6.338825 -1e-06 -0.0 -18.123444 3.648179 -4.905672 -4e-06 -0.0 -1e-06 14.333637 20.049999 19.637077 60.256809 2.71658 7.414042 -0.236559 40.075687 0.181376 -5.726589 -2.495561 10.493953 2.243542 -5.255037 -3.180159 14.282896 -0.826593 6.9525 -6e-06 -12.690607 2e-06 15.964285 -17.522223 2.811777 1.665668 -1.955921 -2.878299 4.727799 -4.170587 4.993924 11.020533 4e-06 -1e-06 12.109058 -3.735713 -2.866783 0.0 0.0 1e-06 1.291987 -1.928549 -1.498089 14.800138 0.567471 3.865608 14.242579 -1.341733 -6.660657 19.631975 0.14393 -0.648246 49.893158 -0.663569 -6.193445 0.353029 -1.511151 -0.03194 20.222803 3.684313 2.316629 18.787287 9e-06 -2e-06 10.751634 -0.479866 1.397906 0.0 1e-06 -1e-06 3.273809 0.305948 -0.580112 21.486824 11.830381 2.26613 8.16293 3e-06 -0.0 18.399088 -3.798982 -4.940574 2e-06 -0.0 -3e-06 3.572226 7.743848 -5.181081 -0.113584 -0.142726 11.887329 -7.360606 3.418643 -2.713218 1.640818 -1.944325 0.933702 0.0 1e-06 2e-06 -8.436765 -8.072077 -1.435553 -0.01 0.06532 12.459201 9.418495 -1.274295 -5.737947 -1.442888 1.087972 1.20096 0.0 0.0 -1e-06 
0.0 0.0 0.0 0.0 -0.0 0.0 2.833965 99.566093 2.590736 1.437099 2.529636 -3.152474 0.120234 -0.012319 2.085969 -0.377293 0.125381 -5.06661 -1.513849 -1.888892 11.981325 2.916617 0.316613 30.624338 -0.690675 0.416054 -3.945714 -2.564126 0.3298 -26.677999 7.7e-05 -2.3e-05 6e-06 0.020486 -0.01214 0.147042 0.546579 -3.758192 -10.501786 -0.507613 3.745409 -10.448193 -21.168697 -13.62544 20.542711 -54.004726 -2.029237 2.84736 0.788083 -38.347462 -0.096118 12.20681 4.158681 6.332359 -5.882108 9.861288 0.70259 -10.936873 -0.360574 7.156205 0.0 8.774828 -1e-06 -15.96916 17.781137 6.011313 -1.844032 2.498505 -2.507277 -10.163601 4.678946 4.621109 -20.976025 -3e-06 4e-06 -21.226286 2.451697 -3.594 1e-06 -7e-06 -0.0 -1.362682 2.240799 -0.746322 -21.334917 0.584909 3.008323 -13.821215 -2e-06 3e-06 -23.887171 -0.249079 -0.839483 -59.782516 2.364275 -0.916604 -0.294024 1.679688 0.833257 -14.21821 0.093216 1.300582 -34.212051 -0.287563 0.967168 -20.033216 0.964535 1.212844 -0.0 2e-06 -0.0 -3.440388 0.788233 0.501657 -15.928189 -3.16731 2.999707 -6.338827 -1e-06 2e-06 -18.123447 3.648185 -4.905671 -4e-06 -0.0 -2e-06 14.323682 20.028236 19.661154 60.27166 2.749826 7.447778 -0.255907 40.087807 0.160713 -5.716225 -2.504646 10.518101 2.243542 -5.255038 -3.180159 14.282896 -0.826596 6.952505 -3e-06 -12.690609 2e-06 15.951028 -17.510344 2.804933 1.665665 -1.955921 -2.878298 4.727801 -4.170589 4.993927 11.020529 3e-06 0.0 12.109056 -3.735717 -2.866786 0.0 -0.0 0.0 1.291987 -1.92855 -1.49809 14.800132 0.56747 3.865607 14.242577 -1.341735 -6.660657 19.631973 0.143927 -0.648245 49.872162 -0.657247 -6.186028 0.353028 -1.51115 -0.031938 20.222799 3.684311 2.316631 18.787279 5e-06 -2e-06 10.751631 -0.479868 1.397907 0.0 1e-06 1e-06 3.273808 0.305948 -0.580109 21.486824 11.830379 2.266133 8.16293 2e-06 -1e-06 18.399088 -3.798987 -4.940576 2e-06 -1e-06 -3e-06 3.550087 7.745056 -5.159198 -0.117144 -0.143711 11.875731 -7.371759 3.403944 -2.6783 1.639792 -1.951298 0.942416 0.0 0.0 2e-06 -8.472951 -8.116615 -1.420861 -0.00837 0.061271 12.492768 9.407319 -1.252735 -5.752285 -1.441884 1.08171 1.209582 0.0 0.0 -1e-06 
0.0 0.0 0.0 0.0 -0.0 0.0 2.835532 99.56028 2.605498 1.45926 2.54317 -3.166184 0.116121 0.004715 2.066583 -0.376765 0.119931 -5.075135 -1.500523 -1.887069 11.999699 2.886868 0.323577 30.638071 -0.70649 0.373937 -3.950357 -2.570281 0.293133 -26.66716 7.7e-05 -2.3e-05 6e-06 0.019338 -0.007659 0.146463 0.545063 -3.752658 -10.498257 -0.508575 3.748799 -10.445374 -21.194424 -13.64172 20.544722 -53.99939 -2.038405 2.899589 0.76471 -38.217278 -0.088933 12.248321 4.187681 6.424265 -5.88211 9.861288 0.702589 -10.936878 -0.360575 7.156209 0.0 8.774828 -2e-06 -15.978194 17.775114 6.004004 -1.844034 2.498506 -2.507279 -10.163609 4.678947 4.621109 -20.976038 -3e-06 3e-06 -21.226301 2.451698 -3.593999 1e-06 -6e-06 -0.0 -1.362682 2.240799 -0.746323 -21.334929 0.58491 3.008325 -13.821223 -2e-06 2e-06 -23.887184 -0.249078 -0.839484 -59.793026 2.37933 -0.928587 -0.294025 1.679687 0.833255 -14.218217 0.093215 1.300581 -34.212074 -0.287564 0.967171 -20.033226 0.964538 1.212846 -0.0 2e-06 -0.0 -3.44039 0.788234 0.501655 -15.928198 -3.167309 2.999709 -6.33883 -2e-06 -0.0 -18.123459 3.648184 -4.905673 -4e-06 -0.0 -1e-06 14.299701 20.002972 19.684591 60.276379 2.81121 7.466444 -0.253173 40.086956 0.140475 -5.687881 -2.485419 10.538381 2.243541 -5.255035 -3.180157 14.282887 -0.826597 6.952498 -0.0 -12.6906 1e-06 15.943641 -17.500166 2.795121 1.665666 -1.95592 -2.878296 4.727798 -4.170587 4.993924 11.020523 1e-06 -0.0 12.10905 -3.735717 -2.866785 0.0 0.0 1e-06 1.291986 -1.928549 -1.498088 14.800123 0.567466 3.865605 14.242568 -1.341737 -6.660655 19.631958 0.143923 -0.648244 49.852753 -0.654562 -6.186435 0.353029 -1.51115 -0.03194 20.222788 3.684306 2.31663 18.78727 3e-06 -1e-06 10.751627 -0.479868 1.397904 0.0 1e-06 -0.0 3.273805 0.305946 -0.580111 21.486803 11.830368 2.266131 8.162924 1e-06 -1e-06 18.399076 -3.798986 -4.940576 2e-06 -0.0 -1e-06 3.531309 7.768798 -5.141142 -0.119988 -0.14212 11.888836 -7.375745 3.385543 -2.675249 1.639168 -1.957794 0.94462 0.0 0.0 2e-06 -8.508739 -8.142275 -1.421934 -0.003525 0.059912 12.557178 9.400469 -1.230281 -5.780136 -1.439908 1.074978 1.20521 0.0 0.0 -1e-06 
0.0 0.0 0.0 0.0 -0.0 0.0 2.836776 99.550247 2.624449 1.480337 2.543473 -3.180174 0.114885 0.009799 2.049418 -0.376604 0.121266 -5.081889 -1.499863 -1.887166 12.025104 2.8483 0.321998 30.652346 -0.714609 0.350629 -3.955268 -2.56077 0.255817 -26.662937 7.7e-05 -2.2e-05 6e-06 0.017986 0.001901 0.145395 0.543753 -3.741339 -10.496118 -0.510122 3.756682 -10.443659 -21.22901 -13.636251 20.577438 -53.968231 -2.077647 2.946443 0.737858 -38.08527 -0.082373 12.30793 4.202045 6.456369 -5.88211 9.861292 0.702593 -10.936879 -0.360574 7.156209 -0.0 8.774832 -1e-06 -16.006517 17.780104 5.984651 -1.844034 2.498506 -2.507278 -10.163609 4.67895 4.621111 -20.97604 -3e-06 4e-06 -21.226301 2.4517 -3.594001 1e-06 -7e-06 -1e-06 -1.362683 2.2408 -0.746324 -21.334929 0.584912 3.008326 -13.821225 -2e-06 1e-06 -23.887188 -0.249078 -0.839483 -59.814064 2.392787 -0.959175 -0.294026 1.679689 0.833258 -14.218218 0.093215 1.300583 -34.212074 -0.28756 0.967171 -20.03323 0.964539 1.212843 -0.0 2e-06 -0.0 -3.44039 0.788235 0.501657 -15.9282 -3.167311 2.999709 -6.33883 -1e-06 -1e-06 -18.123461 3.648187 -4.905674 -4e-06 -0.0 -2e-06 14.281151 19.987894 19.710274 60.266373 2.882977 7.446189 -0.22115 40.09692 0.144329 -5.665959 -2.45259 10.599672 2.243545 -5.255041 -3.180159 14.282902 -0.826598 6.952507 -0.0 -12.690616 1e-06 15.950802 -17.500637 2.786959 1.665669 -1.955923 -2.878299 4.727802 -4.170592 4.993926 11.020535 1e-06 -1e-06 12.10906 -3.73572 -2.866788 0.0 0.0 -0.0 1.291986 -1.928551 -1.498091 14.800138 0.567466 3.865608 14.242582 -1.341739 -6.660664 19.631977 0.143925 -0.648248 49.850246 -0.657055 -6.197693 0.353029 -1.511152 -0.03194 20.222803 3.684309 2.316628 18.787289 3e-06 -4e-06 10.751636 -0.479869 1.397905 1e-06 2e-06 -0.0 3.27381 0.305947 -0.580113 21.486826 11.830381 2.26613 8.162931 1e-06 -3e-06 18.399097 -3.798987 -4.940584 2e-06 -0.0 -2e-06 3.516113 7.8142 -5.138374 -0.120219 -0.136427 11.943994 -7.380421 3.339401 -2.704658 1.638978 -1.967703 0.935889 0.0 0.0 2e-06 -8.542276 -8.160687 -1.441749 0.002042 0.064599 12.65911 9.399381 -1.20806 -5.827883 -1.437874 1.071449 1.184269 0.0 0.0 -1e-06 
0.0 0.0 0.0 0.0 -0.0 0.0 2.831466 99.539528 2.64503 1.495946 2.532604 -3.195919 0.115992 0.009175 2.039212 -0.37647 0.12608 -5.08674 -1.510386 -1.89608 12.053023 2.82672 0.347313 30.65975 -0.708512 0.318809 -3.955806 -2.552675 0.227193 -26.688358 7.7e-05 -2.3e-05 6e-06 0.01719 0.010243 0.145432 0.541781 -3.733042 -10.496446 -0.509861 3.765134 -10.44477 -21.26055 -13.613544 20.606335 -53.919491 -2.117028 3.017356 0.718404 -37.978764 -0.073573 12.370199 4.22192 6.377742 -5.882107 9.861286 0.702591 -10.936873 -0.360575 7.156204 1e-06 8.774826 -2e-06 -16.025274 17.790316 5.971253 -1.844033 2.498505 -2.507278 -10.163604 4.678946 4.621107 -20.97603 -6e-06 1e-06 -21.226294 2.451695 -3.594 1e-06 -6e-06 -1e-06 -1.362682 2.240798 -0.746323 -21.334921 0.584909 3.00832 -13.821217 -3e-06 1e-06 -23.887178 -0.249081 -0.839484 -59.840382 2.407928 -0.981855 -0.294025 1.679687 0.833255 -14.218212 0.093214 1.300583 -34.212063 -0.287567 0.967168 -20.033218 0.964536 1.212844 -1e-06 2e-06 -0.0 -3.440389 0.788234 0.501656 -15.928191 -3.16731 2.999706 -6.338828 -1e-06 -1e-06 -18.123453 3.64818 -4.905673 -4e-06 -0.0 -1e-06 14.2684 19.987383 19.746187 60.242119 2.951645 7.394739 -0.155675 40.157669 0.180782 -5.670082 -2.441704 10.672971 2.243543 -5.255039 -3.180158 14.282899 -0.826595 6.952505 -3e-06 -12.69061 1e-06 15.963267 -17.504101 2.776285 1.665669 -1.955922 -2.878299 4.727801 -4.170589 4.993928 11.020535 3e-06 -1e-06 12.109059 -3.735717 -2.866786 1e-06 -0.0 0.0 1.291986 -1.92855 -1.49809 14.800138 0.567469 3.865608 14.242582 -1.341735 -6.66066 19.631981 0.143929 -0.648248 49.846851 -0.655734 -6.215596 0.353029 -1.511152 -0.031939 20.222803 3.684313 2.316628 18.787287 7e-06 -2e-06 10.751635 -0.479866 1.397905 1e-06 2e-06 -0.0 3.273809 0.305948 -0.580111 21.486828 11.830381 2.266132 8.162932 2e-06 -2e-06 18.399092 -3.798986 -4.940578 2e-06 -0.0 -2e-06 3.511571 7.868939 -5.135773 -0.117823 -0.132215 12.008351 -7.3998 3.276944 -2.73771 1.638894 -1.979184 0.932949 0.0 0.0 2e-06 -8.564536 -8.179327 -1.463982 0.005742 0.071409 12.765408 9.402488 -1.157799 -5.895025 -1.435954 1.070185 1.164863 0.0 0.0 -1e-06 
0.0 0.0 0.0 0.0 -0.0 0.0 2.818259 99.52813 2.666612 1.510856 2.522359 -3.211776 0.11476 0.007815 2.040433 -0.375457 0.131254 -5.092423 -1.52829 -1.907766 12.076859 2.822087 0.368314 30.680897 -0.704385 0.287144 -3.952151 -2.541722 0.21662 -26.731657 7.7e-05 -2.3e-05 6e-06 0.017043 0.010631 0.149087 0.540563 -3.733237 -10.496162 -0.509023 3.766156 -10.445276 -21.275871 -13.593999 20.628338 -53.864849 -2.161531 3.175087 0.744119 -37.895893 -0.078709 12.411255 4.254366 6.262057 -5.882108 9.861289 0.702592 -10.936877 -0.360575 7.156207 1e-06 8.774829 -0.0 -16.030783 17.790012 5.972868 -1.844033 2.498504 -2.507278 -10.163604 4.678946 4.62111 -20.976038 -5e-06 3e-06 -21.226299 2.451697 -3.594 1e-06 -6e-06 -1e-06 -1.362684 2.240799 -0.746324 -21.334929 0.58491 3.008325 -13.821223 -3e-06 3e-06 -23.887186 -0.249081 -0.839485 -59.869709 2.416685 -0.985554 -0.294025 1.679687 0.833257 -14.218215 0.093214 1.30058 -34.212067 -0.287566 0.96717 -20.033228 0.964536 1.212845 -0.0 1e-06 -1e-06 -3.440392 0.788233 0.501656 -15.928198 -3.167312 2.999708 -6.338829 -2e-06 1e-06 -18.123457 3.648182 -4.905674 -5e-06 -0.0 -1e-06 14.235474 20.004606 19.769852 60.239918 3.000009 7.380125 -0.121577 40.254856 0.208616 -5.699482 -2.436869 10.731461 2.243543 -5.255041 -3.180162 14.282904 -0.826594 6.952508 -5e-06 -12.690614 0.0 15.967393 -17.508598 2.768299 1.665668 -1.955923 -2.878302 4.727802 -4.17059 4.993927 11.020537 4e-06 -1e-06 12.109062 -3.735717 -2.866789 1e-06 -0.0 1e-06 1.291986 -1.928551 -1.498091 14.800144 0.56747 3.865611 14.242585 -1.341734 -6.660665 19.631987 0.143929 -0.648246 49.828064 -0.659386 -6.229231 0.353028 -1.511152 -0.031939 20.222811 3.684316 2.316633 18.787289 8e-06 1e-06 10.751637 -0.479867 1.397907 1e-06 2e-06 1e-06 3.273809 0.305948 -0.580113 21.486834 11.830388 2.266133 8.162936 4e-06 -0.0 18.399097 -3.798982 -4.940578 2e-06 -0.0 -2e-06 3.511693 7.89766 -5.133516 -0.11489 -0.125586 12.073773 -7.438979 3.219862 -2.772148 1.639834 -1.989009 0.931817 0.0 -0.0 2e-06 -8.582758 -8.206861 -1.490785 0.009739 0.074243 12.883133 9.41539 -1.103722 -5.978281 -1.435623 1.069811 1.156799 0.0 0.0 -1e-06 
0.0 0.0 0.0 0.0 -0.0 0.0 2.798957 99.521217 2.680449 1.51905 2.519502 -3.217542 0.112308 0.001123 2.047444 -0.372691 0.135469 -5.098241 -1.548005 -1.926353 12.091603 2.822758 0.394495 30.716471 -0.701624 0.265404 -3.946101 -2.514666 0.209387 -26.789152 7.7e-05 -2.3e-05 6e-06 0.017144 0.007758 0.1514 0.540745 -3.737094 -10.497907 -0.509035 3.764248 -10.448065 -21.284994 -13.571432 20.665152 -53.806057 -2.230399 3.339139 0.789694 -37.843914 -0.093189 12.440166 4.281561 6.226079 -5.882106 9.861288 0.70259 -10.936872 -0.360574 7.156208 -1e-06 8.774827 -1e-06 -16.029654 17.79085 5.975298 -1.844033 2.498504 -2.507277 -10.163602 4.678948 4.621109 -20.976027 -0.0 3e-06 -21.22629 2.4517 -3.594002 1e-06 -6e-06 -2e-06 -1.362682 2.240799 -0.746322 -21.334915 0.584912 3.008325 -13.821215 -1e-06 3e-06 -23.887171 -0.249076 -0.839484 -59.88266 2.410136 -0.9743 -0.294025 1.679687 0.833256 -14.218209 0.093216 1.300582 -34.212048 -0.287559 0.967168 -20.033215 0.96454 1.212842 -0.0 2e-06 -0.0 -3.440389 0.788234 0.501654 -15.928185 -3.167309 2.999709 -6.338827 1e-06 1e-06 -18.123446 3.648185 -4.905672 -5e-06 -0.0 -2e-06 14.19687 20.046526 19.784348 60.244606 3.029874 7.41846 -0.150817 40.363773 0.201854 -5.715468 -2.443161 10.751471 2.243542 -5.255037 -3.180161 14.282896 -0.826594 6.952506 -4e-06 -12.690606 1e-06 15.969454 -17.513193 2.762204 1.665667 -1.955921 -2.878299 4.7278 -4.170587 4.993926 11.020529 3e-06 1e-06 12.109055 -3.735715 -2.866785 1e-06 -0.0 0.0 1.291986 -1.92855 -1.49809 14.800136 0.567469 3.865609 14.242577 -1.341736 -6.660659 19.631975 0.143925 -0.648244 49.824856 -0.667628 -6.227418 0.353029 -1.51115 -0.031939 20.222797 3.68431 2.316634 18.787279 5e-06 2e-06 10.751631 -0.479869 1.397907 1e-06 2e-06 -0.0 3.273807 0.305948 -0.580109 21.48682 11.830377 2.266135 8.16293 3e-06 -0.0 18.399088 -3.798984 -4.940574 2e-06 -0.0 -2e-06 3.518576 7.905553 -5.13448 -0.111832 -0.12019 12.108253 -7.46842 3.186112 -2.788877 1.641037 -1.989375 0.933705 0.0 0.0 2e-06 -8.588437 -8.251189 -1.514764 0.011602 0.073601 12.965095 9.423026 -1.062528 -6.038442 -1.435527 1.068446 1.1684 0.0 0.0 -1e-06 
0.0 0.0 0.0 0.0 -0.0 0.0 2.775156 99.518829 2.687301 1.522565 2.510099 -3.216213 0.110207 -0.007772 2.05684 -0.368901 0.142149 -5.104558 -1.565769 -1.944652 12.105378 2.818078 0.413052 30.742607 -0.701583 0.269804 -3.940833 -2.467189 0.200486 -26.819721 7.7e-05 -2.2e-05 6e-06 0.017407 0.003045 0.152189 0.542126 -3.742991 -10.499763 -0.509896 3.76052 -10.449615 -21.290991 -13.562539 20.705645 -53.742836 -2.306151 3.465802 0.821006 -37.804024 -0.109055 12.458541 4.278623 6.216459 -5.882107 9.861286 0.702592 -10.936873 -0.360575 7.156204 1e-06 8.774826 -1e-06 -16.009285 17.782751 5.975285 -1.844032 2.498504 -2.507278 -10.163601 4.678945 4.621109 -20.976023 -4e-06 4e-06 -21.226286 2.451697 -3.593998 1e-06 -6e-06 -1e-06 -1.362682 2.240798 -0.746324 -21.334917 0.584909 3.008324 -13.821215 -3e-06 3e-06 -23.887171 -0.249079 -0.839479 -59.85508 2.387272 -0.95844 -0.294025 1.679688 0.833256 -14.218211 0.093215 1.300583 -34.212055 -0.287564 0.967172 -20.033215 0.964539 1.212844 -0.0 2e-06 -0.0 -3.440389 0.788232 0.501656 -15.928187 -3.16731 2.999708 -6.338828 -1e-06 2e-06 -18.123449 3.648183 -4.905669 -4e-06 -0.0 -1e-06 14.153611 20.095135 19.788567 60.251305 3.054527 7.443326 -0.195316 40.439854 0.184872 -5.708233 -2.44919 10.790942 2.243544 -5.255039 -3.180162 14.282904 -0.826596 6.95251 -4e-06 -12.690612 2e-06 15.971143 -17.50971 2.759282 1.665667 -1.955922 -2.878299 4.727803 -4.17059 4.993928 11.020535 4e-06 0.0 12.10906 -3.735717 -2.866785 1e-06 -0.0 0.0 1.291987 -1.92855 -1.498091 14.800142 0.567469 3.865611 14.242583 -1.341735 -6.660661 19.631985 0.143927 -0.648244 49.833042 -0.672787 -6.218486 0.353029 -1.511151 -0.031939 20.222809 3.684313 2.316633 18.787292 6e-06 1e-06 10.751639 -0.479867 1.397908 0.0 1e-06 -0.0 3.273809 0.305948 -0.580112 21.486834 11.830383 2.266132 8.162935 1e-06 -1e-06 18.399099 -3.798985 -4.940578 3e-06 -0.0 -2e-06 3.531899 7.923852 -5.129816 -0.111073 -0.126271 12.107381 -7.488822 3.174595 -2.78375 1.641653 -1.985598 0.953459 -0.0 -0.0 2e-06 -8.581823 -8.292177 -1.537091 0.010119 0.071953 13.013232 9.419975 -1.039864 -6.070794 -1.435346 1.070267 1.195255 0.0 0.0 -1e-06 
0.0 0.0 0.0 0.0 -0.0 0.0 2.747814 99.51358 2.69038 1.521428 2.493675 -3.212041 0.10672 -0.011236 2.067714 -0.366416 0.145908 -5.102528 -1.583182 -1.959391 12.10759 2.803953 0.422923 30.779533 -0.692321 0.282451 -3.94376 -2.418566 0.187453 -26.81114 7.7e-05 -2.2e-05 6e-06 0.017175 0.005435 0.151965 0.541805 -3.741947 -10.503089 -0.510022 3.763811 -10.451792 -21.279833 -13.573532 20.719439 -53.700256 -2.364091 3.590866 0.837826 -37.748051 -0.139504 12.452041 4.257923 6.183526 -5.882107 9.861286 0.702592 -10.936872 -0.360574 7.156206 -1e-06 8.774826 -1e-06 -15.976578 17.770868 5.977602 -1.844032 2.498504 -2.507279 -10.1636 4.678946 4.62111 -20.976023 -1e-06 4e-06 -21.226286 2.451698 -3.594001 1e-06 -6e-06 -1e-06 -1.362683 2.240799 -0.746324 -21.334917 0.584911 3.008325 -13.821215 -2e-06 3e-06 -23.887173 -0.249076 -0.839482 -59.805042 2.367863 -0.949486 -0.294025 1.679688 0.833256 -14.218208 0.093216 1.300583 -34.212051 -0.28756 0.967168 -20.033213 0.964539 1.212842 -0.0 1e-06 -0.0 -3.440389 0.788234 0.501656 -15.928185 -3.16731 2.999707 -6.338827 -1e-06 2e-06 -18.123446 3.648184 -4.90567 -5e-06 -0.0 -2e-06 14.109204 20.145046 19.760712 60.259407 3.06988 7.45385 -0.212119 40.456638 0.17766 -5.683883 -2.445128 10.792436 2.243543 -5.255038 -3.180159 14.282894 -0.826596 6.952503 -1e-06 -12.690605 -0.0 15.976947 -17.50959 2.758408 1.665666 -1.955921 -2.878298 4.727799 -4.170588 4.993925 11.020528 2e-06 0.0 12.109053 -3.735716 -2.866783 1e-06 -0.0 -0.0 1.291987 -1.92855 -1.498089 14.800131 0.567468 3.865609 14.242576 -1.341737 -6.660658 19.631969 0.143926 -0.648246 49.849201 -0.670953 -6.205828 0.353029 -1.51115 -0.031941 20.222797 3.684309 2.316632 18.787279 5e-06 -0.0 10.751632 -0.479867 1.397906 -0.0 1e-06 1e-06 3.273808 0.305946 -0.58011 21.48682 11.830377 2.266133 8.16293 1e-06 -1e-06 18.399088 -3.798987 -4.940577 2e-06 -1e-06 -1e-06 3.552722 7.929152 -5.14682 -0.114574 -0.137443 12.140699 -7.501688 3.195351 -2.80066 1.641989 -1.9843 0.980242 -0.0 -1e-06 2e-06 -8.565807 -8.321802 -1.581237 0.009815 0.071705 13.089782 9.418627 -1.013172 -6.106442 -1.435411 1.07172 1.210582 0.0 0.0 -1e-06 
0.0 0.0 0.0 0.0 -0.0 0.0 2.720026 99.507225 2.694948 1.525635 2.466039 -3.201813 0.096446 -0.014749 2.078762 -0.366558 0.142126 -5.090387 -1.596959 -1.956395 12.097464 2.774701 0.433575 30.817848 -0.672343 0.309335 -3.947399 -2.368866 0.171841 -26.776011 7.7e-05 -2.3e-05 6e-06 0.017109 0.006319 0.152236 0.542175 -3.742126 -10.509342 -0.510584 3.765319 -10.45696 -21.263126 -13.602035 20.70162 -53.671719 -2.391373 3.703397 0.84914 -37.710571 -0.173613 12.398555 4.244468 6.080012 -5.882106 9.861287 0.70259 -10.936875 -0.360576 7.156208 1e-06 8.774827 -1e-06 -15.939707 17.766285 5.989814 -1.844034 2.498506 -2.507279 -10.163603 4.678945 4.621111 -20.976028 -6e-06 3e-06 -21.226292 2.451695 -3.594001 1e-06 -6e-06 -1e-06 -1.36268 2.240798 -0.746324 -21.334921 0.584908 3.008325 -13.821219 -4e-06 3e-06 -23.887178 -0.249081 -0.839482 -59.761204 2.367392 -0.954758 -0.294025 1.679687 0.833256 -14.218214 0.093214 1.30058 -34.212059 -0.287567 0.967171 -20.03322 0.964536 1.212845 -0.0 1e-06 -0.0 -3.44039 0.788234 0.501655 -15.928192 -3.167312 2.999709 -6.338829 -0.0 1e-06 -18.123457 3.648181 -4.905674 -5e-06 -0.0 -2e-06 14.052935 20.194538 19.724752 60.277737 3.082837 7.487327 -0.228854 40.436077 0.164146 -5.652762 -2.437676 10.704734 2.243542 -5.255037 -3.180158 14.282889 -0.826593 6.952504 -3e-06 -12.690601 1e-06 15.986156 -17.510246 2.750113 1.665665 -1.955922 -2.878299 4.727798 -4.170587 4.993924 11.020524 3e-06 1e-06 12.109051 -3.735714 -2.866785 1e-06 -0.0 0.0 1.291985 -1.928549 -1.49809 14.800127 0.56747 3.865609 14.242569 -1.341735 -6.660655 19.631968 0.143927 -0.648242 49.857677 -0.667959 -6.204528 0.353028 -1.51115 -0.03194 20.222788 3.68431 2.316633 18.78727 6e-06 0.0 10.751625 -0.479868 1.397907 0.0 1e-06 1e-06 3.273807 0.305948 -0.580111 21.486809 11.830376 2.266135 8.162926 2e-06 -0.0 18.399076 -3.798984 -4.940572 2e-06 -1e-06 -2e-06 3.567486 7.922551 -5.169403 -0.11874 -0.147974 12.178073 -7.516618 3.248801 -2.825587 1.643066 -1.980162 0.99014 0.0 -0.0 2e-06 -8.551515 -8.327703 -1.644781 0.011013 0.075283 13.188469 9.408029 -0.977972 -6.160316 -1.43654 1.073975 1.204448 0.0 0.0 -1e-06 
0.0 0.0 0.0 0.0 -0.0 0.0 2.695549 99.505348 2.701322 1.526672 2.420568 -3.182832 0.088706 -0.013529 2.078049 -0.369615 0.143621 -5.076088 -1.605146 -1.947292 12.083305 2.759348 0.45548 30.850599 -0.659449 0.33287 -3.952493 -2.312137 0.144954 -26.729553 7.7e-05 -2.3e-05 6e-06 0.017804 -0.003157 0.153822 0.543354 -3.752421 -10.516284 -0.510473 3.756631 -10.46472 -21.260576 -13.61856 20.685799 -53.635761 -2.416786 3.785249 0.842102 -37.718796 -0.188465 12.34525 4.239918 5.937456 -5.882111 9.861294 0.702591 -10.93688 -0.360573 7.156208 -0.0 8.774831 1e-06 -15.917674 17.769913 6.005079 -1.844034 2.498505 -2.507277 -10.163606 4.678949 4.621111 -20.97604 -3e-06 1e-06 -21.226301 2.451698 -3.594002 2e-06 -6e-06 0.0 -1.362681 2.240798 -0.746322 -21.334927 0.584911 3.008324 -13.821221 -2e-06 1e-06 -23.887182 -0.249078 -0.839484 -59.725578 2.38727 -0.965328 -0.294027 1.679688 0.833255 -14.218221 0.093215 1.300582 -34.212082 -0.287563 0.967169 -20.03323 0.964537 1.212842 -0.0 2e-06 1e-06 -3.440391 0.788235 0.501656 -15.928196 -3.16731 2.999708 -6.338831 -0.0 -0.0 -18.123463 3.648187 -4.905676 -5e-06 -0.0 -1e-06 14.003246 20.235798 19.707619 60.286728 3.095094 7.50602 -0.236053 40.371063 0.151738 -5.624259 -2.414047 10.603642 2.243544 -5.255039 -3.180159 14.2829 -0.826594 6.952504 -3e-06 -12.690611 1e-06 15.989893 -17.508883 2.741961 1.665668 -1.955922 -2.878301 4.7278 -4.170588 4.993926 11.020534 4e-06 -2e-06 12.109059 -3.735715 -2.866787 1e-06 0.0 0.0 1.291987 -1.92855 -1.498092 14.800139 0.567469 3.865605 14.242583 -1.341735 -6.660661 19.631983 0.143928 -0.648247 49.85133 -0.662688 -6.202673 0.353029 -1.511151 -0.03194 20.222803 3.684313 2.316629 18.787285 8e-06 -3e-06 10.751633 -0.479868 1.397906 -0.0 0.0 -0.0 3.273809 0.305946 -0.580112 21.486828 11.830384 2.26613 8.162933 3e-06 -2e-06 18.399096 -3.798985 -4.940579 2e-06 -0.0 -2e-06 3.582747 7.916037 -5.181496 -0.119267 -0.149042 12.183198 -7.530188 3.290695 -2.828614 1.644725 -1.974129 0.986769 0.0 -0.0 2e-06 -8.530645 -8.310539 -1.701529 0.011032 0.078084 13.245636 9.379531 -0.970081 -6.210111 -1.438125 1.076101 1.189154 0.0 0.0 -1e-06 
0.0 0.0 0.0 0.0 -0.0 0.0 2.670768 99.503288 2.708579 1.523778 2.382951 -3.164154 0.086765 -0.0118 2.069322 -0.371964 0.14743 -5.067932 -1.610303 -1.936092 12.078274 2.760211 0.473427 30.889643 -0.657694 0.346993 -3.957702 -2.247435 0.111237 -26.705954 7.7e-05 -2.3e-05 6e-06 0.018675 -0.013306 0.157531 0.54444 -3.761538 -10.517764 -0.509956 3.74577 -10.467109 -21.264246 -13.625906 20.689852 -53.603909 -2.467587 3.85482 0.825923 -37.741142 -0.179025 12.332069 4.233734 5.833794 -5.882106 9.861283 0.702591 -10.936871 -0.360575 7.156207 0.0 8.774823 -0.0 -15.918026 17.775663 6.021225 -1.844032 2.498505 -2.507278 -10.1636 4.678944 4.62111 -20.976023 -3e-06 4e-06 -21.226286 2.451697 -3.593999 1e-06 -7e-06 0.0 -1.362681 2.240798 -0.746324 -21.334913 0.584911 3.008324 -13.821213 -2e-06 2e-06 -23.887167 -0.249078 -0.839482 -59.732067 2.4091 -0.963736 -0.294024 1.679687 0.833255 -14.218208 0.093214 1.300581 -34.212051 -0.287561 0.967175 -20.033213 0.96454 1.212847 -0.0 2e-06 1e-06 -3.440387 0.788233 0.501656 -15.928185 -3.16731 2.99971 -6.338826 -0.0 -0.0 -18.123449 3.648183 -4.905669 -5e-06 -0.0 -2e-06 13.967818 20.255859 19.708178 60.267643 3.116088 7.536412 -0.250813 40.270531 0.124973 -5.617465 -2.381649 10.549986 2.243541 -5.255033 -3.180156 14.282881 -0.826593 6.952497 -3e-06 -12.690596 -0.0 15.996324 -17.515347 2.737365 1.665665 -1.955921 -2.878297 4.727797 -4.170584 4.993921 11.02052 3e-06 -1e-06 12.109043 -3.735713 -2.866784 1e-06 -0.0 0.0 1.291986 -1.928548 -1.498088 14.800118 0.567469 3.865604 14.242562 -1.341734 -6.660655 19.631952 0.143927 -0.648243 49.841549 -0.658589 -6.201909 0.353028 -1.51115 -0.03194 20.222782 3.684309 2.316629 18.787264 6e-06 -1e-06 10.751622 -0.479866 1.397904 1e-06 0.0 1e-06 3.273805 0.305948 -0.580108 21.486801 11.830368 2.26613 8.162922 3e-06 -1e-06 18.399071 -3.79898 -4.940572 2e-06 -0.0 -2e-06 3.602005 7.910878 -5.198204 -0.116738 -0.142481 12.196401 -7.540596 3.306319 -2.827708 1.646727 -1.969107 0.968953 0.0 -0.0 2e-06 -8.505321 -8.29894 -1.752505 0.008909 0.078852 13.296802 9.355659 -0.980338 -6.266197 -1.439387 1.08099 1.182338 0.0 0.0 -1e-06 
0.0 0.0 0.0 0.0 -0.0 0.0 2.646199 99.502304 2.717908 1.518927 2.368254 -3.150234 0.089292 -0.012555 2.064963 -0.371763 0.153768 -5.06578 -1.611474 -1.929064 12.078216 2.753973 0.482462 30.922766 -0.65726 0.347741 -3.961645 -2.162617 0.09132 -26.717234 7.7e-05 -2.3e-05 6e-06 0.019006 -0.016576 0.159911 0.544586 -3.763314 -10.51763 -0.509598 3.741635 -10.466449 -21.270851 -13.642384 20.691635 -53.591305 -2.50778 3.859571 0.78042 -37.79184 -0.141721 12.344017 4.210123 5.777157 -5.88211 9.861291 0.702592 -10.93688 -0.360575 7.156209 1e-06 8.774831 -1e-06 -15.931509 17.78734 6.026303 -1.844034 2.498507 -2.50728 -10.163607 4.678948 4.621111 -20.97604 -4e-06 2e-06 -21.226303 2.451696 -3.594003 1e-06 -7e-06 -1e-06 -1.362681 2.240798 -0.746324 -21.334929 0.58491 3.008324 -13.821224 -3e-06 0.0 -23.887188 -0.249079 -0.839485 -59.735283 2.424142 -0.968684 -0.294025 1.679688 0.833259 -14.218219 0.093216 1.300581 -34.212074 -0.287565 0.967171 -20.033226 0.964536 1.212843 -0.0 2e-06 -1e-06 -3.44039 0.788232 0.501656 -15.928196 -3.167312 2.999707 -6.33883 -2e-06 -0.0 -18.123457 3.648183 -4.905673 -6e-06 -0.0 -3e-06 13.929977 20.255148 19.716822 60.240597 3.148673 7.58441 -0.285197 40.141006 0.090802 -5.626772 -2.362633 10.599915 2.243542 -5.255037 -3.180158 14.282896 -0.826595 6.952506 -3e-06 -12.690609 1e-06 16.002989 -17.525257 2.737525 1.665667 -1.955922 -2.878301 4.727801 -4.17059 4.993926 11.02053 3e-06 -1e-06 12.109056 -3.735717 -2.866786 1e-06 -0.0 0.0 1.291986 -1.92855 -1.498089 14.800132 0.567469 3.86561 14.242577 -1.341736 -6.66066 19.631975 0.143925 -0.648243 49.831364 -0.657322 -6.200844 0.353029 -1.511151 -0.03194 20.222799 3.684311 2.316631 18.787279 5e-06 -0.0 10.751633 -0.479869 1.397906 0.0 1e-06 -1e-06 3.273807 0.305948 -0.580112 21.48682 11.83038 2.266134 8.16293 1e-06 1e-06 18.399088 -3.798986 -4.940577 2e-06 -1e-06 -3e-06 3.622283 7.894709 -5.208029 -0.112885 -0.131764 12.200695 -7.547146 3.317088 -2.80999 1.647625 -1.973664 0.932624 0.0 -0.0 2e-06 -8.481754 -8.308562 -1.780516 0.007563 0.081604 13.326877 9.330826 -0.997826 -6.303368 -1.439976 1.081458 1.178755 0.0 0.0 -1e-06 
0.0 0.0 0.0 0.0 -0.0 0.0 2.624618 99.505096 2.736837 1.513696 2.375971 -3.137857 0.09582 -0.014122 2.061906 -0.370552 0.163313 -5.069079 -1.614784 -1.930444 12.084426 2.74134 0.506657 30.94282 -0.645689 0.334248 -3.957983 -2.063065 0.075874 -26.747555 7.7e-05 -2.3e-05 6e-06 0.018286 -0.012097 0.159873 0.543323 -3.757014 -10.517862 -0.509943 3.745167 -10.467849 -21.295113 -13.656413 20.691223 -53.577923 -2.515772 3.793626 0.715855 -37.889217 -0.100814 12.365561 4.168625 5.7286 -5.882113 9.861295 0.702591 -10.936883 -0.360573 7.156214 0.0 8.774835 -1e-06 -15.93365 17.796162 6.026665 -1.844035 2.498507 -2.50728 -10.163612 4.678951 4.621112 -20.976048 -1e-06 1e-06 -21.226313 2.451702 -3.594004 1e-06 -7e-06 -1e-06 -1.362684 2.240801 -0.746324 -21.33494 0.584913 3.008324 -13.821231 -1e-06 1e-06 -23.887201 -0.249078 -0.839487 -59.734142 2.423867 -0.970263 -0.294025 1.679689 0.833256 -14.218225 0.093217 1.300581 -34.212086 -0.287561 0.967168 -20.033236 0.96454 1.212843 1e-06 1e-06 -1e-06 -3.440392 0.788234 0.501657 -15.928203 -3.16731 2.999708 -6.338834 -0.0 1e-06 -18.12347 3.648188 -4.905677 -5e-06 -0.0 -2e-06 13.901315 20.235937 19.738007 60.20977 3.187555 7.593906 -0.297685 40.005871 0.073061 -5.669305 -2.343394 10.669604 2.243544 -5.255041 -3.180159 14.2829 -0.826597 6.952505 -1e-06 -12.690614 -0.0 16.004051 -17.526518 2.740243 1.665667 -1.955923 -2.878299 4.727801 -4.170591 4.993925 11.020534 2e-06 -1e-06 12.109059 -3.73572 -2.866785 0.0 -0.0 0.0 1.291987 -1.928552 -1.498089 14.800138 0.567467 3.86561 14.242582 -1.341739 -6.660663 19.631981 0.143926 -0.648247 49.818729 -0.655206 -6.202581 0.353029 -1.511152 -0.03194 20.222803 3.684309 2.316629 18.787287 3e-06 -3e-06 10.751636 -0.47987 1.397906 1e-06 0.0 -0.0 3.273809 0.305947 -0.58011 21.486826 11.83038 2.266134 8.162933 1e-06 -1e-06 18.399094 -3.798989 -4.940581 2e-06 -1e-06 -2e-06 3.63849 7.862898 -5.196606 -0.107705 -0.127407 12.170337 -7.565042 3.347419 -2.784036 1.648247 -1.982734 0.896629 0.0 0.0 2e-06 -8.460542 -8.308148 -1.770783 0.00894 0.083598 13.308167 9.309156 -1.028725 -6.312642 -1.440183 1.080478 1.175246 0.0 0.0 -1e-06 
0.0 0.0 0.0 0.0 -0.0 0.0 2.61486 99.504349 2.76473 1.504689 2.389004 -3.125176 0.099584 -0.006471 2.060089 -0.367378 0.17064 -5.07987 -1.616944 -1.94157 12.082477 2.735644 0.530182 30.948889 -0.634997 0.3206 -3.946605 -1.97747 0.080066 -26.771162 7.7e-05 -2.3e-05 6e-06 0.017146 -0.004155 0.159126 0.541624 -3.747275 -10.515359 -0.510633 3.751763 -10.466934 -21.315821 -13.657537 20.691614 -53.596413 -2.513339 3.692042 0.664845 -37.985184 -0.072792 12.401726 4.149067 5.727429 -5.882111 9.861293 0.702591 -10.936881 -0.360576 7.156209 2e-06 8.774833 -1e-06 -15.923512 17.79995 6.022069 -1.844034 2.498506 -2.507279 -10.163608 4.678947 4.621111 -20.976044 -6e-06 -0.0 -21.226305 2.451695 -3.594004 1e-06 -6e-06 -1e-06 -1.362681 2.240799 -0.746325 -21.334934 0.584908 3.008321 -13.821225 -4e-06 0.0 -23.887194 -0.249083 -0.839486 -59.735435 2.418999 -0.978114 -0.294025 1.679689 0.833255 -14.218223 0.093215 1.300578 -34.212082 -0.28757 0.967169 -20.033232 0.964534 1.212845 -0.0 2e-06 -1e-06 -3.440391 0.788234 0.501656 -15.928201 -3.167313 2.999707 -6.338832 -1e-06 -0.0 -18.123463 3.648183 -4.905677 -6e-06 -0.0 -2e-06 13.880001 20.205053 19.744925 60.18586 3.186429 7.567873 -0.282825 39.904804 0.071537 -5.712958 -2.31626 10.663512 2.243543 -5.25504 -3.180157 14.282898 -0.826595 6.952506 -3e-06 -12.690612 1e-06 15.990761 -17.51531 2.745342 1.665666 -1.955922 -2.8783 4.727801 -4.170589 4.993924 11.020535 3e-06 -1e-06 12.109059 -3.735717 -2.866786 0.0 -0.0 0.0 1.291986 -1.92855 -1.498091 14.800138 0.567469 3.86561 14.242579 -1.341736 -6.660663 19.631975 0.143928 -0.648245 49.792751 -0.649506 -6.198133 0.353029 -1.511151 -0.031939 20.222803 3.684315 2.316632 18.787283 5e-06 0.0 10.751635 -0.479868 1.397907 1e-06 -0.0 -0.0 3.27381 0.305947 -0.58011 21.486828 11.830384 2.266131 8.16293 3e-06 -2e-06 18.399096 -3.798984 -4.940579 2e-06 -0.0 -3e-06 3.653594 7.827657 -5.204136 -0.108606 -0.129635 12.189023 -7.574769 3.376053 -2.806805 1.648143 -1.992062 0.903934 0.0 -0.0 2e-06 -8.444292 -8.299037 -1.75799 0.010969 0.078353 13.298183 9.302799 -1.05343 -6.336471 -1.43848 1.076492 1.193894 0.0 0.0 -1e-06 
0.0 0.0 0.0 0.0 -0.0 0.0 2.611294 99.500244 2.79313 1.490479 2.395746 -3.1078 0.104999 -0.002762 2.052545 -0.365448 0.171509 -5.089648 -1.619018 -1.944674 12.077435 2.731471 0.544577 30.934555 -0.62787 0.32285 -3.941154 -1.896265 0.086736 -26.773994 7.7e-05 -2.2e-05 6e-06 0.016099 0.004965 0.157425 0.539919 -3.737248 -10.514007 -0.511089 3.760403 -10.466476 -21.335251 -13.642822 20.722437 -53.638466 -2.528836 3.549494 0.620714 -38.072823 -0.042819 12.461805 4.138702 5.774875 -5.882111 9.861292 0.702595 -10.936883 -0.360576 7.156211 2e-06 8.774833 1e-06 -15.912561 17.798281 6.017348 -1.844035 2.498505 -2.507281 -10.163611 4.678948 4.62111 -20.976049 -9e-06 1e-06 -21.226309 2.451694 -3.594002 2e-06 -6e-06 -1e-06 -1.362683 2.2408 -0.746326 -21.334938 0.584906 3.008323 -13.821229 -6e-06 1e-06 -23.887201 -0.249087 -0.839483 -59.722534 2.415113 -0.989941 -0.294025 1.679688 0.833258 -14.218225 0.093213 1.30058 -34.212086 -0.287571 0.96717 -20.033236 0.964533 1.212846 -0.0 1e-06 -0.0 -3.440392 0.788233 0.501657 -15.928205 -3.167315 2.999706 -6.338833 -3e-06 -1e-06 -18.123466 3.648182 -4.905674 -5e-06 -0.0 -2e-06 13.858031 20.170895 19.722187 60.171455 3.146764 7.506621 -0.240779 39.843353 0.074494 -5.740179 -2.282185 10.687859 2.243543 -5.255038 -3.180156 14.2829 -0.826593 6.952506 -5e-06 -12.690609 1e-06 15.979648 -17.502254 2.746613 1.665668 -1.955922 -2.878299 4.7278 -4.170589 4.993925 11.020534 4e-06 0.0 12.109058 -3.735716 -2.866785 0.0 -0.0 0.0 1.291985 -1.92855 -1.49809 14.800139 0.567469 3.86561 14.242579 -1.341735 -6.66066 19.631977 0.143929 -0.648243 49.75906 -0.644304 -6.192926 0.353028 -1.511151 -0.03194 20.222803 3.684315 2.316632 18.787287 8e-06 1e-06 10.751634 -0.479867 1.397907 0.0 0.0 1e-06 3.273808 0.305948 -0.580111 21.486828 11.830384 2.266137 8.16293 3e-06 -0.0 18.399092 -3.798984 -4.940577 2e-06 -0.0 -2e-06 3.670528 7.804845 -5.239101 -0.109351 -0.13359 12.255523 -7.571635 3.401289 -2.864493 1.648022 -1.996979 0.933164 0.0 -0.0 2e-06 -8.424376 -8.273705 -1.761896 0.013833 0.071317 13.308847 9.306412 -1.086232 -6.37386 -1.436677 1.076706 1.223609 0.0 0.0 -1e-06 
0.0 0.0 0.0 0.0 -0.0 0.0 2.605882 99.504211 2.819897 1.467221 2.391074 -3.07545 0.115901 -0.006464 2.039602 -0.363647 0.165999 -5.095881 -1.624465 -1.945412 12.049547 2.723384 0.554001 30.913263 -0.62278 0.341649 -3.939041 -1.820898 0.09187 -26.771191 7.7e-05 -2.3e-05 6e-06 0.015558 0.009973 0.156298 0.538954 -3.73272 -10.513341 -0.511165 3.766055 -10.465581 -21.358227 -13.612314 20.743979 -53.671703 -2.517142 3.429493 0.575463 -38.137417 -0.017536 12.52829 4.134371 5.882741 -5.882105 9.861286 0.702592 -10.936875 -0.360577 7.156205 2e-06 8.774826 -0.0 -15.908008 17.799894 6.020397 -1.844032 2.498504 -2.507278 -10.163603 4.678944 4.621108 -20.976027 -8e-06 3e-06 -21.22629 2.451694 -3.593996 1e-06 -7e-06 -1e-06 -1.362683 2.240798 -0.746325 -21.334921 0.584906 3.008323 -13.821217 -5e-06 4e-06 -23.887178 -0.249082 -0.839478 -59.708736 2.406671 -0.994311 -0.294025 1.679687 0.833256 -14.218214 0.093212 1.300581 -34.212063 -0.287569 0.967173 -20.033218 0.964533 1.212845 -0.0 1e-06 -1e-06 -3.44039 0.788234 0.501655 -15.928191 -3.167313 2.999707 -6.338829 -2e-06 1e-06 -18.123453 3.648182 -4.905671 -5e-06 -0.0 -2e-06 13.843266 20.162598 19.681589 60.166584 3.059766 7.485551 -0.234587 39.815338 0.059417 -5.729695 -2.247899 10.689355 2.243541 -5.255035 -3.180156 14.282892 -0.826591 6.9525 -6e-06 -12.690605 1e-06 15.971953 -17.489153 2.749006 1.665666 -1.95592 -2.878298 4.727798 -4.170587 4.993925 11.020528 6e-06 -2e-06 12.109054 -3.735713 -2.866783 0.0 0.0 1e-06 1.291987 -1.928549 -1.498088 14.800131 0.567471 3.865605 14.242577 -1.341733 -6.660657 19.631973 0.143932 -0.648245 49.733006 -0.641649 -6.190204 0.353028 -1.51115 -0.031938 20.222795 3.684315 2.316628 18.787279 9e-06 0.0 10.751631 -0.479866 1.397905 0.0 -0.0 -0.0 3.273808 0.305948 -0.580111 21.48682 11.830381 2.26613 8.16293 4e-06 -2e-06 18.399088 -3.798981 -4.940576 2e-06 -0.0 -3e-06 3.696325 7.800605 -5.261986 -0.106704 -0.134931 12.264811 -7.557561 3.404712 -2.895384 1.64714 -1.992584 0.965165 0.0 -0.0 2e-06 -8.388144 -8.250873 -1.751892 0.01463 0.070544 13.247745 9.291708 -1.122418 -6.36095 -1.434389 1.074854 1.251397 0.0 0.0 -1e-06 
0.0 0.0 0.0 0.0 -0.0 0.0 2.602797 99.507492 2.849329 1.43977 2.392524 -3.042509 0.130887 -0.018288 2.028509 -0.363 0.16423 -5.100317 -1.636015 -1.947938 12.010782 2.720144 0.556176 30.888311 -0.629657 0.360719 -3.938625 -1.748469 0.089921 -26.781883 7.7e-05 -2.2e-05 6e-06 0.015246 0.008052 0.155144 0.53846 -3.735602 -10.514947 -0.511168 3.765128 -10.466341 -21.368975 -13.58015 20.76544 -53.707882 -2.48306 3.358543 0.562638 -38.186001 -0.011712 12.584686 4.126083 5.951431 -5.882109 9.861288 0.70259 -10.936877 -0.360574 7.156208 1e-06 8.774828 -2e-06 -15.904311 17.792131 6.031089 -1.844034 2.498506 -2.507279 -10.163604 4.678946 4.621111 -20.976032 -3e-06 3e-06 -21.226295 2.451697 -3.594001 1e-06 -6e-06 0.0 -1.362683 2.240798 -0.746324 -21.334927 0.58491 3.008325 -13.82122 -3e-06 1e-06 -23.887184 -0.24908 -0.839484 -59.715492 2.397531 -0.980478 -0.294024 1.679688 0.833256 -14.218215 0.093215 1.30058 -34.212067 -0.287565 0.967169 -20.033222 0.964535 1.212845 -0.0 1e-06 -1e-06 -3.440391 0.788233 0.501655 -15.928198 -3.16731 2.999708 -6.33883 -1e-06 1e-06 -18.123459 3.648183 -4.905673 -4e-06 -0.0 -1e-06 13.846919 20.178185 19.655088 60.163826 2.939141 7.481945 -0.24293 39.853561 0.049388 -5.712269 -2.245239 10.733172 2.243543 -5.255037 -3.180157 14.282894 -0.826596 6.9525 -1e-06 -12.690605 -0.0 15.973929 -17.486927 2.755085 1.665668 -1.955922 -2.878298 4.727801 -4.170588 4.993923 11.020529 2e-06 1e-06 12.109056 -3.735717 -2.866782 0.0 0.0 0.0 1.291986 -1.92855 -1.49809 14.800129 0.567468 3.865609 14.242574 -1.341738 -6.660657 19.631969 0.143923 -0.648244 49.714615 -0.637862 -6.192468 0.353029 -1.511151 -0.03194 20.222795 3.684309 2.31663 18.787279 3e-06 -0.0 10.751632 -0.479869 1.397906 0.0 0.0 -0.0 3.273807 0.305947 -0.58011 21.486814 11.830376 2.266131 8.162929 0.0 -1e-06 18.399088 -3.798987 -4.94058 2e-06 -0.0 -3e-06 3.725791 7.791155 -5.292437 -0.106199 -0.136411 12.289669 -7.536511 3.396832 -2.930315 1.646856 -1.994654 0.991116 -0.0 -0.0 2e-06 -8.348388 -8.231972 -1.73696 0.013595 0.071054 13.181749 9.262279 -1.171171 -6.337817 -1.432137 1.071302 1.285307 0.0 0.0 -1e-06 
0.0 0.0 0.0 0.0 -0.0 0.0 2.597389 99.515205 2.878974 1.406215 2.401072 -3.018864 0.149701 -0.03311 2.027831 -0.36069 0.160824 -5.099391 -1.651986 -1.962049 11.958315 2.722792 0.54823 30.874222 -0.638672 0.388897 -3.94105 -1.701886 0.106201 -26.82159 7.7e-05 -2.2e-05 6e-06 0.01546 0.005167 0.153194 0.538708 -3.739934 -10.516222 -0.51084 3.763586 -10.466789 -21.376822 -13.551205 20.807831 -53.753437 -2.441157 3.275282 0.57093 -38.230145 -0.01661 12.621612 4.119223 5.959474 -5.88211 9.861293 0.702593 -10.93688 -0.360575 7.15621 0.0 8.774833 -1e-06 -15.899259 17.789248 6.039282 -1.844034 2.498505 -2.507279 -10.16361 4.678948 4.621113 -20.97604 -3e-06 5e-06 -21.226301 2.4517 -3.593999 1e-06 -6e-06 0.0 -1.362682 2.240799 -0.746324 -21.33493 0.584909 3.008325 -13.821225 -2e-06 3e-06 -23.887192 -0.249079 -0.839481 -59.724625 2.389571 -0.958269 -0.294024 1.679688 0.833256 -14.218221 0.093214 1.300582 -34.212074 -0.287563 0.967174 -20.03323 0.964538 1.212845 -0.0 1e-06 -1e-06 -3.440391 0.788233 0.501656 -15.928201 -3.167312 2.99971 -6.338831 -1e-06 -0.0 -18.123459 3.648185 -4.905673 -5e-06 -0.0 -2e-06 13.869332 20.208254 19.661942 60.16412 2.81292 7.475697 -0.243646 39.948002 0.054579 -5.706594 -2.275204 10.765038 2.243544 -5.255039 -3.180159 14.282902 -0.826595 6.952507 -3e-06 -12.690611 1e-06 15.974815 -17.491144 2.759969 1.665666 -1.955922 -2.878301 4.727803 -4.170591 4.993926 11.020535 3e-06 0.0 12.109059 -3.735719 -2.866783 0.0 -0.0 1e-06 1.291986 -1.928551 -1.498091 14.800139 0.567468 3.865609 14.242582 -1.341738 -6.660659 19.631985 0.143926 -0.648244 49.701092 -0.632403 -6.192236 0.353029 -1.511151 -0.03194 20.222805 3.68431 2.31663 18.787289 5e-06 0.0 10.751636 -0.479869 1.397907 1e-06 0.0 1e-06 3.27381 0.305947 -0.580112 21.486832 11.83038 2.266133 8.162934 2e-06 -2e-06 18.399097 -3.798986 -4.940577 3e-06 -0.0 -3e-06 3.764899 7.776901 -5.29471 -0.108075 -0.140435 12.27525 -7.527497 3.378939 -2.928504 1.648203 -1.999967 1.004497 0.0 -1e-06 2e-06 -8.300469 -8.206232 -1.684226 0.012002 0.070299 13.062037 9.241318 -1.236646 -6.286458 -1.430584 1.067347 1.310416 0.0 0.0 -1e-06 
0.0 0.0 0.0 0.0 -0.0 0.0 2.596646 99.529198 2.909972 1.373818 2.401902 -3.001058 0.163965 -0.045297 2.032401 -0.355675 0.161412 -5.097927 -1.674375 -1.982229 11.901479 2.728624 0.517781 30.881788 -0.638295 0.446091 -3.941475 -1.686533 0.138762 -26.867443 7.7e-05 -2.2e-05 6e-06 0.016152 0.002513 0.151167 0.540571 -3.744839 -10.520423 -0.511139 3.763034 -10.470466 -21.388901 -13.527331 20.855053 -53.785992 -2.375775 3.213565 0.602804 -38.278179 -0.035182 12.632217 4.118555 5.994747 -5.882108 9.861288 0.702592 -10.936877 -0.360576 7.156208 1e-06 8.77483 -0.0 -15.871973 17.780996 6.055039 -1.844033 2.498504 -2.507279 -10.163604 4.678946 4.62111 -20.976034 -5e-06 1e-06 -21.226299 2.451696 -3.593999 2e-06 -6e-06 -1e-06 -1.362681 2.240798 -0.746323 -21.334925 0.584909 3.008323 -13.82122 -4e-06 1e-06 -23.887182 -0.249082 -0.839483 -59.717007 2.380068 -0.929298 -0.294024 1.679689 0.833257 -14.218216 0.093214 1.30058 -34.21207 -0.287567 0.967171 -20.033226 0.964533 1.212844 -0.0 2e-06 -0.0 -3.44039 0.788233 0.501655 -15.928192 -3.167312 2.999705 -6.338829 -1e-06 0.0 -18.123457 3.648182 -4.905671 -4e-06 -0.0 -1e-06 13.893138 20.236231 19.682768 60.1842 2.714867 7.488579 -0.256726 40.021214 0.062253 -5.692023 -2.292374 10.762086 2.243542 -5.25504 -3.180159 14.282901 -0.826597 6.952507 -3e-06 -12.690614 2e-06 15.984631 -17.49197 2.769221 1.665667 -1.955922 -2.878299 4.727801 -4.170591 4.993926 11.020534 3e-06 -1e-06 12.109058 -3.735717 -2.866786 0.0 0.0 0.0 1.291986 -1.92855 -1.498089 14.800139 0.567468 3.865611 14.242582 -1.341736 -6.660661 19.631979 0.143926 -0.648245 49.714146 -0.632741 -6.187638 0.353029 -1.511151 -0.03194 20.222805 3.684313 2.316631 18.787289 6e-06 -1e-06 10.751637 -0.479868 1.397907 1e-06 0.0 1e-06 3.273809 0.305946 -0.580113 21.486828 11.830384 2.266131 8.162933 2e-06 0.0 18.399096 -3.798986 -4.94058 2e-06 -0.0 -2e-06 3.799473 7.753908 -5.257155 -0.109942 -0.149548 12.197996 -7.522444 3.370244 -2.903801 1.649336 -1.999837 1.010711 0.0 -0.0 2e-06 -8.257071 -8.179658 -1.59423 0.010104 0.072226 12.877295 9.223145 -1.292201 -6.211447 -1.430635 1.067637 1.308254 0.0 0.0 -1e-06 
0.0 0.0 0.0 0.0 -0.0 0.0 2.599144 99.542351 2.939657 1.349927 2.410793 -2.982971 0.172014 -0.052159 2.034916 -0.354601 0.158879 -5.096895 -1.698734 -2.002654 11.852451 2.734643 0.480759 30.884199 -0.620932 0.512663 -3.938834 -1.70621 0.173008 -26.909367 7.7e-05 -2.3e-05 6e-06 0.017167 0.003051 0.150852 0.541625 -3.746495 -10.523104 -0.510045 3.765499 -10.473042 -21.390827 -13.510198 20.889561 -53.808083 -2.30074 3.190573 0.648735 -38.323498 -0.069609 12.615952 4.118742 6.051959 -5.882108 9.861288 0.702591 -10.936877 -0.360576 7.156211 2e-06 8.77483 0.0 -15.843739 17.770027 6.066055 -1.844033 2.498505 -2.507278 -10.163606 4.678946 4.621111 -20.976036 -7e-06 4e-06 -21.226297 2.451694 -3.594001 1e-06 -7e-06 -1e-06 -1.362682 2.240799 -0.746324 -21.334927 0.584908 3.008325 -13.821221 -4e-06 2e-06 -23.887184 -0.249082 -0.839483 -59.69067 2.365321 -0.909531 -0.294024 1.679688 0.833257 -14.218217 0.093213 1.300579 -34.212067 -0.287569 0.967175 -20.033228 0.964536 1.212847 -0.0 2e-06 -0.0 -3.440389 0.788233 0.501656 -15.928196 -3.167313 2.999708 -6.33883 -2e-06 2e-06 -18.123457 3.648182 -4.905673 -5e-06 -0.0 -2e-06 13.914855 20.263016 19.694653 60.211567 2.638892 7.523378 -0.263749 40.068848 0.066335 -5.672033 -2.278759 10.772468 2.243541 -5.255038 -3.180161 14.282896 -0.826594 6.952507 -3e-06 -12.690609 1e-06 15.996906 -17.492825 2.782978 1.665666 -1.955922 -2.878301 4.727801 -4.170589 4.993927 11.02053 4e-06 2e-06 12.109056 -3.735717 -2.866784 0.0 0.0 0.0 1.291985 -1.92855 -1.49809 14.800136 0.567469 3.865611 14.242577 -1.341736 -6.660659 19.631973 0.143925 -0.648242 49.756725 -0.639655 -6.177871 0.35303 -1.511152 -0.031938 20.222801 3.684312 2.316634 18.787283 3e-06 3e-06 10.751633 -0.479869 1.397909 -0.0 -0.0 -0.0 3.273806 0.305948 -0.580109 21.486824 11.830382 2.266137 8.16293 2e-06 1e-06 18.399088 -3.798988 -4.940573 2e-06 -0.0 -3e-06 3.822247 7.720898 -5.220229 -0.113401 -0.157772 12.117809 -7.514556 3.367853 -2.886253 1.650462 -1.994162 1.029918 0.0 -0.0 2e-06 -8.223602 -8.139904 -1.510417 0.00755 0.071433 12.707173 9.213414 -1.364455 -6.168745 -1.431756 1.071033 1.292723 0.0 0.0 -1e-06 
0.0 0.0 0.0 0.0 -0.0 0.0 2.603293 99.554977 2.962931 1.33249 2.420258 -2.955831 0.172561 -0.052288 2.032709 -0.35536 0.146511 -5.099378 -1.713167 -2.006365 11.813888 2.744427 0.435835 30.883011 -0.603888 0.573169 -3.939089 -1.734972 0.199627 -26.955523 7.7e-05 -2.3e-05 6e-06 0.017972 0.005728 0.152707 0.541124 -3.745196 -10.521096 -0.507785 3.769149 -10.470354 -21.396149 -13.517415 20.909513 -53.823399 -2.215029 3.176796 0.69853 -38.360851 -0.111032 12.591525 4.115819 6.13394 -5.882111 9.861293 0.702592 -10.936881 -0.360575 7.156209 1e-06 8.774832 -0.0 -15.82598 17.771957 6.076745 -1.844035 2.498506 -2.50728 -10.16361 4.678948 4.621112 -20.976044 -5e-06 1e-06 -21.226305 2.451698 -3.594 2e-06 -6e-06 -1e-06 -1.362684 2.2408 -0.746325 -21.334936 0.584909 3.008322 -13.821229 -3e-06 1e-06 -23.887196 -0.24908 -0.839482 -59.669891 2.346419 -0.899636 -0.294024 1.67969 0.833258 -14.218224 0.093215 1.300579 -34.21209 -0.287566 0.967167 -20.033236 0.964535 1.212842 -0.0 2e-06 -1e-06 -3.440392 0.788234 0.501656 -15.928203 -3.167312 2.999708 -6.338833 -1e-06 -1e-06 -18.123466 3.648185 -4.905674 -4e-06 -0.0 -1e-06 13.937082 20.272615 19.689178 60.222904 2.57446 7.63053 -0.28796 40.109051 0.05889 -5.656217 -2.275965 10.805596 2.243543 -5.255037 -3.180158 14.282894 -0.826593 6.952503 -4e-06 -12.690605 -0.0 16.017721 -17.503922 2.791784 1.665665 -1.955921 -2.8783 4.727799 -4.170586 4.993924 11.020528 5e-06 0.0 12.109053 -3.735714 -2.866784 0.0 0.0 1e-06 1.291985 -1.928549 -1.498089 14.800132 0.567469 3.865607 14.242576 -1.341736 -6.660655 19.631971 0.143927 -0.648244 49.814117 -0.642777 -6.17048 0.353028 -1.51115 -0.031941 20.222797 3.684312 2.31663 18.787279 7e-06 2e-06 10.751631 -0.479866 1.397906 1e-06 -1e-06 1e-06 3.273808 0.305947 -0.58011 21.48682 11.830378 2.266131 8.16293 2e-06 -1e-06 18.399084 -3.798983 -4.940576 2e-06 -0.0 -1e-06 3.834042 7.680707 -5.197935 -0.114389 -0.159143 12.038526 -7.513598 3.39496 -2.866141 1.650864 -1.987195 1.050283 -0.0 -0.0 2e-06 -8.195345 -8.095086 -1.450656 0.004985 0.07377 12.557473 9.192597 -1.435227 -6.120118 -1.433791 1.073917 1.273004 0.0 0.0 -1e-06 
0.0 0.0 0.0 0.0 -0.0 0.0 2.60847 99.563828 2.972539 1.324785 2.436318 -2.925956 0.166704 -0.051317 2.031496 -0.359597 0.130044 -5.099467 -1.719133 -1.992756 11.796943 2.761102 0.402281 30.858658 -0.612147 0.617729 -3.940396 -1.738293 0.205874 -26.969038 7.7e-05 -2.3e-05 6e-06 0.018485 0.007041 0.153855 0.540176 -3.744358 -10.519841 -0.505782 3.770778 -10.468372 -21.39463 -13.538761 20.910585 -53.832508 -2.134649 3.111726 0.705688 -38.396915 -0.120936 12.578398 4.091231 6.215122 -5.882106 9.861284 0.70259 -10.936871 -0.360575 7.156203 1e-06 8.774824 -1e-06 -15.813909 17.770363 6.091417 -1.844033 2.498504 -2.507277 -10.1636 4.678944 4.621107 -20.976027 -4e-06 1e-06 -21.226292 2.451694 -3.594003 1e-06 -6e-06 -1e-06 -1.362682 2.240798 -0.746322 -21.334915 0.584909 3.00832 -13.821216 -3e-06 -0.0 -23.887175 -0.249081 -0.839485 -59.648979 2.343188 -0.886465 -0.294024 1.679687 0.833256 -14.218209 0.093215 1.300578 -34.212051 -0.287567 0.967167 -20.033215 0.964533 1.212842 -1e-06 2e-06 -0.0 -3.440389 0.788234 0.501655 -15.928187 -3.16731 2.999704 -6.338827 -1e-06 -0.0 -18.123449 3.648182 -4.905672 -5e-06 0.0 -1e-06 13.94755 20.269419 19.69338 60.237209 2.539662 7.75321 -0.328194 40.142502 0.045245 -5.656743 -2.259016 10.811749 2.243539 -5.255034 -3.180159 14.282885 -0.826593 6.952502 -2e-06 -12.6906 -0.0 16.041569 -17.513939 2.791258 1.665665 -1.95592 -2.878297 4.727797 -4.170586 4.993923 11.02052 2e-06 -0.0 12.109046 -3.735716 -2.866781 0.0 0.0 0.0 1.291985 -1.928549 -1.49809 14.80012 0.567469 3.865608 14.242563 -1.341737 -6.660651 19.631954 0.143925 -0.648243 49.855534 -0.640954 -6.173733 0.353028 -1.51115 -0.031941 20.222782 3.684308 2.316631 18.787266 3e-06 3e-06 10.751622 -0.479868 1.397907 -0.0 0.0 -1e-06 3.273804 0.305947 -0.580112 21.486801 11.830369 2.266136 8.162924 2e-06 1e-06 18.399075 -3.798985 -4.940573 2e-06 -0.0 -2e-06 3.832473 7.643817 -5.200864 -0.114281 -0.156811 11.983887 -7.52135 3.452557 -2.859549 1.65248 -1.977361 1.055473 0.0 -0.0 2e-06 -8.177859 -8.051579 -1.429559 0.003755 0.079083 12.465939 9.159913 -1.492539 -6.089845 -1.436336 1.077382 1.249606 0.0 0.0 -1e-06 
0.0 0.0 0.0 0.0 -0.0 0.0 2.616717 99.566719 2.968609 1.324451 2.45556 -2.891927 0.161272 -0.050533 2.032969 -0.364536 0.118212 -5.097288 -1.723091 -1.970518 11.798506 2.774293 0.384271 30.827473 -0.624896 0.627076 -3.943453 -1.75094 0.194505 -26.995146 7.7e-05 -2.3e-05 6e-06 0.01919 0.006489 0.15515 0.538513 -3.744437 -10.519548 -0.502755 3.769521 -10.467474 -21.386839 -13.557425 20.923487 -53.83353 -2.105767 3.017452 0.689417 -38.425476 -0.102219 12.570322 4.069323 6.305564 -5.882109 9.861288 0.70259 -10.936877 -0.360575 7.156206 1e-06 8.774828 -1e-06 -15.827038 17.775658 6.105294 -1.844033 2.498505 -2.507277 -10.163604 4.678947 4.621109 -20.976036 -3e-06 2e-06 -21.226295 2.451697 -3.594002 2e-06 -7e-06 -1e-06 -1.362682 2.240799 -0.746322 -21.334925 0.584909 3.008324 -13.821221 -3e-06 1e-06 -23.887182 -0.24908 -0.839482 -59.67371 2.354676 -0.872387 -0.294025 1.679688 0.833257 -14.218214 0.093215 1.300578 -34.212063 -0.287565 0.967171 -20.033222 0.964535 1.212843 -0.0 2e-06 -0.0 -3.440389 0.788233 0.501657 -15.928191 -3.16731 2.999707 -6.338828 -2e-06 -0.0 -18.123453 3.648181 -4.905673 -5e-06 -0.0 -1e-06 13.938124 20.258451 19.690601 60.283966 2.534356 7.825982 -0.35465 40.149555 0.041855 -5.669807 -2.219658 10.832451 2.243542 -5.255037 -3.180158 14.282896 -0.826596 6.952502 -2e-06 -12.690607 0.0 16.053741 -17.526512 2.793597 1.665668 -1.955922 -2.878298 4.7278 -4.170588 4.993924 11.020529 3e-06 -1e-06 12.109055 -3.735717 -2.866786 0.0 0.0 0.0 1.291986 -1.928549 -1.49809 14.800132 0.567467 3.865609 14.242576 -1.341738 -6.66066 19.631971 0.143924 -0.648245 49.881653 -0.635125 -6.170932 0.35303 -1.511151 -0.031941 20.222795 3.684309 2.31663 18.787279 4e-06 -0.0 10.751629 -0.479869 1.397905 1e-06 -0.0 -1e-06 3.273808 0.305947 -0.580112 21.486816 11.830376 2.266132 8.16293 1e-06 -1e-06 18.399088 -3.798985 -4.940578 2e-06 -0.0 -2e-06 3.819052 7.608222 -5.243828 -0.113911 -0.151219 11.982398 -7.533733 3.498909 -2.886049 1.653839 -1.967132 1.043471 -0.0 -0.0 2e-06 -8.169897 -8.009003 -1.457849 0.001935 0.080539 12.44986 9.130274 -1.533748 -6.101932 -1.438912 1.080196 1.219845 0.0 0.0 -1e-06 
0.0 0.0 0.0 0.0 -0.0 0.0 2.625726 99.571007 2.953252 1.332744 2.468265 -2.860426 0.155789 -0.052053 2.038913 -0.371039 0.119984 -5.094084 -1.733109 -1.955585 11.815103 2.784202 0.382368 30.793926 -0.644307 0.600811 -3.942166 -1.753753 0.172025 -27.053179 7.7e-05 -2.3e-05 6e-06 0.020438 -0.001859 0.157119 0.539859 -3.75075 -10.516896 -0.501669 3.75892 -10.463646 -21.378572 -13.56359 20.948582 -53.827816 -2.124574 2.953603 0.682509 -38.43837 -0.076906 12.593263 4.078744 6.364678 -5.882109 9.861288 0.70259 -10.936877 -0.360574 7.156206 1e-06 8.774827 -0.0 -15.853095 17.792715 6.117946 -1.844034 2.498505 -2.507279 -10.163604 4.678946 4.621109 -20.976034 -5e-06 1e-06 -21.226295 2.451697 -3.593999 1e-06 -6e-06 -1e-06 -1.362681 2.240798 -0.746324 -21.334925 0.584911 3.008323 -13.82122 -2e-06 2e-06 -23.88718 -0.249078 -0.839483 -59.720547 2.384093 -0.873426 -0.294025 1.679689 0.833254 -14.218216 0.093215 1.300579 -34.212067 -0.287564 0.96717 -20.033222 0.964537 1.212843 -0.0 1e-06 -0.0 -3.44039 0.788234 0.501656 -15.928192 -3.16731 2.999708 -6.338829 -1e-06 -0.0 -18.123457 3.648182 -4.90567 -5e-06 0.0 -2e-06 13.912378 20.25769 19.682177 60.353928 2.555253 7.887144 -0.377515 40.149509 0.044092 -5.685024 -2.199933 10.875992 2.243541 -5.255037 -3.180156 14.282893 -0.826593 6.952506 -3e-06 -12.690602 -1e-06 16.052431 -17.540159 2.800698 1.665665 -1.955921 -2.878299 4.727799 -4.170587 4.993924 11.020528 3e-06 1e-06 12.109052 -3.735715 -2.866785 0.0 0.0 0.0 1.291985 -1.928549 -1.498088 14.800129 0.567469 3.865609 14.242573 -1.341735 -6.660657 19.631969 0.143926 -0.648243 49.895966 -0.631015 -6.165117 0.353031 -1.511152 -0.03194 20.222795 3.684311 2.31663 18.787275 7e-06 0.0 10.751629 -0.479868 1.397907 1e-06 -1e-06 -1e-06 3.273807 0.305947 -0.580112 21.48682 11.830376 2.266135 8.16293 2e-06 0.0 18.399084 -3.798983 -4.940575 2e-06 -0.0 -2e-06 3.79459 7.566112 -5.276439 -0.112527 -0.142045 11.952972 -7.550406 3.544268 -2.885412 1.654296 -1.963381 1.017188 0.0 -0.0 2e-06 -8.176037 -7.99618 -1.494826 -0.000602 0.077541 12.439968 9.104861 -1.545325 -6.105406 -1.441349 1.081679 1.190842 -0.0 0.0 -1e-06 
0.0 0.0 0.0 0.0 -0.0 0.0 2.62818 99.575493 2.932561 1.340234 2.481003 -2.839834 0.15173 -0.047435 2.053165 -0.378383 0.131451 -5.091666 -1.743888 -1.953995 11.848224 2.789981 0.391234 30.763906 -0.658946 0.561083 -3.94058 -1.745063 0.139258 -27.140287 7.7e-05 -2.3e-05 6e-06 0.021265 -0.009149 0.158666 0.542221 -3.755582 -10.515323 -0.50251 3.74929 -10.460725 -21.36828 -13.567919 20.972614 -53.823898 -2.163831 2.91153 0.684175 -38.454319 -0.065153 12.657562 4.118636 6.360801 -5.882107 9.861286 0.702592 -10.936873 -0.360574 7.156208 -0.0 8.774826 -1e-06 -15.876241 17.81563 6.125767 -1.844032 2.498505 -2.507277 -10.163599 4.678945 4.621109 -20.976023 -2e-06 3e-06 -21.226286 2.451698 -3.593998 1e-06 -7e-06 -1e-06 -1.362683 2.240798 -0.746324 -21.334915 0.584911 3.008322 -13.821214 -1e-06 3e-06 -23.887171 -0.249076 -0.839482 -59.773289 2.414429 -0.880635 -0.294025 1.679688 0.833256 -14.21821 0.093217 1.300583 -34.212051 -0.287561 0.96717 -20.033215 0.964537 1.212844 -0.0 1e-06 -0.0 -3.440388 0.788233 0.501657 -15.928185 -3.167308 2.999709 -6.338827 -1e-06 1e-06 -18.123446 3.648185 -4.90567 -5e-06 0.0 -2e-06 13.878333 20.265617 19.679487 60.416389 2.592936 7.89265 -0.352325 40.170265 0.057998 -5.709139 -2.201977 10.958328 2.243542 -5.255037 -3.180157 14.282896 -0.826596 6.952507 -1e-06 -12.690607 1e-06 16.043283 -17.548975 2.807832 1.665667 -1.955922 -2.878299 4.7278 -4.170589 4.993925 11.020529 2e-06 0.0 12.109056 -3.735717 -2.866784 0.0 0.0 0.0 1.291986 -1.92855 -1.498092 14.800132 0.567466 3.865611 14.242577 -1.341738 -6.660658 19.631973 0.143924 -0.648247 49.912292 -0.62095 -6.154567 0.35303 -1.511151 -0.031941 20.222797 3.684309 2.31663 18.787279 3e-06 1e-06 10.75163 -0.479869 1.397905 1e-06 0.0 1e-06 3.273808 0.305947 -0.58011 21.48682 11.830377 2.266134 8.16293 2e-06 -0.0 18.39909 -3.798987 -4.940576 2e-06 -0.0 -3e-06 3.77661 7.541498 -5.29538 -0.11106 -0.138738 11.912513 -7.575068 3.568904 -2.854845 1.652778 -1.966492 0.985759 0.0 -0.0 2e-06 -8.18387 -8.020172 -1.523211 -0.00254 0.071678 12.430737 9.092827 -1.528106 -6.110255 -1.44287 1.083497 1.183153 -0.0 0.0 -1e-06 
0.0 0.0 0.0 0.0 -0.0 0.0 2.62322 99.574738 2.912192 1.354578 2.502851 -2.821427 0.140126 -0.037601 2.067555 -0.383478 0.140794 -5.088997 -1.752434 -1.957772 11.89046 2.793692 0.396554 30.748034 -0.672811 0.53546 -3.936621 -1.742888 0.100781 -27.228861 7.7e-05 -2.3e-05 6e-06 0.020856 -0.006101 0.158612 0.544341 -3.751099 -10.517409 -0.505578 3.751189 -10.461994 -21.366997 -13.565579 20.998714 -53.824356 -2.229048 2.884689 0.711497 -38.456871 -0.069278 12.741574 4.162516 6.297337 -5.882105 9.861284 0.702591 -10.936872 -0.360576 7.156203 1e-06 8.774825 -0.0 -15.885376 17.83041 6.135703 -1.844032 2.498504 -2.507277 -10.1636 4.678945 4.621106 -20.976027 -6e-06 1e-06 -21.226286 2.451694 -3.594001 2e-06 -7e-06 -1e-06 -1.362682 2.240798 -0.746323 -21.334913 0.584907 3.008321 -13.821215 -4e-06 1e-06 -23.887171 -0.249082 -0.839482 -59.836521 2.444132 -0.873967 -0.294024 1.679687 0.833256 -14.218209 0.093214 1.30058 -34.212048 -0.287568 0.967168 -20.033215 0.964533 1.212844 1e-06 2e-06 -1e-06 -3.440387 0.788232 0.501654 -15.928185 -3.16731 2.999705 -6.338826 -2e-06 -0.0 -18.123444 3.648181 -4.905671 -4e-06 -0.0 -2e-06 13.847942 20.266869 19.690857 60.454361 2.646284 7.907971 -0.328596 40.198845 0.060598 -5.742586 -2.20667 11.039573 2.243541 -5.255033 -3.180154 14.282885 -0.826592 6.952497 -4e-06 -12.690599 -0.0 16.019512 -17.543592 2.813934 1.665666 -1.955921 -2.878296 4.727797 -4.170586 4.99392 11.020522 4e-06 -0.0 12.109047 -3.735714 -2.866783 0.0 -0.0 1e-06 1.291985 -1.928547 -1.498087 14.800122 0.567469 3.865602 14.242568 -1.341734 -6.660653 19.63196 0.143927 -0.64824 49.89547 -0.610652 -6.153902 0.353028 -1.51115 -0.031938 20.222784 3.68431 2.316626 18.787266 7e-06 1e-06 10.751624 -0.479866 1.397905 1e-06 -1e-06 1e-06 3.273806 0.305947 -0.58011 21.486807 11.830373 2.266129 8.162922 3e-06 -2e-06 18.399071 -3.798982 -4.94057 2e-06 -0.0 -2e-06 3.756205 7.527031 -5.329712 -0.109004 -0.138062 11.905562 -7.600905 3.580336 -2.835782 1.651022 -1.975062 0.964591 0.0 -0.0 2e-06 -8.202141 -8.090387 -1.57667 -0.001267 0.069397 12.485103 9.107191 -1.46058 -6.165192 -1.44332 1.082871 1.196433 -0.0 0.0 -1e-06 
0.0 0.0 0.0 0.0 -0.0 0.0 2.611563 99.575584 2.892159 1.364173 2.527605 -2.797788 0.128081 -0.024396 2.077407 -0.385435 0.149227 -5.087434 -1.755684 -1.955275 11.926566 2.801121 0.383566 30.761396 -0.69341 0.521756 -3.929397 -1.753619 0.070437 -27.306139 7.7e-05 -2.3e-05 6e-06 0.020433 0.003051 0.158767 0.544572 -3.741075 -10.515877 -0.506711 3.759576 -10.45907 -21.347401 -13.573683 21.010063 -53.856598 -2.295124 2.844072 0.732322 -38.455334 -0.059335 12.836362 4.20716 6.25255 -5.88211 9.86129 0.702592 -10.936878 -0.360573 7.156209 0.0 8.77483 1e-06 -15.891625 17.83725 6.132904 -1.844033 2.498505 -2.507278 -10.163605 4.678948 4.621109 -20.976036 -2e-06 4e-06 -21.226297 2.4517 -3.594 1e-06 -6e-06 -1e-06 -1.362682 2.240798 -0.746322 -21.334929 0.584913 3.008325 -13.821221 -1e-06 2e-06 -23.887184 -0.249078 -0.839484 -59.873249 2.453398 -0.86169 -0.294025 1.679688 0.833257 -14.218217 0.093216 1.30058 -34.212067 -0.287561 0.96717 -20.033226 0.964538 1.212842 -0.0 2e-06 -0.0 -3.44039 0.788234 0.501656 -15.928198 -3.167309 2.999707 -6.33883 -1e-06 0.0 -18.123459 3.648185 -4.905672 -4e-06 -0.0 -2e-06 13.820583 20.255468 19.703743 60.485355 2.694452 7.965991 -0.33852 40.249146 0.037401 -5.757786 -2.217182 11.054566 2.243543 -5.255037 -3.180158 14.282892 -0.826593 6.9525 -4e-06 -12.690604 1e-06 16.009136 -17.535086 2.816558 1.665666 -1.955921 -2.878298 4.727799 -4.170587 4.993925 11.020526 4e-06 -3e-06 12.109053 -3.735714 -2.866785 0.0 -0.0 1e-06 1.291985 -1.928549 -1.498092 14.800127 0.56747 3.865604 14.242573 -1.341734 -6.660659 19.631969 0.14393 -0.648245 49.877972 -0.600293 -6.147612 0.353029 -1.511151 -0.031941 20.222794 3.684312 2.316626 18.787273 7e-06 -2e-06 10.751629 -0.479866 1.397904 1e-06 -1e-06 1e-06 3.273808 0.305947 -0.580113 21.486818 11.830379 2.26613 8.16293 4e-06 -2e-06 18.399082 -3.798981 -4.940577 3e-06 -0.0 -2e-06 3.746325 7.537056 -5.365108 -0.107436 -0.137003 11.888066 -7.6125 3.560918 -2.801776 1.648605 -1.982262 0.954869 0.0 -0.0 2e-06 -8.211217 -8.177395 -1.628655 0.000799 0.072764 12.526299 9.119787 -1.378125 -6.198904 -1.442067 1.086979 1.21094 0.0 -0.0 -1e-06 
0.0 0.0 0.0 0.0 -0.0 0.0 2.59235 99.582382 2.874371 1.365945 2.538922 -2.769187 0.123724 -0.010253 2.08215 -0.3862 0.16447 -5.088101 -1.756357 -1.958792 11.953152 2.800963 0.376945 30.782198 -0.707734 0.497483 -3.918214 -1.765111 0.046823 -27.378288 7.7e-05 -2.3e-05 6e-06 0.020427 0.012082 0.158345 0.543214 -3.731129 -10.506795 -0.505293 3.767551 -10.449259 -21.317619 -13.587453 21.011395 -53.91338 -2.343775 2.791065 0.739229 -38.480507 -0.043434 12.920695 4.250953 6.265316 -5.882106 9.861285 0.702592 -10.936873 -0.360576 7.156209 1e-06 8.774827 -2e-06 -15.895287 17.83469 6.117113 -1.844031 2.498505 -2.507279 -10.163599 4.678945 4.621109 -20.976027 -6e-06 4e-06 -21.226286 2.451695 -3.593998 1e-06 -7e-06 -1e-06 -1.362681 2.240798 -0.746323 -21.334917 0.584908 3.008323 -13.821217 -4e-06 3e-06 -23.887178 -0.24908 -0.83948 -59.857639 2.441183 -0.869905 -0.294024 1.679686 0.833256 -14.218209 0.093214 1.300581 -34.212048 -0.287566 0.967172 -20.033211 0.964536 1.212845 -0.0 1e-06 -0.0 -3.440388 0.788234 0.501656 -15.928187 -3.167311 2.999707 -6.338827 -2e-06 1e-06 -18.123447 3.648182 -4.905669 -5e-06 0.0 -1e-06 13.79457 20.240444 19.709568 60.510609 2.744553 8.043636 -0.367199 40.300129 0.003934 -5.764815 -2.217093 11.027099 2.243542 -5.255037 -3.180156 14.282887 -0.826595 6.952503 -2e-06 -12.690603 0.0 16.002663 -17.521803 2.820823 1.665666 -1.955921 -2.878296 4.727798 -4.170587 4.993924 11.020524 3e-06 -2e-06 12.10905 -3.735716 -2.866783 0.0 -0.0 -0.0 1.291986 -1.928548 -1.498089 14.800125 0.567468 3.865607 14.24257 -1.341735 -6.660656 19.631968 0.143927 -0.648245 49.868252 -0.598007 -6.136425 0.353029 -1.51115 -0.031939 20.222786 3.684308 2.316631 18.78727 3e-06 1e-06 10.751626 -0.479868 1.397905 1e-06 -0.0 -0.0 3.273806 0.305947 -0.580112 21.486809 11.830374 2.26613 8.162924 3e-06 -1e-06 18.399076 -3.798984 -4.940573 3e-06 -0.0 -2e-06 3.749374 7.554323 -5.378054 -0.10269 -0.132704 11.820501 -7.611151 3.523272 -2.733879 1.645471 -1.986165 0.960552 0.0 -0.0 2e-06 -8.201404 -8.242812 -1.661384 0.00261 0.082098 12.511174 9.122198 -1.317935 -6.183815 -1.438824 1.095079 1.213398 0.0 0.0 -1e-06 
0.0 0.0 0.0 0.0 -0.0 0.0 2.566609 99.589546 2.859169 1.360386 2.556187 -2.745465 0.128223 -0.003616 2.096471 -0.38596 0.17493 -5.090568 -1.75519 -1.968945 11.967191 2.797546 0.388756 30.797167 -0.713892 0.459989 -3.904417 -1.782402 0.025371 -27.431744 7.7e-05 -2.3e-05 6e-06 0.020377 0.015388 0.159136 0.541871 -3.728311 -10.497905 -0.503884 3.771187 -10.440394 -21.271233 -13.602579 21.006647 -53.979881 -2.372743 2.739583 0.729517 -38.545334 -0.026856 12.945454 4.308679 6.319174 -5.88211 9.86129 0.70259 -10.936878 -0.360576 7.156213 2e-06 8.77483 -1e-06 -15.896852 17.824917 6.097486 -1.844034 2.498506 -2.50728 -10.163607 4.678946 4.621111 -20.97604 -6e-06 4e-06 -21.226301 2.451695 -3.593999 1e-06 -7e-06 -1e-06 -1.362683 2.240798 -0.746323 -21.334929 0.584906 3.008326 -13.821223 -5e-06 3e-06 -23.887188 -0.249082 -0.839481 -59.81955 2.42353 -0.89622 -0.294025 1.679688 0.833257 -14.218219 0.093213 1.300581 -34.212074 -0.287568 0.967173 -20.033226 0.964536 1.212846 -0.0 1e-06 -0.0 -3.440391 0.788234 0.501655 -15.9282 -3.167313 2.999709 -6.338831 -2e-06 2e-06 -18.123459 3.648182 -4.905674 -5e-06 -0.0 -2e-06 13.778956 20.234684 19.731827 60.519802 2.797388 8.050077 -0.357236 40.369534 0.004343 -5.764542 -2.231933 11.040264 2.243542 -5.255039 -3.180157 14.2829 -0.826596 6.952507 -2e-06 -12.690615 1e-06 16.000612 -17.512215 2.820821 1.665668 -1.955923 -2.878302 4.727801 -4.170591 4.99393 11.020535 3e-06 -2e-06 12.10906 -3.735719 -2.866787 0.0 0.0 0.0 1.291986 -1.92855 -1.49809 14.800139 0.567468 3.865609 14.242584 -1.341736 -6.660664 19.631979 0.143928 -0.648247 49.862385 -0.599822 -6.133268 0.35303 -1.511152 -0.03194 20.222805 3.684313 2.316632 18.787287 5e-06 -1e-06 10.751636 -0.479868 1.397906 1e-06 -1e-06 -0.0 3.27381 0.305947 -0.58011 21.48683 11.830384 2.266132 8.162935 1e-06 -1e-06 18.399099 -3.798987 -4.940582 3e-06 -1e-06 -2e-06 3.766772 7.579674 -5.385381 -0.100291 -0.130895 11.753058 -7.603741 3.472499 -2.662666 1.642703 -1.989147 0.983706 0.0 -0.0 2e-06 -8.177287 -8.281315 -1.679743 0.005942 0.089838 12.482286 9.104858 -1.288332 -6.152501 -1.434912 1.10258 1.222784 0.0 0.0 -1e-06 
0.0 0.0 0.0 0.0 -0.0 0.0 2.535951 99.593803 2.84234 1.345572 2.59524 -2.731272 0.138718 -0.010052 2.12177 -0.38398 0.169134 -5.089658 -1.749618 -1.976591 11.970501 2.795521 0.413135 30.816854 -0.709918 0.418987 -3.899577 -1.805226 0.006036 -27.461441 7.7e-05 -2.2e-05 6e-06 0.019986 0.015211 0.159067 0.54066 -3.72868 -10.492273 -0.503253 3.770956 -10.435417 -21.208752 -13.618645 21.022804 -54.052666 -2.417555 2.727116 0.728914 -38.615871 -0.02149 12.916862 4.354104 6.348373 -5.88211 9.861292 0.702592 -10.936881 -0.360576 7.156212 2e-06 8.774831 0.0 -15.89992 17.812704 6.079344 -1.844034 2.498506 -2.507279 -10.16361 4.678948 4.621113 -20.97604 -5e-06 4e-06 -21.226303 2.451697 -3.594001 2e-06 -7e-06 -1e-06 -1.362683 2.240799 -0.746324 -21.334934 0.584908 3.008325 -13.821227 -3e-06 3e-06 -23.887196 -0.249082 -0.839483 -59.791271 2.409923 -0.928695 -0.294026 1.679689 0.833258 -14.218224 0.093215 1.300582 -34.212082 -0.287567 0.967172 -20.033232 0.964535 1.212847 -0.0 1e-06 -0.0 -3.440392 0.788234 0.501656 -15.928203 -3.167312 2.999709 -6.338833 -2e-06 -1e-06 -18.123466 3.648184 -4.905674 -4e-06 0.0 -2e-06 13.764781 20.261868 19.765207 60.537464 2.833376 7.979517 -0.330241 40.463223 0.019822 -5.77696 -2.263333 11.053624 2.243543 -5.255037 -3.180156 14.282892 -0.826594 6.9525 -2e-06 -12.690608 1e-06 16.009367 -17.511576 2.807523 1.665665 -1.955922 -2.8783 4.727799 -4.170589 4.993922 11.020525 3e-06 -0.0 12.109052 -3.735717 -2.866782 -0.0 0.0 0.0 1.291986 -1.928549 -1.498089 14.800129 0.567468 3.865606 14.242574 -1.341737 -6.660655 19.631969 0.143927 -0.648244 49.867188 -0.611282 -6.143509 0.353029 -1.511152 -0.031941 20.222794 3.684311 2.31663 18.787273 4e-06 -1e-06 10.75163 -0.479868 1.397905 1e-06 -1e-06 1e-06 3.273808 0.305946 -0.580112 21.486813 11.830378 2.26613 8.162926 2e-06 -2e-06 18.399082 -3.798985 -4.940577 2e-06 -0.0 -2e-06 3.800149 7.621871 -5.405593 -0.102421 -0.134787 11.722139 -7.596196 3.415153 -2.609384 1.642359 -1.985182 0.997618 0.0 -1e-06 2e-06 -8.138592 -8.289976 -1.689001 0.009349 0.088061 12.463215 9.086502 -1.286911 -6.137498 -1.432018 1.107762 1.234901 0.0 0.0 -1e-06 
0.0 0.0 0.0 0.0 -0.0 0.0 2.502337 99.60025 2.824632 1.324864 2.616946 -2.726291 0.153212 -0.022165 2.153184 -0.380443 0.164553 -5.084072 -1.747682 -1.976478 11.955508 2.813365 0.416462 30.840832 -0.709638 0.399534 -3.900576 -1.833576 0.004588 -27.473299 7.7e-05 -2.3e-05 6e-06 0.019506 0.013535 0.157365 0.540911 -3.730937 -10.492298 -0.504279 3.769576 -10.435376 -21.1367 -13.638857 21.04533 -54.140697 -2.465807 2.724045 0.724555 -38.652847 -0.031049 12.877454 4.337002 6.346287 -5.882108 9.861284 0.702591 -10.936877 -0.360577 7.156205 2e-06 8.774827 -1e-06 -15.902765 17.798302 6.063975 -1.844033 2.498504 -2.507278 -10.163604 4.678944 4.621109 -20.976036 -8e-06 3e-06 -21.226295 2.451693 -3.593997 2e-06 -6e-06 -0.0 -1.362683 2.2408 -0.746324 -21.334927 0.584906 3.008323 -13.82122 -5e-06 1e-06 -23.887182 -0.249084 -0.839482 -59.775036 2.400812 -0.947246 -0.294024 1.679687 0.833255 -14.218215 0.093213 1.30058 -34.212067 -0.287571 0.967171 -20.033222 0.964534 1.212844 -0.0 2e-06 1e-06 -3.440391 0.788233 0.501657 -15.928194 -3.167312 2.999706 -6.338829 -3e-06 -0.0 -18.123457 3.64818 -4.905669 -4e-06 0.0 -2e-06 13.753929 20.306036 19.816523 60.573883 2.871571 7.913214 -0.352976 40.526295 0.022035 -5.803663 -2.294148 10.972817 2.243541 -5.255037 -3.180158 14.282892 -0.826594 6.952507 -3e-06 -12.690609 1e-06 16.031881 -17.516148 2.789295 1.665666 -1.955922 -2.878297 4.727799 -4.170589 4.993927 11.020528 3e-06 -0.0 12.109055 -3.735717 -2.866783 0.0 0.0 0.0 1.291986 -1.92855 -1.498089 14.800132 0.567469 3.865608 14.242573 -1.341736 -6.660661 19.631973 0.143928 -0.648244 49.880402 -0.622834 -6.158787 0.353028 -1.511151 -0.031938 20.222792 3.684311 2.316632 18.787273 4e-06 2e-06 10.75163 -0.479869 1.397906 1e-06 -1e-06 1e-06 3.273807 0.305948 -0.580109 21.486816 11.830381 2.266132 8.162929 2e-06 -1e-06 18.399084 -3.798988 -4.940577 2e-06 -0.0 -3e-06 3.845128 7.680488 -5.403414 -0.107589 -0.147363 11.670988 -7.594604 3.363994 -2.545009 1.643932 -1.978011 1.008308 0.0 0.0 2e-06 -8.089194 -8.278288 -1.680027 0.009178 0.080895 12.415762 9.052886 -1.298534 -6.098216 -1.430836 1.106063 1.246053 0.0 0.0 -1e-06 
0.0 0.0 0.0 0.0 -0.0 0.0 2.471029 99.607292 2.806929 1.30774 2.625594 -2.720881 0.163024 -0.032222 2.170685 -0.379985 0.166333 -5.079439 -1.745951 -1.978544 11.935803 2.865533 0.385997 30.865065 -0.718179 0.402659 -3.905326 -1.879562 0.024837 -27.473522 7.7e-05 -2.3e-05 6e-06 0.020259 0.007701 0.154934 0.544114 -3.737573 -10.498635 -0.505816 3.764264 -10.441 -21.058308 -13.655391 21.050516 -54.229641 -2.49943 2.785535 0.755261 -38.661461 -0.072732 12.833878 4.293677 6.328547 -5.88211 9.86129 0.702593 -10.936878 -0.360574 7.156209 0.0 8.774831 0.0 -15.901326 17.776249 6.058291 -1.844034 2.498507 -2.50728 -10.163607 4.678949 4.621113 -20.976038 -2e-06 2e-06 -21.226301 2.451699 -3.594004 1e-06 -6e-06 -1e-06 -1.362682 2.240799 -0.746323 -21.334927 0.584912 3.008326 -13.821221 -2e-06 1e-06 -23.887182 -0.249077 -0.839483 -59.762539 2.398472 -0.940368 -0.294025 1.679688 0.833258 -14.218217 0.093216 1.300582 -34.21207 -0.28756 0.96717 -20.033226 0.964539 1.212842 -0.0 2e-06 -0.0 -3.440391 0.788234 0.501657 -15.928196 -3.167309 2.99971 -6.338831 -1e-06 1e-06 -18.123459 3.648185 -4.905672 -5e-06 -0.0 -2e-06 13.761275 20.351713 19.868177 60.595253 2.902349 7.886328 -0.415476 40.544556 0.009666 -5.835942 -2.322669 10.85778 2.243544 -5.25504 -3.180158 14.2829 -0.826596 6.952502 -3e-06 -12.69061 2e-06 16.051447 -17.522684 2.772403 1.665669 -1.955923 -2.8783 4.727801 -4.170591 4.993925 11.020534 2e-06 -1e-06 12.109059 -3.735717 -2.866787 0.0 0.0 1e-06 1.291985 -1.92855 -1.498091 14.800138 0.567468 3.865606 14.242583 -1.341736 -6.66066 19.631983 0.143927 -0.648247 49.879238 -0.628314 -6.179784 0.35303 -1.511151 -0.03194 20.222803 3.684313 2.316629 18.787287 7e-06 -2e-06 10.751634 -0.479867 1.397905 0.0 0.0 -0.0 3.273809 0.305946 -0.580111 21.486824 11.830382 2.266129 8.16293 1e-06 -2e-06 18.399092 -3.798984 -4.940582 2e-06 -0.0 -3e-06 3.885523 7.743139 -5.393645 -0.113095 -0.160211 11.609043 -7.600833 3.318316 -2.472914 1.646822 -1.969034 1.006153 0.0 0.0 2e-06 -8.042597 -8.256107 -1.675006 0.005757 0.072647 12.368465 9.018609 -1.315833 -6.043282 -1.431664 1.098974 1.249743 0.0 0.0 -1e-06 
0.0 0.0 0.0 0.0 -0.0 0.0 2.443767 99.611572 2.794571 1.296264 2.640542 -2.713518 0.161661 -0.037536 2.175109 -0.383047 0.17012 -5.076075 -1.738693 -1.984462 11.911855 2.929753 0.336635 30.8906 -0.717266 0.410713 -3.913949 -1.940634 0.038612 -27.46677 7.7e-05 -2.3e-05 6e-06 0.021939 -0.000932 0.153148 0.548608 -3.746156 -10.501303 -0.506815 3.755125 -10.443714 -20.9594 -13.685402 21.04903 -54.328598 -2.522874 2.904773 0.809454 -38.663223 -0.130846 12.808586 4.281318 6.347387 -5.882111 9.861292 0.702592 -10.936881 -0.360575 7.156211 1e-06 8.774831 -1e-06 -15.892961 17.763208 6.070786 -1.844034 2.498505 -2.507279 -10.16361 4.678948 4.621113 -20.976042 -5e-06 4e-06 -21.226301 2.451698 -3.593999 1e-06 -6e-06 -1e-06 -1.362683 2.2408 -0.746325 -21.334934 0.584909 3.008327 -13.821227 -4e-06 2e-06 -23.887196 -0.249082 -0.839481 -59.758331 2.398594 -0.913976 -0.294025 1.679688 0.833257 -14.218222 0.093213 1.300581 -34.212082 -0.287565 0.967174 -20.033232 0.964536 1.212847 -0.0 2e-06 -0.0 -3.440392 0.788233 0.501656 -15.928201 -3.167313 2.999708 -6.338832 -1e-06 1e-06 -18.123463 3.648184 -4.905674 -5e-06 -0.0 -1e-06 13.77539 20.387005 19.892693 60.612644 2.910062 7.853415 -0.472411 40.525787 -0.007772 -5.844232 -2.3489 10.736425 2.243543 -5.25504 -3.18016 14.282902 -0.826596 6.952507 -3e-06 -12.690615 2e-06 16.067009 -17.530491 2.760993 1.665666 -1.955922 -2.8783 4.727803 -4.170591 4.993927 11.020535 4e-06 0.0 12.109059 -3.735717 -2.866785 0.0 -0.0 -0.0 1.291986 -1.92855 -1.49809 14.800139 0.567468 3.865609 14.242584 -1.341736 -6.660662 19.631979 0.143926 -0.648245 49.878483 -0.627521 -6.194569 0.353029 -1.511151 -0.031939 20.222805 3.684314 2.316631 18.787289 5e-06 -1e-06 10.751637 -0.479868 1.397907 1e-06 -0.0 -0.0 3.273808 0.305948 -0.580112 21.48683 11.830384 2.266133 8.162932 1e-06 -1e-06 18.399096 -3.798987 -4.940579 2e-06 -0.0 -2e-06 3.916627 7.798118 -5.394009 -0.116677 -0.167033 11.568841 -7.607972 3.279948 -2.426329 1.649283 -1.95767 0.996461 -0.0 1e-06 2e-06 -8.005726 -8.244315 -1.679463 0.00194 0.0693 12.347652 8.994035 -1.321931 -6.006222 -1.434426 1.092403 1.248901 0.0 0.0 -1e-06 
0.0 0.0 0.0 0.0 -0.0 0.0 2.415625 99.617805 2.787251 1.287996 2.655678 -2.705535 0.155119 -0.035343 2.170244 -0.391815 0.166521 -5.071163 -1.724841 -1.990897 11.890233 2.975673 0.284852 30.897963 -0.709291 0.431359 -3.923788 -1.982172 0.03731 -27.416569 7.7e-05 -2.3e-05 6e-06 0.022832 -0.006814 0.151893 0.550417 -3.75137 -10.501493 -0.506737 3.748037 -10.445707 -20.866423 -13.729039 21.03529 -54.419548 -2.520429 3.03543 0.863254 -38.678612 -0.182157 12.817832 4.300636 6.433555 -5.882111 9.861292 0.702591 -10.936878 -0.360573 7.156207 -0.0 8.774831 -0.0 -15.894375 17.759733 6.087773 -1.844034 2.498505 -2.507278 -10.163608 4.678949 4.621109 -20.97604 -4e-06 0.0 -21.226303 2.451697 -3.594005 1e-06 -6e-06 -1e-06 -1.362683 2.240799 -0.746324 -21.334929 0.584911 3.008319 -13.821222 -3e-06 -1e-06 -23.887184 -0.249081 -0.839487 -59.764244 2.405683 -0.883386 -0.294025 1.679688 0.833256 -14.218219 0.093216 1.300578 -34.212074 -0.287566 0.967166 -20.033228 0.964535 1.21284 -0.0 1e-06 -0.0 -3.44039 0.788234 0.501656 -15.928198 -3.167309 2.999707 -6.33883 -1e-06 -1e-06 -18.123459 3.648184 -4.905676 -5e-06 0.0 -1e-06 13.771442 20.403454 19.909651 60.637661 2.930358 7.785484 -0.493884 40.46928 -0.023667 -5.813383 -2.355173 10.64116 2.243544 -5.255039 -3.180158 14.282898 -0.826595 6.952505 -1e-06 -12.690612 -1e-06 16.075415 -17.532692 2.755435 1.665668 -1.955923 -2.8783 4.727802 -4.170592 4.993926 11.020535 2e-06 0.0 12.109059 -3.735719 -2.866787 0.0 0.0 0.0 1.291988 -1.928551 -1.498088 14.800136 0.567468 3.865606 14.24258 -1.341738 -6.660661 19.631975 0.143927 -0.648246 49.882587 -0.627983 -6.199932 0.353028 -1.511152 -0.03194 20.222801 3.684312 2.316629 18.787285 5e-06 -2e-06 10.751633 -0.479867 1.397906 1e-06 -1e-06 -0.0 3.273808 0.305947 -0.580111 21.486824 11.830381 2.266131 8.16293 2e-06 -2e-06 18.399092 -3.798987 -4.940578 2e-06 -0.0 -3e-06 3.94459 7.841716 -5.378441 -0.11939 -0.170756 11.502076 -7.625368 3.250535 -2.376946 1.651785 -1.9518 1.001976 0.0 0.0 2e-06 -7.974166 -8.253872 -1.672631 -0.001702 0.070321 12.310367 8.976171 -1.314147 -5.976797 -1.437327 1.086239 1.251868 0.0 0.0 -1e-06 
0.0 0.0 0.0 0.0 -0.0 0.0 2.385007 99.622932 2.789714 1.281136 2.668045 -2.697926 0.150385 -0.025478 2.153182 -0.403154 0.155692 -5.064608 -1.706098 -1.989039 11.871683 3.002494 0.234595 30.892775 -0.706073 0.450383 -3.93295 -1.996789 0.011042 -27.342569 7.7e-05 -2.2e-05 6e-06 0.023002 -0.011164 0.151745 0.550412 -3.755762 -10.503591 -0.506363 3.743343 -10.450401 -20.777456 -13.782393 21.01494 -54.499035 -2.497612 3.150681 0.87356 -38.714737 -0.201459 12.867846 4.334508 6.533777 -5.882113 9.861297 0.702591 -10.93688 -0.360573 7.156214 -1e-06 8.774833 -2e-06 -15.906276 17.759775 6.092962 -1.844035 2.498507 -2.50728 -10.16361 4.678952 4.621114 -20.97604 1e-06 3e-06 -21.226307 2.451704 -3.594003 1e-06 -5e-06 -1e-06 -1.362682 2.240801 -0.746325 -21.334932 0.584915 3.008329 -13.821225 1e-06 2e-06 -23.88719 -0.249073 -0.839483 -59.757046 2.410955 -0.872978 -0.294025 1.67969 0.833256 -14.218221 0.093218 1.300584 -34.212082 -0.287556 0.967173 -20.033232 0.964541 1.212844 -0.0 2e-06 -0.0 -3.440391 0.788234 0.501657 -15.928201 -3.16731 2.999711 -6.338831 0.0 2e-06 -18.123463 3.648189 -4.905674 -4e-06 -0.0 -2e-06 13.740909 20.403667 19.912535 60.674423 2.953795 7.713428 -0.478629 40.382912 -0.032247 -5.762315 -2.335642 10.569501 2.243541 -5.255037 -3.180158 14.282892 -0.826595 6.9525 -2e-06 -12.690605 2e-06 16.071302 -17.53791 2.765324 1.665666 -1.955921 -2.878299 4.727798 -4.170588 4.993922 11.020527 3e-06 -2e-06 12.109052 -3.735716 -2.866782 0.0 0.0 -0.0 1.291986 -1.928549 -1.498091 14.800129 0.567467 3.865606 14.242574 -1.341736 -6.66066 19.631969 0.143927 -0.648247 49.911961 -0.630616 -6.192785 0.353029 -1.51115 -0.031939 20.222794 3.684309 2.316627 18.787273 4e-06 -3e-06 10.751627 -0.479869 1.397906 0.0 -1e-06 1e-06 3.273807 0.305947 -0.580112 21.486811 11.830376 2.266129 8.162926 3e-06 -1e-06 18.39908 -3.798984 -4.940576 2e-06 -1e-06 -3e-06 3.974446 7.872938 -5.35791 -0.123451 -0.171978 11.440558 -7.649132 3.224931 -2.338926 1.653087 -1.951984 1.019387 0.0 0.0 2e-06 -7.943962 -8.269047 -1.663427 -0.004915 0.073631 12.281447 8.965816 -1.309675 -5.957938 -1.439551 1.08345 1.256059 0.0 0.0 -1e-06 
0.0 0.0 0.0 0.0 -0.0 0.0 2.352491 99.625938 2.799734 1.280584 2.684855 -2.696296 0.140633 -0.012501 2.130756 -0.413817 0.149585 -5.059375 -1.685133 -1.982009 11.856453 3.019535 0.197302 30.888531 -0.709919 0.436746 -3.937487 -1.970893 -0.032796 -27.244764 7.7e-05 -2.2e-05 6e-06 0.023177 -0.018957 0.153823 0.550505 -3.76295 -10.501408 -0.50611 3.734761 -10.449802 -20.685486 -13.839102 20.989653 -54.573914 -2.463529 3.276989 0.856531 -38.756008 -0.190291 12.933066 4.384049 6.596805 -5.88211 9.86129 0.702591 -10.936876 -0.360572 7.156208 -1e-06 8.774828 -1e-06 -15.934502 17.768112 6.086609 -1.844033 2.498506 -2.507278 -10.163604 4.678947 4.621109 -20.976032 -0.0 2e-06 -21.226297 2.451699 -3.594003 1e-06 -7e-06 -1e-06 -1.362682 2.240799 -0.746323 -21.334925 0.584914 3.008323 -13.82122 -1e-06 1e-06 -23.887182 -0.249076 -0.839485 -59.759777 2.425789 -0.895228 -0.294026 1.679688 0.833256 -14.218215 0.093218 1.300581 -34.212063 -0.28756 0.967167 -20.033218 0.964539 1.212842 1e-06 1e-06 -0.0 -3.44039 0.788235 0.501658 -15.928192 -3.167307 2.999706 -6.338829 -0.0 -0.0 -18.123457 3.648187 -4.905673 -4e-06 -0.0 -2e-06 13.701562 20.380213 19.88476 60.705132 2.9484 7.721217 -0.473015 40.318817 -0.045525 -5.721867 -2.345871 10.481395 2.243542 -5.255036 -3.180154 14.282885 -0.826597 6.952501 0.0 -12.690601 -0.0 16.056808 -17.539104 2.779013 1.665665 -1.955921 -2.878298 4.727798 -4.170587 4.993922 11.02052 1e-06 -2e-06 12.109046 -3.735717 -2.866783 0.0 0.0 0.0 1.291985 -1.928549 -1.498087 14.800122 0.567467 3.865605 14.242568 -1.341738 -6.660655 19.631958 0.143924 -0.648246 49.925034 -0.639665 -6.191137 0.35303 -1.511151 -0.031941 20.222784 3.684306 2.31663 18.787266 3e-06 -1e-06 10.751622 -0.479868 1.397905 1e-06 -1e-06 1e-06 3.273805 0.305947 -0.580111 21.486801 11.830368 2.266131 8.162922 1e-06 -1e-06 18.399075 -3.798985 -4.940574 2e-06 -0.0 -1e-06 3.997951 7.875732 -5.328766 -0.123401 -0.165055 11.383772 -7.672966 3.195449 -2.302167 1.653599 -1.956527 1.023081 0.0 0.0 2e-06 -7.921995 -8.283805 -1.651526 -0.006944 0.075257 12.274093 8.943365 -1.310091 -5.949165 -1.441382 1.085556 1.262309 0.0 0.0 -1e-06 
0.0 0.0 0.0 0.0 -0.0 0.0 2.320787 99.627022 2.822802 1.280861 2.690115 -2.703443 0.129505 -0.000586 2.107909 -0.420128 0.149232 -5.058743 -1.66948 -1.975218 11.852745 3.038682 0.176562 30.882862 -0.712575 0.403752 -3.939605 -1.926784 -0.066725 -27.145258 7.7e-05 -2.2e-05 6e-06 0.023069 -0.023037 0.155717 0.549882 -3.765843 -10.499328 -0.505767 3.729675 -10.448464 -20.608004 -13.878339 20.960764 -54.656532 -2.419864 3.350549 0.828578 -38.794018 -0.160798 12.999307 4.435477 6.630698 -5.882105 9.861284 0.702589 -10.936872 -0.360575 7.156204 1e-06 8.774824 -1e-06 -15.966635 17.777733 6.071635 -1.844031 2.498504 -2.507277 -10.163599 4.678945 4.621109 -20.976021 -4e-06 2e-06 -21.226286 2.451696 -3.594 2e-06 -7e-06 0.0 -1.362682 2.240798 -0.746324 -21.334913 0.584909 3.008322 -13.821213 -3e-06 1e-06 -23.887171 -0.249081 -0.839483 -59.781765 2.445874 -0.930708 -0.294026 1.679687 0.833257 -14.218208 0.093214 1.300579 -34.212051 -0.287565 0.96717 -20.033213 0.964535 1.212843 -0.0 2e-06 -0.0 -3.440389 0.788234 0.501655 -15.928187 -3.167309 2.999706 -6.338826 -1e-06 -0.0 -18.123444 3.648183 -4.905671 -5e-06 0.0 -1e-06 13.663961 20.360174 19.870813 60.724503 2.940832 7.714614 -0.441009 40.291435 -0.051398 -5.709004 -2.358701 10.471963 2.243542 -5.255039 -3.18016 14.282896 -0.826596 6.952503 -2e-06 -12.69061 2e-06 16.034046 -17.530922 2.788108 1.665666 -1.955921 -2.878299 4.7278 -4.17059 4.993925 11.020529 3e-06 -2e-06 12.109055 -3.735717 -2.866785 0.0 -0.0 0.0 1.291985 -1.92855 -1.49809 14.800132 0.567468 3.86561 14.242577 -1.341736 -6.660662 19.631973 0.143927 -0.648246 49.916992 -0.649015 -6.191297 0.353028 -1.51115 -0.031938 20.222797 3.684311 2.316628 18.787279 4e-06 -1e-06 10.751629 -0.479869 1.397906 1e-06 -1e-06 -0.0 3.273807 0.305948 -0.580111 21.48682 11.830382 2.266134 8.16293 2e-06 0.0 18.399088 -3.798986 -4.940578 2e-06 -0.0 -2e-06 4.022756 7.88293 -5.284858 -0.120621 -0.157269 11.338765 -7.70197 3.173997 -2.267728 1.654673 -1.964204 1.004982 0.0 0.0 2e-06 -7.904291 -8.288092 -1.626901 -0.006851 0.073949 12.273035 8.929507 -1.311045 -5.953777 -1.442111 1.087072 1.251948 0.0 0.0 -1e-06 
0.0 0.0 0.0 0.0 -0.0 0.0 2.294239 99.625031 2.85646 1.273566 2.669974 -2.724042 0.119605 0.008441 2.099923 -0.423092 0.162935 -5.068788 -1.659391 -1.971843 11.851369 3.064501 0.154389 30.877277 -0.717084 0.382307 -3.932219 -1.87813 -0.084029 -27.053181 7.7e-05 -2.2e-05 6e-06 0.0228 -0.021774 0.15636 0.550392 -3.762314 -10.495718 -0.506854 3.728997 -10.444757 -20.532743 -13.896596 20.944904 -54.769535 -2.386828 3.334768 0.7695 -38.815556 -0.127047 13.062352 4.467222 6.704642 -5.882102 9.861281 0.702591 -10.936865 -0.360574 7.156202 -0.0 8.774822 -1e-06 -15.983596 17.788721 6.061215 -1.844031 2.498502 -2.507276 -10.163594 4.678944 4.621106 -20.976013 -2e-06 3e-06 -21.226273 2.451697 -3.594 1e-06 -7e-06 -1e-06 -1.36268 2.240796 -0.746323 -21.3349 0.584911 3.008321 -13.821205 -1e-06 1e-06 -23.887157 -0.249077 -0.839484 -59.81612 2.465559 -0.955518 -0.294025 1.679687 0.833254 -14.218199 0.093216 1.30058 -34.212025 -0.287562 0.967169 -20.033199 0.964537 1.212842 -0.0 1e-06 -0.0 -3.440386 0.788233 0.501655 -15.928176 -3.167308 2.999707 -6.338822 -1e-06 -0.0 -18.123436 3.648182 -4.905669 -5e-06 0.0 -2e-06 13.627118 20.359585 19.853754 60.734837 2.916575 7.731222 -0.427018 40.280022 -0.064146 -5.691788 -2.345501 10.481727 2.243541 -5.255037 -3.180158 14.282893 -0.826595 6.952506 -2e-06 -12.690606 1e-06 16.022341 -17.515779 2.788253 1.665666 -1.955922 -2.878299 4.727798 -4.170588 4.993926 11.020527 2e-06 -0.0 12.109052 -3.735716 -2.866783 0.0 0.0 0.0 1.291986 -1.928549 -1.498088 14.800129 0.567468 3.865608 14.242573 -1.341736 -6.660659 19.631969 0.143926 -0.648245 49.893387 -0.648525 -6.186374 0.353029 -1.511151 -0.031938 20.222794 3.684309 2.316631 18.787273 3e-06 1e-06 10.751629 -0.479869 1.397906 1e-06 -1e-06 -0.0 3.273807 0.305947 -0.580111 21.486813 11.830377 2.266135 8.162928 2e-06 -1e-06 18.399082 -3.798987 -4.940575 2e-06 -0.0 -1e-06 4.058538 7.912055 -5.233716 -0.118114 -0.150608 11.332908 -7.736384 3.148293 -2.249036 1.655022 -1.976721 0.984582 0.0 0.0 2e-06 -7.883978 -8.270756 -1.587691 -0.0051 0.066612 12.274133 8.908837 -1.312145 -5.963836 -1.441739 1.086489 1.236749 0.0 0.0 -1e-06 
0.0 0.0 0.0 0.0 -0.0 0.0 2.276291 99.613503 2.898182 1.259138 2.654181 -2.756884 0.110225 0.012605 2.097268 -0.42214 0.177837 -5.078999 -1.658613 -1.969379 11.843493 3.110353 0.122419 30.879602 -0.721153 0.364664 -3.923177 -1.846817 -0.079171 -26.935318 7.7e-05 -2.3e-05 6e-06 0.021773 -0.016765 0.155299 0.552469 -3.755297 -10.496151 -0.51098 3.732315 -10.444365 -20.446716 -13.896447 20.952517 -54.910294 -2.361944 3.289399 0.70734 -38.838394 -0.09576 13.104319 4.47426 6.797295 -5.882109 9.861288 0.702591 -10.936874 -0.360574 7.156203 0.0 8.774827 -1e-06 -15.986277 17.782551 6.048525 -1.844033 2.498504 -2.507277 -10.1636 4.678947 4.621109 -20.976027 -4e-06 1e-06 -21.226292 2.451696 -3.594002 2e-06 -7e-06 -1e-06 -1.362682 2.240799 -0.746323 -21.334917 0.58491 3.008322 -13.821217 -3e-06 2e-06 -23.887175 -0.249081 -0.839485 -59.828087 2.468787 -0.970785 -0.294024 1.679687 0.833257 -14.218212 0.093215 1.300579 -34.212063 -0.287566 0.967165 -20.033218 0.964535 1.212841 -0.0 1e-06 -0.0 -3.440388 0.788233 0.501655 -15.928189 -3.16731 2.999707 -6.338828 -1e-06 1e-06 -18.123453 3.648183 -4.905673 -4e-06 -0.0 -2e-06 13.588446 20.345219 19.811586 60.754765 2.879253 7.747016 -0.422169 40.273926 -0.072751 -5.641976 -2.333966 10.490698 2.243542 -5.255039 -3.180161 14.2829 -0.826595 6.952507 -4e-06 -12.690611 1e-06 16.016895 -17.494801 2.781353 1.665668 -1.955923 -2.878302 4.727803 -4.17059 4.993928 11.020535 3e-06 -1e-06 12.109059 -3.735717 -2.866787 0.0 -0.0 1e-06 1.291987 -1.92855 -1.49809 14.800138 0.567469 3.865611 14.242582 -1.341735 -6.660662 19.631983 0.143927 -0.648243 49.864315 -0.637976 -6.174366 0.353029 -1.511151 -0.031939 20.222805 3.684312 2.316631 18.787287 4e-06 -0.0 10.751636 -0.479868 1.397907 1e-06 0.0 -0.0 3.273809 0.305949 -0.580112 21.486828 11.830381 2.266135 8.162933 2e-06 1e-06 18.399092 -3.798987 -4.940576 2e-06 -0.0 -2e-06 4.100332 7.941641 -5.218208 -0.116761 -0.142632 11.436119 -7.765497 3.107821 -2.307135 1.653224 -1.990415 0.974891 0.0 0.0 2e-06 -7.86689 -8.266685 -1.556594 -0.00274 0.059073 12.33343 8.886148 -1.286808 -6.008301 -1.439426 1.084965 1.223606 0.0 0.0 -1e-06 
0.0 0.0 0.0 0.0 -0.0 0.0 2.25956 99.596107 2.94566 1.239222 2.646294 -2.785237 0.105767 0.009315 2.086018 -0.421629 0.182142 -5.086781 -1.660868 -1.967317 11.828971 3.160387 0.100906 30.882421 -0.720186 0.356599 -3.919531 -1.827185 -0.068349 -26.789629 7.7e-05 -2.3e-05 6e-06 0.02093 -0.009208 0.153392 0.554729 -3.746813 -10.499217 -0.51486 3.739176 -10.446892 -20.368553 -13.884332 20.982269 -55.054489 -2.340831 3.26669 0.67468 -38.853565 -0.074176 13.126892 4.467592 6.907632 -5.88211 9.86129 0.702591 -10.936877 -0.360574 7.156209 -0.0 8.77483 -2e-06 -15.991714 17.761402 6.031331 -1.844034 2.498506 -2.50728 -10.163604 4.678947 4.621111 -20.97603 -3e-06 2e-06 -21.226294 2.451698 -3.594001 1e-06 -7e-06 -1e-06 -1.362683 2.240801 -0.746324 -21.334923 0.584911 3.008324 -13.82122 -2e-06 2e-06 -23.887182 -0.24908 -0.839486 -59.823578 2.461578 -0.979139 -0.294024 1.679688 0.833258 -14.218215 0.093216 1.300581 -34.212063 -0.287562 0.967171 -20.033222 0.964539 1.212843 -0.0 2e-06 -0.0 -3.440389 0.788233 0.501657 -15.928192 -3.16731 2.999709 -6.338829 -1e-06 0.0 -18.123457 3.648185 -4.905673 -4e-06 -0.0 -1e-06 13.556519 20.325613 19.75972 60.771057 2.833186 7.728472 -0.400241 40.31255 -0.072684 -5.599253 -2.335737 10.550813 2.243544 -5.255042 -3.180161 14.282911 -0.826598 6.952509 -1e-06 -12.690618 1e-06 16.021776 -17.482405 2.769973 1.665669 -1.955924 -2.878303 4.727805 -4.170592 4.993927 11.020542 2e-06 -1e-06 12.109068 -3.735719 -2.866787 0.0 -0.0 0.0 1.291988 -1.92855 -1.498092 14.800148 0.567467 3.865611 14.242593 -1.341737 -6.660666 19.631992 0.143924 -0.648246 49.846493 -0.626018 -6.163812 0.35303 -1.511152 -0.031939 20.222818 3.684311 2.316631 18.7873 3e-06 -2e-06 10.751642 -0.479869 1.397906 1e-06 -0.0 -1e-06 3.273812 0.305947 -0.580112 21.486841 11.830385 2.266136 8.162937 1e-06 -2e-06 18.399109 -3.798987 -4.940582 2e-06 -0.0 -3e-06 4.147784 7.967915 -5.240272 -0.117574 -0.137243 11.609963 -7.78288 3.060656 -2.409723 1.651073 -1.997047 0.968893 0.0 0.0 2e-06 -7.84634 -8.272096 -1.545542 0.000776 0.051175 12.435861 8.884968 -1.244059 -6.070483 -1.436357 1.085102 1.218092 0.0 0.0 -1e-06 
0.0 0.0 0.0 0.0 -0.0 0.0 2.235789 99.578362 2.996394 1.219689 2.651865 -2.798706 0.102887 -0.000546 2.060473 -0.422085 0.182644 -5.094466 -1.665613 -1.972972 11.802011 3.206879 0.08445 30.878979 -0.718609 0.360052 -3.921005 -1.811361 -0.043443 -26.621468 7.7e-05 -2.2e-05 6e-06 0.020477 -0.004179 0.152025 0.556422 -3.741985 -10.503366 -0.517337 3.744344 -10.450034 -20.297779 -13.864182 21.005194 -55.186607 -2.306074 3.346406 0.710561 -38.864597 -0.081216 13.09678 4.489403 7.014132 -5.882113 9.861293 0.702592 -10.936883 -0.360575 7.156207 1e-06 8.774833 -0.0 -16.012661 17.730227 6.010323 -1.844035 2.498505 -2.50728 -10.16361 4.678949 4.62111 -20.976044 -5e-06 1e-06 -21.226309 2.451698 -3.594003 2e-06 -7e-06 -1e-06 -1.362682 2.240799 -0.746324 -21.334936 0.58491 3.008321 -13.821229 -4e-06 -0.0 -23.887196 -0.249083 -0.839486 -59.83469 2.438397 -0.979504 -0.294026 1.679689 0.833256 -14.218224 0.093215 1.30058 -34.21209 -0.287569 0.967167 -20.033232 0.964535 1.212843 -0.0 1e-06 -0.0 -3.440391 0.788234 0.501655 -15.928203 -3.167312 2.999705 -6.338833 -2e-06 -1e-06 -18.123466 3.648185 -4.905675 -5e-06 -0.0 -1e-06 13.526937 20.31708 19.735641 60.804436 2.809336 7.705869 -0.401309 40.374641 -0.071897 -5.570167 -2.357893 10.631325 2.243543 -5.255038 -3.180161 14.282899 -0.826595 6.952505 -3e-06 -12.690611 1e-06 16.02689 -17.475035 2.767733 1.665667 -1.955923 -2.8783 4.727802 -4.170591 4.993927 11.020536 3e-06 -2e-06 12.109061 -3.735718 -2.866787 0.0 0.0 1e-06 1.291986 -1.928551 -1.498091 14.800138 0.567468 3.865608 14.242583 -1.341736 -6.660662 19.631985 0.143928 -0.648244 49.839268 -0.62774 -6.154824 0.353029 -1.511151 -0.03194 20.222805 3.684313 2.31663 18.787287 6e-06 -3e-06 10.751636 -0.479867 1.397907 1e-06 -1e-06 -0.0 3.273809 0.305947 -0.580112 21.486832 11.830383 2.26613 8.162933 2e-06 -2e-06 18.399096 -3.798985 -4.940581 3e-06 -0.0 -3e-06 4.195684 7.971874 -5.280745 -0.118623 -0.13253 11.786534 -7.792251 3.017212 -2.526086 1.649546 -1.99862 0.98438 0.0 1e-06 2e-06 -7.820183 -8.286542 -1.551983 0.004232 0.043373 12.551728 8.875274 -1.21082 -6.135963 -1.433894 1.083694 1.234021 0.0 0.0 -1e-06 
0.0 0.0 0.0 0.0 -0.0 0.0 2.207985 99.56604 3.052551 1.202553 2.684504 -2.801723 0.101714 -0.011159 2.029896 -0.419572 0.184248 -5.105323 -1.670892 -1.986366 11.763704 3.220437 0.068777 30.874792 -0.709992 0.387037 -3.927711 -1.768443 -0.014806 -26.464233 7.7e-05 -2.2e-05 6e-06 0.020157 -0.000966 0.152015 0.557265 -3.738521 -10.505013 -0.518649 3.747102 -10.451436 -20.240309 -13.849893 21.02457 -55.285828 -2.246869 3.486936 0.78071 -38.897972 -0.105907 13.014919 4.531265 7.106467 -5.882113 9.861296 0.70259 -10.936883 -0.360575 7.15621 1e-06 8.774833 -0.0 -16.036003 17.704264 6.002703 -1.844035 2.498507 -2.507277 -10.163611 4.67895 4.621114 -20.976046 -3e-06 2e-06 -21.226311 2.4517 -3.594006 1e-06 -7e-06 0.0 -1.362683 2.2408 -0.746322 -21.334938 0.584911 3.008325 -13.821229 -2e-06 1e-06 -23.887196 -0.24908 -0.839485 -59.859554 2.413728 -0.968453 -0.294025 1.679688 0.833257 -14.218224 0.093216 1.300581 -34.212078 -0.287564 0.967169 -20.033232 0.964538 1.212845 -0.0 2e-06 -0.0 -3.440391 0.788235 0.501657 -15.928201 -3.167312 2.999709 -6.338833 -0.0 1e-06 -18.123463 3.648188 -4.905676 -5e-06 -0.0 -1e-06 13.489422 20.341572 19.740711 60.878502 2.775544 7.654808 -0.425961 40.444096 -0.067538 -5.538806 -2.384024 10.620399 2.243542 -5.255038 -3.180159 14.282897 -0.826594 6.952505 -3e-06 -12.690609 -0.0 16.025385 -17.46265 2.766099 1.665666 -1.955922 -2.878299 4.7278 -4.170588 4.993924 11.020531 3e-06 -2e-06 12.109058 -3.735717 -2.866786 0.0 0.0 0.0 1.291985 -1.928549 -1.498089 14.800136 0.567469 3.865608 14.242579 -1.341736 -6.660661 19.631975 0.143927 -0.648244 49.818687 -0.638955 -6.152614 0.353029 -1.511151 -0.03194 20.222801 3.684313 2.316629 18.787283 5e-06 1e-06 10.751633 -0.479867 1.397906 1e-06 -0.0 -0.0 3.273809 0.305948 -0.580112 21.486824 11.830383 2.266134 8.16293 3e-06 -1e-06 18.399092 -3.798985 -4.940578 2e-06 -0.0 -2e-06 4.237865 7.956712 -5.306448 -0.115536 -0.12847 11.906283 -7.801952 2.981738 -2.603628 1.650963 -1.996202 0.991176 0.0 0.0 2e-06 -7.790203 -8.301828 -1.536897 0.005722 0.041412 12.620049 8.85716 -1.207588 -6.173966 -1.43291 1.083411 1.252218 0.0 0.0 -1e-06 
0.0 0.0 0.0 0.0 -0.0 0.0 2.180153 99.562798 3.114658 1.185581 2.737589 -2.803674 0.104075 -0.017195 2.004152 -0.414108 0.194532 -5.117892 -1.682406 -2.010152 11.699435 3.219142 0.04929 30.882418 -0.698532 0.427754 -3.930145 -1.718793 0.013967 -26.324831 7.7e-05 -2.2e-05 6e-06 0.019916 -0.001533 0.151932 0.556645 -3.740615 -10.507694 -0.518318 3.747805 -10.45422 -20.184284 -13.838176 21.033823 -55.36911 -2.158995 3.600796 0.828817 -38.955738 -0.123478 12.937256 4.578471 7.174114 -5.882106 9.861286 0.702591 -10.936874 -0.360576 7.156207 2e-06 8.774828 -0.0 -16.036526 17.690571 6.006249 -1.844032 2.498505 -2.507277 -10.163601 4.678945 4.621109 -20.976027 -7e-06 3e-06 -21.226286 2.451694 -3.593999 1e-06 -7e-06 -1e-06 -1.362682 2.240799 -0.746324 -21.334921 0.584907 3.008324 -13.821217 -5e-06 1e-06 -23.887178 -0.249084 -0.839478 -59.867332 2.391738 -0.956569 -0.294025 1.679688 0.833254 -14.21821 0.093212 1.300581 -34.212055 -0.287568 0.967173 -20.033216 0.964534 1.212846 1e-06 2e-06 -0.0 -3.440388 0.788232 0.501657 -15.928189 -3.167312 2.999709 -6.338826 -2e-06 1e-06 -18.123444 3.64818 -4.90567 -4e-06 0.0 -2e-06 13.448165 20.396307 19.746483 60.981461 2.707268 7.60036 -0.459259 40.490398 -0.057764 -5.481514 -2.42191 10.536789 2.243541 -5.255036 -3.180159 14.282891 -0.826592 6.952503 -5e-06 -12.690606 1e-06 16.021984 -17.448923 2.766465 1.665666 -1.955921 -2.878298 4.727797 -4.170587 4.993923 11.020527 5e-06 0.0 12.109052 -3.735713 -2.866785 0.0 0.0 0.0 1.291986 -1.928549 -1.498091 14.800129 0.56747 3.865606 14.242574 -1.341734 -6.660659 19.631973 0.143928 -0.648243 49.798534 -0.651789 -6.14925 0.353028 -1.51115 -0.03194 20.222794 3.684314 2.316628 18.787273 8e-06 2e-06 10.751629 -0.479866 1.397905 -0.0 -0.0 1e-06 3.273808 0.305948 -0.58011 21.486818 11.830381 2.266131 8.162929 4e-06 -0.0 18.399082 -3.798981 -4.940575 2e-06 -0.0 -2e-06 4.277529 7.915719 -5.288847 -0.114447 -0.130658 11.935933 -7.797998 2.949775 -2.633117 1.652615 -1.992431 1.00967 0.0 0.0 2e-06 -7.758851 -8.322082 -1.468588 0.00545 0.044092 12.594849 8.838984 -1.250128 -6.166236 -1.43222 1.083901 1.264207 0.0 0.0 -1e-06 
0.0 0.0 0.0 0.0 -0.0 0.0 2.144895 99.561783 3.183799 1.164522 2.79835 -2.804912 0.114011 -0.019988 1.981738 -0.413071 0.213354 -5.129395 -1.699182 -2.032732 11.60776 3.209843 0.036696 30.897522 -0.682613 0.477312 -3.925495 -1.659027 0.03227 -26.176607 7.7e-05 -2.3e-05 6e-06 0.020268 -0.002495 0.153737 0.55579 -3.743549 -10.507483 -0.516541 3.748525 -10.452842 -20.114452 -13.831211 21.029043 -55.472649 -2.062141 3.634368 0.824192 -38.994572 -0.122491 12.909503 4.599617 7.218466 -5.882106 9.861286 0.70259 -10.936873 -0.360576 7.156206 1e-06 8.774826 -1e-06 -16.015444 17.68376 6.013517 -1.844034 2.498503 -2.507277 -10.163602 4.678944 4.621109 -20.976027 -5e-06 5e-06 -21.226288 2.451696 -3.593999 1e-06 -7e-06 -1e-06 -1.362681 2.240798 -0.746324 -21.334919 0.584909 3.008322 -13.821217 -4e-06 1e-06 -23.887175 -0.249081 -0.839483 -59.848808 2.381078 -0.949806 -0.294024 1.679687 0.833255 -14.21821 0.093213 1.300579 -34.212051 -0.287567 0.967173 -20.033218 0.964536 1.212846 -0.0 1e-06 -0.0 -3.440389 0.788233 0.501656 -15.928189 -3.16731 2.999707 -6.338827 -1e-06 -1e-06 -18.123451 3.648182 -4.90567 -5e-06 -0.0 -2e-06 13.400653 20.478119 19.73579 61.102852 2.627988 7.607833 -0.498445 40.470856 -0.051696 -5.39922 -2.435622 10.428422 2.243542 -5.25504 -3.18016 14.282901 -0.826594 6.952507 -5e-06 -12.690613 2e-06 16.020926 -17.438627 2.771331 1.665668 -1.955922 -2.878304 4.727801 -4.17059 4.993927 11.020535 4e-06 -2e-06 12.109059 -3.735716 -2.866789 0.0 0.0 1e-06 1.291986 -1.928551 -1.498091 14.80014 0.56747 3.865609 14.242583 -1.341734 -6.66066 19.631985 0.143929 -0.648244 49.792236 -0.671991 -6.148396 0.353029 -1.511151 -0.03194 20.222805 3.684313 2.316631 18.787287 7e-06 0.0 10.751636 -0.479868 1.397907 -0.0 0.0 -1e-06 3.273809 0.305947 -0.580111 21.486832 11.830386 2.266133 8.162932 2e-06 -0.0 18.399096 -3.798986 -4.94058 2e-06 -0.0 -2e-06 4.32796 7.884108 -5.258155 -0.116937 -0.142075 11.943465 -7.807337 2.903927 -2.647108 1.655305 -1.988366 1.026914 0.0 -0.0 2e-06 -7.715795 -8.330534 -1.38207 0.004481 0.047971 12.542755 8.82982 -1.316463 -6.171331 -1.432319 1.081241 1.275823 0.0 0.0 -1e-06 
0.0 0.0 0.0 0.0 -0.0 0.0 2.102836 99.561745 3.259904 1.140613 2.867888 -2.810653 0.127274 -0.017597 1.961815 -0.419007 0.230113 -5.131428 -1.711514 -2.038185 11.488088 3.197282 0.029423 30.926563 -0.662228 0.520054 -3.921216 -1.610764 0.0461 -26.027361 7.7e-05 -2.2e-05 6e-06 0.020779 -0.001775 0.15571 0.555806 -3.745099 -10.509893 -0.515308 3.75113 -10.453033 -20.018766 -13.83659 20.988503 -55.614777 -1.939862 3.614559 0.788188 -39.018452 -0.124285 12.932374 4.583414 7.183997 -5.882113 9.861293 0.702594 -10.936883 -0.360574 7.156212 0.0 8.774833 -2e-06 -15.983116 17.687353 6.025822 -1.844035 2.498506 -2.50728 -10.163611 4.678948 4.621113 -20.976046 -4e-06 4e-06 -21.226309 2.451698 -3.594003 3e-06 -7e-06 -1e-06 -1.362682 2.2408 -0.746325 -21.334938 0.584912 3.008326 -13.821231 -2e-06 1e-06 -23.887201 -0.24908 -0.839483 -59.807308 2.387375 -0.951127 -0.294026 1.679688 0.833257 -14.218225 0.093215 1.300582 -34.212086 -0.287565 0.96717 -20.033232 0.964536 1.212843 -0.0 1e-06 -0.0 -3.440392 0.788234 0.501656 -15.928203 -3.167311 2.999708 -6.338832 -2e-06 0.0 -18.123466 3.648185 -4.905675 -5e-06 -0.0 -3e-06 13.346687 20.586199 19.717646 61.234158 2.53208 7.6726 -0.536616 40.424175 -0.063314 -5.300786 -2.450632 10.342362 2.243544 -5.25504 -3.180157 14.282902 -0.826596 6.952507 -1e-06 -12.690614 1e-06 16.028992 -17.430355 2.765854 1.665668 -1.955923 -2.878303 4.727804 -4.170592 4.993927 11.020536 2e-06 -1e-06 12.109061 -3.735719 -2.866786 0.0 -0.0 0.0 1.291987 -1.92855 -1.498089 14.800139 0.567467 3.86561 14.242584 -1.34174 -6.660662 19.631985 0.143926 -0.648245 49.777847 -0.685605 -6.164695 0.353029 -1.511151 -0.03194 20.222805 3.684311 2.316631 18.787289 3e-06 -0.0 10.751637 -0.479869 1.397907 0.0 0.0 -0.0 3.27381 0.305947 -0.58011 21.486832 11.830382 2.266134 8.162935 1e-06 -1e-06 18.399099 -3.79899 -4.940582 2e-06 -1e-06 -2e-06 4.387582 7.850147 -5.212833 -0.120158 -0.152427 11.936817 -7.837278 2.871023 -2.663597 1.659556 -1.98363 1.032971 0.0 0.0 2e-06 -7.66256 -8.312646 -1.276059 0.003708 0.050531 12.472902 8.828229 -1.395218 -6.190438 -1.432951 1.073778 1.275966 0.0 0.0 -1e-06 
0.0 0.0 0.0 0.0 -0.0 0.0 2.055834 99.563637 3.345376 1.109484 2.938803 -2.824352 0.138776 -0.011401 1.945548 -0.425067 0.244278 -5.129143 -1.715907 -2.019329 11.353181 3.182393 0.018192 30.959677 -0.641945 0.554563 -3.918202 -1.573718 0.084693 -25.865591 7.7e-05 -2.2e-05 6e-06 0.021296 -0.004832 0.158033 0.556253 -3.751121 -10.514549 -0.514557 3.75065 -10.455351 -19.928885 -13.845423 20.923517 -55.752785 -1.789505 3.579632 0.76129 -39.054264 -0.138525 12.971768 4.564317 7.127385 -5.882112 9.86129 0.70259 -10.936879 -0.360574 7.156208 1e-06 8.774829 -0.0 -15.946001 17.694836 6.050423 -1.844036 2.498504 -2.507278 -10.163608 4.678947 4.621109 -20.97604 -3e-06 2e-06 -21.226301 2.451698 -3.594001 1e-06 -6e-06 -1e-06 -1.362683 2.2408 -0.746324 -21.334929 0.584911 3.008322 -13.821223 -2e-06 1e-06 -23.887188 -0.24908 -0.839484 -59.774017 2.396946 -0.949305 -0.294026 1.679688 0.833256 -14.218219 0.093215 1.300581 -34.21207 -0.287564 0.967169 -20.033226 0.964537 1.212844 -0.0 1e-06 -1e-06 -3.440392 0.788234 0.501656 -15.928198 -3.167311 2.999707 -6.33883 -1e-06 0.0 -18.123459 3.648185 -4.905672 -5e-06 -0.0 -2e-06 13.285276 20.693813 19.702574 61.372147 2.439239 7.74833 -0.568704 40.373859 -0.084901 -5.212015 -2.486979 10.333261 2.243544 -5.255039 -3.18016 14.282899 -0.826598 6.952505 -2e-06 -12.69061 1e-06 16.045406 -17.428312 2.761854 1.665668 -1.955922 -2.878299 4.727802 -4.170591 4.993927 11.020535 2e-06 -1e-06 12.10906 -3.735719 -2.866782 0.0 -0.0 0.0 1.291987 -1.92855 -1.49809 14.800136 0.567465 3.865608 14.24258 -1.341739 -6.660659 19.631981 0.143924 -0.648246 49.772751 -0.686843 -6.186988 0.35303 -1.511151 -0.031941 20.222803 3.684309 2.316629 18.787287 4e-06 -2e-06 10.751634 -0.479869 1.397905 0.0 -0.0 -0.0 3.273808 0.305948 -0.580112 21.486824 11.830378 2.266131 8.162933 0.0 -1e-06 18.399092 -3.798988 -4.940579 2e-06 -0.0 -2e-06 4.459721 7.808028 -5.144795 -0.121494 -0.160041 11.912533 -7.889318 2.855054 -2.694603 1.662761 -1.97923 1.041831 0.0 0.0 2e-06 -7.598505 -8.28433 -1.136717 0.001666 0.045968 12.364703 8.807914 -1.467479 -6.187219 -1.434648 1.066658 1.266233 0.0 0.0 -1e-06 
0.0 0.0 0.0 0.0 -0.0 0.0 2.012855 99.563995 3.440548 1.069981 3.016004 -2.846606 0.151852 -0.005683 1.91809 -0.428657 0.250394 -5.129837 -1.710915 -1.970846 11.238043 3.153919 0.012732 30.993347 -0.628922 0.606514 -3.918694 -1.533672 0.120496 -25.70985 7.7e-05 -2.3e-05 6e-06 0.020639 -0.006185 0.160265 0.554736 -3.756336 -10.523684 -0.514269 3.752953 -10.463647 -19.873665 -13.843635 20.856789 -55.847206 -1.632893 3.559811 0.765575 -39.112026 -0.171109 12.982742 4.548473 7.074571 -5.882105 9.861282 0.70259 -10.93687 -0.360576 7.156208 1e-06 8.774822 -2e-06 -15.932393 17.706678 6.080966 -1.844032 2.498503 -2.507278 -10.163599 4.678942 4.621108 -20.976023 -7e-06 4e-06 -21.226286 2.451693 -3.594 1e-06 -7e-06 -1e-06 -1.36268 2.240798 -0.746325 -21.334913 0.584907 3.008323 -13.821213 -4e-06 4e-06 -23.887167 -0.249081 -0.839482 -59.782589 2.408602 -0.936714 -0.294025 1.679686 0.833256 -14.218207 0.093212 1.300582 -34.212048 -0.287565 0.967175 -20.033211 0.964537 1.212847 -0.0 2e-06 -0.0 -3.440388 0.788232 0.501655 -15.928187 -3.167311 2.999709 -6.338827 -2e-06 1e-06 -18.123444 3.648179 -4.905669 -5e-06 -0.0 -3e-06 13.21917 20.792347 19.688026 61.514782 2.351779 7.748537 -0.546349 40.328304 -0.091222 -5.147646 -2.500505 10.388686 2.24354 -5.255035 -3.180158 14.282887 -0.826592 6.9525 -4e-06 -12.690598 1e-06 16.069046 -17.434443 2.756344 1.665666 -1.95592 -2.878298 4.727797 -4.170584 4.993924 11.020524 4e-06 -1e-06 12.10905 -3.735713 -2.866782 0.0 0.0 0.0 1.291985 -1.928549 -1.49809 14.800125 0.56747 3.865605 14.242568 -1.341733 -6.660656 19.631966 0.143928 -0.648244 49.763039 -0.681802 -6.216424 0.353029 -1.511149 -0.031941 20.222786 3.684311 2.316629 18.78727 7e-06 1e-06 10.751625 -0.479867 1.397906 1e-06 -1e-06 -0.0 3.273805 0.305948 -0.580111 21.486809 11.83037 2.266132 8.162924 3e-06 -0.0 18.399076 -3.79898 -4.94057 2e-06 -0.0 -1e-06 4.540605 7.760512 -5.075025 -0.123424 -0.167951 11.91369 -7.94255 2.824538 -2.74069 1.665302 -1.97154 1.062255 0.0 0.0 2e-06 -7.530211 -8.262134 -0.971521 -0.002097 0.037787 12.238634 8.784921 -1.545334 -6.187807 -1.437189 1.063121 1.264277 0.0 0.0 -1e-06 
0.0 0.0 0.0 0.0 -0.0 0.0 1.974161 99.559807 3.544202 1.02449 3.110107 -2.887172 0.169595 0.000658 1.875266 -0.429098 0.259383 -5.134069 -1.712028 -1.92176 11.168163 3.129154 0.028603 31.027159 -0.62199 0.643597 -3.922756 -1.485409 0.146072 -25.553682 7.7e-05 -2.3e-05 6e-06 0.020365 -0.005842 0.161536 0.553255 -3.759585 -10.533745 -0.513362 3.756914 -10.474617 -19.872292 -13.817281 20.807734 -55.86747 -1.50328 3.53729 0.757312 -39.188099 -0.186179 12.979431 4.53624 7.060387 -5.882111 9.861294 0.702591 -10.93688 -0.360575 7.156211 0.0 8.774833 -1e-06 -15.927759 17.71369 6.115576 -1.844033 2.498507 -2.507279 -10.163607 4.67895 4.621112 -20.97604 -3e-06 3e-06 -21.226303 2.451698 -3.594004 1e-06 -7e-06 -2e-06 -1.362682 2.240799 -0.746325 -21.334932 0.58491 3.008325 -13.821223 -3e-06 2e-06 -23.88719 -0.24908 -0.839483 -59.81554 2.428114 -0.908547 -0.294025 1.679689 0.833255 -14.218221 0.093214 1.300581 -34.212082 -0.287565 0.967172 -20.033232 0.964537 1.212844 -0.0 2e-06 -0.0 -3.440392 0.788235 0.501654 -15.928201 -3.167311 2.99971 -6.338832 -1e-06 1e-06 -18.123463 3.648187 -4.905673 -5e-06 0.0 -1e-06 13.158535 20.864956 19.676767 61.635284 2.283732 7.740002 -0.504972 40.315987 -0.089625 -5.113557 -2.487484 10.408181 2.243542 -5.255039 -3.180159 14.282896 -0.826595 6.952507 -2e-06 -12.69061 1e-06 16.074337 -17.444452 2.750305 1.665666 -1.955921 -2.878298 4.727802 -4.17059 4.993927 11.020534 3e-06 -1e-06 12.109058 -3.735718 -2.866786 0.0 0.0 -0.0 1.291985 -1.92855 -1.498091 14.800136 0.567469 3.865611 14.242579 -1.341737 -6.660658 19.631975 0.143925 -0.648245 49.726311 -0.670734 -6.24959 0.353029 -1.511151 -0.03194 20.222801 3.68431 2.316632 18.787285 4e-06 2e-06 10.751633 -0.47987 1.397908 0.0 0.0 1e-06 3.273808 0.305947 -0.580111 21.486824 11.830379 2.266136 8.16293 2e-06 0.0 18.39909 -3.798987 -4.940577 3e-06 -1e-06 -3e-06 4.626675 7.692584 -5.006326 -0.124337 -0.175648 11.961735 -7.992607 2.783905 -2.793514 1.668171 -1.965642 1.07454 0.0 0.0 2e-06 -7.463687 -8.255664 -0.779473 -0.00676 0.027174 12.118714 8.776954 -1.627312 -6.207368 -1.440387 1.065145 1.258214 0.0 0.0 -1e-06 
0.0 0.0 0.0 0.0 -0.0 0.0 1.927679 99.546722 3.661462 0.972247 3.213691 -2.954028 0.187011 0.008681 1.812535 -0.427469 0.276969 -5.14599 -1.718779 -1.877696 11.141655 3.107458 0.064349 31.07077 -0.624762 0.662501 -3.931818 -1.42061 0.153887 -25.386086 7.7e-05 -2.2e-05 6e-06 0.021316 -0.009195 0.164047 0.553058 -3.766077 -10.544651 -0.511423 3.75703 -10.48792 -19.925625 -13.749418 20.769619 -55.803307 -1.390167 3.565226 0.7372 -39.301594 -0.18227 12.980779 4.547601 7.127234 -5.882106 9.861284 0.70259 -10.936872 -0.360574 7.156205 -0.0 8.774824 -2e-06 -15.92515 17.725231 6.141515 -1.844032 2.498505 -2.507277 -10.1636 4.678945 4.621108 -20.976021 -2e-06 5e-06 -21.226286 2.451699 -3.593999 2e-06 -7e-06 -1e-06 -1.362679 2.240797 -0.746323 -21.334913 0.58491 3.008323 -13.821214 -1e-06 2e-06 -23.887171 -0.249077 -0.839482 -59.837261 2.448152 -0.89003 -0.294025 1.679688 0.833256 -14.21821 0.093217 1.30058 -34.212051 -0.287561 0.96717 -20.033215 0.964537 1.212843 -0.0 1e-06 -0.0 -3.440388 0.788233 0.501655 -15.928185 -3.167309 2.999707 -6.338827 -0.0 2e-06 -18.123449 3.648185 -4.90567 -4e-06 -1e-06 -2e-06 13.111964 20.896067 19.670042 61.716408 2.22695 7.749679 -0.457998 40.346626 -0.072763 -5.090474 -2.454268 10.378919 2.243541 -5.255034 -3.180156 14.282887 -0.826594 6.952501 -2e-06 -12.690597 0.0 16.057314 -17.448324 2.745626 1.665664 -1.95592 -2.878298 4.727797 -4.170585 4.993921 11.020522 2e-06 -0.0 12.109048 -3.735713 -2.866783 0.0 -0.0 0.0 1.291985 -1.928548 -1.498091 14.800125 0.567468 3.865608 14.242569 -1.341736 -6.660656 19.631968 0.143925 -0.648243 49.679005 -0.653956 -6.275677 0.353029 -1.511151 -0.031941 20.222786 3.684308 2.316631 18.78727 4e-06 1e-06 10.751627 -0.479869 1.397904 1e-06 0.0 -0.0 3.273806 0.305947 -0.58011 21.486813 11.830367 2.266132 8.162927 2e-06 1e-06 18.39908 -3.798984 -4.940574 3e-06 -0.0 -1e-06 4.729463 7.6056 -4.938724 -0.123765 -0.180114 12.08324 -8.048555 2.724409 -2.877933 1.670694 -1.96042 1.080434 0.0 0.0 2e-06 -7.390038 -8.252436 -0.572529 -0.010808 0.020013 12.049304 8.767056 -1.727994 -6.255684 -1.444129 1.072851 1.259436 0.0 0.0 -1e-06 
0.0 0.0 0.0 0.0 -0.0 0.0 1.873004 99.515839 3.802141 0.927623 3.313433 -3.052747 0.19758 0.015409 1.723787 -0.429191 0.300833 -5.166283 -1.73405 -1.843884 11.164961 3.0819 0.109414 31.141329 -0.626931 0.672356 -3.945728 -1.351811 0.153245 -25.198198 7.7e-05 -2.3e-05 6e-06 0.02174 -0.010758 0.168283 0.554384 -3.768608 -10.549754 -0.512167 3.757221 -10.496399 -20.062477 -13.63654 20.757021 -55.642761 -1.294334 3.613029 0.720548 -39.41571 -0.162431 12.968744 4.594728 7.237004 -5.882108 9.861285 0.702591 -10.936875 -0.360576 7.156205 2e-06 8.774827 -2e-06 -15.932255 17.722822 6.150283 -1.844034 2.498504 -2.507277 -10.163604 4.678944 4.621108 -20.976036 -7e-06 2e-06 -21.226295 2.451694 -3.593998 2e-06 -6e-06 -0.0 -1.362682 2.240798 -0.746322 -21.334925 0.584906 3.00832 -13.82122 -5e-06 1e-06 -23.887182 -0.249084 -0.839483 -59.851917 2.450104 -0.867747 -0.294025 1.679687 0.833255 -14.218215 0.093213 1.300578 -34.212063 -0.287571 0.967171 -20.03322 0.964532 1.212845 -0.0 1e-06 -0.0 -3.44039 0.788234 0.501656 -15.928192 -3.167311 2.999705 -6.338828 -2e-06 -0.0 -18.123453 3.64818 -4.905674 -4e-06 -0.0 -2e-06 13.07023 20.883455 19.679871 61.777168 2.218147 7.80286 -0.449998 40.368534 -0.081367 -5.056805 -2.384147 10.410224 2.243544 -5.255038 -3.180159 14.282896 -0.826593 6.952502 -4e-06 -12.690609 3e-06 16.022482 -17.447361 2.758207 1.665668 -1.955921 -2.8783 4.727798 -4.170588 4.993923 11.020531 4e-06 -2e-06 12.109056 -3.735714 -2.866788 0.0 -0.0 0.0 1.291986 -1.928549 -1.498088 14.800134 0.567469 3.865604 14.24258 -1.341733 -6.660661 19.631981 0.143931 -0.648247 49.647148 -0.649811 -6.274177 0.353029 -1.511151 -0.031938 20.222801 3.684314 2.316627 18.787283 9e-06 -2e-06 10.751633 -0.479867 1.397906 1e-06 0.0 1e-06 3.273809 0.305948 -0.580112 21.486828 11.830383 2.266128 8.16293 3e-06 -3e-06 18.399092 -3.798982 -4.940581 3e-06 -0.0 -2e-06 4.838526 7.512435 -4.882185 -0.12246 -0.175992 12.332124 -8.098893 2.638013 -3.046751 1.672219 -1.957176 1.077755 0.0 -0.0 2e-06 -7.328679 -8.257182 -0.388029 -0.011428 0.023205 12.129149 8.747868 -1.809725 -6.402587 -1.447477 1.081541 1.272306 0.0 0.0 -1e-06 
0.0 0.0 0.0 0.0 -0.0 0.0 1.825401 99.468269 3.965206 0.896308 3.403015 -3.189628 0.205848 0.030379 1.611242 -0.436313 0.339034 -5.190486 -1.769962 -1.83386 11.221684 3.052861 0.158735 31.244677 -0.623735 0.686522 -3.955806 -1.287733 0.149885 -25.00783 7.7e-05 -2.3e-05 6e-06 0.021837 -0.01143 0.172254 0.556893 -3.76904 -10.55268 -0.514793 3.7575 -10.501517 -20.301369 -13.478674 20.742605 -55.39193 -1.175017 3.641852 0.698334 -39.483509 -0.132812 12.971878 4.616142 7.356698 -5.882106 9.861286 0.70259 -10.936875 -0.360577 7.156205 2e-06 8.774828 0.0 -15.942498 17.72633 6.149656 -1.844033 2.498504 -2.507277 -10.163603 4.678944 4.621107 -20.976036 -9e-06 3e-06 -21.226297 2.451692 -3.593999 1e-06 -7e-06 -0.0 -1.362683 2.240797 -0.746322 -21.334927 0.584906 3.008322 -13.821221 -6e-06 3e-06 -23.887186 -0.249086 -0.83948 -59.862778 2.43587 -0.836376 -0.294024 1.679688 0.833257 -14.218215 0.093212 1.300579 -34.212067 -0.287573 0.967171 -20.033226 0.964532 1.212845 -0.0 1e-06 -0.0 -3.44039 0.788233 0.501654 -15.928198 -3.167314 2.999707 -6.338829 -3e-06 -1e-06 -18.123455 3.64818 -4.905673 -5e-06 -0.0 -1e-06 13.079268 20.837734 19.717661 61.794083 2.22817 7.861021 -0.453101 40.379574 -0.102272 -5.021163 -2.3309 10.523912 2.243543 -5.255038 -3.180158 14.2829 -0.826593 6.952507 -5e-06 -12.690613 0.0 16.001289 -17.450558 2.77864 1.665666 -1.955922 -2.878299 4.7278 -4.17059 4.993927 11.020531 5e-06 -1e-06 12.109056 -3.735715 -2.866784 1e-06 0.0 0.0 1.291986 -1.928551 -1.498092 14.800138 0.567471 3.86561 14.24258 -1.341734 -6.660658 19.631981 0.14393 -0.648243 49.651161 -0.646007 -6.245696 0.353029 -1.511151 -0.031939 20.222803 3.684316 2.316633 18.787287 8e-06 2e-06 10.751637 -0.479867 1.397907 1e-06 0.0 0.0 3.273809 0.305948 -0.580111 21.486828 11.830385 2.266135 8.16293 2e-06 -1e-06 18.399092 -3.798984 -4.940575 3e-06 -0.0 -2e-06 4.940943 7.447633 -4.818993 -0.121018 -0.165388 12.690568 -8.12824 2.517083 -3.306155 1.671404 -1.960733 1.062571 0.0 -0.0 2e-06 -7.294635 -8.246469 -0.209682 -0.008656 0.032117 12.336203 8.744694 -1.867739 -6.633458 -1.448639 1.091421 1.291785 0.0 0.0 -1e-06 
0.0 0.0 0.0 0.0 -0.0 0.0 1.791551 99.410049 4.142072 0.884313 3.495266 -3.351316 0.215874 0.05006 1.490152 -0.441984 0.390488 -5.216021 -1.831054 -1.847038 11.285829 3.020113 0.216921 31.351385 -0.61397 0.672817 -3.949935 -1.23531 0.162533 -24.863819 7.7e-05 -2.2e-05 6e-06 0.022174 -0.011714 0.173861 0.559399 -3.769356 -10.556624 -0.516876 3.758214 -10.503179 -20.624842 -13.29398 20.725811 -55.091816 -1.051625 3.618244 0.648116 -39.46101 -0.092733 13.021331 4.571908 7.493602 -5.882112 9.861292 0.702589 -10.936881 -0.360574 7.156208 1e-06 8.77483 -1e-06 -15.961136 17.733007 6.127471 -1.844034 2.498507 -2.507277 -10.16361 4.678947 4.621109 -20.97604 -3e-06 2e-06 -21.226303 2.451698 -3.594002 1e-06 -6e-06 -0.0 -1.362683 2.240798 -0.746323 -21.33493 0.584911 3.008325 -13.821224 -2e-06 1e-06 -23.887188 -0.24908 -0.839484 -59.859131 2.417958 -0.814077 -0.294025 1.679688 0.833257 -14.218221 0.093215 1.300581 -34.212078 -0.287565 0.967169 -20.033232 0.964536 1.212843 -0.0 2e-06 -0.0 -3.440391 0.788234 0.501656 -15.928201 -3.16731 2.999708 -6.338832 -1e-06 2e-06 -18.123463 3.648185 -4.905673 -5e-06 0.0 -1e-06 13.138494 20.744768 19.785402 61.773842 2.253561 7.893232 -0.456939 40.391289 -0.128133 -5.027273 -2.308596 10.650435 2.243542 -5.255036 -3.180159 14.28289 -0.826594 6.952501 -4e-06 -12.690601 1e-06 16.008198 -17.463493 2.784942 1.665666 -1.955921 -2.878299 4.727798 -4.170586 4.993923 11.020526 4e-06 -1e-06 12.109052 -3.735715 -2.866784 0.0 -0.0 0.0 1.291986 -1.928549 -1.49809 14.800129 0.567469 3.865607 14.242574 -1.341735 -6.660658 19.631968 0.143927 -0.648243 49.667747 -0.64186 -6.218792 0.353029 -1.51115 -0.031941 20.222794 3.684309 2.316631 18.787273 5e-06 -1e-06 10.751629 -0.479868 1.397906 1e-06 -0.0 0.0 3.273807 0.305947 -0.580111 21.486816 11.830376 2.266131 8.162929 2e-06 -1e-06 18.399084 -3.798983 -4.940575 2e-06 -1e-06 -1e-06 5.020553 7.40977 -4.743246 -0.11844 -0.154344 13.101108 -8.149284 2.36097 -3.592088 1.668947 -1.96812 1.045971 0.0 -0.0 2e-06 -7.29723 -8.23138 -0.031244 -0.003914 0.041898 12.623189 8.757728 -1.906554 -6.944216 -1.447374 1.099608 1.303054 0.0 -0.0 -1e-06 
0.0 0.0 0.0 0.0 -0.0 0.0 1.764174 99.352753 4.344998 0.889397 3.592282 -3.525233 0.224793 0.067791 1.353007 -0.442531 0.430768 -5.244148 -1.911862 -1.86103 11.331578 2.962857 0.275124 31.458353 -0.597845 0.647121 -3.932598 -1.175426 0.188188 -24.770103 7.7e-05 -2.2e-05 6e-06 0.022611 -0.015578 0.173127 0.560851 -3.773278 -10.560213 -0.517559 3.754966 -10.501899 -20.992023 -13.110572 20.731525 -54.80719 -0.925701 3.492314 0.588908 -39.366737 -0.054844 13.102433 4.506301 7.727589 -5.882105 9.861283 0.702587 -10.93687 -0.360575 7.156205 0.0 8.774822 -1e-06 -15.989173 17.738995 6.086511 -1.844032 2.498504 -2.507279 -10.163598 4.678944 4.621106 -20.976023 -4e-06 2e-06 -21.226286 2.451695 -3.593999 1e-06 -6e-06 -1e-06 -1.362682 2.240798 -0.746322 -21.334911 0.584909 3.008319 -13.821213 -2e-06 0.0 -23.887167 -0.24908 -0.839484 -59.827942 2.400924 -0.823759 -0.294025 1.679687 0.833254 -14.218207 0.093216 1.300579 -34.212048 -0.287565 0.967165 -20.033211 0.964535 1.212842 -0.0 1e-06 -0.0 -3.440388 0.788232 0.501654 -15.928183 -3.167307 2.999706 -6.338825 -1e-06 1e-06 -18.123444 3.648181 -4.905672 -4e-06 0.0 -2e-06 13.224328 20.619434 19.846279 61.776447 2.259099 7.888434 -0.489739 40.369793 -0.173747 -5.07879 -2.273134 10.716354 2.243542 -5.255036 -3.180161 14.282894 -0.826595 6.952506 -3e-06 -12.690602 1e-06 16.024689 -17.477877 2.784467 1.665666 -1.955921 -2.878299 4.727798 -4.170586 4.993927 11.020528 3e-06 -1e-06 12.109053 -3.735713 -2.866784 1e-06 0.0 1e-06 1.291986 -1.928548 -1.49809 14.800129 0.567467 3.86561 14.242573 -1.341734 -6.660658 19.631969 0.143925 -0.648244 49.676483 -0.655487 -6.210631 0.353029 -1.51115 -0.031938 20.222794 3.684309 2.316632 18.78727 5e-06 2e-06 10.751629 -0.479869 1.397908 0.0 1e-06 -0.0 3.273806 0.305947 -0.580112 21.486816 11.830373 2.266135 8.162928 2e-06 0.0 18.39908 -3.798985 -4.940573 3e-06 -0.0 -2e-06 5.081988 7.367729 -4.608475 -0.116935 -0.146926 13.456322 -8.175226 2.201292 -3.858353 1.666211 -1.973569 1.035704 -0.0 -0.0 2e-06 -7.325261 -8.206139 0.196459 0.001053 0.049578 12.877904 8.748226 -1.942883 -7.268209 -1.443978 1.102285 1.320713 0.0 -0.0 -1e-06 
0.0 0.0 0.0 0.0 -0.0 0.0 1.735759 99.304405 4.553216 0.901641 3.686059 -3.698074 0.236942 0.075139 1.211837 -0.437647 0.438454 -5.270126 -1.993161 -1.863209 11.350179 2.87541 0.358184 31.548595 -0.579329 0.587818 -3.916575 -1.112365 0.210907 -24.715778 7.7e-05 -2.3e-05 6e-06 0.022282 -0.016668 0.169846 0.560714 -3.773338 -10.562449 -0.518052 3.753131 -10.500988 -21.348173 -12.937311 20.756994 -54.578419 -0.799058 3.337027 0.587125 -39.256798 -0.047363 13.154851 4.463859 7.95125 -5.882112 9.861292 0.702591 -10.93688 -0.360574 7.15621 -0.0 8.77483 -1e-06 -16.005739 17.728901 6.052688 -1.844034 2.498506 -2.507279 -10.163608 4.678949 4.621112 -20.976038 -1e-06 3e-06 -21.226301 2.4517 -3.594002 1e-06 -7e-06 -1e-06 -1.362683 2.2408 -0.746324 -21.33493 0.584911 3.008324 -13.821225 -2e-06 0.0 -23.887188 -0.249077 -0.839485 -59.795628 2.398573 -0.835773 -0.294026 1.679689 0.833257 -14.218221 0.093216 1.300582 -34.212078 -0.287561 0.967171 -20.03323 0.964538 1.212843 -0.0 2e-06 -1e-06 -3.44039 0.788233 0.501654 -15.928201 -3.167309 2.99971 -6.338831 -0.0 -0.0 -18.123461 3.648187 -4.905674 -5e-06 -0.0 -1e-06 13.345145 20.518469 19.904751 61.818909 2.207019 7.764398 -0.515068 40.356396 -0.201931 -5.177158 -2.227248 10.80584 2.243541 -5.255036 -3.180158 14.282891 -0.826595 6.952504 -2e-06 -12.690601 -1e-06 16.037647 -17.488518 2.773313 1.665665 -1.955921 -2.8783 4.727798 -4.170586 4.993925 11.020524 3e-06 0.0 12.10905 -3.735715 -2.866782 1e-06 0.0 0.0 1.291986 -1.92855 -1.49809 14.800125 0.567468 3.865608 14.24257 -1.341737 -6.660656 19.631968 0.143925 -0.648243 49.653297 -0.673748 -6.23813 0.353029 -1.511151 -0.031941 20.222788 3.68431 2.316631 18.78727 4e-06 1e-06 10.751627 -0.479869 1.397907 0.0 0.0 -0.0 3.273807 0.305946 -0.580111 21.486813 11.830372 2.266135 8.162928 2e-06 -0.0 18.399082 -3.798984 -4.940574 3e-06 -0.0 -3e-06 5.136411 7.321867 -4.418965 -0.116254 -0.141587 13.707565 -8.194327 2.073323 -4.083554 1.667068 -1.977014 1.038176 -0.0 -0.0 2e-06 -7.350994 -8.131533 0.466467 0.005065 0.054614 13.047534 8.732257 -2.017377 -7.545126 -1.440053 1.097456 1.354433 0.0 -0.0 -1e-06 
0.0 0.0 0.0 0.0 -0.0 0.0 1.709659 99.265915 4.75723 0.91201 3.774307 -3.873538 0.255462 0.074808 1.07093 -0.431669 0.445231 -5.300065 -2.062931 -1.863282 11.351274 2.762724 0.457154 31.615648 -0.565819 0.515231 -3.901842 -1.067153 0.228369 -24.694571 7.7e-05 -2.2e-05 6e-06 0.021954 -0.017345 0.165881 0.559419 -3.773602 -10.564443 -0.517337 3.752061 -10.500799 -21.693598 -12.779261 20.769613 -54.380821 -0.629405 3.149308 0.613378 -39.197224 -0.053467 13.196708 4.441803 8.137582 -5.882103 9.861281 0.702589 -10.936863 -0.360573 7.156203 -1e-06 8.774821 -0.0 -16.011923 17.716204 6.020936 -1.844031 2.498503 -2.507276 -10.163592 4.678944 4.621109 -20.976007 -1e-06 1e-06 -21.226271 2.451698 -3.594 2e-06 -6e-06 -0.0 -1.36268 2.240798 -0.746323 -21.334898 0.584912 3.008323 -13.821205 -1e-06 1e-06 -23.887154 -0.249077 -0.839483 -59.756084 2.394083 -0.850484 -0.294026 1.679687 0.833256 -14.218198 0.093216 1.300578 -34.212025 -0.28756 0.967169 -20.033197 0.964537 1.212841 -0.0 1e-06 -0.0 -3.440386 0.788234 0.501657 -15.928176 -3.167306 2.999705 -6.338821 -0.0 2e-06 -18.123436 3.648184 -4.905669 -4e-06 0.0 -1e-06 13.49855 20.421301 19.953438 61.895245 2.087464 7.549209 -0.505067 40.394363 -0.203393 -5.313358 -2.199161 10.934294 2.243539 -5.255033 -3.180155 14.282883 -0.826595 6.952501 -2e-06 -12.690598 0.0 16.040533 -17.506006 2.764827 1.665666 -1.95592 -2.878298 4.727797 -4.170585 4.993924 11.02052 2e-06 -0.0 12.109046 -3.735714 -2.866784 0.0 -0.0 0.0 1.291985 -1.928549 -1.498088 14.800122 0.567466 3.865606 14.242566 -1.341737 -6.660653 19.631958 0.143925 -0.648245 49.649483 -0.685122 -6.263206 0.353028 -1.51115 -0.03194 20.222784 3.684307 2.316628 18.787266 4e-06 -0.0 10.751622 -0.47987 1.397906 1e-06 0.0 -0.0 3.273805 0.305947 -0.580109 21.486801 11.830369 2.266133 8.162922 1e-06 -1e-06 18.399071 -3.798985 -4.940572 2e-06 -1e-06 -1e-06 5.191299 7.289381 -4.183474 -0.116251 -0.14424 13.867711 -8.203004 1.951635 -4.266012 1.667101 -1.977836 1.053175 -0.0 -0.0 2e-06 -7.369905 -8.035612 0.782972 0.007053 0.05965 13.117294 8.714754 -2.131729 -7.742363 -1.436931 1.092681 1.388921 0.0 -0.0 -1e-06 
0.0 0.0 0.0 0.0 -0.0 0.0 1.692467 99.235519 4.954373 0.914317 3.853185 -4.04239 0.283304 0.069033 0.932391 -0.425855 0.460087 -5.336524 -2.11374 -1.859103 11.344806 2.630392 0.560807 31.658316 -0.564439 0.465159 -3.889579 -1.045776 0.231321 -24.696592 7.7e-05 -2.2e-05 6e-06 0.021242 -0.015691 0.164863 0.557827 -3.772293 -10.56486 -0.517155 3.753872 -10.500239 -22.012373 -12.630463 20.753845 -54.198544 -0.42908 2.99604 0.671159 -39.208225 -0.084549 13.235738 4.441486 8.210666 -5.882102 9.86128 0.70259 -10.936867 -0.360577 7.1562 1e-06 8.774822 -2e-06 -15.997632 17.718714 5.997729 -1.844032 2.498505 -2.507277 -10.163595 4.678941 4.621106 -20.976017 -6e-06 2e-06 -21.226276 2.451694 -3.593997 1e-06 -6e-06 -1e-06 -1.362681 2.240797 -0.746323 -21.334906 0.584907 3.008322 -13.821208 -4e-06 2e-06 -23.887157 -0.249079 -0.839483 -59.716408 2.38538 -0.859851 -0.294024 1.679687 0.833256 -14.218204 0.093213 1.300578 -34.21204 -0.287568 0.967173 -20.033205 0.964535 1.212845 0.0 2e-06 -0.0 -3.440387 0.788232 0.501656 -15.928181 -3.167309 2.999705 -6.338823 -1e-06 1e-06 -18.12344 3.648179 -4.905668 -4e-06 0.0 -2e-06 13.662504 20.314423 19.978014 62.006447 1.917911 7.290576 -0.456856 40.44405 -0.186359 -5.460994 -2.179734 11.06878 2.243541 -5.255035 -3.180157 14.282887 -0.826594 6.952501 -3e-06 -12.690603 -0.0 16.041763 -17.519815 2.764138 1.665664 -1.95592 -2.878299 4.727797 -4.170586 4.993925 11.020521 3e-06 1e-06 12.109046 -3.735714 -2.866782 0.0 -0.0 0.0 1.291984 -1.928549 -1.498088 14.800125 0.567469 3.865607 14.242565 -1.341735 -6.660655 19.631958 0.143927 -0.648242 49.665436 -0.687076 -6.275367 0.353028 -1.51115 -0.031939 20.222786 3.68431 2.316631 18.787268 5e-06 1e-06 10.751624 -0.479868 1.397906 1e-06 1e-06 -0.0 3.273805 0.305948 -0.580109 21.486805 11.830372 2.266133 8.162923 1e-06 -0.0 18.399075 -3.798985 -4.940573 2e-06 -0.0 -0.0 5.246374 7.254693 -3.932038 -0.118381 -0.157087 13.974251 -8.214415 1.843929 -4.435878 1.664716 -1.966788 1.079535 -0.0 -0.0 2e-06 -7.379517 -7.929103 1.126915 0.006396 0.064229 13.10004 8.694512 -2.26011 -7.862787 -1.434956 1.086703 1.410993 -0.0 -0.0 -1e-06 
0.0 0.0 0.0 0.0 -0.0 0.0 1.68536 99.209595 5.139042 0.924408 3.928572 -4.200418 0.302927 0.063171 0.800056 -0.422639 0.480062 -5.376694 -2.14643 -1.862831 11.343027 2.503678 0.666453 31.677713 -0.56917 0.436762 -3.880891 -1.071209 0.228152 -24.71118 7.7e-05 -2.2e-05 6e-06 0.020275 -0.009528 0.164796 0.555845 -3.767741 -10.566869 -0.517077 3.761125 -10.502214 -22.289869 -12.493575 20.701698 -54.041973 -0.212734 2.893522 0.755909 -39.259544 -0.157174 13.260298 4.445779 8.23752 -5.882112 9.861291 0.702592 -10.93688 -0.360574 7.156208 0.0 8.774831 -0.0 -15.960217 17.734188 5.996646 -1.844034 2.498506 -2.507277 -10.163605 4.678948 4.621109 -20.97604 -4e-06 1e-06 -21.226305 2.451698 -3.594002 0.0 -6e-06 -0.0 -1.362683 2.2408 -0.746323 -21.33493 0.58491 3.008324 -13.821225 -3e-06 -0.0 -23.88719 -0.24908 -0.839484 -59.679153 2.39588 -0.866455 -0.294026 1.679688 0.833255 -14.218221 0.093216 1.300579 -34.212078 -0.287564 0.96717 -20.03323 0.964536 1.212844 0.0 1e-06 -1e-06 -3.440391 0.788234 0.501655 -15.928201 -3.167311 2.999706 -6.338832 -1e-06 1e-06 -18.123463 3.648185 -4.905675 -5e-06 -0.0 -2e-06 13.855839 20.192717 20.014626 62.116329 1.759555 7.040166 -0.40625 40.469479 -0.179494 -5.599322 -2.147974 11.211139 2.243545 -5.255041 -3.180157 14.282904 -0.826597 6.952505 -2e-06 -12.690614 2e-06 16.05076 -17.529707 2.765534 1.665668 -1.955923 -2.8783 4.727802 -4.170592 4.993924 11.020536 3e-06 -1e-06 12.109061 -3.735719 -2.866786 0.0 0.0 0.0 1.291987 -1.92855 -1.498089 14.800139 0.567468 3.865606 14.242584 -1.341737 -6.66066 19.631985 0.143926 -0.648245 49.685226 -0.686949 -6.294126 0.353029 -1.511152 -0.031939 20.222811 3.68431 2.31663 18.787291 5e-06 -3e-06 10.751637 -0.479868 1.397904 0.0 1e-06 0.0 3.273811 0.305946 -0.58011 21.486834 11.830384 2.266133 8.162935 1e-06 -2e-06 18.399096 -3.798987 -4.940581 3e-06 -0.0 -0.0 5.28042 7.197626 -3.68088 -0.122416 -0.175422 14.042707 -8.234319 1.778071 -4.599804 1.663051 -1.954219 1.085262 -0.0 -0.0 2e-06 -7.401313 -7.826114 1.462555 0.00536 0.068102 13.057878 8.695281 -2.370242 -7.958489 -1.434372 1.076747 1.423052 -0.0 -0.0 -1e-06 
0.0 0.0 0.0 0.0 -0.0 0.0 1.68634 99.1884 5.31068 0.936907 3.987036 -4.350803 0.313961 0.054875 0.680678 -0.422095 0.492281 -5.410173 -2.155618 -1.862664 11.340453 2.363965 0.762632 31.682085 -0.553749 0.450774 -3.883965 -1.143025 0.23598 -24.709045 7.7e-05 -2.2e-05 6e-06 0.019896 -0.003386 0.163098 0.554852 -3.763958 -10.569244 -0.516827 3.769262 -10.504475 -22.523233 -12.365941 20.674797 -53.922279 -0.033068 2.752222 0.816969 -39.339748 -0.228359 13.321201 4.454733 8.292516 -5.88211 9.86129 0.702591 -10.936879 -0.360576 7.15621 2e-06 8.774831 -0.0 -15.924098 17.755873 6.011085 -1.844034 2.498506 -2.507279 -10.163607 4.678947 4.621111 -20.97604 -6e-06 1e-06 -21.226301 2.451696 -3.594001 0.0 -6e-06 -0.0 -1.362683 2.240799 -0.746324 -21.334929 0.584908 3.008324 -13.821223 -5e-06 1e-06 -23.887188 -0.249082 -0.839482 -59.651306 2.401732 -0.856946 -0.294025 1.679688 0.833257 -14.218221 0.093214 1.300581 -34.212074 -0.287568 0.96717 -20.033226 0.964534 1.212844 -1e-06 1e-06 -2e-06 -3.440391 0.788234 0.501655 -15.928196 -3.167313 2.999707 -6.338831 -2e-06 1e-06 -18.123459 3.648181 -4.905674 -5e-06 -0.0 -2e-06 14.071625 20.063707 20.057369 62.247894 1.626528 6.797611 -0.385966 40.448608 -0.187906 -5.705263 -2.111365 11.375996 2.243543 -5.255038 -3.180159 14.282896 -0.826591 6.952503 -6e-06 -12.690609 1e-06 16.050068 -17.529612 2.769894 1.665667 -1.955922 -2.878298 4.727799 -4.170588 4.993925 11.02053 6e-06 -2e-06 12.109055 -3.735713 -2.866786 0.0 -0.0 0.0 1.291986 -1.928549 -1.49809 14.800136 0.567472 3.865606 14.242579 -1.341732 -6.66066 19.631981 0.143932 -0.648244 49.694572 -0.687617 -6.310666 0.35303 -1.511152 -0.03194 20.222801 3.684315 2.316628 18.787283 1e-05 -1e-06 10.751634 -0.479865 1.397906 -0.0 -0.0 -0.0 3.273808 0.305948 -0.580113 21.486826 11.830385 2.266128 8.16293 4e-06 -2e-06 18.399084 -3.798982 -4.940576 2e-06 -1e-06 -0.0 5.302651 7.132754 -3.425761 -0.126517 -0.19432 14.075598 -8.260688 1.741262 -4.739359 1.662402 -1.933799 1.044569 -0.0 -0.0 2e-06 -7.426919 -7.72019 1.792149 0.001965 0.071434 12.984905 8.703445 -2.457223 -8.036702 -1.436072 1.072012 1.415269 -0.0 -0.0 -1e-06 
0.0 0.0 0.0 0.0 -0.0 0.0 1.692377 99.1716 5.463214 0.955995 4.024596 -4.493674 0.318154 0.051045 0.56773 -0.422443 0.489445 -5.440548 -2.150682 -1.860449 11.356583 2.210211 0.83396 31.642471 -0.523105 0.503104 -3.898096 -1.230048 0.249209 -24.668587 7.7e-05 -2.2e-05 6e-06 0.019522 0.002651 0.160542 0.553833 -3.76113 -10.57311 -0.516563 3.778184 -10.507753 -22.709064 -12.243485 20.688986 -53.845963 0.100841 2.502125 0.806193 -39.445976 -0.256111 13.4311 4.452205 8.394609 -5.88211 9.86129 0.70259 -10.936878 -0.360574 7.156209 1e-06 8.77483 1e-06 -15.917508 17.779593 6.012619 -1.844034 2.498505 -2.507279 -10.163607 4.678948 4.62111 -20.97604 -4e-06 2e-06 -21.226301 2.451698 -3.594 0.0 -6e-06 -1e-06 -1.362682 2.240799 -0.746323 -21.334929 0.58491 3.008323 -13.821223 -4e-06 1e-06 -23.887186 -0.249079 -0.839484 -59.626957 2.403692 -0.846904 -0.294024 1.679688 0.833257 -14.218219 0.093215 1.300581 -34.212074 -0.287566 0.967171 -20.03323 0.964536 1.212844 0.0 1e-06 -1e-06 -3.440391 0.788233 0.501654 -15.9282 -3.16731 2.999709 -6.33883 -2e-06 0.0 -18.123459 3.648183 -4.905673 -4e-06 -0.0 -2e-06 14.300966 19.904675 20.128469 62.40395 1.54593 6.559384 -0.410568 40.39045 -0.218692 -5.806295 -2.081754 11.570887 2.243541 -5.255038 -3.180161 14.2829 -0.826594 6.952508 -4e-06 -12.690612 0.0 16.045357 -17.537432 2.777985 1.665666 -1.955922 -2.8783 4.727801 -4.170588 4.993927 11.020534 4e-06 -2e-06 12.109058 -3.735716 -2.866785 0.0 -0.0 0.0 1.291986 -1.92855 -1.49809 14.80014 0.567471 3.865612 14.24258 -1.341735 -6.660661 19.631981 0.143928 -0.648243 49.706127 -0.693158 -6.332458 0.353029 -1.511151 -0.031937 20.222807 3.684313 2.316632 18.787287 6e-06 0.0 10.751636 -0.479868 1.397907 0.0 -0.0 0.0 3.273809 0.305948 -0.580111 21.486828 11.830384 2.266135 8.16293 3e-06 -0.0 18.399092 -3.798984 -4.940575 2e-06 -1e-06 -0.0 5.308367 7.05385 -3.16842 -0.127195 -0.206684 14.070128 -8.295414 1.745728 -4.85326 1.663158 -1.92024 1.007257 -0.0 -1e-06 2e-06 -7.45998 -7.620543 2.101341 -0.003095 0.082617 12.901326 8.707536 -2.537498 -8.12238 -1.438728 1.072455 1.394312 -0.0 0.0 -1e-06 
0.0 0.0 0.0 0.0 -0.0 0.0 1.697806 99.151215 5.596445 0.981542 4.050631 -4.627609 0.312861 0.045655 0.462315 -0.421367 0.463275 -5.469116 -2.123274 -1.84579 11.390429 2.050574 0.898806 31.554136 -0.468879 0.541988 -3.924026 -1.335091 0.269513 -24.59968 7.7e-05 -2.3e-05 6e-06 0.019178 0.000603 0.157425 0.551791 -3.76679 -10.578679 -0.51522 3.779487 -10.51192 -22.837244 -12.139515 20.704817 -53.822372 0.223827 2.215248 0.736705 -39.58049 -0.249071 13.555847 4.449806 8.520725 -5.882111 9.861292 0.702591 -10.93688 -0.360573 7.156211 -0.0 8.774831 -1e-06 -15.936266 17.817772 6.004489 -1.844034 2.498507 -2.507279 -10.163606 4.678948 4.621111 -20.97604 -3e-06 0.0 -21.226299 2.451698 -3.594002 1e-06 -7e-06 -0.0 -1.362683 2.240799 -0.746324 -21.33493 0.584912 3.008323 -13.821225 -1e-06 0.0 -23.887196 -0.24908 -0.839484 -59.631813 2.406903 -0.846819 -0.294025 1.679687 0.833256 -14.218221 0.093215 1.300579 -34.212082 -0.287563 0.967167 -20.033232 0.964537 1.212843 0.0 1e-06 -0.0 -3.440391 0.788235 0.501655 -15.9282 -3.16731 2.999709 -6.338831 -1e-06 1e-06 -18.123459 3.648186 -4.905672 -4e-06 0.0 -2e-06 14.525997 19.708717 20.174004 62.58382 1.453679 6.275574 -0.398041 40.335281 -0.238638 -5.944194 -2.08 11.828012 2.243543 -5.255036 -3.180156 14.282887 -0.826596 6.952501 -0.0 -12.690601 -1e-06 16.039112 -17.550411 2.786541 1.665666 -1.955921 -2.8783 4.7278 -4.170588 4.993921 11.020525 2e-06 -1e-06 12.109052 -3.735717 -2.866785 0.0 0.0 0.0 1.291986 -1.92855 -1.498088 14.800125 0.567467 3.865607 14.24257 -1.341738 -6.660655 19.631962 0.143923 -0.648245 49.722649 -0.685307 -6.354926 0.353029 -1.511152 -0.031941 20.222786 3.684306 2.31663 18.78727 3e-06 -2e-06 10.751625 -0.479871 1.397904 1e-06 1e-06 -0.0 3.273806 0.305947 -0.580111 21.486809 11.830369 2.266135 8.162926 1e-06 -2e-06 18.399078 -3.798987 -4.940577 2e-06 -1e-06 -0.0 5.30229 6.952984 -2.945656 -0.126236 -0.205097 14.093464 -8.324978 1.780406 -4.992854 1.663711 -1.915711 0.966169 -0.0 -1e-06 2e-06 -7.499388 -7.533429 2.352849 -0.008272 0.096913 12.885104 8.697407 -2.597026 -8.254495 -1.441318 1.077538 1.373847 -0.0 -0.0 -1e-06 
0.0 0.0 0.0 0.0 -0.0 0.0 1.703174 99.127289 5.716695 1.010753 4.048092 -4.74774 0.301015 0.041881 0.371456 -0.422084 0.428444 -5.495447 -2.071578 -1.836958 11.439331 1.902003 0.983536 31.424976 -0.406453 0.525181 -3.955753 -1.424018 0.295754 -24.566631 7.7e-05 -2.2e-05 6e-06 0.019825 -0.01557 0.153843 0.550196 -3.785205 -10.581204 -0.512368 3.765386 -10.514079 -22.895483 -12.063582 20.703819 -53.861336 0.344372 1.945215 0.617775 -39.713646 -0.203082 13.6346 4.449541 8.658401 -5.882107 9.861284 0.702591 -10.936873 -0.360574 7.156208 0.0 8.774826 -1e-06 -15.965511 17.866142 5.998819 -1.844032 2.498505 -2.507277 -10.163603 4.678946 4.621109 -20.976023 -2e-06 2e-06 -21.226286 2.451699 -3.593998 1e-06 -6e-06 -0.0 -1.362683 2.240798 -0.746323 -21.334917 0.58491 3.008326 -13.821215 -1e-06 3e-06 -23.887175 -0.249077 -0.839483 -59.690807 2.425387 -0.846212 -0.294025 1.679688 0.833255 -14.21821 0.093215 1.300582 -34.212059 -0.28756 0.967172 -20.033215 0.96454 1.212845 0.0 1e-06 -0.0 -3.440389 0.788233 0.501656 -15.928187 -3.167309 2.999708 -6.338828 -1e-06 1e-06 -18.123447 3.648183 -4.905669 -4e-06 -0.0 -2e-06 14.737154 19.493345 20.212406 62.761147 1.361804 5.97511 -0.353743 40.296745 -0.248745 -6.102601 -2.102982 12.159929 2.243541 -5.255038 -3.180157 14.282892 -0.826595 6.952505 -2e-06 -12.690607 1e-06 16.023058 -17.563934 2.791915 1.665665 -1.955921 -2.8783 4.7278 -4.170588 4.993925 11.020526 3e-06 -0.0 12.109052 -3.735717 -2.866784 0.0 0.0 0.0 1.291986 -1.92855 -1.498089 14.800129 0.567468 3.865609 14.242569 -1.341738 -6.66066 19.631968 0.143924 -0.648245 49.739128 -0.66549 -6.379618 0.353029 -1.511151 -0.03194 20.22279 3.68431 2.316634 18.787271 4e-06 -1e-06 10.751627 -0.47987 1.397906 1e-06 2e-06 -0.0 3.273808 0.305946 -0.580112 21.486816 11.830379 2.266134 8.16293 1e-06 1e-06 18.399084 -3.798989 -4.940575 2e-06 -1e-06 -0.0 5.284585 6.809749 -2.757517 -0.124053 -0.192488 14.149171 -8.368483 1.875143 -5.165053 1.664565 -1.92322 0.91201 -0.0 -0.0 2e-06 -7.542511 -7.44902 2.542718 -0.013137 0.105827 12.933891 8.682033 -2.629511 -8.415442 -1.443177 1.082518 1.357408 -0.0 -0.0 -1e-06 
0.0 0.0 0.0 0.0 -0.0 0.0 1.709366 99.098434 5.824046 1.040473 3.993232 -4.852622 0.28667 0.038572 0.306971 -0.421514 0.405258 -5.515103 -2.006842 -1.82808 11.496027 1.781967 1.091937 31.28783 -0.346839 0.445389 -3.976953 -1.47766 0.325942 -24.611784 7.7e-05 -2.2e-05 6e-06 0.020806 -0.042034 0.149736 0.54798 -3.811779 -10.577504 -0.508253 3.739169 -10.511579 -22.889002 -12.00635 20.668968 -53.956905 0.451721 1.819556 0.526389 -39.795162 -0.156747 13.611305 4.489883 8.709538 -5.88211 9.86129 0.702591 -10.936877 -0.360574 7.156211 0.0 8.77483 0.0 -16.007908 17.913021 5.99234 -1.844034 2.498507 -2.507278 -10.163605 4.678948 4.621111 -20.976038 -3e-06 2e-06 -21.226299 2.451699 -3.594 0.0 -6e-06 -0.0 -1.362684 2.2408 -0.746324 -21.334929 0.584911 3.008326 -13.821221 -2e-06 1e-06 -23.887184 -0.249078 -0.839482 -59.831173 2.450994 -0.870189 -0.294025 1.679688 0.833256 -14.218218 0.093215 1.300583 -34.21207 -0.287563 0.967171 -20.033226 0.964537 1.212845 0.0 1e-06 -1e-06 -3.44039 0.788234 0.501656 -15.928198 -3.167311 2.999709 -6.338831 -0.0 1e-06 -18.123459 3.648185 -4.90567 -5e-06 -0.0 -2e-06 14.923717 19.273535 20.264975 62.89653 1.306165 5.773097 -0.341231 40.235798 -0.256859 -6.229198 -2.095016 12.496955 2.243541 -5.255036 -3.180158 14.28289 -0.826595 6.9525 -2e-06 -12.690601 2e-06 15.992519 -17.573149 2.792026 1.665668 -1.955921 -2.878299 4.727798 -4.170587 4.993922 11.020526 3e-06 -1e-06 12.109052 -3.735715 -2.866783 0.0 -0.0 0.0 1.291986 -1.928549 -1.498089 14.800125 0.567468 3.865605 14.242569 -1.341736 -6.660656 19.631966 0.143926 -0.648243 49.755829 -0.643893 -6.389718 0.353027 -1.511149 -0.03194 20.222788 3.684308 2.31663 18.78727 6e-06 -1e-06 10.751627 -0.479867 1.397906 1e-06 2e-06 -0.0 3.273806 0.305946 -0.58011 21.486813 11.830369 2.266131 8.162928 1e-06 -2e-06 18.399082 -3.798983 -4.940576 2e-06 -0.0 -2e-06 5.257754 6.634052 -2.608835 -0.120384 -0.177586 14.252786 -8.434851 2.029711 -5.358776 1.667224 -1.939602 0.853207 -0.0 -1e-06 2e-06 -7.588432 -7.376849 2.656519 -0.022154 0.104009 13.062856 8.658751 -2.632614 -8.593957 -1.444486 1.078693 1.314391 -0.0 -0.0 -1e-06 
0.0 0.0 0.0 0.0 -0.0 0.0 1.710473 99.056938 5.929596 1.080647 3.933881 -4.950704 0.26253 0.035541 0.264069 -0.411117 0.367939 -5.53716 -1.934898 -1.822842 11.570458 1.688002 1.184919 31.169374 -0.325401 0.364537 -3.983015 -1.495912 0.321112 -24.73485 7.7e-05 -2.2e-05 6e-06 0.021052 -0.073385 0.144117 0.544041 -3.841672 -10.565141 -0.503925 3.706716 -10.501908 -22.869282 -11.937868 20.598669 -54.049946 0.529158 1.885252 0.514176 -39.762989 -0.131137 13.501579 4.553127 8.69281 -5.882106 9.861285 0.702591 -10.936873 -0.360575 7.156207 1e-06 8.774825 0.0 -16.046373 17.946951 6.010081 -1.844032 2.498504 -2.507278 -10.163601 4.678945 4.62111 -20.976027 -2e-06 1e-06 -21.22629 2.451697 -3.594001 0.0 -6e-06 -0.0 -1.362682 2.240798 -0.746326 -21.334917 0.58491 3.008324 -13.821216 -2e-06 2e-06 -23.887175 -0.249078 -0.839481 -60.049549 2.473639 -0.90758 -0.294025 1.679687 0.833257 -14.218208 0.093215 1.300581 -34.212051 -0.287562 0.96717 -20.033215 0.964538 1.212845 0.0 1e-06 -1e-06 -3.44039 0.788233 0.501655 -15.928191 -3.167308 2.999708 -6.338828 -1e-06 0.0 -18.123453 3.648183 -4.90567 -5e-06 -0.0 -2e-06 15.092784 19.055691 20.298521 62.999458 1.221544 5.716984 -0.407637 40.142479 -0.274078 -6.272206 -2.062786 12.723555 2.243541 -5.255037 -3.180157 14.282891 -0.826595 6.952504 -2e-06 -12.690603 1e-06 15.957016 -17.584267 2.78819 1.665666 -1.955921 -2.878298 4.7278 -4.170588 4.993927 11.020526 3e-06 -1e-06 12.109052 -3.735716 -2.866786 0.0 0.0 1e-06 1.291985 -1.92855 -1.49809 14.800129 0.567466 3.86561 14.242569 -1.341737 -6.660656 19.631968 0.143925 -0.648244 49.755146 -0.629442 -6.386083 0.353029 -1.511151 -0.031941 20.222794 3.684309 2.316631 18.787273 3e-06 -1e-06 10.751628 -0.479869 1.397906 1e-06 2e-06 1e-06 3.273806 0.305948 -0.580112 21.486818 11.830376 2.266136 8.162928 2e-06 -0.0 18.39908 -3.798987 -4.940575 2e-06 -0.0 -2e-06 5.210436 6.383032 -2.512812 -0.110105 -0.147955 14.446285 -8.518381 2.271232 -5.599609 1.670608 -1.95543 0.818071 0.0 -0.0 2e-06 -7.654224 -7.353224 2.696027 -0.029518 0.09849 13.329286 8.609655 -2.608884 -8.846403 -1.444778 1.072865 1.233775 -0.0 -0.0 -1e-06 
0.0 0.0 0.0 0.0 -0.0 0.0 1.69756 99.010643 6.020511 1.124195 3.898112 -5.028275 0.244643 0.030324 0.240335 -0.398113 0.341391 -5.564129 -1.871378 -1.857043 11.654359 1.642874 1.227712 31.123028 -0.334446 0.335371 -3.983935 -1.50728 0.228987 -24.852299 7.7e-05 -2.3e-05 6e-06 0.020632 -0.102296 0.141229 0.538518 -3.871236 -10.559564 -0.499282 3.678577 -10.497609 -22.872412 -11.868418 20.562038 -54.064232 0.556736 2.055767 0.557034 -39.686188 -0.102883 13.375853 4.649666 8.58292 -5.882108 9.861285 0.70259 -10.936873 -0.360575 7.156206 0.0 8.774826 -1e-06 -16.063061 17.975224 6.043473 -1.844033 2.498504 -2.507277 -10.163603 4.678944 4.621109 -20.976027 -3e-06 5e-06 -21.226288 2.451698 -3.593999 1e-06 -6e-06 -0.0 -1.362681 2.240797 -0.746323 -21.334917 0.58491 3.008323 -13.821216 -2e-06 1e-06 -23.887175 -0.249078 -0.839482 -60.266884 2.47706 -0.930856 -0.294025 1.679688 0.833257 -14.218212 0.093215 1.300581 -34.212063 -0.287564 0.96717 -20.033218 0.964536 1.212843 -1e-06 2e-06 -1e-06 -3.440389 0.788234 0.501656 -15.928191 -3.167308 2.999707 -6.338828 -1e-06 1e-06 -18.123453 3.648183 -4.90567 -4e-06 0.0 -2e-06 15.250689 18.849951 20.242781 63.059135 1.040471 5.689071 -0.450244 40.004845 -0.233623 -6.249523 -2.039186 12.901729 2.243543 -5.255037 -3.180157 14.282894 -0.826596 6.9525 -1e-06 -12.690607 -1e-06 15.919272 -17.611967 2.816164 1.665666 -1.955922 -2.878298 4.7278 -4.170589 4.993923 11.020527 2e-06 -0.0 12.109053 -3.735718 -2.866785 0.0 -0.0 1e-06 1.291986 -1.92855 -1.498087 14.800129 0.567465 3.865609 14.242576 -1.341738 -6.660656 19.631969 0.143923 -0.648246 49.77581 -0.618345 -6.355835 0.35303 -1.511152 -0.031941 20.222794 3.684309 2.316633 18.787273 3e-06 -1e-06 10.751629 -0.47987 1.397906 1e-06 2e-06 -0.0 3.273806 0.305947 -0.58011 21.486816 11.830376 2.266132 8.162928 0.0 -1e-06 18.399086 -3.798987 -4.940578 2e-06 -0.0 -3e-06 5.165753 6.166311 -2.473884 -0.09503 -0.113235 14.680211 -8.586465 2.504604 -5.847346 1.672589 -1.966858 0.835057 -0.0 -1e-06 2e-06 -7.725696 -7.397979 2.673117 -0.032895 0.095442 13.671809 8.573256 -2.536566 -9.127615 -1.44022 1.067546 1.125276 -0.0 -0.0 -1e-06 
0.0 0.0 0.0 0.0 -0.0 0.0 1.657733 99.173943 6.10289 1.216765 3.746018 -5.041319 0.221956 0.037585 0.144042 -0.375386 0.238662 -5.612647 -1.79363 -1.791128 11.632863 1.465058 1.338781 31.521507 -0.336926 0.164514 -3.996504 -1.453606 0.061852 -25.230001 7.7e-05 -2.2e-05 6e-06 0.022599 -0.127576 0.141697 0.532141 -3.899929 -10.565302 -0.489108 3.655571 -10.504165 -23.096588 -11.731513 20.662207 -54.161053 0.606269 1.725879 0.574291 -39.723412 -0.06646 13.9554 4.565512 9.045313 -5.882105 9.861284 0.702591 -10.936871 -0.360575 7.156208 -0.0 8.774824 -1e-06 -16.169884 17.969309 5.972527 -1.844034 2.498504 -2.507277 -10.163601 4.678945 4.621109 -20.976025 -4e-06 2e-06 -21.226286 2.451697 -3.594 0.0 -6e-06 -1e-06 -1.362682 2.240797 -0.746322 -21.334913 0.584909 3.008323 -13.821213 -3e-06 0.0 -23.887167 -0.249079 -0.839481 -60.515293 2.433275 -0.932011 -0.294024 1.679687 0.833256 -14.218208 0.093215 1.30058 -34.212051 -0.287563 0.967172 -20.033211 0.964538 1.212843 1e-06 0.0 -0.0 -3.440389 0.788233 0.501658 -15.928189 -3.167308 2.999707 -6.338826 -2e-06 1e-06 -18.123444 3.648183 -4.905668 -5e-06 -0.0 -2e-06 15.420438 18.942768 20.26577 63.240524 0.565517 4.949083 -0.324201 40.25 -0.248536 -6.236648 -2.320364 13.810696 2.243542 -5.255037 -3.180158 14.282893 -0.826595 6.952499 -3e-06 -12.690605 3e-06 15.934244 -17.651255 2.820045 1.665668 -1.955922 -2.878297 4.727799 -4.170589 4.993924 11.020528 3e-06 -1e-06 12.109055 -3.735716 -2.866786 0.0 0.0 1e-06 1.291986 -1.928549 -1.498091 14.800132 0.567467 3.865604 14.242577 -1.341734 -6.66066 19.631971 0.143928 -0.648248 49.795948 -0.583315 -6.364612 0.353029 -1.511151 -0.03194 20.222795 3.68431 2.316628 18.787273 6e-06 -3e-06 10.751629 -0.479868 1.397906 1e-06 2e-06 -0.0 3.273808 0.305947 -0.58011 21.48682 11.830378 2.266129 8.16293 1e-06 -2e-06 18.399088 -3.798985 -4.94058 3e-06 -1e-06 -3e-06 5.079312 6.107411 -1.530504 -0.072809 -0.081652 13.020568 -8.538453 3.016558 -5.179295 1.67071 -1.991495 0.852279 0.0 0.0 2e-06 -7.840724 -7.405736 3.423621 -0.034817 0.087178 12.284011 8.562752 -2.437357 -8.368392 -1.443808 1.066914 1.103884 -0.0 -0.0 -1e-06 
0.0 0.0 0.0 0.0 -0.0 0.0 1.689452 99.195053 6.201607 1.345336 3.632552 -5.000651 0.125888 -0.034431 0.053704 -0.356746 0.375368 -5.678747 -1.776052 -1.897947 11.637359 1.346216 1.412642 31.642321 -0.377579 0.259856 -3.972539 -1.389441 0.015579 -25.282965 7.7e-05 -2.2e-05 6e-06 0.017867 -0.113764 0.150652 0.510347 -3.885756 -10.545621 -0.476419 3.672407 -10.492979 -23.124653 -11.845523 20.731258 -54.588783 0.862702 1.308409 0.575341 -39.724339 -0.04194 14.27042 4.373189 8.62656 -5.88211 9.86129 0.70259 -10.936877 -0.360575 7.156209 0.0 8.77483 -0.0 -16.049662 18.168619 6.013558 -1.844035 2.498507 -2.507279 -10.163604 4.678948 4.62111 -20.976038 -3e-06 -1e-06 -21.226299 2.451698 -3.594 0.0 -6e-06 -1e-06 -1.362683 2.240799 -0.746322 -21.334925 0.58491 3.008323 -13.82122 -2e-06 0.0 -23.887182 -0.249079 -0.839487 -60.308018 2.600145 -1.157361 -0.294024 1.679688 0.833256 -14.218215 0.093215 1.300579 -34.212067 -0.287564 0.967169 -20.033222 0.964536 1.212842 0.0 1e-06 -2e-06 -3.44039 0.788234 0.501655 -15.928194 -3.16731 2.999705 -6.338829 -1e-06 1e-06 -18.123457 3.648183 -4.905674 -4e-06 -0.0 -2e-06 15.666224 18.976015 20.609959 63.498058 0.52353 4.819242 -0.534506 40.032558 -0.172922 -6.518657 -2.329386 13.398992 2.243543 -5.255037 -3.180157 14.282896 -0.826596 6.952499 -2e-06 -12.690607 1e-06 15.900397 -17.630861 2.811005 1.665668 -1.955921 -2.878298 4.7278 -4.170589 4.993924 11.020532 2e-06 -2e-06 12.109058 -3.735717 -2.866786 0.0 0.0 1e-06 1.291987 -1.928548 -1.498089 14.800134 0.567467 3.865604 14.242581 -1.341737 -6.660661 19.631981 0.143926 -0.648247 49.817299 -0.68504 -6.272258 0.353029 -1.511151 -0.03194 20.222801 3.684309 2.316627 18.787283 4e-06 -3e-06 10.751633 -0.47987 1.397905 1e-06 2e-06 -0.0 3.273808 0.305946 -0.580111 21.48682 11.830378 2.266131 8.16293 2e-06 -2e-06 18.399088 -3.798985 -4.94058 2e-06 -0.0 -2e-06 4.919377 6.312795 -1.300629 -0.076257 -0.077888 12.611836 -8.315757 3.022372 -5.113186 1.662776 -1.955953 0.832134 -0.0 0.0 2e-06 -8.036701 -7.556097 3.451888 0.007963 0.061906 12.190742 8.636065 -2.350936 -8.090588 -1.429504 1.107376 0.994631 0.0 0.0 -1e-06 
0.0 0.0 0.0 0.0 -0.0 0.0 1.731905 99.173019 6.275798 1.441042 3.666313 -4.897139 0.065241 -0.087525 -0.061411 -0.354279 0.443038 -5.742512 -1.765601 -2.022452 11.551314 1.271497 1.495692 31.915855 -0.380073 0.237951 -3.94304 -1.442149 0.036128 -25.378105 7.7e-05 -2.2e-05 6e-06 0.015341 -0.094331 0.155008 0.502827 -3.863524 -10.526464 -0.473679 3.690771 -10.484836 -23.080214 -12.009519 20.886105 -55.099842 1.081903 0.819134 0.727855 -39.683559 -0.179196 14.346615 4.109224 8.172512 -5.882108 9.861288 0.70259 -10.936873 -0.360575 7.156211 -1e-06 8.774827 -1e-06 -15.912691 18.308201 6.090543 -1.844033 2.498506 -2.507279 -10.163601 4.678947 4.621111 -20.976027 -1e-06 3e-06 -21.226288 2.451699 -3.594001 0.0 -6e-06 -0.0 -1.362682 2.240798 -0.746323 -21.334917 0.584913 3.008326 -13.821217 -1e-06 2e-06 -23.887175 -0.249076 -0.839483 -60.147316 2.664536 -1.272833 -0.294025 1.679688 0.833256 -14.218212 0.093216 1.300583 -34.212051 -0.287559 0.967172 -20.033215 0.964541 1.212845 0.0 1e-06 0.0 -3.44039 0.788234 0.501657 -15.928189 -3.167309 2.999709 -6.338827 0.0 2e-06 -18.123447 3.648185 -4.905669 -5e-06 0.0 -2e-06 15.94917 18.961805 20.994627 63.679153 0.371577 4.17248 -0.457225 40.068348 0.008925 -6.766181 -2.362134 13.198544 2.243543 -5.25504 -3.180161 14.2829 -0.826596 6.952508 -1e-06 -12.690612 -1e-06 15.838396 -17.59058 2.799613 1.665667 -1.955924 -2.878302 4.727804 -4.170592 4.993928 11.020535 2e-06 -0.0 12.10906 -3.735719 -2.866789 0.0 0.0 -0.0 1.291986 -1.928551 -1.498091 14.800139 0.567468 3.865612 14.242582 -1.341739 -6.66066 19.631979 0.143926 -0.648246 49.760754 -0.749502 -6.198581 0.353027 -1.511151 -0.031941 20.222803 3.68431 2.316629 18.787287 4e-06 -1e-06 10.751636 -0.479868 1.397906 1e-06 2e-06 1e-06 3.273809 0.305947 -0.580111 21.48683 11.830382 2.266136 8.162934 2e-06 -0.0 18.399096 -3.798988 -4.94058 2e-06 0.0 -2e-06 4.820861 6.673375 -1.418143 -0.097714 -0.095634 12.732405 -8.182074 2.844385 -5.226341 1.662151 -1.918719 0.906093 0.0 0.0 2e-06 -8.187582 -7.718143 3.230971 0.02788 0.047553 12.482205 8.619184 -2.239559 -7.911439 -1.417344 1.121367 0.970986 -0.0 0.0 -1e-06 
0.0 0.0 0.0 0.0 -0.0 0.0 1.777259 99.144539 6.331217 1.525853 3.716984 -4.767015 0.00444 -0.133036 -0.157926 -0.358114 0.467357 -5.802187 -1.753532 -2.155831 11.403631 1.2285 1.582403 32.36657 -0.395039 0.174347 -3.922771 -1.505508 0.028515 -25.626389 7.7e-05 -2.2e-05 6e-06 0.013695 -0.077442 0.157092 0.503024 -3.84173 -10.514147 -0.476911 3.703241 -10.480918 -23.068779 -12.21052 21.060642 -55.517181 1.317413 0.304084 0.88254 -39.567184 -0.339634 14.350614 3.779635 7.881249 -5.882106 9.861285 0.70259 -10.936875 -0.360577 7.156204 3e-06 8.774826 1e-06 -15.777745 18.360756 6.149375 -1.844032 2.498504 -2.507278 -10.163601 4.678944 4.621109 -20.97603 -9e-06 -1e-06 -21.226292 2.451692 -3.593999 0.0 -6e-06 -1e-06 -1.362682 2.240798 -0.746324 -21.334921 0.584904 3.008319 -13.821218 -6e-06 0.0 -23.887178 -0.249084 -0.839481 -60.032623 2.682278 -1.311828 -0.294025 1.679687 0.833256 -14.218212 0.093211 1.30058 -34.212063 -0.287573 0.967171 -20.03322 0.964531 1.212847 1e-06 1e-06 0.0 -3.440389 0.788232 0.501655 -15.928191 -3.167314 2.999704 -6.338827 -3e-06 -1e-06 -18.123453 3.648179 -4.905671 -5e-06 0.0 -2e-06 16.288074 18.997307 21.459362 63.759216 0.208568 3.396828 -0.459084 40.250809 0.102007 -6.911847 -2.456251 13.094083 2.243541 -5.255037 -3.180157 14.282896 -0.826592 6.952504 -6e-06 -12.690606 1e-06 15.769973 -17.538958 2.790854 1.665666 -1.95592 -2.878299 4.727799 -4.170587 4.993926 11.020529 6e-06 0.0 12.109056 -3.735713 -2.866785 0.0 -0.0 1e-06 1.291986 -1.928549 -1.498091 14.800138 0.567472 3.865609 14.242579 -1.341733 -6.660656 19.631975 0.14393 -0.648241 49.683128 -0.790025 -6.171212 0.35303 -1.511151 -0.03194 20.222801 3.684315 2.316631 18.787279 9e-06 2e-06 10.751633 -0.479868 1.397908 1e-06 2e-06 1e-06 3.273809 0.305948 -0.580112 21.486828 11.830382 2.266135 8.16293 3e-06 -0.0 18.399088 -3.798982 -4.940576 2e-06 0.0 -2e-06 4.812861 7.141122 -1.616383 -0.121553 -0.124583 12.957188 -8.182987 2.630617 -5.387749 1.663928 -1.899737 1.008002 0.0 -0.0 2e-06 -8.327259 -7.828267 2.935219 0.031776 0.051509 12.843969 8.576361 -2.115583 -7.735949 -1.409643 1.117288 0.970585 -0.0 -0.0 -1e-06 
0.0 0.0 0.0 0.0 -0.0 0.0 1.819002 99.129967 6.355373 1.592795 3.735936 -4.630243 -0.046945 -0.164737 -0.230762 -0.365274 0.458539 -5.862974 -1.724931 -2.277052 11.236104 1.164641 1.671393 32.916649 -0.426317 0.092108 -3.912385 -1.515078 -0.040589 -26.008549 7.7e-05 -2.2e-05 6e-06 0.01254 -0.067634 0.157952 0.504483 -3.827451 -10.504485 -0.480467 3.708356 -10.475986 -23.073793 -12.443331 21.264345 -55.867897 1.525345 -0.145119 1.015854 -39.390381 -0.468703 14.437832 3.460683 7.847258 -5.882109 9.861288 0.702591 -10.936877 -0.360574 7.156208 1e-06 8.774828 1e-06 -15.689658 18.377918 6.194591 -1.844033 2.498506 -2.507279 -10.163603 4.678946 4.621111 -20.97603 -4e-06 1e-06 -21.226294 2.451698 -3.594001 1e-06 -6e-06 -0.0 -1.362682 2.240798 -0.746322 -21.334921 0.584909 3.008324 -13.821218 -2e-06 2e-06 -23.88718 -0.249079 -0.839484 -59.95166 2.694383 -1.287679 -0.294025 1.679688 0.833256 -14.218214 0.093214 1.300581 -34.212063 -0.287563 0.967171 -20.033222 0.964535 1.212843 -0.0 0.0 0.0 -3.440389 0.788235 0.501657 -15.928191 -3.16731 2.999707 -6.338828 -1e-06 -0.0 -18.123453 3.648183 -4.905673 -4e-06 1e-06 -1e-06 16.604422 19.095409 21.912554 63.771114 0.023889 2.739501 -0.59454 40.54031 0.108749 -6.979636 -2.637504 12.891181 2.243542 -5.255038 -3.180159 14.282896 -0.826594 6.952506 -4e-06 -12.690607 -1e-06 15.742887 -17.501053 2.77475 1.665666 -1.955921 -2.878298 4.727799 -4.170588 4.993927 11.020529 4e-06 -0.0 12.109055 -3.735715 -2.866783 0.0 0.0 -0.0 1.291986 -1.92855 -1.498089 14.800132 0.56747 3.865608 14.242576 -1.341735 -6.660659 19.631973 0.143928 -0.648244 49.644222 -0.803904 -6.160396 0.353029 -1.511152 -0.031941 20.222801 3.684313 2.316633 18.787281 7e-06 -0.0 10.751631 -0.479869 1.397907 1e-06 2e-06 2e-06 3.273808 0.305947 -0.580112 21.486822 11.830381 2.266133 8.16293 3e-06 -0.0 18.399086 -3.798984 -4.940574 2e-06 0.0 -1e-06 4.761417 7.606289 -1.804393 -0.137815 -0.146764 13.091888 -8.125615 2.480824 -5.487864 1.666398 -1.889489 1.086053 -0.0 -0.0 2e-06 -8.430707 -7.875734 2.758617 0.025087 0.053238 13.096847 8.541179 -2.019443 -7.594957 -1.407894 1.111803 0.997732 -0.0 -0.0 -1e-06 
0.0 0.0 0.0 0.0 -0.0 0.0 1.869541 99.121628 6.340302 1.644262 3.731797 -4.486918 -0.078521 -0.183687 -0.2865 -0.375385 0.435189 -5.927194 -1.686486 -2.375638 11.073684 1.066159 1.753003 33.493526 -0.464733 0.019331 -3.906721 -1.477819 -0.155211 -26.449234 7.7e-05 -2.2e-05 6e-06 0.011528 -0.05726 0.160776 0.505688 -3.814987 -10.497666 -0.483613 3.716372 -10.471954 -23.100142 -12.71314 21.509417 -56.160637 1.689914 -0.556492 1.12105 -39.195873 -0.544626 14.609476 3.15874 7.967834 -5.882106 9.861287 0.702592 -10.936875 -0.360574 7.156206 1e-06 8.774827 1e-06 -15.641874 18.37211 6.231561 -1.844032 2.498505 -2.507276 -10.163603 4.678946 4.62111 -20.976028 -3e-06 2e-06 -21.226292 2.451699 -3.594 0.0 -6e-06 -1e-06 -1.362682 2.240799 -0.746324 -21.334921 0.58491 3.008324 -13.821217 -2e-06 1e-06 -23.887178 -0.249078 -0.839481 -59.894478 2.69279 -1.226446 -0.294026 1.679688 0.833256 -14.218214 0.093215 1.300583 -34.212063 -0.287564 0.967172 -20.033222 0.964538 1.212846 1e-06 2e-06 -2e-06 -3.44039 0.788234 0.501656 -15.928192 -3.167311 2.99971 -6.338829 -1e-06 0.0 -18.123457 3.648184 -4.90567 -5e-06 0.0 -2e-06 16.852129 19.223787 22.325911 63.772533 -0.157401 2.135285 -0.755867 40.879658 0.072672 -6.994593 -2.848136 12.662151 2.243543 -5.255038 -3.180159 14.282898 -0.826595 6.952507 -3e-06 -12.690609 -1e-06 15.752918 -17.473133 2.761988 1.665668 -1.955923 -2.878302 4.727801 -4.170588 4.993928 11.020534 3e-06 1e-06 12.109058 -3.735717 -2.866786 0.0 0.0 1e-06 1.291987 -1.928549 -1.498091 14.800138 0.56747 3.86561 14.24258 -1.341736 -6.66066 19.631977 0.143928 -0.648244 49.649239 -0.792854 -6.136732 0.353029 -1.511152 -0.031942 20.222801 3.684313 2.316633 18.787283 6e-06 -1e-06 10.751634 -0.47987 1.397907 1e-06 2e-06 1e-06 3.273808 0.305948 -0.58011 21.486822 11.83038 2.266135 8.16293 3e-06 -0.0 18.399088 -3.798985 -4.940574 3e-06 -0.0 -2e-06 4.707918 8.049921 -2.019975 -0.149962 -0.16599 13.219677 -8.043767 2.380703 -5.556908 1.667363 -1.891008 1.139633 -0.0 -0.0 2e-06 -8.494576 -7.889856 2.48931 0.011797 0.055397 13.313583 8.508742 -1.976911 -7.394621 -1.409329 1.108854 1.056743 -0.0 -0.0 -1e-06 
0.0 0.0 0.0 0.0 -0.0 0.0 1.926308 99.110832 6.295673 1.69319 3.716255 -4.33707 -0.09811 -0.188741 -0.333634 -0.385571 0.414591 -5.986356 -1.649161 -2.457764 10.910962 0.952168 1.818623 34.072685 -0.497298 -0.040631 -3.904137 -1.432106 -0.269316 -26.888079 7.7e-05 -2.2e-05 6e-06 0.011281 -0.044618 0.165661 0.505263 -3.803377 -10.491385 -0.483718 3.729851 -10.468921 -23.164904 -12.984335 21.762234 -56.398151 1.827586 -0.933468 1.226822 -39.041763 -0.586557 14.864843 2.883956 8.169986 -5.882109 9.861287 0.702591 -10.936875 -0.360574 7.156208 1e-06 8.774826 0.0 -15.619239 18.353266 6.255575 -1.844035 2.498504 -2.507278 -10.163606 4.678946 4.621109 -20.976036 -4e-06 -0.0 -21.226299 2.451697 -3.594003 1e-06 -6e-06 -1e-06 -1.362682 2.240799 -0.746325 -21.334925 0.584909 3.008321 -13.82122 -3e-06 1e-06 -23.887182 -0.24908 -0.839486 -59.861343 2.685251 -1.155922 -0.294024 1.679688 0.833256 -14.218215 0.093214 1.300581 -34.212067 -0.287565 0.967168 -20.033222 0.964534 1.212844 2e-06 2e-06 -1e-06 -3.440391 0.788234 0.501655 -15.928192 -3.167311 2.999707 -6.338829 -0.0 -1e-06 -18.123457 3.648183 -4.905673 -4e-06 0.0 -2e-06 17.038763 19.38213 22.696423 63.781597 -0.324437 1.535132 -0.902426 41.242661 0.000481 -7.001712 -3.057525 12.558951 2.243542 -5.255036 -3.18016 14.282895 -0.826593 6.952501 -4e-06 -12.690601 -1e-06 15.780957 -17.454981 2.750116 1.665666 -1.955921 -2.878298 4.7278 -4.170586 4.993925 11.020528 4e-06 -1e-06 12.109054 -3.735715 -2.866783 1e-06 0.0 -0.0 1.291986 -1.928549 -1.498089 14.800132 0.567469 3.865606 14.242574 -1.341734 -6.660658 19.631969 0.143927 -0.648244 49.663658 -0.768422 -6.109292 0.353029 -1.511151 -0.03194 20.222797 3.68431 2.31663 18.787277 6e-06 -1e-06 10.751631 -0.479867 1.397907 1e-06 2e-06 -1e-06 3.273807 0.305946 -0.580111 21.486818 11.830376 2.266132 8.162929 2e-06 -2e-06 18.399084 -3.798982 -4.940573 2e-06 -0.0 -2e-06 4.636073 8.433146 -2.28452 -0.155557 -0.174986 13.393022 -7.959569 2.327355 -5.629008 1.666937 -1.900838 1.156613 -0.0 -0.0 2e-06 -8.557512 -7.878647 2.090423 -0.001179 0.060008 13.57867 8.510747 -1.965645 -7.185698 -1.412186 1.103095 1.123687 -0.0 -0.0 -1e-06 
