HIERARCHY
ROOT Root
{
  OFFSET 0.0 0.0 0.0
  CHANNELS 6 Xposition Yposition Zposition Zrotation Yrotation Xrotation
  JOINT Hips
  {
    OFFSET 0.0 100.0 0.0
    CHANNELS 6 Xposition Yposition Zposition Zrotation Yrotation Xrotation
    JOINT Spine1
    {
      OFFSET -0.013727 5.003763 -0.053727
      CHANNELS 3 Zrotation Yrotation Xrotation
      JOINT Spine2
      {
        OFFSET -0.0 7.125301 -0.029825
        CHANNELS 3 Zrotation Yrotation Xrotation
        JOINT Chest
        {
          OFFSET -1e-06 7.550063 -0.815971
          CHANNELS 3 Zrotation Yrotation Xrotation
          JOINT Neck1
          {
            OFFSET -0.181677 26.311295 -0.553348
            CHANNELS 3 Zrotation Yrotation Xrotation
            JOINT Neck2
            {
              OFFSET -3e-06 7.709397 2.302585
              CHANNELS 3 Zrotation Yrotation Xrotation
              JOINT Head
              {
                OFFSET -5e-06 6.128916 1.953709
                CHANNELS 3 Zrotation Yrotation Xrotation
                JOINT HeadEnd
                {
                  OFFSET 0.003598 16.065403 -1.835379
                  CHANNELS 3 Zrotation Yrotation Xrotation
                }
                JOINT Jaw
                {
                  OFFSET 0.002637 0.475592 3.094941
                  CHANNELS 3 Zrotation Yrotation Xrotation
                }
                JOINT LeftEye
                {
                  OFFSET 3.206381 5.380205 7.586883
                  CHANNELS 3 Zrotation Yrotation Xrotation
                }
                JOINT RightEye
                {
                  OFFSET -3.22244 5.361869 7.558234
                  CHANNELS 3 Zrotation Yrotation Xrotation
                }
              }
            }
          }
          JOINT LeftShoulder
          {
            OFFSET 1.621652 23.237164 5.113413
            CHANNELS 3 Zrotation Yrotation Xrotation
            JOINT LeftArm
            {
              OFFSET 14.919846 2e-06 -5.502326
              CHANNELS 3 Zrotation Yrotation Xrotation
              JOINT LeftForeArm
              {
                OFFSET 28.739307 0.0 -0.002588
                CHANNELS 3 Zrotation Yrotation Xrotation
                JOINT LeftHand
                {
                  OFFSET 27.093981 -1e-06 0.002609
                  CHANNELS 3 Zrotation Yrotation Xrotation
                  JOINT LeftHandThumb1
                  {
                    OFFSET 2.276482 -1.392045 3.191413
                    CHANNELS 3 Zrotation Yrotation Xrotation
                    JOINT LeftHandThumb2
                    {
                      OFFSET 4.012836 -1.828127 1.641654
                      CHANNELS 3 Zrotation Yrotation Xrotation
                      JOINT LeftHandThumb3
                      {
                        OFFSET 2.798515 0.0 -3e-06
                        CHANNELS 3 Zrotation Yrotation Xrotation
                        JOINT LeftHandThumbEnd
                        {
                          OFFSET 3.180793 -4e-06 4e-06
                          CHANNELS 3 Zrotation Yrotation Xrotation
                        }
                      }
                    }
                  }
                  JOINT LeftHandIndex1
                  {
                    OFFSET 3.247555 -0.531998 2.296169
                    CHANNELS 3 Zrotation Yrotation Xrotation
                    JOINT LeftHandIndex2
                    {
                      OFFSET 6.364578 0.01206 0.1786
                      CHANNELS 3 Zrotation Yrotation Xrotation
                      JOINT LeftHandIndex3
                      {
                        OFFSET 3.662364 0.0 0.0
                        CHANNELS 3 Zrotation Yrotation Xrotation
                        JOINT LeftHandIndex4
                        {
                          OFFSET 2.329242 4e-06 4e-06
                          CHANNELS 3 Zrotation Yrotation Xrotation
                          JOINT LeftHandIndexEnd
                          {
                            OFFSET 2.759615 -0.180537 -0.113024
                            CHANNELS 3 Zrotation Yrotation Xrotation
                          }
                        }
                      }
                    }
                  }
                  JOINT LeftHandMiddle1
                  {
                    OFFSET 3.163495 0.240981 1.000332
                    CHANNELS 3 Zrotation Yrotation Xrotation
                    JOINT LeftHandMiddle2
                    {
                      OFFSET 6.19078 -0.259278 -1.002548
                      CHANNELS 3 Zrotation Yrotation Xrotation
                      JOINT LeftHandMiddle3
                      {
                        OFFSET 4.35652 -4e-06 -1e-06
                        CHANNELS 3 Zrotation Yrotation Xrotation
                        JOINT LeftHandMiddle4
                        {
                          OFFSET 2.996877 -8e-06 0.0
                          CHANNELS 3 Zrotation Yrotation Xrotation
                          JOINT LeftHandMiddleEnd
                          {
                            OFFSET 2.304287 -0.294569 -0.031741
                            CHANNELS 3 Zrotation Yrotation Xrotation
                          }
                        }
                      }
                    }
                  }
                  JOINT LeftHandRing1
                  {
                    OFFSET 2.882643 -0.053652 -0.322543
                    CHANNELS 3 Zrotation Yrotation Xrotation
                    JOINT LeftHandRing2
                    {
                      OFFSET 5.854541 -0.486202 -1.373841
                      CHANNELS 3 Zrotation Yrotation Xrotation
                      JOINT LeftHandRing3
                      {
                        OFFSET 4.350578 0.0 3e-06
                        CHANNELS 3 Zrotation Yrotation Xrotation
                        JOINT LeftHandRing4
                        {
                          OFFSET 2.651321 7e-06 2e-06
                          CHANNELS 3 Zrotation Yrotation Xrotation
                          JOINT LeftHandRingEnd
                          {
                            OFFSET 1.936105 0.077687 -7.1e-05
                            CHANNELS 3 Zrotation Yrotation Xrotation
                          }
                        }
                      }
                    }
                  }
                  JOINT LeftHandPinky1
                  {
                    OFFSET 2.8655 -0.310005 -1.600378
                    CHANNELS 3 Zrotation Yrotation Xrotation
                    JOINT LeftHandPinky2
                    {
                      OFFSET 5.087849 -1.331141 -1.77123
                      CHANNELS 3 Zrotation Yrotation Xrotation
                      JOINT LeftHandPinky3
                      {
                        OFFSET 3.070974 4e-06 0.0
                        CHANNELS 3 Zrotation Yrotation Xrotation
                        JOINT LeftHandPinky4
                        {
                          OFFSET 1.549672 0.0 1e-06
                          CHANNELS 3 Zrotation Yrotation Xrotation
                          JOINT LeftHandPinkyEnd
                          {
                            OFFSET 1.944893 -0.157802 0.057219
                            CHANNELS 3 Zrotation Yrotation Xrotation
                          }
                        }
                      }
                    }
                  }
                }
              }
            }
          }
          JOINT RightShoulder
          {
            OFFSET -1.380118 23.180309 5.214158
            CHANNELS 3 Zrotation Yrotation Xrotation
            JOINT RightArm
            {
              OFFSET -15.037196 1.2e-05 -5.545604
              CHANNELS 3 Zrotation Yrotation Xrotation
              JOINT RightForeArm
              {
                OFFSET -28.736639 2e-06 -0.002597
                CHANNELS 3 Zrotation Yrotation Xrotation
                JOINT RightHand
                {
                  OFFSET -27.133619 -0.0 0.002613
                  CHANNELS 3 Zrotation Yrotation Xrotation
                  JOINT RightHandThumb1
                  {
                    OFFSET -2.274032 -1.383988 3.163127
                    CHANNELS 3 Zrotation Yrotation Xrotation
                    JOINT RightHandThumb2
                    {
                      OFFSET -4.011429 -1.827466 1.640914
                      CHANNELS 3 Zrotation Yrotation Xrotation
                      JOINT RightHandThumb3
                      {
                        OFFSET -2.794935 -4e-06 -3e-06
                        CHANNELS 3 Zrotation Yrotation Xrotation
                        JOINT RightHandThumbEnd
                        {
                          OFFSET -3.183852 4e-06 1e-06
                          CHANNELS 3 Zrotation Yrotation Xrotation
                        }
                      }
                    }
                  }
                  JOINT RightHandIndex1
                  {
                    OFFSET -3.253266 -0.520057 2.282866
                    CHANNELS 3 Zrotation Yrotation Xrotation
                    JOINT RightHandIndex2
                    {
                      OFFSET -6.341917 0.012471 0.178266
                      CHANNELS 3 Zrotation Yrotation Xrotation
                      JOINT RightHandIndex3
                      {
                        OFFSET -3.654871 -8e-06 -0.0
                        CHANNELS 3 Zrotation Yrotation Xrotation
                        JOINT RightHandIndex4
                        {
                          OFFSET -2.327586 0.0 1e-06
                          CHANNELS 3 Zrotation Yrotation Xrotation
                          JOINT RightHandIndexEnd
                          {
                            OFFSET -2.76179 -0.180656 -0.113078
                            CHANNELS 3 Zrotation Yrotation Xrotation
                          }
                        }
                      }
                    }
                  }
                  JOINT RightHandMiddle1
                  {
                    OFFSET -3.168106 0.246593 1.00103
                    CHANNELS 3 Zrotation Yrotation Xrotation
                    JOINT RightHandMiddle2
                    {
                      OFFSET -6.180828 -0.258836 -1.000895
                      CHANNELS 3 Zrotation Yrotation Xrotation
                      JOINT RightHandMiddle3
                      {
                        OFFSET -4.348901 0.0 -0.0
                        CHANNELS 3 Zrotation Yrotation Xrotation
                        JOINT RightHandMiddle4
                        {
                          OFFSET -3.00024 -4e-06 -2e-06
                          CHANNELS 3 Zrotation Yrotation Xrotation
                          JOINT RightHandMiddleEnd
                          {
                            OFFSET -2.30252 -0.29437 -0.031706
                            CHANNELS 3 Zrotation Yrotation Xrotation
                          }
                        }
                      }
                    }
                  }
                  JOINT RightHandRing1
                  {
                    OFFSET -2.88569 -0.067952 -0.308858
                    CHANNELS 3 Zrotation Yrotation Xrotation
                    JOINT RightHandRing2
                    {
                      OFFSET -5.854198 -0.48613 -1.373731
                      CHANNELS 3 Zrotation Yrotation Xrotation
                      JOINT RightHandRing3
                      {
                        OFFSET -4.33881 -4e-06 -0.0
                        CHANNELS 3 Zrotation Yrotation Xrotation
                        JOINT RightHandRing4
                        {
                          OFFSET -2.654903 -4e-06 4e-06
                          CHANNELS 3 Zrotation Yrotation Xrotation
                          JOINT RightHandRingEnd
                          {
                            OFFSET -1.933568 0.077527 -5.2e-05
                            CHANNELS 3 Zrotation Yrotation Xrotation
                          }
                        }
                      }
                    }
                  }
                  JOINT RightHandPinky1
                  {
                    OFFSET -2.866425 -0.342796 -1.584145
                    CHANNELS 3 Zrotation Yrotation Xrotation
                    JOINT RightHandPinky2
                    {
                      OFFSET -5.091371 -1.332055 -1.772385
                      CHANNELS 3 Zrotation Yrotation Xrotation
                      JOINT RightHandPinky3
                      {
                        OFFSET -3.062664 -4e-06 1e-06
                        CHANNELS 3 Zrotation Yrotation Xrotation
                        JOINT RightHandPinky4
                        {
                          OFFSET -1.546529 4e-06 -2e-06
                          CHANNELS 3 Zrotation Yrotation Xrotation
                          JOINT RightHandPinkyEnd
                          {
                            OFFSET -1.945119 -0.157718 0.057211
                            CHANNELS 3 Zrotation Yrotation Xrotation
                          }
                        }
                      }
                    }
                  }
                }
              }
            }
          }
        }
      }
    }
    JOINT LeftLeg
    {
      OFFSET 10.043214 -8.434526 2.595655
      CHANNELS 3 Zrotation Yrotation Xrotation
      JOINT LeftShin
      {
        OFFSET -1e-06 -43.221752 -0.802913
        CHANNELS 3 Zrotation Yrotation Xrotation
        JOINT LeftFoot
        {
          OFFSET 1e-06 -42.155094 -3.481523
          CHANNELS 3 Zrotation Yrotation Xrotation
          JOINT LeftToeBase
          {
            OFFSET 0.0 -5.059472 13.231529
            CHANNELS 3 Zrotation Yrotation Xrotation
            JOINT LeftToeEnd
            {
              OFFSET -0.009607 -1.647619 6.513017
              CHANNELS 3 Zrotation Yrotation Xrotation
            }
          }
        }
      }
    }
    JOINT RightLeg
    {
      OFFSET -10.047278 -8.29526 2.620317
      CHANNELS 3 Zrotation Yrotation Xrotation
      JOINT RightShin
      {
        OFFSET 1e-06 -43.362206 -0.805556
        CHANNELS 3 Zrotation Yrotation Xrotation
        JOINT RightFoot
        {
          OFFSET 2e-06 -42.117393 -3.478398
          CHANNELS 3 Zrotation Yrotation Xrotation
          JOINT RightToeBase
          {
            OFFSET -0.0 -5.079609 13.284196
            CHANNELS 3 Zrotation Yrotation Xrotation
            JOINT RightToeEnd
            {
              OFFSET 0.009532 -1.634378 6.460591
              CHANNELS 3 Zrotation Yrotation Xrotation
            }
          }
        }
      }
    }
  }
}
MOTION
Frames: 166
Frame Time: 0.03333333333333333
0.0 0.0 0.0 0.0 -0.0 0.0 -0.648437 99.946938 -0.615726 -0.116617 -1.44326 -0.222488 0.789109 -0.17276 -4.113101 -0.696125 0.028373 -6.230317 -2.823209 -1.688118 15.347914 -1.730438 3.647424 7.443227 0.341615 3.613563 -3.798439 -1.527516 4.062004 -4.344138 7.7e-05 -2.3e-05 6e-06 0.036459 -0.03655 -0.011342 0.757365 -3.754487 -10.657472 -0.687887 3.696451 -10.661273 -17.183023 -1.881406 12.881047 -44.847816 -1.629006 15.443305 -156.499985 -87.384834 155.545624 8.253692 5.194689 -31.426855 -5.88211 9.86129 0.702591 -10.936875 -0.360574 7.156209 -1e-06 8.774828 0.0 -15.720995 17.859583 6.581095 -1.844033 2.498505 -2.50728 -10.163608 4.678947 4.621113 -20.97604 -3e-06 -0.0 -21.226303 2.451698 -3.594004 -0.0 -6e-06 -1e-06 -1.362682 2.240798 -0.746324 -21.334929 0.584912 3.008323 -13.821221 -2e-06 0.0 -23.887182 -0.24908 -0.839487 -59.94101 2.953733 -1.262025 -0.294026 1.679688 0.833257 -14.218217 0.093215 1.30058 -34.212074 -0.287563 0.967167 -20.033226 0.964536 1.212842 -0.0 -0.0 0.0 -3.440389 0.788234 0.501656 -15.928198 -3.167308 2.999707 -6.33883 -1e-06 1e-06 -18.123459 3.648184 -4.905674 -5e-06 0.0 -2e-06 32.946369 1.920506 16.685913 35.929596 5.583075 22.466101 0.896269 52.294926 0.888583 2.474182 -27.060125 -18.025448 2.243543 -5.255037 -3.180157 14.282897 -0.826596 6.952505 -3e-06 -12.690609 2e-06 16.202477 -17.095652 2.405929 1.665667 -1.955922 -2.878299 4.727801 -4.170589 4.993926 11.020531 3e-06 -2e-06 12.109058 -3.735717 -2.866783 0.0 1e-06 -1e-06 1.291986 -1.92855 -1.498089 14.800136 0.567468 3.865609 14.242579 -1.341737 -6.660656 19.631975 0.143925 -0.648244 49.414654 -0.416432 -6.227407 0.353029 -1.511151 -0.03194 20.222801 3.68431 2.316631 18.787285 4e-06 0.0 10.751633 -0.47987 1.397907 -1e-06 -1e-06 1e-06 3.273808 0.305947 -0.58011 21.486822 11.830379 2.266135 8.16293 1e-06 -1e-06 18.399088 -3.798988 -4.940577 4e-06 0.0 -1e-06 6.51089 21.160269 -2.382106 -0.060617 -0.205642 9.207322 -6.732889 -1.749692 -4.417215 1.636354 -1.972572 0.077292 0.0 0.0 2e-06 -6.490527 -13.121425 -2.978952 0.004048 -0.035596 7.709986 8.379426 1.603536 -3.110381 -1.42284 0.91031 0.218387 -0.0 -0.0 -1e-06 
0.0 0.0 0.0 0.0 -0.0 0.0 -0.647589 99.949059 -0.718084 -0.052163 -1.150524 -0.241453 0.701106 -0.159931 -4.106645 -0.711447 0.059534 -6.244135 -3.098013 -1.70384 15.216598 -1.809389 3.75445 8.896478 0.364868 3.788295 -3.80527 -1.320983 4.115165 -4.417662 7.7e-05 -2.3e-05 6e-06 0.038441 -0.04127 -0.001939 0.746596 -3.754755 -10.63585 -0.673849 3.687919 -10.642099 -16.831787 -2.08579 12.414512 -44.302334 -4.739524 12.853769 -172.628616 -80.629814 171.592819 8.434029 5.450954 -35.368359 -5.882102 9.861284 0.702589 -10.936868 -0.360575 7.156204 1e-06 8.774826 -2e-06 -15.641079 18.205128 6.645895 -1.844032 2.498504 -2.507277 -10.163595 4.678944 4.621107 -20.976017 -4e-06 2e-06 -21.226278 2.451696 -3.594001 0.0 -6e-06 1e-06 -1.36268 2.240798 -0.746323 -21.334906 0.584907 3.008322 -13.821211 -4e-06 2e-06 -23.887161 -0.249081 -0.839482 -59.749683 2.964194 -1.366479 -0.294025 1.679687 0.833256 -14.218206 0.093214 1.300579 -34.212044 -0.287567 0.967172 -20.033209 0.964535 1.212844 -0.0 -0.0 -0.0 -3.440388 0.788232 0.501656 -15.928179 -3.167312 2.999706 -6.338825 -2e-06 1e-06 -18.123442 3.648181 -4.90567 -4e-06 0.0 -2e-06 32.64901 1.722422 16.52424 35.579056 5.813462 21.696873 1.003641 54.017952 0.983387 3.683105 -27.503534 -17.837925 2.243542 -5.255037 -3.180157 14.282894 -0.826595 6.9525 -2e-06 -12.690605 -1e-06 16.221403 -17.019588 2.392732 1.665666 -1.955921 -2.878299 4.727799 -4.170588 4.993925 11.020529 2e-06 -2e-06 12.109056 -3.735716 -2.866785 -1e-06 -0.0 1e-06 1.291986 -1.928549 -1.498089 14.800129 0.567468 3.865606 14.242574 -1.341737 -6.660658 19.631969 0.143926 -0.648245 49.332695 -0.400445 -6.156368 0.353029 -1.511151 -0.03194 20.222794 3.68431 2.316628 18.787273 5e-06 -3e-06 10.751629 -0.479867 1.397905 -2e-06 0.0 0.0 3.273807 0.305946 -0.580111 21.486818 11.830376 2.266132 8.162929 2e-06 -1e-06 18.399086 -3.798985 -4.940578 3e-06 1e-06 -1e-06 6.409088 21.164087 -2.494083 -0.053065 -0.197874 9.196943 -6.641353 -2.07221 -4.288868 1.637627 -1.950239 0.050085 0.0 0.0 2e-06 -6.564267 -13.286743 -3.051879 -0.005877 -0.024974 7.89372 8.254199 1.571569 -3.168366 -1.429932 0.91644 0.256989 -0.0 -0.0 -1e-06 
0.0 0.0 0.0 0.0 -0.0 0.0 -0.632186 99.945274 -0.836274 0.041625 -0.850008 -0.281954 0.57302 -0.1482 -4.076758 -0.746262 0.061621 -6.256736 -3.406813 -1.786095 15.066612 -1.898308 3.882647 10.35314 0.387218 3.952467 -3.802899 -1.132481 4.246704 -4.583296 7.7e-05 -2.3e-05 6e-06 0.038386 -0.05024 0.01314 0.739455 -3.75917 -10.609482 -0.667497 3.674982 -10.618249 -16.319956 -2.431625 11.937918 -44.006378 -8.717667 10.607611 -175.55986 -75.603935 174.492538 8.851457 6.097526 -39.183292 -5.882104 9.861293 0.70259 -10.93687 -0.360578 7.156211 0.0 8.774832 -3e-06 -15.705219 18.504128 6.566763 -1.844032 2.498507 -2.507279 -10.163598 4.678946 4.621112 -20.976025 -4e-06 4e-06 -21.226284 2.451698 -3.594002 -0.0 -6e-06 1e-06 -1.36268 2.2408 -0.746324 -21.334913 0.584907 3.008328 -13.821216 -3e-06 4e-06 -23.887175 -0.249078 -0.83948 -59.645405 2.957942 -1.492199 -0.294024 1.679688 0.833256 -14.218212 0.093213 1.300583 -34.212055 -0.287564 0.967176 -20.033218 0.964538 1.212847 -0.0 -1e-06 -0.0 -3.440389 0.788233 0.501655 -15.928189 -3.167314 2.999712 -6.338827 -2e-06 2e-06 -18.123447 3.648187 -4.905673 -3e-06 0.0 -2e-06 32.243015 1.543362 16.357979 35.189121 6.075871 20.759258 1.106249 56.226585 1.13577 4.858589 -28.032084 -17.977947 2.243543 -5.255039 -3.180157 14.282894 -0.826596 6.952501 -1e-06 -12.690609 -2e-06 16.234537 -16.996632 2.42129 1.665667 -1.955922 -2.8783 4.7278 -4.17059 4.993925 11.020529 2e-06 -2e-06 12.109057 -3.735718 -2.866787 -1e-06 -0.0 0.0 1.291986 -1.92855 -1.49809 14.800132 0.567467 3.865607 14.242577 -1.341738 -6.66066 19.631969 0.143926 -0.648247 49.361435 -0.390339 -6.114641 0.353029 -1.511151 -0.031941 20.222795 3.684309 2.316628 18.787275 4e-06 -4e-06 10.751631 -0.479869 1.397905 -2e-06 -0.0 -1e-06 3.273807 0.305947 -0.58011 21.486814 11.830378 2.266131 8.162928 2e-06 -1e-06 18.399088 -3.798986 -4.94058 3e-06 1e-06 -0.0 6.263925 21.105415 -2.610503 -0.041927 -0.176348 9.21595 -6.574609 -2.358768 -4.172391 1.634413 -1.935858 0.008145 0.0 0.0 2e-06 -6.685513 -13.428836 -3.175877 -0.011838 0.003492 8.216773 8.132182 1.542404 -3.281315 -1.437147 0.920551 0.256629 -0.0 -0.0 -1e-06 
0.0 0.0 0.0 0.0 -0.0 0.0 -0.597412 99.939835 -0.960068 0.133454 -0.625641 -0.324699 0.41751 -0.155296 -4.042237 -0.799042 0.010612 -6.257722 -3.698852 -1.897578 14.8867 -2.045307 4.084607 11.730261 0.439663 4.110231 -3.780702 -0.967968 4.466066 -4.806546 7.7e-05 -2.3e-05 6e-06 0.034245 -0.04838 0.032473 0.73335 -3.75799 -10.59203 -0.670416 3.678732 -10.602804 -15.675447 -2.828739 11.487645 -43.962593 -12.925097 8.743896 -177.103195 -72.575119 175.925018 9.702039 7.206162 -41.963169 -5.88211 9.861293 0.702589 -10.936877 -0.360576 7.156213 1e-06 8.774831 -1e-06 -15.907087 18.550894 6.341971 -1.844035 2.498507 -2.507281 -10.163606 4.678949 4.621113 -20.976034 -2e-06 2e-06 -21.226299 2.451699 -3.594004 0.0 -5e-06 -0.0 -1.362683 2.2408 -0.746324 -21.334929 0.584912 3.008327 -13.821221 -1e-06 2e-06 -23.887184 -0.249078 -0.839485 -59.56356 2.901514 -1.570924 -0.294026 1.679689 0.833257 -14.218218 0.093215 1.300581 -34.212074 -0.287562 0.967172 -20.033226 0.964539 1.212844 -0.0 1e-06 -0.0 -3.44039 0.788234 0.501656 -15.928201 -3.16731 2.999711 -6.338832 -0.0 1e-06 -18.123459 3.648187 -4.905674 -5e-06 1e-06 -2e-06 31.78808 1.34133 16.132265 34.715549 6.331013 19.458677 1.319428 59.042423 1.422434 5.685085 -28.500729 -18.454266 2.243543 -5.255038 -3.180157 14.282896 -0.826596 6.952503 -2e-06 -12.69061 -0.0 16.250221 -17.054655 2.469815 1.665667 -1.955922 -2.878299 4.727801 -4.17059 4.993924 11.020531 2e-06 -2e-06 12.109059 -3.735718 -2.866786 0.0 -0.0 -1e-06 1.291986 -1.92855 -1.49809 14.800132 0.567467 3.865609 14.242578 -1.341738 -6.66066 19.631975 0.143925 -0.648246 49.515015 -0.396005 -6.132617 0.353029 -1.511151 -0.031939 20.222799 3.684311 2.316628 18.787283 5e-06 -4e-06 10.751634 -0.479869 1.397904 -1e-06 -1e-06 1e-06 3.273808 0.305947 -0.58011 21.486818 11.83038 2.266132 8.16293 1e-06 -0.0 18.399088 -3.798987 -4.940579 4e-06 1e-06 -2e-06 6.111437 21.020048 -2.72566 -0.037148 -0.151881 9.265524 -6.548774 -2.560607 -4.027457 1.628424 -1.943708 -0.048327 -0.0 0.0 2e-06 -6.811887 -13.491817 -3.313382 -0.013143 0.036098 8.529846 8.05273 1.495085 -3.377745 -1.443932 0.915188 0.231359 -0.0 -0.0 -1e-06 
0.0 0.0 0.0 0.0 -0.0 0.0 -0.545642 99.936584 -1.073626 0.190216 -0.535474 -0.371141 0.261682 -0.181073 -4.006896 -0.843588 -0.066545 -6.256825 -3.965625 -2.022642 14.705374 -2.239875 4.324791 12.917282 0.504418 4.311509 -3.743729 -0.844819 4.750541 -5.077711 7.7e-05 -2.2e-05 6e-06 0.025772 -0.030371 0.048888 0.726328 -3.746445 -10.591734 -0.681158 3.704715 -10.60427 -15.014874 -3.209819 11.04695 -44.00074 -16.920881 7.167316 -178.084457 -71.225227 176.777237 10.86462 8.392432 -43.549751 -5.882105 9.86129 0.70259 -10.936872 -0.360579 7.156211 2e-06 8.77483 -3e-06 -16.124008 18.459713 6.092272 -1.844031 2.498506 -2.507277 -10.163601 4.678944 4.62111 -20.976023 -7e-06 6e-06 -21.226288 2.451697 -3.593998 0.0 -7e-06 -1e-06 -1.362681 2.240799 -0.746325 -21.334917 0.584905 3.008329 -13.821218 -4e-06 5e-06 -23.887175 -0.24908 -0.839477 -59.507847 2.832248 -1.607149 -0.294024 1.679688 0.833256 -14.21821 0.093213 1.300583 -34.212051 -0.287566 0.967179 -20.033215 0.964537 1.212849 -0.0 1e-06 0.0 -3.440389 0.788233 0.501657 -15.928189 -3.167315 2.999713 -6.338825 -0.0 3e-06 -18.123444 3.648182 -4.905669 -4e-06 2e-06 -1e-06 31.247393 1.060011 15.872085 34.152229 6.588985 17.640903 1.630694 62.625671 1.854441 5.829205 -28.644524 -19.375626 2.243543 -5.255041 -3.180159 14.282898 -0.826597 6.952506 -1e-06 -12.690613 -1e-06 16.199789 -17.185276 2.569243 1.665667 -1.955922 -2.8783 4.727803 -4.17059 4.993926 11.020535 1e-06 -1e-06 12.10906 -3.73572 -2.866786 -1e-06 -0.0 -1e-06 1.291986 -1.928551 -1.49809 14.800139 0.567466 3.865609 14.242582 -1.34174 -6.66066 19.631979 0.143924 -0.648247 49.727299 -0.427695 -6.1782 0.353029 -1.511151 -0.03194 20.222803 3.684309 2.316631 18.787287 2e-06 -4e-06 10.751634 -0.479869 1.397905 -1e-06 0.0 0.0 3.273808 0.305948 -0.580111 21.486824 11.830381 2.266137 8.162933 2e-06 0.0 18.399097 -3.798988 -4.94058 4e-06 0.0 -1e-06 5.997368 20.954697 -2.809138 -0.035438 -0.137607 9.335561 -6.555907 -2.638735 -4.006701 1.622211 -1.965787 -0.108693 0.0 0.0 2e-06 -6.900725 -13.418291 -3.400895 -0.015856 0.044662 8.696741 7.995213 1.472117 -3.399477 -1.446903 0.91215 0.184304 0.0 -0.0 -1e-06 
0.0 0.0 0.0 0.0 -0.0 0.0 -0.472241 99.930557 -1.166484 0.209249 -0.593185 -0.393377 0.117748 -0.234636 -3.993173 -0.867671 -0.12462 -6.260705 -4.223303 -2.163109 14.52944 -2.42105 4.523603 13.851898 0.568002 4.601327 -3.708514 -0.76851 5.063157 -5.380048 7.7e-05 -2.2e-05 6e-06 0.017105 -0.003448 0.055266 0.723557 -3.725771 -10.602519 -0.69658 3.739339 -10.617756 -14.473986 -3.545212 10.584861 -43.981277 -20.417961 5.812333 -178.758972 -70.985687 177.40863 12.177586 9.316954 -44.296173 -5.882108 9.861292 0.702589 -10.936876 -0.360577 7.156212 2e-06 8.774831 -2e-06 -16.269367 18.406544 5.902698 -1.844032 2.498506 -2.50728 -10.163605 4.678948 4.621112 -20.976032 -3e-06 3e-06 -21.226295 2.451699 -3.594002 0.0 -6e-06 -0.0 -1.362681 2.240799 -0.746324 -21.334923 0.584909 3.008329 -13.82122 -2e-06 4e-06 -23.88718 -0.249077 -0.839482 -59.544662 2.79581 -1.61732 -0.294024 1.679688 0.833256 -14.218215 0.093214 1.300582 -34.212067 -0.287563 0.967175 -20.033222 0.964539 1.212847 -0.0 1e-06 0.0 -3.440391 0.788233 0.501657 -15.928192 -3.167311 2.999713 -6.338829 -0.0 2e-06 -18.123455 3.648186 -4.905673 -3e-06 0.0 -2e-06 30.610535 0.693845 15.636912 33.43018 6.840399 15.303283 2.146949 67.097755 2.502249 5.014949 -28.356524 -20.910412 2.243542 -5.255039 -3.180157 14.28289 -0.826598 6.952505 0.0 -12.690608 2e-06 16.040268 -17.344959 2.714317 1.665666 -1.955922 -2.878299 4.727801 -4.170591 4.993927 11.020528 -0.0 -1e-06 12.109055 -3.73572 -2.866784 0.0 0.0 0.0 1.291986 -1.92855 -1.498089 14.800129 0.567465 3.865609 14.242574 -1.341741 -6.660656 19.631966 0.143922 -0.648246 49.877346 -0.474094 -6.223384 0.353029 -1.511152 -0.03194 20.222792 3.684307 2.316631 18.787273 -1e-06 -0.0 10.751627 -0.479872 1.397906 1e-06 1e-06 0.0 3.273807 0.305946 -0.58011 21.486813 11.830376 2.266134 8.16293 -1e-06 -1e-06 18.399088 -3.798989 -4.940578 3e-06 1e-06 -1e-06 5.906632 20.896719 -2.931111 -0.027419 -0.137232 9.514793 -6.539102 -2.572198 -4.074659 1.617959 -1.982317 -0.160739 -0.0 0.0 2e-06 -6.946984 -13.212414 -3.505983 -0.021888 0.027709 8.799551 7.963078 1.487279 -3.383531 -1.446516 0.914091 0.146843 0.0 -0.0 -1e-06 
0.0 0.0 0.0 0.0 -0.0 0.0 -0.371515 99.922005 -1.227165 0.202179 -0.77912 -0.376202 -0.011857 -0.305551 -4.011828 -0.87712 -0.164337 -6.278248 -4.472217 -2.294049 14.369902 -2.532432 4.644195 14.513877 0.638487 4.939808 -3.703897 -0.759902 5.379462 -5.694315 7.7e-05 -2.3e-05 6e-06 0.01154 0.014333 0.051198 0.726037 -3.708964 -10.611594 -0.710942 3.759255 -10.626575 -14.09739 -3.843552 10.145803 -43.901817 -23.212454 4.646553 -179.308289 -71.253632 178.019272 13.504227 9.759665 -44.650646 -5.882105 9.861285 0.70259 -10.936872 -0.360576 7.156207 1e-06 8.774826 -1e-06 -16.324505 18.401615 5.809534 -1.844033 2.498504 -2.507277 -10.1636 4.678945 4.621108 -20.976023 -4e-06 3e-06 -21.226288 2.451695 -3.593999 0.0 -6e-06 -0.0 -1.362681 2.240798 -0.746324 -21.334913 0.584908 3.008325 -13.821216 -3e-06 3e-06 -23.887175 -0.24908 -0.839481 -59.662743 2.786969 -1.6057 -0.294024 1.679687 0.833256 -14.21821 0.093214 1.30058 -34.212051 -0.287565 0.967173 -20.033215 0.964534 1.212846 -0.0 1e-06 -0.0 -3.44039 0.788233 0.501655 -15.928189 -3.167312 2.999708 -6.338826 -1e-06 3e-06 -18.123447 3.648182 -4.905668 -5e-06 1e-06 -1e-06 29.89636 0.262345 15.421275 32.467026 7.117066 12.830433 2.896946 72.351578 3.379212 3.301812 -27.762194 -22.664394 2.243542 -5.255037 -3.180156 14.282888 -0.826597 6.952502 -0.0 -12.690605 1e-06 15.808729 -17.503418 2.832784 1.665667 -1.955921 -2.878298 4.727799 -4.170588 4.993925 11.020526 1e-06 -1e-06 12.109052 -3.735717 -2.866783 1e-06 1e-06 0.0 1.291985 -1.928548 -1.498089 14.800125 0.567466 3.865607 14.242569 -1.341737 -6.660656 19.631966 0.143924 -0.648245 49.918976 -0.533386 -6.242537 0.353029 -1.511151 -0.031939 20.222788 3.684306 2.316629 18.78727 2e-06 -1e-06 10.751627 -0.47987 1.397904 1e-06 0.0 1e-06 3.273806 0.305948 -0.580111 21.486809 11.830372 2.266131 8.162927 1e-06 -2e-06 18.399082 -3.798985 -4.940575 3e-06 -1e-06 -1e-06 5.816284 20.857573 -3.094739 -0.008107 -0.151052 9.779441 -6.498516 -2.372819 -4.237347 1.614339 -1.979703 -0.198378 0.0 -0.0 2e-06 -6.971974 -12.970469 -3.642154 -0.027608 0.007789 8.858272 7.970388 1.584317 -3.336463 -1.444717 0.917741 0.118325 0.0 -0.0 -1e-06 
0.0 0.0 0.0 0.0 -0.0 0.0 -0.250833 99.915329 -1.256086 0.178923 -1.091933 -0.322186 -0.125855 -0.354487 -4.058934 -0.886454 -0.204603 -6.306853 -4.709992 -2.432013 14.224591 -2.559971 4.690731 14.913887 0.722135 5.283523 -3.70866 -0.822965 5.709059 -5.985683 7.7e-05 -2.3e-05 6e-06 0.008563 0.015822 0.043581 0.731297 -3.704044 -10.61266 -0.722681 3.757912 -10.625115 -13.838714 -4.127816 9.785309 -43.806347 -25.325239 3.53764 -179.718994 -71.67527 178.540741 14.799622 9.73433 -44.65387 -5.882106 9.861289 0.70259 -10.936871 -0.360577 7.156208 0.0 8.774828 -1e-06 -16.32593 18.393631 5.786176 -1.844033 2.498506 -2.507278 -10.1636 4.678946 4.621112 -20.97603 -3e-06 4e-06 -21.226292 2.451698 -3.594 0.0 -6e-06 -0.0 -1.362681 2.240799 -0.746322 -21.334919 0.584909 3.008325 -13.821213 -2e-06 3e-06 -23.887171 -0.249077 -0.839482 -59.834187 2.788163 -1.598514 -0.294025 1.679687 0.833257 -14.21821 0.093215 1.300582 -34.212051 -0.287563 0.967174 -20.033215 0.964538 1.212845 0.0 1e-06 -0.0 -3.440389 0.788233 0.501655 -15.928189 -3.167311 2.999709 -6.338827 -1e-06 3e-06 -18.123451 3.648185 -4.90567 -5e-06 0.0 -2e-06 29.138531 -0.161604 15.25172 31.108038 7.572461 10.497101 4.0151 78.134964 4.598574 0.996904 -26.937931 -23.686491 2.243543 -5.255037 -3.180158 14.282889 -0.826597 6.952502 -1e-06 -12.690607 3e-06 15.577525 -17.637753 2.854054 1.665666 -1.955921 -2.878299 4.727799 -4.170589 4.993925 11.020528 2e-06 -1e-06 12.109053 -3.735719 -2.866787 1e-06 -0.0 -1e-06 1.291986 -1.928549 -1.49809 14.800129 0.567466 3.865608 14.242573 -1.341739 -6.660661 19.631966 0.143926 -0.648249 49.910419 -0.597142 -6.242188 0.353029 -1.511151 -0.03194 20.222788 3.684307 2.316628 18.787273 2e-06 -2e-06 10.751627 -0.47987 1.397905 1e-06 -0.0 -1e-06 3.273806 0.305945 -0.580111 21.486809 11.830379 2.266131 8.162928 -1e-06 -2e-06 18.399082 -3.798988 -4.940577 3e-06 -0.0 -2e-06 5.732122 20.879978 -3.246588 0.010756 -0.165706 10.034674 -6.437848 -2.104498 -4.431431 1.609679 -1.963654 -0.238604 0.0 -0.0 2e-06 -6.987289 -12.743111 -3.792719 -0.025672 0.002225 8.846135 8.041707 1.754034 -3.24062 -1.440149 0.913287 0.059265 0.0 -0.0 -1e-06 
0.0 0.0 0.0 0.0 -0.0 0.0 -0.106212 99.9123 -1.266376 0.158558 -1.497605 -0.261483 -0.243631 -0.385919 -4.11071 -0.90029 -0.265909 -6.34442 -4.921671 -2.561657 14.071351 -2.536045 4.68034 15.155842 0.840572 5.632867 -3.726832 -0.946836 6.047027 -6.241562 7.7e-05 -2.3e-05 6e-06 0.005308 0.010832 0.037532 0.735547 -3.707234 -10.616793 -0.73365 3.75124 -10.624674 -13.647535 -4.427311 9.512891 -43.687084 -26.853285 2.475636 179.955276 -72.19709 178.976151 16.092463 9.402152 -44.359985 -5.882106 9.86129 0.70259 -10.936877 -0.360577 7.156208 0.0 8.77483 -3e-06 -16.324831 18.347887 5.787503 -1.844033 2.498505 -2.507278 -10.163603 4.678944 4.621111 -20.97603 -4e-06 5e-06 -21.226295 2.451699 -3.593999 0.0 -5e-06 -0.0 -1.362681 2.240798 -0.746323 -21.334921 0.584906 3.008327 -13.821218 -2e-06 5e-06 -23.887178 -0.249076 -0.839479 -60.032631 2.759432 -1.590197 -0.294025 1.679688 0.833254 -14.218212 0.093213 1.300583 -34.212063 -0.287564 0.967177 -20.03322 0.964537 1.212848 -0.0 1e-06 -1e-06 -3.44039 0.788233 0.501656 -15.928192 -3.167314 2.999712 -6.338828 -3e-06 2e-06 -18.123453 3.648185 -4.905669 -5e-06 0.0 -2e-06 28.363993 -0.550107 15.077257 29.295382 8.340133 8.372358 6.447938 84.079208 7.052788 -2.03914 -25.60162 -23.111286 2.243543 -5.255043 -3.180159 14.282897 -0.826596 6.952505 -1e-06 -12.690614 -1e-06 15.374864 -17.766047 2.78764 1.665667 -1.955922 -2.8783 4.727802 -4.170592 4.993926 11.020532 3e-06 -0.0 12.109058 -3.735721 -2.866786 0.0 -1e-06 -0.0 1.291986 -1.928551 -1.49809 14.800136 0.567467 3.865609 14.242581 -1.341741 -6.660662 19.631973 0.143925 -0.648246 49.902443 -0.652657 -6.284726 0.353029 -1.511154 -0.031939 20.222801 3.684311 2.316631 18.787283 2e-06 -2e-06 10.751634 -0.479869 1.397907 1e-06 1e-06 0.0 3.273808 0.305948 -0.580111 21.486824 11.830384 2.266136 8.16293 2e-06 -1e-06 18.399094 -3.79899 -4.94058 4e-06 -1e-06 -0.0 5.643322 20.950657 -3.337366 0.017834 -0.176017 10.221878 -6.373762 -1.791382 -4.60756 1.601874 -1.942197 -0.265763 0.0 -0.0 2e-06 -7.022135 -12.502565 -3.922041 -0.015927 0.002094 8.755228 8.147533 1.975161 -3.096138 -1.433923 0.907992 -0.000368 -0.0 -0.0 -1e-06 
0.0 0.0 0.0 0.0 -0.0 0.0 0.071406 99.903297 -1.263146 0.15284 -1.970091 -0.206923 -0.364481 -0.405018 -4.157273 -0.921589 -0.329221 -6.383896 -5.103756 -2.691264 13.9064 -2.474195 4.64246 15.259503 0.972376 5.942127 -3.750721 -1.090935 6.383049 -6.42524 7.7e-05 -2.2e-05 6e-06 0.001171 0.008737 0.035057 0.736111 -3.709167 -10.620388 -0.742609 3.748974 -10.62405 -13.509702 -4.769836 9.326019 -43.480522 -27.889227 1.517536 179.477463 -72.746185 179.581696 17.316404 8.867657 -44.105644 -5.88211 9.861285 0.702588 -10.936875 -0.360575 7.156206 2e-06 8.774826 -1e-06 -16.309698 18.275627 5.807922 -1.844033 2.498505 -2.507278 -10.163603 4.678946 4.621109 -20.976027 -2e-06 1e-06 -21.226295 2.451699 -3.594004 0.0 -5e-06 -0.0 -1.362683 2.240798 -0.746324 -21.334919 0.584912 3.008322 -13.821215 -3e-06 2e-06 -23.887178 -0.249077 -0.839485 -60.190578 2.71612 -1.551183 -0.294024 1.679688 0.833256 -14.218214 0.093218 1.30058 -34.212059 -0.287563 0.967166 -20.033218 0.964536 1.212841 -0.0 0.0 1e-06 -3.440389 0.788234 0.501654 -15.928191 -3.16731 2.999707 -6.338828 -1e-06 0.0 -18.123457 3.648184 -4.905674 -5e-06 2e-06 -1e-06 27.648621 -0.871546 14.863068 26.944548 9.550552 6.53221 68.305984 89.610832 68.837875 -5.875214 -23.576822 -20.630054 2.243542 -5.255037 -3.180159 14.282896 -0.826593 6.952504 -2e-06 -12.690604 0.0 15.209372 -17.91678 2.715779 1.665667 -1.955922 -2.8783 4.7278 -4.170589 4.993924 11.020528 6e-06 -2e-06 12.109055 -3.735717 -2.866784 -1e-06 -0.0 -1e-06 1.291985 -1.92855 -1.498089 14.800132 0.567468 3.865609 14.242575 -1.341738 -6.660657 19.631969 0.143924 -0.648245 49.84502 -0.717112 -6.404681 0.353029 -1.511149 -0.031941 20.222797 3.68431 2.316631 18.787279 6e-06 -2e-06 10.751631 -0.479869 1.397908 0.0 2e-06 -0.0 3.273808 0.305947 -0.580112 21.48682 11.830376 2.266134 8.16293 2e-06 -0.0 18.399088 -3.798984 -4.940574 3e-06 -0.0 -1e-06 5.529743 21.071104 -3.415211 0.020264 -0.185484 10.444286 -6.307665 -1.465466 -4.804751 1.595305 -1.92155 -0.277694 -0.0 -0.0 2e-06 -7.099763 -12.282373 -4.080635 -0.002698 0.013168 8.722198 8.286583 2.247993 -2.962976 -1.428399 0.903504 -0.055229 0.0 -0.0 -1e-06 
0.0 0.0 0.0 0.0 -0.0 0.0 0.279693 99.889114 -1.243277 0.151183 -2.558736 -0.17112 -0.47577 -0.406458 -4.203808 -0.943647 -0.365888 -6.424892 -5.250725 -2.821107 13.73912 -2.393604 4.583107 15.248225 1.084569 6.22751 -3.757192 -1.230953 6.688027 -6.57634 7.7e-05 -2.3e-05 6e-06 -0.003494 0.008556 0.041313 0.732241 -3.711682 -10.617679 -0.748106 3.750691 -10.617629 -13.414941 -5.156961 9.183814 -43.185188 -28.510082 0.688826 178.601349 -73.218323 -179.445709 18.466354 8.215565 -43.985104 -5.882107 9.861287 0.702593 -10.936875 -0.360575 7.156212 0.0 8.774828 -0.0 -16.272371 18.15806 5.840178 -1.844031 2.498506 -2.507278 -10.163602 4.678945 4.621113 -20.976025 -2e-06 7e-06 -21.226286 2.4517 -3.593995 1e-06 -6e-06 -0.0 -1.362682 2.240798 -0.746322 -21.334917 0.58491 3.008332 -13.821216 -1e-06 7e-06 -23.887175 -0.249074 -0.839476 -60.284649 2.652552 -1.482986 -0.294026 1.679686 0.833255 -14.218212 0.093213 1.300586 -34.212051 -0.287559 0.967182 -20.033218 0.964542 1.212848 -0.0 0.0 1e-06 -3.44039 0.788234 0.501656 -15.928191 -3.167311 2.999712 -6.338829 -1e-06 3e-06 -18.123447 3.648187 -4.905665 -5e-06 1e-06 -1e-06 27.063753 -1.091115 14.617117 23.879377 11.431966 4.877925 -179.487228 84.878838 -179.079514 -10.237745 -21.070093 -16.382006 2.243544 -5.25504 -3.18016 14.282896 -0.826598 6.952506 -1e-06 -12.690611 1e-06 15.179131 -18.043184 2.667673 1.665667 -1.955922 -2.878301 4.727801 -4.17059 4.993928 11.020534 1e-06 -2e-06 12.109059 -3.735717 -2.866786 0.0 -0.0 -0.0 1.291986 -1.92855 -1.498091 14.800134 0.567468 3.865608 14.242579 -1.341737 -6.660663 19.631975 0.143924 -0.648248 49.793819 -0.809953 -6.55281 0.35303 -1.511151 -0.03194 20.222801 3.684308 2.316628 18.787285 3e-06 -2e-06 10.751635 -0.47987 1.397905 -1e-06 -0.0 -1e-06 3.273808 0.305947 -0.580111 21.48682 11.830379 2.266132 8.16293 -1e-06 -1e-06 18.399092 -3.79899 -4.940579 3e-06 -1e-06 -1e-06 5.414164 21.288635 -3.444993 0.022103 -0.19073 10.685506 -6.254241 -1.151489 -5.116263 1.590158 -1.915906 -0.266346 0.0 -1e-06 2e-06 -7.207851 -12.068173 -4.247698 0.017239 0.037174 8.710983 8.425112 2.594401 -2.819085 -1.424087 0.90151 -0.089969 -0.0 -0.0 -1e-06 
0.0 0.0 0.0 0.0 -0.0 0.0 0.503119 99.87397 -1.20832 0.144946 -3.279227 -0.15514 -0.56141 -0.394294 -4.266021 -0.962977 -0.373202 -6.466962 -5.362201 -2.932926 13.571556 -2.300482 4.506239 15.150896 1.147785 6.496658 -3.742827 -1.376363 6.948049 -6.698908 7.7e-05 -2.3e-05 5e-06 -0.007784 0.011593 0.051413 0.724336 -3.710268 -10.602745 -0.748552 3.754148 -10.602279 -13.36327 -5.582418 9.019875 -42.940369 -28.70664 0.005862 177.338211 -73.456459 -178.129333 19.55308 7.412427 -43.872162 -5.88211 9.86129 0.70259 -10.936875 -0.360573 7.156208 1e-06 8.77483 -1e-06 -16.202925 17.994642 5.879932 -1.844033 2.498505 -2.507277 -10.163602 4.678949 4.621109 -20.97603 1e-06 1e-06 -21.226297 2.451699 -3.594005 0.0 -5e-06 0.0 -1.362682 2.240799 -0.746324 -21.334923 0.584912 3.008323 -13.821218 -1e-06 1e-06 -23.887182 -0.249078 -0.839488 -60.353676 2.567761 -1.387863 -0.294025 1.679688 0.833257 -14.218215 0.093216 1.300579 -34.212063 -0.28756 0.967168 -20.03322 0.964536 1.212842 -1e-06 1e-06 1e-06 -3.44039 0.788235 0.501657 -15.928191 -3.167308 2.999707 -6.338829 1e-06 1e-06 -18.123455 3.648187 -4.905675 -4e-06 1e-06 -2e-06 26.707701 -1.194327 14.335873 19.980532 14.135171 3.174996 -177.59816 80.346306 -177.252975 -14.59852 -18.48484 -10.70293 2.243541 -5.255036 -3.180159 14.282887 -0.826593 6.952506 -2e-06 -12.690601 -0.0 15.363951 -17.943192 2.575753 1.665666 -1.955921 -2.878299 4.727798 -4.170585 4.993926 11.020526 4e-06 -4e-06 12.109052 -3.735715 -2.866786 -0.0 -0.0 0.0 1.291985 -1.928549 -1.498089 14.800127 0.567469 3.865608 14.242571 -1.341735 -6.66066 19.631962 0.143928 -0.648245 49.776299 -0.884578 -6.609693 0.353029 -1.51115 -0.031941 20.222788 3.684311 2.31663 18.78727 7e-06 0.0 10.751625 -0.479866 1.397906 0.0 0.0 -0.0 3.273806 0.305947 -0.580111 21.486811 11.830376 2.266133 8.162925 2e-06 1e-06 18.399078 -3.798982 -4.940573 2e-06 -0.0 -2e-06 5.318 21.61758 -3.39771 0.026019 -0.183478 10.89402 -6.215744 -0.838734 -5.396376 1.588189 -1.929866 -0.249146 -0.0 -0.0 2e-06 -7.3224 -11.838902 -4.401559 0.041453 0.069439 8.667206 8.560094 3.011024 -2.638735 -1.418929 0.89969 -0.105474 0.0 -0.0 -1e-06 
0.0 0.0 0.0 0.0 -0.0 0.0 0.735615 99.869705 -1.173687 0.133134 -4.102645 -0.161748 -0.615927 -0.384286 -4.335578 -0.973092 -0.385228 -6.496116 -5.445 -2.99966 13.375243 -2.231307 4.43606 14.985662 1.181439 6.734902 -3.70709 -1.537027 7.187224 -6.763045 7.7e-05 -2.3e-05 6e-06 -0.010418 0.012805 0.061747 0.717567 -3.709762 -10.573688 -0.746629 3.753927 -10.577084 -13.327369 -6.020718 8.807297 -42.874832 -28.523041 -0.602237 176.026642 -73.38501 -176.817322 20.538748 6.388505 -43.622272 -5.882108 9.861288 0.70259 -10.936873 -0.360577 7.156209 1e-06 8.774826 -1e-06 -16.067041 17.824039 5.916244 -1.844033 2.498505 -2.507278 -10.163603 4.678945 4.621109 -20.976025 -5e-06 3e-06 -21.226288 2.451699 -3.593999 1e-06 -5e-06 -0.0 -1.362681 2.240798 -0.746324 -21.334921 0.584907 3.008326 -13.821217 -3e-06 4e-06 -23.887175 -0.249076 -0.83948 -60.390682 2.49748 -1.316742 -0.294025 1.679687 0.833256 -14.21821 0.093215 1.300583 -34.212048 -0.287562 0.967176 -20.033215 0.964539 1.212846 -1e-06 1e-06 0.0 -3.440389 0.788234 0.501656 -15.928189 -3.167312 2.99971 -6.338826 0.0 2e-06 -18.123446 3.648184 -4.90567 -3e-06 1e-06 -2e-06 26.590767 -1.185529 14.00333 15.31529 17.695169 1.183121 -177.550186 76.669037 -176.990051 -18.437159 -16.335411 -4.129595 2.243545 -5.255041 -3.18016 14.2829 -0.826599 6.952507 1e-06 -12.690609 -0.0 15.557129 -17.523802 2.44898 1.665668 -1.955923 -2.878301 4.727803 -4.170591 4.993927 11.020535 0.0 -2e-06 12.10906 -3.735721 -2.866786 -0.0 1e-06 -0.0 1.291987 -1.928551 -1.498089 14.800136 0.567465 3.86561 14.24258 -1.341739 -6.660661 19.631977 0.143922 -0.648249 49.714848 -0.864303 -6.511251 0.35303 -1.511151 -0.03194 20.222803 3.684307 2.316631 18.787289 1e-06 -3e-06 10.751636 -0.47987 1.397905 1e-06 1e-06 -0.0 3.273809 0.305946 -0.58011 21.486826 11.830376 2.266135 8.162933 -1e-06 -1e-06 18.399099 -3.79899 -4.940583 1e-06 0.0 -0.0 5.242592 22.071962 -3.230632 0.032 -0.178256 10.954303 -6.180012 -0.519181 -5.61593 1.588151 -1.951957 -0.230633 0.0 -0.0 2e-06 -7.429611 -11.582098 -4.461856 0.061396 0.097901 8.421741 8.684633 3.48313 -2.346094 -1.412426 0.905985 -0.094879 0.0 -0.0 -1e-06 
0.0 0.0 0.0 0.0 -0.0 0.0 0.962984 99.879967 -1.134908 0.113731 -5.030606 -0.196462 -0.632179 -0.376947 -4.397493 -0.972645 -0.414635 -6.508699 -5.500833 -2.998085 13.131927 -2.2285 4.389662 14.747929 1.228107 6.924768 -3.672217 -1.728479 7.45283 -6.745901 7.7e-05 -2.2e-05 6e-06 -0.010871 0.000974 0.066537 0.714259 -3.721266 -10.538445 -0.743574 3.738906 -10.547943 -13.290872 -6.461198 8.559834 -42.979836 -28.015059 -1.170419 174.786316 -73.039711 -175.602936 21.368404 5.173738 -43.34565 -5.882108 9.861286 0.702589 -10.936873 -0.360577 7.156205 1e-06 8.774826 -2e-06 -15.877688 17.673662 5.970997 -1.844032 2.498506 -2.507278 -10.163602 4.678945 4.621108 -20.976027 -2e-06 2e-06 -21.226292 2.451696 -3.594 0.0 -5e-06 0.0 -1.362682 2.240797 -0.746324 -21.334917 0.58491 3.008323 -13.821217 0.0 1e-06 -23.887171 -0.249078 -0.839484 -60.408817 2.457201 -1.300823 -0.294026 1.679687 0.833257 -14.218209 0.093217 1.30058 -34.212051 -0.287563 0.96717 -20.033215 0.964537 1.212843 -0.0 -1e-06 1e-06 -3.440388 0.788234 0.501655 -15.928185 -3.167309 2.999708 -6.338826 0.0 2e-06 -18.123444 3.648185 -4.905672 -3e-06 1e-06 -2e-06 26.652864 -1.046593 13.694196 9.948272 22.042686 -1.200804 -177.629944 73.766464 -176.446167 -21.450371 -15.352496 2.54909 2.243542 -5.255037 -3.180157 14.282891 -0.826596 6.952503 -0.0 -12.690604 -0.0 15.444962 -17.11587 2.47675 1.665667 -1.955922 -2.8783 4.727798 -4.170587 4.993924 11.020525 2e-06 -1e-06 12.109052 -3.735716 -2.866786 -0.0 -0.0 0.0 1.291985 -1.928549 -1.498091 14.800129 0.567466 3.865607 14.242575 -1.341738 -6.660661 19.631969 0.143925 -0.648246 49.517601 -0.78393 -6.366266 0.353029 -1.511151 -0.03194 20.22279 3.684307 2.316629 18.787273 3e-06 -1e-06 10.751629 -0.479868 1.397904 0.0 -1e-06 0.0 3.273807 0.305946 -0.58011 21.486811 11.830373 2.266133 8.162928 2e-06 -0.0 18.399078 -3.798986 -4.940575 1e-06 0.0 -1e-06 5.20378 22.650391 -2.906746 0.039355 -0.185177 10.812665 -6.142951 -0.137944 -5.750792 1.588277 -1.966056 -0.204525 0.0 -0.0 2e-06 -7.513392 -11.294373 -4.386727 0.069338 0.12059 7.905461 8.821997 3.997215 -1.916818 -1.404031 0.918403 -0.04855 -0.0 0.0 -1e-06 
0.0 0.0 0.0 0.0 -0.0 0.0 1.171597 99.892494 -1.087974 0.102966 -5.97271 -0.244319 -0.623103 -0.368879 -4.447348 -0.958441 -0.443667 -6.504116 -5.559594 -2.919216 12.83462 -2.27681 4.360643 14.448302 1.300823 7.056216 -3.640826 -1.965967 7.702638 -6.654943 7.7e-05 -2.3e-05 6e-06 -0.009482 -0.023736 0.06707 0.717066 -3.745501 -10.510153 -0.743007 3.710769 -10.526064 -13.214646 -6.896236 8.24004 -43.223171 -27.296185 -1.645704 173.832855 -72.573318 -174.767105 21.955814 3.868856 -43.119232 -5.882114 9.861296 0.70259 -10.936885 -0.360575 7.156217 0.0 8.774833 -2e-06 -15.681337 17.560209 6.036448 -1.844034 2.498506 -2.507279 -10.163611 4.67895 4.621115 -20.976044 -0.0 7e-06 -21.226307 2.451704 -3.594 0.0 -5e-06 -0.0 -1.362682 2.240801 -0.746325 -21.334936 0.584913 3.008333 -13.821228 1e-06 5e-06 -23.887192 -0.249074 -0.83948 -60.408844 2.451368 -1.298067 -0.294025 1.679689 0.833258 -14.218224 0.093216 1.300586 -34.212082 -0.287557 0.96718 -20.033236 0.964543 1.212849 -0.0 0.0 1e-06 -3.440392 0.788234 0.501654 -15.928205 -3.167314 2.999715 -6.338835 -1e-06 3e-06 -18.123463 3.648188 -4.905671 -5e-06 1e-06 -2e-06 26.812819 -0.739702 13.392498 4.059398 26.778858 -3.897079 -177.23085 71.645935 -175.253571 -23.489452 -15.623696 9.147337 2.243546 -5.255042 -3.180163 14.282912 -0.826599 6.95251 1e-06 -12.690613 -2e-06 15.164808 -17.06345 2.639577 1.665668 -1.955924 -2.878304 4.727807 -4.170592 4.993928 11.020542 0.0 -4e-06 12.109071 -3.735721 -2.86679 -0.0 -0.0 -0.0 1.291988 -1.928552 -1.498091 14.800149 0.567466 3.865611 14.242595 -1.34174 -6.660668 19.631992 0.143921 -0.648251 49.134754 -0.727899 -6.352252 0.353028 -1.511152 -0.031941 20.22282 3.684308 2.316631 18.7873 2e-06 -4e-06 10.751644 -0.47987 1.397906 -0.0 1e-06 1e-06 3.273811 0.305947 -0.580111 21.486841 11.830378 2.266135 8.162938 -1e-06 -1e-06 18.399111 -3.798988 -4.940587 2e-06 -0.0 -1e-06 5.181447 23.246784 -2.515533 0.040941 -0.193535 10.582449 -6.103098 0.291174 -5.847093 1.586848 -1.971823 -0.197862 0.0 -0.0 2e-06 -7.588916 -11.015906 -4.278805 0.066907 0.143177 7.346089 9.015332 4.510773 -1.467646 -1.396447 0.930459 0.009412 -0.0 -1e-06 -1e-06 
0.0 0.0 0.0 0.0 -0.0 0.0 1.345359 99.903305 -1.025802 0.10698 -6.837493 -0.29976 -0.601615 -0.366414 -4.499374 -0.938108 -0.448978 -6.484672 -5.619547 -2.770746 12.513339 -2.372488 4.37861 14.146379 1.375823 7.094018 -3.621191 -2.17149 7.905078 -6.50667 7.7e-05 -2.3e-05 6e-06 -0.004733 -0.05013 0.062211 0.728865 -3.769846 -10.501976 -0.745003 3.679792 -10.52094 -13.093084 -7.288902 7.865789 -43.496704 -26.567694 -2.005037 173.201859 -72.233521 -174.26416 22.304401 2.709542 -43.256004 -5.882105 9.861291 0.70259 -10.936872 -0.360579 7.156209 0.0 8.774829 -2e-06 -15.515719 17.451599 6.108614 -1.844031 2.498505 -2.507278 -10.163602 4.678945 4.621113 -20.97603 -3e-06 6e-06 -21.226292 2.451697 -3.593999 0.0 -4e-06 -0.0 -1.362681 2.2408 -0.746323 -21.334919 0.584908 3.008328 -13.821217 -3e-06 6e-06 -23.887175 -0.249079 -0.839479 -60.384098 2.458109 -1.263564 -0.294026 1.679687 0.833257 -14.218212 0.093212 1.300583 -34.212051 -0.287565 0.967178 -20.033218 0.964537 1.212848 0.0 1e-06 1e-06 -3.44039 0.788234 0.501656 -15.928192 -3.167313 2.999711 -6.338829 -2e-06 1e-06 -18.123453 3.648185 -4.905669 -4e-06 0.0 -3e-06 26.954412 -0.212092 13.137252 -2.032668 31.282633 -6.896676 -176.551804 70.407547 -174.038742 -24.678535 -16.434958 15.662456 2.243542 -5.255038 -3.180159 14.282897 -0.826596 6.952505 -2e-06 -12.690608 0.0 15.100381 -17.317463 2.772485 1.665667 -1.955924 -2.878301 4.727801 -4.170589 4.993925 11.020531 2e-06 -2e-06 12.109058 -3.735717 -2.866786 -0.0 -0.0 0.0 1.291986 -1.92855 -1.498091 14.800136 0.567469 3.865609 14.242579 -1.341736 -6.660661 19.631973 0.143926 -0.648246 48.85181 -0.706316 -6.473134 0.353029 -1.511151 -0.03194 20.222801 3.684311 2.31663 18.787281 4e-06 -1e-06 10.751633 -0.479869 1.397906 -1e-06 0.0 -0.0 3.273809 0.305947 -0.58011 21.486824 11.830378 2.266132 8.16293 2e-06 -1e-06 18.399092 -3.798985 -4.940578 2e-06 1e-06 -1e-06 5.17153 23.788467 -2.092554 0.038929 -0.183451 10.295725 -6.08079 0.705767 -5.90955 1.585477 -1.970628 -0.233275 -0.0 -0.0 2e-06 -7.663333 -10.778938 -4.172276 0.058512 0.168504 6.858364 9.24694 4.977993 -1.069496 -1.390727 0.93514 0.037188 0.0 -0.0 -1e-06 
0.0 0.0 0.0 0.0 -0.0 0.0 1.497966 99.904778 -0.955783 0.128737 -7.470419 -0.347986 -0.594535 -0.349721 -4.562356 -0.917814 -0.412311 -6.460933 -5.695288 -2.605061 12.215686 -2.460137 4.412587 13.884659 1.403374 7.02024 -3.611927 -2.301432 7.960611 -6.299141 7.7e-05 -2.2e-05 6e-06 0.001011 -0.070846 0.058226 0.743468 -3.789726 -10.50921 -0.74823 3.656484 -10.52851 -12.958922 -7.626677 7.52775 -43.732658 -26.122198 -2.2209 172.788345 -72.185959 -173.937927 22.503216 1.863653 -43.689259 -5.882112 9.861295 0.702594 -10.936881 -0.360574 7.156217 -0.0 8.774832 -0.0 -15.419502 17.362963 6.172263 -1.844033 2.498507 -2.50728 -10.163611 4.67895 4.621116 -20.97604 -1e-06 8e-06 -21.226301 2.451701 -3.594 0.0 -4e-06 -0.0 -1.362682 2.240798 -0.746325 -21.33493 0.584913 3.008332 -13.821225 1e-06 6e-06 -23.887188 -0.249071 -0.839481 -60.375362 2.446111 -1.215773 -0.294025 1.67969 0.833257 -14.218219 0.093216 1.300586 -34.212078 -0.287558 0.967176 -20.033232 0.964543 1.212846 -0.0 -0.0 0.0 -3.44039 0.788235 0.501657 -15.928203 -3.167311 2.999713 -6.338831 -2e-06 1e-06 -18.123459 3.648185 -4.905671 -4e-06 1e-06 -3e-06 26.858433 0.520916 12.8947 -7.622494 35.001221 -10.369433 -176.484543 70.04422 -173.790237 -24.937534 -17.529375 20.908499 2.243543 -5.255038 -3.180159 14.282896 -0.826594 6.952506 -2e-06 -12.690607 -1e-06 15.385228 -17.635664 2.803984 1.665666 -1.955922 -2.878299 4.727799 -4.170588 4.993926 11.020529 3e-06 -0.0 12.109055 -3.735717 -2.866785 0.0 0.0 -0.0 1.291985 -1.92855 -1.49809 14.800134 0.56747 3.86561 14.242576 -1.341736 -6.660659 19.631973 0.143926 -0.648244 48.886887 -0.714029 -6.630696 0.353028 -1.511151 -0.03194 20.222801 3.684311 2.316633 18.787281 5e-06 1e-06 10.751633 -0.479869 1.397907 -1e-06 1e-06 0.0 3.273808 0.305947 -0.580111 21.486822 11.830379 2.266137 8.16293 3e-06 0.0 18.39909 -3.798985 -4.940575 1e-06 1e-06 -1e-06 5.139397 24.201185 -1.768005 0.033238 -0.168258 10.102075 -6.076936 0.997523 -5.983414 1.584512 -1.972477 -0.271548 0.0 0.0 2e-06 -7.759817 -10.64223 -4.113702 0.049469 0.19628 6.576295 9.460593 5.313656 -0.810535 -1.388834 0.933518 0.032139 -0.0 -0.0 -1e-06 
0.0 0.0 0.0 0.0 -0.0 0.0 1.627162 99.890892 -0.884126 0.167879 -7.854932 -0.390901 -0.606283 -0.318694 -4.619496 -0.894909 -0.337862 -6.438375 -5.801951 -2.460064 11.959135 -2.55262 4.470686 13.696058 1.368858 6.839725 -3.620847 -2.347123 7.854673 -6.065671 7.7e-05 -2.2e-05 6e-06 0.004907 -0.083733 0.054539 0.753805 -3.801507 -10.526537 -0.751306 3.641663 -10.54419 -12.833833 -7.945961 7.272477 -44.009773 -26.015318 -2.367969 172.46698 -72.436852 -173.657745 22.627748 1.35776 -44.217106 -5.882106 9.86129 0.702592 -10.936873 -0.360574 7.156209 1e-06 8.774826 -1e-06 -15.383953 17.288836 6.222739 -1.844033 2.498506 -2.507277 -10.163602 4.678949 4.62111 -20.976027 -3e-06 7e-06 -21.226292 2.4517 -3.593999 0.0 -4e-06 0.0 -1.362683 2.240798 -0.746323 -21.334917 0.584912 3.008326 -13.821217 -0.0 3e-06 -23.887171 -0.249077 -0.839482 -60.437321 2.413844 -1.19514 -0.294027 1.679688 0.833257 -14.218212 0.093216 1.300584 -34.212059 -0.287559 0.967176 -20.033218 0.964538 1.212846 -0.0 1e-06 0.0 -3.440389 0.788233 0.501655 -15.928189 -3.16731 2.999709 -6.338829 -1e-06 2e-06 -18.123453 3.648187 -4.905671 -5e-06 1e-06 -2e-06 26.598627 1.360962 12.675554 -12.475987 37.789413 -13.975645 -176.814987 70.387863 -174.16391 -24.553072 -18.847219 24.763863 2.243544 -5.255039 -3.180162 14.282903 -0.826593 6.952508 -2e-06 -12.690609 -2e-06 15.774163 -17.909502 2.79397 1.665666 -1.955922 -2.878301 4.727802 -4.170587 4.993927 11.020535 3e-06 -2e-06 12.109059 -3.735715 -2.866787 -0.0 -0.0 0.0 1.291987 -1.928551 -1.498091 14.800139 0.567469 3.86561 14.242584 -1.341735 -6.660664 19.631985 0.143927 -0.648245 49.080116 -0.753247 -6.783628 0.35303 -1.511152 -0.031941 20.222811 3.684313 2.316632 18.787289 7e-06 -0.0 10.751637 -0.479868 1.397908 0.0 -0.0 0.0 3.273809 0.305947 -0.580111 21.486832 11.830379 2.266136 8.162933 4e-06 -0.0 18.399096 -3.798983 -4.940577 3e-06 -0.0 -1e-06 5.075778 24.428772 -1.598333 0.027697 -0.160992 10.097117 -6.098888 1.190116 -6.111579 1.584809 -1.983507 -0.326319 0.0 0.0 2e-06 -7.885657 -10.5958 -4.163447 0.045232 0.21987 6.63435 9.605061 5.54971 -0.756779 -1.388809 0.9265 -0.011092 -0.0 -0.0 -1e-06 
0.0 0.0 0.0 0.0 -0.0 0.0 1.730938 99.868103 -0.808341 0.227596 -8.020932 -0.440622 -0.638931 -0.292457 -4.666848 -0.873672 -0.245209 -6.427078 -5.93812 -2.333536 11.761032 -2.630883 4.556831 13.559993 1.256001 6.531193 -3.643319 -2.339568 7.619698 -5.850934 7.7e-05 -2.3e-05 6e-06 0.00616 -0.092756 0.045212 0.757959 -3.809153 -10.554254 -0.753621 3.630912 -10.571677 -12.722232 -8.292664 7.082839 -44.422443 -26.14043 -2.558141 172.371506 -72.903198 -173.558197 22.733023 1.120423 -44.822899 -5.882109 9.86129 0.702591 -10.936875 -0.360573 7.156209 -0.0 8.774826 -3e-06 -15.451945 17.20418 6.237597 -1.844033 2.498504 -2.507279 -10.163604 4.678947 4.621112 -20.976034 1e-06 3e-06 -21.226295 2.451699 -3.594001 0.0 -4e-06 -0.0 -1.362682 2.240796 -0.746322 -21.334923 0.584911 3.008326 -13.82122 -1e-06 2e-06 -23.887178 -0.249076 -0.839482 -60.62204 2.371777 -1.213621 -0.294026 1.679688 0.833256 -14.218215 0.093214 1.300583 -34.212067 -0.28756 0.967174 -20.033222 0.964541 1.212844 0.0 1e-06 0.0 -3.44039 0.788234 0.501656 -15.928192 -3.16731 2.999708 -6.338829 -1e-06 0.0 -18.123453 3.648185 -4.905673 -5e-06 2e-06 -3e-06 26.313917 2.296885 12.55232 -16.833105 39.702885 -17.526861 -177.524933 71.090874 -174.931503 -23.999737 -20.342237 28.132406 2.243541 -5.255038 -3.180158 14.282896 -0.826593 6.952507 -3e-06 -12.690607 -1e-06 16.143513 -18.1586 2.774065 1.665665 -1.955921 -2.878299 4.7278 -4.170588 4.993925 11.020528 4e-06 0.0 12.109053 -3.735716 -2.866784 0.0 -0.0 -0.0 1.291985 -1.92855 -1.49809 14.800132 0.567469 3.86561 14.242576 -1.341736 -6.660658 19.631971 0.143926 -0.648242 49.276215 -0.804825 -6.93802 0.35303 -1.511151 -0.03194 20.222799 3.684313 2.316633 18.787279 7e-06 2e-06 10.751631 -0.479867 1.397908 1e-06 1e-06 1e-06 3.273807 0.305948 -0.58011 21.486822 11.830379 2.266137 8.16293 2e-06 0.0 18.399086 -3.798985 -4.940574 3e-06 1e-06 -1e-06 4.984068 24.468933 -1.511379 0.024169 -0.155549 10.179636 -6.130633 1.317488 -6.25484 1.585032 -2.017256 -0.384672 -0.0 0.0 2e-06 -8.043919 -10.67818 -4.257517 0.04624 0.245728 6.919755 9.685009 5.766138 -0.849007 -1.388761 0.912461 -0.08041 0.0 -0.0 -1e-06 
0.0 0.0 0.0 0.0 -0.0 0.0 1.815026 99.850044 -0.73663 0.281454 -7.984681 -0.466865 -0.664402 -0.267823 -4.731142 -0.852567 -0.143383 -6.426242 -6.098821 -2.255519 11.626868 -2.704659 4.66615 13.417683 1.093222 6.128686 -3.664625 -2.350565 7.31862 -5.677268 7.7e-05 -2.2e-05 6e-06 0.006692 -0.105133 0.031156 0.756702 -3.819639 -10.579496 -0.752119 3.616664 -10.602041 -12.653166 -8.60938 6.919899 -44.971256 -26.464712 -2.797669 172.665802 -73.427216 -173.849564 22.813793 1.055582 -45.22842 -5.88211 9.861293 0.702592 -10.936878 -0.360575 7.156209 1e-06 8.774832 -1e-06 -15.578712 17.083971 6.212923 -1.844034 2.498505 -2.507279 -10.163604 4.678948 4.621111 -20.976034 -2e-06 2e-06 -21.226297 2.4517 -3.594003 0.0 -6e-06 -0.0 -1.362682 2.240799 -0.746323 -21.334929 0.584909 3.008326 -13.821223 -2e-06 2e-06 -23.887184 -0.249078 -0.839483 -60.789627 2.317159 -1.215157 -0.294024 1.679688 0.833257 -14.218215 0.093215 1.300583 -34.212067 -0.287563 0.967169 -20.033224 0.964537 1.212843 -0.0 1e-06 0.0 -3.44039 0.788235 0.501657 -15.928196 -3.167311 2.999709 -6.338831 -1e-06 2e-06 -18.123457 3.648186 -4.905675 -5e-06 1e-06 -2e-06 26.112427 3.314321 12.534746 -20.793079 40.91555 -20.870201 -178.497177 71.846443 -175.875244 -23.317411 -21.770702 31.326588 2.243544 -5.255037 -3.18016 14.282896 -0.826592 6.952505 -4e-06 -12.690608 0.0 16.498775 -18.340807 2.733044 1.665668 -1.955922 -2.8783 4.727798 -4.170588 4.993926 11.020531 4e-06 -3e-06 12.109058 -3.735714 -2.866787 -0.0 -0.0 -1e-06 1.291987 -1.92855 -1.49809 14.800136 0.56747 3.865608 14.242581 -1.341733 -6.660664 19.631981 0.14393 -0.648246 49.410236 -0.874886 -7.069059 0.353028 -1.511151 -0.03194 20.222801 3.684315 2.316628 18.787283 9e-06 -3e-06 10.751633 -0.479866 1.397906 1e-06 1e-06 1e-06 3.273805 0.305949 -0.580111 21.486824 11.83038 2.266132 8.16293 2e-06 -1e-06 18.399088 -3.798982 -4.940577 3e-06 -0.0 -1e-06 4.874241 24.345446 -1.499988 0.024506 -0.160008 10.265673 -6.142811 1.363307 -6.367857 1.587314 -2.059126 -0.423796 0.0 0.0 2e-06 -8.195272 -10.865275 -4.286823 0.057624 0.263005 7.127708 9.75822 5.908507 -0.942353 -1.388761 0.887391 -0.153041 -0.0 -0.0 -1e-06 
0.0 0.0 0.0 0.0 -0.0 0.0 1.869302 99.83963 -0.678934 0.312907 -7.749297 -0.46805 -0.665146 -0.253697 -4.811016 -0.824115 -0.028551 -6.434206 -6.266343 -2.179842 11.556492 -2.819062 4.748137 13.199173 0.925201 5.726017 -3.679537 -2.377192 6.943901 -5.558824 7.7e-05 -2.3e-05 6e-06 0.008206 -0.112318 0.017263 0.753028 -3.826126 -10.596077 -0.746165 3.608383 -10.626087 -12.606527 -8.861638 6.793808 -45.528362 -26.965534 -3.023556 173.476822 -73.867126 -174.586731 22.824186 1.052105 -45.256073 -5.882108 9.861293 0.702591 -10.936877 -0.360577 7.15621 1e-06 8.774835 -1e-06 -15.70029 16.976694 6.203241 -1.844033 2.498506 -2.507278 -10.163603 4.678946 4.621111 -20.976032 -4e-06 7e-06 -21.226292 2.451698 -3.593999 0.0 -6e-06 -0.0 -1.362684 2.2408 -0.746324 -21.334925 0.584906 3.008328 -13.821222 -4e-06 4e-06 -23.887182 -0.24908 -0.83948 -60.924782 2.266475 -1.162679 -0.294026 1.679688 0.833256 -14.218214 0.093213 1.300582 -34.212063 -0.287568 0.967176 -20.03322 0.964537 1.212846 0.0 1e-06 0.0 -3.440389 0.788234 0.501657 -15.928196 -3.167314 2.999712 -6.338829 -1e-06 1e-06 -18.123453 3.648187 -4.905674 -5e-06 1e-06 -2e-06 25.935108 4.297423 12.593614 -24.148203 41.664783 -23.836334 -179.395462 72.427536 -176.770523 -22.483437 -22.8435 33.931122 2.243544 -5.255037 -3.180159 14.282896 -0.826596 6.952503 -1e-06 -12.690603 1e-06 16.817261 -18.414923 2.662039 1.665667 -1.955924 -2.8783 4.727799 -4.170588 4.993925 11.02053 3e-06 -3e-06 12.109056 -3.735716 -2.866786 0.0 0.0 0.0 1.291988 -1.92855 -1.49809 14.800132 0.567467 3.865607 14.242576 -1.341736 -6.660661 19.631971 0.143926 -0.648247 49.480152 -0.952349 -7.132216 0.353031 -1.51115 -0.03194 20.222797 3.684308 2.316629 18.787279 5e-06 -3e-06 10.751632 -0.479868 1.397905 0.0 1e-06 0.0 3.273806 0.305948 -0.580111 21.486816 11.830372 2.266129 8.162928 2e-06 -1e-06 18.399086 -3.798984 -4.940578 3e-06 -1e-06 -0.0 4.7808 24.115141 -1.56427 0.023246 -0.171967 10.356671 -6.13402 1.325234 -6.437876 1.589887 -2.091594 -0.412386 0.0 -0.0 2e-06 -8.305896 -11.069821 -4.221889 0.071245 0.263477 7.18602 9.846353 5.885944 -1.01509 -1.386476 0.863644 -0.189225 -0.0 -0.0 -1e-06 
0.0 0.0 0.0 0.0 -0.0 0.0 1.883269 99.835205 -0.642189 0.331203 -7.341554 -0.466066 -0.644187 -0.249501 -4.87556 -0.796062 0.086191 -6.436206 -6.424556 -2.107689 11.525854 -2.956738 4.810104 12.904593 0.761774 5.354221 -3.698201 -2.437814 6.510567 -5.483676 7.7e-05 -2.3e-05 6e-06 0.009703 -0.114459 0.008891 0.749594 -3.828026 -10.599681 -0.740332 3.605201 -10.635796 -12.552912 -9.045087 6.686584 -45.954689 -27.567581 -3.141996 174.419281 -74.114639 -175.426697 22.733912 1.083285 -44.962749 -5.882109 9.861292 0.702591 -10.936878 -0.360575 7.156212 1e-06 8.77483 -1e-06 -15.734644 16.923513 6.223277 -1.844034 2.498505 -2.50728 -10.163608 4.678948 4.621111 -20.976038 -3e-06 5e-06 -21.226301 2.451701 -3.594001 0.0 -6e-06 0.0 -1.362683 2.240799 -0.746323 -21.334929 0.584908 3.008329 -13.821223 -3e-06 4e-06 -23.887184 -0.249078 -0.839481 -60.930862 2.227344 -1.095204 -0.294025 1.679689 0.833256 -14.218219 0.093214 1.300583 -34.212067 -0.287563 0.967175 -20.033226 0.964538 1.212847 -0.0 1e-06 0.0 -3.440392 0.788233 0.501656 -15.928196 -3.167311 2.999711 -6.33883 -1e-06 2e-06 -18.123459 3.648184 -4.905671 -4e-06 -0.0 -2e-06 25.732214 5.201417 12.680273 -26.851397 42.180088 -26.456434 179.816391 72.80629 -177.663925 -21.498056 -23.51837 35.685101 2.243542 -5.255036 -3.180159 14.282887 -0.826593 6.9525 -3e-06 -12.690601 1e-06 17.068197 -18.385132 2.590585 1.665667 -1.955921 -2.878299 4.727797 -4.170586 4.993923 11.020524 4e-06 -3e-06 12.10905 -3.735714 -2.866785 -0.0 0.0 -0.0 1.291984 -1.928549 -1.49809 14.800125 0.567468 3.865605 14.242569 -1.341735 -6.660657 19.631962 0.143927 -0.648247 49.505867 -0.998681 -7.121173 0.353027 -1.51115 -0.03194 20.222786 3.684311 2.316627 18.78727 6e-06 -2e-06 10.751625 -0.479868 1.397905 -0.0 -0.0 -0.0 3.273804 0.305947 -0.580111 21.486811 11.830374 2.26613 8.162925 3e-06 -1e-06 18.399076 -3.798982 -4.940577 2e-06 -2e-06 -2e-06 4.714709 23.810572 -1.668118 0.022402 -0.185857 10.435179 -6.101394 1.186175 -6.452702 1.592998 -2.099703 -0.360646 0.0 -1e-06 2e-06 -8.374972 -11.273437 -4.085898 0.074614 0.254351 7.167797 9.923465 5.690856 -1.099078 -1.383765 0.849183 -0.170916 -0.0 -0.0 -1e-06 
0.0 0.0 0.0 0.0 -0.0 0.0 1.850953 99.839798 -0.632822 0.343151 -6.74341 -0.460644 -0.610303 -0.260325 -4.925153 -0.767274 0.190872 -6.430849 -6.559785 -2.04119 11.519508 -3.088612 4.865672 12.577194 0.609224 4.969791 -3.722387 -2.518703 6.036535 -5.45939 7.7e-05 -2.2e-05 6e-06 0.011078 -0.120636 0.005501 0.749531 -3.835898 -10.599532 -0.737955 3.59952 -10.63991 -12.482574 -9.217601 6.579355 -46.171391 -28.19981 -3.127461 175.159576 -74.223404 -176.098953 22.567844 1.21577 -44.548805 -5.882112 9.8613 0.702596 -10.936889 -0.360575 7.15622 -0.0 8.774839 0.0 -15.722462 16.910088 6.25053 -1.844034 2.498508 -2.50728 -10.163616 4.678952 4.621119 -20.976051 -1e-06 8e-06 -21.226315 2.451704 -3.594 0.0 -5e-06 0.0 -1.362683 2.240801 -0.746322 -21.334946 0.584911 3.008336 -13.821235 -2e-06 5e-06 -23.887203 -0.249073 -0.83948 -60.938431 2.214117 -1.056363 -0.294026 1.67969 0.833258 -14.218231 0.093216 1.300586 -34.212097 -0.287559 0.967184 -20.033243 0.964544 1.21285 0.0 0.0 -1e-06 -3.440393 0.788234 0.501657 -15.928209 -3.167314 2.999717 -6.338837 -1e-06 2e-06 -18.12347 3.648192 -4.905673 -4e-06 -0.0 -2e-06 25.509178 6.050567 12.78614 -29.126587 42.5737 -28.79558 179.229614 73.071159 -178.448517 -20.421646 -23.98885 36.923347 2.243545 -5.255042 -3.180163 14.282909 -0.826591 6.952508 -6e-06 -12.690614 -2e-06 17.228683 -18.278461 2.536329 1.665669 -1.955924 -2.878303 4.727801 -4.170589 4.993928 11.02054 6e-06 -3e-06 12.109066 -3.735714 -2.86679 0.0 0.0 1e-06 1.291986 -1.928551 -1.498091 14.800144 0.567472 3.86561 14.242588 -1.341734 -6.660667 19.63199 0.143932 -0.648246 49.445194 -1.018057 -7.084992 0.353029 -1.511151 -0.031941 20.222815 3.684316 2.316629 18.787296 1.1e-05 -2e-06 10.751641 -0.479866 1.397909 -0.0 -0.0 -0.0 3.273809 0.305948 -0.580112 21.486843 11.830388 2.266134 8.162937 3e-06 -2e-06 18.399101 -3.79898 -4.940581 2e-06 -1e-06 -1e-06 4.67262 23.453585 -1.799222 0.024191 -0.198049 10.459353 -6.046046 0.892253 -6.380765 1.595476 -2.090913 -0.316041 0.0 -0.0 2e-06 -8.406404 -11.517713 -3.870784 0.069556 0.246688 7.053577 9.942421 5.346093 -1.185482 -1.381643 0.838374 -0.134742 -0.0 0.0 -1e-06 
0.0 0.0 0.0 0.0 -0.0 0.0 1.789015 99.847137 -0.642546 0.36428 -6.012928 -0.464176 -0.566499 -0.276422 -4.950032 -0.748204 0.28423 -6.417092 -6.657559 -1.965166 11.524296 -3.215291 4.893271 12.251342 0.484114 4.595851 -3.743958 -2.623673 5.576504 -5.503606 7.7e-05 -2.3e-05 6e-06 0.009382 -0.122332 0.002353 0.747769 -3.842163 -10.605964 -0.739948 3.601184 -10.650233 -12.387987 -9.39769 6.51647 -46.195168 -28.829632 -3.093473 175.709137 -74.244621 -176.645447 22.323807 1.441481 -44.077557 -5.88211 9.861286 0.702588 -10.93687 -0.360573 7.156208 -1e-06 8.774823 -2e-06 -15.69541 16.915987 6.263576 -1.844032 2.498507 -2.507278 -10.163599 4.678945 4.621109 -20.976023 -1e-06 1e-06 -21.226288 2.451696 -3.594003 -0.0 -5e-06 0.0 -1.362682 2.240798 -0.746324 -21.334915 0.58491 3.008323 -13.821215 -1e-06 1e-06 -23.887171 -0.249078 -0.839486 -60.966816 2.209684 -1.041848 -0.294025 1.679688 0.833256 -14.218208 0.093215 1.30058 -34.212048 -0.287562 0.967168 -20.033215 0.964537 1.212843 0.0 0.0 -1e-06 -3.440389 0.788234 0.501656 -15.928185 -3.167309 2.999709 -6.338827 -0.0 -2e-06 -18.123446 3.648185 -4.905672 -4e-06 -0.0 -3e-06 25.271919 6.860663 12.901946 -31.024673 42.86195 -30.789616 178.75531 73.274376 -179.099609 -19.195385 -24.408703 37.732712 2.243542 -5.255037 -3.180158 14.282892 -0.826592 6.952502 -3e-06 -12.690604 -0.0 17.333632 -18.110077 2.468834 1.665667 -1.955922 -2.8783 4.727799 -4.170587 4.993923 11.020528 3e-06 -3e-06 12.109053 -3.735716 -2.866785 0.0 0.0 -0.0 1.291984 -1.928549 -1.498089 14.800127 0.56747 3.865608 14.242571 -1.341734 -6.66066 19.631969 0.143928 -0.648245 49.282253 -1.008907 -7.046879 0.353028 -1.511149 -0.03194 20.222788 3.684312 2.316629 18.787271 5e-06 -1e-06 10.751628 -0.479867 1.397906 -0.0 -0.0 -1e-06 3.273806 0.305948 -0.580111 21.486818 11.830376 2.266133 8.162928 3e-06 -1e-06 18.399084 -3.798982 -4.940574 2e-06 0.0 -1e-06 4.633481 23.013861 -1.942653 0.019158 -0.214904 10.453357 -5.979339 0.544625 -6.259613 1.59934 -2.085956 -0.300336 -0.0 -0.0 2e-06 -8.433074 -11.787132 -3.630678 0.062337 0.238015 6.954818 9.891348 4.910054 -1.310135 -1.380625 0.822148 -0.086764 -0.0 -0.0 -1e-06 
0.0 0.0 0.0 0.0 -0.0 0.0 1.707645 99.855659 -0.666586 0.400613 -5.182679 -0.498329 -0.517579 -0.297785 -4.947939 -0.734211 0.367633 -6.396358 -6.71513 -1.885119 11.550973 -3.34551 4.891957 11.940594 0.399587 4.251666 -3.758452 -2.746963 5.179452 -5.609338 7.7e-05 -2.3e-05 6e-06 0.006839 -0.115545 0.000134 0.74305 -3.841034 -10.610941 -0.740576 3.612494 -10.65975 -12.268469 -9.592767 6.506176 -46.048874 -29.431467 -3.016759 175.869843 -74.219231 -176.85968 22.068174 1.704452 -43.601391 -5.882111 9.861292 0.702592 -10.936883 -0.360578 7.156216 2e-06 8.774833 -1e-06 -15.641356 16.944799 6.270437 -1.844032 2.498508 -2.507279 -10.163611 4.678947 4.621114 -20.97604 -6e-06 1.1e-05 -21.226301 2.451697 -3.593997 -0.0 -5e-06 -0.0 -1.362681 2.240801 -0.746324 -21.334934 0.584905 3.008334 -13.821227 -5e-06 6e-06 -23.887188 -0.249078 -0.839476 -60.951626 2.215828 -1.040518 -0.294024 1.679689 0.833258 -14.218223 0.093213 1.300585 -34.212078 -0.287566 0.967182 -20.033232 0.964537 1.21285 0.0 1e-06 -0.0 -3.440391 0.788235 0.501657 -15.928205 -3.167317 2.999716 -6.338833 -2e-06 1e-06 -18.123463 3.648184 -4.905669 -4e-06 0.0 -2e-06 25.030729 7.630503 13.000803 -32.61692 43.136917 -32.420109 178.4021 73.513367 -179.530563 -17.883551 -24.756889 38.18298 2.243543 -5.255044 -3.180165 14.282904 -0.826592 6.952514 -4e-06 -12.690617 -2e-06 17.348413 -17.889465 2.39502 1.665667 -1.955924 -2.878303 4.727801 -4.17059 4.993929 11.020536 5e-06 -2e-06 12.10906 -3.735716 -2.866789 0.0 -0.0 -1e-06 1.291985 -1.928551 -1.498092 14.800148 0.567472 3.865613 14.242585 -1.341735 -6.660667 19.631989 0.14393 -0.648242 48.991375 -0.980288 -7.003514 0.353027 -1.511151 -0.031939 20.222815 3.684318 2.316637 18.787291 8e-06 2e-06 10.751639 -0.479866 1.397912 0.0 1e-06 1e-06 3.273812 0.305949 -0.580112 21.486839 11.83039 2.266142 8.162935 4e-06 3e-06 18.399099 -3.798983 -4.940577 3e-06 0.0 -1e-06 4.593795 22.502035 -2.057364 0.009582 -0.241233 10.401112 -5.92628 0.183741 -6.095136 1.60568 -2.08349 -0.313731 0.0 -0.0 2e-06 -8.474459 -12.087081 -3.349904 0.05548 0.22327 6.875176 9.816411 4.431232 -1.460119 -1.380804 0.811757 -0.049739 0.0 -0.0 -1e-06 
0.0 0.0 0.0 0.0 -0.0 0.0 1.614133 99.866089 -0.701514 0.443454 -4.303914 -0.569261 -0.468625 -0.314663 -4.929704 -0.718397 0.446923 -6.379556 -6.731961 -1.817304 11.620677 -3.451766 4.868208 11.672635 0.368863 3.969175 -3.769569 -2.853405 4.881634 -5.775337 7.7e-05 -2.3e-05 6e-06 0.00548 -0.112994 0.000509 0.737822 -3.843601 -10.613157 -0.738255 3.619399 -10.662418 -12.137027 -9.795218 6.534009 -45.752899 -29.974876 -2.895782 175.682007 -74.158516 -176.723755 21.872301 1.997267 -43.409416 -5.882111 9.861297 0.702595 -10.936878 -0.360572 7.156213 -2e-06 8.774833 0.0 -15.607114 16.972231 6.266252 -1.844033 2.498506 -2.50728 -10.163609 4.678951 4.621116 -20.976038 2e-06 5e-06 -21.226301 2.451705 -3.594003 -0.0 -5e-06 -0.0 -1.362685 2.240799 -0.746324 -21.334929 0.584915 3.00833 -13.821223 2e-06 4e-06 -23.887188 -0.249072 -0.839484 -60.913746 2.232637 -1.062196 -0.294024 1.67969 0.833257 -14.218219 0.093217 1.300585 -34.212074 -0.287556 0.967172 -20.033228 0.964542 1.212843 -0.0 1e-06 -0.0 -3.440392 0.788233 0.501656 -15.928196 -3.167308 2.999713 -6.338831 0.0 -0.0 -18.123463 3.648191 -4.905674 -5e-06 1e-06 -2e-06 24.801498 8.312062 13.081996 -33.959991 43.462368 -33.732109 178.088593 73.861572 -179.812012 -16.7498 -24.96011 38.460514 2.243543 -5.255042 -3.180162 14.282904 -0.826591 6.952512 -3e-06 -12.690616 -1e-06 17.293234 -17.666418 2.343609 1.665668 -1.955923 -2.878302 4.727805 -4.170592 4.993928 11.020536 3e-06 -1e-06 12.109062 -3.735718 -2.866787 1e-06 -1e-06 -1e-06 1.291983 -1.928551 -1.49809 14.800144 0.567469 3.865612 14.242584 -1.341736 -6.660663 19.631985 0.143928 -0.648245 48.645191 -0.948452 -6.951432 0.35303 -1.51115 -0.031941 20.222811 3.684315 2.316635 18.787291 6e-06 2e-06 10.751639 -0.479867 1.397909 -0.0 1e-06 -1e-06 3.27381 0.305947 -0.580112 21.486834 11.830389 2.26614 8.162935 3e-06 -0.0 18.399099 -3.798986 -4.940578 2e-06 -1e-06 -1e-06 4.567284 21.978392 -2.117687 0.000485 -0.265486 10.293719 -5.889552 -0.181302 -5.890274 1.612042 -2.073651 -0.346893 0.0 -0.0 2e-06 -8.525126 -12.422423 -3.005356 0.047967 0.209979 6.76043 9.74468 3.94265 -1.59691 -1.381622 0.81668 -0.041735 0.0 -0.0 -1e-06 
0.0 0.0 0.0 0.0 -0.0 0.0 1.515577 99.869583 -0.740439 0.494107 -3.42788 -0.659035 -0.414582 -0.317807 -4.906744 -0.704465 0.518144 -6.374209 -6.714421 -1.76487 11.722947 -3.525108 4.830064 11.457777 0.377035 3.754276 -3.772662 -2.95899 4.661039 -6.002175 7.7e-05 -2.3e-05 6e-06 0.004992 -0.115928 0.005916 0.731714 -3.849548 -10.609728 -0.73325 3.618796 -10.655066 -12.010617 -9.981865 6.566316 -45.414345 -30.440197 -2.729889 175.302948 -74.088615 -176.395691 21.742802 2.261427 -43.405411 -5.882106 9.861284 0.70259 -10.936877 -0.360577 7.156209 2e-06 8.774825 -0.0 -15.599702 17.005495 6.263159 -1.84403 2.498504 -2.507279 -10.1636 4.678945 4.621111 -20.976023 -4e-06 9e-06 -21.226286 2.451695 -3.593995 -0.0 -5e-06 -2e-06 -1.362681 2.240798 -0.746324 -21.334917 0.584908 3.008327 -13.821215 -4e-06 6e-06 -23.887171 -0.249077 -0.839479 -60.863911 2.236297 -1.079322 -0.294026 1.679687 0.833256 -14.21821 0.093215 1.300584 -34.212051 -0.287564 0.96718 -20.033215 0.964537 1.212849 1e-06 1e-06 -1e-06 -3.440388 0.788233 0.501658 -15.928189 -3.167312 2.999712 -6.338828 -1e-06 3e-06 -18.123446 3.648182 -4.905666 -4e-06 -0.0 -3e-06 24.586857 8.874165 13.137317 -35.084614 43.88945 -34.870914 177.491791 74.308693 179.684753 -15.816968 -24.975992 38.894733 2.243541 -5.255035 -3.180158 14.282896 -0.826593 6.952503 -4e-06 -12.690605 0.0 17.139448 -17.420197 2.310187 1.665667 -1.955922 -2.878301 4.7278 -4.170585 4.993925 11.020529 5e-06 -3e-06 12.109055 -3.735713 -2.866785 0.0 -1e-06 -1e-06 1.291986 -1.92855 -1.498091 14.800132 0.56747 3.865609 14.242576 -1.341733 -6.660658 19.631973 0.143929 -0.648244 48.213345 -0.935154 -6.897002 0.35303 -1.511151 -0.03194 20.222801 3.684312 2.316629 18.787279 9e-06 -1e-06 10.751631 -0.479866 1.397907 0.0 1e-06 -1e-06 3.273806 0.305948 -0.580111 21.48682 11.830379 2.266134 8.162928 4e-06 0.0 18.399084 -3.798982 -4.940576 3e-06 -0.0 -1e-06 4.542879 21.456444 -2.181566 -0.0066 -0.276948 10.233754 -5.852141 -0.526122 -5.705379 1.617629 -2.062978 -0.380444 -0.0 -0.0 2e-06 -8.591008 -12.770293 -2.706113 0.044742 0.201131 6.778683 9.668301 3.4905 -1.787019 -1.383843 0.827301 -0.059609 -0.0 0.0 -1e-06 
0.0 0.0 0.0 0.0 -0.0 0.0 1.416201 99.867409 -0.785999 0.547837 -2.605666 -0.761737 -0.363577 -0.313548 -4.890767 -0.69157 0.55331 -6.371856 -6.659362 -1.703397 11.83903 -3.567118 4.798967 11.282876 0.394857 3.578546 -3.780383 -3.039342 4.495385 -6.232277 7.7e-05 -2.3e-05 6e-06 0.006045 -0.116127 0.012344 0.727044 -3.850709 -10.603936 -0.726575 3.618933 -10.641528 -11.877022 -10.130208 6.600805 -45.163788 -30.82826 -2.560542 175.073044 -74.012405 -176.220703 21.679123 2.489026 -43.54187 -5.882106 9.861285 0.702592 -10.936872 -0.360574 7.156204 -1e-06 8.774824 -1e-06 -15.615469 17.035812 6.240796 -1.844032 2.498505 -2.507275 -10.163598 4.678947 4.621109 -20.976023 -1e-06 4e-06 -21.226286 2.451699 -3.594 1e-06 -4e-06 -0.0 -1.362681 2.240799 -0.746324 -21.334915 0.584911 3.008326 -13.821215 -1e-06 4e-06 -23.887173 -0.249076 -0.839482 -60.811832 2.232561 -1.101779 -0.294025 1.679687 0.833257 -14.218208 0.093217 1.300581 -34.212051 -0.28756 0.967172 -20.033215 0.964538 1.212843 1e-06 -0.0 -1e-06 -3.440389 0.788234 0.501657 -15.928187 -3.167308 2.999708 -6.338827 -1e-06 2e-06 -18.123449 3.648185 -4.905669 -5e-06 2e-06 -3e-06 24.382071 9.334477 13.162034 -35.996212 44.364124 -35.796108 176.573059 74.723724 178.856537 -15.04731 -24.982075 39.550224 2.243543 -5.255042 -3.180163 14.282905 -0.826593 6.952512 -3e-06 -12.690614 -2e-06 16.986698 -17.206335 2.297238 1.665668 -1.955924 -2.878302 4.727804 -4.170589 4.993928 11.020536 3e-06 -1e-06 12.109063 -3.735718 -2.866787 0.0 -0.0 -2e-06 1.291987 -1.928551 -1.498092 14.800146 0.567471 3.865612 14.242584 -1.341735 -6.660664 19.631987 0.143927 -0.648242 47.819294 -0.949003 -6.853179 0.353031 -1.511154 -0.031941 20.222813 3.684316 2.316636 18.787289 6e-06 3e-06 10.751638 -0.479868 1.397911 -0.0 1e-06 -0.0 3.273809 0.305948 -0.580112 21.486837 11.830387 2.266141 8.162937 2e-06 -0.0 18.399099 -3.798988 -4.940576 3e-06 -0.0 -0.0 4.522778 20.961725 -2.244973 -0.012409 -0.277597 10.215574 -5.835951 -0.82231 -5.543881 1.621827 -2.059347 -0.402454 -0.0 -0.0 2e-06 -8.662115 -13.115998 -2.464268 0.040403 0.191902 6.909414 9.561629 3.119378 -2.007795 -1.386906 0.8331 -0.091833 -0.0 -0.0 -1e-06 
0.0 0.0 0.0 0.0 -0.0 0.0 1.326445 99.861595 -0.839475 0.595807 -1.852957 -0.882469 -0.314418 -0.299919 -4.876838 -0.678557 0.558444 -6.361311 -6.578036 -1.632662 11.960904 -3.579717 4.775374 11.137252 0.396071 3.440567 -3.785441 -3.091079 4.366477 -6.43603 7.7e-05 -2.3e-05 6e-06 0.006998 -0.112162 0.018647 0.722966 -3.847937 -10.602042 -0.720674 3.623903 -10.630302 -11.738477 -10.25351 6.649381 -45.021912 -31.180702 -2.428322 175.053741 -73.977493 -176.185638 21.68042 2.699381 -43.936558 -5.882108 9.861291 0.702592 -10.936877 -0.360575 7.156211 1e-06 8.774831 -1e-06 -15.661983 17.039061 6.21801 -1.844033 2.498505 -2.507278 -10.163604 4.678948 4.621112 -20.97603 0.0 7e-06 -21.226295 2.451703 -3.594 0.0 -5e-06 -0.0 -1.362681 2.2408 -0.746324 -21.334925 0.58491 3.008326 -13.821221 -0.0 3e-06 -23.88718 -0.249076 -0.839482 -60.806984 2.23993 -1.118739 -0.294025 1.679688 0.833256 -14.218213 0.093216 1.300581 -34.212067 -0.28756 0.967175 -20.03322 0.964539 1.212845 0.0 -0.0 -1e-06 -3.44039 0.788234 0.501655 -15.928191 -3.16731 2.99971 -6.338828 1e-06 1e-06 -18.123447 3.648187 -4.905671 -5e-06 2e-06 -3e-06 24.161119 9.721541 13.205059 -36.76841 44.784992 -36.522144 175.608353 75.07412 178.000504 -14.313187 -24.982275 40.175755 2.243542 -5.255038 -3.18016 14.282898 -0.826592 6.952504 -4e-06 -12.690609 -2e-06 16.840742 -16.994249 2.294481 1.665666 -1.955924 -2.8783 4.7278 -4.170588 4.993926 11.020531 5e-06 -1e-06 12.109058 -3.735715 -2.866786 0.0 -1e-06 1e-06 1.291986 -1.928551 -1.49809 14.800132 0.56747 3.865608 14.242579 -1.341732 -6.660662 19.631975 0.14393 -0.648246 47.423248 -0.956267 -6.807479 0.35303 -1.511153 -0.031941 20.222803 3.684313 2.316629 18.787283 8e-06 -3e-06 10.751633 -0.479867 1.397907 -0.0 1e-06 -1e-06 3.273808 0.305948 -0.58011 21.486826 11.830382 2.266132 8.16293 3e-06 -1e-06 18.399092 -3.798982 -4.940578 3e-06 -0.0 -0.0 4.515787 20.516703 -2.296726 -0.020088 -0.265507 10.235234 -5.850079 -1.088128 -5.405023 1.622234 -2.057178 -0.420018 0.0 -0.0 2e-06 -8.734698 -13.452531 -2.239109 0.037611 0.190485 7.069501 9.429821 2.826088 -2.218764 -1.390276 0.83527 -0.119335 0.0 -0.0 -1e-06 
0.0 0.0 0.0 0.0 -0.0 0.0 1.250261 99.851158 -0.898094 0.652099 -1.165461 -1.01228 -0.269845 -0.279584 -4.861019 -0.664618 0.555925 -6.352067 -6.507789 -1.586363 12.090052 -3.559006 4.751191 11.016133 0.375668 3.333823 -3.789725 -3.139476 4.252012 -6.650697 7.7e-05 -2.3e-05 6e-06 0.00817 -0.114267 0.022099 0.720529 -3.850899 -10.600896 -0.715962 3.622766 -10.619994 -11.607168 -10.37939 6.724827 -44.977917 -31.509962 -2.3362 175.03688 -73.977066 -176.111221 21.710276 2.881345 -44.429169 -5.882109 9.861288 0.702592 -10.936878 -0.360573 7.15621 0.0 8.77483 1e-06 -15.708394 17.043648 6.215413 -1.844032 2.498504 -2.507278 -10.163607 4.678949 4.621113 -20.976034 -1e-06 6e-06 -21.226299 2.451702 -3.593997 1e-06 -4e-06 -1e-06 -1.362683 2.240798 -0.746323 -21.334925 0.584913 3.008329 -13.821221 -2e-06 3e-06 -23.887182 -0.249076 -0.839479 -60.8531 2.25019 -1.135829 -0.294025 1.679688 0.833256 -14.218217 0.093215 1.300584 -34.212067 -0.287559 0.967178 -20.033222 0.964541 1.212847 1e-06 -0.0 -1e-06 -3.440392 0.788233 0.501656 -15.928196 -3.167309 2.999711 -6.33883 1e-06 2e-06 -18.123457 3.648188 -4.905669 -5e-06 1e-06 -3e-06 23.937576 10.046008 13.243076 -37.413403 45.150047 -37.09116 174.698273 75.386826 177.22377 -13.560754 -24.916439 40.744736 2.243542 -5.25504 -3.180161 14.2829 -0.826593 6.95251 -2e-06 -12.690612 -3e-06 16.707573 -16.803011 2.27063 1.665666 -1.955923 -2.878301 4.7278 -4.170588 4.993928 11.02053 5e-06 2e-06 12.109059 -3.735717 -2.866786 0.0 -1e-06 -1e-06 1.291985 -1.92855 -1.49809 14.800138 0.567472 3.865613 14.242577 -1.341736 -6.660661 19.631975 0.143926 -0.64824 47.040058 -0.955025 -6.785204 0.353029 -1.511151 -0.031941 20.222803 3.684314 2.316637 18.787283 5e-06 2e-06 10.751634 -0.479869 1.397909 0.0 -0.0 -2e-06 3.273809 0.305947 -0.580111 21.48683 11.830384 2.266141 8.16293 2e-06 0.0 18.399092 -3.798986 -4.940577 2e-06 1e-06 -1e-06 4.494613 20.085068 -2.344319 -0.027869 -0.2458 10.283948 -5.852649 -1.311608 -5.290981 1.621933 -2.059927 -0.445677 0.0 -0.0 2e-06 -8.82373 -13.749474 -2.062655 0.033775 0.190045 7.308244 9.300644 2.564074 -2.446418 -1.392494 0.8335 -0.154534 0.0 -0.0 -1e-06 
0.0 0.0 0.0 0.0 -0.0 0.0 1.180498 99.839935 -0.957115 0.721861 -0.566949 -1.144943 -0.236563 -0.254473 -4.84405 -0.655949 0.561221 -6.344477 -6.447483 -1.57302 12.221808 -3.515418 4.723883 10.925968 0.336315 3.223873 -3.799206 -3.185025 4.141113 -6.899787 7.7e-05 -2.3e-05 6e-06 0.008398 -0.122531 0.022085 0.720817 -3.859634 -10.604482 -0.715913 3.615326 -10.614826 -11.503915 -10.526841 6.834533 -44.982006 -31.785057 -2.297216 174.917526 -73.998688 -175.935837 21.771763 3.067603 -44.893021 -5.882107 9.86129 0.702592 -10.936873 -0.360574 7.156206 -0.0 8.774827 -2e-06 -15.755664 17.03055 6.20726 -1.844033 2.498505 -2.507278 -10.163601 4.678947 4.621109 -20.976025 1e-06 4e-06 -21.226294 2.4517 -3.594002 1e-06 -5e-06 -1e-06 -1.362681 2.2408 -0.746323 -21.334917 0.584911 3.008324 -13.821215 -1e-06 2e-06 -23.887171 -0.249076 -0.839483 -60.902229 2.245904 -1.162994 -0.294025 1.679687 0.833256 -14.21821 0.093217 1.300582 -34.212048 -0.28756 0.96717 -20.033215 0.964539 1.21284 1e-06 1e-06 -1e-06 -3.440388 0.788234 0.501655 -15.928189 -3.16731 2.999709 -6.338829 0.0 0.0 -18.123451 3.648185 -4.905671 -6e-06 1e-06 -3e-06 23.706785 10.345044 13.306121 -37.902546 45.397869 -37.532558 173.914566 75.623352 176.556915 -12.848265 -24.851583 41.293766 2.243542 -5.255037 -3.180159 14.282887 -0.826594 6.9525 -3e-06 -12.690601 1e-06 16.608919 -16.663605 2.246387 1.665667 -1.95592 -2.878299 4.727798 -4.170586 4.993923 11.020526 5e-06 -2e-06 12.109052 -3.735714 -2.866783 0.0 -1e-06 -0.0 1.291985 -1.928549 -1.498089 14.800125 0.567468 3.865605 14.242569 -1.341735 -6.66066 19.631962 0.143929 -0.648246 46.755806 -0.958913 -6.785797 0.353029 -1.51115 -0.031939 20.222788 3.68431 2.316628 18.78727 6e-06 -4e-06 10.751626 -0.479868 1.397906 0.0 -0.0 -1e-06 3.273806 0.305947 -0.580111 21.486809 11.830374 2.266129 8.162926 2e-06 -3e-06 18.39908 -3.798984 -4.940574 2e-06 -0.0 0.0 4.456056 19.668858 -2.354766 -0.033172 -0.220509 10.295738 -5.859756 -1.496016 -5.176018 1.622259 -2.070958 -0.464063 -0.0 -0.0 2e-06 -8.928965 -14.034768 -1.92892 0.026364 0.188541 7.59253 9.201945 2.365224 -2.667606 -1.394843 0.824524 -0.181856 -0.0 -0.0 -1e-06 
0.0 0.0 0.0 0.0 -0.0 0.0 1.112439 99.833504 -1.015115 0.790734 -0.072706 -1.259765 -0.211797 -0.227001 -4.838522 -0.65031 0.57286 -6.340894 -6.396102 -1.590475 12.356608 -3.469034 4.700773 10.864613 0.293113 3.108906 -3.810207 -3.258469 4.034536 -7.162623 7.7e-05 -2.2e-05 6e-06 0.009104 -0.122551 0.018202 0.722336 -3.861908 -10.617943 -0.716257 3.618102 -10.621353 -11.434515 -10.683445 6.939805 -45.038532 -32.003536 -2.295993 174.76651 -74.036453 -175.774475 21.86186 3.267887 -45.190449 -5.882109 9.861292 0.702594 -10.93688 -0.360572 7.156213 0.0 8.774831 1e-06 -15.814689 16.99715 6.177701 -1.844032 2.498507 -2.507279 -10.163607 4.678949 4.621114 -20.976038 3e-06 4e-06 -21.226301 2.451703 -3.594002 0.0 -5e-06 -1e-06 -1.362682 2.2408 -0.746322 -21.334929 0.584914 3.00833 -13.821223 -1e-06 4e-06 -23.887184 -0.249072 -0.83948 -60.937862 2.217764 -1.178266 -0.294025 1.679688 0.833257 -14.218217 0.093216 1.300586 -34.21207 -0.287553 0.967173 -20.033226 0.964543 1.212842 0.0 1e-06 -1e-06 -3.440389 0.788237 0.501656 -15.928196 -3.167309 2.999712 -6.338829 1e-06 2e-06 -18.123457 3.648189 -4.905671 -4e-06 1e-06 -3e-06 23.525671 10.62761 13.421317 -38.324986 45.505035 -37.841339 173.533844 75.775978 176.290848 -12.126106 -24.846014 41.791092 2.243541 -5.25504 -3.18016 14.282897 -0.826589 6.952508 -5e-06 -12.690609 -3e-06 16.533398 -16.584312 2.247127 1.665667 -1.955923 -2.8783 4.727799 -4.170588 4.993926 11.020531 5e-06 0.0 12.109056 -3.735715 -2.866785 0.0 -1e-06 -1e-06 1.291987 -1.92855 -1.49809 14.800138 0.567473 3.865611 14.242578 -1.341735 -6.660657 19.631975 0.143929 -0.648239 46.630394 -0.982892 -6.800786 0.353029 -1.511151 -0.03194 20.222803 3.684317 2.316636 18.787283 8e-06 4e-06 10.751634 -0.479867 1.39791 0.0 -0.0 0.0 3.273808 0.305949 -0.580111 21.48683 11.830386 2.266141 8.16293 4e-06 2e-06 18.39909 -3.798982 -4.940573 3e-06 1e-06 -0.0 4.415971 19.305517 -2.331895 -0.03888 -0.198807 10.240751 -5.869388 -1.657716 -5.044566 1.623191 -2.090139 -0.475519 -0.0 -0.0 2e-06 -9.025931 -14.297615 -1.815705 0.020754 0.181796 7.823156 9.14731 2.234301 -2.836325 -1.396944 0.809501 -0.20193 0.0 -0.0 -1e-06 
0.0 0.0 0.0 0.0 -0.0 0.0 1.041735 99.832596 -1.076792 0.844518 0.331218 -1.346749 -0.197127 -0.199735 -4.841667 -0.642911 0.579116 -6.333866 -6.342427 -1.627638 12.479645 -3.414909 4.664932 10.818436 0.251104 3.006226 -3.815162 -3.363824 3.931741 -7.422454 7.7e-05 -2.2e-05 6e-06 0.010795 -0.119728 0.01364 0.723205 -3.863158 -10.633551 -0.713964 3.62559 -10.633217 -11.400761 -10.818095 7.04052 -45.116859 -32.194695 -2.351598 174.711334 -74.129387 -175.699188 21.899712 3.494385 -45.247345 -5.882106 9.861285 0.702591 -10.936875 -0.360578 7.156209 0.0 8.774825 -2e-06 -15.870983 16.963329 6.136683 -1.844032 2.498504 -2.50728 -10.163604 4.678944 4.62111 -20.97603 -4e-06 4e-06 -21.226292 2.451695 -3.593998 0.0 -5e-06 -1e-06 -1.362681 2.240798 -0.746323 -21.334917 0.584907 3.008327 -13.821217 -4e-06 3e-06 -23.887175 -0.249081 -0.83948 -60.994499 2.18148 -1.1834 -0.294024 1.679688 0.833257 -14.218212 0.093211 1.300582 -34.212063 -0.287565 0.967176 -20.033218 0.964538 1.212847 1e-06 1e-06 -1e-06 -3.440389 0.788234 0.501655 -15.928191 -3.167313 2.999708 -6.338829 -1e-06 1e-06 -18.123447 3.648181 -4.90567 -5e-06 1e-06 -2e-06 23.367428 10.914721 13.572806 -38.613083 45.488194 -38.025242 173.472351 75.816452 176.378479 -11.365843 -24.94063 42.282158 2.243542 -5.255036 -3.180159 14.282888 -0.826591 6.952504 -3e-06 -12.690602 -2e-06 16.481081 -16.524839 2.273695 1.665666 -1.955922 -2.878299 4.727798 -4.170587 4.993923 11.020526 6e-06 -1e-06 12.109052 -3.735715 -2.866785 1e-06 0.0 -1e-06 1.291983 -1.928547 -1.49809 14.800127 0.56747 3.86561 14.242571 -1.341733 -6.660655 19.631966 0.143928 -0.648244 46.610111 -1.017506 -6.793841 0.353027 -1.51115 -0.03194 20.22279 3.684313 2.316631 18.78727 7e-06 1e-06 10.751627 -0.479867 1.397907 1e-06 1e-06 1e-06 3.273807 0.305946 -0.580111 21.486818 11.830377 2.266135 8.162926 3e-06 0.0 18.399082 -3.798984 -4.940573 3e-06 1e-06 -0.0 4.386817 18.990757 -2.309211 -0.044263 -0.186009 10.150236 -5.874396 -1.782654 -4.904873 1.624942 -2.110561 -0.477225 0.0 -1e-06 2e-06 -9.09086 -14.518888 -1.722795 0.018367 0.16978 7.975975 9.129131 2.142732 -2.947537 -1.398217 0.789074 -0.219792 0.0 -0.0 -1e-06 
0.0 0.0 0.0 0.0 -0.0 0.0 0.968437 99.833656 -1.141333 0.873706 0.642088 -1.415665 -0.185751 -0.179095 -4.837133 -0.631243 0.582079 -6.323183 -6.284356 -1.661776 12.589561 -3.356741 4.619042 10.772944 0.20612 2.924264 -3.818784 -3.484034 3.822152 -7.64947 7.6e-05 -2.3e-05 6e-06 0.01204 -0.113781 0.009536 0.722027 -3.8603 -10.64008 -0.710429 3.635169 -10.64093 -11.388829 -10.933074 7.153635 -45.127499 -32.406273 -2.452549 174.683823 -74.237183 -175.550369 21.905304 3.769124 -45.234352 -5.882109 9.861286 0.702589 -10.936874 -0.360574 7.156205 0.0 8.774826 -0.0 -15.892146 16.959995 6.115883 -1.844034 2.498503 -2.507278 -10.163601 4.678946 4.62111 -20.976028 -4e-06 2e-06 -21.226294 2.451698 -3.594001 0.0 -5e-06 -0.0 -1.362682 2.240798 -0.746322 -21.334919 0.584908 3.008324 -13.821218 -1e-06 1e-06 -23.887175 -0.249079 -0.839484 -61.017658 2.174258 -1.182903 -0.294025 1.679686 0.833256 -14.218212 0.093213 1.300581 -34.212063 -0.287564 0.96717 -20.033218 0.964537 1.212842 0.0 -0.0 -1e-06 -3.44039 0.788233 0.501655 -15.928192 -3.16731 2.999707 -6.33883 0.0 0.0 -18.123453 3.648181 -4.905672 -4e-06 1e-06 -4e-06 23.193947 11.169787 13.723108 -38.801758 45.422577 -38.228489 173.651291 75.831474 176.679871 -10.699676 -25.01605 42.704792 2.243542 -5.255036 -3.180157 14.28289 -0.826592 6.952501 -2e-06 -12.690604 -2e-06 16.42477 -16.460617 2.279256 1.665667 -1.955922 -2.8783 4.727798 -4.170587 4.993923 11.020522 7e-06 -1e-06 12.109053 -3.735713 -2.866783 0.0 -1e-06 -2e-06 1.291987 -1.928549 -1.498089 14.800125 0.56747 3.865607 14.242571 -1.341734 -6.660657 19.631968 0.143929 -0.648244 46.570557 -1.034065 -6.778455 0.35303 -1.511151 -0.031939 20.222794 3.68431 2.316629 18.787271 7e-06 1e-06 10.751628 -0.479867 1.397906 1e-06 -0.0 1e-06 3.273807 0.305947 -0.580112 21.486813 11.830377 2.266131 8.162926 3e-06 -1e-06 18.399082 -3.798983 -4.940573 2e-06 1e-06 -0.0 4.385334 18.768902 -2.302071 -0.043747 -0.183043 10.080503 -5.880223 -1.903624 -4.780619 1.627216 -2.125488 -0.466212 0.0 -0.0 2e-06 -9.115614 -14.704365 -1.654324 0.018312 0.158105 8.081429 9.124509 2.099202 -3.016403 -1.396597 0.773403 -0.231335 -0.0 -0.0 -1e-06 
0.0 0.0 0.0 0.0 -0.0 0.0 0.898113 99.835777 -1.202562 0.883549 0.858509 -1.468236 -0.179657 -0.173454 -4.820179 -0.622399 0.587144 -6.316084 -6.229641 -1.692765 12.688726 -3.296512 4.566116 10.706465 0.169144 2.878791 -3.813656 -3.594164 3.692051 -7.845827 7.6e-05 -2.2e-05 6e-06 0.013514 -0.116331 0.010777 0.722525 -3.864404 -10.633643 -0.707945 3.634447 -10.638047 -11.370265 -11.039154 7.261129 -45.0312 -32.606937 -2.618236 174.678375 -74.270454 -175.409225 21.895262 4.041276 -45.215065 -5.882109 9.861292 0.70259 -10.936876 -0.360576 7.156212 2e-06 8.774831 -3e-06 -15.873587 16.992111 6.122675 -1.844033 2.498507 -2.50728 -10.163602 4.678947 4.621113 -20.97603 -3e-06 6e-06 -21.226292 2.451699 -3.593999 -0.0 -4e-06 -0.0 -1.362682 2.240799 -0.746323 -21.334925 0.584906 3.008328 -13.82122 -3e-06 4e-06 -23.887178 -0.249078 -0.83948 -61.01421 2.184054 -1.178025 -0.294025 1.679687 0.833256 -14.218215 0.093213 1.300583 -34.212067 -0.287565 0.967178 -20.033226 0.96454 1.212845 -0.0 1e-06 -1e-06 -3.440389 0.788233 0.501657 -15.928196 -3.167313 2.999708 -6.33883 -1e-06 1e-06 -18.123453 3.648185 -4.905671 -5e-06 1e-06 -3e-06 23.034481 11.361161 13.85007 -38.994286 45.379383 -38.566738 173.797119 75.903214 176.878265 -10.233295 -24.989828 43.10276 2.243542 -5.25504 -3.18016 14.282898 -0.826592 6.952506 -5e-06 -12.690612 -1e-06 16.36809 -16.391909 2.262606 1.665667 -1.955921 -2.878302 4.727801 -4.17059 4.993925 11.020532 6e-06 -2e-06 12.109057 -3.735714 -2.866789 0.0 1e-06 1e-06 1.291985 -1.928551 -1.49809 14.80014 0.567472 3.865609 14.242582 -1.341732 -6.660664 19.631983 0.143932 -0.648244 46.477283 -1.039057 -6.756437 0.353029 -1.511151 -0.031939 20.222801 3.684319 2.31663 18.787283 1e-05 -0.0 10.751634 -0.479867 1.397908 1e-06 -0.0 1e-06 3.273808 0.30595 -0.580111 21.486832 11.830389 2.266136 8.16293 4e-06 -0.0 18.399092 -3.798982 -4.940575 2e-06 -0.0 -0.0 4.40356 18.621099 -2.303982 -0.038128 -0.185545 10.030399 -5.886702 -2.033314 -4.677783 1.628116 -2.127559 -0.443154 0.0 -0.0 2e-06 -9.109287 -14.852619 -1.610637 0.019159 0.154193 8.151094 9.122135 2.066286 -3.054048 -1.392085 0.766168 -0.223008 0.0 -0.0 -1e-06 
0.0 0.0 0.0 0.0 -0.0 0.0 0.827879 99.837036 -1.258766 0.87807 1.019026 -1.509601 -0.172653 -0.178587 -4.786383 -0.619546 0.578871 -6.31819 -6.175045 -1.714348 12.769638 -3.241051 4.526264 10.646189 0.146606 2.841776 -3.809534 -3.687082 3.570708 -7.997745 7.6e-05 -2.2e-05 6e-06 0.01445 -0.130617 0.0148 0.723382 -3.879215 -10.626485 -0.706713 3.620709 -10.633348 -11.329253 -11.155318 7.315455 -44.878963 -32.759491 -2.807999 174.677261 -74.2071 -175.309937 21.888952 4.289158 -45.074772 -5.882109 9.861285 0.702589 -10.936877 -0.360575 7.156209 0.0 8.774826 -1e-06 -15.831086 17.034916 6.145587 -1.844032 2.498506 -2.507279 -10.163603 4.678945 4.621112 -20.976027 -2e-06 5e-06 -21.226292 2.451698 -3.593998 -0.0 -4e-06 -1e-06 -1.362681 2.2408 -0.746323 -21.334921 0.584911 3.008326 -13.821218 -0.0 2e-06 -23.887175 -0.249077 -0.83948 -61.017788 2.202199 -1.159602 -0.294025 1.679688 0.833256 -14.218211 0.093217 1.300583 -34.212063 -0.28756 0.967177 -20.033218 0.964541 1.212844 0.0 1e-06 -1e-06 -3.44039 0.788233 0.501655 -15.928191 -3.16731 2.999712 -6.338829 0.0 0.0 -18.123453 3.648184 -4.905669 -4e-06 1e-06 -3e-06 22.896921 11.503242 13.968746 -39.250305 45.366959 -38.991474 173.933594 76.009575 177.010727 -9.922078 -24.993393 43.50399 2.243541 -5.255037 -3.180159 14.282894 -0.826593 6.952503 -3e-06 -12.690605 1e-06 16.301912 -16.334652 2.249097 1.665667 -1.955922 -2.8783 4.727797 -4.170587 4.993927 11.020528 4e-06 -2e-06 12.109055 -3.735713 -2.866785 -1e-06 1e-06 0.0 1.291986 -1.92855 -1.49809 14.800132 0.567469 3.865608 14.242576 -1.341734 -6.66066 19.631969 0.14393 -0.648246 46.346897 -1.043253 -6.731153 0.35303 -1.511151 -0.031941 20.222795 3.684313 2.316629 18.787279 6e-06 -2e-06 10.75163 -0.479867 1.397905 1e-06 -1e-06 1e-06 3.273808 0.305948 -0.580112 21.486816 11.830379 2.266129 8.162927 4e-06 -2e-06 18.399084 -3.798982 -4.940576 3e-06 -0.0 -1e-06 4.436935 18.515036 -2.323825 -0.026097 -0.192731 10.016208 -5.90711 -2.145145 -4.600466 1.628584 -2.119966 -0.413983 -0.0 -0.0 2e-06 -9.080155 -14.973756 -1.589307 0.023341 0.153465 8.216059 9.098479 2.042251 -3.084071 -1.387318 0.761697 -0.198034 -0.0 -0.0 -1e-06 
0.0 0.0 0.0 0.0 -0.0 0.0 0.759148 99.838799 -1.305145 0.862174 1.138499 -1.537407 -0.169611 -0.197193 -4.743927 -0.624363 0.563504 -6.31953 -6.120569 -1.727383 12.814571 -3.199571 4.506898 10.613498 0.147 2.810645 -3.81063 -3.788279 3.485876 -8.069279 7.7e-05 -2.3e-05 6e-06 0.013359 -0.1436 0.018143 0.721819 -3.893265 -10.626316 -0.707128 3.608512 -10.633249 -11.247274 -11.267179 7.315746 -44.714035 -32.855221 -2.958695 174.531097 -74.034729 -175.15184 21.855778 4.447444 -44.610004 -5.882108 9.86129 0.70259 -10.936875 -0.360576 7.15621 -1e-06 8.774829 -2e-06 -15.757381 17.07807 6.150959 -1.844032 2.498506 -2.507279 -10.163603 4.678945 4.621115 -20.976028 -0.0 5e-06 -21.226292 2.451701 -3.593999 1e-06 -4e-06 -1e-06 -1.362682 2.240799 -0.746324 -21.334921 0.584911 3.008329 -13.82122 0.0 3e-06 -23.887178 -0.249074 -0.839481 -60.989662 2.214294 -1.142256 -0.294025 1.679687 0.833256 -14.218214 0.093214 1.300583 -34.212059 -0.287564 0.967176 -20.033218 0.964539 1.212846 -0.0 1e-06 -1e-06 -3.440389 0.788234 0.501656 -15.928192 -3.167312 2.999712 -6.338828 -0.0 0.0 -18.123447 3.648186 -4.90567 -4e-06 1e-06 -4e-06 22.800837 11.619858 14.085952 -39.576374 45.40062 -39.443935 174.161316 76.133766 177.239868 -9.659001 -25.074554 43.675182 2.243542 -5.255033 -3.180158 14.282888 -0.826593 6.952502 -4e-06 -12.690599 0.0 16.212505 -16.297915 2.251665 1.665667 -1.95592 -2.878298 4.727797 -4.170587 4.993923 11.020526 5e-06 -2e-06 12.109052 -3.735712 -2.866785 -1e-06 1e-06 0.0 1.291985 -1.928548 -1.49809 14.800129 0.56747 3.865606 14.242573 -1.341732 -6.660658 19.631969 0.143928 -0.648246 46.222488 -1.05051 -6.703046 0.353031 -1.511152 -0.031941 20.22279 3.684312 2.316629 18.78727 8e-06 1e-06 10.751627 -0.479867 1.397907 1e-06 -1e-06 0.0 3.273808 0.305947 -0.580111 21.486813 11.830376 2.266132 8.162926 2e-06 -2e-06 18.39908 -3.798983 -4.940575 2e-06 1e-06 -1e-06 4.483345 18.44455 -2.349463 -0.01635 -0.20139 10.012683 -5.930075 -2.206993 -4.539032 1.630306 -2.10126 -0.410394 0.0 -0.0 2e-06 -9.028406 -15.024884 -1.579012 0.025631 0.151061 8.258834 9.043342 1.975108 -3.111613 -1.38444 0.761055 -0.173938 0.0 -0.0 -1e-06 
0.0 0.0 0.0 0.0 -0.0 0.0 0.693079 99.846481 -1.341568 0.835675 1.209675 -1.564747 -0.170636 -0.21344 -4.708444 -0.628811 0.549332 -6.319206 -6.075927 -1.723039 12.842072 -3.169809 4.503444 10.595779 0.169592 2.7776 -3.816387 -3.884758 3.469116 -8.084593 7.6e-05 -2.2e-05 6e-06 0.01239 -0.146882 0.018838 0.720554 -3.89806 -10.632082 -0.707589 3.606193 -10.636994 -11.129255 -11.373204 7.291235 -44.56451 -32.924454 -3.053051 174.273804 -73.791046 -174.952515 21.860359 4.493722 -44.098301 -5.882104 9.861285 0.70259 -10.93687 -0.360578 7.156208 -0.0 8.774826 -1e-06 -15.670167 17.114759 6.146584 -1.844032 2.498504 -2.507277 -10.163598 4.678944 4.621109 -20.976023 -5e-06 6e-06 -21.226288 2.451696 -3.593998 -0.0 -3e-06 -1e-06 -1.362681 2.240798 -0.746323 -21.334913 0.584906 3.008326 -13.821215 -4e-06 3e-06 -23.887169 -0.249081 -0.839479 -60.912071 2.23436 -1.140835 -0.294026 1.679686 0.833254 -14.218208 0.093213 1.300582 -34.212048 -0.287567 0.967177 -20.033213 0.964535 1.212849 0.0 1e-06 -2e-06 -3.440389 0.788232 0.501657 -15.928191 -3.167312 2.999709 -6.338829 -2e-06 1e-06 -18.123449 3.648181 -4.905669 -6e-06 0.0 -2e-06 22.729523 11.682032 14.210207 -39.959435 45.489899 -39.879711 174.588455 76.231613 177.650513 -9.474022 -25.220734 43.436703 2.243542 -5.255037 -3.180159 14.282892 -0.826593 6.952501 -5e-06 -12.690605 3e-06 16.142134 -16.294846 2.28409 1.665667 -1.955919 -2.8783 4.727798 -4.170587 4.993925 11.020528 6e-06 -3e-06 12.109055 -3.735712 -2.866785 0.0 1e-06 1e-06 1.291987 -1.92855 -1.49809 14.800129 0.567469 3.865605 14.242573 -1.341732 -6.660659 19.631969 0.143932 -0.648248 46.204651 -1.054809 -6.682436 0.353029 -1.511151 -0.031938 20.222794 3.684315 2.316625 18.787273 1e-05 -2e-06 10.751628 -0.479866 1.397905 1e-06 -0.0 1e-06 3.273808 0.305947 -0.580113 21.486814 11.83038 2.266127 8.162928 3e-06 -2e-06 18.39908 -3.79898 -4.940577 2e-06 1e-06 -1e-06 4.549185 18.407814 -2.324745 -0.013019 -0.210967 9.941238 -5.953885 -2.217725 -4.460549 1.631795 -2.069551 -0.424126 0.0 -0.0 2e-06 -8.958669 -15.025383 -1.517559 0.023349 0.139152 8.180114 8.956501 1.864463 -3.089419 -1.384133 0.765389 -0.163414 -0.0 -0.0 -1e-06 
0.0 0.0 0.0 0.0 -0.0 0.0 0.630699 99.857491 -1.360883 0.803592 1.251922 -1.596857 -0.17669 -0.216762 -4.690509 -0.63217 0.541595 -6.319235 -6.041017 -1.700928 12.86974 -3.148708 4.487369 10.581529 0.208977 2.748775 -3.815356 -3.966687 3.497131 -8.065172 7.6e-05 -2.3e-05 6e-06 0.012028 -0.145626 0.022102 0.720858 -3.895596 -10.630132 -0.70852 3.605634 -10.631599 -10.984852 -11.472363 7.263293 -44.473263 -33.005863 -3.132585 174.11441 -73.552574 -174.843781 21.906065 4.455882 -43.716553 -5.882104 9.861287 0.702593 -10.936874 -0.360576 7.156207 -0.0 8.774825 -3e-06 -15.594149 17.147898 6.160258 -1.84403 2.498506 -2.507277 -10.163602 4.678944 4.621109 -20.976021 -2e-06 7e-06 -21.226286 2.451697 -3.593996 1e-06 -4e-06 -1e-06 -1.362682 2.240797 -0.746324 -21.334917 0.584908 3.008328 -13.821215 -3e-06 3e-06 -23.887171 -0.24908 -0.839479 -60.845676 2.265496 -1.141352 -0.294023 1.679689 0.833256 -14.218209 0.093214 1.300582 -34.212051 -0.287563 0.967177 -20.033213 0.964537 1.212846 1e-06 -0.0 -2e-06 -3.440388 0.788235 0.501657 -15.928189 -3.167311 2.999712 -6.338827 1e-06 1e-06 -18.123444 3.648183 -4.905667 -6e-06 1e-06 -2e-06 22.61529 11.666805 14.276265 -40.255962 45.684792 -40.277287 174.989563 76.283394 177.992477 -9.330931 -25.364952 42.803421 2.243542 -5.255037 -3.180161 14.282896 -0.826592 6.952506 -6e-06 -12.69061 1e-06 16.143152 -16.321821 2.319157 1.665667 -1.955923 -2.878301 4.7278 -4.170589 4.993927 11.020531 6e-06 -3e-06 12.109058 -3.735714 -2.866788 0.0 1e-06 1e-06 1.291985 -1.928552 -1.498091 14.800134 0.567472 3.865609 14.242579 -1.341731 -6.660664 19.631975 0.14393 -0.648244 46.288357 -1.050119 -6.687769 0.353029 -1.511151 -0.03194 20.222801 3.684317 2.316628 18.787281 9e-06 0.0 10.751633 -0.479866 1.397907 1e-06 1e-06 1e-06 3.273809 0.305947 -0.580113 21.486824 11.830384 2.26613 8.162927 4e-06 0.0 18.399088 -3.798982 -4.940577 2e-06 1e-06 -1e-06 4.628248 18.379835 -2.250454 -0.012555 -0.214344 9.817486 -5.994254 -2.177252 -4.375109 1.63306 -2.039235 -0.444889 0.0 -0.0 2e-06 -8.883718 -14.990908 -1.403522 0.020932 0.127282 8.011224 8.843163 1.737744 -3.038301 -1.386291 0.771062 -0.15773 0.0 -0.0 -1e-06 
0.0 0.0 0.0 0.0 -0.0 0.0 0.573254 99.866554 -1.363983 0.768318 1.278448 -1.638866 -0.189424 -0.211819 -4.680545 -0.634811 0.546324 -6.321421 -6.022573 -1.675498 12.886721 -3.123685 4.479159 10.582637 0.24697 2.715287 -3.81557 -4.029105 3.550917 -8.030168 7.6e-05 -2.2e-05 6e-06 0.013737 -0.14346 0.025626 0.721309 -3.890035 -10.623253 -0.705488 3.603678 -10.620592 -10.833385 -11.543073 7.239489 -44.495918 -33.059231 -3.087547 173.897461 -73.340401 -174.698685 21.972284 4.278333 -43.47266 -5.882109 9.861292 0.702592 -10.93688 -0.360574 7.156213 0.0 8.774831 -0.0 -15.567478 17.177307 6.18067 -1.844034 2.498505 -2.507278 -10.163608 4.678949 4.621113 -20.976038 -1e-06 5e-06 -21.226301 2.451701 -3.594002 0.0 -3e-06 -1e-06 -1.362682 2.240801 -0.746324 -21.334929 0.584911 3.008329 -13.821222 -1e-06 4e-06 -23.887182 -0.249077 -0.839481 -60.814201 2.295537 -1.145845 -0.294025 1.679689 0.833255 -14.218217 0.093215 1.300583 -34.212074 -0.28756 0.967174 -20.033228 0.964541 1.212847 1e-06 -0.0 -2e-06 -3.440389 0.788234 0.501656 -15.928196 -3.167311 2.999713 -6.33883 1e-06 0.0 -18.123457 3.648185 -4.905671 -5e-06 0.0 -2e-06 22.509481 11.606922 14.28796 -40.459576 45.930847 -40.647617 175.024399 76.247276 177.926346 -9.261773 -25.46113 41.893417 2.243541 -5.255037 -3.180159 14.282894 -0.826591 6.952504 -5e-06 -12.690605 1e-06 16.174314 -16.398346 2.368157 1.665666 -1.955921 -2.878302 4.7278 -4.170588 4.993926 11.020531 6e-06 -2e-06 12.109056 -3.735713 -2.866786 1e-06 -1e-06 0.0 1.291984 -1.928548 -1.498089 14.800136 0.567469 3.865607 14.242579 -1.341732 -6.660663 19.631975 0.143932 -0.648246 46.457394 -1.036934 -6.706731 0.353027 -1.511151 -0.031939 20.222801 3.684315 2.316629 18.787283 1e-05 -1e-06 10.751631 -0.479866 1.397905 1e-06 1e-06 1e-06 3.273809 0.305947 -0.580112 21.486828 11.830384 2.266129 8.162928 6e-06 -1e-06 18.399088 -3.79898 -4.940577 2e-06 -0.0 -1e-06 4.717683 18.371304 -2.154389 -0.011416 -0.213066 9.703053 -6.039832 -2.109042 -4.307963 1.633285 -2.019417 -0.467478 0.0 -0.0 2e-06 -8.81041 -14.925208 -1.266745 0.019774 0.121738 7.831743 8.736465 1.626542 -2.993258 -1.390118 0.776762 -0.157647 0.0 -0.0 -1e-06 
0.0 0.0 0.0 0.0 -0.0 0.0 0.523938 99.871758 -1.353562 0.731801 1.281273 -1.684067 -0.203413 -0.197991 -4.677583 -0.64078 0.546001 -6.323766 -6.018895 -1.642625 12.886499 -3.107578 4.486642 10.598353 0.264943 2.688241 -3.817971 -4.069731 3.590709 -8.005425 7.6e-05 -2.2e-05 6e-06 0.015174 -0.13798 0.02926 0.718887 -3.88193 -10.617305 -0.700245 3.60582 -10.612708 -10.712987 -11.550294 7.24873 -44.600788 -33.105072 -2.919969 173.630875 -73.168732 -174.487396 21.985504 4.041908 -43.254574 -5.882105 9.86129 0.702593 -10.936875 -0.360576 7.156208 0.0 8.77483 -2e-06 -15.540425 17.178301 6.207883 -1.844033 2.498505 -2.507278 -10.163605 4.678946 4.62111 -20.97603 -4e-06 6e-06 -21.226294 2.451696 -3.593997 -0.0 -5e-06 -0.0 -1.362682 2.240799 -0.746321 -21.334925 0.584907 3.008326 -13.821221 -5e-06 2e-06 -23.887182 -0.249078 -0.83948 -60.78212 2.308 -1.15272 -0.294023 1.679688 0.833257 -14.218215 0.093213 1.300581 -34.212067 -0.287568 0.967176 -20.033226 0.964536 1.212848 1e-06 1e-06 -2e-06 -3.440391 0.788233 0.501655 -15.928192 -3.167313 2.999712 -6.33883 -1e-06 1e-06 -18.123455 3.648184 -4.905671 -5e-06 0.0 -2e-06 22.40069 11.552491 14.267239 -40.570053 46.176453 -41.059353 174.519669 76.131485 177.277527 -9.187595 -25.515604 40.72168 2.243541 -5.255038 -3.180159 14.282894 -0.826593 6.952504 -4e-06 -12.690608 -0.0 16.218424 -16.486599 2.415452 1.665668 -1.955923 -2.878302 4.727798 -4.170586 4.993926 11.020528 6e-06 -1e-06 12.109058 -3.735715 -2.866787 0.0 0.0 -1e-06 1.291986 -1.928551 -1.498091 14.800134 0.56747 3.865607 14.242579 -1.341732 -6.660662 19.631975 0.14393 -0.648247 46.632427 -1.020107 -6.720347 0.353031 -1.51115 -0.031941 20.222801 3.684313 2.316627 18.787281 9e-06 -1e-06 10.751633 -0.479867 1.397907 1e-06 -0.0 1e-06 3.273807 0.305948 -0.58011 21.486824 11.830383 2.266131 8.16293 4e-06 -1e-06 18.399088 -3.798981 -4.940577 2e-06 1e-06 -0.0 4.812129 18.371157 -2.059704 -0.014656 -0.205769 9.629502 -6.111129 -2.011141 -4.272782 1.632048 -2.016706 -0.462704 0.0 -0.0 2e-06 -8.739161 -14.822968 -1.140426 0.017081 0.120736 7.686623 8.643297 1.520251 -2.969393 -1.394041 0.778579 -0.13782 0.0 -0.0 -1e-06 
0.0 0.0 0.0 0.0 -0.0 0.0 0.488498 99.872757 -1.332466 0.700314 1.238444 -1.726527 -0.21584 -0.17752 -4.673611 -0.64718 0.547675 -6.321954 -6.024647 -1.59562 12.859376 -3.119175 4.51187 10.619949 0.251317 2.642694 -3.824828 -4.081224 3.598638 -8.023529 7.6e-05 -2.3e-05 6e-06 0.016059 -0.136704 0.032497 0.715045 -3.879558 -10.619284 -0.694781 3.605522 -10.612939 -10.643001 -11.51112 7.275028 -44.728191 -33.136909 -2.714329 173.535172 -73.057381 -174.413589 21.964342 3.820802 -43.17371 -5.882109 9.861293 0.702591 -10.936882 -0.360578 7.156215 1e-06 8.774834 -3e-06 -15.532136 17.147833 6.225439 -1.844033 2.498506 -2.50728 -10.163607 4.678948 4.621114 -20.976038 -3e-06 8e-06 -21.226301 2.451702 -3.593999 -0.0 -4e-06 -0.0 -1.362683 2.240798 -0.746323 -21.334929 0.58491 3.00833 -13.821225 -1e-06 4e-06 -23.887186 -0.249076 -0.839479 -60.73502 2.29694 -1.149618 -0.294025 1.679689 0.833256 -14.218221 0.093213 1.300585 -34.212074 -0.287563 0.967179 -20.03323 0.96454 1.212848 0.0 1e-06 -1e-06 -3.44039 0.788234 0.501658 -15.928201 -3.167313 2.999713 -6.338831 -0.0 2e-06 -18.123459 3.648186 -4.905672 -5e-06 0.0 -3e-06 22.265085 11.528513 14.252429 -40.638359 46.358952 -41.502861 173.723999 75.981636 176.345978 -9.122917 -25.522705 39.596954 2.243544 -5.25504 -3.180163 14.282902 -0.826591 6.952505 -6e-06 -12.690612 0.0 16.242691 -16.560457 2.441664 1.665668 -1.955923 -2.878301 4.7278 -4.170589 4.993925 11.020536 7e-06 -3e-06 12.10906 -3.735714 -2.866788 -1e-06 1e-06 0.0 1.291987 -1.928549 -1.498091 14.800139 0.567472 3.865607 14.242584 -1.341733 -6.660665 19.631983 0.143935 -0.648247 46.72937 -1.01071 -6.722862 0.353028 -1.511152 -0.031941 20.222805 3.684318 2.316628 18.787287 1.1e-05 -2e-06 10.751636 -0.479865 1.397909 0.0 -1e-06 1e-06 3.273808 0.305947 -0.580111 21.486832 11.830389 2.266132 8.162933 4e-06 -2e-06 18.399094 -3.79898 -4.94058 3e-06 0.0 -1e-06 4.898771 18.389854 -1.971077 -0.020785 -0.195664 9.596584 -6.205225 -1.904736 -4.271307 1.629754 -2.026259 -0.439427 -0.0 -0.0 2e-06 -8.677629 -14.682585 -1.052718 0.012266 0.122562 7.603889 8.565099 1.413978 -2.970439 -1.398193 0.778855 -0.113959 -0.0 -0.0 -1e-06 
0.0 0.0 0.0 0.0 -0.0 0.0 0.470141 99.869736 -1.3087 0.682813 1.158404 -1.759439 -0.229894 -0.149939 -4.666458 -0.646099 0.561133 -6.317125 -6.042696 -1.538949 12.81924 -3.163068 4.550572 10.633195 0.218059 2.546048 -3.829071 -4.056952 3.571544 -8.109696 7.7e-05 -2.3e-05 6e-06 0.014647 -0.138899 0.033234 0.711321 -3.88022 -10.625798 -0.694161 3.601743 -10.618914 -10.61962 -11.444497 7.300379 -44.850445 -33.169708 -2.509055 173.607056 -73.024742 -174.419495 21.983458 3.661007 -43.310051 -5.882108 9.861292 0.702593 -10.936877 -0.360573 7.156211 -0.0 8.774829 -1e-06 -15.571856 17.128544 6.245081 -1.844032 2.498506 -2.507279 -10.163604 4.678949 4.621113 -20.976032 0.0 5e-06 -21.226295 2.451702 -3.593999 -0.0 -5e-06 -0.0 -1.362682 2.240799 -0.746323 -21.334923 0.584911 3.008327 -13.821221 -1e-06 2e-06 -23.887182 -0.249076 -0.839482 -60.783035 2.27916 -1.142808 -0.294024 1.67969 0.833257 -14.218214 0.093217 1.300585 -34.212063 -0.287557 0.967174 -20.033222 0.964541 1.212844 0.0 0.0 -1e-06 -3.440389 0.788233 0.501655 -15.928198 -3.16731 2.999712 -6.338829 0.0 1e-06 -18.123457 3.648189 -4.90567 -5e-06 1e-06 -2e-06 22.065046 11.533175 14.236282 -40.672997 46.508114 -41.972988 172.830704 75.855957 175.332703 -9.086498 -25.500227 38.705795 2.243541 -5.255036 -3.180158 14.282896 -0.826591 6.952507 -5e-06 -12.690607 -2e-06 16.21884 -16.59631 2.435981 1.665667 -1.955921 -2.878299 4.7278 -4.170588 4.993925 11.020529 5e-06 0.0 12.109055 -3.735716 -2.866785 -1e-06 -0.0 0.0 1.291986 -1.92855 -1.49809 14.800134 0.567471 3.865609 14.242576 -1.341734 -6.66066 19.631973 0.143928 -0.648242 46.731258 -1.01366 -6.742304 0.353026 -1.511151 -0.031939 20.222795 3.684315 2.316633 18.787275 7e-06 1e-06 10.751629 -0.479867 1.397907 0.0 0.0 -0.0 3.273808 0.305949 -0.580113 21.486826 11.830383 2.266139 8.16293 3e-06 2e-06 18.399088 -3.798983 -4.940572 3e-06 1e-06 -0.0 4.958679 18.441267 -1.901192 -0.021619 -0.179853 9.598919 -6.29483 -1.82933 -4.293458 1.626886 -2.045017 -0.424129 -0.0 -0.0 2e-06 -8.637671 -14.504025 -1.0282 0.009775 0.123149 7.612228 8.499014 1.337582 -3.003194 -1.401117 0.78159 -0.107941 0.0 -0.0 -1e-06 
0.0 0.0 0.0 0.0 -0.0 0.0 0.471738 99.868423 -1.289223 0.685915 1.041914 -1.765751 -0.237564 -0.12763 -4.668687 -0.63594 0.595296 -6.323258 -6.082137 -1.470455 12.789891 -3.214252 4.604821 10.634255 0.156472 2.445334 -3.83154 -4.030063 3.493567 -8.239224 7.7e-05 -2.2e-05 6e-06 0.014115 -0.141871 0.030475 0.710288 -3.881897 -10.635926 -0.694507 3.597863 -10.63157 -10.669962 -11.364795 7.296864 -44.915001 -33.208843 -2.359239 173.742279 -73.045792 -174.474869 22.004816 3.528924 -43.482975 -5.882105 9.861288 0.702591 -10.936873 -0.360577 7.156208 -0.0 8.774828 -3e-06 -15.650078 17.114317 6.246848 -1.844033 2.498505 -2.507279 -10.163603 4.678944 4.62111 -20.976025 -3e-06 6e-06 -21.226286 2.451698 -3.593998 -0.0 -5e-06 1e-06 -1.362681 2.240798 -0.746324 -21.334917 0.584909 3.008325 -13.821217 -2e-06 4e-06 -23.887171 -0.249076 -0.83948 -60.914066 2.268315 -1.135233 -0.294026 1.679686 0.833256 -14.21821 0.093215 1.300582 -34.212048 -0.287563 0.967174 -20.033215 0.964537 1.212847 1e-06 0.0 -1e-06 -3.44039 0.788231 0.501656 -15.928189 -3.167312 2.99971 -6.338829 -0.0 0.0 -18.123447 3.648185 -4.90567 -5e-06 0.0 -2e-06 21.834869 11.575595 14.253073 -40.777264 46.599766 -42.409943 172.280594 75.817093 174.733597 -9.048601 -25.488228 38.079407 2.243541 -5.255037 -3.180156 14.282888 -0.826594 6.9525 -4e-06 -12.690601 2e-06 16.155081 -16.62644 2.443321 1.665664 -1.955922 -2.878298 4.727797 -4.170587 4.993924 11.020526 5e-06 -1e-06 12.10905 -3.735714 -2.866784 0.0 1e-06 0.0 1.291986 -1.928548 -1.49809 14.800125 0.567469 3.865606 14.242569 -1.341733 -6.660657 19.631966 0.143928 -0.648242 46.73386 -1.039413 -6.763216 0.353031 -1.51115 -0.03194 20.222788 3.684313 2.316629 18.78727 6e-06 -2e-06 10.751628 -0.479868 1.397907 0.0 -0.0 1e-06 3.273806 0.305947 -0.580111 21.486813 11.830372 2.266131 8.162924 3e-06 -1e-06 18.399076 -3.798982 -4.940572 2e-06 0.0 -0.0 4.971546 18.51206 -1.840961 -0.017641 -0.169459 9.567033 -6.320279 -1.759751 -4.308085 1.626813 -2.069929 -0.431448 0.0 -0.0 2e-06 -8.62483 -14.298961 -1.060134 0.013377 0.118859 7.649945 8.467237 1.293725 -3.032359 -1.402193 0.780203 -0.131892 -0.0 -0.0 -1e-06 
0.0 0.0 0.0 0.0 -0.0 0.0 0.488148 99.87059 -1.282698 0.706787 0.889618 -1.7627 -0.243095 -0.10694 -4.661965 -0.618404 0.656435 -6.329867 -6.133968 -1.415448 12.759254 -3.281606 4.640931 10.631845 0.09547 2.39349 -3.836118 -4.011373 3.398816 -8.354752 7.7e-05 -2.2e-05 6e-06 0.016447 -0.145971 0.025186 0.714539 -3.884046 -10.643836 -0.694379 3.592381 -10.643167 -10.7198 -11.307138 7.25146 -44.911613 -33.241638 -2.32836 173.865219 -73.0718 -174.587921 22.044727 3.347839 -43.545555 -5.882106 9.86129 0.702593 -10.936878 -0.360575 7.156209 0.0 8.774828 -2e-06 -15.702559 17.099533 6.236349 -1.844031 2.498506 -2.507277 -10.1636 4.678947 4.62111 -20.976025 0.0 6e-06 -21.226288 2.451702 -3.593997 -0.0 -5e-06 -0.0 -1.362682 2.240798 -0.746322 -21.334923 0.584909 3.008327 -13.82122 1e-06 4e-06 -23.887178 -0.249074 -0.839481 -61.020851 2.266876 -1.128758 -0.294025 1.679688 0.833256 -14.218214 0.093214 1.300583 -34.212059 -0.287558 0.967175 -20.033218 0.96454 1.212845 0.0 0.0 -1e-06 -3.440389 0.788233 0.501657 -15.928192 -3.167311 2.999711 -6.338829 -1e-06 1e-06 -18.123453 3.648185 -4.905669 -6e-06 1e-06 -2e-06 21.588062 11.650147 14.28941 -41.02142 46.667957 -42.787243 172.258118 75.930702 174.654587 -9.022269 -25.450693 37.710537 2.243542 -5.255038 -3.180157 14.282892 -0.826593 6.952503 -5e-06 -12.690602 1e-06 16.065565 -16.620359 2.465387 1.665665 -1.955922 -2.878298 4.727798 -4.170588 4.993922 11.020524 6e-06 0.0 12.10905 -3.735712 -2.866783 -1e-06 1e-06 0.0 1.291985 -1.92855 -1.498089 14.800129 0.567469 3.865608 14.242574 -1.341736 -6.660655 19.631969 0.143928 -0.648244 46.713581 -1.06286 -6.778535 0.353029 -1.51115 -0.03194 20.222795 3.684312 2.316632 18.787273 6e-06 -1e-06 10.751629 -0.479868 1.397905 0.0 0.0 1e-06 3.273806 0.305948 -0.58011 21.486816 11.830377 2.266133 8.162928 3e-06 -1e-06 18.39908 -3.798982 -4.940575 3e-06 1e-06 -0.0 4.950527 18.595451 -1.761843 -0.015899 -0.166821 9.471876 -6.306004 -1.675426 -4.29722 1.626149 -2.083921 -0.432211 0.0 -0.0 2e-06 -8.638185 -14.095391 -1.115233 0.021184 0.115225 7.678545 8.450586 1.279651 -3.036255 -1.399903 0.779038 -0.186481 -0.0 -0.0 -1e-06 
0.0 0.0 0.0 0.0 -0.0 0.0 0.514738 99.868355 -1.287836 0.737053 0.733463 -1.757232 -0.248417 -0.093898 -4.642108 -0.598277 0.717366 -6.327316 -6.181206 -1.35274 12.716969 -3.381922 4.664127 10.63811 0.062975 2.378866 -3.848464 -4.012486 3.302237 -8.426739 7.7e-05 -2.3e-05 6e-06 0.018918 -0.14579 0.020166 0.718915 -3.882188 -10.649172 -0.694123 3.591156 -10.653285 -10.751542 -11.283672 7.18837 -44.820763 -33.268864 -2.40802 173.875107 -73.092651 -174.635666 22.02334 3.137554 -43.398861 -5.882108 9.861292 0.702593 -10.936878 -0.360576 7.156213 0.0 8.774833 -1e-06 -15.68242 17.084904 6.232544 -1.844033 2.498506 -2.507279 -10.163604 4.678948 4.621114 -20.976034 -1e-06 8e-06 -21.226299 2.451699 -3.593997 -0.0 -5e-06 1e-06 -1.362681 2.240798 -0.746325 -21.334925 0.58491 3.008331 -13.821222 -2e-06 5e-06 -23.887184 -0.249075 -0.839478 -60.989231 2.270404 -1.099922 -0.294024 1.679689 0.833257 -14.21822 0.093214 1.300584 -34.212074 -0.287561 0.96718 -20.033226 0.964541 1.212848 1e-06 0.0 -2e-06 -3.440391 0.788231 0.501656 -15.928196 -3.167314 2.999714 -6.338829 -0.0 2e-06 -18.123453 3.648185 -4.90567 -5e-06 1e-06 -2e-06 21.329136 11.74037 14.318989 -41.316376 46.722355 -43.140331 172.38649 76.165268 174.723343 -8.90027 -25.36935 37.43861 2.243541 -5.255038 -3.180161 14.2829 -0.826591 6.952507 -6e-06 -12.690611 0.0 15.9902 -16.571623 2.468226 1.66567 -1.955921 -2.878303 4.7278 -4.170588 4.993927 11.020535 6e-06 -2e-06 12.109058 -3.735714 -2.866786 0.0 -0.0 -0.0 1.291986 -1.928552 -1.498091 14.800139 0.567473 3.865608 14.242582 -1.341731 -6.660665 19.631979 0.143934 -0.648244 46.65266 -1.081665 -6.771738 0.35303 -1.511152 -0.031941 20.222803 3.684318 2.316632 18.787287 1e-05 -0.0 10.751634 -0.479866 1.397906 -0.0 -0.0 -0.0 3.273809 0.305949 -0.580112 21.48683 11.83039 2.266135 8.16293 5e-06 -0.0 18.399092 -3.798981 -4.940576 3e-06 0.0 -0.0 4.907127 18.662029 -1.722363 -0.015397 -0.168727 9.434936 -6.294108 -1.581285 -4.309892 1.624233 -2.085447 -0.428399 -0.0 -0.0 2e-06 -8.670573 -13.934999 -1.226443 0.025876 0.112527 7.800342 8.45316 1.319265 -3.063014 -1.395699 0.785818 -0.235849 0.0 -0.0 -1e-06 
0.0 0.0 0.0 0.0 -0.0 0.0 0.545865 99.858353 -1.299116 0.764495 0.587404 -1.736368 -0.245144 -0.091172 -4.626331 -0.580005 0.761001 -6.316373 -6.217604 -1.286187 12.663569 -3.505357 4.700348 10.662464 0.048069 2.390354 -3.861525 -4.025257 3.211228 -8.46336 7.7e-05 -2.2e-05 6e-06 0.019689 -0.142178 0.017602 0.720196 -3.87819 -10.651532 -0.69419 3.594217 -10.662053 -10.80139 -11.276484 7.132618 -44.614166 -33.290211 -2.531552 173.628815 -73.120132 -174.423752 21.94857 2.907299 -43.219963 -5.882107 9.861292 0.702594 -10.936878 -0.360574 7.156213 0.0 8.77483 -1e-06 -15.606308 17.082193 6.239522 -1.844032 2.498507 -2.507277 -10.163604 4.678948 4.621115 -20.97603 1e-06 7e-06 -21.226292 2.451702 -3.593998 0.0 -6e-06 1e-06 -1.362682 2.2408 -0.746323 -21.334925 0.584911 3.008331 -13.821223 1e-06 3e-06 -23.887182 -0.249075 -0.839479 -60.858337 2.275467 -1.059757 -0.294025 1.679689 0.833258 -14.218216 0.093215 1.300586 -34.212067 -0.287557 0.96718 -20.033226 0.964541 1.212848 1e-06 0.0 -2e-06 -3.44039 0.788234 0.501658 -15.928198 -3.167312 2.999711 -6.338829 0.0 2e-06 -18.123457 3.648189 -4.905668 -5e-06 1e-06 -3e-06 21.108757 11.836171 14.336434 -41.607761 46.767323 -43.452003 172.363876 76.503418 174.690918 -8.652032 -25.198542 37.118458 2.243543 -5.25504 -3.18016 14.282896 -0.826593 6.952506 -5e-06 -12.69061 1e-06 15.965506 -16.495581 2.440387 1.665668 -1.955922 -2.878302 4.727799 -4.170585 4.993926 11.02053 5e-06 -2e-06 12.109056 -3.735714 -2.866785 0.0 -0.0 0.0 1.291986 -1.928549 -1.49809 14.800134 0.567471 3.865608 14.242579 -1.341732 -6.660663 19.631977 0.143932 -0.648245 46.577572 -1.098169 -6.747859 0.353029 -1.511152 -0.031941 20.222801 3.684314 2.316628 18.787281 1.2e-05 -0.0 10.751633 -0.479866 1.397908 0.0 0.0 -0.0 3.273808 0.305948 -0.580113 21.486828 11.830384 2.266133 8.162929 5e-06 -0.0 18.399088 -3.798982 -4.940575 2e-06 1e-06 -1e-06 4.856623 18.726446 -1.775231 -0.015587 -0.171144 9.535319 -6.282344 -1.492952 -4.377726 1.622946 -2.080154 -0.435919 -0.0 -0.0 2e-06 -8.701538 -13.818516 -1.418831 0.028233 0.118098 8.050603 8.481831 1.402932 -3.136025 -1.390975 0.794248 -0.264187 -0.0 -0.0 -1e-06 
0.0 0.0 0.0 0.0 -0.0 0.0 0.573221 99.851135 -1.310022 0.782029 0.438516 -1.694515 -0.23272 -0.09673 -4.624645 -0.568756 0.788386 -6.310105 -6.247729 -1.214603 12.622432 -3.618986 4.738818 10.669792 0.043593 2.418348 -3.870228 -4.040454 3.113332 -8.488722 7.7e-05 -2.3e-05 6e-06 0.020291 -0.141266 0.017863 0.720486 -3.878097 -10.654494 -0.693501 3.59532 -10.671197 -10.871034 -11.26408 7.066961 -44.336197 -33.301491 -2.681444 173.31015 -73.161644 -174.138885 21.852215 2.684392 -43.155716 -5.882109 9.861288 0.702589 -10.936873 -0.360575 7.156211 -2e-06 8.774828 -2e-06 -15.532579 17.107838 6.268167 -1.844031 2.498506 -2.507279 -10.163603 4.678945 4.621109 -20.976027 -2e-06 4e-06 -21.22629 2.451699 -3.594 0.0 -6e-06 -0.0 -1.362681 2.240799 -0.746322 -21.334921 0.58491 3.008327 -13.821218 -3e-06 2e-06 -23.887175 -0.24908 -0.839482 -60.772804 2.281712 -1.010241 -0.294025 1.679688 0.833256 -14.21821 0.093216 1.300584 -34.212048 -0.287561 0.967177 -20.033216 0.96454 1.212846 0.0 0.0 -1e-06 -3.440389 0.788234 0.501656 -15.928189 -3.167309 2.99971 -6.338828 -0.0 -1e-06 -18.123447 3.648183 -4.90567 -4e-06 1e-06 -3e-06 20.968693 11.906066 14.35936 -41.866985 46.785294 -43.61554 172.365631 76.879761 174.775009 -8.404367 -24.972519 36.893551 2.243542 -5.255038 -3.18016 14.282898 -0.826593 6.952504 -5e-06 -12.690607 -0.0 15.986063 -16.431931 2.402076 1.665665 -1.955921 -2.8783 4.7278 -4.170588 4.993926 11.020531 5e-06 -1e-06 12.109056 -3.735715 -2.866785 -1e-06 -0.0 0.0 1.291985 -1.928547 -1.498089 14.800136 0.567471 3.86561 14.242576 -1.341735 -6.660661 19.631973 0.143927 -0.648243 46.519051 -1.117094 -6.723423 0.353029 -1.511152 -0.031941 20.222801 3.684317 2.316633 18.787279 1.1e-05 2e-06 10.751632 -0.479866 1.397908 0.0 -0.0 -0.0 3.273807 0.305949 -0.580111 21.486826 11.830383 2.266136 8.16293 4e-06 -1e-06 18.399088 -3.798982 -4.940573 2e-06 0.0 -0.0 4.809396 18.77989 -1.850797 -0.012493 -0.166828 9.632121 -6.262909 -1.395058 -4.442862 1.622396 -2.075699 -0.446993 0.0 -1e-06 2e-06 -8.711829 -13.71485 -1.612361 0.02731 0.125256 8.253144 8.515434 1.498195 -3.185034 -1.387249 0.797386 -0.258725 0.0 -0.0 -1e-06 
0.0 0.0 0.0 0.0 -0.0 0.0 0.602591 99.850517 -1.318219 0.789646 0.277996 -1.637688 -0.222393 -0.109147 -4.626401 -0.56585 0.808722 -6.315928 -6.269731 -1.15677 12.59304 -3.725295 4.781964 10.649673 0.042789 2.451291 -3.879618 -4.043349 3.033022 -8.480893 7.7e-05 -2.2e-05 6e-06 0.021209 -0.143281 0.01686 0.721111 -3.880385 -10.659017 -0.692394 3.592789 -10.68137 -10.950852 -11.240483 7.023052 -44.015739 -33.286064 -2.855755 172.876831 -73.178139 -173.760162 21.761576 2.463927 -43.241768 -5.882109 9.861289 0.702591 -10.936873 -0.360573 7.156209 -0.0 8.77483 -1e-06 -15.467387 17.135347 6.295964 -1.844032 2.498505 -2.507278 -10.163601 4.678948 4.621112 -20.976028 1e-06 5e-06 -21.226292 2.451702 -3.594001 0.0 -6e-06 0.0 -1.362682 2.240798 -0.746325 -21.334915 0.584912 3.008329 -13.821217 -1e-06 3e-06 -23.887171 -0.249075 -0.839482 -60.712631 2.290481 -0.977124 -0.294026 1.679688 0.833256 -14.218209 0.093216 1.300584 -34.212048 -0.28756 0.967175 -20.033215 0.964539 1.212846 0.0 1e-06 -1e-06 -3.440389 0.788235 0.501656 -15.928192 -3.167308 2.99971 -6.338829 2e-06 1e-06 -18.123451 3.648187 -4.905671 -4e-06 1e-06 -3e-06 20.919365 11.934501 14.417278 -42.10281 46.760807 -43.619209 172.650726 77.232002 175.180664 -8.228935 -24.759769 36.820702 2.243541 -5.255037 -3.180161 14.282896 -0.826593 6.952507 -5e-06 -12.690609 0.0 16.02759 -16.424488 2.373381 1.665667 -1.955921 -2.878301 4.727799 -4.170587 4.993929 11.020531 7e-06 -1e-06 12.109056 -3.735713 -2.866785 0.0 -0.0 -1e-06 1.291985 -1.92855 -1.49809 14.800138 0.56747 3.86561 14.242577 -1.341733 -6.66066 19.631973 0.143931 -0.648244 46.475689 -1.128124 -6.712842 0.353029 -1.511151 -0.03194 20.222801 3.684316 2.316632 18.787283 9e-06 1e-06 10.751633 -0.479866 1.397911 1e-06 0.0 0.0 3.27381 0.305948 -0.580111 21.486826 11.830385 2.266136 8.16293 4e-06 0.0 18.399088 -3.798985 -4.940574 3e-06 -1e-06 -1e-06 4.766397 18.841553 -1.911174 -0.008046 -0.164487 9.670699 -6.237135 -1.288815 -4.484651 1.624464 -2.068829 -0.451701 -0.0 -0.0 2e-06 -8.705006 -13.594704 -1.764482 0.024935 0.130956 8.332864 8.547529 1.575981 -3.181158 -1.384821 0.80264 -0.227493 -0.0 -0.0 -1e-06 
0.0 0.0 0.0 0.0 -0.0 0.0 0.635714 99.858948 -1.327331 0.785723 0.106118 -1.571913 -0.215067 -0.116309 -4.623274 -0.566521 0.8333 -6.323563 -6.294636 -1.131057 12.569383 -3.839092 4.832679 10.583354 0.059849 2.459711 -3.882627 -4.023562 3.003038 -8.439145 7.7e-05 -2.2e-05 6e-06 0.020359 -0.144066 0.014227 0.720171 -3.881831 -10.661592 -0.693268 3.592014 -10.688711 -11.042542 -11.209484 6.997316 -43.667488 -33.211716 -3.039057 172.442108 -73.147652 -173.376724 21.734848 2.250114 -43.473698 -5.882104 9.861283 0.70259 -10.936868 -0.360577 7.156203 1e-06 8.774822 -1e-06 -15.428823 17.170376 6.311027 -1.844031 2.498506 -2.507276 -10.163596 4.678944 4.621107 -20.976017 -3e-06 1e-06 -21.226286 2.451695 -3.594 0.0 -6e-06 0.0 -1.362682 2.240798 -0.746324 -21.334909 0.584907 3.008322 -13.821213 -3e-06 0.0 -23.887165 -0.249081 -0.839482 -60.711208 2.299104 -0.988143 -0.294023 1.679688 0.833254 -14.218205 0.093214 1.300579 -34.212036 -0.287565 0.96717 -20.033209 0.964536 1.212843 0.0 -0.0 -1e-06 -3.440389 0.788233 0.501655 -15.928183 -3.16731 2.999706 -6.338824 -1e-06 -0.0 -18.123442 3.648183 -4.905669 -5e-06 1e-06 -3e-06 20.919649 11.90813 14.486279 -42.25964 46.72982 -43.504261 173.261322 77.51767 175.925186 -8.107924 -24.585495 36.89426 2.243541 -5.255035 -3.180157 14.28289 -0.826594 6.952503 -2e-06 -12.690601 0.0 16.078756 -16.419809 2.346815 1.665664 -1.955921 -2.878298 4.727798 -4.170586 4.993923 11.020524 3e-06 1e-06 12.109051 -3.735715 -2.866783 0.0 1e-06 -1e-06 1.291986 -1.92855 -1.49809 14.800125 0.567469 3.865608 14.24257 -1.341736 -6.660655 19.631968 0.143925 -0.648241 46.449402 -1.119586 -6.715652 0.35303 -1.511152 -0.031942 20.222794 3.684311 2.316631 18.78727 4e-06 0.0 10.751627 -0.479869 1.397908 0.0 -0.0 0.0 3.273807 0.305948 -0.580112 21.486811 11.830372 2.266135 8.162926 2e-06 1e-06 18.399078 -3.798985 -4.940573 2e-06 0.0 -1e-06 4.7307 18.913046 -1.937796 -0.005989 -0.171133 9.62298 -6.189244 -1.154259 -4.489706 1.627375 -2.059085 -0.447523 -0.0 0.0 2e-06 -8.684282 -13.461001 -1.847335 0.024974 0.132235 8.243978 8.579422 1.631487 -3.101675 -1.383269 0.808688 -0.186569 -0.0 -0.0 -1e-06 
0.0 0.0 0.0 0.0 -0.0 0.0 0.666525 99.868935 -1.327833 0.77102 -0.092093 -1.49743 -0.205299 -0.114825 -4.613004 -0.572824 0.873269 -6.333791 -6.322661 -1.126354 12.550956 -3.957087 4.869872 10.469026 0.084846 2.453987 -3.879997 -3.981015 2.978096 -8.400188 7.7e-05 -2.2e-05 6e-06 0.017518 -0.144532 0.009406 0.71816 -3.882712 -10.666434 -0.696985 3.591339 -10.694857 -11.136056 -11.197774 6.963049 -43.342266 -33.066788 -3.200043 172.129166 -73.089203 -173.109329 21.748646 2.008454 -43.674507 -5.882108 9.861291 0.70259 -10.936877 -0.360575 7.156211 0.0 8.77483 -1e-06 -15.426993 17.211721 6.310307 -1.844033 2.498506 -2.507279 -10.163608 4.678947 4.621112 -20.97603 -1e-06 4e-06 -21.226294 2.451701 -3.593999 0.0 -5e-06 0.0 -1.362683 2.240799 -0.746323 -21.334925 0.584909 3.00833 -13.821221 -1e-06 3e-06 -23.887182 -0.249077 -0.83948 -60.761616 2.305051 -1.020159 -0.294025 1.679687 0.833255 -14.218215 0.093216 1.300584 -34.212063 -0.287561 0.967177 -20.033222 0.964542 1.212847 -0.0 -0.0 -1e-06 -3.440389 0.788234 0.501657 -15.928194 -3.167311 2.999712 -6.338829 -1e-06 2e-06 -18.123453 3.648184 -4.905671 -6e-06 1e-06 -3e-06 20.963926 11.809123 14.518247 -42.297455 46.746407 -43.284077 174.210083 77.712646 176.942657 -8.104387 -24.451721 37.147163 2.243544 -5.255038 -3.18016 14.282896 -0.826595 6.952506 -5e-06 -12.690609 0.0 16.105186 -16.421024 2.337969 1.665666 -1.955921 -2.878301 4.727799 -4.170588 4.993925 11.020529 4e-06 -1e-06 12.109056 -3.735714 -2.866785 0.0 -0.0 0.0 1.291987 -1.92855 -1.49809 14.800136 0.56747 3.865609 14.242577 -1.341733 -6.660661 19.631975 0.143928 -0.648244 46.422813 -1.10983 -6.72262 0.353029 -1.511151 -0.03194 20.222799 3.684313 2.316631 18.787281 9e-06 1e-06 10.751631 -0.479867 1.397907 0.0 -0.0 1e-06 3.273809 0.305947 -0.580111 21.486824 11.830383 2.266134 8.16293 4e-06 -1e-06 18.39909 -3.798982 -4.940576 2e-06 1e-06 -0.0 4.70814 19.00219 -1.96114 -0.003451 -0.184678 9.570248 -6.131998 -0.986417 -4.501224 1.631946 -2.051499 -0.433427 0.0 -0.0 2e-06 -8.647324 -13.308509 -1.919298 0.025338 0.133274 8.111541 8.611402 1.679752 -3.005008 -1.383105 0.807982 -0.153371 0.0 -0.0 -1e-06 
0.0 0.0 0.0 0.0 -0.0 0.0 0.692392 99.873093 -1.318163 0.754518 -0.3064 -1.417208 -0.200059 -0.102498 -4.599054 -0.580465 0.913198 -6.343344 -6.357484 -1.138714 12.527845 -4.070375 4.916546 10.352879 0.104128 2.424105 -3.88272 -3.931172 2.950897 -8.393803 7.7e-05 -2.2e-05 6e-06 0.013221 -0.144205 0.005139 0.713685 -3.881873 -10.672906 -0.701216 3.590511 -10.698474 -11.195791 -11.205141 6.913944 -43.106205 -32.857864 -3.323511 171.97226 -73.007103 -173.007523 21.75791 1.738925 -43.744629 -5.882114 9.861297 0.70259 -10.936888 -0.360576 7.156217 0.0 8.774838 -3e-06 -15.45042 17.221994 6.295494 -1.844033 2.498509 -2.507282 -10.163611 4.67895 4.621116 -20.976048 -3e-06 6e-06 -21.226313 2.451704 -3.594004 0.0 -6e-06 -0.0 -1.362682 2.240802 -0.746323 -21.33494 0.58491 3.008332 -13.821233 -0.0 5e-06 -23.887199 -0.249074 -0.839481 -60.818237 2.302165 -1.052909 -0.294025 1.679689 0.833257 -14.218224 0.093215 1.300585 -34.212086 -0.287558 0.967179 -20.033236 0.96454 1.212849 -0.0 1e-06 -2e-06 -3.440392 0.788234 0.501657 -15.928206 -3.167316 2.999715 -6.338836 -0.0 3e-06 -18.12347 3.648188 -4.905674 -5e-06 1e-06 -4e-06 21.024881 11.692185 14.487337 -42.228363 46.79414 -43.080906 174.896896 77.805489 177.620285 -8.204091 -24.34786 37.49221 2.243542 -5.255038 -3.18016 14.282897 -0.826592 6.952505 -5e-06 -12.690611 -0.0 16.097315 -16.437334 2.34546 1.665667 -1.955922 -2.878302 4.7278 -4.170588 4.993925 11.020532 7e-06 -2e-06 12.10906 -3.735714 -2.866788 0.0 1e-06 -1e-06 1.291985 -1.92855 -1.49809 14.800138 0.567472 3.865608 14.24258 -1.341733 -6.660662 19.631981 0.14393 -0.648244 46.380608 -1.108116 -6.720286 0.353029 -1.511152 -0.03194 20.222801 3.684316 2.316629 18.787285 1e-05 -1e-06 10.751633 -0.479866 1.397906 0.0 -0.0 1e-06 3.27381 0.305947 -0.580111 21.486828 11.830386 2.266132 8.16293 5e-06 -1e-06 18.39909 -3.798982 -4.940575 3e-06 0.0 -1e-06 4.695507 19.135761 -2.014696 0.000116 -0.197731 9.587898 -6.111214 -0.823258 -4.54738 1.637237 -2.042307 -0.41888 0.0 0.0 2e-06 -8.605418 -13.155955 -2.043062 0.024036 0.136255 8.077472 8.635649 1.760415 -2.953256 -1.385009 0.804264 -0.132258 -0.0 -0.0 -1e-06 
0.0 0.0 0.0 0.0 -0.0 0.0 0.720553 99.874672 -1.29753 0.747348 -0.529104 -1.325118 -0.207557 -0.088441 -4.588817 -0.586107 0.930482 -6.34676 -6.392793 -1.137987 12.479378 -4.185263 4.965229 10.233452 0.112927 2.376868 -3.884194 -3.869426 2.937398 -8.417 7.7e-05 -2.2e-05 6e-06 0.009384 -0.145133 0.006105 0.708387 -3.883743 -10.679622 -0.703707 3.589957 -10.701282 -11.218052 -11.20864 6.855527 -42.966152 -32.648987 -3.424901 172.002777 -72.931282 -173.085968 21.751789 1.489246 -43.758522 -5.882107 9.861293 0.702592 -10.936876 -0.360573 7.156209 -0.0 8.77483 -1e-06 -15.476089 17.193186 6.283123 -1.844032 2.498506 -2.507279 -10.163604 4.678947 4.621111 -20.97603 -2e-06 3e-06 -21.226295 2.4517 -3.594001 1e-06 -6e-06 -0.0 -1.362682 2.240798 -0.746323 -21.334921 0.584914 3.008327 -13.82122 -0.0 3e-06 -23.887178 -0.249076 -0.839483 -60.859512 2.294916 -1.054783 -0.294026 1.679688 0.833255 -14.218213 0.093215 1.300583 -34.212055 -0.28756 0.967172 -20.033222 0.96454 1.212845 1e-06 -0.0 -1e-06 -3.440391 0.788234 0.501654 -15.928192 -3.167311 2.999711 -6.338829 0.0 2e-06 -18.123453 3.648185 -4.905672 -4e-06 1e-06 -3e-06 21.068808 11.600432 14.426444 -42.15966 46.816967 -42.984215 175.098907 77.801216 177.802811 -8.30463 -24.27223 37.804066 2.243541 -5.255037 -3.18016 14.282896 -0.826591 6.952507 -6e-06 -12.690609 -0.0 16.074461 -16.436224 2.358635 1.665667 -1.955922 -2.878301 4.727798 -4.170587 4.993927 11.02053 7e-06 -1e-06 12.109058 -3.735714 -2.866785 0.0 1e-06 -1e-06 1.291985 -1.928548 -1.498092 14.800134 0.567474 3.865611 14.242578 -1.341733 -6.660659 19.631975 0.143929 -0.64824 46.336781 -1.122107 -6.682277 0.35303 -1.511149 -0.031941 20.222801 3.684318 2.316633 18.787283 1.1e-05 3e-06 10.751633 -0.479865 1.397908 1e-06 0.0 1e-06 3.273808 0.305947 -0.580111 21.486828 11.830385 2.266136 8.16293 6e-06 1e-06 18.399088 -3.798981 -4.940572 3e-06 0.0 -0.0 4.675056 19.313406 -2.07713 0.002439 -0.202362 9.618217 -6.137715 -0.67623 -4.60167 1.640684 -2.038843 -0.40802 0.0 0.0 2e-06 -8.507405 -12.997692 -2.217648 0.020573 0.137981 8.106874 8.592802 1.845896 -2.988739 -1.387837 0.80373 -0.130385 -0.0 -0.0 -1e-06 
0.0 0.0 0.0 0.0 -0.0 0.0 0.763905 99.875816 -1.261763 0.745326 -0.761124 -1.223734 -0.222845 -0.072887 -4.584275 -0.593626 0.927667 -6.339704 -6.425954 -1.132123 12.408634 -4.316445 5.015356 10.113131 0.11449 2.323892 -3.885713 -3.813436 2.940804 -8.473783 7.7e-05 -2.3e-05 6e-06 0.007104 -0.139675 0.011683 0.703333 -3.879517 -10.680474 -0.703482 3.596198 -10.69991 -11.206779 -11.19028 6.800533 -42.928345 -32.490009 -3.477799 172.136093 -72.881241 -173.247314 21.683355 1.242303 -43.816738 -5.882108 9.861292 0.702593 -10.936877 -0.360575 7.156214 1e-06 8.774833 -1e-06 -15.482353 17.140867 6.268528 -1.844031 2.498505 -2.507278 -10.163606 4.678948 4.621113 -20.976034 -3e-06 6e-06 -21.226295 2.451701 -3.593998 1e-06 -6e-06 0.0 -1.362682 2.240798 -0.746323 -21.334929 0.58491 3.008332 -13.821223 -1e-06 5e-06 -23.887184 -0.249079 -0.83948 -60.832336 2.278229 -1.048671 -0.294025 1.679688 0.833255 -14.218215 0.093213 1.300585 -34.212067 -0.287562 0.967181 -20.033226 0.964542 1.212849 -0.0 1e-06 -1e-06 -3.44039 0.788236 0.501657 -15.928194 -3.167312 2.999714 -6.33883 -1e-06 3e-06 -18.123455 3.648186 -4.905667 -5e-06 1e-06 -3e-06 21.04034 11.548627 14.365857 -42.088402 46.834042 -43.04343 174.85997 77.752357 177.585464 -8.373889 -24.241068 37.849895 2.243541 -5.25504 -3.18016 14.282896 -0.826589 6.952507 -6e-06 -12.690609 -2e-06 16.083498 -16.417614 2.370579 1.665666 -1.95592 -2.878299 4.727799 -4.170586 4.993927 11.020531 6e-06 1e-06 12.109056 -3.735714 -2.866784 0.0 -0.0 0.0 1.291987 -1.92855 -1.49809 14.800138 0.567474 3.865611 14.242577 -1.341732 -6.660661 19.631975 0.143931 -0.64824 46.335632 -1.126524 -6.637405 0.353029 -1.511149 -0.031942 20.222801 3.684319 2.316637 18.787281 1e-05 5e-06 10.751633 -0.479867 1.397909 1e-06 -0.0 1e-06 3.273808 0.305948 -0.580111 21.486828 11.830386 2.266139 8.16293 5e-06 2e-06 18.39909 -3.798982 -4.940571 2e-06 0.0 -0.0 4.643555 19.509483 -2.135617 -0.000695 -0.201662 9.646558 -6.185871 -0.539878 -4.666357 1.64089 -2.037719 -0.397948 0.0 0.0 2e-06 -8.495717 -12.814938 -2.37615 0.013757 0.13666 8.123033 8.623572 1.896142 -2.965025 -1.390705 0.806266 -0.154493 0.0 -0.0 -1e-06 
0.0 0.0 0.0 0.0 -0.0 0.0 0.819238 99.873245 -1.217021 0.745733 -0.977158 -1.132037 -0.243343 -0.06459 -4.579038 -0.59737 0.921497 -6.329031 -6.467574 -1.135659 12.336828 -4.449726 5.08901 10.02101 0.101527 2.268669 -3.887663 -3.76656 2.916133 -8.575115 7.7e-05 -2.3e-05 6e-06 0.005237 -0.129647 0.015034 0.698759 -3.870695 -10.682136 -0.702959 3.607254 -10.700205 -11.173269 -11.158746 6.771201 -42.982246 -32.375732 -3.508299 172.32576 -72.849258 -173.460968 21.536936 1.0422 -43.94371 -5.882107 9.861284 0.70259 -10.936872 -0.360576 7.156208 0.0 8.774824 -2e-06 -15.492809 17.073748 6.242506 -1.844032 2.498506 -2.507276 -10.163601 4.678945 4.621109 -20.976023 -3e-06 6e-06 -21.226284 2.451697 -3.593997 1e-06 -6e-06 0.0 -1.362682 2.240798 -0.746322 -21.334913 0.584909 3.008327 -13.821215 -0.0 2e-06 -23.887171 -0.249078 -0.839481 -60.796867 2.252548 -1.080008 -0.294025 1.679686 0.833256 -14.218207 0.093215 1.300585 -34.212048 -0.28756 0.967176 -20.033215 0.96454 1.212846 0.0 1e-06 -2e-06 -3.440389 0.788232 0.501656 -15.928187 -3.16731 2.99971 -6.338827 0.0 3e-06 -18.123444 3.648183 -4.905668 -5e-06 1e-06 -3e-06 20.947229 11.515633 14.340239 -41.962032 46.874725 -43.222904 174.383347 77.699303 177.156998 -8.435345 -24.264187 37.692719 2.243541 -5.255037 -3.180159 14.282893 -0.826592 6.952504 -4e-06 -12.690605 1e-06 16.129906 -16.421133 2.356658 1.665667 -1.955923 -2.8783 4.727799 -4.170588 4.993924 11.020528 5e-06 -2e-06 12.109053 -3.735714 -2.866785 0.0 1e-06 -1e-06 1.291986 -1.928548 -1.49809 14.800129 0.567469 3.865608 14.242571 -1.341733 -6.66066 19.631968 0.14393 -0.648245 46.364563 -1.123421 -6.636995 0.353029 -1.511151 -0.03194 20.222794 3.684313 2.316632 18.787271 9e-06 1e-06 10.751629 -0.479866 1.397908 1e-06 -0.0 0.0 3.273808 0.305947 -0.58011 21.486818 11.830378 2.266132 8.162927 4e-06 0.0 18.39908 -3.798982 -4.940576 2e-06 1e-06 -1e-06 4.605811 19.681698 -2.199676 -0.00686 -0.198782 9.715055 -6.229615 -0.431304 -4.756642 1.639529 -2.041699 -0.402799 -0.0 0.0 2e-06 -8.490507 -12.645947 -2.527622 0.003744 0.139228 8.159553 8.660572 1.927159 -2.963337 -1.392233 0.813833 -0.202413 0.0 -0.0 -1e-06 
0.0 0.0 0.0 0.0 -0.0 0.0 0.877737 99.866806 -1.162697 0.74873 -1.204082 -1.058272 -0.271364 -0.061401 -4.577402 -0.596657 0.918222 -6.324456 -6.515721 -1.1475 12.283794 -4.582027 5.165594 9.937946 0.078066 2.218271 -3.883069 -3.727988 2.869318 -8.715501 7.7e-05 -2.3e-05 6e-06 0.004388 -0.120508 0.01678 0.696786 -3.861778 -10.684499 -0.703081 3.616826 -10.701813 -11.133572 -11.121242 6.742077 -43.087318 -32.260647 -3.54301 172.629181 -72.819305 -173.769867 21.348038 0.892677 -44.095772 -5.882107 9.861284 0.702591 -10.93687 -0.360575 7.156207 1e-06 8.774824 -2e-06 -15.528058 17.004368 6.22076 -1.844032 2.498504 -2.507276 -10.163599 4.678944 4.621108 -20.976021 -2e-06 3e-06 -21.226282 2.451697 -3.593999 1e-06 -5e-06 0.0 -1.36268 2.240799 -0.746324 -21.334913 0.58491 3.008324 -13.821213 -2e-06 2e-06 -23.887167 -0.249079 -0.839483 -60.855305 2.220139 -1.133227 -0.294024 1.679686 0.833256 -14.218208 0.093214 1.300581 -34.212048 -0.287562 0.967172 -20.033211 0.964539 1.212844 1e-06 -0.0 -2e-06 -3.440387 0.788234 0.501655 -15.928185 -3.167309 2.999708 -6.338827 0.0 0.0 -18.123444 3.648181 -4.905669 -5e-06 1e-06 -3e-06 20.836351 11.476442 14.347702 -41.795948 46.946625 -43.46339 173.806534 77.672272 176.619934 -8.559327 -24.348738 37.434616 2.24354 -5.255033 -3.180157 14.282887 -0.826594 6.9525 -3e-06 -12.6906 1e-06 16.151155 -16.464949 2.339739 1.665666 -1.955922 -2.878297 4.727797 -4.170584 4.993923 11.020522 6e-06 -1e-06 12.10905 -3.735713 -2.866783 0.0 -0.0 0.0 1.291985 -1.928548 -1.498088 14.800125 0.567467 3.865604 14.242568 -1.341735 -6.660655 19.631962 0.143925 -0.648243 46.39716 -1.133389 -6.692358 0.353028 -1.51115 -0.03194 20.222784 3.684307 2.316629 18.78727 5e-06 -1e-06 10.751625 -0.479868 1.397905 1e-06 -0.0 1e-06 3.273806 0.305947 -0.58011 21.486803 11.830371 2.266131 8.162923 3e-06 -1e-06 18.399076 -3.79898 -4.940571 3e-06 0.0 -0.0 4.570382 19.846352 -2.245307 -0.010981 -0.195856 9.804251 -6.256129 -0.337211 -4.867436 1.63842 -2.059444 -0.414081 0.0 0.0 2e-06 -8.500219 -12.475513 -2.672673 -0.00352 0.151997 8.234775 8.709222 1.970672 -2.982099 -1.391755 0.82351 -0.277435 0.0 -0.0 -1e-06 
0.0 0.0 0.0 0.0 -0.0 0.0 0.938703 99.861679 -1.101792 0.758693 -1.456866 -0.993376 -0.304297 -0.057649 -4.587428 -0.595387 0.91337 -6.324395 -6.56231 -1.159122 12.244714 -4.710052 5.230973 9.867903 0.057035 2.184924 -3.87903 -3.720432 2.839198 -8.85373 7.6e-05 -2.2e-05 6e-06 0.005099 -0.120185 0.0172 0.699279 -3.861217 -10.688461 -0.704493 3.617287 -10.704962 -11.099989 -11.086741 6.70564 -43.201458 -32.098839 -3.597596 173.028854 -72.786636 -174.161118 21.20126 0.756079 -44.153221 -5.882113 9.861297 0.702591 -10.936881 -0.360573 7.156213 0.0 8.774833 0.0 -15.588208 16.941689 6.208664 -1.844035 2.498507 -2.507279 -10.16361 4.678952 4.621115 -20.976038 2e-06 4e-06 -21.226307 2.451706 -3.594005 0.0 -6e-06 -0.0 -1.362683 2.2408 -0.746323 -21.334932 0.584912 3.008328 -13.821227 0.0 2e-06 -23.887188 -0.249074 -0.839485 -60.978413 2.195618 -1.185656 -0.294026 1.679689 0.833257 -14.218219 0.093218 1.300585 -34.212078 -0.287556 0.967171 -20.033232 0.964543 1.212845 1e-06 -0.0 -2e-06 -3.440389 0.788237 0.501657 -15.928201 -3.16731 2.999712 -6.33883 1e-06 0.0 -18.123463 3.648188 -4.905674 -5e-06 1e-06 -2e-06 20.746643 11.406793 14.379745 -41.728119 47.087685 -43.71769 173.540344 77.731323 176.312408 -8.759252 -24.497065 37.226765 2.243541 -5.255038 -3.180158 14.282889 -0.826594 6.952503 -4e-06 -12.690603 0.0 16.111032 -16.535179 2.364531 1.665667 -1.955921 -2.878301 4.727798 -4.170584 4.993925 11.020528 5e-06 -2e-06 12.109052 -3.735713 -2.866784 0.0 1e-06 0.0 1.291987 -1.928548 -1.49809 14.800132 0.56747 3.865608 14.242577 -1.341733 -6.660659 19.631973 0.14393 -0.648244 46.439838 -1.144149 -6.761685 0.353028 -1.511153 -0.03194 20.222794 3.684313 2.316629 18.787273 8e-06 -2e-06 10.75163 -0.479868 1.397905 0.0 -0.0 0.0 3.273808 0.305946 -0.580112 21.486816 11.830379 2.266133 8.162926 4e-06 -1e-06 18.399084 -3.798982 -4.940575 2e-06 0.0 -0.0 4.53 20.011152 -2.246899 -0.015245 -0.19705 9.842674 -6.2717 -0.254846 -4.965819 1.638745 -2.088026 -0.421476 0.0 0.0 2e-06 -8.52644 -12.30872 -2.798948 -0.004087 0.171546 8.292371 8.756826 2.045607 -2.991576 -1.389487 0.8287 -0.353133 0.0 -0.0 -1e-06 
0.0 0.0 0.0 0.0 -0.0 0.0 1.008115 99.858383 -1.037582 0.767339 -1.727414 -0.939764 -0.334674 -0.046103 -4.601911 -0.587478 0.923345 -6.324985 -6.615662 -1.171037 12.217471 -4.828984 5.277651 9.801696 0.043943 2.165364 -3.875957 -3.7481 2.810056 -8.947623 7.7e-05 -2.2e-05 6e-06 0.005953 -0.119017 0.01525 0.703419 -3.86103 -10.692119 -0.707168 3.619783 -10.709481 -11.077738 -11.052464 6.647421 -43.327129 -31.865677 -3.648498 173.55806 -72.715187 -174.651306 21.094076 0.642591 -44.018261 -5.882107 9.861288 0.702594 -10.936875 -0.360575 7.156211 -1e-06 8.774828 -1e-06 -15.608893 16.922323 6.231986 -1.844031 2.498505 -2.507278 -10.163603 4.678945 4.621112 -20.976027 -2e-06 6e-06 -21.226288 2.451699 -3.593997 0.0 -6e-06 -0.0 -1.362682 2.240799 -0.746323 -21.334921 0.584911 3.008328 -13.821218 0.0 4e-06 -23.887178 -0.249074 -0.839481 -61.078911 2.190772 -1.205034 -0.294025 1.679688 0.833257 -14.218212 0.093214 1.300584 -34.212059 -0.287559 0.967178 -20.033218 0.964542 1.212846 1e-06 0.0 -1e-06 -3.440388 0.788235 0.501656 -15.928191 -3.16731 2.999709 -6.338828 0.0 1e-06 -18.123449 3.648187 -4.905669 -6e-06 2e-06 -2e-06 20.708185 11.336496 14.41444 -41.76939 47.207668 -43.970894 173.313614 77.834351 176.087875 -8.908137 -24.713783 36.847294 2.243544 -5.255043 -3.180162 14.282904 -0.826591 6.952512 -5e-06 -12.690616 -2e-06 16.07929 -16.600546 2.398145 1.665667 -1.955924 -2.878304 4.7278 -4.170588 4.993927 11.020532 8e-06 -1e-06 12.109059 -3.735714 -2.866788 0.0 -0.0 -0.0 1.291985 -1.928551 -1.498091 14.800142 0.567475 3.865613 14.242584 -1.341735 -6.660662 19.631985 0.143929 -0.648241 46.512527 -1.156406 -6.809778 0.353028 -1.511152 -0.03194 20.222811 3.68432 2.316636 18.787289 9e-06 2e-06 10.751637 -0.479866 1.397912 1e-06 -0.0 -0.0 3.273812 0.305948 -0.580112 21.486839 11.830392 2.266141 8.162936 4e-06 0.0 18.399096 -3.798984 -4.940575 3e-06 -1e-06 -0.0 4.488627 20.159901 -2.215104 -0.018984 -0.197126 9.849086 -6.263406 -0.180118 -5.059071 1.638645 -2.111878 -0.41842 0.0 0.0 2e-06 -8.561383 -12.151313 -2.8856 -0.004422 0.186607 8.290541 8.817864 2.149139 -2.969857 -1.38537 0.827893 -0.415213 0.0 -0.0 -1e-06 
0.0 0.0 0.0 0.0 -0.0 0.0 1.08225 99.855247 -0.966682 0.770448 -2.002646 -0.899517 -0.355611 -0.036754 -4.620895 -0.572719 0.948818 -6.33204 -6.675975 -1.186143 12.208468 -4.939151 5.317756 9.752469 0.019578 2.152944 -3.872877 -3.825593 2.765185 -9.01737 7.7e-05 -2.3e-05 6e-06 0.005255 -0.112395 0.009991 0.705263 -3.858287 -10.697928 -0.710665 3.630543 -10.719537 -11.101338 -11.012169 6.595683 -43.411739 -31.581631 -3.651943 174.000381 -72.582336 -175.050369 21.034056 0.568629 -43.745037 -5.882107 9.861284 0.702591 -10.936872 -0.360574 7.156207 1e-06 8.774822 -0.0 -15.576097 16.913937 6.277464 -1.844033 2.498504 -2.507278 -10.163597 4.678945 4.62111 -20.976023 -2e-06 4e-06 -21.226286 2.451697 -3.593998 1e-06 -6e-06 1e-06 -1.36268 2.240798 -0.746324 -21.334913 0.584909 3.008324 -13.821215 -0.0 2e-06 -23.887169 -0.249078 -0.839484 -61.074448 2.211263 -1.185701 -0.294024 1.679688 0.833256 -14.218208 0.093215 1.300581 -34.212051 -0.287561 0.967172 -20.033211 0.964538 1.212843 0.0 1e-06 -1e-06 -3.440387 0.788232 0.501657 -15.928187 -3.167308 2.999709 -6.338828 -1e-06 1e-06 -18.123447 3.648183 -4.905668 -5e-06 1e-06 -2e-06 20.745625 11.275102 14.48804 -41.996155 47.229046 -44.171165 173.362488 77.934074 176.138031 -9.053942 -25.022375 36.317108 2.24354 -5.255035 -3.180157 14.282887 -0.826592 6.952503 -2e-06 -12.690601 -0.0 16.072857 -16.681332 2.432307 1.665665 -1.955921 -2.878299 4.727797 -4.170586 4.993923 11.02052 4e-06 0.0 12.109048 -3.735715 -2.866783 -1e-06 -0.0 -0.0 1.291985 -1.928549 -1.498089 14.800122 0.56747 3.865606 14.242568 -1.341736 -6.660655 19.631958 0.143927 -0.648244 46.657154 -1.161642 -6.830856 0.353028 -1.51115 -0.03194 20.222786 3.68431 2.316631 18.787268 5e-06 -1e-06 10.751625 -0.47987 1.397907 -0.0 -0.0 -0.0 3.273808 0.305946 -0.580112 21.486809 11.830369 2.266133 8.162922 2e-06 -2e-06 18.399078 -3.798984 -4.940572 2e-06 1e-06 -0.0 4.449722 20.270781 -2.161808 -0.01704 -0.198263 9.84945 -6.237833 -0.104119 -5.159736 1.637428 -2.121068 -0.421076 0.0 0.0 2e-06 -8.597784 -12.007063 -2.936557 -0.006482 0.19793 8.244482 8.8887 2.278983 -2.926314 -1.379914 0.826676 -0.4668 0.0 -0.0 -1e-06 
0.0 0.0 0.0 0.0 -0.0 0.0 1.155736 99.85379 -0.878907 0.76726 -2.296736 -0.868193 -0.37021 -0.037753 -4.636307 -0.558994 0.970128 -6.341757 -6.731134 -1.201986 12.206535 -5.051969 5.33825 9.697378 0.002919 2.154564 -3.86532 -3.952466 2.727921 -9.108433 7.8e-05 -2.2e-05 6e-06 0.004576 -0.109251 0.007014 0.704456 -3.858903 -10.697444 -0.711462 3.6372 -10.725767 -11.134718 -10.953275 6.551949 -43.503292 -31.247488 -3.658254 174.419296 -72.3601 -175.469086 21.029455 0.536651 -43.348518 -5.882107 9.861292 0.702593 -10.936879 -0.360575 7.156211 2e-06 8.774831 -0.0 -15.498838 16.904133 6.331688 -1.844033 2.498505 -2.507279 -10.163606 4.678947 4.621114 -20.97604 -3e-06 7e-06 -21.226301 2.4517 -3.593999 0.0 -6e-06 1e-06 -1.362682 2.240797 -0.746322 -21.334929 0.584909 3.008329 -13.821223 -0.0 3e-06 -23.887184 -0.249076 -0.83948 -60.932343 2.235928 -1.103968 -0.294024 1.67969 0.833256 -14.218219 0.093213 1.300583 -34.212074 -0.287565 0.967178 -20.033226 0.96454 1.212848 1e-06 1e-06 -1e-06 -3.440391 0.788234 0.501656 -15.9282 -3.167314 2.999709 -6.338831 -1e-06 1e-06 -18.123457 3.648185 -4.90567 -4e-06 1e-06 -2e-06 20.796768 11.212843 14.544563 -42.396389 47.242783 -44.334248 173.715683 78.106407 176.461807 -9.151618 -25.318228 35.742989 2.243542 -5.255038 -3.180161 14.282902 -0.826592 6.952508 -6e-06 -12.690612 -1e-06 16.093021 -16.753851 2.459298 1.665668 -1.955923 -2.878302 4.7278 -4.170589 4.993928 11.020535 6e-06 -2e-06 12.10906 -3.735714 -2.866788 -1e-06 -0.0 -0.0 1.291986 -1.928549 -1.49809 14.80014 0.567473 3.865611 14.242582 -1.341732 -6.660663 19.631985 0.143931 -0.648242 46.833645 -1.153661 -6.816423 0.353029 -1.511151 -0.03194 20.222811 3.684318 2.316631 18.787289 8e-06 -0.0 10.751637 -0.479866 1.397908 0.0 1e-06 -1e-06 3.273809 0.305948 -0.580111 21.486834 11.830388 2.266136 8.16293 4e-06 1e-06 18.399096 -3.798983 -4.940575 3e-06 1e-06 -0.0 4.421237 20.353086 -2.065215 -0.013293 -0.200003 9.811168 -6.229739 0.000814 -5.260461 1.635325 -2.115591 -0.414964 0.0 0.0 2e-06 -8.633126 -11.857131 -2.945643 -0.005527 0.200254 8.135353 8.948796 2.420871 -2.857623 -1.374978 0.827676 -0.494191 0.0 -0.0 -1e-06 
0.0 0.0 0.0 0.0 -0.0 0.0 1.226721 99.849731 -0.777513 0.756143 -2.614158 -0.855731 -0.38555 -0.054116 -4.632331 -0.549706 0.972477 -6.354582 -6.761441 -1.188444 12.196609 -5.184212 5.358353 9.638349 -0.00794 2.157899 -3.864382 -4.114864 2.665508 -9.21845 7.8e-05 -2.3e-05 6e-06 0.005077 -0.108397 0.003421 0.701805 -3.860099 -10.69689 -0.707947 3.639142 -10.729833 -11.154299 -10.888209 6.545014 -43.656155 -30.847624 -3.666822 174.709885 -72.047127 -175.834549 21.045561 0.507694 -42.806915 -5.882107 9.861292 0.702591 -10.936876 -0.360574 7.15621 0.0 8.77483 -3e-06 -15.423001 16.894463 6.362284 -1.844032 2.498506 -2.50728 -10.163606 4.678946 4.62111 -20.976034 -4e-06 4e-06 -21.226299 2.4517 -3.594001 0.0 -6e-06 -0.0 -1.362682 2.240801 -0.746324 -21.334925 0.58491 3.008326 -13.821222 -1e-06 1e-06 -23.887184 -0.249077 -0.839484 -60.749874 2.238174 -1.034143 -0.294024 1.679688 0.833259 -14.218217 0.093215 1.300581 -34.212067 -0.287565 0.967171 -20.033226 0.964538 1.212845 1e-06 0.0 -2e-06 -3.440391 0.788233 0.501655 -15.928196 -3.167312 2.999709 -6.338831 0.0 0.0 -18.123457 3.648185 -4.905674 -6e-06 1e-06 -2e-06 20.820354 11.140296 14.558825 -42.879097 47.304806 -44.529972 174.04213 78.340881 176.693924 -9.228528 -25.659945 35.267349 2.243544 -5.25504 -3.180161 14.282901 -0.826591 6.952507 -5e-06 -12.690614 -1e-06 16.155973 -16.848091 2.467526 1.665667 -1.955922 -2.8783 4.7278 -4.170589 4.993928 11.020535 7e-06 -1e-06 12.10906 -3.735713 -2.866785 0.0 -1e-06 -0.0 1.291984 -1.928548 -1.49809 14.800139 0.567473 3.865609 14.242582 -1.341733 -6.660663 19.631983 0.143931 -0.648242 47.005989 -1.14132 -6.80038 0.353028 -1.511151 -0.03194 20.222805 3.684318 2.316632 18.787287 1.1e-05 0.0 10.751634 -0.479867 1.397908 -0.0 -0.0 -1e-06 3.273809 0.305947 -0.580111 21.486832 11.830388 2.266135 8.16293 6e-06 -1e-06 18.399094 -3.798981 -4.940577 3e-06 -1e-06 -0.0 4.413528 20.451508 -1.938959 -0.005935 -0.202977 9.785169 -6.251534 0.13916 -5.37988 1.634167 -2.102102 -0.40358 0.0 -0.0 2e-06 -8.660634 -11.688709 -2.930985 -0.006147 0.201356 8.026666 8.978755 2.571968 -2.799489 -1.371493 0.831218 -0.475277 -0.0 -0.0 -1e-06 
0.0 0.0 0.0 0.0 -0.0 0.0 1.29644 99.845749 -0.673915 0.743907 -2.936802 -0.843651 -0.393887 -0.075176 -4.618561 -0.548568 0.96893 -6.362396 -6.779868 -1.164012 12.174036 -5.350483 5.408089 9.567176 -0.018844 2.124844 -3.864659 -4.304031 2.624 -9.331272 7.7e-05 -2.3e-05 6e-06 0.006845 -0.10729 0.002542 0.696735 -3.859423 -10.690018 -0.699528 3.639291 -10.727403 -11.202829 -10.841129 6.559219 -43.809437 -30.356247 -3.684868 174.960266 -71.699234 -176.21434 21.119867 0.474148 -42.363113 -5.882111 9.861296 0.702589 -10.936881 -0.360578 7.156216 -1e-06 8.774836 -4e-06 -15.377251 16.886757 6.365808 -1.844033 2.498507 -2.50728 -10.163611 4.678948 4.621114 -20.976044 0.0 7e-06 -21.226307 2.451703 -3.594002 0.0 -5e-06 -0.0 -1.362682 2.240801 -0.746324 -21.334934 0.584909 3.008332 -13.821229 -1e-06 5e-06 -23.887188 -0.249075 -0.839479 -60.584736 2.240263 -1.00327 -0.294025 1.67969 0.833257 -14.218223 0.093215 1.300585 -34.212078 -0.287558 0.96718 -20.033228 0.964539 1.212847 1e-06 -0.0 -2e-06 -3.440392 0.788232 0.501656 -15.928201 -3.167314 2.999715 -6.338832 -0.0 1e-06 -18.123459 3.648187 -4.905671 -4e-06 1e-06 -3e-06 20.846914 11.043279 14.548986 -43.458122 47.414833 -44.811115 174.017761 78.614365 176.576141 -9.286317 -25.956766 34.643085 2.243541 -5.255037 -3.180159 14.282898 -0.826595 6.952503 -4e-06 -12.690609 2e-06 16.219717 -16.953529 2.456863 1.665667 -1.955923 -2.8783 4.7278 -4.170586 4.993925 11.020534 4e-06 -2e-06 12.109058 -3.735716 -2.866786 0.0 1e-06 -0.0 1.291988 -1.928551 -1.49809 14.800136 0.567469 3.865608 14.24258 -1.341735 -6.660664 19.631981 0.143928 -0.648246 47.143143 -1.118617 -6.815413 0.35303 -1.511149 -0.03194 20.222801 3.684313 2.316628 18.787283 7e-06 -3e-06 10.751632 -0.479868 1.397907 -0.0 1e-06 -0.0 3.273809 0.305948 -0.580112 21.486828 11.830382 2.26613 8.16293 4e-06 -1e-06 18.399092 -3.798984 -4.940577 2e-06 -1e-06 -0.0 4.338232 20.60223 -1.798137 -0.001135 -0.210803 9.751736 -6.208046 0.274563 -5.551007 1.634615 -2.089882 -0.398284 -0.0 0.0 2e-06 -8.689393 -11.553833 -2.909923 -0.008595 0.207645 7.91276 9.010535 2.741576 -2.73586 -1.369601 0.834195 -0.423501 0.0 -0.0 -1e-06 
0.0 0.0 0.0 0.0 -0.0 0.0 1.367308 99.842896 -0.572886 0.725208 -3.251904 -0.815669 -0.396276 -0.085914 -4.604617 -0.549527 0.977282 -6.372744 -6.806854 -1.15547 12.16482 -5.542235 5.487839 9.464764 -0.024962 2.058853 -3.862406 -4.488159 2.624992 -9.445283 7.7e-05 -2.2e-05 6e-06 0.005809 -0.113031 0.006615 0.68876 -3.865469 -10.682755 -0.693874 3.632398 -10.721927 -11.270275 -10.80703 6.57322 -43.951496 -29.807529 -3.692369 175.192383 -71.351509 -176.548889 21.217051 0.466543 -42.110161 -5.882107 9.861292 0.702592 -10.936878 -0.360576 7.156213 -1e-06 8.77483 -3e-06 -15.37435 16.88348 6.362195 -1.844032 2.498505 -2.507279 -10.163604 4.678946 4.621113 -20.976034 -3e-06 9e-06 -21.226295 2.451698 -3.593996 0.0 -6e-06 1e-06 -1.362681 2.240798 -0.746322 -21.334925 0.584907 3.008332 -13.821221 -3e-06 5e-06 -23.887182 -0.249077 -0.839476 -60.503723 2.240627 -1.007772 -0.294026 1.679688 0.833255 -14.218217 0.093212 1.300584 -34.212074 -0.287564 0.967182 -20.033228 0.964539 1.212849 1e-06 0.0 -2e-06 -3.44039 0.788233 0.501657 -15.928198 -3.167313 2.999712 -6.33883 -1e-06 2e-06 -18.123457 3.648185 -4.905667 -5e-06 1e-06 -2e-06 20.837996 10.945691 14.517303 -44.049068 47.551899 -45.143879 173.630951 78.927971 176.133896 -9.38948 -26.177692 33.997303 2.243541 -5.255039 -3.18016 14.282898 -0.826593 6.952507 -5e-06 -12.690609 0.0 16.263926 -17.030363 2.438388 1.665667 -1.955922 -2.878301 4.727801 -4.170588 4.993927 11.020532 6e-06 -0.0 12.109057 -3.735716 -2.866785 0.0 -1e-06 -0.0 1.291986 -1.92855 -1.498091 14.800138 0.567469 3.865611 14.242579 -1.341736 -6.660661 19.631975 0.143929 -0.648243 47.223503 -1.091842 -6.847637 0.35303 -1.51115 -0.031941 20.222801 3.684317 2.316633 18.787283 7e-06 2e-06 10.751634 -0.479867 1.397909 0.0 -0.0 -2e-06 3.273809 0.305948 -0.580111 21.486828 11.830383 2.266137 8.16293 2e-06 -0.0 18.399092 -3.798985 -4.940574 3e-06 0.0 0.0 4.350772 20.754707 -1.700307 0.0029 -0.216984 9.730332 -6.242745 0.407446 -5.651159 1.635429 -2.081086 -0.396239 -0.0 0.0 2e-06 -8.711048 -11.453235 -2.886739 -0.009097 0.22053 7.772974 9.042331 2.925442 -2.660632 -1.369266 0.833824 -0.373188 0.0 -0.0 -1e-06 
0.0 0.0 0.0 0.0 -0.0 0.0 1.42833 99.839828 -0.474121 0.699219 -3.547195 -0.76358 -0.398679 -0.088587 -4.595888 -0.546128 1.00188 -6.384863 -6.85492 -1.157728 12.175039 -5.738085 5.581656 9.334791 -0.026031 1.97821 -3.860265 -4.670572 2.66337 -9.567606 7.7e-05 -2.2e-05 6e-06 0.00253 -0.118225 0.00888 0.678642 -3.871555 -10.68613 -0.690569 3.62648 -10.72285 -11.336026 -10.773623 6.588905 -44.123062 -29.246201 -3.640026 175.361267 -71.005371 -176.773865 21.311644 0.458315 -41.895416 -5.88211 9.861294 0.702592 -10.936881 -0.360574 7.156216 1e-06 8.774834 -1e-06 -15.411777 16.885077 6.355799 -1.844034 2.498506 -2.507281 -10.16361 4.678948 4.621118 -20.97604 1e-06 7e-06 -21.226301 2.451704 -3.593999 0.0 -6e-06 -0.0 -1.362683 2.240799 -0.746324 -21.33493 0.584912 3.008329 -13.821226 -0.0 4e-06 -23.887188 -0.249075 -0.839481 -60.523518 2.25106 -1.03181 -0.294026 1.679688 0.833257 -14.21822 0.093217 1.300584 -34.212074 -0.287558 0.967179 -20.03323 0.964542 1.212848 1e-06 -0.0 -1e-06 -3.440391 0.788235 0.501657 -15.928201 -3.167309 2.999713 -6.338832 2e-06 1e-06 -18.123459 3.648189 -4.905671 -5e-06 1e-06 -2e-06 20.796946 10.886284 14.474882 -44.613739 47.660431 -45.462635 172.942032 79.241501 175.433044 -9.575499 -26.359795 33.535271 2.243541 -5.25504 -3.180161 14.282896 -0.826589 6.952507 -7e-06 -12.690607 -3e-06 16.273909 -17.083021 2.419865 1.665665 -1.955924 -2.8783 4.7278 -4.170584 4.993925 11.020531 5e-06 1e-06 12.109056 -3.735714 -2.866785 0.0 -0.0 -0.0 1.291985 -1.928551 -1.49809 14.800138 0.567472 3.865611 14.242579 -1.341734 -6.660661 19.631977 0.14393 -0.648241 47.250813 -1.073582 -6.876748 0.353028 -1.511153 -0.03194 20.222803 3.684318 2.316633 18.787287 1e-05 3e-06 10.751634 -0.479867 1.397909 0.0 -0.0 -1e-06 3.273809 0.305949 -0.58011 21.486832 11.830382 2.266138 8.16293 4e-06 2e-06 18.39909 -3.798981 -4.940572 2e-06 0.0 0.0 4.361931 20.856102 -1.650753 0.006943 -0.2247 9.741791 -6.28102 0.589543 -5.763976 1.636504 -2.077634 -0.409313 0.0 0.0 2e-06 -8.713849 -11.369907 -2.899349 -0.010444 0.230544 7.654579 9.052762 3.129519 -2.593513 -1.369084 0.829675 -0.348033 0.0 -0.0 -1e-06 
0.0 0.0 0.0 0.0 -0.0 0.0 1.480752 99.842216 -0.389039 0.664202 -3.858074 -0.687054 -0.407979 -0.092831 -4.582655 -0.545728 1.036044 -6.38906 -6.91121 -1.171142 12.171201 -5.950221 5.677958 9.17556 -0.01864 1.933396 -3.867196 -4.874758 2.727207 -9.674137 7.7e-05 -2.3e-05 6e-06 0.00055 -0.117909 0.006983 0.670593 -3.873789 -10.695967 -0.6868 3.627878 -10.729569 -11.37572 -10.730752 6.634074 -44.347374 -28.685503 -3.522509 175.333191 -70.619064 -176.829254 21.408371 0.429469 -41.661274 -5.882108 9.861284 0.702589 -10.936872 -0.360575 7.156204 1e-06 8.774824 -1e-06 -15.459691 16.87785 6.341655 -1.844033 2.498506 -2.507277 -10.163599 4.678945 4.621108 -20.976021 -2e-06 1e-06 -21.226286 2.451696 -3.594002 0.0 -6e-06 -0.0 -1.362681 2.240799 -0.746324 -21.334913 0.584909 3.008322 -13.821214 -3e-06 0.0 -23.887171 -0.249082 -0.839484 -60.537205 2.254509 -1.071194 -0.294026 1.679688 0.833255 -14.218208 0.093215 1.30058 -34.212051 -0.287564 0.967165 -20.033215 0.964537 1.212843 0.0 1e-06 -2e-06 -3.440388 0.788233 0.501655 -15.928185 -3.167309 2.999705 -6.338827 -0.0 -1e-06 -18.123446 3.648183 -4.905672 -5e-06 1e-06 -2e-06 20.664333 10.92522 14.416602 -45.163445 47.768726 -45.800018 172.030167 79.572533 174.506927 -9.785567 -26.478727 33.39851 2.24354 -5.255036 -3.180157 14.282887 -0.826593 6.952503 -4e-06 -12.690603 1e-06 16.278915 -17.119104 2.428689 1.665665 -1.955921 -2.878298 4.727798 -4.170585 4.993922 11.020525 1e-06 -1e-06 12.109051 -3.735715 -2.866786 0.0 -1e-06 -0.0 1.291985 -1.928548 -1.49809 14.800127 0.567469 3.865606 14.242568 -1.341735 -6.660657 19.631966 0.143927 -0.648243 47.311169 -1.064523 -6.883162 0.35303 -1.511151 -0.03194 20.222786 3.684309 2.316629 18.78727 5e-06 -1e-06 10.751625 -0.479868 1.397907 -0.0 -1e-06 -2e-06 3.273804 0.305948 -0.58011 21.486805 11.830372 2.266132 8.162924 1e-06 -1e-06 18.399076 -3.798984 -4.940574 3e-06 1e-06 0.0 4.369965 20.928654 -1.620378 0.00883 -0.23044 9.722392 -6.302443 0.821958 -5.859207 1.638067 -2.075547 -0.431367 0.0 0.0 2e-06 -8.689978 -11.261009 -2.91873 -0.012952 0.239054 7.475412 9.038888 3.329292 -2.494629 -1.369275 0.830393 -0.352268 0.0 -0.0 -1e-06 
0.0 0.0 0.0 0.0 -0.0 0.0 1.529079 99.854637 -0.319431 0.616024 -4.228795 -0.591744 -0.422363 -0.085214 -4.560115 -0.545385 1.06612 -6.383372 -6.972476 -1.171532 12.151322 -6.198767 5.777673 8.96761 -0.007865 1.900012 -3.875582 -5.093319 2.808053 -9.759105 7.7e-05 -2.3e-05 6e-06 0.000816 -0.115095 0.004131 0.666753 -3.874464 -10.706953 -0.682833 3.632926 -10.737329 -11.393321 -10.678794 6.714318 -44.632622 -28.14426 -3.426921 175.36763 -70.203743 -176.922943 21.531054 0.398697 -41.581898 -5.882109 9.861295 0.70259 -10.936877 -0.360577 7.156211 0.0 8.774834 -2e-06 -15.513477 16.827642 6.320455 -1.844032 2.498507 -2.507279 -10.163603 4.678948 4.621113 -20.976034 -3e-06 6e-06 -21.226295 2.451701 -3.593999 0.0 -6e-06 1e-06 -1.362681 2.2408 -0.746324 -21.334925 0.584908 3.008329 -13.821221 -2e-06 4e-06 -23.88718 -0.249078 -0.839478 -60.515011 2.252453 -1.103764 -0.294026 1.679688 0.833256 -14.218215 0.093212 1.300585 -34.212067 -0.287565 0.967179 -20.033226 0.964539 1.212847 1e-06 1e-06 -1e-06 -3.440389 0.788235 0.501657 -15.928194 -3.167314 2.999712 -6.338829 -1e-06 2e-06 -18.123457 3.648185 -4.90567 -5e-06 1e-06 -2e-06 20.398123 11.070616 14.354918 -45.747334 47.88147 -46.187111 171.106186 79.979462 173.559052 -9.982054 -26.560743 33.44046 2.243542 -5.255039 -3.18016 14.2829 -0.826592 6.952508 -6e-06 -12.690609 0.0 16.299292 -17.155296 2.464813 1.665667 -1.955921 -2.878301 4.7278 -4.170588 4.993927 11.020534 3e-06 -2e-06 12.109057 -3.735713 -2.866786 0.0 -0.0 -0.0 1.291987 -1.928552 -1.49809 14.800139 0.567471 3.865609 14.242581 -1.341734 -6.660663 19.631983 0.143932 -0.648244 47.406281 -1.059998 -6.871583 0.353027 -1.511152 -0.031938 20.222807 3.684318 2.31663 18.787287 1e-05 -1e-06 10.751636 -0.479866 1.397906 -0.0 -0.0 -2e-06 3.273808 0.305948 -0.580112 21.486832 11.830384 2.266134 8.16293 5e-06 -1e-06 18.399092 -3.798983 -4.940577 3e-06 0.0 0.0 4.384198 21.019163 -1.566426 0.009059 -0.229643 9.610451 -6.333905 1.0971 -5.911242 1.63714 -2.072367 -0.437893 0.0 0.0 2e-06 -8.640942 -11.13601 -2.902094 -0.013583 0.249532 7.139946 9.021192 3.531366 -2.306673 -1.369585 0.841791 -0.357751 0.0 -0.0 -1e-06 
0.0 0.0 0.0 0.0 -0.0 0.0 1.572298 99.865822 -0.266867 0.56789 -4.629859 -0.480702 -0.443297 -0.064647 -4.520001 -0.543976 1.093352 -6.367923 -7.037693 -1.158996 12.107371 -6.497636 5.894429 8.728351 -0.01409 1.839689 -3.8824 -5.315196 2.865943 -9.876697 7.6e-05 -2.2e-05 6e-06 0.00136 -0.111931 0.00339 0.664452 -3.874558 -10.715783 -0.680082 3.638493 -10.743772 -11.400578 -10.638341 6.804251 -45.00005 -27.64962 -3.373942 175.550323 -69.789856 -177.087097 21.660543 0.385533 -41.721405 -5.882107 9.861285 0.702593 -10.936876 -0.360575 7.156209 -2e-06 8.774826 -0.0 -15.571379 16.770475 6.309282 -1.844033 2.498504 -2.507278 -10.1636 4.678947 4.621116 -20.976027 1e-06 7e-06 -21.226288 2.4517 -3.593997 -1e-06 -5e-06 -1e-06 -1.362682 2.240798 -0.746322 -21.334919 0.584911 3.008329 -13.821217 -1e-06 5e-06 -23.887175 -0.249075 -0.839478 -60.526897 2.238438 -1.132171 -0.294024 1.679688 0.833257 -14.218212 0.093215 1.300584 -34.212048 -0.287559 0.967176 -20.033218 0.964541 1.212847 0.0 1e-06 -1e-06 -3.44039 0.788232 0.501657 -15.928189 -3.16731 2.999712 -6.338828 0.0 1e-06 -18.123447 3.648185 -4.905669 -5e-06 1e-06 -1e-06 19.993454 11.341752 14.267164 -46.417358 47.961407 -46.703159 169.617126 80.541321 172.141129 -9.95108 -26.563255 33.472614 2.243543 -5.25504 -3.18016 14.2829 -0.826591 6.952509 -4e-06 -12.69061 -1e-06 16.335682 -17.143463 2.471242 1.665668 -1.955924 -2.878301 4.727801 -4.170588 4.993927 11.020532 3e-06 1e-06 12.109058 -3.735717 -2.866786 0.0 -1e-06 -1e-06 1.291986 -1.928549 -1.49809 14.800138 0.567472 3.865613 14.242577 -1.341739 -6.660658 19.631973 0.143925 -0.648242 47.43486 -1.058181 -6.862957 0.35303 -1.511152 -0.031942 20.222803 3.684313 2.316637 18.787285 6e-06 2e-06 10.751634 -0.479869 1.397909 -0.0 -1e-06 -2e-06 3.27381 0.305947 -0.58011 21.48683 11.830384 2.266141 8.16293 3e-06 1e-06 18.399092 -3.798985 -4.940576 3e-06 -1e-06 -0.0 4.392262 21.113888 -1.553365 0.006151 -0.22378 9.532014 -6.371186 1.387912 -5.971694 1.634487 -2.077389 -0.424234 0.0 0.0 2e-06 -8.585012 -11.016529 -2.953635 -0.011567 0.266751 6.871346 9.01729 3.745658 -2.125658 -1.37022 0.857554 -0.355667 -0.0 -0.0 -1e-06 
0.0 0.0 0.0 0.0 -0.0 0.0 1.618003 99.878845 -0.217092 0.517397 -5.085288 -0.347791 -0.46135 -0.035999 -4.468097 -0.53809 1.144755 -6.345271 -7.114222 -1.157472 12.040382 -6.86397 6.058164 8.464323 -0.056027 1.765226 -3.88773 -5.560771 2.891092 -10.05657 7.7e-05 -2.2e-05 6e-06 0.005669 -0.108984 0.003357 0.667438 -3.872704 -10.717942 -0.67515 3.642171 -10.747907 -11.44403 -10.606613 6.860734 -45.40905 -27.157173 -3.39307 175.913055 -69.364227 -177.374176 21.773041 0.429758 -42.145145 -5.882107 9.861289 0.702595 -10.936874 -0.360573 7.15621 -1e-06 8.77483 0.0 -15.644091 16.729273 6.309121 -1.844033 2.498505 -2.507277 -10.163604 4.678947 4.621113 -20.976027 2e-06 9e-06 -21.22629 2.451702 -3.593997 -0.0 -5e-06 -1e-06 -1.362682 2.240798 -0.746322 -21.334925 0.584911 3.00833 -13.821219 0.0 4e-06 -23.887177 -0.249075 -0.839479 -60.575268 2.218836 -1.145124 -0.294026 1.679688 0.833256 -14.218212 0.093217 1.300584 -34.212055 -0.287557 0.967179 -20.03322 0.964542 1.212845 -0.0 0.0 -1e-06 -3.440391 0.788232 0.501656 -15.928192 -3.16731 2.99971 -6.338829 0.0 3e-06 -18.123453 3.648186 -4.905667 -4e-06 -0.0 -1e-06 19.483669 11.795289 14.193852 -47.342529 47.940277 -47.305141 167.640991 81.36628 170.366013 -9.758794 -26.430058 33.647747 2.243542 -5.255038 -3.180161 14.282898 -0.826592 6.952507 -6e-06 -12.690611 -1e-06 16.335411 -17.076019 2.480998 1.665668 -1.955923 -2.878301 4.7278 -4.170588 4.993926 11.020531 6e-06 -2e-06 12.109057 -3.735715 -2.866787 1e-06 -1e-06 -2e-06 1.291987 -1.92855 -1.498091 14.800139 0.567472 3.86561 14.24258 -1.341735 -6.660661 19.631979 0.14393 -0.648244 47.411983 -1.066449 -6.853621 0.353029 -1.511151 -0.031939 20.222801 3.684318 2.31663 18.787283 9e-06 -1e-06 10.751633 -0.479868 1.397909 0.0 -0.0 -0.0 3.273809 0.305947 -0.580112 21.486828 11.830387 2.266135 8.16293 4e-06 0.0 18.399094 -3.798984 -4.940577 3e-06 -0.0 -0.0 4.393975 21.242403 -1.554527 0.003062 -0.211702 9.440415 -6.395885 1.674783 -6.027616 1.631783 -2.090359 -0.402103 -0.0 -1e-06 2e-06 -8.521282 -10.881471 -3.0503 -0.008023 0.284316 6.592082 9.037914 3.977237 -1.911895 -1.369855 0.872131 -0.357704 0.0 -0.0 -1e-06 
0.0 0.0 0.0 0.0 -0.0 0.0 1.674407 99.897987 -0.172079 0.46955 -5.614203 -0.202223 -0.465008 -0.006373 -4.404291 -0.524048 1.235488 -6.324602 -7.207019 -1.150533 11.958517 -7.291958 6.253827 8.178068 -0.114252 1.744198 -3.886167 -5.824658 2.891407 -10.274842 7.7e-05 -2.3e-05 6e-06 0.011737 -0.104394 0.001301 0.674321 -3.869468 -10.714269 -0.670644 3.64812 -10.747992 -11.517313 -10.599048 6.827796 -45.822735 -26.636003 -3.442802 176.224014 -68.936386 -177.640106 21.824547 0.523089 -42.577652 -5.882104 9.861283 0.702592 -10.936869 -0.360576 7.156204 -1e-06 8.774822 -2e-06 -15.738573 16.730139 6.291003 -1.84403 2.498503 -2.507276 -10.163595 4.678944 4.621109 -20.976017 -3e-06 6e-06 -21.226276 2.451698 -3.593997 0.0 -5e-06 -0.0 -1.362682 2.240798 -0.746323 -21.334909 0.584908 3.008324 -13.821209 -2e-06 3e-06 -23.887163 -0.249075 -0.839481 -60.671001 2.185988 -1.175538 -0.294026 1.679687 0.833254 -14.218206 0.093214 1.300582 -34.212044 -0.287564 0.967174 -20.033209 0.964537 1.212846 1e-06 0.0 -1e-06 -3.440387 0.788234 0.501655 -15.928181 -3.16731 2.999707 -6.338825 -1e-06 -0.0 -18.12344 3.648182 -4.905665 -4e-06 0.0 -3e-06 18.889463 12.409147 14.149902 -48.687855 47.840466 -47.960999 165.692139 82.545883 168.672516 -9.509978 -26.254362 34.410599 2.243541 -5.255036 -3.180158 14.282894 -0.826592 6.952503 -4e-06 -12.690605 1e-06 16.265602 -16.918604 2.525178 1.665665 -1.955922 -2.878299 4.727797 -4.170585 4.993923 11.020525 5e-06 -1e-06 12.109055 -3.735714 -2.866786 -0.0 1e-06 -1e-06 1.291985 -1.928549 -1.49809 14.800134 0.567472 3.865606 14.242576 -1.341734 -6.660659 19.631973 0.143929 -0.648244 47.284355 -1.087122 -6.813166 0.353027 -1.511151 -0.031939 20.222794 3.684314 2.316628 18.787273 8e-06 0.0 10.751629 -0.479866 1.397907 1e-06 -1e-06 0.0 3.273807 0.305946 -0.580111 21.486818 11.830381 2.266131 8.162926 3e-06 -2e-06 18.39908 -3.798982 -4.940573 3e-06 -0.0 -0.0 4.382687 21.420914 -1.52131 -0.000218 -0.204738 9.25833 -6.393393 1.956989 -6.047085 1.630404 -2.108733 -0.371795 0.0 -0.0 2e-06 -8.455304 -10.723009 -3.142415 -0.00382 0.297146 6.214063 9.052586 4.227612 -1.629804 -1.367484 0.881003 -0.379108 -0.0 -0.0 -1e-06 
0.0 0.0 0.0 0.0 -0.0 0.0 1.733354 99.918114 -0.131162 0.426984 -6.212153 -0.049479 -0.451138 0.021939 -4.331601 -0.499925 1.359838 -6.305755 -7.303324 -1.115178 11.873782 -7.797868 6.46528 7.822526 -0.169698 1.728726 -3.884274 -6.112051 2.901192 -10.482229 7.7e-05 -2.3e-05 6e-06 0.018937 -0.098523 -0.004106 0.6811 -3.867106 -10.713726 -0.663858 3.65728 -10.751423 -11.611094 -10.630934 6.679721 -46.212963 -26.082573 -3.563721 176.498734 -68.521019 -177.883469 21.845644 0.698716 -42.975792 -5.88211 9.861295 0.702594 -10.93688 -0.360574 7.156216 -1e-06 8.774835 -1e-06 -15.866815 16.762009 6.259424 -1.844033 2.498508 -2.507279 -10.16361 4.67895 4.621116 -20.976038 -0.0 9e-06 -21.226301 2.451704 -3.593999 0.0 -4e-06 -1e-06 -1.362682 2.240799 -0.746321 -21.334932 0.584912 3.008332 -13.821226 -1e-06 5e-06 -23.887188 -0.249074 -0.83948 -60.835239 2.138806 -1.20954 -0.294026 1.679689 0.833257 -14.218224 0.093215 1.300587 -34.212074 -0.287557 0.967179 -20.03323 0.964542 1.212847 1e-06 0.0 -1e-06 -3.44039 0.788236 0.501657 -15.928201 -3.167312 2.999715 -6.338832 0.0 1e-06 -18.123459 3.648191 -4.905671 -4e-06 0.0 -3e-06 18.230354 13.156895 14.140613 -50.572437 47.611137 -48.762142 163.729385 84.102722 166.974915 -9.223297 -26.013693 35.943855 2.243542 -5.255038 -3.180161 14.282902 -0.826592 6.95251 -4e-06 -12.690616 -0.0 16.081989 -16.676102 2.613507 1.665667 -1.955921 -2.878303 4.7278 -4.17059 4.993929 11.020533 6e-06 -1e-06 12.109059 -3.735715 -2.866787 -1e-06 1e-06 -0.0 1.291986 -1.928551 -1.498091 14.800139 0.567472 3.865611 14.24258 -1.341734 -6.660666 19.631979 0.143931 -0.648246 47.018326 -1.108149 -6.718377 0.35303 -1.511151 -0.031941 20.222803 3.684316 2.316631 18.787287 1.1e-05 2e-06 10.751635 -0.479867 1.397909 0.0 1e-06 0.0 3.273809 0.305948 -0.580111 21.486832 11.830388 2.266134 8.16293 4e-06 -1e-06 18.399094 -3.798986 -4.940575 3e-06 -1e-06 0.0 4.359712 21.643272 -1.472016 -0.002096 -0.196807 9.03511 -6.37668 2.261834 -6.054235 1.63095 -2.130698 -0.309266 0.0 -0.0 2e-06 -8.399106 -10.570182 -3.272226 0.00597 0.302477 5.847152 9.078855 4.534893 -1.318576 -1.363974 0.876819 -0.39918 0.0 0.0 -1e-06 
0.0 0.0 0.0 0.0 -0.0 0.0 1.787362 99.933746 -0.095791 0.395676 -6.811565 0.09961 -0.427181 0.037403 -4.258889 -0.462692 1.49475 -6.284504 -7.395371 -1.06408 11.791416 -8.364344 6.68847 7.415964 -0.230199 1.679522 -3.884546 -6.415402 2.893086 -10.638535 7.7e-05 -2.3e-05 6e-06 0.024931 -0.094563 -0.010853 0.685235 -3.869571 -10.716465 -0.656933 3.666691 -10.760989 -11.68906 -10.694263 6.475533 -46.547024 -25.570759 -3.729861 176.595047 -68.153748 -177.930786 21.852093 0.992389 -43.390884 -5.882108 9.861293 0.702594 -10.936878 -0.360572 7.156211 0.0 8.774831 -1e-06 -15.997538 16.813301 6.240541 -1.844033 2.498505 -2.507278 -10.163604 4.67895 4.621113 -20.97603 0.0 6e-06 -21.226294 2.451704 -3.593999 0.0 -4e-06 -0.0 -1.36268 2.2408 -0.746322 -21.334925 0.584912 3.008329 -13.821221 1e-06 3e-06 -23.887182 -0.249073 -0.839483 -61.057266 2.108902 -1.250178 -0.294025 1.67969 0.833258 -14.218214 0.093217 1.300584 -34.212067 -0.287557 0.967175 -20.033226 0.964542 1.212844 0.0 1e-06 -0.0 -3.44039 0.788234 0.501658 -15.928194 -3.16731 2.999712 -6.33883 -0.0 1e-06 -18.123453 3.648189 -4.905671 -4e-06 1e-06 -2e-06 17.510279 14.010116 14.131379 -52.903442 47.218304 -49.778614 161.02446 85.952477 164.559967 -8.691771 -25.674597 37.982895 2.243542 -5.255039 -3.180161 14.282898 -0.826591 6.952506 -7e-06 -12.690612 -0.0 15.834595 -16.401966 2.679645 1.665668 -1.955922 -2.878301 4.727799 -4.170587 4.993926 11.02053 7e-06 -3e-06 12.109055 -3.735711 -2.866788 -1e-06 1e-06 1e-06 1.291986 -1.92855 -1.49809 14.800134 0.567473 3.865609 14.242579 -1.341731 -6.660662 19.631975 0.143934 -0.648243 46.64719 -1.12556 -6.611074 0.353028 -1.511151 -0.03194 20.222799 3.68432 2.31663 18.787277 1.4e-05 1e-06 10.751633 -0.479865 1.397909 -0.0 -0.0 1e-06 3.273807 0.30595 -0.580112 21.486832 11.830389 2.266135 8.16293 5e-06 0.0 18.399088 -3.798979 -4.940573 3e-06 0.0 -1e-06 4.33315 21.850405 -1.341339 -0.003989 -0.191555 8.839666 -6.363183 2.584734 -6.117328 1.632001 -2.14792 -0.238889 0.0 -0.0 2e-06 -8.36104 -10.511158 -3.461766 0.018462 0.305578 5.604322 9.139569 4.933899 -1.037523 -1.359003 0.866789 -0.413723 -0.0 -0.0 -1e-06 
0.0 0.0 0.0 0.0 -0.0 0.0 1.838775 99.939133 -0.069492 0.37044 -7.380243 0.257846 -0.394075 0.033158 -4.185194 -0.420935 1.626909 -6.256352 -7.482859 -1.006033 11.686038 -8.977227 6.908476 6.977072 -0.303991 1.607207 -3.882306 -6.696232 2.845615 -10.740789 7.7e-05 -2.3e-05 6e-06 0.034579 -0.08975 -0.013722 0.690282 -3.872457 -10.715888 -0.643795 3.677695 -10.77104 -11.724644 -10.773073 6.242264 -46.852509 -25.147451 -3.928388 176.622894 -67.842049 -177.891235 21.853807 1.371314 -43.81097 -5.882107 9.861288 0.702591 -10.936877 -0.360579 7.156209 -0.0 8.774828 -0.0 -16.141953 16.870348 6.224195 -1.844033 2.498505 -2.50728 -10.163602 4.678944 4.621113 -20.976028 -5e-06 7e-06 -21.226292 2.451697 -3.593997 -0.0 -6e-06 -1e-06 -1.362682 2.240798 -0.746323 -21.334921 0.584908 3.008328 -13.821218 -3e-06 2e-06 -23.887175 -0.24908 -0.83948 -61.322948 2.093202 -1.268899 -0.294025 1.679688 0.833257 -14.218213 0.093213 1.300582 -34.212051 -0.287568 0.96718 -20.033218 0.964537 1.212848 0.0 1e-06 -0.0 -3.440388 0.788234 0.501655 -15.928189 -3.167314 2.99971 -6.338828 -2e-06 1e-06 -18.123447 3.648183 -4.90567 -5e-06 -0.0 -1e-06 16.692808 14.979486 14.086546 -55.595375 46.590626 -50.906406 156.285995 88.105759 160.154053 -7.738547 -25.106422 40.633293 2.243543 -5.255036 -3.180159 14.282892 -0.826593 6.952501 -5e-06 -12.690606 0.0 15.567489 -16.118671 2.746611 1.665668 -1.955922 -2.878299 4.727797 -4.170587 4.993925 11.020528 5e-06 -3e-06 12.109054 -3.735715 -2.866785 0.0 0.0 1e-06 1.291984 -1.92855 -1.498089 14.800129 0.567469 3.865606 14.242573 -1.341733 -6.660663 19.631971 0.14393 -0.648246 46.216526 -1.143122 -6.477094 0.353028 -1.511151 -0.03194 20.22279 3.684312 2.316627 18.78727 8e-06 -2e-06 10.751627 -0.479867 1.397905 -0.0 -0.0 0.0 3.273807 0.305948 -0.580111 21.486814 11.830379 2.266129 8.162926 4e-06 -2e-06 18.399082 -3.798982 -4.940576 3e-06 0.0 -0.0 4.281865 22.051764 -1.389069 -0.007284 -0.183089 8.804319 -6.340498 2.893348 -6.206039 1.632365 -2.153398 -0.180589 0.0 -1e-06 2e-06 -8.335916 -10.562198 -3.762528 0.034046 0.315396 5.576567 9.2312 5.401828 -0.835352 -1.353635 0.854993 -0.428105 -0.0 -1e-06 -1e-06 
0.0 0.0 0.0 0.0 -0.0 0.0 1.88841 99.93705 -0.051652 0.348098 -7.897642 0.408514 -0.360003 0.007521 -4.085991 -0.379197 1.749539 -6.230086 -7.574644 -0.941668 11.563476 -9.616488 7.114125 6.537942 -0.366253 1.550013 -3.883943 -6.957548 2.773879 -10.822929 7.8e-05 -2.3e-05 6e-06 0.049483 -0.087496 -0.016006 0.696545 -3.87544 -10.713564 -0.621486 3.683287 -10.779773 -11.658144 -10.86552 6.015706 -47.176689 -24.904123 -4.22112 176.686569 -67.613823 -177.917633 21.863874 1.767427 -44.0737 -5.882106 9.861289 0.702593 -10.936877 -0.360575 7.156209 -0.0 8.774829 -1e-06 -16.254705 16.917456 6.217689 -1.844033 2.498504 -2.50728 -10.163604 4.678946 4.621109 -20.97603 -3e-06 7e-06 -21.226294 2.451699 -3.593997 -0.0 -6e-06 -1e-06 -1.362683 2.240798 -0.746325 -21.334925 0.584906 3.008327 -13.82122 -2e-06 3e-06 -23.88718 -0.249078 -0.839479 -61.568569 2.080574 -1.23903 -0.294025 1.679689 0.833256 -14.218216 0.093214 1.300583 -34.212067 -0.287564 0.967178 -20.033226 0.964538 1.212847 1e-06 0.0 -0.0 -3.440388 0.788234 0.501657 -15.928192 -3.167311 2.999708 -6.338828 -0.0 2e-06 -18.123447 3.648185 -4.905669 -5e-06 1e-06 -3e-06 15.696611 16.018282 13.942549 -58.493111 45.748955 -52.314911 8.332225 89.338249 12.543946 -6.255378 -23.991684 44.70853 2.243541 -5.255037 -3.180159 14.282892 -0.826594 6.952503 -4e-06 -12.690605 -0.0 15.210413 -15.782015 2.831911 1.665666 -1.955921 -2.878299 4.727797 -4.170587 4.993924 11.020525 6e-06 -2e-06 12.10905 -3.735713 -2.866784 0.0 0.0 0.0 1.291986 -1.928551 -1.498091 14.800125 0.567472 3.865607 14.24257 -1.341733 -6.660659 19.631968 0.14393 -0.648243 45.588459 -1.165827 -6.259936 0.353028 -1.51115 -0.03194 20.222794 3.684313 2.316632 18.787273 7e-06 -1e-06 10.751629 -0.479867 1.397907 -0.0 -0.0 -1e-06 3.273806 0.305948 -0.580111 21.486813 11.830379 2.266134 8.162928 2e-06 0.0 18.39908 -3.798982 -4.940574 3e-06 -0.0 -2e-06 4.227738 22.238985 -1.502727 -0.009711 -0.170626 8.889752 -6.339342 3.175008 -6.334846 1.632614 -2.146786 -0.147972 0.0 -0.0 2e-06 -8.317623 -10.700936 -4.108499 0.052789 0.324644 5.68105 9.362793 5.889499 -0.687705 -1.347982 0.84847 -0.443006 -0.0 -0.0 -1e-06 
0.0 0.0 0.0 0.0 -0.0 0.0 1.922963 99.940041 -0.04286 0.32361 -8.330944 0.543456 -0.336072 -0.029413 -3.957514 -0.348192 1.864549 -6.201387 -7.670558 -0.883204 11.424269 -10.253386 7.293941 6.135522 -0.409564 1.506418 -3.886024 -7.15785 2.688538 -10.910083 7.7e-05 -2.3e-05 6e-06 0.063249 -0.083923 -0.019896 0.699495 -3.875061 -10.710693 -0.598093 3.688004 -10.784981 -11.483136 -10.991746 5.84316 -47.506535 -24.864065 -4.649123 176.865982 -67.428932 -178.093887 21.949036 2.18669 -44.160435 -5.882111 9.861293 0.702591 -10.936881 -0.360574 7.156216 -0.0 8.77483 0.0 -16.332199 17.006174 6.21924 -1.844034 2.498506 -2.507281 -10.163608 4.67895 4.621115 -20.97604 0.0 3e-06 -21.226307 2.451701 -3.594004 -0.0 -6e-06 -1e-06 -1.362683 2.2408 -0.746324 -21.33493 0.584913 3.008329 -13.821225 -1e-06 3e-06 -23.887188 -0.249075 -0.839485 -61.803379 2.068897 -1.224387 -0.294025 1.679689 0.833255 -14.218222 0.093217 1.300584 -34.212078 -0.287559 0.967173 -20.033232 0.964542 1.212845 0.0 0.0 -1e-06 -3.440392 0.788234 0.501658 -15.928201 -3.167309 2.999713 -6.338832 1e-06 2e-06 -18.123463 3.648188 -4.905674 -3e-06 0.0 -2e-06 14.443449 17.073439 13.650331 -61.259491 44.702984 -53.753994 -12.399323 86.586716 -7.632834 -3.951025 -21.921984 51.547871 2.243543 -5.255036 -3.180157 14.282887 -0.826594 6.9525 -1e-06 -12.6906 -1e-06 14.803455 -15.505556 2.949384 1.665668 -1.955921 -2.878297 4.727798 -4.170588 4.993921 11.020522 3e-06 -1e-06 12.109051 -3.735715 -2.866784 1e-06 0.0 -1e-06 1.291986 -1.928549 -1.498089 14.800122 0.567468 3.865607 14.242567 -1.341738 -6.660655 19.631962 0.143924 -0.648245 45.040623 -1.204859 -5.935081 0.353029 -1.51115 -0.031939 20.222784 3.684309 2.316629 18.78727 4e-06 -2e-06 10.751625 -0.479868 1.397905 -0.0 -0.0 -0.0 3.273806 0.305946 -0.58011 21.486809 11.830368 2.266134 8.162926 1e-06 -1e-06 18.39908 -3.798985 -4.940577 3e-06 -0.0 -1e-06 4.189955 22.441626 -1.586915 -0.00944 -0.172923 8.91296 -6.336576 3.356093 -6.410238 1.632594 -2.128503 -0.164863 0.0 -1e-06 2e-06 -8.290414 -10.90525 -4.369218 0.063058 0.326152 5.691365 9.551283 6.322619 -0.498417 -1.343743 0.843142 -0.446982 0.0 -0.0 -1e-06 
0.0 0.0 0.0 0.0 -0.0 0.0 1.927741 99.955048 -0.041102 0.29649 -8.641813 0.67242 -0.332158 -0.053562 -3.817409 -0.334143 1.973399 -6.165598 -7.770681 -0.834093 11.26665 -10.853932 7.485012 5.819671 -0.430274 1.4278 -3.891233 -7.262236 2.546222 -10.980972 7.8e-05 -2.3e-05 6e-06 0.069884 -0.082182 -0.024245 0.69828 -3.875571 -10.71067 -0.584669 3.689847 -10.78917 -11.229875 -11.188702 5.702249 -47.812153 -24.982782 -5.164627 177.144669 -67.291267 -178.429855 22.104687 2.654299 -44.088482 -5.882111 9.861291 0.702593 -10.936878 -0.360574 7.156212 -2e-06 8.774828 0.0 -16.401661 17.145748 6.207334 -1.844033 2.498504 -2.507278 -10.163606 4.678949 4.621114 -20.976034 0.0 6e-06 -21.226299 2.451704 -3.593999 -0.0 -6e-06 -2e-06 -1.362681 2.2408 -0.746322 -21.334929 0.584913 3.008329 -13.821224 0.0 3e-06 -23.887184 -0.249071 -0.839481 -62.03022 2.029478 -1.260674 -0.294025 1.679689 0.833257 -14.218218 0.093217 1.300584 -34.21207 -0.287557 0.967174 -20.033226 0.964541 1.212843 1e-06 0.0 0.0 -3.440392 0.788234 0.501656 -15.928196 -3.167309 2.999711 -6.338831 -0.0 2e-06 -18.123457 3.648187 -4.905669 -4e-06 0.0 -1e-06 12.862385 18.035427 13.162521 -63.495071 43.564304 -54.844296 -16.399752 83.539803 -10.970658 -0.681849 -18.967783 61.86491 2.243543 -5.255044 -3.180163 14.282907 -0.826594 6.952512 -2e-06 -12.690625 -0.0 14.65592 -15.614057 3.138444 1.665668 -1.955925 -2.878304 4.727803 -4.170593 4.99393 11.02054 4e-06 -3e-06 12.109062 -3.735719 -2.866789 -0.0 -0.0 -0.0 1.291985 -1.928552 -1.498092 14.80014 0.56747 3.865612 14.242585 -1.341737 -6.660669 19.631983 0.143929 -0.648246 45.52293 -1.252979 -5.545937 0.353027 -1.511152 -0.03194 20.222813 3.684317 2.316633 18.787291 5e-06 -0.0 10.751639 -0.479869 1.397908 0.0 0.0 0.0 3.273811 0.305948 -0.580112 21.486837 11.830396 2.266137 8.162936 2e-06 0.0 18.399103 -3.79899 -4.940581 3e-06 -0.0 -1e-06 4.171797 22.62006 -1.610998 -0.010184 -0.203671 8.77761 -6.340831 3.46814 -6.386061 1.634974 -2.113539 -0.202501 -0.0 -1e-06 2e-06 -8.241505 -11.207079 -4.497779 0.061466 0.310403 5.516125 9.745106 6.707655 -0.238461 -1.342793 0.82144 -0.419584 0.0 -0.0 -1e-06 
0.0 0.0 0.0 0.0 -0.0 0.0 1.895167 99.975647 -0.048133 0.270862 -8.827729 0.820943 -0.356207 -0.051249 -3.68858 -0.327603 2.07068 -6.116611 -7.911387 -0.787124 11.076778 -11.375977 7.718399 5.58735 -0.454273 1.325606 -3.882238 -7.23612 2.342465 -10.987056 7.8e-05 -2.2e-05 6e-06 0.06387 -0.084163 -0.022536 0.688992 -3.879476 -10.712396 -0.588188 3.688347 -10.793648 -10.937487 -11.409307 5.538696 -48.094532 -25.197052 -5.605022 177.451797 -67.18322 -178.82074 22.245785 3.118388 -44.000053 -5.882104 9.861284 0.702591 -10.936871 -0.360577 7.156208 2e-06 8.774824 -0.0 -16.469889 17.351034 6.195674 -1.844033 2.498503 -2.507278 -10.163597 4.678943 4.62111 -20.976021 -5e-06 7e-06 -21.226282 2.451697 -3.593995 -0.0 -6e-06 -1e-06 -1.36268 2.240799 -0.746323 -21.334913 0.584905 3.008328 -13.821213 -4e-06 4e-06 -23.887167 -0.24908 -0.839479 -62.191414 1.975608 -1.32942 -0.294024 1.679687 0.833257 -14.21821 0.093211 1.300583 -34.212048 -0.287565 0.967179 -20.033211 0.964538 1.212848 1e-06 1e-06 0.0 -3.440386 0.788234 0.501656 -15.928187 -3.167313 2.999711 -6.338826 -1e-06 1e-06 -18.123444 3.64818 -4.905665 -4e-06 1e-06 -2e-06 11.094947 18.867777 12.502058 -64.833511 42.46172 -55.157719 -19.500719 80.665207 -13.571528 3.150977 -16.120781 72.648613 2.243541 -5.255037 -3.180158 14.282887 -0.826594 6.952505 -4e-06 -12.690605 2e-06 14.857352 -16.178947 3.457468 1.665666 -1.955921 -2.878299 4.727798 -4.170587 4.993925 11.020527 4e-06 -1e-06 12.109052 -3.735716 -2.866783 0.0 0.0 0.0 1.291986 -1.928549 -1.49809 14.800125 0.567469 3.865609 14.242571 -1.341734 -6.660657 19.631968 0.143928 -0.648244 47.578938 -1.261564 -5.220712 0.353031 -1.51115 -0.031941 20.222794 3.684311 2.316631 18.78727 6e-06 1e-06 10.751627 -0.479869 1.397907 0.0 -1e-06 -0.0 3.273805 0.305947 -0.580111 21.486813 11.830378 2.266134 8.162927 2e-06 1e-06 18.399078 -3.798985 -4.940573 3e-06 0.0 -1e-06 4.165549 22.77305 -1.655796 -0.016303 -0.25281 8.586579 -6.364709 3.513521 -6.303279 1.63946 -2.098388 -0.222831 0.0 -0.0 2e-06 -8.168088 -11.577889 -4.622315 0.058546 0.279424 5.335424 9.857336 7.081161 0.006106 -1.345533 0.780417 -0.356018 -0.0 -0.0 -1e-06 
0.0 0.0 0.0 0.0 -0.0 0.0 1.83553 99.997139 -0.063176 0.243042 -8.923552 0.988634 -0.403753 -0.038027 -3.580702 -0.322671 2.150171 -6.068907 -8.098611 -0.732713 10.872211 -11.802374 7.952812 5.377453 -0.471716 1.207915 -3.865411 -7.092546 2.137152 -10.918365 7.8e-05 -2.2e-05 6e-06 0.049905 -0.095214 -0.010929 0.674136 -3.893499 -10.716439 -0.601782 3.679707 -10.797153 -10.66381 -11.597111 5.348171 -48.325886 -25.425678 -5.880283 177.705902 -67.073051 -179.124725 22.2206 3.505573 -43.967278 -5.882112 9.861298 0.702593 -10.936882 -0.360576 7.156218 -0.0 8.774834 -0.0 -16.503698 17.534632 6.194017 -1.844034 2.498506 -2.507281 -10.163612 4.678951 4.621117 -20.976044 -0.0 7e-06 -21.226307 2.451705 -3.593999 -0.0 -6e-06 -1e-06 -1.362682 2.240801 -0.746325 -21.334938 0.584912 3.008333 -13.82123 -1e-06 5e-06 -23.887196 -0.249074 -0.839479 -62.242748 1.931667 -1.403609 -0.294025 1.67969 0.833256 -14.218223 0.093217 1.300586 -34.212078 -0.287556 0.96718 -20.033232 0.964543 1.212848 -0.0 0.0 1e-06 -3.440392 0.788236 0.501656 -15.928203 -3.167313 2.999717 -6.338834 -0.0 1e-06 -18.123463 3.64819 -4.90567 -5e-06 1e-06 -3e-06 9.504246 19.542934 11.81465 -65.3321 41.486141 -54.812817 -21.360262 78.500267 -15.1842 6.569993 -14.17679 80.133072 2.243545 -5.255041 -3.18016 14.2829 -0.826597 6.952506 -1e-06 -12.690614 0.0 14.959098 -16.840731 3.870699 1.665667 -1.955923 -2.878302 4.727803 -4.170591 4.993927 11.020533 2e-06 -2e-06 12.10906 -3.735719 -2.866787 -0.0 0.0 0.0 1.291987 -1.928551 -1.49809 14.800138 0.567466 3.86561 14.242579 -1.341739 -6.660665 19.631975 0.143925 -0.648248 49.844322 -1.222576 -5.089202 0.353031 -1.511152 -0.03194 20.222801 3.684311 2.31663 18.787285 2e-06 -3e-06 10.751634 -0.47987 1.397905 0.0 0.0 -0.0 3.273807 0.305947 -0.580111 21.486824 11.830384 2.266133 8.16293 1e-06 -1e-06 18.399094 -3.798989 -4.940581 3e-06 0.0 -1e-06 4.168876 22.880571 -1.751316 -0.026322 -0.29213 8.415288 -6.404955 3.547799 -6.205246 1.643775 -2.088338 -0.200738 0.0 -0.0 2e-06 -8.038376 -11.93112 -4.721838 0.058313 0.24935 5.204235 9.83519 7.418583 0.109275 -1.351453 0.745778 -0.29694 0.0 0.0 -1e-06 
0.0 0.0 0.0 0.0 -0.0 0.0 1.772292 100.018692 -0.078461 0.218446 -8.963207 1.163766 -0.466006 -0.009433 -3.509537 -0.318635 2.214644 -6.03536 -8.317906 -0.669869 10.696083 -12.137297 8.160228 5.173253 -0.496643 1.101076 -3.857509 -6.923907 1.974144 -10.832024 7.6e-05 -2.2e-05 6e-06 0.039508 -0.108496 0.003003 0.664188 -3.909856 -10.725365 -0.613078 3.669483 -10.801187 -10.467656 -11.73478 5.211517 -48.487362 -25.662348 -6.007613 177.846954 -66.944626 -179.281082 21.970928 3.767554 -43.893002 -5.882111 9.861289 0.70259 -10.936878 -0.360575 7.156212 1e-06 8.774828 -1e-06 -16.485334 17.625767 6.190275 -1.844033 2.498507 -2.507278 -10.163604 4.678947 4.621112 -20.97603 -0.0 6e-06 -21.226295 2.4517 -3.594 -0.0 -6e-06 0.0 -1.362682 2.240799 -0.746323 -21.334925 0.584912 3.008328 -13.821221 -2e-06 4e-06 -23.887182 -0.249076 -0.83948 -62.202103 1.893881 -1.467083 -0.294025 1.679689 0.833254 -14.218217 0.093215 1.300586 -34.212067 -0.28756 0.967178 -20.033226 0.964542 1.212846 -0.0 1e-06 0.0 -3.440391 0.788233 0.501658 -15.928196 -3.16731 2.999712 -6.33883 -1e-06 0.0 -18.123457 3.648185 -4.905672 -4e-06 1e-06 -2e-06 8.25776 20.077553 11.259145 -65.337303 40.600903 -54.20787 -21.810118 77.087387 -15.58108 9.083269 -12.881708 84.284431 2.243545 -5.25504 -3.180158 14.282894 -0.826596 6.952507 -0.0 -12.690611 2e-06 14.961268 -17.324911 4.230445 1.665667 -1.955922 -2.878301 4.727798 -4.170591 4.993926 11.020528 4e-06 -2e-06 12.109053 -3.735719 -2.866787 0.0 -1e-06 0.0 1.291984 -1.92855 -1.498091 14.800131 0.567467 3.865611 14.242577 -1.341737 -6.660662 19.631971 0.143925 -0.648247 51.454399 -1.156695 -5.054969 0.35303 -1.511152 -0.03194 20.222792 3.684309 2.316631 18.787275 1e-06 -2e-06 10.75163 -0.47987 1.397905 -0.0 0.0 0.0 3.273807 0.305946 -0.580111 21.486816 11.830379 2.266134 8.16293 0.0 -0.0 18.399088 -3.798989 -4.940578 3e-06 0.0 -2e-06 4.164404 22.939629 -1.869805 -0.036142 -0.313337 8.250051 -6.434339 3.609847 -6.101702 1.646951 -2.090786 -0.162427 0.0 -0.0 2e-06 -7.930802 -12.234337 -4.869384 0.057482 0.228894 5.085921 9.778957 7.681333 0.24518 -1.358835 0.725481 -0.265201 -0.0 -0.0 -1e-06 
0.0 0.0 0.0 0.0 -0.0 0.0 1.714128 100.036987 -0.087201 0.209917 -8.966282 1.316292 -0.535524 0.045077 -3.462243 -0.316864 2.281427 -6.007789 -8.538677 -0.601061 10.560337 -12.430104 8.350494 4.96684 -0.533564 0.997461 -3.866397 -6.74245 1.844576 -10.746079 7.7e-05 -2.2e-05 6e-06 0.035839 -0.122912 0.013811 0.662259 -3.924083 -10.73226 -0.618942 3.655077 -10.797932 -10.355959 -11.828181 5.177835 -48.61367 -25.923759 -6.04197 177.918564 -66.810478 -179.288986 21.592115 3.940753 -43.906155 -5.882106 9.86129 0.702591 -10.936875 -0.360575 7.156209 -0.0 8.774826 -1e-06 -16.449013 17.637049 6.180626 -1.844033 2.498506 -2.507279 -10.163602 4.678946 4.621112 -20.976028 -3e-06 5e-06 -21.22629 2.451698 -3.593999 -0.0 -6e-06 0.0 -1.362682 2.240798 -0.746323 -21.334919 0.58491 3.008327 -13.821215 -3e-06 4e-06 -23.887175 -0.249078 -0.839482 -62.142456 1.862473 -1.523229 -0.294025 1.679688 0.833256 -14.218211 0.093215 1.300583 -34.212063 -0.287562 0.967172 -20.033218 0.964537 1.212844 -1e-06 1e-06 1e-06 -3.440391 0.788233 0.501653 -15.928189 -3.167308 2.99971 -6.338829 -1e-06 1e-06 -18.123453 3.648185 -4.90567 -5e-06 1e-06 -2e-06 7.283986 20.489212 10.858647 -65.017891 39.860058 -53.661289 -20.966921 76.244041 -14.80686 10.807569 -11.840897 86.728188 2.243542 -5.255038 -3.180159 14.282887 -0.826596 6.952504 -2e-06 -12.690607 -0.0 14.919164 -17.570259 4.499082 1.665666 -1.955922 -2.878301 4.727799 -4.170588 4.993924 11.020526 3e-06 -2e-06 12.109053 -3.735718 -2.866786 0.0 -1e-06 1e-06 1.291985 -1.928549 -1.498089 14.800129 0.567467 3.865608 14.242576 -1.341737 -6.660661 19.631969 0.143924 -0.648247 52.363495 -1.080511 -5.030683 0.353029 -1.511152 -0.03194 20.222786 3.684307 2.316629 18.78727 4e-06 -2e-06 10.751627 -0.479869 1.397905 -0.0 0.0 -0.0 3.273806 0.305946 -0.58011 21.486809 11.830373 2.266131 8.162928 1e-06 -1e-06 18.399082 -3.798986 -4.940578 3e-06 -0.0 -2e-06 4.146361 22.951067 -1.96283 -0.045502 -0.317974 8.07458 -6.483447 3.679618 -5.99944 1.647826 -2.102612 -0.12839 -0.0 -0.0 2e-06 -7.849331 -12.523078 -5.007696 0.056714 0.229306 5.025219 9.710496 7.920749 0.328648 -1.364586 0.718957 -0.263158 0.0 -0.0 -1e-06 
0.0 0.0 0.0 0.0 -0.0 0.0 1.669621 100.049118 -0.090633 0.206252 -8.955128 1.440937 -0.585998 0.114301 -3.440022 -0.316216 2.354578 -5.981816 -8.752062 -0.54024 10.47872 -12.688489 8.508336 4.765107 -0.592351 0.917851 -3.871232 -6.599139 1.725999 -10.712838 7.7e-05 -2.2e-05 6e-06 0.039369 -0.138459 0.022348 0.666232 -3.93714 -10.734529 -0.616214 3.637488 -10.789084 -10.338634 -11.865582 5.205789 -48.712475 -26.202839 -6.024829 177.98645 -66.693832 -179.255081 21.198612 4.124083 -44.139835 -5.882106 9.861288 0.702593 -10.936874 -0.360575 7.156207 1e-06 8.774828 -1e-06 -16.447441 17.652533 6.186662 -1.844031 2.498505 -2.507277 -10.1636 4.678946 4.621111 -20.97603 -3e-06 7e-06 -21.226295 2.451696 -3.593999 -1e-06 -6e-06 -1e-06 -1.362681 2.240798 -0.746324 -21.334921 0.584906 3.008326 -13.821218 -4e-06 1e-06 -23.887175 -0.249079 -0.839479 -62.193127 1.857153 -1.567621 -0.294025 1.679689 0.833258 -14.218212 0.093213 1.300582 -34.212059 -0.287567 0.967175 -20.033222 0.964537 1.212848 -0.0 -0.0 0.0 -3.44039 0.788233 0.501657 -15.928192 -3.167314 2.99971 -6.338829 -2e-06 2e-06 -18.123451 3.648183 -4.905669 -3e-06 0.0 -3e-06 6.569778 20.815218 10.622397 -64.554108 39.260349 -53.140079 -19.841492 75.811783 -13.636431 11.984193 -10.849621 88.011765 2.24354 -5.255041 -3.180158 14.282896 -0.826598 6.952508 1e-06 -12.690612 1e-06 14.858102 -17.643194 4.688713 1.665667 -1.955923 -2.878301 4.727802 -4.170589 4.993929 11.020527 3e-06 0.0 12.109057 -3.735719 -2.866785 -0.0 0.0 -1e-06 1.291986 -1.928551 -1.49809 14.800129 0.567466 3.865613 14.242575 -1.341737 -6.660661 19.631971 0.143925 -0.648245 52.827156 -1.01799 -4.992862 0.353028 -1.511151 -0.031942 20.222792 3.684308 2.316634 18.787275 2e-06 1e-06 10.751631 -0.479872 1.397907 0.0 0.0 0.0 3.273806 0.305947 -0.580111 21.486816 11.83038 2.266136 8.162929 -1e-06 0.0 18.399088 -3.798991 -4.940576 3e-06 0.0 -1e-06 4.12313 22.909246 -2.057556 -0.052432 -0.303159 7.964917 -6.544415 3.733618 -5.93596 1.646372 -2.121973 -0.112925 -0.0 -1e-06 2e-06 -7.789143 -12.765222 -5.13416 0.059609 0.247861 5.016624 9.697392 8.099088 0.372841 -1.368242 0.723018 -0.266323 -0.0 -0.0 -1e-06 
0.0 0.0 0.0 0.0 -0.0 0.0 1.638043 100.051262 -0.100081 0.194235 -8.951033 1.536769 -0.604373 0.18094 -3.440235 -0.311348 2.420822 -5.964534 -8.935164 -0.475048 10.45117 -12.903812 8.647686 4.601507 -0.666641 0.856563 -3.870076 -6.543333 1.659389 -10.755342 7.8e-05 -2.3e-05 6e-06 0.045738 -0.149921 0.024659 0.672624 -3.946415 -10.72926 -0.610081 3.624306 -10.774906 -10.385609 -11.880414 5.246946 -48.800495 -26.436247 -6.036994 178.115173 -66.637642 -179.293854 20.925615 4.396756 -44.455551 -5.882105 9.861285 0.702592 -10.93687 -0.360574 7.156208 1e-06 8.774824 1e-06 -16.504034 17.669245 6.189348 -1.844032 2.498505 -2.507278 -10.163597 4.678946 4.62111 -20.976021 -3e-06 4e-06 -21.226286 2.451697 -3.594 -1e-06 -6e-06 -1e-06 -1.362681 2.240798 -0.746324 -21.334913 0.584909 3.008326 -13.821213 -1e-06 2e-06 -23.887163 -0.249077 -0.839483 -62.339993 1.872877 -1.610011 -0.294025 1.679687 0.833257 -14.218208 0.093215 1.300583 -34.212048 -0.287561 0.967174 -20.033211 0.964539 1.212843 -0.0 0.0 1e-06 -3.44039 0.788232 0.501655 -15.928183 -3.167309 2.999709 -6.338826 -1e-06 2e-06 -18.123444 3.648182 -4.905669 -4e-06 0.0 -3e-06 6.086872 21.091629 10.524899 -64.004517 38.822529 -52.646095 -18.911009 75.695282 -12.55234 12.776193 -9.89607 88.401314 2.243541 -5.255037 -3.180157 14.28289 -0.826594 6.952503 -2e-06 -12.690602 1e-06 14.776731 -17.636478 4.843079 1.665663 -1.955922 -2.878299 4.727797 -4.170588 4.993923 11.020524 4e-06 -1e-06 12.109051 -3.735715 -2.866783 1e-06 0.0 0.0 1.291987 -1.928548 -1.498089 14.800125 0.567469 3.865606 14.242568 -1.341736 -6.660658 19.631966 0.143926 -0.648245 53.03944 -0.986424 -4.936828 0.353029 -1.51115 -0.031941 20.222786 3.684308 2.31663 18.78727 5e-06 -1e-06 10.751627 -0.47987 1.397905 -0.0 1e-06 0.0 3.273806 0.305947 -0.58011 21.486813 11.830373 2.266133 8.162926 1e-06 -1e-06 18.399082 -3.798985 -4.940574 3e-06 0.0 -1e-06 4.112207 22.8298 -2.205696 -0.062044 -0.287289 8.029745 -6.582338 3.778254 -5.954036 1.643682 -2.154842 -0.102782 -0.0 -0.0 2e-06 -7.736678 -12.888679 -5.27677 0.069141 0.256435 5.098237 9.723905 8.195515 0.361396 -1.368783 0.732004 -0.285199 0.0 -0.0 -1e-06 
0.0 0.0 0.0 0.0 -0.0 0.0 1.621484 100.044418 -0.112987 0.159075 -8.954504 1.609649 -0.595755 0.23104 -3.46457 -0.296856 2.48986 -5.952102 -9.069966 -0.415585 10.466929 -13.1027 8.761144 4.491025 -0.741731 0.846914 -3.86648 -6.527311 1.614886 -10.871076 7.5e-05 -2.2e-05 6e-06 0.050846 -0.143546 0.019829 0.677857 -3.940213 -10.71834 -0.605233 3.631451 -10.762487 -10.436468 -11.860597 5.276896 -48.919563 -26.608509 -6.132175 178.461105 -66.620323 -179.496124 20.790026 4.787245 -44.863335 -5.882106 9.861287 0.702593 -10.936876 -0.360577 7.156209 1e-06 8.774828 0.0 -16.568914 17.690502 6.196467 -1.844031 2.498506 -2.507279 -10.1636 4.678946 4.62111 -20.976027 -3e-06 6e-06 -21.226288 2.451698 -3.593998 -1e-06 -5e-06 -1e-06 -1.362681 2.240799 -0.746323 -21.334921 0.584908 3.008326 -13.821217 -4e-06 5e-06 -23.887175 -0.249076 -0.839479 -62.472038 1.902996 -1.627228 -0.294024 1.679689 0.833257 -14.218211 0.093215 1.300584 -34.212063 -0.287561 0.967177 -20.033218 0.96454 1.212846 -0.0 1e-06 1e-06 -3.440387 0.788233 0.501658 -15.928189 -3.16731 2.999709 -6.338828 -1e-06 1e-06 -18.123447 3.648183 -4.905667 -4e-06 1e-06 -2e-06 5.784975 21.318995 10.536411 -63.420273 38.548466 -52.069443 -18.831932 75.743011 -12.20102 13.177215 -9.046537 88.129364 2.243542 -5.255037 -3.18016 14.282887 -0.826595 6.952503 -4e-06 -12.690608 1e-06 14.68553 -17.601753 4.967309 1.665666 -1.955923 -2.878299 4.7278 -4.170588 4.993925 11.020528 4e-06 -1e-06 12.109053 -3.735715 -2.866785 -2e-06 -1e-06 0.0 1.291985 -1.928549 -1.49809 14.800129 0.567468 3.865608 14.242571 -1.341736 -6.660658 19.631969 0.143925 -0.648245 53.120617 -0.997556 -4.858113 0.353028 -1.511152 -0.031942 20.222788 3.684311 2.316631 18.787273 6e-06 -1e-06 10.751628 -0.479869 1.397907 0.0 1e-06 -1e-06 3.273808 0.305948 -0.58011 21.486813 11.830376 2.266133 8.162926 1e-06 -2e-06 18.399082 -3.798985 -4.940575 3e-06 0.0 -1e-06 4.127245 22.733898 -2.422344 -0.072275 -0.278361 8.295331 -6.583553 3.804795 -6.062885 1.640437 -2.181825 -0.108793 0.0 -0.0 2e-06 -7.672385 -12.874513 -5.415838 0.074725 0.248649 5.218717 9.756298 8.212227 0.315665 -1.365998 0.741935 -0.312901 -0.0 -0.0 -1e-06 
0.0 0.0 0.0 0.0 -0.0 0.0 1.609267 100.050751 -0.117937 0.088598 -8.9435 1.655324 -0.57726 0.244065 -3.479414 -0.271879 2.561024 -5.956622 -9.123981 -0.389082 10.505452 -13.261093 8.837836 4.446279 -0.802897 0.895079 -3.863407 -6.526763 1.538391 -11.045112 7.6e-05 -2.3e-05 6e-06 0.05408 -0.136067 0.012785 0.683718 -3.936655 -10.713976 -0.604762 3.643266 -10.763431 -10.386505 -11.80832 5.24253 -49.161285 -26.699785 -6.154669 178.726151 -66.597862 -179.629074 20.715294 5.129846 -45.16988 -5.88211 9.861288 0.702591 -10.936873 -0.360571 7.156209 -2e-06 8.774824 0.0 -16.573256 17.703438 6.231942 -1.844033 2.498504 -2.507278 -10.163602 4.678948 4.621113 -20.976027 2e-06 3e-06 -21.226292 2.451701 -3.594001 -1e-06 -5e-06 -1e-06 -1.362683 2.240798 -0.746323 -21.334921 0.584913 3.008325 -13.821217 -0.0 3e-06 -23.887175 -0.249073 -0.839485 -62.481525 1.937047 -1.59423 -0.294026 1.679688 0.833256 -14.218214 0.093216 1.300583 -34.212059 -0.287555 0.967169 -20.033218 0.964541 1.21284 -1e-06 1e-06 1e-06 -3.440388 0.788235 0.501657 -15.928191 -3.167306 2.99971 -6.338829 1e-06 1e-06 -18.123453 3.648188 -4.905671 -4e-06 0.0 -2e-06 5.627985 21.465872 10.624869 -62.923981 38.458508 -51.609505 -19.314327 75.835152 -12.461433 13.255052 -8.587888 87.619171 2.243542 -5.255039 -3.180158 14.282892 -0.826593 6.952504 -1e-06 -12.690602 -1e-06 14.616668 -17.573507 5.003353 1.665666 -1.955923 -2.878299 4.7278 -4.170585 4.993923 11.020529 3e-06 -2e-06 12.109055 -3.735717 -2.866787 0.0 -1e-06 0.0 1.291986 -1.92855 -1.49809 14.800127 0.567469 3.865606 14.242571 -1.341737 -6.660661 19.631968 0.143925 -0.648246 53.138016 -1.030927 -4.825225 0.353029 -1.511151 -0.03194 20.222797 3.684311 2.316629 18.787273 6e-06 -2e-06 10.751629 -0.479869 1.397907 0.0 0.0 -0.0 3.273807 0.305946 -0.58011 21.486814 11.830378 2.266135 8.162927 2e-06 -1e-06 18.399082 -3.798983 -4.940579 3e-06 0.0 -1e-06 4.186885 22.613884 -2.52568 -0.074001 -0.277714 8.40883 -6.524893 3.831395 -6.107943 1.636408 -2.183313 -0.102269 0.0 -1e-06 2e-06 -7.584158 -12.809423 -5.332246 0.076454 0.232873 4.969793 9.775035 8.155321 0.438407 -1.360676 0.754997 -0.325075 -0.0 -0.0 -1e-06 
0.0 0.0 0.0 0.0 -0.0 0.0 1.590674 100.067345 -0.099804 0.008573 -8.93913 1.659159 -0.558428 0.222926 -3.463145 -0.259347 2.604464 -5.983522 -9.098987 -0.364563 10.546577 -13.325218 8.837539 4.463089 -0.816986 0.988278 -3.863529 -6.573789 1.436797 -11.264756 7.7e-05 -2.3e-05 6e-06 0.052658 -0.13801 0.009451 0.686733 -3.942085 -10.717027 -0.610527 3.644506 -10.772379 -10.183479 -11.723836 5.168827 -49.556679 -26.679886 -6.05441 178.743256 -66.511818 -179.611008 20.597549 5.271003 -45.206806 -5.882111 9.861292 0.702593 -10.936878 -0.360573 7.156213 2e-06 8.774831 1e-06 -16.528162 17.704702 6.28875 -1.844033 2.498507 -2.50728 -10.163607 4.67895 4.621113 -20.976038 -0.0 6e-06 -21.226303 2.451703 -3.594002 -1e-06 -5e-06 -0.0 -1.362682 2.240798 -0.746323 -21.334929 0.584915 3.008328 -13.821223 -1e-06 3e-06 -23.887182 -0.249074 -0.839483 -62.368256 1.959506 -1.52973 -0.294025 1.679688 0.833258 -14.218219 0.093216 1.300584 -34.212074 -0.287556 0.967175 -20.03323 0.964543 1.212846 -0.0 1e-06 1e-06 -3.440391 0.788234 0.501657 -15.928196 -3.16731 2.999711 -6.33883 -1e-06 2e-06 -18.123459 3.648188 -4.905674 -4e-06 0.0 -2e-06 5.59427 21.506998 10.747757 -62.618813 38.581615 -51.373779 -20.101768 75.83696 -13.192436 13.058444 -8.590199 86.885361 2.243546 -5.255039 -3.18016 14.282896 -0.826598 6.952507 -1e-06 -12.69061 -1e-06 14.63049 -17.494331 4.914708 1.665667 -1.955923 -2.878302 4.7278 -4.170589 4.993927 11.020531 2e-06 -2e-06 12.109058 -3.735719 -2.866789 0.0 0.0 1e-06 1.291986 -1.928551 -1.498091 14.800131 0.567466 3.865609 14.242577 -1.341738 -6.660664 19.631973 0.143925 -0.648247 53.053421 -1.077553 -4.848334 0.35303 -1.511152 -0.03194 20.222795 3.684309 2.316631 18.787277 3e-06 -4e-06 10.751632 -0.479871 1.397905 0.0 0.0 -1e-06 3.273807 0.305947 -0.58011 21.486818 11.830379 2.266135 8.16293 -0.0 -0.0 18.399094 -3.798988 -4.94058 3e-06 1e-06 -2e-06 4.280433 22.488346 -2.454332 -0.068572 -0.279182 8.303876 -6.429378 3.877038 -6.073288 1.632484 -2.157684 -0.071626 0.0 -1e-06 2e-06 -7.496731 -12.785144 -5.077132 0.075772 0.220272 4.493857 9.79361 8.09751 0.673942 -1.354761 0.767017 -0.289143 0.0 -0.0 -1e-06 
0.0 0.0 0.0 0.0 -0.0 0.0 1.559693 100.085388 -0.067499 -0.05633 -8.95883 1.631028 -0.542998 0.183874 -3.425453 -0.264454 2.620059 -6.014946 -9.022991 -0.325039 10.556864 -13.301946 8.798364 4.548946 -0.776817 1.062158 -3.87272 -6.648479 1.350134 -11.449697 7.8e-05 -2.3e-05 6e-06 0.048349 -0.144672 0.00719 0.684608 -3.94949 -10.728922 -0.616611 3.637902 -10.784838 -9.899287 -11.60929 5.08956 -50.00972 -26.517235 -5.855695 178.570221 -66.358681 -179.534637 20.436939 5.17858 -44.980412 -5.882108 9.861294 0.702593 -10.936879 -0.360575 7.156213 1e-06 8.774831 1e-06 -16.480507 17.662855 6.297968 -1.844035 2.498506 -2.50728 -10.163608 4.678948 4.621114 -20.97604 -1e-06 5e-06 -21.226301 2.451701 -3.594001 -0.0 -6e-06 -0.0 -1.362681 2.2408 -0.746323 -21.334929 0.58491 3.008327 -13.821223 -2e-06 4e-06 -23.887184 -0.249075 -0.839481 -62.174282 1.950737 -1.480822 -0.294024 1.679689 0.833256 -14.218219 0.093215 1.300584 -34.212074 -0.28756 0.967177 -20.033228 0.96454 1.212847 -0.0 1e-06 1e-06 -3.440391 0.788232 0.501655 -15.928201 -3.167312 2.999712 -6.338831 -1e-06 2e-06 -18.123459 3.648185 -4.90567 -4e-06 0.0 -2e-06 5.714829 21.46073 10.907993 -62.568371 38.832981 -51.426765 -20.650408 75.78054 -13.767657 12.54759 -8.963457 85.493996 2.243541 -5.255041 -3.180158 14.282894 -0.826595 6.952507 -2e-06 -12.690611 -0.0 14.731455 -17.362169 4.72958 1.665666 -1.955922 -2.878299 4.727799 -4.170591 4.993925 11.020528 2e-06 0.0 12.109054 -3.735718 -2.866785 0.0 -1e-06 -0.0 1.291986 -1.928551 -1.49809 14.800132 0.567467 3.86561 14.242577 -1.341739 -6.660662 19.631973 0.143924 -0.648244 52.776871 -1.12436 -4.876763 0.353029 -1.511152 -0.03194 20.222797 3.684311 2.316633 18.787281 4e-06 -0.0 10.751632 -0.479869 1.397908 -0.0 0.0 0.0 3.273807 0.305946 -0.580112 21.486816 11.83038 2.266138 8.16293 2e-06 -0.0 18.399086 -3.798988 -4.940577 3e-06 2e-06 -2e-06 4.384297 22.406853 -2.265337 -0.062472 -0.286816 8.065106 -6.359339 3.947446 -5.99239 1.633277 -2.119943 -0.043235 0.0 -0.0 2e-06 -7.423985 -12.787833 -4.797118 0.070283 0.21157 4.04581 9.809896 8.078084 0.899958 -1.350721 0.776133 -0.218471 -0.0 -0.0 -1e-06 
0.0 0.0 0.0 0.0 -0.0 0.0 1.520878 100.102592 -0.024266 -0.098748 -9.003086 1.583371 -0.511952 0.154641 -3.38491 -0.275314 2.624674 -6.038732 -8.938362 -0.266031 10.563461 -13.258701 8.731425 4.653384 -0.705612 1.068655 -3.884959 -6.716489 1.299668 -11.555285 7.6e-05 -2.3e-05 6e-06 0.045251 -0.153892 0.004843 0.674881 -3.957883 -10.742341 -0.612702 3.626689 -10.793276 -9.644117 -11.490307 5.023317 -50.376312 -26.256445 -5.66086 178.431778 -66.149193 -179.509674 20.285898 4.976218 -44.795612 -5.882112 9.861292 0.702591 -10.936881 -0.360574 7.156215 0.0 8.774831 -1e-06 -16.483728 17.623734 6.265535 -1.844036 2.498505 -2.507279 -10.16361 4.67895 4.621115 -20.97604 1e-06 5e-06 -21.226303 2.451704 -3.594001 -1e-06 -6e-06 -0.0 -1.362682 2.240801 -0.746324 -21.33493 0.584914 3.00833 -13.821225 -0.0 3e-06 -23.88719 -0.249073 -0.839485 -62.024975 1.950148 -1.457412 -0.294024 1.679689 0.833258 -14.21822 0.093216 1.300582 -34.212074 -0.287558 0.967174 -20.03323 0.96454 1.212845 -1e-06 0.0 0.0 -3.440392 0.788235 0.501656 -15.928201 -3.167311 2.999713 -6.338833 1e-06 1e-06 -18.123463 3.648189 -4.905674 -4e-06 0.0 -2e-06 5.945476 21.33666 11.102088 -62.715073 39.088203 -51.698292 -20.792347 75.70488 -13.953628 11.755521 -9.345312 83.334343 2.243542 -5.255038 -3.180157 14.282894 -0.826596 6.952504 -1e-06 -12.690608 2e-06 14.870136 -17.20015 4.495699 1.665667 -1.955922 -2.8783 4.727799 -4.17059 4.993924 11.020529 2e-06 -2e-06 12.109055 -3.735719 -2.866785 -0.0 -0.0 -0.0 1.291986 -1.92855 -1.498088 14.800132 0.567468 3.865609 14.242577 -1.341736 -6.66066 19.631973 0.143925 -0.648245 52.282356 -1.159189 -4.923522 0.353029 -1.511151 -0.031941 20.222797 3.68431 2.316633 18.787279 2e-06 -2e-06 10.75163 -0.47987 1.397906 0.0 0.0 -1e-06 3.273808 0.305948 -0.580112 21.486816 11.830378 2.266134 8.16293 1e-06 0.0 18.399092 -3.798988 -4.940578 3e-06 0.0 -1e-06 4.484732 22.383055 -1.990905 -0.0605 -0.293114 7.722553 -6.361071 4.049643 -5.878377 1.638286 -2.089704 -0.018657 -0.0 -1e-06 2e-06 -7.374289 -12.816816 -4.534699 0.064079 0.208992 3.674811 9.835527 8.099518 1.091488 -1.350008 0.779916 -0.160501 -0.0 -1e-06 -1e-06 
0.0 0.0 0.0 0.0 -0.0 0.0 1.479981 100.109566 0.027036 -0.125146 -9.044584 1.54225 -0.459463 0.147773 -3.353087 -0.284766 2.633207 -6.056559 -8.86651 -0.230947 10.58448 -13.219479 8.654306 4.761549 -0.646299 1.028308 -3.884904 -6.789827 1.28455 -11.642768 7.7e-05 -2.2e-05 6e-06 0.041225 -0.164053 0.00597 0.657294 -3.968086 -10.753859 -0.602908 3.615376 -10.798172 -9.483154 -11.355142 4.963781 -50.602051 -25.976978 -5.421881 178.22847 -65.895721 -179.390137 20.159288 4.788209 -44.683041 -5.882106 9.86129 0.70259 -10.936875 -0.360577 7.156209 1e-06 8.774828 -2e-06 -16.520439 17.613552 6.227171 -1.844031 2.498507 -2.507276 -10.163604 4.678944 4.621111 -20.97603 -4e-06 7e-06 -21.226292 2.4517 -3.593996 -1e-06 -6e-06 -0.0 -1.362682 2.240798 -0.746323 -21.334919 0.584905 3.008329 -13.821216 -3e-06 7e-06 -23.887175 -0.249075 -0.839477 -61.985168 1.965691 -1.442267 -0.294025 1.679687 0.833258 -14.218213 0.093214 1.300583 -34.212063 -0.287562 0.967179 -20.033218 0.964538 1.212847 -1e-06 1e-06 1e-06 -3.440389 0.788234 0.501656 -15.928191 -3.167313 2.999712 -6.338829 -2e-06 2e-06 -18.123451 3.648183 -4.905668 -4e-06 0.0 -3e-06 6.217533 21.193756 11.274879 -62.877068 39.325405 -52.018276 -20.785727 75.655052 -13.922414 10.847717 -9.553524 80.617653 2.24354 -5.255037 -3.180157 14.282887 -0.826596 6.952505 -3e-06 -12.690609 2e-06 14.987812 -17.062679 4.253937 1.665668 -1.95592 -2.8783 4.727797 -4.170589 4.993927 11.020526 3e-06 -0.0 12.109045 -3.735719 -2.866782 -0.0 -0.0 0.0 1.291983 -1.928551 -1.49809 14.800123 0.567467 3.86561 14.242566 -1.341737 -6.660658 19.63196 0.143924 -0.648245 51.626888 -1.187945 -5.011634 0.35303 -1.51115 -0.031939 20.222786 3.684309 2.316633 18.78727 2e-06 0.0 10.751626 -0.479872 1.397907 -0.0 0.0 -0.0 3.273804 0.305946 -0.580111 21.486807 11.830377 2.266134 8.162926 -0.0 1e-06 18.399076 -3.79899 -4.940574 3e-06 1e-06 -2e-06 4.567976 22.392483 -1.778967 -0.055824 -0.293016 7.496737 -6.414547 4.154417 -5.818795 1.644013 -2.068425 -0.012419 0.0 -0.0 2e-06 -7.338131 -12.863201 -4.3749 0.06007 0.214776 3.505106 9.867509 8.133645 1.165514 -1.352166 0.779109 -0.159688 0.0 -0.0 -1e-06 
0.0 0.0 0.0 0.0 -0.0 0.0 1.438338 100.106339 0.078571 -0.142841 -9.076024 1.523443 -0.393743 0.152369 -3.323087 -0.285019 2.654538 -6.065924 -8.808192 -0.228164 10.588509 -13.191365 8.620632 4.894764 -0.622703 0.949709 -3.882385 -6.854831 1.279342 -11.725068 7.7e-05 -2.2e-05 6e-06 0.041492 -0.166977 0.006442 0.642942 -3.97107 -10.759231 -0.588012 3.611589 -10.799989 -9.42285 -11.219428 4.932333 -50.721348 -25.74036 -5.133427 177.880066 -65.663109 -179.095657 20.050064 4.578127 -44.505272 -5.882107 9.86129 0.702592 -10.936873 -0.360574 7.156211 -1e-06 8.774828 -0.0 -16.540371 17.606737 6.194797 -1.844031 2.498505 -2.507278 -10.163603 4.678944 4.621112 -20.97603 -4e-06 7e-06 -21.226292 2.451699 -3.593997 -0.0 -6e-06 -1e-06 -1.362682 2.240799 -0.746324 -21.334923 0.584908 3.008328 -13.821218 -3e-06 4e-06 -23.887177 -0.249078 -0.839478 -61.995224 1.985704 -1.455787 -0.294026 1.679687 0.833255 -14.218213 0.093214 1.300584 -34.212063 -0.287563 0.967175 -20.03322 0.964539 1.212845 -0.0 0.0 1e-06 -3.44039 0.788233 0.501657 -15.928192 -3.167311 2.999711 -6.338829 -2e-06 1e-06 -18.123451 3.648184 -4.905669 -4e-06 0.0 -3e-06 6.444598 21.06241 11.354809 -62.871006 39.635536 -52.403564 -20.456455 75.749161 -13.594059 9.880344 -9.823249 77.871346 2.243542 -5.255037 -3.180157 14.282892 -0.826596 6.952504 -3e-06 -12.690607 4e-06 15.030057 -16.903734 4.051447 1.665669 -1.955921 -2.878299 4.727797 -4.170588 4.993926 11.020527 2e-06 -1e-06 12.109052 -3.735717 -2.866785 1e-06 -1e-06 -0.0 1.291983 -1.92855 -1.498089 14.800125 0.567466 3.865607 14.242573 -1.341736 -6.66066 19.631969 0.143925 -0.648247 50.862915 -1.21528 -5.087413 0.353028 -1.511151 -0.03194 20.222794 3.684308 2.316628 18.787273 4e-06 -1e-06 10.751629 -0.479869 1.397905 -0.0 0.0 0.0 3.273808 0.305947 -0.580111 21.486813 11.830376 2.26613 8.162927 1e-06 -1e-06 18.399084 -3.798988 -4.940577 3e-06 1e-06 -0.0 4.630489 22.402754 -1.682325 -0.048237 -0.285639 7.445312 -6.452735 4.255739 -5.83093 1.648238 -2.059752 -0.016444 0.0 -0.0 2e-06 -7.304144 -12.862556 -4.332122 0.058379 0.232936 3.525763 9.833658 8.141465 1.107799 -1.355714 0.779783 -0.171475 0.0 -0.0 -1e-06 
0.0 0.0 0.0 0.0 -0.0 0.0 1.400192 100.101112 0.115284 -0.151768 -9.083348 1.524858 -0.326525 0.162798 -3.285718 -0.286183 2.67036 -6.062961 -8.75734 -0.234648 10.571139 -13.157043 8.642719 5.033586 -0.643086 0.846947 -3.881463 -6.895984 1.261429 -11.765566 7.7e-05 -2.2e-05 6e-06 0.041195 -0.171214 0.006546 0.632106 -3.977358 -10.759727 -0.577702 3.608635 -10.798285 -9.407438 -11.13249 4.950878 -50.800617 -25.581291 -4.838564 177.38298 -65.507339 -178.652039 19.912359 4.335482 -44.33456 -5.882102 9.861281 0.70259 -10.936867 -0.360576 7.156202 1e-06 8.774821 -2e-06 -16.531591 17.585718 6.1687 -1.84403 2.498505 -2.507277 -10.163595 4.678943 4.621107 -20.976013 -3e-06 3e-06 -21.226278 2.451696 -3.593999 -0.0 -6e-06 -1e-06 -1.362679 2.240798 -0.746323 -21.334906 0.584908 3.008325 -13.821208 -3e-06 2e-06 -23.887161 -0.249079 -0.839481 -61.98922 1.992946 -1.490228 -0.294025 1.679687 0.833256 -14.218205 0.093213 1.300581 -34.212044 -0.287565 0.967173 -20.033209 0.964536 1.212847 -0.0 0.0 2e-06 -3.440388 0.788231 0.501656 -15.928181 -3.167309 2.999707 -6.338825 -1e-06 -0.0 -18.12344 3.648182 -4.905667 -4e-06 0.0 -2e-06 6.598665 20.922094 11.374721 -62.69141 40.0098 -52.896809 -19.805136 76.021446 -13.014503 8.938586 -10.231989 75.404953 2.243539 -5.255034 -3.180156 14.282887 -0.826594 6.952501 -3e-06 -12.690601 1e-06 15.007795 -16.637445 3.892594 1.665666 -1.955921 -2.878297 4.727797 -4.170586 4.993922 11.020522 4e-06 -1e-06 12.109048 -3.735713 -2.866782 1e-06 1e-06 -0.0 1.291985 -1.928548 -1.498089 14.800122 0.567468 3.865607 14.242569 -1.341736 -6.660653 19.63196 0.143925 -0.648243 50.016582 -1.225689 -5.096596 0.353026 -1.511151 -0.031939 20.222784 3.684309 2.31663 18.78727 4e-06 1e-06 10.751624 -0.479869 1.397905 -0.0 0.0 1e-06 3.273804 0.305947 -0.580111 21.486809 11.83037 2.266133 8.162925 1e-06 1e-06 18.399076 -3.798985 -4.940572 3e-06 0.0 -1e-06 4.669572 22.400284 -1.658157 -0.044125 -0.282639 7.459839 -6.453927 4.351774 -5.8567 1.650595 -2.058727 -0.009973 -0.0 -0.0 2e-06 -7.275033 -12.846478 -4.355333 0.058283 0.255664 3.62392 9.731748 8.131224 1.000679 -1.359175 0.784675 -0.160974 -0.0 0.0 -1e-06 
0.0 0.0 0.0 0.0 -0.0 0.0 1.365615 100.0924 0.147217 -0.149683 -9.077529 1.542497 -0.274313 0.196486 -3.250143 -0.290871 2.670712 -6.054762 -8.706888 -0.239774 10.557774 -13.110678 8.708484 5.165795 -0.694866 0.725428 -3.879441 -6.905572 1.240903 -11.750516 7.7e-05 -2.2e-05 6e-06 0.039679 -0.176513 0.007786 0.623938 -3.983137 -10.752666 -0.572533 3.602982 -10.785937 -9.405942 -11.130482 5.011553 -50.839729 -25.522833 -4.573718 176.875687 -65.456863 -178.183014 19.774714 4.09872 -44.285934 -5.882108 9.861288 0.702593 -10.936877 -0.360573 7.15621 -1e-06 8.77483 0.0 -16.537674 17.546637 6.128403 -1.844033 2.498506 -2.507279 -10.163607 4.678945 4.621113 -20.97603 -1e-06 7e-06 -21.226295 2.451702 -3.593998 -0.0 -6e-06 -1e-06 -1.362683 2.240799 -0.746321 -21.334923 0.584912 3.00833 -13.82122 -1e-06 5e-06 -23.887178 -0.249073 -0.839481 -61.982246 1.992165 -1.55266 -0.294023 1.67969 0.833258 -14.218217 0.093216 1.300583 -34.212063 -0.287557 0.967177 -20.033222 0.964542 1.212847 -0.0 1e-06 1e-06 -3.44039 0.788234 0.501656 -15.928192 -3.16731 2.999712 -6.33883 0.0 1e-06 -18.123453 3.648186 -4.905667 -4e-06 0.0 -2e-06 6.759462 20.742825 11.424125 -62.476849 40.355209 -53.541214 -18.602325 76.4729 -12.075029 8.023787 -10.681294 73.159035 2.24354 -5.25504 -3.180159 14.282894 -0.826594 6.952505 -2e-06 -12.690611 0.0 14.96154 -16.342726 3.763704 1.665668 -1.955923 -2.8783 4.727799 -4.170589 4.993925 11.020529 3e-06 -1e-06 12.109056 -3.735717 -2.866786 1e-06 0.0 -0.0 1.291985 -1.92855 -1.49809 14.800131 0.567469 3.865609 14.242577 -1.341738 -6.660661 19.631973 0.143927 -0.648246 49.205437 -1.224897 -5.091284 0.35303 -1.511151 -0.031941 20.222797 3.684312 2.316631 18.787277 5e-06 -1e-06 10.751631 -0.479868 1.397907 0.0 0.0 -0.0 3.27381 0.305947 -0.580111 21.48682 11.83038 2.266135 8.16293 2e-06 -1e-06 18.399088 -3.798986 -4.940578 3e-06 0.0 -1e-06 4.683279 22.318722 -1.692321 -0.047222 -0.275557 7.534246 -6.450193 4.502814 -5.910597 1.651574 -2.067657 -0.004721 -0.0 -1e-06 2e-06 -7.253967 -12.863398 -4.453822 0.058099 0.279644 3.834216 9.618675 8.137546 0.840597 -1.361923 0.791413 -0.15189 0.0 -0.0 -1e-06 
0.0 0.0 0.0 0.0 -0.0 0.0 1.326211 100.083031 0.167759 -0.136058 -9.026601 1.571171 -0.250421 0.246816 -3.211586 -0.296131 2.663603 -6.047437 -8.661037 -0.25974 10.569025 -13.047473 8.79617 5.273001 -0.760853 0.596192 -3.873288 -6.891984 1.228352 -11.723698 7.6e-05 -2.3e-05 6e-06 0.034284 -0.182036 0.01193 0.614249 -3.989023 -10.744873 -0.573527 3.597624 -10.768556 -9.392824 -11.215401 5.081655 -50.844543 -25.584457 -4.345172 176.568115 -65.59169 -177.848358 19.66449 3.928671 -44.546585 -5.882108 9.861288 0.702591 -10.936873 -0.360573 7.156208 -1e-06 8.774826 -1e-06 -16.57538 17.459274 6.089649 -1.844033 2.498505 -2.507279 -10.1636 4.678947 4.621112 -20.976023 0.0 5e-06 -21.226288 2.451701 -3.593999 -0.0 -6e-06 -0.0 -1.362684 2.240796 -0.746325 -21.334917 0.584911 3.008326 -13.821217 -1e-06 3e-06 -23.887175 -0.249074 -0.839482 -62.018467 1.982028 -1.59444 -0.294026 1.679687 0.833257 -14.218211 0.093216 1.300582 -34.212048 -0.28756 0.967174 -20.033216 0.964541 1.212844 0.0 1e-06 0.0 -3.440389 0.788234 0.501657 -15.928189 -3.16731 2.999712 -6.338828 -0.0 2e-06 -18.123447 3.648187 -4.905668 -5e-06 0.0 -3e-06 7.014921 20.544788 11.542345 -62.310116 40.594173 -54.105869 -16.930805 77.092018 -10.743344 7.094209 -10.986708 70.655869 2.243541 -5.255037 -3.180157 14.28289 -0.826595 6.952501 -2e-06 -12.690607 1e-06 14.934313 -16.115738 3.631716 1.665666 -1.955921 -2.878298 4.727799 -4.170587 4.993923 11.020524 4e-06 -2e-06 12.109051 -3.735716 -2.866783 1e-06 0.0 0.0 1.291985 -1.928549 -1.498089 14.800125 0.567468 3.865607 14.242571 -1.341737 -6.660658 19.631968 0.143925 -0.648246 48.515537 -1.237829 -5.11911 0.35303 -1.511151 -0.031939 20.22279 3.684309 2.316631 18.78727 4e-06 -2e-06 10.751625 -0.479869 1.397905 -0.0 0.0 0.0 3.273805 0.305946 -0.58011 21.486813 11.830376 2.266133 8.162926 1e-06 -0.0 18.399078 -3.798986 -4.940576 3e-06 0.0 -1e-06 4.672559 22.112402 -1.770596 -0.054564 -0.257501 7.62819 -6.441106 4.702769 -5.966888 1.65039 -2.093873 -0.003151 0.0 -0.0 2e-06 -7.238472 -12.951141 -4.602237 0.056719 0.295627 4.129712 9.5274 8.184968 0.651195 -1.364646 0.800035 -0.150859 0.0 -0.0 -1e-06 
0.0 0.0 0.0 0.0 -0.0 0.0 1.278209 100.075653 0.178982 -0.124398 -8.934634 1.615078 -0.237807 0.291841 -3.17712 -0.303564 2.646632 -6.039922 -8.627092 -0.298735 10.6029 -12.989174 8.85404 5.320951 -0.843157 0.545907 -3.866915 -6.922867 1.212978 -11.75106 7.5e-05 -2.3e-05 6e-06 0.036017 -0.172756 0.013259 0.6167 -3.979429 -10.74386 -0.572611 3.607649 -10.759412 -9.381329 -11.327591 5.118522 -50.806156 -25.76543 -4.165526 176.592499 -65.911804 -177.762207 19.509756 3.915797 -45.114567 -5.882109 9.861291 0.702592 -10.936877 -0.360575 7.156211 1e-06 8.774831 -0.0 -16.625254 17.304295 6.060373 -1.844033 2.498505 -2.507279 -10.163605 4.678948 4.621113 -20.976034 -1e-06 5e-06 -21.226299 2.4517 -3.594 -0.0 -6e-06 -0.0 -1.362683 2.240798 -0.746324 -21.334927 0.58491 3.008327 -13.821221 -3e-06 4e-06 -23.887178 -0.249078 -0.839481 -61.98592 1.951802 -1.554263 -0.294023 1.679688 0.833257 -14.218218 0.093216 1.300584 -34.212074 -0.287561 0.967174 -20.033226 0.96454 1.212844 1e-06 0.0 0.0 -3.440391 0.788234 0.501658 -15.928196 -3.167311 2.999711 -6.338832 -1e-06 1e-06 -18.123459 3.648186 -4.905672 -4e-06 -1e-06 -3e-06 7.361723 20.428024 11.745452 -62.238148 40.621719 -54.242867 -15.37214 77.758995 -9.480911 6.254831 -10.969824 67.657814 2.243545 -5.25504 -3.18016 14.282892 -0.826596 6.952507 0.0 -12.69061 2e-06 14.981595 -16.02169 3.480587 1.665666 -1.955923 -2.878302 4.727798 -4.170589 4.993928 11.020531 2e-06 -2e-06 12.109057 -3.735718 -2.866787 -0.0 0.0 0.0 1.291988 -1.92855 -1.49809 14.800136 0.567467 3.86561 14.242579 -1.341736 -6.660664 19.631973 0.143927 -0.648247 48.117409 -1.264968 -5.225128 0.35303 -1.511152 -0.03194 20.222795 3.684311 2.316631 18.787277 4e-06 -2e-06 10.751631 -0.47987 1.397906 -0.0 0.0 0.0 3.273808 0.305947 -0.580111 21.486816 11.830381 2.266133 8.16293 1e-06 -0.0 18.39909 -3.798988 -4.940578 3e-06 -0.0 -1e-06 4.656471 21.818754 -1.885203 -0.064988 -0.238917 7.728032 -6.431374 4.904919 -6.016612 1.649085 -2.137032 0.003683 0.0 -0.0 2e-06 -7.211236 -13.099854 -4.765431 0.05459 0.297866 4.429706 9.489717 8.257573 0.480127 -1.36784 0.808117 -0.158947 0.0 -0.0 -1e-06 
0.0 0.0 0.0 0.0 -0.0 0.0 1.215088 100.075066 0.178981 -0.122082 -8.840351 1.675794 -0.223937 0.315108 -3.151384 -0.309777 2.6314 -6.027345 -8.602366 -0.331978 10.641222 -12.997441 8.837726 5.258786 -0.913355 0.591881 -3.858744 -7.002558 1.187789 -11.816611 7.6e-05 -2.2e-05 6e-06 0.04652 -0.151358 0.010753 0.634483 -3.955368 -10.736428 -0.569679 3.62822 -10.753393 -9.353168 -11.428112 5.092692 -50.784962 -25.979256 -4.129548 177.135651 -66.269226 -178.086182 19.312086 4.096111 -45.860104 -5.88211 9.861288 0.702591 -10.936875 -0.360571 7.156209 -1e-06 8.774827 -0.0 -16.631104 17.174067 6.054376 -1.844032 2.498505 -2.507277 -10.163604 4.678948 4.621111 -20.97603 -0.0 4e-06 -21.226294 2.451702 -3.594 -0.0 -5e-06 1e-06 -1.362681 2.240799 -0.746323 -21.334925 0.584912 3.008326 -13.821218 -1e-06 3e-06 -23.887178 -0.249075 -0.839483 -61.861385 1.912996 -1.42511 -0.294025 1.679687 0.833255 -14.218215 0.093215 1.300583 -34.212063 -0.287559 0.967171 -20.033226 0.96454 1.212843 0.0 0.0 1e-06 -3.44039 0.788233 0.501657 -15.928191 -3.167308 2.999709 -6.338827 1e-06 4e-06 -18.123453 3.648186 -4.905672 -5e-06 1e-06 -2e-06 7.62707 20.446159 11.960166 -62.233803 40.473381 -53.833881 -14.832509 78.200104 -9.036092 5.81547 -10.498045 65.113098 2.243541 -5.255038 -3.18016 14.282894 -0.826594 6.952504 1e-06 -12.690609 -2e-06 15.088432 -16.05172 3.347406 1.665668 -1.955922 -2.8783 4.727798 -4.170588 4.993924 11.020528 2e-06 -1e-06 12.109055 -3.735718 -2.866786 1e-06 -1e-06 -0.0 1.291985 -1.92855 -1.49809 14.800132 0.567469 3.865608 14.242574 -1.341738 -6.660661 19.631973 0.143926 -0.648246 48.094601 -1.291235 -5.358847 0.353029 -1.511151 -0.03194 20.22279 3.68431 2.316631 18.787273 4e-06 -2e-06 10.751629 -0.479868 1.397906 -0.0 0.0 0.0 3.273807 0.305946 -0.580111 21.486813 11.830377 2.266135 8.162928 1e-06 -0.0 18.399082 -3.798985 -4.940577 3e-06 0.0 -1e-06 4.653749 21.554674 -1.988791 -0.072828 -0.222491 7.75565 -6.418979 5.048506 -6.018554 1.646263 -2.17577 0.006349 0.0 -0.0 2e-06 -7.160065 -13.24268 -4.912135 0.050663 0.285933 4.644328 9.45908 8.318296 0.368833 -1.368536 0.807854 -0.185351 -0.0 -0.0 -1e-06 
0.0 0.0 0.0 0.0 -0.0 0.0 1.132175 100.089645 0.1721 -0.129803 -8.785432 1.759036 -0.211922 0.31918 -3.131491 -0.309821 2.634141 -6.01386 -8.594136 -0.365232 10.666876 -13.121255 8.794865 5.074391 -0.947217 0.70624 -3.855913 -7.149406 1.148101 -11.929736 7.6e-05 -2.2e-05 6e-06 0.054149 -0.132646 0.007109 0.649971 -3.932849 -10.721876 -0.570244 3.644608 -10.750005 -9.315781 -11.494123 5.048674 -50.808826 -26.11842 -4.25685 177.974289 -66.433403 -178.706818 19.130404 4.338234 -46.513756 -5.882111 9.861295 0.702594 -10.936883 -0.360573 7.156212 -1e-06 8.774831 0.0 -16.608511 17.148184 6.057177 -1.844035 2.498506 -2.50728 -10.163611 4.678951 4.621113 -20.976042 2e-06 5e-06 -21.226307 2.451702 -3.594002 -0.0 -5e-06 -0.0 -1.362683 2.240799 -0.746323 -21.334934 0.584916 3.008327 -13.821227 2e-06 3e-06 -23.887192 -0.249074 -0.839485 -61.746914 1.879419 -1.316085 -0.294026 1.679688 0.833257 -14.218224 0.093218 1.300582 -34.212082 -0.287557 0.96717 -20.033234 0.964541 1.212844 1e-06 0.0 1e-06 -3.440393 0.788235 0.501656 -15.928201 -3.167309 2.999712 -6.338833 1e-06 1e-06 -18.123463 3.648189 -4.905673 -4e-06 -0.0 -2e-06 7.643671 20.560286 12.065657 -62.246902 40.327911 -53.361881 -15.141687 78.238045 -9.20109 5.99781 -9.7567 64.46637 2.243543 -5.255042 -3.180161 14.2829 -0.826594 6.952508 -0.0 -12.69061 -3e-06 15.18935 -16.179403 3.268897 1.665666 -1.955923 -2.878301 4.727803 -4.170589 4.993926 11.020535 2e-06 -1e-06 12.10906 -3.735719 -2.866787 1e-06 -0.0 -0.0 1.291986 -1.928551 -1.498091 14.80014 0.567469 3.865611 14.242581 -1.341738 -6.660663 19.631979 0.143925 -0.648245 48.334187 -1.309402 -5.424522 0.35303 -1.511152 -0.031941 20.222803 3.684313 2.316633 18.787287 5e-06 -0.0 10.751634 -0.479868 1.397907 -0.0 0.0 0.0 3.273806 0.305947 -0.580111 21.486826 11.830382 2.266139 8.162931 2e-06 0.0 18.399094 -3.798986 -4.940578 3e-06 -0.0 -1e-06 4.667521 21.411427 -1.995826 -0.070074 -0.216307 7.546072 -6.397301 5.097199 -5.901013 1.643519 -2.192752 -0.017031 0.0 -0.0 2e-06 -7.077523 -13.335255 -4.992476 0.044427 0.2733 4.645558 9.413277 8.336716 0.376346 -1.364577 0.802436 -0.204062 -0.0 -0.0 -1e-06 
0.0 0.0 0.0 0.0 -0.0 0.0 1.037509 100.117996 0.174735 -0.157982 -8.785304 1.864571 -0.190914 0.309985 -3.113077 -0.296414 2.642849 -6.00233 -8.606339 -0.385788 10.656886 -13.337436 8.788159 4.825186 -0.961601 0.812936 -3.854496 -7.32205 1.078238 -12.108588 7.8e-05 -2.3e-05 6e-06 0.05043 -0.124835 0.003747 0.653665 -3.925779 -10.71802 -0.581812 3.653381 -10.760965 -9.311656 -11.542631 5.017944 -50.855343 -26.082659 -4.465837 178.571564 -66.328125 -179.211502 19.009043 4.492939 -46.873108 -5.882106 9.86129 0.702591 -10.936875 -0.360574 7.156208 -2e-06 8.774826 -2e-06 -16.583996 17.189745 6.068038 -1.844033 2.498506 -2.507277 -10.1636 4.678948 4.621109 -20.976028 -1e-06 3e-06 -21.226292 2.4517 -3.594002 -0.0 -5e-06 0.0 -1.362682 2.240799 -0.746324 -21.334917 0.584909 3.008324 -13.821216 -2e-06 3e-06 -23.887173 -0.249077 -0.839484 -61.694141 1.868426 -1.297514 -0.294025 1.679687 0.833255 -14.218214 0.093215 1.300581 -34.212055 -0.287562 0.967169 -20.033222 0.964538 1.212842 0.0 1e-06 2e-06 -3.440389 0.788235 0.501656 -15.928189 -3.16731 2.999708 -6.338827 0.0 1e-06 -18.123447 3.648185 -4.905672 -5e-06 -0.0 -2e-06 7.432096 20.703573 12.016265 -62.264519 40.324699 -53.202415 -15.882736 77.896599 -9.665581 6.707924 -9.105265 66.104065 2.243543 -5.25504 -3.180159 14.282894 -0.826594 6.952503 -0.0 -12.690606 -3e-06 15.267034 -16.424511 3.26058 1.665667 -1.955923 -2.878299 4.727801 -4.170588 4.993923 11.020526 2e-06 -2e-06 12.109052 -3.735718 -2.866786 1e-06 0.0 -0.0 1.291985 -1.92855 -1.49809 14.800129 0.567469 3.865607 14.242573 -1.341739 -6.660661 19.631969 0.143926 -0.648246 48.713749 -1.312873 -5.446728 0.353031 -1.511151 -0.031941 20.222794 3.684311 2.316631 18.787275 5e-06 -2e-06 10.751631 -0.479867 1.397906 -0.0 0.0 0.0 3.273807 0.305947 -0.580111 21.486818 11.830379 2.266138 8.162928 2e-06 -1e-06 18.399082 -3.798985 -4.940578 3e-06 0.0 -1e-06 4.711262 21.434673 -1.896054 -0.060557 -0.225932 7.112744 -6.370227 5.036641 -5.680831 1.641099 -2.188749 -0.043195 -0.0 -1e-06 2e-06 -6.962045 -13.384912 -4.982636 0.040446 0.267921 4.401351 9.372084 8.338743 0.518308 -1.357615 0.791553 -0.20787 0.0 -0.0 -1e-06 
0.0 0.0 0.0 0.0 -0.0 0.0 0.936418 100.144218 0.187263 -0.206364 -8.824593 1.98311 -0.159404 0.294978 -3.08187 -0.273633 2.641742 -5.991152 -8.639238 -0.370731 10.596613 -13.588904 8.793537 4.531592 -0.952823 0.870919 -3.850013 -7.474165 1.024707 -12.28399 7.8e-05 -2.3e-05 6e-06 0.039432 -0.128519 0.002294 0.646414 -3.934259 -10.726395 -0.596818 3.653299 -10.781122 -9.322042 -11.593733 4.992476 -50.944744 -25.848166 -4.665445 178.700531 -65.990814 -179.393127 18.933483 4.560755 -46.882446 -5.882111 9.8613 0.702592 -10.936883 -0.360575 7.156221 -0.0 8.774838 -2e-06 -16.58795 17.279406 6.075434 -1.844032 2.498509 -2.507281 -10.163612 4.67895 4.621118 -20.976048 -4e-06 1e-05 -21.226307 2.451701 -3.593998 -0.0 -5e-06 -1e-06 -1.362682 2.240803 -0.746326 -21.334938 0.584908 3.008337 -13.821231 -1e-06 8e-06 -23.887197 -0.249077 -0.839476 -61.778091 1.867208 -1.363973 -0.294024 1.679689 0.833257 -14.218225 0.093212 1.300586 -34.212086 -0.287561 0.967183 -20.033239 0.964543 1.212851 -0.0 1e-06 1e-06 -3.440392 0.788234 0.501658 -15.928206 -3.167316 2.999717 -6.338833 -1e-06 4e-06 -18.123465 3.648189 -4.905671 -5e-06 1e-06 -1e-06 7.085324 20.832777 11.822148 -62.305916 40.422947 -53.442692 -16.24375 77.417671 -9.802686 7.66953 -8.685734 69.025307 2.243544 -5.255042 -3.18016 14.282899 -0.826598 6.95251 -2e-06 -12.690619 4e-06 15.325633 -16.743799 3.29847 1.665669 -1.955922 -2.878302 4.727801 -4.170594 4.99393 11.020536 3e-06 -1e-06 12.10906 -3.73572 -2.866787 1e-06 0.0 0.0 1.291987 -1.928551 -1.498091 14.800139 0.567467 3.865612 14.242584 -1.341736 -6.660665 19.631981 0.143927 -0.648247 49.174614 -1.309588 -5.476454 0.353029 -1.511152 -0.03194 20.222803 3.684312 2.316631 18.787287 3e-06 -1e-06 10.751636 -0.479871 1.397907 -0.0 0.0 -0.0 3.273808 0.305947 -0.580111 21.486828 11.830388 2.266133 8.162934 0.0 -1e-06 18.399099 -3.798992 -4.94058 3e-06 0.0 -1e-06 4.786881 21.56599 -1.814114 -0.051274 -0.2433 6.729363 -6.376978 4.946207 -5.485528 1.639223 -2.182174 -0.028566 0.0 -0.0 2e-06 -6.823027 -13.409264 -4.980044 0.042508 0.265214 4.146015 9.3321 8.350101 0.667095 -1.351427 0.7783 -0.157446 -0.0 -0.0 -1e-06 
0.0 0.0 0.0 0.0 -0.0 0.0 0.841728 100.158676 0.215245 -0.272993 -8.90257 2.098166 -0.12168 0.277018 -3.043077 -0.252984 2.651083 -5.965643 -8.68456 -0.334269 10.494156 -13.829463 8.791679 4.199759 -0.90714 0.906495 -3.853554 -7.606004 1.057965 -12.36216 7.6e-05 -2.3e-05 6e-06 0.032387 -0.135174 0.000467 0.636208 -3.946691 -10.744211 -0.600923 3.650943 -10.803781 -9.325678 -11.623959 4.9416 -51.053883 -25.441908 -4.787493 178.438339 -65.511986 -179.29425 18.881395 4.580687 -46.81712 -5.882107 9.86129 0.702592 -10.936875 -0.360573 7.156205 0.0 8.774826 -0.0 -16.624094 17.406244 6.076788 -1.844032 2.498505 -2.507278 -10.163601 4.678946 4.621109 -20.976025 -1e-06 3e-06 -21.226286 2.4517 -3.594 -0.0 -5e-06 -1e-06 -1.362681 2.2408 -0.746322 -21.334915 0.584911 3.008325 -13.821215 -1e-06 3e-06 -23.887171 -0.249077 -0.839484 -61.914055 1.872338 -1.457819 -0.294024 1.679688 0.833257 -14.21821 0.093216 1.300582 -34.212048 -0.287558 0.967172 -20.033215 0.964539 1.212843 -1e-06 1e-06 1e-06 -3.440388 0.788234 0.501656 -15.928187 -3.16731 2.999709 -6.338828 1e-06 1e-06 -18.123449 3.648187 -4.905669 -4e-06 1e-06 -2e-06 6.715084 20.965166 11.577367 -62.483799 40.475296 -53.790012 -16.540995 76.988953 -9.930007 8.611881 -8.431913 71.851303 2.243542 -5.255039 -3.18016 14.282902 -0.826595 6.952507 -3e-06 -12.690616 2e-06 15.345475 -17.06427 3.406959 1.66567 -1.955922 -2.878301 4.727799 -4.17059 4.993927 11.02053 3e-06 -2e-06 12.109056 -3.735717 -2.866786 1e-06 0.0 -0.0 1.291986 -1.92855 -1.498091 14.800134 0.567469 3.865609 14.242579 -1.341737 -6.660661 19.631975 0.143928 -0.648245 49.683941 -1.296165 -5.508561 0.353029 -1.511151 -0.031939 20.222801 3.684312 2.316631 18.787283 4e-06 -1e-06 10.751631 -0.47987 1.397907 0.0 0.0 0.0 3.273809 0.305947 -0.580111 21.486822 11.830382 2.266135 8.16293 1e-06 -1e-06 18.399092 -3.798987 -4.940578 3e-06 1e-06 -1e-06 4.89399 21.770016 -1.809595 -0.045676 -0.26089 6.565958 -6.447278 4.864865 -5.403163 1.639978 -2.163839 0.005589 0.0 -0.0 2e-06 -6.668965 -13.408814 -5.019464 0.045489 0.263045 3.99334 9.316858 8.363191 0.753314 -1.34779 0.772351 -0.072047 0.0 -0.0 -1e-06 
0.0 0.0 0.0 0.0 -0.0 0.0 0.759157 100.169777 0.250135 -0.347769 -8.998964 2.206732 -0.081125 0.26746 -3.008349 -0.239898 2.665557 -5.937405 -8.739016 -0.293572 10.387493 -13.999189 8.775046 3.853826 -0.834928 0.943716 -3.864404 -7.746236 1.199218 -12.346808 7.6e-05 -2.2e-05 6e-06 0.032068 -0.148757 -0.002182 0.629395 -3.964985 -10.763809 -0.59488 3.640808 -10.823956 -9.310443 -11.641151 4.872461 -51.148087 -24.956825 -4.885342 178.025909 -65.002586 -179.049377 18.854351 4.627716 -46.906891 -5.882108 9.861292 0.702592 -10.936879 -0.360577 7.156212 1e-06 8.77483 -1e-06 -16.679852 17.533907 6.082397 -1.844032 2.498507 -2.507279 -10.163604 4.678945 4.621113 -20.97603 -4e-06 7e-06 -21.226292 2.451699 -3.593998 -0.0 -5e-06 0.0 -1.362684 2.240798 -0.746324 -21.334925 0.584908 3.00833 -13.821218 -3e-06 7e-06 -23.887178 -0.249078 -0.839478 -62.033146 1.922652 -1.528537 -0.294025 1.679687 0.833256 -14.218216 0.093213 1.300584 -34.212055 -0.287565 0.967178 -20.033222 0.964539 1.212849 -1e-06 0.0 1e-06 -3.440391 0.788233 0.501658 -15.928196 -3.167314 2.999712 -6.33883 -0.0 3e-06 -18.123451 3.648185 -4.905669 -4e-06 1e-06 -2e-06 6.360228 21.091776 11.356711 -62.829941 40.391865 -54.060219 -16.934338 76.673615 -10.244531 9.372513 -8.123842 73.701958 2.243541 -5.255039 -3.180159 14.282887 -0.826595 6.952506 -1e-06 -12.690609 1e-06 15.357393 -17.218605 3.524919 1.665665 -1.955922 -2.878299 4.7278 -4.170589 4.993926 11.020526 4e-06 -1e-06 12.10905 -3.735717 -2.866784 1e-06 0.0 -0.0 1.291985 -1.92855 -1.498089 14.800129 0.567469 3.86561 14.242568 -1.341737 -6.66066 19.631966 0.143927 -0.648244 50.084579 -1.262381 -5.506563 0.353028 -1.511152 -0.031939 20.222786 3.684311 2.316631 18.78727 4e-06 1e-06 10.751627 -0.47987 1.397906 -0.0 1e-06 1e-06 3.273806 0.305947 -0.580111 21.486811 11.830379 2.266134 8.162926 1e-06 0.0 18.39908 -3.798987 -4.940576 3e-06 1e-06 -1e-06 5.013563 22.00362 -1.820569 -0.045169 -0.271029 6.476235 -6.552642 4.80674 -5.362235 1.642301 -2.143155 0.020929 0.0 -1e-06 2e-06 -6.511865 -13.423695 -5.053555 0.047716 0.267704 3.849862 9.33287 8.354312 0.838276 -1.346808 0.773588 0.000382 0.0 -0.0 -1e-06 
0.0 0.0 0.0 0.0 -0.0 0.0 0.678567 100.180664 0.298889 -0.425268 -9.101187 2.29052 -0.048081 0.258826 -2.969167 -0.23938 2.685286 -5.914117 -8.790032 -0.261925 10.30004 -14.103822 8.717961 3.532748 -0.739707 1.01115 -3.874972 -7.890177 1.422651 -12.325627 7.6e-05 -2.3e-05 6e-06 0.03433 -0.161612 -0.001613 0.626209 -3.980242 -10.773618 -0.587245 3.629782 -10.830867 -9.282341 -11.633894 4.823036 -51.16317 -24.486326 -5.011884 177.65004 -64.537193 -178.82251 18.829885 4.720832 -47.204479 -5.882106 9.861284 0.702589 -10.936872 -0.360575 7.156205 1e-06 8.774823 -1e-06 -16.734528 17.628653 6.095964 -1.84403 2.498505 -2.507277 -10.163596 4.678946 4.621109 -20.976021 -1e-06 4e-06 -21.226286 2.451699 -3.593999 -0.0 -5e-06 -1e-06 -1.362682 2.240797 -0.746322 -21.334913 0.584912 3.008325 -13.821213 -3e-06 4e-06 -23.887167 -0.249076 -0.839482 -62.11536 1.997971 -1.555151 -0.294026 1.679686 0.833257 -14.218206 0.093216 1.300583 -34.212048 -0.287562 0.967171 -20.033211 0.964538 1.212843 -0.0 0.0 -1e-06 -3.440387 0.788234 0.501656 -15.928185 -3.167309 2.999708 -6.338826 -0.0 2e-06 -18.123444 3.648183 -4.905669 -4e-06 1e-06 -2e-06 6.026447 21.203712 11.162901 -63.237 40.22596 -54.139008 -17.536465 76.444809 -10.847174 9.928623 -7.812146 74.487091 2.243542 -5.25504 -3.180159 14.282896 -0.826594 6.952507 -3e-06 -12.69061 -1e-06 15.349966 -17.208687 3.603388 1.665667 -1.955922 -2.8783 4.727801 -4.170588 4.993925 11.020528 3e-06 -1e-06 12.109054 -3.735717 -2.866785 1e-06 1e-06 -0.0 1.291985 -1.928551 -1.498089 14.800138 0.567469 3.865611 14.242576 -1.341738 -6.660661 19.631971 0.143925 -0.648243 50.244274 -1.215351 -5.491503 0.35303 -1.511152 -0.03194 20.222792 3.684313 2.316633 18.787275 5e-06 1e-06 10.751631 -0.479868 1.397908 -0.0 0.0 0.0 3.273807 0.305947 -0.580112 21.486826 11.830383 2.266138 8.162928 1e-06 2e-06 18.399088 -3.798987 -4.940576 3e-06 1e-06 -1e-06 5.149051 22.222855 -1.770715 -0.04918 -0.274119 6.345717 -6.684375 4.75876 -5.317566 1.645372 -2.119955 0.026399 -0.0 -1e-06 2e-06 -6.359957 -13.470415 -5.042521 0.04747 0.277139 3.68342 9.338954 8.352554 0.933911 -1.348121 0.779668 0.022804 -0.0 -0.0 -1e-06 
0.0 0.0 0.0 0.0 -0.0 0.0 0.595767 100.195869 0.355469 -0.503549 -9.18102 2.362261 -0.032139 0.250876 -2.934164 -0.246748 2.707365 -5.901481 -8.847253 -0.255189 10.234022 -14.155984 8.647101 3.269046 -0.656992 1.102916 -3.87271 -8.015443 1.635437 -12.367508 7.6e-05 -2.2e-05 6e-06 0.033441 -0.169756 0.002944 0.620128 -3.989519 -10.770201 -0.583136 3.622686 -10.826339 -9.246676 -11.615146 4.822163 -51.116203 -24.098866 -5.17848 177.422318 -64.168686 -178.677551 18.798655 4.840739 -47.510662 -5.882103 9.861281 0.702587 -10.936866 -0.360577 7.1562 -1e-06 8.77482 -3e-06 -16.765181 17.678366 6.101274 -1.844032 2.498505 -2.507275 -10.163595 4.67894 4.621104 -20.976017 -4e-06 0.0 -21.226276 2.451694 -3.594001 -0.0 -5e-06 -1e-06 -1.36268 2.240798 -0.746324 -21.334904 0.584906 3.00832 -13.821208 -4e-06 1e-06 -23.887157 -0.24908 -0.839483 -62.177998 2.061596 -1.556267 -0.294024 1.679687 0.833255 -14.218204 0.093213 1.300579 -34.212036 -0.287565 0.967169 -20.033205 0.964534 1.212843 0.0 0.0 -1e-06 -3.440387 0.788231 0.501656 -15.928179 -3.167311 2.999707 -6.338822 -3e-06 3e-06 -18.123436 3.64818 -4.905669 -4e-06 1e-06 -2e-06 5.733925 21.288174 10.975547 -63.603706 40.045849 -54.011513 -18.242893 76.284187 -11.596704 10.364052 -7.550454 74.562065 2.243539 -5.255035 -3.180157 14.282887 -0.826596 6.952504 -2e-06 -12.690601 0.0 15.322894 -17.138725 3.665267 1.665664 -1.955921 -2.878298 4.727799 -4.170586 4.993923 11.020524 3e-06 -1e-06 12.10905 -3.735714 -2.866782 1e-06 0.0 -0.0 1.291984 -1.928549 -1.498088 14.800129 0.567468 3.865608 14.242571 -1.341736 -6.660656 19.631968 0.143926 -0.648244 50.274715 -1.172863 -5.455158 0.35303 -1.51115 -0.03194 20.222786 3.684309 2.31663 18.78727 4e-06 0.0 10.751625 -0.47987 1.397906 -0.0 -1e-06 0.0 3.273805 0.305947 -0.580111 21.486809 11.830372 2.266133 8.162926 1e-06 1e-06 18.399076 -3.798986 -4.940573 3e-06 1e-06 -2e-06 5.284837 22.362864 -1.658041 -0.053061 -0.272547 6.111547 -6.799829 4.751461 -5.234153 1.648071 -2.107172 0.019103 0.0 -1e-06 2e-06 -6.2138 -13.520693 -4.983917 0.046157 0.286564 3.462689 9.31541 8.368995 1.060507 -1.351458 0.789543 0.001309 0.0 -0.0 -1e-06 
0.0 0.0 0.0 0.0 -0.0 0.0 0.517302 100.218109 0.423442 -0.578754 -9.263262 2.42858 -0.03713 0.249404 -2.900096 -0.258033 2.719527 -5.899106 -8.912712 -0.264969 10.174531 -14.192204 8.61 3.055257 -0.611034 1.208764 -3.861013 -8.102284 1.778147 -12.4642 7.6e-05 -2.2e-05 6e-06 0.028896 -0.167744 0.007098 0.609264 -3.988569 -10.762502 -0.581564 3.62574 -10.81992 -9.209843 -11.602612 4.850667 -51.03336 -23.780489 -5.358568 177.318573 -63.895763 -178.626801 18.784685 4.9555 -47.624081 -5.882111 9.861288 0.702594 -10.936877 -0.360572 7.156209 -1e-06 8.774828 -0.0 -16.769436 17.680616 6.087524 -1.844032 2.498505 -2.507276 -10.163604 4.678949 4.621113 -20.97603 4e-06 6e-06 -21.226292 2.451705 -3.593998 0.0 -5e-06 0.0 -1.362682 2.240798 -0.746323 -21.334921 0.584917 3.008328 -13.821217 1e-06 5e-06 -23.887177 -0.249071 -0.839481 -62.206974 2.073687 -1.566824 -0.294025 1.679689 0.833257 -14.218215 0.093218 1.300583 -34.212063 -0.287554 0.967173 -20.033222 0.964543 1.212842 0.0 0.0 -1e-06 -3.44039 0.788234 0.501656 -15.928192 -3.167307 2.99971 -6.338828 0.0 4e-06 -18.123453 3.648189 -4.905668 -4e-06 1e-06 -2e-06 5.45592 21.345074 10.779402 -63.894985 39.911739 -53.896427 -18.507053 76.176918 -12.012426 10.693207 -7.436522 74.50425 2.243544 -5.255044 -3.180162 14.282896 -0.826596 6.952507 -0.0 -12.690616 -2e-06 15.269018 -17.102411 3.747842 1.665668 -1.955924 -2.878302 4.727802 -4.170592 4.993927 11.020531 1e-06 -4e-06 12.109058 -3.73572 -2.866789 1e-06 0.0 -0.0 1.291989 -1.928551 -1.498091 14.800136 0.567466 3.865609 14.242581 -1.34174 -6.660668 19.631979 0.143924 -0.64825 50.277779 -1.133713 -5.404197 0.353028 -1.511153 -0.03194 20.222801 3.68431 2.316629 18.787285 2e-06 -4e-06 10.751633 -0.47987 1.397905 -0.0 0.0 1e-06 3.273808 0.305946 -0.580111 21.486818 11.830382 2.266134 8.16293 0.0 -1e-06 18.399096 -3.798989 -4.940584 3e-06 1e-06 -1e-06 5.410467 22.471262 -1.452768 -0.054719 -0.276015 5.706968 -6.869001 4.787018 -5.081502 1.649096 -2.110286 -0.00075 -0.0 -1e-06 2e-06 -6.08164 -13.542605 -4.891953 0.045081 0.293692 3.187423 9.271022 8.413196 1.23452 -1.354582 0.795534 -0.040115 0.0 -0.0 -1e-06 
0.0 0.0 0.0 0.0 -0.0 0.0 0.448035 100.237312 0.497898 -0.642961 -9.358347 2.488146 -0.064378 0.263435 -2.871091 -0.273883 2.720394 -5.89314 -8.981313 -0.279496 10.110449 -14.216687 8.629729 2.884527 -0.609853 1.334217 -3.8466 -8.171376 1.850183 -12.578294 7.6e-05 -2.2e-05 6e-06 0.022816 -0.162368 0.010628 0.595961 -3.983202 -10.75495 -0.580617 3.630797 -10.810731 -9.192396 -11.60797 4.889041 -50.9482 -23.537477 -5.465377 177.269943 -63.698521 -178.607941 18.781656 5.054241 -47.557663 -5.88211 9.861296 0.702593 -10.93688 -0.360576 7.156214 -1e-06 8.774835 -1e-06 -16.753603 17.658342 6.070374 -1.844032 2.498507 -2.507278 -10.163608 4.678948 4.621115 -20.97604 0.0 6e-06 -21.226301 2.451703 -3.593999 0.0 -5e-06 -1e-06 -1.36268 2.2408 -0.746324 -21.334932 0.58491 3.00833 -13.821225 -1e-06 5e-06 -23.887186 -0.249075 -0.83948 -62.213196 2.026828 -1.583697 -0.294026 1.679689 0.833256 -14.218221 0.093217 1.300585 -34.212078 -0.287561 0.967178 -20.03323 0.964541 1.212849 -0.0 0.0 -1e-06 -3.440392 0.788233 0.501656 -15.928201 -3.167312 2.999712 -6.338831 -0.0 2e-06 -18.123461 3.64819 -4.905671 -5e-06 1e-06 -3e-06 5.138239 21.374849 10.568131 -64.066673 39.806793 -53.901928 -18.02523 76.101349 -11.761564 10.929944 -7.424555 74.51152 2.243545 -5.25504 -3.180161 14.282897 -0.826596 6.952509 -2e-06 -12.690614 0.0 15.226708 -17.079014 3.820711 1.665666 -1.955924 -2.878299 4.727801 -4.170591 4.993928 11.020528 3e-06 -1e-06 12.109058 -3.735718 -2.866786 1e-06 1e-06 -0.0 1.291986 -1.928551 -1.49809 14.800134 0.567468 3.865611 14.242576 -1.341738 -6.660662 19.631973 0.143925 -0.648245 50.29916 -1.091606 -5.343222 0.35303 -1.511151 -0.03194 20.222801 3.684311 2.316633 18.787281 2e-06 0.0 10.751633 -0.47987 1.397907 -0.0 1e-06 1e-06 3.27381 0.305947 -0.580111 21.486824 11.830384 2.266136 8.162933 1e-06 1e-06 18.399092 -3.798991 -4.940577 3e-06 1e-06 -2e-06 5.519272 22.577061 -1.240594 -0.057259 -0.286149 5.308787 -6.910219 4.85326 -4.936803 1.648457 -2.119424 -0.013665 0.0 -0.0 2e-06 -5.974292 -13.549375 -4.86657 0.047244 0.303043 3.073541 9.217187 8.504127 1.341703 -1.357062 0.79898 -0.067325 -0.0 -0.0 -1e-06 
0.0 0.0 0.0 0.0 -0.0 0.0 0.38766 100.244759 0.572973 -0.686353 -9.439217 2.525858 -0.109311 0.288588 -2.85118 -0.284017 2.716622 -5.875479 -9.062282 -0.296475 10.062432 -14.242103 8.70213 2.74901 -0.621123 1.436942 -3.843511 -8.229587 1.905416 -12.641283 7.6e-05 -2.2e-05 6e-06 0.018572 -0.153202 0.011452 0.584736 -3.974313 -10.755667 -0.578092 3.640048 -10.805982 -9.19984 -11.638748 4.930039 -50.86668 -23.400219 -5.501066 177.317062 -63.585209 -178.652084 18.801857 5.177437 -47.576633 -5.882106 9.86129 0.702593 -10.936877 -0.360577 7.156212 1e-06 8.774831 -0.0 -16.759623 17.632706 6.051022 -1.844033 2.498505 -2.507278 -10.163605 4.678946 4.621113 -20.976034 -2e-06 5e-06 -21.226295 2.451698 -3.593999 -0.0 -5e-06 -1e-06 -1.36268 2.240799 -0.746324 -21.334927 0.584906 3.008328 -13.821218 -4e-06 5e-06 -23.887178 -0.249079 -0.839478 -62.220375 1.979951 -1.60522 -0.294026 1.679689 0.833257 -14.218217 0.093213 1.300584 -34.21207 -0.287565 0.967179 -20.033226 0.964538 1.212849 -0.0 0.0 -1e-06 -3.440391 0.788232 0.501656 -15.928198 -3.167313 2.999712 -6.33883 -2e-06 3e-06 -18.123455 3.648185 -4.905668 -5e-06 1e-06 -2e-06 4.804364 21.365694 10.350021 -64.168488 39.721233 -53.973072 -17.005386 76.004112 -10.825311 11.127775 -7.35008 74.499504 2.243543 -5.255041 -3.18016 14.282896 -0.826597 6.952509 -2e-06 -12.690615 1e-06 15.203019 -17.066425 3.88407 1.665669 -1.955922 -2.878302 4.7278 -4.170592 4.993928 11.020531 2e-06 -1e-06 12.109057 -3.735719 -2.866786 1e-06 0.0 -1e-06 1.291985 -1.928552 -1.498091 14.800136 0.567468 3.865613 14.24258 -1.341738 -6.660661 19.631977 0.143926 -0.648245 50.342812 -1.060379 -5.28407 0.353029 -1.511151 -0.031939 20.222801 3.684311 2.316633 18.787287 3e-06 1e-06 10.751636 -0.47987 1.397908 -0.0 0.0 -0.0 3.273809 0.305947 -0.580112 21.486824 11.830384 2.266138 8.162935 0.0 1e-06 18.399097 -3.798992 -4.940578 3e-06 1e-06 -2e-06 5.606676 22.640438 -1.086323 -0.062562 -0.292731 5.067544 -6.95611 4.919394 -4.870033 1.646353 -2.126992 -0.013753 -0.0 -0.0 2e-06 -5.9028 -13.562521 -4.907773 0.052738 0.30324 3.167737 9.159245 8.629183 1.316397 -1.359772 0.803792 -0.069662 0.0 -0.0 -1e-06 
0.0 0.0 0.0 0.0 -0.0 0.0 0.337135 100.240746 0.657089 -0.71394 -9.525721 2.542276 -0.153013 0.311884 -2.834973 -0.291037 2.720979 -5.850178 -9.151194 -0.306862 10.025611 -14.31188 8.799032 2.634222 -0.645321 1.509439 -3.841958 -8.273193 1.95636 -12.684292 7.6e-05 -2.3e-05 6e-06 0.020237 -0.14032 0.013102 0.582029 -3.962321 -10.762264 -0.572439 3.654104 -10.806276 -9.248108 -11.684058 4.975752 -50.770054 -23.352514 -5.515069 177.450211 -63.509907 -178.7444 18.833431 5.370249 -47.714252 -5.88211 9.861295 0.702592 -10.93688 -0.360574 7.156215 1e-06 8.774835 -2e-06 -16.78455 17.609341 6.029568 -1.844033 2.498506 -2.507278 -10.163609 4.678948 4.621115 -20.97604 -2e-06 7e-06 -21.226301 2.451701 -3.593997 0.0 -5e-06 -1e-06 -1.362683 2.240801 -0.746325 -21.33493 0.584908 3.008331 -13.821224 -2e-06 7e-06 -23.887188 -0.249077 -0.839477 -62.202869 1.955287 -1.617585 -0.294025 1.67969 0.833255 -14.218219 0.093213 1.300585 -34.212078 -0.287565 0.967182 -20.033232 0.964539 1.21285 0.0 0.0 0.0 -3.440391 0.788234 0.501656 -15.928201 -3.167316 2.999711 -6.338831 -3e-06 4e-06 -18.123459 3.648186 -4.90567 -5e-06 2e-06 -3e-06 4.450563 21.391693 10.124956 -64.208534 39.615604 -53.878716 -16.12166 75.832199 -9.888396 11.300222 -7.185047 74.642342 2.243541 -5.255042 -3.180161 14.282902 -0.826598 6.952512 -1e-06 -12.690618 3e-06 15.23166 -17.127195 3.934157 1.665666 -1.955923 -2.878302 4.727801 -4.170592 4.993931 11.020535 2e-06 -2e-06 12.109062 -3.735719 -2.866788 1e-06 1e-06 -1e-06 1.291987 -1.928551 -1.498091 14.800139 0.567467 3.865614 14.242583 -1.341738 -6.660664 19.631983 0.143927 -0.648247 50.503941 -1.029816 -5.251191 0.353029 -1.511151 -0.031941 20.222807 3.684311 2.316633 18.787289 2e-06 -0.0 10.751636 -0.479872 1.397908 -0.0 1e-06 -0.0 3.273808 0.305947 -0.580112 21.48683 11.830385 2.266135 8.162935 -0.0 0.0 18.399099 -3.798992 -4.940578 3e-06 1e-06 -2e-06 5.680756 22.682781 -0.973263 -0.069812 -0.291775 4.967993 -7.011259 4.979173 -4.883382 1.644537 -2.143636 -0.010114 0.0 -1e-06 2e-06 -5.859478 -13.5699 -4.943127 0.05495 0.301759 3.29411 9.105527 8.769394 1.229505 -1.362671 0.804764 -0.07305 -0.0 -0.0 -1e-06 
0.0 0.0 0.0 0.0 -0.0 0.0 0.301698 100.232887 0.726411 -0.727391 -9.607814 2.553757 -0.186698 0.329584 -2.820349 -0.301111 2.732551 -5.832987 -9.238648 -0.316697 10.005818 -14.425047 8.877174 2.528082 -0.668714 1.57005 -3.837766 -8.352652 2.028229 -12.75506 7.7e-05 -2.3e-05 6e-06 0.030224 -0.130925 0.015387 0.591111 -3.95303 -10.762886 -0.561873 3.664108 -10.802581 -9.313915 -11.749917 4.996232 -50.674831 -23.352522 -5.565631 177.588806 -63.458843 -178.850616 18.844172 5.582241 -47.797352 -5.882111 9.861293 0.702593 -10.936881 -0.360574 7.156215 1e-06 8.774834 2e-06 -16.799116 17.571583 6.007955 -1.844032 2.498506 -2.50728 -10.16361 4.678951 4.621117 -20.976038 1e-06 6e-06 -21.226301 2.451703 -3.594001 0.0 -5e-06 -1e-06 -1.362682 2.2408 -0.746323 -21.334932 0.584914 3.008332 -13.821224 -1e-06 6e-06 -23.887186 -0.249073 -0.839481 -62.12394 1.932742 -1.620402 -0.294027 1.679689 0.833256 -14.218218 0.093215 1.300585 -34.212074 -0.287555 0.967177 -20.03323 0.964544 1.212846 0.0 0.0 -1e-06 -3.44039 0.788235 0.501658 -15.928201 -3.16731 2.999715 -6.33883 0.0 3e-06 -18.123459 3.648189 -4.90567 -5e-06 2e-06 -4e-06 4.103312 21.473579 9.946811 -64.234215 39.451305 -53.645603 -15.641533 75.61554 -9.333643 11.492285 -7.060938 75.127655 2.243543 -5.255042 -3.180161 14.282902 -0.826596 6.95251 0.0 -12.690618 -0.0 15.304909 -17.2651 3.994472 1.665668 -1.955924 -2.878302 4.727802 -4.170592 4.993929 11.020534 2e-06 -2e-06 12.109059 -3.73572 -2.866789 1e-06 0.0 0.0 1.291987 -1.928552 -1.498091 14.800139 0.567467 3.865612 14.242584 -1.341739 -6.660666 19.631981 0.143926 -0.648248 50.811325 -0.994147 -5.242349 0.353029 -1.511152 -0.03194 20.222805 3.684312 2.316633 18.787289 3e-06 -2e-06 10.751636 -0.47987 1.397908 -0.0 1e-06 1e-06 3.273808 0.305947 -0.580112 21.486828 11.830385 2.266137 8.162935 0.0 -1e-06 18.399099 -3.79899 -4.940581 3e-06 0.0 -2e-06 5.733313 22.753054 -0.90363 -0.078023 -0.292968 4.944331 -7.057296 5.001605 -4.922162 1.642982 -2.169764 0.003822 -0.0 -0.0 2e-06 -5.834667 -13.60789 -4.98932 0.054808 0.307389 3.428323 9.066209 8.919009 1.132562 -1.363418 0.7994 -0.07642 -0.0 -0.0 -1e-06 
0.0 0.0 0.0 0.0 -0.0 0.0 0.275841 100.224915 0.780478 -0.737709 -9.693665 2.567579 -0.205802 0.350399 -2.807759 -0.31633 2.758366 -5.821717 -9.331364 -0.338055 9.999075 -14.571128 8.916567 2.420702 -0.690714 1.646786 -3.830426 -8.480901 2.110859 -12.825242 7.7e-05 -2.3e-05 6e-06 0.042398 -0.123187 0.015913 0.603358 -3.944229 -10.760703 -0.550045 3.671336 -10.797889 -9.374621 -11.807638 5.014622 -50.59911 -23.405029 -5.691853 177.833054 -63.447876 -179.009796 18.901642 5.787479 -47.990841 -5.882113 9.861292 0.70259 -10.936877 -0.360575 7.156209 -2e-06 8.774828 -3e-06 -16.81148 17.559443 6.015141 -1.844033 2.498507 -2.50728 -10.163605 4.678948 4.621112 -20.976034 2e-06 2e-06 -21.226299 2.4517 -3.594005 1e-06 -5e-06 -1e-06 -1.362682 2.2408 -0.746324 -21.334927 0.58491 3.008326 -13.82122 -2e-06 3e-06 -23.887182 -0.249076 -0.839483 -62.07336 1.923445 -1.61427 -0.294024 1.679688 0.833255 -14.218216 0.093216 1.300582 -34.212067 -0.287563 0.96717 -20.033222 0.964536 1.212843 -0.0 0.0 0.0 -3.44039 0.788234 0.501655 -15.928192 -3.167309 2.999712 -6.338829 -1e-06 2e-06 -18.123457 3.648185 -4.905674 -5e-06 1e-06 -3e-06 3.722483 21.607405 9.795788 -64.206688 39.235489 -53.271984 -15.641369 75.373093 -9.237695 11.696899 -6.90193 75.657562 2.243544 -5.255037 -3.180159 14.282896 -0.826598 6.952507 -3e-06 -12.69061 4e-06 15.379268 -17.383358 4.057633 1.665666 -1.955922 -2.878299 4.727801 -4.170589 4.993927 11.020529 1e-06 -2e-06 12.109055 -3.735719 -2.866786 1e-06 0.0 0.0 1.291986 -1.928549 -1.498091 14.800131 0.567467 3.86561 14.242578 -1.341736 -6.660661 19.631973 0.143925 -0.648245 51.129787 -0.975128 -5.233256 0.353028 -1.511151 -0.031939 20.222797 3.684309 2.31663 18.787281 2e-06 -3e-06 10.751633 -0.479869 1.397905 0.0 -1e-06 -0.0 3.273809 0.305948 -0.58011 21.486818 11.830378 2.266131 8.16293 -1e-06 -1e-06 18.399088 -3.798989 -4.940578 3e-06 0.0 -2e-06 5.776009 22.833626 -0.862876 -0.086328 -0.28996 4.956929 -7.0916 4.999538 -4.967565 1.641636 -2.195908 0.023937 -0.0 -0.0 2e-06 -5.812993 -13.657193 -5.062953 0.055317 0.316687 3.589787 9.061768 9.066508 1.042509 -1.361983 0.792147 -0.077507 -0.0 -0.0 -1e-06 
0.0 0.0 0.0 0.0 -0.0 0.0 0.24856 100.218346 0.823767 -0.755895 -9.733266 2.601117 -0.21921 0.362004 -2.822009 -0.320638 2.79323 -5.813097 -9.446437 -0.373674 10.01768 -14.711496 8.928211 2.319929 -0.723214 1.706632 -3.820683 -8.618675 2.164853 -12.887849 7.8e-05 -2.2e-05 6e-06 0.052095 -0.113571 0.013453 0.614165 -3.936393 -10.764193 -0.541516 3.6832 -10.804788 -9.457839 -11.86205 5.059367 -50.495567 -23.513128 -5.906777 178.239044 -63.486938 -179.27887 19.025305 5.958622 -48.343212 -5.882106 9.861289 0.70259 -10.936877 -0.360579 7.156211 2e-06 8.774828 -2e-06 -16.827772 17.568493 6.031575 -1.844032 2.498505 -2.507279 -10.163604 4.678945 4.621111 -20.97603 -6e-06 7e-06 -21.22629 2.451694 -3.593997 0.0 -5e-06 -1e-06 -1.362683 2.240799 -0.746324 -21.334925 0.584906 3.00833 -13.821218 -5e-06 5e-06 -23.887177 -0.249077 -0.839477 -62.045208 1.934682 -1.582808 -0.294024 1.679688 0.833256 -14.218215 0.093211 1.300583 -34.212063 -0.287567 0.96718 -20.033222 0.964536 1.212849 0.0 1e-06 -1e-06 -3.44039 0.788232 0.501655 -15.928196 -3.167315 2.999713 -6.338829 -2e-06 2e-06 -18.123453 3.648182 -4.905669 -5e-06 1e-06 -3e-06 3.395269 21.75565 9.692777 -64.156349 38.977478 -52.680809 -16.396334 75.109764 -9.825549 11.817313 -6.705059 75.832916 2.243541 -5.255038 -3.180158 14.282895 -0.826595 6.952504 -2e-06 -12.690608 0.0 15.421932 -17.511137 4.141404 1.665666 -1.955922 -2.878299 4.7278 -4.170591 4.993925 11.020528 2e-06 -2e-06 12.109055 -3.735717 -2.866784 1e-06 0.0 -0.0 1.291987 -1.92855 -1.498089 14.800132 0.567468 3.865608 14.242576 -1.341737 -6.660659 19.631973 0.143926 -0.648246 51.460056 -0.991203 -5.235286 0.353029 -1.511152 -0.03194 20.222792 3.684309 2.31663 18.787279 3e-06 -2e-06 10.751631 -0.47987 1.397906 -0.0 -1e-06 0.0 3.273807 0.305947 -0.580111 21.486818 11.830378 2.266134 8.162929 0.0 0.0 18.399086 -3.798988 -4.940578 3e-06 0.0 -2e-06 5.814046 22.856894 -0.889812 -0.089286 -0.279554 5.030801 -7.115522 4.984237 -5.026793 1.64014 -2.212146 0.030955 0.0 -0.0 2e-06 -5.776293 -13.682792 -5.165186 0.053286 0.317402 3.772671 9.070652 9.14459 0.950718 -1.359784 0.782814 -0.09226 -0.0 -0.0 -1e-06 
0.0 0.0 0.0 0.0 -0.0 0.0 0.213015 100.224731 0.862248 -0.781188 -9.717962 2.657669 -0.234162 0.35928 -2.852736 -0.316322 2.817575 -5.811965 -9.568548 -0.416233 10.052327 -14.817117 8.903112 2.22966 -0.737174 1.763116 -3.812901 -8.701161 2.191455 -12.978004 7.6e-05 -2.3e-05 6e-06 0.055798 -0.108427 0.012027 0.623157 -3.935935 -10.771132 -0.542968 3.693183 -10.818478 -9.530057 -11.909565 5.089076 -50.384594 -23.638998 -6.139251 178.66217 -63.585407 -179.565033 19.169893 6.062795 -48.720123 -5.882112 9.861292 0.702594 -10.936879 -0.360572 7.156212 0.0 8.774832 2e-06 -16.806469 17.592287 6.068059 -1.844034 2.498507 -2.507279 -10.163605 4.67895 4.621115 -20.976038 1e-06 5e-06 -21.226297 2.451703 -3.593999 0.0 -5e-06 -0.0 -1.362684 2.240798 -0.746324 -21.334929 0.584913 3.008328 -13.821221 -1e-06 5e-06 -23.887182 -0.249074 -0.839482 -62.016964 1.944608 -1.527038 -0.294028 1.679689 0.833258 -14.218219 0.093216 1.300585 -34.212074 -0.287556 0.967176 -20.033226 0.964542 1.212845 -0.0 1e-06 -1e-06 -3.44039 0.788233 0.501658 -15.928201 -3.167311 2.999711 -6.338831 -0.0 2e-06 -18.123461 3.648189 -4.905672 -5e-06 1e-06 -2e-06 3.159047 21.858513 9.667638 -64.110245 38.741356 -52.222336 -17.321644 74.887871 -10.646671 11.804581 -6.675216 75.854683 2.243543 -5.25504 -3.180159 14.282896 -0.826597 6.952504 -1e-06 -12.690612 1e-06 15.404109 -17.608215 4.236263 1.665667 -1.955924 -2.8783 4.727802 -4.17059 4.993927 11.020528 1e-06 -3e-06 12.109056 -3.735719 -2.866786 2e-06 0.0 -0.0 1.291987 -1.928551 -1.49809 14.800132 0.567466 3.86561 14.242579 -1.341741 -6.660665 19.631973 0.143925 -0.648248 51.718311 -1.019173 -5.256871 0.353029 -1.511152 -0.031939 20.222792 3.684308 2.31663 18.787275 2e-06 -3e-06 10.75163 -0.47987 1.397905 0.0 0.0 0.0 3.273808 0.305946 -0.580111 21.486814 11.830379 2.266133 8.162928 -0.0 -1e-06 18.399088 -3.798989 -4.940579 3e-06 0.0 -2e-06 5.843876 22.832031 -0.877604 -0.086293 -0.272753 4.927352 -7.122443 4.969722 -4.985852 1.637779 -2.216378 0.055676 -0.0 -0.0 2e-06 -5.722109 -13.70339 -5.271315 0.051553 0.310464 3.927843 9.060237 9.155012 0.910296 -1.35619 0.775235 -0.102799 -0.0 -0.0 -1e-06 
0.0 0.0 0.0 0.0 -0.0 0.0 0.171161 100.241829 0.891344 -0.808015 -9.639308 2.723571 -0.25453 0.333921 -2.878543 -0.313348 2.822876 -5.819605 -9.672512 -0.44109 10.088721 -14.914946 8.868114 2.149266 -0.722647 1.840443 -3.814363 -8.758082 2.176616 -13.083245 7.6e-05 -2.2e-05 6e-06 0.054869 -0.112134 0.010944 0.625633 -3.945189 -10.775538 -0.547117 3.694733 -10.827366 -9.560649 -11.942407 5.099714 -50.298473 -23.791332 -6.25533 178.823746 -63.703186 -179.687943 19.285423 6.087258 -48.946739 -5.882111 9.861292 0.702593 -10.936878 -0.360572 7.156214 -1e-06 8.774831 0.0 -16.755383 17.599964 6.105828 -1.844033 2.498505 -2.507279 -10.163609 4.678948 4.621114 -20.976032 1e-06 6e-06 -21.226295 2.451705 -3.594 -0.0 -5e-06 -0.0 -1.362682 2.2408 -0.746324 -21.334927 0.584913 3.00833 -13.82122 0.0 5e-06 -23.887182 -0.249073 -0.839482 -61.994438 1.93022 -1.47839 -0.294025 1.679689 0.833256 -14.218217 0.093216 1.300583 -34.212067 -0.287555 0.967174 -20.033222 0.964543 1.212844 -0.0 0.0 -1e-06 -3.44039 0.788234 0.501658 -15.928194 -3.167308 2.999714 -6.33883 -0.0 2e-06 -18.123459 3.648192 -4.905673 -5e-06 1e-06 -4e-06 2.994533 21.899952 9.658498 -64.02919 38.589561 -52.085663 -17.864388 74.723495 -11.109261 11.710367 -6.790548 75.75499 2.243544 -5.255039 -3.180159 14.28289 -0.826598 6.952504 1e-06 -12.690609 -1e-06 15.388131 -17.640434 4.269773 1.665666 -1.955923 -2.878299 4.7278 -4.17059 4.993925 11.020526 1e-06 -3e-06 12.109055 -3.735718 -2.866786 1e-06 0.0 -0.0 1.291986 -1.928551 -1.498089 14.800127 0.567466 3.865607 14.242573 -1.341739 -6.66066 19.631969 0.143924 -0.648248 51.817772 -1.02528 -5.297568 0.353028 -1.511151 -0.031939 20.22279 3.684308 2.316629 18.787273 2e-06 -3e-06 10.751629 -0.479871 1.397905 0.0 0.0 0.0 3.273807 0.305946 -0.580111 21.486813 11.830377 2.266134 8.162929 0.0 -1e-06 18.399086 -3.798989 -4.940579 3e-06 0.0 -2e-06 5.865149 22.752316 -0.827935 -0.082058 -0.277991 4.674627 -7.096373 4.977762 -4.85581 1.63556 -2.200587 0.099907 0.0 -0.0 2e-06 -5.661512 -13.73681 -5.34365 0.053305 0.299985 4.006911 9.046943 9.09878 0.927883 -1.353293 0.777409 -0.061407 -0.0 -0.0 -1e-06 
0.0 0.0 0.0 0.0 -0.0 0.0 0.13028 100.259224 0.914301 -0.817559 -9.533156 2.789535 -0.287328 0.305326 -2.889022 -0.317731 2.826429 -5.830141 -9.750877 -0.454894 10.115765 -15.049156 8.886456 2.073996 -0.686554 1.898861 -3.824555 -8.78549 2.17068 -13.153482 7.6e-05 -2.3e-05 6e-06 0.049407 -0.121655 0.011376 0.618301 -3.960327 -10.774398 -0.55047 3.690418 -10.82883 -9.55462 -11.969983 5.050303 -50.206196 -23.932465 -6.238254 178.724121 -63.812424 -179.640045 19.375353 6.049962 -48.96706 -5.882114 9.861297 0.702595 -10.936885 -0.360574 7.156219 0.0 8.774838 -0.0 -16.701941 17.599443 6.111697 -1.844034 2.498507 -2.507279 -10.163614 4.678952 4.621118 -20.976044 -1e-06 9e-06 -21.226311 2.451706 -3.593999 0.0 -5e-06 -0.0 -1.362684 2.240801 -0.746325 -21.334942 0.58491 3.008332 -13.82123 -2e-06 7e-06 -23.887197 -0.249073 -0.83948 -62.009922 1.903343 -1.481148 -0.294026 1.679689 0.833258 -14.218226 0.093216 1.300585 -34.212097 -0.287556 0.96718 -20.033241 0.964543 1.212847 -0.0 0.0 -1e-06 -3.440393 0.788233 0.501657 -15.928206 -3.167313 2.999715 -6.338833 -1e-06 3e-06 -18.123466 3.64819 -4.905674 -5e-06 1e-06 -3e-06 2.896738 21.903297 9.636629 -63.956635 38.494453 -52.256653 -17.759169 74.590851 -10.895543 11.519979 -6.909496 75.624443 2.24354 -5.255039 -3.180158 14.282896 -0.826596 6.952507 -3e-06 -12.690611 3e-06 15.413968 -17.671377 4.245053 1.665665 -1.955922 -2.878302 4.727799 -4.170592 4.993929 11.020531 3e-06 -1e-06 12.109058 -3.735718 -2.866785 1e-06 -1e-06 0.0 1.291987 -1.928549 -1.49809 14.800136 0.567467 3.865611 14.242577 -1.341737 -6.660661 19.631973 0.143924 -0.648245 51.818348 -1.00934 -5.355793 0.353029 -1.511152 -0.03194 20.222801 3.68431 2.316633 18.787283 2e-06 -1e-06 10.751633 -0.479872 1.397907 0.0 -1e-06 0.0 3.273808 0.305946 -0.580111 21.486822 11.83038 2.266135 8.162931 -0.0 -1e-06 18.399094 -3.798989 -4.940578 3e-06 1e-06 -1e-06 5.864544 22.709377 -0.780146 -0.077491 -0.296559 4.395058 -7.040252 4.958973 -4.696452 1.636344 -2.169179 0.113344 -0.0 -1e-06 2e-06 -5.620926 -13.832379 -5.392149 0.05577 0.28839 4.036562 9.061257 9.064807 0.960809 -1.350947 0.790268 -0.009492 -0.0 -0.0 -1e-06 
0.0 0.0 0.0 0.0 -0.0 0.0 0.087781 100.266685 0.921376 -0.806703 -9.40311 2.838909 -0.322225 0.285512 -2.884854 -0.335786 2.847636 -5.844505 -9.798722 -0.46834 10.167703 -15.226879 8.944823 2.012093 -0.635929 1.922076 -3.838856 -8.774611 2.205349 -13.151921 7.6e-05 -2.2e-05 6e-06 0.037698 -0.131213 0.013637 0.603128 -3.974624 -10.769792 -0.558525 3.685157 -10.823777 -9.513893 -12.013056 4.980016 -50.085751 -24.100489 -6.171503 178.511566 -63.914341 -179.479858 19.475166 6.01009 -49.048481 -5.882108 9.861289 0.702591 -10.936876 -0.360575 7.156209 1e-06 8.774828 -0.0 -16.692581 17.623882 6.11218 -1.844034 2.498504 -2.507278 -10.163604 4.678947 4.621112 -20.97603 0.0 3e-06 -21.226295 2.451699 -3.594001 -0.0 -4e-06 -0.0 -1.362681 2.240799 -0.746324 -21.334925 0.58491 3.008325 -13.821218 -3e-06 4e-06 -23.887178 -0.249078 -0.839483 -62.115662 1.903556 -1.50482 -0.294024 1.679688 0.833257 -14.218215 0.093216 1.300582 -34.212059 -0.287562 0.967172 -20.033222 0.964538 1.212844 -1e-06 1e-06 -1e-06 -3.440391 0.788234 0.501656 -15.928194 -3.16731 2.999706 -6.338829 -1e-06 1e-06 -18.123453 3.648183 -4.905672 -5e-06 2e-06 -3e-06 2.781277 21.887196 9.589769 -63.908661 38.364685 -52.453938 -17.313103 74.444351 -10.391006 11.214787 -6.929944 75.736099 2.243539 -5.255036 -3.180158 14.28289 -0.826595 6.952505 -4e-06 -12.690602 2e-06 15.432254 -17.70426 4.205223 1.665666 -1.955921 -2.878298 4.727798 -4.170587 4.993925 11.020522 3e-06 -0.0 12.109052 -3.735716 -2.866782 1e-06 -1e-06 -0.0 1.291984 -1.92855 -1.498088 14.800125 0.567469 3.865609 14.242569 -1.341735 -6.660657 19.631966 0.143926 -0.648244 51.796402 -0.997593 -5.418967 0.353028 -1.511151 -0.031938 20.222788 3.68431 2.316631 18.78727 5e-06 -0.0 10.751627 -0.479869 1.397907 0.0 -1e-06 0.0 3.273806 0.305946 -0.58011 21.486813 11.830374 2.266134 8.162925 0.0 1e-06 18.39908 -3.798985 -4.940573 3e-06 1e-06 -2e-06 5.854359 22.709389 -0.801705 -0.074638 -0.316948 4.270045 -7.035649 4.879052 -4.598105 1.637724 -2.136625 0.115264 0.0 -0.0 2e-06 -5.605166 -14.014642 -5.424188 0.055475 0.281545 4.065044 9.097321 9.079586 0.953346 -1.348814 0.797271 0.022302 0.0 -0.0 -1e-06 
0.0 0.0 0.0 0.0 -0.0 0.0 0.050392 100.268951 0.916501 -0.782005 -9.267142 2.880035 -0.352503 0.285564 -2.870403 -0.36203 2.87348 -5.862291 -9.830478 -0.48978 10.234264 -15.422645 9.025141 1.972158 -0.583569 1.925849 -3.850893 -8.7477 2.29696 -13.110503 7.7e-05 -2.2e-05 6e-06 0.028125 -0.125491 0.017491 0.589048 -3.969853 -10.759986 -0.563513 3.691567 -10.812296 -9.47433 -12.046626 4.951262 -49.92086 -24.324183 -6.091661 178.239838 -64.006775 -179.267639 19.582533 5.947098 -49.109566 -5.882109 9.861286 0.702593 -10.936874 -0.360573 7.156209 -1e-06 8.774826 1e-06 -16.690439 17.662502 6.110352 -1.844033 2.498505 -2.507278 -10.163604 4.678946 4.62111 -20.976027 1e-06 4e-06 -21.226292 2.4517 -3.594 0.0 -5e-06 -1e-06 -1.362684 2.240798 -0.746324 -21.334919 0.584915 3.008326 -13.821217 -1e-06 4e-06 -23.887177 -0.249074 -0.839482 -62.243481 1.91471 -1.544699 -0.294025 1.679688 0.833256 -14.218214 0.093217 1.300582 -34.212059 -0.287559 0.96717 -20.033222 0.96454 1.212841 -0.0 0.0 -2e-06 -3.440391 0.788232 0.501656 -15.928189 -3.167307 2.999709 -6.338828 -0.0 2e-06 -18.123447 3.648186 -4.905668 -5e-06 1e-06 -3e-06 2.64476 21.907896 9.541876 -63.881798 38.139015 -52.450294 -17.048334 74.287888 -10.102857 10.927604 -6.869663 75.839111 2.243543 -5.25504 -3.180158 14.282892 -0.826595 6.952505 -1e-06 -12.690607 -2e-06 15.451871 -17.742889 4.187263 1.665666 -1.955923 -2.878299 4.727799 -4.170587 4.993925 11.020528 2e-06 -2e-06 12.109055 -3.735718 -2.866785 2e-06 -1e-06 0.0 1.291986 -1.92855 -1.498089 14.800127 0.567466 3.865608 14.242573 -1.341738 -6.66066 19.631969 0.143925 -0.648246 51.849152 -0.990427 -5.461181 0.353029 -1.511151 -0.031941 20.222797 3.684309 2.316632 18.787273 2e-06 -2e-06 10.751629 -0.479869 1.397906 0.0 0.0 0.0 3.273805 0.305946 -0.580111 21.486814 11.830377 2.266135 8.16293 0.0 -0.0 18.399084 -3.798987 -4.940576 3e-06 0.0 -2e-06 5.828103 22.701887 -0.865955 -0.072248 -0.330173 4.230405 -7.060458 4.803222 -4.53789 1.640902 -2.117954 0.098457 0.0 -0.0 2e-06 -5.602534 -14.18539 -5.442193 0.052909 0.27356 4.065787 9.094574 9.110041 0.91864 -1.349415 0.794014 0.023082 0.0 -0.0 -1e-06 
0.0 0.0 0.0 0.0 -0.0 0.0 0.020388 100.273689 0.902866 -0.751649 -9.155087 2.910981 -0.381722 0.300446 -2.848659 -0.387574 2.88483 -5.871125 -9.847146 -0.500496 10.290659 -15.59261 9.112225 1.965381 -0.538783 1.945707 -3.859367 -8.690678 2.403853 -13.022465 7.6e-05 -2.2e-05 6e-06 0.023251 -0.115495 0.021071 0.57971 -3.957413 -10.748563 -0.563713 3.698786 -10.797086 -9.429866 -12.066257 4.986238 -49.777065 -24.551451 -5.99321 177.90564 -64.05513 -179.01358 19.677076 5.856505 -49.175163 -5.882111 9.861292 0.702594 -10.93688 -0.360574 7.156212 -1e-06 8.774831 1e-06 -16.71055 17.690851 6.099625 -1.844034 2.498505 -2.507279 -10.163608 4.678948 4.621115 -20.976038 -0.0 6e-06 -21.226297 2.451703 -3.593997 -0.0 -5e-06 -1e-06 -1.362681 2.240801 -0.746322 -21.334927 0.584911 3.008326 -13.821221 -2e-06 4e-06 -23.887182 -0.249077 -0.839482 -62.347237 1.916018 -1.590698 -0.294026 1.679688 0.833257 -14.218219 0.093215 1.300583 -34.212074 -0.287558 0.967175 -20.033226 0.964541 1.212844 -0.0 1e-06 0.0 -3.44039 0.788234 0.501658 -15.9282 -3.167311 2.99971 -6.33883 -1e-06 1e-06 -18.123459 3.64819 -4.905669 -5e-06 2e-06 -2e-06 2.460323 21.983961 9.465547 -63.805676 37.889267 -52.205956 -17.177338 74.109978 -10.308956 10.73157 -6.741645 76.146683 2.243543 -5.255039 -3.18016 14.282896 -0.826595 6.952505 -3e-06 -12.690612 1e-06 15.458017 -17.744385 4.212153 1.665668 -1.955923 -2.8783 4.727799 -4.17059 4.993928 11.02053 2e-06 -2e-06 12.109056 -3.735719 -2.866786 2e-06 -1e-06 -0.0 1.291986 -1.92855 -1.498089 14.800134 0.567467 3.86561 14.242577 -1.341738 -6.660663 19.631973 0.143925 -0.648246 51.967216 -0.986422 -5.440363 0.353028 -1.511152 -0.031941 20.222797 3.684309 2.316632 18.787283 2e-06 -2e-06 10.751633 -0.479869 1.397906 -0.0 0.0 0.0 3.273807 0.305948 -0.580112 21.48682 11.830379 2.266135 8.16293 0.0 -0.0 18.399088 -3.798989 -4.940578 3e-06 1e-06 -2e-06 5.790607 22.652443 -0.896574 -0.074194 -0.328902 4.13903 -7.069952 4.787149 -4.456418 1.643376 -2.105186 0.073119 -0.0 -0.0 2e-06 -5.606369 -14.314723 -5.439883 0.049415 0.266638 4.022676 9.033587 9.13858 0.898318 -1.351781 0.79211 0.0205 0.0 -0.0 -1e-06 
0.0 0.0 0.0 0.0 -0.0 0.0 -0.001822 100.277367 0.896664 -0.720815 -9.082082 2.936829 -0.410137 0.327413 -2.83266 -0.412685 2.882853 -5.871677 -9.846985 -0.487309 10.329183 -15.703815 9.20497 1.995876 -0.514999 2.001232 -3.854203 -8.609665 2.497458 -12.883677 7.7e-05 -2.2e-05 6e-06 0.022495 -0.102942 0.027023 0.574287 -3.941967 -10.735527 -0.559626 3.708432 -10.778999 -9.409369 -12.085326 5.045464 -49.687561 -24.741394 -5.869448 177.673004 -64.095856 -178.80806 19.757742 5.762797 -49.26701 -5.882106 9.861287 0.702591 -10.936877 -0.360578 7.156206 2e-06 8.774828 -0.0 -16.751547 17.724714 6.097781 -1.844033 2.498505 -2.507279 -10.163603 4.678944 4.621112 -20.976025 -6e-06 6e-06 -21.226288 2.451697 -3.593996 0.0 -5e-06 -1e-06 -1.36268 2.240798 -0.746323 -21.334921 0.584907 3.008327 -13.821217 -4e-06 4e-06 -23.887175 -0.24908 -0.839479 -62.442307 1.905819 -1.625781 -0.294025 1.679687 0.833256 -14.21821 0.093214 1.300584 -34.212063 -0.287566 0.967178 -20.033218 0.964536 1.212847 0.0 0.0 0.0 -3.44039 0.788232 0.501655 -15.928191 -3.167314 2.999712 -6.338827 -2e-06 1e-06 -18.123444 3.648182 -4.905667 -5e-06 1e-06 -3e-06 2.27167 22.076889 9.409606 -63.738514 37.632854 -51.813591 -17.608093 73.874489 -10.920385 10.588344 -6.582128 76.758438 2.243542 -5.255037 -3.180158 14.28289 -0.826596 6.952503 -3e-06 -12.690605 1e-06 15.444015 -17.734632 4.285255 1.665667 -1.955922 -2.878298 4.7278 -4.170588 4.993926 11.020523 2e-06 -1e-06 12.109052 -3.735716 -2.866785 2e-06 -1e-06 1e-06 1.291985 -1.92855 -1.498089 14.800129 0.567467 3.865608 14.242575 -1.341737 -6.660658 19.631969 0.143924 -0.648245 52.13324 -0.989248 -5.367335 0.353028 -1.511151 -0.031941 20.22279 3.68431 2.316631 18.787273 3e-06 -1e-06 10.751629 -0.47987 1.397904 -0.0 0.0 -1e-06 3.273808 0.305947 -0.58011 21.486811 11.830372 2.266133 8.162928 0.0 -1e-06 18.399084 -3.798988 -4.940577 3e-06 1e-06 -2e-06 5.751137 22.601511 -0.906886 -0.078872 -0.317052 4.041145 -7.068788 4.792995 -4.384606 1.64335 -2.100251 0.052497 0.0 0.0 2e-06 -5.615906 -14.440507 -5.430478 0.049098 0.264355 3.962995 8.966567 9.197662 0.886546 -1.354526 0.793648 0.000205 0.0 0.0 -1e-06 
0.0 0.0 0.0 0.0 -0.0 0.0 -0.020559 100.275612 0.89689 -0.68729 -9.016459 2.974741 -0.435758 0.362828 -2.836838 -0.426415 2.876166 -5.870461 -9.844799 -0.453909 10.350074 -15.752585 9.313382 2.070755 -0.517614 2.035468 -3.840086 -8.520345 2.579421 -12.712915 7.7e-05 -2.3e-05 6e-06 0.021801 -0.094263 0.033128 0.572319 -3.931757 -10.720677 -0.558775 3.715992 -10.761655 -9.433007 -12.152247 5.103561 -49.684132 -24.852205 -5.754732 177.65506 -64.138618 -178.715546 19.84034 5.732648 -49.38641 -5.882108 9.861288 0.702591 -10.936873 -0.360574 7.156207 -1e-06 8.774828 -1e-06 -16.783411 17.739948 6.100855 -1.844033 2.498505 -2.50728 -10.1636 4.678946 4.621111 -20.976027 1e-06 2e-06 -21.226288 2.451698 -3.594 0.0 -4e-06 -1e-06 -1.362682 2.2408 -0.746323 -21.334917 0.584912 3.008324 -13.821217 -1e-06 3e-06 -23.887175 -0.249076 -0.839484 -62.515102 1.891928 -1.644313 -0.294025 1.679688 0.833256 -14.218212 0.093215 1.300581 -34.212059 -0.287559 0.967171 -20.033218 0.964538 1.212843 -0.0 1e-06 0.0 -3.44039 0.788234 0.501656 -15.928185 -3.167308 2.999708 -6.338826 -0.0 1e-06 -18.123444 3.648185 -4.905672 -5e-06 1e-06 -3e-06 2.093686 22.147858 9.370187 -63.679699 37.39817 -51.352161 -18.16057 73.575371 -11.643345 10.512647 -6.406662 77.35865 2.243541 -5.255036 -3.180156 14.282887 -0.826595 6.952501 -0.0 -12.690601 -1e-06 15.464765 -17.769079 4.359425 1.665667 -1.95592 -2.878298 4.727798 -4.170587 4.993921 11.020522 2e-06 -2e-06 12.109048 -3.735717 -2.866784 1e-06 0.0 1e-06 1.291986 -1.928548 -1.498089 14.800122 0.567467 3.865606 14.242566 -1.341738 -6.660656 19.631958 0.143924 -0.648245 52.387402 -0.992183 -5.297173 0.353029 -1.51115 -0.031939 20.222784 3.684307 2.31663 18.787266 3e-06 -1e-06 10.751622 -0.479869 1.397906 0.0 0.0 0.0 3.273806 0.305946 -0.580109 21.486801 11.83037 2.266134 8.162923 0.0 -1e-06 18.399075 -3.798986 -4.940575 3e-06 1e-06 -2e-06 5.703488 22.535151 -0.967086 -0.08422 -0.30318 4.029698 -7.067983 4.815079 -4.365375 1.641104 -2.10699 0.045847 -0.0 -0.0 2e-06 -5.631504 -14.569486 -5.431821 0.053789 0.261138 3.900197 8.918457 9.267758 0.856064 -1.357314 0.795962 -0.035816 -0.0 -0.0 -1e-06 
0.0 0.0 0.0 0.0 -0.0 0.0 -0.032296 100.270676 0.912898 -0.651277 -8.955069 3.030545 -0.455673 0.395323 -2.868811 -0.427515 2.875852 -5.868384 -9.855847 -0.424363 10.353506 -15.750113 9.412093 2.173818 -0.549821 2.067251 -3.822702 -8.410365 2.641145 -12.552279 7.7e-05 -2.2e-05 6e-06 0.025904 -0.098415 0.037057 0.579208 -3.935963 -10.712182 -0.557255 3.71269 -10.752093 -9.485178 -12.240846 5.126588 -49.781681 -24.878376 -5.658957 177.86084 -64.192566 -178.785721 19.904411 5.772454 -49.585938 -5.882107 9.861286 0.702589 -10.936872 -0.360574 7.156207 -1e-06 8.774824 -2e-06 -16.786085 17.748518 6.131572 -1.844032 2.498505 -2.507278 -10.163597 4.678944 4.621108 -20.976023 -1e-06 -1e-06 -21.226288 2.451697 -3.594004 0.0 -5e-06 -1e-06 -1.362684 2.240798 -0.746323 -21.334909 0.584912 3.008323 -13.821213 -2e-06 2e-06 -23.887169 -0.249078 -0.839487 -62.552582 1.897375 -1.63355 -0.294025 1.679687 0.833255 -14.218205 0.093214 1.300579 -34.212048 -0.287563 0.967169 -20.033211 0.964539 1.212843 -0.0 1e-06 -1e-06 -3.440387 0.788234 0.501656 -15.928185 -3.167309 2.999707 -6.338825 -1e-06 1e-06 -18.123444 3.648182 -4.905673 -6e-06 2e-06 -3e-06 1.912092 22.211721 9.304484 -63.572403 37.261723 -50.95208 -18.644421 73.25843 -12.220415 10.508786 -6.287148 77.959045 2.24354 -5.255038 -3.180158 14.28289 -0.826594 6.952504 -2e-06 -12.690603 -3e-06 15.514312 -17.852219 4.402792 1.665667 -1.955921 -2.878299 4.727798 -4.170587 4.993922 11.020527 3e-06 -1e-06 12.109052 -3.735716 -2.866785 1e-06 0.0 1e-06 1.291987 -1.928549 -1.49809 14.800129 0.567469 3.865607 14.242569 -1.341738 -6.660657 19.631968 0.143927 -0.648243 52.677097 -0.996956 -5.261137 0.353028 -1.511151 -0.031941 20.22279 3.684312 2.316632 18.787273 4e-06 -1e-06 10.751629 -0.479867 1.397906 -0.0 0.0 1e-06 3.273806 0.305947 -0.580112 21.486813 11.830376 2.266135 8.162928 2e-06 -1e-06 18.399084 -3.798984 -4.940576 3e-06 0.0 -2e-06 5.641359 22.472235 -1.061414 -0.085463 -0.291156 4.062564 -7.068892 4.822487 -4.3792 1.637528 -2.119178 0.052984 0.0 0.0 2e-06 -5.651569 -14.701944 -5.440826 0.057846 0.261114 3.821666 8.909281 9.339842 0.82089 -1.360038 0.797267 -0.059653 0.0 -0.0 -1e-06 
0.0 0.0 0.0 0.0 -0.0 0.0 -0.035378 100.263641 0.931978 -0.622522 -8.899629 3.086702 -0.466541 0.411713 -2.905195 -0.420244 2.883333 -5.86933 -9.873998 -0.414662 10.352596 -15.729071 9.457276 2.258615 -0.567983 2.131143 -3.810128 -8.311115 2.705799 -12.451648 7.7e-05 -2.2e-05 6e-06 0.038078 -0.112663 0.036752 0.597024 -3.95199 -10.713266 -0.550463 3.701009 -10.750994 -9.510506 -12.310619 5.090928 -49.987087 -24.842981 -5.53539 178.131805 -64.249039 -178.959549 19.910189 5.830284 -49.661785 -5.88211 9.86129 0.702592 -10.936877 -0.360572 7.156209 -0.0 8.774831 -0.0 -16.764933 17.769474 6.183146 -1.844032 2.498506 -2.507278 -10.163602 4.67895 4.621113 -20.97603 -0.0 5e-06 -21.226292 2.451702 -3.593999 0.0 -5e-06 -0.0 -1.362681 2.240799 -0.746323 -21.334925 0.584914 3.008329 -13.821218 -0.0 4e-06 -23.887178 -0.249073 -0.839483 -62.564091 1.907785 -1.609197 -0.294025 1.679689 0.833257 -14.218214 0.093217 1.300583 -34.212055 -0.287557 0.967175 -20.033222 0.96454 1.212843 -0.0 0.0 -1e-06 -3.44039 0.788235 0.501655 -15.928192 -3.16731 2.999712 -6.338829 -0.0 1e-06 -18.123457 3.648189 -4.90567 -5e-06 2e-06 -3e-06 1.756333 22.26499 9.239029 -63.431026 37.236271 -50.906162 -18.500717 73.042435 -12.135997 10.617237 -6.267535 78.814682 2.243544 -5.255039 -3.18016 14.282891 -0.826597 6.952506 -2e-06 -12.69061 1e-06 15.552759 -17.924593 4.404007 1.665668 -1.955922 -2.8783 4.7278 -4.17059 4.993927 11.020528 2e-06 -2e-06 12.109055 -3.73572 -2.866785 2e-06 0.0 1e-06 1.291987 -1.92855 -1.498091 14.800132 0.567466 3.865609 14.242573 -1.341739 -6.660661 19.631969 0.143924 -0.648247 52.896755 -1.001893 -5.264484 0.35303 -1.511152 -0.03194 20.222797 3.684308 2.316631 18.787277 3e-06 -2e-06 10.751632 -0.479871 1.397906 -0.0 0.0 0.0 3.273806 0.305947 -0.58011 21.486818 11.830379 2.266133 8.162928 -0.0 1e-06 18.39909 -3.79899 -4.940578 3e-06 1e-06 -2e-06 5.58246 22.419916 -1.17893 -0.082448 -0.28379 4.151981 -7.062427 4.805553 -4.425731 1.634172 -2.127635 0.091855 -0.0 0.0 2e-06 -5.667404 -14.796684 -5.448472 0.055897 0.261643 3.736263 8.923182 9.340328 0.787705 -1.361474 0.798697 -0.060944 -0.0 -0.0 -1e-06 
0.0 0.0 0.0 0.0 -0.0 0.0 -0.030748 100.252151 0.945253 -0.598098 -8.835656 3.115335 -0.471995 0.409566 -2.928882 -0.411016 2.881984 -5.864583 -9.884953 -0.401359 10.353711 -15.709017 9.453274 2.319707 -0.560074 2.20669 -3.808792 -8.231719 2.759828 -12.391756 7.7e-05 -2.3e-05 6e-06 0.053466 -0.129783 0.033569 0.618737 -3.971352 -10.723249 -0.540963 3.686629 -10.757169 -9.492483 -12.358911 5.06066 -50.265072 -24.803959 -5.431567 178.468658 -64.32077 -179.257858 19.882498 5.872365 -49.747299 -5.882106 9.861286 0.70259 -10.936874 -0.360577 7.156208 2e-06 8.774827 -1e-06 -16.749041 17.793339 6.23625 -1.844032 2.498505 -2.507279 -10.163602 4.678945 4.621109 -20.976027 -5e-06 3e-06 -21.22629 2.451695 -3.593999 0.0 -5e-06 -0.0 -1.36268 2.240799 -0.746324 -21.334919 0.584907 3.008325 -13.821215 -5e-06 3e-06 -23.887171 -0.249082 -0.83948 -62.549534 1.907076 -1.569601 -0.294025 1.679688 0.833255 -14.218214 0.093212 1.300582 -34.212063 -0.287567 0.967172 -20.033218 0.964535 1.212847 -0.0 0.0 -1e-06 -3.440389 0.788232 0.501654 -15.928189 -3.167314 2.999709 -6.338826 -2e-06 1e-06 -18.123447 3.648182 -4.90567 -5e-06 1e-06 -3e-06 1.599352 22.295216 9.158762 -63.221638 37.305904 -51.08559 -17.997814 72.936249 -11.627682 10.8385 -6.263379 79.723526 2.243542 -5.255041 -3.180159 14.282896 -0.826597 6.952506 -1e-06 -12.69061 1e-06 15.583694 -17.951859 4.384681 1.665667 -1.955923 -2.878301 4.727802 -4.170591 4.993928 11.020531 1e-06 -2e-06 12.109056 -3.735722 -2.866785 1e-06 0.0 1e-06 1.291985 -1.928551 -1.498089 14.800136 0.567465 3.865609 14.242578 -1.341739 -6.660663 19.631975 0.143924 -0.648247 53.003395 -1.019224 -5.274184 0.353028 -1.511151 -0.03194 20.222801 3.684308 2.316631 18.787283 3e-06 -1e-06 10.751633 -0.47987 1.397906 0.0 0.0 0.0 3.273808 0.305947 -0.580109 21.486822 11.830379 2.266134 8.162933 0.0 -1e-06 18.399097 -3.798991 -4.94058 4e-06 1e-06 -2e-06 5.536967 22.353922 -1.303374 -0.078607 -0.281872 4.322387 -7.064415 4.78002 -4.517003 1.632178 -2.136505 0.133504 -0.0 -0.0 2e-06 -5.689912 -14.848319 -5.453637 0.050662 0.25744 3.715482 8.907444 9.28901 0.711612 -1.362439 0.797742 -0.04534 -0.0 -0.0 -1e-06 
0.0 0.0 0.0 0.0 -0.0 0.0 -0.008905 100.244774 0.964045 -0.580463 -8.794436 3.11735 -0.464288 0.402004 -2.946673 -0.398845 2.888895 -5.861029 -9.88502 -0.390921 10.363842 -15.714523 9.444762 2.383398 -0.536764 2.246331 -3.817658 -8.172048 2.773102 -12.378493 7.7e-05 -2.3e-05 6e-06 0.063632 -0.131168 0.028873 0.636816 -3.974674 -10.736401 -0.538303 3.687682 -10.771147 -9.468193 -12.385571 5.052081 -50.529648 -24.769972 -5.37237 178.797073 -64.393547 -179.562561 19.838158 5.891782 -49.937809 -5.882104 9.861286 0.702593 -10.936873 -0.360576 7.156208 -1e-06 8.774826 -1e-06 -16.747801 17.78056 6.253829 -1.844032 2.498504 -2.507278 -10.163601 4.678944 4.62111 -20.976027 -4e-06 7e-06 -21.226288 2.451698 -3.593996 0.0 -5e-06 -1e-06 -1.362681 2.240799 -0.746323 -21.334915 0.584908 3.008328 -13.821213 -4e-06 6e-06 -23.887171 -0.249077 -0.839477 -62.492508 1.919028 -1.555775 -0.294022 1.679688 0.833257 -14.218207 0.093214 1.300583 -34.212048 -0.287566 0.967178 -20.033215 0.964539 1.212848 -0.0 0.0 -1e-06 -3.440388 0.788233 0.501656 -15.928189 -3.167313 2.99971 -6.338826 -1e-06 3e-06 -18.123444 3.648185 -4.905666 -5e-06 2e-06 -3e-06 1.483646 22.299532 9.119412 -63.02034 37.413754 -51.20953 -17.790667 72.857735 -11.379314 11.020675 -6.175827 80.430733 2.243541 -5.255038 -3.180159 14.282891 -0.826596 6.952506 -2e-06 -12.690609 -1e-06 15.603947 -17.974155 4.377388 1.665664 -1.955922 -2.878301 4.727797 -4.170589 4.993926 11.02053 5e-06 -1e-06 12.109056 -3.735717 -2.866786 1e-06 1e-06 0.0 1.291985 -1.928551 -1.498088 14.800129 0.567467 3.865608 14.242573 -1.341738 -6.660662 19.631973 0.143926 -0.648248 53.046288 -1.042076 -5.280273 0.353028 -1.511152 -0.031941 20.222792 3.684309 2.316628 18.787273 4e-06 -1e-06 10.75163 -0.479869 1.397906 -0.0 0.0 -0.0 3.273808 0.305946 -0.580111 21.486816 11.830376 2.266133 8.162928 1e-06 0.0 18.399084 -3.798989 -4.940578 3e-06 1e-06 -2e-06 5.498442 22.264568 -1.347318 -0.077242 -0.281607 4.407413 -7.054467 4.775493 -4.581707 1.63224 -2.140974 0.150417 -0.0 -0.0 2e-06 -5.724055 -14.845684 -5.450269 0.046512 0.252291 3.742869 8.868535 9.227424 0.644024 -1.36314 0.792527 -0.039609 -0.0 -0.0 -1e-06 
0.0 0.0 0.0 0.0 -0.0 0.0 0.03118 100.246834 0.987079 -0.567585 -8.797311 3.098001 -0.439031 0.390359 -2.959191 -0.38825 2.905863 -5.862703 -9.869458 -0.384759 10.381597 -15.739017 9.427826 2.426316 -0.501512 2.27406 -3.831069 -8.091471 2.733849 -12.404427 7.7e-05 -2.3e-05 6e-06 0.06906 -0.127878 0.026253 0.652597 -3.971931 -10.745425 -0.542915 3.692073 -10.784056 -9.417198 -12.379105 5.045695 -50.798428 -24.731564 -5.26677 178.919113 -64.438423 -179.690903 19.804323 5.861445 -50.05228 -5.882107 9.861292 0.702591 -10.93688 -0.360578 7.156213 0.0 8.774831 -3e-06 -16.736315 17.746969 6.24866 -1.844033 2.498506 -2.507279 -10.163608 4.678946 4.621113 -20.97604 -4e-06 9e-06 -21.226301 2.451699 -3.593997 0.0 -4e-06 -0.0 -1.362683 2.240798 -0.746324 -21.334934 0.584907 3.008332 -13.821226 -2e-06 7e-06 -23.887188 -0.249078 -0.839477 -62.44857 1.929743 -1.573138 -0.294023 1.679688 0.833257 -14.218221 0.093212 1.300586 -34.212082 -0.287563 0.96718 -20.033232 0.96454 1.212849 -0.0 1e-06 0.0 -3.440393 0.788233 0.501657 -15.928201 -3.167314 2.999713 -6.338832 -2e-06 3e-06 -18.123457 3.648185 -4.905667 -5e-06 2e-06 -2e-06 1.385311 22.294327 9.103149 -62.822483 37.576107 -51.151791 -18.206789 72.792984 -11.743102 11.107001 -6.105681 80.998993 2.243542 -5.255039 -3.18016 14.282895 -0.826599 6.952507 -1e-06 -12.690612 4e-06 15.578343 -17.973969 4.392042 1.665667 -1.955922 -2.8783 4.727799 -4.170592 4.993928 11.020529 1e-06 0.0 12.109053 -3.73572 -2.866785 2e-06 -0.0 0.0 1.291986 -1.928551 -1.49809 14.800134 0.567463 3.86561 14.242577 -1.341737 -6.66066 19.631969 0.143923 -0.648246 53.074429 -1.065808 -5.286478 0.353028 -1.511152 -0.031939 20.222795 3.684307 2.316632 18.787277 -1e-06 -2e-06 10.751632 -0.479871 1.397906 0.0 0.0 -0.0 3.273806 0.305947 -0.58011 21.486818 11.830376 2.266132 8.16293 -1e-06 -0.0 18.399092 -3.798993 -4.940577 3e-06 0.0 -2e-06 5.462569 22.207661 -1.269104 -0.077976 -0.278593 4.308673 -7.010439 4.757699 -4.563139 1.631664 -2.138193 0.147145 -0.0 -1e-06 2e-06 -5.772044 -14.811934 -5.370259 0.043493 0.250199 3.63708 8.83581 9.16783 0.681351 -1.362253 0.783096 -0.054156 0.0 -0.0 -1e-06 
0.0 0.0 0.0 0.0 -0.0 0.0 0.085926 100.251808 1.018473 -0.554549 -8.842486 3.061381 -0.400598 0.377619 -2.961715 -0.384054 2.911907 -5.870221 -9.82769 -0.369908 10.397022 -15.771424 9.396762 2.457359 -0.450724 2.329633 -3.849272 -8.033533 2.665071 -12.46117 7.7e-05 -2.2e-05 6e-06 0.070759 -0.122181 0.025497 0.664649 -3.965508 -10.752614 -0.551256 3.697425 -10.796626 -9.360296 -12.342906 5.056186 -51.060444 -24.69315 -5.125752 178.84639 -64.480011 -179.655426 19.829813 5.790872 -49.840736 -5.882106 9.861283 0.702589 -10.936868 -0.360576 7.156204 -1e-06 8.774821 -3e-06 -16.701113 17.710443 6.243315 -1.844033 2.498504 -2.507277 -10.163595 4.678944 4.621107 -20.976021 -3e-06 2e-06 -21.226282 2.451696 -3.593999 0.0 -4e-06 -1e-06 -1.362682 2.240798 -0.746323 -21.334906 0.584911 3.008322 -13.821208 -3e-06 1e-06 -23.887161 -0.249081 -0.839484 -62.437374 1.923186 -1.604239 -0.294023 1.679687 0.833256 -14.218205 0.093214 1.300581 -34.212048 -0.287565 0.967171 -20.033211 0.964534 1.212843 -0.0 1e-06 -0.0 -3.440388 0.788233 0.501654 -15.928185 -3.16731 2.999707 -6.338824 -1e-06 1e-06 -18.123444 3.648182 -4.905671 -5e-06 1e-06 -3e-06 1.301567 22.302059 9.119735 -62.654438 37.78212 -51.085548 -18.752413 72.765457 -12.280265 11.165266 -6.138648 81.461319 2.24354 -5.255036 -3.180155 14.282887 -0.826594 6.952502 -2e-06 -12.690601 0.0 15.501804 -17.906794 4.417864 1.665666 -1.955921 -2.878299 4.727798 -4.170586 4.993925 11.020519 2e-06 -1e-06 12.109046 -3.735716 -2.866784 1e-06 0.0 0.0 1.291984 -1.928548 -1.498089 14.800125 0.567468 3.865606 14.242565 -1.341738 -6.660655 19.631958 0.143925 -0.648244 53.042824 -1.062487 -5.271838 0.353028 -1.51115 -0.03194 20.222786 3.684308 2.31663 18.787268 3e-06 0.0 10.751624 -0.47987 1.397906 0.0 0.0 -0.0 3.273806 0.305947 -0.580111 21.486801 11.830368 2.266132 8.162924 0.0 -0.0 18.399076 -3.798986 -4.940573 3e-06 1e-06 -2e-06 5.427436 22.19323 -1.118727 -0.081021 -0.270825 4.12526 -6.952387 4.732941 -4.512013 1.631466 -2.128472 0.144944 -0.0 -1e-06 2e-06 -5.834068 -14.760982 -5.261631 0.043016 0.248001 3.493001 8.820575 9.129165 0.762258 -1.361413 0.777082 -0.055915 0.0 -0.0 -1e-06 
0.0 0.0 0.0 0.0 -0.0 0.0 0.148108 100.257828 1.052247 -0.544047 -8.928473 3.011456 -0.352985 0.372263 -2.955986 -0.379082 2.901536 -5.875272 -9.765656 -0.365902 10.409127 -15.796805 9.378775 2.472038 -0.401946 2.378129 -3.86016 -7.97917 2.636048 -12.512721 7.7e-05 -2.2e-05 6e-06 0.065544 -0.120529 0.026633 0.66445 -3.963945 -10.755643 -0.561451 3.698896 -10.803358 -9.304855 -12.282916 5.063967 -51.315857 -24.631548 -4.926485 178.553879 -64.510963 -179.429916 19.906483 5.675093 -49.397797 -5.882108 9.861293 0.702591 -10.936881 -0.360574 7.156212 0.0 8.774833 -1e-06 -16.648993 17.699482 6.254166 -1.844032 2.498507 -2.507278 -10.163607 4.678948 4.621114 -20.97604 -3e-06 7e-06 -21.226301 2.451701 -3.593998 -0.0 -5e-06 -0.0 -1.362682 2.2408 -0.746324 -21.33493 0.584909 3.008329 -13.821223 -3e-06 5e-06 -23.887184 -0.249076 -0.839478 -62.47057 1.918622 -1.648407 -0.294027 1.679688 0.833258 -14.218219 0.093213 1.300585 -34.212074 -0.287563 0.967178 -20.03323 0.964539 1.212848 -0.0 1e-06 -1e-06 -3.440391 0.788234 0.501657 -15.928203 -3.167316 2.999712 -6.338833 -2e-06 3e-06 -18.123459 3.648185 -4.90567 -5e-06 2e-06 -3e-06 1.244876 22.324793 9.145522 -62.573666 38.054367 -51.170475 -19.071365 72.748062 -12.616351 11.183337 -6.247187 81.942574 2.243542 -5.255042 -3.180159 14.2829 -0.826598 6.952511 -1e-06 -12.690617 1e-06 15.372196 -17.842472 4.465696 1.665668 -1.955922 -2.878302 4.7278 -4.170592 4.993931 11.020535 3e-06 -1e-06 12.10906 -3.735719 -2.866785 1e-06 1e-06 0.0 1.291985 -1.92855 -1.49809 14.800139 0.567468 3.865614 14.242581 -1.341737 -6.660661 19.631979 0.143926 -0.648245 52.940868 -1.060687 -5.251956 0.353031 -1.511152 -0.03194 20.222805 3.684312 2.316633 18.787287 3e-06 2e-06 10.751634 -0.47987 1.397909 -0.0 1e-06 -0.0 3.273806 0.305945 -0.580111 21.48683 11.830384 2.266135 8.162934 1e-06 1e-06 18.399099 -3.798991 -4.940578 3e-06 0.0 -2e-06 5.39701 22.252234 -0.923016 -0.085482 -0.271569 3.903615 -6.895921 4.707013 -4.448396 1.630759 -2.115056 0.143312 0.0 -1e-06 2e-06 -5.902471 -14.684661 -5.156604 0.044177 0.238425 3.371943 8.836087 9.104854 0.859184 -1.360018 0.78066 -0.040699 -0.0 -0.0 -1e-06 
0.0 0.0 0.0 0.0 -0.0 0.0 0.207438 100.265228 1.080821 -0.538366 -9.037669 2.957218 -0.30076 0.365537 -2.947773 -0.369913 2.881684 -5.878155 -9.695478 -0.35654 10.424504 -15.811237 9.35739 2.478572 -0.334197 2.378235 -3.86366 -7.899648 2.671708 -12.56727 7.7e-05 -2.2e-05 5e-06 0.057193 -0.127218 0.03024 0.655904 -3.972669 -10.753218 -0.569537 3.693403 -10.801068 -9.254867 -12.240279 5.040313 -51.549061 -24.547537 -4.727033 178.213089 -64.556259 -179.149277 19.998032 5.57319 -49.055244 -5.882102 9.861281 0.702587 -10.936866 -0.360578 7.1562 1e-06 8.774822 -2e-06 -16.63217 17.7264 6.292382 -1.844031 2.498504 -2.507278 -10.163594 4.67894 4.621104 -20.976013 -6e-06 1e-06 -21.226273 2.451692 -3.593999 -0.0 -5e-06 -0.0 -1.362681 2.240798 -0.746322 -21.334906 0.584905 3.008319 -13.821206 -5e-06 3e-06 -23.887159 -0.249082 -0.839481 -62.541733 1.938237 -1.668062 -0.294024 1.679687 0.833255 -14.2182 0.093212 1.300579 -34.212032 -0.287569 0.967172 -20.033203 0.964533 1.212845 -0.0 1e-06 -1e-06 -3.440386 0.788232 0.501655 -15.928179 -3.167312 2.999705 -6.338822 -2e-06 -0.0 -18.123436 3.648177 -4.905669 -5e-06 1e-06 -3e-06 1.224567 22.322182 9.175968 -62.655342 38.323792 -51.397255 -19.189697 72.673813 -12.823572 11.164882 -6.380123 82.40062 2.243543 -5.255037 -3.180158 14.282892 -0.826596 6.952507 -3e-06 -12.690608 1e-06 15.245657 -17.829037 4.504555 1.665666 -1.955921 -2.878299 4.7278 -4.170589 4.993926 11.020526 3e-06 0.0 12.109052 -3.735717 -2.866784 1e-06 0.0 0.0 1.291985 -1.92855 -1.49809 14.800129 0.567469 3.86561 14.242573 -1.341736 -6.660659 19.631973 0.143926 -0.648243 52.79911 -1.066355 -5.264098 0.353027 -1.511152 -0.031938 20.222792 3.68431 2.316631 18.787273 3e-06 1e-06 10.751628 -0.479871 1.397907 -0.0 0.0 -0.0 3.273807 0.305947 -0.580111 21.486816 11.830379 2.266137 8.16293 -0.0 -1e-06 18.39909 -3.798988 -4.940574 3e-06 1e-06 -2e-06 5.372609 22.349747 -0.714838 -0.086799 -0.277062 3.672627 -6.858424 4.681157 -4.377226 1.629197 -2.097188 0.143161 0.0 -0.0 2e-06 -5.966527 -14.618922 -5.082287 0.045681 0.229265 3.317229 8.876753 9.091889 0.955366 -1.35905 0.790509 -0.028311 0.0 -0.0 -1e-06 
0.0 0.0 0.0 0.0 -0.0 0.0 0.262296 100.269676 1.105105 -0.541209 -9.159426 2.908314 -0.243671 0.353562 -2.927682 -0.355408 2.853793 -5.879506 -9.635572 -0.351286 10.435914 -15.808208 9.328762 2.483884 -0.253989 2.341957 -3.863177 -7.802406 2.750298 -12.649191 7.6e-05 -2.2e-05 6e-06 0.048874 -0.136409 0.034183 0.643435 -3.984475 -10.749204 -0.573694 3.68588 -10.794319 -9.224556 -12.211869 4.99502 -51.746975 -24.465054 -4.610998 177.960556 -64.620682 -178.941498 20.024677 5.488204 -48.889732 -5.882106 9.861284 0.702592 -10.93687 -0.360573 7.156211 0.0 8.774824 -0.0 -16.634287 17.771809 6.349918 -1.844032 2.498504 -2.507277 -10.1636 4.678946 4.621111 -20.976021 -0.0 4e-06 -21.226286 2.4517 -3.593999 0.0 -5e-06 -1e-06 -1.362681 2.240798 -0.746324 -21.334911 0.584911 3.008326 -13.821213 -1e-06 4e-06 -23.887167 -0.249075 -0.839482 -62.574383 1.981945 -1.641812 -0.294023 1.679689 0.833257 -14.218205 0.093217 1.300582 -34.212048 -0.28756 0.967172 -20.033211 0.96454 1.212843 -0.0 1e-06 -1e-06 -3.440388 0.788233 0.501654 -15.928185 -3.167308 2.999709 -6.338825 -0.0 1e-06 -18.123444 3.648186 -4.905669 -5e-06 2e-06 -3e-06 1.209017 22.310747 9.182599 -62.866047 38.528648 -51.708069 -19.234961 72.545631 -12.962248 11.159514 -6.443985 82.55619 2.243541 -5.255035 -3.180156 14.282887 -0.826593 6.952501 -2e-06 -12.690598 -2e-06 15.178763 -17.81566 4.506165 1.665667 -1.95592 -2.878299 4.727796 -4.170586 4.993924 11.02052 4e-06 -1e-06 12.109046 -3.735714 -2.866783 1e-06 1e-06 0.0 1.291985 -1.92855 -1.498089 14.800122 0.567468 3.865606 14.242566 -1.341734 -6.660655 19.631954 0.143928 -0.648243 52.661926 -1.080626 -5.293703 0.353031 -1.51115 -0.031938 20.222786 3.684309 2.31663 18.787268 5e-06 0.0 10.751625 -0.479869 1.397906 -0.0 0.0 -0.0 3.273805 0.305945 -0.58011 21.486809 11.830369 2.266134 8.162924 1e-06 0.0 18.399078 -3.798982 -4.940575 3e-06 0.0 -2e-06 5.355324 22.455402 -0.553581 -0.083792 -0.285898 3.529327 -6.8485 4.666432 -4.350975 1.627908 -2.079242 0.143755 0.0 -1e-06 2e-06 -6.013481 -14.540584 -5.024473 0.047587 0.222451 3.267663 8.924297 9.053564 1.044593 -1.359594 0.798882 -0.003716 -0.0 -0.0 -1e-06 
0.0 0.0 0.0 0.0 -0.0 0.0 0.316078 100.268364 1.125959 -0.558633 -9.325823 2.861444 -0.192614 0.333543 -2.887058 -0.3337 2.828575 -5.87209 -9.59027 -0.348168 10.422865 -15.770949 9.263881 2.489907 -0.180563 2.324433 -3.862314 -7.672542 2.819395 -12.795489 7.7e-05 -2.2e-05 6e-06 0.045611 -0.146424 0.036035 0.636755 -3.995386 -10.748323 -0.573507 3.676014 -10.787135 -9.203494 -12.183877 4.940162 -51.909103 -24.340267 -4.542486 177.676331 -64.645866 -178.725357 19.994518 5.373592 -48.73653 -5.882105 9.861284 0.702589 -10.936872 -0.360575 7.156207 0.0 8.774826 -0.0 -16.634604 17.811264 6.405285 -1.844032 2.498504 -2.507277 -10.163601 4.678945 4.621109 -20.976023 -3e-06 3e-06 -21.226286 2.451695 -3.593996 -0.0 -5e-06 -0.0 -1.362683 2.240796 -0.746324 -21.334917 0.584909 3.008326 -13.821213 -2e-06 4e-06 -23.887171 -0.249077 -0.83948 -62.535526 2.023961 -1.602035 -0.294026 1.679686 0.833256 -14.21821 0.093214 1.300582 -34.212051 -0.287563 0.967173 -20.033211 0.964536 1.212845 -1e-06 1e-06 -1e-06 -3.440387 0.788233 0.501656 -15.928187 -3.167309 2.999709 -6.338826 -1e-06 1e-06 -18.123446 3.648182 -4.905669 -5e-06 2e-06 -3e-06 1.197587 22.301352 9.166434 -63.137253 38.66843 -52.090286 -19.295248 72.373337 -13.119248 11.230889 -6.48977 82.47319 2.243541 -5.255034 -3.180157 14.282887 -0.826596 6.952505 -4e-06 -12.690603 2e-06 15.158037 -17.815895 4.479486 1.665665 -1.955921 -2.878298 4.727797 -4.170587 4.993926 11.020524 4e-06 -1e-06 12.10905 -3.735715 -2.866781 1e-06 0.0 0.0 1.291986 -1.928548 -1.498088 14.800125 0.567467 3.865609 14.242566 -1.341736 -6.660655 19.631966 0.143925 -0.648242 52.555523 -1.100517 -5.340272 0.353031 -1.511149 -0.03194 20.222788 3.684309 2.316633 18.787271 4e-06 1e-06 10.751629 -0.479869 1.397907 -0.0 0.0 -0.0 3.273808 0.305947 -0.58011 21.486813 11.830376 2.266133 8.162926 0.0 -1e-06 18.39908 -3.798987 -4.940572 3e-06 0.0 -3e-06 5.352937 22.547714 -0.442935 -0.076398 -0.292628 3.508493 -6.855779 4.722763 -4.401869 1.628803 -2.064478 0.148099 0.0 -1e-06 2e-06 -6.036845 -14.392071 -4.988035 0.046679 0.227595 3.226771 8.955271 8.98459 1.113597 -1.360517 0.803365 0.025914 0.0 -0.0 -1e-06 
0.0 0.0 0.0 0.0 -0.0 0.0 0.370918 100.265457 1.139884 -0.590876 -9.540337 2.821368 -0.148322 0.318378 -2.837213 -0.312339 2.80466 -5.85563 -9.564546 -0.328127 10.394835 -15.695898 9.174589 2.490666 -0.115758 2.337049 -3.864474 -7.497479 2.856542 -12.952477 7.6e-05 -2.2e-05 6e-06 0.046041 -0.157136 0.035895 0.635728 -4.005865 -10.750878 -0.571428 3.664565 -10.781035 -9.192901 -12.179312 4.913701 -52.031952 -24.191582 -4.5735 177.436218 -64.629463 -178.554459 19.927925 5.22129 -48.476158 -5.882108 9.861295 0.702593 -10.936881 -0.360575 7.156214 0.0 8.774833 -1e-06 -16.633867 17.824284 6.42753 -1.844034 2.498506 -2.507278 -10.163607 4.67895 4.621115 -20.976038 1e-06 6e-06 -21.226301 2.451701 -3.594001 0.0 -5e-06 -1e-06 -1.362683 2.240799 -0.746324 -21.334929 0.584913 3.008328 -13.821223 -1e-06 6e-06 -23.887186 -0.249075 -0.839482 -62.446823 2.033643 -1.559462 -0.294028 1.679687 0.833257 -14.218221 0.093215 1.300584 -34.212074 -0.287558 0.967175 -20.033228 0.964541 1.212845 -0.0 1e-06 0.0 -3.44039 0.788234 0.501656 -15.928196 -3.16731 2.999711 -6.338831 -1e-06 1e-06 -18.123457 3.648189 -4.905672 -5e-06 1e-06 -3e-06 1.164114 22.271654 9.138537 -63.415836 38.711601 -52.499428 -19.44079 72.169243 -13.302661 11.349377 -6.529354 82.039764 2.243543 -5.255034 -3.180157 14.282883 -0.826597 6.952503 -3e-06 -12.6906 0.0 15.193698 -17.776001 4.420712 1.665665 -1.955921 -2.878298 4.727798 -4.170586 4.993925 11.020525 3e-06 -2e-06 12.109048 -3.735716 -2.866784 1e-06 0.0 0.0 1.291986 -1.928548 -1.498089 14.800122 0.567468 3.865608 14.242568 -1.341735 -6.660656 19.631962 0.143926 -0.648245 52.449856 -1.111409 -5.373589 0.353027 -1.511151 -0.03194 20.222786 3.684309 2.316629 18.78727 4e-06 -0.0 10.751625 -0.479869 1.397905 -0.0 0.0 0.0 3.273804 0.305946 -0.580111 21.486803 11.83037 2.266134 8.162924 1e-06 0.0 18.399076 -3.798984 -4.940573 3e-06 1e-06 -2e-06 5.367789 22.670025 -0.359028 -0.066901 -0.29658 3.551545 -6.875487 4.820181 -4.489912 1.630696 -2.05489 0.153225 0.0 -0.0 2e-06 -6.041004 -14.181916 -4.973786 0.045692 0.240924 3.190019 8.966913 8.909943 1.185169 -1.36183 0.798811 0.040571 -0.0 -0.0 -1e-06 
0.0 0.0 0.0 0.0 -0.0 0.0 0.430133 100.265274 1.144642 -0.634875 -9.780666 2.794791 -0.114906 0.318785 -2.803397 -0.298208 2.780533 -5.832983 -9.567896 -0.289668 10.378025 -15.586247 9.089067 2.494342 -0.076924 2.348652 -3.866826 -7.283853 2.830816 -13.085864 7.5e-05 -2.3e-05 6e-06 0.046377 -0.16981 0.033532 0.635722 -4.018188 -10.758239 -0.570471 3.651317 -10.781849 -9.199865 -12.210446 4.955171 -52.07486 -24.084286 -4.705717 177.253616 -64.618553 -178.40181 19.873196 5.070426 -48.128502 -5.882107 9.861288 0.702592 -10.936875 -0.360576 7.15621 0.0 8.774828 -1e-06 -16.644432 17.83511 6.413769 -1.844032 2.498506 -2.507278 -10.163605 4.678945 4.62111 -20.976034 -4e-06 5e-06 -21.226297 2.451697 -3.593999 -0.0 -5e-06 -0.0 -1.362682 2.240799 -0.746324 -21.334923 0.584908 3.008326 -13.821219 -5e-06 4e-06 -23.887182 -0.249077 -0.83948 -62.368092 2.017743 -1.530357 -0.294023 1.679689 0.833257 -14.218212 0.093213 1.300582 -34.212067 -0.287568 0.967175 -20.033222 0.964537 1.212847 -0.0 0.0 -1e-06 -3.440389 0.788234 0.501656 -15.928194 -3.167313 2.999709 -6.338829 -3e-06 1e-06 -18.123453 3.648181 -4.90567 -5e-06 1e-06 -3e-06 1.107231 22.197475 9.122155 -63.653988 38.646812 -52.825523 -19.761869 71.963585 -13.572989 11.414335 -6.540236 81.291489 2.243543 -5.255041 -3.18016 14.282898 -0.826598 6.952508 -3e-06 -12.690616 3e-06 15.23701 -17.694729 4.370073 1.665667 -1.955924 -2.878302 4.727801 -4.170592 4.993929 11.020535 2e-06 -2e-06 12.109059 -3.73572 -2.866786 1e-06 0.0 0.0 1.291986 -1.928551 -1.498091 14.800139 0.567467 3.865611 14.24258 -1.341736 -6.660664 19.631975 0.143927 -0.648247 52.357407 -1.10893 -5.366292 0.353031 -1.511152 -0.031939 20.222801 3.68431 2.316631 18.787285 2e-06 -2e-06 10.751634 -0.479869 1.397907 -0.0 0.0 1e-06 3.273807 0.305945 -0.580112 21.486824 11.830384 2.266132 8.162931 0.0 -1e-06 18.399096 -3.798988 -4.94058 3e-06 0.0 -2e-06 5.389937 22.80714 -0.292348 -0.058058 -0.294268 3.604285 -6.88481 4.936904 -4.577565 1.63478 -2.051989 0.140767 -0.0 -0.0 2e-06 -6.02669 -13.935415 -4.983863 0.04139 0.25249 3.155231 8.955852 8.841364 1.275447 -1.363523 0.788571 0.021861 -0.0 -0.0 -1e-06 
0.0 0.0 0.0 0.0 -0.0 0.0 0.488291 100.27211 1.143479 -0.690459 -10.015568 2.76861 -0.099054 0.338655 -2.779104 -0.29545 2.754819 -5.80485 -9.592133 -0.240132 10.375458 -15.47558 9.045656 2.509817 -0.062334 2.295031 -3.871274 -7.057134 2.750285 -13.202092 7.5e-05 -2.2e-05 6e-06 0.042283 -0.183521 0.030973 0.627995 -4.031752 -10.764348 -0.570657 3.637195 -10.782616 -9.203842 -12.271917 5.032088 -52.027832 -24.047976 -4.901377 177.092194 -64.64286 -178.243057 19.841068 4.958205 -47.79908 -5.882109 9.861289 0.70259 -10.936873 -0.360574 7.156209 0.0 8.774828 -1e-06 -16.660532 17.831907 6.377597 -1.844033 2.498505 -2.50728 -10.163602 4.678946 4.621111 -20.976028 -1e-06 2e-06 -21.226292 2.451697 -3.594001 -0.0 -5e-06 -1e-06 -1.362682 2.240798 -0.746324 -21.334921 0.58491 3.008326 -13.821218 -3e-06 3e-06 -23.887178 -0.249078 -0.839484 -62.332375 1.987017 -1.524082 -0.294025 1.679688 0.833256 -14.218214 0.093215 1.30058 -34.212055 -0.287562 0.967169 -20.033218 0.964537 1.212843 -0.0 0.0 -1e-06 -3.440391 0.788234 0.501657 -15.928192 -3.167312 2.99971 -6.338829 -1e-06 2e-06 -18.123453 3.648187 -4.905672 -5e-06 1e-06 -3e-06 1.031784 22.091351 9.096873 -63.761818 38.549355 -53.067654 -19.965382 71.805504 -13.655409 11.342875 -6.485078 80.344994 2.243541 -5.255037 -3.180158 14.282889 -0.826595 6.952502 -2e-06 -12.690603 -1e-06 15.274996 -17.576916 4.313967 1.665664 -1.955923 -2.878299 4.727799 -4.170588 4.993924 11.020526 3e-06 -2e-06 12.109053 -3.735716 -2.866786 1e-06 -0.0 0.0 1.291986 -1.92855 -1.498089 14.800129 0.567466 3.865605 14.242575 -1.341736 -6.66066 19.631968 0.143927 -0.648247 52.230206 -1.099748 -5.322234 0.353029 -1.51115 -0.03194 20.22279 3.684309 2.316631 18.787273 4e-06 -3e-06 10.751629 -0.479869 1.397905 0.0 1e-06 -1e-06 3.273808 0.305947 -0.580109 21.486811 11.830371 2.266132 8.162928 1e-06 -2e-06 18.399082 -3.798985 -4.940576 3e-06 0.0 -2e-06 5.420838 22.937256 -0.193115 -0.05258 -0.287398 3.57795 -6.875741 5.06679 -4.618503 1.637597 -2.055452 0.106425 -0.0 -0.0 2e-06 -5.997184 -13.705698 -5.008265 0.034094 0.26239 3.146147 8.932695 8.810878 1.399559 -1.366088 0.779371 -0.021874 0.0 -0.0 -1e-06 
0.0 0.0 0.0 0.0 -0.0 0.0 0.540099 100.28125 1.131976 -0.758992 -10.217072 2.737351 -0.10776 0.378431 -2.756304 -0.306472 2.725424 -5.771079 -9.625226 -0.206389 10.380949 -15.377192 9.060047 2.549801 -0.08223 2.181151 -3.877669 -6.863294 2.596381 -13.331113 7.6e-05 -2.3e-05 6e-06 0.037247 -0.200218 0.030478 0.616831 -4.050648 -10.77641 -0.569289 3.622673 -10.789162 -9.199802 -12.368255 5.121364 -51.892693 -24.103941 -5.134715 176.951431 -64.725281 -178.102692 19.816921 4.92552 -47.494213 -5.882104 9.861283 0.702589 -10.93687 -0.360576 7.156206 2e-06 8.774823 0.0 -16.71088 17.808577 6.333524 -1.844032 2.498503 -2.507277 -10.163599 4.678944 4.621108 -20.976017 -4e-06 3e-06 -21.226276 2.451693 -3.593996 0.0 -5e-06 -1e-06 -1.36268 2.240798 -0.746324 -21.334911 0.584907 3.008324 -13.82121 -4e-06 5e-06 -23.887165 -0.249079 -0.839479 -62.397972 1.951077 -1.542482 -0.294025 1.679687 0.833256 -14.218204 0.093214 1.300582 -34.212048 -0.287565 0.967174 -20.033211 0.964536 1.212846 -0.0 0.0 -1e-06 -3.440388 0.788233 0.501654 -15.928185 -3.167311 2.999708 -6.338825 -1e-06 2e-06 -18.123444 3.648183 -4.905666 -5e-06 2e-06 -3e-06 0.97774 21.984591 9.054512 -63.730919 38.454918 -53.217258 -19.751045 71.725182 -13.332521 11.125402 -6.298552 79.359108 2.243543 -5.255038 -3.180158 14.282896 -0.826595 6.952508 -3e-06 -12.69061 2e-06 15.31917 -17.474482 4.248336 1.665665 -1.955921 -2.878301 4.727799 -4.17059 4.993929 11.020528 3e-06 -1e-06 12.109052 -3.735717 -2.866783 1e-06 0.0 1e-06 1.291986 -1.928549 -1.49809 14.800134 0.567468 3.865611 14.242576 -1.341736 -6.660657 19.631971 0.143926 -0.648242 52.102547 -1.093094 -5.257665 0.353029 -1.511151 -0.031939 20.222801 3.684312 2.316633 18.787277 2e-06 1e-06 10.751633 -0.479871 1.397907 0.0 0.0 -0.0 3.273807 0.305947 -0.58011 21.486816 11.830382 2.266135 8.16293 0.0 1e-06 18.399088 -3.79899 -4.940576 3e-06 0.0 -2e-06 5.469406 23.037195 -0.109978 -0.052982 -0.284389 3.568984 -6.850323 5.17801 -4.656852 1.638123 -2.069067 0.061381 -0.0 -0.0 2e-06 -5.954622 -13.535579 -5.048526 0.030123 0.277023 3.196584 8.925679 8.815193 1.529918 -1.369176 0.785181 -0.055108 0.0 -0.0 -1e-06 
0.0 0.0 0.0 0.0 -0.0 0.0 0.594282 100.284134 1.114722 -0.836655 -10.38741 2.711121 -0.142379 0.418131 -2.732771 -0.322752 2.699242 -5.746179 -9.659754 -0.177922 10.396246 -15.328152 9.11681 2.610745 -0.143193 2.048003 -3.88479 -6.73749 2.379294 -13.470472 7.6e-05 -2.2e-05 6e-06 0.036491 -0.205938 0.031598 0.611458 -4.058015 -10.782895 -0.565361 3.619089 -10.795711 -9.201958 -12.493655 5.229405 -51.657192 -24.283134 -5.426659 176.915161 -64.90155 -178.028595 19.78327 4.928023 -47.219334 -5.882106 9.861283 0.702588 -10.936866 -0.360576 7.156201 -0.0 8.774822 -2e-06 -16.764097 17.756979 6.289445 -1.844032 2.498505 -2.507276 -10.163597 4.678941 4.621106 -20.976021 -5e-06 3e-06 -21.226284 2.451694 -3.593997 -0.0 -5e-06 -0.0 -1.362682 2.240797 -0.746324 -21.334906 0.584908 3.008324 -13.821213 -4e-06 3e-06 -23.887165 -0.24908 -0.839482 -62.511955 1.94171 -1.565836 -0.294025 1.679686 0.833255 -14.218206 0.093213 1.300581 -34.212044 -0.287566 0.967173 -20.033209 0.964534 1.212847 -0.0 0.0 -1e-06 -3.440387 0.788232 0.501656 -15.928183 -3.167309 2.999706 -6.338824 -2e-06 1e-06 -18.123444 3.648181 -4.905669 -5e-06 1e-06 -3e-06 0.964013 21.909746 9.00811 -63.630665 38.37952 -53.168182 -19.24192 71.716385 -12.792092 10.815527 -6.047255 78.644722 2.243543 -5.255036 -3.180159 14.282887 -0.826595 6.952503 -2e-06 -12.690603 1e-06 15.360083 -17.443687 4.208615 1.665665 -1.955922 -2.8783 4.727798 -4.170588 4.993925 11.020523 3e-06 1e-06 12.109051 -3.735717 -2.866784 1e-06 0.0 1e-06 1.291986 -1.928549 -1.498089 14.800125 0.567468 3.865608 14.242568 -1.341737 -6.660657 19.631962 0.143926 -0.648244 52.052696 -1.095742 -5.208632 0.353027 -1.511151 -0.031939 20.222786 3.684308 2.316631 18.78727 4e-06 -0.0 10.751627 -0.47987 1.397906 0.0 0.0 -0.0 3.273808 0.305947 -0.58011 21.486809 11.830374 2.266134 8.162926 1e-06 -0.0 18.39908 -3.798987 -4.940574 3e-06 0.0 -2e-06 5.532876 23.118357 -0.12194 -0.05774 -0.286324 3.727281 -6.81338 5.215556 -4.769621 1.635828 -2.092913 0.028679 0.0 -0.0 2e-06 -5.909659 -13.405525 -5.121644 0.034889 0.291818 3.320741 8.94159 8.848001 1.625137 -1.371921 0.803002 -0.069799 -0.0 -0.0 -1e-06 
0.0 0.0 0.0 0.0 -0.0 0.0 0.66695 100.28788 1.080185 -0.91638 -10.532945 2.714089 -0.201179 0.44083 -2.718828 -0.33573 2.692524 -5.742684 -9.717103 -0.178227 10.437669 -15.337287 9.167611 2.63772 -0.232151 1.961964 -3.895285 -6.701983 2.143189 -13.665798 7.6e-05 -2.2e-05 6e-06 0.038724 -0.208647 0.030848 0.613271 -4.061201 -10.788072 -0.562917 3.61753 -10.806735 -9.166637 -12.595608 5.293118 -51.419815 -24.548811 -5.669366 176.908875 -65.096596 -177.954712 19.680658 4.944598 -47.097683 -5.882111 9.861299 0.702595 -10.936881 -0.360574 7.156217 0.0 8.774837 2e-06 -16.77779 17.703489 6.257392 -1.844033 2.498508 -2.507279 -10.163611 4.678952 4.621117 -20.976044 1e-06 5e-06 -21.226307 2.451703 -3.594002 -0.0 -5e-06 -0.0 -1.362684 2.2408 -0.746322 -21.334936 0.584915 3.00833 -13.821229 -1e-06 5e-06 -23.887194 -0.249074 -0.839484 -62.560867 1.946791 -1.586 -0.294026 1.679689 0.833255 -14.218223 0.093217 1.300587 -34.212078 -0.287557 0.967177 -20.033234 0.964545 1.212845 -0.0 0.0 -1e-06 -3.440392 0.788234 0.501657 -15.928206 -3.167311 2.999717 -6.338832 -0.0 2e-06 -18.123466 3.648192 -4.905674 -5e-06 1e-06 -4e-06 0.927478 21.890162 8.974962 -63.501545 38.278652 -52.920246 -18.687222 71.780075 -12.213792 10.557639 -5.821478 78.251396 2.243543 -5.255042 -3.180161 14.282896 -0.826597 6.952508 0.0 -12.690612 -0.0 15.360711 -17.488708 4.200751 1.665666 -1.955924 -2.8783 4.727799 -4.170591 4.993928 11.020529 1e-06 -0.0 12.109056 -3.735719 -2.866788 1e-06 -1e-06 1e-06 1.291985 -1.928551 -1.498091 14.800132 0.567467 3.86561 14.242579 -1.341739 -6.660665 19.631973 0.143927 -0.648247 52.064362 -1.108564 -5.200143 0.353028 -1.511153 -0.03194 20.222799 3.684309 2.316633 18.787283 4e-06 -3e-06 10.751633 -0.47987 1.397906 0.0 0.0 -0.0 3.273809 0.305948 -0.580111 21.486818 11.830381 2.266136 8.16293 0.0 -2e-06 18.39909 -3.79899 -4.94058 3e-06 0.0 -2e-06 5.575476 23.165052 -0.227972 -0.062625 -0.294756 3.974287 -6.754767 5.23139 -4.909739 1.633044 -2.120995 0.018916 -0.0 -1e-06 2e-06 -5.862589 -13.317286 -5.273889 0.041562 0.301156 3.538372 8.975264 8.918389 1.712243 -1.372684 0.824526 -0.07283 0.0 -0.0 -1e-06 
0.0 0.0 0.0 0.0 -0.0 0.0 0.751136 100.310837 1.04661 -1.012045 -10.696518 2.752013 -0.26511 0.439993 -2.706544 -0.344842 2.71147 -5.744231 -9.792167 -0.199843 10.480129 -15.42028 9.202682 2.598137 -0.300699 1.933278 -3.902781 -6.718086 1.925294 -13.937281 7.7e-05 -2.3e-05 6e-06 0.037251 -0.214497 0.031164 0.616503 -4.066501 -10.79119 -0.569435 3.611527 -10.816648 -9.068087 -12.631556 5.291336 -51.290077 -24.832237 -5.824382 177.011383 -65.21563 -177.981995 19.528379 4.972956 -47.246681 -5.882109 9.861295 0.702592 -10.936877 -0.360577 7.156212 1e-06 8.774835 -3e-06 -16.743385 17.649836 6.24539 -1.844033 2.498507 -2.507279 -10.163605 4.678948 4.621111 -20.976038 -3e-06 6e-06 -21.226299 2.451698 -3.593998 -0.0 -5e-06 -1e-06 -1.362682 2.2408 -0.746324 -21.334929 0.584908 3.00833 -13.821223 -4e-06 5e-06 -23.887186 -0.249078 -0.839478 -62.493095 1.945855 -1.575215 -0.294024 1.679688 0.833257 -14.21822 0.093212 1.300583 -34.212074 -0.287564 0.967179 -20.033228 0.964539 1.212849 -0.0 0.0 -1e-06 -3.440391 0.788233 0.501656 -15.9282 -3.167314 2.999713 -6.338831 -1e-06 1e-06 -18.123459 3.648185 -4.905672 -5e-06 2e-06 -2e-06 0.795169 21.919685 8.94383 -63.365437 38.128166 -52.491879 -18.49539 71.879745 -12.00995 10.524992 -5.723881 78.206734 2.243544 -5.25504 -3.180161 14.2829 -0.826595 6.95251 -2e-06 -12.690612 0.0 15.295914 -17.582167 4.242104 1.665667 -1.955924 -2.8783 4.727798 -4.170591 4.993928 11.020531 2e-06 -2e-06 12.109057 -3.73572 -2.866788 1e-06 -1e-06 1e-06 1.291988 -1.928551 -1.498091 14.800134 0.567467 3.865611 14.242579 -1.341737 -6.660666 19.631973 0.143925 -0.648247 52.104809 -1.120902 -5.241277 0.353028 -1.511152 -0.03194 20.222801 3.684311 2.316631 18.787283 3e-06 -2e-06 10.751634 -0.479869 1.397905 -0.0 0.0 -1e-06 3.27381 0.305948 -0.580111 21.486824 11.830382 2.266135 8.16293 0.0 -0.0 18.399094 -3.79899 -4.940579 3e-06 0.0 -2e-06 5.600082 23.213263 -0.252473 -0.066143 -0.297189 3.960743 -6.688169 5.26683 -4.917006 1.630735 -2.130758 0.029634 -0.0 -0.0 2e-06 -5.788789 -13.276112 -5.503925 0.043726 0.306812 3.826364 8.990958 9.050355 1.884475 -1.370182 0.844628 -0.078396 0.0 -0.0 -1e-06 
0.0 0.0 0.0 0.0 -0.0 0.0 0.841287 100.354446 1.017063 -1.12358 -10.856203 2.82526 -0.333982 0.412468 -2.689262 -0.358151 2.73337 -5.751578 -9.868294 -0.219518 10.502906 -15.542871 9.238287 2.493077 -0.312485 1.921081 -3.908026 -6.760568 1.736894 -14.225467 7.7e-05 -2.3e-05 6e-06 0.034077 -0.220011 0.033443 0.619144 -4.072546 -10.792135 -0.578805 3.606515 -10.824521 -8.925009 -12.638017 5.231065 -51.313793 -25.048725 -5.885128 177.17099 -65.236557 -178.120865 19.382097 4.970859 -47.451469 -5.882103 9.861288 0.702591 -10.936873 -0.360579 7.156204 -0.0 8.774829 -2e-06 -16.691893 17.599455 6.250058 -1.844032 2.498504 -2.507275 -10.163602 4.678945 4.621108 -20.976027 -5e-06 7e-06 -21.226292 2.451699 -3.593996 0.0 -5e-06 -1e-06 -1.362681 2.240798 -0.746324 -21.334917 0.584905 3.008325 -13.821214 -4e-06 5e-06 -23.887173 -0.249082 -0.839478 -62.369663 1.91808 -1.536332 -0.294025 1.679687 0.833255 -14.21821 0.093213 1.30058 -34.212051 -0.287568 0.967178 -20.033218 0.964536 1.212848 -0.0 1e-06 -1e-06 -3.440391 0.788233 0.501657 -15.928189 -3.167312 2.999708 -6.338827 -2e-06 2e-06 -18.123444 3.648183 -4.905667 -5e-06 1e-06 -3e-06 0.626009 21.928761 8.922136 -63.286449 37.924683 -52.083591 -18.595726 72.005859 -12.139966 10.620226 -5.821542 78.262718 2.243542 -5.255041 -3.180161 14.282898 -0.826597 6.952509 -1e-06 -12.690615 2e-06 15.224099 -17.690998 4.311825 1.665668 -1.955922 -2.8783 4.727804 -4.170592 4.993931 11.020535 2e-06 -0.0 12.10906 -3.735721 -2.866786 2e-06 1e-06 1e-06 1.291987 -1.928551 -1.498089 14.800136 0.567466 3.865612 14.24258 -1.341737 -6.660664 19.631975 0.143924 -0.648247 52.154816 -1.131905 -5.31974 0.35303 -1.511152 -0.031942 20.222803 3.684311 2.316633 18.787283 2e-06 -0.0 10.751633 -0.479872 1.397907 0.0 0.0 0.0 3.273807 0.305946 -0.580112 21.486824 11.830382 2.266136 8.16293 -1e-06 1e-06 18.399097 -3.798991 -4.940579 3e-06 0.0 -3e-06 5.611169 23.288147 -0.182847 -0.068124 -0.28962 3.660778 -6.591782 5.295029 -4.769464 1.628242 -2.122957 0.053499 0.0 -0.0 2e-06 -5.689901 -13.29496 -5.773523 0.04522 0.309005 4.125907 8.996772 9.202299 2.159919 -1.365933 0.856452 -0.068618 0.0 -0.0 -1e-06 
0.0 0.0 0.0 0.0 -0.0 0.0 0.940335 100.410233 0.986174 -1.253001 -11.003016 2.927596 -0.397707 0.378301 -2.672689 -0.371038 2.749989 -5.759193 -9.954038 -0.216907 10.49976 -15.683389 9.280852 2.316328 -0.308067 1.876666 -3.905339 -6.826543 1.589735 -14.484108 7.8e-05 -2.2e-05 6e-06 0.026733 -0.21312 0.034851 0.613362 -4.067499 -10.791323 -0.588122 3.614655 -10.83365 -8.799057 -12.649738 5.150884 -51.439686 -25.173187 -5.845198 177.345215 -65.169106 -178.30072 19.291904 4.935075 -47.545574 -5.882108 9.861288 0.702589 -10.936875 -0.360576 7.156209 -0.0 8.774828 -2e-06 -16.640226 17.556244 6.258053 -1.844033 2.498505 -2.507277 -10.163602 4.678946 4.62111 -20.976028 -4e-06 3e-06 -21.226292 2.451697 -3.593999 -0.0 -5e-06 -1e-06 -1.362684 2.240799 -0.746323 -21.334925 0.584908 3.008325 -13.821219 -2e-06 4e-06 -23.887178 -0.24908 -0.839482 -62.254116 1.874653 -1.474169 -0.294024 1.679687 0.833256 -14.218213 0.093214 1.300581 -34.212063 -0.287565 0.967173 -20.033222 0.964539 1.212845 -0.0 0.0 -1e-06 -3.44039 0.788234 0.501656 -15.928189 -3.167311 2.99971 -6.338828 -2e-06 1e-06 -18.123447 3.648182 -4.90567 -5e-06 1e-06 -3e-06 0.472763 21.926386 8.90367 -63.272652 37.606071 -51.611149 -19.109007 72.12748 -12.575242 10.750172 -5.986434 78.056465 2.24354 -5.25504 -3.180161 14.282893 -0.826597 6.95251 -2e-06 -12.690613 3e-06 15.200846 -17.820477 4.392678 1.665666 -1.955923 -2.8783 4.727799 -4.170591 4.993929 11.020529 1e-06 1e-06 12.109054 -3.735718 -2.866786 1e-06 1e-06 0.0 1.291985 -1.92855 -1.498091 14.800136 0.567467 3.865612 14.242575 -1.341738 -6.66066 19.631973 0.143925 -0.648245 52.289822 -1.129414 -5.414849 0.353029 -1.511152 -0.03194 20.222795 3.684309 2.316634 18.787281 3e-06 -0.0 10.751632 -0.479871 1.397907 -0.0 0.0 0.0 3.27381 0.305949 -0.580111 21.486818 11.83038 2.266135 8.16293 0.0 -0.0 18.399092 -3.798992 -4.940577 3e-06 0.0 -3e-06 5.621017 23.389511 -0.096129 -0.07155 -0.278892 3.255857 -6.457679 5.336802 -4.550289 1.626946 -2.111803 0.052552 -0.0 -0.0 2e-06 -5.572183 -13.320611 -6.070126 0.048551 0.302392 4.427209 9.028851 9.347178 2.51093 -1.361715 0.853499 -0.059276 0.0 -0.0 -1e-06 
0.0 0.0 0.0 0.0 -0.0 0.0 1.047755 100.468811 0.954972 -1.399632 -11.120793 3.033563 -0.449024 0.354738 -2.649448 -0.379893 2.759698 -5.75789 -10.055644 -0.205827 10.480641 -15.833862 9.314327 2.056717 -0.304325 1.799525 -3.899509 -6.914673 1.47519 -14.669001 7.8e-05 -2.2e-05 6e-06 0.015913 -0.201338 0.035607 0.598722 -4.059884 -10.792991 -0.595617 3.629435 -10.845916 -8.701392 -12.684343 5.095821 -51.605618 -25.191225 -5.761347 177.578644 -65.016273 -178.520203 19.264677 4.861365 -47.547318 -5.882107 9.86129 0.702592 -10.936877 -0.360575 7.156208 -0.0 8.77483 -1e-06 -16.609718 17.538372 6.253035 -1.844033 2.498505 -2.507278 -10.163606 4.678945 4.62111 -20.97603 -1e-06 4e-06 -21.226294 2.451699 -3.594 -0.0 -5e-06 -0.0 -1.36268 2.240799 -0.746323 -21.334921 0.58491 3.008326 -13.821217 -2e-06 4e-06 -23.887177 -0.249076 -0.839483 -62.168613 1.8384 -1.423855 -0.294025 1.679687 0.833256 -14.218215 0.093215 1.300582 -34.212055 -0.287562 0.967173 -20.033222 0.964539 1.212845 -0.0 0.0 -1e-06 -3.44039 0.788233 0.501655 -15.928191 -3.167309 2.999709 -6.338829 -1e-06 2e-06 -18.123453 3.648185 -4.90567 -5e-06 1e-06 -2e-06 0.328391 21.926624 8.857496 -63.291191 37.184845 -51.191566 -19.691027 72.233612 -12.997852 10.898879 -6.111122 77.768715 2.243545 -5.255043 -3.180161 14.282902 -0.826594 6.95251 -2e-06 -12.690618 -2e-06 15.235049 -17.965633 4.47539 1.665666 -1.955924 -2.878302 4.727803 -4.170591 4.993929 11.020538 3e-06 -1e-06 12.109061 -3.73572 -2.866786 0.0 1e-06 0.0 1.291986 -1.928553 -1.49809 14.800138 0.567468 3.865612 14.242584 -1.341738 -6.660664 19.631979 0.143926 -0.648245 52.491894 -1.110784 -5.503714 0.353029 -1.511152 -0.03194 20.222811 3.684314 2.316634 18.787291 4e-06 -1e-06 10.751638 -0.479869 1.397907 -0.0 0.0 0.0 3.27381 0.305948 -0.58011 21.486832 11.830387 2.266139 8.162935 1e-06 0.0 18.399099 -3.798989 -4.940579 3e-06 0.0 -2e-06 5.652567 23.543365 -0.033376 -0.076286 -0.278675 2.900784 -6.315181 5.345004 -4.335606 1.627307 -2.103638 0.038616 0.0 -0.0 2e-06 -5.44369 -13.382752 -6.365776 0.052864 0.292746 4.737809 9.121701 9.491302 2.90535 -1.358897 0.843281 -0.044181 -0.0 -0.0 -1e-06 
0.0 0.0 0.0 0.0 -0.0 0.0 1.153188 100.523911 0.935364 -1.561069 -11.213008 3.120809 -0.490421 0.338612 -2.620574 -0.382497 2.762325 -5.750355 -10.171968 -0.194206 10.458585 -15.952253 9.315685 1.763913 -0.294824 1.738636 -3.891905 -7.003043 1.396541 -14.779261 7.7e-05 -2.3e-05 6e-06 0.008525 -0.19603 0.036492 0.583082 -4.061262 -10.803323 -0.595234 3.640108 -10.860819 -8.615031 -12.733871 5.040036 -51.775394 -25.115135 -5.615001 177.806717 -64.808815 -178.747818 19.255455 4.782819 -47.438496 -5.88211 9.861295 0.702591 -10.93688 -0.360578 7.156213 0.0 8.774835 -2e-06 -16.620869 17.565441 6.242623 -1.844032 2.498507 -2.507279 -10.16361 4.678948 4.621113 -20.97604 -5e-06 7e-06 -21.226303 2.451699 -3.593999 -0.0 -4e-06 -1e-06 -1.36268 2.2408 -0.746323 -21.334932 0.584906 3.008327 -13.821223 -4e-06 5e-06 -23.887186 -0.249078 -0.839477 -62.178738 1.826134 -1.405806 -0.294027 1.679688 0.833257 -14.218219 0.093212 1.300586 -34.212078 -0.287564 0.967179 -20.03323 0.964541 1.212849 -0.0 1e-06 -0.0 -3.440391 0.788234 0.501656 -15.928203 -3.167316 2.999711 -6.338831 -2e-06 2e-06 -18.123463 3.648185 -4.905671 -5e-06 1e-06 -3e-06 0.180768 21.935429 8.771253 -63.28931 36.700989 -50.928963 -19.966879 72.312248 -13.168375 11.03656 -6.153074 77.664246 2.243542 -5.25504 -3.180158 14.282894 -0.826599 6.952508 -1e-06 -12.69061 4e-06 15.274447 -18.101936 4.555373 1.665664 -1.955923 -2.878301 4.727802 -4.170591 4.993929 11.02053 3e-06 -1e-06 12.109056 -3.735718 -2.866784 0.0 1e-06 0.0 1.291985 -1.928551 -1.498091 14.800134 0.567467 3.865613 14.242575 -1.341737 -6.660661 19.631973 0.143926 -0.648244 52.659561 -1.101372 -5.54421 0.353032 -1.511151 -0.03194 20.222795 3.684308 2.316633 18.787281 0.0 1e-06 10.751633 -0.479871 1.397907 -0.0 0.0 -0.0 3.273808 0.305947 -0.580111 21.486824 11.830381 2.266135 8.16293 0.0 -0.0 18.399092 -3.798992 -4.940577 3e-06 -0.0 -1e-06 5.719178 23.728394 0.016124 -0.081592 -0.290793 2.642018 -6.204975 5.301028 -4.167264 1.627447 -2.097673 0.034965 0.0 -0.0 2e-06 -5.310308 -13.479836 -6.618667 0.058528 0.290032 5.037694 9.265197 9.618537 3.30985 -1.357119 0.836779 -0.036007 -0.0 -0.0 -1e-06 
0.0 0.0 0.0 0.0 -0.0 0.0 1.246152 100.573204 0.921228 -1.727719 -11.271318 3.183409 -0.534364 0.321967 -2.587414 -0.374396 2.761852 -5.74137 -10.296195 -0.195548 10.430747 -16.000576 9.29349 1.490589 -0.301839 1.701781 -3.878883 -7.071859 1.357832 -14.839145 7.6e-05 -2.2e-05 6e-06 0.001231 -0.204436 0.041537 0.56525 -4.075459 -10.806613 -0.592306 3.636525 -10.863855 -8.53517 -12.795774 4.994284 -51.923153 -25.007788 -5.428667 177.99617 -64.561295 -178.922638 19.214069 4.738071 -47.118023 -5.882112 9.861295 0.702593 -10.936883 -0.360576 7.156215 1e-06 8.774833 -0.0 -16.64609 17.615355 6.214416 -1.844033 2.498506 -2.507281 -10.16361 4.67895 4.621116 -20.97604 0.0 5e-06 -21.226303 2.451701 -3.594001 -0.0 -4e-06 -0.0 -1.362681 2.2408 -0.746325 -21.334934 0.584912 3.008329 -13.821226 -1e-06 5e-06 -23.887192 -0.249073 -0.839482 -62.245052 1.839403 -1.434973 -0.294024 1.679689 0.833257 -14.218221 0.093215 1.300584 -34.212078 -0.287561 0.967174 -20.033232 0.964544 1.212846 -0.0 0.0 -0.0 -3.440393 0.788234 0.501657 -15.928203 -3.16731 2.999715 -6.338832 -0.0 2e-06 -18.123459 3.64819 -4.905672 -5e-06 1e-06 -2e-06 0.016159 21.968536 8.622041 -63.190495 36.231937 -50.729046 -19.934347 72.366104 -13.111394 11.165798 -6.064053 77.781548 2.243541 -5.255039 -3.180159 14.28289 -0.826594 6.952505 -1e-06 -12.690609 -1e-06 15.306427 -18.196888 4.610703 1.665667 -1.955922 -2.8783 4.727799 -4.170589 4.993926 11.020527 3e-06 -1e-06 12.109054 -3.735717 -2.866786 0.0 1e-06 -1e-06 1.291987 -1.92855 -1.49809 14.800129 0.567467 3.865609 14.242576 -1.341737 -6.660661 19.631969 0.143926 -0.648245 52.719704 -1.086784 -5.546096 0.353029 -1.511151 -0.031941 20.222795 3.684312 2.316631 18.787279 5e-06 -0.0 10.751631 -0.479868 1.397906 0.0 0.0 -0.0 3.273808 0.305948 -0.580109 21.486813 11.830379 2.266135 8.162928 1e-06 -1e-06 18.399084 -3.798988 -4.940577 3e-06 -0.0 -0.0 5.80836 23.892399 0.049792 -0.084118 -0.30851 2.474684 -6.123649 5.250013 -4.049922 1.627408 -2.09191 0.023913 0.0 -0.0 2e-06 -5.174915 -13.599416 -6.848921 0.06252 0.30497 5.380747 9.390697 9.737367 3.671631 -1.356266 0.836567 -0.050213 0.0 -0.0 -1e-06 
0.0 0.0 0.0 0.0 -0.0 0.0 1.332342 100.619934 0.901228 -1.906979 -11.335073 3.219978 -0.571014 0.310328 -2.555653 -0.366802 2.754388 -5.723845 -10.408763 -0.207989 10.397712 -15.991271 9.248994 1.208196 -0.328855 1.707532 -3.861666 -7.131094 1.362264 -14.846818 7.7e-05 -2.2e-05 6e-06 -0.004143 -0.220756 0.049604 0.548223 -4.09389 -10.794724 -0.586259 3.621635 -10.85 -8.476191 -12.837174 4.981921 -52.048424 -24.940742 -5.186571 178.05275 -64.286659 -178.980179 19.147263 4.738311 -46.688713 -5.882106 9.861285 0.702593 -10.936868 -0.360572 7.156208 -1e-06 8.774824 -0.0 -16.652084 17.663237 6.174054 -1.844032 2.498504 -2.507277 -10.163598 4.678944 4.621111 -20.976021 -0.0 3e-06 -21.226286 2.451698 -3.594 -0.0 -4e-06 -1e-06 -1.362683 2.240798 -0.746323 -21.334911 0.584912 3.008323 -13.82121 0.0 1e-06 -23.887165 -0.249077 -0.839484 -62.272728 1.84629 -1.485585 -0.294029 1.679685 0.833259 -14.218207 0.093217 1.300582 -34.212048 -0.287559 0.967171 -20.033211 0.964539 1.212843 0.0 1e-06 -0.0 -3.440388 0.788233 0.501656 -15.928185 -3.167309 2.999707 -6.338825 -2e-06 1e-06 -18.123444 3.648183 -4.905669 -5e-06 1e-06 -2e-06 -0.166859 22.026728 8.432853 -62.988007 35.84454 -50.496929 -19.791691 72.422424 -13.040093 11.199804 -5.876465 78.129166 2.243543 -5.255044 -3.180161 14.282901 -0.826596 6.952507 2e-06 -12.690617 -3e-06 15.331118 -18.197027 4.636334 1.665672 -1.955924 -2.878303 4.727804 -4.170592 4.993927 11.020538 1e-06 -3e-06 12.109064 -3.735721 -2.86679 -0.0 0.0 1e-06 1.291987 -1.928552 -1.49809 14.80014 0.567466 3.865608 14.242587 -1.341739 -6.660668 19.631985 0.143925 -0.648249 52.686169 -1.054945 -5.519319 0.353028 -1.511153 -0.031941 20.222805 3.684312 2.316631 18.787289 4e-06 -5e-06 10.751637 -0.47987 1.397906 0.0 0.0 -1e-06 3.273808 0.305946 -0.580113 21.486834 11.830384 2.266135 8.162935 -0.0 -2e-06 18.399099 -3.798988 -4.940586 3e-06 1e-06 -0.0 5.922762 24.021835 0.097243 -0.085672 -0.323543 2.3465 -6.068071 5.247136 -3.964007 1.628775 -2.09553 0.002148 0.0 -0.0 2e-06 -5.029078 -13.704565 -7.074798 0.063597 0.329259 5.782978 9.464311 9.858771 4.010457 -1.355812 0.835891 -0.113814 -0.0 -0.0 -1e-06 
0.0 0.0 0.0 0.0 -0.0 0.0 1.424828 100.665237 0.873078 -2.095737 -11.414639 3.236074 -0.603972 0.304381 -2.539973 -0.370635 2.733083 -5.696486 -10.480556 -0.211157 10.366628 -15.936359 9.2045 0.93848 -0.382663 1.749433 -3.840602 -7.19395 1.395708 -14.796781 7.6e-05 -2.2e-05 6e-06 -0.008453 -0.229775 0.057468 0.53289 -4.100744 -10.767831 -0.579673 3.609869 -10.819835 -8.446786 -12.866215 5.02268 -52.162148 -24.948042 -4.924098 178.044128 -64.033028 -178.944809 19.095728 4.777818 -46.357307 -5.882109 9.861292 0.70259 -10.936875 -0.360577 7.156209 2e-06 8.774829 -3e-06 -16.657917 17.707266 6.137971 -1.844034 2.498505 -2.507278 -10.163602 4.678948 4.621112 -20.976032 -2e-06 5e-06 -21.226294 2.451699 -3.593999 0.0 -4e-06 -1e-06 -1.362683 2.240798 -0.746322 -21.334925 0.584909 3.008327 -13.821221 -1e-06 5e-06 -23.887182 -0.249077 -0.839483 -62.243877 1.833922 -1.536693 -0.294024 1.679687 0.833256 -14.218215 0.093214 1.30058 -34.212063 -0.287566 0.967175 -20.033222 0.964537 1.212847 0.0 1e-06 -0.0 -3.440391 0.788233 0.501656 -15.928194 -3.167312 2.99971 -6.338829 -1e-06 3e-06 -18.123453 3.648184 -4.905672 -5e-06 2e-06 -2e-06 -0.349344 22.095003 8.27836 -62.715206 35.512398 -50.124611 -19.736645 72.478256 -13.131083 11.036696 -5.683836 78.625694 2.243543 -5.255037 -3.180159 14.282894 -0.826598 6.952509 -1e-06 -12.690611 4e-06 15.335361 -18.099451 4.669596 1.665666 -1.955922 -2.878301 4.7278 -4.170592 4.99393 11.020529 2e-06 1e-06 12.109056 -3.735718 -2.866785 -1e-06 0.0 1e-06 1.291985 -1.928551 -1.49809 14.800132 0.567465 3.865613 14.242578 -1.341736 -6.660661 19.631973 0.143925 -0.648247 52.624371 -1.013352 -5.453412 0.353029 -1.511152 -0.03194 20.222797 3.684308 2.316631 18.787277 2e-06 -1e-06 10.751631 -0.479872 1.397906 -0.0 0.0 -0.0 3.273808 0.305947 -0.58011 21.486813 11.830377 2.266133 8.16293 -1e-06 -1e-06 18.399088 -3.798993 -4.940577 3e-06 1e-06 -0.0 6.057179 24.127554 0.161341 -0.091091 -0.340464 2.236752 -6.035156 5.270021 -3.896842 1.63106 -2.105328 -0.026042 0.0 -1e-06 2e-06 -4.878759 -13.807718 -7.287678 0.063809 0.347314 6.197983 9.518575 9.993283 4.360475 -1.356853 0.835344 -0.211008 0.0 -0.0 -1e-06 
0.0 0.0 0.0 0.0 -0.0 0.0 1.528057 100.707283 0.836652 -2.27567 -11.486343 3.240075 -0.639145 0.308715 -2.548667 -0.380323 2.703711 -5.664978 -10.515195 -0.212405 10.343545 -15.851858 9.186574 0.707472 -0.446002 1.753365 -3.823429 -7.236117 1.442579 -14.719134 7.6e-05 -2.3e-05 6e-06 -0.013072 -0.23538 0.064745 0.5231 -4.103492 -10.746447 -0.579214 3.601295 -10.793583 -8.477221 -12.890408 5.066933 -52.229305 -25.010702 -4.654629 178.003632 -63.845974 -178.84494 19.061785 4.840216 -46.190796 -5.882103 9.861284 0.702589 -10.936866 -0.360577 7.156203 1e-06 8.774826 -1e-06 -16.673508 17.714117 6.100616 -1.844032 2.498504 -2.507277 -10.163596 4.678944 4.621107 -20.976017 -5e-06 3e-06 -21.226282 2.451695 -3.593999 -0.0 -4e-06 -1e-06 -1.362683 2.240796 -0.746324 -21.334906 0.584907 3.008322 -13.82121 -4e-06 3e-06 -23.887165 -0.249079 -0.839481 -62.180725 1.809072 -1.57421 -0.294024 1.679687 0.833254 -14.218203 0.093214 1.300579 -34.212036 -0.287569 0.967171 -20.033205 0.964532 1.212844 0.0 1e-06 -0.0 -3.440388 0.788235 0.501656 -15.928183 -3.167311 2.999706 -6.338824 -1e-06 2e-06 -18.123444 3.64818 -4.905671 -5e-06 2e-06 -2e-06 -0.467337 22.147366 8.214557 -62.444027 35.189346 -49.56749 -19.92067 72.538208 -13.399616 10.670496 -5.557855 78.91774 2.243541 -5.255037 -3.180158 14.282892 -0.826596 6.952507 -2e-06 -12.690609 2e-06 15.335686 -18.034155 4.703205 1.665667 -1.955922 -2.878299 4.727797 -4.170588 4.993927 11.020527 4e-06 0.0 12.109052 -3.735717 -2.866784 -2e-06 1e-06 1e-06 1.291985 -1.928551 -1.498089 14.800129 0.567468 3.865611 14.242568 -1.341738 -6.660657 19.631962 0.143926 -0.648244 52.613453 -0.969053 -5.401931 0.353027 -1.511152 -0.03194 20.222792 3.684311 2.316633 18.787273 4e-06 1e-06 10.751629 -0.47987 1.397907 -0.0 0.0 -0.0 3.273807 0.305947 -0.58011 21.486813 11.830378 2.266135 8.16293 1e-06 1e-06 18.399084 -3.79899 -4.940573 3e-06 1e-06 -0.0 6.190743 24.2153 0.21537 -0.097681 -0.349621 2.158281 -6.01306 5.277424 -3.841771 1.632749 -2.120943 -0.072839 0.0 -1e-06 2e-06 -4.745584 -13.910795 -7.476207 0.068546 0.35368 6.576162 9.562298 10.135659 4.714051 -1.359811 0.831563 -0.337962 -0.0 -0.0 -1e-06 
0.0 0.0 0.0 0.0 -0.0 0.0 1.640426 100.743973 0.790762 -2.429377 -11.528381 3.232991 -0.681563 0.313378 -2.583714 -0.393302 2.683811 -5.636515 -10.52192 -0.223437 10.334674 -15.750497 9.145815 0.513859 -0.501164 1.72636 -3.808935 -7.257436 1.472721 -14.630409 7.5e-05 -2.3e-05 6e-06 -0.01232 -0.236892 0.070629 0.524973 -4.10181 -10.736881 -0.579681 3.5969 -10.781177 -8.568773 -12.907854 5.093337 -52.254478 -25.114862 -4.429515 178.049225 -63.7714 -178.839584 19.031084 4.914924 -46.179916 -5.882113 9.861293 0.70259 -10.936877 -0.360574 7.156212 -2e-06 8.774831 -2e-06 -16.712791 17.6926 6.068324 -1.844034 2.498506 -2.507279 -10.163606 4.678948 4.621113 -20.976038 1e-06 3e-06 -21.226301 2.451705 -3.594004 0.0 -4e-06 -1e-06 -1.362683 2.2408 -0.746324 -21.334929 0.584912 3.008327 -13.821223 1e-06 3e-06 -23.887186 -0.249076 -0.839485 -62.135098 1.772046 -1.576278 -0.294025 1.679689 0.833256 -14.218216 0.093217 1.300583 -34.212067 -0.287559 0.967171 -20.033226 0.964539 1.212844 0.0 1e-06 -1e-06 -3.440391 0.788235 0.501657 -15.928196 -3.167309 2.999711 -6.33883 -0.0 2e-06 -18.123457 3.648187 -4.905674 -5e-06 1e-06 -2e-06 -0.463203 22.166624 8.206804 -62.214027 34.917263 -48.816566 -20.439619 72.638145 -13.962434 10.149481 -5.534142 78.900185 2.243545 -5.255043 -3.180161 14.282905 -0.826598 6.95251 2e-06 -12.690619 -1e-06 15.380418 -18.072779 4.722084 1.66567 -1.955921 -2.878302 4.727804 -4.170592 4.993927 11.020538 4e-06 -0.0 12.109061 -3.735719 -2.866786 -1e-06 0.0 1e-06 1.291986 -1.928552 -1.498089 14.800142 0.567468 3.865611 14.242585 -1.341738 -6.660665 19.631985 0.143925 -0.648244 52.756378 -0.913738 -5.396164 0.35303 -1.511153 -0.031939 20.222809 3.684311 2.316635 18.787291 2e-06 -1e-06 10.751638 -0.479871 1.397908 -0.0 0.0 -1e-06 3.273809 0.305947 -0.580112 21.486834 11.830385 2.266139 8.162937 1e-06 0.0 18.399103 -3.798991 -4.940579 3e-06 1e-06 -0.0 6.300498 24.280455 0.242051 -0.107877 -0.357593 2.121614 -5.987789 5.263224 -3.800371 1.632625 -2.143116 -0.129977 -0.0 -0.0 2e-06 -4.647827 -14.014149 -7.651712 0.076443 0.351634 6.934246 9.626817 10.273247 5.04811 -1.363745 0.827005 -0.489891 -0.0 -0.0 -1e-06 
0.0 0.0 0.0 0.0 -0.0 0.0 1.758482 100.780014 0.735356 -2.546877 -11.538799 3.223847 -0.725742 0.31237 -2.647083 -0.405471 2.675691 -5.629551 -10.507828 -0.234997 10.347558 -15.627659 9.065459 0.332413 -0.55634 1.685328 -3.791928 -7.297922 1.471134 -14.569121 7.6e-05 -2.3e-05 6e-06 -0.002125 -0.230726 0.073246 0.540525 -4.089812 -10.726028 -0.574988 3.597333 -10.775853 -8.708754 -12.922276 5.142402 -52.247498 -25.25065 -4.367683 178.337326 -63.848049 -179.052155 19.005047 4.926671 -46.29369 -5.882105 9.861286 0.702593 -10.936871 -0.360574 7.156207 0.0 8.774828 -0.0 -16.751999 17.646746 6.054516 -1.844032 2.498503 -2.507278 -10.1636 4.678944 4.621111 -20.976021 -2e-06 6e-06 -21.226286 2.451699 -3.593997 0.0 -5e-06 -1e-06 -1.362683 2.240798 -0.746324 -21.334909 0.584912 3.008326 -13.821213 -0.0 4e-06 -23.887167 -0.249074 -0.83948 -62.092144 1.72359 -1.542221 -0.294025 1.679687 0.833257 -14.218208 0.093215 1.300583 -34.212048 -0.287558 0.967174 -20.033211 0.96454 1.212844 0.0 -0.0 1e-06 -3.440388 0.788233 0.501658 -15.928183 -3.167308 2.99971 -6.338824 -1e-06 3e-06 -18.123444 3.648187 -4.905666 -5e-06 2e-06 -2e-06 -0.32685 22.153515 8.248645 -62.021397 34.729996 -48.124825 -20.837669 72.826233 -14.485817 9.501383 -5.660864 78.882103 2.243541 -5.255035 -3.180157 14.282887 -0.826597 6.9525 0.0 -12.690601 1e-06 15.468798 -18.185141 4.73491 1.665666 -1.955921 -2.878298 4.727797 -4.170587 4.993923 11.020522 2e-06 -0.0 12.10905 -3.735715 -2.866784 -1e-06 1e-06 1e-06 1.291987 -1.928548 -1.498088 14.800123 0.567464 3.865606 14.242568 -1.341738 -6.660656 19.631962 0.143924 -0.648247 53.025562 -0.882523 -5.389057 0.353029 -1.51115 -0.03194 20.222782 3.684305 2.316627 18.78727 4e-06 -4e-06 10.751625 -0.47987 1.397904 0.0 0.0 -0.0 3.273806 0.305945 -0.58011 21.486803 11.830366 2.266129 8.162924 0.0 -1e-06 18.399076 -3.798986 -4.940576 3e-06 1e-06 -0.0 6.367123 24.371534 0.261647 -0.120238 -0.373666 2.050314 -5.954824 5.199637 -3.719254 1.631115 -2.171056 -0.17618 0.0 -0.0 2e-06 -4.593503 -14.103201 -7.851536 0.089613 0.348627 7.33063 9.719701 10.388338 5.357539 -1.365221 0.81697 -0.639884 0.0 -0.0 -1e-06 
0.0 0.0 0.0 0.0 -0.0 0.0 1.872554 100.827026 0.656131 -2.636783 -11.473907 3.21448 -0.765218 0.300661 -2.723191 -0.403176 2.678352 -5.639218 -10.4754 -0.265513 10.393443 -15.467532 8.9354 0.149057 -0.619621 1.664855 -3.779837 -7.371248 1.408665 -14.552825 7.7e-05 -2.3e-05 6e-06 0.004945 -0.219918 0.073476 0.55392 -4.074034 -10.719757 -0.574313 3.603078 -10.783202 -8.874759 -12.925294 5.238384 -52.216049 -25.406441 -4.496235 178.916183 -64.012733 -179.508774 18.931433 4.890988 -46.50272 -5.882109 9.86129 0.702591 -10.936875 -0.360573 7.15621 1e-06 8.77483 1e-06 -16.765385 17.616653 6.069294 -1.844033 2.498505 -2.507278 -10.163602 4.67895 4.621115 -20.97603 4e-06 3e-06 -21.226292 2.451702 -3.594004 -0.0 -5e-06 -0.0 -1.362682 2.240799 -0.746323 -21.334917 0.584915 3.008328 -13.821217 2e-06 3e-06 -23.887173 -0.249071 -0.839486 -61.991093 1.686325 -1.486492 -0.294026 1.679688 0.833257 -14.218214 0.09322 1.300584 -34.212055 -0.287552 0.96717 -20.033218 0.964544 1.212842 0.0 0.0 -0.0 -3.440389 0.788234 0.501654 -15.928189 -3.167306 2.99971 -6.338829 0.0 2e-06 -18.123453 3.64819 -4.905672 -5e-06 1e-06 -1e-06 -0.129829 22.105696 8.302511 -61.742016 34.634842 -47.607712 -20.975412 73.132195 -14.713274 8.792516 -5.796476 78.986778 2.243542 -5.25504 -3.180159 14.282895 -0.826596 6.952505 -0.0 -12.69061 -2e-06 15.52557 -18.262049 4.727517 1.665668 -1.955923 -2.8783 4.727798 -4.170591 4.993925 11.020531 2e-06 -2e-06 12.109055 -3.735718 -2.866786 -1e-06 1e-06 1e-06 1.291985 -1.928551 -1.498091 14.800132 0.567469 3.86561 14.242577 -1.341735 -6.660663 19.631973 0.143927 -0.648245 53.212799 -0.904124 -5.355926 0.353028 -1.511152 -0.03194 20.222797 3.684311 2.316631 18.787281 6e-06 -3e-06 10.751633 -0.479868 1.397907 0.0 0.0 -0.0 3.273808 0.305946 -0.580112 21.486818 11.83038 2.266133 8.16293 1e-06 -1e-06 18.399086 -3.798987 -4.940578 3e-06 1e-06 -0.0 6.388822 24.444967 0.294127 -0.133228 -0.392943 1.865358 -5.90502 5.067705 -3.526063 1.628829 -2.180862 -0.207263 -0.0 -0.0 2e-06 -4.563252 -14.223619 -8.100476 0.103474 0.353007 7.82021 9.853771 10.480073 5.692022 -1.363855 0.814725 -0.783571 -0.0 -0.0 -1e-06 
0.0 0.0 0.0 0.0 -0.0 0.0 1.967034 100.899651 0.56568 -2.725846 -11.288085 3.204704 -0.772036 0.266609 -2.786933 -0.38043 2.671201 -5.653293 -10.41178 -0.335104 10.458665 -15.242257 8.771015 -0.030094 -0.668893 1.623933 -3.785478 -7.416819 1.360109 -14.620171 7.8e-05 -2.3e-05 6e-06 -0.001185 -0.207997 0.071652 0.556113 -4.060772 -10.726671 -0.588622 3.61362 -10.805642 -9.033013 -12.88946 5.317212 -52.190815 -25.545876 -4.702213 179.614487 -64.201859 179.941544 18.797012 4.835677 -46.708443 -5.882107 9.861293 0.702592 -10.936878 -0.360578 7.156212 2e-06 8.774833 -2e-06 -16.760691 17.61289 6.084078 -1.844034 2.498506 -2.507278 -10.163604 4.678948 4.621113 -20.976036 -5e-06 7e-06 -21.226299 2.451697 -3.593999 -0.0 -5e-06 -0.0 -1.362682 2.2408 -0.746325 -21.334929 0.584907 3.008329 -13.821221 -4e-06 5e-06 -23.887182 -0.24908 -0.839478 -61.897594 1.675236 -1.454796 -0.294025 1.67969 0.833255 -14.218217 0.093212 1.300583 -34.212067 -0.287565 0.967179 -20.033226 0.964538 1.212848 0.0 0.0 1e-06 -3.440389 0.788233 0.501658 -15.928196 -3.167313 2.999712 -6.33883 -2e-06 2e-06 -18.123457 3.648185 -4.905671 -5e-06 1e-06 -2e-06 0.135172 22.010052 8.438053 -61.298546 34.56707 -47.307877 -20.900745 73.556526 -14.660001 8.014238 -5.83078 79.359863 2.243546 -5.255041 -3.180161 14.282898 -0.826599 6.952511 1e-06 -12.690615 1e-06 15.51418 -18.327888 4.731493 1.665666 -1.955923 -2.878301 4.7278 -4.170594 4.99393 11.020531 1e-06 -1e-06 12.109058 -3.735721 -2.866787 -1e-06 0.0 1e-06 1.291987 -1.928551 -1.49809 14.800134 0.567464 3.865612 14.242579 -1.34174 -6.660664 19.631973 0.143923 -0.648246 53.280388 -0.94883 -5.339799 0.353028 -1.511153 -0.03194 20.222801 3.684309 2.316634 18.787283 -0.0 -2e-06 10.751633 -0.479872 1.397906 -0.0 0.0 -0.0 3.273809 0.305947 -0.580112 21.486818 11.83038 2.266135 8.16293 -1e-06 -1e-06 18.399094 -3.798992 -4.940579 3e-06 1e-06 -1e-06 6.395296 24.500538 0.322879 -0.144526 -0.412201 1.575993 -5.830759 4.836665 -3.168652 1.627679 -2.163519 -0.231074 0.0 -1e-06 2e-06 -4.524736 -14.347274 -8.388336 0.115008 0.36256 8.429998 9.959556 10.509295 6.095423 -1.361786 0.828749 -0.994707 -0.0 -0.0 -1e-06 
0.0 0.0 0.0 0.0 -0.0 0.0 2.04998 101.029587 0.446651 -2.780959 -11.081492 3.184875 -0.765739 0.179428 -2.812076 -0.348945 2.693321 -5.683024 -10.294062 -0.35704 10.498389 -14.898789 8.585896 -0.175319 -0.682066 1.551139 -3.732986 -7.436174 1.413129 -14.794206 7.7e-05 -2.3e-05 6e-06 0.025336 -0.167559 0.079686 0.599961 -4.012265 -10.723335 -0.579129 3.646509 -10.821461 -9.218658 -12.884646 5.365094 -52.141731 -25.491932 -4.650411 179.659256 -64.30703 -179.907211 18.522449 4.762269 -46.573994 -5.882106 9.861292 0.702592 -10.936875 -0.360577 7.156212 1e-06 8.774831 -2e-06 -16.679234 17.717587 6.058838 -1.844033 2.498507 -2.507279 -10.163604 4.678947 4.621113 -20.976034 -4e-06 6e-06 -21.226295 2.451697 -3.593999 -0.0 -5e-06 -0.0 -1.362682 2.240799 -0.746324 -21.334925 0.584907 3.008328 -13.821219 -4e-06 4e-06 -23.887182 -0.249077 -0.839478 -61.740238 1.727712 -1.60281 -0.294025 1.679689 0.833257 -14.218215 0.093212 1.300583 -34.21207 -0.287564 0.967178 -20.033226 0.964539 1.212848 0.0 0.0 -0.0 -3.44039 0.788234 0.501657 -15.928196 -3.167314 2.999711 -6.338829 -1e-06 4e-06 -18.123453 3.648183 -4.905669 -5e-06 1e-06 -2e-06 0.561112 21.882612 8.61945 -60.639076 34.484997 -46.927536 -20.956671 74.233765 -14.853413 7.117607 -5.717165 80.0737 2.243544 -5.255039 -3.180159 14.2829 -0.826597 6.952511 -2e-06 -12.690614 3e-06 15.57433 -18.202034 4.611133 1.665668 -1.955922 -2.878303 4.727801 -4.170592 4.99393 11.020536 3e-06 1e-06 12.109059 -3.735719 -2.866785 -1e-06 0.0 -0.0 1.291985 -1.928552 -1.49809 14.800139 0.567468 3.865613 14.242582 -1.341737 -6.660661 19.631983 0.143927 -0.648245 53.328098 -0.919297 -5.448765 0.353029 -1.511151 -0.03194 20.222803 3.68431 2.316635 18.787287 2e-06 0.0 10.751636 -0.479871 1.397907 0.0 0.0 -0.0 3.273808 0.305945 -0.580112 21.486828 11.830384 2.266135 8.162934 0.0 -1e-06 18.399097 -3.79899 -4.940578 3e-06 1e-06 -0.0 6.353506 24.511797 0.208424 -0.147479 -0.437386 1.519233 -5.670752 4.577828 -2.607225 1.625632 -2.146615 -0.177262 0.0 -1e-06 2e-06 -4.514329 -14.62037 -8.713988 0.140769 0.346558 9.094171 10.001123 10.448898 6.754844 -1.37231 0.799741 -1.240253 -0.0 -0.0 -1e-06 
0.0 0.0 0.0 0.0 -0.0 0.0 2.105624 101.081589 0.329056 -2.820911 -10.771301 3.109809 -0.721789 0.134863 -2.873516 -0.322578 2.606511 -5.71264 -10.110914 -0.401392 10.608808 -14.445159 8.38975 -0.32976 -0.69991 1.56809 -3.755002 -7.326722 1.524945 -14.872482 7.7e-05 -2.2e-05 7e-06 0.029216 -0.177824 0.079311 0.614614 -4.01405 -10.715446 -0.585453 3.62799 -10.817514 -9.304238 -12.737197 5.370407 -52.140198 -25.377251 -4.592598 179.738373 -64.405106 -179.947617 18.286964 4.489674 -46.244606 -5.88211 9.861292 0.702594 -10.936878 -0.360572 7.156209 -1e-06 8.77483 1e-06 -16.622595 17.744123 6.079222 -1.844033 2.498506 -2.507277 -10.163606 4.678949 4.621115 -20.976036 3e-06 5e-06 -21.226301 2.451706 -3.594 -0.0 -5e-06 -0.0 -1.362682 2.2408 -0.746323 -21.334927 0.584915 3.008327 -13.82122 0.0 4e-06 -23.887184 -0.249074 -0.839483 -61.671703 1.757125 -1.611271 -0.294025 1.679689 0.833257 -14.218217 0.093219 1.300583 -34.212074 -0.287555 0.967174 -20.033226 0.964541 1.212843 1e-06 1e-06 -0.0 -3.440392 0.788233 0.501656 -15.9282 -3.16731 2.999711 -6.33883 -0.0 2e-06 -18.123459 3.648189 -4.90567 -5e-06 1e-06 -2e-06 1.040492 21.641516 8.909551 -59.690781 34.330227 -46.586758 -21.263897 74.999275 -15.34661 5.920131 -5.372128 80.649551 2.243543 -5.25504 -3.180159 14.282894 -0.826598 6.952507 2e-06 -12.690609 -1e-06 15.449374 -18.139902 4.596959 1.665666 -1.955923 -2.8783 4.7278 -4.170591 4.993926 11.020534 3e-06 -1e-06 12.109056 -3.735719 -2.866788 -0.0 1e-06 -0.0 1.291987 -1.928551 -1.498091 14.800132 0.567465 3.865608 14.242577 -1.341738 -6.660665 19.631973 0.143926 -0.648247 53.042664 -0.932387 -5.452183 0.353029 -1.51115 -0.031941 20.222794 3.684309 2.316629 18.787279 2e-06 -4e-06 10.751631 -0.479871 1.397906 0.0 0.0 -0.0 3.27381 0.305947 -0.58011 21.486822 11.830379 2.266133 8.16293 -0.0 -2e-06 18.399094 -3.798988 -4.940582 3e-06 0.0 -1e-06 6.382462 24.575315 0.134657 -0.142873 -0.432141 1.532684 -5.659341 4.240364 -2.357172 1.625067 -2.092546 -0.124344 0.0 -0.0 2e-06 -4.508088 -14.723322 -8.859252 0.136262 0.360374 9.546659 10.161476 10.408221 7.049572 -1.370523 0.823386 -1.276068 -0.0 -0.0 -1e-06 
0.0 0.0 0.0 0.0 -0.0 0.0 2.124115 101.07222 0.216355 -2.719094 -10.415442 2.897897 -0.684023 0.110306 -2.928437 -0.314733 2.526303 -5.741889 -9.91377 -0.42022 10.727542 -13.937263 8.188925 -0.339578 -0.651251 1.63085 -3.779822 -7.174402 1.748346 -14.932295 7.9e-05 -2.2e-05 6e-06 0.033077 -0.199616 0.080248 0.621384 -4.027828 -10.705384 -0.58392 3.598519 -10.7961 -9.382942 -12.559793 5.432262 -51.9133 -25.238932 -4.558849 179.552322 -64.519203 -179.865494 18.112537 4.231797 -45.974415 -5.882107 9.861288 0.702588 -10.936873 -0.360577 7.156205 1e-06 8.774828 -3e-06 -16.648073 17.743759 6.040985 -1.844035 2.498505 -2.507279 -10.1636 4.678944 4.621108 -20.976027 -4e-06 3e-06 -21.226288 2.451698 -3.594001 -0.0 -5e-06 -0.0 -1.36268 2.240799 -0.746324 -21.334915 0.584909 3.008323 -13.821213 -3e-06 2e-06 -23.887171 -0.249079 -0.839482 -61.64262 1.758841 -1.643632 -0.294027 1.679688 0.833255 -14.21821 0.093213 1.30058 -34.212048 -0.287566 0.967171 -20.033215 0.964537 1.212844 0.0 0.0 -1e-06 -3.440387 0.788233 0.501655 -15.928185 -3.167312 2.999707 -6.338827 -2e-06 -0.0 -18.123444 3.648182 -4.905671 -4e-06 1e-06 -2e-06 1.685831 21.22872 9.336924 -58.563484 33.955738 -46.387836 -20.144184 75.911552 -14.485515 4.485888 -4.699809 80.554581 2.243545 -5.255038 -3.180159 14.282896 -0.826599 6.952507 -1e-06 -12.690609 1e-06 15.228977 -17.874769 4.543175 1.665668 -1.955921 -2.878299 4.727802 -4.170591 4.993927 11.020532 2e-06 -2e-06 12.109058 -3.735719 -2.866785 1e-06 0.0 -0.0 1.291985 -1.92855 -1.498089 14.800134 0.567466 3.865608 14.242577 -1.341738 -6.660661 19.631973 0.143924 -0.648247 52.336624 -0.91301 -5.411271 0.353031 -1.51115 -0.03194 20.222797 3.684308 2.316631 18.787281 2e-06 -2e-06 10.751633 -0.47987 1.397906 -0.0 0.0 0.0 3.27381 0.305948 -0.580111 21.486818 11.830377 2.266132 8.162933 1e-06 -1e-06 18.399092 -3.798989 -4.940578 3e-06 1e-06 -2e-06 6.33424 24.608891 0.2081 -0.133429 -0.426253 1.543703 -5.689636 3.903094 -2.25714 1.625114 -2.067235 -0.093475 0.0 -0.0 2e-06 -4.667806 -14.812569 -8.69444 0.134117 0.351964 9.651123 10.384158 10.305112 6.982984 -1.366749 0.8273 -1.287031 0.0 -0.0 -1e-06 
0.0 0.0 0.0 0.0 -0.0 0.0 2.083429 100.956284 0.120655 -2.347306 -9.921214 2.50572 -0.735414 0.111254 -2.976683 -0.334765 2.463541 -5.773191 -9.743782 -0.449891 10.849134 -13.356637 7.981554 -0.090365 -0.533934 1.752043 -3.805717 -6.993647 1.948236 -14.97631 7.8e-05 -2.3e-05 6e-06 0.041522 -0.213063 0.087892 0.625212 -4.035841 -10.707715 -0.570363 3.579989 -10.77267 -9.553455 -12.434553 5.556211 -51.133224 -25.022709 -4.636231 178.994431 -64.79438 -179.495163 17.947006 3.942814 -45.894001 -5.882111 9.861292 0.702591 -10.936877 -0.360574 7.15621 -0.0 8.77483 -1e-06 -16.706533 17.675861 5.990343 -1.844035 2.498506 -2.507279 -10.163604 4.678947 4.621113 -20.976034 -2e-06 2e-06 -21.226299 2.451699 -3.594003 -0.0 -5e-06 -0.0 -1.362685 2.240799 -0.746324 -21.334929 0.584911 3.008326 -13.821223 -2e-06 3e-06 -23.887184 -0.249079 -0.839484 -61.55724 1.769741 -1.662941 -0.294026 1.679688 0.833257 -14.218219 0.093215 1.300582 -34.21207 -0.28756 0.967169 -20.033226 0.964537 1.212843 0.0 0.0 -1e-06 -3.44039 0.788234 0.501658 -15.928196 -3.16731 2.999711 -6.338829 -0.0 1e-06 -18.123457 3.648187 -4.905674 -5e-06 1e-06 -3e-06 2.421172 20.647486 9.737898 -56.976093 33.300652 -45.731281 -18.164499 76.831779 -12.787558 2.677493 -3.542913 78.795547 2.24354 -5.255035 -3.180158 14.282885 -0.826594 6.952503 -3e-06 -12.690601 1e-06 14.999619 -17.496937 4.394086 1.665666 -1.95592 -2.878299 4.727797 -4.170586 4.993924 11.020522 4e-06 -0.0 12.109049 -3.735715 -2.866782 -0.0 -0.0 1e-06 1.291985 -1.928548 -1.498089 14.80012 0.567468 3.865608 14.242566 -1.341733 -6.660655 19.631958 0.143928 -0.648243 51.160877 -0.90558 -5.40989 0.353029 -1.51115 -0.031941 20.222784 3.684309 2.316628 18.787266 4e-06 -1e-06 10.751624 -0.479868 1.397906 0.0 0.0 -0.0 3.273805 0.305947 -0.58011 21.486809 11.830371 2.266132 8.162926 1e-06 -1e-06 18.399078 -3.798984 -4.940574 3e-06 0.0 -2e-06 6.090674 24.47171 0.416553 -0.12491 -0.41688 1.581656 -5.74159 3.580596 -2.414303 1.619368 -2.06515 -0.037943 0.0 -0.0 2e-06 -5.132929 -14.873036 -8.075252 0.136404 0.330332 9.230533 10.562105 10.079892 6.20601 -1.369349 0.814574 -1.179249 0.0 -0.0 -1e-06 
0.0 0.0 0.0 0.0 -0.0 0.0 1.960916 100.739525 0.024898 -1.72562 -9.225844 1.961139 -0.861864 0.128045 -3.015678 -0.373287 2.423953 -5.814684 -9.641102 -0.506484 10.989992 -12.659377 7.735986 0.35198 -0.403884 1.961936 -3.81585 -6.852792 2.08566 -15.067249 7.7e-05 -2.3e-05 6e-06 0.057225 -0.203721 0.098018 0.627314 -4.021362 -10.715219 -0.540571 3.584623 -10.746208 -9.900548 -12.390454 5.811774 -49.673611 -24.649809 -4.87441 178.051346 -65.243752 -178.853897 17.884739 3.521317 -45.879795 -5.88211 9.861292 0.702593 -10.936878 -0.360572 7.156212 -1e-06 8.774831 -0.0 -16.704531 17.547146 5.971473 -1.844031 2.498506 -2.507279 -10.16361 4.678949 4.621115 -20.976038 2e-06 6e-06 -21.226299 2.451703 -3.593999 -0.0 -5e-06 -1e-06 -1.362682 2.2408 -0.746323 -21.334929 0.584912 3.008329 -13.821221 1e-06 4e-06 -23.887184 -0.249074 -0.839482 -61.367565 1.822006 -1.617602 -0.294026 1.679688 0.833257 -14.218215 0.093219 1.300585 -34.212067 -0.287557 0.967173 -20.033226 0.964542 1.212844 -0.0 0.0 -1e-06 -3.440392 0.788234 0.501656 -15.9282 -3.167308 2.999715 -6.338831 0.0 3e-06 -18.123459 3.648188 -4.905669 -5e-06 1e-06 -4e-06 3.325987 19.862074 10.083977 -54.981861 32.24622 -44.698376 -14.486728 77.854187 -9.514304 0.187971 -1.994798 74.863716 2.243545 -5.255041 -3.180162 14.282898 -0.826595 6.952509 -1e-06 -12.690614 -1e-06 14.734594 -17.067062 4.136349 1.665667 -1.955924 -2.878303 4.727799 -4.170591 4.993928 11.020533 2e-06 -4e-06 12.10906 -3.735718 -2.866789 1e-06 0.0 -0.0 1.291988 -1.92855 -1.498091 14.800136 0.567467 3.86561 14.242582 -1.341737 -6.660666 19.631975 0.143927 -0.648248 49.634434 -0.953776 -5.525312 0.353031 -1.511152 -0.03194 20.222803 3.684311 2.31663 18.787283 4e-06 -4e-06 10.751634 -0.479869 1.397906 -0.0 0.0 -0.0 3.27381 0.305947 -0.580113 21.486828 11.830384 2.266135 8.162931 1e-06 -1e-06 18.399096 -3.798987 -4.94058 3e-06 1e-06 -1e-06 5.744914 24.131687 0.635643 -0.117279 -0.400212 1.91869 -5.906107 3.176465 -2.868547 1.607279 -2.078282 0.016879 0.0 -0.0 2e-06 -5.861311 -14.868617 -7.033687 0.14523 0.308447 8.314201 10.474197 9.644898 4.728866 -1.380729 0.79271 -0.943204 -0.0 -0.0 -1e-06 
0.0 0.0 0.0 0.0 -0.0 0.0 1.750746 100.442825 -0.068239 -1.055237 -8.304583 1.377847 -0.889235 0.177107 -3.128219 -0.408726 2.371748 -5.910079 -9.634738 -0.597974 11.320094 -11.917417 7.45027 0.81621 -0.269248 2.134534 -3.855834 -6.71609 2.239268 -15.254396 7.7e-05 -2.3e-05 6e-06 0.024411 -0.187878 0.085273 0.550187 -4.005538 -10.725198 -0.528436 3.60205 -10.713089 -10.374695 -12.293308 6.080098 -47.621773 -24.007544 -5.377018 177.28508 -65.826065 -178.408936 18.125952 3.04241 -45.987083 -5.882104 9.861282 0.702591 -10.936866 -0.360575 7.156207 1e-06 8.774823 -1e-06 -16.700726 17.277983 6.032937 -1.844031 2.498506 -2.507277 -10.163594 4.678942 4.621109 -20.976013 -3e-06 4e-06 -21.226273 2.451694 -3.593997 0.0 -5e-06 -1e-06 -1.36268 2.240798 -0.746322 -21.334906 0.584909 3.008325 -13.82121 -3e-06 5e-06 -23.887165 -0.249077 -0.839481 -61.304882 1.860217 -1.429737 -0.294025 1.679687 0.833256 -14.218205 0.093214 1.300581 -34.212044 -0.287565 0.967174 -20.033211 0.964539 1.212844 1e-06 1e-06 -0.0 -3.440387 0.788232 0.501656 -15.928183 -3.16731 2.999707 -6.338824 -0.0 1e-06 -18.123438 3.648182 -4.905667 -4e-06 0.0 -2e-06 4.414841 18.92371 10.43122 -52.621338 30.679827 -43.23035 -10.853509 78.848213 -6.69848 -2.906751 -0.365673 69.128052 2.243541 -5.255036 -3.180157 14.282887 -0.826594 6.952503 -1e-06 -12.690604 3e-06 14.293351 -16.680058 3.965773 1.665667 -1.955921 -2.878299 4.727796 -4.170587 4.993924 11.020524 4e-06 -2e-06 12.109048 -3.735715 -2.866784 1e-06 0.0 -0.0 1.291986 -1.928549 -1.498089 14.80012 0.567468 3.865607 14.242564 -1.341736 -6.660658 19.631958 0.143928 -0.648245 47.873867 -1.093831 -5.566758 0.35303 -1.51115 -0.031941 20.222784 3.684311 2.316629 18.787262 4e-06 -0.0 10.751623 -0.479869 1.397906 0.0 0.0 0.0 3.273805 0.305947 -0.580111 21.486801 11.830376 2.266132 8.162924 2e-06 -1e-06 18.399073 -3.798985 -4.940573 3e-06 0.0 -1e-06 5.506981 23.766066 -0.251287 -0.105081 -0.336248 4.615524 -6.310522 2.402198 -4.231893 1.600998 -2.108973 0.042121 0.0 -0.0 2e-06 -6.591242 -14.628884 -5.768269 0.120885 0.333727 7.147925 10.203265 8.988085 2.794141 -1.380519 0.815621 -0.535238 -0.0 -0.0 -1e-06 
0.0 0.0 0.0 0.0 -0.0 0.0 1.527382 100.320961 -0.228472 -0.625906 -7.33559 0.906843 -0.774126 0.151578 -3.247382 -0.363066 2.313613 -6.00477 -9.49734 -0.680255 11.655015 -11.120992 7.1109 1.065392 -0.180511 2.309088 -3.815582 -6.591067 2.359775 -15.570087 7.7e-05 -2.2e-05 6e-06 0.026938 -0.126651 0.084469 0.530717 -3.949446 -10.717881 -0.502674 3.669934 -10.688554 -10.996948 -12.152232 6.50394 -45.43676 -22.946686 -6.071943 176.499573 -66.295616 -177.756073 18.35232 2.57568 -45.85162 -5.882103 9.861286 0.70259 -10.936872 -0.360577 7.156206 2e-06 8.774826 -2e-06 -16.601011 17.237062 6.010704 -1.844032 2.498504 -2.507276 -10.1636 4.678942 4.621107 -20.976021 -5e-06 4e-06 -21.226286 2.451695 -3.593997 -0.0 -6e-06 -0.0 -1.362682 2.240798 -0.746325 -21.334913 0.584907 3.008324 -13.821213 -6e-06 3e-06 -23.887169 -0.249079 -0.839478 -60.953327 1.947544 -1.37013 -0.294024 1.679688 0.833257 -14.218207 0.093213 1.300581 -34.212048 -0.287568 0.967173 -20.033211 0.964536 1.212847 0.0 -1e-06 -0.0 -3.44039 0.788231 0.501654 -15.928185 -3.167312 2.999707 -6.338826 -1e-06 1e-06 -18.123444 3.648181 -4.905667 -4e-06 1e-06 -1e-06 5.602981 17.911787 10.861842 -50.083801 28.612591 -41.767021 -6.137361 80.329742 -2.619503 -5.85355 1.062165 63.377026 2.243545 -5.25504 -3.18016 14.282896 -0.826596 6.952507 -3e-06 -12.690614 1e-06 14.005477 -16.328781 3.768929 1.665668 -1.955923 -2.878301 4.727801 -4.170591 4.993927 11.020531 3e-06 -2e-06 12.109056 -3.735718 -2.866787 -0.0 0.0 0.0 1.291987 -1.928551 -1.49809 14.800136 0.567468 3.865611 14.242582 -1.341737 -6.660664 19.631979 0.143927 -0.648246 46.673264 -1.217493 -5.681155 0.35303 -1.511151 -0.03194 20.222801 3.684312 2.316631 18.787283 4e-06 -2e-06 10.751633 -0.479869 1.397907 -0.0 0.0 -0.0 3.273808 0.305947 -0.580111 21.486824 11.830384 2.266134 8.16293 1e-06 -1e-06 18.399092 -3.798988 -4.940579 3e-06 0.0 -1e-06 5.354846 23.351469 -0.483622 -0.088484 -0.326592 5.539346 -6.488523 1.706704 -4.416955 1.604558 -2.143735 0.011332 -0.0 -0.0 2e-06 -7.030875 -14.608517 -4.835454 0.10913 0.31795 6.468281 9.877609 8.224187 1.791379 -1.383179 0.795927 -0.384352 0.0 -0.0 -1e-06 
0.0 0.0 0.0 0.0 -0.0 0.0 1.293406 100.25592 -0.409257 -0.348635 -6.313927 0.528356 -0.599865 0.113363 -3.355497 -0.305752 2.163801 -6.080996 -9.201644 -0.765422 11.943225 -10.325025 6.7089 1.180218 -0.033811 2.452893 -3.829861 -6.467951 2.451152 -15.900529 7.6e-05 -2.3e-05 5e-06 0.025357 -0.098169 0.075134 0.518197 -3.922588 -10.72155 -0.491812 3.701928 -10.671608 -11.499592 -11.907368 6.883348 -43.549252 -21.41811 -6.625228 175.934601 -66.60778 -177.309586 18.690496 2.047881 -45.41954 -5.88211 9.86129 0.702591 -10.936878 -0.360577 7.156212 0.0 8.774831 -2e-06 -16.551168 17.271976 5.983053 -1.844033 2.498504 -2.507279 -10.163604 4.678946 4.621113 -20.976038 -4e-06 7e-06 -21.226299 2.451697 -3.593999 -0.0 -4e-06 -1e-06 -1.362682 2.240798 -0.746325 -21.334927 0.584907 3.008328 -13.821221 -4e-06 2e-06 -23.887184 -0.24908 -0.839478 -60.763393 1.991874 -1.388007 -0.294023 1.679691 0.833257 -14.218219 0.093213 1.300583 -34.212074 -0.287565 0.967178 -20.033226 0.964536 1.212848 1e-06 1e-06 0.0 -3.440392 0.788231 0.501656 -15.928196 -3.167313 2.999711 -6.33883 -2e-06 1e-06 -18.123457 3.648183 -4.905669 -4e-06 -0.0 -2e-06 6.692544 16.879093 11.312741 -47.458794 26.24325 -40.334736 -1.054722 82.13736 1.821347 -8.232395 2.279838 58.49493 2.243542 -5.255043 -3.180161 14.2829 -0.826593 6.952511 -4e-06 -12.690623 1e-06 13.82559 -16.181114 3.651616 1.665668 -1.955924 -2.878303 4.727799 -4.170591 4.99393 11.020535 5e-06 -2e-06 12.10906 -3.735717 -2.866788 1e-06 -0.0 0.0 1.291987 -1.928552 -1.498091 14.80014 0.567471 3.865612 14.242584 -1.341735 -6.660666 19.631983 0.14393 -0.648244 46.032021 -1.320333 -5.741041 0.35303 -1.511152 -0.03194 20.222809 3.684318 2.316632 18.787289 7e-06 0.0 10.751637 -0.479868 1.397909 -0.0 0.0 -0.0 3.273808 0.305948 -0.580111 21.486832 11.830394 2.266136 8.162932 2e-06 0.0 18.399096 -3.798988 -4.940578 3e-06 -0.0 -1e-06 5.291653 22.860619 -0.58439 -0.07218 -0.322364 5.938505 -6.602624 1.112162 -4.31782 1.60789 -2.137096 0.017802 0.0 -0.0 2e-06 -7.283768 -14.606281 -3.988565 0.107024 0.292963 5.804141 9.576521 7.454821 1.170059 -1.385614 0.798001 -0.288098 0.0 -0.0 -1e-06 
0.0 0.0 0.0 0.0 -0.0 0.0 1.046098 100.212013 -0.603053 -0.119622 -5.27636 0.204657 -0.407059 0.09853 -3.430603 -0.263509 1.967834 -6.132658 -8.83166 -0.840886 12.191269 -9.568126 6.266832 1.174118 0.125807 2.531059 -3.856666 -6.368878 2.519747 -16.247932 7.6e-05 -2.2e-05 5e-06 0.017937 -0.096425 0.064835 0.505679 -3.917644 -10.734607 -0.492566 3.702908 -10.660824 -11.886164 -11.65159 7.221006 -41.885864 -19.595057 -6.907357 175.502731 -66.726738 -176.98056 19.105503 1.555979 -44.782768 -5.88211 9.861293 0.70259 -10.936878 -0.360576 7.156212 0.0 8.774831 -1e-06 -16.556238 17.327402 5.956964 -1.844033 2.498506 -2.507279 -10.163604 4.678948 4.621115 -20.976036 -2e-06 6e-06 -21.226301 2.451702 -3.594001 1e-06 -4e-06 -1e-06 -1.362682 2.240799 -0.746324 -21.334929 0.584912 3.008328 -13.821221 -1e-06 4e-06 -23.887184 -0.249077 -0.839482 -60.717594 2.031192 -1.425843 -0.294025 1.679688 0.833255 -14.218219 0.093215 1.300583 -34.212074 -0.287562 0.967176 -20.033228 0.96454 1.212848 -0.0 1e-06 0.0 -3.44039 0.788234 0.501656 -15.928196 -3.167312 2.999712 -6.338832 -1e-06 1e-06 -18.123457 3.648187 -4.905672 -4e-06 1e-06 -2e-06 7.778992 15.864506 11.807297 -45.211937 23.594419 -38.880615 5.088719 84.132553 7.258965 -10.081051 3.266289 54.408657 2.243539 -5.255039 -3.18016 14.282896 -0.826593 6.952507 -3e-06 -12.690612 -0.0 13.856909 -16.124727 3.516129 1.665668 -1.955923 -2.878302 4.727801 -4.170589 4.993927 11.020531 5e-06 -2e-06 12.109055 -3.735715 -2.866786 -0.0 0.0 0.0 1.291984 -1.92855 -1.49809 14.800134 0.56747 3.865609 14.242576 -1.341734 -6.660662 19.631973 0.14393 -0.648244 45.873947 -1.360888 -5.781824 0.353031 -1.511151 -0.03194 20.222794 3.684315 2.316631 18.787277 7e-06 1e-06 10.751631 -0.479867 1.397907 -0.0 0.0 0.0 3.273808 0.305948 -0.580111 21.486826 11.830385 2.266135 8.16293 3e-06 1e-06 18.399086 -3.798985 -4.940575 3e-06 0.0 -1e-06 5.24319 22.318777 -0.645515 -0.061875 -0.309863 6.105218 -6.674086 0.616704 -4.098402 1.609416 -2.113347 0.033797 0.0 -1e-06 2e-06 -7.46123 -14.682291 -3.221118 0.100688 0.263701 5.195312 9.314789 6.675082 0.690788 -1.389438 0.806 -0.18301 -0.0 0.0 -1e-06 
0.0 0.0 0.0 0.0 -0.0 0.0 0.787658 100.173363 -0.81721 0.093712 -4.218416 -0.096728 -0.19874 0.107928 -3.477916 -0.237876 1.731501 -6.160354 -8.411368 -0.89845 12.42563 -8.871795 5.799957 1.057742 0.271115 2.532391 -3.870691 -6.33769 2.545954 -16.641933 7.6e-05 -2.3e-05 6e-06 0.014324 -0.105711 0.061529 0.499858 -3.921764 -10.741771 -0.492545 3.691131 -10.646556 -12.203723 -11.386193 7.555628 -40.374691 -17.600714 -6.864234 175.115433 -66.703583 -176.711868 19.560656 1.089933 -43.969849 -5.882107 9.861288 0.70259 -10.936877 -0.360577 7.156209 1e-06 8.774828 -3e-06 -16.55155 17.370657 5.952352 -1.844032 2.498505 -2.507279 -10.163602 4.678946 4.621113 -20.97603 -2e-06 6e-06 -21.226292 2.4517 -3.594 0.0 -5e-06 -1e-06 -1.362682 2.2408 -0.746323 -21.334921 0.584908 3.008328 -13.821218 -1e-06 5e-06 -23.887178 -0.249078 -0.839481 -60.715736 2.090368 -1.446232 -0.294025 1.679687 0.833257 -14.218214 0.093214 1.300583 -34.212059 -0.287562 0.967174 -20.03322 0.964538 1.212847 0.0 0.0 1e-06 -3.440389 0.788234 0.501656 -15.928192 -3.167312 2.999711 -6.338829 -0.0 -0.0 -18.123453 3.648184 -4.905671 -5e-06 3e-06 -3e-06 8.89638 14.88866 12.30111 -43.375683 20.744741 -37.255997 14.487229 86.302231 15.999078 -11.487441 4.061453 51.064129 2.243543 -5.255037 -3.180158 14.28289 -0.826594 6.952504 -3e-06 -12.69061 3e-06 14.098079 -16.147156 3.360454 1.665666 -1.955921 -2.8783 4.727798 -4.170588 4.993926 11.020528 4e-06 -2e-06 12.109053 -3.735714 -2.866786 0.0 -0.0 1e-06 1.291987 -1.92855 -1.49809 14.800131 0.567471 3.865608 14.242573 -1.341734 -6.660661 19.631973 0.143929 -0.648243 46.138748 -1.348487 -5.835176 0.353027 -1.511151 -0.03194 20.222792 3.684314 2.31663 18.787271 7e-06 -1e-06 10.751631 -0.479868 1.397907 -0.0 -0.0 -0.0 3.273804 0.305947 -0.580111 21.486818 11.830381 2.266132 8.162925 2e-06 -0.0 18.39908 -3.798985 -4.940575 3e-06 0.0 -1e-06 5.196436 21.722528 -0.722727 -0.063395 -0.293747 6.218369 -6.722149 0.173327 -3.838107 1.607291 -2.0922 0.035063 0.0 -0.0 2e-06 -7.608704 -14.828264 -2.511984 0.087242 0.235884 4.657973 9.086246 5.887379 0.256551 -1.393843 0.817031 -0.083638 -0.0 -0.0 -1e-06 
0.0 0.0 0.0 0.0 -0.0 0.0 0.52268 100.140068 -1.053464 0.307412 -3.153922 -0.391989 0.031388 0.129122 -3.499825 -0.219975 1.483413 -6.174178 -7.962012 -0.940536 12.657355 -8.252125 5.378033 0.851253 0.351171 2.456958 -3.872852 -6.355211 2.474947 -17.027225 7.8e-05 -2.2e-05 5e-06 0.016109 -0.113731 0.063805 0.502545 -3.924374 -10.736645 -0.490527 3.681049 -10.629473 -12.521642 -11.093206 7.90547 -38.945919 -15.485982 -6.489841 174.868683 -66.634476 -176.552002 20.103161 0.574794 -43.077438 -5.882111 9.861297 0.702592 -10.936878 -0.360576 7.156215 -1e-06 8.774835 -2e-06 -16.501368 17.403265 5.989419 -1.844032 2.498508 -2.50728 -10.163607 4.678948 4.621115 -20.976038 -3e-06 6e-06 -21.226299 2.4517 -3.594001 -0.0 -6e-06 -0.0 -1.362682 2.2408 -0.746323 -21.33493 0.584909 3.008329 -13.821226 -0.0 4e-06 -23.887192 -0.249075 -0.839481 -60.676517 2.167296 -1.443437 -0.294026 1.679688 0.833257 -14.218221 0.093216 1.300584 -34.212078 -0.28756 0.967175 -20.033232 0.96454 1.212846 -1e-06 -0.0 -0.0 -3.44039 0.788235 0.501656 -15.928196 -3.167313 2.999713 -6.338829 -1e-06 2e-06 -18.123459 3.648185 -4.905675 -5e-06 1e-06 -3e-06 10.012368 13.956064 12.786319 -41.88131 17.770323 -35.38905 46.7901 88.507339 47.81702 -12.535459 4.630639 48.339836 2.243542 -5.255041 -3.180162 14.282897 -0.826592 6.952509 -3e-06 -12.690618 0.0 14.465885 -16.217684 3.221427 1.665667 -1.955923 -2.878303 4.727802 -4.17059 4.993929 11.020535 6e-06 -1e-06 12.109058 -3.735717 -2.866787 0.0 -0.0 0.0 1.291987 -1.928551 -1.498091 14.800139 0.56747 3.865612 14.24258 -1.341734 -6.660666 19.631979 0.14393 -0.648244 46.652012 -1.312515 -5.876669 0.353029 -1.511152 -0.03194 20.222803 3.684317 2.316632 18.787285 8e-06 0.0 10.751634 -0.479867 1.397908 0.0 -0.0 0.0 3.273806 0.305948 -0.580111 21.486832 11.83039 2.266136 8.162931 2e-06 1e-06 18.399092 -3.798986 -4.940577 3e-06 -0.0 -1e-06 5.136327 21.138189 -0.762805 -0.067441 -0.279347 6.209755 -6.744709 -0.293268 -3.504763 1.602831 -2.081774 0.000259 0.0 -0.0 2e-06 -7.768035 -15.04113 -2.147304 0.07551 0.210444 4.842212 8.87719 5.188396 -0.323611 -1.396733 0.834235 -0.020035 0.0 -0.0 -1e-06 
0.0 0.0 0.0 0.0 -0.0 0.0 0.268341 100.119652 -1.294561 0.495309 -2.144203 -0.667769 0.283423 0.144516 -3.511972 -0.198766 1.271953 -6.177437 -7.520306 -0.971348 12.881714 -7.747996 5.031739 0.596386 0.356579 2.361095 -3.875196 -6.388052 2.293798 -17.357027 7.7e-05 -2.2e-05 4e-06 0.019848 -0.120308 0.06961 0.510806 -3.926179 -10.7225 -0.490345 3.673447 -10.613132 -12.851355 -10.769129 8.257991 -37.598251 -13.343436 -5.804008 174.767807 -66.591248 -176.472214 20.687639 0.04002 -42.157814 -5.882108 9.861284 0.702591 -10.936873 -0.360574 7.156206 -1e-06 8.774826 -1e-06 -16.402721 17.439676 6.059576 -1.844032 2.498505 -2.507278 -10.163603 4.678944 4.62111 -20.976027 -2e-06 2e-06 -21.226288 2.451698 -3.594 1e-06 -7e-06 -0.0 -1.362681 2.240797 -0.746323 -21.334917 0.584909 3.008325 -13.821215 -3e-06 3e-06 -23.887171 -0.249079 -0.839482 -60.595547 2.232687 -1.424714 -0.294025 1.679687 0.833256 -14.218212 0.093215 1.30058 -34.212051 -0.287562 0.967169 -20.033218 0.964537 1.212842 -0.0 -0.0 1e-06 -3.440389 0.788235 0.501655 -15.928187 -3.167309 2.999707 -6.338827 -1e-06 2e-06 -18.123453 3.648184 -4.90567 -6e-06 1e-06 -3e-06 11.058508 13.097353 13.281658 -40.70211 14.888341 -33.33453 149.544113 88.026718 150.271408 -13.269063 4.896207 46.371861 2.243542 -5.255039 -3.18016 14.282896 -0.826592 6.952507 -1e-06 -12.690609 -2e-06 14.880094 -16.291273 3.106076 1.665668 -1.955922 -2.8783 4.727801 -4.170588 4.993926 11.02053 4e-06 -2e-06 12.109058 -3.735717 -2.866786 1e-06 0.0 -1e-06 1.291986 -1.92855 -1.49809 14.800134 0.56747 3.865609 14.242579 -1.341735 -6.660661 19.631975 0.143928 -0.648243 47.231754 -1.289901 -5.885521 0.353029 -1.511152 -0.03194 20.222801 3.684313 2.316633 18.787283 6e-06 -0.0 10.751634 -0.479868 1.397908 -0.0 -0.0 0.0 3.273808 0.305947 -0.580111 21.486824 11.83038 2.266136 8.16293 2e-06 -0.0 18.39909 -3.798984 -4.940577 3e-06 -0.0 -1e-06 5.081718 20.635321 -0.720567 -0.069728 -0.272013 6.010243 -6.744112 -0.805058 -3.086038 1.596616 -2.073885 -0.058488 0.0 -0.0 2e-06 -7.910443 -15.299779 -2.096064 0.069041 0.195198 5.598529 8.720187 4.597908 -0.93099 -1.394684 0.853604 -0.016201 0.0 -0.0 -1e-06 
0.0 0.0 0.0 0.0 -0.0 0.0 0.021726 100.111855 -1.533657 0.648023 -1.210141 -0.90801 0.549643 0.144244 -3.523304 -0.16481 1.087474 -6.178646 -7.077812 -0.988345 13.089738 -7.358709 4.758752 0.284308 0.320458 2.268185 -3.880069 -6.456124 2.039994 -17.655312 7.8e-05 -2.2e-05 6e-06 0.022325 -0.12094 0.077528 0.514237 -3.923391 -10.707262 -0.488127 3.672809 -10.603928 -13.193818 -10.369061 8.630848 -36.304539 -11.118032 -4.804392 174.857864 -66.661079 -176.531891 21.280493 -0.469225 -40.967918 -5.882111 9.861298 0.702591 -10.936883 -0.360575 7.156214 -0.0 8.774836 -2e-06 -16.293943 17.506231 6.133307 -1.844034 2.498508 -2.507279 -10.163612 4.678951 4.621114 -20.976044 -2e-06 4e-06 -21.226307 2.4517 -3.594005 0.0 -6e-06 -0.0 -1.362683 2.240801 -0.746324 -21.334934 0.584909 3.008328 -13.821228 -3e-06 4e-06 -23.887196 -0.249077 -0.83948 -60.487282 2.270203 -1.399297 -0.294025 1.679688 0.833257 -14.218224 0.093216 1.300584 -34.212086 -0.287562 0.967175 -20.033236 0.96454 1.212847 -0.0 0.0 2e-06 -3.440392 0.788233 0.501656 -15.928203 -3.167312 2.999712 -6.338833 1e-06 1e-06 -18.123466 3.648185 -4.905675 -5e-06 1e-06 -3e-06 12.049286 12.30495 13.794075 -39.670124 12.142649 -31.143263 170.160416 85.316216 170.608734 -13.746545 4.914191 45.047729 2.243541 -5.25504 -3.18016 14.282898 -0.826593 6.952506 -5e-06 -12.690613 1e-06 15.250595 -16.332453 3.010555 1.665668 -1.955922 -2.878301 4.7278 -4.170591 4.993927 11.02053 6e-06 -3e-06 12.109058 -3.735717 -2.866786 1e-06 0.0 1e-06 1.291985 -1.928551 -1.49809 14.800138 0.567471 3.865609 14.242579 -1.341734 -6.660662 19.631975 0.14393 -0.648243 47.696224 -1.289514 -5.875876 0.35303 -1.511152 -0.031939 20.222801 3.684316 2.31663 18.787283 8e-06 -1e-06 10.751633 -0.479868 1.397908 0.0 -0.0 0.0 3.273809 0.305948 -0.580111 21.486828 11.830385 2.266135 8.162933 3e-06 -0.0 18.399094 -3.798987 -4.940577 3e-06 0.0 -1e-06 5.041992 20.215778 -0.623471 -0.068163 -0.263723 5.657851 -6.745112 -1.356233 -2.603222 1.59133 -2.053746 -0.117535 0.0 -0.0 2e-06 -8.006996 -15.536225 -2.059938 0.070604 0.195034 6.248396 8.62795 4.014599 -1.391178 -1.3887 0.87715 -0.063491 -0.0 -0.0 -1e-06 
0.0 0.0 0.0 0.0 -0.0 0.0 -0.211599 100.114044 -1.744601 0.759256 -0.439778 -1.116664 0.820338 0.126164 -3.525487 -0.125913 0.932122 -6.166576 -6.6473 -0.981659 13.260019 -7.059974 4.536191 -0.116323 0.283529 2.167456 -3.88061 -6.564765 1.811605 -17.920475 7.7e-05 -2.2e-05 6e-06 0.022036 -0.114325 0.08443 0.509594 -3.915712 -10.692348 -0.483447 3.680743 -10.596823 -13.566446 -9.885913 9.036177 -35.065491 -8.758757 -3.462148 175.199326 -66.85907 -176.816589 21.884644 -0.973333 -39.298759 -5.882111 9.861292 0.702592 -10.936876 -0.360575 7.156213 -0.0 8.77483 -1e-06 -16.195377 17.635994 6.193025 -1.844032 2.498506 -2.507279 -10.163608 4.678949 4.621114 -20.97603 0.0 3e-06 -21.226295 2.451702 -3.594002 1e-06 -6e-06 -0.0 -1.362682 2.240799 -0.746323 -21.334927 0.584911 3.008328 -13.82122 -0.0 5e-06 -23.887184 -0.249073 -0.839482 -60.357521 2.296065 -1.371914 -0.294025 1.679688 0.833257 -14.218216 0.093216 1.300584 -34.212067 -0.287558 0.967175 -20.033222 0.964541 1.212844 -1e-06 0.0 1e-06 -3.44039 0.788234 0.501657 -15.928192 -3.167309 2.999712 -6.33883 -0.0 2e-06 -18.123459 3.648188 -4.905672 -6e-06 0.0 -2e-06 13.032828 11.550494 14.335003 -38.635712 9.604093 -28.804173 175.971558 82.22448 176.222092 -14.05071 4.588307 43.592495 2.243542 -5.255039 -3.180159 14.282894 -0.826591 6.952505 -2e-06 -12.690611 -0.0 15.578234 -16.34617 2.922819 1.665662 -1.955922 -2.878301 4.727799 -4.170588 4.993926 11.020526 6e-06 -2e-06 12.109052 -3.735715 -2.866784 1e-06 -0.0 -2e-06 1.291984 -1.92855 -1.498089 14.800134 0.567471 3.865608 14.242575 -1.341735 -6.660659 19.631973 0.143929 -0.648241 47.979946 -1.297509 -5.88668 0.353029 -1.511151 -0.031939 20.222801 3.684315 2.316632 18.787277 8e-06 1e-06 10.751633 -0.479867 1.397908 0.0 -0.0 -1e-06 3.273806 0.305948 -0.580111 21.48682 11.830384 2.266136 8.162928 4e-06 0.0 18.399082 -3.798983 -4.940573 3e-06 0.0 -1e-06 5.029267 19.837517 -0.44478 -0.067608 -0.254282 5.175924 -6.754554 -1.777694 -2.109072 1.588841 -2.024516 -0.189951 0.0 -0.0 2e-06 -8.049102 -15.673079 -1.97991 0.077195 0.194234 6.677704 8.540888 3.424583 -1.70689 -1.382757 0.896307 -0.136872 -0.0 -0.0 -1e-06 
0.0 0.0 0.0 0.0 -0.0 0.0 -0.443239 100.115692 -1.930371 0.822879 0.182568 -1.302947 1.092017 0.099649 -3.5131 -0.086677 0.798551 -6.138241 -6.234087 -0.953307 13.401797 -6.783269 4.328536 -0.629838 0.261499 2.044808 -3.885376 -6.664475 1.664156 -18.158327 7.6e-05 -2.2e-05 5e-06 0.017762 -0.111032 0.085757 0.500452 -3.909705 -10.676754 -0.482269 3.682815 -10.584482 -13.949445 -9.359661 9.437519 -33.942173 -6.201073 -1.683042 175.733185 -67.172493 -177.24881 22.511189 -1.517068 -37.208771 -5.882105 9.861283 0.702591 -10.936872 -0.360575 7.156207 3e-06 8.774824 -0.0 -16.116716 17.788439 6.221258 -1.844031 2.498506 -2.507277 -10.163599 4.678944 4.621109 -20.976019 -3e-06 5e-06 -21.226278 2.451698 -3.593998 0.0 -6e-06 -1e-06 -1.362681 2.240798 -0.746323 -21.334913 0.58491 3.008325 -13.821213 -3e-06 4e-06 -23.887167 -0.249077 -0.839481 -60.277035 2.332825 -1.387722 -0.294025 1.679688 0.833256 -14.218207 0.093214 1.300582 -34.212048 -0.287561 0.967174 -20.033211 0.964538 1.212845 0.0 0.0 1e-06 -3.440388 0.788233 0.501656 -15.928185 -3.167309 2.999709 -6.338824 -2e-06 2e-06 -18.123444 3.648184 -4.905666 -5e-06 -0.0 -2e-06 14.074424 10.751814 14.900254 -37.491634 7.238958 -26.281078 178.506775 78.897285 178.725754 -14.264933 3.913148 41.418449 2.243539 -5.255038 -3.180161 14.28289 -0.826594 6.952507 -3e-06 -12.690604 0.0 15.97731 -16.408983 2.800382 1.665666 -1.955922 -2.878299 4.727799 -4.170588 4.993925 11.020525 2e-06 -1e-06 12.109052 -3.735715 -2.866786 0.0 -0.0 -1e-06 1.291984 -1.92855 -1.49809 14.800129 0.567468 3.86561 14.242569 -1.341737 -6.66066 19.631964 0.143926 -0.648243 48.2187 -1.289017 -5.968479 0.353029 -1.511151 -0.031941 20.222795 3.684312 2.316633 18.787273 5e-06 1e-06 10.751629 -0.479869 1.397908 0.0 0.0 1e-06 3.273806 0.305948 -0.580111 21.486813 11.830373 2.266137 8.162928 1e-06 2e-06 18.399082 -3.798987 -4.940574 3e-06 -0.0 -2e-06 5.074116 19.522739 -0.284455 -0.07188 -0.251375 4.781993 -6.741609 -2.077947 -1.695175 1.589338 -1.989963 -0.282395 -0.0 -0.0 2e-06 -8.020714 -15.701573 -1.906478 0.077244 0.184388 7.018724 8.396184 2.850249 -1.968441 -1.379506 0.908081 -0.200095 -0.0 -0.0 -1e-06 
0.0 0.0 0.0 0.0 -0.0 0.0 -0.673932 100.1129 -2.074164 0.853608 0.637486 -1.476919 1.340122 0.08632 -3.481616 -0.057922 0.678476 -6.096302 -5.838809 -0.920616 13.547074 -6.474977 4.10487 -1.263376 0.255188 1.908819 -3.876182 -6.747429 1.560962 -18.430962 7.6e-05 -2.2e-05 6e-06 0.010673 -0.115511 0.088616 0.492773 -3.90799 -10.651514 -0.488216 3.673017 -10.561544 -14.289172 -8.795088 9.798431 -33.091572 -3.504527 0.475304 176.44014 -67.591934 -177.771393 23.083876 -2.056074 -35.076218 -5.882108 9.861288 0.702591 -10.936875 -0.360575 7.156209 2e-06 8.774826 0.0 -16.046152 17.899405 6.284719 -1.844033 2.498505 -2.507278 -10.163602 4.678946 4.621111 -20.976027 -2e-06 3e-06 -21.226292 2.451698 -3.593999 -0.0 -6e-06 -0.0 -1.362682 2.240798 -0.746323 -21.334919 0.58491 3.008326 -13.821215 -1e-06 4e-06 -23.887175 -0.249076 -0.839483 -60.279549 2.392118 -1.396966 -0.294024 1.679688 0.833256 -14.218214 0.093216 1.300583 -34.212055 -0.287561 0.967172 -20.033222 0.96454 1.212843 -0.0 0.0 0.0 -3.440389 0.788234 0.501656 -15.928191 -3.167309 2.999709 -6.338827 0.0 2e-06 -18.123453 3.648186 -4.90567 -6e-06 1e-06 -2e-06 15.132885 9.896877 15.429787 -36.026989 5.071742 -23.498974 179.638855 75.447693 -179.885544 -14.365134 3.007071 38.460945 2.243541 -5.25504 -3.180161 14.282899 -0.826591 6.95251 -5e-06 -12.690614 -1e-06 16.470381 -16.562937 2.620177 1.665667 -1.955924 -2.878302 4.727799 -4.170588 4.993928 11.020531 4e-06 -0.0 12.109058 -3.735717 -2.866785 0.0 -0.0 1e-06 1.291986 -1.928551 -1.498092 14.80014 0.56747 3.865613 14.242579 -1.341735 -6.660663 19.631977 0.143928 -0.648242 48.446091 -1.270883 -6.144391 0.35303 -1.511152 -0.03194 20.222803 3.684317 2.316635 18.787287 6e-06 2e-06 10.751635 -0.479867 1.39791 0.0 -0.0 0.0 3.273811 0.305946 -0.580111 21.48683 11.830386 2.26614 8.162935 3e-06 2e-06 18.399092 -3.798985 -4.940575 3e-06 -1e-06 -2e-06 5.166621 19.251451 -0.121175 -0.075526 -0.244652 4.475914 -6.733537 -2.23657 -1.379049 1.588495 -1.956921 -0.350701 0.0 -1e-06 2e-06 -7.942798 -15.63647 -1.864052 0.069987 0.169509 7.35753 8.22506 2.371696 -2.21804 -1.3795 0.915713 -0.228631 -0.0 -0.0 -1e-06 
0.0 0.0 0.0 0.0 -0.0 0.0 -0.902617 100.102783 -2.177145 0.856732 0.969182 -1.623538 1.548582 0.086442 -3.436639 -0.040754 0.560732 -6.05426 -5.462165 -0.889068 13.708545 -6.115504 3.897973 -1.985707 0.24625 1.721006 -3.856385 -6.811625 1.452355 -18.702457 7.7e-05 -2.2e-05 6e-06 0.006615 -0.11476 0.095519 0.491554 -3.897666 -10.615873 -0.494472 3.664668 -10.52943 -14.560025 -8.189215 10.118847 -32.577007 -0.811427 3.046284 177.105591 -68.203316 -178.224091 23.524038 -2.617018 -32.922588 -5.882106 9.861291 0.70259 -10.936874 -0.360576 7.156209 0.0 8.77483 -2e-06 -15.961585 17.935453 6.411583 -1.844032 2.498505 -2.507279 -10.163601 4.678946 4.621111 -20.976027 -2e-06 3e-06 -21.226288 2.4517 -3.594001 0.0 -6e-06 -1e-06 -1.362681 2.240799 -0.746323 -21.334917 0.58491 3.008326 -13.821216 -1e-06 3e-06 -23.887175 -0.249077 -0.839483 -60.37479 2.464827 -1.379636 -0.294024 1.679688 0.833256 -14.218211 0.093215 1.300582 -34.212059 -0.287563 0.967173 -20.033218 0.964538 1.212845 1e-06 0.0 -1e-06 -3.440389 0.788235 0.501656 -15.928189 -3.16731 2.99971 -6.338825 -1e-06 2e-06 -18.123447 3.648187 -4.905673 -6e-06 0.0 -3e-06 16.19693 8.998621 15.884042 -34.088203 3.072702 -20.388311 179.708084 71.95047 -179.26767 -14.161008 1.897913 34.897118 2.243541 -5.255037 -3.180157 14.282887 -0.826591 6.952503 -7e-06 -12.690606 2e-06 16.992353 -16.856283 2.381607 1.665668 -1.955922 -2.8783 4.727795 -4.170585 4.993925 11.020524 6e-06 -2e-06 12.109052 -3.735713 -2.866784 -0.0 0.0 -1e-06 1.291985 -1.928549 -1.498091 14.800127 0.567473 3.865607 14.242569 -1.341732 -6.660655 19.631969 0.143932 -0.648242 48.645424 -1.242252 -6.423297 0.353028 -1.511151 -0.03194 20.222788 3.684314 2.316628 18.78727 9e-06 1e-06 10.751626 -0.479867 1.397906 -0.0 -0.0 -0.0 3.273808 0.305949 -0.58011 21.486811 11.830381 2.266132 8.162924 3e-06 1e-06 18.399076 -3.79898 -4.940573 3e-06 1e-06 -1e-06 5.302482 19.043394 -0.016508 -0.077281 -0.235873 4.324627 -6.74988 -2.306358 -1.177073 1.584274 -1.930642 -0.412658 -0.0 -0.0 2e-06 -7.819798 -15.477576 -1.888809 0.062612 0.157455 7.754643 8.04697 1.958956 -2.492827 -1.3807 0.918662 -0.240867 0.0 -0.0 -1e-06 
0.0 0.0 0.0 0.0 -0.0 0.0 -1.116397 100.08857 -2.248048 0.842865 1.195346 -1.727093 1.702045 0.082638 -3.380848 -0.037854 0.455968 -6.009516 -5.135759 -0.856376 13.863095 -5.733789 3.700992 -2.737045 0.219395 1.485445 -3.833637 -6.829095 1.331612 -18.930992 7.6e-05 -2.2e-05 6e-06 0.004323 -0.111498 0.103946 0.496321 -3.885408 -10.587553 -0.502987 3.659367 -10.50645 -14.76085 -7.588766 10.391972 -32.354336 1.625335 5.809347 177.654694 -69.075272 -178.571198 23.854733 -3.189161 -30.894663 -5.882107 9.861284 0.702589 -10.936872 -0.360574 7.156203 1e-06 8.774826 -1e-06 -15.881739 17.904703 6.562544 -1.844032 2.498505 -2.507277 -10.163599 4.678946 4.621107 -20.976023 -2e-06 -1e-06 -21.22629 2.451698 -3.594003 2e-06 -6e-06 -1e-06 -1.362682 2.240798 -0.746323 -21.334915 0.584911 3.008321 -13.821217 -2e-06 0.0 -23.887173 -0.249079 -0.839486 -60.510006 2.5467 -1.348736 -0.294025 1.679687 0.833256 -14.218207 0.093215 1.300579 -34.212048 -0.287562 0.967165 -20.033215 0.964536 1.21284 -0.0 0.0 -0.0 -3.440388 0.788233 0.501655 -15.928185 -3.167309 2.999705 -6.338826 -1e-06 1e-06 -18.123444 3.648183 -4.905672 -6e-06 1e-06 -3e-06 17.239569 8.120816 16.22331 -31.736315 1.30766 -16.931124 179.235336 68.703453 -178.951584 -13.533054 0.592161 31.374439 2.243543 -5.255037 -3.180158 14.282896 -0.826594 6.952504 -3e-06 -12.690607 -0.0 17.359827 -17.224245 2.154445 1.665667 -1.955923 -2.8783 4.727798 -4.170588 4.993925 11.020529 4e-06 -2e-06 12.109055 -3.735715 -2.866785 -0.0 0.0 -0.0 1.291986 -1.928549 -1.498089 14.800132 0.567468 3.865609 14.242576 -1.341735 -6.660661 19.631973 0.143929 -0.648244 48.805149 -1.208777 -6.722224 0.353029 -1.511152 -0.031941 20.222797 3.68431 2.31663 18.787279 5e-06 -1e-06 10.751632 -0.479868 1.397906 -0.0 0.0 -0.0 3.27381 0.305947 -0.580113 21.48682 11.830379 2.266133 8.162929 3e-06 0.0 18.399088 -3.798984 -4.940575 3e-06 -1e-06 -1e-06 5.457088 18.926531 0.019657 -0.076459 -0.22882 4.294219 -6.780468 -2.339293 -1.060512 1.57956 -1.925814 -0.468742 0.0 -0.0 2e-06 -7.668782 -15.23474 -1.981776 0.060563 0.153428 8.177302 7.859442 1.586945 -2.774192 -1.381518 0.92064 -0.250531 0.0 -0.0 -1e-06 
0.0 0.0 0.0 0.0 -0.0 0.0 -1.317951 100.080765 -2.304269 0.814965 1.357371 -1.7874 1.808788 0.077683 -3.326884 -0.047183 0.376548 -5.96267 -4.850909 -0.83836 14.027064 -5.3119 3.492436 -3.49165 0.153315 1.224983 -3.813597 -6.778189 1.154434 -19.071487 7.6e-05 -2.2e-05 6e-06 0.007343 -0.098212 0.113097 0.513099 -3.863586 -10.561018 -0.512671 3.665002 -10.491361 -14.910631 -7.00926 10.635789 -32.359177 3.809804 8.611517 178.251541 -70.309601 -178.93338 24.043303 -3.785646 -29.074873 -5.88211 9.861293 0.702589 -10.936875 -0.360575 7.156209 -1e-06 8.774831 -3e-06 -15.829343 17.845093 6.691131 -1.844033 2.498506 -2.507279 -10.163603 4.678947 4.62111 -20.97603 -1e-06 2e-06 -21.226292 2.4517 -3.594004 2e-06 -6e-06 -0.0 -1.362683 2.2408 -0.746324 -21.334921 0.584911 3.008325 -13.821217 -1e-06 2e-06 -23.887178 -0.249077 -0.839485 -60.610683 2.622434 -1.318909 -0.294025 1.679688 0.833256 -14.218215 0.093215 1.300582 -34.212067 -0.28756 0.967171 -20.033222 0.964539 1.212844 -0.0 -0.0 -0.0 -3.44039 0.788234 0.501656 -15.928189 -3.16731 2.999711 -6.338829 -1e-06 1e-06 -18.123453 3.648186 -4.905675 -6e-06 -0.0 -2e-06 18.313505 7.23507 16.543129 -28.84712 -0.362909 -13.141719 178.385956 65.849236 -178.879425 -12.592758 -0.918563 28.115183 2.243542 -5.255039 -3.18016 14.2829 -0.826595 6.952507 -5e-06 -12.690613 2e-06 17.443335 -17.48761 2.017116 1.665667 -1.955922 -2.878302 4.727801 -4.17059 4.993927 11.020535 6e-06 -1e-06 12.10906 -3.735713 -2.866787 0.0 -0.0 0.0 1.291987 -1.92855 -1.49809 14.800139 0.567472 3.865609 14.24258 -1.341734 -6.660661 19.631979 0.143932 -0.648243 48.866241 -1.173403 -6.914846 0.353028 -1.511152 -0.031941 20.222807 3.684315 2.316631 18.787287 1e-05 -0.0 10.751636 -0.479865 1.397907 -0.0 1e-06 -0.0 3.273808 0.305949 -0.580111 21.486828 11.830388 2.266133 8.162931 2e-06 -1e-06 18.399092 -3.798983 -4.940577 3e-06 -1e-06 -1e-06 5.608636 18.849178 0.050856 -0.072458 -0.218265 4.215338 -6.805288 -2.326059 -0.93608 1.574399 -1.935008 -0.482981 -0.0 -0.0 2e-06 -7.492614 -14.946698 -2.069309 0.063037 0.156529 8.474514 7.674809 1.189749 -2.992114 -1.380652 0.924214 -0.266037 0.0 -0.0 -1e-06 
0.0 0.0 0.0 0.0 -0.0 0.0 -1.51001 100.08783 -2.359247 0.772742 1.511259 -1.790386 1.853391 0.069069 -3.279556 -0.064618 0.310961 -5.910142 -4.604981 -0.860356 14.187533 -4.840451 3.2737 -4.179185 0.07149 0.976675 -3.806097 -6.639173 0.93854 -19.081318 7.7e-05 -2.2e-05 6e-06 0.006979 -0.095618 0.120721 0.530155 -3.854896 -10.543439 -0.529372 3.662908 -10.487998 -14.964393 -6.485588 10.872334 -32.621895 5.697486 11.25903 178.914764 -71.92321 -179.383102 24.045507 -4.404454 -27.464031 -5.88211 9.861295 0.702591 -10.936875 -0.360574 7.15621 -1e-06 8.774833 -1e-06 -15.777537 17.793028 6.788352 -1.844033 2.498507 -2.507279 -10.163604 4.678949 4.621111 -20.97603 -1e-06 -0.0 -21.226292 2.4517 -3.594006 1e-06 -6e-06 -0.0 -1.362682 2.2408 -0.746324 -21.334923 0.584912 3.008325 -13.821219 -1e-06 1e-06 -23.887177 -0.249076 -0.839486 -60.615055 2.692763 -1.289386 -0.294025 1.679688 0.833256 -14.218214 0.093217 1.300581 -34.212059 -0.28756 0.967167 -20.03322 0.964539 1.212841 0.0 -0.0 0.0 -3.44039 0.788234 0.501656 -15.928191 -3.16731 2.999709 -6.338828 -0.0 1e-06 -18.123453 3.648188 -4.905676 -6e-06 -0.0 -2e-06 19.423521 6.341506 16.839439 -25.316452 -1.926722 -9.085226 177.476059 63.671967 -178.961472 -11.540934 -2.507279 25.052826 2.243543 -5.255039 -3.180159 14.282902 -0.826593 6.952508 -6e-06 -12.69061 -0.0 17.176891 -17.552189 2.044086 1.665665 -1.95592 -2.8783 4.727801 -4.170587 4.993926 11.020535 6e-06 -1e-06 12.109058 -3.735715 -2.866785 -0.0 -1e-06 0.0 1.291985 -1.928549 -1.49809 14.80014 0.567471 3.865611 14.242584 -1.341734 -6.660659 19.631985 0.143927 -0.648241 48.845322 -1.132699 -6.914004 0.353029 -1.511151 -0.03194 20.222807 3.684315 2.316631 18.787287 8e-06 1e-06 10.751636 -0.479866 1.397907 0.0 0.0 -1e-06 3.27381 0.305945 -0.580112 21.486834 11.830386 2.266135 8.162933 2e-06 -1e-06 18.399096 -3.798982 -4.940575 2e-06 -1e-06 -0.0 5.732557 18.734301 0.094143 -0.066156 -0.209721 3.982456 -6.808216 -2.272504 -0.743534 1.565838 -1.945276 -0.42396 -0.0 -0.0 2e-06 -7.294478 -14.639894 -2.184775 0.063043 0.1556 8.536905 7.476625 0.723731 -3.030063 -1.379099 0.942807 -0.261501 0.0 -0.0 -1e-06 
0.0 0.0 0.0 0.0 -0.0 0.0 -1.702403 100.101006 -2.407966 0.715535 1.662042 -1.743319 1.851608 0.059011 -3.227318 -0.098572 0.262322 -5.860405 -4.387481 -0.918858 14.342971 -4.311152 3.043317 -4.803493 -0.016496 0.7542 -3.808881 -6.419648 0.697425 -19.001524 7.7e-05 -2.3e-05 5e-06 -0.00043 -0.112089 0.126215 0.5401 -3.868241 -10.540265 -0.553045 3.645087 -10.495573 -14.911066 -6.050854 11.069701 -33.114426 7.284161 13.634536 179.624939 -73.856789 -179.931198 23.817541 -4.977007 -25.952698 -5.88211 9.861292 0.702589 -10.936877 -0.360575 7.156208 -1e-06 8.774831 -2e-06 -15.702977 17.794853 6.881062 -1.844034 2.498506 -2.507279 -10.163604 4.678948 4.621109 -20.976034 -1e-06 0.0 -21.226299 2.451699 -3.594004 -0.0 -5e-06 -0.0 -1.362682 2.2408 -0.746324 -21.334925 0.584912 3.008323 -13.82122 -1e-06 1e-06 -23.887182 -0.249077 -0.839486 -60.533817 2.760179 -1.256237 -0.294025 1.679688 0.833256 -14.218217 0.093216 1.30058 -34.212074 -0.287561 0.967167 -20.033226 0.964537 1.212842 -0.0 -1e-06 -0.0 -3.440391 0.788234 0.501656 -15.928192 -3.167309 2.999708 -6.33883 -0.0 0.0 -18.123453 3.648186 -4.905676 -6e-06 0.0 -2e-06 20.613115 5.463403 17.105488 -21.210121 -3.429818 -5.024325 176.588867 62.405472 -179.227356 -10.779605 -4.038231 22.464911 2.243541 -5.255035 -3.180157 14.28289 -0.826595 6.952501 -2e-06 -12.690603 -0.0 16.651808 -17.493107 2.250713 1.665666 -1.955921 -2.878299 4.727798 -4.170586 4.993925 11.020526 3e-06 -3e-06 12.109053 -3.735715 -2.866786 -0.0 0.0 -1e-06 1.291986 -1.928549 -1.49809 14.800127 0.567468 3.865605 14.242574 -1.341736 -6.66066 19.631968 0.143929 -0.648246 48.925964 -1.083624 -6.741251 0.353029 -1.51115 -0.031939 20.222788 3.68431 2.316628 18.78727 5e-06 -3e-06 10.751626 -0.479869 1.397904 2e-06 1e-06 -0.0 3.273807 0.305947 -0.580111 21.486809 11.830376 2.266129 8.162926 2e-06 -2e-06 18.399076 -3.798983 -4.940575 3e-06 -1e-06 -1e-06 5.845942 18.561647 0.089825 -0.058708 -0.197357 3.734403 -6.800505 -2.154505 -0.54905 1.55822 -1.954749 -0.309774 -0.0 0.0 2e-06 -7.056178 -14.302777 -2.221968 0.054205 0.150385 8.504295 7.276123 0.227596 -3.100429 -1.378199 0.970422 -0.233389 -0.0 -0.0 -1e-06 
0.0 0.0 0.0 0.0 -0.0 0.0 -1.900442 100.117577 -2.450045 0.64318 1.802544 -1.652598 1.807602 0.042622 -3.166262 -0.143868 0.217455 -5.821301 -4.19775 -0.996527 14.495278 -3.72187 2.820343 -5.42218 -0.109972 0.550085 -3.812296 -6.146206 0.491069 -18.859079 7.7e-05 -2.2e-05 5e-06 -0.006929 -0.130068 0.128645 0.541957 -3.885856 -10.545676 -0.56687 3.628104 -10.50857 -14.771558 -5.713842 11.203272 -33.82193 8.595562 15.670148 -179.61438 -76.064873 179.430634 23.365482 -5.419408 -24.444315 -5.88211 9.861292 0.702591 -10.936878 -0.360574 7.156212 1e-06 8.774831 0.0 -15.620595 17.828663 6.938787 -1.844034 2.498507 -2.507279 -10.163606 4.678948 4.621112 -20.97604 -3e-06 1e-06 -21.226301 2.451699 -3.594004 1e-06 -5e-06 -0.0 -1.362683 2.2408 -0.746324 -21.334929 0.584911 3.008325 -13.821223 -2e-06 2e-06 -23.887184 -0.249078 -0.839484 -60.416782 2.824957 -1.233568 -0.294026 1.679688 0.833256 -14.218219 0.093216 1.300581 -34.21207 -0.287563 0.96717 -20.033228 0.964537 1.212844 0.0 0.0 -0.0 -3.44039 0.788234 0.501656 -15.928196 -3.167311 2.99971 -6.33883 -1e-06 1e-06 -18.123459 3.648185 -4.905674 -7e-06 -0.0 -2e-06 21.999374 4.616233 17.334934 -16.811577 -4.909681 -1.247191 175.695297 62.160973 -179.649826 -10.700856 -5.178637 20.844622 2.243542 -5.255039 -3.18016 14.2829 -0.826594 6.952509 -3e-06 -12.690609 2e-06 16.09223 -17.389246 2.52499 1.665667 -1.955922 -2.878302 4.727801 -4.17059 4.993926 11.020534 5e-06 -0.0 12.109059 -3.735716 -2.866784 1e-06 1e-06 -0.0 1.291986 -1.928549 -1.49809 14.800138 0.56747 3.865613 14.242579 -1.341734 -6.66066 19.631979 0.143927 -0.648244 49.13121 -1.020252 -6.480594 0.353029 -1.51115 -0.03194 20.222803 3.684313 2.316633 18.787287 4e-06 0.0 10.751633 -0.47987 1.397908 2e-06 -0.0 1e-06 3.273809 0.305947 -0.580111 21.48683 11.83038 2.266136 8.162933 1e-06 1e-06 18.399092 -3.798986 -4.940575 3e-06 -1e-06 -1e-06 5.958898 18.331551 0.034661 -0.052402 -0.185264 3.500102 -6.792617 -1.973616 -0.369684 1.555793 -1.965019 -0.208967 0.0 0.0 2e-06 -6.787342 -13.957756 -2.285156 0.037087 0.132576 8.419645 7.110322 -0.252189 -3.136468 -1.378518 0.995038 -0.203247 0.0 -0.0 -1e-06 
