HIERARCHY
ROOT Root
{
  OFFSET 0.0 0.0 0.0
  CHANNELS 6 Xposition Yposition Zposition Zrotation Yrotation Xrotation
  JOINT Hips
  {
    OFFSET 0.0 100.0 0.0
    CHANNELS 6 Xposition Yposition Zposition Zrotation Yrotation Xrotation
    JOINT Spine1
    {
      OFFSET -0.013727 5.003763 -0.053727
      CHANNELS 3 Zrotation Yrotation Xrotation
      JOINT Spine2
      {
        OFFSET -0.0 7.125301 -0.029825
        CHANNELS 3 Zrotation Yrotation Xrotation
        JOINT Chest
        {
          OFFSET -1e-06 7.550063 -0.815971
          CHANNELS 3 Zrotation Yrotation Xrotation
          JOINT Neck1
          {
            OFFSET -0.181677 26.311295 -0.553348
            CHANNELS 3 Zrotation Yrotation Xrotation
            JOINT Neck2
            {
              OFFSET -3e-06 7.709397 2.302585
              CHANNELS 3 Zrotation Yrotation Xrotation
              JOINT Head
              {
                OFFSET -5e-06 6.128916 1.953709
                CHANNELS 3 Zrotation Yrotation Xrotation
                JOINT HeadEnd
                {
                  OFFSET 0.003598 16.065403 -1.835379
                  CHANNELS 3 Zrotation Yrotation Xrotation
                }
                JOINT Jaw
                {
                  OFFSET 0.002637 0.475592 3.094941
                  CHANNELS 3 Zrotation Yrotation Xrotation
                }
                JOINT LeftEye
                {
                  OFFSET 3.206381 5.380205 7.586883
                  CHANNELS 3 Zrotation Yrotation Xrotation
                }
                JOINT RightEye
                {
                  OFFSET -3.22244 5.361869 7.558234
                  CHANNELS 3 Zrotation Yrotation Xrotation
                }
              }
            }
          }
          JOINT LeftShoulder
          {
            OFFSET 1.621652 23.237164 5.113413
            CHANNELS 3 Zrotation Yrotation Xrotation
            JOINT LeftArm
            {
              OFFSET 14.919846 2e-06 -5.502326
              CHANNELS 3 Zrotation Yrotation Xrotation
              JOINT LeftForeArm
              {
                OFFSET 28.739307 0.0 -0.002588
                CHANNELS 3 Zrotation Yrotation Xrotation
                JOINT LeftHand
                {
                  OFFSET 27.093981 -1e-06 0.002609
                  CHANNELS 3 Zrotation Yrotation Xrotation
                  JOINT LeftHandThumb1
                  {
                    OFFSET 2.276482 -1.392045 3.191413
                    CHANNELS 3 Zrotation Yrotation Xrotation
                    JOINT LeftHandThumb2
                    {
                      OFFSET 4.012836 -1.828127 1.641654
                      CHANNELS 3 Zrotation Yrotation Xrotation
                      JOINT LeftHandThumb3
                      {
                        OFFSET 2.798515 0.0 -3e-06
                        CHANNELS 3 Zrotation Yrotation Xrotation
                        JOINT LeftHandThumbEnd
                        {
                          OFFSET 3.180793 -4e-06 4e-06
                          CHANNELS 3 Zrotation Yrotation Xrotation
                        }
                      }
                    }
                  }
                  JOINT LeftHandIndex1
                  {
                    OFFSET 3.247555 -0.531998 2.296169
                    CHANNELS 3 Zrotation Yrotation Xrotation
                    JOINT LeftHandIndex2
                    {
                      OFFSET 6.364578 0.01206 0.1786
                      CHANNELS 3 Zrotation Yrotation Xrotation
                      JOINT LeftHandIndex3
                      {
                        OFFSET 3.662364 0.0 0.0
                        CHANNELS 3 Zrotation Yrotation Xrotation
                        JOINT LeftHandIndex4
                        {
                          OFFSET 2.329242 4e-06 4e-06
                          CHANNELS 3 Zrotation Yrotation Xrotation
                          JOINT LeftHandIndexEnd
                          {
                            OFFSET 2.759615 -0.180537 -0.113024
                            CHANNELS 3 Zrotation Yrotation Xrotation
                          }
                        }
                      }
                    }
                  }
                  JOINT LeftHandMiddle1
                  {
                    OFFSET 3.163495 0.240981 1.000332
                    CHANNELS 3 Zrotation Yrotation Xrotation
                    JOINT LeftHandMiddle2
                    {
                      OFFSET 6.19078 -0.259278 -1.002548
                      CHANNELS 3 Zrotation Yrotation Xrotation
                      JOINT LeftHandMiddle3
                      {
                        OFFSET 4.35652 -4e-06 -1e-06
                        CHANNELS 3 Zrotation Yrotation Xrotation
                        JOINT LeftHandMiddle4
                        {
                          OFFSET 2.996877 -8e-06 0.0
                          CHANNELS 3 Zrotation Yrotation Xrotation
                          JOINT LeftHandMiddleEnd
                          {
                            OFFSET 2.304287 -0.294569 -0.031741
                            CHANNELS 3 Zrotation Yrotation Xrotation
                          }
                        }
                      }
                    }
                  }
                  JOINT LeftHandRing1
                  {
                    OFFSET 2.882643 -0.053652 -0.322543
                    CHANNELS 3 Zrotation Yrotation Xrotation
                    JOINT LeftHandRing2
                    {
                      OFFSET 5.854541 -0.486202 -1.373841
                      CHANNELS 3 Zrotation Yrotation Xrotation
                      JOINT LeftHandRing3
                      {
                        OFFSET 4.350578 0.0 3e-06
                        CHANNELS 3 Zrotation Yrotation Xrotation
                        JOINT LeftHandRing4
                        {
                          OFFSET 2.651321 7e-06 2e-06
                          CHANNELS 3 Zrotation Yrotation Xrotation
                          JOINT LeftHandRingEnd
                          {
                            OFFSET 1.936105 0.077687 -7.1e-05
                            CHANNELS 3 Zrotation Yrotation Xrotation
                          }
                        }
                      }
                    }
                  }
                  JOINT LeftHandPinky1
                  {
                    OFFSET 2.8655 -0.310005 -1.600378
                    CHANNELS 3 Zrotation Yrotation Xrotation
                    JOINT LeftHandPinky2
                    {
                      OFFSET 5.087849 -1.331141 -1.77123
                      CHANNELS 3 Zrotation Yrotation Xrotation
                      JOINT LeftHandPinky3
                      {
                        OFFSET 3.070974 4e-06 0.0
                        CHANNELS 3 Zrotation Yrotation Xrotation
                        JOINT LeftHandPinky4
                        {
                          OFFSET 1.549672 0.0 1e-06
                          CHANNELS 3 Zrotation Yrotation Xrotation
                          JOINT LeftHandPinkyEnd
                          {
                            OFFSET 1.944893 -0.157802 0.057219
                            CHANNELS 3 Zrotation Yrotation Xrotation
                          }
                        }
                      }
                    }
                  }
                }
              }
            }
          }
          JOINT RightShoulder
          {
            OFFSET -1.380118 23.180309 5.214158
            CHANNELS 3 Zrotation Yrotation Xrotation
            JOINT RightArm
            {
              OFFSET -15.037196 1.2e-05 -5.545604
              CHANNELS 3 Zrotation Yrotation Xrotation
              JOINT RightForeArm
              {
                OFFSET -28.736639 2e-06 -0.002597
                CHANNELS 3 Zrotation Yrotation Xrotation
                JOINT RightHand
                {
                  OFFSET -27.133619 -0.0 0.002613
                  CHANNELS 3 Zrotation Yrotation Xrotation
                  JOINT RightHandThumb1
                  {
                    OFFSET -2.274032 -1.383988 3.163127
                    CHANNELS 3 Zrotation Yrotation Xrotation
                    JOINT RightHandThumb2
                    {
                      OFFSET -4.011429 -1.827466 1.640914
                      CHANNELS 3 Zrotation Yrotation Xrotation
                      JOINT RightHandThumb3
                      {
                        OFFSET -2.794935 -4e-06 -3e-06
                        CHANNELS 3 Zrotation Yrotation Xrotation
                        JOINT RightHandThumbEnd
                        {
                          OFFSET -3.183852 4e-06 1e-06
                          CHANNELS 3 Zrotation Yrotation Xrotation
                        }
                      }
                    }
                  }
                  JOINT RightHandIndex1
                  {
                    OFFSET -3.253266 -0.520057 2.282866
                    CHANNELS 3 Zrotation Yrotation Xrotation
                    JOINT RightHandIndex2
                    {
                      OFFSET -6.341917 0.012471 0.178266
                      CHANNELS 3 Zrotation Yrotation Xrotation
                      JOINT RightHandIndex3
                      {
                        OFFSET -3.654871 -8e-06 -0.0
                        CHANNELS 3 Zrotation Yrotation Xrotation
                        JOINT RightHandIndex4
                        {
                          OFFSET -2.327586 0.0 1e-06
                          CHANNELS 3 Zrotation Yrotation Xrotation
                          JOINT RightHandIndexEnd
                          {
                            OFFSET -2.76179 -0.180656 -0.113078
                            CHANNELS 3 Zrotation Yrotation Xrotation
                          }
                        }
                      }
                    }
                  }
                  JOINT RightHandMiddle1
                  {
                    OFFSET -3.168106 0.246593 1.00103
                    CHANNELS 3 Zrotation Yrotation Xrotation
                    JOINT RightHandMiddle2
                    {
                      OFFSET -6.180828 -0.258836 -1.000895
                      CHANNELS 3 Zrotation Yrotation Xrotation
                      JOINT RightHandMiddle3
                      {
                        OFFSET -4.348901 0.0 -0.0
                        CHANNELS 3 Zrotation Yrotation Xrotation
                        JOINT RightHandMiddle4
                        {
                          OFFSET -3.00024 -4e-06 -2e-06
                          CHANNELS 3 Zrotation Yrotation Xrotation
                          JOINT RightHandMiddleEnd
                          {
                            OFFSET -2.30252 -0.29437 -0.031706
                            CHANNELS 3 Zrotation Yrotation Xrotation
                          }
                        }
                      }
                    }
                  }
                  JOINT RightHandRing1
                  {
                    OFFSET -2.88569 -0.067952 -0.308858
                    CHANNELS 3 Zrotation Yrotation Xrotation
                    JOINT RightHandRing2
                    {
                      OFFSET -5.854198 -0.48613 -1.373731
                      CHANNELS 3 Zrotation Yrotation Xrotation
                      JOINT RightHandRing3
                      {
                        OFFSET -4.33881 -4e-06 -0.0
                        CHANNELS 3 Zrotation Yrotation Xrotation
                        JOINT RightHandRing4
                        {
                          OFFSET -2.654903 -4e-06 4e-06
                          CHANNELS 3 Zrotation Yrotation Xrotation
                          JOINT RightHandRingEnd
                          {
                            OFFSET -1.933568 0.077527 -5.2e-05
                            CHANNELS 3 Zrotation Yrotation Xrotation
                          }
                        }
                      }
                    }
                  }
                  JOINT RightHandPinky1
                  {
                    OFFSET -2.866425 -0.342796 -1.584145
                    CHANNELS 3 Zrotation Yrotation Xrotation
                    JOINT RightHandPinky2
                    {
                      OFFSET -5.091371 -1.332055 -1.772385
                      CHANNELS 3 Zrotation Yrotation Xrotation
                      JOINT RightHandPinky3
                      {
                        OFFSET -3.062664 -4e-06 1e-06
                        CHANNELS 3 Zrotation Yrotation Xrotation
                        JOINT RightHandPinky4
                        {
                          OFFSET -1.546529 4e-06 -2e-06
                          CHANNELS 3 Zrotation Yrotation Xrotation
                          JOINT RightHandPinkyEnd
                          {
                            OFFSET -1.945119 -0.157718 0.057211
                            CHANNELS 3 Zrotation Yrotation Xrotation
                          }
                        }
                      }
                    }
                  }
                }
              }
            }
          }
        }
      }
    }
    JOINT LeftLeg
    {
      OFFSET 10.043214 -8.434526 2.595655
      CHANNELS 3 Zrotation Yrotation Xrotation
      JOINT LeftShin
      {
        OFFSET -1e-06 -43.221752 -0.802913
        CHANNELS 3 Zrotation Yrotation Xrotation
        JOINT LeftFoot
        {
          OFFSET 1e-06 -42.155094 -3.481523
          CHANNELS 3 Zrotation Yrotation Xrotation
          JOINT LeftToeBase
          {
            OFFSET 0.0 -5.059472 13.231529
            CHANNELS 3 Zrotation Yrotation Xrotation
            JOINT LeftToeEnd
            {
              OFFSET -0.009607 -1.647619 6.513017
              CHANNELS 3 Zrotation Yrotation Xrotation
            }
          }
        }
      }
    }
    JOINT RightLeg
    {
      OFFSET -10.047278 -8.29526 2.620317
      CHANNELS 3 Zrotation Yrotation Xrotation
      JOINT RightShin
      {
        OFFSET 1e-06 -43.362206 -0.805556
        CHANNELS 3 Zrotation Yrotation Xrotation
        JOINT RightFoot
        {
          OFFSET 2e-06 -42.117393 -3.478398
          CHANNELS 3 Zrotation Yrotation Xrotation
          JOINT RightToeBase
          {
            OFFSET -0.0 -5.079609 13.284196
            CHANNELS 3 Zrotation Yrotation Xrotation
            JOINT RightToeEnd
            {
              OFFSET 0.009532 -1.634378 6.460591
              CHANNELS 3 Zrotation Yrotation Xrotation
            }
          }
        }
      }
    }
  }
}
MOTION
Frames: 139
Frame Time: 0.03333333333333333
0.0 0.0 0.0 0.0 -0.0 0.0 0.428369 38.288345 4.967849 -3.614764 -1.725122 0.816787 -3.561789 -3.210031 19.559425 -1.309204 -2.423021 4.750927 0.181999 -7.86166 15.364586 -3.624865 5.368248 -10.878312 4.274498 15.388302 -2.52759 -6.805511 20.799704 -18.555838 7.7e-05 -2.3e-05 6e-06 0.046142 -0.22807 -0.011015 0.691192 -3.960829 -10.904728 -0.610476 3.522886 -10.827521 -2.738271 -15.501139 7.581488 -18.230032 -50.181194 31.481623 -0.301764 -52.924065 0.452082 14.392737 1.935589 5.079206 -5.882113 9.86129 0.702591 -10.936886 -0.360573 7.156214 1e-06 8.774831 1e-06 -15.959939 17.816547 6.796958 -1.844033 2.498508 -2.507281 -10.163611 4.678947 4.621114 -20.976051 -6e-06 3e-06 -21.226313 2.451697 -3.594002 -0.0 -6e-06 1e-06 -1.362683 2.240799 -0.746324 -21.334944 0.584911 3.008327 -13.821233 -3e-06 2e-06 -23.887203 -0.24908 -0.839483 -61.771782 2.876685 -0.508434 -0.294025 1.679687 0.833256 -14.218227 0.093215 1.300581 -34.212097 -0.287569 0.967173 -20.033236 0.964537 1.212846 1e-06 0.0 -1e-06 -3.440392 0.788235 0.501656 -15.928205 -3.167313 2.99971 -6.338835 -0.0 -1e-06 -18.123468 3.64818 -4.905674 -4e-06 0.0 -2e-06 6.639317 15.664619 7.426351 72.305016 8.568544 1.541829 -5.678855 74.273338 -4.108243 -14.52515 15.138239 11.289801 2.243544 -5.255039 -3.18016 14.282899 -0.826599 6.952507 -1e-06 -12.690612 1e-06 16.149046 -18.511423 2.872419 1.665668 -1.955924 -2.878301 4.727802 -4.170592 4.993927 11.020531 1e-06 -2e-06 12.109058 -3.735719 -2.866787 -0.0 0.0 0.0 1.291986 -1.92855 -1.49809 14.800136 0.567465 3.86561 14.242579 -1.341737 -6.660662 19.631975 0.143924 -0.648245 51.119015 -0.537942 -7.131721 0.35303 -1.511151 -0.031941 20.222801 3.684308 2.31663 18.787283 3e-06 -1e-06 10.751632 -0.47987 1.397906 1e-06 -0.0 -0.0 3.273808 0.305945 -0.580112 21.48682 11.830378 2.266135 8.16293 -0.0 -1e-06 18.399094 -3.79899 -4.940579 3e-06 0.0 -2e-06 7.505688 21.554728 -115.569221 0.095991 -0.06968 127.637634 -5.55276 -0.649831 -10.465782 1.477454 -2.003948 1.704245 0.0 -0.0 2e-06 -50.322987 -40.179317 -59.867565 1.569989 1.177356 125.965958 16.994602 42.723667 -26.238363 -1.481853 0.314497 1.964366 0.0 0.0 -1e-06 
0.0 0.0 0.0 0.0 -0.0 0.0 0.324676 38.286095 4.925776 -3.520204 -1.744689 0.794435 -3.505945 -3.221186 19.481197 -1.285658 -2.405978 4.726439 0.395347 -7.820487 15.392846 -3.569803 5.358441 -10.564656 4.224882 15.224439 -2.543919 -6.667964 20.543091 -18.072868 7.7e-05 -2.3e-05 6e-06 0.041504 -0.203585 -0.024357 0.693757 -3.934058 -10.90694 -0.62271 3.545924 -10.831172 -3.000361 -15.501148 7.767417 -15.018608 -49.407074 29.591726 0.044368 -53.932968 0.237118 14.382504 2.350837 5.381683 -5.882111 9.86129 0.70259 -10.936882 -0.360575 7.15621 4e-06 8.774831 1e-06 -15.945669 17.835737 6.853377 -1.844035 2.498505 -2.507281 -10.16361 4.678946 4.621109 -20.976044 -7e-06 1e-06 -21.226305 2.451694 -3.594001 0.0 -6e-06 2e-06 -1.362683 2.240802 -0.746324 -21.334938 0.584908 3.008322 -13.821229 -4e-06 0.0 -23.887201 -0.249083 -0.839484 -61.82373 2.87165 -0.472787 -0.294026 1.679688 0.833256 -14.218225 0.093215 1.300579 -34.212086 -0.287571 0.967169 -20.033236 0.964532 1.212846 0.0 0.0 -1e-06 -3.440392 0.788233 0.501656 -15.928203 -3.167313 2.999707 -6.338833 -2e-06 -2e-06 -18.123466 3.64818 -4.905674 -4e-06 1e-06 -2e-06 6.835619 15.966387 7.4232 72.275597 8.957339 -0.292287 -5.160079 75.456917 -3.687135 -15.115489 15.2077 8.563972 2.243542 -5.255036 -3.180157 14.282894 -0.826598 6.952503 -1e-06 -12.690605 -1e-06 16.003763 -18.399748 2.882312 1.665666 -1.955923 -2.878298 4.727799 -4.170588 4.993925 11.020528 3e-06 -1e-06 12.109053 -3.735718 -2.866786 0.0 -0.0 0.0 1.291986 -1.92855 -1.49809 14.800131 0.567466 3.865608 14.242573 -1.341738 -6.660659 19.631969 0.143923 -0.648246 51.110329 -0.443359 -7.040857 0.353028 -1.511151 -0.03194 20.222795 3.684307 2.31663 18.787273 4e-06 -1e-06 10.751631 -0.47987 1.397906 -2e-06 1e-06 -0.0 3.273807 0.305947 -0.580111 21.486813 11.830376 2.266134 8.162927 -0.0 -2e-06 18.399086 -3.798987 -4.940577 3e-06 -0.0 -1e-06 7.357656 21.762533 -115.567169 0.092872 -0.071661 127.546982 -5.480075 -0.679176 -10.486589 1.478129 -2.034263 1.679746 0.0 -0.0 2e-06 -50.315525 -40.323307 -59.998726 1.591681 1.160402 126.097763 16.708755 43.102238 -26.494322 -1.47923 0.327059 1.893251 0.0 -0.0 -1e-06 
0.0 0.0 0.0 0.0 -0.0 0.0 0.201979 38.287437 4.871008 -3.418539 -1.742306 0.79706 -3.44395 -3.232708 19.422949 -1.246857 -2.382165 4.702069 0.606175 -7.736382 15.414989 -3.594936 5.350801 -10.203044 4.122361 15.001611 -2.583219 -6.472842 20.14813 -17.530539 7.7e-05 -2.3e-05 6e-06 0.037837 -0.181622 -0.037069 0.697222 -3.909238 -10.903074 -0.633906 3.565677 -10.830794 -3.16017 -15.472745 7.874226 -11.840676 -48.468487 27.632483 0.469559 -55.340599 -0.001112 14.190434 2.717823 5.758042 -5.882106 9.861283 0.702589 -10.93687 -0.360577 7.156207 3e-06 8.774824 0.0 -15.92194 17.830652 6.901113 -1.844032 2.498505 -2.507279 -10.163599 4.678941 4.621109 -20.976021 -8e-06 2e-06 -21.226284 2.45169 -3.594 1e-06 -6e-06 -0.0 -1.362682 2.240797 -0.746325 -21.334909 0.584903 3.008323 -13.821213 -7e-06 1e-06 -23.887169 -0.249086 -0.839481 -61.816853 2.861935 -0.449941 -0.294027 1.679686 0.833255 -14.218208 0.093211 1.300578 -34.212048 -0.287571 0.967171 -20.033215 0.964534 1.212846 -0.0 0.0 -1e-06 -3.440388 0.788232 0.501655 -15.928185 -3.167311 2.999706 -6.338824 -3e-06 0.0 -18.123444 3.648177 -4.905669 -5e-06 1e-06 -2e-06 6.939403 16.357933 7.368744 72.135109 9.479642 -2.319179 -4.432434 76.948669 -3.093722 -15.629978 15.222363 5.405842 2.243543 -5.255039 -3.180159 14.282896 -0.826596 6.952504 -1e-06 -12.69061 -0.0 15.894554 -18.251743 2.866826 1.665667 -1.955922 -2.878299 4.727801 -4.17059 4.993925 11.02053 2e-06 0.0 12.109058 -3.735719 -2.866785 0.0 -0.0 -1e-06 1.291986 -1.92855 -1.498089 14.800136 0.567466 3.865608 14.242578 -1.341738 -6.66066 19.631973 0.143923 -0.648245 51.121956 -0.331839 -6.929964 0.353028 -1.511152 -0.03194 20.222797 3.68431 2.316632 18.787279 2e-06 -2e-06 10.751631 -0.47987 1.397907 -2e-06 -0.0 -2e-06 3.273808 0.305946 -0.58011 21.486818 11.830377 2.266133 8.162928 1e-06 -1e-06 18.399088 -3.798988 -4.940579 2e-06 0.0 -1e-06 7.187609 21.977329 -115.601608 0.099582 -0.07776 127.42379 -5.425427 -0.731881 -10.497375 1.479497 -2.059245 1.674641 0.0 -1e-06 2e-06 -50.267891 -40.474552 -60.169392 1.630959 1.136695 126.251045 16.475132 43.40834 -26.715096 -1.475686 0.334231 1.838149 0.0 -0.0 -1e-06 
0.0 0.0 0.0 0.0 -0.0 0.0 0.06833 38.292645 4.813127 -3.304893 -1.737848 0.817502 -3.382691 -3.226597 19.386982 -1.193771 -2.343456 4.67914 0.794692 -7.612567 15.418693 -3.6835 5.339029 -9.749886 3.972877 14.718382 -2.636659 -6.235618 19.619043 -16.956757 7.7e-05 -2.4e-05 6e-06 0.035592 -0.165973 -0.045423 0.703145 -3.889788 -10.894814 -0.644685 3.578183 -10.826989 -3.187075 -15.42825 7.879546 -8.858074 -47.417168 25.597025 0.886388 -57.183552 -0.212027 13.874992 3.003852 6.244799 -5.882106 9.861284 0.702591 -10.936876 -0.360575 7.156206 2e-06 8.774828 -0.0 -15.908725 17.805731 6.922233 -1.844032 2.498504 -2.507278 -10.163603 4.678946 4.621109 -20.976027 -4e-06 3e-06 -21.226292 2.451695 -3.593999 0.0 -6e-06 0.0 -1.362682 2.240798 -0.746322 -21.334921 0.584907 3.008322 -13.821219 -4e-06 -0.0 -23.88718 -0.249081 -0.839481 -61.759487 2.832467 -0.429695 -0.294024 1.679687 0.833256 -14.218212 0.093211 1.30058 -34.212063 -0.287566 0.967174 -20.033216 0.964535 1.212846 0.0 -0.0 -1e-06 -3.440389 0.788233 0.501657 -15.928191 -3.167309 2.999708 -6.338829 -1e-06 1e-06 -18.123451 3.648182 -4.905671 -4e-06 0.0 -2e-06 6.899613 16.850901 7.226018 71.853119 10.107828 -4.332156 -3.62056 78.755875 -2.459227 -16.054844 15.183301 1.967633 2.243541 -5.255037 -3.180157 14.282887 -0.826594 6.952501 -2e-06 -12.690601 -1e-06 15.842248 -18.074551 2.824662 1.665666 -1.955922 -2.878299 4.727798 -4.170585 4.993924 11.020522 5e-06 -1e-06 12.10905 -3.735715 -2.866783 0.0 -1e-06 -0.0 1.291985 -1.928549 -1.498089 14.800125 0.567467 3.865607 14.242568 -1.341738 -6.660657 19.631968 0.143925 -0.648244 51.1367 -0.223613 -6.811413 0.353028 -1.51115 -0.03194 20.222786 3.684311 2.316632 18.78727 3e-06 -0.0 10.751625 -0.479867 1.397906 -0.0 2e-06 -1e-06 3.273806 0.305947 -0.580111 21.486811 11.830376 2.266135 8.162924 1e-06 -1e-06 18.399078 -3.798986 -4.940575 4e-06 -0.0 -1e-06 7.022767 22.188486 -115.641617 0.110323 -0.083607 127.285004 -5.401051 -0.787601 -10.490624 1.482391 -2.081393 1.669294 -0.0 -0.0 2e-06 -50.205353 -40.62064 -60.368061 1.674009 1.107533 126.41481 16.27713 43.65062 -26.91654 -1.472355 0.33426 1.822657 0.0 -0.0 -1e-06 
0.0 0.0 0.0 0.0 -0.0 0.0 -0.064533 38.298805 4.756674 -3.183809 -1.719827 0.867082 -3.322788 -3.212022 19.352699 -1.144704 -2.271032 4.656107 0.9711 -7.478338 15.421604 -3.829854 5.33714 -9.22546 3.781717 14.3722 -2.699734 -5.948922 18.975998 -16.334713 7.7e-05 -2.2e-05 6e-06 0.035161 -0.153985 -0.046652 0.711233 -3.873235 -10.876031 -0.654008 3.586086 -10.811708 -3.112727 -15.341717 7.795725 -6.025085 -46.337143 23.403431 1.263872 -59.423836 -0.382902 13.479875 3.222232 6.886791 -5.882109 9.861286 0.702588 -10.936877 -0.360575 7.156208 3e-06 8.774828 0.0 -15.900426 17.764471 6.918817 -1.844032 2.498504 -2.507279 -10.163604 4.678944 4.621109 -20.976038 -7e-06 -0.0 -21.226299 2.451692 -3.593999 1e-06 -6e-06 0.0 -1.362681 2.240798 -0.746324 -21.334925 0.584905 3.008323 -13.821221 -5e-06 2e-06 -23.887182 -0.249085 -0.839482 -61.688267 2.778337 -0.411952 -0.294024 1.679687 0.833257 -14.218217 0.093211 1.300578 -34.212067 -0.287573 0.96717 -20.033226 0.964532 1.212844 0.0 -0.0 -1e-06 -3.44039 0.788232 0.501656 -15.928198 -3.167313 2.999707 -6.338829 -2e-06 -0.0 -18.123457 3.648179 -4.905671 -5e-06 1e-06 -1e-06 6.702986 17.447765 7.019666 71.402641 10.867555 -6.219723 -2.72765 80.879494 -1.784142 -16.437632 15.113848 -1.588432 2.243541 -5.255037 -3.180157 14.282885 -0.826594 6.952499 -1e-06 -12.690601 -0.0 15.862678 -17.888462 2.758208 1.665666 -1.955922 -2.878298 4.727798 -4.170587 4.993923 11.020522 1e-06 -0.0 12.109049 -3.735715 -2.866783 0.0 -1e-06 0.0 1.291986 -1.928548 -1.498088 14.800123 0.567466 3.865606 14.242568 -1.341738 -6.660655 19.631962 0.143925 -0.648243 51.134663 -0.149329 -6.695722 0.353028 -1.511151 -0.03194 20.222786 3.684307 2.316629 18.78727 2e-06 -1e-06 10.751625 -0.479869 1.397905 -0.0 1e-06 0.0 3.273806 0.305946 -0.58011 21.486801 11.83037 2.266134 8.162924 1e-06 0.0 18.399076 -3.798986 -4.940575 3e-06 -1e-06 -1e-06 6.850905 22.369045 -115.710701 0.121416 -0.089528 127.140602 -5.382897 -0.845974 -10.453148 1.485554 -2.099792 1.658281 -0.0 -0.0 2e-06 -50.14624 -40.760921 -60.576984 1.712741 1.077757 126.576851 16.145056 43.833286 -27.072094 -1.470978 0.330605 1.850555 0.0 -0.0 -1e-06 
0.0 0.0 0.0 0.0 -0.0 0.0 -0.192357 38.315548 4.690676 -3.070322 -1.696045 0.950673 -3.260795 -3.189383 19.313305 -1.099323 -2.176064 4.637946 1.143921 -7.328217 15.428205 -4.061559 5.361674 -8.659979 3.58508 13.957043 -2.768917 -5.631278 18.260841 -15.657226 7.7e-05 -2.2e-05 6e-06 0.034206 -0.136783 -0.042479 0.718966 -3.850684 -10.848992 -0.66394 3.598058 -10.789483 -2.983344 -15.190563 7.638521 -3.267077 -45.264324 20.927071 1.522704 -62.009541 -0.453299 13.031243 3.428774 7.8501 -5.882107 9.861285 0.702592 -10.93687 -0.360574 7.156203 0.0 8.774826 0.0 -15.8973 17.731413 6.910564 -1.844033 2.498505 -2.507278 -10.163598 4.678946 4.621109 -20.976023 -4e-06 -2e-06 -21.226288 2.451695 -3.594001 0.0 -6e-06 -1e-06 -1.362682 2.240798 -0.746323 -21.334913 0.584909 3.008321 -13.821213 -3e-06 -0.0 -23.887169 -0.249081 -0.839487 -61.627903 2.716337 -0.385291 -0.294024 1.679686 0.833257 -14.218207 0.093214 1.300577 -34.212051 -0.287565 0.967167 -20.033215 0.964536 1.212843 1e-06 0.0 0.0 -3.440389 0.788233 0.501656 -15.928185 -3.16731 2.999703 -6.338825 -0.0 -1e-06 -18.123446 3.648182 -4.905671 -4e-06 1e-06 -0.0 6.343023 18.148155 6.75473 70.792412 11.781666 -7.964614 -1.374436 83.359055 -0.658689 -16.825733 15.037319 -5.19232 2.243541 -5.255039 -3.180159 14.282894 -0.826597 6.952506 -1e-06 -12.69061 -0.0 15.949212 -17.710394 2.683529 1.665667 -1.955923 -2.8783 4.727799 -4.170592 4.993926 11.020528 2e-06 -0.0 12.109055 -3.73572 -2.866786 0.0 0.0 -0.0 1.291985 -1.92855 -1.49809 14.800132 0.567467 3.86561 14.242575 -1.341739 -6.660661 19.631969 0.143924 -0.648246 51.11013 -0.105445 -6.588901 0.353029 -1.511152 -0.03194 20.222795 3.68431 2.316632 18.787273 3e-06 -0.0 10.751629 -0.479871 1.397907 -0.0 1e-06 1e-06 3.273807 0.305947 -0.580111 21.486816 11.83038 2.266136 8.16293 1e-06 0.0 18.39909 -3.79899 -4.940578 4e-06 -0.0 -0.0 6.659706 22.527191 -115.815353 0.134337 -0.103821 126.973969 -5.36606 -0.882415 -10.379734 1.488424 -2.118209 1.643029 0.0 -0.0 2e-06 -50.03722 -40.910358 -60.831463 1.743169 1.051102 126.725899 16.054905 43.959461 -27.162949 -1.471001 0.318951 1.897065 0.0 -0.0 -1e-06 
0.0 0.0 0.0 0.0 -0.0 0.0 -0.30643 38.346539 4.615498 -2.979292 -1.663302 1.046093 -3.19443 -3.164054 19.277512 -1.049451 -2.08152 4.627517 1.307406 -7.155349 15.437884 -4.38811 5.393204 -8.064942 3.414333 13.495898 -2.834105 -5.321414 17.541294 -14.948176 7.7e-05 -2.1e-05 5e-06 0.029525 -0.107946 -0.033377 0.722226 -3.815742 -10.811627 -0.676753 3.620588 -10.758379 -2.781183 -14.998934 7.444338 -0.727929 -44.257729 18.27389 1.77123 -64.750717 -0.538145 12.569308 3.647686 9.155212 -5.882109 9.861288 0.70259 -10.936875 -0.360575 7.15621 1e-06 8.774826 1e-06 -15.905998 17.712862 6.902613 -1.844034 2.498505 -2.507279 -10.163604 4.678946 4.621113 -20.976032 -5e-06 3e-06 -21.226295 2.451695 -3.594 0.0 -6e-06 -1e-06 -1.362683 2.240798 -0.746324 -21.334925 0.58491 3.008326 -13.82122 -3e-06 2e-06 -23.887182 -0.24908 -0.83948 -61.601067 2.666548 -0.368698 -0.294025 1.679688 0.833257 -14.218215 0.093213 1.300582 -34.212067 -0.287564 0.967173 -20.033226 0.964538 1.212845 0.0 0.0 -1e-06 -3.440392 0.788235 0.501656 -15.928198 -3.16731 2.999709 -6.33883 -0.0 -1e-06 -18.123457 3.648181 -4.905671 -5e-06 0.0 -2e-06 5.812992 18.888893 6.425166 70.133362 12.816884 -9.437696 0.957699 86.113091 1.501458 -17.211897 14.915246 -8.741353 2.243541 -5.255038 -3.180159 14.282888 -0.826594 6.952507 -1e-06 -12.690605 -1e-06 16.080584 -17.588787 2.632831 1.665665 -1.955921 -2.8783 4.727798 -4.170588 4.993926 11.020525 2e-06 -1e-06 12.109052 -3.735717 -2.866785 -0.0 -1e-06 0.0 1.291986 -1.92855 -1.498089 14.800129 0.567468 3.865611 14.242571 -1.341736 -6.660658 19.631966 0.143924 -0.648243 51.068447 -0.114019 -6.484267 0.353029 -1.511151 -0.03194 20.222788 3.68431 2.316633 18.787271 3e-06 2e-06 10.751629 -0.479869 1.397908 0.0 -0.0 0.0 3.273807 0.305948 -0.580111 21.486813 11.830376 2.266137 8.162928 1e-06 1e-06 18.399082 -3.798987 -4.940573 3e-06 0.0 -1e-06 6.479534 22.652607 -115.923431 0.153683 -0.121079 126.789444 -5.374609 -0.894956 -10.316993 1.491588 -2.130828 1.649017 0.0 -1e-06 2e-06 -49.888542 -41.045567 -61.089966 1.766772 1.018742 126.846573 15.984389 44.014858 -27.237478 -1.470522 0.301559 1.960263 0.0 -0.0 -1e-06 
0.0 0.0 0.0 0.0 -0.0 0.0 -0.400172 38.381081 4.522747 -2.918146 -1.625044 1.133583 -3.11827 -3.138503 19.251461 -1.001224 -1.98398 4.625368 1.470987 -6.973638 15.456264 -4.806975 5.421444 -7.466538 3.281211 13.019632 -2.890163 -5.027906 16.840246 -14.203691 7.7e-05 -2.2e-05 6e-06 0.024198 -0.078984 -0.023262 0.724564 -3.780829 -10.770967 -0.689768 3.642798 -10.723742 -2.514841 -14.776299 7.20403 1.518228 -43.362022 15.48645 2.08671 -67.500099 -0.697936 12.146274 3.875366 10.826761 -5.882103 9.861283 0.702592 -10.936871 -0.360575 7.156205 -1e-06 8.774824 -2e-06 -15.938332 17.695297 6.904018 -1.844032 2.498505 -2.507278 -10.163597 4.678944 4.621107 -20.976021 -2e-06 3e-06 -21.226282 2.451697 -3.594 0.0 -6e-06 -1e-06 -1.362681 2.240797 -0.746322 -21.334911 0.58491 3.008322 -13.821213 -3e-06 1e-06 -23.887167 -0.249076 -0.839479 -61.609497 2.639043 -0.359455 -0.294025 1.679686 0.833255 -14.218205 0.093217 1.300581 -34.212048 -0.287561 0.967172 -20.033211 0.964539 1.212842 0.0 0.0 -1e-06 -3.440388 0.788233 0.501657 -15.928185 -3.167308 2.999707 -6.338825 1e-06 0.0 -18.123444 3.648183 -4.905671 -5e-06 1e-06 -2e-06 5.137141 19.634241 6.046135 69.501404 13.9914 -10.632747 13.604906 89.117287 14.057987 -17.67688 14.726701 -12.342328 2.243541 -5.255037 -3.180158 14.282889 -0.826596 6.952504 -2e-06 -12.690605 -0.0 16.231298 -17.514858 2.595571 1.665666 -1.955922 -2.878299 4.727798 -4.170588 4.993925 11.020526 3e-06 -1e-06 12.109053 -3.735717 -2.866785 0.0 -0.0 -0.0 1.291985 -1.92855 -1.49809 14.800127 0.567467 3.865608 14.242571 -1.341737 -6.66066 19.631964 0.143926 -0.648246 50.983955 -0.164066 -6.3728 0.353028 -1.511151 -0.03194 20.22279 3.684309 2.31663 18.787273 4e-06 -1e-06 10.751628 -0.479869 1.397906 -1e-06 -0.0 0.0 3.273806 0.305947 -0.580111 21.486813 11.830376 2.266133 8.162928 1e-06 -0.0 18.399086 -3.798986 -4.940577 3e-06 -0.0 -1e-06 6.306262 22.74711 -116.041077 0.176435 -0.140861 126.594597 -5.376678 -0.865416 -10.247034 1.493822 -2.134671 1.687651 0.0 -1e-06 2e-06 -49.711884 -41.15847 -61.351807 1.782321 0.980474 126.941048 15.917151 43.985584 -27.290039 -1.470805 0.284498 2.034708 0.0 0.0 -1e-06 
0.0 0.0 0.0 0.0 -0.0 0.0 -0.460695 38.401501 4.421058 -2.883663 -1.586317 1.207117 -3.042505 -3.120046 19.237757 -0.956671 -1.887119 4.627945 1.628942 -6.781361 15.483332 -5.281259 5.451753 -6.884738 3.155149 12.553262 -2.945283 -4.71817 16.120932 -13.433744 7.7e-05 -2.3e-05 6e-06 0.01788 -0.050224 -0.015048 0.724327 -3.746695 -10.736223 -0.702225 3.66527 -10.694401 -2.18491 -14.503041 6.919016 3.464281 -42.700016 12.63016 2.596424 -70.09687 -1.046304 11.767452 4.101095 12.745909 -5.88211 9.861288 0.70259 -10.936877 -0.360574 7.156209 1e-06 8.77483 -1e-06 -15.99649 17.674667 6.901515 -1.844033 2.498506 -2.507279 -10.163604 4.678946 4.621111 -20.976034 -4e-06 2e-06 -21.226297 2.451697 -3.594002 0.0 -6e-06 -0.0 -1.362683 2.240799 -0.746324 -21.334925 0.584908 3.008323 -13.82122 -5e-06 3e-06 -23.887184 -0.24908 -0.83948 -61.649532 2.611217 -0.36171 -0.294024 1.679688 0.833255 -14.218217 0.093214 1.300582 -34.212067 -0.287564 0.967173 -20.033222 0.964538 1.212847 -0.0 -0.0 -0.0 -3.44039 0.788235 0.501656 -15.928198 -3.167312 2.99971 -6.338828 -1e-06 1e-06 -18.123457 3.648182 -4.90567 -5e-06 -0.0 -1e-06 4.35358 20.365091 5.634423 68.968468 15.311642 -11.540033 173.929947 87.617638 174.367554 -18.32099 14.52985 -16.042973 2.243541 -5.255038 -3.180158 14.282895 -0.826595 6.952507 -2e-06 -12.690609 -0.0 16.370565 -17.461788 2.573054 1.665666 -1.955922 -2.878299 4.7278 -4.170589 4.993926 11.020529 3e-06 -0.0 12.109055 -3.735717 -2.866784 -0.0 -0.0 0.0 1.291986 -1.92855 -1.49809 14.800132 0.567469 3.86561 14.242577 -1.341737 -6.660658 19.631975 0.143925 -0.648243 50.871349 -0.236905 -6.252493 0.353028 -1.511151 -0.03194 20.222797 3.684312 2.316633 18.787279 4e-06 1e-06 10.751631 -0.479869 1.397907 -1e-06 -0.0 0.0 3.273808 0.305947 -0.580111 21.48682 11.830379 2.266136 8.16293 1e-06 0.0 18.399088 -3.798988 -4.940575 2e-06 -0.0 -1e-06 6.148056 22.794817 -116.18029 0.195195 -0.15597 126.42205 -5.340273 -0.786619 -10.172145 1.496445 -2.131621 1.72773 0.0 -0.0 2e-06 -49.556225 -41.248096 -61.600178 1.786437 0.942044 127.008995 15.884327 43.926788 -27.292933 -1.4717 0.268467 2.1285 0.0 -0.0 -1e-06 
0.0 0.0 0.0 0.0 -0.0 0.0 -0.494636 38.405418 4.331841 -2.86771 -1.554869 1.261081 -2.969015 -3.11806 19.237009 -0.915046 -1.779585 4.625648 1.790476 -6.586498 15.509985 -5.78875 5.48988 -6.284657 3.016798 12.084153 -3.005086 -4.393144 15.39978 -12.629597 7.7e-05 -2.3e-05 6e-06 0.010495 -0.024224 -0.008745 0.720071 -3.715873 -10.705368 -0.712718 3.685326 -10.669868 -1.78737 -14.180002 6.600562 5.11279 -42.317467 9.60237 3.142071 -72.494164 -1.460108 11.433766 4.291605 14.899652 -5.882106 9.861284 0.70259 -10.936868 -0.360575 7.156203 -0.0 8.774824 -2e-06 -16.079441 17.642803 6.874968 -1.844031 2.498505 -2.507277 -10.163599 4.678945 4.621108 -20.976023 -3e-06 0.0 -21.226286 2.451695 -3.594003 0.0 -6e-06 -1e-06 -1.362682 2.2408 -0.746323 -21.334908 0.584909 3.008323 -13.821213 -3e-06 2e-06 -23.887167 -0.24908 -0.839484 -61.701786 2.589936 -0.388215 -0.294024 1.679687 0.833256 -14.218207 0.093215 1.300578 -34.212048 -0.287567 0.967169 -20.033211 0.964535 1.212842 0.0 -0.0 1e-06 -3.440386 0.788232 0.501656 -15.928183 -3.16731 2.999706 -6.338825 -1e-06 0.0 -18.123444 3.648182 -4.905671 -5e-06 0.0 -2e-06 3.473591 21.12961 5.177153 68.585327 16.77618 -12.234689 177.712784 84.227112 178.186066 -19.161636 14.34784 -19.810452 2.243541 -5.255038 -3.180158 14.282894 -0.826595 6.952507 -2e-06 -12.690608 0.0 16.457525 -17.44659 2.564892 1.665666 -1.955922 -2.878299 4.727799 -4.170589 4.993926 11.020528 3e-06 -0.0 12.109053 -3.735717 -2.866784 -1e-06 -0.0 -0.0 1.291986 -1.92855 -1.49809 14.800132 0.567468 3.86561 14.242573 -1.341737 -6.660659 19.631969 0.143925 -0.648244 50.723263 -0.337713 -6.14217 0.353029 -1.511151 -0.03194 20.222795 3.68431 2.316633 18.787279 3e-06 1e-06 10.751631 -0.479869 1.397907 -1e-06 -0.0 0.0 3.273808 0.305947 -0.580111 21.486816 11.830377 2.266136 8.16293 1e-06 0.0 18.399084 -3.798987 -4.940576 2e-06 -0.0 -1e-06 6.021403 22.815893 -116.31691 0.202876 -0.160072 126.295036 -5.310349 -0.702106 -10.131551 1.499014 -2.127486 1.755016 -0.0 0.0 2e-06 -49.455528 -41.323032 -61.797119 1.778951 0.906287 127.057587 15.85059 43.910427 -27.246481 -1.474024 0.256669 2.230815 0.0 -0.0 -1e-06 
0.0 0.0 0.0 0.0 -0.0 0.0 -0.507205 38.393764 4.255911 -2.862392 -1.547036 1.299565 -2.899829 -3.124245 19.240469 -0.86933 -1.670117 4.621687 1.945274 -6.382995 15.53696 -6.353618 5.555761 -5.68154 2.896698 11.602977 -3.066871 -4.067259 14.70521 -11.802531 7.7e-05 -2.4e-05 5e-06 0.001905 6.8e-05 -0.002045 0.711852 -3.689123 -10.67917 -0.721694 3.706023 -10.650652 -1.342705 -13.833064 6.232411 6.487712 -42.255661 6.463374 3.655832 -74.623421 -1.902234 11.136366 4.428334 17.196669 -5.882109 9.861286 0.702591 -10.936878 -0.360578 7.156206 2e-06 8.77483 0.0 -16.178757 17.608959 6.834556 -1.844033 2.498505 -2.507279 -10.163604 4.678942 4.621109 -20.976038 -9e-06 2e-06 -21.226299 2.451691 -3.593999 -0.0 -6e-06 -0.0 -1.362683 2.240798 -0.746324 -21.334925 0.584904 3.008322 -13.821219 -7e-06 2e-06 -23.887182 -0.249085 -0.83948 -61.733776 2.577529 -0.418717 -0.294023 1.679687 0.833258 -14.218215 0.093213 1.300578 -34.212067 -0.287573 0.96717 -20.033222 0.964533 1.212847 -0.0 -0.0 1e-06 -3.440388 0.788232 0.501656 -15.928198 -3.167312 2.999705 -6.338829 -3e-06 2e-06 -18.123453 3.648178 -4.905673 -4e-06 0.0 -2e-06 2.553697 21.945349 4.677474 68.378166 18.401903 -12.740402 178.888 80.80162 179.418884 -20.229443 14.257727 -23.652086 2.243543 -5.255042 -3.180161 14.2829 -0.826594 6.952509 -3e-06 -12.690616 -1e-06 16.476151 -17.45352 2.543453 1.665667 -1.955923 -2.878301 4.727801 -4.170591 4.993928 11.020533 4e-06 -0.0 12.109058 -3.735718 -2.866786 -0.0 -0.0 0.0 1.291987 -1.928551 -1.498091 14.800139 0.56747 3.865612 14.242579 -1.341737 -6.660662 19.631979 0.143927 -0.648243 50.552437 -0.463089 -6.073162 0.353029 -1.511152 -0.03194 20.222803 3.684314 2.316634 18.787285 5e-06 2e-06 10.751633 -0.479869 1.397909 -3e-06 -1e-06 0.0 3.273809 0.305948 -0.580111 21.486828 11.830386 2.266139 8.162931 1e-06 1e-06 18.399096 -3.798988 -4.940577 2e-06 -0.0 -1e-06 5.93591 22.824924 -116.442116 0.204223 -0.157077 126.212715 -5.341043 -0.641898 -10.11233 1.500781 -2.125807 1.728395 0.0 -0.0 2e-06 -49.393944 -41.407272 -61.973934 1.762562 0.875796 127.093704 15.82756 43.973648 -27.124287 -1.476921 0.248058 2.343244 0.0 -0.0 -1e-06 
0.0 0.0 0.0 0.0 -0.0 0.0 -0.506456 38.372757 4.195933 -2.855099 -1.552714 1.325558 -2.843898 -3.138997 19.22834 -0.822365 -1.558282 4.623188 2.090855 -6.17635 15.568088 -6.956278 5.641536 -5.098601 2.80186 11.134656 -3.136181 -3.750444 14.097917 -10.987348 7.7e-05 -2.1e-05 6e-06 -0.007689 0.021692 0.004142 0.701733 -3.66578 -10.655484 -0.730802 3.725107 -10.631432 -0.8805 -13.487346 5.82762 7.578566 -42.549568 3.305725 3.859948 -76.370964 -2.115488 10.892746 4.447047 19.355932 -5.882113 9.861293 0.702592 -10.936885 -0.360577 7.156215 4e-06 8.774837 2e-06 -16.287525 17.573645 6.765748 -1.844034 2.498508 -2.507281 -10.163614 4.678948 4.621113 -20.976053 -1e-05 3e-06 -21.226316 2.451694 -3.593999 -0.0 -6e-06 -1e-06 -1.362684 2.240801 -0.746325 -21.334946 0.584906 3.008326 -13.821235 -5e-06 3e-06 -23.887205 -0.249084 -0.839479 -61.708286 2.554478 -0.453174 -0.294024 1.67969 0.833257 -14.218231 0.093211 1.300582 -34.212097 -0.287572 0.967174 -20.033243 0.964535 1.212847 0.0 0.0 0.0 -3.440392 0.788233 0.501656 -15.928209 -3.167316 2.999711 -6.338836 -3e-06 2e-06 -18.123474 3.648183 -4.905674 -5e-06 0.0 -3e-06 1.65215 22.787193 4.179309 68.375893 20.1534 -13.021413 179.731537 77.639748 -179.682983 -21.465212 14.309199 -27.252127 2.243541 -5.25504 -3.180159 14.282898 -0.826594 6.952509 -4e-06 -12.690616 0.0 16.422354 -17.459394 2.5256 1.665666 -1.955922 -2.878299 4.727801 -4.170591 4.993927 11.020532 3e-06 1e-06 12.109057 -3.735719 -2.866783 -1e-06 -0.0 -0.0 1.291985 -1.928551 -1.49809 14.800138 0.567471 3.865613 14.242577 -1.341737 -6.660658 19.631975 0.143926 -0.64824 50.416862 -0.599289 -6.003662 0.353028 -1.511151 -0.03194 20.222801 3.684313 2.316637 18.787283 4e-06 3e-06 10.751634 -0.47987 1.397909 -2e-06 -0.0 1e-06 3.273808 0.305947 -0.580111 21.486826 11.830386 2.26614 8.16293 3e-06 2e-06 18.399092 -3.798989 -4.940573 2e-06 1e-06 -1e-06 5.881351 22.822342 -116.545906 0.200978 -0.145833 126.16552 -5.430047 -0.619934 -10.127552 1.501694 -2.128451 1.654294 0.0 -0.0 2e-06 -49.376999 -41.512859 -62.119873 1.742909 0.851641 127.120682 15.747787 44.087555 -27.014544 -1.478609 0.237249 2.436955 0.0 0.0 -1e-06 
0.0 0.0 0.0 0.0 -0.0 0.0 -0.490495 38.346756 4.142084 -2.833745 -1.549753 1.355628 -2.803018 -3.157526 19.208086 -0.7708 -1.458735 4.625677 2.220603 -5.961455 15.604189 -7.542601 5.737002 -4.572167 2.709371 10.693253 -3.20286 -3.451211 13.574741 -10.248546 7.7e-05 -2.1e-05 6e-06 -0.019418 0.045197 0.009823 0.690505 -3.640302 -10.628597 -0.743012 3.745745 -10.608183 -0.429433 -13.182944 5.41235 8.405961 -43.142376 0.256225 3.626896 -77.714394 -1.9689 10.691903 4.339275 21.243097 -5.882111 9.861292 0.702592 -10.936886 -0.360575 7.156213 3e-06 8.774831 1e-06 -16.396948 17.537502 6.677561 -1.844034 2.498506 -2.50728 -10.163612 4.678948 4.621114 -20.976053 -7e-06 4e-06 -21.226316 2.451696 -3.594 0.0 -6e-06 -1e-06 -1.362683 2.240799 -0.746325 -21.334942 0.584906 3.008326 -13.821235 -6e-06 3e-06 -23.887203 -0.249083 -0.839481 -61.635551 2.522619 -0.483475 -0.294024 1.679688 0.833257 -14.218226 0.093215 1.300582 -34.212093 -0.287571 0.967175 -20.033237 0.964535 1.212848 0.0 -0.0 0.0 -3.440392 0.788233 0.501657 -15.928206 -3.167314 2.99971 -6.338835 -3e-06 2e-06 -18.12347 3.648181 -4.905673 -3e-06 -0.0 -2e-06 0.812984 23.61846 3.732597 68.584625 21.934401 -13.073142 -179.445328 74.966179 -178.821747 -22.716358 14.474498 -30.340816 2.243541 -5.255041 -3.180157 14.282896 -0.826593 6.952507 -4e-06 -12.690617 -1e-06 16.348608 -17.42877 2.500271 1.665666 -1.955922 -2.8783 4.727801 -4.170591 4.993927 11.020531 4e-06 1e-06 12.109058 -3.735718 -2.866784 -0.0 1e-06 0.0 1.291986 -1.928551 -1.498089 14.800138 0.567471 3.865611 14.242578 -1.341737 -6.660659 19.631975 0.143927 -0.648241 50.320835 -0.717954 -5.936595 0.353029 -1.511151 -0.03194 20.222801 3.684315 2.316633 18.787283 7e-06 2e-06 10.751633 -0.479869 1.397907 -1e-06 -0.0 0.0 3.273808 0.305948 -0.580111 21.486828 11.830389 2.266137 8.16293 2e-06 0.0 18.399092 -3.798988 -4.940578 2e-06 1e-06 -2e-06 5.814529 22.777813 -116.655632 0.195139 -0.133044 126.133446 -5.553661 -0.604239 -10.129268 1.499294 -2.132902 1.559368 -0.0 -0.0 2e-06 -49.408039 -41.636887 -62.244381 1.712272 0.842649 127.133263 15.616099 44.211807 -26.910318 -1.479901 0.221629 2.521291 0.0 -0.0 -1e-06 
0.0 0.0 0.0 0.0 -0.0 0.0 -0.461407 38.322521 4.086899 -2.797961 -1.508522 1.380005 -2.758092 -3.171971 19.193253 -0.729991 -1.384425 4.633108 2.341233 -5.748135 15.657539 -8.089949 5.826381 -4.133412 2.628563 10.314181 -3.242853 -3.200165 13.103464 -9.614864 7.7e-05 -2.3e-05 6e-06 -0.03103 0.065915 0.016583 0.680865 -3.619334 -10.603595 -0.756674 3.765264 -10.587626 -0.028231 -12.948636 5.00169 9.030334 -43.914024 -2.537783 3.356659 -78.733238 -1.790699 10.520087 4.166356 22.888792 -5.882106 9.861284 0.702592 -10.936878 -0.360577 7.156209 4e-06 8.774828 -0.0 -16.492336 17.491158 6.591292 -1.844032 2.498503 -2.507279 -10.163606 4.678945 4.621111 -20.976038 -8e-06 4e-06 -21.226297 2.451695 -3.593998 0.0 -6e-06 1e-06 -1.362682 2.2408 -0.746324 -21.334925 0.584907 3.008324 -13.821221 -5e-06 4e-06 -23.887184 -0.249081 -0.839481 -61.546303 2.492351 -0.474657 -0.294024 1.679687 0.833256 -14.218215 0.093211 1.300581 -34.212067 -0.287568 0.967174 -20.033226 0.964536 1.212846 0.0 -0.0 -0.0 -3.44039 0.788232 0.501656 -15.928192 -3.167311 2.999708 -6.338832 -2e-06 2e-06 -18.123455 3.64818 -4.905668 -4e-06 1e-06 -2e-06 0.047259 24.415325 3.37413 69.005363 23.674543 -12.926505 -178.655029 72.830185 -178.031052 -23.887184 14.825877 -32.944584 2.243542 -5.25504 -3.180161 14.2829 -0.826595 6.95251 -4e-06 -12.690614 0.0 16.301472 -17.370926 2.475998 1.665666 -1.955922 -2.8783 4.727802 -4.17059 4.993929 11.020533 3e-06 0.0 12.109058 -3.735718 -2.866784 0.0 -0.0 1e-06 1.291986 -1.92855 -1.49809 14.80014 0.56747 3.865614 14.242579 -1.341735 -6.66066 19.631979 0.143926 -0.648241 50.267406 -0.79385 -5.872886 0.353029 -1.511152 -0.031941 20.222805 3.684313 2.316636 18.787289 5e-06 3e-06 10.751639 -0.479868 1.397909 -1e-06 1e-06 -1e-06 3.273809 0.305948 -0.580111 21.486832 11.830385 2.266139 8.162935 1e-06 2e-06 18.399097 -3.798986 -4.940574 3e-06 -0.0 -2e-06 5.718553 22.667768 -116.764641 0.19417 -0.125123 126.097549 -5.697732 -0.585294 -10.097832 1.494023 -2.136196 1.473473 0.0 -0.0 2e-06 -49.504604 -41.756958 -62.305077 1.67251 0.84278 127.12619 15.482826 44.310448 -26.80892 -1.481176 0.201993 2.605239 0.0 1e-06 -1e-06 
0.0 0.0 0.0 0.0 -0.0 0.0 -0.42557 38.301273 4.034223 -2.752638 -1.448014 1.39394 -2.712142 -3.186131 19.196764 -0.701212 -1.33211 4.638907 2.432604 -5.547894 15.750799 -8.57877 5.911334 -3.8012 2.552851 10.002032 -3.267924 -2.968608 12.664579 -9.087481 7.7e-05 -2.3e-05 6e-06 -0.041585 0.081744 0.021331 0.670554 -3.603447 -10.581615 -0.767481 3.779891 -10.569903 0.292459 -12.758526 4.612992 9.434618 -44.768044 -4.950139 3.439841 -79.478287 -1.927898 10.369519 3.966367 24.322649 -5.88211 9.861288 0.702591 -10.936878 -0.360573 7.15621 2e-06 8.774829 0.0 -16.579056 17.458197 6.510623 -1.844034 2.498504 -2.50728 -10.163606 4.678945 4.621112 -20.976038 -6e-06 3e-06 -21.226301 2.451694 -3.594 -1e-06 -6e-06 -0.0 -1.362682 2.240798 -0.746324 -21.334929 0.584908 3.008325 -13.821222 -4e-06 3e-06 -23.887184 -0.249081 -0.839482 -61.463398 2.463887 -0.430323 -0.294025 1.679686 0.833256 -14.218217 0.093213 1.30058 -34.212067 -0.287567 0.967172 -20.033226 0.964535 1.212846 -0.0 0.0 -1e-06 -3.440391 0.788233 0.501656 -15.928201 -3.167312 2.999709 -6.33883 -1e-06 1e-06 -18.123459 3.648182 -4.905673 -3e-06 0.0 -2e-06 -0.626562 25.179985 3.118497 69.605553 25.285828 -12.612064 -177.956879 71.250549 -177.375763 -24.976667 15.419668 -35.262943 2.24354 -5.255037 -3.180156 14.282887 -0.826592 6.952503 -3e-06 -12.690607 0.0 16.275015 -17.276848 2.465447 1.665666 -1.955921 -2.878298 4.727798 -4.170588 4.993924 11.020524 4e-06 -0.0 12.10905 -3.735716 -2.866782 0.0 -0.0 1e-06 1.291985 -1.92855 -1.498089 14.800129 0.56747 3.865608 14.24257 -1.341735 -6.660655 19.631968 0.143928 -0.648241 50.244385 -0.830008 -5.801168 0.353028 -1.511152 -0.03194 20.222788 3.684312 2.316631 18.78727 6e-06 2e-06 10.751627 -0.479868 1.397906 -1e-06 -0.0 -1e-06 3.273807 0.305948 -0.58011 21.486813 11.83038 2.266135 8.162926 1e-06 0.0 18.39908 -3.798987 -4.940574 3e-06 -1e-06 -1e-06 5.609636 22.528086 -116.857941 0.201812 -0.122612 126.061867 -5.873737 -0.550303 -10.056893 1.487396 -2.145728 1.404767 0.0 -0.0 2e-06 -49.635963 -41.867352 -62.322163 1.637931 0.846399 127.106598 15.365584 44.382442 -26.698393 -1.483043 0.182695 2.695939 0.0 0.0 -1e-06 
0.0 0.0 0.0 0.0 -0.0 0.0 -0.397525 38.296227 3.983067 -2.704002 -1.368741 1.419536 -2.665982 -3.199446 19.20911 -0.682053 -1.300044 4.641622 2.48396 -5.369754 15.877347 -8.971488 5.98483 -3.558396 2.475993 9.734479 -3.286757 -2.761744 12.275638 -8.708316 7.7e-05 -2.3e-05 6e-06 -0.049045 0.091539 0.023975 0.664417 -3.592892 -10.564618 -0.776318 3.787789 -10.556494 0.546167 -12.626606 4.280135 9.530569 -45.603188 -6.945572 3.580732 -80.018105 -2.079207 10.249618 3.776762 25.6989 -5.882108 9.861287 0.702592 -10.936878 -0.360577 7.156211 3e-06 8.774831 -0.0 -16.641689 17.43162 6.43998 -1.844033 2.498504 -2.50728 -10.163605 4.678948 4.621112 -20.976038 -8e-06 5e-06 -21.226299 2.451694 -3.593999 0.0 -6e-06 1e-06 -1.362682 2.2408 -0.746324 -21.334927 0.584907 3.008325 -13.821221 -4e-06 3e-06 -23.887184 -0.249083 -0.83948 -61.390888 2.431845 -0.387318 -0.294025 1.679688 0.833257 -14.218217 0.093212 1.300581 -34.212074 -0.287569 0.967175 -20.033226 0.964536 1.212846 -0.0 -0.0 -0.0 -3.440392 0.788233 0.501656 -15.9282 -3.167315 2.99971 -6.33883 -3e-06 1e-06 -18.123457 3.64818 -4.905669 -4e-06 0.0 -2e-06 -1.199688 25.853294 2.952368 70.36145 26.679552 -12.175445 -177.413773 70.174408 -176.894836 -25.966797 16.188826 -37.363808 2.243542 -5.255042 -3.180158 14.282907 -0.826594 6.952511 -4e-06 -12.690618 1e-06 16.247509 -17.152824 2.457964 1.665667 -1.955922 -2.878301 4.727805 -4.170591 4.993931 11.020538 4e-06 1e-06 12.109062 -3.735719 -2.866782 1e-06 -1e-06 -1e-06 1.291987 -1.92855 -1.498089 14.800146 0.56747 3.865615 14.242585 -1.341738 -6.660658 19.63199 0.143925 -0.64824 50.231834 -0.833668 -5.729275 0.353028 -1.511152 -0.03194 20.222815 3.684315 2.316637 18.787294 5e-06 4e-06 10.751641 -0.479869 1.39791 -2e-06 -1e-06 -0.0 3.27381 0.305949 -0.58011 21.486841 11.830389 2.266142 8.162937 1e-06 -0.0 18.399103 -3.798988 -4.940575 2e-06 -1e-06 -2e-06 5.501636 22.370588 -116.936623 0.214882 -0.125989 126.004547 -6.044887 -0.511706 -10.005103 1.481013 -2.153532 1.338552 -0.0 -0.0 2e-06 -49.750233 -41.979454 -62.323109 1.608877 0.848178 127.080696 15.24176 44.423771 -26.607571 -1.485023 0.170369 2.763401 0.0 -0.0 -1e-06 
0.0 0.0 0.0 0.0 -0.0 0.0 -0.377304 38.2938 3.945728 -2.662767 -1.289554 1.446803 -2.628141 -3.207524 19.237217 -0.676308 -1.27387 4.644289 2.49835 -5.229458 16.045464 -9.247338 6.042056 -3.399645 2.381757 9.510401 -3.297921 -2.553096 11.932533 -8.460782 7.6e-05 -2.2e-05 5e-06 -0.053003 0.095806 0.024842 0.663759 -3.585551 -10.546243 -0.783575 3.788259 -10.53974 0.757083 -12.520587 3.997089 9.294405 -46.405659 -8.644346 3.365812 -80.438667 -1.854703 10.145337 3.561406 27.109245 -5.882109 9.86129 0.702591 -10.936877 -0.360576 7.156211 1e-06 8.774829 -2e-06 -16.686535 17.391117 6.372551 -1.844033 2.498505 -2.50728 -10.163605 4.678946 4.621113 -20.976036 -5e-06 5e-06 -21.226295 2.451697 -3.593998 -0.0 -6e-06 -0.0 -1.362682 2.240798 -0.746323 -21.334925 0.584908 3.008328 -13.821221 -4e-06 4e-06 -23.887182 -0.249078 -0.83948 -61.311058 2.403919 -0.351002 -0.294024 1.679688 0.833256 -14.218216 0.093212 1.300583 -34.212067 -0.287564 0.967178 -20.033226 0.964538 1.212846 -0.0 0.0 -0.0 -3.440391 0.788232 0.501656 -15.928194 -3.167312 2.999711 -6.33883 -1e-06 2e-06 -18.123457 3.648184 -4.905671 -5e-06 -0.0 -2e-06 -1.680331 26.422617 2.833268 71.196541 27.85606 -11.625523 -176.94519 69.464233 -176.503311 -26.89134 17.051384 -39.323395 2.243542 -5.255037 -3.180156 14.282889 -0.826595 6.952506 -3e-06 -12.690605 1e-06 16.20422 -17.000792 2.443962 1.665666 -1.955921 -2.8783 4.727797 -4.170586 4.993924 11.020524 3e-06 0.0 12.10905 -3.735715 -2.866783 1e-06 -1e-06 -1e-06 1.291986 -1.92855 -1.49809 14.800125 0.567469 3.865608 14.242568 -1.341737 -6.660658 19.631964 0.143924 -0.648243 50.199726 -0.813093 -5.659091 0.353029 -1.511149 -0.03194 20.222786 3.68431 2.316631 18.78727 4e-06 -1e-06 10.751627 -0.479867 1.397907 -1e-06 2e-06 -1e-06 3.273807 0.305947 -0.58011 21.486813 11.830377 2.266135 8.162928 1e-06 0.0 18.399086 -3.798986 -4.940575 4e-06 -1e-06 -1e-06 5.409754 22.231184 -117.005623 0.227219 -0.130744 125.9562 -6.202848 -0.511236 -9.94155 1.474844 -2.158592 1.291038 0.0 -0.0 2e-06 -49.854866 -42.078472 -62.302078 1.58992 0.846506 127.060005 15.133121 44.452957 -26.529293 -1.486655 0.168898 2.815523 0.0 0.0 -1e-06 
0.0 0.0 0.0 0.0 -0.0 0.0 -0.366865 38.295292 3.928314 -2.648466 -1.224208 1.462291 -2.601616 -3.209764 19.282482 -0.682005 -1.241397 4.654081 2.48942 -5.128008 16.262655 -9.410243 6.06732 -3.34122 2.27795 9.347828 -3.305615 -2.352333 11.634452 -8.305197 7.6e-05 -2.3e-05 6e-06 -0.05647 0.099276 0.02193 0.664655 -3.578013 -10.52945 -0.791225 3.78716 -10.524033 0.907101 -12.436353 3.758066 8.744298 -47.132061 -10.067049 2.88391 -80.852234 -1.327065 10.048674 3.326883 28.509916 -5.882104 9.861284 0.70259 -10.936866 -0.360575 7.156204 0.0 8.774822 -2e-06 -16.730885 17.340372 6.314289 -1.844031 2.498505 -2.507276 -10.163594 4.678944 4.621107 -20.976011 -1e-06 3e-06 -21.226273 2.451698 -3.593997 0.0 -5e-06 -1e-06 -1.362682 2.240798 -0.746323 -21.334904 0.584911 3.008323 -13.821207 0.0 2e-06 -23.887156 -0.249077 -0.839483 -61.246021 2.39816 -0.312262 -0.294025 1.679687 0.833255 -14.218201 0.093216 1.300581 -34.212036 -0.287559 0.967172 -20.033205 0.964539 1.212843 -0.0 -0.0 -0.0 -3.440388 0.788233 0.501656 -15.928181 -3.167306 2.999707 -6.338823 0.0 2e-06 -18.12344 3.648183 -4.905668 -5e-06 -0.0 -2e-06 -2.032466 26.882702 2.769238 71.996117 28.818945 -11.068866 -176.641327 68.960037 -176.255493 -27.710148 17.871904 -41.055756 2.243542 -5.255038 -3.180158 14.282895 -0.826597 6.952504 -1e-06 -12.690607 1e-06 16.163424 -16.854136 2.435291 1.665667 -1.955923 -2.878299 4.727799 -4.170587 4.993925 11.020526 -0.0 -2e-06 12.109053 -3.735717 -2.866785 1e-06 0.0 -1e-06 1.291986 -1.92855 -1.498089 14.800129 0.567466 3.865609 14.242573 -1.341739 -6.66066 19.631969 0.143923 -0.648244 50.156681 -0.792477 -5.588723 0.353029 -1.511151 -0.03194 20.222794 3.684307 2.31663 18.787279 0.0 -2e-06 10.75163 -0.47987 1.397906 1e-06 1e-06 -1e-06 3.273807 0.305946 -0.58011 21.486814 11.830373 2.266135 8.162929 -2e-06 -2e-06 18.399084 -3.798987 -4.940577 2e-06 0.0 -1e-06 5.375784 22.129444 -117.040794 0.235375 -0.133478 125.927063 -6.376215 -0.55975 -9.889046 1.470383 -2.15931 1.283676 0.0 -0.0 2e-06 -49.921856 -42.145901 -62.251984 1.577749 0.846975 127.044952 15.058581 44.510807 -26.451717 -1.487449 0.179153 2.850897 0.0 0.0 -1e-06 
0.0 0.0 0.0 0.0 -0.0 0.0 -0.372766 38.311401 3.930569 -2.655821 -1.168576 1.472432 -2.592421 -3.206714 19.352217 -0.689626 -1.208059 4.673843 2.46002 -5.052542 16.497406 -9.493405 6.082357 -3.358165 2.177358 9.218424 -3.312022 -2.17497 11.383547 -8.213192 7.7e-05 -2.2e-05 5e-06 -0.061974 0.105176 0.016882 0.662328 -3.568453 -10.515087 -0.799707 3.789097 -10.511293 1.015478 -12.366507 3.53729 7.901866 -47.771297 -11.183404 2.208674 -81.304283 -0.625573 9.985274 3.069683 29.902794 -5.882104 9.861284 0.70259 -10.936872 -0.360575 7.156207 1e-06 8.774825 -2e-06 -16.767902 17.296385 6.261135 -1.844032 2.498504 -2.507278 -10.163601 4.67894 4.621109 -20.976027 -7e-06 5e-06 -21.226292 2.451695 -3.593998 0.0 -5e-06 -1e-06 -1.362681 2.240797 -0.746323 -21.334915 0.584907 3.008324 -13.821215 -4e-06 4e-06 -23.887173 -0.249082 -0.839479 -61.167412 2.407918 -0.267733 -0.294024 1.679685 0.833256 -14.21821 0.093212 1.300581 -34.212048 -0.287568 0.967175 -20.033211 0.964536 1.212846 -1e-06 -0.0 1e-06 -3.440388 0.788233 0.501655 -15.928189 -3.167312 2.999709 -6.338829 -2e-06 1e-06 -18.123447 3.648181 -4.905668 -6e-06 -0.0 -2e-06 -2.28795 27.243423 2.731416 72.730736 29.564123 -10.539742 -176.467468 68.56636 -176.118805 -28.395468 18.609579 -42.562481 2.24354 -5.255037 -3.180157 14.282887 -0.826593 6.952503 -3e-06 -12.690603 -1e-06 16.132208 -16.761398 2.436114 1.665666 -1.955921 -2.878298 4.727797 -4.170587 4.993923 11.020524 5e-06 1e-06 12.109049 -3.735715 -2.866781 2e-06 1e-06 -1e-06 1.291985 -1.928548 -1.498089 14.800127 0.567469 3.865608 14.242566 -1.341736 -6.660655 19.63196 0.143925 -0.648244 50.092999 -0.781613 -5.526368 0.353029 -1.51115 -0.03194 20.222786 3.684311 2.316632 18.78727 6e-06 1e-06 10.751625 -0.479869 1.397908 0.0 -0.0 -1e-06 3.273805 0.305947 -0.58011 21.486809 11.830376 2.266132 8.162926 2e-06 1e-06 18.399076 -3.798985 -4.940572 3e-06 1e-06 -2e-06 5.400704 22.068317 -117.028862 0.239985 -0.129724 125.902397 -6.564698 -0.631375 -9.877096 1.467637 -2.154644 1.321784 -0.0 -0.0 2e-06 -49.94162 -42.201958 -62.172256 1.567165 0.851071 127.033607 15.001081 44.60638 -26.402218 -1.487519 0.198729 2.891411 0.0 0.0 -1e-06 
0.0 0.0 0.0 0.0 -0.0 0.0 -0.388005 38.344608 3.946633 -2.681878 -1.139413 1.487832 -2.603884 -3.189141 19.426912 -0.700085 -1.177472 4.706049 2.417851 -4.989933 16.729267 -9.524241 6.090928 -3.428452 2.088513 9.105531 -3.319927 -2.017051 11.182135 -8.189242 7.7e-05 -2.3e-05 5e-06 -0.068486 0.113175 0.011124 0.6577 -3.557081 -10.501521 -0.807893 3.793474 -10.500774 1.088193 -12.329735 3.364274 6.914064 -48.290859 -11.992799 1.657587 -81.792564 -0.08025 9.977862 2.810216 31.232143 -5.882105 9.861288 0.70259 -10.936872 -0.360576 7.156207 2e-06 8.774824 -2e-06 -16.795233 17.269716 6.219024 -1.844032 2.498504 -2.507278 -10.1636 4.678945 4.621109 -20.976027 -7e-06 2e-06 -21.226288 2.451694 -3.594 -0.0 -6e-06 -0.0 -1.362682 2.240798 -0.746323 -21.334915 0.584907 3.008323 -13.821215 -5e-06 2e-06 -23.887171 -0.249082 -0.839483 -61.067173 2.419115 -0.253359 -0.294024 1.679689 0.833256 -14.21821 0.093213 1.30058 -34.212048 -0.287568 0.967172 -20.033213 0.964536 1.212847 -1e-06 -0.0 -1e-06 -3.440388 0.788234 0.501656 -15.928189 -3.167314 2.999707 -6.338829 -1e-06 1e-06 -18.123447 3.648182 -4.905673 -6e-06 -0.0 -2e-06 -2.474438 27.515154 2.727776 73.380737 30.144627 -10.105686 -176.447433 68.271629 -176.130127 -28.958233 19.245348 -43.851753 2.243542 -5.255037 -3.180158 14.282894 -0.826594 6.952505 -2e-06 -12.690605 -0.0 16.117165 -16.71986 2.443693 1.665667 -1.95592 -2.878298 4.727798 -4.170588 4.993923 11.020528 6e-06 -1e-06 12.109054 -3.735715 -2.866784 1e-06 -0.0 -1e-06 1.291986 -1.928549 -1.498089 14.800134 0.56747 3.865609 14.242576 -1.341737 -6.660658 19.631971 0.143927 -0.648244 50.04874 -0.777779 -5.476243 0.35303 -1.51115 -0.031939 20.222795 3.68431 2.316629 18.787273 6e-06 -2e-06 10.751628 -0.479867 1.397906 2e-06 -1e-06 1e-06 3.273807 0.305948 -0.58011 21.486816 11.830379 2.266132 8.162928 1e-06 -1e-06 18.399086 -3.798982 -4.940577 3e-06 1e-06 -2e-06 5.455032 22.0613 -116.985374 0.234951 -0.117876 125.878021 -6.719775 -0.692756 -9.920635 1.466219 -2.147374 1.387225 -0.0 1e-06 2e-06 -49.890133 -42.246243 -62.108448 1.559232 0.857128 127.018089 14.954156 44.717842 -26.379044 -1.486992 0.222385 2.912277 0.0 0.0 -1e-06 
0.0 0.0 0.0 0.0 -0.0 0.0 -0.4067 38.371258 3.970532 -2.728736 -1.124475 1.508629 -2.6311 -3.168957 19.507898 -0.713919 -1.152048 4.753052 2.365344 -4.947648 16.943962 -9.526663 6.093029 -3.543963 2.026653 9.022036 -3.325224 -1.898199 11.030998 -8.239132 7.7e-05 -2.3e-05 5e-06 -0.072727 0.118576 0.009085 0.654111 -3.549839 -10.491329 -0.812505 3.796456 -10.493634 1.137607 -12.316469 3.227426 5.895401 -48.723396 -12.588954 0.93801 -82.301117 0.603335 9.999643 2.599087 32.480003 -5.88211 9.86129 0.70259 -10.936878 -0.360575 7.156212 2e-06 8.774828 -1e-06 -16.804901 17.254131 6.191542 -1.844033 2.498505 -2.507279 -10.163606 4.678945 4.621113 -20.976036 -4e-06 4e-06 -21.226297 2.451697 -3.593999 1e-06 -6e-06 -1e-06 -1.362682 2.2408 -0.746324 -21.334929 0.584908 3.008327 -13.821223 -3e-06 3e-06 -23.887184 -0.249078 -0.83948 -60.945499 2.431949 -0.272332 -0.294025 1.679688 0.833256 -14.218219 0.093213 1.300582 -34.212074 -0.287565 0.967175 -20.03323 0.964538 1.212847 -0.0 -1e-06 -0.0 -3.440391 0.788233 0.501656 -15.928196 -3.167313 2.999711 -6.338829 -1e-06 1e-06 -18.123457 3.648183 -4.905671 -5e-06 -0.0 -2e-06 -2.633981 27.718452 2.715393 73.978951 30.602888 -9.689012 -176.361328 68.07795 -176.076721 -29.440527 19.813618 -45.001793 2.243543 -5.255038 -3.180161 14.282894 -0.826595 6.952504 -0.0 -12.690607 -2e-06 16.086979 -16.720016 2.452249 1.665667 -1.955921 -2.878299 4.727799 -4.170589 4.993925 11.020528 2e-06 -2e-06 12.109055 -3.735716 -2.866787 2e-06 1e-06 1e-06 1.291986 -1.92855 -1.49809 14.800129 0.567468 3.865607 14.242573 -1.341736 -6.660663 19.631969 0.143925 -0.648246 49.994106 -0.782481 -5.461545 0.35303 -1.511151 -0.031941 20.222795 3.684311 2.31663 18.787279 4e-06 -3e-06 10.751631 -0.479868 1.397907 1e-06 0.0 1e-06 3.273809 0.305947 -0.58011 21.486816 11.830377 2.266134 8.162929 2e-06 -1e-06 18.399084 -3.798986 -4.940577 2e-06 1e-06 -1e-06 5.519518 22.08983 -116.962578 0.21936 -0.103615 125.869743 -6.847549 -0.73957 -9.974509 1.463873 -2.136164 1.44866 0.0 1e-06 2e-06 -49.802341 -42.273834 -62.062138 1.5534 0.866147 127.012627 14.905367 44.844013 -26.382877 -1.486536 0.24172 2.935587 0.0 0.0 -1e-06 
0.0 0.0 0.0 0.0 -0.0 0.0 -0.420439 38.404228 4.00485 -2.789812 -1.105484 1.527279 -2.670012 -3.156193 19.589945 -0.735062 -1.132687 4.801794 2.307562 -4.92503 17.128815 -9.502893 6.093325 -3.674313 1.976413 8.97527 -3.327649 -1.815208 10.919521 -8.357403 7.7e-05 -2.2e-05 5e-06 -0.071619 0.117243 0.009609 0.654761 -3.549666 -10.481947 -0.810621 3.792916 -10.486429 1.183531 -12.34064 3.139593 4.896244 -49.082813 -13.016438 -0.190499 -82.786568 1.699565 9.977042 2.438079 33.661713 -5.882105 9.861284 0.70259 -10.936871 -0.360573 7.156206 1e-06 8.774824 1e-06 -16.810478 17.239069 6.171392 -1.844032 2.498503 -2.507279 -10.163599 4.678946 4.62111 -20.976027 -7e-06 -1e-06 -21.226288 2.451692 -3.594001 -0.0 -6e-06 -1e-06 -1.362682 2.240798 -0.746324 -21.334913 0.584907 3.008322 -13.821215 -4e-06 0.0 -23.887175 -0.249083 -0.839482 -60.827137 2.443453 -0.297452 -0.294024 1.679687 0.833256 -14.218209 0.093214 1.300579 -34.21204 -0.287568 0.967168 -20.033209 0.964535 1.212844 -0.0 -0.0 -1e-06 -3.440388 0.788233 0.501656 -15.928189 -3.16731 2.999707 -6.338827 -2e-06 0.0 -18.123446 3.64818 -4.905671 -5e-06 -0.0 -2e-06 -2.75275 27.874287 2.714364 74.51152 30.948 -9.320274 -176.216629 67.97831 -175.950073 -29.88629 20.300489 -46.008827 2.243542 -5.255041 -3.18016 14.282898 -0.826596 6.952507 -2e-06 -12.690613 -1e-06 16.051958 -16.734335 2.45281 1.665667 -1.955923 -2.878301 4.727801 -4.170591 4.993928 11.020535 3e-06 -0.0 12.109059 -3.73572 -2.866786 2e-06 1e-06 -0.0 1.291986 -1.928551 -1.498088 14.800138 0.567469 3.865609 14.242579 -1.341738 -6.660661 19.631975 0.143927 -0.648247 49.943272 -0.78698 -5.468561 0.353029 -1.511153 -0.03194 20.222803 3.68431 2.316631 18.787285 3e-06 0.0 10.751634 -0.479869 1.397907 1e-06 -0.0 1e-06 3.273808 0.305948 -0.580112 21.486828 11.830379 2.266134 8.162933 2e-06 -2e-06 18.399092 -3.798988 -4.940577 3e-06 1e-06 -2e-06 5.57761 22.121637 -116.934517 0.194282 -0.089822 125.869812 -6.933059 -0.78259 -10.022944 1.461449 -2.131434 1.469812 0.0 -0.0 2e-06 -49.721806 -42.302101 -61.973892 1.540635 0.873249 126.993446 14.862504 45.010391 -26.341902 -1.485435 0.250101 2.94644 0.0 0.0 -1e-06 
0.0 0.0 0.0 0.0 -0.0 0.0 -0.431224 38.443695 4.050363 -2.866422 -1.07942 1.543792 -2.711234 -3.154895 19.671394 -0.759708 -1.123585 4.844603 2.244066 -4.905581 17.268574 -9.482633 6.099597 -3.808891 1.959495 8.942201 -3.319232 -1.766801 10.867546 -8.50639 7.6e-05 -2.2e-05 5e-06 -0.067029 0.111516 0.014031 0.65974 -3.555733 -10.477086 -0.806057 3.78663 -10.483823 1.235473 -12.401974 3.100243 4.03123 -49.382557 -13.269114 -1.232758 -83.212616 2.720656 9.890502 2.332094 34.756351 -5.882107 9.861286 0.70259 -10.936875 -0.360576 7.156209 3e-06 8.774829 -1e-06 -16.820438 17.22451 6.161247 -1.844033 2.498504 -2.507279 -10.163604 4.678944 4.621111 -20.976034 -7e-06 4e-06 -21.226295 2.451694 -3.593997 0.0 -6e-06 -1e-06 -1.362681 2.240798 -0.746324 -21.334925 0.584907 3.008327 -13.821221 -4e-06 3e-06 -23.887182 -0.249082 -0.839478 -60.723 2.456295 -0.306447 -0.294025 1.679687 0.833256 -14.218212 0.093213 1.300581 -34.212063 -0.287569 0.967176 -20.033218 0.964536 1.212847 -1e-06 -0.0 -0.0 -3.44039 0.788233 0.501656 -15.928192 -3.167314 2.999709 -6.338829 -1e-06 2e-06 -18.123453 3.64818 -4.905669 -4e-06 1e-06 -3e-06 -2.847985 27.990005 2.703035 75.005554 31.201698 -9.051623 -176.130417 67.955475 -175.870132 -30.282652 20.70064 -46.815792 2.243541 -5.255035 -3.180157 14.28289 -0.826595 6.952504 -5e-06 -12.690603 -1e-06 16.020384 -16.765373 2.45878 1.665665 -1.955922 -2.878298 4.727798 -4.170588 4.993926 11.020524 4e-06 1e-06 12.109052 -3.735713 -2.866783 2e-06 1e-06 0.0 1.291986 -1.928548 -1.498089 14.800125 0.567468 3.865608 14.242569 -1.341736 -6.660656 19.631962 0.143925 -0.648243 49.90593 -0.781637 -5.484816 0.353028 -1.511151 -0.03194 20.222788 3.68431 2.316632 18.787271 7e-06 1e-06 10.751626 -0.479869 1.397908 1e-06 -0.0 1e-06 3.273808 0.305949 -0.58011 21.486813 11.830376 2.266134 8.162928 1e-06 0.0 18.399078 -3.798984 -4.940572 3e-06 1e-06 -2e-06 5.650798 22.151731 -116.894089 0.171151 -0.078833 125.877632 -6.988232 -0.821381 -10.069671 1.459603 -2.127455 1.454816 0.0 -0.0 2e-06 -49.650581 -42.343369 -61.837425 1.519009 0.879018 126.962234 14.807744 45.209396 -26.30579 -1.484481 0.249838 2.955873 0.0 2e-06 -1e-06 
0.0 0.0 0.0 0.0 -0.0 0.0 -0.4479 38.487263 4.103611 -2.950379 -1.051805 1.551134 -2.752231 -3.155729 19.749825 -0.794977 -1.10006 4.887295 2.188146 -4.901026 17.370539 -9.467356 6.119509 -3.939931 1.951373 8.913518 -3.310545 -1.749614 10.84656 -8.649595 7.6e-05 -2.3e-05 5e-06 -0.059528 0.100856 0.020096 0.667986 -3.5675 -10.472364 -0.79898 3.776255 -10.48074 1.303783 -12.490288 3.071824 3.384175 -49.664635 -13.42909 -1.869278 -83.548729 3.365079 9.736451 2.288677 35.66547 -5.882107 9.861287 0.702589 -10.936872 -0.360574 7.156206 1e-06 8.774825 -0.0 -16.833883 17.202538 6.145948 -1.844033 2.498504 -2.507279 -10.163601 4.678944 4.621109 -20.976027 -4e-06 0.0 -21.226286 2.451694 -3.594002 0.0 -6e-06 -1e-06 -1.362682 2.240799 -0.746324 -21.334917 0.584908 3.008323 -13.821216 -3e-06 2e-06 -23.887171 -0.249081 -0.839484 -60.633072 2.465745 -0.301885 -0.294025 1.679687 0.833256 -14.218211 0.093214 1.30058 -34.212048 -0.287565 0.967169 -20.033216 0.964536 1.212844 -1e-06 -0.0 -0.0 -3.440389 0.788232 0.501656 -15.928189 -3.16731 2.999707 -6.338827 -1e-06 -0.0 -18.123444 3.64818 -4.905671 -4e-06 0.0 -3e-06 -2.948366 28.075315 2.704707 75.461586 31.4659 -8.936566 -176.115219 67.978561 -175.853058 -30.625664 21.033409 -47.470741 2.243541 -5.255037 -3.180157 14.282894 -0.826595 6.952508 -4e-06 -12.690607 -0.0 16.007334 -16.790363 2.450267 1.665666 -1.955921 -2.878298 4.727801 -4.170587 4.993925 11.020528 5e-06 1e-06 12.109052 -3.735714 -2.86678 1e-06 1e-06 0.0 1.291985 -1.928548 -1.498089 14.800134 0.567469 3.865611 14.242575 -1.341733 -6.660658 19.631971 0.143926 -0.648241 49.873894 -0.765219 -5.505018 0.353029 -1.511151 -0.031939 20.222801 3.684311 2.316633 18.787283 5e-06 1e-06 10.751634 -0.479869 1.397907 1e-06 -0.0 0.0 3.273807 0.305948 -0.580111 21.48682 11.830378 2.266136 8.162931 1e-06 0.0 18.399088 -3.798986 -4.940572 3e-06 1e-06 -1e-06 5.751289 22.189468 -116.828941 0.15944 -0.075382 125.888611 -7.011373 -0.859761 -10.126917 1.458807 -2.125274 1.430716 0.0 -1e-06 2e-06 -49.588943 -42.403049 -61.665245 1.49577 0.87838 126.931854 14.707011 45.420189 -26.323021 -1.484927 0.251522 2.970789 0.0 0.0 -1e-06 
0.0 0.0 0.0 0.0 -0.0 0.0 -0.467211 38.519005 4.15904 -3.034391 -1.032266 1.560735 -2.796041 -3.155492 19.823967 -0.833884 -1.060097 4.924881 2.150159 -4.907881 17.433987 -9.469808 6.162562 -4.043363 1.937577 8.856825 -3.311399 -1.746159 10.848415 -8.763064 7.7e-05 -2.2e-05 5e-06 -0.052793 0.091282 0.0253 0.676789 -3.575945 -10.461278 -0.794258 3.765427 -10.470492 1.39662 -12.575074 3.016563 2.958795 -49.973324 -13.630494 -2.631052 -83.784042 4.140612 9.525964 2.322548 36.497017 -5.882108 9.861286 0.702591 -10.936877 -0.360575 7.156209 3e-06 8.774824 -0.0 -16.851151 17.167768 6.121232 -1.844033 2.498504 -2.507279 -10.163605 4.678945 4.621111 -20.976034 -5e-06 5e-06 -21.226295 2.451698 -3.593997 -0.0 -6e-06 -1e-06 -1.362682 2.240799 -0.746324 -21.334925 0.584908 3.008326 -13.82122 -3e-06 4e-06 -23.887182 -0.249079 -0.83948 -60.552761 2.456597 -0.294317 -0.294025 1.679688 0.833256 -14.218215 0.093214 1.300582 -34.212067 -0.287567 0.967175 -20.033222 0.964536 1.212847 -1e-06 -0.0 -1e-06 -3.44039 0.788233 0.501656 -15.928194 -3.167311 2.999709 -6.338829 -0.0 1e-06 -18.123457 3.648181 -4.905669 -5e-06 0.0 -3e-06 -3.091408 28.162178 2.661413 75.872894 31.76285 -8.942729 -176.036407 68.049904 -175.786819 -30.94701 21.287958 -47.949223 2.243541 -5.255037 -3.180157 14.282898 -0.826595 6.952509 -5e-06 -12.690609 2e-06 16.03116 -16.786369 2.419131 1.665666 -1.955921 -2.878298 4.727801 -4.170589 4.993927 11.020528 4e-06 3e-06 12.109053 -3.735717 -2.86678 1e-06 0.0 0.0 1.291986 -1.92855 -1.498089 14.800138 0.567468 3.865612 14.242577 -1.341737 -6.660655 19.631975 0.143925 -0.648243 49.827305 -0.752345 -5.513862 0.353029 -1.511152 -0.031939 20.222801 3.68431 2.316635 18.787283 4e-06 3e-06 10.751634 -0.479869 1.397907 1e-06 -0.0 -1e-06 3.273808 0.305947 -0.580109 21.486824 11.830379 2.266138 8.16293 0.0 1e-06 18.39909 -3.798988 -4.940573 3e-06 1e-06 -1e-06 5.871901 22.229164 -116.776138 0.150494 -0.074969 125.9123 -6.979097 -0.883017 -10.16618 1.45851 -2.124189 1.417271 0.0 -0.0 2e-06 -49.536942 -42.472103 -61.505795 1.473841 0.874943 126.915329 14.585787 45.605415 -26.367605 -1.486606 0.255065 2.96007 0.0 0.0 -1e-06 
0.0 0.0 0.0 0.0 -0.0 0.0 -0.480428 38.547878 4.205533 -3.112212 -1.009179 1.555634 -2.839395 -3.151021 19.900175 -0.867573 -1.01231 4.96065 2.123914 -4.921917 17.477423 -9.487467 6.235911 -4.092297 1.915819 8.769424 -3.323179 -1.76878 10.860557 -8.84777 7.7e-05 -2.3e-05 5e-06 -0.047269 0.082448 0.028933 0.684939 -3.582403 -10.447061 -0.791406 3.754214 -10.455664 1.523878 -12.647299 2.930789 2.754758 -50.314709 -13.996531 -3.89151 -83.961388 5.417269 9.267227 2.475687 37.301949 -5.882106 9.861284 0.70259 -10.936875 -0.360575 7.156208 2e-06 8.774825 -1e-06 -16.889435 17.134115 6.08043 -1.844033 2.498504 -2.507279 -10.163601 4.678942 4.621109 -20.976027 -4e-06 3e-06 -21.22629 2.451695 -3.594002 1e-06 -6e-06 -0.0 -1.362682 2.240798 -0.746324 -21.334915 0.584907 3.008322 -13.821218 -5e-06 3e-06 -23.887175 -0.249081 -0.839481 -60.525127 2.435693 -0.284768 -0.294025 1.679688 0.833256 -14.218212 0.093215 1.30058 -34.212063 -0.287567 0.967171 -20.033218 0.964536 1.212845 -1e-06 -0.0 0.0 -3.440389 0.788232 0.501656 -15.928189 -3.167311 2.999707 -6.338827 -1e-06 0.0 -18.123446 3.64818 -4.905671 -4e-06 0.0 -3e-06 -3.292323 28.267193 2.554703 76.227356 32.106224 -9.05194 -175.89119 68.147125 -175.660599 -31.247463 21.48263 -48.292988 2.243541 -5.255037 -3.180157 14.282896 -0.826595 6.952505 -4e-06 -12.690609 -0.0 16.08823 -16.759146 2.369497 1.665667 -1.955922 -2.878298 4.727799 -4.170588 4.993925 11.020533 5e-06 1e-06 12.109055 -3.735715 -2.866783 1e-06 0.0 -0.0 1.291986 -1.92855 -1.498089 14.800134 0.567469 3.865611 14.242576 -1.341738 -6.660657 19.631973 0.143925 -0.648243 49.750183 -0.750533 -5.508661 0.353029 -1.51115 -0.031941 20.222797 3.684309 2.316631 18.787279 4e-06 -0.0 10.751631 -0.479868 1.397908 0.0 -0.0 -1e-06 3.273808 0.305947 -0.58011 21.48682 11.830379 2.266137 8.16293 0.0 0.0 18.399088 -3.798986 -4.940573 3e-06 1e-06 -2e-06 5.989206 22.244806 -116.713821 0.144865 -0.079711 125.932434 -6.914345 -0.879675 -10.185746 1.457615 -2.128206 1.419118 0.0 -0.0 2e-06 -49.500999 -42.540787 -61.34391 1.455346 0.872162 126.89444 14.480184 45.758106 -26.399601 -1.488618 0.261344 2.939231 0.0 0.0 -1e-06 
0.0 0.0 0.0 0.0 -0.0 0.0 -0.484701 38.581745 4.239432 -3.176769 -0.977788 1.543486 -2.882797 -3.141947 19.96837 -0.889441 -0.970652 4.987685 2.099781 -4.936632 17.519318 -9.532631 6.323943 -4.088811 1.887962 8.679429 -3.33293 -1.80578 10.870633 -8.921987 7.7e-05 -2.2e-05 4e-06 -0.043953 0.075345 0.031866 0.689354 -3.587785 -10.433237 -0.789359 3.745764 -10.440311 1.663578 -12.718606 2.831228 2.790303 -50.661617 -14.517892 -5.289937 -84.076393 6.847979 8.977195 2.717463 38.107983 -5.882107 9.86129 0.70259 -10.936877 -0.360579 7.156211 4e-06 8.774828 -1e-06 -16.943224 17.126162 6.037715 -1.844033 2.498505 -2.50728 -10.163604 4.678946 4.62111 -20.976038 -7e-06 4e-06 -21.226295 2.451693 -3.594 -1e-06 -6e-06 -0.0 -1.362682 2.240798 -0.746324 -21.334925 0.584902 3.008326 -13.82122 -6e-06 3e-06 -23.887184 -0.249084 -0.839479 -60.547348 2.409175 -0.26223 -0.294024 1.679688 0.833256 -14.218216 0.093211 1.300581 -34.21207 -0.287574 0.967177 -20.033226 0.964534 1.212849 0.0 0.0 1e-06 -3.44039 0.788233 0.501656 -15.928198 -3.167316 2.99971 -6.338829 -2e-06 1e-06 -18.123451 3.648177 -4.90567 -5e-06 0.0 -1e-06 -3.549002 28.390432 2.390254 76.517113 32.490658 -9.287635 -175.776047 68.278389 -175.58905 -31.516386 21.643759 -48.492916 2.243542 -5.255037 -3.180159 14.2829 -0.826594 6.952508 -4e-06 -12.690609 2e-06 16.132807 -16.726509 2.339057 1.665666 -1.955922 -2.8783 4.727802 -4.17059 4.993926 11.020532 3e-06 1e-06 12.109057 -3.735717 -2.866782 2e-06 1e-06 0.0 1.291984 -1.928549 -1.49809 14.800136 0.567469 3.865609 14.242579 -1.341735 -6.660659 19.631981 0.143927 -0.648242 49.670971 -0.761831 -5.49112 0.353028 -1.511152 -0.031941 20.222801 3.684311 2.316634 18.787283 5e-06 0.0 10.751634 -0.479868 1.397905 0.0 -1e-06 1e-06 3.27381 0.305948 -0.580109 21.486824 11.830379 2.266135 8.162933 1e-06 0.0 18.399092 -3.798987 -4.940575 2e-06 1e-06 -2e-06 6.071841 22.23908 -116.646614 0.14436 -0.087065 125.93705 -6.839992 -0.866924 -10.189588 1.458367 -2.138901 1.433364 -0.0 -0.0 2e-06 -49.476624 -42.609463 -61.186523 1.440173 0.869958 126.859634 14.392647 45.866966 -26.418262 -1.489135 0.261573 2.913266 0.0 2e-06 -1e-06 
0.0 0.0 0.0 0.0 -0.0 0.0 -0.486705 38.600132 4.257195 -3.220854 -0.938104 1.520875 -2.927984 -3.131324 20.033913 -0.898184 -0.947169 5.011066 2.073076 -4.933559 17.556858 -9.600246 6.408203 -4.039071 1.839256 8.618263 -3.341208 -1.828812 10.860861 -8.958753 7.7e-05 -2.3e-05 5e-06 -0.04444 0.074776 0.034687 0.688955 -3.586739 -10.423532 -0.790138 3.744008 -10.427567 1.805779 -12.797206 2.738305 3.05053 -50.993477 -15.164258 -6.553879 -84.115997 8.164995 8.700351 2.99582 38.909466 -5.882106 9.861284 0.702591 -10.936873 -0.360576 7.156206 2e-06 8.774826 -0.0 -17.02639 17.151451 5.996011 -1.844032 2.498504 -2.507278 -10.1636 4.678943 4.621109 -20.976027 -6e-06 4e-06 -21.226288 2.451695 -3.593998 -1e-06 -6e-06 -0.0 -1.362681 2.240798 -0.746323 -21.334917 0.584908 3.008323 -13.821218 -4e-06 3e-06 -23.887175 -0.24908 -0.839482 -60.620983 2.386129 -0.237389 -0.294025 1.679688 0.833256 -14.21821 0.093213 1.30058 -34.212051 -0.287567 0.967172 -20.033215 0.964537 1.212843 -0.0 0.0 -1e-06 -3.440389 0.788233 0.501656 -15.928187 -3.16731 2.999707 -6.338826 -1e-06 1e-06 -18.123444 3.64818 -4.905669 -5e-06 1e-06 -2e-06 -3.837582 28.541702 2.167803 76.730637 32.88681 -9.618626 -175.660431 68.457214 -175.53389 -31.70985 21.777811 -48.590874 2.243541 -5.25504 -3.180159 14.282896 -0.826596 6.952506 -2e-06 -12.690608 -0.0 16.140104 -16.68646 2.348591 1.665667 -1.955922 -2.878299 4.727801 -4.170589 4.993927 11.020531 3e-06 -1e-06 12.109056 -3.735717 -2.866783 1e-06 0.0 0.0 1.291986 -1.92855 -1.498089 14.800136 0.567469 3.865609 14.242577 -1.341738 -6.660657 19.631975 0.143926 -0.648244 49.583031 -0.778743 -5.459492 0.353029 -1.51115 -0.031939 20.222801 3.684311 2.316633 18.787283 3e-06 -1e-06 10.751633 -0.47987 1.397907 0.0 -1e-06 1e-06 3.273807 0.305947 -0.580109 21.486826 11.830379 2.266135 8.162931 1e-06 -1e-06 18.399092 -3.798987 -4.940574 3e-06 0.0 -3e-06 6.120511 22.215328 -116.602135 0.143349 -0.093639 125.937943 -6.754426 -0.837475 -10.171404 1.460531 -2.154197 1.458665 -0.0 -0.0 2e-06 -49.486866 -42.658028 -61.04895 1.429789 0.869386 126.837708 14.316679 45.961258 -26.439035 -1.487933 0.253719 2.872618 0.0 0.0 -1e-06 
0.0 0.0 0.0 0.0 -0.0 0.0 -0.481335 38.588531 4.261222 -3.242114 -0.887371 1.489959 -2.972548 -3.122249 20.096972 -0.899758 -0.93401 5.036457 2.040224 -4.921007 17.580536 -9.688351 6.491582 -3.964419 1.788127 8.585969 -3.34643 -1.843024 10.828476 -8.97563 7.7e-05 -2.2e-05 5e-06 -0.048011 0.079385 0.037135 0.686108 -3.582087 -10.421521 -0.794716 3.748862 -10.422971 1.943222 -12.894953 2.647171 3.475362 -51.309402 -15.873169 -7.381172 -84.079369 9.050987 8.420871 3.293195 39.65839 -5.882108 9.861289 0.70259 -10.936879 -0.360577 7.156213 4e-06 8.77483 -1e-06 -17.107323 17.191214 5.95616 -1.844033 2.498506 -2.50728 -10.163608 4.678944 4.621114 -20.97604 -1e-05 6e-06 -21.226301 2.451694 -3.593999 0.0 -6e-06 -0.0 -1.362682 2.240798 -0.746324 -21.33493 0.584904 3.008328 -13.821224 -6e-06 5e-06 -23.88719 -0.249083 -0.839477 -60.68121 2.375458 -0.225135 -0.294024 1.679687 0.833256 -14.218221 0.09321 1.300583 -34.212078 -0.28757 0.967181 -20.033232 0.964536 1.212851 -0.0 -0.0 0.0 -3.440391 0.788231 0.501656 -15.928201 -3.167316 2.999712 -6.338831 -2e-06 1e-06 -18.123459 3.64818 -4.905669 -4e-06 1e-06 -3e-06 -4.119998 28.712807 1.923372 76.855408 33.299999 -10.017521 -175.538986 68.654861 -175.465454 -31.808666 21.858778 -48.479534 2.243543 -5.25504 -3.180159 14.282905 -0.826599 6.952508 -2e-06 -12.690616 0.0 16.109018 -16.658131 2.376449 1.665667 -1.955923 -2.878301 4.727805 -4.170592 4.993927 11.020538 3e-06 1e-06 12.109062 -3.73572 -2.866784 1e-06 0.0 1e-06 1.291986 -1.928551 -1.49809 14.800142 0.567469 3.865611 14.242585 -1.341739 -6.66066 19.631985 0.143924 -0.648243 49.486752 -0.804485 -5.419852 0.35303 -1.511152 -0.031939 20.222805 3.684308 2.316632 18.787291 2e-06 1e-06 10.751637 -0.47987 1.397908 1e-06 -1e-06 1e-06 3.273809 0.305945 -0.580111 21.486834 11.830384 2.266135 8.162937 1e-06 -0.0 18.399107 -3.79899 -4.94058 3e-06 1e-06 -1e-06 6.13541 22.160072 -116.604263 0.141491 -0.099864 125.952408 -6.675099 -0.811363 -10.11026 1.463153 -2.170292 1.473885 -0.0 -0.0 2e-06 -49.558414 -42.698059 -60.930172 1.429585 0.870178 126.835915 14.261864 46.046459 -26.444618 -1.485102 0.24084 2.813393 0.0 0.0 -1e-06 
0.0 0.0 0.0 0.0 -0.0 0.0 -0.467986 38.551979 4.252208 -3.248778 -0.837985 1.450828 -3.01253 -3.1162 20.145966 -0.905049 -0.923252 5.058881 2.00295 -4.911236 17.606447 -9.790147 6.584611 -3.907106 1.750367 8.566339 -3.343388 -1.84902 10.791536 -8.966369 7.7e-05 -2.3e-05 5e-06 -0.052725 0.085714 0.040448 0.681112 -3.578085 -10.423369 -0.79948 3.758045 -10.423539 2.057391 -12.9987 2.574874 3.993572 -51.608032 -16.570847 -7.457519 -83.977997 9.172354 8.121092 3.620299 40.287006 -5.882108 9.861288 0.702591 -10.936875 -0.360575 7.156207 2e-06 8.774828 -1e-06 -17.168447 17.22518 5.92715 -1.844033 2.498505 -2.507279 -10.163603 4.678946 4.62111 -20.976032 -6e-06 3e-06 -21.226297 2.451696 -3.594001 -0.0 -7e-06 -1e-06 -1.362682 2.240799 -0.746324 -21.334923 0.58491 3.008323 -13.821219 -3e-06 2e-06 -23.88718 -0.24908 -0.839483 -60.710621 2.374957 -0.205269 -0.294025 1.67969 0.833256 -14.218214 0.093214 1.30058 -34.212067 -0.287566 0.967171 -20.033226 0.964536 1.212844 0.0 -0.0 1e-06 -3.440389 0.788235 0.501656 -15.928192 -3.16731 2.999707 -6.338827 -1e-06 1e-06 -18.123453 3.648183 -4.905671 -5e-06 0.0 -2e-06 -4.365759 28.88875 1.71125 76.896179 33.731667 -10.445468 -175.42662 68.853127 -175.375061 -31.835585 21.867115 -48.249775 2.243542 -5.255036 -3.180158 14.282894 -0.826594 6.952507 -3e-06 -12.690603 -1e-06 16.048433 -16.647791 2.41615 1.665668 -1.955921 -2.878299 4.727799 -4.170587 4.993926 11.020528 3e-06 -1e-06 12.109053 -3.735716 -2.866784 1e-06 1e-06 -1e-06 1.291986 -1.928549 -1.49809 14.800129 0.567468 3.865611 14.242572 -1.341736 -6.660661 19.631969 0.143928 -0.648244 49.404591 -0.832666 -5.380906 0.353029 -1.511152 -0.03194 20.222792 3.684311 2.316631 18.787279 6e-06 -1e-06 10.751629 -0.479867 1.397909 0.0 -1e-06 2e-06 3.273807 0.305949 -0.580111 21.486816 11.830376 2.266138 8.162929 3e-06 -0.0 18.39908 -3.798985 -4.940571 3e-06 1e-06 -1e-06 6.126039 22.088451 -116.643845 0.137457 -0.105049 125.979576 -6.580969 -0.792767 -10.01853 1.465281 -2.184691 1.463171 -0.0 -0.0 2e-06 -49.673073 -42.74704 -60.839127 1.436724 0.868301 126.84951 14.251534 46.141407 -26.39789 -1.482839 0.229597 2.757292 0.0 0.0 -1e-06 
0.0 0.0 0.0 0.0 -0.0 0.0 -0.461874 38.503761 4.243119 -3.24764 -0.789971 1.415161 -3.047838 -3.110211 20.1735 -0.915563 -0.914099 5.074516 1.967696 -4.907997 17.634119 -9.882516 6.676164 -3.866693 1.736369 8.541465 -3.335063 -1.881881 10.774114 -8.953997 7.7e-05 -2.3e-05 6e-06 -0.054881 0.086999 0.044937 0.679229 -3.579926 -10.427276 -0.802321 3.762876 -10.427495 2.163073 -13.105044 2.518313 4.438035 -51.881886 -17.241327 -7.353255 -83.830513 9.094226 7.810695 3.956269 40.757412 -5.882105 9.861284 0.70259 -10.936874 -0.360579 7.156208 3e-06 8.774827 -0.0 -17.192759 17.256371 5.909923 -1.844033 2.498504 -2.507279 -10.163602 4.678943 4.621109 -20.976027 -7e-06 2e-06 -21.226288 2.451692 -3.593999 -0.0 -6e-06 -1e-06 -1.362682 2.240798 -0.746324 -21.334917 0.584906 3.008323 -13.821217 -5e-06 2e-06 -23.887178 -0.249083 -0.839481 -60.718025 2.388123 -0.190623 -0.294024 1.679687 0.833256 -14.218212 0.093213 1.30058 -34.212048 -0.287569 0.967172 -20.033215 0.964535 1.212844 0.0 0.0 -1e-06 -3.440389 0.788233 0.501655 -15.928189 -3.167313 2.999707 -6.338829 -1e-06 1e-06 -18.123447 3.64818 -4.90567 -4e-06 1e-06 -2e-06 -4.551506 29.042166 1.549001 76.857651 34.152843 -10.841928 -175.276169 69.035301 -175.237747 -31.812046 21.816978 -47.907532 2.243539 -5.255037 -3.180158 14.282894 -0.826592 6.952506 -6e-06 -12.690607 1e-06 16.007748 -16.650585 2.45218 1.665667 -1.95592 -2.878299 4.727798 -4.170588 4.993926 11.020529 5e-06 1e-06 12.109053 -3.735714 -2.866781 1e-06 0.0 0.0 1.291985 -1.928549 -1.49809 14.800132 0.56747 3.865609 14.242574 -1.341732 -6.660656 19.631969 0.143927 -0.64824 49.3745 -0.856581 -5.347503 0.353028 -1.511152 -0.03194 20.222797 3.684314 2.316632 18.787275 8e-06 2e-06 10.75163 -0.479868 1.397907 1e-06 -1e-06 1e-06 3.273808 0.305948 -0.58011 21.48682 11.83038 2.266134 8.16293 2e-06 -0.0 18.399084 -3.798984 -4.940572 3e-06 0.0 -2e-06 6.11579 22.022625 -116.701981 0.130588 -0.109453 126.013046 -6.515422 -0.788645 -9.92774 1.465812 -2.19802 1.453633 -0.0 -0.0 2e-06 -49.807911 -42.81459 -60.75808 1.445394 0.862228 126.882309 14.233885 46.245239 -26.357983 -1.479995 0.220458 2.746667 0.0 0.0 -1e-06 
0.0 0.0 0.0 0.0 -0.0 0.0 -0.457741 38.459534 4.23427 -3.239811 -0.731345 1.383166 -3.084671 -3.109765 20.194693 -0.923231 -0.912975 5.083207 1.92879 -4.911612 17.658731 -9.955845 6.759155 -3.851538 1.731818 8.510439 -3.325099 -1.926155 10.790306 -8.957305 7.7e-05 -2.3e-05 5e-06 -0.057908 0.089433 0.048829 0.677264 -3.580812 -10.428521 -0.806682 3.768603 -10.429739 2.257291 -13.235137 2.487235 4.751479 -52.120003 -17.850306 -7.110888 -83.634254 8.884485 7.52135 4.241467 41.077091 -5.88211 9.861292 0.70259 -10.936882 -0.360577 7.156211 3e-06 8.774832 -2e-06 -17.216997 17.286211 5.896342 -1.844034 2.498505 -2.50728 -10.163609 4.678944 4.621111 -20.976044 -1.1e-05 2e-06 -21.226305 2.451693 -3.594002 -1e-06 -7e-06 -0.0 -1.362683 2.240799 -0.746324 -21.33493 0.584904 3.008325 -13.821226 -6e-06 3e-06 -23.887192 -0.249083 -0.83948 -60.720314 2.395116 -0.189322 -0.294025 1.679689 0.833256 -14.218223 0.093212 1.30058 -34.212082 -0.287573 0.967174 -20.033232 0.964533 1.212848 -1e-06 -0.0 -1e-06 -3.440392 0.788234 0.501656 -15.928201 -3.167316 2.999709 -6.338831 -2e-06 0.0 -18.123461 3.64818 -4.905674 -4e-06 1e-06 -2e-06 -4.68002 29.168999 1.427629 76.761688 34.539284 -11.225745 -175.187897 69.199722 -175.14267 -31.750025 21.744921 -47.589909 2.243541 -5.255041 -3.180158 14.282904 -0.826591 6.952509 -6e-06 -12.690613 -1e-06 15.987378 -16.658195 2.483627 1.665666 -1.955922 -2.878301 4.727801 -4.17059 4.993929 11.020537 6e-06 1e-06 12.10906 -3.735717 -2.866783 1e-06 0.0 0.0 1.291985 -1.928551 -1.49809 14.800144 0.567472 3.865613 14.242582 -1.341735 -6.660659 19.631985 0.143928 -0.64824 49.399704 -0.871657 -5.33095 0.353028 -1.51115 -0.03194 20.222811 3.684319 2.316633 18.787289 7e-06 3e-06 10.751638 -0.479867 1.397908 0.0 -1e-06 1e-06 3.273811 0.305948 -0.580109 21.486839 11.830389 2.266136 8.162937 4e-06 -0.0 18.399099 -3.798985 -4.940576 4e-06 0.0 -3e-06 6.095615 21.946577 -116.758766 0.128485 -0.117626 126.039406 -6.437024 -0.773434 -9.860185 1.466137 -2.208165 1.478153 0.0 -0.0 2e-06 -49.948154 -42.90617 -60.668697 1.453793 0.861885 126.91333 14.217417 46.360458 -26.300386 -1.476475 0.213228 2.762692 0.0 0.0 -1e-06 
0.0 0.0 0.0 0.0 -0.0 0.0 -0.46298 38.413006 4.22285 -3.229087 -0.674415 1.354178 -3.125664 -3.110572 20.211111 -0.929829 -0.924746 5.096576 1.882916 -4.920344 17.689213 -10.012203 6.818566 -3.870324 1.750125 8.503736 -3.312831 -1.969954 10.847015 -8.980276 7.7e-05 -2.3e-05 6e-06 -0.063393 0.096498 0.050513 0.672804 -3.577431 -10.42975 -0.813468 3.779182 -10.43117 2.338438 -13.38558 2.486316 4.862134 -52.331669 -18.317635 -6.347949 -83.386215 8.163786 7.288441 4.436747 41.251293 -5.882103 9.861281 0.70259 -10.936872 -0.360575 7.156206 2e-06 8.774822 -1e-06 -17.25387 17.310385 5.891259 -1.844032 2.498504 -2.507277 -10.163597 4.678944 4.621108 -20.976023 -5e-06 4e-06 -21.226286 2.451693 -3.593998 -1e-06 -7e-06 -1e-06 -1.362681 2.240795 -0.746323 -21.334913 0.584907 3.008324 -13.821214 -4e-06 4e-06 -23.887167 -0.24908 -0.83948 -60.748775 2.403672 -0.195995 -0.294025 1.679687 0.833256 -14.218207 0.093213 1.300581 -34.212044 -0.287567 0.967173 -20.033211 0.964535 1.212845 -0.0 0.0 0.0 -3.440388 0.788232 0.501656 -15.928185 -3.167311 2.999707 -6.338824 -0.0 1e-06 -18.123442 3.64818 -4.905667 -4e-06 -0.0 -2e-06 -4.749126 29.262184 1.340896 76.622055 34.873745 -11.570422 -175.126602 69.344917 -175.071289 -31.645834 21.690344 -47.334106 2.243541 -5.255037 -3.180157 14.282893 -0.826596 6.952502 -3e-06 -12.690606 1e-06 15.97733 -16.668907 2.515091 1.665667 -1.95592 -2.878299 4.7278 -4.170587 4.993923 11.020529 2e-06 -0.0 12.109053 -3.735717 -2.866781 1e-06 0.0 -1e-06 1.291985 -1.92855 -1.49809 14.800129 0.567468 3.865607 14.242574 -1.341736 -6.660657 19.631969 0.143926 -0.648245 49.476772 -0.871567 -5.331363 0.353027 -1.511152 -0.031939 20.222794 3.684309 2.31663 18.787273 5e-06 -1e-06 10.751629 -0.479867 1.397905 1e-06 -1e-06 -0.0 3.273807 0.305946 -0.580111 21.486818 11.830377 2.266133 8.16293 2e-06 -2e-06 18.399088 -3.798985 -4.940577 3e-06 1e-06 -2e-06 6.064284 21.894905 -116.826141 0.128784 -0.125653 126.06031 -6.354692 -0.755888 -9.822751 1.466557 -2.21365 1.51592 0.0 -1e-06 2e-06 -50.068909 -43.01038 -60.602768 1.46184 0.871345 126.958084 14.17817 46.502579 -26.269987 -1.473086 0.207339 2.794321 0.0 0.0 -1e-06 
0.0 0.0 0.0 0.0 -0.0 0.0 -0.483061 38.353825 4.216518 -3.217456 -0.629086 1.329797 -3.172149 -3.121284 20.225685 -0.941102 -0.931438 5.119129 1.826494 -4.946421 17.721107 -10.037591 6.852364 -3.914794 1.773753 8.531389 -3.303786 -2.000792 10.915208 -9.022471 7.7e-05 -2.3e-05 5e-06 -0.067996 0.104222 0.051287 0.667527 -3.572942 -10.432068 -0.817538 3.789716 -10.432907 2.400674 -13.521379 2.497444 4.712638 -52.553337 -18.703074 -6.012024 -83.104401 7.842762 7.124814 4.538393 41.32655 -5.882109 9.861292 0.702591 -10.936881 -0.360576 7.156211 4e-06 8.774828 0.0 -17.288841 17.339502 5.891655 -1.844034 2.498507 -2.50728 -10.163605 4.678946 4.621112 -20.97604 -6e-06 3e-06 -21.226301 2.451695 -3.594002 -0.0 -6e-06 -0.0 -1.362682 2.2408 -0.746324 -21.33493 0.584906 3.008325 -13.821225 -4e-06 2e-06 -23.887192 -0.249082 -0.839482 -60.801445 2.432172 -0.221902 -0.294025 1.679689 0.833257 -14.218219 0.093213 1.30058 -34.21207 -0.287571 0.967172 -20.033226 0.964535 1.212847 -0.0 -0.0 0.0 -3.440391 0.788234 0.501656 -15.928201 -3.167313 2.999709 -6.338831 -1e-06 0.0 -18.123459 3.648182 -4.905673 -5e-06 2e-06 -2e-06 -4.745319 29.321541 1.30524 76.429977 35.147011 -11.837316 -175.050629 69.438789 -174.997009 -31.485291 21.631025 -46.99543 2.243541 -5.255039 -3.18016 14.282904 -0.826594 6.952509 -4e-06 -12.690616 1e-06 15.963749 -16.678909 2.543868 1.665668 -1.95592 -2.8783 4.727803 -4.170591 4.993929 11.020536 5e-06 1e-06 12.10906 -3.735718 -2.866782 1e-06 1e-06 0.0 1.291986 -1.92855 -1.498091 14.800142 0.567471 3.865613 14.242584 -1.341734 -6.660661 19.631985 0.143929 -0.648243 49.580128 -0.851531 -5.345771 0.353029 -1.511153 -0.031939 20.222811 3.684317 2.316633 18.787289 6e-06 2e-06 10.751636 -0.479869 1.397909 1e-06 -1e-06 -0.0 3.273808 0.305946 -0.580112 21.486834 11.830389 2.266136 8.162934 2e-06 -0.0 18.399097 -3.798986 -4.940575 3e-06 1e-06 -2e-06 6.034536 21.887148 -116.915001 0.125326 -0.129835 126.092476 -6.274083 -0.757043 -9.773756 1.465123 -2.216332 1.536696 0.0 -1e-06 2e-06 -50.1856 -43.103462 -60.558048 1.459282 0.890259 127.031548 14.093249 46.684612 -26.268137 -1.470813 0.202281 2.804791 0.0 0.0 -1e-06 
0.0 0.0 0.0 0.0 -0.0 0.0 -0.512063 38.288902 4.21774 -3.200073 -0.590169 1.309307 -3.224684 -3.136944 20.241522 -0.956449 -0.943213 5.146695 1.754665 -4.987179 17.750916 -10.032511 6.866694 -3.984014 1.811581 8.585217 -3.291902 -2.02942 10.992865 -9.08609 7.7e-05 -2.3e-05 5e-06 -0.067866 0.105427 0.053491 0.66747 -3.574207 -10.432427 -0.817338 3.793028 -10.433034 2.435273 -13.651628 2.521562 4.264637 -52.785633 -19.007614 -6.116919 -82.820694 7.918113 7.020444 4.532062 41.392078 -5.882109 9.861288 0.702591 -10.936876 -0.360577 7.156209 1e-06 8.774826 0.0 -17.313835 17.353971 5.891356 -1.844033 2.498505 -2.507279 -10.163605 4.678946 4.621111 -20.976034 -2e-06 2e-06 -21.226299 2.451697 -3.594003 -0.0 -6e-06 1e-06 -1.362682 2.240801 -0.746324 -21.334925 0.584911 3.008324 -13.821221 -1e-06 1e-06 -23.887178 -0.249079 -0.839483 -60.828335 2.458128 -0.24978 -0.294025 1.679688 0.833256 -14.218215 0.093214 1.300581 -34.212067 -0.287566 0.967171 -20.033218 0.964537 1.212845 -0.0 -0.0 0.0 -3.44039 0.788234 0.501656 -15.928192 -3.16731 2.999707 -6.338829 0.0 0.0 -18.123453 3.648182 -4.905673 -4e-06 1e-06 -3e-06 -4.698851 29.348825 1.29451 76.206604 35.329185 -12.02527 -175.014023 69.469055 -174.980881 -31.282505 21.580814 -46.430199 2.243541 -5.255036 -3.180157 14.282894 -0.826594 6.952507 -4e-06 -12.690606 1e-06 15.961332 -16.698326 2.547872 1.665666 -1.955922 -2.878299 4.727799 -4.170588 4.993925 11.020529 4e-06 1e-06 12.109054 -3.735716 -2.866782 1e-06 0.0 -1e-06 1.291984 -1.92855 -1.498088 14.800132 0.567469 3.865609 14.242571 -1.341735 -6.660654 19.631969 0.143927 -0.648243 49.691715 -0.827185 -5.37729 0.353028 -1.51115 -0.03194 20.222797 3.68431 2.316632 18.787275 5e-06 2e-06 10.75163 -0.47987 1.397908 1e-06 -1e-06 1e-06 3.273807 0.305946 -0.580111 21.486818 11.830376 2.266136 8.16293 1e-06 -1e-06 18.399086 -3.798986 -4.940573 3e-06 1e-06 -1e-06 5.998317 21.907518 -117.01255 0.118998 -0.131227 126.133759 -6.211359 -0.758143 -9.709961 1.463178 -2.21941 1.523384 0.0 -0.0 2e-06 -50.317787 -43.174206 -60.51075 1.445984 0.912054 127.119698 13.965743 46.885483 -26.291168 -1.470356 0.197824 2.784853 0.0 0.0 -1e-06 
0.0 0.0 0.0 0.0 -0.0 0.0 -0.545576 38.231869 4.227398 -3.189409 -0.56022 1.29038 -3.274472 -3.154863 20.251875 -0.977968 -0.968357 5.171465 1.66313 -5.02952 17.797264 -9.991117 6.851109 -4.063656 1.856385 8.674819 -3.283527 -2.068118 11.078546 -9.157895 7.7e-05 -2.3e-05 6e-06 -0.063028 0.097219 0.057609 0.67183 -3.584052 -10.429453 -0.812114 3.786051 -10.429922 2.444538 -13.774646 2.580534 3.533485 -53.023106 -19.24441 -6.411334 -82.584579 8.170238 6.990318 4.446724 41.522751 -5.882108 9.861286 0.702591 -10.936877 -0.360574 7.156208 2e-06 8.774826 1e-06 -17.317081 17.330248 5.873775 -1.844033 2.498503 -2.507279 -10.163603 4.678946 4.62111 -20.976034 -3e-06 1e-06 -21.226297 2.451695 -3.594002 -1e-06 -7e-06 -1e-06 -1.362682 2.240798 -0.746324 -21.334923 0.584909 3.008323 -13.82122 -2e-06 2e-06 -23.88718 -0.24908 -0.839484 -60.802883 2.466731 -0.268693 -0.294025 1.679687 0.833256 -14.218215 0.093214 1.30058 -34.212067 -0.287566 0.96717 -20.033222 0.964536 1.212846 -1e-06 0.0 -0.0 -3.44039 0.788233 0.501656 -15.928194 -3.167311 2.999707 -6.338829 -1e-06 0.0 -18.123455 3.648183 -4.905672 -5e-06 -0.0 -2e-06 -4.61664 29.323406 1.350146 75.957741 35.464123 -12.124549 -174.985641 69.458435 -174.981934 -31.049736 21.582035 -45.628853 2.24354 -5.255037 -3.180156 14.282892 -0.826595 6.952504 -5e-06 -12.690607 0.0 15.95847 -16.732531 2.524776 1.665667 -1.955921 -2.878297 4.7278 -4.170588 4.993927 11.020528 2e-06 1e-06 12.109052 -3.735715 -2.86678 1e-06 0.0 -1e-06 1.291985 -1.92855 -1.498089 14.800134 0.56747 3.865609 14.242571 -1.341735 -6.660655 19.631969 0.143926 -0.64824 49.811188 -0.807303 -5.431866 0.353029 -1.511149 -0.031939 20.222794 3.684313 2.316633 18.78727 6e-06 4e-06 10.751628 -0.479869 1.397909 1e-06 -1e-06 0.0 3.273808 0.305949 -0.58011 21.486818 11.830379 2.266135 8.162928 1e-06 2e-06 18.39908 -3.798985 -4.940572 3e-06 1e-06 -2e-06 5.963996 21.965063 -117.097435 0.123165 -0.134933 126.17646 -6.178978 -0.76799 -9.656559 1.461209 -2.223626 1.499095 0.0 -0.0 2e-06 -50.436977 -43.222404 -60.452808 1.43188 0.926543 127.205032 13.80864 47.06078 -26.349813 -1.472973 0.201774 2.761955 0.0 1e-06 -1e-06 
0.0 0.0 0.0 0.0 -0.0 0.0 -0.579738 38.186615 4.235595 -3.192587 -0.533935 1.272322 -3.315231 -3.180079 20.265911 -1.005514 -0.992755 5.188449 1.563139 -5.087417 17.850393 -9.92374 6.820472 -4.132415 1.906099 8.776079 -3.273638 -2.135402 11.187946 -9.255724 7.7e-05 -2.3e-05 6e-06 -0.055351 0.083935 0.061077 0.678632 -3.59664 -10.421449 -0.803736 3.771936 -10.420546 2.436292 -13.883664 2.671366 2.481477 -53.25164 -19.432411 -7.340438 -82.446724 9.065961 7.049661 4.329662 41.703747 -5.88211 9.861288 0.702591 -10.936878 -0.360574 7.15621 2e-06 8.774828 1e-06 -17.302221 17.276758 5.841241 -1.844034 2.498506 -2.50728 -10.163605 4.678946 4.621113 -20.976036 -6e-06 -0.0 -21.226299 2.451693 -3.594001 -0.0 -7e-06 -1e-06 -1.362682 2.240799 -0.746324 -21.334929 0.584907 3.008324 -13.821222 -5e-06 1e-06 -23.887184 -0.249084 -0.839483 -60.74054 2.45534 -0.288914 -0.294025 1.679687 0.833257 -14.218219 0.093213 1.30058 -34.212078 -0.287568 0.96717 -20.033228 0.964534 1.212844 -1e-06 -0.0 -0.0 -3.44039 0.788234 0.501656 -15.928196 -3.167311 2.999708 -6.33883 -1e-06 0.0 -18.123457 3.648179 -4.905672 -5e-06 2e-06 -2e-06 -4.503228 29.236773 1.457607 75.715431 35.555412 -12.117187 -174.939987 69.434319 -174.984116 -30.793447 21.642902 -44.583458 2.243543 -5.25504 -3.180161 14.282905 -0.826593 6.952511 -3e-06 -12.690616 0.0 15.989694 -16.785515 2.471852 1.665668 -1.955921 -2.878302 4.727803 -4.170592 4.993929 11.020536 3e-06 -0.0 12.109062 -3.735717 -2.866785 1e-06 0.0 -1e-06 1.291986 -1.928549 -1.498091 14.800144 0.56747 3.865612 14.242585 -1.341736 -6.660661 19.631987 0.143928 -0.648243 49.956535 -0.796586 -5.504315 0.353028 -1.511154 -0.03194 20.222811 3.684317 2.316635 18.787289 6e-06 1e-06 10.751637 -0.479869 1.397908 1e-06 -0.0 0.0 3.27381 0.30595 -0.580111 21.486834 11.830389 2.266135 8.162935 1e-06 -1e-06 18.399099 -3.798988 -4.940576 4e-06 1e-06 -2e-06 5.938976 22.033262 -117.169205 0.13594 -0.146256 126.208076 -6.153125 -0.779058 -9.599148 1.458283 -2.221804 1.472855 0.0 -0.0 2e-06 -50.512375 -43.244938 -60.402042 1.423139 0.936082 127.28096 13.674791 47.20396 -26.421854 -1.477497 0.217634 2.719568 0.0 0.0 -1e-06 
0.0 0.0 0.0 0.0 -0.0 0.0 -0.609707 38.160099 4.245194 -3.199656 -0.518536 1.257416 -3.356664 -3.212342 20.281239 -1.034438 -1.010849 5.200312 1.462236 -5.164939 17.905582 -9.84992 6.77128 -4.207015 1.956301 8.877341 -3.265647 -2.203994 11.330523 -9.371766 7.7e-05 -2.3e-05 6e-06 -0.049717 0.075026 0.058084 0.683415 -3.603348 -10.414739 -0.797388 3.760741 -10.412733 2.403173 -13.966903 2.774269 1.232449 -53.414963 -19.586061 -9.002819 -82.410492 10.676935 7.149572 4.145594 41.847824 -5.882105 9.861286 0.70259 -10.936872 -0.360576 7.156207 1e-06 8.774824 -1e-06 -17.279476 17.220613 5.821491 -1.844032 2.498504 -2.507278 -10.163601 4.678946 4.621109 -20.976027 -4e-06 2e-06 -21.226288 2.451694 -3.593999 -0.0 -7e-06 -1e-06 -1.362681 2.240797 -0.746324 -21.334913 0.584908 3.008324 -13.821217 -4e-06 2e-06 -23.887173 -0.249081 -0.83948 -60.687168 2.433675 -0.303474 -0.294025 1.679687 0.833256 -14.218208 0.093214 1.300581 -34.212048 -0.287566 0.967172 -20.033215 0.964535 1.212844 -1e-06 0.0 -1e-06 -3.440388 0.788233 0.501656 -15.928189 -3.167312 2.999708 -6.338827 -1e-06 2e-06 -18.123447 3.648182 -4.90567 -5e-06 2e-06 -3e-06 -4.35425 29.107777 1.566083 75.478294 35.55785 -12.052827 -175.007675 69.394119 -175.064178 -30.535509 21.691105 -43.452843 2.243541 -5.255042 -3.180161 14.2829 -0.826596 6.952508 -1e-06 -12.690612 -2e-06 16.059467 -16.870441 2.410349 1.665667 -1.955922 -2.8783 4.727802 -4.17059 4.993927 11.020534 2e-06 -1e-06 12.109058 -3.73572 -2.866785 0.0 1e-06 -0.0 1.291985 -1.928551 -1.498092 14.800136 0.567467 3.865612 14.242579 -1.341737 -6.660661 19.631977 0.143925 -0.648245 50.144512 -0.796 -5.579795 0.35303 -1.511151 -0.03194 20.222801 3.684307 2.316632 18.787287 1e-06 -2e-06 10.751633 -0.479872 1.397907 1e-06 -1e-06 1e-06 3.273809 0.305947 -0.580109 21.486824 11.830377 2.266137 8.162933 0.0 -0.0 18.399097 -3.798991 -4.940578 3e-06 1e-06 -2e-06 5.913515 22.104811 -117.212959 0.14775 -0.160797 126.227867 -6.130857 -0.786171 -9.553833 1.454358 -2.21686 1.43935 0.0 -1e-06 2e-06 -50.550999 -43.266594 -60.360336 1.419992 0.940616 127.335899 13.555442 47.337891 -26.496302 -1.482767 0.236863 2.652313 0.0 0.0 -1e-06 
0.0 0.0 0.0 0.0 -0.0 0.0 -0.620017 38.153954 4.255467 -3.211184 -0.515854 1.255665 -3.389386 -3.233641 20.29821 -1.063299 -1.028049 5.209102 1.369382 -5.245939 17.965103 -9.8032 6.712569 -4.29656 2.013027 8.981826 -3.257382 -2.252411 11.475038 -9.478162 7.7e-05 -2.3e-05 6e-06 -0.046974 0.071237 0.048541 0.686524 -3.605298 -10.416983 -0.795291 3.755544 -10.414978 2.364943 -14.038475 2.870474 -0.022799 -53.491734 -19.664009 -10.635775 -82.457245 12.255285 7.21743 3.931683 41.929539 -5.88211 9.861295 0.70259 -10.936883 -0.360579 7.156215 4e-06 8.774835 -1e-06 -17.247252 17.170483 5.815351 -1.844034 2.498505 -2.507281 -10.163609 4.678945 4.621114 -20.976044 -9e-06 5e-06 -21.226309 2.451694 -3.593998 -1e-06 -6e-06 -2e-06 -1.362682 2.2408 -0.746324 -21.334934 0.584903 3.008327 -13.821229 -5e-06 2e-06 -23.887194 -0.249084 -0.839478 -60.654984 2.414448 -0.29903 -0.294025 1.679688 0.833257 -14.218224 0.093211 1.300582 -34.212078 -0.287571 0.967178 -20.033232 0.964535 1.212851 -0.0 0.0 -1e-06 -3.440392 0.788233 0.501656 -15.928205 -3.167318 2.999711 -6.338833 -3e-06 1e-06 -18.123463 3.64818 -4.905674 -5e-06 2e-06 -2e-06 -4.192194 28.942766 1.683363 75.251251 35.514011 -11.971807 -175.172302 69.32196 -175.216644 -30.257616 21.720648 -42.394928 2.243543 -5.255041 -3.18016 14.282909 -0.826595 6.952509 -1e-06 -12.690616 -0.0 16.144371 -16.960499 2.350433 1.665668 -1.955924 -2.878302 4.727805 -4.17059 4.993929 11.020538 2e-06 1e-06 12.109062 -3.735721 -2.866784 0.0 0.0 -0.0 1.291986 -1.928553 -1.49809 14.800144 0.567468 3.865612 14.242588 -1.341741 -6.660661 19.63199 0.143923 -0.648243 50.333519 -0.790013 -5.643539 0.353028 -1.511154 -0.031939 20.222815 3.684312 2.316633 18.787296 3e-06 0.0 10.751641 -0.47987 1.397908 1e-06 -0.0 -0.0 3.27381 0.305947 -0.580111 21.486839 11.830385 2.266136 8.162937 0.0 -2e-06 18.399105 -3.798988 -4.940581 4e-06 1e-06 -1e-06 5.883806 22.159792 -117.237099 0.159139 -0.173063 126.24015 -6.106772 -0.764835 -9.553216 1.45035 -2.213448 1.424895 0.0 -0.0 2e-06 -50.551353 -43.296822 -60.339211 1.426738 0.938464 127.351624 13.490315 47.468296 -26.546129 -1.487358 0.254376 2.595264 0.0 0.0 -1e-06 
0.0 0.0 0.0 0.0 -0.0 0.0 -0.616753 38.16116 4.256927 -3.224211 -0.534455 1.291026 -3.412451 -3.232168 20.300964 -1.085818 -1.053246 5.213217 1.28225 -5.317946 18.024071 -9.796506 6.657343 -4.399151 2.075624 9.07503 -3.244624 -2.267643 11.589259 -9.541334 7.7e-05 -2.3e-05 7e-06 -0.048418 0.074194 0.036171 0.687022 -3.600395 -10.427682 -0.79899 3.757287 -10.426321 2.342995 -14.092916 2.924563 -1.20968 -53.494263 -19.585306 -11.774772 -82.546516 13.320744 7.247679 3.748925 41.997726 -5.882106 9.861286 0.70259 -10.936873 -0.360577 7.156207 1e-06 8.774826 -1e-06 -17.195858 17.137718 5.835701 -1.844033 2.498504 -2.507278 -10.163601 4.678944 4.621109 -20.976027 -4e-06 2e-06 -21.226288 2.451694 -3.594 0.0 -7e-06 -1e-06 -1.362682 2.240797 -0.746323 -21.334917 0.58491 3.008323 -13.821215 -3e-06 2e-06 -23.887171 -0.249079 -0.83948 -60.632404 2.407856 -0.272708 -0.294025 1.679685 0.833256 -14.21821 0.093214 1.30058 -34.212051 -0.287564 0.967171 -20.033215 0.964537 1.212845 -1e-06 -0.0 -1e-06 -3.440389 0.788233 0.501656 -15.928185 -3.16731 2.999708 -6.338827 0.0 1e-06 -18.123444 3.648183 -4.90567 -4e-06 1e-06 -2e-06 -4.038802 28.779453 1.790777 75.034309 35.432838 -11.8945 -175.376053 69.232094 -175.407761 -29.967873 21.731297 -41.477524 2.243542 -5.255037 -3.180159 14.282892 -0.826595 6.952505 -2e-06 -12.690602 1e-06 16.202648 -17.028067 2.30658 1.665666 -1.955921 -2.878299 4.727799 -4.170587 4.993923 11.020526 1e-06 -1e-06 12.109052 -3.735716 -2.866784 0.0 1e-06 0.0 1.291986 -1.928549 -1.49809 14.800131 0.567468 3.86561 14.242574 -1.341738 -6.660659 19.631971 0.143925 -0.648243 50.485802 -0.789846 -5.689722 0.353028 -1.511152 -0.031938 20.222788 3.684308 2.316629 18.787271 4e-06 -1e-06 10.751629 -0.479868 1.397905 -1e-06 1e-06 0.0 3.273807 0.305946 -0.580108 21.486813 11.830376 2.266134 8.162928 1e-06 -0.0 18.399082 -3.798984 -4.940575 3e-06 1e-06 -3e-06 5.869236 22.19552 -117.272179 0.164071 -0.172766 126.236504 -6.108407 -0.678952 -9.572631 1.448421 -2.21727 1.436703 0.0 -0.0 2e-06 -50.481316 -43.310036 -60.40448 1.437084 0.930564 127.344765 13.462885 47.555027 -26.628439 -1.489647 0.265442 2.570213 0.0 0.0 -1e-06 
0.0 0.0 0.0 0.0 -0.0 0.0 -0.618859 38.173992 4.241813 -3.232988 -0.558211 1.354321 -3.425725 -3.220809 20.301754 -1.102708 -1.080524 5.211803 1.201535 -5.374046 18.074923 -9.812212 6.614416 -4.502014 2.105381 9.151512 -3.237903 -2.248532 11.640903 -9.571402 7.7e-05 -2.3e-05 6e-06 -0.052079 0.080921 0.025308 0.686509 -3.592321 -10.439971 -0.806077 3.763348 -10.439152 2.337679 -14.1339 2.954574 -2.228096 -53.452271 -19.41333 -12.236091 -82.656555 13.739637 7.272041 3.666834 42.126381 -5.882108 9.861287 0.70259 -10.936878 -0.36058 7.156211 3e-06 8.774828 -2e-06 -17.144207 17.126755 5.881268 -1.844033 2.498507 -2.507279 -10.163604 4.678941 4.621112 -20.976034 -8e-06 4e-06 -21.226297 2.451693 -3.593998 1e-06 -5e-06 -2e-06 -1.362682 2.240799 -0.746324 -21.334929 0.584905 3.008327 -13.821224 -5e-06 3e-06 -23.887184 -0.249081 -0.839479 -60.648071 2.405391 -0.243915 -0.294025 1.679686 0.833256 -14.218218 0.09321 1.300583 -34.21207 -0.287569 0.967178 -20.033226 0.964535 1.212849 -1e-06 -0.0 -0.0 -3.44039 0.788233 0.501656 -15.928198 -3.167315 2.99971 -6.338831 -2e-06 2e-06 -18.123457 3.64818 -4.905671 -5e-06 -0.0 -1e-06 -3.936437 28.649321 1.870716 74.847023 35.351871 -11.840006 -175.53952 69.137299 -175.561661 -29.713188 21.722895 -40.722969 2.243543 -5.255039 -3.180158 14.282897 -0.826594 6.952507 -3e-06 -12.690609 1e-06 16.229313 -17.060944 2.286116 1.665666 -1.955921 -2.878299 4.7278 -4.170589 4.993927 11.02053 4e-06 0.0 12.109055 -3.735716 -2.866782 1e-06 1e-06 0.0 1.291986 -1.928548 -1.498089 14.800136 0.56747 3.865609 14.242577 -1.341736 -6.660659 19.631973 0.143927 -0.648244 50.601891 -0.799164 -5.725801 0.353028 -1.51115 -0.031941 20.222801 3.684312 2.316633 18.787283 5e-06 3e-06 10.751634 -0.479868 1.397907 -0.0 0.0 0.0 3.273808 0.305948 -0.58011 21.48682 11.83038 2.266134 8.16293 2e-06 -0.0 18.399088 -3.798988 -4.940575 4e-06 1e-06 -3e-06 5.876449 22.210558 -117.322586 0.169115 -0.169092 126.204605 -6.141436 -0.583275 -9.584012 1.448586 -2.225999 1.484695 0.0 -0.0 2e-06 -50.346806 -43.313046 -60.552959 1.447498 0.925195 127.343643 13.45241 47.588783 -26.714392 -1.489644 0.27192 2.588873 0.0 0.0 -1e-06 
0.0 0.0 0.0 0.0 -0.0 0.0 -0.639685 38.195099 4.215952 -3.235947 -0.581216 1.443487 -3.435308 -3.212026 20.297935 -1.115023 -1.104825 5.209373 1.13147 -5.425664 18.099806 -9.846642 6.585659 -4.615857 2.124655 9.208908 -3.23145 -2.220787 11.672241 -9.562681 7.7e-05 -2.3e-05 6e-06 -0.056547 0.08832 0.018109 0.684385 -3.585597 -10.451145 -0.813083 3.772061 -10.451699 2.334122 -14.158664 2.953 -3.044856 -53.376282 -19.162832 -12.00417 -82.782837 13.477174 7.268961 3.69123 42.280819 -5.882108 9.86129 0.70259 -10.936877 -0.360577 7.15621 1e-06 8.774826 -2e-06 -17.103609 17.137285 5.944129 -1.844033 2.498505 -2.507279 -10.163603 4.678946 4.621111 -20.976034 -5e-06 3e-06 -21.226295 2.451698 -3.593999 1e-06 -5e-06 -2e-06 -1.362682 2.240799 -0.746324 -21.334925 0.584908 3.008327 -13.821219 -3e-06 2e-06 -23.887178 -0.249079 -0.839481 -60.696045 2.408548 -0.217406 -0.294025 1.679687 0.833256 -14.218215 0.093213 1.300581 -34.212067 -0.287568 0.967175 -20.033222 0.964536 1.212846 -1e-06 0.0 0.0 -3.44039 0.788235 0.501656 -15.928194 -3.167311 2.99971 -6.338829 -1e-06 1e-06 -18.123455 3.648183 -4.905672 -5e-06 1e-06 -1e-06 -3.86567 28.558376 1.917268 74.686821 35.273121 -11.801647 -175.667557 69.040733 -175.690689 -29.440687 21.672808 -40.051182 2.243541 -5.25504 -3.180157 14.282902 -0.826595 6.952508 -3e-06 -12.69061 2e-06 16.235966 -17.08824 2.277649 1.665666 -1.955922 -2.878299 4.727803 -4.170589 4.993927 11.020535 4e-06 1e-06 12.109059 -3.735718 -2.866781 0.0 1e-06 -0.0 1.291986 -1.928549 -1.49809 14.800139 0.567468 3.865611 14.242579 -1.341737 -6.660655 19.631975 0.143924 -0.648243 50.640034 -0.819646 -5.75476 0.353029 -1.511151 -0.03194 20.222803 3.68431 2.316633 18.787287 3e-06 1e-06 10.751636 -0.479869 1.397908 1e-06 1e-06 -0.0 3.273809 0.305946 -0.580111 21.486832 11.830381 2.266136 8.162935 2e-06 -1e-06 18.399096 -3.798988 -4.940575 4e-06 1e-06 -2e-06 5.90337 22.217022 -117.380943 0.168845 -0.166242 126.141045 -6.206105 -0.5148 -9.568659 1.450696 -2.233371 1.531571 0.0 -0.0 2e-06 -50.148457 -43.335667 -60.767178 1.459825 0.924342 127.360008 13.417597 47.566692 -26.817667 -1.487336 0.267987 2.64921 0.0 0.0 -1e-06 
0.0 0.0 0.0 0.0 -0.0 0.0 -0.674748 38.217636 4.199831 -3.233754 -0.594909 1.550496 -3.437895 -3.20387 20.291286 -1.132515 -1.11923 5.209311 1.080605 -5.474431 18.096663 -9.891171 6.56829 -4.724985 2.128644 9.249958 -3.234534 -2.178644 11.667187 -9.518169 7.7e-05 -2.3e-05 6e-06 -0.055765 0.087258 0.013654 0.686343 -3.588435 -10.460644 -0.81362 3.773234 -10.463999 2.338117 -14.167075 2.944865 -3.62473 -53.310772 -18.944279 -11.411265 -82.901596 12.849155 7.23907 3.787832 42.392467 -5.882106 9.861284 0.70259 -10.936875 -0.360574 7.156209 2e-06 8.774826 -0.0 -17.094202 17.156624 5.995173 -1.844033 2.498504 -2.507279 -10.163602 4.678945 4.62111 -20.97603 -8e-06 2e-06 -21.226294 2.451694 -3.593999 2e-06 -5e-06 -1e-06 -1.362682 2.240798 -0.746324 -21.334919 0.584907 3.008323 -13.821218 -3e-06 2e-06 -23.887175 -0.249083 -0.839482 -60.755672 2.413488 -0.192171 -0.294025 1.679686 0.833256 -14.218212 0.093213 1.30058 -34.212063 -0.287568 0.967172 -20.033215 0.964534 1.212846 -1e-06 -0.0 0.0 -3.440389 0.788231 0.501655 -15.928189 -3.167311 2.999707 -6.338827 -1e-06 0.0 -18.123447 3.648178 -4.905669 -5e-06 1e-06 -1e-06 -3.807746 28.502207 1.962984 74.527924 35.203583 -11.798965 -175.732666 68.925636 -175.745667 -29.12405 21.554102 -39.44466 2.243542 -5.255039 -3.180158 14.282897 -0.826593 6.952507 -4e-06 -12.690609 0.0 16.218061 -17.111692 2.284447 1.665665 -1.955923 -2.878302 4.727801 -4.170589 4.993925 11.020534 5e-06 0.0 12.109058 -3.735715 -2.866785 0.0 1e-06 -1e-06 1.291986 -1.92855 -1.49809 14.800132 0.567469 3.865608 14.242576 -1.341738 -6.660658 19.631973 0.143925 -0.648243 50.624599 -0.84526 -5.765142 0.35303 -1.51115 -0.03194 20.222801 3.684313 2.316633 18.787281 4e-06 1e-06 10.751633 -0.479869 1.397907 0.0 1e-06 -0.0 3.273808 0.305947 -0.580111 21.486824 11.83038 2.266136 8.16293 2e-06 -1e-06 18.399088 -3.798986 -4.940573 3e-06 2e-06 -2e-06 5.944742 22.222509 -117.445282 0.169006 -0.165876 126.075775 -6.290685 -0.490814 -9.554709 1.454714 -2.241421 1.558409 0.0 0.0 2e-06 -49.953419 -43.374565 -60.972042 1.472084 0.921872 127.390396 13.392309 47.519054 -26.913618 -1.48353 0.257684 2.738913 -0.0 0.0 -1e-06 
0.0 0.0 0.0 0.0 -0.0 0.0 -0.704856 38.252785 4.199767 -3.225544 -0.593754 1.67271 -3.437486 -3.192954 20.286245 -1.150661 -1.139065 5.209674 1.04436 -5.518737 18.075035 -9.96053 6.559406 -4.812418 2.137685 9.269236 -3.240839 -2.138065 11.637209 -9.468162 7.7e-05 -2.3e-05 6e-06 -0.052781 0.083294 0.010884 0.691055 -3.595362 -10.473433 -0.812325 3.772346 -10.481227 2.356626 -14.188372 2.932406 -4.009066 -53.246548 -18.733217 -10.213611 -82.991905 11.640889 7.1792 3.900158 42.474625 -5.882108 9.861287 0.70259 -10.936877 -0.360577 7.156207 3e-06 8.77483 -1e-06 -17.118464 17.176775 6.025259 -1.844034 2.498505 -2.507279 -10.163604 4.678942 4.621109 -20.976034 -7e-06 1e-06 -21.226299 2.451693 -3.594 2e-06 -4e-06 -2e-06 -1.362682 2.240799 -0.746324 -21.334929 0.584905 3.008322 -13.82122 -6e-06 0.0 -23.887184 -0.249086 -0.839481 -60.806072 2.417053 -0.184087 -0.294024 1.679688 0.833256 -14.218217 0.093214 1.300578 -34.212067 -0.287572 0.96717 -20.033222 0.964532 1.212844 -1e-06 0.0 1e-06 -3.44039 0.788231 0.501655 -15.928198 -3.167313 2.999706 -6.33883 -1e-06 -0.0 -18.123457 3.64818 -4.905673 -5e-06 1e-06 -1e-06 -3.76932 28.479002 2.005541 74.38485 35.151821 -11.859734 -175.831863 68.796501 -175.793793 -28.799841 21.360172 -38.903351 2.243541 -5.255039 -3.180156 14.282904 -0.826595 6.95251 -3e-06 -12.690613 2e-06 16.182835 -17.148113 2.298889 1.665667 -1.955924 -2.8783 4.727802 -4.170591 4.993927 11.020536 5e-06 1e-06 12.109058 -3.735719 -2.866782 0.0 1e-06 0.0 1.291987 -1.92855 -1.498088 14.80014 0.56747 3.865612 14.24258 -1.341738 -6.660658 19.631981 0.143924 -0.648241 50.602901 -0.864773 -5.779061 0.353029 -1.511151 -0.03194 20.222805 3.684311 2.316635 18.787289 4e-06 2e-06 10.751637 -0.479871 1.397908 1e-06 0.0 1e-06 3.273809 0.305948 -0.580111 21.486832 11.830382 2.266137 8.162935 2e-06 -0.0 18.399099 -3.798989 -4.940576 3e-06 1e-06 -2e-06 5.987866 22.203342 -117.495468 0.168629 -0.161604 126.013901 -6.398175 -0.484188 -9.553535 1.461123 -2.250743 1.550963 0.0 -0.0 2e-06 -49.78574 -43.432011 -61.128807 1.48082 0.919114 127.400963 13.40597 47.458038 -26.981133 -1.479097 0.245736 2.818115 -0.0 0.0 -1e-06 
0.0 0.0 0.0 0.0 -0.0 0.0 -0.718458 38.300999 4.225935 -3.218657 -0.593451 1.805799 -3.440445 -3.176676 20.277874 -1.162904 -1.151032 5.20996 1.018662 -5.566044 18.053677 -10.045457 6.548461 -4.887478 2.158787 9.282104 -3.252273 -2.093416 11.607059 -9.404085 7.7e-05 -2.3e-05 6e-06 -0.046458 0.074472 0.009968 0.697601 -3.607784 -10.487475 -0.806113 3.766904 -10.498894 2.378074 -14.208642 2.913424 -4.273633 -53.203228 -18.559818 -8.848535 -83.050476 10.257483 7.091149 3.97505 42.47908 -5.882108 9.861287 0.702592 -10.936875 -0.360573 7.156208 -1e-06 8.774828 -1e-06 -17.156174 17.207373 6.039079 -1.844033 2.498507 -2.507279 -10.163603 4.678946 4.62111 -20.97603 -1e-06 3e-06 -21.226294 2.451698 -3.594002 2e-06 -5e-06 -2e-06 -1.362682 2.240798 -0.746323 -21.334921 0.584912 3.008325 -13.821218 -1e-06 3e-06 -23.887175 -0.249076 -0.839484 -60.837254 2.428414 -0.187822 -0.294025 1.679688 0.833256 -14.218212 0.093215 1.300581 -34.212051 -0.287561 0.967171 -20.033218 0.96454 1.212843 -1e-06 -0.0 1e-06 -3.440389 0.788233 0.501656 -15.928191 -3.16731 2.999709 -6.338828 -0.0 0.0 -18.123453 3.648185 -4.905671 -5e-06 1e-06 -1e-06 -3.745664 28.47159 2.031603 74.272614 35.119827 -11.951897 -175.936661 68.666359 -175.835556 -28.465738 21.131422 -38.496147 2.243542 -5.255039 -3.180158 14.282893 -0.826595 6.952503 -2e-06 -12.690609 -1e-06 16.163403 -17.191608 2.309987 1.665667 -1.955923 -2.878301 4.727798 -4.170588 4.993925 11.020529 4e-06 -2e-06 12.109055 -3.735715 -2.866785 1e-06 1e-06 0.0 1.291986 -1.92855 -1.498089 14.800134 0.567471 3.865607 14.242577 -1.341736 -6.66066 19.631975 0.143929 -0.648246 50.594414 -0.867931 -5.792054 0.353028 -1.511152 -0.03194 20.222797 3.684313 2.31663 18.787279 8e-06 -2e-06 10.751631 -0.479867 1.397905 0.0 0.0 -0.0 3.273808 0.305948 -0.580113 21.486826 11.830383 2.266133 8.16293 2e-06 -0.0 18.399088 -3.798985 -4.940578 3e-06 1e-06 -2e-06 6.019639 22.178698 -117.528351 0.167215 -0.156636 125.975136 -6.488613 -0.484841 -9.595415 1.467052 -2.251793 1.547588 0.0 -1e-06 2e-06 -49.644505 -43.514587 -61.230671 1.489079 0.918272 127.37751 13.464814 47.40918 -27.017591 -1.475524 0.235975 2.897555 0.0 0.0 -1e-06 
0.0 0.0 0.0 0.0 -0.0 0.0 -0.718171 38.364227 4.268755 -3.212399 -0.590857 1.956821 -3.439323 -3.161622 20.265472 -1.169313 -1.152507 5.209849 0.996342 -5.611184 18.040119 -10.153322 6.548447 -4.953648 2.19838 9.293604 -3.26284 -2.047737 11.546879 -9.327415 7.7e-05 -2.2e-05 6e-06 -0.040609 0.066192 0.012409 0.70193 -3.618305 -10.496276 -0.798585 3.760624 -10.510009 2.411454 -14.221088 2.898815 -4.495241 -53.219913 -18.498266 -7.917048 -83.117981 9.273672 6.990055 4.020008 42.483669 -5.882105 9.861284 0.702589 -10.936873 -0.360578 7.156207 2e-06 8.774827 -0.0 -17.196709 17.246019 6.04356 -1.844032 2.498503 -2.507279 -10.163599 4.678944 4.621109 -20.976023 -8e-06 1e-06 -21.226286 2.451692 -3.593999 2e-06 -5e-06 -1e-06 -1.362681 2.240796 -0.746324 -21.334917 0.584905 3.008324 -13.821217 -5e-06 2e-06 -23.887175 -0.249083 -0.839481 -60.86512 2.448493 -0.198911 -0.294024 1.679688 0.833256 -14.218208 0.093215 1.30058 -34.212051 -0.287571 0.967173 -20.033211 0.964533 1.212844 -1e-06 -0.0 1e-06 -3.440389 0.788229 0.501656 -15.928185 -3.167313 2.999707 -6.338828 -1e-06 0.0 -18.123444 3.648178 -4.905669 -4e-06 0.0 -1e-06 -3.737112 28.462019 2.041901 74.190994 35.115608 -12.027266 -175.995087 68.51693 -175.866898 -28.16394 20.954422 -38.214993 2.243542 -5.255036 -3.180156 14.282896 -0.826596 6.952505 -2e-06 -12.690605 1e-06 16.153456 -17.242043 2.319458 1.665666 -1.95592 -2.878299 4.727802 -4.170587 4.993926 11.020532 3e-06 1e-06 12.109056 -3.735718 -2.866782 0.0 1e-06 0.0 1.291986 -1.928548 -1.49809 14.800132 0.567466 3.865609 14.242576 -1.341737 -6.660655 19.631973 0.143922 -0.648242 50.585453 -0.862236 -5.814676 0.353029 -1.51115 -0.031938 20.222797 3.684308 2.316632 18.787279 2e-06 1e-06 10.751632 -0.47987 1.397907 1e-06 0.0 1e-06 3.273808 0.305947 -0.58011 21.486818 11.830377 2.266135 8.16293 1e-06 -1e-06 18.399088 -3.798988 -4.940574 4e-06 0.0 -2e-06 6.039747 22.136734 -117.552437 0.161357 -0.150778 125.944595 -6.559924 -0.467088 -9.666275 1.47169 -2.245404 1.561885 0.0 -0.0 2e-06 -49.523819 -43.600426 -61.293102 1.484422 0.916026 127.322281 13.510571 47.35289 -27.046036 -1.473382 0.226153 2.962477 0.0 0.0 -1e-06 
0.0 0.0 0.0 0.0 -0.0 0.0 -0.71282 38.421455 4.318042 -3.209338 -0.581746 2.107698 -3.437703 -3.160263 20.256855 -1.16717 -1.149851 5.209405 0.972578 -5.645856 18.046379 -10.279984 6.559348 -5.002474 2.237175 9.297318 -3.271283 -1.995914 11.465584 -9.250513 7.7e-05 -2.2e-05 6e-06 -0.036817 0.061626 0.016201 0.701903 -3.622338 -10.496049 -0.790946 3.755326 -10.511181 2.464406 -14.207405 2.881382 -4.745661 -53.306561 -18.563498 -7.780627 -83.211784 9.050285 6.908587 4.04663 42.595512 -5.882104 9.861284 0.70259 -10.936868 -0.360576 7.156204 0.0 8.774824 -1e-06 -17.253101 17.292284 6.05387 -1.844032 2.498503 -2.507277 -10.163595 4.678944 4.621107 -20.976017 -4e-06 0.0 -21.226278 2.451693 -3.594001 2e-06 -6e-06 -1e-06 -1.362681 2.240796 -0.746323 -21.334906 0.584909 3.008322 -13.821211 -3e-06 1e-06 -23.887159 -0.24908 -0.839482 -60.923527 2.473392 -0.219756 -0.294024 1.679688 0.833256 -14.218205 0.093214 1.300579 -34.212044 -0.287566 0.96717 -20.033207 0.964535 1.212843 -1e-06 -1e-06 0.0 -3.440388 0.788232 0.501655 -15.928183 -3.16731 2.999707 -6.338825 -1e-06 0.0 -18.123444 3.648181 -4.905668 -5e-06 0.0 -1e-06 -3.751355 28.453779 2.035389 74.139008 35.128551 -12.044222 -175.953522 68.352844 -175.831482 -27.931566 20.850441 -38.019611 2.243541 -5.255034 -3.180156 14.282887 -0.826594 6.952501 -3e-06 -12.6906 1e-06 16.152672 -17.279066 2.327536 1.665665 -1.955923 -2.878298 4.727798 -4.170584 4.993922 11.020522 3e-06 -1e-06 12.109049 -3.735713 -2.866782 1e-06 1e-06 -0.0 1.291984 -1.928548 -1.498089 14.800123 0.567468 3.865607 14.242564 -1.341735 -6.660653 19.631958 0.143926 -0.648244 50.575562 -0.84526 -5.835437 0.353029 -1.511151 -0.031938 20.222786 3.68431 2.316629 18.78727 5e-06 -1e-06 10.751625 -0.479868 1.397906 0.0 1e-06 -0.0 3.273806 0.305946 -0.580111 21.486809 11.830373 2.266132 8.162926 3e-06 -0.0 18.399078 -3.798982 -4.940574 4e-06 0.0 -0.0 6.052399 22.08934 -117.58947 0.151243 -0.143385 125.927834 -6.610417 -0.438393 -9.742436 1.474115 -2.231996 1.590265 0.0 -0.0 2e-06 -49.442074 -43.700111 -61.321564 1.470224 0.910994 127.264595 13.533956 47.318771 -27.026634 -1.472682 0.217872 3.007265 0.0 1e-06 -1e-06 
0.0 0.0 0.0 0.0 -0.0 0.0 -0.707106 38.448723 4.356705 -3.204077 -0.567703 2.240357 -3.435372 -3.174855 20.255859 -1.160089 -1.14956 5.215436 0.945779 -5.654428 18.077909 -10.432262 6.585988 -5.024726 2.261032 9.282377 -3.281847 -1.941122 11.37519 -9.167754 7.7e-05 -2.2e-05 6e-06 -0.035048 0.05971 0.020512 0.699553 -3.622293 -10.48897 -0.785027 3.751216 -10.505122 2.533303 -14.178823 2.848003 -5.049844 -53.458473 -18.679914 -8.061848 -83.33226 9.225701 6.840014 4.078689 42.857021 -5.882106 9.861285 0.70259 -10.936873 -0.360575 7.156209 1e-06 8.774823 -1e-06 -17.316689 17.318491 6.060022 -1.844032 2.498503 -2.507279 -10.163601 4.678944 4.621111 -20.976027 -7e-06 3e-06 -21.22629 2.451695 -3.593999 2e-06 -5e-06 -1e-06 -1.362682 2.240799 -0.746324 -21.334917 0.584907 3.008326 -13.821217 -4e-06 2e-06 -23.887178 -0.24908 -0.83948 -60.976719 2.475888 -0.242406 -0.294025 1.679687 0.833256 -14.218212 0.093213 1.300582 -34.212051 -0.287567 0.967173 -20.033215 0.964536 1.212846 -2e-06 -0.0 1e-06 -3.440389 0.788234 0.501656 -15.928189 -3.167312 2.999709 -6.338827 -2e-06 2e-06 -18.123451 3.648181 -4.905671 -5e-06 1e-06 -1e-06 -3.802595 28.425362 2.045038 74.149544 35.179653 -11.976462 -175.802261 68.180862 -175.714401 -27.77733 20.883497 -37.80637 2.243541 -5.255038 -3.180157 14.282894 -0.826597 6.952506 -2e-06 -12.690609 1e-06 16.156389 -17.306179 2.329478 1.665666 -1.955922 -2.878298 4.7278 -4.170589 4.993925 11.020529 3e-06 -0.0 12.109056 -3.735717 -2.866784 0.0 1e-06 -0.0 1.291985 -1.92855 -1.498089 14.800132 0.567467 3.86561 14.242577 -1.341736 -6.660657 19.631973 0.143922 -0.648242 50.586044 -0.824048 -5.862455 0.353029 -1.51115 -0.031939 20.222797 3.684308 2.316632 18.787283 3e-06 -0.0 10.751631 -0.47987 1.397906 0.0 1e-06 1e-06 3.273807 0.305945 -0.58011 21.48682 11.830376 2.266135 8.16293 1e-06 -0.0 18.39909 -3.798988 -4.940576 4e-06 0.0 -2e-06 6.058134 22.039658 -117.663803 0.149311 -0.142422 125.928078 -6.658391 -0.381093 -9.782679 1.475405 -2.219076 1.610199 0.0 0.0 2e-06 -49.411827 -43.823586 -61.350548 1.453698 0.905873 127.233696 13.520433 47.286556 -26.977879 -1.474066 0.213117 3.045985 0.0 0.0 -1e-06 
0.0 0.0 0.0 0.0 -0.0 0.0 -0.697845 38.448681 4.387108 -3.199703 -0.550491 2.348456 -3.432118 -3.205235 20.257624 -1.153873 -1.145249 5.229635 0.92788 -5.654692 18.130714 -10.585223 6.630998 -4.996862 2.271802 9.219591 -3.295117 -1.907923 11.299905 -9.088603 7.8e-05 -2.3e-05 7e-06 -0.032538 0.056562 0.02436 0.698803 -3.62203 -10.477274 -0.779315 3.744463 -10.492103 2.613079 -14.154486 2.820189 -5.420524 -53.635368 -18.847616 -8.766333 -83.465981 9.834939 6.79763 4.095098 43.21003 -5.882107 9.861288 0.702591 -10.936875 -0.360575 7.156209 1e-06 8.774826 -0.0 -17.354944 17.317295 6.062099 -1.844033 2.498505 -2.507278 -10.163602 4.678944 4.621111 -20.976028 -5e-06 3e-06 -21.226292 2.451695 -3.593998 2e-06 -6e-06 -1e-06 -1.362682 2.240796 -0.746324 -21.334921 0.584909 3.008326 -13.821218 -2e-06 3e-06 -23.887177 -0.249078 -0.83948 -60.998596 2.450541 -0.258302 -0.294024 1.67969 0.833256 -14.218213 0.093215 1.300581 -34.212063 -0.287565 0.967172 -20.033218 0.964537 1.212845 -2e-06 -1e-06 1e-06 -3.440389 0.788232 0.501656 -15.928191 -3.167311 2.999709 -6.338829 -0.0 1e-06 -18.123447 3.648184 -4.90567 -5e-06 1e-06 -1e-06 -3.878757 28.376322 2.078242 74.216637 35.262238 -11.828061 -175.592224 68.015961 -175.556458 -27.668917 21.05673 -37.526161 2.243538 -5.255035 -3.180157 14.282885 -0.826594 6.952501 -3e-06 -12.6906 0.0 16.158001 -17.319265 2.309992 1.665665 -1.955922 -2.878298 4.727798 -4.170585 4.993924 11.020522 5e-06 -0.0 12.109046 -3.735714 -2.866782 0.0 1e-06 -0.0 1.291985 -1.928551 -1.498089 14.800122 0.567469 3.865608 14.242566 -1.341736 -6.660653 19.63196 0.143927 -0.648243 50.602333 -0.807052 -5.897728 0.353029 -1.51115 -0.031939 20.222786 3.684309 2.316631 18.78727 5e-06 -0.0 10.751625 -0.479869 1.397906 1e-06 1e-06 -0.0 3.273805 0.305945 -0.58011 21.486809 11.830372 2.266133 8.162925 3e-06 -1e-06 18.399076 -3.798984 -4.940573 3e-06 1e-06 -2e-06 6.054893 21.991013 -117.765671 0.15333 -0.146781 125.948471 -6.686902 -0.314726 -9.798773 1.475492 -2.201762 1.617262 0.0 -0.0 2e-06 -49.439713 -43.957283 -61.363464 1.435231 0.896324 127.222885 13.492093 47.247276 -26.930428 -1.47708 0.213277 3.049835 0.0 0.0 -1e-06 
0.0 0.0 0.0 0.0 -0.0 0.0 -0.687083 38.433037 4.404892 -3.19222 -0.533293 2.428717 -3.427806 -3.235734 20.264357 -1.150736 -1.139971 5.244429 0.919764 -5.660802 18.196726 -10.71364 6.672685 -4.911335 2.279523 9.13595 -3.307389 -1.89831 11.264785 -9.053255 7.8e-05 -2.3e-05 6e-06 -0.029446 0.05277 0.026445 0.700753 -3.620429 -10.459207 -0.775119 3.735109 -10.471179 2.69223 -14.128033 2.799051 -5.894653 -53.822166 -19.002663 -9.8166 -83.60717 10.811482 6.75933 4.12473 43.638584 -5.882108 9.861288 0.70259 -10.936877 -0.360576 7.156209 2e-06 8.774831 -0.0 -17.36832 17.291477 6.062359 -1.844034 2.498506 -2.50728 -10.163606 4.678945 4.621111 -20.976038 -1.2e-05 1e-06 -21.226299 2.451692 -3.594002 1e-06 -5e-06 -1e-06 -1.362682 2.240798 -0.746324 -21.334929 0.584903 3.008324 -13.821225 -6e-06 -0.0 -23.887186 -0.249086 -0.839481 -61.009197 2.408127 -0.252784 -0.294025 1.679688 0.833257 -14.218218 0.09321 1.30058 -34.212074 -0.287576 0.967172 -20.033226 0.964532 1.212846 -1e-06 -0.0 1e-06 -3.44039 0.788231 0.501656 -15.928196 -3.167315 2.999707 -6.33883 -3e-06 1e-06 -18.123457 3.64818 -4.905674 -5e-06 0.0 -1e-06 -3.963714 28.304375 2.102844 74.338631 35.339752 -11.631011 -175.462936 67.861916 -175.489288 -27.556261 21.289011 -37.180931 2.243542 -5.255037 -3.18016 14.282897 -0.826595 6.952507 -2e-06 -12.690609 -0.0 16.188177 -17.303354 2.269358 1.665665 -1.955923 -2.8783 4.727801 -4.170589 4.993926 11.020531 2e-06 -1e-06 12.109056 -3.735718 -2.866785 -0.0 1e-06 -0.0 1.291985 -1.928549 -1.498091 14.800136 0.567468 3.865611 14.242577 -1.341738 -6.660659 19.631975 0.143925 -0.648244 50.625168 -0.794364 -5.931623 0.353029 -1.511151 -0.031939 20.222799 3.684309 2.316635 18.787279 3e-06 1e-06 10.751631 -0.479871 1.397907 0.0 1e-06 1e-06 3.273808 0.305948 -0.58011 21.486822 11.83038 2.266136 8.16293 2e-06 -1e-06 18.39909 -3.798987 -4.940575 3e-06 0.0 -2e-06 6.042078 21.940044 -117.871147 0.158125 -0.155159 125.973389 -6.693677 -0.260234 -9.776668 1.473057 -2.185688 1.618925 -0.0 -1e-06 2e-06 -49.504585 -44.095005 -61.369816 1.418159 0.881224 127.224663 13.514657 47.222984 -26.827957 -1.480344 0.218044 3.056816 0.0 0.0 -1e-06 
0.0 0.0 0.0 0.0 -0.0 0.0 -0.672567 38.41729 4.407774 -3.189077 -0.522417 2.478022 -3.421629 -3.259735 20.272833 -1.147909 -1.137757 5.251393 0.91535 -5.672857 18.277819 -10.794396 6.702772 -4.793574 2.287222 9.051552 -3.316625 -1.895557 11.268128 -9.029259 7.8e-05 -2.3e-05 6e-06 -0.026397 0.048197 0.023783 0.703979 -3.618531 -10.439722 -0.772289 3.724092 -10.448953 2.729548 -14.080132 2.783475 -6.435256 -54.023087 -19.103117 -11.156374 -83.723152 12.081656 6.714614 4.119218 44.060059 -5.88211 9.861294 0.70259 -10.936879 -0.360577 7.156211 -0.0 8.774833 -2e-06 -17.361732 17.255274 6.055428 -1.844033 2.498507 -2.507279 -10.163608 4.678949 4.621112 -20.97604 -4e-06 3e-06 -21.226299 2.451698 -3.594002 1e-06 -6e-06 -1e-06 -1.362682 2.240802 -0.746324 -21.334929 0.584909 3.008326 -13.821221 -3e-06 2e-06 -23.887186 -0.249078 -0.839482 -60.988998 2.351564 -0.215299 -0.294025 1.679687 0.833257 -14.218221 0.093215 1.300582 -34.212074 -0.287564 0.967172 -20.03323 0.964538 1.212846 -1e-06 -0.0 1e-06 -3.440391 0.788234 0.501656 -15.928201 -3.167313 2.99971 -6.33883 -1e-06 2e-06 -18.123459 3.648187 -4.905673 -5e-06 0.0 -1e-06 -4.020586 28.22467 2.142138 74.453178 35.38158 -11.425211 -175.404709 67.704178 -175.529053 -27.407354 21.527996 -36.739998 2.243543 -5.255039 -3.180161 14.282896 -0.826595 6.952507 -2e-06 -12.690609 1e-06 16.250772 -17.266373 2.216895 1.665667 -1.955923 -2.8783 4.727801 -4.170589 4.993927 11.020531 2e-06 -2e-06 12.109057 -3.735718 -2.866787 -0.0 1e-06 -1e-06 1.291986 -1.928552 -1.498091 14.800132 0.567467 3.865611 14.242579 -1.341736 -6.660662 19.631973 0.143924 -0.648248 50.650551 -0.794034 -5.955057 0.353029 -1.511152 -0.031941 20.222801 3.684309 2.31663 18.787283 2e-06 -3e-06 10.751633 -0.479869 1.397905 -1e-06 1e-06 -0.0 3.273808 0.305948 -0.580111 21.48682 11.830376 2.266135 8.16293 2e-06 -1e-06 18.399092 -3.798988 -4.940577 3e-06 0.0 -1e-06 6.032462 21.889168 -117.950783 0.164066 -0.165292 125.989426 -6.686462 -0.200048 -9.732053 1.470277 -2.175871 1.612675 -0.0 -1e-06 2e-06 -49.557892 -44.219814 -61.383213 1.409769 0.863462 127.223244 13.656494 47.23933 -26.61311 -1.481473 0.225212 3.046124 0.0 0.0 -1e-06 
0.0 0.0 0.0 0.0 -0.0 0.0 -0.648841 38.4161 4.397555 -3.191262 -0.518355 2.499604 -3.413709 -3.271719 20.27894 -1.145645 -1.144625 5.256344 0.910227 -5.686259 18.37557 -10.794862 6.690997 -4.670305 2.281889 9.036621 -3.314796 -1.895759 11.289139 -9.030553 7.7e-05 -2.2e-05 7e-06 -0.025549 0.046795 0.016554 0.705235 -3.614599 -10.429139 -0.771711 3.717169 -10.435616 2.735067 -14.024562 2.773699 -7.016433 -54.206974 -19.153561 -12.464934 -83.810493 13.322551 6.678296 4.072354 44.407974 -5.882106 9.861288 0.70259 -10.936877 -0.360576 7.156211 1e-06 8.77483 -2e-06 -17.350853 17.207666 6.034169 -1.844032 2.498506 -2.50728 -10.163603 4.678943 4.621111 -20.97603 -6e-06 5e-06 -21.226292 2.451696 -3.594001 2e-06 -6e-06 -1e-06 -1.362682 2.240798 -0.746324 -21.334921 0.584908 3.008328 -13.821219 -2e-06 4e-06 -23.887177 -0.249079 -0.839479 -60.942917 2.298403 -0.161301 -0.294024 1.679689 0.833256 -14.218213 0.093213 1.300583 -34.212059 -0.287566 0.967178 -20.03322 0.964538 1.212849 -1e-06 -0.0 1e-06 -3.440389 0.788233 0.501656 -15.928192 -3.167312 2.999712 -6.338829 -1e-06 2e-06 -18.123451 3.64818 -4.905669 -5e-06 2e-06 -2e-06 -4.046374 28.145645 2.198282 74.532799 35.385979 -11.239788 -175.38118 67.551376 -175.60173 -27.215012 21.718065 -36.259308 2.243542 -5.255037 -3.180157 14.282896 -0.826597 6.952505 -1e-06 -12.690607 1e-06 16.303242 -17.24584 2.184378 1.665666 -1.955922 -2.878299 4.727802 -4.170587 4.993926 11.020529 2e-06 0.0 12.109055 -3.735718 -2.866782 1e-06 1e-06 -0.0 1.291986 -1.928549 -1.498088 14.800132 0.567467 3.86561 14.242577 -1.341736 -6.660657 19.631973 0.143924 -0.648245 50.681477 -0.811244 -5.966799 0.353029 -1.511151 -0.03194 20.222801 3.684309 2.316634 18.787283 3e-06 -0.0 10.751633 -0.479871 1.397906 0.0 1e-06 -0.0 3.273808 0.305948 -0.58011 21.486818 11.830373 2.266136 8.16293 2e-06 -1e-06 18.399092 -3.798987 -4.940577 4e-06 1e-06 -2e-06 6.011298 21.84214 -117.988625 0.167922 -0.171212 125.987595 -6.666148 -0.132256 -9.709285 1.467845 -2.172923 1.613079 -0.0 -1e-06 2e-06 -49.574612 -44.301514 -61.403416 1.411103 0.84714 127.199158 13.85709 47.266739 -26.364023 -1.480953 0.232142 3.031536 0.0 0.0 -1e-06 
0.0 0.0 0.0 0.0 -0.0 0.0 -0.625956 38.424023 4.375662 -3.201181 -0.524596 2.514724 -3.403078 -3.272364 20.286726 -1.142997 -1.15834 5.261393 0.903874 -5.692266 18.466347 -10.728189 6.657173 -4.561232 2.266865 9.061795 -3.309622 -1.888589 11.304664 -9.036592 7.7e-05 -2.4e-05 7e-06 -0.02767 0.049835 0.00754 0.70253 -3.608354 -10.429808 -0.773044 3.716733 -10.434423 2.734662 -13.973583 2.774081 -7.620682 -54.352848 -19.145548 -13.453353 -83.900276 14.286733 6.649087 4.044597 44.720139 -5.88211 9.861293 0.70259 -10.936881 -0.360577 7.156213 1e-06 8.774835 -1e-06 -17.329281 17.156443 6.015348 -1.844033 2.498508 -2.50728 -10.163607 4.678947 4.621113 -20.97604 -6e-06 2e-06 -21.226305 2.451695 -3.594003 2e-06 -6e-06 -1e-06 -1.362682 2.2408 -0.746324 -21.334932 0.584906 3.008326 -13.821227 -4e-06 3e-06 -23.887188 -0.249081 -0.839481 -60.877308 2.265352 -0.11563 -0.294025 1.679689 0.833256 -14.218221 0.093213 1.300581 -34.212078 -0.287567 0.967175 -20.033232 0.964535 1.212848 -1e-06 0.0 0.0 -3.440391 0.788232 0.501656 -15.928201 -3.167315 2.999711 -6.338831 -2e-06 1e-06 -18.123461 3.648185 -4.905674 -4e-06 1e-06 -4e-06 -4.042329 28.060156 2.26072 74.592384 35.35886 -11.059031 -175.360703 67.408104 -175.643509 -27.012901 21.868999 -35.775017 2.243542 -5.255039 -3.180159 14.282896 -0.826593 6.952504 -4e-06 -12.690609 1e-06 16.332575 -17.248621 2.171159 1.665666 -1.955924 -2.878299 4.727801 -4.170589 4.993925 11.020534 5e-06 -1e-06 12.109056 -3.735717 -2.866784 0.0 1e-06 -0.0 1.291986 -1.928551 -1.49809 14.800132 0.567467 3.865606 14.242577 -1.341736 -6.660658 19.631973 0.143927 -0.648245 50.707569 -0.840018 -5.980978 0.353029 -1.51115 -0.03194 20.222801 3.68431 2.316631 18.787279 6e-06 -1e-06 10.751633 -0.479869 1.397906 -1e-06 1e-06 -0.0 3.273808 0.305946 -0.580111 21.486824 11.83038 2.266135 8.16293 2e-06 -2e-06 18.399092 -3.798987 -4.94058 3e-06 0.0 -0.0 6.006954 21.801649 -118.006187 0.170725 -0.172679 125.967651 -6.666103 -0.061531 -9.708645 1.466392 -2.175875 1.620727 -0.0 0.0 2e-06 -49.531284 -44.340878 -61.463993 1.41478 0.837176 127.169998 14.043265 47.265442 -26.137497 -1.47955 0.237556 3.007659 0.0 0.0 -1e-06 
0.0 0.0 0.0 0.0 -0.0 0.0 -0.608481 38.437004 4.359282 -3.218958 -0.533859 2.538751 -3.38852 -3.267738 20.289921 -1.14415 -1.169928 5.265323 0.906423 -5.701481 18.54554 -10.627201 6.619098 -4.489419 2.248392 9.106699 -3.304046 -1.838803 11.300216 -9.047809 7.7e-05 -2.2e-05 6e-06 -0.030057 0.053622 0.001377 0.699113 -3.602442 -10.432218 -0.774203 3.718402 -10.43612 2.718537 -13.934671 2.791355 -8.181163 -54.444328 -19.092657 -13.978766 -84.001808 14.850329 6.611756 4.019774 44.942848 -5.882105 9.861281 0.70259 -10.936872 -0.360579 7.156205 1e-06 8.774825 -1e-06 -17.298313 17.110605 6.017982 -1.844033 2.498504 -2.507277 -10.163599 4.678939 4.621108 -20.976023 -6e-06 3e-06 -21.226286 2.451693 -3.593997 1e-06 -5e-06 -1e-06 -1.362681 2.240798 -0.746323 -21.334913 0.584906 3.008322 -13.821213 -3e-06 3e-06 -23.887167 -0.249082 -0.839482 -60.807652 2.267731 -0.078241 -0.294024 1.679687 0.833256 -14.218208 0.093212 1.30058 -34.212048 -0.287567 0.967174 -20.033211 0.964536 1.212846 -1e-06 -1e-06 1e-06 -3.440388 0.788233 0.501655 -15.928185 -3.167313 2.999707 -6.338825 -2e-06 1e-06 -18.123444 3.64818 -4.905669 -4e-06 1e-06 -3e-06 -4.023798 27.965385 2.295055 74.646431 35.299088 -10.931603 -175.458801 67.297981 -175.770554 -26.822914 21.975719 -35.337376 2.243541 -5.255039 -3.18016 14.282894 -0.826595 6.952509 -1e-06 -12.690605 0.0 16.334612 -17.268549 2.170587 1.665666 -1.955923 -2.8783 4.727801 -4.170588 4.993926 11.020529 3e-06 -1e-06 12.109053 -3.735717 -2.866784 1e-06 1e-06 -0.0 1.291985 -1.928552 -1.498089 14.800134 0.567467 3.865611 14.242577 -1.341738 -6.660661 19.631973 0.143923 -0.648244 50.701786 -0.860595 -5.985732 0.353028 -1.511153 -0.03194 20.222797 3.684311 2.316633 18.787273 2e-06 -0.0 10.751629 -0.479869 1.397908 -1e-06 1e-06 1e-06 3.273807 0.305946 -0.580111 21.48682 11.830376 2.266137 8.16293 1e-06 -1e-06 18.399088 -3.798988 -4.940575 3e-06 0.0 -2e-06 6.010517 21.774492 -118.024193 0.169284 -0.173982 125.94648 -6.681243 -0.023257 -9.729933 1.465296 -2.17865 1.644035 -0.0 0.0 2e-06 -49.448853 -44.350517 -61.537575 1.42371 0.831807 127.142525 14.204898 47.230068 -25.938503 -1.478073 0.240699 2.963671 0.0 0.0 -1e-06 
0.0 0.0 0.0 0.0 -0.0 0.0 -0.598026 38.456829 4.356933 -3.239701 -0.533613 2.578243 -3.367265 -3.260547 20.29003 -1.145189 -1.180862 5.263785 0.912455 -5.714977 18.611864 -10.509738 6.593404 -4.441116 2.247335 9.138803 -3.300048 -1.763849 11.276396 -9.047241 7.8e-05 -2.3e-05 6e-06 -0.031065 0.054816 -0.000918 0.697073 -3.60118 -10.434858 -0.773919 3.719615 -10.440103 2.697649 -13.908917 2.816427 -8.703056 -54.487587 -19.002438 -14.130328 -84.154205 15.050407 6.573572 4.037134 45.128979 -5.882107 9.861287 0.70259 -10.936873 -0.360575 7.156209 0.0 8.774824 -0.0 -17.263329 17.091051 6.052887 -1.844033 2.498504 -2.507279 -10.163601 4.678946 4.62111 -20.976027 -5e-06 2e-06 -21.226292 2.451697 -3.594001 2e-06 -6e-06 -1e-06 -1.362682 2.240798 -0.746324 -21.334917 0.584908 3.008324 -13.821217 -2e-06 2e-06 -23.887173 -0.249081 -0.839483 -60.783283 2.303816 -0.044351 -0.294025 1.679687 0.833256 -14.21821 0.093214 1.300581 -34.212048 -0.287566 0.967171 -20.033215 0.964537 1.212847 -1e-06 -1e-06 1e-06 -3.440389 0.788233 0.501656 -15.928189 -3.16731 2.999709 -6.338828 -1e-06 1e-06 -18.123447 3.64818 -4.905669 -4e-06 1e-06 -3e-06 -3.989247 27.882587 2.3196 74.679001 35.214466 -10.920127 -175.734283 67.195557 -176.030472 -26.669828 22.04019 -35.010162 2.24354 -5.255037 -3.180157 14.282888 -0.826592 6.952503 -6e-06 -12.690607 0.0 16.328899 -17.296009 2.182343 1.665665 -1.955922 -2.878298 4.727797 -4.170586 4.993923 11.020526 5e-06 -1e-06 12.10905 -3.735714 -2.866783 0.0 1e-06 -1e-06 1.291985 -1.92855 -1.49809 14.800131 0.56747 3.865608 14.242571 -1.341734 -6.660654 19.631969 0.143929 -0.648241 50.678547 -0.872207 -5.971493 0.353029 -1.511152 -0.03194 20.222794 3.684315 2.316631 18.787271 7e-06 0.0 10.751629 -0.479869 1.397907 -1e-06 0.0 -0.0 3.273806 0.305947 -0.58011 21.486818 11.830379 2.266133 8.162928 4e-06 -1e-06 18.399078 -3.798984 -4.940573 3e-06 0.0 -1e-06 6.011507 21.75526 -118.046135 0.161618 -0.173036 125.927505 -6.723291 -0.024252 -9.763015 1.464675 -2.179096 1.676448 -0.0 -1e-06 2e-06 -49.365681 -44.374725 -61.584908 1.430607 0.82734 127.115082 14.283315 47.173916 -25.804386 -1.475643 0.235343 2.928134 0.0 0.0 -1e-06 
0.0 0.0 0.0 0.0 -0.0 0.0 -0.590066 38.488148 4.377664 -3.256535 -0.529055 2.627339 -3.351737 -3.255848 20.289 -1.144187 -1.193317 5.264042 0.91735 -5.726142 18.665926 -10.388388 6.584425 -4.389916 2.275155 9.140558 -3.297538 -1.698445 11.268822 -9.019094 7.8e-05 -2.3e-05 7e-06 -0.029117 0.050692 -0.000897 0.69825 -3.605616 -10.438466 -0.77082 3.71581 -10.44496 2.678149 -13.899274 2.825592 -9.225807 -54.493488 -18.854689 -13.990207 -84.319832 14.940708 6.557638 4.025318 45.277927 -5.882106 9.861287 0.702589 -10.936877 -0.360578 7.156211 1e-06 8.774829 -2e-06 -17.209204 17.081486 6.100058 -1.844033 2.498506 -2.507279 -10.163603 4.678944 4.621111 -20.97603 -8e-06 3e-06 -21.226292 2.451691 -3.593999 1e-06 -6e-06 -1e-06 -1.362682 2.2408 -0.746324 -21.334921 0.584905 3.008327 -13.821218 -5e-06 3e-06 -23.887178 -0.249083 -0.839479 -60.727268 2.348177 -0.029729 -0.294025 1.679687 0.833256 -14.218215 0.093211 1.300582 -34.212067 -0.287569 0.967177 -20.033222 0.964535 1.212849 -1e-06 -1e-06 1e-06 -3.440389 0.788232 0.501656 -15.928192 -3.167314 2.999711 -6.338829 -3e-06 1e-06 -18.123453 3.64818 -4.905669 -4e-06 1e-06 -3e-06 -3.950649 27.828579 2.348307 74.702148 35.115341 -10.973711 -176.056015 67.092522 -176.324539 -26.556625 22.109503 -34.714378 2.243543 -5.255036 -3.180158 14.282896 -0.826596 6.952505 -3e-06 -12.690609 0.0 16.317633 -17.31678 2.199869 1.665666 -1.955923 -2.878299 4.7278 -4.170589 4.993925 11.020529 3e-06 0.0 12.109053 -3.735717 -2.866783 1e-06 1e-06 -0.0 1.291985 -1.928549 -1.498089 14.800132 0.567468 3.865609 14.242576 -1.341736 -6.660658 19.631973 0.143928 -0.648243 50.656548 -0.873673 -5.948434 0.353028 -1.51115 -0.031939 20.222797 3.684311 2.316633 18.787273 5e-06 -0.0 10.751631 -0.479869 1.397907 0.0 0.0 -0.0 3.273808 0.305948 -0.58011 21.48682 11.830379 2.266136 8.16293 3e-06 -0.0 18.399088 -3.798988 -4.940574 3e-06 0.0 -1e-06 6.020067 21.742222 -118.044861 0.152423 -0.167366 125.919472 -6.7864 -0.034985 -9.830322 1.465606 -2.177968 1.701169 0.0 0.0 2e-06 -49.303867 -44.403389 -61.581116 1.431816 0.826112 127.076874 14.337063 47.130165 -25.721731 -1.471924 0.227126 2.907462 0.0 0.0 -1e-06 
0.0 0.0 0.0 0.0 -0.0 0.0 -0.579484 38.52203 4.418548 -3.264818 -0.525563 2.679351 -3.351817 -3.25592 20.285007 -1.142708 -1.202307 5.274122 0.92335 -5.730714 18.708511 -10.272973 6.588125 -4.340605 2.307323 9.127053 -3.294049 -1.635355 11.269903 -8.977371 7.7e-05 -2.3e-05 7e-06 -0.025845 0.044461 0.000786 0.700742 -3.613085 -10.441192 -0.766306 3.710759 -10.448692 2.644052 -13.90785 2.847134 -9.747316 -54.494667 -18.700829 -13.821458 -84.482002 14.780408 6.57373 3.992818 45.490658 -5.882103 9.861284 0.70259 -10.936868 -0.360577 7.156207 1e-06 8.77482 -0.0 -17.160818 17.091623 6.138236 -1.844032 2.498503 -2.507278 -10.163595 4.678943 4.621109 -20.976017 -5e-06 2e-06 -21.226284 2.451694 -3.594 2e-06 -6e-06 -1e-06 -1.362681 2.240796 -0.746323 -21.334911 0.584909 3.008323 -13.821213 -2e-06 2e-06 -23.887167 -0.24908 -0.839484 -60.662025 2.386212 -0.047513 -0.294024 1.679688 0.833256 -14.218205 0.093214 1.300581 -34.212048 -0.287564 0.967173 -20.033207 0.964536 1.212846 -1e-06 -1e-06 2e-06 -3.440388 0.788231 0.501656 -15.928183 -3.16731 2.999708 -6.338824 -1e-06 0.0 -18.123444 3.648181 -4.905668 -5e-06 2e-06 -3e-06 -3.924397 27.785675 2.390954 74.753731 35.035046 -11.006052 -176.281067 66.98877 -176.535202 -26.440758 22.179661 -34.448627 2.243543 -5.255036 -3.180157 14.282893 -0.826596 6.952504 -2e-06 -12.690603 1e-06 16.314669 -17.333332 2.216164 1.665668 -1.955922 -2.878299 4.7278 -4.170588 4.993924 11.020528 0.0 -2e-06 12.109055 -3.735716 -2.866785 0.0 1e-06 -0.0 1.291986 -1.928552 -1.498088 14.800131 0.567466 3.865607 14.242576 -1.341735 -6.660661 19.631973 0.143928 -0.648248 50.642628 -0.871197 -5.943137 0.35303 -1.51115 -0.03194 20.222797 3.684309 2.316627 18.787279 3e-06 -4e-06 10.751629 -0.479868 1.397905 -1e-06 1e-06 1e-06 3.273808 0.305946 -0.580111 21.486818 11.830371 2.266132 8.16293 1e-06 -2e-06 18.399088 -3.798985 -4.940577 4e-06 0.0 -1e-06 6.008694 21.743492 -118.035339 0.143702 -0.162152 125.93103 -6.820161 -0.071634 -9.914923 1.466175 -2.172205 1.713527 0.0 0.0 2e-06 -49.28323 -44.46022 -61.532814 1.430676 0.826395 127.030525 14.363606 47.101902 -25.664413 -1.4678 0.220238 2.89963 0.0 0.0 -1e-06 
0.0 0.0 0.0 0.0 -0.0 0.0 -0.56792 38.554649 4.481588 -3.270996 -0.519979 2.735116 -3.360983 -3.262821 20.277044 -1.13654 -1.211224 5.285936 0.92722 -5.73112 18.740898 -10.149976 6.584301 -4.285428 2.335356 9.133386 -3.288826 -1.581461 11.275825 -8.945191 7.8e-05 -2.3e-05 7e-06 -0.023078 0.040176 0.00362 0.703444 -3.616799 -10.438633 -0.763123 3.705831 -10.446396 2.601415 -13.917256 2.88183 -10.262166 -54.513287 -18.552912 -13.784234 -84.630707 14.721163 6.611367 3.944666 45.726871 -5.882107 9.861284 0.70259 -10.936873 -0.360575 7.156209 1e-06 8.774824 -2e-06 -17.132185 17.119453 6.161052 -1.844032 2.498503 -2.507279 -10.163603 4.678944 4.62111 -20.976027 -5e-06 2e-06 -21.226292 2.451694 -3.594 1e-06 -6e-06 -0.0 -1.362681 2.240798 -0.746324 -21.334917 0.584907 3.008325 -13.821217 -5e-06 3e-06 -23.887177 -0.249081 -0.839479 -60.60815 2.419407 -0.086025 -0.294024 1.679689 0.833256 -14.218213 0.093213 1.300581 -34.212051 -0.287567 0.967171 -20.033218 0.964534 1.212845 0.0 -1e-06 1e-06 -3.440389 0.788234 0.501656 -15.928189 -3.167311 2.999709 -6.338828 -1e-06 1e-06 -18.123447 3.648181 -4.905672 -5e-06 2e-06 -1e-06 -3.884797 27.741354 2.449114 74.797531 34.974365 -10.983486 -176.329666 66.890549 -176.593796 -26.296434 22.22917 -34.223179 2.243541 -5.255036 -3.180157 14.282887 -0.826595 6.952506 -2e-06 -12.690601 1e-06 16.305716 -17.339163 2.228013 1.665664 -1.955922 -2.878299 4.727798 -4.170587 4.993925 11.020524 3e-06 -0.0 12.10905 -3.735714 -2.866782 0.0 1e-06 -0.0 1.291985 -1.92855 -1.498089 14.800125 0.567468 3.86561 14.242568 -1.341737 -6.660656 19.631962 0.143924 -0.648241 50.613495 -0.87442 -5.949529 0.353029 -1.51115 -0.03194 20.222786 3.684309 2.316633 18.78727 4e-06 1e-06 10.751627 -0.479869 1.397906 0.0 1e-06 -0.0 3.273806 0.305947 -0.58011 21.486811 11.830372 2.266135 8.162926 2e-06 -0.0 18.39908 -3.798986 -4.940572 3e-06 1e-06 -1e-06 5.990962 21.759579 -118.023621 0.135332 -0.155273 125.966827 -6.80939 -0.136522 -10.014476 1.46681 -2.160465 1.734335 0.0 -0.0 2e-06 -49.298828 -44.525658 -61.436649 1.429062 0.829203 126.980949 14.397969 47.11932 -25.627945 -1.464456 0.216079 2.897653 0.0 0.0 -1e-06 
0.0 0.0 0.0 0.0 -0.0 0.0 -0.554482 38.583881 4.551855 -3.278589 -0.522032 2.781857 -3.375552 -3.279091 20.267469 -1.12871 -1.205667 5.293016 0.930062 -5.732613 18.764317 -10.022546 6.58778 -4.214168 2.360003 9.136164 -3.285278 -1.526617 11.267924 -8.933495 7.7e-05 -2.4e-05 6e-06 -0.017798 0.032889 0.007856 0.708217 -3.62185 -10.43056 -0.757011 3.696056 -10.438263 2.542975 -13.919392 2.9449 -10.757269 -54.552761 -18.443701 -14.187594 -84.744431 15.054628 6.675111 3.877689 45.999012 -5.882103 9.861283 0.702589 -10.936868 -0.360577 7.156204 0.0 8.774824 -1e-06 -17.129076 17.177141 6.176059 -1.844032 2.498505 -2.507277 -10.163597 4.678942 4.621108 -20.976021 -6e-06 2e-06 -21.226284 2.451694 -3.593999 1e-06 -6e-06 -0.0 -1.362681 2.240796 -0.746324 -21.334906 0.584907 3.008323 -13.82121 -4e-06 3e-06 -23.887165 -0.24908 -0.83948 -60.59362 2.443512 -0.134421 -0.294024 1.679688 0.833255 -14.218203 0.093213 1.30058 -34.212036 -0.287567 0.96717 -20.033209 0.964534 1.212843 0.0 -1e-06 1e-06 -3.440387 0.788233 0.501656 -15.928183 -3.167309 2.999707 -6.338825 -1e-06 1e-06 -18.123444 3.64818 -4.905669 -6e-06 2e-06 -3e-06 -3.82549 27.70624 2.496796 74.824936 34.900906 -10.918363 -176.260376 66.795029 -176.565582 -26.123322 22.241028 -34.003807 2.243542 -5.255035 -3.180157 14.282894 -0.826595 6.952506 -3e-06 -12.690605 1e-06 16.306402 -17.342251 2.226735 1.665666 -1.955922 -2.878298 4.727799 -4.170588 4.993924 11.020528 3e-06 -0.0 12.109053 -3.735718 -2.866783 1e-06 1e-06 -0.0 1.291985 -1.928549 -1.498089 14.800132 0.567469 3.865609 14.242572 -1.341736 -6.660655 19.631973 0.143927 -0.648242 50.559494 -0.880835 -5.957728 0.353029 -1.511151 -0.03194 20.222794 3.684311 2.316631 18.787273 5e-06 1e-06 10.751631 -0.479871 1.397907 -1e-06 1e-06 -0.0 3.273807 0.305947 -0.58011 21.486818 11.830376 2.266133 8.16293 2e-06 -2e-06 18.399086 -3.798986 -4.940574 3e-06 1e-06 -2e-06 5.975889 21.786402 -118.00309 0.122017 -0.1464 126.016693 -6.757532 -0.204366 -10.125752 1.466415 -2.144193 1.745217 0.0 0.0 2e-06 -49.338566 -44.585907 -61.317841 1.421844 0.830138 126.930847 14.416499 47.185978 -25.574682 -1.461808 0.215635 2.868954 0.0 0.0 -1e-06 
0.0 0.0 0.0 0.0 -0.0 0.0 -0.538463 38.604279 4.618231 -3.293433 -0.534509 2.816592 -3.384886 -3.297323 20.256088 -1.121151 -1.202048 5.298578 0.922592 -5.730498 18.784298 -9.896872 6.597914 -4.152429 2.372549 9.137397 -3.285688 -1.47166 11.246383 -8.926854 7.7e-05 -2.3e-05 6e-06 -0.013045 0.026767 0.013086 0.712313 -3.62641 -10.421665 -0.75121 3.68786 -10.430454 2.478159 -13.933789 3.014196 -11.22865 -54.600479 -18.292076 -14.361503 -84.850601 15.1448 6.765152 3.828197 46.225304 -5.882107 9.861288 0.70259 -10.936877 -0.360578 7.156214 2e-06 8.774828 -3e-06 -17.149099 17.233547 6.177467 -1.844032 2.498507 -2.507279 -10.163604 4.678944 4.621113 -20.976034 -7e-06 8e-06 -21.226295 2.451698 -3.593997 1e-06 -6e-06 -0.0 -1.362682 2.2408 -0.746324 -21.334925 0.584905 3.00833 -13.821221 -4e-06 6e-06 -23.887182 -0.249079 -0.839476 -60.614624 2.450078 -0.170057 -0.294024 1.679688 0.833256 -14.218217 0.093212 1.300585 -34.21207 -0.287566 0.967182 -20.033226 0.964539 1.212853 -0.0 -0.0 -1e-06 -3.44039 0.788232 0.501656 -15.928196 -3.167314 2.999714 -6.338829 -2e-06 3e-06 -18.123457 3.648181 -4.905669 -5e-06 2e-06 -1e-06 -3.776154 27.664951 2.532682 74.863747 34.829945 -10.814788 -176.161179 66.717773 -176.519775 -25.963934 22.274857 -33.821762 2.243543 -5.255038 -3.180157 14.282896 -0.826597 6.952504 -1e-06 -12.690607 1e-06 16.308161 -17.35475 2.223442 1.665666 -1.955923 -2.878299 4.727801 -4.170588 4.993925 11.02053 -1e-06 -1e-06 12.109055 -3.735718 -2.866784 1e-06 1e-06 -1e-06 1.291986 -1.92855 -1.498088 14.800136 0.567466 3.86561 14.242579 -1.341738 -6.660659 19.631973 0.143923 -0.648245 50.497604 -0.881029 -5.967398 0.353029 -1.511151 -0.031941 20.222801 3.684308 2.316631 18.787281 1e-06 -2e-06 10.751629 -0.479872 1.397905 -1e-06 1e-06 1e-06 3.273808 0.305948 -0.580111 21.48682 11.830374 2.266134 8.16293 -1e-06 -2e-06 18.399092 -3.798989 -4.940578 2e-06 1e-06 -1e-06 5.974931 21.820671 -117.983353 0.108649 -0.137178 126.075256 -6.698734 -0.255491 -10.215497 1.466483 -2.13052 1.767846 0.0 -1e-06 2e-06 -49.385563 -44.643528 -61.203522 1.408435 0.829574 126.885849 14.408578 47.268398 -25.520769 -1.461105 0.216585 2.846741 0.0 0.0 -1e-06 
0.0 0.0 0.0 0.0 -0.0 0.0 -0.527724 38.603287 4.677978 -3.314321 -0.55861 2.833219 -3.386502 -3.321064 20.247528 -1.117895 -1.206152 5.301672 0.912862 -5.725446 18.79772 -9.79926 6.62048 -4.094323 2.376751 9.11503 -3.291146 -1.40898 11.223135 -8.936162 7.7e-05 -2.3e-05 6e-06 -0.010402 0.022808 0.017796 0.714592 -3.62875 -10.41108 -0.747969 3.681719 -10.420865 2.399759 -13.955899 3.068114 -11.664289 -54.660572 -18.082939 -14.369434 -84.914345 15.096103 6.880098 3.778337 46.409111 -5.882104 9.861281 0.70259 -10.93687 -0.360575 7.156204 1e-06 8.774822 -0.0 -17.145216 17.264345 6.183078 -1.844032 2.498502 -2.507277 -10.163597 4.678943 4.621109 -20.976021 -7e-06 3e-06 -21.226284 2.451694 -3.593997 1e-06 -6e-06 1e-06 -1.362681 2.240797 -0.746324 -21.334913 0.584908 3.008323 -13.821213 -3e-06 3e-06 -23.887167 -0.249082 -0.839482 -60.623203 2.442906 -0.185 -0.294025 1.679687 0.833256 -14.218206 0.093211 1.300581 -34.212048 -0.287566 0.967173 -20.033209 0.964536 1.212845 0.0 -1e-06 -0.0 -3.440388 0.788232 0.501656 -15.928185 -3.16731 2.999707 -6.338826 -2e-06 1e-06 -18.123444 3.64818 -4.905669 -5e-06 1e-06 -1e-06 -3.754768 27.619934 2.55779 74.943352 34.784283 -10.711967 -176.124557 66.681808 -176.536209 -25.843618 22.350769 -33.687622 2.24354 -5.255033 -3.180157 14.282883 -0.826594 6.952497 -3e-06 -12.690599 1e-06 16.309923 -17.370153 2.210561 1.665666 -1.955921 -2.878298 4.727797 -4.170585 4.99392 11.020522 3e-06 -2e-06 12.109047 -3.735713 -2.866784 -0.0 1e-06 -1e-06 1.291984 -1.928549 -1.498089 14.800122 0.567469 3.865604 14.242565 -1.341735 -6.660656 19.631958 0.143929 -0.648245 50.430214 -0.873592 -5.980532 0.353029 -1.511148 -0.03194 20.222784 3.684308 2.316627 18.787266 8e-06 -2e-06 10.751622 -0.479865 1.397904 -1e-06 1e-06 -0.0 3.273806 0.305947 -0.58011 21.486807 11.830372 2.266131 8.162922 3e-06 -2e-06 18.399073 -3.798981 -4.940572 3e-06 1e-06 -1e-06 5.996861 21.873999 -117.976303 0.100137 -0.130175 126.148376 -6.645917 -0.281471 -10.266526 1.466226 -2.118929 1.801175 0.0 -1e-06 2e-06 -49.449955 -44.696518 -61.101173 1.389975 0.827091 126.86676 14.360533 47.348232 -25.480404 -1.462654 0.221822 2.82443 0.0 0.0 -1e-06 
0.0 0.0 0.0 0.0 -0.0 0.0 -0.524227 38.585712 4.732937 -3.335433 -0.596998 2.819982 -3.388493 -3.349 20.244791 -1.123228 -1.205415 5.304611 0.909341 -5.72583 18.806406 -9.711527 6.635314 -4.035322 2.376508 9.077089 -3.294889 -1.348209 11.221638 -8.95433 7.7e-05 -2.3e-05 6e-06 -0.010067 0.021746 0.01956 0.715784 -3.6281 -10.403359 -0.748266 3.67858 -10.412204 2.311139 -13.991359 3.117434 -12.082974 -54.726231 -17.898359 -14.680606 -84.914658 15.395803 6.991993 3.716775 46.501434 -5.882109 9.861292 0.70259 -10.936879 -0.360575 7.156209 2e-06 8.774831 -1e-06 -17.120132 17.262377 6.189308 -1.844034 2.498504 -2.507279 -10.163606 4.678943 4.62111 -20.97604 -8e-06 4e-06 -21.226299 2.451695 -3.593999 1e-06 -6e-06 -0.0 -1.362682 2.240798 -0.746324 -21.334929 0.584906 3.008323 -13.821223 -6e-06 2e-06 -23.887188 -0.249083 -0.839482 -60.626892 2.431452 -0.192138 -0.294024 1.679688 0.833256 -14.218219 0.093213 1.30058 -34.21207 -0.287569 0.967173 -20.03323 0.964535 1.212844 0.0 1e-06 0.0 -3.44039 0.788233 0.501655 -15.928198 -3.167314 2.999708 -6.33883 -1e-06 1e-06 -18.123457 3.64818 -4.905673 -4e-06 3e-06 -3e-06 -3.755706 27.580839 2.560812 75.041847 34.753006 -10.625635 -176.151474 66.692123 -176.607132 -25.786135 22.427919 -33.501633 2.243542 -5.255036 -3.180158 14.282894 -0.826596 6.952506 -2e-06 -12.690606 1e-06 16.332672 -17.372553 2.193524 1.665665 -1.955922 -2.878299 4.727798 -4.170588 4.993925 11.020527 3e-06 -1e-06 12.109052 -3.735716 -2.866785 0.0 2e-06 -0.0 1.291986 -1.928551 -1.498089 14.800131 0.567468 3.865609 14.242572 -1.341737 -6.660655 19.631969 0.143925 -0.648243 50.411179 -0.861362 -5.98849 0.35303 -1.511149 -0.03194 20.222797 3.68431 2.316632 18.787279 4e-06 -0.0 10.751632 -0.479868 1.397905 -1e-06 2e-06 2e-06 3.273806 0.305946 -0.58011 21.486814 11.830377 2.266135 8.162927 3e-06 -1e-06 18.399082 -3.798986 -4.940574 2e-06 0.0 -1e-06 6.051304 21.939322 -117.953041 0.093388 -0.1273 126.234161 -6.57329 -0.314296 -10.289689 1.463657 -2.113993 1.822566 -0.0 0.0 2e-06 -49.542969 -44.743042 -60.993946 1.373199 0.816261 126.870766 14.286213 47.453835 -25.422266 -1.464647 0.231758 2.751579 0.0 0.0 -1e-06 
0.0 0.0 0.0 0.0 -0.0 0.0 -0.524533 38.559387 4.782638 -3.352566 -0.647422 2.790659 -3.390863 -3.377721 20.245604 -1.134923 -1.208233 5.302216 0.902369 -5.728921 18.814054 -9.616187 6.653035 -3.970603 2.372248 9.03338 -3.291412 -1.317738 11.248688 -8.998096 7.7e-05 -2.3e-05 7e-06 -0.008119 0.01746 0.019832 0.717312 -3.629719 -10.393232 -0.745824 3.671431 -10.399519 2.215408 -14.023952 3.148596 -12.431537 -54.821938 -17.781578 -15.477979 -84.82312 16.219236 7.082119 3.658125 46.439384 -5.882108 9.861288 0.702589 -10.936877 -0.360579 7.156211 2e-06 8.774831 -2e-06 -17.078623 17.251266 6.186258 -1.844033 2.498505 -2.507279 -10.163606 4.678944 4.621109 -20.976036 -7e-06 2e-06 -21.226301 2.451693 -3.594001 1e-06 -6e-06 -0.0 -1.362682 2.2408 -0.746324 -21.334929 0.584904 3.008325 -13.821223 -6e-06 3e-06 -23.887184 -0.249081 -0.83948 -60.637669 2.410892 -0.178024 -0.294025 1.679688 0.833256 -14.218217 0.093212 1.300582 -34.212074 -0.287569 0.967174 -20.033226 0.964536 1.212848 0.0 -0.0 0.0 -3.44039 0.788233 0.501656 -15.928198 -3.167313 2.99971 -6.33883 -2e-06 1e-06 -18.123455 3.64818 -4.905672 -4e-06 1e-06 -3e-06 -3.768889 27.550255 2.5659 75.144066 34.745811 -10.544597 -176.163712 66.722855 -176.681396 -25.761248 22.53982 -33.249924 2.243542 -5.255037 -3.180158 14.282896 -0.826594 6.952508 -2e-06 -12.690607 0.0 16.371145 -17.35947 2.184429 1.665666 -1.955923 -2.878299 4.7278 -4.170588 4.993926 11.02053 2e-06 -0.0 12.109055 -3.735716 -2.866783 -0.0 2e-06 -0.0 1.291986 -1.92855 -1.498089 14.800132 0.567467 3.865612 14.242578 -1.341737 -6.660659 19.631975 0.143924 -0.648245 50.442066 -0.853795 -5.975845 0.353029 -1.51115 -0.031939 20.222797 3.68431 2.316634 18.787279 3e-06 0.0 10.751631 -0.479869 1.397907 -1e-06 1e-06 1e-06 3.273807 0.305948 -0.580111 21.48682 11.830379 2.266136 8.16293 2e-06 -0.0 18.399092 -3.798987 -4.940576 3e-06 1e-06 -2e-06 6.112274 22.014612 -117.922455 0.089672 -0.131111 126.324158 -6.487898 -0.320627 -10.305148 1.460647 -2.114271 1.832538 -0.0 0.0 2e-06 -49.647079 -44.797802 -60.897816 1.358278 0.802488 126.887749 14.263289 47.586094 -25.339735 -1.467148 0.243979 2.67139 0.0 0.0 -1e-06 
0.0 0.0 0.0 0.0 -0.0 0.0 -0.52356 38.532597 4.828806 -3.367422 -0.712894 2.74656 -3.398921 -3.407033 20.254311 -1.147723 -1.214606 5.296855 0.894427 -5.733346 18.825089 -9.505858 6.665841 -3.903922 2.352731 8.999808 -3.280979 -1.313561 11.300898 -9.054422 7.7e-05 -2.2e-05 7e-06 -0.004613 0.009375 0.018055 0.719204 -3.634808 -10.384919 -0.740614 3.660357 -10.387309 2.106426 -14.059751 3.191535 -12.659088 -54.934193 -17.781235 -16.616899 -84.6371 17.40097 7.150815 3.572104 46.310966 -5.882109 9.86129 0.70259 -10.936877 -0.360575 7.156212 0.0 8.774831 -1e-06 -17.03787 17.237467 6.181077 -1.844033 2.498507 -2.50728 -10.163605 4.678948 4.621113 -20.976034 -5e-06 3e-06 -21.226297 2.451697 -3.594002 1e-06 -6e-06 1e-06 -1.362682 2.240799 -0.746325 -21.334929 0.584909 3.008327 -13.82122 -2e-06 3e-06 -23.887182 -0.249079 -0.839481 -60.655018 2.386049 -0.14639 -0.294025 1.679688 0.833257 -14.218217 0.093215 1.300582 -34.212067 -0.287563 0.967175 -20.033228 0.964539 1.212847 -0.0 0.0 -0.0 -3.44039 0.788235 0.501656 -15.928196 -3.167313 2.999711 -6.33883 -1e-06 1e-06 -18.123459 3.648185 -4.905673 -5e-06 1e-06 -2e-06 -3.77248 27.533321 2.568446 75.216637 34.751465 -10.500659 -176.170792 66.786263 -176.753937 -25.727312 22.658066 -33.037731 2.243544 -5.255039 -3.180161 14.282903 -0.826596 6.952507 -3e-06 -12.690614 1e-06 16.402512 -17.324095 2.181892 1.665668 -1.955922 -2.878301 4.727804 -4.170589 4.993929 11.020537 2e-06 -2e-06 12.109062 -3.735717 -2.866786 1e-06 1e-06 -0.0 1.291986 -1.928552 -1.49809 14.800142 0.567468 3.86561 14.242584 -1.341738 -6.660662 19.631985 0.143924 -0.648246 50.497181 -0.852102 -5.958301 0.353029 -1.511153 -0.03194 20.222811 3.684313 2.316633 18.787292 6e-06 -1e-06 10.751637 -0.479869 1.397908 -1e-06 0.0 1e-06 3.27381 0.305948 -0.580112 21.486834 11.830382 2.266135 8.162935 1e-06 -2e-06 18.399099 -3.798988 -4.940579 2e-06 0.0 -1e-06 6.179646 22.098974 -117.871529 0.089725 -0.139501 126.415482 -6.414954 -0.314648 -10.333475 1.457326 -2.119467 1.839614 0.0 0.0 2e-06 -49.740803 -44.856293 -60.818623 1.345097 0.794841 126.904533 14.259781 47.737106 -25.26634 -1.468329 0.250052 2.60077 0.0 0.0 -1e-06 
0.0 0.0 0.0 0.0 -0.0 0.0 -0.511139 38.511272 4.858286 -3.379054 -0.778944 2.694897 -3.406594 -3.428843 20.267736 -1.153908 -1.219384 5.290191 0.889842 -5.743679 18.836102 -9.392483 6.670227 -3.832493 2.315981 8.982444 -3.273078 -1.327274 11.349466 -9.092003 7.7e-05 -2.3e-05 7e-06 -0.00459 0.006133 0.01407 0.718412 -3.63495 -10.380092 -0.739667 3.654006 -10.379029 2.002451 -14.109243 3.249986 -12.793016 -55.054127 -17.838736 -17.483906 -84.407318 18.327547 7.203455 3.482928 46.219994 -5.88211 9.861292 0.70259 -10.936878 -0.360574 7.156211 2e-06 8.774828 -0.0 -17.015429 17.230198 6.18127 -1.844034 2.498505 -2.50728 -10.163605 4.678946 4.621113 -20.976038 -5e-06 2e-06 -21.226301 2.451696 -3.594001 1e-06 -6e-06 -1e-06 -1.362682 2.240798 -0.746324 -21.334929 0.58491 3.008325 -13.82122 -3e-06 2e-06 -23.887184 -0.249082 -0.839482 -60.666828 2.371408 -0.098484 -0.294025 1.679688 0.833256 -14.218217 0.093213 1.300582 -34.212067 -0.287565 0.967174 -20.033226 0.964536 1.212846 -1e-06 0.0 0.0 -3.44039 0.788232 0.501656 -15.928196 -3.167311 2.99971 -6.33883 -0.0 1e-06 -18.123459 3.648183 -4.905673 -6e-06 0.0 -1e-06 -3.744276 27.518425 2.566291 75.222206 34.75481 -10.507274 -176.175583 66.860725 -176.804108 -25.663988 22.720697 -32.90757 2.243541 -5.255037 -3.180158 14.282896 -0.826596 6.952508 -4e-06 -12.690605 2e-06 16.425697 -17.27733 2.178931 1.665665 -1.955921 -2.878299 4.727801 -4.170588 4.993927 11.020528 1e-06 1e-06 12.109053 -3.735716 -2.866783 1e-06 1e-06 -1e-06 1.291985 -1.928549 -1.498089 14.800132 0.567468 3.865612 14.242575 -1.341738 -6.660656 19.631973 0.143925 -0.648243 50.534721 -0.85883 -5.933458 0.35303 -1.511149 -0.03194 20.222801 3.68431 2.316635 18.787279 2e-06 3e-06 10.751631 -0.479872 1.397907 -1e-06 0.0 1e-06 3.273809 0.305948 -0.58011 21.486822 11.830378 2.266138 8.16293 1e-06 1e-06 18.39909 -3.798988 -4.940573 3e-06 0.0 -2e-06 6.23095 22.163246 -117.813896 0.095881 -0.150508 126.490173 -6.363382 -0.319465 -10.362145 1.453715 -2.132031 1.831294 -0.0 -1e-06 2e-06 -49.801678 -44.910233 -60.777489 1.340757 0.796254 126.905998 14.251966 47.894138 -25.181021 -1.467886 0.249306 2.538568 0.0 0.0 -1e-06 
0.0 0.0 0.0 0.0 -0.0 0.0 -0.488481 38.498241 4.871877 -3.397509 -0.843412 2.649031 -3.403012 -3.443117 20.26845 -1.151399 -1.221508 5.287725 0.894349 -5.761241 18.85182 -9.309887 6.682731 -3.7559 2.265942 8.976567 -3.27459 -1.34176 11.368166 -9.096191 7.7e-05 -2.2e-05 7e-06 -0.007393 0.007574 0.010056 0.716691 -3.632493 -10.380507 -0.743419 3.654444 -10.377623 1.891145 -14.160765 3.314501 -12.848976 -55.169186 -17.89567 -17.875784 -84.18615 18.768316 7.2453 3.430536 46.196758 -5.88211 9.861292 0.70259 -10.936881 -0.360577 7.156209 2e-06 8.77483 -1e-06 -17.003819 17.229706 6.189497 -1.844034 2.498506 -2.50728 -10.163607 4.678948 4.621111 -20.976044 -8e-06 1e-06 -21.226305 2.451694 -3.594002 2e-06 -6e-06 -1e-06 -1.362683 2.240798 -0.746324 -21.33493 0.584906 3.008323 -13.821225 -5e-06 0.0 -23.88719 -0.249085 -0.839484 -60.667286 2.378018 -0.057862 -0.294025 1.679687 0.833257 -14.218223 0.093212 1.300579 -34.212082 -0.287568 0.967171 -20.033232 0.964534 1.212843 0.0 1e-06 0.0 -3.440392 0.788234 0.501656 -15.928201 -3.167314 2.999707 -6.338833 -2e-06 0.0 -18.123461 3.64818 -4.905674 -5e-06 1e-06 -3e-06 -3.6958 27.507563 2.541947 75.156387 34.748375 -10.557284 -176.193817 66.937119 -176.832458 -25.567533 22.709963 -32.839325 2.243541 -5.255037 -3.180158 14.2829 -0.826593 6.952508 -5e-06 -12.690608 1e-06 16.443336 -17.248148 2.176136 1.665666 -1.955921 -2.878299 4.727801 -4.170588 4.993927 11.020532 3e-06 0.0 12.109056 -3.735715 -2.866782 1e-06 1e-06 -1e-06 1.291986 -1.928549 -1.498089 14.800139 0.567469 3.865613 14.242579 -1.341737 -6.660657 19.631977 0.143927 -0.648241 50.528214 -0.873127 -5.911871 0.353029 -1.511152 -0.031939 20.222807 3.684314 2.316636 18.787287 7e-06 4e-06 10.751636 -0.47987 1.397908 -1e-06 0.0 1e-06 3.273809 0.305948 -0.580111 21.486832 11.830383 2.266137 8.162933 3e-06 -0.0 18.399099 -3.798988 -4.940575 2e-06 0.0 -1e-06 6.27799 22.203932 -117.761276 0.108016 -0.165856 126.544777 -6.342688 -0.338019 -10.400229 1.450312 -2.138691 1.808177 -0.0 0.0 2e-06 -49.808208 -44.946239 -60.782368 1.3406 0.804616 126.89119 14.30513 48.005379 -25.03875 -1.467221 0.24925 2.496757 0.0 0.0 -1e-06 
0.0 0.0 0.0 0.0 -0.0 0.0 -0.457826 38.489334 4.873762 -3.423702 -0.910242 2.616548 -3.386616 -3.441873 20.251007 -1.144837 -1.224808 5.286049 0.915953 -5.782518 18.882915 -9.267868 6.70643 -3.688155 2.229462 8.975115 -3.281841 -1.354988 11.355461 -9.059175 7.7e-05 -2.3e-05 7e-06 -0.012046 0.013222 0.005449 0.713877 -3.628133 -10.386132 -0.74981 3.6614 -10.384414 1.796043 -14.20823 3.390624 -12.853792 -55.269741 -17.942854 -17.770552 -84.009064 18.702099 7.278843 3.414103 46.198746 -5.882107 9.861284 0.702589 -10.936873 -0.360577 7.156207 1e-06 8.774827 -1e-06 -16.999767 17.244169 6.208844 -1.844033 2.498504 -2.507279 -10.163603 4.678944 4.621109 -20.97603 -6e-06 1e-06 -21.226292 2.451692 -3.594002 1e-06 -6e-06 -1e-06 -1.362682 2.240798 -0.746324 -21.334921 0.584906 3.008321 -13.821218 -4e-06 1e-06 -23.887178 -0.249085 -0.839482 -60.666832 2.408261 -0.037513 -0.294024 1.679688 0.833256 -14.218212 0.093213 1.300579 -34.212063 -0.287571 0.96717 -20.033218 0.964534 1.212845 0.0 -0.0 0.0 -3.440389 0.788235 0.501655 -15.928189 -3.16731 2.999707 -6.338829 -2e-06 -0.0 -18.123453 3.648179 -4.905672 -5e-06 1e-06 -4e-06 -3.649836 27.514454 2.514164 75.047646 34.750072 -10.660863 -176.230606 67.029594 -176.867584 -25.463526 22.648445 -32.797558 2.243541 -5.255038 -3.180158 14.282895 -0.826593 6.952502 -4e-06 -12.69061 1e-06 16.447403 -17.23971 2.191952 1.665666 -1.955921 -2.878299 4.727798 -4.170588 4.993924 11.020528 3e-06 -2e-06 12.109054 -3.735717 -2.866783 0.0 1e-06 -1e-06 1.291986 -1.928551 -1.49809 14.800132 0.56747 3.865608 14.242576 -1.341737 -6.660657 19.631973 0.143927 -0.648243 50.492432 -0.887304 -5.882631 0.35303 -1.511151 -0.031938 20.222797 3.684313 2.316631 18.787279 8e-06 0.0 10.751631 -0.47987 1.397907 -1e-06 0.0 1e-06 3.273807 0.305947 -0.58011 21.48682 11.830383 2.266133 8.162928 3e-06 -2e-06 18.399086 -3.798983 -4.940576 2e-06 0.0 -2e-06 6.316392 22.234177 -117.72834 0.11916 -0.180386 126.586235 -6.34016 -0.352485 -10.460685 1.448177 -2.142946 1.793857 -0.0 0.0 2e-06 -49.765274 -44.976059 -60.836536 1.348138 0.812059 126.866478 14.405901 48.075191 -24.858019 -1.465616 0.247346 2.480252 0.0 0.0 -1e-06 
0.0 0.0 0.0 0.0 -0.0 0.0 -0.419649 38.482811 4.870874 -3.445349 -0.968861 2.589762 -3.364851 -3.431462 20.229633 -1.137094 -1.238696 5.2868 0.954162 -5.806381 18.928036 -9.266659 6.733531 -3.635893 2.209247 8.983483 -3.290815 -1.377576 11.324775 -9.012499 7.8e-05 -2.3e-05 7e-06 -0.015187 0.017565 0.002344 0.713466 -3.626606 -10.397022 -0.755519 3.668629 -10.399769 1.712268 -14.252905 3.462527 -12.807907 -55.329288 -17.958319 -17.166075 -83.894142 18.160616 7.326485 3.395423 46.186985 -5.882103 9.861282 0.70259 -10.936868 -0.360575 7.156204 1e-06 8.774824 -2e-06 -16.991425 17.261919 6.226218 -1.844032 2.498503 -2.507277 -10.163597 4.678941 4.621108 -20.976017 -5e-06 5e-06 -21.22628 2.451695 -3.593996 1e-06 -6e-06 -0.0 -1.362681 2.240798 -0.746323 -21.334911 0.584906 3.008323 -13.82121 -4e-06 4e-06 -23.887165 -0.249078 -0.839479 -60.646397 2.447323 -0.051702 -0.294025 1.679687 0.833255 -14.218204 0.093214 1.300581 -34.212044 -0.287566 0.967174 -20.033209 0.964535 1.212846 0.0 -0.0 -0.0 -3.440387 0.788232 0.501656 -15.928183 -3.16731 2.999707 -6.338825 -1e-06 1e-06 -18.123444 3.64818 -4.905668 -5e-06 0.0 -3e-06 -3.607362 27.540686 2.495305 74.910889 34.7673 -10.796129 -176.250305 67.110252 -176.865723 -25.332203 22.542139 -32.732048 2.243542 -5.255039 -3.180158 14.282891 -0.826595 6.952502 -3e-06 -12.690607 -0.0 16.42535 -17.247452 2.214296 1.665667 -1.955921 -2.878299 4.727799 -4.170588 4.993923 11.020528 3e-06 -4e-06 12.109052 -3.735717 -2.866785 0.0 1e-06 -1e-06 1.291986 -1.928548 -1.49809 14.800129 0.567468 3.865604 14.242574 -1.341736 -6.66066 19.631969 0.143927 -0.648248 50.430634 -0.897383 -5.854847 0.353028 -1.511152 -0.03194 20.222794 3.684312 2.316629 18.787271 6e-06 -1e-06 10.75163 -0.479868 1.397906 -1e-06 0.0 1e-06 3.273808 0.305947 -0.580111 21.486814 11.830376 2.266131 8.162928 2e-06 -2e-06 18.39908 -3.798985 -4.940578 2e-06 -0.0 -1e-06 6.340832 22.241423 -117.703056 0.124158 -0.188443 126.621643 -6.35579 -0.336151 -10.538321 1.44903 -2.15091 1.792354 -0.0 0.0 2e-06 -49.720356 -44.998409 -60.898125 1.358437 0.82246 126.831604 14.522938 48.126434 -24.687912 -1.462136 0.241625 2.502537 0.0 0.0 -1e-06 
0.0 0.0 0.0 0.0 -0.0 0.0 -0.381126 38.479362 4.880986 -3.460109 -1.025992 2.546928 -3.347357 -3.415082 20.20829 -1.128351 -1.257319 5.29532 1.008825 -5.83613 18.979879 -9.297022 6.764603 -3.584102 2.205388 8.990585 -3.305575 -1.404148 11.279716 -8.968086 7.7e-05 -2.3e-05 7e-06 -0.015965 0.019283 0.00191 0.715322 -3.62824 -10.405381 -0.758803 3.673688 -10.412273 1.63553 -14.29662 3.546799 -12.743259 -55.328716 -17.939817 -16.164082 -83.833977 17.207367 7.372885 3.348432 46.16293 -5.882107 9.861286 0.702591 -10.936875 -0.360574 7.15621 0.0 8.774826 -2e-06 -16.980902 17.29718 6.242892 -1.844032 2.498505 -2.507277 -10.163603 4.678945 4.62111 -20.97603 -3e-06 5e-06 -21.226295 2.451698 -3.593998 1e-06 -6e-06 -0.0 -1.362682 2.240799 -0.746324 -21.334921 0.584909 3.008328 -13.821218 -2e-06 3e-06 -23.887173 -0.249077 -0.839479 -60.628857 2.47173 -0.084922 -0.294026 1.679686 0.833256 -14.218214 0.093213 1.300584 -34.212063 -0.287561 0.967176 -20.03322 0.964539 1.212846 -1e-06 0.0 0.0 -3.440389 0.788233 0.501656 -15.928191 -3.167311 2.999711 -6.338828 -1e-06 2e-06 -18.123451 3.648183 -4.905669 -5e-06 1e-06 -4e-06 -3.56014 27.589647 2.502104 74.767525 34.806072 -10.973627 -176.312164 67.165573 -176.860809 -25.183899 22.369942 -32.690292 2.243543 -5.255037 -3.180158 14.282897 -0.826597 6.952507 -2e-06 -12.690606 2e-06 16.398085 -17.273659 2.235355 1.665667 -1.955923 -2.878299 4.727801 -4.17059 4.993927 11.020533 0.0 -0.0 12.109058 -3.735718 -2.866784 1e-06 1e-06 -1e-06 1.291986 -1.928549 -1.498089 14.800136 0.567465 3.86561 14.242577 -1.341739 -6.660659 19.631973 0.143922 -0.648244 50.373322 -0.905078 -5.83411 0.353029 -1.511152 -0.03194 20.222801 3.684305 2.316633 18.787283 2e-06 0.0 10.751634 -0.479871 1.397906 -1e-06 1e-06 1e-06 3.273808 0.305948 -0.580111 21.486818 11.83037 2.266135 8.16293 1e-06 -1e-06 18.399094 -3.798989 -4.940577 2e-06 1e-06 -2e-06 6.363159 22.258535 -117.6464 0.123189 -0.18692 126.669342 -6.351538 -0.324364 -10.642216 1.451157 -2.159466 1.801077 -0.0 0.0 2e-06 -49.715061 -45.017311 -60.906757 1.366323 0.836452 126.790466 14.612727 48.186661 -24.570778 -1.456729 0.229207 2.530195 0.0 1e-06 -1e-06 
0.0 0.0 0.0 0.0 -0.0 0.0 -0.355061 38.476227 4.906167 -3.469973 -1.081519 2.507926 -3.331778 -3.400981 20.182615 -1.121839 -1.270903 5.308496 1.076198 -5.857549 19.018255 -9.348318 6.803573 -3.520309 2.223941 8.978263 -3.3166 -1.460652 11.220974 -8.96193 7.7e-05 -2.2e-05 8e-06 -0.015279 0.019185 0.004046 0.716554 -3.632216 -10.411716 -0.758711 3.677453 -10.420895 1.585273 -14.329583 3.629009 -12.757947 -55.331951 -17.875654 -15.246811 -83.774612 16.342564 7.440194 3.315278 46.120899 -5.882107 9.861292 0.70259 -10.936878 -0.360579 7.156212 1e-06 8.774826 -2e-06 -16.954994 17.342274 6.25308 -1.844033 2.498506 -2.50728 -10.163606 4.678945 4.621111 -20.976038 -8e-06 5e-06 -21.226299 2.451694 -3.593997 2e-06 -6e-06 -0.0 -1.362682 2.2408 -0.746324 -21.334929 0.584905 3.008328 -13.821223 -5e-06 4e-06 -23.887184 -0.249082 -0.83948 -60.633919 2.49939 -0.128137 -0.294025 1.679689 0.833256 -14.218219 0.093211 1.300582 -34.212074 -0.287571 0.967178 -20.03323 0.964535 1.212849 0.0 -0.0 0.0 -3.440391 0.78823 0.501656 -15.928198 -3.167316 2.99971 -6.33883 -3e-06 1e-06 -18.123459 3.648182 -4.905671 -6e-06 0.0 -2e-06 -3.515987 27.616276 2.528743 74.649086 34.866596 -11.098529 -176.30249 67.202522 -176.783035 -25.044159 22.206051 -32.658226 2.243542 -5.255038 -3.180159 14.282894 -0.826593 6.952503 -3e-06 -12.690607 1e-06 16.381083 -17.292864 2.250172 1.665667 -1.955922 -2.878299 4.7278 -4.170588 4.993925 11.020529 2e-06 -2e-06 12.109053 -3.735718 -2.866783 1e-06 2e-06 -1e-06 1.291986 -1.928551 -1.49809 14.800132 0.567469 3.865608 14.242577 -1.341737 -6.66066 19.631973 0.143929 -0.648244 50.337608 -0.89895 -5.826219 0.353029 -1.511151 -0.03194 20.222797 3.684309 2.31663 18.787281 5e-06 -2e-06 10.751631 -0.479868 1.397906 -1e-06 1e-06 1e-06 3.273808 0.305948 -0.580111 21.48682 11.830376 2.266134 8.16293 2e-06 -2e-06 18.399088 -3.798985 -4.940577 3e-06 1e-06 -2e-06 6.397994 22.295002 -117.579399 0.123817 -0.184686 126.725655 -6.342896 -0.3514 -10.746355 1.453531 -2.16333 1.810405 -0.0 -1e-06 2e-06 -49.734844 -45.053406 -60.882263 1.368216 0.849934 126.760841 14.584061 48.255249 -24.597126 -1.452648 0.214611 2.567471 0.0 0.0 -1e-06 
0.0 0.0 0.0 0.0 -0.0 0.0 -0.342446 38.475563 4.941905 -3.469093 -1.126949 2.48457 -3.31771 -3.394217 20.150867 -1.119646 -1.278841 5.319666 1.145142 -5.873847 19.038424 -9.393524 6.853343 -3.44243 2.25529 8.932435 -3.321171 -1.554123 11.158558 -8.984411 7.7e-05 -2.3e-05 7e-06 -0.014263 0.019034 0.008829 0.716064 -3.635668 -10.417426 -0.756311 3.680331 -10.426707 1.554778 -14.344185 3.710654 -12.833033 -55.343288 -17.833319 -14.888346 -83.71048 16.001656 7.56286 3.302672 46.153008 -5.88211 9.861284 0.702589 -10.936877 -0.360575 7.156209 2e-06 8.774824 -0.0 -16.948355 17.401533 6.257189 -1.844034 2.498505 -2.50728 -10.163606 4.678945 4.621111 -20.97604 -8e-06 -0.0 -21.226305 2.451692 -3.594002 1e-06 -6e-06 -1e-06 -1.362682 2.240799 -0.746324 -21.33493 0.584906 3.00832 -13.821225 -5e-06 -0.0 -23.887188 -0.249086 -0.839484 -60.716858 2.531269 -0.177288 -0.294024 1.679688 0.833256 -14.218219 0.093212 1.300579 -34.212074 -0.287573 0.967168 -20.03323 0.964531 1.212847 -0.0 -0.0 -0.0 -3.440391 0.788234 0.501655 -15.928196 -3.167314 2.999706 -6.33883 -2e-06 -1e-06 -18.123463 3.648179 -4.905674 -5e-06 0.0 -3e-06 -3.474061 27.62701 2.568411 74.540092 34.935989 -11.167888 -176.184875 67.23024 -176.614655 -24.937466 22.096909 -32.576817 2.243539 -5.255039 -3.180157 14.282896 -0.826589 6.952503 -5e-06 -12.69061 1e-06 16.382818 -17.299812 2.261466 1.665666 -1.955921 -2.878299 4.727799 -4.170589 4.993924 11.02053 4e-06 -1e-06 12.109054 -3.735718 -2.866783 0.0 0.0 -2e-06 1.291985 -1.92855 -1.498089 14.800132 0.567469 3.865609 14.242576 -1.341736 -6.660656 19.631973 0.143928 -0.648241 50.354755 -0.891772 -5.82734 0.353029 -1.511149 -0.03194 20.222797 3.684313 2.316633 18.787279 7e-06 2e-06 10.751633 -0.479868 1.397907 -1e-06 1e-06 1e-06 3.273808 0.305948 -0.58011 21.486826 11.830384 2.266137 8.16293 3e-06 -0.0 18.399088 -3.798986 -4.940573 2e-06 -0.0 -1e-06 6.422784 22.345718 -117.519554 0.126743 -0.182051 126.780128 -6.327142 -0.397079 -10.828693 1.455262 -2.160585 1.809118 0.0 -0.0 2e-06 -49.781975 -45.108269 -60.832588 1.3603 0.860715 126.742699 14.44857 48.336189 -24.7279 -1.451715 0.204797 2.587912 0.0 0.0 -1e-06 
0.0 0.0 0.0 0.0 -0.0 0.0 -0.336959 38.465134 4.980653 -3.458594 -1.161831 2.464297 -3.306748 -3.401557 20.135469 -1.113184 -1.285716 5.321527 1.20521 -5.875148 19.046457 -9.435407 6.909647 -3.344172 2.281195 8.854386 -3.323476 -1.65537 11.111665 -9.044765 7.7e-05 -2.3e-05 7e-06 -0.01144 0.015754 0.014933 0.717376 -3.64192 -10.422185 -0.752168 3.679811 -10.430058 1.543145 -14.329553 3.782533 -12.941249 -55.39616 -17.811407 -14.659066 -83.623756 15.759883 7.693364 3.277121 46.309418 -5.882108 9.861286 0.70259 -10.936878 -0.360576 7.156211 2e-06 8.77483 -1e-06 -16.970598 17.453924 6.251884 -1.844033 2.498504 -2.50728 -10.163604 4.678946 4.621112 -20.976036 -8e-06 3e-06 -21.226299 2.451693 -3.594 1e-06 -6e-06 -0.0 -1.362681 2.240799 -0.746324 -21.334927 0.584908 3.008326 -13.821221 -5e-06 3e-06 -23.887184 -0.249081 -0.839481 -60.826252 2.556958 -0.208438 -0.294024 1.679686 0.833256 -14.218217 0.093214 1.300581 -34.21207 -0.287567 0.967174 -20.033226 0.964536 1.212848 -1e-06 0.0 0.0 -3.44039 0.788232 0.501656 -15.928198 -3.167312 2.99971 -6.33883 -1e-06 1e-06 -18.123457 3.64818 -4.905671 -5e-06 1e-06 -3e-06 -3.460572 27.625753 2.596313 74.460533 34.998611 -11.190317 -175.993088 67.250771 -176.40509 -24.883766 22.055784 -32.524799 2.243541 -5.255037 -3.180156 14.282887 -0.826597 6.952499 -4e-06 -12.690605 1e-06 16.395489 -17.290112 2.263818 1.665667 -1.955921 -2.878298 4.727798 -4.170587 4.993923 11.020525 2e-06 -1e-06 12.10905 -3.735715 -2.866782 0.0 0.0 -1e-06 1.291985 -1.92855 -1.498089 14.800125 0.567469 3.865608 14.242568 -1.341737 -6.660655 19.631968 0.143926 -0.648244 50.403427 -0.883889 -5.834893 0.353029 -1.51115 -0.03194 20.222788 3.684313 2.316629 18.78727 6e-06 -1e-06 10.751627 -0.479867 1.397905 -1e-06 0.0 1e-06 3.273807 0.305947 -0.58011 21.486813 11.830374 2.266133 8.162927 2e-06 -2e-06 18.399082 -3.798984 -4.940576 2e-06 1e-06 -1e-06 6.419477 22.40506 -117.484856 0.132694 -0.185996 126.840492 -6.304642 -0.431126 -10.884238 1.456901 -2.161139 1.809231 0.0 -1e-06 2e-06 -49.869984 -45.159824 -60.763195 1.351761 0.864737 126.740448 14.259368 48.419987 -24.852259 -1.453732 0.201079 2.581106 0.0 0.0 -1e-06 
0.0 0.0 0.0 0.0 -0.0 0.0 -0.326484 38.449593 5.020335 -3.447589 -1.176535 2.451316 -3.291775 -3.425609 20.130198 -1.096943 -1.29688 5.317201 1.257051 -5.87059 19.048201 -9.493735 6.953949 -3.250835 2.314367 8.772482 -3.322796 -1.764684 11.09807 -9.112127 7.8e-05 -2.2e-05 7e-06 -0.00708 0.008301 0.020573 0.720683 -3.651822 -10.421635 -0.746773 3.674528 -10.429265 1.526146 -14.283256 3.83172 -13.073177 -55.499886 -17.747473 -14.131288 -83.525131 15.203159 7.807441 3.274694 46.662621 -5.882109 9.86129 0.702589 -10.93688 -0.360579 7.156211 2e-06 8.774828 -1e-06 -17.011652 17.476246 6.22627 -1.844033 2.498507 -2.50728 -10.163607 4.678945 4.62111 -20.97604 -8e-06 4e-06 -21.226301 2.451695 -3.594001 1e-06 -5e-06 -1e-06 -1.362682 2.2408 -0.746324 -21.334929 0.584907 3.008326 -13.821225 -5e-06 3e-06 -23.887186 -0.249082 -0.839478 -60.911594 2.567578 -0.219193 -0.294024 1.679688 0.833256 -14.218217 0.093213 1.300582 -34.212074 -0.287569 0.967174 -20.033226 0.964535 1.212848 0.0 0.0 -0.0 -3.440391 0.788232 0.501656 -15.9282 -3.167313 2.999711 -6.33883 -1e-06 1e-06 -18.123457 3.648181 -4.905673 -5e-06 1e-06 -3e-06 -3.486391 27.620434 2.617677 74.418625 35.074528 -11.202406 -175.792999 67.263817 -176.217194 -24.841919 22.063143 -32.510937 2.243541 -5.255038 -3.180157 14.282894 -0.826594 6.952504 -3e-06 -12.690609 0.0 16.392534 -17.282841 2.272985 1.665666 -1.955921 -2.878299 4.7278 -4.170589 4.993925 11.020528 1e-06 -2e-06 12.109054 -3.735717 -2.866785 1e-06 2e-06 -1e-06 1.291985 -1.928551 -1.498091 14.800132 0.56747 3.865608 14.242573 -1.341737 -6.660657 19.631973 0.143925 -0.648244 50.45377 -0.874282 -5.840132 0.353029 -1.511151 -0.03194 20.222797 3.684312 2.31663 18.787279 5e-06 -2e-06 10.751631 -0.479868 1.397905 -1e-06 1e-06 1e-06 3.273807 0.305947 -0.580111 21.486816 11.830379 2.266134 8.16293 1e-06 -2e-06 18.399088 -3.798988 -4.940577 2e-06 1e-06 -1e-06 6.393445 22.445524 -117.478043 0.144171 -0.195125 126.904633 -6.286285 -0.440511 -10.920156 1.45762 -2.159189 1.830606 0.0 0.0 2e-06 -49.991989 -45.205227 -60.66523 1.343428 0.862625 126.735703 14.087399 48.495419 -24.967573 -1.458509 0.209264 2.577711 0.0 0.0 -1e-06 
0.0 0.0 0.0 0.0 -0.0 0.0 -0.312198 38.426708 5.056828 -3.442675 -1.183213 2.433466 -3.268545 -3.459132 20.137196 -1.083109 -1.303866 5.312325 1.307327 -5.875366 19.047478 -9.562266 6.995554 -3.171381 2.329315 8.693482 -3.324864 -1.85292 11.101952 -9.174906 7.7e-05 -2.3e-05 7e-06 -0.003881 0.002791 0.023653 0.722592 -3.658423 -10.419923 -0.742458 3.670103 -10.427329 1.508465 -14.20624 3.854395 -13.237304 -55.629768 -17.665998 -13.821229 -83.419632 14.875594 7.909146 3.281764 47.180927 -5.882107 9.861284 0.70259 -10.936876 -0.360578 7.156208 1e-06 8.774828 -1e-06 -17.049995 17.45389 6.188509 -1.844033 2.498504 -2.507279 -10.163603 4.678943 4.621111 -20.976028 -5e-06 3e-06 -21.226292 2.451695 -3.593999 0.0 -6e-06 1e-06 -1.362682 2.240796 -0.746323 -21.334921 0.584908 3.008325 -13.82122 -4e-06 2e-06 -23.887178 -0.24908 -0.839481 -60.940197 2.545969 -0.209366 -0.294025 1.679688 0.833256 -14.218214 0.093213 1.300581 -34.212067 -0.287566 0.967173 -20.033222 0.964536 1.212846 -1e-06 1e-06 0.0 -3.440389 0.788232 0.501656 -15.928192 -3.167311 2.999708 -6.338829 -1e-06 1e-06 -18.123453 3.64818 -4.90567 -6e-06 2e-06 -2e-06 -3.536282 27.626682 2.626781 74.409813 35.153736 -11.198725 -175.584213 67.271233 -176.040543 -24.805569 22.076199 -32.521343 2.24354 -5.255035 -3.180156 14.282885 -0.826592 6.952499 -3e-06 -12.690599 1e-06 16.378443 -17.280235 2.284812 1.665666 -1.95592 -2.878299 4.727797 -4.170587 4.993921 11.020521 1e-06 -4e-06 12.109045 -3.735711 -2.866784 0.0 1e-06 -1e-06 1.291985 -1.928549 -1.498089 14.800123 0.567468 3.865607 14.242567 -1.341733 -6.660655 19.631958 0.143927 -0.648244 50.495777 -0.87253 -5.844989 0.353029 -1.511152 -0.03194 20.222784 3.684309 2.316629 18.787266 7e-06 -1e-06 10.751624 -0.479868 1.397905 -1e-06 1e-06 1e-06 3.273805 0.305947 -0.580111 21.486803 11.83037 2.266131 8.162924 3e-06 -0.0 18.399076 -3.798981 -4.940574 2e-06 1e-06 -1e-06 6.370187 22.474588 -117.484146 0.157418 -0.205243 126.973686 -6.259761 -0.451021 -10.922951 1.457709 -2.157828 1.842625 0.0 1e-06 2e-06 -50.119247 -45.220238 -60.56094 1.33776 0.861347 126.732834 13.972133 48.5476 -25.070227 -1.464501 0.225045 2.569351 0.0 0.0 -1e-06 
0.0 0.0 0.0 0.0 -0.0 0.0 -0.299572 38.400925 5.091709 -3.438776 -1.199558 2.413218 -3.247598 -3.488643 20.151915 -1.073918 -1.303562 5.310884 1.356102 -5.883545 19.052734 -9.624227 7.033466 -3.131432 2.322007 8.615421 -3.331025 -1.918903 11.107375 -9.229064 7.7e-05 -2.3e-05 7e-06 -9e-06 -0.003329 0.024063 0.724539 -3.664691 -10.420295 -0.736942 3.664479 -10.427626 1.500754 -14.114307 3.853476 -13.405473 -55.76823 -17.593258 -13.65852 -83.320099 14.723352 7.988926 3.293342 47.74107 -5.88211 9.861289 0.702591 -10.93688 -0.360577 7.156212 3e-06 8.774831 0.0 -17.074247 17.414104 6.153983 -1.844033 2.498507 -2.50728 -10.163607 4.678947 4.621113 -20.976042 -8e-06 2e-06 -21.226303 2.451694 -3.594001 1e-06 -6e-06 1e-06 -1.362682 2.240799 -0.746324 -21.334932 0.584904 3.008326 -13.821224 -5e-06 3e-06 -23.88719 -0.249084 -0.839482 -60.953114 2.510639 -0.194588 -0.294025 1.679688 0.833256 -14.218223 0.093213 1.300581 -34.212082 -0.287572 0.967174 -20.033232 0.964534 1.212847 0.0 0.0 -0.0 -3.440391 0.788231 0.501656 -15.928201 -3.167315 2.99971 -6.338832 -3e-06 1e-06 -18.123459 3.648181 -4.905672 -5e-06 2e-06 -3e-06 -3.584777 27.635336 2.635138 74.395767 35.240551 -11.215741 -175.432022 67.282013 -175.912598 -24.782827 22.093565 -32.54063 2.243541 -5.255037 -3.180157 14.282895 -0.826595 6.952504 -3e-06 -12.690607 2e-06 16.370039 -17.275084 2.290684 1.665665 -1.955923 -2.878299 4.727799 -4.17059 4.993925 11.020529 3e-06 -2e-06 12.109053 -3.735716 -2.866784 0.0 1e-06 -1e-06 1.291986 -1.928548 -1.49809 14.800132 0.56747 3.865609 14.242572 -1.341736 -6.660655 19.631969 0.143928 -0.648241 50.539486 -0.875056 -5.84516 0.353028 -1.511151 -0.03194 20.222794 3.684313 2.316633 18.787273 5e-06 2e-06 10.751627 -0.479871 1.397907 -1e-06 1e-06 1e-06 3.273807 0.305947 -0.58011 21.486818 11.830379 2.266135 8.16293 2e-06 -0.0 18.399088 -3.798988 -4.940574 2e-06 1e-06 -2e-06 6.356928 22.513691 -117.488281 0.170324 -0.213925 127.044815 -6.24505 -0.465635 -10.929954 1.45746 -2.15845 1.846915 -0.0 -1e-06 2e-06 -50.22599 -45.200047 -60.480225 1.343087 0.856788 126.735596 13.91118 48.563744 -25.143095 -1.469808 0.243375 2.541425 0.0 0.0 -1e-06 
0.0 0.0 0.0 0.0 -0.0 0.0 -0.286373 38.383148 5.129972 -3.426759 -1.216393 2.393795 -3.23133 -3.507953 20.167088 -1.065075 -1.302775 5.308826 1.390716 -5.891217 19.065193 -9.668029 7.057291 -3.126693 2.291505 8.550436 -3.33954 -1.956563 11.110946 -9.288184 7.8e-05 -2.3e-05 8e-06 0.003264 -0.008495 0.023285 0.72616 -3.668149 -10.416021 -0.732235 3.657956 -10.422759 1.515521 -14.025102 3.853754 -13.562106 -55.905735 -17.541237 -13.519876 -83.194878 14.629559 8.054946 3.279974 48.19939 -5.88211 9.861293 0.702591 -10.936881 -0.360576 7.156213 2e-06 8.774831 -1e-06 -17.114157 17.395678 6.113515 -1.844034 2.498505 -2.507281 -10.163608 4.678948 4.621113 -20.97604 -6e-06 3e-06 -21.226307 2.451694 -3.594002 1e-06 -6e-06 -0.0 -1.362682 2.2408 -0.746325 -21.33493 0.584907 3.008328 -13.821225 -6e-06 2e-06 -23.88719 -0.249082 -0.83948 -60.98851 2.471939 -0.187272 -0.294025 1.679688 0.833257 -14.218223 0.093211 1.300582 -34.212078 -0.287567 0.967172 -20.033232 0.964535 1.212848 1e-06 0.0 -0.0 -3.440391 0.788232 0.501656 -15.928201 -3.167313 2.99971 -6.338832 -1e-06 1e-06 -18.123461 3.64818 -4.905673 -5e-06 1e-06 -3e-06 -3.632224 27.635956 2.623261 74.383644 35.294617 -11.24576 -175.359528 67.305794 -175.855331 -24.786148 22.105198 -32.613655 2.243543 -5.255039 -3.180159 14.282902 -0.826596 6.952509 -4e-06 -12.690611 2e-06 16.363205 -17.260199 2.290161 1.665667 -1.955923 -2.878301 4.727802 -4.170589 4.993927 11.020533 2e-06 1e-06 12.109058 -3.735718 -2.866783 -0.0 1e-06 -0.0 1.291986 -1.92855 -1.49809 14.80014 0.567468 3.865613 14.24258 -1.341737 -6.66066 19.631977 0.143925 -0.64824 50.556217 -0.879069 -5.839423 0.353029 -1.511152 -0.03194 20.222805 3.684313 2.316637 18.787289 5e-06 2e-06 10.751636 -0.479871 1.397909 -1e-06 0.0 1e-06 3.273809 0.305947 -0.580111 21.486832 11.830383 2.266138 8.162934 0.0 -1e-06 18.399097 -3.798989 -4.940577 2e-06 1e-06 -1e-06 6.339379 22.546669 -117.474396 0.179701 -0.220562 127.111763 -6.266793 -0.497343 -10.966557 1.457604 -2.161124 1.86382 -0.0 0.0 2e-06 -50.319454 -45.146763 -60.402702 1.361898 0.852205 126.730408 13.912956 48.54044 -25.186155 -1.473681 0.259189 2.535753 0.0 0.0 -1e-06 
0.0 0.0 0.0 0.0 -0.0 0.0 -0.264074 38.376297 5.176147 -3.402791 -1.232607 2.386236 -3.217869 -3.516208 20.175722 -1.065735 -1.302308 5.302256 1.417983 -5.891539 19.066984 -9.694249 7.060308 -3.154278 2.240818 8.520729 -3.345859 -1.973498 11.098937 -9.358356 7.7e-05 -2.3e-05 7e-06 0.000463 -0.004333 0.020019 0.724269 -3.663439 -10.418101 -0.736202 3.662036 -10.423736 1.547585 -13.959782 3.853135 -13.703108 -56.009373 -17.421907 -13.041335 -83.04007 14.228258 8.143773 3.257234 48.516644 -5.882104 9.861283 0.70259 -10.93687 -0.360574 7.156204 1e-06 8.774822 -1e-06 -17.162199 17.394289 6.075221 -1.844032 2.498503 -2.507277 -10.163597 4.678943 4.621107 -20.976017 -5e-06 4e-06 -21.226278 2.451694 -3.593997 1e-06 -6e-06 -0.0 -1.362681 2.240798 -0.746323 -21.334911 0.584906 3.008322 -13.821213 -3e-06 3e-06 -23.887165 -0.249079 -0.83948 -61.019135 2.443645 -0.191211 -0.294025 1.679686 0.833255 -14.218205 0.093213 1.30058 -34.212048 -0.287566 0.967173 -20.033211 0.964536 1.212845 0.0 -0.0 -0.0 -3.440387 0.788231 0.501656 -15.928183 -3.16731 2.999707 -6.338826 -1e-06 2e-06 -18.123442 3.648181 -4.905666 -5e-06 1e-06 -2e-06 -3.659732 27.642859 2.629222 74.365685 35.325756 -11.310731 -175.360626 67.343437 -175.845505 -24.805649 22.099901 -32.755093 2.243542 -5.255037 -3.180158 14.282894 -0.826595 6.952504 -2e-06 -12.690605 2e-06 16.342106 -17.234705 2.283526 1.665666 -1.955921 -2.878301 4.727799 -4.170588 4.993924 11.020528 1e-06 -1e-06 12.109052 -3.735717 -2.866783 0.0 1e-06 -1e-06 1.291986 -1.928549 -1.498089 14.800129 0.567466 3.865608 14.242575 -1.341736 -6.660657 19.631968 0.143925 -0.648245 50.560944 -0.883231 -5.8341 0.353029 -1.51115 -0.031941 20.222797 3.684309 2.316631 18.787279 5e-06 -1e-06 10.751631 -0.47987 1.397907 -1e-06 1e-06 1e-06 3.273807 0.305946 -0.580111 21.486814 11.830371 2.266133 8.162928 0.0 -1e-06 18.399088 -3.798986 -4.940576 1e-06 -0.0 -2e-06 6.318558 22.557468 -117.443764 0.188242 -0.221716 127.17878 -6.313739 -0.524355 -11.034839 1.457659 -2.169179 1.884404 -0.0 0.0 2e-06 -50.423828 -45.062851 -60.314613 1.382972 0.844352 126.704178 13.943741 48.518169 -25.221491 -1.474866 0.265351 2.517634 0.0 0.0 -1e-06 
0.0 0.0 0.0 0.0 -0.0 0.0 -0.228825 38.374702 5.222669 -3.367708 -1.241285 2.392186 -3.204929 -3.508937 20.175278 -1.073865 -1.298232 5.30065 1.442861 -5.89349 19.052818 -9.725459 7.05489 -3.223738 2.18819 8.507848 -3.345605 -1.988836 11.081141 -9.451615 7.8e-05 -2.3e-05 8e-06 -0.005785 0.00593 0.015836 0.72305 -3.654461 -10.423941 -0.747772 3.674174 -10.429497 1.594253 -13.911492 3.845643 -13.824073 -56.095928 -17.235184 -12.314122 -82.867546 13.578583 8.264906 3.256251 48.789936 -5.882111 9.861291 0.702588 -10.936883 -0.360577 7.156212 4e-06 8.774831 -1e-06 -17.193941 17.397396 6.060247 -1.844035 2.498507 -2.507282 -10.16361 4.678944 4.621111 -20.976048 -1.2e-05 -1e-06 -21.226309 2.451689 -3.594003 1e-06 -6e-06 -0.0 -1.362683 2.240798 -0.746325 -21.334936 0.584905 3.008323 -13.821229 -7e-06 -0.0 -23.887196 -0.249088 -0.839485 -61.04084 2.436522 -0.192454 -0.294025 1.679689 0.833256 -14.218224 0.093211 1.300578 -34.212086 -0.287575 0.967169 -20.033236 0.964531 1.212845 0.0 0.0 -0.0 -3.440392 0.788234 0.501655 -15.928203 -3.167316 2.999708 -6.338833 -3e-06 -1e-06 -18.123466 3.648179 -4.905678 -5e-06 2e-06 -3e-06 -3.686429 27.665201 2.62465 74.359344 35.33728 -11.394143 -175.3591 67.390297 -175.808609 -24.840784 22.071665 -32.99102 2.243541 -5.255041 -3.180158 14.2829 -0.826593 6.952507 -6e-06 -12.690618 1e-06 16.324074 -17.208866 2.270275 1.665666 -1.955922 -2.8783 4.7278 -4.170589 4.993925 11.02053 5e-06 0.0 12.109054 -3.735718 -2.866784 0.0 1e-06 -1e-06 1.291986 -1.92855 -1.498089 14.800139 0.567472 3.865611 14.242579 -1.341736 -6.660659 19.631979 0.143928 -0.64824 50.555325 -0.894118 -5.827003 0.353029 -1.511154 -0.031939 20.222803 3.684316 2.316633 18.787287 8e-06 2e-06 10.751634 -0.479867 1.397909 -1e-06 0.0 1e-06 3.273808 0.305948 -0.580111 21.486828 11.830387 2.266135 8.16293 4e-06 -1e-06 18.399092 -3.798986 -4.940576 2e-06 -0.0 -2e-06 6.276355 22.536713 -117.419792 0.196795 -0.220001 127.243614 -6.366887 -0.559104 -11.099232 1.457517 -2.175977 1.89413 0.0 0.0 2e-06 -50.543293 -44.95496 -60.224857 1.402655 0.836096 126.658401 13.985161 48.498367 -25.27877 -1.474458 0.263935 2.482407 0.0 0.0 -1e-06 
0.0 0.0 0.0 0.0 -0.0 0.0 -0.184708 38.36628 5.277434 -3.32724 -1.245576 2.410205 -3.196835 -3.494438 20.162848 -1.082114 -1.291947 5.306502 1.465219 -5.890819 19.042213 -9.744751 7.039714 -3.347628 2.144557 8.499885 -3.339795 -2.021537 11.064929 -9.550602 7.7e-05 -2.2e-05 7e-06 -0.009508 0.012572 0.0124 0.723954 -3.650305 -10.428659 -0.756388 3.683808 -10.435675 1.641476 -13.855566 3.826402 -13.89786 -56.183098 -17.025684 -11.477676 -82.695587 12.810061 8.376258 3.300144 48.946346 -5.882109 9.861288 0.70259 -10.93688 -0.360579 7.156213 3e-06 8.774831 -1e-06 -17.218809 17.403996 6.060565 -1.844034 2.498504 -2.50728 -10.163608 4.678945 4.621113 -20.97604 -9e-06 5e-06 -21.226305 2.451694 -3.594001 1e-06 -6e-06 1e-06 -1.362682 2.2408 -0.746324 -21.334934 0.584906 3.008327 -13.821227 -5e-06 2e-06 -23.887194 -0.249084 -0.83948 -61.072521 2.451532 -0.186174 -0.294025 1.679688 0.833257 -14.21822 0.093213 1.300582 -34.212078 -0.287571 0.967177 -20.03323 0.964534 1.212849 1e-06 0.0 -0.0 -3.440391 0.788234 0.501656 -15.928201 -3.167315 2.999711 -6.338832 -2e-06 1e-06 -18.123459 3.648179 -4.90567 -4e-06 2e-06 -3e-06 -3.706999 27.686829 2.609468 74.352074 35.331486 -11.465499 -175.312698 67.43927 -175.717377 -24.848246 22.018171 -33.303226 2.243545 -5.255041 -3.180159 14.282908 -0.826598 6.952509 -2e-06 -12.690618 1e-06 16.32934 -17.181738 2.256126 1.665669 -1.955923 -2.878302 4.727805 -4.170594 4.993928 11.02054 1e-06 -2e-06 12.109068 -3.735721 -2.866787 1e-06 1e-06 -1e-06 1.291987 -1.928554 -1.49809 14.800146 0.567468 3.865611 14.24259 -1.34174 -6.660665 19.631992 0.143925 -0.648245 50.538891 -0.90373 -5.814666 0.353029 -1.511152 -0.03194 20.222818 3.684313 2.316632 18.787296 4e-06 -3e-06 10.751641 -0.479868 1.397908 -1e-06 0.0 1e-06 3.273811 0.305947 -0.580111 21.486837 11.830386 2.266134 8.162937 2e-06 -2e-06 18.399109 -3.798989 -4.940585 4e-06 0.0 -2e-06 6.219897 22.498268 -117.418152 0.201513 -0.217772 127.324905 -6.440506 -0.599146 -11.160837 1.457022 -2.184725 1.910884 -0.0 -1e-06 2e-06 -50.687847 -44.849037 -60.127251 1.422655 0.832189 126.607437 14.052128 48.489487 -25.341616 -1.472656 0.257909 2.462875 0.0 1e-06 -1e-06 
0.0 0.0 0.0 0.0 -0.0 0.0 -0.141263 38.363159 5.322886 -3.286659 -1.243681 2.445581 -3.18492 -3.481276 20.141851 -1.086913 -1.293178 5.316402 1.481536 -5.884479 19.032473 -9.755766 7.016029 -3.502653 2.109321 8.482297 -3.332606 -2.063179 11.039342 -9.629396 7.7e-05 -2.3e-05 7e-06 -0.011684 0.015859 0.010998 0.724011 -3.648697 -10.431749 -0.760993 3.689138 -10.440701 1.686296 -13.799427 3.818347 -13.888092 -56.253704 -16.898912 -10.910068 -82.529556 12.287018 8.463871 3.359939 49.028553 -5.882107 9.86129 0.702591 -10.936874 -0.360576 7.156208 -0.0 8.774828 -1e-06 -17.240154 17.413952 6.056891 -1.844032 2.498503 -2.507279 -10.163604 4.678945 4.62111 -20.97603 -3e-06 5e-06 -21.226292 2.451698 -3.593999 1e-06 -6e-06 -0.0 -1.362682 2.240799 -0.746324 -21.334919 0.58491 3.008326 -13.821217 -2e-06 3e-06 -23.887173 -0.249078 -0.83948 -61.098419 2.479694 -0.187844 -0.294024 1.679689 0.833256 -14.218213 0.093212 1.300582 -34.212063 -0.287564 0.967174 -20.03322 0.964538 1.212846 1e-06 0.0 -0.0 -3.440389 0.788235 0.501656 -15.928192 -3.167311 2.999709 -6.338828 -1e-06 1e-06 -18.123453 3.648183 -4.905671 -5e-06 1e-06 -2e-06 -3.728369 27.715412 2.577902 74.335083 35.286694 -11.548738 -175.275299 67.477417 -175.633911 -24.826626 21.923613 -33.615215 2.243541 -5.255036 -3.180157 14.282887 -0.826597 6.952505 -2e-06 -12.690603 1e-06 16.32419 -17.173183 2.258175 1.665665 -1.955921 -2.878299 4.727799 -4.170587 4.993926 11.020526 2e-06 -1e-06 12.109051 -3.735716 -2.866784 0.0 1e-06 -1e-06 1.291985 -1.928548 -1.49809 14.800125 0.567465 3.865609 14.242569 -1.341738 -6.660657 19.631968 0.143924 -0.648246 50.52858 -0.909691 -5.803808 0.353029 -1.51115 -0.03194 20.222786 3.684307 2.316633 18.78727 2e-06 1e-06 10.751625 -0.47987 1.397907 -1e-06 1e-06 1e-06 3.273806 0.305946 -0.58011 21.486809 11.83037 2.266134 8.162927 1e-06 -1e-06 18.399086 -3.798989 -4.940574 3e-06 -0.0 -2e-06 6.157 22.443047 -117.433807 0.19936 -0.211291 127.388016 -6.550896 -0.632872 -11.212338 1.457651 -2.19742 1.911338 0.0 0.0 2e-06 -50.788532 -44.765701 -60.072067 1.446436 0.836568 126.554977 14.130193 48.448513 -25.39908 -1.469909 0.247601 2.483189 0.0 1e-06 -1e-06 
0.0 0.0 0.0 0.0 -0.0 0.0 -0.112306 38.368923 5.351951 -3.243126 -1.229866 2.487326 -3.171996 -3.473602 20.122299 -1.082831 -1.30485 5.326966 1.494412 -5.878153 19.01079 -9.776971 6.990893 -3.655035 2.093293 8.455219 -3.327721 -2.122767 11.020294 -9.698226 7.7e-05 -2.3e-05 7e-06 -0.012667 0.01659 0.011263 0.722456 -3.650084 -10.43471 -0.761517 3.692225 -10.444722 1.724265 -13.752023 3.833751 -13.835377 -56.300186 -16.78973 -10.157233 -82.394859 11.549747 8.493897 3.407897 49.087257 -5.882106 9.86129 0.70259 -10.936873 -0.360576 7.156209 -0.0 8.77483 -2e-06 -17.270657 17.431913 6.04171 -1.844033 2.498506 -2.507278 -10.163603 4.678945 4.62111 -20.976027 -4e-06 5e-06 -21.22629 2.451697 -3.593998 1e-06 -5e-06 -0.0 -1.362681 2.240799 -0.746324 -21.334917 0.584907 3.008327 -13.821215 -2e-06 4e-06 -23.887175 -0.249078 -0.839481 -61.105339 2.500165 -0.203143 -0.294024 1.679689 0.833256 -14.218211 0.093213 1.300582 -34.212051 -0.287565 0.967175 -20.033216 0.964536 1.212845 0.0 0.0 -0.0 -3.440389 0.788232 0.501655 -15.928189 -3.167313 2.999709 -6.338828 -1e-06 2e-06 -18.123447 3.648182 -4.905669 -5e-06 1e-06 -3e-06 -3.762155 27.751883 2.537477 74.325516 35.21954 -11.673295 -175.335297 67.502518 -175.643555 -24.782301 21.770494 -33.909416 2.243544 -5.255037 -3.180158 14.282898 -0.826596 6.952506 -1e-06 -12.690606 2e-06 16.324856 -17.19042 2.25704 1.665666 -1.955921 -2.878299 4.7278 -4.170591 4.993926 11.02053 2e-06 -1e-06 12.109055 -3.735717 -2.866782 1e-06 1e-06 -1e-06 1.291985 -1.928551 -1.498088 14.800136 0.567468 3.86561 14.242579 -1.341739 -6.660657 19.631975 0.143921 -0.648243 50.536446 -0.911398 -5.802298 0.353028 -1.511151 -0.03194 20.222801 3.684308 2.316632 18.787283 2e-06 1e-06 10.751634 -0.479871 1.397906 -1e-06 1e-06 -0.0 3.273808 0.305945 -0.580111 21.486824 11.830373 2.266135 8.16293 1e-06 -1e-06 18.399094 -3.79899 -4.940577 3e-06 -0.0 -1e-06 6.094027 22.37781 -117.450592 0.193694 -0.205857 127.415962 -6.657856 -0.652903 -11.239062 1.458639 -2.214734 1.892582 0.0 -0.0 2e-06 -50.84008 -44.711704 -60.055225 1.472731 0.848072 126.514008 14.189059 48.365276 -25.467321 -1.467478 0.237892 2.503693 0.0 0.0 -1e-06 
0.0 0.0 0.0 0.0 -0.0 0.0 -0.103903 38.372356 5.370696 -3.20643 -1.200754 2.534019 -3.155164 -3.472975 20.104158 -1.07954 -1.317668 5.338256 1.515472 -5.882236 18.987352 -9.824455 6.964228 -3.812049 2.110462 8.443491 -3.318716 -2.198969 11.010619 -9.760797 7.7e-05 -2.3e-05 6e-06 -0.011644 0.015662 0.013419 0.721723 -3.65353 -10.437488 -0.758762 3.693847 -10.448571 1.754109 -13.708056 3.85236 -13.763712 -56.329784 -16.665398 -9.237451 -82.298599 10.63832 8.482848 3.454014 49.164719 -5.882105 9.861284 0.70259 -10.936872 -0.360579 7.156206 1e-06 8.774827 -1e-06 -17.294403 17.462677 6.038215 -1.844032 2.498504 -2.507278 -10.163599 4.678946 4.621109 -20.976023 -7e-06 3e-06 -21.226286 2.451694 -3.593998 1e-06 -6e-06 -0.0 -1.362681 2.240798 -0.746324 -21.334915 0.584906 3.008324 -13.821213 -6e-06 3e-06 -23.887171 -0.249082 -0.83948 -61.112244 2.517057 -0.22166 -0.294025 1.679687 0.833256 -14.21821 0.093212 1.300581 -34.212051 -0.287568 0.967175 -20.033215 0.964535 1.212845 -0.0 1e-06 -1e-06 -3.440389 0.788232 0.501655 -15.928185 -3.167313 2.999707 -6.338827 -2e-06 2e-06 -18.123444 3.64818 -4.905669 -5e-06 1e-06 -1e-06 -3.801415 27.780653 2.493412 74.335663 35.167728 -11.812657 -175.431717 67.527855 -175.716156 -24.679491 21.605877 -34.11829 2.24354 -5.255035 -3.180157 14.282887 -0.826592 6.952503 -5e-06 -12.690603 2e-06 16.331949 -17.244904 2.255078 1.665665 -1.955922 -2.878299 4.727798 -4.170588 4.993925 11.020526 5e-06 -2e-06 12.10905 -3.735714 -2.866784 1e-06 0.0 -1e-06 1.291986 -1.928548 -1.49809 14.800131 0.56747 3.865608 14.242574 -1.341735 -6.660657 19.631969 0.143926 -0.648242 50.553699 -0.911583 -5.818714 0.353029 -1.511149 -0.031941 20.222788 3.684314 2.316631 18.78727 6e-06 -0.0 10.751625 -0.479866 1.397907 -1e-06 1e-06 -0.0 3.273807 0.305948 -0.58011 21.486818 11.830379 2.266134 8.162928 2e-06 -1e-06 18.39908 -3.798984 -4.940573 2e-06 1e-06 -2e-06 6.054148 22.317139 -117.481689 0.190186 -0.200842 127.423149 -6.763622 -0.667972 -11.251683 1.459614 -2.220402 1.881325 -0.0 -0.0 2e-06 -50.869682 -44.660671 -60.048626 1.495761 0.855673 126.499832 14.236252 48.270103 -25.570225 -1.465376 0.229846 2.52243 0.0 1e-06 -1e-06 
0.0 0.0 0.0 0.0 -0.0 0.0 -0.107612 38.369553 5.384359 -3.170466 -1.16265 2.573617 -3.139154 -3.471931 20.095505 -1.0786 -1.324452 5.344861 1.545005 -5.894902 18.959581 -9.874673 6.939312 -3.952238 2.141246 8.453437 -3.311626 -2.273353 10.978367 -9.827659 7.7e-05 -2.3e-05 6e-06 -0.009097 0.015166 0.0151 0.722491 -3.655589 -10.439322 -0.754534 3.695126 -10.451748 1.774349 -13.656475 3.873166 -13.645909 -56.370079 -16.55287 -8.288919 -82.227081 9.677026 8.47281 3.50103 49.225212 -5.882106 9.861285 0.702589 -10.936876 -0.360581 7.156208 2e-06 8.774827 -2e-06 -17.327108 17.50663 6.036003 -1.844033 2.498504 -2.507279 -10.163603 4.678941 4.621109 -20.97603 -1e-05 3e-06 -21.226292 2.451692 -3.593999 1e-06 -5e-06 -0.0 -1.362682 2.240798 -0.746324 -21.334921 0.584904 3.008324 -13.821218 -6e-06 3e-06 -23.887178 -0.249083 -0.83948 -61.159569 2.528395 -0.249008 -0.294024 1.679687 0.833256 -14.218214 0.093213 1.300579 -34.212063 -0.287574 0.967176 -20.033218 0.964532 1.212848 -0.0 1e-06 -0.0 -3.440389 0.788232 0.501655 -15.928192 -3.167314 2.999707 -6.338829 -3e-06 1e-06 -18.123451 3.648179 -4.905672 -5e-06 1e-06 -1e-06 -3.823742 27.80472 2.465192 74.338707 35.128063 -11.911528 -175.456558 67.530861 -175.738678 -24.558519 21.464254 -34.300213 2.243541 -5.255038 -3.180157 14.282896 -0.826592 6.952507 -5e-06 -12.690611 2e-06 16.329414 -17.310993 2.246839 1.665667 -1.955922 -2.878298 4.727801 -4.170589 4.993926 11.020529 5e-06 0.0 12.109055 -3.735716 -2.866782 0.0 0.0 -0.0 1.291985 -1.928549 -1.498089 14.800134 0.567471 3.865608 14.242577 -1.341734 -6.660657 19.631971 0.143927 -0.648239 50.559361 -0.905634 -5.850428 0.353028 -1.511151 -0.03194 20.222801 3.684316 2.316632 18.787283 8e-06 2e-06 10.751631 -0.479867 1.397908 0.0 1e-06 -1e-06 3.273808 0.305947 -0.580111 21.486826 11.830385 2.266136 8.16293 2e-06 -2e-06 18.399088 -3.798985 -4.940573 3e-06 1e-06 -2e-06 6.020549 22.267887 -117.51902 0.18492 -0.190966 127.424637 -6.844354 -0.673082 -11.255985 1.460573 -2.215108 1.863283 -0.0 -0.0 2e-06 -50.927937 -44.596169 -60.019764 1.504331 0.854232 126.504311 14.293188 48.201702 -25.655142 -1.464835 0.226022 2.505297 0.0 0.0 -1e-06 
0.0 0.0 0.0 0.0 -0.0 0.0 -0.112225 38.362343 5.403985 -3.130519 -1.117349 2.606486 -3.125541 -3.478398 20.103357 -1.074602 -1.331269 5.345405 1.576235 -5.90191 18.917799 -9.90915 6.915049 -4.072242 2.162113 8.48851 -3.307614 -2.348386 10.921843 -9.902234 7.7e-05 -2.3e-05 6e-06 -0.005085 0.013092 0.017117 0.72622 -3.658999 -10.439018 -0.750442 3.694645 -10.454123 1.796353 -13.607325 3.906185 -13.494858 -56.425911 -16.445684 -7.233218 -82.175842 8.610634 8.482129 3.599326 49.397045 -5.882107 9.861287 0.70259 -10.936878 -0.360579 7.15621 3e-06 8.77483 -1e-06 -17.384218 17.542582 6.025445 -1.844032 2.498507 -2.507279 -10.163604 4.678945 4.621111 -20.976038 -9e-06 3e-06 -21.226297 2.451693 -3.593999 1e-06 -6e-06 -0.0 -1.362682 2.2408 -0.746324 -21.334927 0.584903 3.008327 -13.821223 -6e-06 4e-06 -23.887186 -0.249082 -0.839479 -61.25246 2.528719 -0.279848 -0.294024 1.679689 0.833256 -14.218217 0.093212 1.300581 -34.212067 -0.287573 0.967176 -20.033226 0.964533 1.212849 1e-06 1e-06 -1e-06 -3.44039 0.788232 0.501656 -15.928198 -3.167314 2.999709 -6.33883 -4e-06 2e-06 -18.123455 3.64818 -4.90567 -4e-06 1e-06 -3e-06 -3.851325 27.840546 2.448545 74.35762 35.09507 -11.931479 -175.346649 67.510208 -175.625885 -24.473133 21.366941 -34.525784 2.243542 -5.25504 -3.180158 14.282897 -0.826591 6.952507 -5e-06 -12.690612 1e-06 16.320171 -17.361368 2.238855 1.665667 -1.955921 -2.8783 4.7278 -4.170591 4.993926 11.020529 3e-06 -0.0 12.109056 -3.735717 -2.866785 1e-06 0.0 -2e-06 1.291985 -1.928552 -1.498089 14.800138 0.56747 3.865611 14.242579 -1.341735 -6.660661 19.631975 0.143928 -0.648243 50.57328 -0.894599 -5.886829 0.353029 -1.511151 -0.031941 20.222801 3.684315 2.316632 18.787283 7e-06 1e-06 10.751633 -0.479869 1.397908 -1e-06 2e-06 -0.0 3.273808 0.305949 -0.58011 21.486828 11.830385 2.266138 8.162931 3e-06 -0.0 18.399094 -3.798985 -4.940576 3e-06 -0.0 -2e-06 5.980618 22.222471 -117.555054 0.181864 -0.179904 127.435318 -6.906559 -0.662808 -11.271729 1.462656 -2.20468 1.829096 -0.0 -0.0 2e-06 -51.032375 -44.535908 -59.95002 1.500835 0.852684 126.51136 14.346341 48.153408 -25.72023 -1.46648 0.228667 2.487612 0.0 0.0 -1e-06 
0.0 0.0 0.0 0.0 -0.0 0.0 -0.10946 38.363152 5.428354 -3.094463 -1.067481 2.638459 -3.11098 -3.49437 20.107246 -1.062793 -1.336061 5.341175 1.609393 -5.899135 18.877022 -9.947522 6.903129 -4.172512 2.187249 8.508092 -3.309024 -2.412057 10.871761 -9.937407 7.7e-05 -2.3e-05 6e-06 -0.002016 0.010514 0.018644 0.72994 -3.663031 -10.434528 -0.74824 3.69376 -10.452528 1.827972 -13.55257 3.933156 -13.370625 -56.527565 -16.360262 -6.445027 -82.121048 7.81876 8.510824 3.737013 49.700855 -5.882109 9.861288 0.70259 -10.936878 -0.360576 7.15621 2e-06 8.774831 -1e-06 -17.451971 17.553434 5.999611 -1.844034 2.498506 -2.507281 -10.163606 4.678943 4.621113 -20.97604 -8e-06 2e-06 -21.226301 2.451693 -3.594002 1e-06 -5e-06 -0.0 -1.362682 2.2408 -0.746324 -21.334929 0.584906 3.008325 -13.821223 -4e-06 2e-06 -23.887186 -0.249082 -0.839483 -61.35466 2.515711 -0.303353 -0.294025 1.679688 0.833257 -14.218217 0.093213 1.300581 -34.212074 -0.287569 0.967174 -20.033226 0.964536 1.212846 0.0 1e-06 -1e-06 -3.440391 0.788231 0.501656 -15.928201 -3.167314 2.999709 -6.33883 -1e-06 1e-06 -18.123459 3.64818 -4.905674 -5e-06 1e-06 -1e-06 -3.888623 27.881451 2.474994 74.383255 35.094395 -11.900439 -175.100327 67.484962 -175.394226 -24.432743 21.335482 -34.820168 2.243542 -5.255041 -3.180159 14.282907 -0.826595 6.952514 -5e-06 -12.69062 2e-06 16.309645 -17.368439 2.236771 1.665666 -1.955922 -2.878301 4.727805 -4.17059 4.993932 11.020537 4e-06 2e-06 12.109062 -3.735719 -2.866782 -0.0 0.0 -1e-06 1.291987 -1.92855 -1.49809 14.800146 0.567467 3.865617 14.242585 -1.341736 -6.66066 19.631987 0.143923 -0.648238 50.59481 -0.878157 -5.909919 0.353029 -1.511152 -0.03194 20.222816 3.684315 2.316638 18.787296 6e-06 4e-06 10.751637 -0.479869 1.397911 -1e-06 2e-06 -1e-06 3.273811 0.305949 -0.580111 21.486843 11.830392 2.266142 8.162938 3e-06 1e-06 18.399105 -3.798991 -4.940574 2e-06 0.0 -1e-06 5.921382 22.180513 -117.584412 0.183664 -0.171228 127.446602 -6.943925 -0.669053 -11.29978 1.465475 -2.194121 1.810144 0.0 -0.0 2e-06 -51.138615 -44.494518 -59.8578 1.49979 0.851475 126.501419 14.367711 48.065308 -25.801823 -1.469684 0.233526 2.503391 0.0 0.0 -1e-06 
0.0 0.0 0.0 0.0 -0.0 0.0 -0.10026 38.369133 5.458285 -3.058886 -1.002021 2.671919 -3.091986 -3.519119 20.106388 -1.044916 -1.33417 5.335436 1.650562 -5.892565 18.830635 -9.976265 6.897476 -4.251562 2.214801 8.479189 -3.310933 -2.453589 10.833006 -9.929451 7.7e-05 -2.3e-05 6e-06 -0.00049 0.007887 0.018722 0.732154 -3.666562 -10.42941 -0.747725 3.692388 -10.449044 1.872596 -13.5113 3.95009 -13.272759 -56.670963 -16.359308 -6.213526 -82.046829 7.582156 8.547876 3.859836 50.007698 -5.882106 9.861288 0.702589 -10.936873 -0.360577 7.156209 1e-06 8.774828 -3e-06 -17.511581 17.531927 5.965342 -1.844033 2.498503 -2.507279 -10.163603 4.678944 4.621109 -20.976028 -7e-06 3e-06 -21.226295 2.451694 -3.594001 1e-06 -6e-06 1e-06 -1.362681 2.240798 -0.746324 -21.334921 0.584905 3.008325 -13.821218 -4e-06 3e-06 -23.887175 -0.24908 -0.83948 -61.42627 2.498991 -0.322072 -0.294025 1.679687 0.833256 -14.218212 0.093213 1.300581 -34.212059 -0.287568 0.967175 -20.033222 0.964535 1.212848 -0.0 1e-06 -0.0 -3.440389 0.788233 0.501656 -15.928192 -3.167312 2.999711 -6.338829 -2e-06 1e-06 -18.123447 3.64818 -4.905671 -5e-06 1e-06 -3e-06 -3.906682 27.903872 2.520308 74.40432 35.104645 -11.888887 -174.856506 67.448196 -175.203659 -24.376471 21.29653 -35.014755 2.243541 -5.255037 -3.180159 14.282898 -0.826596 6.952506 -3e-06 -12.690612 1e-06 16.324991 -17.347643 2.231253 1.665666 -1.955923 -2.878298 4.727801 -4.170591 4.993925 11.020531 2e-06 0.0 12.109057 -3.735719 -2.866783 1e-06 0.0 -0.0 1.291987 -1.92855 -1.498088 14.800136 0.567468 3.865609 14.242578 -1.341738 -6.660655 19.631975 0.143924 -0.648244 50.627872 -0.861967 -5.910429 0.353029 -1.511149 -0.03194 20.222801 3.684311 2.316633 18.787283 4e-06 1e-06 10.751632 -0.47987 1.397907 -1e-06 1e-06 -0.0 3.273808 0.305948 -0.580111 21.486822 11.830379 2.266137 8.16293 2e-06 -2e-06 18.39909 -3.798987 -4.940575 3e-06 -0.0 -1e-06 5.842803 22.122442 -117.614014 0.185119 -0.164494 127.459213 -6.935661 -0.679303 -11.327742 1.467064 -2.183743 1.78496 0.0 -0.0 2e-06 -51.258591 -44.466873 -59.732456 1.500627 0.854929 126.477417 14.361673 47.95871 -25.915209 -1.473731 0.23773 2.542529 0.0 1e-06 -1e-06 
0.0 0.0 0.0 0.0 -0.0 0.0 -0.082569 38.378521 5.495616 -3.024388 -0.911127 2.704265 -3.063495 -3.541516 20.106699 -1.022018 -1.327976 5.328072 1.70156 -5.88525 18.78978 -9.998601 6.899408 -4.320805 2.234256 8.403135 -3.320562 -2.467377 10.796734 -9.898744 7.7e-05 -2.3e-05 6e-06 0.001256 0.003795 0.017241 0.734896 -3.671764 -10.428334 -0.747219 3.6896 -10.448398 1.946865 -13.492999 3.940055 -13.198805 -56.844074 -16.408077 -6.207802 -81.963905 7.58047 8.559842 3.979404 50.218273 -5.882109 9.861292 0.702588 -10.936878 -0.360579 7.156212 2e-06 8.774832 -2e-06 -17.56945 17.498892 5.937736 -1.844033 2.498507 -2.507281 -10.163606 4.678946 4.62111 -20.97604 -9e-06 -1e-06 -21.226301 2.451694 -3.594004 1e-06 -6e-06 -0.0 -1.362682 2.2408 -0.746325 -21.334929 0.584904 3.008324 -13.821222 -5e-06 -0.0 -23.887184 -0.249087 -0.839482 -61.493786 2.485978 -0.322739 -0.294024 1.679688 0.833256 -14.218219 0.093213 1.30058 -34.212074 -0.287571 0.967169 -20.033226 0.964533 1.212846 0.0 1e-06 -0.0 -3.44039 0.788233 0.501655 -15.9282 -3.167316 2.999708 -6.33883 -3e-06 1e-06 -18.123459 3.64818 -4.905677 -5e-06 1e-06 -2e-06 -3.923634 27.89996 2.571256 74.421707 35.131115 -11.957255 -174.765762 67.377411 -175.16626 -24.307774 21.206985 -35.114162 2.243545 -5.25504 -3.180159 14.282904 -0.826595 6.952509 -2e-06 -12.690614 -1e-06 16.373196 -17.31893 2.224663 1.665667 -1.955924 -2.878301 4.727804 -4.170589 4.993927 11.020536 2e-06 -1e-06 12.10906 -3.735718 -2.866786 1e-06 0.0 -0.0 1.291987 -1.928551 -1.498091 14.800142 0.567467 3.865611 14.242585 -1.341737 -6.660663 19.631985 0.143926 -0.648246 50.676647 -0.852324 -5.890359 0.353029 -1.511152 -0.03194 20.222811 3.684313 2.316633 18.787292 4e-06 -1e-06 10.751637 -0.479869 1.397907 -1e-06 0.0 -1e-06 3.27381 0.305948 -0.580111 21.486834 11.830383 2.266138 8.162936 2e-06 -3e-06 18.399099 -3.798988 -4.94058 3e-06 -0.0 -2e-06 5.749369 22.036352 -117.643494 0.191244 -0.160797 127.476395 -6.908443 -0.696854 -11.359652 1.466861 -2.173593 1.743323 0.0 -0.0 2e-06 -51.414593 -44.436455 -59.547886 1.50631 0.855238 126.437225 14.401545 47.857014 -25.994221 -1.477282 0.24484 2.579193 0.0 0.0 -1e-06 
0.0 0.0 0.0 0.0 -0.0 0.0 -0.051822 38.36908 5.526011 -2.992669 -0.816076 2.728481 -3.028992 -3.560536 20.102968 -0.999 -1.323956 5.319476 1.748905 -5.872983 18.766907 -10.021058 6.89543 -4.382269 2.241375 8.327296 -3.32889 -2.469839 10.779876 -9.859611 7.7e-05 -2.3e-05 7e-06 -0.000409 0.005059 0.013442 0.731344 -3.669401 -10.422544 -0.747139 3.690145 -10.443542 2.031185 -13.495771 3.891274 -13.117762 -57.030956 -16.428272 -6.139308 -81.846909 7.523179 8.536864 4.067691 50.319149 -5.882109 9.861285 0.702592 -10.936877 -0.360576 7.156213 1e-06 8.774827 -1e-06 -17.625101 17.46793 5.913534 -1.844032 2.498506 -2.507279 -10.163607 4.678943 4.621114 -20.976038 -4e-06 1e-05 -21.226299 2.4517 -3.593997 1e-06 -6e-06 -0.0 -1.362682 2.240799 -0.746324 -21.334929 0.584908 3.00833 -13.821221 -2e-06 7e-06 -23.887184 -0.249075 -0.839476 -61.55098 2.479845 -0.297644 -0.294025 1.679688 0.833256 -14.218217 0.093215 1.300585 -34.21207 -0.287559 0.967181 -20.033226 0.96454 1.212849 1e-06 1e-06 -1e-06 -3.44039 0.788232 0.501657 -15.928198 -3.16731 2.999714 -6.33883 1e-06 3e-06 -18.123457 3.648185 -4.905666 -5e-06 1e-06 -2e-06 -3.945136 27.893227 2.617754 74.445908 35.177624 -12.069555 -174.758347 67.316399 -175.195908 -24.227438 21.116989 -35.150803 2.243541 -5.255037 -3.18016 14.282894 -0.826598 6.952509 -1e-06 -12.690603 2e-06 16.413931 -17.287046 2.230376 1.665665 -1.95592 -2.878299 4.727801 -4.170588 4.993927 11.020526 -0.0 1e-06 12.109053 -3.735717 -2.866782 0.0 0.0 -1e-06 1.291986 -1.928549 -1.49809 14.800132 0.567467 3.865612 14.242576 -1.341738 -6.660657 19.631969 0.143922 -0.648243 50.707706 -0.854051 -5.846758 0.35303 -1.51115 -0.03194 20.222795 3.684306 2.316636 18.787273 1e-06 2e-06 10.751629 -0.479872 1.397908 -1e-06 0.0 -1e-06 3.273808 0.305948 -0.58011 21.486818 11.830373 2.266138 8.162929 -0.0 0.0 18.39909 -3.79899 -4.940574 3e-06 0.0 -1e-06 5.650275 21.92205 -117.702988 0.191633 -0.156653 127.510223 -6.896062 -0.695574 -11.381156 1.467411 -2.172155 1.683629 0.0 -0.0 2e-06 -51.60511 -44.385376 -59.360928 1.512021 0.852635 126.398926 14.525509 47.766541 -25.970488 -1.478051 0.244677 2.586492 0.0 1e-06 -1e-06 
0.0 0.0 0.0 0.0 -0.0 0.0 -0.011427 38.340649 5.5428 -2.960232 -0.729607 2.738133 -2.999104 -3.574018 20.101095 -0.978798 -1.32845 5.310401 1.78997 -5.859348 18.754021 -10.014542 6.881295 -4.404009 2.206579 8.301394 -3.330787 -2.468789 10.764103 -9.829328 7.7e-05 -2.3e-05 7e-06 -0.003919 0.009272 0.008074 0.724946 -3.662889 -10.418588 -0.747714 3.692445 -10.43976 2.108285 -13.528885 3.830119 -12.975122 -57.196114 -16.464436 -6.144283 -81.719971 7.530834 8.50737 4.149395 50.390903 -5.882108 9.861288 0.70259 -10.936876 -0.360576 7.156209 1e-06 8.774828 -2e-06 -17.671085 17.448303 5.896234 -1.844033 2.498503 -2.507278 -10.163604 4.678946 4.62111 -20.97603 -5e-06 4e-06 -21.226292 2.451695 -3.593999 1e-06 -5e-06 -0.0 -1.362682 2.240798 -0.746324 -21.334921 0.584908 3.008326 -13.82122 -3e-06 3e-06 -23.887177 -0.249079 -0.839478 -61.590786 2.48835 -0.272032 -0.294025 1.679687 0.833256 -14.218215 0.093212 1.300582 -34.212067 -0.287566 0.967173 -20.033222 0.964535 1.212847 -0.0 1e-06 -1e-06 -3.44039 0.788234 0.501655 -15.928192 -3.167311 2.999709 -6.338829 -1e-06 2e-06 -18.123455 3.648181 -4.90567 -5e-06 1e-06 -2e-06 -3.966842 27.897024 2.652853 74.46003 35.231255 -12.215532 -174.779358 67.286995 -175.2453 -24.116501 21.069767 -35.099773 2.243545 -5.255043 -3.180159 14.282904 -0.826597 6.952506 0.0 -12.690612 -1e-06 16.412941 -17.256151 2.229149 1.665668 -1.955923 -2.8783 4.727804 -4.170592 4.993927 11.020535 -1e-06 -1e-06 12.10906 -3.735722 -2.866786 1e-06 1e-06 -1e-06 1.291988 -1.928548 -1.49809 14.80014 0.567466 3.86561 14.242585 -1.341741 -6.660661 19.631985 0.14392 -0.648247 50.692226 -0.861067 -5.812286 0.353029 -1.511152 -0.031939 20.222811 3.684307 2.316632 18.787292 2e-06 -3e-06 10.751637 -0.479869 1.397905 -1e-06 1e-06 1e-06 3.273809 0.305945 -0.580111 21.486832 11.83038 2.266136 8.162935 0.0 -3e-06 18.399103 -3.798988 -4.940581 3e-06 -0.0 -1e-06 5.556474 21.786594 -117.780533 0.185366 -0.151125 127.554779 -6.91169 -0.676423 -11.393731 1.467136 -2.178134 1.652604 0.0 -0.0 2e-06 -51.812504 -44.311565 -59.200886 1.5205 0.8471 126.368515 14.728571 47.688557 -25.866863 -1.476271 0.236886 2.597357 0.0 0.0 -1e-06 
0.0 0.0 0.0 0.0 -0.0 0.0 0.029847 38.296555 5.548477 -2.929856 -0.649331 2.738418 -2.978772 -3.582341 20.100851 -0.967316 -1.343395 5.297705 1.83219 -5.850384 18.748734 -9.990109 6.867565 -4.39416 2.141095 8.319699 -3.330271 -2.457252 10.734688 -9.775789 7.7e-05 -2.3e-05 7e-06 -0.00808 0.015792 0.003886 0.719655 -3.654295 -10.418076 -0.750646 3.697263 -10.43932 2.169848 -13.588447 3.774231 -12.811063 -57.324848 -16.480722 -5.959301 -81.61393 7.358581 8.46056 4.238015 50.477894 -5.88211 9.861289 0.70259 -10.93688 -0.360576 7.156212 2e-06 8.774831 -1e-06 -17.702883 17.435619 5.890391 -1.844034 2.498507 -2.50728 -10.163605 4.678948 4.621111 -20.97604 -5e-06 1e-06 -21.226301 2.451694 -3.594002 1e-06 -6e-06 -0.0 -1.362682 2.240799 -0.746324 -21.334929 0.584908 3.008325 -13.821225 -4e-06 2e-06 -23.887184 -0.249083 -0.83948 -61.618225 2.494602 -0.245261 -0.294025 1.679689 0.833256 -14.218218 0.093212 1.300581 -34.21207 -0.287568 0.967172 -20.033226 0.964536 1.212845 -1e-06 0.0 -0.0 -3.44039 0.788235 0.501656 -15.928196 -3.167313 2.999709 -6.33883 -1e-06 1e-06 -18.123459 3.648182 -4.905676 -5e-06 1e-06 -1e-06 -3.994156 27.928534 2.657445 74.443253 35.267673 -12.392696 -174.825653 67.282005 -175.285873 -24.047291 21.035301 -35.108646 2.243542 -5.25504 -3.180159 14.282907 -0.826595 6.95251 -5e-06 -12.69062 2e-06 16.374975 -17.218245 2.218905 1.665667 -1.955922 -2.878299 4.727804 -4.170592 4.993927 11.020536 4e-06 1e-06 12.109059 -3.735719 -2.866783 0.0 0.0 -0.0 1.291986 -1.928552 -1.498089 14.800144 0.56747 3.865612 14.242582 -1.34174 -6.660658 19.631985 0.143927 -0.648239 50.629448 -0.868346 -5.794416 0.35303 -1.511151 -0.031939 20.222815 3.684315 2.316635 18.787292 7e-06 2e-06 10.751639 -0.479867 1.39791 -1e-06 1e-06 -0.0 3.273809 0.305948 -0.580112 21.486837 11.830392 2.266138 8.162937 3e-06 -0.0 18.399099 -3.798988 -4.940576 3e-06 0.0 -0.0 5.488561 21.635475 -117.870232 0.177031 -0.145254 127.604767 -6.926432 -0.660997 -11.394913 1.466848 -2.183784 1.644868 0.0 -1e-06 2e-06 -52.029846 -44.233379 -59.063011 1.528573 0.83692 126.352631 14.971028 47.655941 -25.718098 -1.473175 0.225921 2.592196 0.0 1e-06 -1e-06 
0.0 0.0 0.0 0.0 -0.0 0.0 0.071489 38.250275 5.538488 -2.908979 -0.582602 2.733578 -2.965033 -3.584859 20.091721 -0.965411 -1.363689 5.286483 1.87188 -5.853291 18.753855 -9.957414 6.861628 -4.378026 2.079547 8.366976 -3.32836 -2.442757 10.698694 -9.668567 7.7e-05 -2.3e-05 6e-06 -0.01288 0.02432 0.00098 0.715513 -3.644304 -10.420513 -0.755956 3.70478 -10.441164 2.207877 -13.665988 3.74288 -12.611235 -57.420593 -16.485113 -5.56623 -81.530861 6.989208 8.402509 4.344547 50.561352 -5.882106 9.861284 0.702589 -10.93687 -0.360575 7.156205 0.0 8.774826 -1e-06 -17.724405 17.435171 5.889983 -1.844032 2.498503 -2.507278 -10.163599 4.678944 4.621109 -20.976023 -6e-06 1e-06 -21.226286 2.451694 -3.594 2e-06 -6e-06 -0.0 -1.362681 2.240797 -0.746324 -21.334913 0.584907 3.008323 -13.821213 -3e-06 1e-06 -23.887167 -0.249082 -0.839483 -61.638454 2.503971 -0.214039 -0.294025 1.679685 0.833256 -14.218208 0.093214 1.30058 -34.212048 -0.287566 0.967169 -20.033211 0.964536 1.212847 0.0 0.0 -0.0 -3.440388 0.788233 0.501655 -15.928185 -3.16731 2.999707 -6.338825 -2e-06 1e-06 -18.123444 3.648182 -4.905671 -6e-06 1e-06 -2e-06 -4.010643 27.97974 2.656512 74.386833 35.296947 -12.626546 -174.974838 67.294456 -175.408569 -24.017477 21.014101 -35.198654 2.243542 -5.255039 -3.18016 14.282896 -0.826594 6.952505 -1e-06 -12.690605 -0.0 16.327671 -17.172832 2.202632 1.665667 -1.955923 -2.878299 4.727801 -4.170588 4.993926 11.020529 1e-06 -0.0 12.109056 -3.735718 -2.866784 0.0 2e-06 -0.0 1.291986 -1.928549 -1.498091 14.800132 0.567467 3.865609 14.242575 -1.341737 -6.660659 19.631969 0.143923 -0.648244 50.548706 -0.873861 -5.787888 0.353028 -1.511151 -0.03194 20.222801 3.684311 2.31663 18.787279 5e-06 -1e-06 10.751633 -0.47987 1.397906 -1e-06 1e-06 -0.0 3.273808 0.305947 -0.580109 21.486822 11.830377 2.266136 8.16293 2e-06 -2e-06 18.39909 -3.798985 -4.940577 3e-06 -0.0 -0.0 5.447819 21.479319 -117.959297 0.168405 -0.140634 127.643898 -6.960749 -0.63963 -11.393859 1.465965 -2.185779 1.660665 0.0 1e-06 2e-06 -52.20607 -44.169456 -58.975166 1.536087 0.828022 126.341698 15.251939 47.64782 -25.522594 -1.46889 0.2109 2.597671 0.0 0.0 -1e-06 
0.0 0.0 0.0 0.0 -0.0 0.0 0.112036 38.202522 5.522426 -2.892189 -0.525929 2.729785 -2.958781 -3.582768 20.07412 -0.964107 -1.392278 5.279503 1.893641 -5.863319 18.764906 -9.913032 6.861677 -4.357496 2.043384 8.417527 -3.325966 -2.425436 10.674425 -9.486627 7.7e-05 -2.3e-05 6e-06 -0.017328 0.03123 0.000219 0.712754 -3.635971 -10.422563 -0.761865 3.710376 -10.44275 2.226106 -13.75106 3.748384 -12.394317 -57.484055 -16.525402 -5.266112 -81.474243 6.702482 8.342198 4.449918 50.578079 -5.882106 9.861286 0.702592 -10.936877 -0.360578 7.156212 2e-06 8.774824 -0.0 -17.741888 17.458731 5.888067 -1.844032 2.498504 -2.507278 -10.163604 4.678944 4.621112 -20.976032 -5e-06 8e-06 -21.226292 2.451698 -3.593995 1e-06 -6e-06 -0.0 -1.362682 2.240798 -0.746323 -21.334925 0.584909 3.00833 -13.821222 -4e-06 5e-06 -23.887182 -0.249078 -0.839477 -61.648285 2.522418 -0.191884 -0.294025 1.679685 0.833256 -14.218215 0.093213 1.300584 -34.212063 -0.287564 0.967183 -20.033222 0.96454 1.212851 -1e-06 0.0 -0.0 -3.44039 0.788234 0.501656 -15.928194 -3.167313 2.999711 -6.338829 -1e-06 3e-06 -18.123455 3.648182 -4.905665 -5e-06 1e-06 -2e-06 -4.023254 28.016134 2.632323 74.331413 35.283405 -12.864954 -175.217041 67.314888 -175.617157 -23.976149 20.978235 -35.281204 2.243542 -5.255038 -3.180156 14.282896 -0.826599 6.952507 -0.0 -12.690605 -0.0 16.283628 -17.146919 2.194801 1.665667 -1.955921 -2.878298 4.727803 -4.170588 4.993927 11.020529 1e-06 -0.0 12.109055 -3.735719 -2.866783 1e-06 2e-06 -0.0 1.291987 -1.928549 -1.49809 14.800134 0.567466 3.86561 14.242577 -1.341739 -6.660657 19.631973 0.14392 -0.648245 50.479092 -0.881769 -5.792324 0.353029 -1.511151 -0.031941 20.222801 3.684306 2.316633 18.787283 2e-06 -0.0 10.751633 -0.479871 1.397907 -1e-06 1e-06 -0.0 3.273807 0.305948 -0.58011 21.48682 11.830376 2.266135 8.16293 1e-06 -1e-06 18.399092 -3.798987 -4.940578 3e-06 -0.0 -1e-06 5.413801 21.330822 -118.053169 0.162164 -0.139554 127.67923 -7.016759 -0.612074 -11.386439 1.466239 -2.190768 1.675354 -0.0 -1e-06 2e-06 -52.361954 -44.139786 -58.916767 1.538055 0.824569 126.335075 15.534687 47.644077 -25.320612 -1.463766 0.192037 2.634544 0.0 0.0 -1e-06 
0.0 0.0 0.0 0.0 -0.0 0.0 0.150096 38.155415 5.505399 -2.88086 -0.478385 2.708015 -2.962986 -3.585681 20.05938 -0.964169 -1.41719 5.279734 1.901379 -5.880611 18.787832 -9.830913 6.852013 -4.311587 2.021689 8.466088 -3.326312 -2.399258 10.676953 -9.265759 7.7e-05 -2.3e-05 7e-06 -0.021775 0.036107 0.002904 0.709241 -3.630353 -10.421789 -0.767002 3.714338 -10.439811 2.234737 -13.847386 3.799709 -12.170807 -57.498001 -16.582689 -4.876423 -81.451279 6.318339 8.297318 4.518036 50.544762 -5.882108 9.861292 0.70259 -10.936877 -0.360574 7.15621 1e-06 8.774828 -1e-06 -17.771727 17.504318 5.87845 -1.844033 2.498504 -2.507279 -10.163605 4.678947 4.621111 -20.976038 -5e-06 5e-06 -21.226299 2.451697 -3.594 1e-06 -5e-06 -0.0 -1.362682 2.240799 -0.746324 -21.334929 0.584908 3.008326 -13.821222 -4e-06 3e-06 -23.887184 -0.249081 -0.839482 -61.660194 2.544852 -0.193785 -0.294025 1.679686 0.833256 -14.218215 0.093213 1.300582 -34.212067 -0.287565 0.967175 -20.033222 0.964537 1.212846 -1e-06 -0.0 0.0 -3.44039 0.788234 0.501656 -15.928198 -3.167316 2.99971 -6.338829 -1e-06 2e-06 -18.123457 3.648183 -4.905671 -5e-06 1e-06 -2e-06 -4.030783 28.035057 2.586026 74.306145 35.216469 -13.106362 -175.541824 67.349197 -175.888977 -23.881594 20.895668 -35.312302 2.243543 -5.255041 -3.180159 14.282901 -0.826595 6.952507 -1e-06 -12.690614 -1e-06 16.264997 -17.151056 2.184832 1.665668 -1.955923 -2.8783 4.727804 -4.17059 4.993927 11.020535 2e-06 -0.0 12.10906 -3.735719 -2.866786 0.0 0.0 -2e-06 1.291988 -1.928549 -1.49809 14.80014 0.567467 3.865611 14.242583 -1.341739 -6.660662 19.631985 0.143924 -0.648246 50.442261 -0.889446 -5.807696 0.353029 -1.511151 -0.031941 20.222807 3.684312 2.316632 18.787289 6e-06 -1e-06 10.751637 -0.479868 1.397907 -1e-06 1e-06 -0.0 3.273808 0.305947 -0.580111 21.48683 11.830385 2.266135 8.162933 2e-06 -2e-06 18.399099 -3.798988 -4.94058 3e-06 -0.0 -1e-06 5.37848 21.208391 -118.129745 0.155238 -0.138436 127.715767 -7.058155 -0.588424 -11.37443 1.466564 -2.195343 1.666632 -0.0 -0.0 2e-06 -52.504307 -44.1334 -58.859192 1.538288 0.831975 126.330566 15.792383 47.638226 -25.114986 -1.458314 0.175244 2.671178 0.0 0.0 -1e-06 
0.0 0.0 0.0 0.0 -0.0 0.0 0.17914 38.097252 5.489393 -2.87749 -0.448638 2.670904 -2.975364 -3.584346 20.054319 -0.963921 -1.438489 5.292333 1.898617 -5.897883 18.823559 -9.729498 6.836253 -4.240884 2.029438 8.526409 -3.325388 -2.380489 10.691257 -9.058828 7.8e-05 -2.3e-05 6e-06 -0.027336 0.04295 0.007719 0.702712 -3.62296 -10.416911 -0.771281 3.720305 -10.431462 2.240106 -13.953504 3.861756 -11.982257 -57.455471 -16.646334 -4.565636 -81.475502 6.012322 8.281895 4.543195 50.415943 -5.882108 9.861287 0.70259 -10.936875 -0.360575 7.156209 2e-06 8.774829 -0.0 -17.805897 17.558805 5.860472 -1.844033 2.498508 -2.50728 -10.163604 4.678946 4.621111 -20.976034 -6e-06 1e-06 -21.226297 2.451694 -3.594002 1e-06 -5e-06 -0.0 -1.362682 2.240798 -0.746324 -21.334925 0.584907 3.008325 -13.821223 -4e-06 2e-06 -23.887184 -0.249082 -0.839482 -61.669895 2.574861 -0.221519 -0.294025 1.679689 0.833256 -14.218215 0.093213 1.300581 -34.212067 -0.287567 0.967172 -20.033222 0.964535 1.212846 -1e-06 -0.0 1e-06 -3.44039 0.788231 0.501656 -15.928192 -3.167312 2.999709 -6.338829 -2e-06 1e-06 -18.123453 3.648183 -4.905673 -6e-06 -0.0 -2e-06 -4.036515 28.009703 2.522548 74.319778 35.125351 -13.25736 -175.782166 67.384369 -176.08757 -23.736912 20.805614 -35.229774 2.243543 -5.255041 -3.180162 14.282909 -0.826597 6.952511 -2e-06 -12.690617 1e-06 16.27367 -17.17968 2.170342 1.665667 -1.955922 -2.878302 4.727805 -4.170593 4.993929 11.020539 2e-06 1e-06 12.109066 -3.735718 -2.866786 0.0 0.0 -1e-06 1.291986 -1.928551 -1.49809 14.800146 0.567466 3.865614 14.242588 -1.34174 -6.660662 19.631992 0.143926 -0.648243 50.443035 -0.881822 -5.833939 0.353031 -1.511152 -0.031939 20.222818 3.684313 2.316635 18.7873 3e-06 0.0 10.751643 -0.47987 1.397908 -1e-06 1e-06 -0.0 3.273811 0.305947 -0.580112 21.486843 11.830389 2.266137 8.162938 2e-06 -2e-06 18.399111 -3.798991 -4.940582 4e-06 0.0 -1e-06 5.34628 21.137981 -118.209457 0.143944 -0.132375 127.764824 -7.072068 -0.58762 -11.345905 1.465463 -2.194622 1.636648 -0.0 -0.0 2e-06 -52.649258 -44.128632 -58.807343 1.531391 0.838732 126.346085 16.028845 47.639187 -24.912195 -1.45376 0.161459 2.672211 0.0 0.0 -1e-06 
0.0 0.0 0.0 0.0 -0.0 0.0 0.186381 38.035049 5.475635 -2.873173 -0.431715 2.616182 -2.995721 -3.577617 20.066988 -0.962232 -1.455195 5.310312 1.883892 -5.91718 18.867111 -9.611322 6.832676 -4.130163 2.053058 8.582724 -3.318754 -2.360132 10.703789 -8.913167 7.8e-05 -2.3e-05 6e-06 -0.028068 0.044198 0.012945 0.699984 -3.620218 -10.407681 -0.769882 3.719852 -10.420026 2.236771 -14.053628 3.917581 -11.839908 -57.385777 -16.671019 -4.462993 -81.529839 5.906908 8.305532 4.552553 50.235104 -5.882108 9.861291 0.70259 -10.93688 -0.360578 7.156211 2e-06 8.774831 -2e-06 -17.820051 17.621759 5.858185 -1.844033 2.498505 -2.50728 -10.163604 4.678946 4.621109 -20.976038 -9e-06 1e-06 -21.226299 2.451692 -3.594002 1e-06 -6e-06 -0.0 -1.362682 2.240799 -0.746324 -21.334927 0.584906 3.008324 -13.821223 -6e-06 1e-06 -23.887184 -0.249085 -0.839483 -61.699463 2.599502 -0.264231 -0.294024 1.679689 0.833256 -14.218217 0.093211 1.30058 -34.212074 -0.287573 0.967173 -20.033226 0.964534 1.212845 -1e-06 -0.0 -1e-06 -3.44039 0.788232 0.501655 -15.928196 -3.167313 2.999708 -6.33883 -3e-06 2e-06 -18.123459 3.648181 -4.905674 -5e-06 1e-06 -2e-06 -4.043532 27.940584 2.447719 74.364693 35.007843 -13.296016 -175.889938 67.418282 -176.186081 -23.59672 20.705826 -35.033337 2.243543 -5.255041 -3.180161 14.282907 -0.826593 6.952514 -4e-06 -12.690619 0.0 16.307232 -17.205036 2.143845 1.665666 -1.955924 -2.878302 4.727804 -4.17059 4.993929 11.020536 3e-06 1e-06 12.10906 -3.735718 -2.866786 1e-06 1e-06 -2e-06 1.291986 -1.928549 -1.49809 14.800146 0.567472 3.865616 14.242585 -1.341737 -6.660661 19.631987 0.143926 -0.648242 50.459789 -0.870266 -5.858368 0.353029 -1.511153 -0.03194 20.222811 3.684315 2.316637 18.787289 6e-06 3e-06 10.751639 -0.479868 1.39791 -1e-06 0.0 -1e-06 3.27381 0.305946 -0.580111 21.486839 11.830393 2.266141 8.162936 0.0 1e-06 18.399101 -3.79899 -4.940577 3e-06 -0.0 -2e-06 5.333744 21.118631 -118.267799 0.1314 -0.123155 127.814262 -7.084499 -0.600431 -11.307826 1.464635 -2.187176 1.583778 -0.0 -1e-06 2e-06 -52.807911 -44.121178 -58.743759 1.512546 0.83941 126.389404 16.184341 47.696682 -24.76368 -1.450971 0.154172 2.650772 0.0 0.0 -1e-06 
0.0 0.0 0.0 0.0 -0.0 0.0 0.173176 37.983208 5.462644 -2.859545 -0.421472 2.534106 -3.026412 -3.579643 20.09823 -0.961697 -1.464453 5.330963 1.851511 -5.937947 18.921549 -9.471374 6.832669 -3.971693 2.074154 8.635279 -3.310686 -2.31585 10.707021 -8.805309 7.7e-05 -2.3e-05 7e-06 -0.023801 0.039295 0.01777 0.702503 -3.623682 -10.397819 -0.763608 3.713091 -10.408269 2.232395 -14.162149 3.954116 -11.777197 -57.278084 -16.64514 -4.697458 -81.588417 6.082526 8.352444 4.562219 49.998528 -5.882105 9.861284 0.702589 -10.936868 -0.360577 7.156203 1e-06 8.774826 -1e-06 -17.820759 17.667614 5.866971 -1.844032 2.498504 -2.507278 -10.163597 4.678944 4.621107 -20.976021 -7e-06 -0.0 -21.226286 2.451693 -3.594002 2e-06 -6e-06 -0.0 -1.362682 2.240796 -0.746323 -21.334913 0.584907 3.008322 -13.821213 -3e-06 2e-06 -23.887167 -0.249081 -0.839482 -61.741508 2.609695 -0.296226 -0.294025 1.679686 0.833256 -14.218207 0.093214 1.300579 -34.212048 -0.287568 0.96717 -20.033211 0.964534 1.212844 -1e-06 -0.0 0.0 -3.440388 0.788234 0.501655 -15.928185 -3.167311 2.999706 -6.338825 -2e-06 1e-06 -18.123444 3.648181 -4.905672 -4e-06 1e-06 -2e-06 -4.048978 27.829708 2.383426 74.43383 34.869053 -13.238988 -175.918716 67.461609 -176.21994 -23.445057 20.610142 -34.782574 2.243541 -5.255037 -3.180158 14.282887 -0.826593 6.952497 -3e-06 -12.6906 -0.0 16.34693 -17.227057 2.114483 1.665666 -1.955921 -2.878297 4.727797 -4.170586 4.993921 11.020523 4e-06 -3e-06 12.109048 -3.735713 -2.866784 0.0 0.0 -1e-06 1.291985 -1.92855 -1.498088 14.800122 0.56747 3.865605 14.242567 -1.341735 -6.660656 19.631962 0.143928 -0.648245 50.471493 -0.849488 -5.882206 0.353029 -1.511149 -0.031938 20.222786 3.684311 2.316628 18.78727 6e-06 -3e-06 10.751625 -0.479867 1.397905 -1e-06 1e-06 -0.0 3.273806 0.305947 -0.580111 21.486805 11.830372 2.26613 8.162924 2e-06 -2e-06 18.399076 -3.798981 -4.940575 2e-06 -0.0 -1e-06 5.336022 21.137491 -118.26799 0.122506 -0.11295 127.849365 -7.075698 -0.608969 -11.26215 1.463539 -2.174159 1.541097 -0.0 -0.0 2e-06 -52.987019 -44.112713 -58.645378 1.488397 0.827183 126.44561 16.225098 47.792274 -24.662888 -1.450784 0.15468 2.619994 0.0 1e-06 -1e-06 
0.0 0.0 0.0 0.0 -0.0 0.0 0.143732 37.93763 5.445034 -2.841897 -0.419484 2.45172 -3.060138 -3.588659 20.127895 -0.965992 -1.480483 5.351511 1.80544 -5.951944 18.986301 -9.333634 6.852798 -3.763222 2.1104 8.648221 -3.304142 -2.269407 10.714977 -8.717238 7.7e-05 -2.3e-05 7e-06 -0.017659 0.031327 0.022724 0.70926 -3.630301 -10.386931 -0.75774 3.703209 -10.395464 2.213623 -14.300905 3.996139 -11.694693 -57.114277 -16.583426 -4.827942 -81.632637 6.11373 8.417415 4.565408 49.651005 -5.882105 9.861284 0.70259 -10.936869 -0.360575 7.156204 1e-06 8.774822 -1e-06 -17.796116 17.683062 5.884192 -1.844032 2.498504 -2.507277 -10.163599 4.678944 4.621108 -20.976021 -4e-06 5e-06 -21.226282 2.451697 -3.593997 1e-06 -6e-06 -0.0 -1.362681 2.240796 -0.746323 -21.334911 0.584908 3.008325 -13.821213 -1e-06 3e-06 -23.887167 -0.249076 -0.839479 -61.74358 2.597707 -0.292203 -0.294025 1.679686 0.833256 -14.218207 0.093214 1.300582 -34.212048 -0.287563 0.967172 -20.033211 0.964537 1.212846 -1e-06 -0.0 0.0 -3.440388 0.788232 0.501656 -15.928185 -3.167308 2.999708 -6.338825 -0.0 2e-06 -18.123444 3.648182 -4.905666 -5e-06 1e-06 -2e-06 -4.035455 27.682266 2.370476 74.49942 34.748932 -13.131559 -175.951355 67.518097 -176.276077 -23.30233 20.545506 -34.485245 2.243542 -5.255036 -3.180158 14.282892 -0.826598 6.952505 -0.0 -12.6906 2e-06 16.383602 -17.239384 2.086104 1.665667 -1.955922 -2.878299 4.7278 -4.170587 4.993925 11.020528 1e-06 -1e-06 12.109055 -3.735717 -2.866783 1e-06 0.0 -2e-06 1.291986 -1.928549 -1.49809 14.800129 0.567465 3.865607 14.242574 -1.341738 -6.660658 19.631968 0.143923 -0.648246 50.47784 -0.824875 -5.889462 0.353029 -1.51115 -0.031939 20.222792 3.684304 2.316631 18.787273 2e-06 -3e-06 10.75163 -0.479871 1.397905 -1e-06 1e-06 -1e-06 3.273807 0.305946 -0.580111 21.486813 11.830368 2.266133 8.162929 -1e-06 -3e-06 18.399088 -3.798985 -4.940577 3e-06 -0.0 -2e-06 5.344067 21.186762 -118.254562 0.124453 -0.11104 127.867508 -7.065308 -0.591413 -11.196542 1.463609 -2.155417 1.502194 -0.0 -0.0 2e-06 -53.141815 -44.108135 -58.569592 1.46534 0.808454 126.516716 16.159595 47.873047 -24.64476 -1.455363 0.165577 2.557875 0.0 0.0 -1e-06 
0.0 0.0 0.0 0.0 -0.0 0.0 0.109374 37.876766 5.421444 -2.819316 -0.418845 2.364908 -3.100471 -3.605926 20.163708 -0.974064 -1.499117 5.372557 1.756404 -5.967103 19.050213 -9.193449 6.873871 -3.514892 2.151439 8.625664 -3.305031 -2.217975 10.738307 -8.673832 7.8e-05 -2.2e-05 7e-06 -0.015413 0.028802 0.026583 0.713631 -3.630841 -10.377631 -0.757318 3.698016 -10.382189 2.184458 -14.44973 4.047721 -11.63758 -56.887089 -16.472059 -4.969924 -81.65284 6.173751 8.474297 4.5787 49.218925 -5.882106 9.861287 0.702589 -10.936873 -0.360576 7.156208 2e-06 8.774826 -1e-06 -17.725979 17.664516 5.924534 -1.844033 2.498505 -2.507279 -10.163603 4.678944 4.621109 -20.976032 -9e-06 2e-06 -21.226295 2.451693 -3.594 -1e-06 -5e-06 -0.0 -1.362682 2.2408 -0.746325 -21.334921 0.584906 3.008322 -13.821218 -7e-06 2e-06 -23.887175 -0.249084 -0.839482 -61.704269 2.571923 -0.254709 -0.294024 1.679688 0.833256 -14.218212 0.093211 1.300579 -34.212051 -0.287573 0.967172 -20.033218 0.964535 1.212845 -1e-06 -0.0 0.0 -3.440389 0.788233 0.501655 -15.928192 -3.167313 2.999707 -6.338829 -1e-06 1e-06 -18.123447 3.648178 -4.905674 -4e-06 2e-06 -2e-06 -3.999876 27.499264 2.381089 74.564896 34.627243 -12.970818 -176.030396 67.615417 -176.391296 -23.181532 20.497028 -34.14967 2.243541 -5.255038 -3.180158 14.282892 -0.826594 6.952502 -4e-06 -12.690609 1e-06 16.435257 -17.230564 2.050634 1.665666 -1.955922 -2.878299 4.727798 -4.170587 4.993923 11.020526 5e-06 -0.0 12.109052 -3.735717 -2.866785 1e-06 0.0 -1e-06 1.291985 -1.92855 -1.49809 14.800134 0.567472 3.865607 14.242576 -1.341735 -6.660658 19.631971 0.143929 -0.648243 50.497227 -0.801999 -5.888445 0.353029 -1.511151 -0.031939 20.222795 3.684315 2.316631 18.787277 5e-06 -2e-06 10.751628 -0.479869 1.397906 -0.0 1e-06 0.0 3.273806 0.305947 -0.580112 21.486814 11.830379 2.266134 8.162927 1e-06 -1e-06 18.399084 -3.798984 -4.940573 2e-06 -0.0 -2e-06 5.340529 21.246857 -118.26635 0.135088 -0.118793 127.89122 -7.020546 -0.578664 -11.087993 1.462273 -2.134792 1.471207 -0.0 -1e-06 2e-06 -53.302269 -44.096413 -58.516861 1.448068 0.793081 126.6082 16.01697 47.921597 -24.703127 -1.46232 0.181927 2.477439 0.0 0.0 -1e-06 
0.0 0.0 0.0 0.0 -0.0 0.0 0.08036 37.797905 5.389738 -2.798715 -0.431876 2.274533 -3.140131 -3.625744 20.209738 -0.988765 -1.523136 5.389266 1.709394 -5.994593 19.114183 -9.026481 6.884182 -3.245719 2.17842 8.593767 -3.30811 -2.155959 10.774641 -8.646062 7.8e-05 -2.3e-05 7e-06 -0.01317 0.025408 0.027334 0.717809 -3.632497 -10.374028 -0.756765 3.69236 -10.373689 2.152704 -14.604206 4.103181 -11.626106 -56.600544 -16.27474 -4.930174 -81.657738 6.086364 8.498569 4.61791 48.654438 -5.882109 9.861287 0.702591 -10.936875 -0.360576 7.156207 2e-06 8.774827 1e-06 -17.630793 17.619587 5.975212 -1.844034 2.498507 -2.507279 -10.163604 4.678946 4.621109 -20.97603 -6e-06 -1e-06 -21.226295 2.451693 -3.594003 1e-06 -6e-06 -0.0 -1.362682 2.2408 -0.746324 -21.334923 0.584908 3.00832 -13.82122 -3e-06 -1e-06 -23.88718 -0.249082 -0.839486 -61.647224 2.537238 -0.185415 -0.294025 1.679686 0.833256 -14.218215 0.093214 1.300579 -34.212063 -0.287568 0.967167 -20.033218 0.964534 1.212841 -2e-06 -1e-06 1e-06 -3.44039 0.788233 0.501655 -15.928192 -3.16731 2.999705 -6.33883 -1e-06 -1e-06 -18.123457 3.64818 -4.905674 -5e-06 2e-06 -3e-06 -3.951214 27.310787 2.397218 74.62323 34.478207 -12.800643 -176.209045 67.736198 -176.604019 -23.049068 20.467783 -33.737785 2.243542 -5.25504 -3.180159 14.28291 -0.826593 6.952514 -4e-06 -12.690619 1e-06 16.524298 -17.215305 2.00528 1.665667 -1.955923 -2.878301 4.727806 -4.170592 4.99393 11.020539 4e-06 2e-06 12.109063 -3.735719 -2.866783 1e-06 1e-06 -0.0 1.291985 -1.928553 -1.49809 14.800148 0.56747 3.865614 14.242586 -1.341736 -6.660661 19.63199 0.143926 -0.648238 50.547596 -0.781376 -5.876299 0.353029 -1.511152 -0.031941 20.222818 3.684316 2.316638 18.7873 5e-06 5e-06 10.751642 -0.47987 1.39791 -0.0 1e-06 -2e-06 3.273811 0.30595 -0.580111 21.486845 11.830391 2.26614 8.162938 -0.0 0.0 18.399107 -3.79899 -4.940577 2e-06 1e-06 -1e-06 5.333473 21.314096 -118.308594 0.148129 -0.129581 127.927887 -6.957574 -0.565622 -10.963719 1.460281 -2.121837 1.436778 -0.0 -0.0 2e-06 -53.452114 -44.094078 -58.511787 1.437281 0.785597 126.7118 15.890408 47.950005 -24.756327 -1.468539 0.195877 2.402435 0.0 0.0 -1e-06 
0.0 0.0 0.0 0.0 -0.0 0.0 0.045709 37.718521 5.362413 -2.785568 -0.469117 2.186644 -3.177696 -3.640354 20.251974 -1.003802 -1.560416 5.39601 1.654006 -6.02665 19.194515 -8.825342 6.876 -2.971011 2.181645 8.574087 -3.309149 -2.089344 10.812994 -8.636493 7.7e-05 -2.3e-05 7e-06 -0.011165 0.021621 0.023074 0.717181 -3.634345 -10.374355 -0.75199 3.686278 -10.36774 2.115559 -14.74122 4.164121 -11.664443 -56.281994 -16.005779 -4.848798 -81.628746 6.014729 8.504597 4.673226 47.819771 -5.882108 9.861292 0.702588 -10.936881 -0.36058 7.156214 3e-06 8.77483 -2e-06 -17.528519 17.583061 6.034135 -1.844033 2.498506 -2.507281 -10.163606 4.678945 4.621112 -20.97604 -1.1e-05 2e-06 -21.226301 2.451691 -3.594 0.0 -6e-06 -0.0 -1.362682 2.2408 -0.746325 -21.33493 0.584904 3.008327 -13.821225 -7e-06 2e-06 -23.887184 -0.249085 -0.839479 -61.612801 2.501523 -0.110251 -0.294024 1.679688 0.833256 -14.21822 0.09321 1.300581 -34.212082 -0.287574 0.967176 -20.03323 0.964532 1.212849 -1e-06 -0.0 1e-06 -3.440391 0.788232 0.501656 -15.928201 -3.167317 2.999711 -6.338832 -3e-06 1e-06 -18.123459 3.64818 -4.905673 -5e-06 1e-06 -2e-06 -3.884926 27.112072 2.461049 74.662971 34.303528 -12.608165 -176.429016 67.878403 -176.868713 -22.833317 20.461411 -33.295444 2.243542 -5.255037 -3.180157 14.282895 -0.826595 6.952505 -4e-06 -12.690611 2e-06 16.609314 -17.203663 1.971706 1.665666 -1.955922 -2.878299 4.7278 -4.170588 4.993925 11.020527 4e-06 -1e-06 12.109053 -3.735716 -2.866783 1e-06 1e-06 -2e-06 1.291986 -1.92855 -1.498089 14.800132 0.567469 3.865608 14.242576 -1.341735 -6.660659 19.631973 0.14393 -0.648242 50.602741 -0.759974 -5.864154 0.353029 -1.51115 -0.031939 20.222797 3.684311 2.31663 18.787275 5e-06 -1e-06 10.751628 -0.479866 1.397908 -1e-06 1e-06 -1e-06 3.273808 0.305947 -0.580111 21.486818 11.83038 2.266134 8.162929 1e-06 -1e-06 18.399088 -3.798986 -4.940577 2e-06 1e-06 -1e-06 5.339737 21.417805 -118.348366 0.157191 -0.140802 127.971085 -6.897802 -0.547186 -10.878383 1.458085 -2.116883 1.423273 0.0 -0.0 2e-06 -53.551743 -44.097801 -58.550652 1.434687 0.785316 126.82402 15.801387 47.958675 -24.827339 -1.472847 0.206778 2.382912 0.0 0.0 -1e-06 
0.0 0.0 0.0 0.0 -0.0 0.0 0.005057 37.64463 5.347752 -2.775121 -0.514716 2.109159 -3.214447 -3.645989 20.286648 -1.019618 -1.59984 5.395151 1.589964 -6.075758 19.281525 -8.614635 6.852331 -2.729678 2.160676 8.572631 -3.303413 -2.006994 10.847975 -8.677588 7.8e-05 -2.2e-05 6e-06 -0.009404 0.018641 0.01599 0.713373 -3.635639 -10.374078 -0.744431 3.681365 -10.362885 2.066854 -14.865628 4.235651 -11.789618 -55.955509 -15.632368 -4.699116 -81.574493 5.924163 8.49516 4.728228 46.755177 -5.882106 9.861288 0.702589 -10.936874 -0.360575 7.156206 2e-06 8.774829 -1e-06 -17.431992 17.568556 6.110225 -1.844033 2.498505 -2.507279 -10.163603 4.678943 4.621109 -20.976032 -8e-06 0.0 -21.226294 2.451692 -3.594002 0.0 -6e-06 -0.0 -1.362682 2.240796 -0.746324 -21.334921 0.584906 3.008323 -13.821218 -6e-06 2e-06 -23.88718 -0.249083 -0.839483 -61.601871 2.461805 -0.051968 -0.294024 1.679687 0.833256 -14.218214 0.093213 1.300579 -34.212063 -0.28757 0.967172 -20.033224 0.964534 1.212846 -1e-06 0.0 1e-06 -3.440389 0.788233 0.501655 -15.928192 -3.167312 2.999707 -6.338828 -1e-06 0.0 -18.123453 3.648179 -4.905672 -5e-06 0.0 -3e-06 -3.780546 26.89254 2.57177 74.685951 34.062984 -12.397323 -176.692581 68.008781 -177.164871 -22.531641 20.417789 -32.909046 2.243541 -5.255037 -3.180157 14.282892 -0.826593 6.952502 -2e-06 -12.6906 2e-06 16.64983 -17.220512 1.958187 1.665665 -1.955923 -2.878299 4.727798 -4.170586 4.993922 11.020524 3e-06 -2e-06 12.109051 -3.735714 -2.866783 1e-06 1e-06 -2e-06 1.291984 -1.92855 -1.49809 14.800127 0.567468 3.865608 14.242571 -1.341737 -6.660658 19.631968 0.143927 -0.648245 50.634537 -0.74612 -5.874894 0.353029 -1.511151 -0.03194 20.22279 3.684309 2.316631 18.787275 2e-06 -1e-06 10.751625 -0.479868 1.397907 -1e-06 -0.0 0.0 3.273805 0.305946 -0.580111 21.486809 11.830373 2.266131 8.162926 2e-06 -1e-06 18.39908 -3.798983 -4.940573 3e-06 -2e-06 -1e-06 5.373946 21.527317 -118.374458 0.161815 -0.152196 128.02005 -6.867241 -0.550524 -10.816093 1.456902 -2.12094 1.434177 0.0 -0.0 2e-06 -53.620975 -44.079338 -58.597416 1.436336 0.791346 126.937622 15.733869 47.971806 -24.902832 -1.474796 0.213771 2.383779 0.0 0.0 -1e-06 
0.0 0.0 0.0 0.0 -0.0 0.0 -0.038392 37.581188 5.357463 -2.768523 -0.567939 2.055464 -3.248888 -3.635328 20.306635 -1.041189 -1.634218 5.387705 1.520596 -6.14653 19.375006 -8.412153 6.809275 -2.553694 2.121637 8.591886 -3.300872 -1.910618 10.858531 -8.732594 7.7e-05 -2.2e-05 6e-06 -0.00853 0.017489 0.006906 0.709084 -3.636422 -10.380134 -0.738113 3.67976 -10.367537 2.022334 -14.966555 4.303297 -12.061611 -55.641487 -15.103481 -4.345865 -81.504997 5.631431 8.510231 4.758462 45.566959 -5.882108 9.861288 0.70259 -10.936877 -0.360577 7.15621 2e-06 8.774826 -0.0 -17.32667 17.571732 6.206048 -1.844033 2.498506 -2.50728 -10.163605 4.678945 4.621111 -20.976034 -5e-06 3e-06 -21.226297 2.451694 -3.594 1e-06 -6e-06 -0.0 -1.362682 2.240797 -0.746324 -21.334927 0.584907 3.008326 -13.821221 -4e-06 3e-06 -23.887182 -0.24908 -0.839479 -61.589195 2.444996 -0.023281 -0.294025 1.679687 0.833256 -14.218216 0.093213 1.300583 -34.212067 -0.287567 0.967177 -20.033226 0.964537 1.212847 -1e-06 0.0 1e-06 -3.44039 0.788234 0.501656 -15.928198 -3.167314 2.999711 -6.338831 -2e-06 1e-06 -18.123457 3.648184 -4.905671 -5e-06 1e-06 -3e-06 -3.63681 26.641705 2.706142 74.697243 33.753353 -12.164265 -176.967209 68.128815 -177.427521 -22.187685 20.337154 -32.672283 2.243544 -5.255039 -3.180159 14.282904 -0.826597 6.952507 -1e-06 -12.690612 1e-06 16.627846 -17.261824 1.96844 1.665667 -1.955922 -2.878299 4.727804 -4.170592 4.993927 11.020536 2e-06 -1e-06 12.109061 -3.73572 -2.866785 1e-06 -1e-06 -1e-06 1.291987 -1.928552 -1.49809 14.800142 0.567467 3.865609 14.242585 -1.341738 -6.66066 19.631985 0.143923 -0.648244 50.628361 -0.7341 -5.901119 0.353029 -1.511151 -0.03194 20.222811 3.68431 2.316633 18.787292 3e-06 -0.0 10.751637 -0.479868 1.397908 -2e-06 1e-06 0.0 3.27381 0.305948 -0.580111 21.486832 11.830379 2.266136 8.162934 -1e-06 -3e-06 18.399099 -3.798987 -4.940578 2e-06 -2e-06 -1e-06 5.436843 21.643663 -118.387329 0.166048 -0.164852 128.082611 -6.83655 -0.599729 -10.792185 1.455504 -2.121985 1.477977 0.0 -0.0 2e-06 -53.670422 -44.033558 -58.63147 1.442588 0.795432 127.042938 15.686426 48.002842 -24.98918 -1.47583 0.219786 2.400283 0.0 1e-06 -1e-06 
0.0 0.0 0.0 0.0 -0.0 0.0 -0.07708 37.537872 5.386049 -2.771569 -0.630781 2.034819 -3.278364 -3.615327 20.296 -1.069985 -1.663129 5.383241 1.44373 -6.232228 19.473217 -8.205334 6.759527 -2.448067 2.084742 8.620284 -3.305721 -1.849493 10.838675 -8.77331 7.7e-05 -2.2e-05 6e-06 -0.007564 0.016178 -0.001203 0.706851 -3.638931 -10.393847 -0.73353 3.679463 -10.383708 1.974979 -15.046511 4.358694 -12.497668 -55.337875 -14.410986 -3.842889 -81.427322 5.146883 8.548249 4.761128 44.264347 -5.882108 9.861288 0.702589 -10.936877 -0.360577 7.156209 1e-06 8.774828 -2e-06 -17.195753 17.606541 6.324962 -1.844033 2.498504 -2.507279 -10.163605 4.678945 4.62111 -20.976034 -7e-06 4e-06 -21.226297 2.451695 -3.594001 0.0 -6e-06 -0.0 -1.362682 2.240799 -0.746324 -21.334925 0.584906 3.008324 -13.82122 -4e-06 2e-06 -23.887184 -0.249081 -0.839481 -61.573193 2.470542 -0.008951 -0.294025 1.679687 0.833256 -14.218216 0.093211 1.300581 -34.212067 -0.287569 0.967173 -20.033226 0.964536 1.212847 -1e-06 -0.0 0.0 -3.44039 0.788232 0.501656 -15.928194 -3.167313 2.999708 -6.338829 -0.0 1e-06 -18.123457 3.648182 -4.905671 -4e-06 1e-06 -2e-06 -3.442184 26.350279 2.848037 74.679901 33.368858 -11.904569 -177.221771 68.226776 -177.621826 -21.79442 20.215141 -32.540138 2.243542 -5.255041 -3.180159 14.282901 -0.826595 6.952511 -3e-06 -12.690612 1e-06 16.578396 -17.328651 1.991484 1.665667 -1.955922 -2.8783 4.727802 -4.17059 4.993927 11.020532 3e-06 -1e-06 12.109058 -3.735718 -2.866784 2e-06 0.0 -0.0 1.291985 -1.928551 -1.49809 14.800138 0.567469 3.865613 14.24258 -1.341736 -6.660659 19.631979 0.143923 -0.648242 50.56691 -0.729252 -5.938967 0.353028 -1.511152 -0.03194 20.222803 3.684311 2.316634 18.787287 3e-06 1e-06 10.751635 -0.479869 1.39791 -1e-06 -0.0 1e-06 3.273809 0.305948 -0.58011 21.486832 11.830382 2.26614 8.162933 -1e-06 -0.0 18.399096 -3.79899 -4.940575 3e-06 -2e-06 -2e-06 5.518541 21.760033 -118.389053 0.170315 -0.179237 128.147278 -6.818975 -0.655363 -10.799651 1.45317 -2.11596 1.542221 -0.0 -0.0 2e-06 -53.683113 -43.979908 -58.664337 1.448452 0.791454 127.124245 15.703033 48.048809 -25.023476 -1.475714 0.225208 2.430391 0.0 0.0 -1e-06 
0.0 0.0 0.0 0.0 -0.0 0.0 -0.112393 37.526447 5.422997 -2.777741 -0.704147 2.038906 -3.312844 -3.594064 20.265396 -1.097646 -1.695174 5.385796 1.345496 -6.313354 19.557716 -7.999127 6.709029 -2.387545 2.065282 8.651703 -3.314737 -1.837776 10.83422 -8.80703 7.7e-05 -2.2e-05 6e-06 -0.004714 0.011547 -0.007415 0.709883 -3.644719 -10.411245 -0.730399 3.675778 -10.405878 1.92358 -15.121803 4.416004 -13.114365 -55.026535 -13.53527 -3.09536 -81.349442 4.403968 8.633753 4.720805 42.754993 -5.882108 9.861288 0.70259 -10.936877 -0.360577 7.15621 3e-06 8.774831 0.0 -17.053883 17.662344 6.444468 -1.844033 2.498506 -2.507281 -10.163604 4.678946 4.62111 -20.976034 -1e-05 -1e-06 -21.226299 2.45169 -3.594002 1e-06 -6e-06 -1e-06 -1.362682 2.240798 -0.746324 -21.334925 0.584905 3.008323 -13.821221 -6e-06 1e-06 -23.887184 -0.249085 -0.839483 -61.545689 2.514065 -0.018362 -0.294025 1.679687 0.833256 -14.218215 0.093211 1.30058 -34.212067 -0.287571 0.967171 -20.033222 0.964534 1.212847 -0.0 -1e-06 1e-06 -3.44039 0.788232 0.501655 -15.928196 -3.167315 2.999707 -6.33883 -1e-06 0.0 -18.123457 3.648177 -4.905674 -5e-06 1e-06 -3e-06 -3.208413 26.031645 2.982566 74.655693 32.887581 -11.621761 -177.480438 68.305153 -177.78891 -21.386297 20.086721 -32.476974 2.243539 -5.255036 -3.180157 14.282888 -0.826593 6.952503 -5e-06 -12.690603 1e-06 16.531557 -17.399168 2.022997 1.665666 -1.955921 -2.878299 4.727797 -4.170586 4.993923 11.020522 4e-06 -1e-06 12.109048 -3.735715 -2.866783 2e-06 0.0 -0.0 1.291985 -1.928549 -1.498088 14.800127 0.56747 3.865608 14.242568 -1.341736 -6.660655 19.63196 0.143926 -0.648242 50.496841 -0.730068 -5.986592 0.353028 -1.511151 -0.031941 20.222786 3.684312 2.316631 18.78727 5e-06 2e-06 10.751625 -0.479867 1.397907 -1e-06 -1e-06 0.0 3.273806 0.305948 -0.580112 21.486809 11.830374 2.266135 8.162926 1e-06 -1e-06 18.399076 -3.798985 -4.940571 3e-06 -2e-06 -2e-06 5.59629 21.886574 -118.359558 0.171539 -0.188673 128.192413 -6.857542 -0.694699 -10.830281 1.453637 -2.111564 1.598986 0.0 -1e-06 2e-06 -53.630341 -43.923901 -58.716282 1.449929 0.792402 127.174599 15.740649 48.079399 -25.031439 -1.472837 0.221779 2.467496 0.0 0.0 -1e-06 
0.0 0.0 0.0 0.0 -0.0 0.0 -0.133408 37.542885 5.448013 -2.790743 -0.786556 2.052935 -3.364318 -3.581976 20.232233 -1.117856 -1.734336 5.396253 1.23473 -6.390877 19.619179 -7.78512 6.648641 -2.354017 2.043503 8.709465 -3.330074 -1.866917 10.877347 -8.840405 7.7e-05 -2.2e-05 6e-06 -0.000914 0.004259 -0.0116 0.713654 -3.650846 -10.423094 -0.726089 3.666891 -10.419745 1.851455 -15.191313 4.481637 -13.95482 -54.680302 -12.549684 -2.694438 -81.266861 3.95514 8.77589 4.616315 40.955841 -5.882111 9.861288 0.702592 -10.936879 -0.360574 7.156212 1e-06 8.774826 0.0 -16.898821 17.729494 6.548182 -1.844034 2.498504 -2.507279 -10.163607 4.678946 4.621113 -20.97604 -3e-06 4e-06 -21.226307 2.451698 -3.594 0.0 -7e-06 0.0 -1.362682 2.2408 -0.746323 -21.334934 0.584911 3.008328 -13.821228 -3e-06 3e-06 -23.887192 -0.249079 -0.839482 -61.486797 2.562663 -0.069687 -0.294025 1.679687 0.833256 -14.218219 0.093215 1.300584 -34.212078 -0.287561 0.967172 -20.03323 0.964538 1.212846 -0.0 -0.0 1e-06 -3.440392 0.788234 0.501655 -15.928201 -3.16731 2.999709 -6.338833 -0.0 1e-06 -18.123463 3.648183 -4.905671 -4e-06 1e-06 -1e-06 -2.960789 25.695299 3.097893 74.668983 32.31123 -11.288894 -177.690186 68.407326 -177.911697 -20.9114 19.965887 -32.496712 2.243541 -5.255037 -3.180157 14.282892 -0.826593 6.952503 -3e-06 -12.690607 1e-06 16.520496 -17.457146 2.040688 1.665666 -1.955922 -2.878299 4.727799 -4.170588 4.993924 11.020528 4e-06 -1e-06 12.109053 -3.735716 -2.866783 2e-06 -1e-06 -0.0 1.291985 -1.928549 -1.49809 14.800132 0.567471 3.865609 14.242571 -1.341735 -6.660657 19.631973 0.143928 -0.648244 50.46386 -0.730091 -6.03283 0.353029 -1.51115 -0.03194 20.222795 3.684313 2.316631 18.787273 5e-06 2e-06 10.751627 -0.479867 1.397907 -2e-06 -1e-06 -0.0 3.273807 0.305947 -0.580111 21.486818 11.83038 2.266135 8.162928 3e-06 -2e-06 18.399082 -3.798983 -4.940575 3e-06 -2e-06 -2e-06 5.637208 22.016184 -118.313728 0.161699 -0.186514 128.207108 -6.914577 -0.70221 -10.870378 1.455389 -2.103691 1.649986 0.0 -0.0 2e-06 -53.497005 -43.868832 -58.816399 1.45366 0.799612 127.187866 15.805921 48.048576 -24.988249 -1.468791 0.21316 2.50095 0.0 0.0 -1e-06 
0.0 0.0 0.0 0.0 -0.0 0.0 -0.144704 37.561829 5.468078 -2.810908 -0.861987 2.07369 -3.4179 -3.581514 20.216036 -1.136062 -1.778132 5.40898 1.122941 -6.470893 19.640604 -7.59569 6.6011 -2.328831 2.019805 8.795182 -3.340318 -1.931531 10.938146 -8.915727 7.7e-05 -2.2e-05 6e-06 0.004407 -0.004309 -0.01165 0.719149 -3.658245 -10.430607 -0.720754 3.656903 -10.426199 1.764408 -15.254985 4.570989 -14.925642 -54.328243 -11.542653 -2.807736 -81.176392 3.989172 8.947282 4.507909 38.952755 -5.882111 9.861292 0.70259 -10.936884 -0.360578 7.156214 2e-06 8.774831 -1e-06 -16.75149 17.803606 6.633987 -1.844035 2.498505 -2.507281 -10.163613 4.678944 4.621114 -20.976053 -6e-06 6e-06 -21.226313 2.451696 -3.594 1e-06 -6e-06 0.0 -1.362683 2.240801 -0.746324 -21.334938 0.584906 3.008327 -13.821229 -3e-06 3e-06 -23.887196 -0.249079 -0.839479 -61.438625 2.60677 -0.144418 -0.294024 1.679689 0.833256 -14.218225 0.093212 1.300582 -34.212093 -0.287566 0.967178 -20.033239 0.964538 1.212849 -1e-06 -1e-06 2e-06 -3.440392 0.788233 0.501656 -15.928203 -3.167313 2.999711 -6.338834 -3e-06 1e-06 -18.123466 3.648183 -4.905673 -4e-06 2e-06 -2e-06 -2.718664 25.361641 3.206162 74.720482 31.685579 -10.888988 -177.736557 68.52755 -177.895493 -20.387888 19.863136 -32.55529 2.243542 -5.255041 -3.180159 14.282904 -0.826595 6.952511 -3e-06 -12.690616 1e-06 16.527176 -17.519804 2.035851 1.665667 -1.955923 -2.8783 4.727803 -4.170592 4.993928 11.020535 3e-06 1e-06 12.10906 -3.73572 -2.866784 1e-06 -0.0 -1e-06 1.291986 -1.928551 -1.49809 14.80014 0.567469 3.865611 14.242583 -1.341737 -6.660659 19.631979 0.143925 -0.648241 50.440617 -0.715905 -6.081642 0.353029 -1.511152 -0.031939 20.222805 3.684314 2.316637 18.787289 3e-06 3e-06 10.751637 -0.479868 1.397909 -3e-06 -1e-06 -0.0 3.273809 0.305947 -0.58011 21.486834 11.830385 2.26614 8.162935 0.0 -0.0 18.399099 -3.79899 -4.940577 3e-06 -1e-06 -2e-06 5.648416 22.140898 -118.289368 0.145665 -0.179036 128.217316 -6.965051 -0.714152 -10.913893 1.456818 -2.092469 1.668419 0.0 -0.0 2e-06 -53.340984 -43.806675 -58.929089 1.459178 0.813894 127.188545 15.873919 47.968952 -24.959276 -1.466262 0.2048 2.5073 0.0 0.0 -1e-06 
0.0 0.0 0.0 0.0 -0.0 0.0 -0.147885 37.58247 5.485496 -2.827051 -0.925484 2.103133 -3.466167 -3.602147 20.215002 -1.159384 -1.810302 5.41475 1.023683 -6.561032 19.619137 -7.455239 6.583859 -2.297327 2.008992 8.871861 -3.344984 -2.050166 11.021838 -9.049768 7.7e-05 -2.2e-05 6e-06 0.011686 -0.012555 -0.008869 0.726838 -3.667788 -10.437669 -0.713845 3.649564 -10.433239 1.677831 -15.308573 4.672763 -15.960585 -53.979916 -10.526114 -3.13763 -81.082863 4.227262 9.129593 4.399968 36.860565 -5.882108 9.861286 0.702592 -10.936877 -0.360574 7.156212 0.0 8.774828 -1e-06 -16.6231 17.889212 6.714148 -1.844033 2.498506 -2.507279 -10.163604 4.678947 4.621112 -20.976036 -2e-06 4e-06 -21.226294 2.451698 -3.593997 1e-06 -7e-06 1e-06 -1.362681 2.240798 -0.746323 -21.334927 0.584911 3.008327 -13.821221 0.0 3e-06 -23.887182 -0.249077 -0.839481 -61.437519 2.637236 -0.214902 -0.294025 1.679688 0.833257 -14.218214 0.093215 1.300583 -34.212063 -0.287559 0.967173 -20.03322 0.96454 1.212845 -0.0 0.0 -1e-06 -3.44039 0.788232 0.501657 -15.928192 -3.16731 2.99971 -6.338829 0.0 2e-06 -18.123453 3.648185 -4.905669 -5e-06 2e-06 -2e-06 -2.492919 25.057926 3.316924 74.791183 31.019087 -10.518807 -177.810425 68.619949 -177.921341 -19.835365 19.744432 -32.720963 2.243541 -5.255036 -3.180157 14.282891 -0.826595 6.952505 -3e-06 -12.690603 2e-06 16.55971 -17.592825 2.025377 1.665666 -1.955921 -2.878298 4.727798 -4.170588 4.993924 11.020524 3e-06 -1e-06 12.10905 -3.735714 -2.866783 1e-06 -0.0 0.0 1.291985 -1.92855 -1.498089 14.800125 0.567466 3.865608 14.242569 -1.341737 -6.660656 19.631968 0.143925 -0.648244 50.432114 -0.686494 -6.121998 0.353029 -1.51115 -0.031939 20.222788 3.684307 2.316632 18.787271 3e-06 -0.0 10.751626 -0.479868 1.397907 -2e-06 0.0 0.0 3.273806 0.305947 -0.580112 21.486813 11.830376 2.266135 8.162927 -0.0 -1e-06 18.39908 -3.798985 -4.940575 3e-06 -1e-06 -2e-06 5.628028 22.249102 -118.283524 0.127859 -0.169696 128.223663 -6.9738 -0.732922 -10.974348 1.457166 -2.077965 1.667289 0.0 -0.0 2e-06 -53.198471 -43.761223 -59.035374 1.461956 0.830361 127.178246 15.919923 47.908665 -24.912544 -1.466657 0.203638 2.477719 0.0 0.0 -1e-06 
0.0 0.0 0.0 0.0 -0.0 0.0 -0.153036 37.612045 5.509605 -2.835922 -0.990768 2.142966 -3.507088 -3.63107 20.214369 -1.180404 -1.840785 5.415087 0.93189 -6.638421 19.57057 -7.38039 6.58746 -2.271426 2.01218 8.921961 -3.343164 -2.218009 11.114675 -9.234228 7.7e-05 -2.3e-05 6e-06 0.02026 -0.022244 -0.004263 0.736551 -3.681257 -10.444771 -0.706433 3.643482 -10.441828 1.599545 -15.34687 4.774929 -16.961237 -53.671181 -9.50815 -3.278792 -80.965736 4.285198 9.285461 4.300781 34.845951 -5.882108 9.861287 0.702591 -10.936875 -0.360576 7.156209 2e-06 8.774828 -1e-06 -16.512608 17.951075 6.773299 -1.844034 2.498505 -2.507279 -10.163604 4.678945 4.621111 -20.97603 -6e-06 5e-06 -21.226292 2.451696 -3.593999 -0.0 -6e-06 -0.0 -1.362681 2.2408 -0.746323 -21.334925 0.584908 3.008326 -13.82122 -3e-06 3e-06 -23.887178 -0.249079 -0.839482 -61.442581 2.641364 -0.27718 -0.294025 1.679687 0.833257 -14.218215 0.093214 1.300581 -34.212067 -0.287567 0.967174 -20.033226 0.964536 1.212847 0.0 0.0 0.0 -3.440389 0.788234 0.501656 -15.928198 -3.167312 2.999708 -6.338829 -2e-06 1e-06 -18.123455 3.648182 -4.905671 -4e-06 1e-06 -0.0 -2.301719 24.769754 3.421571 74.896629 30.340374 -10.140141 -177.876724 68.681511 -177.963196 -19.268221 19.657597 -32.917515 2.243541 -5.255037 -3.180157 14.282889 -0.826594 6.952503 -2e-06 -12.690605 1e-06 16.592144 -17.679764 2.026846 1.665666 -1.955921 -2.878298 4.727798 -4.170588 4.993925 11.020524 2e-06 0.0 12.109052 -3.735717 -2.866784 -1e-06 -0.0 1e-06 1.291985 -1.928549 -1.498088 14.800127 0.567467 3.865609 14.242571 -1.341736 -6.660657 19.631962 0.143924 -0.648244 50.454159 -0.650616 -6.164447 0.353029 -1.51115 -0.031939 20.222788 3.684308 2.316631 18.78727 3e-06 -0.0 10.751627 -0.479868 1.397906 -1e-06 0.0 -1e-06 3.273806 0.305947 -0.58011 21.486809 11.830373 2.266134 8.162927 -1e-06 -2e-06 18.39908 -3.798986 -4.940577 2e-06 -1e-06 -2e-06 5.606552 22.361891 -118.265617 0.122278 -0.167377 128.226425 -6.980886 -0.738159 -11.039968 1.457351 -2.060172 1.663661 0.0 -0.0 2e-06 -53.066799 -43.748798 -59.130814 1.455244 0.846921 127.161568 15.896557 47.871101 -24.897268 -1.470857 0.213029 2.443572 0.0 0.0 -1e-06 
0.0 0.0 0.0 0.0 -0.0 0.0 -0.156056 37.64975 5.537599 -2.844965 -1.065372 2.185058 -3.537408 -3.649391 20.203569 -1.197946 -1.868493 5.412853 0.862731 -6.710736 19.518902 -7.376057 6.603171 -2.281682 2.038417 8.956384 -3.34312 -2.411938 11.208943 -9.425917 7.7e-05 -2.2e-05 7e-06 0.028669 -0.032121 -0.001207 0.745358 -3.694314 -10.44959 -0.698424 3.63647 -10.447301 1.527618 -15.359948 4.878047 -17.884258 -53.413624 -8.526424 -3.305595 -80.837814 4.224587 9.435185 4.239324 33.137764 -5.88211 9.861288 0.702591 -10.93688 -0.360575 7.156209 1e-06 8.77483 -1e-06 -16.38983 17.97053 6.818459 -1.844033 2.498505 -2.50728 -10.163608 4.678946 4.62111 -20.97604 -5e-06 3e-06 -21.226303 2.451696 -3.594002 1e-06 -7e-06 -2e-06 -1.362683 2.240798 -0.746325 -21.334929 0.58491 3.008326 -13.821223 -3e-06 3e-06 -23.887188 -0.249078 -0.839484 -61.417381 2.628433 -0.32255 -0.294025 1.679688 0.833256 -14.218219 0.093214 1.300581 -34.212074 -0.287565 0.967171 -20.033226 0.964536 1.212844 -1e-06 -0.0 -0.0 -3.440391 0.788233 0.501657 -15.928198 -3.167313 2.99971 -6.338829 -1e-06 1e-06 -18.123459 3.648183 -4.905671 -5e-06 0.0 -1e-06 -2.125139 24.491163 3.525933 75.018852 29.700518 -9.776781 -177.929871 68.728043 -178.016541 -18.715742 19.627726 -33.088428 2.243543 -5.255041 -3.180159 14.282902 -0.826594 6.952511 -4e-06 -12.690618 1e-06 16.620281 -17.744022 2.033029 1.665667 -1.955924 -2.878302 4.727803 -4.17059 4.993928 11.020536 3e-06 0.0 12.10906 -3.735719 -2.866785 0.0 -0.0 0.0 1.291986 -1.928552 -1.498089 14.800142 0.56747 3.865613 14.242584 -1.341736 -6.660661 19.631985 0.143926 -0.648242 50.487106 -0.61958 -6.208379 0.353029 -1.51115 -0.031941 20.222805 3.684313 2.316634 18.787289 5e-06 1e-06 10.751637 -0.479866 1.397908 -1e-06 0.0 0.0 3.273809 0.305947 -0.580111 21.486832 11.830385 2.266138 8.162934 1e-06 -0.0 18.399097 -3.798988 -4.940578 3e-06 -1e-06 -1e-06 5.598577 22.480686 -118.227379 0.129585 -0.170783 128.228012 -6.979849 -0.722103 -11.085196 1.456695 -2.043695 1.671961 0.0 0.0 2e-06 -52.946903 -43.746449 -59.21384 1.436175 0.854502 127.134659 15.816875 47.840981 -24.907463 -1.477336 0.232369 2.410093 0.0 0.0 -1e-06 
0.0 0.0 0.0 0.0 -0.0 0.0 -0.166574 37.699013 5.574082 -2.853875 -1.158554 2.212254 -3.558588 -3.659138 20.195332 -1.207342 -1.890322 5.400906 0.809939 -6.770895 19.466909 -7.421926 6.645704 -2.323153 2.068212 8.950126 -3.348643 -2.600557 11.299551 -9.64215 7.7e-05 -2.2e-05 7e-06 0.031917 -0.035294 -8e-05 0.74834 -3.699027 -10.453576 -0.694985 3.634676 -10.450093 1.470858 -15.348815 4.967378 -18.751528 -53.198387 -7.649238 -3.719088 -80.691032 4.564879 9.582534 4.211768 31.686474 -5.88211 9.861286 0.702591 -10.936878 -0.360576 7.156216 1e-06 8.774828 -1e-06 -16.26812 17.965767 6.85463 -1.844032 2.498505 -2.507278 -10.163606 4.678946 4.621114 -20.976038 -4e-06 8e-06 -21.226299 2.451697 -3.593997 1e-06 -6e-06 -2e-06 -1.362682 2.2408 -0.746324 -21.334929 0.584909 3.008331 -13.821222 -3e-06 7e-06 -23.887184 -0.249077 -0.839478 -61.403881 2.613918 -0.348688 -0.294024 1.679688 0.833256 -14.218218 0.093214 1.300586 -34.212074 -0.287563 0.967179 -20.033226 0.964541 1.212848 -1e-06 -0.0 -0.0 -3.440391 0.788234 0.501656 -15.928201 -3.167313 2.999715 -6.33883 -1e-06 3e-06 -18.123459 3.648184 -4.905669 -5e-06 -0.0 -1e-06 -1.939667 24.210461 3.641056 75.131256 29.111004 -9.404807 -177.965881 68.76738 -178.067444 -18.227863 19.642277 -33.25275 2.243543 -5.255041 -3.18016 14.282904 -0.826597 6.952509 -0.0 -12.690614 1e-06 16.651512 -17.765032 2.035655 1.665667 -1.955924 -2.8783 4.727805 -4.170592 4.993928 11.020538 0.0 -0.0 12.109063 -3.735721 -2.866786 -1e-06 0.0 -1e-06 1.291986 -1.92855 -1.498091 14.800142 0.567464 3.865613 14.242584 -1.341741 -6.660661 19.631985 0.143921 -0.648246 50.515308 -0.594245 -6.240954 0.353029 -1.51115 -0.03194 20.222811 3.684308 2.316634 18.787289 0.0 1e-06 10.751637 -0.479872 1.397907 -2e-06 1e-06 -0.0 3.27381 0.305947 -0.580111 21.486834 11.83038 2.266138 8.162937 -2e-06 -1e-06 18.399099 -3.798991 -4.940579 2e-06 -1e-06 -1e-06 5.623594 22.620274 -118.133629 0.138362 -0.177428 128.229202 -6.961836 -0.715536 -11.114405 1.454783 -2.031233 1.678694 0.0 0.0 2e-06 -52.826897 -43.732548 -59.276665 1.409599 0.855923 127.104729 15.698242 47.815472 -24.9219 -1.483448 0.255477 2.363285 0.0 0.0 -1e-06 
0.0 0.0 0.0 0.0 -0.0 0.0 -0.185565 37.754745 5.618025 -2.861125 -1.262695 2.229776 -3.566789 -3.660862 20.187231 -1.21325 -1.914479 5.384615 0.764565 -6.809412 19.404528 -7.50153 6.713459 -2.375854 2.092393 8.92515 -3.352566 -2.788685 11.403413 -9.867743 7.7e-05 -2.2e-05 7e-06 0.029381 -0.031417 -0.001361 0.74565 -3.696771 -10.461928 -0.697632 3.640433 -10.457664 1.425418 -15.328968 5.02529 -19.555731 -52.996841 -6.822991 -4.311523 -80.535355 5.108054 9.722401 4.198956 30.425531 -5.882111 9.861293 0.70259 -10.936881 -0.360576 7.156214 1e-06 8.774831 -1e-06 -16.173885 17.937269 6.863286 -1.844033 2.498507 -2.507279 -10.163609 4.678946 4.621115 -20.976044 -4e-06 7e-06 -21.226309 2.451699 -3.594 1e-06 -7e-06 -2e-06 -1.362682 2.2408 -0.746325 -21.334936 0.58491 3.008328 -13.821229 -2e-06 5e-06 -23.887192 -0.249079 -0.839482 -61.409447 2.591186 -0.351631 -0.294026 1.679687 0.833257 -14.218224 0.093213 1.300583 -34.212082 -0.287563 0.967174 -20.033232 0.964539 1.212846 -1e-06 1e-06 -2e-06 -3.440392 0.788233 0.501656 -15.928203 -3.167312 2.999711 -6.338832 -2e-06 2e-06 -18.123466 3.648184 -4.905672 -4e-06 0.0 -0.0 -1.751991 23.941477 3.77637 75.245193 28.585663 -9.061843 -178.038361 68.806274 -178.172119 -17.853201 19.693085 -33.531906 2.243541 -5.255039 -3.180156 14.282896 -0.826595 6.952507 -4e-06 -12.690609 0.0 16.696486 -17.746284 2.042044 1.665666 -1.955922 -2.878298 4.7278 -4.170588 4.993926 11.020528 3e-06 0.0 12.109054 -3.735718 -2.866783 -1e-06 -0.0 -1e-06 1.291985 -1.928549 -1.498089 14.800132 0.567467 3.86561 14.242571 -1.341737 -6.660657 19.631971 0.143926 -0.648243 50.561218 -0.57774 -6.2595 0.353029 -1.51115 -0.031939 20.222797 3.68431 2.316634 18.787279 6e-06 2e-06 10.75163 -0.479869 1.397908 -2e-06 1e-06 -1e-06 3.273807 0.305947 -0.580112 21.486818 11.830379 2.266135 8.16293 2e-06 -1e-06 18.399088 -3.798988 -4.940575 2e-06 -0.0 -1e-06 5.66078 22.782833 -118.007446 0.144618 -0.185321 128.230881 -6.945319 -0.726061 -11.15526 1.454962 -2.029081 1.674606 0.0 0.0 2e-06 -52.695717 -43.70108 -59.331997 1.386453 0.857691 127.077843 15.605746 47.78928 -24.941536 -1.488451 0.277182 2.318723 0.0 0.0 -1e-06 
0.0 0.0 0.0 0.0 -0.0 0.0 -0.208733 37.799316 5.662902 -2.860655 -1.389674 2.229979 -3.57552 -3.662952 20.177193 -1.21388 -1.94083 5.362412 0.715795 -6.827127 19.346445 -7.578782 6.784058 -2.429883 2.09185 8.908368 -3.35254 -2.943915 11.516478 -10.074619 7.7e-05 -2.2e-05 7e-06 0.023214 -0.022909 -0.005053 0.737822 -3.688675 -10.468305 -0.702454 3.649921 -10.462534 1.383231 -15.293045 5.055909 -20.292465 -52.805229 -6.03582 -4.968324 -80.340927 5.750128 9.884858 4.16073 29.280827 -5.88211 9.861288 0.702591 -10.93688 -0.360574 7.156211 1e-06 8.774828 -1e-06 -16.121716 17.924774 6.861835 -1.844033 2.498505 -2.507278 -10.16361 4.678948 4.621111 -20.97604 -4e-06 4e-06 -21.226305 2.451698 -3.594 1e-06 -7e-06 -2e-06 -1.362682 2.240798 -0.746324 -21.33493 0.584909 3.008325 -13.821224 -2e-06 1e-06 -23.887188 -0.24908 -0.839483 -61.452461 2.580709 -0.348217 -0.294025 1.679688 0.833258 -14.218221 0.093214 1.300583 -34.212078 -0.287566 0.967171 -20.033228 0.964536 1.212847 -1e-06 0.0 -1e-06 -3.440391 0.788233 0.501657 -15.928201 -3.16731 2.999711 -6.338831 -0.0 0.0 -18.123463 3.648183 -4.905672 -4e-06 1e-06 -2e-06 -1.567484 23.71903 3.91989 75.351738 28.102688 -8.778118 -178.159988 68.871201 -178.325684 -17.562956 19.764376 -33.939587 2.243541 -5.255038 -3.180157 14.282898 -0.826597 6.952509 -3e-06 -12.690609 3e-06 16.732973 -17.70117 2.052188 1.665666 -1.955921 -2.8783 4.727802 -4.170589 4.993928 11.020529 4e-06 2e-06 12.109056 -3.735717 -2.866781 -1e-06 -0.0 0.0 1.291985 -1.92855 -1.49809 14.800136 0.567467 3.865614 14.242577 -1.341736 -6.660654 19.631973 0.143924 -0.648239 50.615276 -0.559532 -6.262084 0.353029 -1.51115 -0.031939 20.222801 3.684311 2.316637 18.787283 3e-06 4e-06 10.751633 -0.47987 1.397909 -1e-06 1e-06 -0.0 3.273808 0.305947 -0.58011 21.486824 11.830376 2.266138 8.162933 0.0 0.0 18.399092 -3.798987 -4.940573 2e-06 -1e-06 -2e-06 5.700428 22.974169 -117.871147 0.145607 -0.192388 128.246597 -6.934937 -0.755322 -11.200215 1.456305 -2.038379 1.669447 0.0 -1e-06 2e-06 -52.55479 -43.641541 -59.418732 1.379987 0.863608 127.066544 15.506388 47.736355 -24.994314 -1.490372 0.28671 2.291589 0.0 0.0 -1e-06 
0.0 0.0 0.0 0.0 -0.0 0.0 -0.232426 37.834114 5.704709 -2.85741 -1.529641 2.222759 -3.587042 -3.661405 20.169178 -1.208447 -1.967959 5.337852 0.673539 -6.852582 19.273401 -7.642085 6.836766 -2.485268 2.062613 8.935149 -3.346999 -3.086612 11.646396 -10.280614 7.7e-05 -2.2e-05 7e-06 0.017243 -0.014904 -0.01078 0.731129 -3.680135 -10.47492 -0.708135 3.658282 -10.466733 1.341627 -15.265808 5.085534 -20.971697 -52.595753 -5.220658 -5.273413 -80.103859 6.084002 10.059989 4.065922 28.318985 -5.882114 9.861297 0.70259 -10.936885 -0.360573 7.156215 -1e-06 8.774833 -1e-06 -16.100033 17.942701 6.873327 -1.844035 2.498508 -2.507281 -10.163613 4.678951 4.621114 -20.976053 -0.0 2e-06 -21.226315 2.451698 -3.594006 1e-06 -6e-06 -1e-06 -1.362684 2.2408 -0.746325 -21.334942 0.584914 3.008327 -13.821233 -1e-06 1e-06 -23.887203 -0.249076 -0.839485 -61.520573 2.582148 -0.344688 -0.294026 1.679688 0.833256 -14.218227 0.093215 1.300582 -34.212097 -0.287562 0.967171 -20.033241 0.96454 1.212843 -1e-06 0.0 -1e-06 -3.440393 0.788234 0.501656 -15.928208 -3.167312 2.999712 -6.338835 -0.0 -1e-06 -18.12347 3.648189 -4.905677 -5e-06 1e-06 -2e-06 -1.386287 23.545008 4.045383 75.464622 27.621462 -8.573151 -178.383484 68.982849 -178.545074 -17.316563 19.826939 -34.368843 2.243543 -5.255044 -3.180161 14.282912 -0.826594 6.952512 -3e-06 -12.690623 -0.0 16.755873 -17.646076 2.060477 1.665668 -1.955924 -2.878302 4.727805 -4.170592 4.993931 11.020541 4e-06 1e-06 12.109068 -3.73572 -2.866785 -1e-06 0.0 0.0 1.291987 -1.928552 -1.498089 14.800151 0.567471 3.865613 14.24259 -1.341738 -6.660663 19.631996 0.143926 -0.648241 50.671341 -0.543713 -6.24546 0.353029 -1.511153 -0.031938 20.222818 3.684317 2.316636 18.7873 5e-06 2e-06 10.751645 -0.479868 1.397909 -1e-06 1e-06 0.0 3.273811 0.305947 -0.58011 21.486847 11.830392 2.26614 8.16294 4e-06 -1e-06 18.399105 -3.798989 -4.940578 3e-06 -1e-06 -1e-06 5.759644 23.168373 -117.732834 0.144352 -0.196042 128.270203 -6.94913 -0.807108 -11.253551 1.458697 -2.053246 1.67166 -0.0 1e-06 2e-06 -52.398308 -43.537594 -59.538185 1.385221 0.872658 127.065849 15.422139 47.668983 -25.061012 -1.488573 0.286013 2.259207 0.0 1e-06 -1e-06 
0.0 0.0 0.0 0.0 -0.0 0.0 -0.258899 37.848991 5.760692 -2.856321 -1.661037 2.220259 -3.594111 -3.657775 20.144566 -1.203651 -1.989948 5.321015 0.650185 -6.89031 19.181255 -7.717936 6.867697 -2.558306 2.012481 9.011974 -3.341872 -3.211849 11.773848 -10.483873 7.7e-05 -2.2e-05 6e-06 0.012019 -0.006288 -0.014778 0.726226 -3.671249 -10.482322 -0.714094 3.66741 -10.47176 1.290298 -15.251896 5.131227 -21.586273 -52.387825 -4.333748 -4.990172 -79.829018 5.876341 10.225754 3.942293 27.657375 -5.882107 9.861284 0.70259 -10.936872 -0.360574 7.156207 1e-06 8.774823 -1e-06 -16.095543 17.99102 6.907946 -1.844031 2.498506 -2.507279 -10.163601 4.678945 4.621109 -20.976021 -4e-06 3e-06 -21.226286 2.451696 -3.594001 1e-06 -6e-06 -2e-06 -1.362682 2.240797 -0.746325 -21.334913 0.584912 3.008325 -13.821214 -1e-06 3e-06 -23.887171 -0.249077 -0.839482 -61.614769 2.591785 -0.345411 -0.294026 1.679687 0.833256 -14.218208 0.093215 1.300583 -34.212048 -0.287563 0.967171 -20.033213 0.964537 1.212844 -1e-06 0.0 0.0 -3.44039 0.788232 0.501655 -15.928187 -3.167309 2.999709 -6.338827 -2e-06 1e-06 -18.123444 3.648184 -4.905666 -5e-06 1e-06 -2e-06 -1.231298 23.394329 4.11547 75.603951 27.115004 -8.394958 -178.637817 69.176392 -178.753708 -17.085762 19.875427 -34.733364 2.243542 -5.255038 -3.180159 14.282896 -0.826597 6.952506 -2e-06 -12.690609 1e-06 16.752251 -17.602118 2.085365 1.665667 -1.955922 -2.8783 4.727801 -4.170591 4.993926 11.020532 3e-06 -1e-06 12.109058 -3.735717 -2.866784 0.0 0.0 -0.0 1.291986 -1.928549 -1.498089 14.800134 0.567467 3.86561 14.242579 -1.341736 -6.660657 19.631973 0.143923 -0.648243 50.733662 -0.529021 -6.224448 0.353029 -1.511152 -0.031939 20.222801 3.684311 2.316632 18.787283 3e-06 -1e-06 10.751634 -0.479868 1.397906 -2e-06 1e-06 0.0 3.273808 0.305947 -0.58011 21.486824 11.83038 2.266135 8.162932 -0.0 -1e-06 18.399092 -3.798988 -4.940577 4e-06 -1e-06 -1e-06 5.841976 23.357246 -117.619987 0.141559 -0.196919 128.323486 -6.988871 -0.912185 -11.310767 1.460394 -2.067657 1.680055 -0.0 0.0 2e-06 -52.286831 -43.401787 -59.624527 1.391353 0.880073 127.082626 15.349549 47.625954 -25.176189 -1.485681 0.278972 2.247958 0.0 0.0 -1e-06 
0.0 0.0 0.0 0.0 -0.0 0.0 -0.280742 37.859047 5.833776 -2.852184 -1.788249 2.222878 -3.598033 -3.646744 20.095678 -1.202408 -1.999786 5.305922 0.643881 -6.938159 19.082811 -7.802837 6.8829 -2.655186 1.976123 9.111559 -3.339789 -3.333594 11.89141 -10.647435 7.7e-05 -2.2e-05 6e-06 0.009037 -0.000313 -0.019444 0.724136 -3.665295 -10.493607 -0.718299 3.674067 -10.481337 1.221364 -15.229167 5.198025 -22.12277 -52.222698 -3.435696 -4.471363 -79.509415 5.433672 10.381444 3.781131 27.302299 -5.882109 9.861286 0.702589 -10.936877 -0.360577 7.156207 1e-06 8.774828 -2e-06 -16.061985 18.048399 6.955516 -1.844034 2.498505 -2.507279 -10.163604 4.678944 4.621111 -20.976034 -6e-06 3e-06 -21.226301 2.451696 -3.594001 1e-06 -6e-06 -2e-06 -1.362681 2.240799 -0.746323 -21.334929 0.584908 3.008323 -13.821221 -2e-06 3e-06 -23.887184 -0.24908 -0.839485 -61.684353 2.615385 -0.351504 -0.294023 1.679689 0.833256 -14.218215 0.093213 1.300581 -34.212067 -0.28757 0.96717 -20.033222 0.964534 1.212846 -1e-06 0.0 0.0 -3.44039 0.788235 0.501654 -15.928198 -3.167311 2.999707 -6.338829 -2e-06 -0.0 -18.123457 3.64818 -4.905674 -5e-06 1e-06 -2e-06 -1.082354 23.248901 4.141002 75.742081 26.583397 -8.235665 -178.880234 69.460197 -178.937393 -16.835934 19.893522 -35.043743 2.243541 -5.255037 -3.180157 14.282892 -0.826593 6.952501 -4e-06 -12.690603 0.0 16.735086 -17.569521 2.124274 1.665666 -1.95592 -2.878299 4.727798 -4.170588 4.993922 11.020526 4e-06 -2e-06 12.109053 -3.735715 -2.866784 -1e-06 -0.0 -0.0 1.291986 -1.92855 -1.498088 14.800132 0.56747 3.865607 14.242577 -1.341737 -6.660657 19.631969 0.143927 -0.648243 50.779385 -0.519798 -6.193541 0.353028 -1.511151 -0.031941 20.222794 3.684312 2.316629 18.787275 7e-06 -2e-06 10.751627 -0.479867 1.397905 -2e-06 1e-06 -1e-06 3.273807 0.305948 -0.580111 21.486818 11.830376 2.266133 8.16293 2e-06 -2e-06 18.399086 -3.798983 -4.940575 3e-06 -0.0 -1e-06 5.937253 23.533409 -117.504623 0.132386 -0.190548 128.399414 -7.052063 -1.008383 -11.405045 1.460747 -2.077777 1.725222 0.0 0.0 2e-06 -52.233139 -43.248131 -59.658684 1.38819 0.880048 127.094177 15.299189 47.637569 -25.311018 -1.482309 0.268277 2.270794 0.0 0.0 -1e-06 
0.0 0.0 0.0 0.0 -0.0 0.0 -0.284454 37.877018 5.906176 -2.847369 -1.92013 2.219716 -3.594276 -3.632741 20.023138 -1.2078 -2.007613 5.288361 0.642668 -6.979145 18.994135 -7.907178 6.874285 -2.768036 1.980979 9.234675 -3.339263 -3.481749 12.007326 -10.76699 7.7e-05 -2.2e-05 6e-06 0.005372 0.006688 -0.023988 0.722141 -3.658833 -10.506115 -0.72375 3.681941 -10.493304 1.135792 -15.198634 5.290438 -22.592247 -52.106033 -2.487215 -3.532662 -79.159882 4.555142 10.550235 3.598562 27.221088 -5.882113 9.861294 0.70259 -10.936883 -0.360574 7.156211 1e-06 8.774831 0.0 -15.998805 18.092728 7.001187 -1.844035 2.498506 -2.50728 -10.163611 4.67895 4.621112 -20.976046 -4e-06 4e-06 -21.226305 2.451698 -3.594002 1e-06 -7e-06 -1e-06 -1.362683 2.240799 -0.746325 -21.334938 0.584913 3.008325 -13.821231 -3e-06 3e-06 -23.887196 -0.24908 -0.839485 -61.684383 2.650279 -0.376038 -0.294025 1.679688 0.833258 -14.218224 0.093215 1.300581 -34.21209 -0.287563 0.96717 -20.033234 0.964538 1.212842 -0.0 1e-06 0.0 -3.440392 0.788234 0.501655 -15.928205 -3.167311 2.999709 -6.338833 -1e-06 1e-06 -18.123463 3.648184 -4.905674 -5e-06 1e-06 -2e-06 -0.915451 23.105085 4.168871 75.86496 26.05044 -8.027633 -178.986465 69.811684 -178.97345 -16.560701 19.865925 -35.292713 2.243544 -5.255039 -3.180161 14.282904 -0.826598 6.952507 -2e-06 -12.69061 2e-06 16.711962 -17.569778 2.167944 1.665668 -1.955922 -2.8783 4.727803 -4.170592 4.993928 11.020536 0.0 -2e-06 12.109063 -3.735719 -2.866787 0.0 -0.0 -1e-06 1.291987 -1.928552 -1.498091 14.80014 0.567466 3.865611 14.242587 -1.34174 -6.660666 19.631985 0.143923 -0.648248 50.802101 -0.525135 -6.176073 0.353029 -1.511152 -0.03194 20.222811 3.684309 2.316633 18.787292 3e-06 -4e-06 10.751639 -0.479872 1.397905 -1e-06 1e-06 -1e-06 3.27381 0.305947 -0.580111 21.486832 11.830378 2.266135 8.162935 -1e-06 -2e-06 18.399099 -3.798987 -4.940581 3e-06 -0.0 -1e-06 6.025665 23.689423 -117.368904 0.123279 -0.1801 128.476974 -7.13595 -1.054088 -11.52195 1.461534 -2.078079 1.791837 0.0 0.0 2e-06 -52.193275 -43.088066 -59.680042 1.377527 0.879734 127.077293 15.30873 47.683182 -25.38435 -1.478708 0.256267 2.302868 0.0 0.0 -1e-06 
0.0 0.0 0.0 0.0 -0.0 0.0 -0.276938 37.903221 5.967871 -2.835142 -2.046564 2.181559 -3.593518 -3.613647 19.956779 -1.206999 -2.027378 5.271031 0.633001 -7.011407 18.923948 -8.007269 6.854327 -2.889231 2.009296 9.366159 -3.341885 -3.650599 12.109419 -10.865746 7.7e-05 -2.2e-05 6e-06 0.004028 0.00897 -0.025885 0.723331 -3.657716 -10.512601 -0.727761 3.685552 -10.50131 1.03149 -15.148729 5.397482 -23.016909 -52.062218 -1.529166 -2.393042 -78.782654 3.463265 10.716867 3.428892 27.278009 -5.882113 9.861292 0.70259 -10.936883 -0.360576 7.156212 2e-06 8.774829 0.0 -15.931151 18.126333 7.035487 -1.844035 2.498507 -2.507281 -10.163611 4.678949 4.621112 -20.976053 -8e-06 0.0 -21.226313 2.451693 -3.594006 1e-06 -6e-06 -1e-06 -1.362684 2.240799 -0.746325 -21.334942 0.584908 3.008321 -13.821231 -5e-06 1e-06 -23.887201 -0.249086 -0.839483 -61.632027 2.687992 -0.416242 -0.294024 1.679689 0.833257 -14.218225 0.093213 1.300579 -34.212093 -0.287569 0.967167 -20.033239 0.964535 1.212843 -0.0 0.0 -1e-06 -3.440393 0.788234 0.501655 -15.928206 -3.167314 2.999707 -6.338834 -3e-06 -1e-06 -18.123468 3.64818 -4.905675 -5e-06 2e-06 -2e-06 -0.76558 22.976383 4.205446 76.00103 25.533045 -7.783298 -178.999741 70.218407 -178.910629 -16.302082 19.794209 -35.55727 2.243541 -5.25504 -3.180159 14.282899 -0.826592 6.952508 -4e-06 -12.690615 -0.0 16.705809 -17.606403 2.195399 1.665667 -1.955924 -2.878299 4.727801 -4.170589 4.993926 11.020534 4e-06 -1e-06 12.109058 -3.735717 -2.866785 0.0 -0.0 -1e-06 1.291986 -1.928551 -1.498089 14.800138 0.567471 3.865611 14.242579 -1.341736 -6.66066 19.631979 0.143927 -0.64824 50.808323 -0.537063 -6.179733 0.353029 -1.511153 -0.03194 20.222803 3.684315 2.316636 18.787287 6e-06 2e-06 10.751634 -0.479867 1.397909 -1e-06 1e-06 -0.0 3.273808 0.305947 -0.580111 21.48683 11.830387 2.26614 8.162934 3e-06 -0.0 18.399092 -3.798986 -4.940575 3e-06 -0.0 -1e-06 6.090061 23.83078 -117.191719 0.1175 -0.170529 128.543472 -7.232941 -1.069035 -11.618014 1.462443 -2.062857 1.854995 -0.0 -1e-06 2e-06 -52.166023 -42.908455 -59.677959 1.372737 0.884345 127.039879 15.362841 47.678123 -25.408182 -1.476096 0.250477 2.330471 0.0 0.0 -1e-06 
0.0 0.0 0.0 0.0 -0.0 0.0 -0.269761 37.916988 6.019642 -2.821449 -2.14376 2.108326 -3.595355 -3.601154 19.90971 -1.201947 -2.063886 5.260109 0.614933 -7.035628 18.87583 -8.093674 6.838573 -3.014656 2.049917 9.494899 -3.334482 -3.83461 12.207704 -10.984175 7.7e-05 -2.2e-05 5e-06 0.002915 0.010124 -0.021439 0.724559 -3.65899 -10.513353 -0.731185 3.689059 -10.50423 0.918433 -15.068077 5.524603 -23.391165 -52.105148 -0.692251 -1.522674 -78.399231 2.630762 10.892038 3.306405 27.475882 -5.882113 9.86129 0.70259 -10.936883 -0.360575 7.156215 1e-06 8.774831 -1e-06 -15.88912 18.149172 7.056227 -1.844035 2.498506 -2.507279 -10.163611 4.678947 4.621113 -20.97604 -3e-06 7e-06 -21.226301 2.451699 -3.594002 1e-06 -7e-06 -0.0 -1.362682 2.240799 -0.746323 -21.334932 0.584911 3.008329 -13.821225 -1e-06 5e-06 -23.887188 -0.249078 -0.839481 -61.591503 2.721547 -0.455542 -0.294024 1.679689 0.833256 -14.218223 0.093214 1.300584 -34.212082 -0.287563 0.967174 -20.033232 0.964539 1.212846 -0.0 1e-06 0.0 -3.440392 0.788234 0.501657 -15.928203 -3.167312 2.999713 -6.338832 -2e-06 1e-06 -18.123463 3.648185 -4.905672 -5e-06 2e-06 -2e-06 -0.654063 22.873951 4.242065 76.155083 25.062349 -7.509924 -178.844696 70.679207 -178.709824 -16.090597 19.749277 -35.824753 2.243543 -5.25504 -3.18016 14.2829 -0.826596 6.952507 -2e-06 -12.69061 1e-06 16.703302 -17.656271 2.211854 1.665667 -1.955923 -2.878299 4.727802 -4.170592 4.993927 11.020535 3e-06 -1e-06 12.10906 -3.735719 -2.866786 1e-06 -0.0 -1e-06 1.291987 -1.92855 -1.49809 14.800139 0.567469 3.86561 14.24258 -1.341737 -6.660661 19.631979 0.143924 -0.648244 50.800518 -0.552147 -6.206524 0.353029 -1.511152 -0.031941 20.222805 3.684312 2.316633 18.787289 4e-06 -1e-06 10.751636 -0.479871 1.397907 -1e-06 2e-06 -0.0 3.273809 0.305947 -0.580112 21.486828 11.830382 2.266137 8.162933 0.0 -1e-06 18.399094 -3.798986 -4.940578 3e-06 -0.0 -2e-06 6.142634 23.953028 -117.013214 0.118222 -0.164409 128.610107 -7.31996 -1.085861 -11.694894 1.464096 -2.046656 1.90335 -0.0 0.0 2e-06 -52.168694 -42.729694 -59.636044 1.381151 0.901769 127.012222 15.388209 47.629871 -25.470095 -1.474995 0.250091 2.364958 0.0 1e-06 -1e-06 
0.0 0.0 0.0 0.0 -0.0 0.0 -0.276066 37.914825 6.070156 -2.802795 -2.213893 2.008785 -3.605683 -3.589995 19.891701 -1.196989 -2.096279 5.250985 0.597942 -7.071883 18.833008 -8.155069 6.840382 -3.127089 2.092322 9.574305 -3.319361 -4.013711 12.293761 -11.141129 7.7e-05 -2.3e-05 5e-06 0.003132 0.010667 -0.014355 0.725923 -3.661162 -10.507678 -0.732359 3.692357 -10.501355 0.816962 -14.968433 5.666488 -23.731316 -52.212574 -0.004586 -0.965221 -78.002914 2.110231 11.076354 3.188992 27.811644 -5.882109 9.861288 0.70259 -10.936877 -0.360576 7.156209 2e-06 8.774827 -1e-06 -15.881773 18.18462 7.079583 -1.844032 2.498506 -2.507278 -10.163604 4.678944 4.621111 -20.97603 -4e-06 5e-06 -21.226292 2.451697 -3.593996 1e-06 -6e-06 -1e-06 -1.362682 2.240799 -0.746324 -21.334925 0.58491 3.008326 -13.82122 -1e-06 4e-06 -23.887182 -0.249077 -0.839479 -61.606564 2.752871 -0.486018 -0.294024 1.679689 0.833256 -14.218216 0.093214 1.300582 -34.212063 -0.287563 0.967175 -20.033218 0.964538 1.212848 -0.0 0.0 -1e-06 -3.44039 0.788233 0.501657 -15.928198 -3.167311 2.999711 -6.338831 -1e-06 1e-06 -18.123457 3.648183 -4.905671 -5e-06 2e-06 -2e-06 -0.554884 22.809156 4.29188 76.293037 24.642286 -7.297863 -178.717468 71.142349 -178.566788 -15.960144 19.710733 -36.082493 2.243541 -5.255037 -3.180158 14.282893 -0.826594 6.952506 -3e-06 -12.690605 2e-06 16.712967 -17.695574 2.206663 1.665666 -1.955921 -2.8783 4.727799 -4.170588 4.993926 11.020528 3e-06 -0.0 12.109053 -3.735717 -2.866783 0.0 0.0 -0.0 1.291985 -1.92855 -1.49809 14.800131 0.567469 3.86561 14.24257 -1.341737 -6.660657 19.631969 0.143924 -0.648243 50.803089 -0.564066 -6.244637 0.353029 -1.511149 -0.031939 20.222794 3.68431 2.316633 18.78727 4e-06 1e-06 10.751627 -0.47987 1.397908 -3e-06 1e-06 -0.0 3.273807 0.305947 -0.580112 21.486814 11.830379 2.266135 8.162928 0.0 -1e-06 18.399086 -3.798986 -4.940574 4e-06 0.0 -2e-06 6.195137 24.073606 -116.83783 0.11878 -0.158365 128.68187 -7.370353 -1.147013 -11.755235 1.465589 -2.045039 1.910527 -0.0 -1e-06 2e-06 -52.222729 -42.555496 -59.540714 1.396344 0.921193 127.011101 15.308348 47.572819 -25.614151 -1.473259 0.246815 2.349554 0.0 0.0 -1e-06 
0.0 0.0 0.0 0.0 -0.0 0.0 -0.291275 37.882378 6.136984 -2.781733 -2.259084 1.892213 -3.619418 -3.579818 19.886438 -1.195143 -2.126044 5.247717 0.575895 -7.104837 18.800924 -8.190386 6.867146 -3.202704 2.102195 9.600976 -3.305171 -4.152808 12.32074 -11.328298 7.7e-05 -2.2e-05 6e-06 0.002975 0.012748 -0.006813 0.725532 -3.662875 -10.500715 -0.732567 3.698372 -10.49722 0.73504 -14.876118 5.808055 -24.064396 -52.368484 0.553168 -0.700527 -77.599304 1.868634 11.285437 3.076069 28.329744 -5.88211 9.86129 0.702589 -10.936877 -0.360575 7.156209 0.0 8.774825 1e-06 -15.915509 18.203583 7.097878 -1.844034 2.498506 -2.50728 -10.163604 4.678946 4.62111 -20.976038 -4e-06 -3e-06 -21.226299 2.451694 -3.594005 1e-06 -7e-06 -0.0 -1.362681 2.2408 -0.746324 -21.334925 0.584913 3.008319 -13.821221 -1e-06 -1e-06 -23.887182 -0.249081 -0.839488 -61.653313 2.783162 -0.488131 -0.294025 1.679685 0.833258 -14.218215 0.093216 1.30058 -34.212067 -0.287567 0.967165 -20.033222 0.964536 1.21284 -1e-06 0.0 -1e-06 -3.440389 0.788236 0.501655 -15.928192 -3.167309 2.999706 -6.338829 -0.0 -1e-06 -18.123457 3.64818 -4.905676 -5e-06 1e-06 -2e-06 -0.479068 22.764055 4.357775 76.433853 24.276499 -7.145919 -178.646255 71.598801 -178.497925 -15.894479 19.694925 -36.307259 2.243542 -5.255041 -3.180159 14.282903 -0.826594 6.952511 -5e-06 -12.690617 1e-06 16.745275 -17.725197 2.180823 1.665667 -1.955923 -2.878301 4.727803 -4.17059 4.993929 11.020535 5e-06 -0.0 12.109059 -3.735718 -2.866784 0.0 0.0 -0.0 1.291986 -1.92855 -1.49809 14.80014 0.56747 3.865613 14.242582 -1.341735 -6.66066 19.631985 0.143925 -0.648239 50.824162 -0.566059 -6.284411 0.353028 -1.511152 -0.03194 20.222805 3.684317 2.316634 18.787289 6e-06 3e-06 10.751635 -0.479867 1.39791 -0.0 1e-06 -0.0 3.273809 0.305947 -0.580112 21.486834 11.830388 2.26614 8.162936 3e-06 1e-06 18.399096 -3.798988 -4.940575 3e-06 -0.0 -2e-06 6.262934 24.185923 -116.685272 0.124297 -0.161459 128.791916 -7.391971 -1.24737 -11.819966 1.466237 -2.051593 1.8777 -0.0 -1e-06 2e-06 -52.36937 -42.377846 -59.36536 1.41421 0.940848 127.040649 15.178161 47.549568 -25.814577 -1.474734 0.249429 2.315069 -0.0 0.0 -1e-06 
0.0 0.0 0.0 0.0 -0.0 0.0 -0.303754 37.83477 6.216672 -2.764531 -2.298543 1.769792 -3.627114 -3.570998 19.883617 -1.197623 -2.146859 5.248151 0.548496 -7.129679 18.787592 -8.201507 6.911638 -3.246268 2.075709 9.57636 -3.296634 -4.242708 12.288921 -11.502062 7.7e-05 -2.2e-05 6e-06 0.001537 0.016937 -0.001761 0.721557 -3.662232 -10.492139 -0.73191 3.706451 -10.491194 0.673908 -14.788525 5.920416 -24.403879 -52.563774 1.034684 -0.616409 -77.184296 1.804387 11.508325 2.956543 28.961365 -5.882108 9.861285 0.702588 -10.936875 -0.360576 7.156208 2e-06 8.774828 -0.0 -15.972789 18.195093 7.100503 -1.844033 2.498505 -2.507279 -10.163604 4.678945 4.621109 -20.976032 -7e-06 -1e-06 -21.226295 2.45169 -3.594005 1e-06 -6e-06 -1e-06 -1.362682 2.2408 -0.746325 -21.334925 0.584908 3.008321 -13.82122 -5e-06 0.0 -23.887178 -0.249084 -0.839484 -61.693478 2.791519 -0.462395 -0.294025 1.679687 0.833255 -14.218215 0.093212 1.300578 -34.212063 -0.287571 0.96717 -20.03322 0.964532 1.212844 0.0 0.0 -1e-06 -3.440389 0.788233 0.501656 -15.928192 -3.167311 2.999707 -6.338829 -4e-06 1e-06 -18.123457 3.648179 -4.905674 -5e-06 1e-06 -2e-06 -0.420156 22.733919 4.448361 76.552246 23.981895 -7.111636 -178.754303 72.034012 -178.640793 -15.870543 19.734324 -36.516487 2.243543 -5.255041 -3.18016 14.282905 -0.826596 6.952511 -3e-06 -12.690617 1e-06 16.794043 -17.717379 2.147436 1.665668 -1.955923 -2.878301 4.727804 -4.170591 4.993928 11.020536 4e-06 -1e-06 12.10906 -3.735718 -2.866785 1e-06 0.0 -1e-06 1.291987 -1.928551 -1.49809 14.800146 0.56747 3.865612 14.242584 -1.341737 -6.660662 19.63199 0.143926 -0.648244 50.864315 -0.559849 -6.296031 0.353029 -1.511152 -0.03194 20.222811 3.684313 2.316635 18.787292 6e-06 2e-06 10.751641 -0.47987 1.397908 -1e-06 1e-06 -0.0 3.27381 0.305948 -0.580111 21.486835 11.830385 2.266138 8.162935 0.0 -0.0 18.399099 -3.798987 -4.940578 3e-06 0.0 -1e-06 6.344501 24.294205 -116.543098 0.132718 -0.16835 128.930328 -7.395674 -1.367302 -11.902607 1.465934 -2.05877 1.819257 -0.0 0.0 2e-06 -52.564133 -42.204865 -59.147717 1.434315 0.956562 127.076462 15.032792 47.546017 -26.055891 -1.479359 0.256356 2.284266 -0.0 -0.0 -1e-06 
0.0 0.0 0.0 0.0 -0.0 0.0 -0.304609 37.770069 6.298476 -2.751987 -2.344728 1.647299 -3.632331 -3.569481 19.882639 -1.199675 -2.151248 5.252421 0.520006 -7.142409 18.793537 -8.195107 6.935667 -3.289301 2.030505 9.538397 -3.29651 -4.30798 12.249846 -11.646667 7.7e-05 -2.2e-05 6e-06 0.001138 0.019013 -0.001315 0.718106 -3.661875 -10.484427 -0.729518 3.710365 -10.485134 0.623668 -14.70354 5.991538 -24.768534 -52.773266 1.512601 -0.667471 -76.74794 1.865484 11.736175 2.801016 29.502476 -5.882111 9.861292 0.702591 -10.936882 -0.360574 7.156214 2e-06 8.774831 0.0 -16.029558 18.157345 7.091553 -1.844033 2.498506 -2.507281 -10.16361 4.678949 4.621114 -20.976044 -2e-06 5e-06 -21.226307 2.451701 -3.594002 1e-06 -7e-06 -1e-06 -1.362683 2.240798 -0.746324 -21.334936 0.584911 3.008328 -13.821228 -2e-06 3e-06 -23.887196 -0.249078 -0.839481 -61.702442 2.79213 -0.436112 -0.294024 1.679687 0.833256 -14.218223 0.093215 1.300583 -34.212082 -0.287562 0.967175 -20.033236 0.964541 1.212846 -1e-06 -0.0 0.0 -3.440391 0.788235 0.501657 -15.928203 -3.16731 2.999711 -6.338832 -0.0 2e-06 -18.123466 3.648185 -4.905672 -4e-06 1e-06 -2e-06 -0.345927 22.703604 4.543836 76.62413 23.706245 -7.12032 -178.891785 72.4478 -178.818481 -15.856983 19.775444 -36.695122 2.243544 -5.255043 -3.18016 14.282908 -0.826598 6.952514 -2e-06 -12.690618 4e-06 16.833151 -17.683628 2.121316 1.665668 -1.955924 -2.878302 4.727805 -4.170593 4.993932 11.02054 2e-06 -0.0 12.109065 -3.73572 -2.866786 -1e-06 0.0 -1e-06 1.291987 -1.928551 -1.498092 14.800146 0.567467 3.865614 14.242589 -1.341738 -6.660664 19.63199 0.143922 -0.648243 50.92065 -0.547486 -6.289321 0.353029 -1.511153 -0.03194 20.222815 3.684312 2.316636 18.787291 2e-06 1e-06 10.751639 -0.479872 1.397907 -1e-06 1e-06 -0.0 3.27381 0.305948 -0.580111 21.486837 11.830385 2.266137 8.162938 0.0 0.0 18.399107 -3.798992 -4.940579 3e-06 -1e-06 -1e-06 6.437342 24.389545 -116.424629 0.143765 -0.178042 129.09343 -7.394645 -1.483618 -11.998948 1.465548 -2.061322 1.763198 -0.0 -1e-06 2e-06 -52.793575 -42.009121 -58.928005 1.444466 0.968701 127.112938 14.93867 47.583714 -26.258911 -1.486575 0.269582 2.24741 -0.0 -0.0 -1e-06 
0.0 0.0 0.0 0.0 -0.0 0.0 -0.286761 37.712349 6.372447 -2.741631 -2.393543 1.530727 -3.634539 -3.571484 19.880775 -1.202211 -2.147906 5.261648 0.499773 -7.137746 18.818638 -8.20212 6.942556 -3.352064 1.986272 9.498296 -3.304928 -4.35825 12.207653 -11.774261 7.7e-05 -2.2e-05 6e-06 0.001053 0.020584 -0.00461 0.716619 -3.662481 -10.485783 -0.728526 3.714262 -10.488191 0.573802 -14.603867 6.027051 -25.16609 -53.010242 2.014035 -0.844333 -76.304016 2.04962 11.952169 2.642537 29.951704 -5.88211 9.861293 0.702591 -10.936881 -0.360577 7.156211 0.0 8.774833 -1e-06 -16.072937 18.101189 7.072344 -1.844035 2.498505 -2.507282 -10.163607 4.678947 4.621112 -20.976038 -6e-06 2e-06 -21.226301 2.451698 -3.594003 0.0 -6e-06 -1e-06 -1.362681 2.2408 -0.746323 -21.33493 0.584909 3.008325 -13.821224 -2e-06 1e-06 -23.887184 -0.24908 -0.839484 -61.698971 2.78139 -0.40901 -0.294025 1.679688 0.833255 -14.218221 0.093214 1.30058 -34.212074 -0.287568 0.967171 -20.033232 0.964536 1.212846 -0.0 -1e-06 0.0 -3.440392 0.788233 0.501655 -15.928201 -3.167311 2.999708 -6.338831 -1e-06 1e-06 -18.123463 3.648182 -4.905674 -5e-06 0.0 -1e-06 -0.251844 22.666927 4.638382 76.654808 23.409477 -7.118814 -178.930923 72.823456 -178.898865 -15.853739 19.831839 -36.868771 2.243541 -5.255036 -3.180157 14.282889 -0.826593 6.952504 -3e-06 -12.690605 1e-06 16.857702 -17.650438 2.117138 1.665665 -1.955921 -2.878299 4.727797 -4.170588 4.993925 11.020526 4e-06 -1e-06 12.10905 -3.735716 -2.866783 0.0 0.0 -0.0 1.291985 -1.928549 -1.498089 14.800129 0.56747 3.865609 14.24257 -1.341736 -6.660657 19.631964 0.143928 -0.648242 50.997765 -0.533175 -6.277963 0.353029 -1.511151 -0.031939 20.222788 3.684313 2.316632 18.78727 7e-06 2e-06 10.751627 -0.479866 1.397908 -1e-06 1e-06 -0.0 3.273806 0.305948 -0.58011 21.486813 11.830379 2.266135 8.162926 2e-06 0.0 18.39908 -3.798985 -4.940573 4e-06 0.0 -0.0 6.517872 24.456642 -116.308563 0.157624 -0.187883 129.250748 -7.411887 -1.554066 -12.121553 1.465246 -2.055811 1.737577 -0.0 1e-06 2e-06 -53.017712 -41.79784 -58.72253 1.449825 0.973926 127.123001 14.907344 47.615131 -26.429703 -1.495007 0.285863 2.218281 0.0 -0.0 -1e-06 
0.0 0.0 0.0 0.0 -0.0 0.0 -0.257262 37.679607 6.435267 -2.72871 -2.441348 1.441088 -3.632797 -3.568916 19.873976 -1.203753 -2.143892 5.267755 0.493883 -7.122162 18.854782 -8.233364 6.930847 -3.432595 1.952867 9.459164 -3.312076 -4.387766 12.169717 -11.868596 7.7e-05 -2.3e-05 6e-06 0.002764 0.018171 -0.01086 0.719159 -3.6673 -10.494428 -0.727853 3.714414 -10.497339 0.530313 -14.48578 6.064083 -25.558178 -53.276875 2.554273 -1.007047 -75.870087 2.211429 12.154844 2.516758 30.266779 -5.88211 9.861291 0.70259 -10.936876 -0.360576 7.156209 0.0 8.774829 0.0 -16.118443 18.052937 7.044382 -1.844033 2.498504 -2.50728 -10.163605 4.678946 4.621109 -20.976034 -4e-06 -0.0 -21.226299 2.451695 -3.594003 1e-06 -6e-06 -1e-06 -1.362682 2.2408 -0.746324 -21.334925 0.584911 3.008322 -13.821221 -3e-06 -0.0 -23.887184 -0.24908 -0.839486 -61.715656 2.76673 -0.391269 -0.294024 1.679688 0.833257 -14.218215 0.093215 1.300579 -34.212063 -0.287567 0.967166 -20.033222 0.964535 1.212841 -0.0 -0.0 0.0 -3.440391 0.788234 0.501656 -15.928192 -3.16731 2.999707 -6.338829 -1e-06 1e-06 -18.123457 3.648183 -4.905675 -5e-06 0.0 -1e-06 -0.132276 22.623863 4.74882 76.632195 23.064045 -7.115428 -178.850616 73.137093 -178.865753 -15.872593 19.859251 -37.010223 2.243541 -5.255037 -3.180159 14.282894 -0.826594 6.952506 -4e-06 -12.690607 0.0 16.882296 -17.61508 2.121319 1.665666 -1.955921 -2.8783 4.727799 -4.170588 4.993927 11.020528 3e-06 -2e-06 12.109053 -3.735716 -2.866784 0.0 0.0 -1e-06 1.291985 -1.928549 -1.49809 14.800132 0.56747 3.865609 14.242573 -1.341736 -6.660657 19.631973 0.143927 -0.648245 51.085072 -0.520879 -6.269155 0.353028 -1.511151 -0.031941 20.222794 3.684311 2.316632 18.787273 6e-06 1e-06 10.751631 -0.479869 1.397907 -1e-06 1e-06 -0.0 3.273807 0.305947 -0.58011 21.486816 11.830379 2.266136 8.16293 2e-06 1e-06 18.399084 -3.798982 -4.940574 4e-06 1e-06 -2e-06 6.573702 24.496401 -116.191193 0.170749 -0.193776 129.375595 -7.46007 -1.568499 -12.257712 1.465606 -2.04811 1.723202 -0.0 0.0 2e-06 -53.19574 -41.609818 -58.556454 1.454878 0.971425 127.101227 14.911381 47.624821 -26.582281 -1.501833 0.298131 2.218736 0.0 -0.0 -1e-06 
0.0 0.0 0.0 0.0 -0.0 0.0 -0.224099 37.651207 6.49591 -2.713635 -2.483772 1.373016 -3.625313 -3.563634 19.859753 -1.209543 -2.142218 5.263659 0.497743 -7.111167 18.910177 -8.26917 6.922953 -3.516601 1.921325 9.407473 -3.317369 -4.405169 12.107766 -11.962309 7.7e-05 -2.2e-05 6e-06 0.002119 0.022274 -0.018858 0.720811 -3.665262 -10.508576 -0.731077 3.720709 -10.510062 0.508018 -14.355371 6.125937 -25.957706 -53.567783 3.152143 -1.123907 -75.429199 2.304319 12.350133 2.434895 30.385647 -5.882106 9.861284 0.70259 -10.93687 -0.360576 7.156206 -0.0 8.774825 -0.0 -16.171215 18.026432 7.01663 -1.844032 2.498505 -2.507277 -10.163597 4.678945 4.621106 -20.976021 -2e-06 2e-06 -21.226282 2.451698 -3.594001 1e-06 -7e-06 -1e-06 -1.362682 2.240798 -0.746322 -21.334906 0.584911 3.008322 -13.82121 -2e-06 0.0 -23.887159 -0.249081 -0.839485 -61.759724 2.747719 -0.386446 -0.294024 1.679687 0.833256 -14.218205 0.093215 1.300579 -34.212036 -0.287562 0.967169 -20.033207 0.964537 1.212842 -0.0 -0.0 0.0 -3.440388 0.788234 0.501655 -15.928179 -3.167308 2.999707 -6.338824 -0.0 1e-06 -18.123444 3.648184 -4.905672 -5e-06 0.0 -2e-06 0.043106 22.587423 4.920376 76.532845 22.674253 -7.153543 -178.772324 73.394516 -178.800476 -15.903711 19.818993 -37.13356 2.243541 -5.255037 -3.180157 14.282887 -0.826591 6.952499 -4e-06 -12.690602 -1e-06 16.911606 -17.577211 2.124359 1.665666 -1.955921 -2.878298 4.727797 -4.170586 4.993922 11.020524 4e-06 -3e-06 12.10905 -3.735714 -2.866784 0.0 -0.0 -1e-06 1.291985 -1.92855 -1.498088 14.800125 0.567471 3.865605 14.24257 -1.341735 -6.660657 19.631962 0.14393 -0.648243 51.167248 -0.509789 -6.262451 0.353028 -1.511151 -0.03194 20.222786 3.684313 2.316628 18.78727 8e-06 -1e-06 10.751624 -0.479866 1.397906 -1e-06 0.0 -1e-06 3.273806 0.305948 -0.58011 21.486809 11.830378 2.266132 8.162925 3e-06 -1e-06 18.399076 -3.798981 -4.940577 3e-06 1e-06 -1e-06 6.626266 24.511826 -116.090652 0.177549 -0.193643 129.492493 -7.530625 -1.543326 -12.371436 1.466002 -2.043686 1.702558 -0.0 -1e-06 2e-06 -53.350945 -41.41753 -58.415691 1.464708 0.969262 127.07283 14.962383 47.622246 -26.692268 -1.506589 0.306035 2.206815 -0.0 1e-06 -1e-06 
0.0 0.0 0.0 0.0 -0.0 0.0 -0.206353 37.61491 6.566104 -2.694859 -2.517031 1.315282 -3.618787 -3.549002 19.842003 -1.214663 -2.145305 5.256413 0.503451 -7.112413 18.967676 -8.287063 6.91538 -3.603557 1.879282 9.36718 -3.318747 -4.40959 12.025922 -12.081471 7.7e-05 -2.2e-05 6e-06 -0.000155 0.030993 -0.027344 0.721246 -3.65783 -10.520821 -0.736269 3.730875 -10.521916 0.485301 -14.227708 6.212749 -26.372498 -53.85817 3.899165 -1.030563 -74.965622 2.172776 12.548808 2.373663 30.320238 -5.882111 9.86129 0.702588 -10.936878 -0.360578 7.156211 1e-06 8.77483 -1e-06 -16.207651 18.008856 6.996999 -1.844033 2.498507 -2.507279 -10.163607 4.678946 4.621109 -20.97604 -8e-06 -0.0 -21.226301 2.451692 -3.594004 1e-06 -7e-06 -1e-06 -1.362683 2.240798 -0.746324 -21.33493 0.584908 3.008323 -13.821225 -4e-06 2e-06 -23.88719 -0.249083 -0.839485 -61.805733 2.727778 -0.396887 -0.294024 1.679687 0.833257 -14.218221 0.093213 1.300578 -34.212082 -0.28757 0.967169 -20.03323 0.964534 1.212844 0.0 -0.0 0.0 -3.44039 0.788233 0.501655 -15.928201 -3.167312 2.999706 -6.338831 -2e-06 0.0 -18.123461 3.648181 -4.905675 -4e-06 1e-06 -2e-06 0.285324 22.542095 5.119679 76.396637 22.206898 -7.211933 -178.707214 73.636681 -178.734085 -15.906495 19.736118 -37.124714 2.243543 -5.255041 -3.18016 14.282906 -0.826595 6.952512 -3e-06 -12.690617 1e-06 16.921715 -17.565483 2.126847 1.665668 -1.955923 -2.878302 4.727804 -4.170592 4.993929 11.020537 3e-06 0.0 12.10906 -3.73572 -2.866785 1e-06 0.0 -0.0 1.291987 -1.92855 -1.49809 14.800146 0.567469 3.865614 14.242585 -1.341738 -6.660663 19.631987 0.143924 -0.648243 51.238441 -0.506234 -6.269097 0.353029 -1.511152 -0.03194 20.222811 3.684313 2.316635 18.787291 2e-06 2e-06 10.751639 -0.479871 1.397909 -1e-06 1e-06 -0.0 3.27381 0.305948 -0.580111 21.486834 11.830386 2.266139 8.162935 1e-06 0.0 18.399103 -3.798989 -4.940578 3e-06 1e-06 -2e-06 6.710764 24.521383 -115.996574 0.177953 -0.189372 129.616074 -7.645966 -1.557629 -12.466493 1.466615 -2.045665 1.66606 -0.0 -1e-06 2e-06 -53.511105 -41.210949 -58.266548 1.47657 0.9719 127.066986 15.020865 47.594841 -26.823406 -1.508712 0.304306 2.211486 -0.0 -0.0 -1e-06 
0.0 0.0 0.0 0.0 -0.0 0.0 -0.211794 37.584721 6.655838 -2.672961 -2.531295 1.266092 -3.613422 -3.52923 19.81109 -1.213859 -2.160856 5.24654 0.51179 -7.128573 19.027452 -8.292543 6.895413 -3.704556 1.845825 9.375551 -3.316008 -4.405795 11.951669 -12.246464 7.7e-05 -2.2e-05 6e-06 0.000505 0.035196 -0.033454 0.72314 -3.654362 -10.530882 -0.736938 3.735999 -10.532243 0.456701 -14.104224 6.299557 -26.89937 -54.125362 4.815877 -1.015752 -74.450043 2.104025 12.738464 2.331036 30.099298 -5.882111 9.861292 0.702589 -10.936881 -0.360577 7.156214 -0.0 8.774831 -1e-06 -16.212494 18.006578 6.999059 -1.844035 2.498505 -2.507282 -10.163611 4.678947 4.621113 -20.976048 -6e-06 3e-06 -21.226309 2.451696 -3.594004 1e-06 -7e-06 -1e-06 -1.362684 2.240799 -0.746323 -21.334934 0.584909 3.008326 -13.821228 -3e-06 2e-06 -23.887196 -0.249082 -0.839479 -61.851662 2.723227 -0.406171 -0.294026 1.679688 0.833257 -14.218224 0.093213 1.300581 -34.212082 -0.287568 0.967173 -20.033234 0.964535 1.212846 -1e-06 -0.0 1e-06 -3.440392 0.788234 0.501656 -15.928203 -3.167312 2.99971 -6.338832 -2e-06 2e-06 -18.123463 3.648181 -4.905675 -4e-06 0.0 -2e-06 0.598359 22.461042 5.360743 76.229073 21.659466 -7.273491 -178.638702 73.908096 -178.664764 -15.826226 19.640404 -36.971291 2.243542 -5.25504 -3.180158 14.282901 -0.826595 6.952507 -3e-06 -12.690612 0.0 16.913675 -17.586336 2.126848 1.665667 -1.955923 -2.878299 4.727802 -4.17059 4.993927 11.020534 2e-06 1e-06 12.109059 -3.735718 -2.866784 0.0 0.0 -1e-06 1.291986 -1.92855 -1.498089 14.800138 0.567468 3.865611 14.24258 -1.341738 -6.660657 19.631975 0.143924 -0.648243 51.268269 -0.50833 -6.289767 0.353029 -1.511152 -0.03194 20.222803 3.684312 2.316633 18.787285 4e-06 1e-06 10.751635 -0.479868 1.397907 -1e-06 1e-06 0.0 3.273809 0.305947 -0.58011 21.486828 11.830384 2.266136 8.162933 1e-06 -1e-06 18.399096 -3.798989 -4.940578 3e-06 1e-06 -1e-06 6.823075 24.540812 -115.882019 0.17715 -0.184502 129.73851 -7.789265 -1.636515 -12.584965 1.465987 -2.044821 1.66431 -0.0 1e-06 2e-06 -53.676296 -41.000553 -58.06794 1.49473 0.974771 127.077408 15.035729 47.538441 -27.029636 -1.509952 0.302237 2.262691 0.0 -0.0 -1e-06 
0.0 0.0 0.0 0.0 -0.0 0.0 -0.243374 37.563389 6.763689 -2.649472 -2.529952 1.236102 -3.599378 -3.508935 19.759785 -1.210803 -2.191265 5.230783 0.522231 -7.155079 19.086573 -8.277 6.865111 -3.797687 1.823631 9.421783 -3.314285 -4.403588 11.879294 -12.44238 7.7e-05 -2.3e-05 6e-06 0.003214 0.033697 -0.036601 0.725118 -3.656951 -10.541704 -0.733438 3.735792 -10.545042 0.440184 -13.993541 6.377111 -27.560007 -54.367699 5.943952 -0.984884 -73.892326 2.02075 12.936096 2.339034 29.662777 -5.882109 9.86129 0.702591 -10.936879 -0.360576 7.15621 -0.0 8.774831 -0.0 -16.171375 18.025541 7.033672 -1.844033 2.498505 -2.507279 -10.163606 4.678945 4.621112 -20.976034 -4e-06 4e-06 -21.226299 2.451696 -3.594002 0.0 -6e-06 -1e-06 -1.362682 2.240799 -0.746323 -21.334929 0.584907 3.008326 -13.821223 -4e-06 3e-06 -23.887184 -0.24908 -0.839483 -61.872253 2.741226 -0.406474 -0.294024 1.679688 0.833256 -14.218217 0.093212 1.300582 -34.212067 -0.287567 0.967173 -20.033226 0.964535 1.212846 1e-06 1e-06 0.0 -3.44039 0.788233 0.501656 -15.928198 -3.167312 2.999708 -6.33883 -1e-06 1e-06 -18.123457 3.648183 -4.905673 -5e-06 1e-06 -2e-06 0.97688 22.334148 5.66028 76.03109 21.030939 -7.386856 -178.722549 74.193161 -178.755203 -15.673887 19.516716 -36.605328 2.243541 -5.25504 -3.180159 14.282897 -0.826595 6.952509 -2e-06 -12.690611 0.0 16.898129 -17.63485 2.125114 1.665666 -1.955922 -2.878301 4.7278 -4.170588 4.993926 11.020529 3e-06 -1e-06 12.109055 -3.735717 -2.866783 -0.0 -0.0 -2e-06 1.291986 -1.92855 -1.498089 14.800136 0.567469 3.865612 14.242579 -1.341737 -6.660658 19.631975 0.143924 -0.648243 51.262268 -0.521227 -6.300834 0.353029 -1.511151 -0.03194 20.222797 3.684311 2.316635 18.787281 5e-06 3e-06 10.751633 -0.47987 1.397908 -1e-06 1e-06 1e-06 3.273808 0.305947 -0.58011 21.486824 11.830381 2.266137 8.16293 2e-06 0.0 18.399088 -3.798989 -4.940575 3e-06 -0.0 -1e-06 6.970148 24.572071 -115.75164 0.177716 -0.181158 129.853516 -7.970627 -1.758105 -12.717844 1.466615 -2.045605 1.709763 0.0 0.0 2e-06 -53.828041 -40.776196 -57.837818 1.511665 0.980041 127.105904 15.018993 47.451187 -27.298983 -1.51003 0.298214 2.323415 0.0 0.0 -1e-06 
0.0 0.0 0.0 0.0 -0.0 0.0 -0.274875 37.553608 6.862275 -2.629151 -2.531816 1.219855 -3.587103 -3.495947 19.695803 -1.20015 -2.233961 5.212477 0.538931 -7.189022 19.135597 -8.282044 6.837252 -3.891358 1.842923 9.482059 -3.322856 -4.401703 11.837149 -12.645074 7.7e-05 -2.2e-05 7e-06 0.00506 0.030657 -0.037854 0.724354 -3.66262 -10.556153 -0.728875 3.73582 -10.563458 0.436995 -13.870338 6.434035 -28.382578 -54.580894 7.345884 -0.832687 -73.284027 1.836747 13.176555 2.414583 28.905006 -5.882109 9.861286 0.702592 -10.936877 -0.360575 7.156209 3e-06 8.774829 0.0 -16.090578 18.065128 7.094339 -1.844033 2.498502 -2.507277 -10.163603 4.678947 4.62111 -20.97603 -3e-06 5e-06 -21.226295 2.451699 -3.593997 0.0 -6e-06 -1e-06 -1.362681 2.240799 -0.746321 -21.334923 0.58491 3.008326 -13.821219 -1e-06 3e-06 -23.887178 -0.249078 -0.839481 -61.859058 2.77066 -0.413704 -0.294025 1.679688 0.833255 -14.218215 0.093213 1.300581 -34.212067 -0.287562 0.967174 -20.033226 0.964539 1.212846 0.0 1e-06 -1e-06 -3.44039 0.788232 0.501657 -15.928192 -3.16731 2.999708 -6.338829 -1e-06 1e-06 -18.123453 3.648184 -4.90567 -4e-06 1e-06 -2e-06 1.388471 22.179304 5.968065 75.83503 20.27228 -7.518781 -178.958939 74.499931 -178.984695 -15.475451 19.401934 -36.106194 2.243541 -5.255035 -3.180156 14.282888 -0.826594 6.952504 -2e-06 -12.690601 1e-06 16.903164 -17.70212 2.105388 1.665665 -1.955921 -2.878298 4.727798 -4.170586 4.993925 11.020526 4e-06 -1e-06 12.10905 -3.735715 -2.866781 -0.0 0.0 -1e-06 1.291985 -1.928549 -1.498088 14.800125 0.567469 3.865609 14.242566 -1.341736 -6.660654 19.631966 0.143926 -0.648243 51.235996 -0.537171 -6.309504 0.353029 -1.51115 -0.03194 20.222788 3.684309 2.316632 18.78727 4e-06 3e-06 10.751627 -0.479868 1.397907 -1e-06 1e-06 -0.0 3.273806 0.305947 -0.58011 21.486811 11.830373 2.266135 8.162927 1e-06 0.0 18.399078 -3.798987 -4.940572 4e-06 0.0 -1e-06 7.107225 24.603123 -115.626007 0.177582 -0.177886 129.947403 -8.132162 -1.862479 -12.83924 1.469218 -2.035927 1.764911 0.0 0.0 2e-06 -53.9328 -40.551094 -57.645607 1.527953 0.98449 127.127144 14.994606 47.303711 -27.554909 -1.51108 0.297745 2.355419 0.0 0.0 -1e-06 
0.0 0.0 0.0 0.0 -0.0 0.0 -0.302752 37.543987 6.940044 -2.612219 -2.546912 1.203228 -3.577264 -3.496812 19.632944 -1.190731 -2.287031 5.194905 0.569947 -7.233926 19.178368 -8.314243 6.827515 -3.991143 1.890601 9.539243 -3.332016 -4.403817 11.831396 -12.855928 7.7e-05 -2.2e-05 6e-06 0.005342 0.029896 -0.041313 0.720472 -3.66544 -10.57093 -0.724235 3.737437 -10.581483 0.431166 -13.702658 6.502009 -29.336079 -54.818813 8.940934 -0.709026 -72.566116 1.691621 13.448043 2.490244 27.861132 -5.882109 9.861286 0.702589 -10.936878 -0.360576 7.156209 1e-06 8.774828 -0.0 -15.980613 18.113506 7.167618 -1.844033 2.498503 -2.507281 -10.163604 4.678944 4.621111 -20.976036 -4e-06 6e-06 -21.226295 2.451695 -3.593997 1e-06 -5e-06 -1e-06 -1.362682 2.240797 -0.746324 -21.334927 0.584909 3.008327 -13.821221 -3e-06 4e-06 -23.887184 -0.249079 -0.83948 -61.848171 2.816292 -0.431809 -0.294025 1.679688 0.833257 -14.218215 0.093213 1.300583 -34.212067 -0.287567 0.967175 -20.033226 0.964535 1.212848 1e-06 1e-06 -0.0 -3.440391 0.788232 0.501657 -15.928198 -3.167312 2.999709 -6.338829 -2e-06 1e-06 -18.123459 3.648182 -4.90567 -5e-06 1e-06 -1e-06 1.820825 21.995722 6.276735 75.654747 19.406828 -7.634016 -179.211487 74.870544 -179.208847 -15.289838 19.331106 -35.666466 2.243542 -5.255039 -3.180158 14.282896 -0.826595 6.952507 -2e-06 -12.690609 2e-06 16.931761 -17.737597 2.068491 1.665666 -1.955922 -2.878299 4.727801 -4.170589 4.993926 11.020529 3e-06 -0.0 12.109056 -3.735718 -2.866784 1e-06 0.0 -2e-06 1.291986 -1.92855 -1.498089 14.800132 0.567468 3.865611 14.242577 -1.341738 -6.660657 19.631973 0.143924 -0.648244 51.219322 -0.542581 -6.31464 0.353029 -1.511152 -0.031941 20.222797 3.68431 2.316633 18.787279 3e-06 2e-06 10.75163 -0.47987 1.397907 -1e-06 0.0 1e-06 3.273808 0.305947 -0.58011 21.48682 11.830377 2.266136 8.16293 -1e-06 0.0 18.399088 -3.798989 -4.940577 2e-06 1e-06 -1e-06 7.213383 24.647526 -115.522995 0.171441 -0.174406 130.023865 -8.244143 -1.927779 -12.93648 1.473515 -2.022178 1.830982 0.0 -1e-06 2e-06 -54.002369 -40.331806 -57.512169 1.538262 0.988159 127.149536 14.94896 47.143875 -27.796158 -1.512008 0.298799 2.36017 0.0 -0.0 -1e-06 
0.0 0.0 0.0 0.0 -0.0 0.0 -0.314654 37.541779 6.985773 -2.605513 -2.574929 1.18077 -3.566166 -3.509528 19.574106 -1.185848 -2.346618 5.177961 0.61578 -7.298406 19.218405 -8.363924 6.841352 -4.092649 1.963621 9.624851 -3.335041 -4.434797 11.857354 -13.064109 7.7e-05 -2.2e-05 6e-06 0.003757 0.032882 -0.04536 0.713556 -3.663617 -10.588291 -0.720291 3.741781 -10.599466 0.423551 -13.498936 6.611985 -30.410042 -55.080574 10.680764 -0.634268 -71.711105 1.573519 13.738529 2.558281 26.552013 -5.88211 9.861288 0.70259 -10.936879 -0.360576 7.15621 1e-06 8.77483 -0.0 -15.880272 18.163738 7.225032 -1.844034 2.498504 -2.507279 -10.163607 4.678947 4.62111 -20.976038 -6e-06 2e-06 -21.226301 2.451696 -3.594001 0.0 -5e-06 -1e-06 -1.362683 2.240799 -0.746325 -21.334929 0.584911 3.008324 -13.821225 -3e-06 1e-06 -23.887188 -0.249079 -0.839483 -61.869068 2.86808 -0.466322 -0.294024 1.679689 0.833257 -14.21822 0.093214 1.300579 -34.212074 -0.287564 0.967168 -20.033226 0.964536 1.212843 1e-06 0.0 1e-06 -3.440392 0.788234 0.501657 -15.928201 -3.167312 2.999707 -6.338833 -0.0 -0.0 -18.123463 3.648183 -4.905674 -5e-06 -0.0 -3e-06 2.29037 21.782661 6.600695 75.485657 18.446293 -7.688701 -179.255814 75.326897 -179.20314 -15.084813 19.28797 -35.186726 2.243542 -5.255037 -3.180158 14.282896 -0.826595 6.952506 -4e-06 -12.690607 1e-06 16.955482 -17.758928 2.043563 1.665666 -1.955922 -2.8783 4.727799 -4.170588 4.993925 11.020528 3e-06 0.0 12.109053 -3.735716 -2.866783 1e-06 0.0 -2e-06 1.291986 -1.92855 -1.498089 14.800132 0.567468 3.86561 14.242576 -1.341737 -6.660657 19.631973 0.143925 -0.648242 51.205063 -0.544968 -6.335704 0.353029 -1.511151 -0.031941 20.222794 3.684311 2.316633 18.787273 4e-06 2e-06 10.751631 -0.479868 1.397907 -2e-06 -0.0 0.0 3.273807 0.305947 -0.580111 21.48682 11.830379 2.266135 8.162931 2e-06 -0.0 18.399088 -3.798987 -4.940576 3e-06 1e-06 -1e-06 7.292771 24.682671 -115.433151 0.158734 -0.163634 130.072128 -8.311914 -1.924095 -13.006325 1.479311 -2.005601 1.886718 -0.0 0.0 2e-06 -54.018127 -40.119797 -57.449509 1.544061 0.989593 127.155075 14.933565 46.989498 -27.937452 -1.51214 0.298475 2.337144 -0.0 -0.0 -1e-06 
0.0 0.0 0.0 0.0 -0.0 0.0 -0.316171 37.535934 7.018034 -2.599399 -2.622227 1.141749 -3.55725 -3.534581 19.53437 -1.181495 -2.410841 5.162697 0.662215 -7.374234 19.249722 -8.433826 6.882517 -4.178286 2.054163 9.721653 -3.323195 -4.488587 11.925572 -13.266025 7.7e-05 -2.2e-05 6e-06 0.001591 0.036983 -0.047976 0.707248 -3.66042 -10.604001 -0.718058 3.746653 -10.614451 0.414955 -13.306251 6.764591 -31.547333 -55.328007 12.485456 -0.578023 -70.74456 1.448799 14.031217 2.617852 25.016525 -5.882109 9.861284 0.70259 -10.936875 -0.360574 7.156209 -0.0 8.774825 -2e-06 -15.80774 18.206598 7.246311 -1.844033 2.498504 -2.507277 -10.163604 4.678946 4.62111 -20.976032 -4e-06 4e-06 -21.226295 2.451695 -3.593999 1e-06 -6e-06 -1e-06 -1.362682 2.240799 -0.746324 -21.334923 0.584908 3.008325 -13.82122 -1e-06 1e-06 -23.887177 -0.249083 -0.839483 -61.907181 2.905138 -0.510714 -0.294025 1.679686 0.833256 -14.218214 0.093213 1.30058 -34.212067 -0.287565 0.967172 -20.033222 0.964536 1.212845 -0.0 1e-06 2e-06 -3.44039 0.788234 0.501656 -15.928192 -3.167309 2.999708 -6.338829 -2e-06 0.0 -18.123455 3.648184 -4.90567 -5e-06 -0.0 -2e-06 2.775444 21.533306 6.919199 75.332901 17.434059 -7.686908 -179.170563 75.900246 -179.05574 -14.894098 19.250162 -34.534401 2.243541 -5.255038 -3.180159 14.282892 -0.826594 6.952505 -2e-06 -12.690607 -0.0 16.976048 -17.763224 2.0417 1.665666 -1.955922 -2.878299 4.727798 -4.170587 4.993926 11.020526 3e-06 -2e-06 12.109052 -3.735716 -2.866785 1e-06 0.0 -2e-06 1.291985 -1.92855 -1.49809 14.800129 0.567469 3.865609 14.242576 -1.341735 -6.660662 19.631969 0.143928 -0.648244 51.221115 -0.547998 -6.364354 0.353029 -1.511151 -0.031941 20.222794 3.684311 2.31663 18.787273 6e-06 -1e-06 10.751631 -0.479868 1.397907 -2e-06 0.0 0.0 3.273807 0.305947 -0.580111 21.486814 11.830376 2.266135 8.162928 1e-06 -1e-06 18.399078 -3.798987 -4.940575 2e-06 -0.0 -1e-06 7.363468 24.722202 -115.338524 0.144614 -0.152496 130.119934 -8.352798 -1.87893 -13.060532 1.485496 -1.988102 1.902112 -0.0 -1e-06 2e-06 -54.025604 -39.926495 -57.422432 1.5461 0.996137 127.155403 14.930182 46.881802 -27.99626 -1.511968 0.295891 2.312549 -0.0 -0.0 -1e-06 
0.0 0.0 0.0 0.0 -0.0 0.0 -0.320848 37.507278 7.07526 -2.591152 -2.708216 1.083586 -3.55103 -3.55775 19.513927 -1.172584 -2.479835 5.153248 0.701744 -7.449049 19.275799 -8.542627 6.953346 -4.24754 2.143248 9.807628 -3.311876 -4.549184 12.001438 -13.425823 7.7e-05 -2.2e-05 6e-06 0.000216 0.040006 -0.047946 0.702899 -3.658046 -10.615551 -0.716308 3.750175 -10.62517 0.402475 -13.181245 6.926262 -32.71172 -55.520039 14.300371 -0.535194 -69.681847 1.324915 14.30224 2.660188 23.353333 -5.882109 9.861284 0.702587 -10.936875 -0.360576 7.156208 1e-06 8.774826 0.0 -15.769852 18.21751 7.216495 -1.844033 2.498505 -2.507279 -10.163603 4.678943 4.621109 -20.976036 -6e-06 2e-06 -21.226295 2.451692 -3.594002 1e-06 -6e-06 -1e-06 -1.362682 2.240797 -0.746324 -21.334921 0.584909 3.008322 -13.82122 -2e-06 1e-06 -23.88718 -0.249083 -0.839485 -61.913666 2.907912 -0.55107 -0.294025 1.679687 0.833255 -14.218215 0.093214 1.300579 -34.212063 -0.287571 0.967167 -20.033224 0.964534 1.212844 0.0 0.0 2e-06 -3.440391 0.788234 0.501655 -15.928192 -3.167312 2.999705 -6.338829 -2e-06 -0.0 -18.123455 3.648178 -4.905671 -4e-06 0.0 -2e-06 3.252297 21.226656 7.226837 75.209976 16.44062 -7.620475 -178.987228 76.648285 -178.813171 -14.762569 19.239809 -33.556488 2.24354 -5.255036 -3.180157 14.282887 -0.826595 6.952504 -3e-06 -12.690601 1e-06 16.986155 -17.758738 2.063257 1.665666 -1.955921 -2.878298 4.727798 -4.170586 4.993925 11.020525 3e-06 0.0 12.109052 -3.735715 -2.866782 1e-06 -0.0 -0.0 1.291985 -1.928549 -1.498088 14.800129 0.567468 3.865609 14.24257 -1.341736 -6.660655 19.631968 0.143923 -0.648243 51.290863 -0.545583 -6.397704 0.353029 -1.51115 -0.03194 20.222786 3.684309 2.316633 18.78727 4e-06 2e-06 10.751625 -0.47987 1.397908 -1e-06 -0.0 -0.0 3.273806 0.305947 -0.58011 21.486813 11.830373 2.266135 8.162926 2e-06 1e-06 18.39908 -3.798986 -4.940572 3e-06 1e-06 -0.0 7.472252 24.819645 -115.222137 0.136662 -0.145886 130.219971 -8.384007 -1.844436 -13.145152 1.489676 -1.967748 1.897468 0.0 0.0 2e-06 -54.08358 -39.755054 -57.37896 1.544873 1.006526 127.174706 14.88408 46.834095 -28.077284 -1.511824 0.290678 2.30412 -0.0 -0.0 -1e-06 
0.0 0.0 0.0 0.0 -0.0 0.0 -0.32983 37.448971 7.157753 -2.569639 -2.833707 1.018387 -3.553784 -3.573297 19.51174 -1.158424 -2.551321 5.145438 0.733334 -7.527092 19.296286 -8.691708 7.020039 -4.320803 2.231142 9.89268 -3.300907 -4.628731 12.107863 -13.560909 7.7e-05 -2.3e-05 6e-06 0.001573 0.039156 -0.046838 0.702081 -3.658323 -10.620374 -0.712814 3.748865 -10.629694 0.388354 -13.135885 7.075348 -33.920631 -55.633003 16.104433 -0.531223 -68.557068 1.233181 14.527071 2.705887 21.708498 -5.882102 9.861284 0.70259 -10.93687 -0.360575 7.156206 -1e-06 8.774824 -2e-06 -15.755152 18.20071 7.159119 -1.84403 2.498504 -2.507278 -10.163599 4.678943 4.621107 -20.976021 -5e-06 6e-06 -21.226282 2.451697 -3.593997 0.0 -7e-06 -0.0 -1.362682 2.240799 -0.746325 -21.334911 0.584909 3.008326 -13.821213 -3e-06 4e-06 -23.887167 -0.249079 -0.839483 -61.90139 2.889365 -0.573279 -0.294023 1.679688 0.833256 -14.218206 0.093215 1.300581 -34.212048 -0.287564 0.967174 -20.033213 0.964538 1.212847 0.0 1e-06 0.0 -3.440388 0.788233 0.501656 -15.928185 -3.16731 2.99971 -6.338826 -1e-06 0.0 -18.123444 3.648179 -4.905669 -4e-06 0.0 -3e-06 3.723172 20.859821 7.522013 75.123917 15.508281 -7.481297 -178.698975 77.623947 -178.502502 -14.744929 19.226999 -32.034359 2.243543 -5.255037 -3.180159 14.282895 -0.826596 6.952503 -2e-06 -12.690605 1e-06 16.978195 -17.741522 2.108048 1.665667 -1.955922 -2.878298 4.7278 -4.170588 4.993924 11.020529 2e-06 -2e-06 12.109056 -3.735717 -2.866785 -0.0 -0.0 -0.0 1.291986 -1.92855 -1.49809 14.800132 0.567467 3.865609 14.242577 -1.341737 -6.660659 19.631973 0.143924 -0.648246 51.419399 -0.528168 -6.429389 0.353029 -1.511151 -0.03194 20.222797 3.684309 2.31663 18.787275 3e-06 -1e-06 10.75163 -0.479869 1.397905 -2e-06 1e-06 0.0 3.273808 0.305947 -0.580111 21.48682 11.830376 2.266131 8.16293 0.0 -1e-06 18.399088 -3.798985 -4.940578 2e-06 -1e-06 -1e-06 7.604481 24.973984 -115.106308 0.13135 -0.141061 130.376221 -8.409879 -1.853495 -13.249469 1.4897 -1.951174 1.898431 0.0 0.0 2e-06 -54.215206 -39.615307 -57.330688 1.537184 1.017091 127.220703 14.797255 46.867058 -28.200634 -1.511608 0.282773 2.323062 -0.0 -0.0 -1e-06 
0.0 0.0 0.0 0.0 -0.0 0.0 -0.331775 37.375214 7.263257 -2.541191 -2.989263 0.971086 -3.552128 -3.587682 19.513638 -1.150057 -2.619465 5.133835 0.762934 -7.614849 19.311371 -8.893257 7.0824 -4.424761 2.324127 9.959085 -3.289453 -4.724341 12.263864 -13.702209 7.7e-05 -2.2e-05 6e-06 0.007873 0.02937 -0.044534 0.70759 -3.667338 -10.627667 -0.70586 3.738531 -10.637536 0.383625 -13.16661 7.181087 -35.187202 -55.657635 17.912529 -0.610912 -67.38382 1.217956 14.681538 2.775013 20.126059 -5.88211 9.861288 0.702588 -10.936875 -0.360574 7.156206 1e-06 8.77483 -1e-06 -15.74827 18.144737 7.098754 -1.844034 2.498504 -2.50728 -10.163604 4.678944 4.621108 -20.976038 -4e-06 -4e-06 -21.226299 2.451693 -3.594006 1e-06 -7e-06 -2e-06 -1.362684 2.240799 -0.746323 -21.334925 0.584908 3.008319 -13.821221 -3e-06 -2e-06 -23.887184 -0.249084 -0.839486 -61.858154 2.852268 -0.557563 -0.294025 1.679688 0.833256 -14.218215 0.093214 1.300577 -34.212067 -0.28757 0.967166 -20.033222 0.964531 1.212843 1e-06 -0.0 1e-06 -3.44039 0.788234 0.501655 -15.928198 -3.167312 2.999703 -6.338831 -1e-06 -1e-06 -18.123459 3.648181 -4.905676 -4e-06 -0.0 0.0 4.190154 20.439079 7.7884 75.07489 14.63243 -7.221867 -178.184067 78.824562 -178.012634 -14.834579 19.166977 -29.771015 2.243541 -5.255038 -3.180157 14.282896 -0.826593 6.952505 -3e-06 -12.690607 -1e-06 16.956226 -17.718483 2.180943 1.665666 -1.955922 -2.878299 4.727799 -4.170588 4.993926 11.020528 4e-06 -1e-06 12.109055 -3.735715 -2.866784 1e-06 -1e-06 -1e-06 1.291986 -1.92855 -1.49809 14.800134 0.56747 3.865609 14.242574 -1.341736 -6.660658 19.631973 0.143927 -0.648243 51.591194 -0.494478 -6.442817 0.353029 -1.511151 -0.03194 20.222797 3.684313 2.316632 18.787279 6e-06 1e-06 10.751629 -0.479868 1.397908 -2e-06 -0.0 -0.0 3.273807 0.305948 -0.58011 21.486818 11.830379 2.266136 8.162929 2e-06 1e-06 18.399084 -3.798984 -4.940574 0.0 -1e-06 -1e-06 7.748512 25.149458 -115.004089 0.133173 -0.14549 130.574921 -8.444278 -1.890573 -13.368477 1.485609 -1.936269 1.916417 -0.0 0.0 2e-06 -54.389851 -39.537121 -57.290993 1.52765 1.026535 127.269157 14.707938 46.951874 -28.304932 -1.512223 0.275591 2.358231 -0.0 -0.0 -1e-06 
0.0 0.0 0.0 0.0 -0.0 0.0 -0.308519 37.305759 7.370497 -2.514344 -3.17547 0.95572 -3.536717 -3.609487 19.504492 -1.157128 -2.678243 5.112007 0.783358 -7.713918 19.347195 -9.138189 7.142269 -4.576073 2.424263 10.008059 -3.278812 -4.842309 12.468262 -13.877996 7.7e-05 -2.2e-05 6e-06 0.015627 0.017361 -0.042454 0.7146 -3.677919 -10.63432 -0.697407 3.725016 -10.643089 0.397929 -13.253366 7.241432 -36.411411 -55.612431 19.67049 -0.731416 -66.228386 1.230822 14.766256 2.906703 18.639017 -5.88211 9.86129 0.70259 -10.936879 -0.360574 7.156209 0.0 8.774828 1e-06 -15.734825 18.066019 7.053218 -1.844033 2.498506 -2.50728 -10.163608 4.678948 4.62111 -20.976038 -2e-06 -1e-06 -21.226301 2.451698 -3.594004 -0.0 -7e-06 -1e-06 -1.362683 2.2408 -0.746325 -21.334929 0.58491 3.008322 -13.821226 -3e-06 -1e-06 -23.88719 -0.249082 -0.839485 -61.809204 2.802727 -0.511239 -0.294024 1.679687 0.833257 -14.218219 0.093215 1.300579 -34.21207 -0.287566 0.967167 -20.033226 0.964535 1.212843 -0.0 1e-06 1e-06 -3.440392 0.788234 0.501655 -15.9282 -3.16731 2.999708 -6.33883 -1e-06 0.0 -18.123459 3.648181 -4.905674 -6e-06 1e-06 -1e-06 4.65418 20.007915 8.067734 75.05629 13.869434 -6.875986 -177.489578 80.165962 -177.387192 -15.040445 19.08951 -26.866066 2.243542 -5.255041 -3.18016 14.2829 -0.826595 6.952511 -3e-06 -12.690618 1e-06 16.919024 -17.682646 2.272281 1.665667 -1.955923 -2.878301 4.727801 -4.170592 4.993929 11.020532 3e-06 1e-06 12.109059 -3.735719 -2.866785 -1e-06 -0.0 -0.0 1.291986 -1.928551 -1.498089 14.800139 0.567469 3.865613 14.242579 -1.341738 -6.660659 19.631979 0.143925 -0.648241 51.73597 -0.445692 -6.429374 0.353028 -1.511152 -0.03194 20.222803 3.684315 2.316636 18.787285 4e-06 3e-06 10.751636 -0.47987 1.397909 -1e-06 0.0 -0.0 3.273808 0.305948 -0.580111 21.486828 11.830387 2.26614 8.162931 1e-06 2e-06 18.399096 -3.79899 -4.940575 1e-06 0.0 -0.0 7.873199 25.315393 -114.925705 0.138397 -0.155801 130.784561 -8.488966 -1.881191 -13.483614 1.480065 -1.923032 1.95293 0.0 -1e-06 2e-06 -54.539978 -39.514927 -57.315628 1.520616 1.033668 127.288361 14.677612 47.053139 -28.335215 -1.514061 0.268235 2.389921 0.0 1e-06 -1e-06 
0.0 0.0 0.0 0.0 -0.0 0.0 -0.25398 37.23262 7.462386 -2.494224 -3.391458 0.949131 -3.519547 -3.635229 19.486467 -1.177298 -2.734695 5.095694 0.796108 -7.816422 19.425852 -9.390405 7.191054 -4.780474 2.499979 10.07068 -3.261683 -4.968565 12.686727 -14.096637 7.7e-05 -2.2e-05 6e-06 0.019558 0.013643 -0.045027 0.717329 -3.679391 -10.643703 -0.692179 3.7189 -10.647984 0.414442 -13.371234 7.303052 -37.460335 -55.544437 21.344839 -0.731652 -65.141541 1.144038 14.783183 3.082193 17.279217 -5.882111 9.861288 0.702591 -10.93688 -0.360574 7.156214 -1e-06 8.774831 -0.0 -15.721876 17.991194 7.035077 -1.844034 2.498505 -2.50728 -10.163607 4.678946 4.621113 -20.976038 -4e-06 5e-06 -21.226297 2.451698 -3.594 -0.0 -6e-06 -1e-06 -1.362682 2.240799 -0.746323 -21.33493 0.584908 3.008329 -13.821224 -1e-06 3e-06 -23.887188 -0.249075 -0.83948 -61.800842 2.754686 -0.449702 -0.294025 1.679687 0.833257 -14.218219 0.093214 1.300584 -34.212074 -0.287561 0.967175 -20.03323 0.964539 1.212846 1e-06 1e-06 1e-06 -3.440391 0.788232 0.501656 -15.9282 -3.167311 2.999711 -6.338831 0.0 1e-06 -18.123459 3.648186 -4.905671 -5e-06 0.0 -1e-06 5.114173 19.597082 8.35917 75.059952 13.220421 -6.431068 -176.406281 81.558449 -176.368027 -15.358888 19.011797 -23.723986 2.243543 -5.255039 -3.18016 14.282897 -0.826595 6.952508 -2e-06 -12.690609 2e-06 16.864319 -17.639166 2.368133 1.665667 -1.955922 -2.8783 4.7278 -4.170589 4.993928 11.02053 2e-06 -0.0 12.109056 -3.735717 -2.866786 -0.0 -0.0 0.0 1.291986 -1.92855 -1.49809 14.800136 0.567468 3.865611 14.242577 -1.341736 -6.660661 19.631973 0.143926 -0.648244 51.849144 -0.385472 -6.395274 0.353028 -1.511151 -0.03194 20.222801 3.684311 2.316633 18.787283 4e-06 0.0 10.751636 -0.479869 1.397907 -1e-06 0.0 0.0 3.273808 0.305947 -0.580111 21.486824 11.830379 2.266135 8.16293 1e-06 0.0 18.399092 -3.798987 -4.940576 2e-06 0.0 -1e-06 7.972069 25.465317 -114.877213 0.141974 -0.165485 131.001495 -8.551798 -1.820473 -13.56327 1.475758 -1.922042 1.982762 -0.0 -1e-06 2e-06 -54.657017 -39.518539 -57.421318 1.524613 1.036465 127.281029 14.755256 47.182682 -28.251822 -1.516312 0.262472 2.373446 -0.0 0.0 -1e-06 
0.0 0.0 0.0 0.0 -0.0 0.0 -0.184707 37.153297 7.547557 -2.481758 -3.63223 0.9318 -3.515433 -3.662272 19.48064 -1.201492 -2.793723 5.093915 0.796928 -7.907711 19.531219 -9.617399 7.220899 -5.020597 2.524009 10.175358 -3.236551 -5.068531 12.89729 -14.348486 7.7e-05 -2.2e-05 5e-06 0.018552 0.020083 -0.049756 0.714301 -3.669495 -10.650106 -0.691131 3.721917 -10.645801 0.4355 -13.490143 7.372465 -38.312408 -55.452927 22.896429 -0.633949 -64.198601 1.001141 14.745761 3.243225 16.197695 -5.882108 9.861287 0.70259 -10.936877 -0.360574 7.156206 1e-06 8.774829 -1e-06 -15.727032 17.934622 7.029792 -1.844034 2.498505 -2.507278 -10.163604 4.678945 4.621108 -20.97603 -6e-06 1e-06 -21.226294 2.451694 -3.594002 2e-06 -7e-06 -1e-06 -1.362683 2.240797 -0.746322 -21.334921 0.584907 3.008322 -13.821219 -3e-06 1e-06 -23.887182 -0.24908 -0.839483 -61.849194 2.717022 -0.409438 -0.294024 1.679687 0.833257 -14.218214 0.093215 1.300579 -34.212063 -0.287569 0.967166 -20.03322 0.964534 1.212844 1e-06 1e-06 1e-06 -3.440389 0.788234 0.501655 -15.928191 -3.167309 2.999706 -6.338829 -1e-06 -0.0 -18.123455 3.648181 -4.905672 -5e-06 1e-06 -1e-06 5.535766 19.226662 8.62485 75.097038 12.657202 -5.889216 -174.445923 82.894524 -174.420746 -15.69214 18.96451 -20.87154 2.24354 -5.255037 -3.180157 14.282885 -0.826592 6.952503 -3e-06 -12.690607 0.0 16.808443 -17.61635 2.445327 1.665666 -1.955922 -2.878299 4.727796 -4.170587 4.993924 11.02052 3e-06 -1e-06 12.109043 -3.735715 -2.866784 -0.0 -0.0 -1e-06 1.291984 -1.92855 -1.498088 14.800118 0.56747 3.865608 14.242564 -1.341736 -6.660657 19.631954 0.143928 -0.648244 51.944233 -0.322804 -6.372091 0.353029 -1.511151 -0.03194 20.222782 3.684311 2.316631 18.787266 5e-06 1e-06 10.751625 -0.479869 1.397907 -0.0 -0.0 0.0 3.273805 0.305947 -0.58011 21.486801 11.830377 2.266134 8.162922 2e-06 1e-06 18.399071 -3.798986 -4.940572 3e-06 0.0 -1e-06 8.079103 25.626247 -114.825592 0.143539 -0.166349 131.229706 -8.611478 -1.774455 -13.646664 1.473403 -1.927029 2.012041 -0.0 0.0 2e-06 -54.753761 -39.516308 -57.567806 1.543637 1.031685 127.264786 14.893188 47.345348 -28.109919 -1.51798 0.262608 2.329306 0.0 0.0 -1e-06 
0.0 0.0 0.0 0.0 -0.0 0.0 -0.127126 37.063705 7.630564 -2.471944 -3.886547 0.911479 -3.523586 -3.69593 19.483103 -1.218974 -2.848228 5.096152 0.774473 -7.994416 19.654957 -9.831213 7.263265 -5.287029 2.521426 10.283324 -3.214712 -5.148687 13.085101 -14.587039 7.7e-05 -2.3e-05 5e-06 0.017071 0.027079 -0.05432 0.711241 -3.65906 -10.656631 -0.690957 3.725718 -10.642778 0.435522 -13.594316 7.444119 -38.951714 -55.341816 24.324327 -0.469548 -63.422146 0.821044 14.632717 3.429791 15.409302 -5.88211 9.861286 0.70259 -10.936878 -0.360573 7.156209 0.0 8.774828 -0.0 -15.739228 17.912086 7.026282 -1.844034 2.498505 -2.507279 -10.163608 4.678947 4.62111 -20.976038 -4e-06 2e-06 -21.226299 2.451697 -3.594001 0.0 -6e-06 -0.0 -1.362682 2.240798 -0.746323 -21.334929 0.584909 3.008324 -13.821222 -2e-06 3e-06 -23.887184 -0.249079 -0.839482 -61.898312 2.68293 -0.396796 -0.294024 1.679687 0.833257 -14.218219 0.093215 1.300582 -34.212074 -0.287566 0.967169 -20.03323 0.964536 1.212843 0.0 2e-06 0.0 -3.44039 0.788232 0.501656 -15.9282 -3.16731 2.999709 -6.33883 1e-06 1e-06 -18.123459 3.648183 -4.905672 -5e-06 1e-06 -1e-06 5.922014 18.893391 8.85139 75.141167 12.143121 -5.320164 -171.664383 84.095215 -171.62088 -16.036234 18.958876 -18.51601 2.243542 -5.255037 -3.180158 14.282889 -0.826594 6.952504 -3e-06 -12.690607 0.0 16.750265 -17.623028 2.505259 1.665666 -1.955922 -2.878299 4.727798 -4.170587 4.993925 11.020527 2e-06 -1e-06 12.109053 -3.735715 -2.866785 -1e-06 -0.0 0.0 1.291987 -1.928549 -1.49809 14.800125 0.567468 3.865608 14.24257 -1.341736 -6.66066 19.631969 0.143927 -0.648244 52.000095 -0.283445 -6.354833 0.353028 -1.51115 -0.03194 20.222794 3.684311 2.316631 18.787273 5e-06 -0.0 10.751627 -0.479868 1.397906 -0.0 -0.0 0.0 3.273808 0.305947 -0.580111 21.486813 11.830377 2.266134 8.162927 1e-06 -0.0 18.399082 -3.798985 -4.940575 3e-06 0.0 -1e-06 8.209901 25.816505 -114.778008 0.142373 -0.164009 131.461655 -8.676982 -1.77542 -13.733104 1.472146 -1.930523 2.035832 -0.0 0.0 2e-06 -54.837566 -39.520424 -57.742271 1.563629 1.027613 127.271851 15.075237 47.526115 -27.935667 -1.517011 0.263286 2.288456 -0.0 0.0 -1e-06 
