HIERARCHY
ROOT Root
{
  OFFSET 0.0 0.0 0.0
  CHANNELS 6 Xposition Yposition Zposition Zrotation Yrotation Xrotation
  JOINT Hips
  {
    OFFSET 0.0 100.0 0.0
    CHANNELS 6 Xposition Yposition Zposition Zrotation Yrotation Xrotation
    JOINT Spine1
    {
      OFFSET -0.013727 5.003763 -0.053727
      CHANNELS 3 Zrotation Yrotation Xrotation
      JOINT Spine2
      {
        OFFSET -0.0 7.125301 -0.029825
        CHANNELS 3 Zrotation Yrotation Xrotation
        JOINT Chest
        {
          OFFSET -1e-06 7.550063 -0.815971
          CHANNELS 3 Zrotation Yrotation Xrotation
          JOINT Neck1
          {
            OFFSET -0.181677 26.311295 -0.553348
            CHANNELS 3 Zrotation Yrotation Xrotation
            JOINT Neck2
            {
              OFFSET -3e-06 7.709397 2.302585
              CHANNELS 3 Zrotation Yrotation Xrotation
              JOINT Head
              {
                OFFSET -5e-06 6.128916 1.953709
                CHANNELS 3 Zrotation Yrotation Xrotation
                JOINT HeadEnd
                {
                  OFFSET 0.003598 16.065403 -1.835379
                  CHANNELS 3 Zrotation Yrotation Xrotation
                }
                JOINT Jaw
                {
                  OFFSET 0.002637 0.475592 3.094941
                  CHANNELS 3 Zrotation Yrotation Xrotation
                }
                JOINT LeftEye
                {
                  OFFSET 3.206381 5.380205 7.586883
                  CHANNELS 3 Zrotation Yrotation Xrotation
                }
                JOINT RightEye
                {
                  OFFSET -3.22244 5.361869 7.558234
                  CHANNELS 3 Zrotation Yrotation Xrotation
                }
              }
            }
          }
          JOINT LeftShoulder
          {
            OFFSET 1.621652 23.237164 5.113413
            CHANNELS 3 Zrotation Yrotation Xrotation
            JOINT LeftArm
            {
              OFFSET 14.919846 2e-06 -5.502326
              CHANNELS 3 Zrotation Yrotation Xrotation
              JOINT LeftForeArm
              {
                OFFSET 28.739307 0.0 -0.002588
                CHANNELS 3 Zrotation Yrotation Xrotation
                JOINT LeftHand
                {
                  OFFSET 27.093981 -1e-06 0.002609
                  CHANNELS 3 Zrotation Yrotation Xrotation
                  JOINT LeftHandThumb1
                  {
                    OFFSET 2.276482 -1.392045 3.191413
                    CHANNELS 3 Zrotation Yrotation Xrotation
                    JOINT LeftHandThumb2
                    {
                      OFFSET 4.012836 -1.828127 1.641654
                      CHANNELS 3 Zrotation Yrotation Xrotation
                      JOINT LeftHandThumb3
                      {
                        OFFSET 2.798515 0.0 -3e-06
                        CHANNELS 3 Zrotation Yrotation Xrotation
                        JOINT LeftHandThumbEnd
                        {
                          OFFSET 3.180793 -4e-06 4e-06
                          CHANNELS 3 Zrotation Yrotation Xrotation
                        }
                      }
                    }
                  }
                  JOINT LeftHandIndex1
                  {
                    OFFSET 3.247555 -0.531998 2.296169
                    CHANNELS 3 Zrotation Yrotation Xrotation
                    JOINT LeftHandIndex2
                    {
                      OFFSET 6.364578 0.01206 0.1786
                      CHANNELS 3 Zrotation Yrotation Xrotation
                      JOINT LeftHandIndex3
                      {
                        OFFSET 3.662364 0.0 0.0
                        CHANNELS 3 Zrotation Yrotation Xrotation
                        JOINT LeftHandIndex4
                        {
                          OFFSET 2.329242 4e-06 4e-06
                          CHANNELS 3 Zrotation Yrotation Xrotation
                          JOINT LeftHandIndexEnd
                          {
                            OFFSET 2.759615 -0.180537 -0.113024
                            CHANNELS 3 Zrotation Yrotation Xrotation
                          }
                        }
                      }
                    }
                  }
                  JOINT LeftHandMiddle1
                  {
                    OFFSET 3.163495 0.240981 1.000332
                    CHANNELS 3 Zrotation Yrotation Xrotation
                    JOINT LeftHandMiddle2
                    {
                      OFFSET 6.19078 -0.259278 -1.002548
                      CHANNELS 3 Zrotation Yrotation Xrotation
                      JOINT LeftHandMiddle3
                      {
                        OFFSET 4.35652 -4e-06 -1e-06
                        CHANNELS 3 Zrotation Yrotation Xrotation
                        JOINT LeftHandMiddle4
                        {
                          OFFSET 2.996877 -8e-06 0.0
                          CHANNELS 3 Zrotation Yrotation Xrotation
                          JOINT LeftHandMiddleEnd
                          {
                            OFFSET 2.304287 -0.294569 -0.031741
                            CHANNELS 3 Zrotation Yrotation Xrotation
                          }
                        }
                      }
                    }
                  }
                  JOINT LeftHandRing1
                  {
                    OFFSET 2.882643 -0.053652 -0.322543
                    CHANNELS 3 Zrotation Yrotation Xrotation
                    JOINT LeftHandRing2
                    {
                      OFFSET 5.854541 -0.486202 -1.373841
                      CHANNELS 3 Zrotation Yrotation Xrotation
                      JOINT LeftHandRing3
                      {
                        OFFSET 4.350578 0.0 3e-06
                        CHANNELS 3 Zrotation Yrotation Xrotation
                        JOINT LeftHandRing4
                        {
                          OFFSET 2.651321 7e-06 2e-06
                          CHANNELS 3 Zrotation Yrotation Xrotation
                          JOINT LeftHandRingEnd
                          {
                            OFFSET 1.936105 0.077687 -7.1e-05
                            CHANNELS 3 Zrotation Yrotation Xrotation
                          }
                        }
                      }
                    }
                  }
                  JOINT LeftHandPinky1
                  {
                    OFFSET 2.8655 -0.310005 -1.600378
                    CHANNELS 3 Zrotation Yrotation Xrotation
                    JOINT LeftHandPinky2
                    {
                      OFFSET 5.087849 -1.331141 -1.77123
                      CHANNELS 3 Zrotation Yrotation Xrotation
                      JOINT LeftHandPinky3
                      {
                        OFFSET 3.070974 4e-06 0.0
                        CHANNELS 3 Zrotation Yrotation Xrotation
                        JOINT LeftHandPinky4
                        {
                          OFFSET 1.549672 0.0 1e-06
                          CHANNELS 3 Zrotation Yrotation Xrotation
                          JOINT LeftHandPinkyEnd
                          {
                            OFFSET 1.944893 -0.157802 0.057219
                            CHANNELS 3 Zrotation Yrotation Xrotation
                          }
                        }
                      }
                    }
                  }
                }
              }
            }
          }
          JOINT RightShoulder
          {
            OFFSET -1.380118 23.180309 5.214158
            CHANNELS 3 Zrotation Yrotation Xrotation
            JOINT RightArm
            {
              OFFSET -15.037196 1.2e-05 -5.545604
              CHANNELS 3 Zrotation Yrotation Xrotation
              JOINT RightForeArm
              {
                OFFSET -28.736639 2e-06 -0.002597
                CHANNELS 3 Zrotation Yrotation Xrotation
                JOINT RightHand
                {
                  OFFSET -27.133619 -0.0 0.002613
                  CHANNELS 3 Zrotation Yrotation Xrotation
                  JOINT RightHandThumb1
                  {
                    OFFSET -2.274032 -1.383988 3.163127
                    CHANNELS 3 Zrotation Yrotation Xrotation
                    JOINT RightHandThumb2
                    {
                      OFFSET -4.011429 -1.827466 1.640914
                      CHANNELS 3 Zrotation Yrotation Xrotation
                      JOINT RightHandThumb3
                      {
                        OFFSET -2.794935 -4e-06 -3e-06
                        CHANNELS 3 Zrotation Yrotation Xrotation
                        JOINT RightHandThumbEnd
                        {
                          OFFSET -3.183852 4e-06 1e-06
                          CHANNELS 3 Zrotation Yrotation Xrotation
                        }
                      }
                    }
                  }
                  JOINT RightHandIndex1
                  {
                    OFFSET -3.253266 -0.520057 2.282866
                    CHANNELS 3 Zrotation Yrotation Xrotation
                    JOINT RightHandIndex2
                    {
                      OFFSET -6.341917 0.012471 0.178266
                      CHANNELS 3 Zrotation Yrotation Xrotation
                      JOINT RightHandIndex3
                      {
                        OFFSET -3.654871 -8e-06 -0.0
                        CHANNELS 3 Zrotation Yrotation Xrotation
                        JOINT RightHandIndex4
                        {
                          OFFSET -2.327586 0.0 1e-06
                          CHANNELS 3 Zrotation Yrotation Xrotation
                          JOINT RightHandIndexEnd
                          {
                            OFFSET -2.76179 -0.180656 -0.113078
                            CHANNELS 3 Zrotation Yrotation Xrotation
                          }
                        }
                      }
                    }
                  }
                  JOINT RightHandMiddle1
                  {
                    OFFSET -3.168106 0.246593 1.00103
                    CHANNELS 3 Zrotation Yrotation Xrotation
                    JOINT RightHandMiddle2
                    {
                      OFFSET -6.180828 -0.258836 -1.000895
                      CHANNELS 3 Zrotation Yrotation Xrotation
                      JOINT RightHandMiddle3
                      {
                        OFFSET -4.348901 0.0 -0.0
                        CHANNELS 3 Zrotation Yrotation Xrotation
                        JOINT RightHandMiddle4
                        {
                          OFFSET -3.00024 -4e-06 -2e-06
                          CHANNELS 3 Zrotation Yrotation Xrotation
                          JOINT RightHandMiddleEnd
                          {
                            OFFSET -2.30252 -0.29437 -0.031706
                            CHANNELS 3 Zrotation Yrotation Xrotation
                          }
                        }
                      }
                    }
                  }
                  JOINT RightHandRing1
                  {
                    OFFSET -2.88569 -0.067952 -0.308858
                    CHANNELS 3 Zrotation Yrotation Xrotation
                    JOINT RightHandRing2
                    {
                      OFFSET -5.854198 -0.48613 -1.373731
                      CHANNELS 3 Zrotation Yrotation Xrotation
                      JOINT RightHandRing3
                      {
                        OFFSET -4.33881 -4e-06 -0.0
                        CHANNELS 3 Zrotation Yrotation Xrotation
                        JOINT RightHandRing4
                        {
                          OFFSET -2.654903 -4e-06 4e-06
                          CHANNELS 3 Zrotation Yrotation Xrotation
                          JOINT RightHandRingEnd
                          {
                            OFFSET -1.933568 0.077527 -5.2e-05
                            CHANNELS 3 Zrotation Yrotation Xrotation
                          }
                        }
                      }
                    }
                  }
                  JOINT RightHandPinky1
                  {
                    OFFSET -2.866425 -0.342796 -1.584145
                    CHANNELS 3 Zrotation Yrotation Xrotation
                    JOINT RightHandPinky2
                    {
                      OFFSET -5.091371 -1.332055 -1.772385
                      CHANNELS 3 Zrotation Yrotation Xrotation
                      JOINT RightHandPinky3
                      {
                        OFFSET -3.062664 -4e-06 1e-06
                        CHANNELS 3 Zrotation Yrotation Xrotation
                        JOINT RightHandPinky4
                        {
                          OFFSET -1.546529 4e-06 -2e-06
                          CHANNELS 3 Zrotation Yrotation Xrotation
                          JOINT RightHandPinkyEnd
                          {
                            OFFSET -1.945119 -0.157718 0.057211
                            CHANNELS 3 Zrotation Yrotation Xrotation
                          }
                        }
                      }
                    }
                  }
                }
              }
            }
          }
        }
      }
    }
    JOINT LeftLeg
    {
      OFFSET 10.043214 -8.434526 2.595655
      CHANNELS 3 Zrotation Yrotation Xrotation
      JOINT LeftShin
      {
        OFFSET -1e-06 -43.221752 -0.802913
        CHANNELS 3 Zrotation Yrotation Xrotation
        JOINT LeftFoot
        {
          OFFSET 1e-06 -42.155094 -3.481523
          CHANNELS 3 Zrotation Yrotation Xrotation
          JOINT LeftToeBase
          {
            OFFSET 0.0 -5.059472 13.231529
            CHANNELS 3 Zrotation Yrotation Xrotation
            JOINT LeftToeEnd
            {
              OFFSET -0.009607 -1.647619 6.513017
              CHANNELS 3 Zrotation Yrotation Xrotation
            }
          }
        }
      }
    }
    JOINT RightLeg
    {
      OFFSET -10.047278 -8.29526 2.620317
      CHANNELS 3 Zrotation Yrotation Xrotation
      JOINT RightShin
      {
        OFFSET 1e-06 -43.362206 -0.805556
        CHANNELS 3 Zrotation Yrotation Xrotation
        JOINT RightFoot
        {
          OFFSET 2e-06 -42.117393 -3.478398
          CHANNELS 3 Zrotation Yrotation Xrotation
          JOINT RightToeBase
          {
            OFFSET -0.0 -5.079609 13.284196
            CHANNELS 3 Zrotation Yrotation Xrotation
            JOINT RightToeEnd
            {
              OFFSET 0.009532 -1.634378 6.460591
              CHANNELS 3 Zrotation Yrotation Xrotation
            }
          }
        }
      }
    }
  }
}
MOTION
Frames: 76
Frame Time: 0.03333333333333333
0.0 0.0 0.0 0.0 -0.0 0.0 -3.182156 87.313507 55.398613 -3.80267 5.452999 54.578236 1.960321 0.836233 8.358601 -0.232752 -1.218332 3.350569 -0.645687 -1.789636 30.351755 -1.222352 3.924915 -24.438038 -1.849773 -1.047906 -3.562329 -1.731456 -1.512661 9.672314 7.7e-05 -2.3e-05 6e-06 -0.014492 -0.001974 -0.19685 1.013015 -3.826353 -11.08053 -1.047012 3.836625 -11.044374 50.206383 -5.412146 -2.470391 -17.390062 -10.568396 -89.192734 -0.697126 -22.389721 2.243722 40.271645 -3.508886 -43.036835 -5.88211 9.861293 0.702591 -10.936883 -0.360577 7.156215 3e-06 8.774833 2e-06 -13.408166 18.321772 7.821783 -1.844032 2.498505 -2.507281 -10.16361 4.678948 4.621116 -20.97604 -5e-06 1e-05 -21.226301 2.451701 -3.593996 0.0 -6e-06 -0.0 -1.362682 2.240799 -0.746325 -21.334934 0.584908 3.00833 -13.821227 -4e-06 5e-06 -23.887192 -0.249078 -0.839478 -59.228745 2.391565 -1.469462 -0.294024 1.679688 0.833256 -14.218221 0.093214 1.300586 -34.212078 -0.287564 0.967181 -20.033232 0.964539 1.212848 -0.0 -1e-06 -1e-06 -3.440392 0.788234 0.501655 -15.928201 -3.167315 2.999715 -6.338832 -1e-06 2e-06 -18.123459 3.648185 -4.90567 -4e-06 0.0 -2e-06 -43.074013 17.630459 -5.148932 11.370937 20.765339 -98.658066 -0.378022 40.243046 -0.984792 -59.950287 -40.350681 -3.220385 2.243541 -5.25504 -3.180162 14.282896 -0.826591 6.95251 -5e-06 -12.690611 -1e-06 14.549892 -17.670782 3.526329 1.665666 -1.955923 -2.878301 4.7278 -4.170588 4.993928 11.020531 4e-06 -2e-06 12.109056 -3.735715 -2.866787 1e-06 -0.0 -1e-06 1.291986 -1.928551 -1.498091 14.800138 0.567472 3.865613 14.242578 -1.341733 -6.660662 19.631973 0.143931 -0.648242 52.644535 -1.268883 -5.168903 0.353028 -1.511152 -0.031941 20.222803 3.684318 2.316635 18.787283 8e-06 3e-06 10.751634 -0.479866 1.397909 -1e-06 1e-06 -0.0 3.273808 0.305948 -0.580112 21.486828 11.830388 2.266141 8.16293 4e-06 -0.0 18.399088 -3.798984 -4.940575 3e-06 -1e-06 -1e-06 0.089864 15.110788 -41.522057 -0.078142 -0.986067 26.147593 -11.969924 0.606954 -34.058723 1.760739 -2.01791 2.568323 -0.0 0.0 2e-06 16.489485 3.000159 -90.911011 -0.414188 -0.476753 53.217209 -11.166632 9.793462 -17.371925 -1.428618 0.840043 5.810348 0.0 0.0 -1e-06 
0.0 0.0 0.0 0.0 -0.0 0.0 -3.109681 87.161186 55.158951 -3.49026 5.771058 54.434071 1.989437 0.81238 8.473668 -0.179375 -1.2358 3.399252 -0.495553 -1.857128 30.447996 -1.394091 3.853843 -24.170225 -1.951939 -1.317275 -3.540315 -1.723153 -1.790958 9.72409 7.7e-05 -2.3e-05 6e-06 -0.020626 6.8e-05 -0.196609 1.012627 -3.8219 -11.082913 -1.059511 3.83721 -11.063728 50.183876 -5.351113 -2.521021 -16.876743 -10.943423 -89.065865 -0.724691 -22.436209 2.276377 40.393539 -3.370808 -42.676033 -5.882109 9.861292 0.702592 -10.936881 -0.360577 7.156214 2e-06 8.774834 0.0 -13.335898 18.342171 7.791139 -1.844033 2.498508 -2.507279 -10.163607 4.678947 4.621114 -20.976038 -5e-06 8e-06 -21.226303 2.451699 -3.594 0.0 -6e-06 -1e-06 -1.362682 2.240802 -0.746325 -21.334929 0.584909 3.00833 -13.821224 -4e-06 3e-06 -23.887186 -0.249079 -0.839476 -59.16135 2.359822 -1.517978 -0.294023 1.679689 0.833257 -14.218222 0.093211 1.300584 -34.212082 -0.287567 0.96718 -20.033232 0.964536 1.212851 1e-06 -1e-06 -2e-06 -3.440391 0.788233 0.501657 -15.928201 -3.167315 2.999712 -6.338832 -2e-06 0.0 -18.123459 3.648183 -4.905671 -4e-06 -0.0 -2e-06 -42.587463 17.459682 -4.709668 11.244493 20.505207 -98.811409 -0.263217 40.323833 -1.041236 -59.594734 -40.042778 -3.610166 2.243541 -5.255037 -3.180159 14.282894 -0.826592 6.952504 -5e-06 -12.690607 -0.0 14.559755 -17.647972 3.466422 1.665667 -1.955921 -2.878298 4.727798 -4.170588 4.993924 11.020528 4e-06 -1e-06 12.109053 -3.735715 -2.866783 1e-06 1e-06 0.0 1.291985 -1.92855 -1.498088 14.800134 0.567471 3.86561 14.242576 -1.341735 -6.660656 19.631973 0.143927 -0.648241 52.658241 -1.262857 -5.18658 0.353029 -1.511152 -0.031938 20.222797 3.684315 2.316631 18.787273 7e-06 3e-06 10.751634 -0.479869 1.397907 -1e-06 1e-06 -0.0 3.273808 0.305948 -0.580111 21.48682 11.830384 2.266135 8.162931 2e-06 -1e-06 18.399086 -3.798983 -4.940575 3e-06 -2e-06 -1e-06 -0.014985 14.926127 -42.093857 -0.092473 -0.982078 27.329878 -11.88605 0.405827 -34.509777 1.754585 -2.019969 2.548168 0.0 -1e-06 2e-06 16.369766 2.605294 -91.3153 -0.413684 -0.475605 53.800045 -11.090437 9.66833 -17.481077 -1.430364 0.846942 5.851724 0.0 0.0 -1e-06 
0.0 0.0 0.0 0.0 -0.0 0.0 -3.030336 86.948158 54.898972 -3.117807 6.104488 54.265648 2.03805 0.792812 8.594315 -0.114486 -1.243779 3.435576 -0.284973 -1.945733 30.552057 -1.726448 3.727309 -23.889355 -2.057207 -1.548894 -3.529617 -1.721199 -2.066612 9.78759 7.7e-05 -2.3e-05 6e-06 -0.025274 0.003405 -0.197601 1.009742 -3.814725 -11.08084 -1.066023 3.837419 -11.073398 50.029007 -5.297948 -2.593755 -16.363901 -11.457263 -88.927879 -0.744639 -22.577101 2.379224 40.544441 -3.149347 -42.350628 -5.882109 9.861283 0.702592 -10.936868 -0.360571 7.156207 -1e-06 8.77482 -1e-06 -13.298596 18.415707 7.772338 -1.844031 2.498506 -2.507279 -10.163597 4.678946 4.621109 -20.976021 1e-06 3e-06 -21.226284 2.4517 -3.594001 1e-06 -6e-06 -1e-06 -1.362681 2.240798 -0.746323 -21.334911 0.584915 3.008325 -13.821213 -0.0 1e-06 -23.887165 -0.249072 -0.839484 -59.164738 2.332624 -1.587821 -0.294025 1.679687 0.833257 -14.218207 0.093218 1.300581 -34.212048 -0.287555 0.967169 -20.033211 0.964542 1.212841 -0.0 -2e-06 -2e-06 -3.440388 0.788236 0.501656 -15.928185 -3.167305 2.999709 -6.338825 1e-06 1e-06 -18.123444 3.648185 -4.905669 -4e-06 -0.0 -2e-06 -42.124249 17.325584 -4.310146 11.047186 20.188269 -99.228432 -0.096972 40.532681 -1.045987 -59.534286 -39.406837 -3.754558 2.243543 -5.255037 -3.18016 14.282889 -0.826594 6.952506 -2e-06 -12.690603 -1e-06 14.545228 -17.62973 3.402521 1.665666 -1.955923 -2.8783 4.7278 -4.170587 4.993923 11.020528 2e-06 -1e-06 12.109057 -3.735717 -2.866787 1e-06 -0.0 0.0 1.291986 -1.92855 -1.49809 14.800129 0.567466 3.865607 14.242577 -1.341738 -6.660661 19.631969 0.143925 -0.648247 52.616486 -1.25345 -5.237172 0.353029 -1.51115 -0.03194 20.222794 3.684308 2.31663 18.78727 4e-06 -2e-06 10.751627 -0.479868 1.397905 -2e-06 1e-06 -0.0 3.273807 0.305947 -0.580112 21.486816 11.830373 2.266135 8.16293 0.0 -2e-06 18.399084 -3.798985 -4.940577 3e-06 -1e-06 -1e-06 -0.173421 14.745873 -42.710983 -0.100075 -0.954812 28.659361 -11.798356 0.092727 -35.103321 1.747707 -2.017482 2.553035 -0.0 0.0 2e-06 16.196487 2.161216 -91.818497 -0.423152 -0.47555 54.576492 -11.010914 9.505303 -17.664988 -1.429859 0.8677 5.877742 0.0 0.0 -1e-06 
0.0 0.0 0.0 0.0 -0.0 0.0 -2.938025 86.666664 54.617546 -2.736448 6.4146 54.056076 2.108724 0.777812 8.686383 -0.037576 -1.247355 3.468717 -0.050415 -2.024492 30.676279 -2.203794 3.569623 -23.609573 -2.119027 -1.718773 -3.523957 -1.748244 -2.305874 9.848433 7.7e-05 -2.3e-05 6e-06 -0.021546 0.006489 -0.196449 1.012396 -3.804042 -11.063749 -1.060766 3.832782 -11.059907 49.790085 -5.298735 -2.668753 -15.953649 -12.080038 -88.677628 -0.716246 -22.816504 2.51244 40.763924 -2.832297 -42.162655 -5.882109 9.86129 0.702589 -10.936878 -0.360576 7.156213 2e-06 8.77483 -1e-06 -13.333814 18.511269 7.746503 -1.844035 2.498504 -2.507279 -10.163606 4.678946 4.62111 -20.976038 -5e-06 3e-06 -21.226299 2.451698 -3.594002 1e-06 -6e-06 -1e-06 -1.362682 2.240801 -0.746324 -21.334929 0.584908 3.008326 -13.821223 -5e-06 1e-06 -23.887186 -0.249082 -0.839483 -59.259247 2.301591 -1.648829 -0.294024 1.679687 0.833256 -14.21822 0.093213 1.300581 -34.21207 -0.287566 0.967172 -20.033226 0.964535 1.212847 1e-06 -1e-06 -2e-06 -3.440391 0.788231 0.501656 -15.9282 -3.167313 2.99971 -6.338831 -1e-06 1e-06 -18.123459 3.648183 -4.905674 -4e-06 -0.0 -2e-06 -41.733791 17.282511 -3.963745 10.780854 19.849283 -99.802498 0.034491 40.781158 -1.049898 -59.741138 -38.594921 -3.72908 2.243542 -5.255038 -3.180159 14.282892 -0.826593 6.952504 -3e-06 -12.690607 -2e-06 14.509972 -17.601282 3.363308 1.665666 -1.955923 -2.878301 4.727798 -4.170588 4.993925 11.020528 4e-06 -3e-06 12.109056 -3.735715 -2.866785 1e-06 1e-06 0.0 1.291986 -1.92855 -1.498091 14.800132 0.56747 3.865608 14.242572 -1.341736 -6.660659 19.631971 0.143927 -0.648245 52.557468 -1.228479 -5.287756 0.353029 -1.511151 -0.03194 20.222797 3.684313 2.316631 18.787279 7e-06 -1e-06 10.751629 -0.479869 1.397907 -1e-06 1e-06 -0.0 3.273807 0.305947 -0.580111 21.48682 11.830379 2.266136 8.16293 4e-06 -2e-06 18.399084 -3.798985 -4.940576 2e-06 -1e-06 -1e-06 -0.359278 14.590416 -43.357094 -0.106536 -0.90648 30.162676 -11.709731 -0.263 -35.884846 1.742617 -2.011095 2.554874 0.0 0.0 2e-06 15.971849 1.715604 -92.390587 -0.442957 -0.486547 55.536823 -10.928233 9.320989 -17.915945 -1.427848 0.893219 5.87222 0.0 0.0 -1e-06 
0.0 0.0 0.0 0.0 -0.0 0.0 -2.833942 86.343887 54.302452 -2.359521 6.701167 53.75721 2.205923 0.76667 8.747732 0.069014 -1.254741 3.489352 0.192366 -2.075968 30.828421 -2.776293 3.4134 -23.346003 -2.114384 -1.838944 -3.515034 -1.847899 -2.48551 9.944103 7.7e-05 -2.3e-05 6e-06 -0.004754 0.006753 -0.194147 1.02409 -3.792735 -11.028784 -1.038654 3.821335 -11.02667 49.489689 -5.404008 -2.778218 -15.713976 -12.823313 -88.190758 -0.641097 -23.154547 2.624205 40.980026 -2.522184 -41.772274 -5.882108 9.861295 0.702592 -10.936881 -0.360577 7.156213 1e-06 8.774833 -1e-06 -13.390729 18.60924 7.729277 -1.844033 2.498507 -2.507279 -10.163607 4.678948 4.621114 -20.976038 -6e-06 5e-06 -21.226301 2.451698 -3.594002 0.0 -6e-06 -0.0 -1.362684 2.240799 -0.746323 -21.33493 0.58491 3.00833 -13.821225 -4e-06 2e-06 -23.887192 -0.249078 -0.839478 -59.397854 2.261231 -1.666591 -0.294027 1.679687 0.833257 -14.21822 0.093213 1.300584 -34.212074 -0.287564 0.967176 -20.03323 0.964538 1.212846 1e-06 -1e-06 -3e-06 -3.440392 0.788233 0.501656 -15.928196 -3.167314 2.999714 -6.338831 -1e-06 1e-06 -18.123459 3.648185 -4.905672 -4e-06 0.0 -2e-06 -41.389511 17.358267 -3.639909 10.381703 19.508551 -100.312202 0.039047 40.860226 -1.110239 -60.059235 -37.853725 -3.774287 2.243541 -5.255039 -3.180159 14.282896 -0.826595 6.952507 -3e-06 -12.690612 1e-06 14.466491 -17.571238 3.36311 1.665667 -1.955922 -2.878299 4.727799 -4.170591 4.993927 11.020529 4e-06 -1e-06 12.109055 -3.735716 -2.866784 1e-06 1e-06 0.0 1.291986 -1.92855 -1.498089 14.800132 0.567468 3.86561 14.242575 -1.341735 -6.660658 19.631973 0.143927 -0.648241 52.537838 -1.214044 -5.326051 0.353029 -1.511152 -0.031939 20.222797 3.684314 2.316633 18.787277 5e-06 3e-06 10.751633 -0.479869 1.397907 -0.0 -0.0 -0.0 3.273807 0.305947 -0.580112 21.48682 11.830384 2.266135 8.16293 2e-06 -1e-06 18.399088 -3.79899 -4.940576 2e-06 -1e-06 -0.0 -0.566357 14.4935 -43.967548 -0.118094 -0.853986 31.783424 -11.588013 -0.63677 -36.781757 1.737452 -2.003274 2.542097 0.0 0.0 2e-06 15.720778 1.253231 -92.946747 -0.465572 -0.510164 56.602398 -10.869864 9.146721 -18.198057 -1.425194 0.913412 5.86201 0.0 0.0 -1e-06 
0.0 0.0 0.0 0.0 -0.0 0.0 -2.723652 86.00708 53.938885 -1.995805 6.952418 53.333271 2.335118 0.765994 8.764853 0.211563 -1.267146 3.47812 0.426557 -2.083734 31.036783 -3.398253 3.252843 -23.12373 -2.032395 -1.888605 -3.490846 -1.992603 -2.594227 10.104877 7.8e-05 -2.2e-05 6e-06 0.019159 0.004139 -0.193481 1.041929 -3.779647 -10.97925 -1.00904 3.802268 -10.978358 49.065567 -5.655555 -2.948022 -15.580278 -13.725733 -87.378716 -0.563929 -23.647839 2.698723 41.060143 -2.282402 -41.006657 -5.88211 9.861292 0.70259 -10.93688 -0.360576 7.156212 1e-06 8.774831 -0.0 -13.447508 18.727688 7.723649 -1.84403 2.498506 -2.507279 -10.163605 4.678947 4.621112 -20.976034 -5e-06 8e-06 -21.226295 2.451699 -3.594 0.0 -6e-06 -1e-06 -1.36268 2.2408 -0.746325 -21.33493 0.584908 3.00833 -13.821222 -4e-06 7e-06 -23.887184 -0.249078 -0.839478 -59.536854 2.222639 -1.669506 -0.294024 1.679688 0.833256 -14.218218 0.093213 1.300585 -34.212074 -0.287564 0.967178 -20.033228 0.964538 1.212847 1e-06 -1e-06 -2e-06 -3.440389 0.788234 0.501656 -15.9282 -3.167312 2.999713 -6.338832 -2e-06 1e-06 -18.123459 3.648184 -4.90567 -4e-06 0.0 -1e-06 -40.996655 17.609783 -3.275781 9.722356 19.126341 -100.690224 -0.067867 40.561413 -1.182241 -60.301331 -37.326027 -4.23801 2.243539 -5.255036 -3.18016 14.282891 -0.826593 6.952507 -5e-06 -12.690603 1e-06 14.400117 -17.520287 3.376169 1.665665 -1.955921 -2.878298 4.727798 -4.170586 4.993925 11.020524 5e-06 -0.0 12.109048 -3.735714 -2.866781 1e-06 1e-06 -1e-06 1.291985 -1.92855 -1.498088 14.800131 0.567471 3.865613 14.242568 -1.341733 -6.660655 19.631964 0.143928 -0.64824 52.52449 -1.227598 -5.364287 0.353028 -1.511151 -0.031939 20.22279 3.684313 2.316634 18.78727 6e-06 4e-06 10.751625 -0.479869 1.397909 -1e-06 -0.0 0.0 3.273807 0.305948 -0.58011 21.486818 11.830378 2.266139 8.16293 3e-06 1e-06 18.39908 -3.798985 -4.94057 2e-06 -0.0 -0.0 -0.791389 14.47578 -44.483627 -0.136654 -0.796597 33.448151 -11.39957 -0.983068 -37.736084 1.731045 -1.997544 2.507125 -0.0 0.0 2e-06 15.478218 0.764671 -93.416992 -0.482508 -0.534175 57.693775 -10.837537 9.026505 -18.466522 -1.420854 0.92742 5.869701 0.0 0.0 -1e-06 
0.0 0.0 0.0 0.0 -0.0 0.0 -2.626339 85.67878 53.525223 -1.633472 7.147862 52.752239 2.487162 0.787062 8.742697 0.384668 -1.282315 3.440299 0.649658 -2.055127 31.271759 -4.062465 3.09207 -22.933773 -1.885347 -1.8708 -3.449528 -2.118947 -2.612329 10.301711 7.7e-05 -2.3e-05 6e-06 0.044502 -0.001554 -0.193727 1.057643 -3.767028 -10.909089 -0.974802 3.777734 -10.905355 48.4543 -6.107346 -3.222363 -15.490211 -14.83994 -85.986404 -0.447149 -24.317432 2.724948 40.942684 -2.015906 -39.872692 -5.882109 9.861286 0.70259 -10.936874 -0.360574 7.156209 -0.0 8.774824 -2e-06 -13.569607 18.857086 7.729375 -1.844033 2.498504 -2.507278 -10.163602 4.678945 4.621109 -20.976025 -1e-06 5e-06 -21.226288 2.451698 -3.594 -0.0 -6e-06 -2e-06 -1.362682 2.240798 -0.746322 -21.334921 0.584912 3.008325 -13.821218 -2e-06 3e-06 -23.887175 -0.249076 -0.839482 -59.709568 2.189162 -1.647412 -0.294026 1.679686 0.833256 -14.218213 0.093216 1.30058 -34.212059 -0.287559 0.967172 -20.033218 0.96454 1.212844 1e-06 -1e-06 -1e-06 -3.440389 0.788233 0.501656 -15.928189 -3.167307 2.99971 -6.338828 -0.0 -0.0 -18.123449 3.648185 -4.905671 -4e-06 1e-06 -1e-06 -40.496098 18.060596 -2.81982 8.849692 18.76269 -100.906181 -0.223973 39.874168 -1.171773 -60.492561 -37.061932 -5.262293 2.243542 -5.255036 -3.180157 14.282888 -0.826596 6.952503 -2e-06 -12.690601 1e-06 14.312757 -17.427153 3.395688 1.665666 -1.955921 -2.878299 4.7278 -4.170587 4.993923 11.020526 2e-06 -0.0 12.109052 -3.735715 -2.866783 1e-06 1e-06 -0.0 1.291986 -1.92855 -1.49809 14.800127 0.567467 3.865608 14.242574 -1.341737 -6.660655 19.631968 0.143925 -0.648244 52.451698 -1.26843 -5.383196 0.353029 -1.51115 -0.031942 20.222788 3.684309 2.316631 18.78727 4e-06 0.0 10.75163 -0.479869 1.397907 -0.0 -0.0 -0.0 3.273808 0.305948 -0.580109 21.486813 11.830373 2.266133 8.162927 0.0 -2e-06 18.39908 -3.798985 -4.940573 3e-06 -0.0 -1e-06 -1.042733 14.549008 -44.839649 -0.160946 -0.739505 35.086151 -11.166409 -1.330961 -38.677593 1.723114 -1.996231 2.467818 -0.0 0.0 2e-06 15.271272 0.233824 -93.740623 -0.496532 -0.552739 58.757278 -10.796966 8.985722 -18.694324 -1.413899 0.937998 5.880295 -0.0 -0.0 -1e-06 
0.0 0.0 0.0 0.0 -0.0 0.0 -2.554713 85.395782 53.065502 -1.240238 7.295218 51.976345 2.661176 0.815101 8.661649 0.57248 -1.297569 3.378949 0.85781 -2.017551 31.523127 -4.770148 2.912273 -22.763634 -1.679965 -1.721559 -3.40737 -2.191946 -2.493848 10.535119 7.7e-05 -2.3e-05 6e-06 0.064289 -0.009265 -0.197208 1.064925 -3.759717 -10.834079 -0.943104 3.754336 -10.825513 47.58979 -6.861378 -3.616308 -15.372512 -16.196398 -83.894852 -0.306309 -25.16563 2.699123 40.620125 -1.847946 -38.249168 -5.882108 9.861291 0.702589 -10.936873 -0.360576 7.15621 1e-06 8.774831 -1e-06 -13.763179 19.012838 7.730038 -1.844032 2.498507 -2.507279 -10.163602 4.678945 4.621111 -20.976027 -5e-06 6e-06 -21.226292 2.451697 -3.594 0.0 -7e-06 -2e-06 -1.362681 2.2408 -0.746324 -21.334921 0.584909 3.008326 -13.821218 -3e-06 4e-06 -23.887178 -0.249077 -0.83948 -59.850174 2.152188 -1.625376 -0.294026 1.679688 0.833256 -14.218212 0.093214 1.300583 -34.212059 -0.287563 0.967178 -20.033218 0.964539 1.212849 1e-06 -1e-06 -2e-06 -3.44039 0.788233 0.501656 -15.928192 -3.167313 2.99971 -6.338828 -1e-06 2e-06 -18.123447 3.648184 -4.90567 -4e-06 0.0 -1e-06 -39.808346 18.753502 -2.252556 7.760674 18.467646 -100.919022 -0.381906 38.737785 -1.081106 -60.54221 -37.053555 -6.995414 2.243541 -5.255039 -3.18016 14.282894 -0.826591 6.952508 -3e-06 -12.690609 -2e-06 14.241776 -17.310776 3.421793 1.665666 -1.955923 -2.8783 4.7278 -4.170588 4.993927 11.020529 4e-06 0.0 12.109053 -3.735716 -2.866786 -1e-06 -0.0 -0.0 1.291986 -1.92855 -1.49809 14.800134 0.56747 3.865613 14.242571 -1.341736 -6.66066 19.631968 0.143925 -0.648242 52.342854 -1.345539 -5.38423 0.353029 -1.511151 -0.031941 20.222797 3.684315 2.316635 18.787273 5e-06 4e-06 10.75163 -0.479868 1.39791 -0.0 -0.0 0.0 3.273808 0.305947 -0.58011 21.486822 11.830382 2.266141 8.162931 2e-06 1e-06 18.399084 -3.798988 -4.940573 1e-06 -0.0 -0.0 -1.352376 14.739413 -44.941383 -0.185816 -0.70797 36.558868 -10.921495 -1.735039 -39.510639 1.71266 -1.989661 2.423054 -0.0 0.0 2e-06 15.101323 -0.379685 -93.841606 -0.501323 -0.556992 59.723919 -10.706776 9.021878 -18.850534 -1.406353 0.948748 5.907977 -0.0 -0.0 -1e-06 
0.0 0.0 0.0 0.0 -0.0 0.0 -2.489627 85.202835 52.568401 -0.785055 7.401818 51.002934 2.853082 0.830254 8.503029 0.775768 -1.313046 3.280416 1.032276 -1.991777 31.767084 -5.590337 2.732243 -22.623671 -1.379478 -1.412424 -3.364269 -2.184798 -2.21379 10.792515 7.7e-05 -2.3e-05 6e-06 0.063 -0.014549 -0.20102 1.051681 -3.7531 -10.765003 -0.932301 3.736244 -10.750113 46.354004 -8.041531 -4.090077 -15.151856 -17.792006 -80.953087 -0.108083 -26.167421 2.585151 40.082993 -1.991495 -36.045391 -5.882106 9.861286 0.702591 -10.936873 -0.360576 7.156206 0.0 8.774823 -1e-06 -14.002962 19.194416 7.691109 -1.844032 2.498504 -2.507277 -10.163603 4.678945 4.621109 -20.976027 -2e-06 4e-06 -21.226292 2.451699 -3.594001 -0.0 -7e-06 -2e-06 -1.362682 2.240799 -0.746324 -21.334917 0.584909 3.008324 -13.821216 -1e-06 1e-06 -23.887175 -0.249078 -0.839482 -59.882824 2.171052 -1.632529 -0.294025 1.679689 0.833255 -14.218212 0.093215 1.300582 -34.212055 -0.287562 0.96717 -20.033215 0.964538 1.212843 -0.0 -1e-06 -1e-06 -3.44039 0.788233 0.501656 -15.928189 -3.16731 2.999709 -6.338827 -1e-06 1e-06 -18.123449 3.648184 -4.905669 -5e-06 -0.0 -2e-06 -38.870213 19.724993 -1.563991 6.520432 18.24864 -100.905281 -0.335744 37.240608 -0.83315 -60.406769 -37.044868 -9.359147 2.24354 -5.255037 -3.180158 14.282889 -0.826593 6.952507 -3e-06 -12.690605 -0.0 14.247611 -17.197445 3.423228 1.665665 -1.955922 -2.8783 4.727799 -4.170586 4.993924 11.020526 3e-06 -0.0 12.109052 -3.735715 -2.866782 1e-06 1e-06 0.0 1.291985 -1.928549 -1.498088 14.800129 0.567469 3.865611 14.242568 -1.341737 -6.660658 19.631962 0.143924 -0.648242 52.242512 -1.422361 -5.386069 0.353028 -1.511151 -0.031941 20.22279 3.684311 2.316636 18.787271 3e-06 3e-06 10.751627 -0.479869 1.397908 -0.0 -0.0 1e-06 3.273806 0.305947 -0.580109 21.486814 11.830376 2.266139 8.162929 2e-06 2e-06 18.39908 -3.798987 -4.940573 2e-06 -1e-06 -1e-06 -1.77166 15.028037 -44.728794 -0.199103 -0.745745 37.733639 -10.733675 -2.161824 -40.121635 1.705399 -1.988639 2.331345 -0.0 -0.0 2e-06 14.900345 -1.094289 -93.669075 -0.486244 -0.53017 60.509548 -10.521215 9.101984 -18.894096 -1.401654 0.956539 5.896519 -0.0 -0.0 -1e-06 
0.0 0.0 0.0 0.0 -0.0 0.0 -2.401897 85.101089 52.05183 -0.293438 7.438315 49.840324 3.041518 0.807861 8.284796 0.95174 -1.317645 3.159386 1.128836 -2.011094 31.941034 -6.54686 2.615776 -22.503391 -0.959362 -0.978807 -3.337462 -2.068923 -1.827923 11.035867 7.7e-05 -2.3e-05 6e-06 0.037445 -0.013062 -0.205113 1.022652 -3.746753 -10.727674 -0.953464 3.731991 -10.707891 44.753551 -9.630386 -4.494816 -14.911372 -19.58703 -77.374153 0.186177 -27.185633 2.338256 39.493141 -2.59429 -33.563862 -5.882106 9.861284 0.702588 -10.936872 -0.360577 7.156209 2e-06 8.774825 -2e-06 -14.278745 19.364958 7.560969 -1.844032 2.498505 -2.507279 -10.163599 4.678942 4.621111 -20.976025 -8e-06 3e-06 -21.22629 2.451694 -3.594001 1e-06 -7e-06 -1e-06 -1.362682 2.240799 -0.746324 -21.334917 0.584906 3.008326 -13.821215 -4e-06 4e-06 -23.887173 -0.249081 -0.839481 -59.799877 2.265673 -1.695763 -0.294024 1.679688 0.833256 -14.21821 0.093214 1.300583 -34.212048 -0.287568 0.967174 -20.033218 0.964536 1.212847 -1e-06 1e-06 0.0 -3.440389 0.788232 0.501656 -15.928189 -3.167313 2.99971 -6.338828 -2e-06 0.0 -18.123447 3.648181 -4.905672 -5e-06 0.0 -2e-06 -37.731476 20.943605 -0.837748 5.451483 18.240705 -100.841042 -0.036816 35.719063 -0.443438 -60.056374 -36.930954 -11.828177 2.243542 -5.255039 -3.18016 14.282892 -0.826592 6.952503 -2e-06 -12.690608 -2e-06 14.411216 -17.175064 3.408361 1.665667 -1.955922 -2.878298 4.727799 -4.170588 4.993925 11.020528 2e-06 -2e-06 12.109056 -3.735717 -2.866785 -1e-06 1e-06 0.0 1.291985 -1.92855 -1.498089 14.800129 0.56747 3.865606 14.242576 -1.341738 -6.66066 19.631969 0.143927 -0.648244 52.271214 -1.479849 -5.406294 0.353029 -1.511151 -0.031938 20.222794 3.684311 2.316633 18.787273 4e-06 0.0 10.751629 -0.479867 1.397908 -1e-06 -0.0 0.0 3.273807 0.305947 -0.580111 21.486818 11.83038 2.266138 8.162928 2e-06 1e-06 18.399084 -3.798984 -4.940575 3e-06 1e-06 -1e-06 -2.240587 15.269988 -44.157452 -0.197841 -0.850707 38.569561 -10.64134 -2.506807 -40.578484 1.706631 -1.98371 2.20042 -0.0 -1e-06 2e-06 14.588819 -1.864209 -93.213058 -0.456671 -0.488481 61.113453 -10.246265 9.201453 -18.835548 -1.400466 0.950715 5.856274 0.0 -0.0 -1e-06 
0.0 0.0 0.0 0.0 -0.0 0.0 -2.265055 85.100052 51.623684 0.168615 7.404709 48.391029 3.210566 0.736981 8.128272 1.041438 -1.304247 3.043747 1.121867 -2.099113 32.040905 -7.481809 2.621616 -22.283545 -0.530143 -0.551223 -3.367347 -1.836843 -1.449646 11.2118 7.7e-05 -2.2e-05 6e-06 0.022499 -0.007981 -0.211637 1.01035 -3.742253 -10.743033 -0.969477 3.736951 -10.725646 42.925602 -11.493115 -4.658139 -14.861143 -21.489084 -73.715218 0.509216 -28.08634 1.977573 38.812775 -3.56151 -31.127638 -5.882113 9.861298 0.702591 -10.936885 -0.360575 7.156217 -1e-06 8.774833 -3e-06 -14.561615 19.44676 7.26523 -1.844035 2.498507 -2.507282 -10.163613 4.678951 4.621115 -20.976048 1e-06 5e-06 -21.226309 2.451702 -3.594001 2e-06 -8e-06 1e-06 -1.362682 2.240801 -0.746324 -21.334942 0.584912 3.008332 -13.82123 0.0 4e-06 -23.887201 -0.249073 -0.83948 -59.541599 2.372274 -1.787757 -0.294026 1.679687 0.833258 -14.218225 0.093216 1.300586 -34.212093 -0.287558 0.967179 -20.033237 0.964543 1.212847 -1e-06 0.0 -0.0 -3.440392 0.788235 0.501657 -15.928205 -3.167312 2.999714 -6.338833 -1e-06 3e-06 -18.12347 3.64819 -4.905672 -5e-06 1e-06 -1e-06 -36.397312 22.336485 -0.204004 4.838615 18.474154 -100.317009 0.449223 34.441998 -0.016421 -59.461369 -36.976166 -13.936539 2.243542 -5.255041 -3.180159 14.282898 -0.826593 6.952508 -3e-06 -12.690615 -1e-06 14.733937 -17.201406 3.391441 1.665667 -1.955923 -2.878299 4.7278 -4.170589 4.993925 11.02053 4e-06 -1e-06 12.109056 -3.735718 -2.866784 0.0 -0.0 0.0 1.291986 -1.928551 -1.498089 14.800138 0.56747 3.865613 14.24258 -1.341739 -6.660659 19.631975 0.143923 -0.648242 52.433872 -1.495868 -5.404016 0.353029 -1.511152 -0.03194 20.222801 3.684313 2.316634 18.787283 5e-06 3e-06 10.751633 -0.479869 1.397908 -0.0 1e-06 0.0 3.273808 0.305947 -0.580111 21.486824 11.830385 2.266139 8.16293 2e-06 1e-06 18.399088 -3.798989 -4.940577 3e-06 1e-06 -1e-06 -2.577418 15.29054 -42.951515 -0.19156 -1.034456 38.919979 -10.642344 -2.682553 -40.904175 1.719331 -1.966273 2.083961 -0.0 1e-06 2e-06 14.050303 -2.615821 -92.28199 -0.423152 -0.466821 61.560593 -9.906346 9.062366 -18.785223 -1.39946 0.937793 5.798107 0.0 0.0 -1e-06 
0.0 0.0 0.0 0.0 -0.0 0.0 -2.107096 85.253952 51.306065 0.525739 7.357374 46.558167 3.309469 0.627314 8.059461 1.041023 -1.285635 2.965862 1.049213 -2.221751 32.082188 -8.058053 2.706728 -21.778751 -0.334556 -0.106962 -3.484459 -1.471192 -1.191532 11.231093 7.7e-05 -2.3e-05 6e-06 0.064786 -0.010516 -0.22889 1.052369 -3.755627 -10.868019 -0.926089 3.745964 -10.852964 40.987656 -13.549767 -4.67397 -15.180589 -23.39216 -70.509415 0.596805 -28.7817 1.598538 37.445683 -4.930534 -28.171097 -5.88211 9.86129 0.702591 -10.936878 -0.360572 7.15621 -1e-06 8.774828 -3e-06 -14.709396 19.342081 6.779389 -1.844034 2.498507 -2.507278 -10.163605 4.678948 4.621111 -20.976034 0.0 2e-06 -21.226301 2.4517 -3.594004 1e-06 -6e-06 -1e-06 -1.362682 2.2408 -0.746323 -21.334929 0.584913 3.008325 -13.821221 1e-06 2e-06 -23.887184 -0.249075 -0.839485 -58.819103 2.31432 -1.809064 -0.294026 1.679688 0.833256 -14.218217 0.093218 1.300583 -34.212067 -0.287556 0.967169 -20.033226 0.96454 1.212843 -1e-06 0.0 0.0 -3.44039 0.788234 0.501658 -15.928194 -3.167308 2.999712 -6.338829 1e-06 1e-06 -18.123459 3.648187 -4.905674 -4e-06 -0.0 -2e-06 -34.790283 23.79933 0.140875 4.861688 18.978851 -98.554955 0.779662 33.19836 0.19192 -58.316914 -37.514885 -15.997683 2.243543 -5.255041 -3.180161 14.282896 -0.826596 6.952507 -1e-06 -12.690614 -1e-06 14.998952 -17.049999 3.396202 1.665666 -1.955924 -2.878301 4.727801 -4.170591 4.993927 11.02053 2e-06 -2e-06 12.109056 -3.735719 -2.866786 0.0 1e-06 1e-06 1.291986 -1.928551 -1.498091 14.800132 0.567468 3.86561 14.242579 -1.341738 -6.660661 19.631973 0.143924 -0.648245 52.453373 -1.455676 -5.227802 0.353029 -1.511152 -0.03194 20.222801 3.68431 2.316633 18.787283 3e-06 -0.0 10.751634 -0.47987 1.397906 1e-06 1e-06 -0.0 3.273808 0.305947 -0.58011 21.48682 11.83038 2.266136 8.16293 1e-06 0.0 18.399092 -3.79899 -4.940578 2e-06 -0.0 -0.0 -2.567089 14.945288 -40.945782 -0.218662 -1.292757 38.681473 -10.63136 -2.733692 -41.015316 1.736236 -1.930838 2.00065 -0.0 1e-06 2e-06 13.209164 -3.229477 -90.652863 -0.376339 -0.498674 61.711578 -9.510788 8.285675 -18.71299 -1.389434 0.902856 5.652552 0.0 0.0 -1e-06 
0.0 0.0 0.0 0.0 -0.0 0.0 -2.056941 85.566757 51.029705 1.093822 7.238927 45.033901 3.434633 0.567578 8.3495 1.103732 -1.335658 3.019942 0.651193 -2.382967 31.847271 -8.590838 2.505917 -21.879871 -0.236107 -0.032042 -3.518705 -0.872189 -1.206111 11.597187 7.7e-05 -2.3e-05 6e-06 0.135378 -0.035585 -0.228436 1.122111 -3.784331 -10.948442 -0.854501 3.724213 -10.927525 39.188099 -15.171411 -4.906631 -15.277422 -25.437654 -69.255035 0.32722 -29.194492 1.302181 35.772324 -5.101554 -25.801935 -5.882111 9.861291 0.702589 -10.936877 -0.360574 7.15621 -1e-06 8.774829 -3e-06 -14.759243 19.258413 6.475136 -1.844033 2.498507 -2.507278 -10.163608 4.678947 4.621112 -20.976034 -1e-06 5e-06 -21.226297 2.451702 -3.593999 2e-06 -7e-06 -1e-06 -1.362683 2.240799 -0.746325 -21.334929 0.584911 3.008326 -13.821221 -1e-06 2e-06 -23.887184 -0.249077 -0.839482 -58.196846 2.242103 -1.765598 -0.294026 1.679689 0.833255 -14.218217 0.093215 1.300583 -34.212067 -0.287562 0.967171 -20.033226 0.964539 1.212845 -0.0 1e-06 -0.0 -3.44039 0.788235 0.501657 -15.9282 -3.167311 2.999711 -6.338829 1e-06 1e-06 -18.123459 3.648187 -4.905673 -5e-06 1e-06 -2e-06 -34.445992 24.589594 0.248528 5.717794 19.340923 -96.425407 0.856102 31.362181 0.057189 -55.344227 -39.372543 -20.080856 2.243541 -5.255036 -3.180156 14.282887 -0.826595 6.952505 -1e-06 -12.690605 -0.0 15.191579 -16.821466 3.387699 1.665665 -1.955921 -2.878299 4.727798 -4.170588 4.993925 11.020525 4e-06 -1e-06 12.109052 -3.735715 -2.866784 2e-06 -1e-06 0.0 1.291986 -1.928549 -1.49809 14.800129 0.567469 3.865608 14.24257 -1.341735 -6.660657 19.631971 0.143926 -0.648242 52.28886 -1.443063 -5.088751 0.353029 -1.51115 -0.03194 20.22279 3.684311 2.316631 18.787273 5e-06 0.0 10.751625 -0.47987 1.397907 1e-06 -0.0 -1e-06 3.273807 0.305947 -0.580112 21.486813 11.830376 2.266136 8.162926 1e-06 -0.0 18.39908 -3.798987 -4.940573 1e-06 -1e-06 -1e-06 -2.698203 14.535478 -38.926704 -0.222604 -1.408027 37.798645 -10.701087 -2.917685 -40.801121 1.755763 -1.937533 1.908584 -0.0 1e-06 2e-06 12.466044 -3.969526 -89.10891 -0.349057 -0.533912 61.469025 -9.228746 7.919768 -18.422171 -1.388219 0.900589 5.348241 0.0 0.0 -1e-06 
0.0 0.0 0.0 0.0 -0.0 0.0 -1.887117 86.050728 50.640488 1.817792 6.785238 43.539524 3.591527 0.437977 8.878963 1.210211 -1.392606 2.928648 -0.180692 -2.574856 30.791349 -8.679728 2.67421 -21.75268 -0.426896 0.018019 -3.417069 -0.646417 -1.374871 11.013216 7.7e-05 -2.3e-05 5e-06 0.11298 -0.03737 -0.239098 1.11138 -3.819943 -10.928707 -0.892174 3.763601 -10.926775 37.048908 -16.711252 -5.014547 -15.401199 -28.494204 -68.491127 0.726828 -27.543022 1.036994 36.746002 -4.038207 -29.77416 -5.882098 9.861279 0.70259 -10.936861 -0.360577 7.156199 1e-06 8.774821 -1e-06 -14.439817 19.224209 6.328259 -1.844032 2.498501 -2.507278 -10.16359 4.678939 4.621104 -20.976009 -8e-06 1e-06 -21.226269 2.451689 -3.593997 0.0 -5e-06 -0.0 -1.362681 2.240796 -0.746324 -21.334898 0.584903 3.008318 -13.821205 -6e-06 1e-06 -23.887154 -0.249086 -0.839479 -57.260765 2.5821 -1.823035 -0.294025 1.679686 0.833255 -14.218197 0.093211 1.300577 -34.212021 -0.287571 0.96717 -20.033197 0.964533 1.212844 0.0 0.0 -1e-06 -3.440386 0.788233 0.501654 -15.928176 -3.167311 2.999703 -6.338821 -2e-06 0.0 -18.12343 3.648176 -4.905666 -5e-06 0.0 -3e-06 -35.741047 25.190256 -0.35219 8.106854 20.157196 -93.594681 1.356552 27.784737 0.391513 -49.193909 -42.55698 -29.14814 2.243541 -5.255033 -3.180154 14.282881 -0.826595 6.952495 -1e-06 -12.690593 -3e-06 15.585901 -17.004957 3.351674 1.665665 -1.95592 -2.878294 4.727797 -4.170584 4.993917 11.020519 1e-06 0.0 12.109045 -3.735714 -2.866781 1e-06 -1e-06 1e-06 1.291985 -1.928548 -1.498086 14.800115 0.567467 3.865602 14.242563 -1.341737 -6.660651 19.631952 0.143921 -0.648244 52.332321 -1.131704 -5.3716 0.353029 -1.51115 -0.03194 20.222775 3.684305 2.316627 18.787256 3e-06 -2e-06 10.751618 -0.47987 1.397904 0.0 0.0 0.0 3.273804 0.305947 -0.580109 21.486797 11.830362 2.266132 8.162921 3e-06 -3e-06 18.399071 -3.798981 -4.940573 3e-06 -1e-06 -1e-06 -3.422722 14.175951 -36.761181 -0.247735 -1.588191 36.28233 -10.303877 -2.591557 -39.99181 1.725149 -1.857301 1.574559 -0.0 1e-06 2e-06 11.399912 -4.698769 -87.462646 -0.297251 -0.513743 60.813251 -8.86533 8.201478 -17.902496 -1.369399 0.872821 5.194434 0.0 0.0 -1e-06 
0.0 0.0 0.0 0.0 -0.0 0.0 -1.7627 86.517403 50.156666 2.299849 6.003236 42.087322 3.655931 0.309748 9.446564 1.170274 -1.376813 2.907606 -1.018753 -2.606095 29.708662 -8.910151 2.986095 -21.583136 -0.446649 0.272242 -3.398485 -0.847782 -1.38832 9.960229 7.8e-05 -2.3e-05 6e-06 0.073501 -0.02383 -0.237123 1.068408 -3.848858 -10.938166 -0.929497 3.823878 -10.958754 34.977013 -18.026293 -4.821773 -15.630557 -31.377817 -68.220337 1.469545 -25.883062 0.704819 37.448528 -2.803427 -35.65723 -5.882111 9.861288 0.702589 -10.936874 -0.360573 7.15621 -1e-06 8.774828 -0.0 -14.139922 19.016544 6.27935 -1.844034 2.498503 -2.507279 -10.163603 4.678948 4.621113 -20.976032 -1e-06 1e-06 -21.226297 2.4517 -3.594001 0.0 -6e-06 -1e-06 -1.362683 2.240799 -0.746323 -21.334923 0.584912 3.008326 -13.82122 -1e-06 0.0 -23.887178 -0.249077 -0.839485 -56.484554 2.665403 -1.804764 -0.294027 1.679688 0.833256 -14.218214 0.093217 1.300583 -34.212055 -0.287557 0.96717 -20.033218 0.964541 1.212842 0.0 2e-06 -0.0 -3.44039 0.788233 0.501658 -15.928192 -3.167306 2.99971 -6.338829 0.0 -1e-06 -18.123457 3.648188 -4.905673 -4e-06 0.0 -1e-06 -37.148342 25.41926 -1.036107 10.789674 21.059919 -90.511879 1.932309 24.307711 0.685578 -39.350178 -44.469719 -41.422794 2.243541 -5.255036 -3.180158 14.282887 -0.826593 6.952501 -2e-06 -12.690603 -2e-06 16.109921 -17.151085 3.23341 1.665666 -1.955921 -2.878299 4.727797 -4.170586 4.993922 11.020522 3e-06 -2e-06 12.109049 -3.735717 -2.866783 -0.0 -1e-06 -0.0 1.291986 -1.928549 -1.498089 14.800122 0.567469 3.865606 14.242568 -1.341735 -6.660657 19.631958 0.143926 -0.648246 52.373459 -0.962792 -5.53045 0.353029 -1.51115 -0.03194 20.222786 3.684309 2.316629 18.78727 6e-06 0.0 10.751625 -0.479869 1.397906 0.0 1e-06 -0.0 3.273806 0.305946 -0.58011 21.486809 11.830373 2.266135 8.162924 3e-06 -1e-06 18.399076 -3.798984 -4.940575 3e-06 -0.0 -0.0 -4.380366 14.581655 -34.833015 -0.221138 -1.772191 34.949039 -10.195952 -2.350163 -38.925388 1.717258 -1.784788 1.508751 0.0 -0.0 2e-06 10.431701 -5.000972 -85.829399 -0.249584 -0.473981 59.965286 -8.498775 8.871489 -17.074795 -1.363106 0.848928 5.215732 -0.0 0.0 -1e-06 
0.0 0.0 0.0 0.0 -0.0 0.0 -1.690741 86.987946 49.774094 2.657383 5.13008 40.60825 3.645912 0.212937 10.181562 1.05371 -1.295471 2.916908 -1.759956 -2.631983 28.702795 -8.996243 3.428073 -21.096777 -0.533167 0.574147 -3.388801 -1.186982 -1.374457 8.552624 7.7e-05 -2.2e-05 5e-06 0.021411 0.001836 -0.230075 0.996956 -3.850278 -10.931325 -0.962813 3.878159 -10.969687 32.822868 -18.982615 -4.191372 -15.65785 -33.642952 -68.009445 1.830337 -24.51931 0.527654 36.693607 -2.7306 -38.858139 -5.882109 9.861293 0.702591 -10.936879 -0.360576 7.156213 2e-06 8.774831 -1e-06 -14.012954 18.791683 6.253117 -1.844032 2.498506 -2.50728 -10.163608 4.678948 4.621113 -20.976038 -4e-06 5e-06 -21.226299 2.4517 -3.594 0.0 -6e-06 -0.0 -1.362682 2.2408 -0.746323 -21.334929 0.584909 3.008329 -13.821223 -1e-06 4e-06 -23.887188 -0.249076 -0.839481 -56.278084 2.673914 -1.773363 -0.294027 1.679691 0.833257 -14.218217 0.093213 1.300584 -34.212067 -0.287562 0.967175 -20.033222 0.96454 1.212847 -0.0 0.0 1e-06 -3.440391 0.788234 0.501657 -15.928196 -3.167311 2.999711 -6.33883 -1e-06 1e-06 -18.123459 3.648183 -4.905672 -5e-06 1e-06 -3e-06 -38.228195 25.285797 -1.460914 13.386651 21.892376 -87.478096 2.538656 21.41844 0.948981 -27.882061 -44.160927 -55.142948 2.243539 -5.255036 -3.180158 14.282887 -0.826593 6.952503 -5e-06 -12.690603 -1e-06 16.557014 -17.283512 3.084869 1.665665 -1.955921 -2.878298 4.727798 -4.170585 4.993924 11.020522 5e-06 0.0 12.109047 -3.735716 -2.866785 -1e-06 -1e-06 -1e-06 1.291986 -1.928551 -1.498089 14.800127 0.567473 3.865609 14.242568 -1.341735 -6.660657 19.631966 0.143928 -0.64824 52.25901 -0.953531 -5.641815 0.353029 -1.511151 -0.031939 20.222788 3.684313 2.316633 18.78727 5e-06 3e-06 10.751625 -0.479868 1.397907 1e-06 1e-06 1e-06 3.273806 0.305948 -0.58011 21.486814 11.830378 2.266138 8.162927 4e-06 1e-06 18.399078 -3.798983 -4.94057 2e-06 -0.0 -0.0 -5.084746 15.287398 -32.701 -0.18082 -1.893008 33.367355 -10.415856 -2.108139 -37.60556 1.717381 -1.756861 1.49867 -0.0 1e-06 2e-06 9.582769 -5.103253 -84.050072 -0.196428 -0.396937 59.050701 -8.090244 9.613371 -16.282883 -1.366544 0.842116 5.31391 0.0 0.0 -1e-06 
0.0 0.0 0.0 0.0 -0.0 0.0 -1.644261 87.397316 49.539967 2.963556 4.349121 39.193867 3.596705 0.176343 10.948889 0.915178 -1.205922 2.93452 -2.352825 -2.641105 27.777363 -8.84366 3.876802 -20.171349 -0.682552 0.83763 -3.394304 -1.535318 -1.300794 7.167495 7.7e-05 -2.3e-05 5e-06 -0.010246 0.020525 -0.225823 0.94244 -3.838274 -10.914715 -0.971633 3.902805 -10.958225 30.686571 -19.420448 -3.299106 -15.658388 -35.382301 -67.436142 1.727253 -23.255239 0.448409 34.60239 -3.414042 -38.969067 -5.882105 9.861291 0.702591 -10.936873 -0.360577 7.156212 0.0 8.774826 -2e-06 -14.018965 18.663446 6.279587 -1.844033 2.498505 -2.507278 -10.163604 4.678944 4.621112 -20.976027 -2e-06 6e-06 -21.226288 2.4517 -3.594001 0.0 -6e-06 -0.0 -1.362682 2.240799 -0.746325 -21.334917 0.584909 3.008329 -13.821215 -0.0 6e-06 -23.887173 -0.249074 -0.83948 -56.370518 2.696561 -1.72807 -0.294023 1.67969 0.833257 -14.218212 0.093213 1.300584 -34.212055 -0.287558 0.967176 -20.033215 0.96454 1.212845 1e-06 -0.0 -1e-06 -3.440388 0.788235 0.501657 -15.928189 -3.16731 2.999712 -6.338827 -1e-06 4e-06 -18.123447 3.648184 -4.905668 -4e-06 -0.0 -2e-06 -38.752956 24.83287 -1.658099 15.858841 22.822842 -84.064445 2.872108 19.209467 1.092933 -17.131971 -41.970341 -68.232491 2.243543 -5.255041 -3.180161 14.282896 -0.826593 6.952508 -3e-06 -12.690612 -1e-06 16.838297 -17.395313 2.996968 1.665667 -1.955924 -2.878301 4.727799 -4.170591 4.993927 11.020528 6e-06 -4e-06 12.109056 -3.735716 -2.866787 -1e-06 -1e-06 -1e-06 1.291986 -1.92855 -1.498091 14.800132 0.567469 3.865611 14.242575 -1.341736 -6.660664 19.631975 0.143929 -0.648244 52.160149 -0.977174 -5.710978 0.353029 -1.511152 -0.03194 20.222795 3.684314 2.316632 18.787277 6e-06 -1e-06 10.751633 -0.479867 1.397908 -0.0 1e-06 0.0 3.273808 0.305948 -0.58011 21.48682 11.830384 2.266135 8.16293 2e-06 1e-06 18.399086 -3.798986 -4.940576 4e-06 -1e-06 -0.0 -5.604465 15.939886 -30.490179 -0.136153 -1.956497 31.69282 -10.549423 -1.764167 -36.265099 1.721122 -1.77633 1.46349 0.0 -0.0 2e-06 8.828256 -5.156842 -82.307083 -0.15016 -0.333581 58.298836 -7.705421 10.34286 -15.656038 -1.373827 0.840447 5.493031 0.0 -0.0 -1e-06 
0.0 0.0 0.0 0.0 -0.0 0.0 -1.606128 87.702927 49.423504 3.225139 3.724202 37.854404 3.564528 0.17166 11.694554 0.804675 -1.125177 2.945574 -2.824771 -2.62578 26.893641 -8.592975 4.246269 -18.921848 -0.805663 1.019675 -3.422784 -1.894062 -1.171362 5.986555 7.7e-05 -2.3e-05 5e-06 -0.022434 0.029841 -0.224135 0.910379 -3.823895 -10.903753 -0.963349 3.904975 -10.942034 28.614576 -19.384005 -2.294087 -15.766698 -36.74052 -66.549088 1.341527 -21.986435 0.432815 31.959614 -4.078354 -37.665592 -5.88211 9.86129 0.702589 -10.936876 -0.360572 7.156209 -1e-06 8.77483 -2e-06 -14.13454 18.615492 6.310963 -1.844034 2.498507 -2.507279 -10.163604 4.678947 4.621111 -20.976034 -2e-06 2e-06 -21.226295 2.451698 -3.594002 1e-06 -7e-06 1e-06 -1.362681 2.240799 -0.746323 -21.334923 0.584909 3.008324 -13.82122 -1e-06 3e-06 -23.887178 -0.249077 -0.839483 -56.631222 2.719473 -1.647381 -0.294025 1.679689 0.833257 -14.218215 0.093215 1.300581 -34.212067 -0.287564 0.96717 -20.033226 0.964539 1.212844 1e-06 -0.0 -1e-06 -3.44039 0.788234 0.501656 -15.928192 -3.167312 2.999711 -6.338829 1e-06 3e-06 -18.123457 3.648188 -4.905674 -5e-06 0.0 -2e-06 -38.954193 24.232704 -1.780625 18.484219 23.740498 -80.408669 2.930956 17.672625 1.142745 -8.806693 -38.5144 -79.224449 2.243542 -5.255038 -3.180159 14.282894 -0.826594 6.952507 -4e-06 -12.690605 -1e-06 17.060495 -17.497747 2.929521 1.665666 -1.955922 -2.8783 4.7278 -4.170585 4.993925 11.020528 3e-06 -2e-06 12.109054 -3.735714 -2.866788 -0.0 0.0 0.0 1.291985 -1.928548 -1.49809 14.800132 0.567469 3.865611 14.242577 -1.341737 -6.660658 19.631969 0.143927 -0.648243 52.121193 -0.984257 -5.780029 0.353028 -1.51115 -0.031942 20.222792 3.684312 2.316633 18.78727 6e-06 1e-06 10.751628 -0.47987 1.397908 -1e-06 1e-06 -1e-06 3.273806 0.305948 -0.580112 21.486816 11.830377 2.266136 8.162929 3e-06 0.0 18.399088 -3.798984 -4.940574 2e-06 -1e-06 -0.0 -5.904931 16.479654 -28.343279 -0.103539 -1.978853 30.181318 -10.601075 -1.348431 -35.137558 1.724704 -1.816399 1.41672 -0.0 -0.0 2e-06 8.11142 -5.159335 -80.690376 -0.11076 -0.291032 57.824165 -7.431473 10.969915 -15.353485 -1.37967 0.85327 5.735668 0.0 -0.0 -1e-06 
0.0 0.0 0.0 0.0 -0.0 0.0 -1.576999 87.904449 49.391983 3.449384 3.239583 36.61253 3.569115 0.179989 12.40161 0.733528 -1.063586 2.933963 -3.192875 -2.614323 26.032564 -8.363507 4.547112 -17.556202 -0.895266 1.060964 -3.476916 -2.244407 -0.999473 5.022396 7.7e-05 -2.3e-05 5e-06 -0.022093 0.0316 -0.224881 0.898072 -3.812234 -10.903061 -0.949494 3.894349 -10.932328 26.660053 -19.06778 -1.286368 -15.945161 -37.756981 -65.655624 0.882392 -20.714279 0.44356 29.363968 -4.371861 -36.137878 -5.882107 9.861291 0.702589 -10.936877 -0.360577 7.156209 0.0 8.774831 -2e-06 -14.301603 18.592321 6.330046 -1.844033 2.498505 -2.507277 -10.163602 4.678946 4.621112 -20.976034 -5e-06 5e-06 -21.226295 2.451697 -3.593999 0.0 -6e-06 1e-06 -1.362683 2.240799 -0.746325 -21.334923 0.584909 3.008325 -13.821219 -4e-06 4e-06 -23.887177 -0.249081 -0.839482 -56.96265 2.728084 -1.528227 -0.294024 1.679689 0.833256 -14.218215 0.093212 1.300582 -34.212067 -0.287567 0.967175 -20.033222 0.964537 1.212848 -0.0 1e-06 -1e-06 -3.440389 0.788234 0.501656 -15.928192 -3.167314 2.999709 -6.338828 -1e-06 2e-06 -18.123453 3.648185 -4.905673 -4e-06 1e-06 -2e-06 -39.115276 23.621996 -1.928155 21.281513 24.505203 -76.892448 2.783871 16.671032 1.137998 -3.351861 -34.593586 -87.325462 2.243541 -5.255037 -3.180157 14.282889 -0.826594 6.952504 -5e-06 -12.690606 3e-06 17.235363 -17.573387 2.877992 1.665667 -1.955922 -2.878298 4.727798 -4.170588 4.993926 11.020526 5e-06 -1e-06 12.109051 -3.735714 -2.866784 -1e-06 -0.0 1e-06 1.291984 -1.928548 -1.498089 14.800129 0.567469 3.865608 14.242571 -1.341736 -6.660658 19.631968 0.143928 -0.648245 52.066341 -0.980178 -5.842282 0.353028 -1.51115 -0.031939 20.222794 3.684312 2.31663 18.787271 6e-06 -0.0 10.751629 -0.479868 1.397907 0.0 2e-06 -1e-06 3.273807 0.305948 -0.580111 21.486816 11.830379 2.266134 8.162928 1e-06 -1e-06 18.399084 -3.798985 -4.940573 2e-06 -0.0 -1e-06 -6.032953 16.898031 -26.349295 -0.08637 -1.966576 28.925873 -10.611172 -0.922128 -34.380127 1.724599 -1.859086 1.375663 -0.0 1e-06 2e-06 7.402243 -5.084169 -79.243927 -0.072832 -0.26343 57.61692 -7.264606 11.442715 -15.389678 -1.383084 0.880286 5.951371 -0.0 -0.0 -1e-06 
0.0 0.0 0.0 0.0 -0.0 0.0 -1.561445 88.022263 49.408348 3.649028 2.860307 35.504066 3.603411 0.191037 13.053471 0.719273 -1.032257 2.91662 -3.50395 -2.642152 25.223955 -8.194637 4.778758 -16.341919 -0.955551 0.99602 -3.524723 -2.56234 -0.837702 4.188567 7.6e-05 -2.2e-05 6e-06 -0.016116 0.028358 -0.22119 0.894232 -3.804627 -10.901004 -0.932935 3.878502 -10.921118 24.862797 -18.661167 -0.347234 -16.004198 -38.466743 -65.095779 0.52198 -19.557407 0.449961 27.150116 -4.181144 -35.005524 -5.882104 9.861284 0.70259 -10.936871 -0.360578 7.156209 0.0 8.774826 -2e-06 -14.456275 18.582697 6.363527 -1.844031 2.498504 -2.507277 -10.1636 4.678945 4.621109 -20.976021 -6e-06 2e-06 -21.226286 2.451695 -3.593999 1e-06 -7e-06 0.0 -1.362681 2.240798 -0.746324 -21.334913 0.584907 3.008326 -13.821213 -4e-06 4e-06 -23.887169 -0.249081 -0.839478 -57.267895 2.709466 -1.389327 -0.294024 1.679686 0.833255 -14.218207 0.093213 1.300582 -34.212048 -0.287568 0.967176 -20.033213 0.964536 1.212847 -1e-06 1e-06 -1e-06 -3.440389 0.788232 0.501656 -15.928189 -3.16731 2.99971 -6.338828 0.0 1e-06 -18.123446 3.648181 -4.905671 -5e-06 3e-06 -3e-06 -39.399483 23.055197 -2.13869 23.996836 25.071571 -73.774902 2.486487 16.098412 1.101843 -0.114239 -30.779299 -92.533249 2.243541 -5.255036 -3.180158 14.282894 -0.826593 6.952505 -3e-06 -12.690605 -0.0 17.36665 -17.636221 2.818028 1.665666 -1.955922 -2.878298 4.727798 -4.170586 4.993925 11.020528 3e-06 -0.0 12.109055 -3.735716 -2.866784 -1e-06 1e-06 -1e-06 1.291985 -1.928549 -1.498088 14.800129 0.567468 3.865609 14.242572 -1.341737 -6.660659 19.631969 0.143928 -0.648244 51.973446 -0.966137 -5.904128 0.353029 -1.511151 -0.03194 20.222797 3.68431 2.316633 18.787273 6e-06 0.0 10.751628 -0.479869 1.397907 0.0 2e-06 -1e-06 3.273807 0.305947 -0.58011 21.486818 11.830379 2.266137 8.162928 2e-06 1e-06 18.399086 -3.798986 -4.940575 3e-06 -0.0 -1e-06 -6.06195 17.233332 -24.585064 -0.080144 -1.922667 27.93721 -10.624447 -0.532015 -33.964241 1.720368 -1.89319 1.335355 -0.0 -0.0 2e-06 6.687789 -4.907937 -78.00013 -0.031553 -0.235828 57.605972 -7.120944 11.756579 -15.608995 -1.383726 0.921439 6.039753 0.0 -0.0 -1e-06 
0.0 0.0 0.0 0.0 -0.0 0.0 -1.561995 88.102722 49.445267 3.836185 2.560859 34.594036 3.656225 0.207758 13.628474 0.762616 -1.032714 2.913114 -3.800572 -2.725163 24.487843 -8.088225 4.923596 -15.488569 -0.980207 0.882548 -3.539876 -2.804959 -0.709447 3.486709 7.7e-05 -2.3e-05 5e-06 -0.007949 0.021602 -0.21222 0.890942 -3.801378 -10.887873 -0.913185 3.861574 -10.899665 23.282225 -18.300482 0.438982 -15.852644 -38.937141 -65.063049 0.274192 -18.759855 0.446111 25.596256 -3.673617 -34.539764 -5.882102 9.861279 0.702589 -10.936864 -0.360574 7.156203 -0.0 8.774822 -1e-06 -14.561902 18.574474 6.395027 -1.844031 2.498503 -2.507279 -10.163592 4.678942 4.621106 -20.976009 -4e-06 1e-06 -21.226273 2.451694 -3.594 0.0 -7e-06 0.0 -1.36268 2.240796 -0.746324 -21.3349 0.58491 3.008323 -13.821206 -0.0 1e-06 -23.887156 -0.249078 -0.839485 -57.466724 2.645179 -1.29138 -0.294024 1.679688 0.833256 -14.218199 0.093215 1.300579 -34.212021 -0.287564 0.967169 -20.033197 0.964536 1.212842 0.0 1e-06 0.0 -3.440387 0.788234 0.501656 -15.928176 -3.167308 2.999707 -6.338821 -1e-06 2e-06 -18.123434 3.648181 -4.905668 -4e-06 2e-06 -4e-06 -39.873978 22.548283 -2.38714 26.320894 25.442936 -71.305466 2.186052 15.905648 1.046805 1.511769 -27.436172 -95.210114 2.243541 -5.255037 -3.180157 14.282887 -0.826592 6.952502 -3e-06 -12.690601 -1e-06 17.42761 -17.629459 2.725544 1.665667 -1.955922 -2.878299 4.727798 -4.170586 4.993925 11.020524 3e-06 -2e-06 12.109052 -3.735716 -2.866785 -1e-06 1e-06 -1e-06 1.291986 -1.928551 -1.49809 14.800127 0.567471 3.865608 14.242568 -1.341736 -6.660661 19.631968 0.143928 -0.648245 51.828869 -0.946793 -5.949609 0.353028 -1.51115 -0.03194 20.222786 3.684314 2.316631 18.78727 6e-06 0.0 10.751627 -0.47987 1.397907 0.0 2e-06 1e-06 3.273806 0.305947 -0.580111 21.486814 11.830376 2.266135 8.162926 3e-06 1e-06 18.39908 -3.798984 -4.940575 3e-06 -1e-06 -0.0 -6.075709 17.573086 -23.101458 -0.072908 -1.854676 27.092085 -10.658578 -0.287681 -33.695755 1.714 -1.911458 1.282624 0.0 0.0 2e-06 6.017688 -4.671748 -76.984482 0.013773 -0.198783 57.652489 -6.995506 11.943841 -15.828566 -1.383796 0.970001 5.989674 0.0 -0.0 -1e-06 
0.0 0.0 0.0 0.0 -0.0 0.0 -1.57251 88.187141 49.492584 4.021546 2.309192 33.894428 3.718395 0.229476 14.114235 0.839702 -1.053246 2.914124 -4.115192 -2.845887 23.812263 -7.98611 4.955734 -14.990433 -0.985485 0.801504 -3.517915 -2.974477 -0.614362 2.877506 7.7e-05 -2.2e-05 6e-06 -0.004033 0.015874 -0.199896 0.881089 -3.796898 -10.862085 -0.895866 3.846505 -10.868676 21.943262 -17.976919 1.036482 -15.647257 -39.36898 -65.468628 0.066186 -18.440004 0.463317 24.549328 -3.100167 -34.606647 -5.882106 9.861287 0.70259 -10.93687 -0.360575 7.156208 -0.0 8.774828 -1e-06 -14.656847 18.559111 6.356418 -1.844034 2.498506 -2.507279 -10.163599 4.678944 4.62111 -20.976023 -4e-06 3e-06 -21.226286 2.451698 -3.594 0.0 -7e-06 -0.0 -1.362682 2.2408 -0.746323 -21.334913 0.58491 3.008323 -13.821213 -1e-06 2e-06 -23.887167 -0.249077 -0.839484 -57.534634 2.517146 -1.302841 -0.294026 1.679687 0.833257 -14.218207 0.093216 1.300581 -34.212048 -0.287563 0.96717 -20.033211 0.964536 1.212842 -0.0 1e-06 -1e-06 -3.440388 0.788234 0.501657 -15.928185 -3.16731 2.999708 -6.338826 -0.0 1e-06 -18.123444 3.648185 -4.905671 -5e-06 2e-06 -3e-06 -40.458332 22.086863 -2.607462 28.051712 25.726461 -69.573151 1.980992 15.961934 0.989574 2.180828 -24.535227 -95.911217 2.243541 -5.25504 -3.180161 14.2829 -0.826595 6.952509 -4e-06 -12.690616 0.0 17.451836 -17.57896 2.59083 1.665667 -1.955922 -2.878302 4.7278 -4.170591 4.993929 11.020535 4e-06 -1e-06 12.109059 -3.735717 -2.866787 -1e-06 1e-06 0.0 1.291986 -1.92855 -1.498092 14.800138 0.567469 3.86561 14.242579 -1.341736 -6.660664 19.631979 0.14393 -0.648244 51.65794 -0.935699 -5.996316 0.353028 -1.51115 -0.031941 20.222803 3.684314 2.316633 18.787287 6e-06 1e-06 10.751634 -0.479869 1.397907 1e-06 2e-06 0.0 3.273809 0.305947 -0.580111 21.486828 11.830388 2.266135 8.16293 2e-06 -0.0 18.39909 -3.798988 -4.940577 3e-06 -1e-06 -1e-06 -6.121037 17.918167 -21.847841 -0.054694 -1.760781 26.223928 -10.701719 -0.173284 -33.378578 1.709543 -1.912813 1.218707 -0.0 -0.0 2e-06 5.436684 -4.447207 -76.169106 0.054469 -0.157274 57.650566 -6.862209 12.089379 -15.919882 -1.383878 1.025629 5.860271 -0.0 -1e-06 -1e-06 
0.0 0.0 0.0 0.0 -0.0 0.0 -1.583682 88.281105 49.552441 4.215342 2.109686 33.364246 3.786449 0.264806 14.538445 0.905494 -1.074759 2.904987 -4.421642 -2.997056 23.160006 -7.834473 4.908411 -14.690474 -1.002344 0.763356 -3.485128 -3.084619 -0.586056 2.329632 7.7e-05 -2.3e-05 6e-06 0.001503 0.00805 -0.189157 0.871805 -3.79501 -10.831791 -0.875822 3.829557 -10.833627 20.915987 -17.642191 1.425406 -15.57403 -39.926453 -65.92054 -0.088388 -18.322424 0.484584 23.637791 -2.508216 -34.951836 -5.882106 9.861288 0.702591 -10.936872 -0.360576 7.156208 2e-06 8.774826 -0.0 -14.762092 18.516239 6.276082 -1.84403 2.498505 -2.507279 -10.163602 4.678945 4.62111 -20.976023 -4e-06 2e-06 -21.226288 2.451695 -3.594 1e-06 -7e-06 -0.0 -1.362681 2.240798 -0.746322 -21.334913 0.584911 3.008327 -13.821213 -1e-06 3e-06 -23.887169 -0.249077 -0.839484 -57.567757 2.364424 -1.352458 -0.294024 1.679686 0.833256 -14.218208 0.093215 1.300582 -34.212048 -0.287562 0.967174 -20.033215 0.964539 1.212843 1e-06 1e-06 0.0 -3.440388 0.788233 0.501655 -15.928185 -3.167307 2.999709 -6.338826 0.0 2e-06 -18.123444 3.648181 -4.90567 -5e-06 2e-06 -2e-06 -41.088066 21.630154 -2.7866 29.262758 26.03013 -68.292252 1.84869 16.054373 0.926072 2.500569 -22.169361 -95.71463 2.243541 -5.255038 -3.180158 14.282887 -0.826592 6.952503 -3e-06 -12.690607 -0.0 17.443287 -17.496702 2.467156 1.665666 -1.955923 -2.8783 4.727797 -4.170587 4.993925 11.020524 2e-06 -3e-06 12.109052 -3.735715 -2.866787 1e-06 1e-06 -0.0 1.291986 -1.92855 -1.49809 14.800125 0.567468 3.86561 14.242569 -1.341735 -6.660661 19.631964 0.143927 -0.648244 51.477879 -0.94267 -6.010787 0.353029 -1.51115 -0.03194 20.222786 3.68431 2.316629 18.78727 6e-06 -0.0 10.751625 -0.479868 1.397906 1e-06 2e-06 1e-06 3.273806 0.305949 -0.580111 21.486811 11.830376 2.266134 8.162926 1e-06 0.0 18.399076 -3.798985 -4.940573 3e-06 -1e-06 -0.0 -6.200016 18.222906 -20.75518 -0.027354 -1.660277 25.290876 -10.760498 -0.123769 -32.987305 1.70887 -1.913462 1.159666 0.0 0.0 2e-06 4.997328 -4.345241 -75.513763 0.08422 -0.125071 57.604397 -6.767207 12.298971 -15.884353 -1.384504 1.065599 5.708379 0.0 -0.0 -1e-06 
0.0 0.0 0.0 0.0 -0.0 0.0 -1.607225 88.384209 49.629776 4.392445 1.972352 32.956181 3.874503 0.306704 14.921592 0.929419 -1.076465 2.864309 -4.682708 -3.135113 22.51833 -7.627639 4.805251 -14.442792 -1.014643 0.734913 -3.460198 -3.155519 -0.616558 1.827138 7.7e-05 -2.2e-05 7e-06 0.008932 -0.001758 -0.179487 0.86337 -3.796034 -10.802165 -0.852079 3.810318 -10.796726 20.23163 -17.284916 1.628684 -15.716877 -40.696934 -66.122467 -0.182569 -18.095482 0.500025 22.574051 -1.798474 -35.475498 -5.882106 9.861285 0.702592 -10.93687 -0.360573 7.156208 1e-06 8.774825 0.0 -14.832146 18.416157 6.210833 -1.844031 2.498502 -2.507278 -10.1636 4.678944 4.621111 -20.976023 -3e-06 5e-06 -21.226286 2.451699 -3.593998 1e-06 -7e-06 0.0 -1.362683 2.240798 -0.746323 -21.334913 0.584908 3.008326 -13.821212 -3e-06 4e-06 -23.887167 -0.249079 -0.83948 -57.611206 2.238689 -1.38234 -0.294027 1.679686 0.833255 -14.21821 0.093215 1.300582 -34.212051 -0.287563 0.967176 -20.033213 0.964538 1.212847 -1e-06 1e-06 0.0 -3.44039 0.788233 0.501655 -15.928185 -3.167308 2.99971 -6.338825 -0.0 2e-06 -18.123444 3.648185 -4.905668 -4e-06 2e-06 -2e-06 -41.639359 21.178865 -2.905472 30.043331 26.329306 -67.229095 1.764559 16.094088 0.860661 2.647823 -20.39533 -95.197426 2.243541 -5.255037 -3.180159 14.28289 -0.826593 6.952507 -3e-06 -12.690608 -1e-06 17.395105 -17.406151 2.37833 1.665666 -1.955922 -2.878301 4.727798 -4.170587 4.993927 11.020528 3e-06 -4e-06 12.109053 -3.735716 -2.866786 1e-06 2e-06 -0.0 1.291984 -1.928548 -1.49809 14.800131 0.567471 3.865609 14.242571 -1.341737 -6.66066 19.631964 0.143927 -0.648244 51.323669 -0.971999 -6.010812 0.35303 -1.51115 -0.03194 20.222792 3.684311 2.316631 18.787273 5e-06 1e-06 10.751629 -0.479869 1.397906 1e-06 1e-06 1e-06 3.273806 0.305948 -0.580111 21.486816 11.830379 2.266136 8.162928 1e-06 1e-06 18.399084 -3.798987 -4.940576 4e-06 0.0 -0.0 -6.263912 18.48926 -19.772238 0.003647 -1.574322 24.301016 -10.823724 -0.0808 -32.541843 1.707625 -1.919125 1.10196 -0.0 -1e-06 2e-06 4.721354 -4.364449 -74.959152 0.106746 -0.104668 57.513683 -6.775122 12.544615 -15.789767 -1.385443 1.083494 5.555326 0.0 0.0 -1e-06 
0.0 0.0 0.0 0.0 -0.0 0.0 -1.637767 88.493469 49.724522 4.530438 1.900038 32.674438 3.98021 0.351908 15.257585 0.940189 -1.064738 2.807768 -4.891526 -3.223548 21.857214 -7.388241 4.690959 -14.187984 -1.03566 0.680753 -3.4492 -3.168718 -0.70238 1.416233 7.7e-05 -2.2e-05 7e-06 0.018269 -0.012074 -0.169699 0.859241 -3.800083 -10.777586 -0.828422 3.792559 -10.764041 19.864321 -16.912916 1.685115 -16.054134 -41.700294 -66.173294 -0.287774 -17.612461 0.519539 21.356918 -0.994355 -36.198139 -5.882108 9.861292 0.702591 -10.936874 -0.360574 7.156209 1e-06 8.77483 0.0 -14.855793 18.284655 6.187954 -1.844033 2.498507 -2.507278 -10.163599 4.678948 4.621111 -20.976025 -3e-06 1e-06 -21.22629 2.451699 -3.594003 0.0 -7e-06 0.0 -1.362682 2.240799 -0.746323 -21.334917 0.584911 3.008326 -13.821215 -2e-06 3e-06 -23.887175 -0.249079 -0.839484 -57.670895 2.164476 -1.366093 -0.294023 1.679687 0.833255 -14.218208 0.093215 1.300581 -34.212055 -0.287562 0.967169 -20.033218 0.964538 1.212843 -0.0 1e-06 -0.0 -3.44039 0.788235 0.501656 -15.928189 -3.167311 2.999709 -6.338827 1e-06 2e-06 -18.123447 3.648185 -4.905673 -4e-06 2e-06 -2e-06 -42.123497 20.756647 -3.006164 30.550112 26.554306 -66.315575 1.71959 16.004877 0.796479 2.63028 -19.113916 -94.548637 2.243541 -5.255037 -3.180161 14.282894 -0.826593 6.952507 -5e-06 -12.690607 -1e-06 17.334362 -17.325354 2.31403 1.665667 -1.955923 -2.8783 4.727799 -4.170587 4.993927 11.020528 4e-06 -1e-06 12.109055 -3.735713 -2.866785 1e-06 1e-06 -0.0 1.291985 -1.92855 -1.49809 14.800132 0.567472 3.86561 14.242577 -1.341733 -6.66066 19.631973 0.14393 -0.648241 51.202576 -1.017161 -6.014893 0.353028 -1.511151 -0.03194 20.222797 3.684314 2.316634 18.787275 8e-06 3e-06 10.75163 -0.479867 1.39791 1e-06 1e-06 1e-06 3.273808 0.305947 -0.58011 21.486824 11.83038 2.266137 8.16293 2e-06 0.0 18.399084 -3.798983 -4.940571 3e-06 -1e-06 -1e-06 -6.294842 18.705 -18.919779 0.028944 -1.513912 23.289602 -10.886075 -0.045378 -32.068172 1.705062 -1.93022 1.062532 0.0 0.0 2e-06 4.561132 -4.431736 -74.503937 0.119603 -0.094558 57.377457 -6.865228 12.777981 -15.682564 -1.386798 1.086861 5.437021 0.0 0.0 -1e-06 
0.0 0.0 0.0 0.0 -0.0 0.0 -1.669614 88.63739 49.839119 4.660414 1.882993 32.511826 4.078349 0.385812 15.538582 0.944378 -1.044146 2.749076 -5.071671 -3.266005 21.197418 -7.130044 4.564142 -13.924089 -1.041158 0.607839 -3.444485 -3.144009 -0.835026 1.091669 7.8e-05 -2.2e-05 6e-06 0.024014 -0.018492 -0.161258 0.855319 -3.801807 -10.759042 -0.812021 3.780152 -10.739277 19.733625 -16.559227 1.660356 -16.462725 -42.873814 -66.157661 -0.407571 -16.91765 0.53651 19.941082 -0.091703 -37.13625 -5.882107 9.861288 0.702591 -10.936872 -0.360576 7.156209 2e-06 8.774826 -1e-06 -14.868687 18.17411 6.178071 -1.844031 2.498505 -2.507278 -10.163601 4.678942 4.621111 -20.976025 -3e-06 5e-06 -21.226288 2.451696 -3.593997 0.0 -7e-06 -1e-06 -1.362683 2.240797 -0.746324 -21.334921 0.584911 3.008327 -13.821217 -3e-06 4e-06 -23.887175 -0.249076 -0.839481 -57.775593 2.138374 -1.364342 -0.294025 1.679686 0.833256 -14.218212 0.093215 1.300583 -34.212055 -0.287561 0.967175 -20.033218 0.964539 1.212846 -0.0 -0.0 0.0 -3.440388 0.788233 0.501656 -15.928189 -3.167311 2.99971 -6.338829 -0.0 2e-06 -18.123451 3.648185 -4.905669 -4e-06 2e-06 -2e-06 -42.502987 20.396563 -3.094211 30.889547 26.660784 -65.626389 1.71044 15.820781 0.737031 2.468237 -18.150597 -93.762123 2.243541 -5.255037 -3.180156 14.282888 -0.826594 6.9525 -1e-06 -12.690603 -1e-06 17.322903 -17.30794 2.233834 1.665665 -1.955922 -2.878297 4.727798 -4.170588 4.993922 11.020524 4e-06 2e-06 12.109048 -3.735716 -2.866781 2e-06 0.0 -1e-06 1.291985 -1.928548 -1.498088 14.800129 0.56747 3.865608 14.242568 -1.341738 -6.660653 19.631962 0.143923 -0.648242 51.129509 -1.08066 -6.050828 0.353029 -1.51115 -0.031939 20.222786 3.684309 2.316632 18.78727 4e-06 2e-06 10.751626 -0.479869 1.397908 1e-06 1e-06 0.0 3.273806 0.305947 -0.580109 21.486809 11.830371 2.266136 8.162926 0.0 1e-06 18.399078 -3.798985 -4.940572 2e-06 0.0 -1e-06 -6.325233 18.822275 -18.096237 0.049467 -1.470532 22.060097 -10.942179 0.03507 -31.427067 1.704604 -1.937419 0.974846 0.0 1e-06 2e-06 4.462383 -4.549343 -74.107605 0.131586 -0.087165 57.139492 -6.937032 13.012849 -15.503368 -1.388796 1.081781 5.30933 0.0 0.0 -1e-06 
0.0 0.0 0.0 0.0 -0.0 0.0 -1.712499 88.820854 49.955513 4.780974 1.92176 32.448868 4.155068 0.407631 15.775135 0.935224 -1.024565 2.699406 -5.220352 -3.292474 20.556396 -6.823914 4.435865 -13.630875 -1.044264 0.533539 -3.450407 -3.129817 -0.952935 0.831817 7.7e-05 -2.2e-05 6e-06 0.030998 -0.023582 -0.154101 0.854783 -3.805741 -10.746544 -0.796187 3.772359 -10.720759 19.736517 -16.194883 1.580044 -16.914719 -44.159645 -66.057304 -0.495709 -16.120337 0.528844 18.477451 0.831983 -38.268913 -5.882107 9.86129 0.702591 -10.936872 -0.360576 7.156209 0.0 8.77483 -0.0 -14.886261 18.089729 6.18961 -1.844032 2.498506 -2.507279 -10.163598 4.678946 4.62111 -20.976023 -4e-06 2e-06 -21.226288 2.451695 -3.594001 -0.0 -7e-06 -0.0 -1.36268 2.240798 -0.746324 -21.334913 0.58491 3.008326 -13.821216 -2e-06 3e-06 -23.887173 -0.249077 -0.839482 -57.967892 2.152952 -1.356814 -0.294023 1.679688 0.833257 -14.21821 0.093214 1.300582 -34.212048 -0.287562 0.967173 -20.033213 0.964538 1.212843 -1e-06 -0.0 0.0 -3.440389 0.788234 0.501657 -15.928185 -3.167311 2.999709 -6.338826 -1e-06 2e-06 -18.123444 3.648185 -4.90567 -4e-06 2e-06 -2e-06 -42.787621 20.11142 -3.224694 31.207541 26.690435 -64.982048 1.642913 15.578832 0.662318 2.227584 -17.432827 -93.146027 2.243543 -5.25504 -3.180161 14.282898 -0.826592 6.952508 -6e-06 -12.690614 1e-06 17.358482 -17.357794 2.165977 1.665666 -1.955921 -2.878303 4.727799 -4.17059 4.993928 11.020535 6e-06 -2e-06 12.109059 -3.735715 -2.866787 1e-06 0.0 1e-06 1.291986 -1.928549 -1.49809 14.800139 0.567472 3.86561 14.24258 -1.341731 -6.660665 19.631979 0.143931 -0.648244 51.105995 -1.157459 -6.10208 0.35303 -1.511151 -0.03194 20.222805 3.684316 2.316631 18.787287 1.1e-05 -0.0 10.751634 -0.479865 1.397908 1e-06 1e-06 0.0 3.27381 0.305948 -0.580112 21.486828 11.830388 2.266134 8.162935 3e-06 0.0 18.399094 -3.798985 -4.940576 2e-06 0.0 -1e-06 -6.342918 18.832848 -17.289204 0.06343 -1.436643 20.607292 -11.024467 0.156708 -30.622505 1.705019 -1.941792 0.874432 0.0 0.0 2e-06 4.392922 -4.669744 -73.748024 0.137798 -0.080249 56.777931 -6.977815 13.162632 -15.233561 -1.391255 1.07033 5.178184 0.0 0.0 -1e-06 
0.0 0.0 0.0 0.0 -0.0 0.0 -1.771825 89.03006 50.068588 4.88476 2.011442 32.41539 4.204738 0.422234 15.995928 0.912484 -1.02081 2.663561 -5.342507 -3.320675 19.959873 -6.461242 4.312961 -13.287289 -1.034836 0.486813 -3.460876 -3.140644 -1.059665 0.677418 7.7e-05 -2.2e-05 6e-06 0.040345 -0.028352 -0.147649 0.85945 -3.812466 -10.741116 -0.781048 3.767942 -10.712388 19.781176 -15.837887 1.508544 -17.432184 -45.485088 -65.885612 -0.532742 -15.3841 0.487683 17.205261 1.687352 -39.559517 -5.882108 9.861288 0.702592 -10.936873 -0.360574 7.156208 1e-06 8.774828 -0.0 -14.910247 18.042488 6.23288 -1.844032 2.498506 -2.507279 -10.163601 4.678946 4.62111 -20.97603 -3e-06 4e-06 -21.226292 2.4517 -3.594 1e-06 -7e-06 -0.0 -1.362683 2.240798 -0.746324 -21.334921 0.58491 3.008326 -13.821217 -2e-06 3e-06 -23.887177 -0.249077 -0.839482 -58.173584 2.195595 -1.323409 -0.294025 1.679686 0.833257 -14.218214 0.093215 1.300582 -34.212055 -0.287562 0.967173 -20.033218 0.964538 1.212844 0.0 -0.0 0.0 -3.440388 0.788234 0.501656 -15.928192 -3.167309 2.999709 -6.338829 -1e-06 2e-06 -18.123451 3.648185 -4.905671 -4e-06 2e-06 -2e-06 -42.940971 19.878372 -3.375514 31.566751 26.753162 -64.279686 1.489292 15.333457 0.577328 1.956683 -16.80353 -92.784378 2.243541 -5.255039 -3.180159 14.282896 -0.826595 6.952506 -4e-06 -12.690609 -0.0 17.402332 -17.436142 2.140364 1.665667 -1.955923 -2.878299 4.727799 -4.170588 4.993925 11.020531 4e-06 0.0 12.109055 -3.735715 -2.866784 1e-06 1e-06 -1e-06 1.291986 -1.928551 -1.49809 14.800138 0.567471 3.86561 14.24258 -1.341735 -6.66066 19.631975 0.143929 -0.648242 51.103725 -1.227396 -6.14545 0.353029 -1.511152 -0.03194 20.222801 3.684315 2.316634 18.787279 8e-06 2e-06 10.751631 -0.479868 1.397908 1e-06 2e-06 -0.0 3.273809 0.305947 -0.580111 21.486826 11.830386 2.266138 8.162929 2e-06 0.0 18.39909 -3.798985 -4.940575 3e-06 0.0 -1e-06 -6.312893 18.711266 -16.438913 0.073399 -1.413595 18.978159 -11.158935 0.333124 -29.677332 1.706852 -1.951586 0.782438 0.0 0.0 2e-06 4.338319 -4.776202 -73.370918 0.132006 -0.087604 56.33165 -6.986455 13.200708 -14.918084 -1.395361 1.051699 5.068058 -0.0 0.0 -1e-06 
0.0 0.0 0.0 0.0 -0.0 0.0 -1.847647 89.233841 50.175053 4.958608 2.141175 32.357769 4.231576 0.422468 16.22234 0.889597 -1.035148 2.640217 -5.446359 -3.358775 19.426477 -6.076581 4.212686 -12.923249 -1.034799 0.444907 -3.475588 -3.115708 -1.175488 0.646113 7.7e-05 -2.2e-05 6e-06 0.052629 -0.03321 -0.140488 0.867244 -3.819873 -10.740323 -0.763233 3.763847 -10.708346 19.723621 -15.553514 1.481768 -17.913984 -46.727791 -65.717545 -0.544579 -14.813193 0.427168 16.226343 2.452657 -40.790051 -5.882101 9.861279 0.702589 -10.936866 -0.360577 7.156206 3e-06 8.774822 -1e-06 -14.949857 18.039642 6.294483 -1.84403 2.498504 -2.507277 -10.163592 4.67894 4.621109 -20.976013 -5e-06 4e-06 -21.226273 2.451694 -3.593997 -0.0 -6e-06 -0.0 -1.36268 2.240798 -0.746323 -21.334906 0.584905 3.008325 -13.821208 -6e-06 4e-06 -23.887165 -0.24908 -0.839477 -58.376659 2.25673 -1.266299 -0.294024 1.679686 0.833255 -14.218203 0.093211 1.300581 -34.212036 -0.287566 0.967177 -20.033203 0.964536 1.212848 -0.0 0.0 0.0 -3.440388 0.788233 0.501656 -15.928183 -3.167309 2.999709 -6.338824 -3e-06 2e-06 -18.12344 3.648181 -4.905666 -4e-06 2e-06 -2e-06 -42.922585 19.705891 -3.479091 31.945389 26.892675 -63.576904 1.237696 15.215442 0.488563 1.567205 -16.249887 -92.663246 2.243539 -5.255037 -3.180159 14.282892 -0.826593 6.952507 -4e-06 -12.690602 -2e-06 17.418602 -17.490408 2.147421 1.665666 -1.955921 -2.878299 4.727798 -4.170584 4.993925 11.020523 4e-06 -0.0 12.10905 -3.735714 -2.866782 1e-06 0.0 -1e-06 1.291985 -1.928548 -1.498089 14.800131 0.567469 3.865611 14.242569 -1.341735 -6.660657 19.631968 0.143926 -0.648241 51.057037 -1.274228 -6.178978 0.353027 -1.51115 -0.031941 20.22279 3.684313 2.316636 18.78727 5e-06 5e-06 10.751627 -0.479869 1.397909 1e-06 2e-06 0.0 3.273806 0.305948 -0.580111 21.486818 11.830377 2.266141 8.162928 2e-06 2e-06 18.399084 -3.798985 -4.940568 3e-06 0.0 -1e-06 -6.208526 18.500851 -15.559334 0.077139 -1.400631 17.340872 -11.299963 0.554664 -28.694912 1.711146 -1.962435 0.705407 -0.0 -1e-06 2e-06 4.314967 -4.866029 -72.965126 0.126981 -0.099849 55.881718 -6.978127 13.131568 -14.60847 -1.400125 1.039454 4.981586 0.0 -0.0 -1e-06 
0.0 0.0 0.0 0.0 -0.0 0.0 -1.939273 89.400414 50.269032 5.005212 2.268961 32.271122 4.232567 0.408006 16.453379 0.872893 -1.058212 2.623141 -5.56255 -3.412346 18.969749 -5.716345 4.139383 -12.576591 -1.018632 0.371185 -3.491551 -3.066792 -1.292016 0.696088 7.6e-05 -2.2e-05 5e-06 0.065613 -0.03931 -0.132256 0.874382 -3.827342 -10.735732 -0.743605 3.757652 -10.700086 19.514786 -15.40571 1.541049 -18.219099 -47.778057 -65.719963 -0.563607 -14.477075 0.387922 15.520947 3.131457 -41.816353 -5.882106 9.861284 0.70259 -10.936866 -0.360575 7.156204 0.0 8.774824 -0.0 -15.018917 18.062529 6.344289 -1.844033 2.498505 -2.507277 -10.163597 4.678946 4.621108 -20.976021 -3e-06 -1e-06 -21.226286 2.451694 -3.594004 -0.0 -6e-06 -0.0 -1.362681 2.240796 -0.746323 -21.334908 0.58491 3.00832 -13.82121 -4e-06 -0.0 -23.887163 -0.249081 -0.839486 -58.596024 2.318623 -1.223975 -0.294025 1.679689 0.833256 -14.218205 0.093215 1.300578 -34.21204 -0.287567 0.967165 -20.033209 0.964535 1.212841 -0.0 1e-06 1e-06 -3.440387 0.788233 0.501655 -15.928181 -3.167307 2.999705 -6.338824 0.0 0.0 -18.123444 3.648182 -4.905672 -4e-06 2e-06 -2e-06 -42.775333 19.569628 -3.536279 32.316505 27.080103 -62.964859 0.992068 15.261322 0.416752 0.985194 -15.8344 -92.550072 2.243541 -5.255038 -3.180159 14.282887 -0.82659 6.952503 -3e-06 -12.690605 -1e-06 17.396086 -17.50671 2.162561 1.665667 -1.95592 -2.878299 4.727796 -4.170587 4.993925 11.020525 4e-06 -2e-06 12.109052 -3.735714 -2.866786 0.0 0.0 1e-06 1.291985 -1.928551 -1.49809 14.800131 0.567471 3.865608 14.242569 -1.341735 -6.660661 19.631966 0.143928 -0.648244 50.959949 -1.29715 -6.213741 0.35303 -1.51115 -0.03194 20.222788 3.684313 2.316629 18.78727 9e-06 -1e-06 10.751627 -0.479865 1.397907 1e-06 2e-06 0.0 3.273806 0.305947 -0.580111 21.486813 11.830379 2.266134 8.162929 3e-06 0.0 18.399076 -3.798983 -4.940573 4e-06 0.0 -2e-06 -6.054633 18.282101 -14.741097 0.073669 -1.381653 15.902886 -11.394717 0.774782 -27.830168 1.715503 -1.968031 0.640867 0.0 1e-06 2e-06 4.31572 -4.920171 -72.578056 0.133539 -0.106467 55.508636 -6.972235 12.986287 -14.390904 -1.404987 1.037526 4.903887 0.0 0.0 -1e-06 
0.0 0.0 0.0 0.0 -0.0 0.0 -2.042743 89.523186 50.355942 5.024325 2.391424 32.143288 4.21204 0.383203 16.682871 0.854136 -1.088369 2.617885 -5.67183 -3.497768 18.592693 -5.397059 4.090684 -12.265324 -0.999537 0.259519 -3.507612 -3.035874 -1.383656 0.767623 7.6e-05 -2.2e-05 5e-06 0.080594 -0.048866 -0.12459 0.881321 -3.83667 -10.727602 -0.720359 3.747122 -10.687324 19.161676 -15.369081 1.671717 -18.367514 -48.609825 -65.927475 -0.590013 -14.429024 0.369384 15.128919 3.700476 -42.653488 -5.882113 9.861295 0.70259 -10.936878 -0.360576 7.156211 2e-06 8.774834 -0.0 -15.119256 18.109076 6.373758 -1.844035 2.498506 -2.507281 -10.163607 4.678949 4.621112 -20.97604 -4e-06 1e-06 -21.226303 2.451698 -3.594004 2e-06 -5e-06 0.0 -1.362684 2.240799 -0.746324 -21.334929 0.58491 3.008326 -13.821224 -4e-06 2e-06 -23.887188 -0.24908 -0.839484 -58.805885 2.35886 -1.208516 -0.294025 1.679689 0.833257 -14.218219 0.093213 1.300581 -34.212074 -0.287565 0.967172 -20.033226 0.964536 1.212845 -0.0 1e-06 1e-06 -3.440393 0.788235 0.501656 -15.928203 -3.167311 2.99971 -6.338832 -2e-06 1e-06 -18.123463 3.648186 -4.905676 -4e-06 1e-06 -1e-06 -42.591217 19.412058 -3.588135 32.721001 27.326019 -62.370781 0.763218 15.460123 0.35999 0.291273 -15.648235 -92.342239 2.243542 -5.255043 -3.180162 14.282899 -0.826594 6.952509 -4e-06 -12.690617 -1e-06 17.347765 -17.457975 2.19215 1.665666 -1.955922 -2.878301 4.727803 -4.170591 4.993929 11.020534 3e-06 -1e-06 12.10906 -3.735718 -2.866786 1e-06 -1e-06 0.0 1.291984 -1.928551 -1.49809 14.80014 0.56747 3.865614 14.242581 -1.341735 -6.660663 19.631979 0.143927 -0.648243 50.885242 -1.319003 -6.220668 0.35303 -1.511151 -0.03194 20.222803 3.684314 2.316633 18.787287 6e-06 2e-06 10.751634 -0.479868 1.397909 0.0 1e-06 -1e-06 3.273811 0.305948 -0.580111 21.48683 11.830389 2.266138 8.162935 2e-06 0.0 18.399096 -3.798988 -4.940577 3e-06 0.0 -2e-06 -5.852285 18.081659 -13.998378 0.065519 -1.351306 14.730278 -11.404258 0.977117 -27.202477 1.718007 -1.973004 0.617992 0.0 0.0 2e-06 4.339356 -4.945265 -72.205521 0.145947 -0.114196 55.236603 -6.99888 12.791656 -14.327047 -1.409673 1.042195 4.826335 0.0 0.0 -1e-06 
0.0 0.0 0.0 0.0 -0.0 0.0 -2.158443 89.602219 50.442226 5.054049 2.497604 32.014492 4.168157 0.346865 16.901085 0.840043 -1.1292 2.622319 -5.787823 -3.615034 18.273521 -5.127721 4.055406 -12.007722 -0.991914 0.107891 -3.513555 -3.035095 -1.450343 0.784357 7.6e-05 -2.2e-05 7e-06 0.093101 -0.058821 -0.117225 0.883561 -3.842611 -10.702116 -0.697848 3.733418 -10.656794 18.679123 -15.409052 1.822955 -18.376825 -49.223862 -66.330376 -0.62002 -14.668311 0.368578 14.990073 4.187768 -43.250095 -5.882109 9.861289 0.70259 -10.936873 -0.360575 7.156209 -0.0 8.774829 -1e-06 -15.248297 18.146637 6.361174 -1.844033 2.498506 -2.507278 -10.163603 4.678948 4.62111 -20.976032 -2e-06 1e-06 -21.226295 2.451698 -3.594003 1e-06 -6e-06 -0.0 -1.362682 2.2408 -0.746324 -21.334921 0.584912 3.008323 -13.821218 -3e-06 2e-06 -23.88718 -0.249076 -0.839484 -58.989666 2.367774 -1.228345 -0.294025 1.679685 0.833256 -14.218213 0.093215 1.30058 -34.212055 -0.287561 0.967169 -20.03322 0.964537 1.212842 -0.0 1e-06 -0.0 -3.44039 0.788234 0.501656 -15.928191 -3.16731 2.999708 -6.338829 -1e-06 1e-06 -18.123457 3.648186 -4.905674 -3e-06 2e-06 -2e-06 -42.448883 19.217684 -3.686257 33.199554 27.566418 -61.795647 0.576627 15.805519 0.317556 -0.406279 -15.721647 -91.97155 2.243542 -5.255036 -3.180157 14.282888 -0.826595 6.952503 -3e-06 -12.690603 -0.0 17.283321 -17.353714 2.228828 1.665665 -1.955922 -2.878299 4.727797 -4.170585 4.993925 11.020522 3e-06 0.0 12.109048 -3.735716 -2.866783 1e-06 0.0 0.0 1.291986 -1.928549 -1.49809 14.800127 0.567468 3.86561 14.242571 -1.341735 -6.660657 19.631964 0.143925 -0.648244 50.812714 -1.339934 -6.207136 0.353029 -1.511152 -0.03194 20.222788 3.684309 2.316632 18.78727 4e-06 0.0 10.751627 -0.479869 1.397906 0.0 1e-06 -1e-06 3.273806 0.305947 -0.58011 21.486813 11.830371 2.266135 8.162928 1e-06 0.0 18.399076 -3.798986 -4.940573 4e-06 0.0 -1e-06 -5.657091 17.896631 -13.358901 0.054484 -1.308604 13.79592 -11.366376 1.135365 -26.797972 1.718679 -1.982024 0.631123 0.0 0.0 2e-06 4.380667 -4.984329 -71.898537 0.170145 -0.114818 55.079868 -7.05174 12.595669 -14.40211 -1.413606 1.041641 4.726257 0.0 -0.0 -1e-06 
0.0 0.0 0.0 0.0 -0.0 0.0 -2.290813 89.645752 50.530277 5.087264 2.586708 31.93161 4.122913 0.313855 17.099615 0.834984 -1.174562 2.630926 -5.895262 -3.757566 17.998312 -4.923175 4.024703 -11.824046 -0.996222 -0.063476 -3.502558 -3.060417 -1.501074 0.753328 7.7e-05 -2.3e-05 6e-06 0.102599 -0.068134 -0.110696 0.881994 -3.844922 -10.664568 -0.67784 3.718045 -10.613053 18.147139 -15.461542 1.962793 -18.210049 -49.623463 -66.896629 -0.66662 -15.160802 0.37954 14.984092 4.61341 -43.601212 -5.882105 9.861291 0.702592 -10.936873 -0.360576 7.156209 1e-06 8.774831 -0.0 -15.384161 18.15782 6.306845 -1.84403 2.498505 -2.507279 -10.163601 4.678946 4.621109 -20.976028 -5e-06 3e-06 -21.22629 2.451695 -3.593999 1e-06 -6e-06 0.0 -1.362681 2.2408 -0.746325 -21.334921 0.584907 3.008327 -13.821217 -4e-06 2e-06 -23.887178 -0.249081 -0.83948 -59.11895 2.338872 -1.264038 -0.294023 1.679688 0.833257 -14.218212 0.093211 1.300582 -34.212059 -0.287565 0.967175 -20.033218 0.964536 1.212847 -1e-06 0.0 1e-06 -3.440388 0.788233 0.501656 -15.928192 -3.167314 2.999709 -6.338829 -2e-06 2e-06 -18.123453 3.648182 -4.90567 -4e-06 2e-06 -2e-06 -42.370285 19.022472 -3.804864 33.639606 27.717068 -61.384003 0.490237 16.267496 0.286784 -1.031051 -15.955625 -91.456688 2.243543 -5.255041 -3.180161 14.282899 -0.826592 6.952508 -5e-06 -12.690615 1e-06 17.216572 -17.235291 2.251288 1.665669 -1.955922 -2.878301 4.727799 -4.170588 4.993928 11.020533 5e-06 -2e-06 12.109059 -3.735716 -2.866787 0.0 0.0 0.0 1.291986 -1.928551 -1.498092 14.80014 0.567471 3.865612 14.242582 -1.341734 -6.660665 19.631985 0.14393 -0.648244 50.758675 -1.352817 -6.183843 0.353029 -1.511151 -0.031941 20.222805 3.684315 2.316632 18.787287 8e-06 0.0 10.751635 -0.479867 1.397908 1e-06 2e-06 -1e-06 3.273809 0.30595 -0.580111 21.486828 11.830387 2.266136 8.162934 3e-06 0.0 18.399094 -3.798985 -4.940576 2e-06 0.0 -1e-06 -5.487156 17.780708 -12.875883 0.045908 -1.280409 13.088027 -11.352077 1.198976 -26.548517 1.720864 -2.001759 0.656173 0.0 0.0 2e-06 4.445529 -5.015302 -71.68911 0.195232 -0.108924 55.005783 -7.081946 12.40816 -14.547425 -1.416426 1.038741 4.60866 0.0 0.0 -1e-06 
0.0 0.0 0.0 0.0 -0.0 0.0 -2.430421 89.666214 50.617264 5.125221 2.664777 31.897478 4.0968 0.287193 17.288689 0.828592 -1.210694 2.655847 -5.972688 -3.897315 17.750422 -4.782268 3.994938 -11.742232 -1.037912 -0.231852 -3.481908 -3.100875 -1.587048 0.696393 7.7e-05 -2.2e-05 7e-06 0.109442 -0.075273 -0.103092 0.878896 -3.845449 -10.623952 -0.661794 3.705487 -10.56754 17.662401 -15.51151 2.059634 -17.839493 -49.79364 -67.516479 -0.745212 -15.791059 0.407173 15.000062 5.008511 -43.72266 -5.882104 9.861284 0.702589 -10.936868 -0.360575 7.156204 1e-06 8.774824 -2e-06 -15.478918 18.141729 6.239638 -1.844032 2.498504 -2.507277 -10.163596 4.678944 4.621107 -20.976019 -2e-06 2e-06 -21.226278 2.451698 -3.594 1e-06 -6e-06 1e-06 -1.362682 2.240798 -0.746322 -21.334906 0.584909 3.008322 -13.821213 -3e-06 2e-06 -23.887167 -0.249078 -0.839483 -59.169506 2.305869 -1.304692 -0.294024 1.679687 0.833256 -14.218205 0.093215 1.30058 -34.212036 -0.287564 0.967168 -20.033205 0.964536 1.212843 -0.0 1e-06 1e-06 -3.440389 0.788233 0.501656 -15.928183 -3.167309 2.999706 -6.338825 -1e-06 1e-06 -18.123444 3.64818 -4.905669 -4e-06 2e-06 -2e-06 -42.31971 18.866447 -3.90482 33.945873 27.707592 -61.144966 0.503347 16.798267 0.271465 -1.459303 -16.209526 -90.934212 2.243542 -5.25504 -3.180158 14.282889 -0.826597 6.952503 -3e-06 -12.690609 1e-06 17.160711 -17.153261 2.246885 1.665664 -1.955922 -2.878301 4.727797 -4.170588 4.993925 11.020528 4e-06 -2e-06 12.109053 -3.735715 -2.866785 0.0 0.0 -0.0 1.291986 -1.928548 -1.498088 14.800125 0.567468 3.865605 14.242571 -1.341735 -6.660659 19.631968 0.143929 -0.648247 50.7439 -1.360021 -6.181522 0.353027 -1.51115 -0.031941 20.22279 3.684314 2.316631 18.78727 7e-06 -1e-06 10.751626 -0.479867 1.397906 0.0 1e-06 -0.0 3.273805 0.305947 -0.580111 21.486813 11.830379 2.266133 8.162927 2e-06 -1e-06 18.39908 -3.798985 -4.940575 3e-06 0.0 -2e-06 -5.344807 17.736441 -12.527367 0.036645 -1.254374 12.547472 -11.349979 1.120988 -26.350544 1.722458 -2.019039 0.655625 0.0 0.0 2e-06 4.518041 -5.035296 -71.564293 0.212764 -0.101574 54.983219 -7.062617 12.228549 -14.668861 -1.417462 1.038574 4.478633 -0.0 0.0 -1e-06 
0.0 0.0 0.0 0.0 -0.0 0.0 -2.568261 89.676552 50.708366 5.177817 2.757778 31.875093 4.104249 0.26059 17.501881 0.823516 -1.230526 2.683365 -6.010359 -4.015819 17.521933 -4.695309 3.966304 -11.741914 -1.114177 -0.392961 -3.464952 -3.148786 -1.724237 0.614258 7.7e-05 -2.2e-05 6e-06 0.114165 -0.081644 -0.096749 0.876733 -3.844784 -10.587241 -0.650668 3.692905 -10.524834 17.29768 -15.542712 2.111817 -17.33449 -49.764496 -68.057785 -0.79633 -16.460255 0.441296 14.839441 5.406396 -43.719856 -5.882106 9.861291 0.702591 -10.936873 -0.360577 7.156209 1e-06 8.77483 -0.0 -15.566359 18.118288 6.177964 -1.844033 2.498505 -2.507279 -10.163599 4.678945 4.621112 -20.976027 -2e-06 4e-06 -21.226288 2.451696 -3.594001 1e-06 -5e-06 -0.0 -1.362682 2.240798 -0.746324 -21.334917 0.584908 3.008327 -13.821215 -4e-06 4e-06 -23.887175 -0.249079 -0.83948 -59.19453 2.28144 -1.324464 -0.294025 1.679688 0.833257 -14.218212 0.093213 1.300583 -34.212051 -0.287562 0.967174 -20.033215 0.964538 1.212847 -0.0 -0.0 1e-06 -3.440388 0.788232 0.501656 -15.928189 -3.167311 2.999712 -6.338829 -1e-06 2e-06 -18.123449 3.648184 -4.905671 -3e-06 2e-06 -2e-06 -42.253586 18.758352 -3.988159 34.107754 27.536367 -61.128952 0.608227 17.344318 0.276881 -1.734674 -16.436449 -90.556198 2.243542 -5.25504 -3.180159 14.282896 -0.826591 6.952507 -4e-06 -12.690609 -0.0 17.114344 -17.093937 2.211445 1.665667 -1.955921 -2.878301 4.727798 -4.170588 4.993927 11.020529 4e-06 -2e-06 12.109055 -3.735715 -2.866785 1e-06 -1e-06 -1e-06 1.291985 -1.92855 -1.498089 14.800134 0.56747 3.86561 14.242577 -1.341736 -6.66066 19.631973 0.143928 -0.648243 50.712704 -1.356405 -6.187983 0.353029 -1.51115 -0.031941 20.222801 3.684313 2.316633 18.787279 7e-06 1e-06 10.751631 -0.479869 1.397909 0.0 2e-06 0.0 3.273809 0.305947 -0.580112 21.486824 11.830382 2.266136 8.16293 3e-06 0.0 18.399088 -3.798985 -4.940574 3e-06 0.0 -2e-06 -5.217584 17.721251 -12.208113 0.030675 -1.234139 12.04675 -11.382275 0.925565 -26.114958 1.724726 -2.023973 0.619712 -0.0 -1e-06 2e-06 4.588901 -5.081966 -71.467316 0.218194 -0.104266 54.995308 -7.053889 12.037619 -14.800127 -1.41706 1.039911 4.363235 0.0 0.0 -1e-06 
0.0 0.0 0.0 0.0 -0.0 0.0 -2.700288 89.681702 50.817108 5.247039 2.859799 31.872177 4.1287 0.244124 17.72077 0.815842 -1.2376 2.71619 -5.987517 -4.08779 17.321552 -4.625776 3.942026 -11.802777 -1.21209 -0.560469 -3.454841 -3.231087 -1.902463 0.509541 7.7e-05 -2.2e-05 6e-06 0.115276 -0.086289 -0.091323 0.878659 -3.842145 -10.557234 -0.65046 3.681385 -10.487658 17.070879 -15.55267 2.096085 -16.632946 -49.528862 -68.562958 -0.817284 -17.067574 0.477102 14.393287 5.805331 -43.617462 -5.882103 9.861284 0.702589 -10.93687 -0.360578 7.156206 3e-06 8.774826 -1e-06 -15.61359 18.107994 6.155657 -1.844032 2.498505 -2.507277 -10.163596 4.678943 4.621109 -20.976021 -5e-06 4e-06 -21.226284 2.451695 -3.593998 1e-06 -6e-06 -0.0 -1.362681 2.240798 -0.746322 -21.334913 0.584905 3.008325 -13.821213 -5e-06 4e-06 -23.887169 -0.249081 -0.839479 -59.195011 2.274269 -1.340721 -0.294025 1.679687 0.833255 -14.218208 0.093212 1.300582 -34.212048 -0.287569 0.967177 -20.033211 0.964538 1.212848 1e-06 1e-06 1e-06 -3.440388 0.788234 0.501656 -15.928185 -3.167312 2.999708 -6.338825 -1e-06 1e-06 -18.123444 3.648179 -4.905668 -3e-06 2e-06 -1e-06 -42.10743 18.721893 -4.000947 34.046497 27.245159 -61.380802 0.761525 17.879742 0.304823 -1.922148 -16.66357 -90.328529 2.243541 -5.255037 -3.180158 14.282896 -0.826591 6.952505 -3e-06 -12.690607 -2e-06 17.087336 -17.068642 2.153182 1.665667 -1.955921 -2.878298 4.7278 -4.170587 4.993925 11.020529 3e-06 -2e-06 12.109056 -3.735714 -2.866784 0.0 0.0 -0.0 1.291986 -1.92855 -1.49809 14.800131 0.56747 3.865608 14.242579 -1.341735 -6.660661 19.631973 0.143927 -0.648244 50.656593 -1.334813 -6.221719 0.353029 -1.511151 -0.03194 20.222801 3.684314 2.316631 18.787279 6e-06 1e-06 10.751631 -0.479868 1.397907 0.0 1e-06 0.0 3.273809 0.305947 -0.580111 21.486824 11.83038 2.266137 8.16293 3e-06 -0.0 18.39909 -3.798985 -4.940576 3e-06 -1e-06 -2e-06 -5.107824 17.71208 -11.864019 0.024061 -1.21596 11.476433 -11.409623 0.687441 -25.798363 1.728323 -2.023507 0.544707 0.0 0.0 2e-06 4.655437 -5.156861 -71.393356 0.207767 -0.116256 55.035152 -7.051505 11.850584 -14.964746 -1.414577 1.043368 4.270679 -0.0 -0.0 -1e-06 
0.0 0.0 0.0 0.0 -0.0 0.0 -2.832467 89.669373 50.938648 5.325811 2.976583 31.889816 4.164076 0.231435 17.9613 0.827994 -1.245243 2.756128 -5.919856 -4.082354 17.141203 -4.582919 3.962744 -11.874027 -1.31657 -0.771879 -3.451699 -3.35024 -2.143456 0.411732 7.7e-05 -2.3e-05 6e-06 0.108242 -0.08567 -0.087184 0.878867 -3.837676 -10.546931 -0.664554 3.677852 -10.46951 17.011442 -15.548842 2.018875 -15.666303 -49.086983 -69.190094 -0.79105 -17.546509 0.491189 13.846317 6.153748 -43.524261 -5.882108 9.861286 0.702591 -10.936872 -0.360573 7.156204 0.0 8.774823 0.0 -15.618411 18.106071 6.187331 -1.844033 2.498505 -2.507277 -10.163601 4.678946 4.621106 -20.976025 -1e-06 0.0 -21.226288 2.451697 -3.594001 1e-06 -5e-06 1e-06 -1.362682 2.240798 -0.746323 -21.334915 0.58491 3.008321 -13.821215 -2e-06 0.0 -23.887175 -0.24908 -0.839485 -59.175755 2.28815 -1.353792 -0.294024 1.679686 0.833255 -14.218208 0.093216 1.30058 -34.212051 -0.287565 0.967167 -20.033215 0.964534 1.21284 -1e-06 -0.0 1e-06 -3.440389 0.788235 0.501656 -15.928187 -3.167307 2.999706 -6.338827 -0.0 -0.0 -18.123449 3.648182 -4.905673 -4e-06 2e-06 -2e-06 -41.825485 18.761478 -3.934589 33.721405 26.879805 -61.798515 0.885515 18.422527 0.346906 -2.1261 -17.006145 -90.200897 2.243542 -5.255036 -3.180158 14.282887 -0.826596 6.9525 -1e-06 -12.690601 -1e-06 17.053377 -17.044933 2.112231 1.665666 -1.95592 -2.878299 4.727797 -4.170587 4.993923 11.020526 3e-06 -2e-06 12.109051 -3.735716 -2.866784 0.0 0.0 -0.0 1.291986 -1.928549 -1.498088 14.800125 0.567468 3.865604 14.24257 -1.341736 -6.660659 19.631966 0.143926 -0.648246 50.583 -1.304391 -6.240251 0.35303 -1.511149 -0.031939 20.222786 3.684307 2.316627 18.78727 3e-06 -4e-06 10.751625 -0.479868 1.397904 -0.0 0.0 0.0 3.273805 0.305947 -0.580111 21.486803 11.830368 2.26613 8.162926 0.0 -2e-06 18.399076 -3.798983 -4.940578 3e-06 0.0 -2e-06 -5.009178 17.703051 -11.573148 0.024815 -1.210368 10.988253 -11.445368 0.426102 -25.501854 1.734625 -2.021403 0.458969 0.0 0.0 2e-06 4.766955 -5.30052 -71.363853 0.179576 -0.14451 55.128471 -7.106385 11.756035 -15.177029 -1.412291 1.039567 4.200636 0.0 -0.0 -1e-06 
0.0 0.0 0.0 0.0 -0.0 0.0 -2.975069 89.661339 51.062687 5.40885 3.107855 31.95405 4.215818 0.224594 18.225958 0.843414 -1.255501 2.80484 -5.811269 -4.029668 17.016853 -4.556839 4.017354 -11.961419 -1.429037 -1.014868 -3.446466 -3.527599 -2.39799 0.317809 7.7e-05 -2.2e-05 6e-06 0.099009 -0.083214 -0.082179 0.876556 -3.833052 -10.543204 -0.680015 3.677316 -10.460156 17.121708 -15.517051 1.867602 -14.243809 -48.40028 -70.130562 -0.723412 -17.85326 0.494898 13.33694 6.499743 -43.550869 -5.882106 9.861288 0.702591 -10.936869 -0.360576 7.156204 2e-06 8.774828 -1e-06 -15.597746 18.098194 6.261225 -1.844033 2.498506 -2.507279 -10.163597 4.678944 4.621108 -20.976023 -6e-06 1e-06 -21.226286 2.451695 -3.594001 1e-06 -6e-06 -0.0 -1.362682 2.240798 -0.746323 -21.334915 0.584907 3.008323 -13.821215 -4e-06 1e-06 -23.887173 -0.249082 -0.839483 -59.170223 2.324422 -1.35147 -0.294024 1.679689 0.833256 -14.218207 0.093214 1.30058 -34.212048 -0.287569 0.967172 -20.033215 0.964535 1.212845 1e-06 1e-06 1e-06 -3.440388 0.788233 0.501655 -15.928185 -3.167313 2.999707 -6.338827 -1e-06 1e-06 -18.123446 3.64818 -4.905672 -4e-06 3e-06 -2e-06 -41.477108 18.838823 -3.805672 33.189575 26.499868 -62.342007 0.897356 19.074533 0.387484 -2.378335 -17.497042 -90.265457 2.243541 -5.255039 -3.180159 14.282896 -0.826593 6.952505 -4e-06 -12.690613 -0.0 17.02574 -17.04533 2.081731 1.665667 -1.955924 -2.8783 4.7278 -4.170588 4.993925 11.020531 3e-06 -2e-06 12.109056 -3.735718 -2.866786 0.0 0.0 -1e-06 1.291985 -1.92855 -1.498089 14.800134 0.567472 3.865609 14.242577 -1.341736 -6.660661 19.631973 0.143927 -0.648243 50.501835 -1.283241 -6.261823 0.35303 -1.511152 -0.031941 20.222799 3.684314 2.31663 18.787277 8e-06 -1e-06 10.751633 -0.479867 1.397906 -1e-06 -1e-06 0.0 3.273808 0.305948 -0.580111 21.486824 11.830384 2.266135 8.16293 3e-06 -1e-06 18.399088 -3.798985 -4.940578 4e-06 0.0 -2e-06 -4.919417 17.704533 -11.320004 0.026663 -1.201434 10.463959 -11.496759 0.164448 -25.131397 1.740991 -2.016362 0.379748 0.0 0.0 2e-06 4.913957 -5.473296 -71.375168 0.147344 -0.174524 55.202572 -7.175028 11.730729 -15.340822 -1.410511 1.037045 4.124367 0.0 -0.0 -1e-06 
0.0 0.0 0.0 0.0 -0.0 0.0 -3.131676 89.674789 51.178654 5.488282 3.256027 32.060722 4.271321 0.211093 18.531918 0.854752 -1.254767 2.877264 -5.672888 -3.96261 16.962326 -4.547121 4.092328 -12.039759 -1.556003 -1.252236 -3.444279 -3.713064 -2.64709 0.290839 7.6e-05 -2.2e-05 7e-06 0.086491 -0.075851 -0.076434 0.866693 -3.824859 -10.546185 -0.694375 3.682879 -10.459746 17.386383 -15.461821 1.653625 -12.228939 -47.398899 -71.440819 -0.633073 -18.027689 0.491192 12.94242 6.829818 -43.698956 -5.882109 9.861288 0.70259 -10.936873 -0.360573 7.156205 0.0 8.77483 -0.0 -15.518098 18.099691 6.382708 -1.844034 2.498507 -2.507278 -10.1636 4.678948 4.621109 -20.976027 -2e-06 -1e-06 -21.226292 2.451697 -3.594004 1e-06 -6e-06 0.0 -1.362682 2.2408 -0.746323 -21.334921 0.584908 3.008322 -13.821218 -2e-06 0.0 -23.887178 -0.249079 -0.839486 -59.125404 2.395495 -1.321367 -0.294025 1.679689 0.833258 -14.218211 0.093215 1.300579 -34.212059 -0.287565 0.967165 -20.033216 0.964534 1.21284 -1e-06 1e-06 1e-06 -3.440389 0.788234 0.501655 -15.928189 -3.167309 2.999705 -6.338829 -0.0 -1e-06 -18.123453 3.648184 -4.905676 -4e-06 2e-06 -1e-06 -41.146645 18.935787 -3.658077 32.51757 26.136644 -63.034622 0.768467 19.860659 0.403455 -2.722849 -18.126562 -90.515388 2.243543 -5.255042 -3.180161 14.282896 -0.826593 6.952506 -3e-06 -12.690614 0.0 17.010134 -17.063377 2.061784 1.665667 -1.955924 -2.878302 4.727801 -4.170591 4.993927 11.020532 5e-06 -0.0 12.109058 -3.735719 -2.866785 0.0 0.0 0.0 1.291985 -1.928551 -1.498091 14.800138 0.567472 3.865609 14.242582 -1.341735 -6.660661 19.631979 0.143928 -0.648243 50.403801 -1.274914 -6.274824 0.35303 -1.511151 -0.03194 20.222801 3.684315 2.316632 18.787281 6e-06 0.0 10.751633 -0.479869 1.397907 -0.0 -1e-06 0.0 3.273808 0.305947 -0.580112 21.486828 11.830384 2.266136 8.162931 2e-06 -0.0 18.399088 -3.798986 -4.940577 3e-06 0.0 -2e-06 -4.833023 17.726311 -11.074385 0.025412 -1.196145 9.826526 -11.57877 -0.089886 -24.653126 1.744963 -1.999199 0.334856 0.0 0.0 2e-06 5.102232 -5.662687 -71.401543 0.128164 -0.191267 55.202721 -7.208601 11.760418 -15.431892 -1.408233 1.034478 4.061352 0.0 -1e-06 -1e-06 
0.0 0.0 0.0 0.0 -0.0 0.0 -3.293458 89.704613 51.288231 5.56242 3.390815 32.229992 4.312433 0.201016 18.878773 0.864695 -1.241254 2.973502 -5.523643 -3.897225 16.941053 -4.541615 4.172833 -12.037323 -1.699154 -1.471925 -3.441084 -3.875296 -2.875356 0.360965 7.7e-05 -2.3e-05 7e-06 0.073483 -0.066916 -0.070096 0.856121 -3.814106 -10.550393 -0.709285 3.689108 -10.464125 17.748756 -15.430175 1.379911 -9.70818 -46.014694 -73.079285 -0.655013 -18.224098 0.511737 12.496862 6.965804 -43.632946 -5.882108 9.861293 0.702591 -10.936878 -0.360574 7.15621 0.0 8.774832 -1e-06 -15.377566 18.099514 6.515819 -1.844034 2.498505 -2.507279 -10.163604 4.678949 4.621111 -20.976036 -2e-06 2e-06 -21.226299 2.451698 -3.594003 2e-06 -5e-06 -0.0 -1.362682 2.240799 -0.746322 -21.334925 0.584912 3.008324 -13.821221 -2e-06 2e-06 -23.887184 -0.249077 -0.839485 -58.962803 2.486832 -1.27626 -0.294024 1.679688 0.833256 -14.218217 0.093215 1.30058 -34.212067 -0.287563 0.967168 -20.033224 0.964537 1.212843 -1e-06 1e-06 1e-06 -3.440392 0.788236 0.501656 -15.928196 -3.167311 2.999708 -6.33883 -0.0 1e-06 -18.123459 3.648185 -4.905674 -4e-06 0.0 -2e-06 -40.910999 19.002934 -3.569091 31.739473 25.793095 -63.845043 0.618621 20.597399 0.408441 -3.104651 -18.766895 -90.854706 2.243542 -5.255038 -3.180158 14.282894 -0.826593 6.952507 -2e-06 -12.690607 1e-06 16.965172 -17.078554 2.048113 1.665666 -1.955921 -2.878301 4.7278 -4.170588 4.993925 11.020528 2e-06 -3e-06 12.109053 -3.735717 -2.866786 0.0 1e-06 -0.0 1.291985 -1.928549 -1.498091 14.800131 0.567468 3.865609 14.242577 -1.341734 -6.660659 19.631973 0.143926 -0.648246 50.272629 -1.269344 -6.279668 0.353028 -1.511152 -0.03194 20.222799 3.684311 2.31663 18.787279 6e-06 -2e-06 10.751631 -0.479868 1.397907 -1e-06 0.0 0.0 3.273808 0.305947 -0.580111 21.486818 11.830377 2.266133 8.162931 2e-06 -1e-06 18.399088 -3.798986 -4.940576 4e-06 1e-06 -2e-06 -4.784897 17.807171 -10.889215 0.019488 -1.201156 9.144657 -11.663095 -0.361457 -24.066673 1.747384 -1.973028 0.264272 -0.0 -0.0 2e-06 5.326293 -5.859756 -71.472961 0.123742 -0.197511 55.139317 -7.241471 11.86412 -15.487161 -1.408539 1.029603 3.991633 -0.0 -1e-06 -1e-06 
0.0 0.0 0.0 0.0 -0.0 0.0 -3.440266 89.747757 51.384575 5.596605 3.472315 32.461254 4.338166 0.194088 19.27515 0.893366 -1.215772 3.091273 -5.398137 -3.853287 16.929293 -4.57159 4.263197 -11.955774 -1.820317 -1.670417 -3.431516 -4.014702 -3.075584 0.560754 7.7e-05 -2.3e-05 6e-06 0.065897 -0.061302 -0.060162 0.854551 -3.806414 -10.556072 -0.723126 3.692331 -10.471652 18.159599 -15.441287 1.049345 -6.84804 -44.1549 -75.067963 -0.830429 -18.60671 0.563629 11.975248 6.713501 -43.224991 -5.882109 9.861295 0.70259 -10.936879 -0.360574 7.156214 1e-06 8.774835 -0.0 -15.210873 18.091883 6.61959 -1.844034 2.498506 -2.507281 -10.163605 4.678948 4.621114 -20.976038 -5e-06 -1e-06 -21.226301 2.451695 -3.594005 1e-06 -5e-06 -0.0 -1.362684 2.240801 -0.746324 -21.334929 0.584909 3.008327 -13.821223 -6e-06 2e-06 -23.887188 -0.249082 -0.839483 -58.677834 2.5668 -1.243768 -0.294025 1.679688 0.833257 -14.218219 0.093214 1.300582 -34.212074 -0.287567 0.967172 -20.03323 0.964536 1.212845 -1e-06 -1e-06 2e-06 -3.440393 0.788232 0.501656 -15.928198 -3.167313 2.999711 -6.338831 -1e-06 1e-06 -18.123459 3.648184 -4.905676 -4e-06 0.0 -2e-06 -40.883503 19.016651 -3.605942 30.904512 25.476343 -64.694771 0.479005 21.110985 0.381939 -3.416047 -19.35425 -91.527298 2.243541 -5.25504 -3.180161 14.2829 -0.826594 6.952509 -5e-06 -12.690613 1e-06 16.906933 -17.078539 2.015197 1.665667 -1.955922 -2.878301 4.727801 -4.170588 4.993929 11.020533 6e-06 -0.0 12.109056 -3.735717 -2.866785 0.0 -0.0 -1e-06 1.291986 -1.928549 -1.498091 14.80014 0.567473 3.865611 14.242582 -1.341734 -6.66066 19.631985 0.143929 -0.648244 50.11293 -1.267273 -6.30796 0.353028 -1.511152 -0.03194 20.222803 3.684315 2.316632 18.787285 8e-06 1e-06 10.751633 -0.479867 1.397908 -1e-06 -1e-06 -1e-06 3.273809 0.305946 -0.580112 21.486832 11.830387 2.266135 8.162932 2e-06 -1e-06 18.399096 -3.798987 -4.940575 3e-06 0.0 -2e-06 -4.783916 17.979193 -10.850036 0.008079 -1.221901 8.592628 -11.746342 -0.687456 -23.453732 1.750527 -1.940742 0.163831 0.0 0.0 2e-06 5.577302 -6.010457 -71.591621 0.127817 -0.19826 55.004066 -7.257838 12.068595 -15.510332 -1.412102 1.027991 3.931497 0.0 -0.0 -1e-06 
0.0 0.0 0.0 0.0 -0.0 0.0 -3.564056 89.793686 51.47086 5.598104 3.473984 32.760319 4.333083 0.196001 19.720055 0.944757 -1.201781 3.223288 -5.320267 -3.864412 16.930239 -4.60406 4.356777 -11.854755 -1.929147 -1.836743 -3.420234 -4.149484 -3.240684 0.881574 7.7e-05 -2.2e-05 7e-06 0.066115 -0.062145 -0.051216 0.86557 -3.802297 -10.558484 -0.734636 3.686864 -10.476456 18.577583 -15.521962 0.700324 -3.755991 -41.697468 -77.431366 -1.15562 -19.146923 0.657217 11.488456 5.958256 -42.521294 -5.882111 9.86129 0.702591 -10.93688 -0.360575 7.156216 0.0 8.774828 -1e-06 -15.060273 18.078575 6.675482 -1.844034 2.498506 -2.507281 -10.163608 4.678949 4.621116 -20.97604 -1e-06 3e-06 -21.226305 2.4517 -3.594004 -0.0 -5e-06 -0.0 -1.362683 2.2408 -0.746324 -21.33493 0.584912 3.008329 -13.821224 -1e-06 3e-06 -23.887188 -0.249076 -0.839483 -58.317848 2.616801 -1.254096 -0.294023 1.679688 0.833257 -14.218217 0.093216 1.300583 -34.212074 -0.287558 0.967175 -20.033228 0.964542 1.212846 -1e-06 -0.0 1e-06 -3.44039 0.788233 0.501657 -15.928196 -3.16731 2.999713 -6.33883 -1e-06 2e-06 -18.123459 3.648185 -4.905673 -4e-06 0.0 -2e-06 -41.098118 18.901054 -3.772351 29.995108 25.212133 -65.619797 0.416726 21.30406 0.350919 -3.614017 -19.910601 -92.52388 2.243541 -5.25504 -3.180157 14.282896 -0.826595 6.952508 -2e-06 -12.69061 -4e-06 16.838921 -17.053013 1.974216 1.665668 -1.955924 -2.878299 4.727801 -4.170588 4.993925 11.02053 3e-06 1e-06 12.109056 -3.735718 -2.866784 -1e-06 1e-06 -1e-06 1.291985 -1.928552 -1.498091 14.800138 0.56747 3.865611 14.242577 -1.34174 -6.660657 19.631973 0.143923 -0.648242 49.982651 -1.266789 -6.349734 0.353027 -1.511152 -0.031941 20.222801 3.684309 2.316637 18.787283 2e-06 3e-06 10.751633 -0.479871 1.397908 -1e-06 0.0 0.0 3.273809 0.305947 -0.580109 21.486826 11.830381 2.266141 8.162933 1e-06 1e-06 18.399092 -3.798988 -4.940574 4e-06 -0.0 -2e-06 -4.854795 18.254272 -11.023244 -0.007281 -1.249979 8.314679 -11.809518 -1.060871 -22.915585 1.757317 -1.921818 0.025506 0.0 0.0 2e-06 5.836653 -6.107866 -71.780312 0.131679 -0.201083 54.829315 -7.228047 12.373063 -15.499311 -1.417707 1.029278 3.879452 0.0 -0.0 -1e-06 
0.0 0.0 0.0 0.0 -0.0 0.0 -3.6701 89.825073 51.556904 5.551405 3.374197 33.129135 4.290239 0.191351 20.200037 0.992439 -1.20677 3.358895 -5.295668 -3.957645 16.945078 -4.59753 4.421894 -11.836678 -2.023102 -1.932051 -3.41132 -4.331049 -3.328815 1.22808 7.7e-05 -2.3e-05 6e-06 0.0776 -0.071545 -0.043937 0.890708 -3.803557 -10.555995 -0.738015 3.669873 -10.476152 18.98217 -15.651409 0.388458 -0.670541 -38.690052 -80.107056 -1.452314 -19.677889 0.759671 11.274819 4.798286 -41.904682 -5.882105 9.861281 0.702589 -10.936866 -0.360576 7.156208 -0.0 8.774819 -2e-06 -14.922486 18.054911 6.711302 -1.84403 2.498505 -2.507277 -10.163595 4.678943 4.621109 -20.976017 -3e-06 3e-06 -21.226276 2.451698 -3.593999 -0.0 -5e-06 -1e-06 -1.362681 2.240798 -0.746323 -21.334911 0.584911 3.008326 -13.821211 1e-06 2e-06 -23.887165 -0.249076 -0.839483 -57.958061 2.640194 -1.314415 -0.294025 1.679686 0.833255 -14.218207 0.093217 1.300582 -34.212036 -0.287559 0.967172 -20.033209 0.964538 1.212844 -1e-06 -1e-06 1e-06 -3.440388 0.788234 0.501655 -15.928183 -3.167306 2.999709 -6.338825 -0.0 2e-06 -18.12344 3.648182 -4.905669 -4e-06 0.0 -2e-06 -41.509979 18.586205 -4.081534 29.031214 25.064102 -66.609543 0.381513 21.240452 0.317631 -3.664308 -20.4398 -93.659927 2.243539 -5.255035 -3.180158 14.28289 -0.826591 6.952507 -5e-06 -12.690599 -0.0 16.804787 -17.037121 1.912793 1.665664 -1.95592 -2.878299 4.727798 -4.170586 4.993925 11.020524 5e-06 1e-06 12.109051 -3.735714 -2.86678 -0.0 -0.0 -1e-06 1.291984 -1.928547 -1.498089 14.800127 0.567471 3.865612 14.242564 -1.341735 -6.660653 19.631962 0.143923 -0.648238 49.902943 -1.261137 -6.395934 0.353028 -1.511149 -0.031941 20.222788 3.68431 2.316636 18.78727 4e-06 6e-06 10.751625 -0.47987 1.397909 0.0 0.0 0.0 3.273805 0.305946 -0.580109 21.486814 11.83037 2.266139 8.162926 1e-06 2e-06 18.39908 -3.798985 -4.940569 4e-06 0.0 -2e-06 -4.968076 18.602169 -11.420082 -0.017005 -1.253989 8.355815 -11.846506 -1.462942 -22.540573 1.766132 -1.913836 -0.148026 0.0 0.0 2e-06 6.110271 -6.118222 -72.054726 0.129615 -0.206319 54.654575 -7.202482 12.720078 -15.452989 -1.422788 1.03996 3.804635 0.0 -0.0 -1e-06 
0.0 0.0 0.0 0.0 -0.0 0.0 -3.756328 89.833099 51.642971 5.43449 3.183699 33.554348 4.219019 0.182642 20.696547 1.01162 -1.248871 3.506088 -5.307725 -4.158585 16.979271 -4.547959 4.492873 -11.978104 -2.129238 -1.973566 -3.409202 -4.560121 -3.340818 1.601058 7.7e-05 -2.2e-05 5e-06 0.100277 -0.087336 -0.038954 0.926952 -3.811828 -10.55464 -0.730261 3.647429 -10.47822 19.37982 -15.875558 0.142114 2.287283 -35.189919 -83.205864 -1.538033 -19.850679 0.82069 11.636113 3.440804 -41.835819 -5.882108 9.861287 0.70259 -10.936873 -0.360573 7.156209 1e-06 8.774828 0.0 -14.766121 18.019003 6.792488 -1.844033 2.498505 -2.507278 -10.163601 4.678946 4.621111 -20.976027 -2e-06 1e-06 -21.22629 2.451698 -3.594002 0.0 -5e-06 -0.0 -1.362681 2.240798 -0.746324 -21.334917 0.58491 3.008324 -13.821215 -1e-06 1e-06 -23.887171 -0.249079 -0.839485 -57.6572 2.663819 -1.354888 -0.294025 1.679688 0.833256 -14.218212 0.093214 1.300581 -34.212055 -0.287561 0.967169 -20.033218 0.964538 1.212844 1e-06 -1e-06 1e-06 -3.440389 0.788234 0.501655 -15.928189 -3.16731 2.999708 -6.338826 -2e-06 2e-06 -18.123444 3.648185 -4.905671 -4e-06 0.0 -2e-06 -42.095989 18.070154 -4.522046 28.082771 25.054813 -67.619637 0.276079 21.051559 0.278847 -3.651949 -21.002508 -94.924164 2.24354 -5.255037 -3.180158 14.282889 -0.826592 6.952505 -3e-06 -12.690603 -0.0 16.796131 -17.005468 1.842585 1.665667 -1.955921 -2.878299 4.727797 -4.170587 4.993925 11.020525 4e-06 -1e-06 12.109051 -3.735715 -2.866786 -0.0 -0.0 -1e-06 1.291984 -1.928549 -1.49809 14.800131 0.56747 3.865611 14.242571 -1.341734 -6.660656 19.631964 0.143928 -0.648241 49.856541 -1.232103 -6.396916 0.353027 -1.51115 -0.031939 20.222788 3.684313 2.316633 18.78727 7e-06 2e-06 10.751629 -0.479868 1.397909 -1e-06 0.0 0.0 3.273806 0.305948 -0.580111 21.486813 11.830379 2.266137 8.162927 2e-06 0.0 18.399076 -3.798985 -4.94057 3e-06 -1e-06 -2e-06 -5.079581 19.015589 -11.941535 -0.018209 -1.237543 8.53299 -11.863091 -1.833142 -22.347309 1.775214 -1.907015 -0.273988 0.0 -0.0 2e-06 6.422251 -6.043839 -72.406464 0.128393 -0.215951 54.496475 -7.15394 13.132833 -15.416467 -1.426576 1.061377 3.71148 -0.0 0.0 -1e-06 
0.0 0.0 0.0 0.0 -0.0 0.0 -3.826787 89.812073 51.72311 5.227245 2.880963 34.044678 4.111084 0.179419 21.160667 1.009376 -1.324282 3.657419 -5.34628 -4.459355 17.034142 -4.509517 4.56576 -12.283148 -2.202707 -1.991204 -3.409423 -4.836878 -3.259964 1.944413 7.7e-05 -2.3e-05 6e-06 0.130686 -0.105071 -0.033125 0.967739 -3.823354 -10.548491 -0.711683 3.624498 -10.473046 19.71829 -16.271616 -0.040065 5.036347 -31.283298 -86.678116 -1.382447 -19.400623 0.840115 12.609793 2.072031 -42.661198 -5.882107 9.861285 0.70259 -10.936868 -0.360573 7.156204 0.0 8.774826 -1e-06 -14.558526 17.92984 6.900527 -1.844031 2.498505 -2.507278 -10.163595 4.678945 4.621108 -20.976017 -2e-06 -0.0 -21.226276 2.451696 -3.594002 0.0 -5e-06 -0.0 -1.362682 2.240797 -0.746325 -21.334906 0.584909 3.008321 -13.821209 -3e-06 1e-06 -23.887159 -0.249079 -0.839486 -57.357128 2.671782 -1.376912 -0.294024 1.679687 0.833256 -14.218205 0.093217 1.300579 -34.212036 -0.287562 0.967166 -20.033209 0.964536 1.212842 -1e-06 -1e-06 1e-06 -3.440386 0.788234 0.501656 -15.928183 -3.167308 2.999707 -6.338825 -1e-06 1e-06 -18.123444 3.648183 -4.905671 -4e-06 0.0 -2e-06 -42.786304 17.389196 -5.046336 27.174429 25.193354 -68.754501 0.056088 20.860912 0.211236 -3.84855 -21.497627 -95.889717 2.243541 -5.255037 -3.180159 14.28289 -0.826594 6.952507 -2e-06 -12.690609 0.0 16.828453 -16.964109 1.740564 1.665667 -1.955923 -2.878299 4.727799 -4.170588 4.993926 11.020524 5e-06 -1e-06 12.109053 -3.735716 -2.866785 -0.0 0.0 -1e-06 1.291985 -1.92855 -1.498089 14.800131 0.56747 3.865611 14.242573 -1.341736 -6.66066 19.631971 0.143926 -0.648242 49.812634 -1.193691 -6.374953 0.353028 -1.511151 -0.031939 20.22279 3.684313 2.316632 18.787271 5e-06 0.0 10.751627 -0.479869 1.397908 -1e-06 -0.0 0.0 3.273807 0.305948 -0.580111 21.486813 11.830379 2.266135 8.16293 0.0 0.0 18.399084 -3.798988 -4.940574 3e-06 -1e-06 -2e-06 -5.181996 19.479183 -12.477033 -0.01457 -1.199922 8.582783 -11.832365 -2.072138 -22.276073 1.782782 -1.89964 -0.293479 0.0 1e-06 2e-06 6.79909 -5.864222 -72.848457 0.137787 -0.216743 54.353195 -7.101682 13.601184 -15.390066 -1.427851 1.090675 3.581651 -0.0 0.0 -1e-06 
0.0 0.0 0.0 0.0 -0.0 0.0 -3.873628 89.765511 51.813911 4.961611 2.529232 34.560555 3.979718 0.178329 21.53117 0.981337 -1.424866 3.822349 -5.387372 -4.836585 17.111521 -4.469197 4.621511 -12.706217 -2.249664 -2.009914 -3.412977 -5.16425 -3.110981 2.198044 7.6e-05 -2.2e-05 5e-06 0.166925 -0.12376 -0.024863 1.010168 -3.843748 -10.554952 -0.683047 3.608287 -10.478777 19.960808 -16.877998 -0.103005 7.532177 -27.243856 -90.255753 -1.054469 -18.290672 0.844166 13.901422 0.947853 -44.032215 -5.882108 9.861286 0.70259 -10.936873 -0.360572 7.156208 1e-06 8.774822 -0.0 -14.301742 17.762609 6.983801 -1.84403 2.498503 -2.507278 -10.163598 4.678947 4.62111 -20.976021 -1e-06 3e-06 -21.226286 2.451699 -3.594 0.0 -5e-06 -1e-06 -1.36268 2.240798 -0.746324 -21.334913 0.584911 3.008325 -13.821213 -1e-06 3e-06 -23.887167 -0.249077 -0.839482 -56.993519 2.655918 -1.360077 -0.294025 1.679687 0.833255 -14.218207 0.093215 1.300581 -34.212048 -0.287559 0.967172 -20.033211 0.96454 1.212843 -1e-06 -0.0 1e-06 -3.440388 0.788235 0.501656 -15.928183 -3.167307 2.999708 -6.338825 1e-06 1e-06 -18.123444 3.648184 -4.905669 -4e-06 -1e-06 -2e-06 -43.394333 16.637589 -5.562778 26.253878 25.405071 -69.891502 -0.205729 20.639658 0.136413 -4.203557 -21.797363 -96.272629 2.243542 -5.255033 -3.180155 14.28288 -0.826591 6.952495 -3e-06 -12.690597 2e-06 16.864275 -16.921139 1.639357 1.665667 -1.955921 -2.878297 4.727795 -4.170584 4.993921 11.02052 4e-06 -3e-06 12.109046 -3.735713 -2.866784 1e-06 -0.0 -0.0 1.291986 -1.928548 -1.498089 14.80012 0.567469 3.865603 14.242563 -1.341735 -6.660655 19.631954 0.143928 -0.648247 49.789696 -1.159824 -6.338575 0.353028 -1.511151 -0.03194 20.222784 3.68431 2.316626 18.78726 6e-06 -3e-06 10.751622 -0.479867 1.397904 -1e-06 -0.0 -0.0 3.273804 0.305947 -0.58011 21.486803 11.830372 2.266129 8.162921 1e-06 -2e-06 18.399071 -3.79898 -4.940574 4e-06 -0.0 -3e-06 -5.265475 19.906651 -12.984632 -0.009986 -1.13906 8.532063 -11.734681 -2.185849 -22.316683 1.786253 -1.89141 -0.255097 -0.0 1e-06 2e-06 7.21832 -5.642204 -73.330795 0.160132 -0.20873 54.251785 -7.059576 14.134169 -15.393821 -1.427737 1.126557 3.464739 0.0 0.0 -1e-06 
0.0 0.0 0.0 0.0 -0.0 0.0 -3.909392 89.709206 51.933437 4.691003 2.203052 34.997231 3.851673 0.171878 21.822186 0.93103 -1.528851 3.98658 -5.403178 -5.202394 17.179947 -4.424138 4.62502 -13.112144 -2.287797 -2.065992 -3.414579 -5.493406 -2.910674 2.420333 7.7e-05 -2.3e-05 6e-06 0.199205 -0.137702 -0.017338 1.039297 -3.862119 -10.561069 -0.649438 3.600025 -10.486251 20.158333 -17.539152 -0.113756 9.512428 -23.733938 -93.232903 -0.636691 -16.905416 0.827321 14.906949 0.391467 -45.06189 -5.882104 9.861283 0.702591 -10.936871 -0.360577 7.156209 1e-06 8.774824 -1e-06 -14.020288 17.561592 7.034435 -1.844035 2.498504 -2.507277 -10.163601 4.678944 4.62111 -20.976023 -3e-06 6e-06 -21.226286 2.451697 -3.593997 0.0 -6e-06 -0.0 -1.362683 2.240798 -0.746323 -21.334913 0.584908 3.008329 -13.821213 -1e-06 6e-06 -23.887169 -0.249075 -0.839479 -56.593052 2.614608 -1.295266 -0.294024 1.679687 0.833256 -14.218209 0.093214 1.300584 -34.212048 -0.287561 0.967178 -20.033215 0.964538 1.212848 1e-06 -1e-06 0.0 -3.440389 0.788234 0.501656 -15.928183 -3.16731 2.999711 -6.338826 -0.0 2e-06 -18.123444 3.648183 -4.905667 -4e-06 1e-06 -2e-06 -43.812168 15.932142 -5.937121 25.384468 25.548252 -70.839455 -0.372624 20.342571 0.081162 -4.556432 -21.877901 -96.170929 2.24354 -5.255037 -3.180158 14.282896 -0.82659 6.952508 -5e-06 -12.69061 0.0 16.875984 -16.858019 1.580156 1.665667 -1.955922 -2.878299 4.727799 -4.170588 4.993927 11.020528 5e-06 2e-06 12.109051 -3.735716 -2.866783 1e-06 -0.0 -0.0 1.291985 -1.928551 -1.49809 14.800132 0.567472 3.865612 14.242573 -1.341734 -6.660657 19.631969 0.143928 -0.648239 49.824825 -1.146157 -6.299791 0.353029 -1.511151 -0.03194 20.222799 3.684313 2.316635 18.787279 8e-06 4e-06 10.751629 -0.479868 1.39791 -1e-06 0.0 -0.0 3.273807 0.305948 -0.580111 21.486826 11.830383 2.266139 8.16293 2e-06 1e-06 18.399086 -3.798985 -4.940571 4e-06 -0.0 -1e-06 -5.312315 20.263634 -13.406707 -0.004282 -1.097453 8.537232 -11.576536 -2.245975 -22.50639 1.785151 -1.902813 -0.185503 -0.0 -0.0 2e-06 7.613152 -5.4197 -73.722252 0.193793 -0.185566 54.204678 -7.036378 14.634678 -15.432548 -1.424799 1.14304 3.387397 0.0 0.0 -1e-06 
0.0 0.0 0.0 0.0 -0.0 0.0 -3.938414 89.640221 52.08844 4.46718 1.970283 35.330811 3.767212 0.15746 22.061886 0.894594 -1.627969 4.099641 -5.42308 -5.467364 17.201986 -4.373757 4.574941 -13.342431 -2.317749 -2.173961 -3.410652 -5.723098 -2.700553 2.660797 7.7e-05 -2.2e-05 6e-06 0.220376 -0.146902 -0.019239 1.056442 -3.876234 -10.578868 -0.625704 3.597234 -10.504613 20.392605 -18.015148 -0.173413 10.843755 -21.335199 -95.040115 -0.312799 -15.801006 0.793304 15.109408 0.385353 -44.99514 -5.882111 9.861292 0.702591 -10.936877 -0.360574 7.156213 -0.0 8.774833 -0.0 -13.834139 17.425205 7.075128 -1.844034 2.498507 -2.507279 -10.163604 4.678948 4.621114 -20.97603 -2e-06 4e-06 -21.226292 2.451699 -3.594001 1e-06 -6e-06 -0.0 -1.362682 2.2408 -0.746324 -21.334925 0.584911 3.008328 -13.821221 -2e-06 4e-06 -23.887184 -0.249077 -0.839481 -56.324818 2.581133 -1.230067 -0.294026 1.679687 0.833257 -14.218217 0.093215 1.300584 -34.212067 -0.287558 0.967175 -20.033226 0.964541 1.212846 1e-06 0.0 -0.0 -3.44039 0.788233 0.501657 -15.928196 -3.16731 2.999712 -6.33883 -0.0 2e-06 -18.123457 3.648187 -4.905671 -4e-06 -0.0 -2e-06 -43.895359 15.42646 -6.115398 24.524971 25.407772 -71.432732 -0.372937 19.951208 0.061871 -4.669316 -21.726223 -95.936493 2.243541 -5.255039 -3.180159 14.282895 -0.826594 6.952508 -3e-06 -12.69061 3e-06 16.835894 -16.799185 1.589077 1.665665 -1.95592 -2.8783 4.7278 -4.170589 4.993928 11.020529 5e-06 -1e-06 12.109056 -3.735717 -2.866783 0.0 -0.0 -0.0 1.291986 -1.92855 -1.49809 14.800134 0.567469 3.865612 14.242577 -1.341735 -6.660661 19.631973 0.143925 -0.648242 49.871105 -1.148172 -6.253409 0.353028 -1.511153 -0.03194 20.222801 3.684313 2.316633 18.787275 4e-06 1e-06 10.751631 -0.47987 1.397908 0.0 0.0 -0.0 3.273807 0.305948 -0.580111 21.486818 11.830381 2.266136 8.16293 0.0 2e-06 18.399088 -3.798989 -4.940573 4e-06 -0.0 -1e-06 -5.320336 20.557974 -13.699528 0.005898 -1.098232 8.577853 -11.393455 -2.264308 -22.6698 1.785789 -1.933998 -0.143613 -0.0 -0.0 2e-06 7.923697 -5.235815 -74.012283 0.216172 -0.166454 54.257198 -7.077995 15.050578 -15.497089 -1.420429 1.13853 3.374671 0.0 0.0 -1e-06 
0.0 0.0 0.0 0.0 -0.0 0.0 -3.964094 89.563194 52.273857 4.334095 1.856577 35.540016 3.742448 0.139521 22.243097 0.855157 -1.716312 4.164223 -5.434172 -5.634721 17.214128 -4.347093 4.492411 -13.388529 -2.346113 -2.292059 -3.405825 -5.853517 -2.506042 2.90671 7.7e-05 -2.2e-05 6e-06 0.219003 -0.148563 -0.03042 1.056304 -3.879447 -10.597918 -0.628943 3.598314 -10.523916 20.59271 -18.246719 -0.259511 11.752777 -20.046473 -95.650925 -0.187688 -15.128099 0.767972 14.701838 0.64001 -44.035152 -5.882108 9.861293 0.702593 -10.936878 -0.360573 7.156212 2e-06 8.774832 -0.0 -13.785265 17.389046 7.102483 -1.844035 2.498507 -2.507279 -10.163606 4.678949 4.621113 -20.976038 -2e-06 3e-06 -21.226299 2.451698 -3.594001 1e-06 -5e-06 -1e-06 -1.362681 2.2408 -0.746323 -21.33493 0.58491 3.008327 -13.821223 -2e-06 3e-06 -23.887188 -0.249077 -0.839482 -56.212555 2.563584 -1.213127 -0.294026 1.679688 0.833256 -14.218217 0.093216 1.300582 -34.212074 -0.287561 0.967172 -20.03323 0.964539 1.212845 -0.0 -1e-06 -0.0 -3.440392 0.788233 0.501656 -15.928196 -3.167311 2.99971 -6.338831 -0.0 1e-06 -18.123459 3.648187 -4.905673 -4e-06 1e-06 -2e-06 -43.736832 15.150338 -6.119802 23.779789 24.977169 -71.710182 -0.267276 19.5944 0.058658 -4.562606 -21.405302 -95.78801 2.243542 -5.255038 -3.180159 14.282896 -0.826595 6.952507 -3e-06 -12.69061 2e-06 16.755899 -16.778028 1.63835 1.665667 -1.955922 -2.8783 4.7278 -4.170591 4.993928 11.020532 3e-06 -3e-06 12.109059 -3.735717 -2.866786 1e-06 -0.0 -0.0 1.291986 -1.92855 -1.498091 14.800136 0.567469 3.865609 14.242577 -1.341735 -6.660662 19.631973 0.143929 -0.648246 49.864872 -1.172175 -6.213882 0.35303 -1.51115 -0.03194 20.222801 3.684314 2.316631 18.787283 7e-06 -1e-06 10.751633 -0.479869 1.397908 0.0 -0.0 -1e-06 3.273807 0.30595 -0.580111 21.486824 11.830382 2.266133 8.162933 2e-06 1e-06 18.399092 -3.798986 -4.940576 4e-06 -0.0 -2e-06 -5.298898 20.73834 -13.841483 0.018106 -1.121475 8.66356 -11.246455 -2.27326 -22.718195 1.788821 -1.961748 -0.175743 -0.0 -0.0 2e-06 8.105378 -5.125758 -74.190926 0.211005 -0.169379 54.421444 -7.160607 15.298932 -15.591567 -1.414348 1.124494 3.399396 0.0 0.0 -1e-06 
0.0 0.0 0.0 0.0 -0.0 0.0 -3.971814 89.482445 52.46299 4.242083 1.823453 35.678123 3.774261 0.121522 22.372782 0.827677 -1.774511 4.209865 -5.436889 -5.724276 17.23193 -4.43473 4.439466 -13.321689 -2.351304 -2.397157 -3.413238 -5.888074 -2.374958 3.115248 7.8e-05 -2.3e-05 5e-06 0.204806 -0.145687 -0.042215 1.048437 -3.874664 -10.605496 -0.649307 3.599887 -10.530809 20.713837 -18.261395 -0.308712 12.496312 -19.491884 -95.604027 -0.187828 -14.784725 0.758134 14.102786 0.915525 -42.873623 -5.882111 9.86129 0.702591 -10.936873 -0.360572 7.156207 -1e-06 8.77483 1e-06 -13.830356 17.415173 7.077615 -1.844034 2.498507 -2.507278 -10.163604 4.678949 4.62111 -20.97603 -1e-06 -1e-06 -21.226297 2.451699 -3.594005 0.0 -4e-06 -1e-06 -1.362681 2.240799 -0.746324 -21.334925 0.584913 3.008322 -13.821219 -1e-06 1e-06 -23.887178 -0.249077 -0.839486 -56.177334 2.558742 -1.251808 -0.294024 1.679688 0.833256 -14.218214 0.093217 1.30058 -34.212055 -0.28756 0.967165 -20.033218 0.964538 1.212841 -1e-06 -1e-06 0.0 -3.440389 0.788234 0.501655 -15.928189 -3.167308 2.999707 -6.338829 -0.0 1e-06 -18.123453 3.648185 -4.905675 -4e-06 -0.0 -2e-06 -43.514786 15.035043 -6.020888 23.18598 24.31706 -71.797112 -0.195438 19.382174 0.019464 -4.359433 -20.988125 -95.839493 2.243543 -5.255041 -3.180159 14.282896 -0.826593 6.952505 -0.0 -12.69061 0.0 16.697233 -16.785616 1.670716 1.665668 -1.955922 -2.8783 4.727798 -4.170588 4.993926 11.020529 3e-06 -3e-06 12.109056 -3.735717 -2.866786 1e-06 -0.0 -0.0 1.291986 -1.92855 -1.498091 14.800131 0.567471 3.865608 14.242574 -1.341735 -6.66066 19.631969 0.14393 -0.648244 49.826702 -1.198229 -6.21897 0.353028 -1.511152 -0.03194 20.222797 3.684314 2.316629 18.787281 7e-06 -1e-06 10.751631 -0.479868 1.397907 -1e-06 -0.0 -0.0 3.273807 0.305947 -0.580111 21.486818 11.830383 2.266131 8.16293 2e-06 -0.0 18.399084 -3.798986 -4.940576 3e-06 0.0 -2e-06 -5.253895 20.859201 -13.91004 0.036216 -1.176706 8.77351 -11.156401 -2.262164 -22.665863 1.790012 -1.962153 -0.257568 -0.0 -0.0 2e-06 8.18962 -5.03729 -74.310036 0.188408 -0.189151 54.641132 -7.256373 15.377186 -15.735405 -1.409667 1.109686 3.450593 -0.0 0.0 -1e-06 
0.0 0.0 0.0 0.0 -0.0 0.0 -3.964871 89.409348 52.63031 4.171813 1.806991 35.801804 3.825073 0.119551 22.479057 0.829296 -1.798915 4.259325 -5.420207 -5.759436 17.245476 -4.634014 4.459847 -13.230906 -2.35837 -2.480598 -3.425512 -5.85243 -2.357649 3.305476 7.7e-05 -2.3e-05 6e-06 0.189269 -0.141075 -0.046997 1.042279 -3.865618 -10.598071 -0.673683 3.599877 -10.523262 20.721846 -18.149694 -0.295287 13.216721 -19.26333 -95.340546 -0.172501 -14.580706 0.73557 13.477571 1.151861 -41.876606 -5.882104 9.861286 0.702592 -10.936873 -0.360572 7.156209 1e-06 8.774826 1e-06 -13.890155 17.464348 7.018599 -1.844033 2.498504 -2.507278 -10.163601 4.678947 4.621112 -20.976025 -3e-06 4e-06 -21.226288 2.451698 -3.593999 0.0 -5e-06 -0.0 -1.362682 2.240798 -0.746323 -21.334917 0.584911 3.008328 -13.821213 -0.0 4e-06 -23.887171 -0.249075 -0.839481 -56.185013 2.588382 -1.305801 -0.294025 1.679687 0.833256 -14.218212 0.093215 1.300583 -34.212059 -0.28756 0.967174 -20.033218 0.964542 1.212844 -1e-06 -0.0 0.0 -3.440388 0.788234 0.501656 -15.928189 -3.167309 2.999709 -6.338827 -1e-06 2e-06 -18.123444 3.648184 -4.905669 -4e-06 1e-06 -2e-06 -43.289001 15.009136 -5.883344 22.678276 23.507608 -71.806168 -0.189944 19.378263 -0.057158 -4.213834 -20.589602 -95.970154 2.243539 -5.255036 -3.180159 14.282889 -0.826592 6.952504 -3e-06 -12.690603 1e-06 16.66712 -16.814163 1.68271 1.665667 -1.955922 -2.878299 4.727798 -4.170587 4.993924 11.020526 2e-06 -2e-06 12.109053 -3.735717 -2.866784 1e-06 -1e-06 -0.0 1.291986 -1.928549 -1.49809 14.800131 0.567472 3.865609 14.24257 -1.341735 -6.660657 19.631968 0.143926 -0.648243 49.784176 -1.211391 -6.261718 0.353028 -1.511153 -0.03194 20.222788 3.684312 2.31663 18.78727 7e-06 -0.0 10.751627 -0.479868 1.397907 -1e-06 -0.0 -0.0 3.273808 0.305949 -0.58011 21.486813 11.830377 2.266135 8.162928 3e-06 1e-06 18.39908 -3.798984 -4.940574 3e-06 -0.0 -1e-06 -5.224395 20.936607 -13.985263 0.054782 -1.252442 8.898512 -11.088803 -2.183438 -22.556229 1.78968 -1.946899 -0.351535 0.0 -0.0 2e-06 8.220883 -4.944772 -74.422218 0.160554 -0.204913 54.849201 -7.311619 15.386251 -15.88289 -1.406722 1.086028 3.501083 -0.0 0.0 -1e-06 
0.0 0.0 0.0 0.0 -0.0 0.0 -3.957768 89.349487 52.759846 4.108032 1.780589 35.944782 3.872896 0.12608 22.566675 0.857329 -1.810525 4.311441 -5.381521 -5.754555 17.259138 -4.881529 4.506728 -13.184446 -2.357678 -2.526389 -3.424475 -5.846903 -2.405116 3.495454 7.8e-05 -2.3e-05 5e-06 0.173241 -0.134969 -0.044429 1.036053 -3.856105 -10.585805 -0.698896 3.601867 -10.515029 20.60515 -17.988588 -0.206858 13.892994 -19.081337 -95.158012 -0.091944 -14.468834 0.69832 13.043736 1.342991 -41.230377 -5.882111 9.861292 0.702591 -10.936881 -0.360575 7.156211 0.0 8.77483 -1e-06 -13.928172 17.534395 6.969108 -1.844033 2.498507 -2.507279 -10.163604 4.678948 4.621111 -20.976034 -4e-06 3e-06 -21.226295 2.451698 -3.594 -0.0 -5e-06 -1e-06 -1.362681 2.2408 -0.746325 -21.334927 0.58491 3.008326 -13.821221 -2e-06 3e-06 -23.887182 -0.249078 -0.839483 -56.222408 2.643799 -1.358801 -0.294027 1.679688 0.833257 -14.218217 0.093213 1.300582 -34.212074 -0.287563 0.967173 -20.033228 0.964539 1.212845 -1e-06 -0.0 1e-06 -3.440392 0.788232 0.501656 -15.9282 -3.16731 2.999711 -6.338831 -1e-06 1e-06 -18.123459 3.648185 -4.905673 -5e-06 0.0 -2e-06 -43.041542 15.03755 -5.729381 22.141766 22.741978 -71.790169 -0.289611 19.526024 -0.161647 -4.164464 -20.298777 -95.998177 2.243541 -5.255037 -3.180159 14.282894 -0.826592 6.952507 -4e-06 -12.690608 -0.0 16.629801 -16.864199 1.681909 1.665666 -1.955921 -2.8783 4.727798 -4.170586 4.993926 11.020528 3e-06 0.0 12.109055 -3.735713 -2.866784 1e-06 -0.0 -0.0 1.291985 -1.928549 -1.49809 14.800134 0.567471 3.86561 14.242575 -1.341734 -6.66066 19.631973 0.143929 -0.648243 49.740433 -1.213288 -6.332642 0.353029 -1.511151 -0.03194 20.222792 3.684314 2.316632 18.787275 6e-06 0.0 10.751629 -0.479869 1.397908 0.0 -0.0 1e-06 3.273808 0.305948 -0.580111 21.486816 11.83038 2.266136 8.162928 3e-06 1e-06 18.399084 -3.798984 -4.940574 3e-06 -0.0 -1e-06 -5.203141 20.935328 -14.094122 0.065014 -1.300819 9.000546 -11.022388 -1.968297 -22.417635 1.788383 -1.920759 -0.467004 -0.0 1e-06 2e-06 8.263221 -4.8668 -74.55883 0.128915 -0.226392 55.004257 -7.337857 15.475879 -15.988824 -1.406029 1.062585 3.522891 0.0 0.0 -1e-06 
0.0 0.0 0.0 0.0 -0.0 0.0 -3.961998 89.283997 52.855335 4.024299 1.723226 36.093452 3.902374 0.128618 22.653606 0.906554 -1.808784 4.364403 -5.323853 -5.721659 17.276806 -5.118204 4.554324 -13.189355 -2.357615 -2.556599 -3.414132 -5.883435 -2.470319 3.667502 7.7e-05 -2.2e-05 5e-06 0.172259 -0.131345 -0.035348 1.041544 -3.849415 -10.573422 -0.705864 3.601672 -10.506629 20.365784 -17.810186 -0.036577 14.461423 -18.806011 -95.212036 0.007252 -14.479928 0.654483 12.968524 1.460292 -40.930195 -5.88211 9.861292 0.702591 -10.936879 -0.360573 7.15621 0.0 8.77483 0.0 -13.951077 17.615042 6.940321 -1.844033 2.498506 -2.507279 -10.163605 4.678948 4.621112 -20.976034 -1e-06 0.0 -21.226301 2.451698 -3.594004 -0.0 -5e-06 -0.0 -1.362682 2.2408 -0.746324 -21.334925 0.584912 3.008325 -13.82122 -2e-06 1e-06 -23.887182 -0.249079 -0.839485 -56.333328 2.687488 -1.404254 -0.294026 1.679689 0.833256 -14.218216 0.093217 1.300581 -34.212067 -0.28756 0.967168 -20.033222 0.964537 1.212842 -1e-06 -0.0 0.0 -3.440393 0.788233 0.501656 -15.928192 -3.167309 2.999709 -6.338829 -0.0 1e-06 -18.123457 3.648186 -4.905674 -5e-06 0.0 -1e-06 -42.796951 15.139227 -5.565927 21.603733 22.128151 -71.898804 -0.504282 19.896481 -0.277586 -4.453696 -20.27969 -95.972496 2.243542 -5.255039 -3.180158 14.282895 -0.826593 6.952504 -3e-06 -12.690612 1e-06 16.581751 -16.865999 1.652117 1.665667 -1.955924 -2.878299 4.727798 -4.170588 4.993926 11.020528 3e-06 -0.0 12.109055 -3.735718 -2.866784 0.0 -0.0 -1e-06 1.291984 -1.928548 -1.498089 14.800132 0.56747 3.865609 14.242577 -1.341734 -6.660658 19.631973 0.143927 -0.648242 49.683247 -1.212586 -6.391035 0.353029 -1.51115 -0.03194 20.222797 3.684313 2.316631 18.787273 6e-06 -1e-06 10.751631 -0.479869 1.397906 1e-06 -0.0 1e-06 3.273808 0.305947 -0.580111 21.48682 11.830382 2.266133 8.16293 2e-06 -1e-06 18.399086 -3.798986 -4.940575 3e-06 -0.0 -2e-06 -5.148366 20.866463 -14.171394 0.058741 -1.323743 8.977681 -10.956114 -1.654638 -22.26124 1.787084 -1.889184 -0.565171 -0.0 -0.0 2e-06 8.332352 -4.765605 -74.719788 0.111089 -0.24619 55.143192 -7.37414 15.57684 -16.091045 -1.408883 1.060556 3.528606 -0.0 0.0 -1e-06 
0.0 0.0 0.0 0.0 -0.0 0.0 -3.997926 89.21344 52.929138 3.919023 1.611098 36.210533 3.899382 0.12739 22.76449 0.973371 -1.781345 4.407605 -5.261444 -5.66942 17.287727 -5.321703 4.602004 -13.225634 -2.366956 -2.59259 -3.398333 -5.967979 -2.526747 3.732322 7.6e-05 -2.3e-05 5e-06 0.174258 -0.126466 -0.02294 1.044371 -3.840552 -10.560076 -0.705005 3.602074 -10.495245 20.047424 -17.656404 0.230873 14.804108 -18.413128 -95.487122 0.048886 -14.637465 0.643519 13.264394 1.537737 -41.076645 -5.88211 9.861293 0.702589 -10.936877 -0.360574 7.156214 -1e-06 8.774831 -1e-06 -13.956149 17.689253 6.933874 -1.844033 2.498507 -2.507281 -10.163606 4.67895 4.621113 -20.976034 -0.0 0.0 -21.226301 2.4517 -3.594007 -1e-06 -5e-06 -0.0 -1.362682 2.240802 -0.746325 -21.334929 0.584912 3.008328 -13.821223 -1e-06 2e-06 -23.887184 -0.249076 -0.839484 -56.46191 2.686714 -1.43097 -0.294025 1.679689 0.833256 -14.218217 0.093216 1.300583 -34.212067 -0.287559 0.967171 -20.033222 0.96454 1.212844 -1e-06 -0.0 1e-06 -3.440393 0.788233 0.501657 -15.928196 -3.167311 2.999712 -6.338831 -1e-06 2e-06 -18.123459 3.648189 -4.905674 -4e-06 0.0 -2e-06 -42.486809 15.326642 -5.386025 21.080313 21.721079 -72.174934 -0.73342 20.583839 -0.360719 -5.266834 -20.50572 -95.737663 2.243539 -5.255039 -3.180159 14.282896 -0.826592 6.952507 -2e-06 -12.690612 0.0 16.55895 -16.796419 1.564019 1.665666 -1.955922 -2.8783 4.727799 -4.17059 4.993927 11.020531 3e-06 -1e-06 12.109058 -3.735714 -2.866784 1e-06 -1e-06 -1e-06 1.291986 -1.92855 -1.498089 14.800138 0.56747 3.865611 14.242577 -1.341734 -6.660658 19.631973 0.143927 -0.648244 49.614494 -1.214487 -6.433372 0.353029 -1.511151 -0.03194 20.222801 3.684315 2.316632 18.787277 7e-06 1e-06 10.751633 -0.479868 1.397909 0.0 -0.0 1e-06 3.273807 0.305948 -0.580111 21.486824 11.830384 2.266137 8.16293 2e-06 1e-06 18.399092 -3.798987 -4.940575 3e-06 -0.0 -0.0 -5.052147 20.699034 -14.220087 0.043899 -1.329689 8.948847 -10.914411 -1.241067 -22.225859 1.786026 -1.867924 -0.600408 0.0 -0.0 2e-06 8.444569 -4.632585 -74.856041 0.115256 -0.248641 55.267746 -7.457721 15.693077 -16.224121 -1.412847 1.089951 3.532875 -0.0 0.0 -1e-06 
0.0 0.0 0.0 0.0 -0.0 0.0 -4.064436 89.156303 52.986847 3.784123 1.44876 36.239048 3.850892 0.111524 22.903513 1.037257 -1.729064 4.43672 -5.178603 -5.607147 17.299128 -5.422378 4.658185 -13.259322 -2.388784 -2.572839 -3.390644 -6.117877 -2.539963 3.688983 7.7e-05 -2.3e-05 5e-06 0.184051 -0.12369 -0.015015 1.048512 -3.835008 -10.562435 -0.690488 3.601937 -10.496235 19.693188 -17.541668 0.60414 14.79683 -18.020493 -95.973465 0.027128 -14.919697 0.662732 13.791929 1.603148 -41.569187 -5.882109 9.86129 0.702589 -10.936875 -0.360577 7.156208 2e-06 8.774828 -1e-06 -13.935115 17.718182 6.956276 -1.844032 2.498505 -2.507279 -10.163601 4.678946 4.621109 -20.976027 -5e-06 1e-06 -21.226292 2.451696 -3.594001 0.0 -5e-06 -1e-06 -1.362682 2.240798 -0.746324 -21.334919 0.584909 3.008324 -13.821218 -3e-06 2e-06 -23.887175 -0.249081 -0.839484 -56.573582 2.627456 -1.422791 -0.294026 1.679688 0.833256 -14.218213 0.093214 1.30058 -34.212059 -0.287566 0.96717 -20.03322 0.964535 1.212844 0.0 -0.0 0.0 -3.440389 0.788234 0.501656 -15.928191 -3.167313 2.999707 -6.338829 -2e-06 0.0 -18.123453 3.648183 -4.905673 -4e-06 0.0 -2e-06 -42.019062 15.645564 -5.184237 20.548912 21.600166 -72.523178 -0.861012 21.50898 -0.383422 -6.441189 -20.891487 -95.162437 2.243541 -5.255037 -3.180159 14.282893 -0.826591 6.952505 -3e-06 -12.690608 0.0 16.547989 -16.710859 1.474653 1.665666 -1.955921 -2.8783 4.727801 -4.17059 4.993926 11.020529 3e-06 -3e-06 12.109056 -3.735717 -2.866786 2e-06 -1e-06 -1e-06 1.291987 -1.92855 -1.49809 14.800132 0.567469 3.865608 14.242575 -1.341734 -6.660661 19.631973 0.143929 -0.648245 49.592129 -1.222193 -6.433589 0.35303 -1.511151 -0.03194 20.222797 3.684311 2.31663 18.787279 7e-06 -0.0 10.751631 -0.479867 1.397907 0.0 -1e-06 1e-06 3.273808 0.305947 -0.580112 21.48682 11.83038 2.266134 8.162928 2e-06 -0.0 18.399084 -3.798984 -4.940577 3e-06 0.0 -1e-06 -4.897485 20.462042 -14.209796 0.027652 -1.320041 8.999645 -10.896391 -0.784208 -22.266106 1.785647 -1.86141 -0.613378 -0.0 -0.0 2e-06 8.608371 -4.48371 -74.878357 0.128326 -0.241615 55.338291 -7.632395 15.841528 -16.355898 -1.416909 1.141843 3.553705 -0.0 0.0 -1e-06 
0.0 0.0 0.0 0.0 -0.0 0.0 -4.140147 89.117027 53.035439 3.595322 1.244746 36.143776 3.778309 0.100981 23.056498 1.058788 -1.684232 4.436791 -5.068387 -5.529175 17.332304 -5.334303 4.67241 -13.299577 -2.378804 -2.432726 -3.395179 -6.367831 -2.450387 3.613209 7.7e-05 -2.2e-05 5e-06 0.19409 -0.121671 -0.021342 1.049769 -3.825827 -10.570459 -0.67301 3.597283 -10.503489 19.419979 -17.501633 1.013385 14.314524 -17.746246 -96.418266 0.039604 -15.218496 0.674083 14.266675 1.747264 -42.267097 -5.882107 9.861284 0.70259 -10.936873 -0.360577 7.156208 1e-06 8.774825 -2e-06 -13.882616 17.673286 7.008064 -1.844032 2.498505 -2.507278 -10.163599 4.678945 4.621109 -20.976027 -3e-06 5e-06 -21.226288 2.451697 -3.593998 0.0 -5e-06 -1e-06 -1.362678 2.240799 -0.746323 -21.334917 0.584907 3.008326 -13.821217 -2e-06 4e-06 -23.887175 -0.249078 -0.83948 -56.681732 2.57215 -1.38713 -0.294025 1.679687 0.833256 -14.21821 0.093214 1.300583 -34.212051 -0.287564 0.967176 -20.033215 0.964537 1.212846 -1e-06 -0.0 0.0 -3.440387 0.788233 0.501657 -15.928189 -3.167312 2.999709 -6.338827 -1e-06 2e-06 -18.123447 3.648183 -4.90567 -4e-06 0.0 -2e-06 -41.329651 16.099321 -4.96655 20.007454 21.812733 -72.579491 -0.890208 22.42589 -0.36103 -7.495521 -21.43935 -94.649506 2.24354 -5.255035 -3.180158 14.282887 -0.826592 6.952506 -4e-06 -12.690607 -2e-06 16.500021 -16.623646 1.455018 1.665665 -1.955922 -2.878299 4.727798 -4.170586 4.993925 11.020525 4e-06 -1e-06 12.109052 -3.735714 -2.866783 1e-06 -1e-06 -1e-06 1.291984 -1.928548 -1.498089 14.800129 0.567469 3.865611 14.242568 -1.341735 -6.660657 19.631968 0.143926 -0.648241 49.639366 -1.22207 -6.353288 0.353029 -1.511151 -0.03194 20.222788 3.684313 2.316632 18.78727 5e-06 3e-06 10.751626 -0.479868 1.397909 1e-06 0.0 1e-06 3.273806 0.305948 -0.580111 21.486813 11.830376 2.266135 8.162926 2e-06 1e-06 18.399076 -3.798984 -4.940571 3e-06 -0.0 -1e-06 -4.659303 20.18293 -14.072623 0.014076 -1.324997 9.084331 -10.856397 -0.375362 -22.233107 1.788706 -1.88474 -0.734591 -0.0 -1e-06 2e-06 8.828736 -4.33055 -74.736412 0.125786 -0.251696 55.347935 -7.840848 16.077196 -16.435659 -1.418555 1.172511 3.53572 -0.0 0.0 -1e-06 
0.0 0.0 0.0 0.0 -0.0 0.0 -4.244317 89.124451 53.072636 3.342394 1.032683 36.042973 3.748627 0.091644 23.060137 0.915409 -1.633426 4.416381 -4.874918 -5.437459 17.471834 -5.180192 4.525126 -13.50287 -2.134047 -2.177135 -3.334618 -6.863174 -2.134985 3.352233 7.7e-05 -2.3e-05 5e-06 0.233131 -0.139951 -0.042183 1.089408 -3.839672 -10.586547 -0.636028 3.576606 -10.52258 19.2286 -17.477907 1.443148 13.595537 -17.72336 -96.681023 0.222798 -15.343105 0.690849 14.540405 2.064931 -43.416626 -5.882115 9.861296 0.702592 -10.936885 -0.360577 7.156216 1e-06 8.774835 -0.0 -13.853538 17.708406 7.031178 -1.844034 2.498507 -2.507279 -10.163613 4.67895 4.621116 -20.976048 -1e-06 5e-06 -21.226311 2.451703 -3.594003 1e-06 -4e-06 -1e-06 -1.362682 2.2408 -0.746324 -21.334938 0.584911 3.008331 -13.821229 -2e-06 4e-06 -23.887197 -0.249077 -0.839481 -56.677048 2.544095 -1.393477 -0.294026 1.67969 0.833258 -14.218226 0.093216 1.300585 -34.212097 -0.287562 0.967177 -20.033239 0.964541 1.212847 1e-06 -1e-06 0.0 -3.440394 0.788233 0.501656 -15.928209 -3.167314 2.999715 -6.338834 -0.0 2e-06 -18.12347 3.648188 -4.905674 -4e-06 -0.0 -2e-06 -40.614838 16.508532 -4.765262 19.700163 22.390812 -72.291252 -0.871711 23.166468 -0.277194 -7.932942 -22.233349 -94.598099 2.243541 -5.255039 -3.180158 14.282896 -0.826594 6.952507 -3e-06 -12.69061 -1e-06 16.398518 -16.695513 1.528641 1.665666 -1.955922 -2.8783 4.727801 -4.17059 4.993927 11.020531 4e-06 -1e-06 12.109056 -3.735716 -2.866783 2e-06 -1e-06 -1e-06 1.291986 -1.92855 -1.49809 14.800134 0.567472 3.865611 14.242576 -1.341735 -6.660658 19.631973 0.143925 -0.648241 49.810173 -1.313067 -6.43701 0.35303 -1.511151 -0.03194 20.222801 3.684314 2.316634 18.787281 6e-06 3e-06 10.751634 -0.479869 1.397907 1e-06 0.0 1e-06 3.273809 0.305947 -0.58011 21.48682 11.83038 2.266136 8.16293 2e-06 1e-06 18.399088 -3.798986 -4.940574 3e-06 0.0 -1e-06 -4.342246 19.679058 -13.916864 0.044781 -1.268808 9.164004 -10.720857 0.122382 -22.014404 1.81626 -1.919944 -0.851521 0.0 1e-06 2e-06 9.142551 -4.119865 -74.499153 0.095335 -0.235301 55.186905 -7.972988 16.456846 -16.294676 -1.423259 1.187824 3.415952 -0.0 0.0 -1e-06 
0.0 0.0 0.0 0.0 -0.0 0.0 -4.300893 89.111893 53.084 3.127642 0.798537 35.811306 3.715979 0.103927 23.102831 0.823443 -1.683717 4.3834 -4.853991 -5.333681 17.57086 -4.819796 4.432067 -13.615957 -2.029605 -1.892222 -3.32855 -7.180306 -1.864646 3.265739 7.6e-05 -2.2e-05 5e-06 0.244669 -0.146391 -0.053749 1.089362 -3.838831 -10.592825 -0.613291 3.565439 -10.533933 19.197371 -17.563854 1.698052 12.6069 -17.98312 -96.79541 0.436749 -15.533156 0.692257 14.973491 2.278036 -44.471775 -5.882106 9.861286 0.70259 -10.936873 -0.360575 7.156208 2e-06 8.774825 -0.0 -13.902336 17.609077 7.044832 -1.844032 2.498504 -2.507279 -10.163603 4.678945 4.621111 -20.976027 -3e-06 4e-06 -21.226288 2.4517 -3.594001 0.0 -5e-06 -1e-06 -1.36268 2.240798 -0.746323 -21.334917 0.58491 3.008326 -13.821216 -1e-06 3e-06 -23.887171 -0.249077 -0.839483 -56.742237 2.579028 -1.320951 -0.294025 1.679687 0.833256 -14.218208 0.093216 1.300583 -34.212048 -0.28756 0.967171 -20.033216 0.964538 1.212844 1e-06 -1e-06 0.0 -3.440388 0.788232 0.501656 -15.928187 -3.167309 2.99971 -6.338826 -1e-06 1e-06 -18.123447 3.648185 -4.90567 -4e-06 -0.0 -2e-06 -40.029106 16.914724 -4.615858 19.846306 23.143616 -71.701111 -1.220117 23.749887 -0.263435 -8.438251 -22.695183 -94.709389 2.243543 -5.255039 -3.180159 14.282896 -0.826593 6.952509 -1e-06 -12.690612 -1e-06 16.406448 -16.676722 1.579303 1.665666 -1.955924 -2.8783 4.7278 -4.170591 4.993926 11.020529 4e-06 -0.0 12.109055 -3.735719 -2.866784 0.0 -1e-06 -1e-06 1.291985 -1.92855 -1.49809 14.800136 0.567471 3.865613 14.242575 -1.341738 -6.660659 19.631971 0.143924 -0.648242 49.904102 -1.246785 -6.364464 0.353029 -1.511151 -0.03194 20.222797 3.684313 2.316637 18.787277 4e-06 4e-06 10.751631 -0.479869 1.397909 0.0 -0.0 1e-06 3.273809 0.305946 -0.580111 21.486828 11.830382 2.266141 8.16293 2e-06 2e-06 18.399088 -3.798988 -4.940574 3e-06 -0.0 -1e-06 -4.066272 19.342108 -13.650301 0.048599 -1.287294 9.27178 -10.540205 0.452542 -21.459139 1.822695 -1.974997 -1.273951 -0.0 1e-06 2e-06 9.317184 -3.936627 -74.190475 0.076273 -0.263471 55.126671 -8.04744 16.634701 -16.217703 -1.416967 1.167306 3.430501 -0.0 0.0 -1e-06 
0.0 0.0 0.0 0.0 -0.0 0.0 -4.346404 89.098648 53.077827 2.907948 0.580236 35.541218 3.682691 0.108113 23.117582 0.759323 -1.708738 4.337387 -4.849509 -5.301181 17.680191 -4.552182 4.349724 -13.673384 -1.980526 -1.63967 -3.336605 -7.374005 -1.569308 3.094391 7.7e-05 -2.2e-05 6e-06 0.272166 -0.159702 -0.059532 1.109705 -3.846375 -10.59979 -0.57778 3.547811 -10.53824 19.122509 -17.631727 1.895448 11.653443 -18.484554 -96.806885 0.620292 -15.84149 0.684634 15.508671 2.385278 -45.541637 -5.882106 9.86129 0.702592 -10.936875 -0.360575 7.156209 1e-06 8.774833 -0.0 -13.978328 17.55402 7.0239 -1.844033 2.498504 -2.507278 -10.163601 4.678949 4.621111 -20.976028 -2e-06 3e-06 -21.226292 2.4517 -3.593999 1e-06 -5e-06 -1e-06 -1.362682 2.240798 -0.746324 -21.334919 0.584909 3.008326 -13.821217 -1e-06 3e-06 -23.887175 -0.249076 -0.839483 -56.823238 2.562622 -1.292665 -0.294024 1.679687 0.833256 -14.218215 0.093215 1.300583 -34.212063 -0.287561 0.967173 -20.033222 0.964539 1.212845 1e-06 -1e-06 1e-06 -3.440391 0.788234 0.501656 -15.928192 -3.167312 2.999708 -6.338827 -1e-06 1e-06 -18.123453 3.648186 -4.905671 -4e-06 1e-06 -2e-06 -39.657303 17.205099 -4.548989 20.371614 23.956394 -71.355217 -1.861442 24.364923 -0.352565 -9.40573 -22.872746 -94.567116 2.243541 -5.255037 -3.180157 14.282891 -0.826594 6.952507 -3e-06 -12.69061 3e-06 16.492081 -16.652687 1.526365 1.665665 -1.955921 -2.8783 4.727798 -4.170589 4.993927 11.020529 3e-06 -2e-06 12.109053 -3.735717 -2.866784 0.0 -1e-06 -1e-06 1.291986 -1.928551 -1.49809 14.800129 0.56747 3.865609 14.242575 -1.341734 -6.660659 19.631973 0.143928 -0.648243 49.984676 -1.208966 -6.371948 0.353028 -1.511151 -0.03194 20.222794 3.684315 2.31663 18.787273 7e-06 1e-06 10.75163 -0.479868 1.397907 1e-06 0.0 1e-06 3.273809 0.305948 -0.580111 21.48682 11.830384 2.266132 8.162928 3e-06 1e-06 18.399082 -3.798987 -4.940575 3e-06 0.0 -0.0 -3.777982 19.021921 -13.359989 0.048415 -1.305848 9.382729 -10.320155 0.875489 -20.851793 1.828852 -2.002211 -1.633944 -0.0 1e-06 2e-06 9.507119 -3.788069 -73.853241 0.075107 -0.287817 55.069923 -8.026972 16.700075 -16.102274 -1.409731 1.147101 3.458131 0.0 0.0 -1e-06 
0.0 0.0 0.0 0.0 -0.0 0.0 -4.352969 89.077156 53.058861 2.680892 0.369263 35.277641 3.672957 0.097693 23.062174 0.713693 -1.712817 4.300065 -4.84384 -5.296339 17.760445 -4.465607 4.27041 -13.723147 -1.921891 -1.359972 -3.345234 -7.469407 -1.306559 2.930585 7.8e-05 -2.3e-05 6e-06 0.295794 -0.170322 -0.057215 1.131939 -3.852615 -10.604277 -0.551694 3.533395 -10.534744 18.931318 -17.730612 2.086548 10.794509 -19.172018 -96.588989 0.706587 -16.221241 0.700508 15.831585 2.488509 -46.154114 -5.882112 9.861296 0.702592 -10.936881 -0.360577 7.156215 1e-06 8.774836 -1e-06 -14.019466 17.529871 6.995996 -1.844034 2.498506 -2.507279 -10.16361 4.67895 4.621115 -20.97604 -4e-06 4e-06 -21.226305 2.451699 -3.594001 1e-06 -5e-06 -0.0 -1.362682 2.2408 -0.746324 -21.334932 0.584909 3.008329 -13.821227 -3e-06 4e-06 -23.887192 -0.249079 -0.83948 -56.873478 2.547324 -1.286156 -0.294025 1.67969 0.833256 -14.218222 0.093213 1.300583 -34.212078 -0.287565 0.967176 -20.033232 0.964538 1.212848 1e-06 -1e-06 0.0 -3.440392 0.788234 0.501658 -15.928201 -3.167314 2.999712 -6.338831 -1e-06 1e-06 -18.123463 3.648185 -4.905674 -4e-06 1e-06 -2e-06 -39.340904 17.472477 -4.52918 20.993544 24.628889 -71.107056 -2.531544 24.892979 -0.531713 -10.554233 -22.500397 -94.121346 2.243541 -5.255041 -3.18016 14.282902 -0.826593 6.952511 -5e-06 -12.690615 1e-06 16.631252 -16.689718 1.423084 1.665666 -1.955923 -2.878301 4.727801 -4.17059 4.993929 11.020535 5e-06 -1e-06 12.109058 -3.735717 -2.866785 2e-06 -1e-06 -1e-06 1.291985 -1.928549 -1.498091 14.80014 0.567472 3.865612 14.242583 -1.341736 -6.660661 19.631985 0.143928 -0.648241 50.044136 -1.186104 -6.447749 0.35303 -1.511153 -0.03194 20.222805 3.684316 2.316634 18.787285 8e-06 2e-06 10.751635 -0.479868 1.397909 1e-06 0.0 1e-06 3.27381 0.305948 -0.580111 21.486834 11.830387 2.266137 8.162935 3e-06 1e-06 18.399094 -3.798986 -4.940576 3e-06 0.0 -1e-06 -3.530863 18.817028 -13.109463 0.049118 -1.336096 9.512614 -10.131395 1.282155 -20.245445 1.832108 -1.995 -1.910821 -0.0 1e-06 2e-06 9.720916 -3.683602 -73.548233 0.082967 -0.29449 55.038662 -7.945184 16.686672 -15.985877 -1.404745 1.139035 3.483137 0.0 -0.0 -1e-06 
0.0 0.0 0.0 0.0 -0.0 0.0 -4.316252 89.044197 53.032673 2.470901 0.137104 34.986847 3.662911 0.086213 22.959507 0.684443 -1.698956 4.277419 -4.809269 -5.291074 17.771799 -4.631885 4.246224 -13.774097 -1.825229 -1.145235 -3.363513 -7.495919 -1.095145 2.772268 7.7e-05 -2.2e-05 6e-06 0.301504 -0.171508 -0.049116 1.137896 -3.852976 -10.607203 -0.545564 3.531071 -10.528578 18.623102 -17.866926 2.263095 9.962279 -20.063707 -95.902985 0.652372 -16.486713 0.728715 15.762732 2.726468 -46.110268 -5.882102 9.861284 0.70259 -10.936866 -0.360573 7.156206 1e-06 8.774823 -1e-06 -14.078526 17.551096 6.961358 -1.84403 2.498504 -2.507277 -10.163599 4.678944 4.621109 -20.976017 -2e-06 3e-06 -21.226282 2.451699 -3.593998 1e-06 -4e-06 -1e-06 -1.362683 2.240797 -0.746323 -21.334906 0.58491 3.008324 -13.821207 -1e-06 3e-06 -23.887159 -0.249078 -0.839482 -56.930248 2.568669 -1.253367 -0.294027 1.679687 0.833256 -14.218204 0.093214 1.300581 -34.212029 -0.287561 0.967172 -20.033205 0.964538 1.212843 -0.0 -1e-06 1e-06 -3.440386 0.788232 0.501656 -15.928181 -3.167308 2.999708 -6.338822 -2e-06 2e-06 -18.12344 3.648183 -4.905667 -4e-06 0.0 -2e-06 -39.015476 17.828272 -4.526643 21.572041 25.046356 -70.716721 -2.84911 25.090364 -0.66347 -11.391585 -21.556725 -93.50457 2.243541 -5.255033 -3.180156 14.282884 -0.826594 6.952497 -3e-06 -12.690598 0.0 16.763815 -16.784794 1.3721 1.665665 -1.955921 -2.878297 4.727798 -4.170586 4.993922 11.020523 4e-06 -2e-06 12.109048 -3.735713 -2.866782 -0.0 -1e-06 -1e-06 1.291985 -1.928548 -1.498088 14.800122 0.567467 3.865605 14.242568 -1.341736 -6.660654 19.631964 0.143926 -0.648246 50.133331 -1.194302 -6.53329 0.353028 -1.51115 -0.03194 20.222786 3.684308 2.316629 18.787268 5e-06 -1e-06 10.751625 -0.479867 1.397905 1e-06 0.0 -0.0 3.273806 0.305946 -0.580111 21.486807 11.830368 2.26613 8.162925 1e-06 -1e-06 18.399076 -3.798982 -4.940574 3e-06 0.0 -1e-06 -3.344737 18.679558 -12.86659 0.044936 -1.374553 9.713852 -10.008904 1.632935 -19.799589 1.837044 -1.986186 -2.087711 -0.0 1e-06 2e-06 9.940758 -3.648576 -73.254295 0.089424 -0.284092 55.062107 -7.87855 16.673967 -15.921713 -1.401237 1.133435 3.540503 0.0 0.0 -1e-06 
0.0 0.0 0.0 0.0 -0.0 0.0 -4.237566 89.013504 53.000362 2.327287 -0.097947 34.663769 3.63264 0.073565 22.838226 0.672666 -1.664352 4.261665 -4.75051 -5.2965 17.708675 -4.956827 4.26947 -13.835592 -1.688592 -1.045923 -3.383505 -7.541392 -0.873321 2.628226 7.7e-05 -2.3e-05 6e-06 0.295092 -0.168212 -0.04131 1.128226 -3.852889 -10.60816 -0.548451 3.536938 -10.522936 18.274675 -18.026682 2.391739 9.122542 -21.09832 -94.562752 0.46503 -16.414339 0.727946 15.142167 3.205596 -45.285885 -5.882109 9.861292 0.702592 -10.936881 -0.360578 7.156212 2e-06 8.774835 -2e-06 -14.193047 17.611275 6.910748 -1.844033 2.498506 -2.507278 -10.163606 4.678946 4.621113 -20.976036 -5e-06 9e-06 -21.226299 2.451698 -3.593995 1e-06 -5e-06 -0.0 -1.362682 2.240799 -0.746324 -21.33493 0.584907 3.008332 -13.821223 -3e-06 7e-06 -23.887184 -0.249077 -0.839475 -57.016354 2.610491 -1.201223 -0.294025 1.679688 0.833257 -14.218221 0.093212 1.300586 -34.212074 -0.287562 0.967182 -20.03323 0.96454 1.21285 0.0 -1e-06 0.0 -3.440391 0.788233 0.501657 -15.928201 -3.167315 2.999715 -6.33883 -1e-06 3e-06 -18.123459 3.648185 -4.905667 -4e-06 0.0 -2e-06 -38.654469 18.271919 -4.498942 22.026699 25.266407 -69.910965 -2.628324 24.615629 -0.637926 -11.203981 -20.37623 -92.865585 2.243541 -5.255038 -3.18016 14.282902 -0.826593 6.952514 -4e-06 -12.69061 2e-06 16.815052 -16.892141 1.47637 1.665666 -1.955922 -2.878301 4.727802 -4.170588 4.99393 11.020533 4e-06 2e-06 12.109059 -3.735717 -2.866783 1e-06 -1e-06 -1e-06 1.291984 -1.928549 -1.49809 14.80014 0.567469 3.865616 14.24258 -1.341735 -6.660657 19.631985 0.143924 -0.648238 50.312717 -1.247261 -6.529572 0.353029 -1.511151 -0.03194 20.222811 3.684313 2.316639 18.787287 5e-06 7e-06 10.751637 -0.47987 1.39791 1e-06 0.0 1e-06 3.273809 0.305949 -0.58011 21.486834 11.830383 2.266141 8.162937 1e-06 2e-06 18.399099 -3.798989 -4.940573 3e-06 -0.0 -1e-06 -3.242323 18.534941 -12.5849 0.032562 -1.402919 9.922284 -9.854764 1.941716 -19.548651 1.847089 -1.996341 -2.195139 -0.0 1e-06 1e-06 10.102871 -3.709436 -72.963921 0.096285 -0.270368 55.130249 -7.909871 16.700747 -15.879447 -1.399741 1.117313 3.596893 0.0 0.0 -1e-06 
0.0 0.0 0.0 0.0 -0.0 0.0 -4.12551 88.991684 52.970673 2.231829 -0.311746 34.307533 3.606628 0.059994 22.698147 0.648578 -1.635795 4.215562 -4.666181 -5.288604 17.629963 -5.285993 4.271497 -13.897541 -1.530205 -0.989514 -3.388065 -7.693707 -0.561413 2.50404 7.7e-05 -2.2e-05 5e-06 0.289695 -0.169529 -0.042621 1.116197 -3.858306 -10.605014 -0.546886 3.539164 -10.517559 17.960873 -18.188902 2.449293 8.267287 -22.197762 -92.608727 0.207017 -15.930013 0.668317 13.743043 3.910746 -43.503151 -5.882109 9.861292 0.702591 -10.936877 -0.360575 7.156208 1e-06 8.774827 -1e-06 -14.370264 17.709913 6.820337 -1.844035 2.498505 -2.507279 -10.163604 4.678948 4.621111 -20.976034 -1e-06 3e-06 -21.226297 2.451699 -3.594001 -0.0 -5e-06 -0.0 -1.362682 2.240799 -0.746323 -21.334925 0.584911 3.008325 -13.82122 -2e-06 2e-06 -23.887182 -0.249077 -0.839483 -57.099602 2.651196 -1.158321 -0.294024 1.679689 0.833257 -14.218216 0.093215 1.300582 -34.212067 -0.287561 0.967173 -20.033226 0.96454 1.212844 -0.0 0.0 -0.0 -3.440389 0.788234 0.501656 -15.928194 -3.167312 2.99971 -6.338829 -1e-06 1e-06 -18.123457 3.648185 -4.905671 -4e-06 -0.0 -2e-06 -38.236328 18.719202 -4.445458 22.269075 25.413719 -68.468231 -1.835193 23.209673 -0.418577 -9.234137 -19.10671 -92.380447 2.243543 -5.255039 -3.180159 14.282889 -0.826595 6.952503 -2e-06 -12.690608 -2e-06 16.769531 -17.007673 1.745726 1.665666 -1.955923 -2.8783 4.727797 -4.170588 4.993925 11.020525 1e-06 -3e-06 12.109053 -3.735718 -2.866789 1e-06 -0.0 -1e-06 1.291986 -1.92855 -1.49809 14.800125 0.567468 3.865607 14.242574 -1.341736 -6.660662 19.631966 0.143927 -0.648245 50.624577 -1.363427 -6.436358 0.353028 -1.511151 -0.03194 20.22279 3.684311 2.31663 18.78727 5e-06 -1e-06 10.751629 -0.479869 1.397906 1e-06 -0.0 1e-06 3.273807 0.305946 -0.580111 21.486813 11.83038 2.266135 8.162928 2e-06 0.0 18.399082 -3.798985 -4.940577 4e-06 -0.0 -2e-06 -3.183822 18.363129 -12.221077 0.01549 -1.426928 10.051982 -9.629374 2.178364 -19.344267 1.85772 -2.019606 -2.306059 -0.0 1e-06 2e-06 10.250649 -3.894922 -72.655678 0.090959 -0.277739 55.217674 -8.063805 16.836248 -15.83356 -1.401193 1.087318 3.633091 -0.0 0.0 -1e-06 
0.0 0.0 0.0 0.0 -0.0 0.0 -4.005598 88.970276 52.958687 2.184549 -0.48475 33.920612 3.599689 0.046417 22.563129 0.636523 -1.64504 4.142108 -4.599806 -5.226568 17.547092 -5.61853 4.259785 -13.9141 -1.374782 -0.958834 -3.379817 -7.884902 -0.23069 2.40001 7.7e-05 -2.3e-05 6e-06 0.291812 -0.178266 -0.051651 1.113649 -3.869818 -10.589508 -0.539322 3.532345 -10.500031 17.771128 -18.348961 2.458169 7.398464 -23.301048 -90.308174 -0.008146 -15.186658 0.570033 11.659138 4.771914 -40.966354 -5.882109 9.861286 0.702591 -10.936872 -0.360574 7.156208 2e-06 8.774825 1e-06 -14.574552 17.853783 6.675627 -1.84403 2.498506 -2.507278 -10.163598 4.678948 4.62111 -20.976023 -2e-06 -0.0 -21.226288 2.451695 -3.594002 0.0 -6e-06 -0.0 -1.362681 2.2408 -0.746323 -21.334913 0.58491 3.008323 -13.821213 -1e-06 1e-06 -23.887167 -0.249079 -0.839484 -57.204788 2.678055 -1.181686 -0.294024 1.679688 0.833256 -14.218208 0.093214 1.30058 -34.212048 -0.287563 0.96717 -20.033213 0.964539 1.212842 -0.0 -1e-06 -0.0 -3.440386 0.788235 0.501656 -15.928185 -3.167308 2.999708 -6.338826 -0.0 1e-06 -18.123444 3.648184 -4.905672 -4e-06 -0.0 -2e-06 -37.83786 19.144644 -4.310232 22.39995 25.527657 -66.617851 -0.743715 21.253799 -0.115554 -5.615896 -17.555277 -91.931564 2.243543 -5.255039 -3.180159 14.282889 -0.826594 6.952504 -4e-06 -12.690607 1e-06 16.706495 -17.112923 2.07547 1.665666 -1.955922 -2.8783 4.727797 -4.170588 4.993925 11.020524 3e-06 -3e-06 12.109053 -3.735714 -2.866785 -0.0 -0.0 -0.0 1.291986 -1.928551 -1.498089 14.800123 0.56747 3.865608 14.242571 -1.341734 -6.660663 19.631966 0.143929 -0.648247 50.943455 -1.480085 -6.316738 0.353028 -1.511153 -0.03194 20.222792 3.684309 2.316629 18.78727 7e-06 -3e-06 10.751626 -0.479868 1.397906 -1e-06 -1e-06 -0.0 3.273806 0.305948 -0.580112 21.486813 11.830379 2.266131 8.162926 1e-06 0.0 18.39908 -3.798984 -4.940576 3e-06 -0.0 -2e-06 -3.147205 18.156708 -11.762603 0.005021 -1.47068 10.079665 -9.393241 2.326153 -19.115372 1.869573 -2.060004 -2.452315 0.0 0.0 3e-06 10.371272 -4.163086 -72.328079 0.083405 -0.29175 55.3442 -8.326229 17.018635 -15.814929 -1.405707 1.045739 3.650112 -0.0 0.0 -1e-06 
0.0 0.0 0.0 0.0 -0.0 0.0 -3.917388 88.953384 52.940212 2.179294 -0.60587 33.559879 3.614655 0.025635 22.439632 0.653417 -1.700864 4.076673 -4.568895 -5.144935 17.462309 -5.958894 4.246373 -13.944652 -1.274985 -0.902466 -3.367111 -8.032475 0.036015 2.350453 7.7e-05 -2.3e-05 6e-06 0.298227 -0.190319 -0.061803 1.119818 -3.885675 -10.569769 -0.531662 3.523306 -10.481082 17.661829 -18.51598 2.468068 6.653217 -24.202881 -88.239952 -0.151765 -14.388824 0.49196 9.743968 5.474653 -39.096725 -5.882105 9.861286 0.702592 -10.93687 -0.360576 7.156205 1e-06 8.774824 -1e-06 -14.763317 17.997833 6.52614 -1.844032 2.498505 -2.507277 -10.163599 4.678946 4.621109 -20.976021 -3e-06 2e-06 -21.226284 2.451697 -3.594 -0.0 -5e-06 -0.0 -1.36268 2.240798 -0.746324 -21.334913 0.584908 3.008323 -13.821213 -3e-06 2e-06 -23.887163 -0.249081 -0.839482 -57.310589 2.685547 -1.262992 -0.294024 1.679689 0.833256 -14.218208 0.093214 1.300581 -34.212048 -0.287565 0.967173 -20.033213 0.964537 1.212845 -1e-06 -1e-06 0.0 -3.440389 0.788233 0.501656 -15.928183 -3.167312 2.999708 -6.338825 -1e-06 0.0 -18.123444 3.648183 -4.905669 -4e-06 2e-06 -2e-06 -37.591724 19.577768 -4.217354 22.603542 25.614244 -64.889267 0.272288 19.505877 0.147379 -1.900222 -15.878728 -91.319069 2.243541 -5.255037 -3.180158 14.282894 -0.826595 6.952506 -4e-06 -12.690603 1e-06 16.633253 -17.199522 2.339605 1.665665 -1.955921 -2.878299 4.727801 -4.170587 4.993927 11.020526 3e-06 -1e-06 12.109051 -3.735717 -2.866782 0.0 0.0 -1e-06 1.291986 -1.928549 -1.49809 14.800129 0.567468 3.86561 14.242576 -1.341736 -6.660657 19.631973 0.143925 -0.648243 51.096947 -1.524942 -6.276603 0.353029 -1.511149 -0.03194 20.222794 3.684312 2.316635 18.787273 4e-06 3e-06 10.751629 -0.47987 1.397909 -0.0 0.0 -1e-06 3.273808 0.305945 -0.580112 21.486816 11.830379 2.266135 8.16293 2e-06 1e-06 18.399084 -3.798987 -4.940572 4e-06 0.0 -2e-06 -3.12395 17.941355 -11.339369 0.007503 -1.508173 10.087946 -9.237708 2.349069 -18.903946 1.876278 -2.091969 -2.619799 0.0 0.0 2e-06 10.426489 -4.39441 -72.028709 0.071948 -0.305071 55.463451 -8.576016 17.14094 -15.81322 -1.408996 1.015376 3.690969 -0.0 -0.0 -1e-06 
0.0 0.0 0.0 0.0 -0.0 0.0 -3.898432 88.957443 52.900513 2.187501 -0.706818 33.266418 3.645624 -0.006307 22.345444 0.667141 -1.747104 4.039117 -4.568586 -5.106182 17.398636 -6.290959 4.233438 -14.060792 -1.244733 -0.783069 -3.347234 -8.084825 0.195877 2.374107 7.7e-05 -2.3e-05 6e-06 0.304673 -0.199549 -0.064005 1.121771 -3.899604 -10.551855 -0.519809 3.518412 -10.461785 17.534266 -18.648438 2.539332 6.215132 -24.824814 -87.052383 -0.21583 -13.751781 0.456586 8.794994 5.813517 -38.832169 -5.882106 9.861284 0.702592 -10.936873 -0.360573 7.156209 2e-06 8.774824 1e-06 -14.939982 18.089319 6.414585 -1.844031 2.498506 -2.507277 -10.163598 4.678944 4.621113 -20.976023 -3e-06 6e-06 -21.226286 2.451699 -3.593996 -0.0 -5e-06 -0.0 -1.362681 2.240798 -0.746323 -21.334917 0.584911 3.008328 -13.821215 0.0 5e-06 -23.887171 -0.249076 -0.839479 -57.391411 2.644645 -1.341605 -0.294023 1.679688 0.833257 -14.218208 0.093214 1.300583 -34.212048 -0.287561 0.967176 -20.033215 0.964541 1.212846 -1e-06 -1e-06 0.0 -3.44039 0.788233 0.501657 -15.928187 -3.167309 2.999711 -6.338826 -1e-06 3e-06 -18.123444 3.648185 -4.905665 -4e-06 1e-06 -2e-06 -37.561119 19.97459 -4.25331 22.974871 25.744335 -63.718834 0.821477 18.616032 0.287095 0.238652 -14.654489 -91.061058 2.243539 -5.255034 -3.180156 14.282883 -0.826594 6.952501 -3e-06 -12.690598 -2e-06 16.6542 -17.280441 2.430078 1.665664 -1.955921 -2.878298 4.727797 -4.170586 4.993923 11.020519 3e-06 -0.0 12.109046 -3.735712 -2.86678 -0.0 1e-06 -1e-06 1.291985 -1.928549 -1.498088 14.800122 0.56747 3.865607 14.242562 -1.341737 -6.660653 19.631956 0.143924 -0.648243 51.084492 -1.477737 -6.322257 0.353028 -1.511149 -0.031941 20.222782 3.684309 2.316631 18.787264 5e-06 3e-06 10.751623 -0.479868 1.397906 1e-06 1e-06 0.0 3.273805 0.305948 -0.58011 21.486801 11.830369 2.266133 8.162923 2e-06 -1e-06 18.399071 -3.798985 -4.940569 2e-06 0.0 -1e-06 -3.089503 17.75271 -10.995596 0.017563 -1.502708 10.054766 -9.161407 2.263591 -18.703236 1.873536 -2.083488 -2.78107 0.0 0.0 2e-06 10.42292 -4.490123 -71.759659 0.066707 -0.315615 55.490883 -8.724262 17.102379 -15.811164 -1.41045 1.021248 3.764876 0.0 -0.0 -1e-06 
0.0 0.0 0.0 0.0 -0.0 0.0 -3.939392 88.964638 52.840572 2.214318 -0.816624 33.032833 3.664797 -0.02885 22.305424 0.670528 -1.761727 4.015363 -4.582135 -5.097093 17.347816 -6.57832 4.235194 -14.198141 -1.27407 -0.691545 -3.331458 -8.076201 0.303983 2.441439 7.6e-05 -2.2e-05 5e-06 0.308433 -0.203479 -0.06117 1.12148 -3.902619 -10.530416 -0.511753 3.513754 -10.436738 17.450766 -18.757004 2.54951 6.011466 -25.230625 -86.46476 -0.227154 -13.231466 0.439672 8.438088 5.963515 -39.508171 -5.882109 9.861289 0.702591 -10.936874 -0.360574 7.15621 1e-06 8.77483 -1e-06 -15.050142 18.116716 6.370518 -1.844033 2.498504 -2.50728 -10.163601 4.678947 4.621114 -20.97603 -2e-06 3e-06 -21.226295 2.4517 -3.594001 -0.0 -5e-06 -0.0 -1.362682 2.2408 -0.746323 -21.334923 0.584911 3.008326 -13.82122 -2e-06 3e-06 -23.887178 -0.249077 -0.839482 -57.489273 2.60829 -1.378103 -0.294025 1.679689 0.833257 -14.218215 0.093213 1.300582 -34.212059 -0.287563 0.967174 -20.033222 0.964539 1.212846 0.0 -1e-06 -0.0 -3.44039 0.788233 0.501656 -15.928192 -3.167309 2.999711 -6.338827 -2e-06 2e-06 -18.123453 3.648186 -4.905671 -4e-06 1e-06 -2e-06 -37.70311 20.256794 -4.377757 23.329813 25.870741 -63.026501 0.957874 18.353634 0.340577 1.124578 -13.95563 -91.388107 2.243543 -5.25504 -3.180159 14.282896 -0.826593 6.952505 -2e-06 -12.690605 -2e-06 16.745718 -17.307182 2.409687 1.665666 -1.955923 -2.8783 4.727801 -4.170588 4.993926 11.020528 3e-06 -2e-06 12.109056 -3.735717 -2.866786 0.0 1e-06 0.0 1.291987 -1.92855 -1.498089 14.800132 0.567468 3.865608 14.242577 -1.341736 -6.660661 19.631971 0.143928 -0.648244 51.010113 -1.399255 -6.336858 0.353031 -1.511153 -0.031941 20.222797 3.68431 2.316631 18.787279 6e-06 -1e-06 10.751631 -0.479869 1.397907 1e-06 1e-06 0.0 3.273809 0.305948 -0.580111 21.48682 11.830379 2.266135 8.16293 1e-06 -0.0 18.399084 -3.798986 -4.940577 3e-06 0.0 -1e-06 -3.064125 17.613901 -10.758329 0.022841 -1.481206 10.062759 -9.106551 2.141768 -18.495407 1.870828 -2.065264 -2.948518 -0.0 -1e-06 2e-06 10.364354 -4.461182 -71.543045 0.069489 -0.318432 55.480217 -8.777045 16.980024 -15.795274 -1.410954 1.044635 3.828298 0.0 -1e-06 -1e-06 
0.0 0.0 0.0 0.0 -0.0 0.0 -4.013042 88.98539 52.76646 2.260183 -0.917241 32.847092 3.662273 -0.035185 22.291788 0.682324 -1.766577 4.013438 -4.618859 -5.107765 17.302639 -6.809042 4.239457 -14.33802 -1.310686 -0.636 -3.323577 -8.067704 0.411263 2.548518 7.6e-05 -2.2e-05 4e-06 0.308102 -0.203761 -0.057681 1.123441 -3.901317 -10.52002 -0.514542 3.512162 -10.426819 17.428923 -18.87715 2.467119 6.018834 -25.45455 -86.227409 -0.261372 -12.68488 0.432981 8.351576 6.01949 -40.599155 -5.882107 9.861288 0.702591 -10.936874 -0.360576 7.156209 1e-06 8.774826 -1e-06 -15.05163 18.117931 6.397898 -1.844032 2.498504 -2.507278 -10.1636 4.678946 4.62111 -20.976028 -3e-06 3e-06 -21.226292 2.451697 -3.594 -0.0 -5e-06 -0.0 -1.362683 2.240798 -0.746323 -21.334921 0.584908 3.008327 -13.821218 -3e-06 4e-06 -23.887177 -0.24908 -0.83948 -57.539719 2.593772 -1.373675 -0.294022 1.679687 0.833257 -14.218212 0.093213 1.300582 -34.212051 -0.287565 0.967175 -20.033218 0.964537 1.212846 -0.0 -0.0 -0.0 -3.44039 0.788234 0.501656 -15.928189 -3.167311 2.999709 -6.338827 -2e-06 2e-06 -18.123447 3.64818 -4.905669 -4e-06 1e-06 -2e-06 -38.007256 20.407047 -4.597762 23.516708 25.961857 -62.522099 0.846148 18.323025 0.344491 1.472683 -13.504457 -92.088333 2.243541 -5.255037 -3.180157 14.282887 -0.826591 6.952503 -3e-06 -12.690602 -2e-06 16.841459 -17.301216 2.354565 1.665666 -1.955921 -2.878299 4.727797 -4.170585 4.993922 11.020522 3e-06 -1e-06 12.10905 -3.735716 -2.866784 0.0 1e-06 -2e-06 1.291986 -1.928549 -1.49809 14.800127 0.567471 3.865607 14.242568 -1.341734 -6.660656 19.631958 0.143928 -0.648245 50.921005 -1.323391 -6.309558 0.353031 -1.511152 -0.031939 20.222786 3.684309 2.316631 18.78727 5e-06 0.0 10.751625 -0.479868 1.397907 1e-06 1e-06 -0.0 3.273806 0.305948 -0.580111 21.486809 11.830376 2.266135 8.162924 3e-06 0.0 18.399076 -3.798984 -4.940572 3e-06 0.0 -1e-06 -3.051952 17.54488 -10.572687 0.02286 -1.457381 10.035498 -9.05277 2.023381 -18.210287 1.872379 -2.057464 -3.152713 -0.0 1e-06 2e-06 10.258675 -4.351762 -71.358261 0.078393 -0.308755 55.418411 -8.779761 16.838989 -15.76302 -1.410389 1.066085 3.859824 -0.0 -1e-06 -1e-06 
0.0 0.0 0.0 0.0 -0.0 0.0 -4.106345 89.014191 52.691418 2.310817 -1.005768 32.682411 3.641584 -0.030258 22.292496 0.697577 -1.766432 4.024143 -4.69257 -5.136656 17.261436 -6.984276 4.224485 -14.440588 -1.340321 -0.581456 -3.329794 -8.045581 0.530383 2.756245 7.6e-05 -2.2e-05 5e-06 0.308366 -0.203014 -0.054738 1.12947 -3.901479 -10.525232 -0.520278 3.513893 -10.433223 17.470629 -19.008871 2.334636 6.150451 -25.580151 -86.246857 -0.313498 -12.150224 0.423831 8.411459 6.02481 -41.758057 -5.88211 9.861298 0.702593 -10.93688 -0.360574 7.156214 0.0 8.774836 0.0 -15.000438 18.091057 6.451351 -1.844034 2.498508 -2.507281 -10.16361 4.678953 4.621115 -20.97604 -3e-06 3e-06 -21.226305 2.451701 -3.594003 0.0 -6e-06 -1e-06 -1.362682 2.240801 -0.746325 -21.33493 0.584913 3.008328 -13.821225 -0.0 2e-06 -23.88719 -0.249077 -0.839485 -57.562405 2.579525 -1.340216 -0.294026 1.679689 0.833257 -14.218221 0.093216 1.300583 -34.212078 -0.28756 0.967172 -20.033232 0.964539 1.212844 -0.0 -0.0 1e-06 -3.44039 0.788236 0.501656 -15.928201 -3.167312 2.999712 -6.33883 0.0 2e-06 -18.123459 3.648189 -4.905675 -4e-06 1e-06 -2e-06 -38.48217 20.426628 -4.954854 23.582115 26.024046 -62.131519 0.630195 18.353235 0.315442 1.50081 -13.169782 -92.840157 2.243544 -5.255043 -3.180159 14.282902 -0.826594 6.95251 -4e-06 -12.690619 -1e-06 16.888474 -17.265423 2.310501 1.665667 -1.955923 -2.878303 4.727802 -4.170592 4.99393 11.020535 3e-06 -2e-06 12.109061 -3.73572 -2.866787 0.0 1e-06 -2e-06 1.291986 -1.928553 -1.498091 14.80014 0.567473 3.865612 14.242582 -1.341737 -6.660665 19.631983 0.14393 -0.648245 50.838432 -1.261579 -6.256638 0.353029 -1.511153 -0.031941 20.222809 3.684317 2.316634 18.787289 8e-06 -0.0 10.751636 -0.479869 1.397908 1e-06 1e-06 -0.0 3.273808 0.305947 -0.580112 21.486834 11.830394 2.266138 8.162935 3e-06 1e-06 18.399099 -3.798988 -4.940578 4e-06 0.0 -1e-06 -3.036709 17.584558 -10.396711 0.017157 -1.452186 9.972467 -9.004587 1.873891 -17.890306 1.877204 -2.058419 -3.395494 -0.0 1e-06 2e-06 10.128975 -4.194764 -71.178062 0.092292 -0.294286 55.327168 -8.757864 16.660122 -15.743464 -1.40918 1.079085 3.879462 0.0 -0.0 -1e-06 
0.0 0.0 0.0 0.0 -0.0 0.0 -4.223608 89.037209 52.627842 2.362621 -1.080206 32.497673 3.614895 -0.019425 22.308889 0.711069 -1.774828 4.033836 -4.807095 -5.163797 17.237455 -7.073347 4.141169 -14.472215 -1.358613 -0.47825 -3.336493 -8.056723 0.658549 3.019807 7.6e-05 -2.2e-05 5e-06 0.310207 -0.204282 -0.053843 1.141587 -3.904791 -10.542083 -0.529046 3.514154 -10.453445 17.567539 -19.168348 2.219304 6.300795 -25.651207 -86.414925 -0.410602 -11.737732 0.433837 8.559 5.948932 -42.830151 -5.88211 9.86129 0.70259 -10.936881 -0.360578 7.156214 0.0 8.774828 -3e-06 -14.908039 18.062647 6.503661 -1.844032 2.498507 -2.507281 -10.163607 4.678947 4.621113 -20.97604 -3e-06 4e-06 -21.226301 2.451696 -3.594 0.0 -5e-06 -0.0 -1.362684 2.240799 -0.746324 -21.33493 0.584907 3.008328 -13.821224 -3e-06 4e-06 -23.887188 -0.249079 -0.83948 -57.505749 2.557952 -1.314995 -0.294025 1.679688 0.833256 -14.218219 0.093212 1.300584 -34.212074 -0.287564 0.967177 -20.03323 0.964539 1.212848 -0.0 -0.0 -0.0 -3.44039 0.788234 0.501657 -15.928201 -3.167313 2.999713 -6.338831 -3e-06 2e-06 -18.123459 3.648183 -4.905672 -4e-06 1e-06 -2e-06 -39.08276 20.290262 -5.39313 23.544649 26.107 -61.966633 0.424764 18.38048 0.274701 1.341102 -12.775506 -93.248947 2.243539 -5.255037 -3.180161 14.2829 -0.826592 6.952512 -5e-06 -12.690609 -2e-06 16.916723 -17.250233 2.248379 1.665666 -1.955922 -2.8783 4.727799 -4.170588 4.993927 11.020532 4e-06 1e-06 12.109056 -3.735714 -2.866783 0.0 1e-06 -2e-06 1.291985 -1.928551 -1.498091 14.800139 0.567471 3.865613 14.242577 -1.341734 -6.660659 19.631979 0.143927 -0.648242 50.759407 -1.223713 -6.238142 0.353029 -1.511149 -0.031941 20.222803 3.684315 2.316637 18.787287 5e-06 6e-06 10.751636 -0.479867 1.39791 1e-06 2e-06 -0.0 3.27381 0.305947 -0.580111 21.486834 11.830383 2.266141 8.162933 3e-06 1e-06 18.399094 -3.798985 -4.940573 3e-06 0.0 -2e-06 -2.995147 17.716213 -10.189893 0.013182 -1.462101 9.908107 -8.935716 1.667151 -17.594515 1.883391 -2.068662 -3.660029 -0.0 1e-06 2e-06 9.99649 -4.020461 -70.972191 0.108998 -0.282878 55.251713 -8.760335 16.466393 -15.746056 -1.406827 1.086954 3.864038 0.0 -0.0 -1e-06 
0.0 0.0 0.0 0.0 -0.0 0.0 -4.361828 89.045349 52.582085 2.400375 -1.143219 32.278149 3.585483 -0.008653 22.321623 0.70746 -1.782486 4.033063 -4.94303 -5.204935 17.243744 -7.133535 4.035436 -14.433024 -1.360585 -0.360334 -3.333093 -8.066249 0.762299 3.27005 7.7e-05 -2.3e-05 5e-06 0.308252 -0.203391 -0.050609 1.149532 -3.907877 -10.560496 -0.541031 3.518068 -10.475512 17.599579 -19.316019 2.186687 6.441924 -25.781452 -86.659798 -0.488137 -11.564891 0.465052 8.895925 5.75968 -43.923344 -5.882107 9.861293 0.70259 -10.936877 -0.360573 7.156212 2e-06 8.774831 1e-06 -14.791104 18.033033 6.565986 -1.844035 2.498505 -2.50728 -10.163604 4.678948 4.621113 -20.976034 -4e-06 1e-06 -21.226299 2.451698 -3.594004 -0.0 -5e-06 -1e-06 -1.362684 2.240801 -0.746324 -21.334929 0.584911 3.008327 -13.821221 -1e-06 2e-06 -23.887182 -0.249079 -0.839485 -57.428616 2.538693 -1.284086 -0.294026 1.679687 0.833257 -14.218215 0.093216 1.300582 -34.212059 -0.287562 0.967171 -20.033222 0.964541 1.212844 -0.0 -0.0 0.0 -3.440388 0.788233 0.501656 -15.928192 -3.167312 2.999711 -6.338829 -1e-06 1e-06 -18.123455 3.648186 -4.905674 -4e-06 2e-06 -2e-06 -39.778957 20.048096 -5.828866 23.501165 26.230694 -62.051163 0.250109 18.505634 0.232429 0.910714 -12.416679 -93.35157 2.24354 -5.255037 -3.18016 14.282887 -0.826592 6.952504 -3e-06 -12.690607 -2e-06 16.953671 -17.271624 2.148092 1.665666 -1.95592 -2.878298 4.727796 -4.170584 4.993923 11.020522 4e-06 -0.0 12.109048 -3.735713 -2.866785 -1e-06 1e-06 -2e-06 1.291984 -1.92855 -1.498091 14.800125 0.56747 3.865607 14.242568 -1.341733 -6.660657 19.631962 0.143928 -0.648242 50.648788 -1.195325 -6.250861 0.353028 -1.511149 -0.03194 20.222788 3.684313 2.316632 18.78727 6e-06 2e-06 10.751627 -0.479867 1.397907 0.0 0.0 -0.0 3.273807 0.305949 -0.580109 21.486813 11.830377 2.266135 8.162928 2e-06 1e-06 18.39908 -3.798983 -4.940571 3e-06 0.0 -2e-06 -2.909965 17.966326 -9.948547 0.012759 -1.469013 9.877046 -8.878723 1.420527 -17.397884 1.888953 -2.081548 -3.859849 0.0 -0.0 2e-06 9.866146 -3.811408 -70.729584 0.121518 -0.273276 55.214359 -8.771204 16.235584 -15.781799 -1.403029 1.097781 3.825687 0.0 -0.0 -1e-06 
0.0 0.0 0.0 0.0 -0.0 0.0 -4.500258 89.034492 52.554577 2.415136 -1.1887 32.033791 3.557446 -0.006376 22.300119 0.692942 -1.791082 4.012342 -5.097271 -5.25915 17.275713 -7.195081 3.950479 -14.297462 -1.341165 -0.278127 -3.320259 -8.066341 0.834127 3.44972 7.7e-05 -2.3e-05 6e-06 0.310143 -0.203116 -0.045662 1.158301 -3.910071 -10.569921 -0.546365 3.519971 -10.486503 17.482229 -19.425508 2.229678 6.498673 -26.049364 -86.973396 -0.501079 -11.71301 0.496513 9.522161 5.416068 -45.015297 -5.88211 9.861292 0.702588 -10.936877 -0.360576 7.15621 -1e-06 8.774831 -2e-06 -14.694218 17.997715 6.620478 -1.844032 2.498507 -2.50728 -10.163604 4.678948 4.621111 -20.976036 -1e-06 1e-06 -21.226299 2.451698 -3.594005 -0.0 -6e-06 -0.0 -1.362682 2.240799 -0.746325 -21.334929 0.584911 3.008327 -13.821221 -1e-06 2e-06 -23.887182 -0.249076 -0.839483 -57.380413 2.517168 -1.260547 -0.294025 1.67969 0.833257 -14.218214 0.093215 1.300582 -34.212059 -0.28756 0.967172 -20.033222 0.964537 1.212845 -0.0 -0.0 0.0 -3.44039 0.788234 0.501657 -15.928194 -3.167311 2.999711 -6.33883 -1e-06 2e-06 -18.123457 3.648186 -4.905674 -4e-06 1e-06 -2e-06 -40.486191 19.766003 -6.216247 23.502935 26.415276 -62.177086 0.086954 18.611811 0.18303 0.373225 -12.235641 -93.34391 2.243541 -5.25504 -3.180161 14.282899 -0.82659 6.95251 -5e-06 -12.690615 -4e-06 16.978878 -17.289528 2.048093 1.665665 -1.955921 -2.878302 4.7278 -4.170588 4.993929 11.020532 5e-06 -1e-06 12.109056 -3.735719 -2.866785 0.0 1e-06 -2e-06 1.291984 -1.92855 -1.49809 14.800138 0.567471 3.865613 14.242577 -1.341736 -6.660661 19.631975 0.143927 -0.648239 50.510708 -1.176943 -6.257852 0.35303 -1.511151 -0.031939 20.222803 3.684315 2.316638 18.787283 7e-06 4e-06 10.751633 -0.479867 1.39791 0.0 0.0 -0.0 3.273809 0.305949 -0.58011 21.48683 11.830388 2.266141 8.162934 3e-06 2e-06 18.399092 -3.798987 -4.940572 3e-06 -1e-06 -2e-06 -2.787676 18.33078 -9.700667 0.017863 -1.467833 9.905826 -8.869684 1.183105 -17.389372 1.893387 -2.089929 -3.923027 0.0 1e-06 2e-06 9.736574 -3.574558 -70.468407 0.118399 -0.276188 55.227631 -8.780305 15.99262 -15.861986 -1.39915 1.109155 3.783489 0.0 -0.0 -1e-06 
0.0 0.0 0.0 0.0 -0.0 0.0 -4.644532 89.01371 52.552067 2.42305 -1.192488 31.757227 3.535968 -0.005454 22.245308 0.660087 -1.806246 3.961611 -5.248018 -5.31775 17.308304 -7.216491 3.888096 -14.024079 -1.328032 -0.25213 -3.308339 -8.058491 0.867905 3.527201 7.7e-05 -2.3e-05 5e-06 0.318542 -0.206591 -0.04126 1.167873 -3.913326 -10.567725 -0.539601 3.515682 -10.484824 17.239481 -19.505322 2.326387 6.312671 -26.525484 -87.261024 -0.44036 -12.169429 0.523782 10.410444 4.976902 -45.963249 -5.882107 9.861292 0.702594 -10.936875 -0.360574 7.156209 2e-06 8.77483 1e-06 -14.626757 17.94278 6.674736 -1.844033 2.498503 -2.507279 -10.163602 4.678948 4.621113 -20.976028 -5e-06 5e-06 -21.22629 2.4517 -3.593999 -1e-06 -5e-06 -1e-06 -1.362681 2.240798 -0.746323 -21.334919 0.584909 3.008327 -13.821218 -3e-06 3e-06 -23.887175 -0.249079 -0.83948 -57.380421 2.507576 -1.24579 -0.294024 1.679688 0.833257 -14.218211 0.093214 1.300582 -34.212055 -0.287564 0.967174 -20.033218 0.964537 1.212845 -0.0 0.0 0.0 -3.440389 0.788234 0.501657 -15.928189 -3.167311 2.999709 -6.338827 -2e-06 2e-06 -18.123447 3.648184 -4.905668 -4e-06 0.0 -2e-06 -41.019096 19.496998 -6.493829 23.58127 26.684124 -62.152264 -0.036727 18.620731 0.152335 -0.130276 -12.313633 -93.320602 2.243539 -5.255037 -3.180157 14.282894 -0.826595 6.952505 -5e-06 -12.690609 2e-06 16.975538 -17.287201 1.986375 1.665666 -1.95592 -2.878299 4.727798 -4.170588 4.993927 11.020526 5e-06 -0.0 12.109053 -3.735716 -2.86678 -1e-06 -0.0 -1e-06 1.291987 -1.928548 -1.498088 14.800129 0.567471 3.865608 14.242571 -1.341734 -6.660656 19.631969 0.143929 -0.648241 50.372131 -1.16675 -6.248911 0.353027 -1.51115 -0.031938 20.222794 3.684313 2.316629 18.787273 7e-06 1e-06 10.75163 -0.479867 1.397907 0.0 0.0 -0.0 3.273806 0.305947 -0.580111 21.486816 11.830381 2.266133 8.162929 1e-06 -0.0 18.399084 -3.798985 -4.940573 4e-06 1e-06 -1e-06 -2.616744 18.755857 -9.396243 0.028158 -1.464027 9.927948 -8.944903 0.914096 -17.531734 1.894762 -2.094856 -3.843929 0.0 1e-06 2e-06 9.631601 -3.365896 -70.171608 0.097665 -0.292125 55.278538 -8.79179 15.756755 -15.961167 -1.396386 1.112174 3.772336 0.0 -1e-06 -1e-06 
0.0 0.0 0.0 0.0 -0.0 0.0 -4.791252 89.000351 52.56741 2.441506 -1.115719 31.440918 3.528792 0.002373 22.154697 0.609735 -1.845308 3.890274 -5.382481 -5.376918 17.327393 -7.178793 3.855308 -13.677226 -1.334992 -0.283595 -3.300421 -8.042508 0.888838 3.547359 7.7e-05 -2.2e-05 6e-06 0.328682 -0.214041 -0.040076 1.174122 -3.920409 -10.564226 -0.52568 3.507509 -10.483541 16.881742 -19.604921 2.491561 5.816531 -27.184929 -87.4842 -0.340791 -12.85064 0.550869 11.501445 4.53207 -46.826447 -5.882112 9.861293 0.702588 -10.93688 -0.360575 7.156213 -0.0 8.774833 -2e-06 -14.597484 17.884634 6.718534 -1.844033 2.498507 -2.507281 -10.163607 4.678947 4.621113 -20.97604 -0.0 0.0 -21.226307 2.451698 -3.594005 -0.0 -6e-06 -0.0 -1.362683 2.240801 -0.746325 -21.33493 0.584911 3.008325 -13.821223 -1e-06 1e-06 -23.887184 -0.249078 -0.839486 -57.424713 2.518385 -1.224785 -0.294025 1.679687 0.833257 -14.218223 0.093215 1.300581 -34.212078 -0.28756 0.967167 -20.033232 0.964538 1.212842 0.0 1e-06 0.0 -3.440392 0.788234 0.501657 -15.928201 -3.16731 2.999711 -6.338833 -0.0 2e-06 -18.123463 3.648186 -4.905676 -4e-06 1e-06 -2e-06 -41.263969 19.277016 -6.639335 23.823652 27.070461 -61.945049 -0.059823 18.579292 0.168423 -0.602178 -12.701756 -93.283249 2.24354 -5.255037 -3.18016 14.282895 -0.826594 6.952507 -5e-06 -12.690607 -2e-06 16.938 -17.264881 1.980345 1.665667 -1.955922 -2.878299 4.727801 -4.170586 4.993926 11.020528 4e-06 -0.0 12.109055 -3.735717 -2.866785 -0.0 1e-06 -1e-06 1.291986 -1.92855 -1.49809 14.800136 0.56747 3.865609 14.242575 -1.341734 -6.660661 19.631973 0.143926 -0.648244 50.299709 -1.17255 -6.22573 0.353029 -1.511151 -0.031941 20.222799 3.684312 2.316634 18.787279 6e-06 0.0 10.751631 -0.479869 1.397908 -0.0 0.0 -0.0 3.273807 0.305947 -0.580111 21.48682 11.830377 2.266137 8.16293 2e-06 1e-06 18.399088 -3.798983 -4.940574 4e-06 1e-06 -2e-06 -2.392028 19.172518 -8.999183 0.044064 -1.473981 9.875824 -9.078018 0.631215 -17.714602 1.896019 -2.106962 -3.712665 0.0 1e-06 3e-06 9.539029 -3.215065 -69.819122 0.058263 -0.322015 55.330952 -8.782592 15.525233 -16.012707 -1.394334 1.103273 3.765082 0.0 -1e-06 -1e-06 
0.0 0.0 0.0 0.0 -0.0 0.0 -4.93417 89.019928 52.596302 2.476476 -0.9635 31.121128 3.527914 0.009116 22.01372 0.53803 -1.891947 3.81111 -5.513744 -5.43679 17.323372 -7.037737 3.84322 -13.361352 -1.354295 -0.308405 -3.296599 -8.02431 0.918225 3.531661 7.8e-05 -2.3e-05 6e-06 0.330776 -0.22041 -0.043958 1.169264 -3.929575 -10.566363 -0.516426 3.503922 -10.487704 16.429382 -19.727995 2.718404 5.016944 -27.980848 -87.652458 -0.219263 -13.686663 0.575149 12.692313 4.063111 -47.727493 -5.88211 9.861289 0.702591 -10.936879 -0.360576 7.156212 1e-06 8.774831 -1e-06 -14.589942 17.83161 6.741713 -1.844031 2.498506 -2.50728 -10.163605 4.678946 4.621113 -20.976038 -3e-06 5e-06 -21.226299 2.451697 -3.593999 1e-06 -7e-06 -1e-06 -1.362683 2.240801 -0.746323 -21.334929 0.584909 3.008328 -13.821221 -2e-06 4e-06 -23.887184 -0.249074 -0.839479 -57.473919 2.521457 -1.212824 -0.294025 1.679687 0.833256 -14.218217 0.093214 1.300583 -34.212074 -0.287564 0.967177 -20.033226 0.964538 1.212847 0.0 1e-06 0.0 -3.44039 0.788232 0.501656 -15.928196 -3.167311 2.999712 -6.33883 -3e-06 2e-06 -18.123459 3.648185 -4.905671 -4e-06 -1e-06 -1e-06 -41.185478 19.133484 -6.673887 24.294838 27.592138 -61.594204 -0.02742 18.58213 0.206554 -1.134689 -13.414431 -93.108704 2.243542 -5.255042 -3.18016 14.282904 -0.826595 6.952511 -6e-06 -12.690618 1e-06 16.913839 -17.255495 2.015149 1.665666 -1.955923 -2.878301 4.727802 -4.170592 4.993928 11.020533 5e-06 -0.0 12.109058 -3.735718 -2.866787 -0.0 -0.0 -2e-06 1.291986 -1.92855 -1.498092 14.80014 0.56747 3.865614 14.242582 -1.341737 -6.66066 19.631985 0.143927 -0.648241 50.321907 -1.171942 -6.20898 0.353029 -1.511152 -0.031938 20.222805 3.684317 2.316633 18.787289 5e-06 3e-06 10.751637 -0.479868 1.39791 -0.0 0.0 -1e-06 3.27381 0.305947 -0.580112 21.486834 11.830389 2.266138 8.162936 1e-06 1e-06 18.399097 -3.798988 -4.940576 4e-06 0.0 -2e-06 -2.132228 19.543707 -8.506237 0.061722 -1.490904 9.678424 -9.224941 0.345096 -17.833628 1.896802 -2.117573 -3.578121 -0.0 1e-06 2e-06 9.470428 -3.150369 -69.419052 0.018664 -0.35815 55.314178 -8.717649 15.318334 -15.981458 -1.39187 1.090651 3.769192 0.0 -0.0 -1e-06 
0.0 0.0 0.0 0.0 -0.0 0.0 -5.070507 89.06089 52.643848 2.517393 -0.73316 30.81275 3.535599 0.009369 21.830637 0.450538 -1.924453 3.717215 -5.617512 -5.474403 17.276081 -6.798632 3.824306 -13.105167 -1.355146 -0.278215 -3.294638 -8.020603 0.93726 3.468338 7.8e-05 -2.2e-05 6e-06 0.321205 -0.222701 -0.050151 1.151738 -3.940043 -10.578756 -0.517592 3.509708 -10.501883 15.877032 -19.839525 3.009968 3.963051 -28.912031 -87.554123 -0.094899 -14.589262 0.587799 13.6855 3.586407 -48.630665 -5.882104 9.861288 0.702592 -10.93687 -0.360574 7.156205 1e-06 8.774828 -0.0 -14.585149 17.794374 6.764563 -1.844032 2.498505 -2.507277 -10.163598 4.678946 4.62111 -20.976021 -4e-06 2e-06 -21.226282 2.451697 -3.594 1e-06 -6e-06 -0.0 -1.36268 2.240799 -0.746323 -21.334913 0.584908 3.008324 -13.821213 -2e-06 3e-06 -23.887169 -0.249079 -0.839481 -57.492298 2.526605 -1.191976 -0.294024 1.679687 0.833256 -14.218207 0.093213 1.300581 -34.212048 -0.287565 0.967172 -20.033211 0.964537 1.212844 0.0 1e-06 -1e-06 -3.44039 0.788234 0.501657 -15.928185 -3.167311 2.999707 -6.338827 -2e-06 1e-06 -18.123444 3.648183 -4.905669 -4e-06 0.0 -2e-06 -40.760498 19.103226 -6.583781 24.909021 28.156786 -61.051102 0.026368 18.687078 0.254872 -1.695307 -14.25626 -92.626572 2.243539 -5.255037 -3.180156 14.28289 -0.826593 6.952502 -4e-06 -12.690605 -0.0 16.917093 -17.283583 2.080846 1.665665 -1.955919 -2.878298 4.727795 -4.170589 4.993924 11.020524 6e-06 -1e-06 12.109051 -3.735714 -2.866783 -0.0 -0.0 -2e-06 1.291985 -1.92855 -1.498089 14.800125 0.567469 3.865607 14.242569 -1.341733 -6.660655 19.631966 0.143928 -0.648242 50.418148 -1.158539 -6.20274 0.353029 -1.511151 -0.031941 20.222788 3.684312 2.31663 18.78727 7e-06 2e-06 10.751626 -0.479868 1.397907 0.0 -1e-06 -1e-06 3.273807 0.305946 -0.58011 21.486809 11.830378 2.266131 8.162927 2e-06 0.0 18.39908 -3.798985 -4.940572 3e-06 0.0 -2e-06 -1.829338 19.858524 -8.032031 0.078843 -1.514054 9.578328 -9.395302 0.029674 -17.956173 1.894459 -2.118715 -3.517191 -0.0 -0.0 2e-06 9.460614 -3.194921 -68.997658 -0.012327 -0.39166 55.254356 -8.632757 15.141169 -15.890724 -1.389669 1.085611 3.753456 0.0 -0.0 -1e-06 
