HIERARCHY
ROOT Root
{
  OFFSET 0.0 0.0 0.0
  CHANNELS 6 Xposition Yposition Zposition Zrotation Yrotation Xrotation
  JOINT Hips
  {
    OFFSET 0.0 100.0 0.0
    CHANNELS 6 Xposition Yposition Zposition Zrotation Yrotation Xrotation
    JOINT Spine1
    {
      OFFSET -0.013727 5.003763 -0.053727
      CHANNELS 3 Zrotation Yrotation Xrotation
      JOINT Spine2
      {
        OFFSET -0.0 7.125301 -0.029825
        CHANNELS 3 Zrotation Yrotation Xrotation
        JOINT Chest
        {
          OFFSET -1e-06 7.550063 -0.815971
          CHANNELS 3 Zrotation Yrotation Xrotation
          JOINT Neck1
          {
            OFFSET -0.181677 26.311295 -0.553348
            CHANNELS 3 Zrotation Yrotation Xrotation
            JOINT Neck2
            {
              OFFSET -3e-06 7.709397 2.302585
              CHANNELS 3 Zrotation Yrotation Xrotation
              JOINT Head
              {
                OFFSET -5e-06 6.128916 1.953709
                CHANNELS 3 Zrotation Yrotation Xrotation
                JOINT HeadEnd
                {
                  OFFSET 0.003598 16.065403 -1.835379
                  CHANNELS 3 Zrotation Yrotation Xrotation
                }
                JOINT Jaw
                {
                  OFFSET 0.002637 0.475592 3.094941
                  CHANNELS 3 Zrotation Yrotation Xrotation
                }
                JOINT LeftEye
                {
                  OFFSET 3.206381 5.380205 7.586883
                  CHANNELS 3 Zrotation Yrotation Xrotation
                }
                JOINT RightEye
                {
                  OFFSET -3.22244 5.361869 7.558234
                  CHANNELS 3 Zrotation Yrotation Xrotation
                }
              }
            }
          }
          JOINT LeftShoulder
          {
            OFFSET 1.621652 23.237164 5.113413
            CHANNELS 3 Zrotation Yrotation Xrotation
            JOINT LeftArm
            {
              OFFSET 14.919846 2e-06 -5.502326
              CHANNELS 3 Zrotation Yrotation Xrotation
              JOINT LeftForeArm
              {
                OFFSET 28.739307 0.0 -0.002588
                CHANNELS 3 Zrotation Yrotation Xrotation
                JOINT LeftHand
                {
                  OFFSET 27.093981 -1e-06 0.002609
                  CHANNELS 3 Zrotation Yrotation Xrotation
                  JOINT LeftHandThumb1
                  {
                    OFFSET 2.276482 -1.392045 3.191413
                    CHANNELS 3 Zrotation Yrotation Xrotation
                    JOINT LeftHandThumb2
                    {
                      OFFSET 4.012836 -1.828127 1.641654
                      CHANNELS 3 Zrotation Yrotation Xrotation
                      JOINT LeftHandThumb3
                      {
                        OFFSET 2.798515 0.0 -3e-06
                        CHANNELS 3 Zrotation Yrotation Xrotation
                        JOINT LeftHandThumbEnd
                        {
                          OFFSET 3.180793 -4e-06 4e-06
                          CHANNELS 3 Zrotation Yrotation Xrotation
                        }
                      }
                    }
                  }
                  JOINT LeftHandIndex1
                  {
                    OFFSET 3.247555 -0.531998 2.296169
                    CHANNELS 3 Zrotation Yrotation Xrotation
                    JOINT LeftHandIndex2
                    {
                      OFFSET 6.364578 0.01206 0.1786
                      CHANNELS 3 Zrotation Yrotation Xrotation
                      JOINT LeftHandIndex3
                      {
                        OFFSET 3.662364 0.0 0.0
                        CHANNELS 3 Zrotation Yrotation Xrotation
                        JOINT LeftHandIndex4
                        {
                          OFFSET 2.329242 4e-06 4e-06
                          CHANNELS 3 Zrotation Yrotation Xrotation
                          JOINT LeftHandIndexEnd
                          {
                            OFFSET 2.759615 -0.180537 -0.113024
                            CHANNELS 3 Zrotation Yrotation Xrotation
                          }
                        }
                      }
                    }
                  }
                  JOINT LeftHandMiddle1
                  {
                    OFFSET 3.163495 0.240981 1.000332
                    CHANNELS 3 Zrotation Yrotation Xrotation
                    JOINT LeftHandMiddle2
                    {
                      OFFSET 6.19078 -0.259278 -1.002548
                      CHANNELS 3 Zrotation Yrotation Xrotation
                      JOINT LeftHandMiddle3
                      {
                        OFFSET 4.35652 -4e-06 -1e-06
                        CHANNELS 3 Zrotation Yrotation Xrotation
                        JOINT LeftHandMiddle4
                        {
                          OFFSET 2.996877 -8e-06 0.0
                          CHANNELS 3 Zrotation Yrotation Xrotation
                          JOINT LeftHandMiddleEnd
                          {
                            OFFSET 2.304287 -0.294569 -0.031741
                            CHANNELS 3 Zrotation Yrotation Xrotation
                          }
                        }
                      }
                    }
                  }
                  JOINT LeftHandRing1
                  {
                    OFFSET 2.882643 -0.053652 -0.322543
                    CHANNELS 3 Zrotation Yrotation Xrotation
                    JOINT LeftHandRing2
                    {
                      OFFSET 5.854541 -0.486202 -1.373841
                      CHANNELS 3 Zrotation Yrotation Xrotation
                      JOINT LeftHandRing3
                      {
                        OFFSET 4.350578 0.0 3e-06
                        CHANNELS 3 Zrotation Yrotation Xrotation
                        JOINT LeftHandRing4
                        {
                          OFFSET 2.651321 7e-06 2e-06
                          CHANNELS 3 Zrotation Yrotation Xrotation
                          JOINT LeftHandRingEnd
                          {
                            OFFSET 1.936105 0.077687 -7.1e-05
                            CHANNELS 3 Zrotation Yrotation Xrotation
                          }
                        }
                      }
                    }
                  }
                  JOINT LeftHandPinky1
                  {
                    OFFSET 2.8655 -0.310005 -1.600378
                    CHANNELS 3 Zrotation Yrotation Xrotation
                    JOINT LeftHandPinky2
                    {
                      OFFSET 5.087849 -1.331141 -1.77123
                      CHANNELS 3 Zrotation Yrotation Xrotation
                      JOINT LeftHandPinky3
                      {
                        OFFSET 3.070974 4e-06 0.0
                        CHANNELS 3 Zrotation Yrotation Xrotation
                        JOINT LeftHandPinky4
                        {
                          OFFSET 1.549672 0.0 1e-06
                          CHANNELS 3 Zrotation Yrotation Xrotation
                          JOINT LeftHandPinkyEnd
                          {
                            OFFSET 1.944893 -0.157802 0.057219
                            CHANNELS 3 Zrotation Yrotation Xrotation
                          }
                        }
                      }
                    }
                  }
                }
              }
            }
          }
          JOINT RightShoulder
          {
            OFFSET -1.380118 23.180309 5.214158
            CHANNELS 3 Zrotation Yrotation Xrotation
            JOINT RightArm
            {
              OFFSET -15.037196 1.2e-05 -5.545604
              CHANNELS 3 Zrotation Yrotation Xrotation
              JOINT RightForeArm
              {
                OFFSET -28.736639 2e-06 -0.002597
                CHANNELS 3 Zrotation Yrotation Xrotation
                JOINT RightHand
                {
                  OFFSET -27.133619 -0.0 0.002613
                  CHANNELS 3 Zrotation Yrotation Xrotation
                  JOINT RightHandThumb1
                  {
                    OFFSET -2.274032 -1.383988 3.163127
                    CHANNELS 3 Zrotation Yrotation Xrotation
                    JOINT RightHandThumb2
                    {
                      OFFSET -4.011429 -1.827466 1.640914
                      CHANNELS 3 Zrotation Yrotation Xrotation
                      JOINT RightHandThumb3
                      {
                        OFFSET -2.794935 -4e-06 -3e-06
                        CHANNELS 3 Zrotation Yrotation Xrotation
                        JOINT RightHandThumbEnd
                        {
                          OFFSET -3.183852 4e-06 1e-06
                          CHANNELS 3 Zrotation Yrotation Xrotation
                        }
                      }
                    }
                  }
                  JOINT RightHandIndex1
                  {
                    OFFSET -3.253266 -0.520057 2.282866
                    CHANNELS 3 Zrotation Yrotation Xrotation
                    JOINT RightHandIndex2
                    {
                      OFFSET -6.341917 0.012471 0.178266
                      CHANNELS 3 Zrotation Yrotation Xrotation
                      JOINT RightHandIndex3
                      {
                        OFFSET -3.654871 -8e-06 -0.0
                        CHANNELS 3 Zrotation Yrotation Xrotation
                        JOINT RightHandIndex4
                        {
                          OFFSET -2.327586 0.0 1e-06
                          CHANNELS 3 Zrotation Yrotation Xrotation
                          JOINT RightHandIndexEnd
                          {
                            OFFSET -2.76179 -0.180656 -0.113078
                            CHANNELS 3 Zrotation Yrotation Xrotation
                          }
                        }
                      }
                    }
                  }
                  JOINT RightHandMiddle1
                  {
                    OFFSET -3.168106 0.246593 1.00103
                    CHANNELS 3 Zrotation Yrotation Xrotation
                    JOINT RightHandMiddle2
                    {
                      OFFSET -6.180828 -0.258836 -1.000895
                      CHANNELS 3 Zrotation Yrotation Xrotation
                      JOINT RightHandMiddle3
                      {
                        OFFSET -4.348901 0.0 -0.0
                        CHANNELS 3 Zrotation Yrotation Xrotation
                        JOINT RightHandMiddle4
                        {
                          OFFSET -3.00024 -4e-06 -2e-06
                          CHANNELS 3 Zrotation Yrotation Xrotation
                          JOINT RightHandMiddleEnd
                          {
                            OFFSET -2.30252 -0.29437 -0.031706
                            CHANNELS 3 Zrotation Yrotation Xrotation
                          }
                        }
                      }
                    }
                  }
                  JOINT RightHandRing1
                  {
                    OFFSET -2.88569 -0.067952 -0.308858
                    CHANNELS 3 Zrotation Yrotation Xrotation
                    JOINT RightHandRing2
                    {
                      OFFSET -5.854198 -0.48613 -1.373731
                      CHANNELS 3 Zrotation Yrotation Xrotation
                      JOINT RightHandRing3
                      {
                        OFFSET -4.33881 -4e-06 -0.0
                        CHANNELS 3 Zrotation Yrotation Xrotation
                        JOINT RightHandRing4
                        {
                          OFFSET -2.654903 -4e-06 4e-06
                          CHANNELS 3 Zrotation Yrotation Xrotation
                          JOINT RightHandRingEnd
                          {
                            OFFSET -1.933568 0.077527 -5.2e-05
                            CHANNELS 3 Zrotation Yrotation Xrotation
                          }
                        }
                      }
                    }
                  }
                  JOINT RightHandPinky1
                  {
                    OFFSET -2.866425 -0.342796 -1.584145
                    CHANNELS 3 Zrotation Yrotation Xrotation
                    JOINT RightHandPinky2
                    {
                      OFFSET -5.091371 -1.332055 -1.772385
                      CHANNELS 3 Zrotation Yrotation Xrotation
                      JOINT RightHandPinky3
                      {
                        OFFSET -3.062664 -4e-06 1e-06
                        CHANNELS 3 Zrotation Yrotation Xrotation
                        JOINT RightHandPinky4
                        {
                          OFFSET -1.546529 4e-06 -2e-06
                          CHANNELS 3 Zrotation Yrotation Xrotation
                          JOINT RightHandPinkyEnd
                          {
                            OFFSET -1.945119 -0.157718 0.057211
                            CHANNELS 3 Zrotation Yrotation Xrotation
                          }
                        }
                      }
                    }
                  }
                }
              }
            }
          }
        }
      }
    }
    JOINT LeftLeg
    {
      OFFSET 10.043214 -8.434526 2.595655
      CHANNELS 3 Zrotation Yrotation Xrotation
      JOINT LeftShin
      {
        OFFSET -1e-06 -43.221752 -0.802913
        CHANNELS 3 Zrotation Yrotation Xrotation
        JOINT LeftFoot
        {
          OFFSET 1e-06 -42.155094 -3.481523
          CHANNELS 3 Zrotation Yrotation Xrotation
          JOINT LeftToeBase
          {
            OFFSET 0.0 -5.059472 13.231529
            CHANNELS 3 Zrotation Yrotation Xrotation
            JOINT LeftToeEnd
            {
              OFFSET -0.009607 -1.647619 6.513017
              CHANNELS 3 Zrotation Yrotation Xrotation
            }
          }
        }
      }
    }
    JOINT RightLeg
    {
      OFFSET -10.047278 -8.29526 2.620317
      CHANNELS 3 Zrotation Yrotation Xrotation
      JOINT RightShin
      {
        OFFSET 1e-06 -43.362206 -0.805556
        CHANNELS 3 Zrotation Yrotation Xrotation
        JOINT RightFoot
        {
          OFFSET 2e-06 -42.117393 -3.478398
          CHANNELS 3 Zrotation Yrotation Xrotation
          JOINT RightToeBase
          {
            OFFSET -0.0 -5.079609 13.284196
            CHANNELS 3 Zrotation Yrotation Xrotation
            JOINT RightToeEnd
            {
              OFFSET 0.009532 -1.634378 6.460591
              CHANNELS 3 Zrotation Yrotation Xrotation
            }
          }
        }
      }
    }
  }
}
MOTION
Frames: 70
Frame Time: 0.03333333333333333
0.0 0.0 0.0 0.0 -0.0 0.0 0.013422 100.307465 0.384064 0.212709 -1.435512 -0.535984 -0.173562 -0.036979 -2.432939 -0.515767 -0.384271 -6.062335 -1.386535 -1.827205 8.081467 3.389476 1.064687 0.145431 -0.279876 1.477592 -3.817673 3.041605 -0.824981 -5.176867 7.7e-05 -2.3e-05 6e-06 -0.027045 -0.031749 -0.057072 0.680303 -3.754673 -10.617571 -0.733231 3.690696 -10.616025 11.76246 -9.918322 7.507565 25.895397 -9.03948 -75.112404 -11.176024 -82.416046 8.427378 4.783411 -0.494903 11.1329 -5.882107 9.861283 0.702588 -10.936875 -0.360577 7.156201 2e-06 8.774824 -2e-06 -18.394161 18.098577 5.212844 -1.844034 2.498503 -2.507278 -10.163604 4.678943 4.621102 -20.976034 -9e-06 -2e-06 -21.226295 2.451691 -3.594002 1e-06 -6e-06 -0.0 -1.362682 2.240798 -0.746324 -21.334921 0.584903 3.008316 -13.821217 -7e-06 -1e-06 -23.887175 -0.249088 -0.839485 -62.050732 2.934023 -1.309884 -0.294024 1.679686 0.833256 -14.218215 0.093212 1.300576 -34.212067 -0.287575 0.967164 -20.033224 0.964528 1.212844 -0.0 -0.0 -0.0 -3.440389 0.78823 0.501654 -15.928192 -3.167312 2.999701 -6.338829 -4e-06 -1e-06 -18.123453 3.648178 -4.905673 -4e-06 -0.0 -2e-06 -15.186166 10.410988 5.369985 -25.039566 15.34335 -87.584167 9.889825 70.899406 8.085982 -9.290886 -0.892068 -3.050807 2.243544 -5.255041 -3.18016 14.282905 -0.826596 6.952506 -1e-06 -12.69061 -1e-06 17.44709 -16.322735 1.686712 1.665669 -1.955922 -2.878301 4.727804 -4.170591 4.993926 11.020538 2e-06 -1e-06 12.109064 -3.735718 -2.866788 0.0 -0.0 -0.0 1.291988 -1.928552 -1.49809 14.800144 0.567467 3.865609 14.242586 -1.341737 -6.660665 19.631987 0.143925 -0.648247 49.813263 -1.161207 -5.788139 0.35303 -1.51115 -0.03194 20.222811 3.684309 2.31663 18.787294 5e-06 -3e-06 10.751637 -0.479869 1.397906 1e-06 1e-06 0.0 3.273809 0.305946 -0.580111 21.486834 11.83038 2.266135 8.162937 0.0 -3e-06 18.399103 -3.798985 -4.940584 2e-06 0.0 -1e-06 1.682508 5.193816 0.495033 -0.011828 0.079076 4.430481 -3.193869 1.067757 -3.07487 1.659855 -1.845485 -0.190599 -0.0 -0.0 2e-06 -2.399395 -6.339106 -0.662191 -0.043849 0.022288 6.814377 4.072683 -2.825864 -6.110898 -1.391846 1.137591 -0.780006 0.0 0.0 -1e-06 
0.0 0.0 0.0 0.0 -0.0 0.0 -0.018919 100.350021 0.493203 0.169087 -1.414323 -0.300991 -0.131647 -0.015334 -2.445831 -0.496087 -0.310076 -6.059071 -1.450864 -1.818408 7.842847 3.552159 0.934547 -0.079795 -0.251666 1.530014 -3.847438 3.104306 -0.983899 -4.930956 7.7e-05 -2.3e-05 5e-06 -0.029675 -0.031842 -0.058358 0.673678 -3.74934 -10.603497 -0.732289 3.684757 -10.606881 12.625873 -10.083744 7.27706 29.099195 -7.343477 -76.594322 -6.122989 -75.964058 3.501334 4.483577 -0.909327 9.614911 -5.882108 9.861284 0.70259 -10.936877 -0.360577 7.156209 3e-06 8.774828 -1e-06 -18.270657 18.166275 5.23401 -1.844033 2.498505 -2.507279 -10.163603 4.678944 4.62111 -20.976034 -6e-06 2e-06 -21.226295 2.451694 -3.594 1e-06 -6e-06 0.0 -1.362683 2.240799 -0.746324 -21.334923 0.584907 3.008323 -13.821218 -5e-06 2e-06 -23.887178 -0.249082 -0.839482 -61.770168 2.980839 -1.345212 -0.294024 1.679687 0.833256 -14.218214 0.093213 1.300581 -34.212063 -0.287568 0.967171 -20.033222 0.964534 1.212846 1e-06 -1e-06 0.0 -3.44039 0.788232 0.501656 -15.928194 -3.167312 2.999708 -6.338829 -2e-06 1e-06 -18.123457 3.648183 -4.90567 -4e-06 -1e-06 -2e-06 -16.518475 10.598064 5.024535 -28.82049 13.342893 -88.439674 5.582088 63.456146 4.065883 -9.013614 -0.62375 -3.154135 2.243542 -5.255038 -3.180159 14.282896 -0.826593 6.952504 -2e-06 -12.690607 -1e-06 17.414337 -16.320076 1.727442 1.665667 -1.955922 -2.878299 4.7278 -4.170588 4.993925 11.02053 4e-06 -2e-06 12.109058 -3.735717 -2.866785 -1e-06 -0.0 0.0 1.291986 -1.92855 -1.498091 14.800134 0.567469 3.865608 14.242577 -1.341735 -6.660661 19.631973 0.143927 -0.648245 49.775711 -1.143258 -5.839945 0.353029 -1.511152 -0.03194 20.222797 3.684312 2.31663 18.787279 6e-06 -1e-06 10.751633 -0.479867 1.397906 -2e-06 -0.0 1e-06 3.273807 0.305945 -0.580111 21.48682 11.830379 2.266134 8.162931 0.0 -2e-06 18.399088 -3.798985 -4.940578 2e-06 -1e-06 -1e-06 1.70979 5.146024 0.538234 -0.00512 0.066093 3.971002 -3.154341 1.097578 -2.786282 1.663311 -1.854303 -0.224856 -0.0 -0.0 2e-06 -2.329369 -6.368663 -0.522523 -0.040272 0.01601 6.208773 4.119624 -2.871671 -5.858815 -1.392443 1.144447 -0.817218 0.0 0.0 -1e-06 
0.0 0.0 0.0 0.0 -0.0 0.0 -0.055697 100.40126 0.610777 0.123102 -1.40283 -0.066381 -0.090025 0.0016 -2.46435 -0.482523 -0.233982 -6.067819 -1.509816 -1.828141 7.626844 3.710348 0.825271 -0.288678 -0.218095 1.565867 -3.853962 3.161406 -1.104974 -4.63641 7.7e-05 -2.3e-05 6e-06 -0.032677 -0.03706 -0.059393 0.666807 -3.751051 -10.588438 -0.731685 3.675531 -10.597635 13.463001 -10.229186 7.070628 32.002983 -5.708474 -77.515991 -3.831822 -69.460442 1.357598 4.293797 -1.668545 8.354774 -5.882104 9.861281 0.702589 -10.936867 -0.360575 7.156204 0.0 8.774822 -1e-06 -18.126278 18.241531 5.277449 -1.844031 2.498505 -2.507277 -10.163595 4.678943 4.621107 -20.976013 -3e-06 2e-06 -21.226278 2.451695 -3.594 1e-06 -6e-06 0.0 -1.362681 2.240797 -0.746323 -21.334904 0.584907 3.008322 -13.821206 -3e-06 2e-06 -23.887157 -0.249078 -0.839482 -61.530567 3.025571 -1.396212 -0.294025 1.679686 0.833255 -14.218204 0.093215 1.300579 -34.212036 -0.287565 0.96717 -20.033205 0.964534 1.212844 -0.0 -0.0 1e-06 -3.440387 0.788233 0.501656 -15.928181 -3.16731 2.999706 -6.338825 0.0 0.0 -18.123444 3.648181 -4.905671 -5e-06 -0.0 -2e-06 -17.834448 10.835776 4.695258 -32.270016 11.317667 -88.699562 2.907769 56.190388 1.865076 -8.823522 -0.376982 -3.252065 2.243542 -5.255035 -3.180157 14.282894 -0.826594 6.9525 -2e-06 -12.690601 -0.0 17.344843 -16.339649 1.778114 1.665666 -1.955921 -2.878299 4.727799 -4.170586 4.993923 11.020529 3e-06 -1e-06 12.109055 -3.735715 -2.866785 0.0 -0.0 1e-06 1.291986 -1.92855 -1.498089 14.800131 0.567469 3.865605 14.242576 -1.341736 -6.660657 19.631973 0.143926 -0.648244 49.691185 -1.13071 -5.883501 0.353029 -1.511149 -0.031939 20.222794 3.684309 2.316629 18.78727 5e-06 0.0 10.75163 -0.479868 1.397905 -2e-06 0.0 1e-06 3.273807 0.305947 -0.58011 21.486816 11.830372 2.26613 8.162928 1e-06 -3e-06 18.399084 -3.798981 -4.940577 3e-06 -0.0 -2e-06 1.73924 5.129156 0.630493 0.003555 0.058672 3.430223 -3.095635 1.112873 -2.441363 1.666278 -1.85173 -0.261344 -0.0 -0.0 2e-06 -2.262951 -6.377736 -0.321588 -0.032837 0.011022 5.510157 4.159159 -2.921467 -5.575047 -1.393398 1.155028 -0.860135 0.0 0.0 -1e-06 
0.0 0.0 0.0 0.0 -0.0 0.0 -0.095419 100.451729 0.737653 0.0897 -1.407044 0.141998 -0.052768 0.00396 -2.480871 -0.479174 -0.161487 -6.081735 -1.566447 -1.83978 7.42492 3.830996 0.73147 -0.461621 -0.172602 1.613473 -3.853472 3.22124 -1.190432 -4.248714 7.7e-05 -2.3e-05 6e-06 -0.03433 -0.033362 -0.06525 0.658978 -3.74558 -10.576784 -0.727235 3.676728 -10.58926 14.252561 -10.345311 6.890566 34.583939 -4.216736 -78.036522 -2.60702 -63.1012 0.2406 4.273434 -2.693163 7.371785 -5.882108 9.861286 0.70259 -10.936875 -0.360575 7.156208 1e-06 8.774826 -1e-06 -18.038715 18.311838 5.27816 -1.844033 2.498505 -2.507279 -10.163604 4.678946 4.62111 -20.976034 -6e-06 2e-06 -21.226297 2.451695 -3.594 1e-06 -6e-06 -1e-06 -1.362683 2.240799 -0.746324 -21.334921 0.584907 3.008324 -13.821219 -4e-06 3e-06 -23.887182 -0.249079 -0.839483 -61.327164 3.062254 -1.436727 -0.294025 1.679687 0.833256 -14.218215 0.093213 1.300581 -34.212063 -0.287565 0.967172 -20.03322 0.964536 1.212846 0.0 0.0 -1e-06 -3.440389 0.788234 0.501656 -15.928198 -3.16731 2.999708 -6.338828 -2e-06 1e-06 -18.123455 3.648181 -4.905672 -4e-06 0.0 -2e-06 -19.088753 11.129962 4.383632 -35.369877 9.367292 -88.543839 1.146125 49.349739 0.68532 -8.716299 -0.157986 -3.465734 2.243543 -5.255041 -3.180159 14.282904 -0.826595 6.952505 -4e-06 -12.690612 -1e-06 17.292486 -16.384466 1.818944 1.665668 -1.955923 -2.878299 4.727803 -4.17059 4.993925 11.020536 3e-06 -1e-06 12.10906 -3.735719 -2.866785 0.0 1e-06 0.0 1.291987 -1.92855 -1.49809 14.800139 0.567469 3.865607 14.242584 -1.341736 -6.660661 19.631981 0.143927 -0.648245 49.626869 -1.122028 -5.944836 0.353029 -1.511151 -0.031941 20.222809 3.684313 2.316631 18.787287 5e-06 -1e-06 10.751637 -0.479868 1.397906 -2e-06 1e-06 1e-06 3.273809 0.305947 -0.58011 21.486834 11.830381 2.266134 8.162937 1e-06 -2e-06 18.399099 -3.798984 -4.94058 3e-06 0.0 -1e-06 1.760076 5.136592 0.743502 0.009431 0.048855 2.923012 -3.041395 1.144643 -2.11771 1.669611 -1.844794 -0.288068 0.0 -0.0 2e-06 -2.213106 -6.364081 -0.108811 -0.028383 0.007628 4.86494 4.193985 -2.97451 -5.325958 -1.395314 1.166415 -0.877054 -0.0 0.0 -1e-06 
0.0 0.0 0.0 0.0 -0.0 0.0 -0.138378 100.497948 0.869586 0.065795 -1.401772 0.320438 -0.008486 -0.002178 -2.49417 -0.484427 -0.103544 -6.089086 -1.621825 -1.848486 7.223333 3.896717 0.683677 -0.612117 -0.144884 1.636781 -3.857453 3.30756 -1.241259 -3.733916 7.7e-05 -2.2e-05 6e-06 -0.036322 -0.035871 -0.07284 0.649225 -3.746303 -10.564886 -0.721525 3.671628 -10.577202 15.033755 -10.477757 6.667915 36.876087 -2.847503 -77.970787 -1.730767 -56.905876 -0.519096 4.4634 -3.855247 6.486865 -5.882108 9.861286 0.702589 -10.936876 -0.360576 7.156205 1e-06 8.774826 -2e-06 -17.950237 18.390156 5.276384 -1.844033 2.498506 -2.507279 -10.163601 4.678945 4.621107 -20.97603 -6e-06 -2e-06 -21.226295 2.451694 -3.594003 1e-06 -6e-06 -0.0 -1.362682 2.240798 -0.746324 -21.334925 0.584907 3.00832 -13.821219 -5e-06 1e-06 -23.887177 -0.249084 -0.839483 -61.163498 3.085276 -1.482941 -0.294025 1.679686 0.833256 -14.218214 0.093214 1.300578 -34.212063 -0.28757 0.967167 -20.033224 0.964532 1.212842 0.0 -0.0 -0.0 -3.440389 0.788233 0.501655 -15.928192 -3.167312 2.999705 -6.338827 -1e-06 0.0 -18.123453 3.64818 -4.905673 -5e-06 1e-06 -3e-06 -20.331152 11.42157 4.082711 -38.08345 7.537929 -88.105583 -0.048098 43.04047 0.009453 -8.73883 0.074901 -4.021158 2.243542 -5.255038 -3.180159 14.282898 -0.826594 6.952504 -3e-06 -12.690609 -1e-06 17.283587 -16.447306 1.845082 1.665667 -1.955922 -2.878299 4.7278 -4.170588 4.993924 11.020531 3e-06 -2e-06 12.109056 -3.735717 -2.866786 0.0 0.0 0.0 1.291986 -1.92855 -1.498089 14.800132 0.567469 3.865608 14.242577 -1.341737 -6.66066 19.631973 0.143925 -0.648245 49.587734 -1.116114 -5.985811 0.353029 -1.511151 -0.03194 20.222801 3.684312 2.316631 18.787283 6e-06 -0.0 10.751633 -0.479868 1.397907 -2e-06 0.0 1e-06 3.273808 0.305947 -0.58011 21.486824 11.83038 2.266136 8.16293 2e-06 -1e-06 18.399088 -3.798985 -4.940577 2e-06 -0.0 -0.0 1.777619 5.186818 0.838171 0.016872 0.029705 2.527238 -3.00675 1.15416 -1.862737 1.671082 -1.826905 -0.32756 -0.0 0.0 2e-06 -2.178295 -6.368078 0.096758 -0.02697 0.008842 4.311851 4.229029 -3.003902 -5.137519 -1.399328 1.174485 -0.892419 -0.0 0.0 -1e-06 
0.0 0.0 0.0 0.0 -0.0 0.0 -0.181527 100.538544 1.00756 0.052536 -1.387953 0.465015 0.040847 -0.012329 -2.496983 -0.492254 -0.059014 -6.094149 -1.688823 -1.87356 7.028585 3.909262 0.660699 -0.727834 -0.128179 1.672403 -3.860064 3.398433 -1.287571 -3.121808 7.7e-05 -2.3e-05 6e-06 -0.038531 -0.045601 -0.078768 0.638228 -3.755049 -10.55174 -0.714931 3.660334 -10.562131 15.831287 -10.658893 6.430889 38.935162 -1.563074 -77.317154 -1.016569 -50.819283 -1.096601 4.88483 -5.124025 5.574909 -5.88211 9.861296 0.702588 -10.936877 -0.360578 7.156209 -1e-06 8.774834 -5e-06 -17.872175 18.45072 5.262362 -1.844033 2.498508 -2.507279 -10.163606 4.678946 4.621109 -20.976034 -4e-06 1e-06 -21.226301 2.451698 -3.594005 1e-06 -6e-06 -0.0 -1.362683 2.2408 -0.746324 -21.334929 0.584908 3.008324 -13.821219 -3e-06 1e-06 -23.887182 -0.24908 -0.839485 -61.013062 3.095053 -1.533666 -0.294025 1.679689 0.833256 -14.218218 0.093213 1.30058 -34.212067 -0.287568 0.967171 -20.033226 0.964535 1.212846 -0.0 0.0 -1e-06 -3.44039 0.788234 0.501656 -15.928196 -3.167315 2.999709 -6.338829 -2e-06 1e-06 -18.123457 3.648185 -4.905676 -6e-06 0.0 -3e-06 -21.597721 11.696709 3.816486 -40.390816 5.801777 -87.428314 -0.840036 37.297123 -0.380325 -8.869538 0.27087 -4.931986 2.243541 -5.25504 -3.180159 14.282896 -0.826592 6.952507 -4e-06 -12.690612 -2e-06 17.316618 -16.485643 1.869556 1.665666 -1.955922 -2.878299 4.727799 -4.170588 4.993925 11.020527 4e-06 0.0 12.109055 -3.735718 -2.866785 1e-06 -0.0 0.0 1.291986 -1.92855 -1.49809 14.800134 0.567471 3.86561 14.242571 -1.341737 -6.660659 19.631973 0.143927 -0.648241 49.547016 -1.102445 -5.996056 0.353029 -1.511152 -0.03194 20.222797 3.684314 2.316634 18.787279 6e-06 2e-06 10.751632 -0.479869 1.397908 -2e-06 -0.0 0.0 3.273808 0.305947 -0.580111 21.48682 11.830386 2.26614 8.162928 4e-06 2e-06 18.399082 -3.798987 -4.940573 3e-06 0.0 -1e-06 1.794653 5.282862 0.808927 0.021921 -0.002558 2.463401 -2.998651 1.122923 -1.778105 1.670646 -1.802451 -0.382037 0.0 0.0 2e-06 -2.159475 -6.395927 0.298342 -0.031203 0.010531 3.849255 4.250634 -3.013159 -4.999876 -1.403825 1.178798 -0.905254 -0.0 0.0 -1e-06 
0.0 0.0 0.0 0.0 -0.0 0.0 -0.226816 100.56955 1.149199 0.051115 -1.384003 0.579035 0.09127 -0.028392 -2.498551 -0.496658 -0.034615 -6.104182 -1.77234 -1.922619 6.853166 3.872053 0.670673 -0.780832 -0.109628 1.733327 -3.8443 3.45771 -1.329783 -2.476408 7.7e-05 -2.3e-05 6e-06 -0.038633 -0.052293 -0.079863 0.628946 -3.761837 -10.535832 -0.70592 3.653105 -10.547729 16.623611 -10.834464 6.258181 40.734398 -0.410551 -76.32869 -0.510379 -45.006504 -1.437931 5.524784 -6.446495 4.606609 -5.882111 9.861293 0.70259 -10.936879 -0.360576 7.156209 1e-06 8.774831 -2e-06 -17.828043 18.503166 5.205471 -1.844034 2.498505 -2.50728 -10.163608 4.678947 4.62111 -20.97604 -5e-06 1e-06 -21.226305 2.451697 -3.594003 0.0 -6e-06 -0.0 -1.362683 2.240799 -0.746324 -21.33493 0.584908 3.008325 -13.821222 -3e-06 1e-06 -23.887188 -0.249081 -0.839483 -60.859398 3.092117 -1.557015 -0.294025 1.679689 0.833256 -14.218221 0.093213 1.30058 -34.212082 -0.287567 0.96717 -20.033232 0.964536 1.212845 -0.0 0.0 -0.0 -3.440392 0.788233 0.501656 -15.928201 -3.167314 2.999709 -6.338831 -1e-06 1e-06 -18.123463 3.648183 -4.905674 -5e-06 0.0 -2e-06 -22.840166 11.959435 3.527097 -42.26046 4.222726 -86.381027 -1.282917 32.29636 -0.582679 -8.919944 0.392455 -5.891879 2.243543 -5.255041 -3.18016 14.282903 -0.826595 6.952506 -3e-06 -12.690612 -1e-06 17.335657 -16.514723 1.904256 1.665668 -1.955923 -2.8783 4.727802 -4.17059 4.993925 11.020536 3e-06 -2e-06 12.109062 -3.735717 -2.866786 1e-06 -0.0 1e-06 1.291987 -1.928551 -1.49809 14.80014 0.56747 3.865608 14.242584 -1.341737 -6.660663 19.631985 0.143927 -0.648246 49.492348 -1.091982 -6.024899 0.353029 -1.511151 -0.03194 20.222805 3.684313 2.316631 18.787287 6e-06 -2e-06 10.751637 -0.479868 1.397906 -2e-06 -0.0 0.0 3.273809 0.305947 -0.580112 21.486832 11.830383 2.266134 8.162933 3e-06 -1e-06 18.399099 -3.798987 -4.940581 3e-06 -0.0 -0.0 1.810265 5.404305 0.768932 0.023309 -0.033556 2.495351 -3.02184 1.06794 -1.764546 1.672 -1.782519 -0.455147 0.0 0.0 2e-06 -2.145394 -6.39016 0.420858 -0.037465 0.017491 3.607539 4.242294 -3.028467 -4.97288 -1.408401 1.180975 -0.920834 0.0 0.0 -1e-06 
0.0 0.0 0.0 0.0 -0.0 0.0 -0.266471 100.593315 1.289816 0.060821 -1.418167 0.681646 0.136621 -0.050441 -2.510705 -0.494596 -0.030968 -6.117381 -1.855292 -1.977105 6.691858 3.792495 0.687966 -0.779023 -0.073801 1.843494 -3.82212 3.488769 -1.37179 -1.835234 7.7e-05 -2.2e-05 6e-06 -0.037148 -0.04789 -0.077717 0.620901 -3.757142 -10.519471 -0.69506 3.656524 -10.534225 17.328966 -11.002392 6.149883 42.350582 0.601505 -75.173645 -0.214357 -39.576225 -1.589727 6.393723 -7.739973 3.61993 -5.882109 9.86129 0.702589 -10.936878 -0.360577 7.156208 2e-06 8.774831 -2e-06 -17.795877 18.551292 5.098307 -1.844033 2.498506 -2.507279 -10.163604 4.678946 4.621109 -20.976034 -4e-06 2e-06 -21.226299 2.451697 -3.594002 1e-06 -6e-06 -1e-06 -1.362682 2.240799 -0.746324 -21.334929 0.584908 3.008323 -13.821223 -4e-06 1e-06 -23.887184 -0.249081 -0.839482 -60.700821 3.079729 -1.569991 -0.294025 1.679688 0.833256 -14.218217 0.093213 1.30058 -34.212067 -0.287567 0.96717 -20.033226 0.964534 1.212844 0.0 -0.0 0.0 -3.440391 0.788233 0.501655 -15.928198 -3.167314 2.999707 -6.33883 -1e-06 1e-06 -18.123457 3.648183 -4.905674 -6e-06 0.0 -2e-06 -24.033457 12.205314 3.238097 -43.686428 2.838994 -85.12793 -1.41666 28.135174 -0.649886 -8.87427 0.426369 -6.688672 2.243544 -5.255043 -3.180161 14.282907 -0.826595 6.95251 -2e-06 -12.690616 -1e-06 17.322674 -16.547251 1.948201 1.665668 -1.955924 -2.878302 4.727805 -4.17059 4.993928 11.02054 3e-06 -1e-06 12.109066 -3.735719 -2.866787 2e-06 -0.0 -0.0 1.291987 -1.928551 -1.498091 14.800146 0.567469 3.865611 14.242589 -1.341737 -6.660665 19.631987 0.143926 -0.648245 49.423191 -1.083645 -6.066479 0.353029 -1.511152 -0.03194 20.222816 3.684313 2.316633 18.787291 5e-06 0.0 10.751641 -0.479869 1.397907 -1e-06 -0.0 0.0 3.27381 0.305948 -0.580111 21.486837 11.830387 2.266137 8.162937 1e-06 0.0 18.399103 -3.798988 -4.94058 3e-06 -0.0 -1e-06 1.817302 5.570367 0.768771 0.02316 -0.05912 2.489104 -3.077838 0.983063 -1.750034 1.67436 -1.769152 -0.529706 -0.0 0.0 2e-06 -2.137655 -6.31566 0.503596 -0.043461 0.024711 3.455405 4.220093 -3.057055 -4.965155 -1.412572 1.186469 -0.948327 0.0 0.0 -1e-06 
0.0 0.0 0.0 0.0 -0.0 0.0 -0.288758 100.611023 1.425112 0.072193 -1.495636 0.779174 0.18069 -0.069845 -2.525259 -0.485759 -0.030635 -6.122429 -1.925751 -2.046795 6.535521 3.707056 0.693867 -0.755046 -0.038403 1.983181 -3.806228 3.520425 -1.37381 -1.239581 7.7e-05 -2.2e-05 6e-06 -0.035901 -0.043184 -0.076946 0.615957 -3.750848 -10.512789 -0.687841 3.659282 -10.530599 17.925869 -11.153108 6.093645 43.733891 1.479442 -74.027908 -0.07412 -34.754658 -1.627172 7.423921 -8.882586 2.58289 -5.88211 9.861288 0.702589 -10.936877 -0.360577 7.156206 2e-06 8.774826 -2e-06 -17.765873 18.591583 4.965429 -1.844034 2.498505 -2.507278 -10.163606 4.678945 4.621109 -20.976036 -5e-06 2e-06 -21.226297 2.451695 -3.594 1e-06 -6e-06 -0.0 -1.362682 2.240799 -0.746324 -21.334925 0.584908 3.008323 -13.821221 -4e-06 2e-06 -23.887184 -0.249081 -0.839482 -60.554653 3.056758 -1.569274 -0.294025 1.679688 0.833256 -14.218217 0.093213 1.30058 -34.212074 -0.287568 0.967171 -20.033226 0.964535 1.212845 -0.0 -0.0 -0.0 -3.440391 0.788234 0.501655 -15.928194 -3.167313 2.999707 -6.33883 -1e-06 0.0 -18.123457 3.64818 -4.905673 -4e-06 -0.0 -2e-06 -25.142153 12.411981 2.97921 -44.695637 1.675112 -83.959312 -1.28608 24.871313 -0.615583 -8.819405 0.429699 -7.366977 2.243543 -5.255038 -3.180157 14.282898 -0.826595 6.952502 -1e-06 -12.690607 -1e-06 17.308273 -16.578768 1.976241 1.665667 -1.955922 -2.878298 4.727801 -4.170588 4.993923 11.020532 3e-06 -1e-06 12.109058 -3.735717 -2.866785 2e-06 -0.0 0.0 1.291986 -1.92855 -1.498088 14.800138 0.567468 3.865607 14.242582 -1.341738 -6.660658 19.631981 0.143925 -0.648245 49.35841 -1.071328 -6.113648 0.353029 -1.511151 -0.03194 20.222801 3.68431 2.31663 18.787283 5e-06 -2e-06 10.751636 -0.479868 1.397905 -1e-06 -0.0 0.0 3.273808 0.305946 -0.58011 21.486826 11.830377 2.266133 8.16293 1e-06 -1e-06 18.399096 -3.798985 -4.940578 2e-06 0.0 -1e-06 1.818038 5.784303 0.799468 0.02279 -0.079448 2.437004 -3.125175 0.885103 -1.752995 1.675914 -1.759047 -0.604813 0.0 0.0 2e-06 -2.133524 -6.200003 0.586411 -0.048392 0.026769 3.278514 4.19004 -3.09378 -4.93693 -1.415794 1.193762 -0.967857 0.0 0.0 -1e-06 
0.0 0.0 0.0 0.0 -0.0 0.0 -0.291963 100.621674 1.552354 0.0753 -1.619652 0.867404 0.22158 -0.078398 -2.534547 -0.47148 -0.02515 -6.118842 -1.96718 -2.130542 6.396081 3.656164 0.677509 -0.727394 -0.016126 2.13641 -3.804518 3.573836 -1.332957 -0.73523 7.7e-05 -2.3e-05 6e-06 -0.035634 -0.040402 -0.077175 0.61428 -3.744766 -10.513968 -0.685811 3.65879 -10.533347 18.367569 -11.292081 6.1108 44.87949 2.26544 -72.990562 0.015775 -30.758121 -1.622947 8.505997 -9.756585 1.535985 -5.88211 9.861288 0.70259 -10.936877 -0.360575 7.156207 2e-06 8.77483 -1e-06 -17.75161 18.606024 4.839968 -1.844033 2.498505 -2.507279 -10.163604 4.678946 4.621109 -20.976036 -5e-06 1e-06 -21.226299 2.451696 -3.594002 0.0 -6e-06 -0.0 -1.362683 2.240798 -0.746324 -21.334925 0.584909 3.008322 -13.821219 -3e-06 1e-06 -23.887182 -0.24908 -0.839484 -60.449547 3.021857 -1.560537 -0.294025 1.679688 0.833256 -14.218216 0.093214 1.300579 -34.21207 -0.287567 0.967169 -20.033226 0.964535 1.212844 -1e-06 -0.0 -0.0 -3.44039 0.788234 0.501655 -15.928198 -3.167311 2.999706 -6.338829 -1e-06 0.0 -18.123457 3.648183 -4.905674 -4e-06 -0.0 -2e-06 -26.12129 12.549672 2.77856 -45.318729 0.758125 -83.074593 -1.043068 22.475235 -0.571954 -8.852533 0.460726 -7.917087 2.243543 -5.255039 -3.180159 14.282896 -0.826595 6.952504 -2e-06 -12.69061 -0.0 17.317778 -16.601225 1.982198 1.665667 -1.955922 -2.878299 4.727801 -4.170589 4.993924 11.020532 3e-06 -1e-06 12.109058 -3.735717 -2.866786 -0.0 -0.0 -0.0 1.291986 -1.92855 -1.49809 14.800134 0.567468 3.865608 14.242579 -1.341737 -6.66066 19.631973 0.143926 -0.648245 49.331276 -1.04939 -6.155933 0.353029 -1.511151 -0.03194 20.222803 3.684311 2.316629 18.787283 5e-06 -2e-06 10.751636 -0.479868 1.397906 -2e-06 -0.0 0.0 3.273808 0.305947 -0.580111 21.486824 11.83038 2.266133 8.16293 1e-06 -2e-06 18.399092 -3.798985 -4.940579 2e-06 -0.0 -1e-06 1.814618 6.011653 0.850654 0.022526 -0.09725 2.35869 -3.149368 0.818218 -1.786275 1.675364 -1.751096 -0.670664 0.0 0.0 2e-06 -2.1293 -6.061947 0.641166 -0.052265 0.025726 3.128829 4.133379 -3.116257 -4.900388 -1.418718 1.202142 -0.968482 0.0 0.0 -1e-06 
0.0 0.0 0.0 0.0 -0.0 0.0 -0.28062 100.623047 1.671592 0.072591 -1.790164 0.94896 0.269048 -0.071994 -2.536681 -0.46567 -0.027045 -6.111965 -1.982527 -2.201684 6.281936 3.670863 0.648801 -0.723916 -0.007003 2.258142 -3.8131 3.648259 -1.262955 -0.304252 7.7e-05 -2.2e-05 6e-06 -0.036825 -0.042566 -0.079469 0.613846 -3.743029 -10.524151 -0.687823 3.653019 -10.545547 18.663437 -11.422269 6.151435 45.800388 2.953095 -72.018867 0.128101 -27.629707 -1.600899 9.489111 -10.41825 0.602426 -5.882111 9.861288 0.702589 -10.936883 -0.360577 7.156209 2e-06 8.774828 -2e-06 -17.734091 18.613226 4.75474 -1.844034 2.498506 -2.507279 -10.163611 4.678945 4.62111 -20.976049 -6e-06 3e-06 -21.226311 2.451696 -3.594001 -0.0 -6e-06 -0.0 -1.362683 2.240799 -0.746324 -21.334938 0.584907 3.008323 -13.821227 -4e-06 1e-06 -23.887197 -0.249082 -0.839482 -60.446579 3.004479 -1.569658 -0.294025 1.679687 0.833256 -14.218224 0.093213 1.30058 -34.21209 -0.287569 0.967172 -20.033237 0.964534 1.212845 -0.0 -0.0 -0.0 -3.440392 0.788233 0.501656 -15.928203 -3.167313 2.999707 -6.338832 -2e-06 1e-06 -18.123466 3.648181 -4.905674 -4e-06 0.0 -2e-06 -26.879745 12.638786 2.689049 -45.723457 0.004808 -82.444595 -0.79145 20.777988 -0.555974 -9.002604 0.563974 -8.086802 2.243543 -5.255037 -3.180157 14.282894 -0.826595 6.952501 -2e-06 -12.690603 -0.0 17.346756 -16.619286 1.969488 1.665667 -1.955922 -2.878298 4.727801 -4.170588 4.993923 11.020529 2e-06 -1e-06 12.109056 -3.735717 -2.866785 0.0 -0.0 -0.0 1.291986 -1.92855 -1.498088 14.800132 0.567467 3.865606 14.242577 -1.341737 -6.660658 19.631973 0.143925 -0.648246 49.371349 -1.034155 -6.201937 0.353029 -1.511151 -0.031941 20.222797 3.68431 2.316629 18.787273 4e-06 -2e-06 10.751629 -0.479868 1.397905 -2e-06 -0.0 0.0 3.273808 0.305947 -0.580111 21.486818 11.830376 2.266132 8.162929 2e-06 -2e-06 18.399088 -3.798984 -4.940578 2e-06 -0.0 -1e-06 1.803519 6.229015 0.915277 0.023262 -0.098791 2.255961 -3.139791 0.776739 -1.842498 1.673683 -1.754024 -0.729617 0.0 -0.0 2e-06 -2.126624 -5.91959 0.663623 -0.051775 0.020761 3.006678 4.041814 -3.094326 -4.85965 -1.422367 1.198807 -0.973459 0.0 0.0 -1e-06 
0.0 0.0 0.0 0.0 -0.0 0.0 -0.256775 100.617729 1.776687 0.073209 -2.002713 1.019985 0.325021 -0.059135 -2.528359 -0.467345 -0.03834 -6.101534 -1.982707 -2.244664 6.185648 3.726186 0.611154 -0.733172 0.013231 2.350916 -3.825774 3.729336 -1.176334 0.053559 7.7e-05 -2.3e-05 6e-06 -0.039704 -0.045908 -0.084689 0.612476 -3.74203 -10.536896 -0.692168 3.645622 -10.560616 18.847904 -11.564597 6.18295 46.521862 3.561506 -71.056618 0.255301 -25.263826 -1.561727 10.294581 -10.94943 -0.24383 -5.882107 9.861286 0.702589 -10.936872 -0.360576 7.156204 2e-06 8.774824 -1e-06 -17.718044 18.618364 4.705297 -1.844033 2.498505 -2.507279 -10.163601 4.678945 4.621108 -20.976027 -6e-06 -1e-06 -21.22629 2.451694 -3.594002 -1e-06 -6e-06 -1e-06 -1.362682 2.240798 -0.746324 -21.334917 0.584908 3.008321 -13.821216 -4e-06 0.0 -23.887171 -0.249081 -0.839485 -60.507336 3.005033 -1.588435 -0.294025 1.679688 0.833256 -14.21821 0.093214 1.300579 -34.212051 -0.287568 0.967167 -20.033215 0.964534 1.212843 -1e-06 -0.0 -0.0 -3.440389 0.788233 0.501655 -15.928189 -3.167311 2.999705 -6.338827 -1e-06 -0.0 -18.123447 3.648182 -4.905674 -4e-06 0.0 -2e-06 -27.428148 12.712921 2.649049 -46.000465 -0.583914 -81.932159 -0.602668 19.581499 -0.574264 -9.203202 0.801457 -7.859174 2.243543 -5.255038 -3.180159 14.282897 -0.826595 6.952506 -3e-06 -12.690607 -1e-06 17.397951 -16.626934 1.939238 1.665667 -1.955922 -2.8783 4.727801 -4.170589 4.993926 11.020535 3e-06 -1e-06 12.109058 -3.735717 -2.866785 0.0 0.0 0.0 1.291986 -1.92855 -1.49809 14.800134 0.567468 3.865609 14.242577 -1.341736 -6.66066 19.631973 0.143926 -0.648245 49.445541 -1.037116 -6.240983 0.353029 -1.511151 -0.03194 20.222803 3.68431 2.316632 18.787283 4e-06 -0.0 10.751634 -0.479868 1.397907 -1e-06 -1e-06 0.0 3.273808 0.305947 -0.580111 21.486824 11.830377 2.266135 8.16293 1e-06 -0.0 18.399088 -3.798985 -4.940577 2e-06 -0.0 -1e-06 1.77915 6.406023 0.994 0.022233 -0.09075 2.134895 -3.101916 0.813639 -1.907746 1.672356 -1.773617 -0.760356 -0.0 -0.0 2e-06 -2.132364 -5.749892 0.660082 -0.050181 0.004254 2.914412 3.94135 -3.048248 -4.820946 -1.425064 1.181083 -0.986898 -0.0 0.0 -1e-06 
0.0 0.0 0.0 0.0 -0.0 0.0 -0.224207 100.611664 1.857765 0.079868 -2.221302 1.075451 0.379072 -0.042061 -2.508073 -0.47211 -0.056284 -6.096447 -1.972956 -2.267128 6.127115 3.831735 0.564321 -0.756191 0.028864 2.415343 -3.841253 3.813356 -1.083596 0.308994 7.7e-05 -2.3e-05 6e-06 -0.042376 -0.04815 -0.090999 0.612257 -3.739395 -10.543567 -0.697003 3.638766 -10.568787 18.977571 -11.711502 6.241463 47.054062 4.124785 -70.214943 0.35135 -23.490395 -1.513449 10.961422 -11.40317 -1.017959 -5.882109 9.861288 0.70259 -10.936878 -0.360576 7.156207 1e-06 8.774828 -2e-06 -17.696825 18.624866 4.687372 -1.844033 2.498505 -2.507278 -10.163606 4.678946 4.621109 -20.976036 -4e-06 2e-06 -21.226295 2.451697 -3.594 -1e-06 -6e-06 -1e-06 -1.362682 2.240799 -0.746324 -21.334929 0.584908 3.008323 -13.821221 -4e-06 1e-06 -23.887186 -0.24908 -0.839483 -60.550133 2.99422 -1.593983 -0.294025 1.679688 0.833256 -14.218215 0.093214 1.30058 -34.212067 -0.287565 0.967171 -20.033226 0.964535 1.212844 -0.0 -0.0 -0.0 -3.44039 0.788234 0.501655 -15.928194 -3.167311 2.999707 -6.338829 -1e-06 1e-06 -18.123457 3.648183 -4.905672 -4e-06 0.0 -2e-06 -27.794731 12.751663 2.619987 -46.222744 -0.990439 -81.468575 -0.495723 18.697639 -0.60091 -9.422754 1.089285 -7.505379 2.243542 -5.255037 -3.180157 14.282896 -0.826594 6.952502 -1e-06 -12.690604 -1e-06 17.466002 -16.642483 1.904683 1.665667 -1.955922 -2.878298 4.7278 -4.170587 4.993923 11.020529 3e-06 -1e-06 12.109056 -3.735715 -2.866784 0.0 0.0 -0.0 1.291986 -1.92855 -1.498088 14.800132 0.567468 3.865607 14.242577 -1.341737 -6.660657 19.631977 0.143925 -0.648245 49.541935 -1.042332 -6.263816 0.353029 -1.511151 -0.03194 20.222797 3.68431 2.316629 18.787277 5e-06 -1e-06 10.751632 -0.479868 1.397905 -1e-06 -1e-06 0.0 3.273808 0.305947 -0.580111 21.486818 11.830376 2.266132 8.162928 1e-06 -1e-06 18.399088 -3.798984 -4.940577 2e-06 0.0 -1e-06 1.739622 6.509657 1.072554 0.025551 -0.075574 2.020213 -3.042573 0.923017 -1.974237 1.671241 -1.795594 -0.782909 0.0 -0.0 2e-06 -2.151407 -5.587655 0.632564 -0.050062 -0.015075 2.874805 3.86234 -2.963074 -4.808705 -1.426607 1.156774 -1.006799 0.0 0.0 -1e-06 
0.0 0.0 0.0 0.0 -0.0 0.0 -0.18753 100.614372 1.910041 0.09463 -2.407974 1.118521 0.414333 -0.018039 -2.476283 -0.467342 -0.07229 -6.094679 -1.957889 -2.292506 6.099288 3.986668 0.520757 -0.783112 0.035698 2.446846 -3.854022 3.872989 -0.995132 0.454937 7.7e-05 -2.3e-05 6e-06 -0.044285 -0.054128 -0.094865 0.616323 -3.742309 -10.547844 -0.70448 3.629925 -10.573117 19.09421 -11.86031 6.300852 47.427597 4.613827 -69.44088 0.405738 -22.137396 -1.473302 11.492948 -11.823191 -1.695923 -5.882108 9.861284 0.70259 -10.936875 -0.360576 7.156208 1e-06 8.774825 -1e-06 -17.632605 18.644466 4.701772 -1.844033 2.498504 -2.507278 -10.163604 4.678944 4.621109 -20.976028 -5e-06 4e-06 -21.226292 2.451696 -3.593998 -1e-06 -6e-06 -0.0 -1.362682 2.240799 -0.746324 -21.334921 0.584908 3.008325 -13.821218 -3e-06 3e-06 -23.887178 -0.24908 -0.839481 -60.551369 2.976635 -1.595648 -0.294025 1.679687 0.833256 -14.218215 0.093213 1.300581 -34.212063 -0.287566 0.967174 -20.033224 0.964537 1.212846 -0.0 -1e-06 -0.0 -3.44039 0.788233 0.501656 -15.928192 -3.16731 2.999709 -6.338829 -1e-06 1e-06 -18.123455 3.648183 -4.90567 -4e-06 -0.0 -2e-06 -28.013052 12.74367 2.626201 -46.42337 -1.25236 -81.090256 -0.403581 18.027914 -0.608843 -9.61333 1.337031 -7.262861 2.243543 -5.255038 -3.180159 14.282896 -0.826595 6.952504 -2e-06 -12.690609 0.0 17.487625 -16.651846 1.885477 1.665667 -1.955922 -2.8783 4.727801 -4.170588 4.993925 11.020531 3e-06 -2e-06 12.109058 -3.735717 -2.866786 0.0 0.0 0.0 1.291986 -1.92855 -1.49809 14.800134 0.567468 3.865607 14.242577 -1.341737 -6.66066 19.631973 0.143927 -0.648246 49.607513 -1.037119 -6.266954 0.353029 -1.511151 -0.03194 20.222801 3.68431 2.316629 18.787283 5e-06 -2e-06 10.751633 -0.479869 1.397905 -1e-06 -0.0 0.0 3.273808 0.305947 -0.580111 21.486824 11.830379 2.266132 8.16293 1e-06 -1e-06 18.39909 -3.798984 -4.940579 2e-06 0.0 -1e-06 1.68863 6.562371 1.12869 0.029231 -0.055662 1.935486 -2.961106 1.03021 -2.000932 1.670154 -1.801778 -0.798291 -0.0 0.0 2e-06 -2.186798 -5.49654 0.583603 -0.049952 -0.022518 2.889864 3.807489 -2.853354 -4.813383 -1.426613 1.142432 -1.033754 0.0 0.0 -1e-06 
0.0 0.0 0.0 0.0 -0.0 0.0 -0.150152 100.62455 1.944219 0.109997 -2.560689 1.150624 0.43036 -0.002999 -2.437569 -0.457056 -0.084034 -6.092476 -1.928832 -2.316603 6.094515 4.165355 0.46896 -0.80658 0.039855 2.482044 -3.86336 3.890606 -0.945698 0.506787 7.7e-05 -2.2e-05 6e-06 -0.045315 -0.056355 -0.09764 0.622756 -3.742638 -10.554199 -0.712577 3.626027 -10.579086 19.194754 -11.98553 6.383176 47.727539 5.020013 -68.645012 0.445532 -21.022171 -1.43862 11.891699 -12.235917 -2.280127 -5.882106 9.861284 0.70259 -10.936873 -0.360576 7.156207 2e-06 8.774824 -1e-06 -17.533882 18.672991 4.731446 -1.844032 2.498504 -2.507278 -10.1636 4.678944 4.621109 -20.976023 -5e-06 4e-06 -21.226288 2.451695 -3.593998 -1e-06 -6e-06 -0.0 -1.362681 2.240798 -0.746323 -21.334917 0.584907 3.008325 -13.821213 -3e-06 3e-06 -23.887171 -0.249079 -0.83948 -60.514812 2.978905 -1.608246 -0.294025 1.679687 0.833256 -14.218208 0.093213 1.300582 -34.212048 -0.287565 0.967174 -20.033211 0.964537 1.212846 -0.0 -0.0 -0.0 -3.440389 0.788233 0.501655 -15.928187 -3.167312 2.999709 -6.338827 -1e-06 1e-06 -18.123446 3.648182 -4.90567 -4e-06 -0.0 -2e-06 -28.090164 12.706227 2.688125 -46.649654 -1.400132 -80.814285 -0.327536 17.511841 -0.613587 -9.690154 1.475705 -7.165582 2.243541 -5.255036 -3.180157 14.282887 -0.826594 6.952502 -2e-06 -12.690601 -1e-06 17.455988 -16.65593 1.899737 1.665666 -1.955921 -2.878298 4.727798 -4.170586 4.993923 11.020523 3e-06 0.0 12.109052 -3.735715 -2.866783 0.0 0.0 0.0 1.291985 -1.928549 -1.498089 14.800125 0.567469 3.865608 14.242568 -1.341737 -6.660655 19.631962 0.143926 -0.648243 49.626503 -1.017256 -6.269009 0.353029 -1.51115 -0.03194 20.222788 3.684309 2.316631 18.78727 4e-06 1e-06 10.751627 -0.479869 1.397906 -1e-06 -0.0 0.0 3.273806 0.305947 -0.58011 21.486809 11.830373 2.266135 8.162924 2e-06 0.0 18.399078 -3.798985 -4.940573 2e-06 1e-06 -1e-06 1.634235 6.566402 1.158816 0.032583 -0.032181 1.88108 -2.876637 1.145972 -2.003414 1.669148 -1.799769 -0.790226 0.0 -0.0 2e-06 -2.228136 -5.487313 0.514321 -0.047536 -0.015738 2.959122 3.760411 -2.730519 -4.836659 -1.424329 1.14129 -1.062138 0.0 0.0 -1e-06 
0.0 0.0 0.0 0.0 -0.0 0.0 -0.118951 100.638054 1.960102 0.132364 -2.664223 1.172956 0.422438 -0.009749 -2.386438 -0.452662 -0.093749 -6.087707 -1.88774 -2.348272 6.100927 4.365886 0.425038 -0.805452 0.039588 2.538937 -3.866694 3.859642 -0.918653 0.472779 7.7e-05 -2.2e-05 6e-06 -0.044329 -0.052681 -0.099568 0.628343 -3.739969 -10.561955 -0.715856 3.630583 -10.584722 19.316158 -12.063708 6.444422 47.930447 5.319069 -67.773674 0.506106 -20.130445 -1.417315 12.132058 -12.583755 -2.851357 -5.88211 9.861292 0.70259 -10.936877 -0.360575 7.156208 2e-06 8.774831 -0.0 -17.446806 18.706682 4.768646 -1.844034 2.498506 -2.507279 -10.163605 4.678948 4.62111 -20.976038 -3e-06 0.0 -21.226301 2.451698 -3.594003 -1e-06 -6e-06 -0.0 -1.362682 2.240799 -0.746324 -21.334929 0.584911 3.008322 -13.82122 -3e-06 0.0 -23.887182 -0.249079 -0.839485 -60.472801 2.996939 -1.60309 -0.294025 1.679688 0.833257 -14.218215 0.093216 1.30058 -34.212067 -0.287564 0.967168 -20.033226 0.964536 1.212843 -0.0 -1e-06 -0.0 -3.44039 0.788234 0.501656 -15.928196 -3.167311 2.999707 -6.33883 -1e-06 -0.0 -18.123459 3.648184 -4.905674 -4e-06 0.0 -2e-06 -28.057533 12.67031 2.762182 -46.879005 -1.454894 -80.666222 -0.232293 17.146137 -0.602991 -9.678094 1.499293 -7.112 2.243542 -5.255038 -3.180159 14.282896 -0.826595 6.952508 -3e-06 -12.690608 1e-06 17.372831 -16.647892 1.949686 1.665666 -1.955922 -2.8783 4.7278 -4.170588 4.993927 11.020529 3e-06 -1e-06 12.109056 -3.735717 -2.866785 1e-06 0.0 0.0 1.291986 -1.92855 -1.49809 14.800134 0.567468 3.865611 14.242577 -1.341736 -6.66066 19.631975 0.143926 -0.648244 49.601292 -0.988662 -6.2812 0.353029 -1.511151 -0.03194 20.222797 3.684311 2.316633 18.787279 4e-06 1e-06 10.751634 -0.479869 1.397908 -1e-06 -0.0 -0.0 3.273808 0.305947 -0.580111 21.48682 11.830378 2.266136 8.16293 1e-06 1e-06 18.399088 -3.798987 -4.940575 3e-06 0.0 -1e-06 1.573109 6.541659 1.158965 0.031473 -0.011359 1.8642 -2.78821 1.27867 -2.002723 1.669331 -1.788088 -0.769216 -0.0 0.0 2e-06 -2.27398 -5.544093 0.431763 -0.046825 -0.004721 3.062199 3.727969 -2.618613 -4.876042 -1.42156 1.154386 -1.071993 0.0 0.0 -1e-06 
0.0 0.0 0.0 0.0 -0.0 0.0 -0.093638 100.653587 1.962442 0.148551 -2.759423 1.197902 0.410828 -0.017102 -2.330836 -0.452194 -0.111786 -6.08125 -1.842444 -2.37715 6.111976 4.56244 0.395075 -0.796113 0.039636 2.578018 -3.866029 3.81805 -0.874528 0.409298 7.7e-05 -2.2e-05 6e-06 -0.043577 -0.049224 -0.100326 0.630655 -3.739774 -10.570086 -0.716382 3.636926 -10.589555 19.458466 -12.102851 6.460776 48.018032 5.551859 -66.84861 0.578327 -19.508205 -1.441218 12.265847 -12.847172 -3.457936 -5.882111 9.861293 0.70259 -10.936879 -0.360575 7.156211 1e-06 8.774832 -1e-06 -17.384676 18.741352 4.814784 -1.844034 2.498506 -2.507279 -10.163607 4.678948 4.621112 -20.97604 -3e-06 3e-06 -21.226301 2.451699 -3.594002 -1e-06 -6e-06 -0.0 -1.362682 2.240801 -0.746324 -21.33493 0.58491 3.008326 -13.821224 -2e-06 2e-06 -23.887192 -0.249078 -0.839483 -60.416588 3.015612 -1.573225 -0.294025 1.679689 0.833256 -14.218219 0.093215 1.300582 -34.212074 -0.287562 0.967172 -20.03323 0.964538 1.212844 -0.0 -0.0 -0.0 -3.440391 0.788233 0.501656 -15.928201 -3.167312 2.99971 -6.33883 -1e-06 1e-06 -18.123459 3.648185 -4.905674 -4e-06 -0.0 -2e-06 -27.985241 12.669755 2.846486 -47.027588 -1.523237 -80.529343 -0.099264 16.941811 -0.582008 -9.622577 1.423263 -7.121799 2.243542 -5.255038 -3.180158 14.282896 -0.826595 6.952505 -2e-06 -12.690607 -0.0 17.286215 -16.629072 1.994191 1.665667 -1.955922 -2.878299 4.7278 -4.170589 4.993925 11.020529 3e-06 -1e-06 12.109056 -3.735717 -2.866785 0.0 0.0 0.0 1.291986 -1.92855 -1.49809 14.800132 0.567468 3.865608 14.242577 -1.341737 -6.660659 19.631971 0.143925 -0.648245 49.575035 -0.952876 -6.308097 0.353029 -1.511151 -0.03194 20.222799 3.684311 2.316631 18.787279 4e-06 -1e-06 10.751632 -0.479868 1.397906 -1e-06 -0.0 0.0 3.273808 0.305947 -0.580111 21.48682 11.830379 2.266135 8.16293 2e-06 -1e-06 18.399088 -3.798987 -4.940577 3e-06 0.0 -1e-06 1.519584 6.531963 1.147069 0.029504 -0.00091 1.850458 -2.701952 1.423746 -1.994645 1.670266 -1.774822 -0.751742 0.0 0.0 2e-06 -2.307192 -5.612641 0.334695 -0.048657 0.002708 3.170606 3.699628 -2.523335 -4.903929 -1.41993 1.172922 -1.083675 0.0 0.0 -1e-06 
0.0 0.0 0.0 0.0 -0.0 0.0 -0.076686 100.667999 1.954601 0.152439 -2.853507 1.239923 0.404118 -0.0184 -2.282667 -0.456142 -0.127255 -6.07775 -1.796247 -2.405898 6.122324 4.737253 0.373181 -0.770797 0.035095 2.590201 -3.867459 3.777086 -0.824184 0.32626 7.7e-05 -2.3e-05 6e-06 -0.043297 -0.045152 -0.097664 0.629351 -3.740246 -10.574553 -0.714339 3.644845 -10.590277 19.579834 -12.124931 6.434698 48.082561 5.732062 -65.974182 0.616445 -19.089643 -1.469819 12.354678 -13.062989 -3.988575 -5.882113 9.861295 0.702589 -10.936884 -0.360577 7.156209 2e-06 8.774835 -1e-06 -17.344933 18.781498 4.854426 -1.844035 2.498507 -2.507279 -10.163612 4.678948 4.621109 -20.976051 -6e-06 0.0 -21.226315 2.451697 -3.594003 -1e-06 -6e-06 -0.0 -1.362683 2.2408 -0.746324 -21.334938 0.584908 3.008322 -13.821231 -4e-06 0.0 -23.887201 -0.249083 -0.839484 -60.364365 3.03769 -1.572515 -0.294025 1.679689 0.833256 -14.218225 0.093214 1.300579 -34.212086 -0.28757 0.967168 -20.033236 0.964533 1.212843 -0.0 -1e-06 -0.0 -3.440392 0.788234 0.501655 -15.928206 -3.167315 2.999707 -6.338834 -2e-06 -1e-06 -18.12347 3.648183 -4.905677 -4e-06 -0.0 -2e-06 -27.912758 12.694204 2.953246 -47.067318 -1.646652 -80.333893 0.022431 16.815994 -0.578872 -9.526025 1.325511 -7.143479 2.243544 -5.255042 -3.18016 14.282905 -0.826595 6.952507 -1e-06 -12.690618 -2e-06 17.201105 -16.620237 2.030722 1.665668 -1.955924 -2.878301 4.727804 -4.170592 4.993927 11.020538 3e-06 -1e-06 12.109064 -3.73572 -2.866787 0.0 0.0 0.0 1.291987 -1.928551 -1.49809 14.800142 0.567469 3.865609 14.242585 -1.341738 -6.660663 19.631987 0.143926 -0.648245 49.563923 -0.922117 -6.334447 0.353029 -1.511152 -0.03194 20.222813 3.684313 2.316631 18.787294 5e-06 -2e-06 10.751639 -0.479869 1.397906 -1e-06 -0.0 0.0 3.27381 0.305947 -0.580111 21.486834 11.830386 2.266136 8.162935 1e-06 -1e-06 18.399103 -3.798987 -4.940582 3e-06 1e-06 -1e-06 1.480252 6.519054 1.110982 0.029177 0.002857 1.837277 -2.629197 1.564618 -1.974354 1.670805 -1.764039 -0.741694 -0.0 -0.0 2e-06 -2.319573 -5.664623 0.228748 -0.050315 0.001728 3.251324 3.666228 -2.428823 -4.887406 -1.420439 1.187203 -1.109019 0.0 0.0 -1e-06 
0.0 0.0 0.0 0.0 -0.0 0.0 -0.07218 100.679764 1.939943 0.146329 -2.944664 1.294439 0.405575 -0.021566 -2.244044 -0.46435 -0.147519 -6.075017 -1.755264 -2.42826 6.131135 4.881347 0.345591 -0.727953 0.024681 2.578739 -3.867592 3.73395 -0.753319 0.216876 7.7e-05 -2.3e-05 6e-06 -0.042369 -0.04376 -0.09252 0.627257 -3.742616 -10.575387 -0.710248 3.648904 -10.587257 19.64299 -12.12984 6.429487 48.152424 5.903196 -65.223839 0.632715 -18.831181 -1.499318 12.428326 -13.293909 -4.411492 -5.882109 9.861288 0.70259 -10.936878 -0.360576 7.156209 2e-06 8.774828 -1e-06 -17.34413 18.808428 4.882964 -1.844033 2.498506 -2.507279 -10.163606 4.678945 4.62111 -20.976038 -6e-06 3e-06 -21.226299 2.451696 -3.593999 -1e-06 -6e-06 -0.0 -1.362682 2.240799 -0.746324 -21.334925 0.584908 3.008324 -13.821221 -4e-06 3e-06 -23.887184 -0.24908 -0.839481 -60.348969 3.063244 -1.601234 -0.294025 1.679689 0.833256 -14.218217 0.093213 1.300581 -34.212067 -0.287567 0.967174 -20.033226 0.964535 1.212846 -0.0 -0.0 -0.0 -3.44039 0.788234 0.501656 -15.928198 -3.167312 2.999708 -6.338829 -2e-06 1e-06 -18.123457 3.648182 -4.905671 -5e-06 -0.0 -2e-06 -27.860117 12.728935 3.018506 -46.969418 -1.773059 -80.099388 0.072841 16.790325 -0.619267 -9.369877 1.216593 -7.193334 2.243543 -5.255039 -3.180159 14.282902 -0.826596 6.952506 -2e-06 -12.690609 -0.0 17.165043 -16.617966 2.050804 1.665668 -1.955922 -2.878299 4.727802 -4.170589 4.993925 11.020535 2e-06 -1e-06 12.109061 -3.735717 -2.866785 1e-06 0.0 0.0 1.291986 -1.92855 -1.49809 14.80014 0.567467 3.865609 14.242584 -1.341738 -6.66066 19.631985 0.143925 -0.648245 49.588425 -0.905572 -6.352361 0.353029 -1.511151 -0.03194 20.222805 3.68431 2.316631 18.787287 4e-06 -1e-06 10.751635 -0.479868 1.397906 -1e-06 0.0 0.0 3.273809 0.305947 -0.580111 21.486832 11.830379 2.266134 8.162931 1e-06 -1e-06 18.399099 -3.798985 -4.940579 3e-06 1e-06 -1e-06 1.451458 6.495762 1.058026 0.033585 0.001789 1.826185 -2.583078 1.700981 -1.957661 1.67063 -1.761227 -0.727759 0.0 0.0 2e-06 -2.3102 -5.695097 0.117094 -0.051943 -0.003 3.313859 3.623752 -2.329623 -4.863252 -1.422743 1.186342 -1.119893 0.0 0.0 -1e-06 
0.0 0.0 0.0 0.0 -0.0 0.0 -0.080132 100.686691 1.921142 0.1374 -3.036582 1.36186 0.405913 -0.028807 -2.211585 -0.474125 -0.170824 -6.06922 -1.724353 -2.4391 6.127997 5.004835 0.336932 -0.687637 -0.009981 2.533125 -3.865206 3.705122 -0.692368 0.09664 7.7e-05 -2.3e-05 6e-06 -0.041701 -0.051471 -0.086346 0.624892 -3.752804 -10.57739 -0.706499 3.642461 -10.587554 19.624529 -12.110027 6.469196 48.23259 6.085466 -64.677444 0.628852 -18.737406 -1.547356 12.45885 -13.541731 -4.698061 -5.882106 9.861288 0.702589 -10.936873 -0.360576 7.156206 2e-06 8.774828 -1e-06 -17.347109 18.81366 4.917412 -1.844032 2.498505 -2.507277 -10.163601 4.678945 4.621109 -20.976025 -5e-06 2e-06 -21.22629 2.451697 -3.594 -1e-06 -6e-06 -0.0 -1.362682 2.240799 -0.746323 -21.334917 0.584907 3.008324 -13.821217 -4e-06 2e-06 -23.887175 -0.24908 -0.839482 -60.37215 3.092119 -1.619089 -0.294025 1.679688 0.833256 -14.218213 0.093214 1.30058 -34.212063 -0.287566 0.967172 -20.033218 0.964535 1.212844 -0.0 -0.0 -0.0 -3.440389 0.788233 0.501655 -15.928189 -3.167312 2.999708 -6.338828 -2e-06 0.0 -18.123444 3.648184 -4.905671 -4e-06 -0.0 -2e-06 -27.820669 12.756659 3.005125 -46.770973 -1.868032 -79.931328 0.064785 16.835527 -0.687929 -9.193286 1.084341 -7.28581 2.243542 -5.255037 -3.180157 14.282894 -0.826594 6.9525 -2e-06 -12.690604 -2e-06 17.14514 -16.616793 2.074438 1.665666 -1.955921 -2.878298 4.7278 -4.170587 4.993921 11.020528 3e-06 -0.0 12.109053 -3.735717 -2.866783 0.0 -0.0 0.0 1.291986 -1.928549 -1.498089 14.800132 0.567468 3.865606 14.242575 -1.341737 -6.660655 19.631973 0.143925 -0.648244 49.593788 -0.916952 -6.342715 0.353029 -1.51115 -0.03194 20.222797 3.68431 2.31663 18.787273 5e-06 -1e-06 10.751629 -0.479868 1.397906 -1e-06 0.0 0.0 3.273808 0.305947 -0.58011 21.486818 11.830376 2.266134 8.162926 1e-06 -1e-06 18.399082 -3.798982 -4.940576 2e-06 1e-06 -1e-06 1.433427 6.502257 0.994322 0.0385 -0.005389 1.81467 -2.555185 1.806788 -1.956797 1.670714 -1.762733 -0.69699 0.0 -0.0 2e-06 -2.289908 -5.701777 0.001541 -0.053435 -0.010118 3.352914 3.573414 -2.245623 -4.847488 -1.425303 1.174199 -1.098736 0.0 0.0 -1e-06 
0.0 0.0 0.0 0.0 -0.0 0.0 -0.098119 100.685249 1.902247 0.123504 -3.120317 1.439009 0.402891 -0.035544 -2.189465 -0.483943 -0.185838 -6.065196 -1.700858 -2.42657 6.121396 5.101381 0.333301 -0.678383 -0.068089 2.462637 -3.862927 3.695966 -0.680228 -0.02765 7.7e-05 -2.3e-05 6e-06 -0.041779 -0.061484 -0.081747 0.621644 -3.764078 -10.5802 -0.703535 3.632843 -10.589881 19.547403 -12.103574 6.51758 48.322243 6.258532 -64.232536 0.625644 -18.737226 -1.619793 12.513714 -13.772569 -4.989628 -5.882108 9.861286 0.70259 -10.936875 -0.360575 7.156207 2e-06 8.774827 -1e-06 -17.32416 18.791464 4.974073 -1.844033 2.498505 -2.507278 -10.163603 4.678944 4.621109 -20.976027 -3e-06 3e-06 -21.226288 2.451698 -3.593999 -1e-06 -6e-06 -0.0 -1.362682 2.240798 -0.746323 -21.334921 0.584909 3.008324 -13.821215 -3e-06 3e-06 -23.887175 -0.249078 -0.839482 -60.425652 3.118485 -1.635961 -0.294025 1.679687 0.833256 -14.218212 0.093214 1.300581 -34.212063 -0.287564 0.967173 -20.033218 0.964538 1.212845 -0.0 -0.0 -0.0 -3.440389 0.788234 0.501656 -15.928191 -3.16731 2.999708 -6.338828 -1e-06 1e-06 -18.123453 3.648183 -4.90567 -4e-06 0.0 -2e-06 -27.787893 12.767231 2.989639 -46.518356 -1.999202 -79.717239 -0.003062 16.87282 -0.779571 -9.025922 0.969707 -7.409502 2.243542 -5.255037 -3.180158 14.282892 -0.826595 6.952503 -2e-06 -12.690602 1e-06 17.105413 -16.614084 2.115624 1.665666 -1.955921 -2.878299 4.727799 -4.170587 4.993925 11.020526 3e-06 -1e-06 12.109054 -3.735715 -2.866784 0.0 0.0 0.0 1.291986 -1.928549 -1.498089 14.800129 0.567468 3.865608 14.242572 -1.341735 -6.660658 19.631969 0.143926 -0.648245 49.544456 -0.944175 -6.309343 0.353029 -1.511151 -0.03194 20.222795 3.684309 2.31663 18.787279 5e-06 -1e-06 10.751629 -0.479869 1.397905 -1e-06 0.0 0.0 3.273807 0.305947 -0.580111 21.486814 11.830373 2.266133 8.162927 1e-06 -0.0 18.39908 -3.798984 -4.940575 3e-06 0.0 -1e-06 1.440666 6.56599 0.92356 0.040619 -0.017887 1.806558 -2.550662 1.840625 -1.977435 1.670829 -1.764763 -0.634076 0.0 0.0 2e-06 -2.260662 -5.686205 -0.105765 -0.052692 -0.0188 3.355175 3.520871 -2.197934 -4.833103 -1.426784 1.157218 -1.053849 0.0 0.0 -1e-06 
0.0 0.0 0.0 0.0 -0.0 0.0 -0.122234 100.67865 1.884614 0.100588 -3.177304 1.521575 0.399096 -0.034793 -2.180063 -0.491356 -0.178247 -6.056286 -1.693497 -2.430293 6.110061 5.18377 0.341023 -0.724073 -0.144473 2.376662 -3.865143 3.682827 -0.715188 -0.134345 7.7e-05 -2.3e-05 6e-06 -0.041584 -0.069084 -0.080677 0.620787 -3.771693 -10.584634 -0.702571 3.625087 -10.595415 19.442677 -12.10033 6.573026 48.400902 6.397224 -63.811615 0.692306 -18.736841 -1.71507 12.636085 -13.990218 -5.350977 -5.882106 9.861284 0.702589 -10.936872 -0.360576 7.156204 1e-06 8.774824 -2e-06 -17.30864 18.745495 5.033233 -1.844032 2.498505 -2.507277 -10.1636 4.678944 4.621107 -20.976027 -5e-06 1e-06 -21.226288 2.451695 -3.594 -1e-06 -6e-06 -0.0 -1.362682 2.240798 -0.746323 -21.334915 0.584907 3.008321 -13.821217 -4e-06 2e-06 -23.887173 -0.249081 -0.839483 -60.480888 3.120653 -1.628093 -0.294025 1.679687 0.833256 -14.218207 0.093214 1.300579 -34.212051 -0.287567 0.967169 -20.033211 0.964534 1.212844 -0.0 -1e-06 -0.0 -3.440388 0.788234 0.501655 -15.928185 -3.167311 2.999706 -6.338826 -1e-06 -0.0 -18.123444 3.648182 -4.905671 -5e-06 0.0 -2e-06 -27.759325 12.740263 2.974121 -46.255287 -2.114157 -79.441109 -0.156972 16.865263 -0.893601 -8.865558 0.862147 -7.534873 2.243542 -5.255039 -3.18016 14.282898 -0.826595 6.952509 -2e-06 -12.690609 1e-06 17.039431 -16.619873 2.170464 1.665667 -1.955922 -2.8783 4.727801 -4.170589 4.993928 11.020531 3e-06 -0.0 12.109058 -3.735717 -2.866785 0.0 0.0 0.0 1.291986 -1.92855 -1.49809 14.800136 0.567468 3.865612 14.242577 -1.341737 -6.66066 19.631975 0.143925 -0.648243 49.487823 -0.966604 -6.277842 0.353029 -1.511151 -0.03194 20.222803 3.68431 2.316634 18.787287 4e-06 1e-06 10.751636 -0.47987 1.397907 -1e-06 -0.0 -0.0 3.273808 0.305947 -0.580111 21.486828 11.83038 2.266137 8.162933 1e-06 1e-06 18.399094 -3.798988 -4.940576 2e-06 0.0 -1e-06 1.474723 6.638459 0.849179 0.041397 -0.033408 1.801154 -2.561201 1.832738 -2.01698 1.670571 -1.767716 -0.567146 0.0 -0.0 2e-06 -2.215746 -5.672095 -0.198458 -0.050707 -0.02319 3.32754 3.472925 -2.186105 -4.801488 -1.426516 1.143023 -1.016096 -0.0 0.0 -1e-06 
0.0 0.0 0.0 0.0 -0.0 0.0 -0.152744 100.673767 1.873962 0.070316 -3.200736 1.595815 0.395603 -0.022887 -2.169021 -0.494794 -0.164812 -6.042975 -1.702771 -2.452721 6.090888 5.264002 0.363675 -0.822005 -0.220122 2.278862 -3.875536 3.663796 -0.755707 -0.224582 7.7e-05 -2.3e-05 6e-06 -0.041239 -0.076566 -0.082577 0.623293 -3.778032 -10.590354 -0.70473 3.616455 -10.604033 19.333717 -12.095913 6.605093 48.449757 6.482824 -63.488831 0.784661 -18.703695 -1.794657 12.777781 -14.195641 -5.658273 -5.882111 9.861293 0.702589 -10.936878 -0.360576 7.156208 2e-06 8.77483 -2e-06 -17.2745 18.694519 5.08424 -1.844034 2.498507 -2.507279 -10.163608 4.678948 4.621109 -20.97604 -4e-06 0.0 -21.226307 2.451698 -3.594005 -1e-06 -6e-06 0.0 -1.362682 2.2408 -0.746324 -21.334929 0.584908 3.008323 -13.821221 -3e-06 1e-06 -23.887186 -0.24908 -0.839485 -60.48761 3.109038 -1.613486 -0.294025 1.679688 0.833256 -14.218219 0.093214 1.300579 -34.21207 -0.287567 0.967169 -20.033226 0.964535 1.212843 -0.0 -1e-06 -0.0 -3.440391 0.788233 0.501655 -15.928196 -3.167313 2.999707 -6.338831 -1e-06 0.0 -18.123459 3.648185 -4.905676 -4e-06 -0.0 -2e-06 -27.718763 12.678604 2.938442 -46.016602 -2.150546 -79.239868 -0.381375 16.841953 -1.013894 -8.743508 0.774507 -7.698726 2.243544 -5.255041 -3.180159 14.282904 -0.826594 6.952506 -2e-06 -12.690614 -1e-06 16.998142 -16.610533 2.224115 1.665668 -1.955923 -2.8783 4.727803 -4.17059 4.993925 11.020536 3e-06 -1e-06 12.109061 -3.735718 -2.866786 0.0 0.0 0.0 1.291987 -1.928551 -1.49809 14.800142 0.567469 3.865609 14.242585 -1.341737 -6.660662 19.631985 0.143926 -0.648245 49.491077 -0.979952 -6.267596 0.353029 -1.511152 -0.03194 20.222811 3.684313 2.316631 18.787289 6e-06 -2e-06 10.751637 -0.479868 1.397906 -1e-06 -0.0 -0.0 3.273809 0.305947 -0.580111 21.486834 11.830385 2.266135 8.162935 1e-06 -1e-06 18.399099 -3.798986 -4.940581 3e-06 -0.0 -1e-06 1.521681 6.675494 0.782598 0.042795 -0.049022 1.794572 -2.572513 1.82596 -2.057356 1.670475 -1.770748 -0.519271 0.0 -0.0 2e-06 -2.15671 -5.66524 -0.283553 -0.048743 -0.025841 3.314979 3.448954 -2.202285 -4.763764 -1.425484 1.132219 -0.979363 -0.0 0.0 -1e-06 
0.0 0.0 0.0 0.0 -0.0 0.0 -0.184753 100.674141 1.877232 0.039643 -3.219034 1.662141 0.389517 -0.005897 -2.165941 -0.497889 -0.159136 -6.032471 -1.721015 -2.467366 6.076107 5.333612 0.37461 -0.952658 -0.277862 2.213246 -3.882331 3.649252 -0.808791 -0.307444 7.7e-05 -2.3e-05 6e-06 -0.042123 -0.081404 -0.085614 0.625508 -3.782075 -10.59862 -0.70899 3.611073 -10.614 19.224394 -12.082132 6.624421 48.474514 6.517007 -63.35696 0.863266 -18.625307 -1.857556 12.88701 -14.427619 -5.864906 -5.88211 9.86129 0.70259 -10.936875 -0.360575 7.156207 0.0 8.774827 -0.0 -17.269356 18.653477 5.103937 -1.844033 2.498505 -2.507279 -10.163605 4.678946 4.621109 -20.976034 -3e-06 0.0 -21.226299 2.451697 -3.594004 -1e-06 -6e-06 -0.0 -1.362682 2.2408 -0.746324 -21.334925 0.58491 3.008322 -13.821221 -2e-06 0.0 -23.887178 -0.249079 -0.839485 -60.490231 3.101118 -1.613628 -0.294025 1.679688 0.833256 -14.218214 0.093215 1.300579 -34.212067 -0.287566 0.967168 -20.033222 0.964535 1.212842 -0.0 -1e-06 -0.0 -3.44039 0.788234 0.501655 -15.928192 -3.16731 2.999707 -6.338829 -1e-06 -0.0 -18.123457 3.648184 -4.905674 -4e-06 0.0 -2e-06 -27.639818 12.607938 2.899475 -45.83215 -2.119562 -79.159271 -0.617066 16.829021 -1.136702 -8.632394 0.715999 -7.823393 2.243544 -5.255042 -3.180161 14.282907 -0.826596 6.952509 -3e-06 -12.690617 -0.0 16.985975 -16.589735 2.266572 1.665668 -1.955924 -2.878301 4.727805 -4.170591 4.993928 11.02054 2e-06 -1e-06 12.109064 -3.73572 -2.866787 0.0 0.0 0.0 1.291987 -1.928551 -1.49809 14.800146 0.567468 3.865611 14.242586 -1.341738 -6.660664 19.63199 0.143925 -0.648245 49.549606 -0.985806 -6.280251 0.353029 -1.511152 -0.03194 20.222815 3.684313 2.316633 18.787298 4e-06 -1e-06 10.751641 -0.479869 1.397907 -1e-06 -0.0 -0.0 3.27381 0.305947 -0.580111 21.486841 11.830385 2.266137 8.162935 2e-06 -0.0 18.399103 -3.798987 -4.940581 3e-06 -0.0 -1e-06 1.572524 6.684996 0.730456 0.041267 -0.059781 1.778684 -2.575632 1.811765 -2.08371 1.670898 -1.776487 -0.49132 -0.0 -0.0 2e-06 -2.095914 -5.646507 -0.361316 -0.04665 -0.032189 3.323853 3.436953 -2.234803 -4.735415 -1.423588 1.121378 -0.955767 -0.0 0.0 -1e-06 
0.0 0.0 0.0 0.0 -0.0 0.0 -0.215572 100.677383 1.888425 0.015598 -3.22914 1.718928 0.37443 0.012521 -2.165149 -0.499505 -0.170231 -6.021953 -1.741526 -2.464914 6.064001 5.384898 0.368858 -1.113617 -0.314307 2.16252 -3.88546 3.629508 -0.874542 -0.396947 7.7e-05 -2.2e-05 6e-06 -0.045096 -0.088304 -0.088188 0.62612 -3.789256 -10.607895 -0.715733 3.604524 -10.624348 19.111816 -12.076385 6.65409 48.480812 6.537622 -63.330158 0.922107 -18.512484 -1.89778 12.97845 -14.629861 -6.064359 -5.882113 9.861293 0.702591 -10.936888 -0.360577 7.156213 3e-06 8.774833 -2e-06 -17.299568 18.636148 5.094785 -1.844035 2.498507 -2.50728 -10.163614 4.678948 4.621113 -20.976055 -6e-06 4e-06 -21.226316 2.451698 -3.594 -1e-06 -5e-06 -0.0 -1.362683 2.240799 -0.746324 -21.334944 0.584907 3.008327 -13.821235 -4e-06 4e-06 -23.887203 -0.249081 -0.83948 -60.476345 3.107557 -1.637798 -0.294025 1.679689 0.833257 -14.218229 0.093213 1.300582 -34.212101 -0.287568 0.967174 -20.033243 0.964536 1.212847 -0.0 -1e-06 -0.0 -3.440393 0.788234 0.501656 -15.928209 -3.167315 2.999711 -6.338835 -1e-06 1e-06 -18.123474 3.648183 -4.905674 -4e-06 0.0 -2e-06 -27.52828 12.533712 2.862572 -45.714329 -2.041742 -79.230293 -0.794141 16.810755 -1.242021 -8.542765 0.67344 -7.92023 2.243545 -5.255042 -3.180162 14.282911 -0.826597 6.952511 -2e-06 -12.690616 1e-06 16.987339 -16.565048 2.294041 1.665668 -1.955924 -2.878302 4.727805 -4.170592 4.99393 11.020542 2e-06 -1e-06 12.10907 -3.73572 -2.866788 1e-06 0.0 0.0 1.291987 -1.928551 -1.498091 14.800148 0.567467 3.865612 14.242591 -1.341737 -6.660665 19.631992 0.143925 -0.648246 49.621819 -0.983026 -6.318826 0.35303 -1.511152 -0.03194 20.222818 3.684312 2.316633 18.787296 4e-06 -1e-06 10.75164 -0.47987 1.397907 -1e-06 0.0 -0.0 3.273811 0.305947 -0.580111 21.486839 11.830384 2.266135 8.162937 2e-06 -1e-06 18.399107 -3.798989 -4.940581 3e-06 0.0 -1e-06 1.616203 6.645349 0.693496 0.038334 -0.067198 1.753056 -2.57302 1.817222 -2.100248 1.671886 -1.788012 -0.4671 -0.0 -0.0 2e-06 -2.045853 -5.648672 -0.42556 -0.042371 -0.038819 3.342047 3.426697 -2.246186 -4.718646 -1.421361 1.111707 -0.949456 -0.0 0.0 -1e-06 
0.0 0.0 0.0 0.0 -0.0 0.0 -0.239548 100.680855 1.901025 0.002841 -3.215178 1.767887 0.345965 0.023214 -2.161408 -0.499672 -0.19265 -6.018877 -1.762377 -2.45099 6.058811 5.414416 0.36466 -1.299465 -0.341151 2.094044 -3.894497 3.62677 -0.95006 -0.532733 7.7e-05 -2.3e-05 6e-06 -0.048812 -0.092829 -0.091504 0.627472 -3.795251 -10.617131 -0.724689 3.601266 -10.635592 18.988688 -12.06667 6.701046 48.485889 6.546998 -63.360954 0.972313 -18.403625 -1.920461 13.069793 -14.7541 -6.220639 -5.88211 9.861289 0.70259 -10.936877 -0.360576 7.156209 1e-06 8.77483 -2e-06 -17.305214 18.640465 5.06902 -1.844033 2.498505 -2.507278 -10.163605 4.678946 4.62111 -20.976038 -4e-06 4e-06 -21.226299 2.451698 -3.593999 -1e-06 -6e-06 -1e-06 -1.362682 2.240799 -0.746324 -21.334927 0.584909 3.008326 -13.82122 -3e-06 3e-06 -23.887182 -0.249079 -0.839481 -60.391548 3.12503 -1.665098 -0.294025 1.679688 0.833256 -14.218219 0.093214 1.300582 -34.212074 -0.287565 0.967174 -20.033226 0.964537 1.212846 -0.0 -0.0 -0.0 -3.440391 0.788233 0.501656 -15.928198 -3.167312 2.999709 -6.33883 -1e-06 1e-06 -18.123459 3.648183 -4.905671 -4e-06 -0.0 -2e-06 -27.357973 12.458918 2.832291 -45.695686 -1.925009 -79.402588 -0.893812 16.772528 -1.324842 -8.49236 0.693819 -7.996177 2.243542 -5.255038 -3.180159 14.282896 -0.826594 6.952506 -2e-06 -12.690607 -0.0 16.992939 -16.552393 2.299927 1.665667 -1.955922 -2.878299 4.727801 -4.170588 4.993926 11.020531 3e-06 -1e-06 12.109057 -3.735716 -2.866784 0.0 0.0 -0.0 1.291986 -1.92855 -1.49809 14.800136 0.567468 3.865609 14.24258 -1.341737 -6.660659 19.631975 0.143925 -0.648244 49.67355 -0.984756 -6.370135 0.353029 -1.511151 -0.03194 20.222801 3.68431 2.316632 18.787281 4e-06 -0.0 10.751633 -0.479869 1.397906 -2e-06 0.0 -0.0 3.273808 0.305947 -0.580111 21.486824 11.830379 2.266135 8.16293 1e-06 -0.0 18.39909 -3.798985 -4.940577 2e-06 0.0 -1e-06 1.642562 6.574076 0.661555 0.03723 -0.067838 1.725526 -2.565088 1.837246 -2.092857 1.673588 -1.79862 -0.444775 -0.0 0.0 2e-06 -2.011178 -5.682797 -0.475649 -0.039881 -0.046106 3.360633 3.410126 -2.225457 -4.718038 -1.420051 1.105851 -0.957973 -0.0 0.0 -1e-06 
0.0 0.0 0.0 0.0 -0.0 0.0 -0.258723 100.685692 1.915007 -0.004197 -3.19603 1.816866 0.311268 0.025551 -2.161666 -0.500536 -0.205989 -6.026608 -1.787448 -2.437201 6.069346 5.425305 0.354056 -1.509647 -0.358818 2.038177 -3.90262 3.644856 -1.046816 -0.716197 7.7e-05 -2.2e-05 6e-06 -0.053344 -0.099691 -0.092634 0.627053 -3.803813 -10.624464 -0.733449 3.595989 -10.64576 18.845291 -12.03488 6.756239 48.543758 6.515929 -63.333591 1.069274 -18.247568 -1.94018 13.203902 -14.807828 -6.391949 -5.882107 9.861286 0.70259 -10.936874 -0.360575 7.156208 1e-06 8.774826 -2e-06 -17.285786 18.657393 5.03042 -1.844032 2.498505 -2.507278 -10.163603 4.678945 4.62111 -20.976027 -3e-06 4e-06 -21.226292 2.451698 -3.593999 -1e-06 -6e-06 -1e-06 -1.362682 2.240798 -0.746324 -21.334921 0.584909 3.008325 -13.821215 -2e-06 3e-06 -23.887178 -0.249078 -0.839481 -60.233273 3.150272 -1.678682 -0.294025 1.679687 0.833256 -14.218211 0.093215 1.300582 -34.212051 -0.287563 0.967173 -20.033213 0.964538 1.212845 -0.0 -1e-06 -0.0 -3.440389 0.788233 0.501656 -15.928189 -3.167311 2.999709 -6.338829 -1e-06 1e-06 -18.123447 3.648183 -4.90567 -4e-06 -0.0 -2e-06 -27.100939 12.386237 2.868753 -45.806591 -1.826104 -79.526016 -0.981618 16.692591 -1.389445 -8.456192 0.807795 -8.06082 2.243541 -5.255037 -3.180159 14.282892 -0.826594 6.952505 -2e-06 -12.690607 0.0 17.005852 -16.557301 2.28187 1.665666 -1.955922 -2.8783 4.727798 -4.170588 4.993925 11.020526 3e-06 -2e-06 12.109053 -3.735716 -2.866785 0.0 0.0 -0.0 1.291986 -1.92855 -1.49809 14.800129 0.567469 3.865609 14.242573 -1.341735 -6.66066 19.631966 0.143927 -0.648245 49.695122 -1.002474 -6.427875 0.353029 -1.511151 -0.03194 20.222792 3.684311 2.316631 18.787273 5e-06 -0.0 10.75163 -0.479868 1.397907 -2e-06 0.0 -0.0 3.273807 0.305947 -0.580111 21.486816 11.830379 2.266134 8.162929 1e-06 0.0 18.399082 -3.798986 -4.940575 2e-06 0.0 -1e-06 1.654016 6.475462 0.62394 0.040167 -0.058738 1.69944 -2.558817 1.871248 -2.068784 1.674093 -1.80229 -0.416633 -0.0 0.0 2e-06 -1.987154 -5.746597 -0.52288 -0.040221 -0.048934 3.374834 3.392915 -2.182435 -4.730242 -1.419955 1.109972 -0.978638 -0.0 0.0 -1e-06 
0.0 0.0 0.0 0.0 -0.0 0.0 -0.277048 100.690201 1.928465 -0.010265 -3.167156 1.864657 0.278856 0.017721 -2.167005 -0.508732 -0.206151 -6.044687 -1.813073 -2.424144 6.096669 5.421952 0.347857 -1.708738 -0.375644 1.982554 -3.902849 3.668054 -1.160838 -0.944429 7.7e-05 -2.3e-05 6e-06 -0.056875 -0.106129 -0.091863 0.625463 -3.811037 -10.626305 -0.739063 3.590463 -10.650114 18.695408 -11.989785 6.82096 48.653526 6.457873 -63.155064 1.228757 -18.037464 -1.960189 13.39788 -14.777692 -6.636915 -5.882109 9.861288 0.702591 -10.936878 -0.360575 7.15621 1e-06 8.774828 -2e-06 -17.265932 18.680494 4.997609 -1.844033 2.498505 -2.507278 -10.163605 4.678946 4.621111 -20.976038 -4e-06 4e-06 -21.226299 2.451698 -3.593999 -1e-06 -5e-06 -0.0 -1.362682 2.240798 -0.746324 -21.334929 0.584909 3.008327 -13.821221 -3e-06 3e-06 -23.887184 -0.249078 -0.83948 -60.0896 3.173372 -1.684753 -0.294025 1.679688 0.833256 -14.218217 0.093214 1.300583 -34.212067 -0.287564 0.967175 -20.033226 0.964538 1.212846 -1e-06 -1e-06 -0.0 -3.44039 0.788233 0.501656 -15.928194 -3.167311 2.99971 -6.338831 -1e-06 1e-06 -18.123459 3.648184 -4.90567 -4e-06 0.0 -2e-06 -26.771173 12.317151 2.988065 -46.026222 -1.781867 -79.587891 -1.063647 16.555067 -1.446075 -8.391513 0.983167 -8.091899 2.243543 -5.255039 -3.18016 14.282902 -0.826596 6.952507 -2e-06 -12.69061 1e-06 16.991219 -16.572859 2.281957 1.665667 -1.955922 -2.878301 4.727803 -4.170589 4.993927 11.020535 3e-06 -1e-06 12.109059 -3.735717 -2.866785 1e-06 0.0 -0.0 1.291986 -1.92855 -1.49809 14.800139 0.567468 3.865611 14.242581 -1.341736 -6.660661 19.631975 0.143925 -0.648245 49.697777 -1.01596 -6.464961 0.353029 -1.511151 -0.03194 20.222805 3.68431 2.316632 18.787287 4e-06 -1e-06 10.751636 -0.479869 1.397907 -2e-06 0.0 -0.0 3.273809 0.305947 -0.580111 21.48683 11.830379 2.266134 8.162933 1e-06 -1e-06 18.399099 -3.798987 -4.940578 2e-06 -0.0 -1e-06 1.660831 6.373713 0.573547 0.042048 -0.042093 1.691331 -2.577129 1.90343 -2.045703 1.674078 -1.801196 -0.386204 -0.0 -0.0 2e-06 -1.96672 -5.836938 -0.569023 -0.041153 -0.052004 3.38731 3.367411 -2.122159 -4.742138 -1.419962 1.119563 -0.988467 -0.0 0.0 -1e-06 
0.0 0.0 0.0 0.0 -0.0 0.0 -0.292998 100.693382 1.936929 -0.014965 -3.116757 1.915232 0.248876 0.005689 -2.176812 -0.523129 -0.19884 -6.060101 -1.841887 -2.419742 6.129606 5.415498 0.364625 -1.900584 -0.401548 1.903209 -3.899485 3.710364 -1.276051 -1.160588 7.7e-05 -2.2e-05 6e-06 -0.059285 -0.111566 -0.091037 0.623056 -3.817035 -10.627724 -0.741679 3.585592 -10.654346 18.529043 -11.926582 6.904199 48.797291 6.412212 -63.013161 1.365313 -17.881165 -1.975491 13.624345 -14.676692 -6.901468 -5.882113 9.861299 0.702589 -10.936881 -0.360576 7.15621 -0.0 8.774837 -2e-06 -17.236694 18.705025 4.98148 -1.844035 2.498508 -2.50728 -10.16361 4.678951 4.62111 -20.976044 -2e-06 -1e-06 -21.226309 2.4517 -3.594007 -1e-06 -6e-06 -0.0 -1.362683 2.240801 -0.746324 -21.334936 0.584911 3.008324 -13.82123 -3e-06 0.0 -23.887196 -0.249079 -0.839487 -59.97197 3.184934 -1.664797 -0.294025 1.67969 0.833256 -14.218223 0.093216 1.30058 -34.212086 -0.287565 0.967167 -20.033234 0.964536 1.212843 -0.0 -0.0 -0.0 -3.440392 0.788234 0.501656 -15.928203 -3.167313 2.999709 -6.338833 -1e-06 0.0 -18.123468 3.648188 -4.90568 -4e-06 -0.0 -2e-06 -26.408045 12.259081 3.130649 -46.286015 -1.798139 -79.664787 -1.102225 16.44663 -1.479216 -8.340435 1.180324 -8.125542 2.243542 -5.255041 -3.180159 14.2829 -0.826594 6.952507 -1e-06 -12.690615 -2e-06 16.951958 -16.57991 2.304152 1.665667 -1.955923 -2.8783 4.727801 -4.17059 4.993925 11.020532 3e-06 -0.0 12.109058 -3.735719 -2.866785 2e-06 0.0 -0.0 1.291986 -1.928551 -1.49809 14.800138 0.56747 3.86561 14.24258 -1.341738 -6.660661 19.631977 0.143926 -0.648243 49.678497 -1.024686 -6.461325 0.353029 -1.511152 -0.03194 20.222801 3.684314 2.316633 18.787281 5e-06 0.0 10.751634 -0.479868 1.397907 -1e-06 0.0 -0.0 3.273808 0.305947 -0.580111 21.486828 11.830387 2.266139 8.162931 2e-06 0.0 18.399096 -3.798988 -4.940579 3e-06 -0.0 -1e-06 1.668579 6.294108 0.508686 0.042138 -0.027902 1.694414 -2.613288 1.92847 -2.02758 1.674183 -1.791944 -0.351645 -0.0 -0.0 2e-06 -1.944179 -5.932002 -0.619384 -0.044153 -0.054726 3.396723 3.350907 -2.085175 -4.762306 -1.41915 1.13066 -0.980289 -0.0 0.0 -1e-06 
0.0 0.0 0.0 0.0 -0.0 0.0 -0.307196 100.694885 1.939708 -0.023121 -3.038895 1.963574 0.225119 -0.009187 -2.19404 -0.537411 -0.204311 -6.071128 -1.872195 -2.415268 6.16587 5.400161 0.394556 -2.081027 -0.431463 1.824093 -3.887897 3.781541 -1.392555 -1.368741 7.7e-05 -2.2e-05 7e-06 -0.060382 -0.114855 -0.089701 0.619136 -3.821115 -10.622303 -0.740138 3.583061 -10.651455 18.367029 -11.864819 7.001458 48.95509 6.380055 -62.989822 1.440475 -17.780247 -1.962729 13.831214 -14.531499 -7.07149 -5.88211 9.861288 0.70259 -10.936881 -0.360576 7.156208 2e-06 8.77483 -1e-06 -17.20583 18.727091 4.966001 -1.844034 2.498505 -2.507279 -10.16361 4.678946 4.62111 -20.97604 -6e-06 2e-06 -21.226305 2.451696 -3.593999 -1e-06 -6e-06 -0.0 -1.362682 2.2408 -0.746324 -21.334932 0.584908 3.008325 -13.821225 -4e-06 2e-06 -23.887192 -0.249081 -0.839481 -59.884762 3.180782 -1.667945 -0.294025 1.679687 0.833256 -14.21822 0.093213 1.300581 -34.212074 -0.287567 0.967172 -20.03323 0.964536 1.212845 -0.0 -0.0 -0.0 -3.440391 0.788233 0.501656 -15.928201 -3.167312 2.999707 -6.338831 -1e-06 1e-06 -18.123459 3.648183 -4.905672 -5e-06 -0.0 -2e-06 -26.094648 12.232489 3.255396 -46.488758 -1.872895 -79.680069 -1.140304 16.376736 -1.48213 -8.2987 1.363171 -8.218404 2.243542 -5.255035 -3.180158 14.282894 -0.826596 6.952504 -2e-06 -12.690599 2e-06 16.925106 -16.563776 2.307621 1.665666 -1.955921 -2.878299 4.727801 -4.170587 4.993925 11.020528 2e-06 -0.0 12.109054 -3.735715 -2.866783 2e-06 -0.0 0.0 1.291986 -1.928549 -1.498089 14.800132 0.567467 3.865609 14.242576 -1.341736 -6.660657 19.631973 0.143924 -0.648244 49.646465 -1.021204 -6.44714 0.353029 -1.51115 -0.03194 20.222799 3.684307 2.316631 18.787279 4e-06 0.0 10.751629 -0.47987 1.397906 -1e-06 -0.0 -0.0 3.273807 0.305947 -0.580111 21.486816 11.830369 2.266133 8.162927 0.0 0.0 18.399086 -3.798985 -4.940574 2e-06 0.0 -1e-06 1.686318 6.253073 0.444873 0.040643 -0.027778 1.695542 -2.671808 1.912319 -2.015865 1.674759 -1.777237 -0.312342 0.0 0.0 2e-06 -1.914225 -6.016115 -0.659105 -0.048231 -0.055819 3.392237 3.345126 -2.100566 -4.774892 -1.417871 1.144915 -0.963702 -0.0 0.0 -1e-06 
0.0 0.0 0.0 0.0 -0.0 0.0 -0.323637 100.696289 1.941712 -0.024525 -2.960617 2.014517 0.202424 -0.026514 -2.216933 -0.552541 -0.21604 -6.080696 -1.908069 -2.421649 6.19773 5.362408 0.437928 -2.245737 -0.465408 1.751209 -3.877267 3.870383 -1.490952 -1.589644 7.7e-05 -2.2e-05 6e-06 -0.059646 -0.118858 -0.089745 0.614449 -3.825687 -10.616964 -0.734158 3.579257 -10.648319 18.199793 -11.777991 7.092546 49.145538 6.324764 -63.147243 1.447313 -17.716928 -1.923174 13.952553 -14.390271 -7.011715 -5.882109 9.861289 0.70259 -10.936877 -0.360576 7.156206 2e-06 8.774828 -1e-06 -17.175314 18.736568 4.957196 -1.844033 2.498505 -2.507278 -10.163603 4.678945 4.621109 -20.97603 -4e-06 2e-06 -21.226292 2.451698 -3.594 -1e-06 -6e-06 -0.0 -1.362682 2.240799 -0.746324 -21.334921 0.584909 3.008324 -13.821219 -3e-06 1e-06 -23.887178 -0.249079 -0.839483 -59.801777 3.185218 -1.694577 -0.294025 1.679688 0.833256 -14.218214 0.093213 1.30058 -34.212063 -0.287565 0.96717 -20.033222 0.964535 1.212844 -0.0 -0.0 -0.0 -3.44039 0.788233 0.501655 -15.928192 -3.167311 2.999708 -6.33883 -1e-06 0.0 -18.123455 3.648183 -4.905673 -5e-06 -0.0 -2e-06 -25.832453 12.247316 3.339801 -46.631977 -1.98274 -79.650528 -1.191275 16.349464 -1.473407 -8.255336 1.504042 -8.294947 2.243542 -5.255039 -3.180158 14.282896 -0.826595 6.952505 -2e-06 -12.690609 -0.0 16.904957 -16.549051 2.310987 1.665667 -1.955922 -2.878299 4.7278 -4.170589 4.993924 11.02053 3e-06 -1e-06 12.109056 -3.735717 -2.866784 1e-06 0.0 -0.0 1.291986 -1.92855 -1.498089 14.800134 0.567469 3.865608 14.242579 -1.341737 -6.660658 19.631973 0.143926 -0.648244 49.617306 -1.020508 -6.433877 0.353029 -1.511151 -0.03194 20.222801 3.684312 2.316632 18.787285 5e-06 -0.0 10.751633 -0.479869 1.397906 -1e-06 0.0 -0.0 3.273808 0.305947 -0.580111 21.486824 11.83038 2.266135 8.16293 2e-06 -1e-06 18.399092 -3.798985 -4.940577 2e-06 0.0 -1e-06 1.695974 6.237031 0.373403 0.038071 -0.038337 1.705603 -2.739651 1.871534 -1.996215 1.676347 -1.767208 -0.289121 -0.0 -0.0 2e-06 -1.892247 -6.094859 -0.700551 -0.052597 -0.054064 3.382382 3.367647 -2.118487 -4.774986 -1.41703 1.150446 -0.940283 -0.0 0.0 -1e-06 
0.0 0.0 0.0 0.0 -0.0 0.0 -0.342144 100.693382 1.945981 -0.023823 -2.884517 2.059293 0.184082 -0.038382 -2.241593 -0.564423 -0.233647 -6.084319 -1.948408 -2.425326 6.209864 5.285879 0.494034 -2.393472 -0.501646 1.683146 -3.871642 3.976806 -1.583081 -1.790975 7.7e-05 -2.3e-05 6e-06 -0.058932 -0.124319 -0.087267 0.608976 -3.829726 -10.608572 -0.72748 3.572134 -10.643385 18.030981 -11.683599 7.167645 49.367981 6.224207 -63.47253 1.378935 -17.696625 -1.87233 14.017264 -14.240718 -6.893084 -5.882107 9.861288 0.702589 -10.936875 -0.360577 7.156204 1e-06 8.774828 -2e-06 -17.142393 18.734945 4.935933 -1.844033 2.498505 -2.507277 -10.163603 4.678944 4.621108 -20.976028 -5e-06 3e-06 -21.226294 2.451696 -3.593998 -1e-06 -6e-06 -0.0 -1.362682 2.240798 -0.746323 -21.334919 0.584907 3.008322 -13.821216 -4e-06 2e-06 -23.887177 -0.24908 -0.839481 -59.689243 3.179696 -1.714441 -0.294025 1.679688 0.833255 -14.218212 0.093213 1.30058 -34.212063 -0.287568 0.967172 -20.033218 0.964535 1.212845 -0.0 -0.0 -0.0 -3.440389 0.788233 0.501655 -15.928191 -3.167312 2.999707 -6.338829 -1e-06 1e-06 -18.123453 3.648183 -4.905671 -4e-06 -0.0 -2e-06 -25.641752 12.28366 3.372498 -46.723335 -2.076851 -79.590218 -1.290259 16.328886 -1.471652 -8.19124 1.624632 -8.34021 2.243543 -5.255041 -3.18016 14.282909 -0.826596 6.952512 -2e-06 -12.690616 0.0 16.897913 -16.549036 2.309193 1.665668 -1.955923 -2.878302 4.727804 -4.170591 4.993929 11.020538 3e-06 0.0 12.109063 -3.735719 -2.866785 1e-06 -0.0 -0.0 1.291987 -1.928551 -1.498091 14.800146 0.567469 3.865613 14.242585 -1.341738 -6.660662 19.631987 0.143924 -0.648243 49.584961 -1.034376 -6.417039 0.353029 -1.511152 -0.03194 20.222816 3.684313 2.316635 18.787296 4e-06 2e-06 10.751645 -0.47987 1.397908 -1e-06 0.0 -0.0 3.27381 0.305947 -0.580111 21.486841 11.830386 2.266139 8.162937 2e-06 1e-06 18.399103 -3.798988 -4.940579 3e-06 -0.0 -1e-06 1.704354 6.262229 0.313077 0.035496 -0.053318 1.716863 -2.816468 1.793104 -1.983824 1.678228 -1.764408 -0.273914 0.0 0.0 2e-06 -1.872717 -6.116444 -0.734901 -0.05611 -0.053094 3.367402 3.391059 -2.163308 -4.771753 -1.41745 1.153396 -0.923995 0.0 0.0 -1e-06 
0.0 0.0 0.0 0.0 -0.0 0.0 -0.36197 100.687363 1.956763 -0.018142 -2.82105 2.096362 0.169975 -0.036862 -2.263403 -0.575417 -0.248855 -6.079245 -1.99238 -2.418997 6.19503 5.172831 0.562763 -2.531756 -0.536378 1.62587 -3.864581 4.098681 -1.706753 -1.957019 7.7e-05 -2.3e-05 6e-06 -0.059568 -0.130241 -0.081717 0.601506 -3.833024 -10.595033 -0.721641 3.563548 -10.632369 17.857849 -11.602482 7.227304 49.657475 6.075696 -63.76281 1.273056 -17.647661 -1.816788 14.099072 -14.072952 -6.791025 -5.882107 9.861284 0.70259 -10.936873 -0.360576 7.156206 2e-06 8.774826 -1e-06 -17.101788 18.723595 4.912752 -1.844033 2.498505 -2.507278 -10.163603 4.678944 4.621108 -20.97603 -5e-06 2e-06 -21.226295 2.451696 -3.594 -1e-06 -6e-06 -0.0 -1.362682 2.240798 -0.746323 -21.334919 0.584908 3.008322 -13.821219 -4e-06 1e-06 -23.887177 -0.249081 -0.839481 -59.600346 3.170824 -1.711036 -0.294025 1.679687 0.833256 -14.218212 0.093213 1.30058 -34.212063 -0.287568 0.967171 -20.033218 0.964534 1.212845 -0.0 -1e-06 0.0 -3.440389 0.788233 0.501656 -15.928189 -3.16731 2.999706 -6.338825 -2e-06 1e-06 -18.123449 3.648181 -4.90567 -5e-06 0.0 -2e-06 -25.543583 12.351908 3.41219 -46.76342 -2.209615 -79.482971 -1.408731 16.247925 -1.470504 -8.154144 1.746849 -8.365846 2.243542 -5.255038 -3.180159 14.2829 -0.826595 6.952507 -1e-06 -12.690609 -0.0 16.896891 -16.546808 2.299845 1.665667 -1.955922 -2.8783 4.727801 -4.170589 4.993926 11.020534 3e-06 -0.0 12.109058 -3.735717 -2.866785 1e-06 0.0 -0.0 1.291986 -1.92855 -1.49809 14.800136 0.567468 3.86561 14.24258 -1.341736 -6.66066 19.631981 0.143925 -0.648244 49.521973 -1.055651 -6.383062 0.353029 -1.511151 -0.03194 20.222803 3.68431 2.316633 18.787287 4e-06 0.0 10.751634 -0.479869 1.397907 -1e-06 0.0 0.0 3.273809 0.305947 -0.580111 21.486828 11.830379 2.266135 8.162933 1e-06 0.0 18.399096 -3.798986 -4.940577 2e-06 0.0 -1e-06 1.715773 6.359358 0.266667 0.029427 -0.068914 1.728149 -2.908489 1.648527 -1.993309 1.679913 -1.765837 -0.24663 0.0 -0.0 2e-06 -1.858209 -6.103135 -0.766465 -0.059425 -0.04864 3.363464 3.406357 -2.236747 -4.787257 -1.418852 1.151593 -0.897548 -0.0 0.0 -1e-06 
0.0 0.0 0.0 0.0 -0.0 0.0 -0.387082 100.672318 1.967812 -0.00534 -2.751467 2.132619 0.161617 -0.029775 -2.290066 -0.582664 -0.251981 -6.068483 -2.057107 -2.419198 6.162119 5.049062 0.613851 -2.663992 -0.573443 1.56565 -3.86982 4.216456 -1.826518 -2.074589 7.7e-05 -2.3e-05 6e-06 -0.062335 -0.13946 -0.07741 0.591593 -3.838447 -10.580948 -0.717648 3.550927 -10.619324 17.710907 -11.558973 7.284091 49.986961 5.911426 -63.921509 1.165201 -17.554594 -1.761142 14.154678 -13.853885 -6.746583 -5.882106 9.861284 0.70259 -10.936872 -0.360576 7.156207 1e-06 8.774826 -1e-06 -17.046597 18.704012 4.915236 -1.844032 2.498504 -2.507278 -10.163599 4.678944 4.621109 -20.976023 -5e-06 3e-06 -21.226286 2.451695 -3.593998 -1e-06 -5e-06 -0.0 -1.362681 2.240797 -0.746323 -21.334913 0.584908 3.008324 -13.821213 -3e-06 2e-06 -23.887171 -0.24908 -0.839482 -59.538055 3.160297 -1.68768 -0.294025 1.679687 0.833256 -14.218209 0.093213 1.300581 -34.212051 -0.287566 0.967173 -20.033211 0.964536 1.212845 -0.0 -0.0 -0.0 -3.440389 0.788233 0.501655 -15.928185 -3.16731 2.999707 -6.338827 -2e-06 2e-06 -18.123444 3.648181 -4.905669 -5e-06 0.0 -2e-06 -25.541698 12.434608 3.407504 -46.754246 -2.30608 -79.311249 -1.543666 16.071796 -1.459888 -8.114914 1.876685 -8.368796 2.243542 -5.255037 -3.180158 14.282894 -0.826594 6.952503 -2e-06 -12.690605 -0.0 16.883381 -16.55172 2.285159 1.665666 -1.955922 -2.878299 4.727799 -4.170588 4.993924 11.020529 3e-06 -1e-06 12.109053 -3.735716 -2.866784 1e-06 0.0 0.0 1.291986 -1.928549 -1.498089 14.800129 0.567468 3.865608 14.242571 -1.341736 -6.660658 19.631968 0.143926 -0.648245 49.420597 -1.077249 -6.363873 0.353029 -1.511151 -0.03194 20.222795 3.68431 2.31663 18.787279 5e-06 -1e-06 10.75163 -0.479868 1.397906 -2e-06 -0.0 -0.0 3.273807 0.305947 -0.580111 21.486818 11.830377 2.266133 8.162929 1e-06 -1e-06 18.399084 -3.798984 -4.940576 2e-06 0.0 -1e-06 1.726376 6.476786 0.223289 0.024227 -0.084895 1.735 -3.009092 1.459929 -2.011042 1.682184 -1.774433 -0.227149 -0.0 -0.0 2e-06 -1.8462 -6.053044 -0.791656 -0.060877 -0.043167 3.347029 3.420077 -2.362322 -4.806493 -1.420558 1.144943 -0.869407 -0.0 0.0 -1e-06 
0.0 0.0 0.0 0.0 -0.0 0.0 -0.41512 100.659752 1.976568 0.00745 -2.669787 2.157627 0.157719 -0.017442 -2.314264 -0.580954 -0.244906 -6.053837 -2.12647 -2.438814 6.129847 4.895411 0.666249 -2.793559 -0.595992 1.498613 -3.881716 4.32704 -1.936171 -2.180682 7.7e-05 -2.2e-05 6e-06 -0.065384 -0.147769 -0.078431 0.583331 -3.843633 -10.575035 -0.715845 3.540132 -10.614552 17.595932 -11.564678 7.326579 50.322353 5.752773 -63.885773 1.075792 -17.381271 -1.712664 14.221354 -13.641635 -6.787223 -5.882111 9.861292 0.702589 -10.936878 -0.360576 7.156206 2e-06 8.774831 -2e-06 -16.985743 18.677101 4.942914 -1.844034 2.498506 -2.507279 -10.163608 4.678947 4.621108 -20.97604 -5e-06 -0.0 -21.226305 2.451696 -3.594004 -1e-06 -6e-06 -0.0 -1.362683 2.2408 -0.746324 -21.33493 0.584908 3.008321 -13.821225 -4e-06 -0.0 -23.887188 -0.249082 -0.839485 -59.515762 3.145475 -1.669083 -0.294025 1.679688 0.833256 -14.218221 0.093214 1.300578 -34.212082 -0.287569 0.967168 -20.03323 0.964533 1.212843 -0.0 -0.0 -0.0 -3.440391 0.788234 0.501655 -15.928201 -3.167313 2.999705 -6.33883 -2e-06 0.0 -18.123463 3.648183 -4.905677 -4e-06 -0.0 -2e-06 -25.598566 12.480071 3.364795 -46.740219 -2.312598 -79.135628 -1.678041 15.836257 -1.43953 -8.080231 1.978036 -8.388994 2.243544 -5.255042 -3.18016 14.282907 -0.826595 6.952509 -2e-06 -12.690618 -1e-06 16.856245 -16.535383 2.259673 1.665668 -1.955923 -2.878301 4.727805 -4.170592 4.993927 11.02054 2e-06 -1e-06 12.109066 -3.735721 -2.866787 0.0 -0.0 0.0 1.291987 -1.928552 -1.49809 14.800146 0.567469 3.865611 14.242588 -1.341739 -6.660664 19.63199 0.143925 -0.648245 49.320053 -1.090429 -6.369442 0.353029 -1.511152 -0.03194 20.222815 3.684313 2.316633 18.787296 4e-06 -1e-06 10.751639 -0.479869 1.397907 -1e-06 0.0 0.0 3.27381 0.305947 -0.580111 21.486837 11.830387 2.266137 8.162937 2e-06 -1e-06 18.399101 -3.798987 -4.940581 3e-06 0.0 -1e-06 1.739061 6.57929 0.18669 0.022456 -0.098772 1.747357 -3.108848 1.260633 -2.032899 1.684631 -1.789603 -0.245948 0.0 0.0 2e-06 -1.836251 -6.013754 -0.810583 -0.057324 -0.032373 3.340872 3.431188 -2.487393 -4.814183 -1.421401 1.141037 -0.868493 -0.0 0.0 -1e-06 
0.0 0.0 0.0 0.0 -0.0 0.0 -0.437343 100.650787 1.982994 0.021162 -2.586948 2.177098 0.156772 -0.000139 -2.340332 -0.576878 -0.234111 -6.042777 -2.191276 -2.466024 6.10814 4.735332 0.713517 -2.915891 -0.602808 1.454612 -3.884385 4.426158 -2.04843 -2.283162 7.7e-05 -2.3e-05 6e-06 -0.067767 -0.149757 -0.081909 0.577738 -3.843814 -10.575618 -0.715283 3.53722 -10.617195 17.503136 -11.600304 7.374361 50.667641 5.606066 -63.754696 0.997004 -17.118406 -1.681263 14.256398 -13.480924 -6.834639 -5.882106 9.861286 0.70259 -10.936872 -0.360575 7.156205 1e-06 8.774826 -2e-06 -16.919907 18.657175 4.984337 -1.844033 2.498505 -2.507277 -10.1636 4.678945 4.621109 -20.976023 -3e-06 1e-06 -21.226286 2.451696 -3.594001 -1e-06 -6e-06 -0.0 -1.362682 2.240798 -0.746323 -21.334913 0.58491 3.008322 -13.821215 -2e-06 2e-06 -23.887169 -0.249078 -0.839483 -59.516487 3.13796 -1.668213 -0.294025 1.679688 0.833256 -14.218207 0.093215 1.300581 -34.212048 -0.287563 0.96717 -20.033211 0.964536 1.212843 -1e-06 -1e-06 -0.0 -3.440388 0.788234 0.501655 -15.928185 -3.16731 2.999707 -6.338825 -1e-06 1e-06 -18.123446 3.648184 -4.905671 -4e-06 0.0 -2e-06 -25.641611 12.495176 3.330226 -46.774918 -2.272351 -78.973206 -1.766266 15.614127 -1.421594 -8.081803 2.053272 -8.423257 2.24354 -5.255035 -3.180156 14.282887 -0.826594 6.952503 -2e-06 -12.6906 -0.0 16.820446 -16.508715 2.231874 1.665665 -1.955921 -2.878298 4.727798 -4.170586 4.993923 11.020522 3e-06 0.0 12.109048 -3.735714 -2.866782 1e-06 0.0 0.0 1.291985 -1.928549 -1.498089 14.800122 0.567468 3.865608 14.242564 -1.341737 -6.660654 19.63196 0.143925 -0.648242 49.237675 -1.096641 -6.391377 0.353029 -1.51115 -0.03194 20.222786 3.684308 2.316632 18.78727 4e-06 1e-06 10.751625 -0.479869 1.397907 -1e-06 0.0 -0.0 3.273805 0.305947 -0.58011 21.486807 11.830371 2.266135 8.162924 2e-06 0.0 18.399075 -3.798985 -4.940573 2e-06 0.0 -1e-06 1.751158 6.655288 0.15574 0.017998 -0.113682 1.754924 -3.18377 1.088066 -2.047624 1.687036 -1.808247 -0.29382 0.0 0.0 2e-06 -1.829187 -5.960447 -0.827504 -0.051913 -0.024673 3.337702 3.447134 -2.622585 -4.817976 -1.421664 1.138409 -0.904449 -0.0 0.0 -1e-06 
0.0 0.0 0.0 0.0 -0.0 0.0 -0.443952 100.639389 1.984175 0.036571 -2.497212 2.17905 0.154633 0.021114 -2.35673 -0.572554 -0.233124 -6.037345 -2.239235 -2.472349 6.098323 4.579237 0.746896 -3.026717 -0.595949 1.445635 -3.882565 4.500951 -2.153811 -2.395714 7.8e-05 -2.3e-05 6e-06 -0.069826 -0.151012 -0.08423 0.574974 -3.845104 -10.578809 -0.716867 3.536788 -10.620105 17.460913 -11.690627 7.394576 50.980118 5.501474 -63.599854 0.838195 -16.82004 -1.663134 14.243096 -13.323668 -6.835359 -5.882105 9.861283 0.70259 -10.936873 -0.360576 7.156207 2e-06 8.774824 -0.0 -16.857138 18.639368 5.030828 -1.844032 2.498504 -2.507278 -10.163601 4.678944 4.621109 -20.976021 -4e-06 4e-06 -21.226286 2.451697 -3.593997 -1e-06 -6e-06 -0.0 -1.362681 2.240798 -0.746323 -21.334917 0.584908 3.008325 -13.821215 -3e-06 3e-06 -23.887173 -0.249078 -0.83948 -59.531246 3.134912 -1.703802 -0.294025 1.679687 0.833256 -14.218209 0.093214 1.300582 -34.212048 -0.287563 0.967174 -20.033211 0.964538 1.212846 -0.0 -1e-06 -0.0 -3.440388 0.788233 0.501656 -15.928189 -3.16731 2.999709 -6.338826 -1e-06 2e-06 -18.123449 3.648182 -4.905668 -4e-06 -0.0 -2e-06 -25.677773 12.471324 3.305776 -46.829525 -2.198858 -78.834923 -1.802884 15.440131 -1.429318 -8.109715 2.15501 -8.472828 2.243541 -5.255037 -3.180158 14.282889 -0.826594 6.952504 -2e-06 -12.690605 1e-06 16.808836 -16.497719 2.205024 1.665666 -1.955922 -2.878299 4.727798 -4.170588 4.993925 11.020524 3e-06 -1e-06 12.10905 -3.735716 -2.866785 1e-06 -0.0 0.0 1.291985 -1.92855 -1.49809 14.800127 0.567469 3.865608 14.242572 -1.341736 -6.660659 19.631969 0.143926 -0.648245 49.195988 -1.088856 -6.42519 0.353029 -1.51115 -0.03194 20.222788 3.68431 2.316631 18.78727 4e-06 -0.0 10.751625 -0.479869 1.397906 -1e-06 -0.0 0.0 3.273807 0.305947 -0.580111 21.486813 11.830377 2.266134 8.162926 3e-06 0.0 18.39908 -3.798985 -4.940575 3e-06 0.0 -1e-06 1.761398 6.705619 0.141357 0.011319 -0.130957 1.760671 -3.238927 0.969118 -2.081446 1.688888 -1.829479 -0.321203 0.0 0.0 2e-06 -1.831012 -5.922606 -0.822183 -0.048119 -0.025652 3.326875 3.476069 -2.726559 -4.826012 -1.420639 1.136517 -0.931263 -0.0 0.0 -1e-06 
0.0 0.0 0.0 0.0 -0.0 0.0 -0.439042 100.632751 1.973202 0.056395 -2.414277 2.165724 0.152367 0.03933 -2.359226 -0.567491 -0.238468 -6.03191 -2.273739 -2.483824 6.101126 4.451208 0.780084 -3.122965 -0.585481 1.443855 -3.881598 4.538796 -2.208009 -2.520121 7.8e-05 -2.2e-05 6e-06 -0.069184 -0.145018 -0.085454 0.577461 -3.839947 -10.576336 -0.718289 3.544164 -10.616886 17.464115 -11.783875 7.430617 51.234886 5.477684 -63.46431 0.628926 -16.533129 -1.638146 14.162544 -13.18827 -6.722423 -5.882108 9.86129 0.70259 -10.936873 -0.360575 7.156208 0.0 8.77483 -2e-06 -16.797445 18.639677 5.074539 -1.844033 2.498505 -2.507278 -10.163603 4.678946 4.621109 -20.976028 -3e-06 2e-06 -21.226292 2.451699 -3.594002 -1e-06 -6e-06 -0.0 -1.362682 2.240799 -0.746324 -21.334917 0.58491 3.008324 -13.821218 -2e-06 2e-06 -23.887175 -0.249077 -0.839483 -59.527523 3.127186 -1.725903 -0.294025 1.679688 0.833256 -14.218214 0.093216 1.300581 -34.212059 -0.287563 0.967171 -20.033222 0.964537 1.212843 -0.0 -0.0 -0.0 -3.44039 0.788234 0.501656 -15.928189 -3.167311 2.999709 -6.338828 -1e-06 1e-06 -18.123453 3.648186 -4.905673 -5e-06 -0.0 -2e-06 -25.710922 12.444545 3.290089 -46.909534 -2.134361 -78.727409 -1.750059 15.338957 -1.422753 -8.162655 2.270805 -8.620395 2.243543 -5.255042 -3.18016 14.282903 -0.826595 6.952511 -1e-06 -12.690618 -1e-06 16.837145 -16.501226 2.176844 1.665667 -1.955924 -2.878301 4.727803 -4.170592 4.993928 11.020534 3e-06 -0.0 12.10906 -3.735719 -2.866786 0.0 0.0 0.0 1.291986 -1.928551 -1.49809 14.800144 0.567469 3.865612 14.242584 -1.341738 -6.660663 19.631985 0.143925 -0.648244 49.238552 -1.057578 -6.459995 0.353029 -1.511152 -0.03194 20.222805 3.684313 2.316635 18.787289 4e-06 1e-06 10.751637 -0.47987 1.397908 -1e-06 -0.0 -0.0 3.273809 0.305947 -0.580111 21.486834 11.830389 2.26614 8.162935 3e-06 0.0 18.399096 -3.79899 -4.940578 2e-06 -0.0 -1e-06 1.761064 6.736181 0.142168 0.008462 -0.137642 1.763891 -3.278035 0.880019 -2.111278 1.691341 -1.845426 -0.337371 0.0 0.0 2e-06 -1.844114 -5.910381 -0.807958 -0.046185 -0.029789 3.328846 3.514167 -2.783024 -4.836413 -1.419483 1.131157 -0.931821 -0.0 0.0 -1e-06 
0.0 0.0 0.0 0.0 -0.0 0.0 -0.433226 100.63369 1.946144 0.076499 -2.355608 2.148072 0.146713 0.040992 -2.352006 -0.56045 -0.246999 -6.022301 -2.295229 -2.501617 6.108578 4.370587 0.790261 -3.213441 -0.56703 1.481905 -3.879369 4.546284 -2.233518 -2.622025 7.7e-05 -2.2e-05 6e-06 -0.067205 -0.13406 -0.083616 0.582246 -3.830688 -10.571666 -0.719223 3.557346 -10.611624 17.490068 -11.855982 7.476437 51.45937 5.505346 -63.256863 0.458275 -16.275543 -1.607126 14.030609 -13.102697 -6.517431 -5.882109 9.861286 0.70259 -10.936877 -0.360576 7.156209 2e-06 8.774827 -0.0 -16.745264 18.656235 5.118626 -1.844033 2.498504 -2.507279 -10.163604 4.678945 4.62111 -20.976034 -5e-06 3e-06 -21.226299 2.451695 -3.594 -1e-06 -5e-06 -0.0 -1.362682 2.240798 -0.746324 -21.334923 0.584907 3.008324 -13.821218 -4e-06 2e-06 -23.887178 -0.249081 -0.839481 -59.514103 3.131263 -1.731308 -0.294025 1.679688 0.833256 -14.218217 0.093213 1.30058 -34.212067 -0.287567 0.967173 -20.033226 0.964535 1.212847 -0.0 -0.0 -0.0 -3.44039 0.788234 0.501656 -15.928198 -3.167312 2.999708 -6.33883 -2e-06 1e-06 -18.123457 3.648182 -4.905672 -4e-06 -0.0 -2e-06 -25.692839 12.430462 3.330306 -47.048981 -2.144082 -78.653229 -1.583162 15.320292 -1.401569 -8.22506 2.404059 -8.752336 2.243543 -5.255039 -3.180159 14.282902 -0.826596 6.952505 -1e-06 -12.690609 0.0 16.848238 -16.503214 2.155828 1.665668 -1.955922 -2.8783 4.727802 -4.170589 4.993925 11.020535 2e-06 -1e-06 12.10906 -3.735717 -2.866786 0.0 -0.0 0.0 1.291987 -1.92855 -1.49809 14.800139 0.567467 3.865608 14.24258 -1.341737 -6.660661 19.631983 0.143925 -0.648246 49.288723 -1.028987 -6.482917 0.353029 -1.511151 -0.03194 20.222803 3.68431 2.31663 18.787287 5e-06 -2e-06 10.751635 -0.479869 1.397906 -1e-06 -0.0 -0.0 3.273809 0.305946 -0.580111 21.486828 11.830379 2.266132 8.162934 1e-06 -2e-06 18.399096 -3.798986 -4.94058 3e-06 0.0 -0.0 1.754613 6.724879 0.142225 0.009865 -0.128936 1.771773 -3.291809 0.815866 -2.125395 1.693226 -1.848926 -0.367331 0.0 0.0 2e-06 -1.863121 -5.918554 -0.797886 -0.045004 -0.026429 3.331336 3.562168 -2.816021 -4.826982 -1.418157 1.125988 -0.945876 -0.0 0.0 -1e-06 
0.0 0.0 0.0 0.0 -0.0 0.0 -0.428372 100.638435 1.915694 0.096947 -2.319345 2.121688 0.137575 0.022673 -2.331016 -0.560797 -0.260458 -6.012168 -2.293445 -2.520523 6.118905 4.323612 0.782415 -3.265061 -0.52821 1.532369 -3.873989 4.523234 -2.216046 -2.739171 7.7e-05 -2.2e-05 6e-06 -0.063252 -0.118511 -0.082474 0.588578 -3.817443 -10.570247 -0.717669 3.574993 -10.610662 17.561613 -11.902354 7.505647 51.61293 5.544684 -63.040871 0.295401 -16.081543 -1.568967 13.826044 -13.089636 -6.218257 -5.882114 9.861295 0.702589 -10.936888 -0.360577 7.156212 0.0 8.774833 -2e-06 -16.704988 18.677336 5.153619 -1.844035 2.498507 -2.50728 -10.163613 4.678948 4.621111 -20.976055 -5e-06 2e-06 -21.226316 2.451698 -3.594003 -1e-06 -6e-06 0.0 -1.362683 2.240801 -0.746324 -21.334946 0.584908 3.008325 -13.821237 -4e-06 1e-06 -23.887205 -0.249081 -0.839483 -59.494713 3.159379 -1.735173 -0.294025 1.679688 0.833256 -14.218227 0.093214 1.300581 -34.212101 -0.287568 0.967171 -20.033245 0.964535 1.212845 -0.0 -1e-06 -0.0 -3.440393 0.788233 0.501655 -15.928209 -3.167315 2.999709 -6.338834 -2e-06 1e-06 -18.12347 3.648184 -4.905677 -5e-06 0.0 -2e-06 -25.636196 12.450715 3.385615 -47.214447 -2.200264 -78.622658 -1.327889 15.446208 -1.391881 -8.283791 2.580226 -8.840063 2.243543 -5.255041 -3.180159 14.282902 -0.826595 6.952507 -0.0 -12.690614 -2e-06 16.853149 -16.478971 2.126142 1.665667 -1.955923 -2.878299 4.727803 -4.170591 4.993925 11.020535 2e-06 0.0 12.10906 -3.735719 -2.866785 2e-06 -0.0 -0.0 1.291986 -1.928551 -1.49809 14.800139 0.567469 3.865609 14.242582 -1.341739 -6.660659 19.631977 0.143924 -0.648243 49.330002 -1.014992 -6.496573 0.353029 -1.511152 -0.03194 20.222809 3.684313 2.316633 18.787291 4e-06 -0.0 10.751638 -0.479868 1.397907 -1e-06 -0.0 -0.0 3.27381 0.305947 -0.580111 21.486832 11.830385 2.266138 8.162933 2e-06 -0.0 18.399097 -3.798987 -4.940579 3e-06 0.0 -1e-06 1.745004 6.700047 0.141135 0.009159 -0.11108 1.791927 -3.299782 0.788156 -2.128011 1.69561 -1.849297 -0.387894 0.0 0.0 2e-06 -1.890004 -5.962089 -0.791419 -0.040805 -0.02483 3.348822 3.616788 -2.795074 -4.813337 -1.416911 1.120552 -0.942733 -0.0 0.0 -1e-06 
0.0 0.0 0.0 0.0 -0.0 0.0 -0.423828 100.645935 1.882504 0.117901 -2.305161 2.085043 0.126407 -0.007202 -2.300259 -0.569353 -0.281822 -6.000244 -2.274799 -2.548179 6.135989 4.302552 0.771705 -3.277004 -0.478139 1.584464 -3.866673 4.504857 -2.143342 -2.850553 7.7e-05 -2.2e-05 6e-06 -0.057867 -0.102493 -0.082117 0.59431 -3.804252 -10.568979 -0.712602 3.593353 -10.60918 17.663799 -11.924108 7.557203 51.688477 5.628367 -62.783394 0.118196 -16.001961 -1.520783 13.650727 -13.095891 -5.895238 -5.882114 9.861295 0.702591 -10.936885 -0.360575 7.156213 0.0 8.774833 -1e-06 -16.692978 18.69128 5.180747 -1.844035 2.498507 -2.507281 -10.163614 4.678949 4.621113 -20.976053 -4e-06 1e-06 -21.226315 2.451698 -3.594005 -1e-06 -6e-06 -0.0 -1.362683 2.2408 -0.746324 -21.334942 0.58491 3.008325 -13.82123 -3e-06 1e-06 -23.887201 -0.24908 -0.839484 -59.483463 3.18137 -1.715033 -0.294025 1.679688 0.833257 -14.218227 0.093214 1.300581 -34.212097 -0.287565 0.967171 -20.033243 0.964536 1.212844 -1e-06 -0.0 -0.0 -3.440393 0.788234 0.501656 -15.928206 -3.167313 2.99971 -6.338835 -1e-06 1e-06 -18.12347 3.648185 -4.905677 -5e-06 0.0 -2e-06 -25.553768 12.505089 3.436518 -47.403267 -2.281987 -78.600746 -1.021169 15.685117 -1.386142 -8.375854 2.699516 -8.967667 2.243545 -5.255042 -3.180161 14.282909 -0.826596 6.952511 -2e-06 -12.690618 -0.0 16.859402 -16.458759 2.105125 1.665668 -1.955923 -2.878302 4.727805 -4.170591 4.993928 11.02054 3e-06 -1e-06 12.109068 -3.735719 -2.866787 1e-06 0.0 -0.0 1.291987 -1.928551 -1.498091 14.800146 0.567469 3.865611 14.242589 -1.341738 -6.660665 19.631996 0.143926 -0.648245 49.353546 -1.009414 -6.49451 0.353029 -1.511152 -0.03194 20.222818 3.684313 2.316633 18.787298 4e-06 -1e-06 10.751641 -0.479869 1.397907 -1e-06 0.0 0.0 3.273811 0.305947 -0.580111 21.486845 11.830385 2.266136 8.16294 -0.0 -1e-06 18.399105 -3.798987 -4.940581 5e-06 0.0 -1e-06 1.731763 6.675616 0.144631 0.008071 -0.096528 1.815605 -3.30677 0.77936 -2.128129 1.697629 -1.845322 -0.427257 0.0 -0.0 2e-06 -1.919285 -6.031021 -0.783201 -0.037557 -0.028662 3.375036 3.69495 -2.726483 -4.79348 -1.416318 1.119397 -0.93895 0.0 0.0 -1e-06 
0.0 0.0 0.0 0.0 -0.0 0.0 -0.421851 100.656403 1.846087 0.126028 -2.317181 2.048143 0.12217 -0.03192 -2.271801 -0.577233 -0.298849 -5.987163 -2.247633 -2.576105 6.161768 4.305732 0.755608 -3.277407 -0.428414 1.658658 -3.858396 4.51333 -2.063747 -2.914688 7.7e-05 -2.2e-05 6e-06 -0.053784 -0.093046 -0.078546 0.597474 -3.796033 -10.562398 -0.707457 3.603666 -10.599739 17.793257 -11.959363 7.589762 51.711674 5.717388 -62.449078 -0.083402 -16.003317 -1.475339 13.561147 -13.109168 -5.575009 -5.882108 9.861289 0.70259 -10.936872 -0.360575 7.156208 -1e-06 8.774828 -1e-06 -16.674503 18.691799 5.213079 -1.844033 2.498505 -2.507279 -10.163602 4.678946 4.621109 -20.976027 -3e-06 1e-06 -21.226292 2.451698 -3.594002 -1e-06 -6e-06 -0.0 -1.362682 2.240798 -0.746324 -21.334917 0.58491 3.008323 -13.821215 -2e-06 2e-06 -23.887171 -0.249078 -0.839484 -59.46352 3.188601 -1.701512 -0.294025 1.679688 0.833256 -14.21821 0.093215 1.300581 -34.212051 -0.287563 0.96717 -20.033211 0.964538 1.212843 -1e-06 -1e-06 -0.0 -3.440389 0.788234 0.501656 -15.928189 -3.16731 2.999707 -6.338827 -1e-06 1e-06 -18.123451 3.648184 -4.905673 -4e-06 0.0 -2e-06 -25.459452 12.563603 3.528738 -47.616516 -2.407433 -78.559761 -0.70609 15.943567 -1.37218 -8.527095 2.746199 -9.207365 2.243541 -5.255038 -3.180157 14.282893 -0.826594 6.952503 -2e-06 -12.690609 -2e-06 16.857641 -16.437185 2.103211 1.665666 -1.955922 -2.878298 4.727799 -4.170588 4.993924 11.020526 3e-06 -0.0 12.109052 -3.735716 -2.866783 -0.0 0.0 0.0 1.291985 -1.92855 -1.498089 14.800129 0.567469 3.865608 14.242571 -1.341737 -6.660656 19.631969 0.143925 -0.648243 49.33659 -1.000295 -6.457906 0.353029 -1.511151 -0.03194 20.222794 3.68431 2.316632 18.787273 4e-06 1e-06 10.75163 -0.479868 1.397906 -1e-06 -0.0 0.0 3.273807 0.305947 -0.58011 21.486818 11.830377 2.266135 8.162928 1e-06 0.0 18.399082 -3.798986 -4.940576 5e-06 -0.0 -1e-06 1.729941 6.668705 0.145603 0.008029 -0.089941 1.847371 -3.313514 0.770309 -2.125766 1.696921 -1.835924 -0.474229 -0.0 0.0 2e-06 -1.93504 -6.094176 -0.77695 -0.036333 -0.032801 3.395309 3.791179 -2.663298 -4.764596 -1.415931 1.125155 -0.976753 0.0 0.0 -1e-06 
0.0 0.0 0.0 0.0 -0.0 0.0 -0.427076 100.66317 1.805324 0.127667 -2.332067 2.011977 0.12732 -0.050746 -2.251052 -0.583675 -0.312647 -5.980473 -2.2241 -2.596022 6.212064 4.333397 0.727624 -3.264504 -0.385358 1.734934 -3.851435 4.529574 -1.981037 -2.966004 7.7e-05 -2.3e-05 6e-06 -0.050703 -0.089022 -0.073266 0.596735 -3.79206 -10.551552 -0.700483 3.607408 -10.584388 17.94356 -11.995086 7.592911 51.693207 5.786994 -62.05809 -0.339871 -16.093639 -1.436226 13.529081 -13.132657 -5.265702 -5.882106 9.861286 0.702591 -10.936872 -0.360575 7.156207 0.0 8.774826 -1e-06 -16.651062 18.68544 5.256609 -1.844032 2.498505 -2.507277 -10.163601 4.678946 4.621109 -20.976023 -2e-06 3e-06 -21.226286 2.451699 -3.593999 -1e-06 -6e-06 -0.0 -1.362682 2.240798 -0.746323 -21.334913 0.58491 3.008324 -13.821214 -2e-06 3e-06 -23.887171 -0.249077 -0.839482 -59.484016 3.188196 -1.713558 -0.294025 1.679687 0.833255 -14.218208 0.093215 1.300581 -34.212051 -0.287561 0.967171 -20.033215 0.964538 1.212843 -1e-06 -0.0 0.0 -3.440389 0.788233 0.501656 -15.928187 -3.16731 2.999708 -6.338826 -1e-06 1e-06 -18.123449 3.648184 -4.90567 -4e-06 0.0 -3e-06 -25.359497 12.616246 3.650031 -47.825439 -2.569255 -78.452888 -0.421427 16.237171 -1.356928 -8.667492 2.709138 -9.460413 2.243541 -5.255034 -3.180156 14.282887 -0.826594 6.952499 -3e-06 -12.690601 0.0 16.836025 -16.424736 2.122569 1.665666 -1.955921 -2.878298 4.727797 -4.170586 4.993921 11.020523 3e-06 -1e-06 12.109049 -3.735714 -2.866783 -0.0 0.0 0.0 1.291985 -1.928549 -1.498089 14.800125 0.567468 3.865605 14.242569 -1.341735 -6.660656 19.631964 0.143926 -0.648245 49.28664 -0.982013 -6.417585 0.353029 -1.51115 -0.03194 20.222786 3.684309 2.316629 18.78727 6e-06 -1e-06 10.751625 -0.479868 1.397905 -2e-06 -0.0 0.0 3.273806 0.305947 -0.580111 21.486809 11.83037 2.266131 8.162925 2e-06 -0.0 18.399076 -3.798982 -4.940575 5e-06 -0.0 -1e-06 1.732583 6.663315 0.134315 0.009304 -0.089855 1.900978 -3.308157 0.758461 -2.124982 1.694492 -1.828112 -0.51956 0.0 -0.0 2e-06 -1.934733 -6.132088 -0.766728 -0.036893 -0.031913 3.395211 3.861218 -2.629704 -4.73052 -1.416077 1.131684 -1.03058 -0.0 0.0 -1e-06 
0.0 0.0 0.0 0.0 -0.0 0.0 -0.440602 100.668762 1.760874 0.123475 -2.354434 1.966474 0.136972 -0.062893 -2.228948 -0.586852 -0.326275 -5.974257 -2.206199 -2.613537 6.270178 4.37344 0.706808 -3.245028 -0.351563 1.797425 -3.842367 4.555928 -1.90969 -2.993417 7.7e-05 -2.2e-05 6e-06 -0.048761 -0.087736 -0.06754 0.594878 -3.788673 -10.536708 -0.694638 3.60631 -10.566933 18.095821 -12.004598 7.584797 51.637684 5.816174 -61.704559 -0.633699 -16.289768 -1.408735 13.496174 -13.192047 -4.887529 -5.882111 9.861292 0.702589 -10.93688 -0.360576 7.15621 2e-06 8.774831 -3e-06 -16.629757 18.676527 5.295082 -1.844034 2.498507 -2.50728 -10.163608 4.678947 4.62111 -20.976044 -4e-06 1e-06 -21.226305 2.451698 -3.594004 0.0 -7e-06 -0.0 -1.362683 2.2408 -0.746325 -21.33493 0.584909 3.008324 -13.821224 -4e-06 1e-06 -23.887192 -0.249081 -0.839484 -59.526924 3.185975 -1.729335 -0.294025 1.679688 0.833256 -14.218221 0.093214 1.300581 -34.212074 -0.287566 0.96717 -20.03323 0.964535 1.212844 -1e-06 0.0 0.0 -3.440391 0.788234 0.501656 -15.928201 -3.167313 2.999708 -6.338831 -2e-06 1e-06 -18.123463 3.648183 -4.905677 -4e-06 -0.0 -2e-06 -25.27037 12.666892 3.749915 -47.985397 -2.713342 -78.284698 -0.178137 16.573788 -1.326421 -8.767862 2.606075 -9.688651 2.243542 -5.255039 -3.180158 14.282896 -0.826594 6.952504 -1e-06 -12.69061 -1e-06 16.813431 -16.412045 2.142823 1.665667 -1.955922 -2.878299 4.7278 -4.170589 4.993924 11.02053 3e-06 -1e-06 12.109056 -3.735717 -2.866785 2e-06 0.0 0.0 1.291986 -1.92855 -1.49809 14.800134 0.567469 3.865608 14.242579 -1.341738 -6.66066 19.631975 0.143927 -0.648245 49.207218 -0.970668 -6.387674 0.353029 -1.511151 -0.03194 20.222797 3.684312 2.316631 18.787279 5e-06 -1e-06 10.751631 -0.479868 1.397906 -2e-06 -0.0 0.0 3.273808 0.305947 -0.580111 21.48682 11.83038 2.266135 8.162929 2e-06 -0.0 18.399088 -3.798986 -4.940578 4e-06 1e-06 -1e-06 1.740876 6.652942 0.132964 0.01158 -0.094995 1.964085 -3.294288 0.774227 -2.128499 1.692051 -1.827239 -0.547723 -0.0 0.0 2e-06 -1.919128 -6.127936 -0.746608 -0.038621 -0.023098 3.392414 3.892779 -2.631875 -4.694431 -1.416335 1.137834 -1.079208 -0.0 0.0 -1e-06 
0.0 0.0 0.0 0.0 -0.0 0.0 -0.454461 100.676193 1.712113 0.116227 -2.393357 1.914498 0.149904 -0.067189 -2.199413 -0.591595 -0.333005 -5.964386 -2.190584 -2.632463 6.315151 4.431575 0.695998 -3.224895 -0.334374 1.859971 -3.837002 4.595582 -1.857279 -2.990992 7.7e-05 -2.3e-05 6e-06 -0.047657 -0.088699 -0.066055 0.593833 -3.787143 -10.5292 -0.691352 3.602708 -10.557645 18.217329 -11.991067 7.569601 51.604099 5.779086 -61.499508 -0.954722 -16.560549 -1.375157 13.404186 -13.278736 -4.358281 -5.88211 9.861292 0.70259 -10.936878 -0.360577 7.156208 1e-06 8.774831 -2e-06 -16.607552 18.66898 5.329243 -1.844033 2.498507 -2.507278 -10.163606 4.678947 4.621109 -20.976038 -5e-06 2e-06 -21.226299 2.451698 -3.594003 0.0 -6e-06 -0.0 -1.362682 2.2408 -0.746323 -21.334929 0.584908 3.008324 -13.821221 -3e-06 2e-06 -23.887184 -0.24908 -0.839483 -59.577473 3.182824 -1.730431 -0.294025 1.679688 0.833255 -14.218218 0.093213 1.300581 -34.21207 -0.287566 0.967173 -20.033226 0.964536 1.212845 -1e-06 -0.0 -0.0 -3.44039 0.788234 0.501655 -15.928196 -3.167314 2.999708 -6.338829 -1e-06 2e-06 -18.123457 3.648184 -4.905674 -4e-06 0.0 -2e-06 -25.203396 12.725911 3.852511 -48.078819 -2.854465 -78.120193 0.070647 16.947735 -1.281553 -8.896694 2.491674 -9.856268 2.243544 -5.255041 -3.180159 14.282906 -0.826595 6.952505 -2e-06 -12.690612 -1e-06 16.789 -16.388557 2.168642 1.665668 -1.955923 -2.8783 4.727804 -4.17059 4.993925 11.020538 3e-06 -2e-06 12.109067 -3.735718 -2.866786 2e-06 -0.0 0.0 1.291987 -1.92855 -1.49809 14.800142 0.567469 3.865607 14.242586 -1.341737 -6.660662 19.631987 0.143926 -0.648247 49.138615 -0.973935 -6.359557 0.353029 -1.511152 -0.03194 20.222815 3.684311 2.316629 18.787294 5e-06 -3e-06 10.751641 -0.479868 1.397905 -2e-06 -0.0 0.0 3.27381 0.305947 -0.580111 21.486837 11.830384 2.266133 8.162935 1e-06 -2e-06 18.399105 -3.798985 -4.940584 4e-06 1e-06 -1e-06 1.759364 6.676453 0.145753 0.010794 -0.103745 2.027313 -3.278572 0.78586 -2.134422 1.688914 -1.830946 -0.561738 -0.0 0.0 2e-06 -1.900107 -6.101623 -0.72514 -0.039295 -0.007055 3.403285 3.881754 -2.613953 -4.656771 -1.41677 1.139487 -1.10949 -0.0 0.0 -1e-06 
0.0 0.0 0.0 0.0 -0.0 0.0 -0.465244 100.681648 1.667246 0.11028 -2.447554 1.860395 0.16572 -0.061768 -2.173124 -0.592506 -0.339616 -5.945956 -2.17729 -2.648307 6.342051 4.477607 0.688529 -3.201727 -0.320141 1.919439 -3.836661 4.637011 -1.817335 -3.004638 7.7e-05 -2.2e-05 6e-06 -0.046735 -0.08898 -0.067288 0.593772 -3.784723 -10.526139 -0.689487 3.599849 -10.551458 18.310698 -11.973377 7.559952 51.559525 5.701001 -61.350937 -1.277534 -16.964508 -1.320778 13.313432 -13.335536 -3.782647 -5.882113 9.861293 0.70259 -10.936885 -0.360577 7.156212 1e-06 8.774833 -2e-06 -16.569901 18.662228 5.37094 -1.844035 2.498507 -2.507279 -10.163612 4.678948 4.621112 -20.976055 -6e-06 4e-06 -21.226316 2.451698 -3.594002 0.0 -6e-06 -0.0 -1.362683 2.2408 -0.746324 -21.334944 0.584908 3.008327 -13.821232 -4e-06 3e-06 -23.887205 -0.249081 -0.839481 -59.646317 3.184344 -1.723466 -0.294025 1.67969 0.833256 -14.218229 0.093213 1.300582 -34.212097 -0.287568 0.967173 -20.033241 0.964535 1.212846 -1e-06 -0.0 -0.0 -3.440393 0.788233 0.501656 -15.928206 -3.167314 2.99971 -6.338834 -1e-06 2e-06 -18.12347 3.648184 -4.905675 -4e-06 -0.0 -2e-06 -25.19376 12.790904 3.900334 -48.064259 -2.939972 -77.933281 0.355795 17.36269 -1.213878 -9.084582 2.419359 -10.040189 2.243543 -5.255038 -3.180159 14.2829 -0.826596 6.952504 -1e-06 -12.690607 0.0 16.790421 -16.35186 2.16917 1.665668 -1.955922 -2.878299 4.727803 -4.170588 4.993924 11.020536 2e-06 -1e-06 12.10906 -3.735717 -2.866785 2e-06 0.0 0.0 1.291986 -1.92855 -1.49809 14.800138 0.567468 3.865608 14.24258 -1.341737 -6.66066 19.631981 0.143925 -0.648246 49.10194 -0.983729 -6.336433 0.353029 -1.511151 -0.03194 20.222803 3.684309 2.31663 18.787287 5e-06 -2e-06 10.751633 -0.479868 1.397905 -1e-06 -0.0 0.0 3.273809 0.305947 -0.580111 21.486828 11.830376 2.266132 8.162932 1e-06 -2e-06 18.399096 -3.798984 -4.940579 4e-06 0.0 -1e-06 1.782421 6.70583 0.16784 0.007677 -0.104512 2.080123 -3.27286 0.788129 -2.15577 1.68608 -1.836121 -0.557458 0.0 -0.0 2e-06 -1.886008 -6.039305 -0.701519 -0.038351 0.006013 3.419572 3.858667 -2.606139 -4.638896 -1.417494 1.133859 -1.111917 -0.0 0.0 -1e-06 
0.0 0.0 0.0 0.0 -0.0 0.0 -0.474375 100.682617 1.632235 0.104514 -2.511688 1.813053 0.187225 -0.046585 -2.153472 -0.585943 -0.341483 -5.924945 -2.172231 -2.660106 6.353205 4.494762 0.686217 -3.176064 -0.304357 1.942683 -3.844545 4.675598 -1.789808 -3.012918 7.7e-05 -2.3e-05 6e-06 -0.046718 -0.089883 -0.067805 0.595387 -3.783229 -10.526027 -0.691126 3.597045 -10.549479 18.361786 -11.98103 7.52522 51.521229 5.576281 -61.190361 -1.536909 -17.499958 -1.275964 13.232388 -13.309937 -3.283936 -5.882105 9.861282 0.70259 -10.93687 -0.360575 7.156204 2e-06 8.774822 -1e-06 -16.504505 18.657452 5.448035 -1.844033 2.498503 -2.507277 -10.163598 4.678944 4.621107 -20.976021 -4e-06 2e-06 -21.226286 2.451696 -3.593997 0.0 -6e-06 -1e-06 -1.362681 2.240797 -0.746323 -21.334911 0.584909 3.008323 -13.821213 -3e-06 3e-06 -23.887167 -0.249079 -0.839482 -59.724773 3.196564 -1.699209 -0.294025 1.679687 0.833256 -14.218207 0.093215 1.30058 -34.212048 -0.287565 0.967171 -20.033211 0.964536 1.212843 -0.0 -0.0 -1e-06 -3.440388 0.788233 0.501656 -15.928185 -3.167309 2.999707 -6.338825 -2e-06 2e-06 -18.123444 3.64818 -4.905669 -3e-06 0.0 -2e-06 -25.219103 12.841375 3.891562 -47.939442 -2.961068 -77.742912 0.663992 17.825314 -1.137778 -9.260527 2.408117 -10.185916 2.243541 -5.255034 -3.180157 14.282887 -0.826595 6.952503 -1e-06 -12.6906 2e-06 16.787712 -16.304401 2.145572 1.665666 -1.955921 -2.878299 4.727798 -4.170586 4.993925 11.020524 2e-06 -1e-06 12.10905 -3.735714 -2.866783 2e-06 -0.0 0.0 1.291985 -1.928548 -1.498089 14.800123 0.567467 3.865608 14.242566 -1.341735 -6.660656 19.631962 0.143925 -0.648245 49.081482 -0.990911 -6.3126 0.353029 -1.51115 -0.03194 20.222786 3.684308 2.316631 18.78727 3e-06 -0.0 10.751625 -0.479869 1.397906 -2e-06 -0.0 0.0 3.273806 0.305947 -0.580111 21.486809 11.830368 2.266132 8.162924 1e-06 1e-06 18.39908 -3.798987 -4.940573 4e-06 -0.0 -1e-06 1.805978 6.751789 0.187991 0.007608 -0.098607 2.130323 -3.270782 0.767523 -2.173221 1.683791 -1.84826 -0.547994 0.0 -0.0 2e-06 -1.873417 -5.944993 -0.675495 -0.035421 0.00818 3.418218 3.822922 -2.616757 -4.608862 -1.419027 1.125731 -1.105785 -0.0 0.0 -1e-06 
0.0 0.0 0.0 0.0 -0.0 0.0 -0.483844 100.675491 1.610167 0.093584 -2.575169 1.763821 0.212959 -0.020797 -2.13485 -0.57641 -0.330966 -5.909714 -2.166442 -2.673682 6.354051 4.481074 0.673856 -3.128022 -0.273117 1.953482 -3.850696 4.70334 -1.769006 -3.043868 7.7e-05 -2.2e-05 6e-06 -0.047057 -0.087162 -0.06887 0.598949 -3.779052 -10.533104 -0.695498 3.598833 -10.555052 18.384798 -12.019581 7.476562 51.473351 5.384926 -61.150848 -1.707163 -18.104689 -1.237952 13.157353 -13.245239 -2.889402 -5.882109 9.861288 0.70259 -10.936878 -0.360576 7.156209 2e-06 8.77483 -2e-06 -16.457296 18.643515 5.526168 -1.844033 2.498505 -2.507279 -10.163605 4.678945 4.62111 -20.976038 -5e-06 2e-06 -21.226301 2.451695 -3.594001 0.0 -6e-06 -0.0 -1.362682 2.240798 -0.746324 -21.334929 0.584908 3.008323 -13.821223 -4e-06 3e-06 -23.887184 -0.249081 -0.839482 -59.824234 3.211439 -1.671434 -0.294025 1.679688 0.833255 -14.218219 0.093213 1.30058 -34.21207 -0.287567 0.967172 -20.033228 0.964535 1.212844 -0.0 -0.0 -0.0 -3.44039 0.788233 0.501656 -15.928198 -3.167311 2.999709 -6.33883 -2e-06 1e-06 -18.123459 3.648182 -4.905672 -5e-06 -0.0 -2e-06 -25.247875 12.898708 3.857382 -47.710041 -2.930001 -77.506897 0.9542 18.356993 -1.078617 -9.427002 2.426171 -10.236953 2.243541 -5.255034 -3.180156 14.282887 -0.826595 6.952499 -3e-06 -12.690598 0.0 16.775852 -16.252562 2.123597 1.665666 -1.955921 -2.878298 4.727799 -4.170586 4.993921 11.020523 2e-06 -1e-06 12.10905 -3.735714 -2.866783 2e-06 0.0 0.0 1.291985 -1.928549 -1.498088 14.800125 0.567467 3.865606 14.242569 -1.341737 -6.660655 19.631962 0.143925 -0.648245 49.089211 -0.989886 -6.297328 0.353029 -1.51115 -0.03194 20.222786 3.684307 2.316628 18.78727 4e-06 -2e-06 10.751625 -0.479869 1.397905 -2e-06 -0.0 -0.0 3.273806 0.305947 -0.580111 21.486813 11.830369 2.266131 8.162927 1e-06 -1e-06 18.399076 -3.798982 -4.940575 4e-06 0.0 -1e-06 1.835309 6.803207 0.218357 0.009583 -0.094342 2.179852 -3.26286 0.749515 -2.195081 1.68206 -1.866951 -0.534596 0.0 0.0 2e-06 -1.854036 -5.829756 -0.631159 -0.035085 0.002315 3.391604 3.780362 -2.658365 -4.573741 -1.419492 1.115613 -1.102291 -0.0 0.0 -1e-06 
0.0 0.0 0.0 0.0 -0.0 0.0 -0.493272 100.660942 1.600963 0.084227 -2.631781 1.696766 0.23428 0.006761 -2.105871 -0.567813 -0.321773 -5.894644 -2.148015 -2.68012 6.348869 4.429951 0.652825 -3.046498 -0.218419 1.977498 -3.854012 4.721724 -1.745815 -3.091779 7.7e-05 -2.2e-05 6e-06 -0.045992 -0.075568 -0.07158 0.605511 -3.76809 -10.546875 -0.699919 3.611259 -10.564501 18.394453 -12.081513 7.432476 51.364212 5.152736 -61.219006 -1.79572 -18.810303 -1.209928 13.114281 -13.1522 -2.568188 -5.882108 9.861288 0.702591 -10.936875 -0.360575 7.156209 2e-06 8.774829 -1e-06 -16.466967 18.626844 5.583115 -1.844033 2.498505 -2.507278 -10.163603 4.678946 4.62111 -20.97603 -4e-06 3e-06 -21.226294 2.451698 -3.594 1e-06 -6e-06 -0.0 -1.362682 2.240799 -0.746324 -21.334921 0.584909 3.008324 -13.821218 -3e-06 3e-06 -23.887178 -0.249079 -0.839482 -59.951103 3.214915 -1.650515 -0.294025 1.679688 0.833256 -14.218214 0.093215 1.30058 -34.212063 -0.287563 0.967172 -20.033222 0.964538 1.212845 -0.0 -1e-06 -0.0 -3.440389 0.788234 0.501657 -15.928192 -3.16731 2.99971 -6.338829 -2e-06 2e-06 -18.123453 3.648183 -4.905672 -6e-06 -0.0 -3e-06 -25.284794 12.966442 3.774058 -47.364498 -2.832383 -77.179688 1.20423 19.010391 -1.051516 -9.601654 2.447322 -10.270883 2.243541 -5.255038 -3.180158 14.282895 -0.826595 6.952506 -2e-06 -12.690607 -0.0 16.783266 -16.210709 2.104292 1.665666 -1.955922 -2.878299 4.7278 -4.170588 4.993925 11.020531 3e-06 0.0 12.109055 -3.735718 -2.866784 2e-06 0.0 0.0 1.291986 -1.92855 -1.498089 14.800132 0.567468 3.86561 14.242576 -1.341737 -6.660658 19.631973 0.143925 -0.648243 49.173126 -0.976175 -6.311736 0.353029 -1.511151 -0.03194 20.222797 3.684312 2.316633 18.787275 3e-06 1e-06 10.751631 -0.479869 1.397907 -2e-06 -0.0 0.0 3.273808 0.305947 -0.580111 21.48682 11.830379 2.266136 8.162929 2e-06 0.0 18.399084 -3.798986 -4.940575 4e-06 -0.0 -1e-06 1.863366 6.82139 0.275696 0.011652 -0.095924 2.225386 -3.250326 0.768103 -2.240716 1.681557 -1.890931 -0.510611 0.0 -0.0 2e-06 -1.835095 -5.68889 -0.554279 -0.037091 -0.011929 3.348128 3.744031 -2.728767 -4.548979 -1.418458 1.103384 -1.08186 -0.0 0.0 -1e-06 
0.0 0.0 0.0 0.0 -0.0 0.0 -0.502373 100.641075 1.601076 0.08819 -2.672606 1.620925 0.243372 0.030793 -2.07094 -0.565637 -0.305792 -5.878711 -2.124334 -2.684669 6.34006 4.374867 0.631222 -2.932104 -0.173886 1.986542 -3.865329 4.75006 -1.70745 -3.133259 7.7e-05 -2.2e-05 6e-06 -0.043279 -0.06268 -0.074944 0.614005 -3.755273 -10.554126 -0.702877 3.62417 -10.564827 18.392414 -12.160698 7.397892 51.185085 4.924624 -61.39127 -1.852048 -19.677334 -1.174613 13.138203 -12.997032 -2.265362 -5.882104 9.861283 0.702589 -10.936867 -0.360575 7.156203 2e-06 8.774824 -1e-06 -16.505285 18.618441 5.620395 -1.844032 2.498504 -2.507277 -10.163595 4.678944 4.621107 -20.976013 -3e-06 2e-06 -21.226274 2.451696 -3.593999 1e-06 -6e-06 -1e-06 -1.362681 2.240798 -0.746323 -21.334906 0.584909 3.008322 -13.82121 -3e-06 2e-06 -23.887165 -0.249079 -0.839483 -60.04528 3.195955 -1.618159 -0.294025 1.679687 0.833255 -14.218204 0.093214 1.30058 -34.212036 -0.287564 0.967171 -20.033207 0.964536 1.212844 0.0 -0.0 -1e-06 -3.440387 0.788234 0.501655 -15.928181 -3.16731 2.999707 -6.338825 -1e-06 1e-06 -18.123444 3.648181 -4.905671 -6e-06 -0.0 -2e-06 -25.307156 13.008615 3.644891 -46.939095 -2.652495 -76.848892 1.413404 19.776514 -1.047221 -9.825765 2.447679 -10.422616 2.243541 -5.255035 -3.180157 14.28289 -0.826595 6.952502 -2e-06 -12.690599 0.0 16.821358 -16.194363 2.096563 1.665666 -1.955921 -2.878298 4.727798 -4.170586 4.993923 11.020526 2e-06 -1e-06 12.109052 -3.735715 -2.866783 2e-06 0.0 0.0 1.291985 -1.928549 -1.498089 14.800125 0.567467 3.865607 14.242572 -1.341735 -6.660656 19.631966 0.143925 -0.648245 49.324768 -0.939769 -6.337236 0.353029 -1.51115 -0.03194 20.222788 3.684308 2.316631 18.78727 4e-06 -1e-06 10.751628 -0.479869 1.397906 -2e-06 -0.0 0.0 3.273806 0.305947 -0.580111 21.486813 11.830369 2.266133 8.162927 2e-06 -1e-06 18.399082 -3.798984 -4.940575 4e-06 0.0 -1e-06 1.874413 6.791345 0.346196 0.018126 -0.097234 2.263521 -3.237297 0.821342 -2.297781 1.682907 -1.911886 -0.503893 0.0 0.0 2e-06 -1.827294 -5.545566 -0.450619 -0.041005 -0.030235 3.278937 3.712447 -2.802306 -4.528812 -1.41671 1.091431 -1.063383 -0.0 0.0 -1e-06 
0.0 0.0 0.0 0.0 -0.0 0.0 -0.512975 100.619843 1.600598 0.093823 -2.694597 1.546227 0.251526 0.052058 -2.036838 -0.565371 -0.296104 -5.867945 -2.098878 -2.673754 6.338269 4.333182 0.608201 -2.803586 -0.153487 1.96366 -3.875089 4.779313 -1.677005 -3.17357 7.7e-05 -2.2e-05 6e-06 -0.040656 -0.053885 -0.07513 0.622805 -3.745647 -10.550549 -0.706159 3.632274 -10.555805 18.352264 -12.262609 7.337993 50.94762 4.680052 -61.515171 -1.856514 -20.768892 -1.129144 13.259345 -12.772148 -1.999807 -5.88211 9.861286 0.702591 -10.93688 -0.360575 7.156209 2e-06 8.774828 -0.0 -16.543352 18.637497 5.6508 -1.844034 2.498505 -2.507279 -10.163606 4.678945 4.62111 -20.976038 -5e-06 3e-06 -21.226299 2.451696 -3.594001 0.0 -6e-06 -0.0 -1.362682 2.240798 -0.746324 -21.334929 0.584908 3.008323 -13.821221 -4e-06 2e-06 -23.887184 -0.249081 -0.839482 -60.088398 3.177483 -1.598814 -0.294024 1.679687 0.833256 -14.218219 0.093214 1.30058 -34.212074 -0.287567 0.96717 -20.033228 0.964536 1.212845 0.0 -0.0 1e-06 -3.440391 0.788233 0.501655 -15.928201 -3.167311 2.999708 -6.338831 -2e-06 1e-06 -18.123459 3.64818 -4.905671 -6e-06 -0.0 -2e-06 -25.256762 12.995391 3.545077 -46.46748 -2.419629 -76.575172 1.542639 20.727716 -1.056833 -10.104706 2.396903 -10.752036 2.243544 -5.255041 -3.180159 14.282908 -0.826596 6.952508 -1e-06 -12.690614 -1e-06 16.861811 -16.190052 2.094846 1.665668 -1.955923 -2.8783 4.727805 -4.170591 4.993927 11.02054 2e-06 0.0 12.109064 -3.735719 -2.866785 1e-06 -0.0 -0.0 1.291987 -1.928551 -1.49809 14.800146 0.567468 3.865611 14.242586 -1.341739 -6.660661 19.631987 0.143924 -0.648244 49.44088 -0.906982 -6.335804 0.353029 -1.511152 -0.03194 20.222815 3.684312 2.316633 18.787296 3e-06 -1e-06 10.751641 -0.47987 1.397907 -1e-06 -0.0 0.0 3.273811 0.305947 -0.580111 21.486837 11.830382 2.266136 8.162936 1e-06 -1e-06 18.399099 -3.798987 -4.94058 4e-06 0.0 -1e-06 1.879769 6.699026 0.406727 0.030766 -0.090802 2.318114 -3.227454 0.8896 -2.358151 1.683013 -1.925329 -0.506256 0.0 0.0 2e-06 -1.820926 -5.421972 -0.338636 -0.045305 -0.039241 3.193485 3.679433 -2.868006 -4.51143 -1.414431 1.079606 -1.062446 -0.0 0.0 -1e-06 
0.0 0.0 0.0 0.0 -0.0 0.0 -0.520787 100.594292 1.598513 0.101619 -2.691655 1.464705 0.257754 0.067443 -1.997735 -0.562991 -0.287848 -5.859437 -2.08028 -2.664683 6.343321 4.313753 0.588859 -2.64211 -0.152325 1.93191 -3.875054 4.793568 -1.671783 -3.219879 7.7e-05 -2.3e-05 6e-06 -0.038217 -0.047021 -0.072856 0.631609 -3.737539 -10.539958 -0.709722 3.637652 -10.542486 18.250504 -12.357278 7.262825 50.616806 4.391058 -61.551247 -1.750166 -22.225063 -1.075626 13.445603 -12.451936 -1.732811 -5.882106 9.861284 0.702589 -10.936872 -0.360576 7.156204 1e-06 8.774825 -4e-06 -16.598795 18.679102 5.684616 -1.844032 2.498505 -2.507277 -10.163598 4.678944 4.621107 -20.976023 -4e-06 2e-06 -21.226286 2.451697 -3.593999 1e-06 -6e-06 -0.0 -1.362682 2.240797 -0.746324 -21.334911 0.584909 3.008322 -13.821213 -3e-06 1e-06 -23.887165 -0.249078 -0.839483 -60.122734 3.177733 -1.594298 -0.294025 1.679687 0.833256 -14.218207 0.093214 1.30058 -34.212048 -0.287565 0.96717 -20.033209 0.964536 1.212843 0.0 -0.0 -0.0 -3.440388 0.788233 0.501655 -15.928185 -3.16731 2.999707 -6.338826 -1e-06 1e-06 -18.123444 3.648183 -4.90567 -6e-06 -0.0 -3e-06 -25.119671 12.969743 3.503581 -45.90646 -2.193906 -76.32074 1.584875 22.018787 -1.085564 -10.457243 2.252075 -11.124432 2.243543 -5.25504 -3.180159 14.2829 -0.826595 6.952505 -1e-06 -12.690611 -2e-06 16.880684 -16.159349 2.112478 1.665667 -1.955923 -2.8783 4.727801 -4.17059 4.993924 11.020535 3e-06 -1e-06 12.109058 -3.735719 -2.866786 1e-06 -0.0 0.0 1.291987 -1.92855 -1.49809 14.800139 0.567469 3.865609 14.24258 -1.341738 -6.660661 19.631985 0.143926 -0.648245 49.482647 -0.887425 -6.293558 0.353029 -1.511152 -0.03194 20.222805 3.684312 2.316631 18.787287 5e-06 -1e-06 10.751637 -0.479868 1.397906 -1e-06 -0.0 0.0 3.273809 0.305948 -0.580111 21.486828 11.830382 2.266135 8.162933 2e-06 -1e-06 18.399096 -3.798985 -4.94058 4e-06 -0.0 -1e-06 1.882164 6.569019 0.45912 0.043275 -0.080929 2.394506 -3.229021 0.95281 -2.428926 1.680821 -1.931845 -0.501301 -0.0 -0.0 2e-06 -1.819489 -5.35762 -0.219886 -0.046489 -0.035255 3.111803 3.633322 -2.918499 -4.515451 -1.411365 1.072282 -1.068105 -0.0 0.0 -1e-06 
0.0 0.0 0.0 0.0 -0.0 0.0 -0.527916 100.568047 1.588704 0.114879 -2.642467 1.37421 0.265881 0.072384 -1.949206 -0.562415 -0.282715 -5.851655 -2.080147 -2.660928 6.355876 4.313216 0.567811 -2.414236 -0.158121 1.897252 -3.863063 4.796516 -1.680134 -3.275542 7.7e-05 -2.3e-05 6e-06 -0.035091 -0.038921 -0.070073 0.640867 -3.728067 -10.526922 -0.712519 3.643884 -10.526518 18.066895 -12.411704 7.169252 50.124733 4.03562 -61.582146 -1.565602 -24.280663 -1.039745 13.708494 -12.001509 -1.484622 -5.882111 9.861292 0.702589 -10.936881 -0.360577 7.156209 2e-06 8.774831 -3e-06 -16.635201 18.74078 5.750776 -1.844034 2.498507 -2.507279 -10.16361 4.678948 4.621109 -20.976044 -5e-06 2e-06 -21.226309 2.451697 -3.594002 0.0 -6e-06 -1e-06 -1.362682 2.240799 -0.746324 -21.334934 0.584907 3.008324 -13.821227 -5e-06 2e-06 -23.887192 -0.249081 -0.839482 -60.133965 3.18427 -1.556258 -0.294025 1.679689 0.833256 -14.218222 0.093213 1.30058 -34.212082 -0.287567 0.967171 -20.033232 0.964535 1.212844 -0.0 0.0 0.0 -3.440391 0.788234 0.501655 -15.928201 -3.167313 2.999708 -6.338831 -1e-06 0.0 -18.123465 3.648184 -4.905675 -6e-06 -0.0 -1e-06 -24.891914 12.964501 3.510973 -45.154236 -2.022501 -76.030991 1.534104 23.906136 -1.112508 -10.932693 1.951917 -11.460792 2.243543 -5.25504 -3.180159 14.2829 -0.826595 6.952506 -2e-06 -12.690614 -1e-06 16.895481 -16.117516 2.131987 1.665667 -1.955923 -2.878299 4.727801 -4.17059 4.993925 11.020534 3e-06 -2e-06 12.109058 -3.735718 -2.866786 1e-06 -0.0 0.0 1.291986 -1.92855 -1.49809 14.800136 0.567469 3.865609 14.24258 -1.341737 -6.660662 19.631979 0.143926 -0.648246 49.482635 -0.885348 -6.244768 0.353029 -1.511151 -0.03194 20.222803 3.684312 2.316631 18.787287 6e-06 -2e-06 10.751634 -0.479868 1.397906 -2e-06 0.0 0.0 3.273809 0.305947 -0.580111 21.48683 11.830384 2.266134 8.162933 2e-06 -2e-06 18.399096 -3.798983 -4.94058 3e-06 -0.0 -1e-06 1.877733 6.410534 0.504636 0.054553 -0.070504 2.481149 -3.222464 1.022956 -2.488136 1.678761 -1.930649 -0.508255 0.0 0.0 2e-06 -1.822105 -5.334229 -0.179109 -0.045098 -0.021615 3.209622 3.584189 -2.975371 -4.643188 -1.409122 1.068646 -1.077916 -0.0 0.0 -1e-06 
0.0 0.0 0.0 0.0 -0.0 0.0 -0.540832 100.551926 1.572009 0.12189 -2.563572 1.284463 0.283799 0.073785 -1.902546 -0.557034 -0.275933 -5.8463 -2.106981 -2.644286 6.377745 4.334415 0.520879 -2.097322 -0.171653 1.899674 -3.845367 4.799971 -1.715394 -3.324421 7.7e-05 -2.3e-05 5e-06 -0.031642 -0.025871 -0.066505 0.650479 -3.713887 -10.516836 -0.715064 3.655149 -10.510326 17.755445 -12.438448 7.053583 49.42416 3.606535 -61.66193 -1.342475 -27.188492 -1.056242 14.139353 -11.36787 -1.20674 -5.882111 9.86129 0.702589 -10.936885 -0.360578 7.156211 3e-06 8.774831 -2e-06 -16.646408 18.797403 5.850892 -1.844034 2.498506 -2.507279 -10.163611 4.678945 4.62111 -20.976049 -8e-06 4e-06 -21.226309 2.451695 -3.593999 1e-06 -6e-06 -0.0 -1.362682 2.240799 -0.746324 -21.334938 0.584904 3.008325 -13.82123 -5e-06 3e-06 -23.887199 -0.249084 -0.839481 -60.132828 3.181263 -1.485873 -0.294025 1.679689 0.833256 -14.218225 0.093211 1.300581 -34.21209 -0.287571 0.967174 -20.033236 0.964534 1.212847 0.0 -0.0 -0.0 -3.440392 0.788233 0.501655 -15.928206 -3.167316 2.999708 -6.338832 -3e-06 1e-06 -18.123466 3.64818 -4.905674 -6e-06 -0.0 -2e-06 -24.556082 12.959818 3.612079 -44.052788 -1.944457 -75.764336 1.364783 26.72002 -1.13122 -11.679179 1.401269 -11.788019 2.243543 -5.255036 -3.180157 14.282896 -0.826595 6.9525 -0.0 -12.690603 -1e-06 16.934248 -16.051102 2.125945 1.665667 -1.955922 -2.878299 4.727801 -4.170588 4.993922 11.020531 2e-06 -1e-06 12.109056 -3.735715 -2.866784 1e-06 -0.0 -0.0 1.291986 -1.928549 -1.498089 14.800134 0.567468 3.865605 14.242579 -1.341736 -6.660656 19.631973 0.143925 -0.648246 49.483692 -0.885768 -6.169251 0.353029 -1.51115 -0.03194 20.222801 3.684309 2.316628 18.787283 5e-06 -3e-06 10.751633 -0.479867 1.397905 -2e-06 0.0 -0.0 3.273808 0.305947 -0.580111 21.48682 11.830374 2.266131 8.16293 2e-06 -2e-06 18.39909 -3.798984 -4.940579 4e-06 -0.0 -1e-06 1.883503 6.26387 0.545093 0.063841 -0.061395 2.559235 -3.203627 1.060309 -2.505721 1.67565 -1.922023 -0.51987 -0.0 -0.0 2e-06 -1.810567 -5.285781 -0.10345 -0.045415 -0.004978 3.24601 3.529238 -3.122828 -4.757248 -1.407659 1.068575 -1.11296 0.0 0.0 -1e-06 
0.0 0.0 0.0 0.0 -0.0 0.0 -0.566465 100.546944 1.555514 0.126617 -2.465121 1.193345 0.301342 0.069675 -1.863811 -0.546649 -0.260455 -5.839646 -2.158068 -2.609158 6.406639 4.39432 0.444521 -1.651204 -0.201203 1.925591 -3.828786 4.817035 -1.743081 -3.395795 7.7e-05 -2.2e-05 6e-06 -0.027258 -0.010563 -0.064968 0.658238 -3.69957 -10.519522 -0.713989 3.670659 -10.502533 17.283365 -12.414477 6.960373 48.35022 3.096553 -61.93055 -1.04387 -31.298882 -1.165254 14.78749 -10.520912 -0.615228 -5.882104 9.861284 0.70259 -10.936868 -0.360576 7.156205 1e-06 8.774824 -1e-06 -16.655481 18.818724 5.959751 -1.844032 2.498504 -2.507277 -10.163597 4.678944 4.621108 -20.976021 -4e-06 4e-06 -21.226282 2.451697 -3.593998 0.0 -6e-06 -1e-06 -1.36268 2.240798 -0.746323 -21.334911 0.584907 3.008324 -13.821209 -2e-06 3e-06 -23.887165 -0.249078 -0.83948 -60.131195 3.193482 -1.405516 -0.294024 1.679687 0.833256 -14.218206 0.093214 1.300581 -34.212036 -0.287565 0.967172 -20.033207 0.964537 1.212845 0.0 -0.0 -0.0 -3.440388 0.788234 0.501655 -15.928185 -3.167311 2.999707 -6.338825 -1e-06 2e-06 -18.123444 3.648182 -4.90567 -7e-06 -1e-06 -2e-06 -24.096333 12.959242 3.809738 -42.38942 -1.952318 -75.718826 1.063904 30.905178 -1.148926 -12.806686 0.519007 -11.972223 2.243541 -5.255037 -3.180157 14.282887 -0.826594 6.952503 -2e-06 -12.690603 -0.0 17.036077 -15.959342 2.074234 1.665666 -1.955922 -2.878299 4.727797 -4.170587 4.993923 11.020524 3e-06 -1e-06 12.10905 -3.735715 -2.866784 2e-06 0.0 0.0 1.291985 -1.92855 -1.498089 14.800129 0.567468 3.865608 14.242574 -1.341737 -6.660657 19.631969 0.143926 -0.648244 49.569542 -0.883973 -6.096781 0.353029 -1.51115 -0.03194 20.222788 3.684309 2.316631 18.787271 5e-06 -0.0 10.751627 -0.479869 1.397906 -2e-06 -0.0 -0.0 3.273806 0.305947 -0.580111 21.486809 11.830376 2.266135 8.162926 2e-06 0.0 18.39908 -3.798985 -4.940574 4e-06 -0.0 -1e-06 1.894418 6.129537 0.589523 0.068764 -0.060648 2.617887 -3.156639 1.072411 -2.473635 1.672777 -1.907472 -0.525141 -0.0 -0.0 2e-06 -1.784797 -5.221077 0.026141 -0.049724 0.013298 3.191596 3.452123 -3.340714 -4.825295 -1.409129 1.066424 -1.136868 0.0 0.0 -1e-06 
0.0 0.0 0.0 0.0 -0.0 0.0 -0.612184 100.547531 1.543404 0.129501 -2.356877 1.093331 0.307819 0.051352 -1.829743 -0.538939 -0.242601 -5.821483 -2.231596 -2.556584 6.429545 4.494785 0.360683 -1.050859 -0.234325 1.950939 -3.810159 4.845876 -1.706174 -3.527134 7.7e-05 -2.3e-05 6e-06 -0.022355 0.003919 -0.063401 0.661183 -3.688015 -10.531414 -0.707108 3.6872 -10.50279 16.655605 -12.303233 6.881198 46.621124 2.456434 -62.453175 -0.60309 -37.105881 -1.413643 15.671068 -9.489758 0.522821 -5.882112 9.861293 0.70259 -10.936883 -0.360576 7.156209 1e-06 8.774833 -2e-06 -16.694448 18.780066 6.01669 -1.844035 2.498507 -2.50728 -10.16361 4.678948 4.62111 -20.976048 -5e-06 1e-06 -21.226309 2.451696 -3.594004 0.0 -6e-06 -0.0 -1.362683 2.240801 -0.746324 -21.334936 0.584908 3.008322 -13.821227 -4e-06 1e-06 -23.887192 -0.249082 -0.839486 -60.159508 3.226461 -1.321977 -0.294025 1.679689 0.833256 -14.218223 0.093214 1.300579 -34.212082 -0.28757 0.967168 -20.033232 0.964534 1.212844 -0.0 -0.0 0.0 -3.440392 0.788235 0.501655 -15.928203 -3.167313 2.999707 -6.338833 -1e-06 0.0 -18.123466 3.648183 -4.905676 -6e-06 0.0 -2e-06 -23.458433 12.971011 4.031919 -39.933094 -1.979579 -76.15918 0.740699 36.985199 -1.119359 -14.356604 -0.65711 -11.793384 2.243544 -5.255039 -3.180159 14.282902 -0.826595 6.952506 -1e-06 -12.69061 0.0 17.26531 -15.865138 1.918582 1.665668 -1.955922 -2.8783 4.727803 -4.170589 4.993925 11.020536 2e-06 -1e-06 12.109061 -3.735718 -2.866785 2e-06 -0.0 0.0 1.291987 -1.92855 -1.49809 14.80014 0.567468 3.86561 14.242584 -1.341738 -6.660661 19.631985 0.143924 -0.648245 49.775116 -0.901177 -6.055385 0.353029 -1.511151 -0.03194 20.222811 3.68431 2.316631 18.787291 5e-06 -2e-06 10.75164 -0.47987 1.397906 -1e-06 0.0 0.0 3.273809 0.305947 -0.580111 21.486832 11.830379 2.266133 8.162935 2e-06 -2e-06 18.399099 -3.798986 -4.94058 4e-06 -0.0 -1e-06 1.912233 6.006662 0.656802 0.06798 -0.062283 2.641883 -3.088176 1.085102 -2.422372 1.670902 -1.900817 -0.529098 -0.0 0.0 2e-06 -1.74103 -5.114851 0.188339 -0.05619 0.02572 3.098352 3.347793 -3.591356 -4.86579 -1.413684 1.056677 -1.122398 0.0 0.0 -1e-06 
0.0 0.0 0.0 0.0 -0.0 0.0 -0.673827 100.543175 1.528482 0.125025 -2.257538 0.994547 0.298396 0.016484 -1.799031 -0.541946 -0.239776 -5.785419 -2.318778 -2.471441 6.432656 4.620451 0.299279 -0.305714 -0.273517 1.948571 -3.798676 4.871866 -1.561007 -3.720254 7.7e-05 -2.2e-05 6e-06 -0.017333 0.016004 -0.06121 0.661199 -3.680307 -10.556098 -0.697132 3.703236 -10.520237 15.82456 -12.112809 6.839158 43.991451 1.678626 -63.233562 0.035468 -45.179214 -1.946972 16.86937 -8.213495 2.273698 -5.882114 9.861297 0.702589 -10.936888 -0.360577 7.156212 3e-06 8.774836 -2e-06 -16.726654 18.644297 5.999927 -1.844036 2.498508 -2.507281 -10.163614 4.678948 4.621111 -20.976055 -7e-06 1e-06 -21.22632 2.451696 -3.594005 0.0 -6e-06 -0.0 -1.362684 2.2408 -0.746325 -21.334946 0.584907 3.008323 -13.821235 -6e-06 0.0 -23.887205 -0.249084 -0.839485 -60.166645 3.233166 -1.200086 -0.294025 1.67969 0.833257 -14.218231 0.093213 1.300578 -34.212109 -0.287573 0.967167 -20.033247 0.964532 1.212845 0.0 0.0 0.0 -3.440393 0.788234 0.501655 -15.928208 -3.167315 2.999707 -6.338836 -2e-06 0.0 -18.123474 3.648183 -4.905681 -4e-06 -1e-06 -1e-06 -22.558161 12.952835 4.256482 -36.463646 -1.927845 -77.214859 0.508771 45.499111 -1.040899 -16.392864 -2.063674 -11.237231 2.243545 -5.255043 -3.180161 14.28291 -0.826595 6.95251 -1e-06 -12.690618 -1e-06 17.627531 -15.803296 1.680911 1.665669 -1.955924 -2.878302 4.727806 -4.170592 4.993929 11.020543 2e-06 -1e-06 12.109068 -3.73572 -2.866787 -1e-06 -0.0 -0.0 1.291987 -1.928552 -1.498091 14.800149 0.567468 3.865611 14.242594 -1.341738 -6.660666 19.631992 0.143925 -0.648247 50.114975 -0.962878 -6.01715 0.353029 -1.511153 -0.031939 20.22282 3.684314 2.316632 18.787296 4e-06 -2e-06 10.751644 -0.479869 1.397907 -2e-06 -0.0 0.0 3.273812 0.305948 -0.580111 21.486847 11.830388 2.266135 8.16294 2e-06 -2e-06 18.399111 -3.798988 -4.940583 2e-06 1e-06 -1e-06 1.950607 5.918279 0.748556 0.057819 -0.061412 2.612313 -3.026206 1.10254 -2.363183 1.668513 -1.907699 -0.513994 -0.0 -0.0 2e-06 -1.673488 -4.951581 0.322313 -0.066502 0.017444 3.048262 3.188668 -3.825954 -4.916972 -1.420661 1.03215 -1.079278 -0.0 0.0 -1e-06 
0.0 0.0 0.0 0.0 -0.0 0.0 -0.739714 100.524231 1.519764 0.109163 -2.199887 0.895066 0.266866 -0.000171 -1.780124 -0.552196 -0.261041 -5.744484 -2.40951 -2.353313 6.447975 4.738195 0.260838 0.524381 -0.310994 1.95168 -3.801415 4.882998 -1.333988 -3.947118 7.7e-05 -2.3e-05 6e-06 -0.014686 0.01291 -0.056358 0.664342 -3.684958 -10.585185 -0.695142 3.702381 -10.546659 14.785311 -11.916354 6.8981 40.349525 0.799968 -64.066849 1.095087 -55.444729 -3.104325 18.433996 -6.878665 4.65182 -5.882107 9.861286 0.70259 -10.936873 -0.360576 7.156208 1e-06 8.774825 -2e-06 -16.760399 18.370205 5.882359 -1.844033 2.498505 -2.507278 -10.163603 4.678944 4.621109 -20.976027 -3e-06 4e-06 -21.22629 2.451697 -3.593999 0.0 -7e-06 0.0 -1.362682 2.240798 -0.746324 -21.334921 0.58491 3.008325 -13.821215 -3e-06 3e-06 -23.887175 -0.249078 -0.839481 -60.128498 3.176182 -1.080807 -0.294025 1.679686 0.833256 -14.21821 0.093214 1.300581 -34.212055 -0.287564 0.967172 -20.033215 0.964538 1.212844 -0.0 0.0 1e-06 -3.440389 0.788232 0.501656 -15.928191 -3.167309 2.999708 -6.338827 0.0 2e-06 -18.123447 3.648182 -4.90567 -4e-06 0.0 -2e-06 -21.426102 12.826376 4.507124 -31.854801 -1.674152 -78.570183 0.270688 56.407169 -1.132839 -18.860622 -3.497637 -10.498043 2.243542 -5.255037 -3.180159 14.282896 -0.826595 6.952505 -2e-06 -12.690602 0.0 18.08087 -15.838446 1.43061 1.665667 -1.955921 -2.878299 4.7278 -4.170588 4.993925 11.020529 2e-06 -0.0 12.109056 -3.735715 -2.866784 -1e-06 1e-06 -0.0 1.291985 -1.928549 -1.49809 14.800132 0.567468 3.865608 14.242577 -1.341736 -6.660657 19.631969 0.143925 -0.648245 50.542015 -1.045386 -5.943274 0.353029 -1.511151 -0.03194 20.222797 3.68431 2.316632 18.787275 4e-06 -0.0 10.751631 -0.47987 1.397907 0.0 0.0 -0.0 3.273807 0.305947 -0.580111 21.486818 11.830376 2.266134 8.162928 2e-06 -1e-06 18.399088 -3.798985 -4.940576 3e-06 1e-06 -0.0 2.026022 5.854028 0.883446 0.044356 -0.049401 2.508476 -3.034242 1.10158 -2.323161 1.660424 -1.919896 -0.475501 0.0 -0.0 2e-06 -1.594364 -4.782014 0.386986 -0.073572 -0.004165 3.11966 3.003844 -3.981961 -5.002926 -1.42894 1.001824 -1.009817 0.0 0.0 -1e-06 
0.0 0.0 0.0 0.0 -0.0 0.0 -0.804622 100.482056 1.51363 0.098385 -2.168006 0.80557 0.188717 0.017892 -1.787673 -0.557762 -0.307555 -5.713509 -2.494517 -2.244411 6.494334 4.816396 0.257668 1.426366 -0.336159 2.003802 -3.81786 4.865215 -1.00016 -4.184352 7.7e-05 -2.2e-05 6e-06 -0.014478 -0.004648 -0.049702 0.675584 -3.69883 -10.616655 -0.706238 3.683425 -10.580029 13.517796 -11.697272 7.101104 35.537766 -0.321152 -64.547943 3.638537 -67.706215 -6.032828 20.45849 -5.76437 7.550871 -5.882107 9.861286 0.70259 -10.936875 -0.360577 7.156206 2e-06 8.774826 -1e-06 -16.95458 17.987867 5.641045 -1.844033 2.498503 -2.507279 -10.163601 4.678945 4.621109 -20.976027 -6e-06 2e-06 -21.226292 2.451694 -3.594001 0.0 -6e-06 -0.0 -1.362682 2.240797 -0.746324 -21.334921 0.584908 3.008322 -13.821217 -4e-06 1e-06 -23.887175 -0.24908 -0.839482 -60.202934 3.042478 -0.961494 -0.294025 1.679687 0.833256 -14.218214 0.093213 1.30058 -34.212055 -0.287569 0.967171 -20.033216 0.964535 1.212843 1e-06 -0.0 0.0 -3.440389 0.788234 0.501655 -15.928189 -3.167311 2.999707 -6.338828 -1e-06 0.0 -18.123451 3.648179 -4.905673 -3e-06 0.0 -2e-06 -20.059658 12.563649 4.782481 -26.081884 -1.026211 -79.64151 -0.651234 69.402199 -2.266092 -21.506493 -4.611612 -9.632584 2.243544 -5.25504 -3.180161 14.282904 -0.826596 6.952506 -2e-06 -12.690607 -0.0 18.446308 -16.016716 1.27121 1.665668 -1.955922 -2.878301 4.727803 -4.17059 4.993927 11.020536 2e-06 -2e-06 12.109064 -3.735717 -2.866788 1e-06 -1e-06 0.0 1.291987 -1.92855 -1.49809 14.800142 0.567466 3.865609 14.242586 -1.341737 -6.660665 19.631989 0.143925 -0.648249 50.927994 -1.122462 -5.852045 0.353029 -1.511152 -0.031942 20.222811 3.68431 2.31663 18.787292 6e-06 -3e-06 10.751637 -0.479868 1.397905 -1e-06 0.0 -0.0 3.27381 0.305946 -0.580112 21.486832 11.830381 2.266134 8.162937 2e-06 -2e-06 18.399101 -3.798986 -4.940582 3e-06 0.0 -1e-06 2.122458 5.818248 1.040734 0.035998 -0.031158 2.345238 -3.129409 1.043446 -2.29157 1.649498 -1.931055 -0.438789 -0.0 0.0 2e-06 -1.529629 -4.677401 0.290498 -0.074461 -0.02542 3.463317 2.840354 -3.998707 -5.161758 -1.436793 0.981089 -0.930664 0.0 0.0 -1e-06 
0.0 0.0 0.0 0.0 -0.0 0.0 -0.860222 100.427101 1.520018 0.113308 -2.154689 0.727829 0.063732 0.054676 -1.83158 -0.566979 -0.380426 -5.709525 -2.538489 -2.14728 6.589584 4.809389 0.285607 2.34171 -0.309711 2.113895 -3.832938 4.77746 -0.562269 -4.386854 7.7e-05 -2.3e-05 6e-06 -0.014136 -0.026488 -0.042577 0.69248 -3.715748 -10.648277 -0.722719 3.659765 -10.618377 12.167005 -11.416577 7.46396 29.578131 -1.75805 -63.894459 15.159424 -80.639091 -17.991222 22.62319 -5.29291 10.53441 -5.882108 9.861288 0.702589 -10.936875 -0.360576 7.156206 0.0 8.774828 -0.0 -17.43647 17.616486 5.350402 -1.844033 2.498507 -2.507279 -10.163603 4.678946 4.621109 -20.97603 -6e-06 -0.0 -21.226294 2.451696 -3.594003 -1e-06 -6e-06 -1e-06 -1.362682 2.240799 -0.746324 -21.334921 0.58491 3.008322 -13.821219 -3e-06 0.0 -23.887182 -0.249082 -0.839485 -60.609776 2.881004 -0.867946 -0.294025 1.679688 0.833256 -14.218212 0.093215 1.300579 -34.212063 -0.287567 0.967167 -20.033218 0.964534 1.212842 -1e-06 1e-06 0.0 -3.440389 0.788233 0.501656 -15.928191 -3.167311 2.999706 -6.338827 -0.0 1e-06 -18.123455 3.648184 -4.905675 -3e-06 0.0 -3e-06 -18.480379 12.183549 5.129783 -19.589945 0.03546 -79.441795 -9.183402 82.896568 -11.528572 -23.747992 -5.01891 -8.625737 2.243543 -5.255037 -3.180157 14.282893 -0.826595 6.952499 -1e-06 -12.690606 -1e-06 18.487213 -16.290916 1.27065 1.665667 -1.955923 -2.878298 4.727799 -4.170588 4.993921 11.020529 3e-06 -2e-06 12.109056 -3.735716 -2.866787 1e-06 -1e-06 1e-06 1.291986 -1.92855 -1.498091 14.800129 0.567467 3.865604 14.242577 -1.341738 -6.660662 19.631969 0.143926 -0.648248 51.016083 -1.163254 -5.798948 0.353029 -1.511152 -0.031942 20.222797 3.68431 2.316628 18.787275 6e-06 -4e-06 10.751629 -0.479869 1.397905 -1e-06 -0.0 0.0 3.273807 0.305947 -0.580112 21.486818 11.830376 2.26613 8.162928 -1e-06 -3e-06 18.399088 -3.798985 -4.940581 3e-06 -1e-06 -2e-06 2.201955 5.805477 1.185547 0.027963 -0.010619 2.19534 -3.267119 0.947556 -2.295436 1.641108 -1.94399 -0.404889 0.0 0.0 2e-06 -1.509896 -4.687301 0.010758 -0.07281 -0.036678 4.142796 2.739336 -3.867291 -5.43685 -1.439489 0.97849 -0.864529 -0.0 0.0 -1e-06 
0.0 0.0 0.0 0.0 -0.0 0.0 -0.903888 100.377724 1.543184 0.147844 -2.166435 0.661514 -0.08754 0.089497 -1.923305 -0.581597 -0.477211 -5.734966 -2.524098 -2.045655 6.750032 4.71003 0.327209 3.219647 -0.231277 2.287391 -3.838043 4.588918 -0.033266 -4.469713 7.7e-05 -2.2e-05 6e-06 -0.014485 -0.041411 -0.036394 0.708218 -3.726317 -10.673266 -0.739259 3.643674 -10.653664 10.742578 -10.995743 7.983681 22.371822 -3.514511 -61.467461 140.752518 -84.237923 -143.865219 24.628023 -5.518045 13.411518 -5.882105 9.861284 0.70259 -10.936872 -0.360575 7.156203 2e-06 8.774824 -1e-06 -18.152605 17.403709 5.115573 -1.844032 2.498504 -2.507277 -10.163599 4.678944 4.621107 -20.976023 -5e-06 1e-06 -21.226286 2.451694 -3.594001 -1e-06 -7e-06 -1e-06 -1.362681 2.240798 -0.746323 -21.334911 0.584907 3.008322 -13.821213 -4e-06 1e-06 -23.887171 -0.249082 -0.839484 -61.226173 2.749508 -0.827728 -0.294025 1.679685 0.833256 -14.218208 0.093213 1.30058 -34.212048 -0.287567 0.96717 -20.033211 0.964535 1.212842 -1e-06 0.0 -1e-06 -3.440388 0.788234 0.501655 -15.928185 -3.167312 2.999706 -6.338826 -0.0 1e-06 -18.123444 3.648181 -4.905672 -4e-06 1e-06 -2e-06 -16.570221 11.702812 5.67931 -12.425138 1.389374 -77.251007 -157.535065 82.988152 -161.143204 -25.447775 -4.807795 -7.429284 2.243543 -5.255037 -3.180159 14.282892 -0.826594 6.9525 -2e-06 -12.690603 1e-06 18.130674 -16.52527 1.419447 1.665667 -1.955921 -2.878299 4.727799 -4.170586 4.993923 11.020526 2e-06 -4e-06 12.109053 -3.735715 -2.866786 0.0 -0.0 -0.0 1.291986 -1.928549 -1.498091 14.800127 0.567467 3.865605 14.242574 -1.341735 -6.660661 19.631969 0.143928 -0.648248 50.731197 -1.167396 -5.739981 0.353029 -1.511149 -0.031939 20.22279 3.684309 2.316628 18.78727 7e-06 -3e-06 10.751627 -0.479867 1.397905 -2e-06 1e-06 1e-06 3.273807 0.305947 -0.580113 21.486813 11.830372 2.26613 8.162928 -1e-06 -2e-06 18.399084 -3.798984 -4.940577 3e-06 -1e-06 -2e-06 2.243241 5.749497 1.155381 0.013737 0.017278 2.408043 -3.378427 0.875427 -2.471355 1.634804 -1.957632 -0.392652 -0.0 -0.0 2e-06 -1.533748 -4.795917 -0.320585 -0.068833 -0.045734 4.925683 2.678776 -3.637813 -5.718122 -1.43618 1.003783 -0.831848 -0.0 0.0 -1e-06 
0.0 0.0 0.0 0.0 -0.0 0.0 -0.923516 100.328484 1.592397 0.181599 -2.178389 0.607294 -0.238462 0.11431 -2.07515 -0.609975 -0.565994 -5.780335 -2.430794 -1.950312 7.002339 4.537155 0.412307 3.973052 -0.118272 2.477445 -3.827262 4.2944 0.546165 -4.431886 7.7e-05 -2.2e-05 6e-06 -0.014424 -0.049634 -0.027045 0.723907 -3.733653 -10.681695 -0.754686 3.636603 -10.673817 9.238265 -10.407279 8.728379 13.865546 -5.304585 -56.776901 165.390503 -71.874519 -168.752991 26.292244 -6.607468 16.212549 -5.882109 9.86129 0.702587 -10.936875 -0.360579 7.156209 2e-06 8.774831 -3e-06 -18.786886 17.400738 5.031523 -1.844033 2.498507 -2.507279 -10.163606 4.678944 4.621109 -20.976036 -5e-06 2e-06 -21.226299 2.451694 -3.594004 -1e-06 -7e-06 -1e-06 -1.362682 2.240799 -0.746326 -21.334925 0.584904 3.008324 -13.821221 -4e-06 0.0 -23.887182 -0.249084 -0.839483 -61.667633 2.690481 -0.850365 -0.294025 1.679686 0.833256 -14.218216 0.093212 1.30058 -34.212067 -0.287571 0.967172 -20.033222 0.964533 1.212847 -1e-06 -0.0 -0.0 -3.440391 0.788233 0.501656 -15.928196 -3.167314 2.99971 -6.338829 -1e-06 1e-06 -18.123457 3.648182 -4.905675 -4e-06 1e-06 -2e-06 -14.233416 11.13094 6.514365 -4.484239 2.854239 -72.443001 -166.217789 69.955086 -171.334091 -26.708727 -4.036845 -6.03944 2.243542 -5.255037 -3.180158 14.282889 -0.826594 6.952501 -3e-06 -12.690607 -1e-06 17.51276 -16.635605 1.631118 1.665666 -1.955923 -2.878299 4.727798 -4.170588 4.993925 11.020526 4e-06 -2e-06 12.109052 -3.735716 -2.866785 2e-06 0.0 -1e-06 1.291986 -1.928549 -1.49809 14.800129 0.567469 3.865606 14.242573 -1.341735 -6.66066 19.631969 0.143929 -0.648245 50.238026 -1.153572 -5.645821 0.353029 -1.511151 -0.03194 20.222794 3.684313 2.316629 18.787273 7e-06 -2e-06 10.751626 -0.479867 1.397907 0.0 1e-06 -2e-06 3.273806 0.305945 -0.580112 21.486813 11.830379 2.266133 8.162927 1e-06 -0.0 18.399082 -3.798983 -4.940576 4e-06 1e-06 -2e-06 2.253592 5.606873 1.0926 0.000107 0.04803 2.697933 -3.416463 0.909088 -2.686038 1.627798 -1.965429 -0.387832 -0.0 -0.0 2e-06 -1.587029 -5.026688 -0.640113 -0.064745 -0.05211 5.706001 2.649415 -3.356038 -6.015524 -1.42703 1.048397 -0.845224 0.0 0.0 -1e-06 
0.0 0.0 0.0 0.0 -0.0 0.0 -0.919047 100.287102 1.666737 0.168809 -2.208727 0.606316 -0.348514 0.123073 -2.297574 -0.640524 -0.607873 -5.845044 -2.245063 -1.886893 7.370084 4.303928 0.583757 4.51093 -0.002745 2.673127 -3.797478 3.924029 1.09829 -4.361547 7.7e-05 -2.2e-05 6e-06 -0.011573 -0.039176 -0.014733 0.738635 -3.728652 -10.677627 -0.763316 3.652927 -10.678958 7.547358 -9.627696 9.655846 4.333127 -6.663189 -49.218369 170.8629 -60.511379 -174.154984 27.537102 -8.478059 18.425245 -5.882107 9.861286 0.702589 -10.936873 -0.360577 7.156205 1e-06 8.774828 -2e-06 -18.93008 17.526585 5.15653 -1.844033 2.498506 -2.507279 -10.163601 4.678945 4.621109 -20.97603 -7e-06 0.0 -21.226292 2.451694 -3.594002 0.0 -7e-06 -0.0 -1.362682 2.240798 -0.746325 -21.334917 0.584905 3.008322 -13.821217 -4e-06 0.0 -23.887177 -0.249083 -0.839483 -61.533306 2.730042 -0.920462 -0.294024 1.67969 0.833256 -14.218212 0.093212 1.30058 -34.212063 -0.287569 0.967169 -20.033218 0.964532 1.212844 -1e-06 0.0 -1e-06 -3.44039 0.788231 0.501655 -15.928189 -3.167314 2.999707 -6.338826 -1e-06 0.0 -18.123451 3.64818 -4.905672 -5e-06 1e-06 -2e-06 -11.2919 10.520226 7.754323 4.12233 4.126143 -64.73777 -167.793381 57.954662 -173.929733 -27.642885 -2.571478 -4.684376 2.243541 -5.25504 -3.18016 14.282896 -0.826593 6.952505 -1e-06 -12.690607 -3e-06 16.74185 -16.600384 1.884821 1.665667 -1.955923 -2.878301 4.727799 -4.170588 4.993926 11.02053 3e-06 -1e-06 12.109053 -3.735717 -2.866784 -1e-06 -0.0 0.0 1.291986 -1.92855 -1.49809 14.800136 0.56747 3.865609 14.242578 -1.341738 -6.66066 19.631975 0.143925 -0.648243 49.699142 -1.09975 -5.507521 0.353028 -1.511151 -0.03194 20.222801 3.684313 2.316633 18.787279 5e-06 2e-06 10.751633 -0.479869 1.397907 0.0 1e-06 -1e-06 3.273809 0.305947 -0.58011 21.486824 11.830379 2.266139 8.16293 3e-06 1e-06 18.39909 -3.798984 -4.940575 4e-06 -0.0 -1e-06 2.274935 5.365859 0.946734 -0.006841 0.090065 3.079716 -3.396266 1.079434 -2.962828 1.616473 -1.955099 -0.347476 -0.0 0.0 2e-06 -1.609992 -5.337845 -0.869547 -0.061262 -0.051262 6.238169 2.662254 -3.105345 -6.204654 -1.416492 1.094852 -0.837927 -0.0 0.0 -1e-06 
0.0 0.0 0.0 0.0 -0.0 0.0 -0.905262 100.25605 1.755493 0.108327 -2.274389 0.68259 -0.406234 0.097854 -2.572187 -0.651464 -0.569288 -5.929063 -1.987815 -1.889689 7.846515 4.002287 0.84511 4.774995 0.112565 2.907559 -3.754708 3.472337 1.583921 -4.326649 7.7e-05 -2.2e-05 6e-06 -0.005717 -0.017292 0.004532 0.751675 -3.717967 -10.665662 -0.764095 3.684953 -10.670454 5.576128 -8.718651 10.663522 -5.486053 -6.942178 -38.730888 174.937912 -52.24353 -177.428848 28.768368 -10.77636 18.780464 -5.88211 9.861288 0.702592 -10.936876 -0.360575 7.156207 1e-06 8.77483 -1e-06 -18.362232 17.639841 5.486631 -1.844033 2.498505 -2.507278 -10.163604 4.678946 4.621109 -20.976032 -3e-06 1e-06 -21.226299 2.451699 -3.594004 0.0 -6e-06 1e-06 -1.362681 2.240799 -0.746324 -21.334921 0.584908 3.008323 -13.821221 -3e-06 1e-06 -23.887178 -0.249081 -0.839484 -60.666206 2.834621 -0.950682 -0.294023 1.679689 0.833256 -14.218214 0.093215 1.300581 -34.212059 -0.287565 0.967167 -20.033218 0.964534 1.212842 -1e-06 0.0 0.0 -3.440389 0.788233 0.501656 -15.928192 -3.16731 2.999706 -6.338829 -1e-06 -1e-06 -18.123457 3.648185 -4.905674 -4e-06 0.0 -2e-06 -7.743011 9.940189 9.403228 13.073623 4.822378 -54.881325 -169.858597 48.516743 -175.50383 -28.083771 -0.414953 -3.817197 2.243543 -5.255038 -3.180159 14.282897 -0.826595 6.952504 -3e-06 -12.690609 -1e-06 16.025991 -16.461309 2.169935 1.665667 -1.955923 -2.878301 4.727801 -4.170588 4.993924 11.020529 4e-06 -2e-06 12.109059 -3.735714 -2.866787 0.0 1e-06 0.0 1.291985 -1.928551 -1.49809 14.800136 0.56747 3.865609 14.242579 -1.341737 -6.66066 19.631979 0.143925 -0.648244 49.262844 -0.961649 -5.42261 0.353029 -1.51115 -0.031941 20.222801 3.684311 2.316631 18.787283 6e-06 -2e-06 10.751633 -0.479868 1.397906 -0.0 1e-06 0.0 3.273809 0.305947 -0.58011 21.486824 11.830377 2.266135 8.16293 2e-06 -1e-06 18.399094 -3.798985 -4.940578 3e-06 -1e-06 -1e-06 2.321516 5.068823 0.692863 -0.012949 0.130854 3.542753 -3.395176 1.369448 -3.32263 1.600331 -1.938984 -0.187719 -0.0 0.0 2e-06 -1.581486 -5.642163 -1.039006 -0.054172 -0.031261 6.509911 2.726726 -2.969458 -6.298199 -1.409246 1.119341 -0.721442 -0.0 0.0 -1e-06 
0.0 0.0 0.0 0.0 -0.0 0.0 -0.890813 100.237968 1.850905 0.036509 -2.41217 0.809119 -0.392675 0.037076 -2.831987 -0.637308 -0.421818 -6.011855 -1.705768 -1.97337 8.376981 3.580802 1.208346 4.719698 0.245845 3.207362 -3.712689 2.96869 1.990055 -4.257323 7.7e-05 -2.2e-05 6e-06 0.002709 0.021301 0.028282 0.759932 -3.691703 -10.645591 -0.755213 3.734564 -10.644838 3.255923 -7.764787 11.684938 -14.751719 -5.805973 -26.046463 179.046402 -48.829769 179.969681 30.417772 -13.623745 16.523623 -5.882111 9.861292 0.702588 -10.936881 -0.360577 7.156212 0.0 8.774833 -1e-06 -17.147602 17.678284 5.987449 -1.844034 2.498506 -2.50728 -10.163613 4.678947 4.621111 -20.976046 -5e-06 4e-06 -21.226309 2.451696 -3.594002 0.0 -5e-06 -1e-06 -1.362684 2.240799 -0.746323 -21.334934 0.584908 3.008326 -13.821229 -2e-06 2e-06 -23.887196 -0.24908 -0.839482 -59.58186 2.877403 -0.905744 -0.294023 1.679688 0.833254 -14.218224 0.093212 1.300582 -34.212082 -0.287567 0.967175 -20.033232 0.964537 1.212847 -1e-06 1e-06 1e-06 -3.440392 0.788234 0.501655 -15.928203 -3.167314 2.999711 -6.338832 -3e-06 2e-06 -18.123463 3.648183 -4.905674 -4e-06 -0.0 -2e-06 -3.710881 9.32992 11.347714 21.965961 4.799541 -44.905094 -173.989624 43.267235 -177.066589 -27.776199 2.042907 -4.095312 2.243541 -5.255037 -3.18016 14.282897 -0.826594 6.952507 -1e-06 -12.690609 -1e-06 15.600287 -16.521284 2.392064 1.665666 -1.955922 -2.8783 4.7278 -4.170589 4.993926 11.020531 4e-06 -0.0 12.109056 -3.735715 -2.866785 0.0 -2e-06 1e-06 1.291985 -1.92855 -1.498091 14.800132 0.56747 3.865609 14.242579 -1.341734 -6.66066 19.631973 0.143928 -0.648243 49.170063 -0.760836 -5.590339 0.353028 -1.511151 -0.031941 20.222799 3.684313 2.31663 18.787279 4e-06 1e-06 10.751632 -0.479867 1.397906 0.0 1e-06 -0.0 3.273808 0.305948 -0.580111 21.486824 11.830382 2.266134 8.162933 3e-06 0.0 18.39909 -3.798985 -4.940575 3e-06 1e-06 -0.0 2.372833 4.835181 0.449795 -0.026958 0.148861 3.911431 -3.450508 1.690401 -3.660386 1.587693 -1.929077 0.053911 0.0 -0.0 2e-06 -1.53249 -5.839476 -1.164265 -0.040996 -6.8e-05 6.582299 2.841063 -2.914308 -6.327596 -1.407472 1.101121 -0.476143 -0.0 0.0 -1e-06 
0.0 0.0 0.0 0.0 -0.0 0.0 -0.885806 100.222931 1.952413 -0.013514 -2.656334 0.941791 -0.310942 -0.043352 -3.017422 -0.607503 -0.188715 -6.089083 -1.418293 -2.092438 8.910615 3.002766 1.631339 4.321856 0.369182 3.530585 -3.672958 2.524374 2.300986 -3.985597 7.7e-05 -2.2e-05 6e-06 0.01048 0.07095 0.051307 0.761763 -3.651113 -10.625916 -0.741813 3.792797 -10.612342 0.723139 -6.839159 12.766971 -23.359188 -3.650538 -12.943978 -177.178238 -51.385487 177.671722 31.866838 -17.738171 13.579118 -5.88211 9.861289 0.702589 -10.936876 -0.360577 7.15621 1e-06 8.774828 -2e-06 -15.816877 17.759222 6.444227 -1.844033 2.498507 -2.50728 -10.163605 4.678945 4.621112 -20.976034 -4e-06 3e-06 -21.226295 2.451696 -3.594002 0.0 -5e-06 -1e-06 -1.362682 2.240799 -0.746323 -21.334925 0.584908 3.008327 -13.821221 -4e-06 3e-06 -23.887182 -0.249079 -0.839482 -59.014988 2.74919 -0.862946 -0.294025 1.679687 0.833256 -14.218215 0.093215 1.300582 -34.212067 -0.287565 0.967171 -20.033226 0.964539 1.212845 -1e-06 -1e-06 1e-06 -3.440391 0.788233 0.501658 -15.928192 -3.167312 2.99971 -6.338829 -1e-06 1e-06 -18.123457 3.648184 -4.905674 -4e-06 -0.0 -2e-06 0.520038 8.603856 13.296704 30.646864 4.135373 -35.798962 -179.897217 42.98645 -179.136215 -26.489452 4.362386 -5.305035 2.243544 -5.25504 -3.180161 14.282906 -0.826595 6.952509 -1e-06 -12.690612 -1e-06 15.505259 -16.905642 2.437847 1.665668 -1.955922 -2.878299 4.727805 -4.17059 4.993927 11.02054 3e-06 -1e-06 12.109065 -3.735719 -2.866787 1e-06 -1e-06 1e-06 1.291987 -1.928551 -1.49809 14.800142 0.567468 3.865612 14.242587 -1.341735 -6.660662 19.631987 0.143924 -0.648245 49.208633 -0.58506 -5.970858 0.353029 -1.511152 -0.03194 20.222815 3.684312 2.316634 18.787294 5e-06 1e-06 10.751641 -0.479871 1.397908 -0.0 2e-06 0.0 3.27381 0.305947 -0.58011 21.486834 11.830383 2.266138 8.162936 2e-06 -0.0 18.399103 -3.798986 -4.940579 3e-06 -1e-06 -1e-06 2.404462 4.760846 0.280026 -0.03621 0.134527 4.159685 -3.588264 2.009435 -3.91165 1.583284 -1.927821 0.27701 0.0 -0.0 2e-06 -1.491059 -5.838822 -1.316991 -0.031346 0.024732 6.670827 2.9715 -2.866982 -6.366688 -1.408871 1.053761 -0.214307 -0.0 0.0 -1e-06 
0.0 0.0 0.0 0.0 -0.0 0.0 -0.877689 100.209282 2.065506 -0.021141 -2.902857 1.035073 -0.184011 -0.148245 -3.125329 -0.56067 0.046772 -6.146697 -1.168261 -2.176179 9.425061 2.317534 1.991211 3.69945 0.455656 3.806981 -3.665023 2.1765 2.617033 -3.464452 7.7e-05 -2.2e-05 6e-06 0.015766 0.102254 0.058083 0.761328 -3.626043 -10.632175 -0.731706 3.831759 -10.608606 -1.673325 -5.956172 13.84164 -31.65723 -1.473522 -1.670307 -174.834747 -59.635883 175.987915 32.233253 -22.253511 11.578299 -5.882106 9.861283 0.702588 -10.936872 -0.360575 7.156205 0.0 8.774821 -2e-06 -14.86828 18.08901 6.776138 -1.844034 2.498505 -2.507277 -10.163603 4.678944 4.621107 -20.976027 -4e-06 -1e-06 -21.22629 2.451694 -3.594002 0.0 -6e-06 -0.0 -1.362682 2.240799 -0.746323 -21.334913 0.584908 3.008321 -13.821214 -2e-06 1e-06 -23.887173 -0.249082 -0.839485 -59.051685 2.598746 -0.950554 -0.294027 1.679686 0.833257 -14.218208 0.093215 1.300579 -34.212051 -0.287562 0.967167 -20.033211 0.964535 1.212843 -0.0 1e-06 0.0 -3.440389 0.788234 0.501655 -15.928185 -3.167309 2.999706 -6.338825 -1e-06 -0.0 -18.123444 3.64818 -4.905673 -4e-06 -2e-06 -1e-06 4.4807 7.948505 14.920511 38.777889 2.931242 -26.448706 174.878876 47.980324 178.066772 -24.087729 6.33319 -6.045463 2.243541 -5.255037 -3.180158 14.282892 -0.826597 6.9525 1e-06 -12.690605 -1e-06 15.652558 -17.237703 2.425347 1.665667 -1.955923 -2.8783 4.727799 -4.170588 4.993924 11.020528 3e-06 -3e-06 12.109055 -3.735716 -2.866787 -1e-06 -1e-06 -1e-06 1.291988 -1.928551 -1.498091 14.800129 0.567466 3.865606 14.242574 -1.341737 -6.660661 19.631968 0.143927 -0.648249 49.18005 -0.467703 -6.202678 0.353029 -1.51115 -0.031942 20.22279 3.684307 2.316629 18.787273 4e-06 -2e-06 10.751629 -0.479867 1.397906 1e-06 0.0 0.0 3.273807 0.305946 -0.580112 21.486813 11.830372 2.266129 8.162927 1e-06 -3e-06 18.399084 -3.798985 -4.94058 4e-06 0.0 -1e-06 2.385993 4.795988 0.254948 -0.027204 0.063684 4.211597 -3.730464 2.293285 -4.085816 1.586621 -1.920502 0.408968 -0.0 -0.0 2e-06 -1.494973 -5.744342 -1.439436 -0.029301 0.03337 6.790771 3.096301 -2.865739 -6.458324 -1.408649 1.004205 -0.033701 0.0 0.0 -1e-06 
0.0 0.0 0.0 0.0 -0.0 0.0 -0.862207 100.174904 2.156593 0.019541 -3.00779 1.067321 -0.039756 -0.256125 -3.16583 -0.501097 0.201178 -6.175296 -0.973382 -2.212835 9.905984 1.608449 2.288196 3.075183 0.479192 3.971737 -3.737959 1.970065 2.941121 -2.856751 7.7e-05 -2.3e-05 6e-06 0.016568 0.082025 0.033548 0.765684 -3.649558 -10.678916 -0.735606 3.817489 -10.654941 -3.705311 -5.139816 14.600317 -39.802219 -0.17629 6.505011 -174.789764 -71.960808 175.940598 31.718754 -25.085238 10.406544 -5.88211 9.861288 0.702588 -10.936875 -0.360572 7.156205 -1e-06 8.774824 -2e-06 -14.63133 18.421461 6.787821 -1.844034 2.498508 -2.507279 -10.163604 4.678946 4.621108 -20.97603 1e-06 -1e-06 -21.226297 2.451699 -3.594004 0.0 -6e-06 -1e-06 -1.362681 2.240798 -0.746324 -21.334921 0.584912 3.008321 -13.821218 -1e-06 1e-06 -23.887177 -0.249078 -0.839488 -59.575008 2.559649 -1.128004 -0.294027 1.679689 0.833256 -14.218213 0.093217 1.300578 -34.212063 -0.287561 0.967166 -20.033218 0.964536 1.212841 1e-06 0.0 0.0 -3.440388 0.788234 0.501655 -15.928191 -3.167307 2.999706 -6.338828 1e-06 1e-06 -18.123455 3.648185 -4.905676 -4e-06 1e-06 -2e-06 7.776597 7.517472 16.06583 46.03521 1.816254 -17.145094 172.417496 58.014248 175.333618 -21.203836 7.602412 -4.960148 2.243543 -5.255039 -3.18016 14.282896 -0.826597 6.952506 1e-06 -12.690609 -2e-06 15.964142 -17.171659 2.482737 1.665667 -1.955922 -2.878299 4.7278 -4.170588 4.993925 11.020528 0.0 -2e-06 12.109056 -3.735719 -2.866785 0.0 1e-06 0.0 1.291985 -1.92855 -1.49809 14.800134 0.567465 3.865609 14.242577 -1.341739 -6.660659 19.631975 0.143922 -0.648246 49.380054 -0.414632 -6.070031 0.353028 -1.51115 -0.031939 20.222797 3.684309 2.316631 18.787279 2e-06 0.0 10.751633 -0.47987 1.397907 1e-06 1e-06 0.0 3.273807 0.305948 -0.580111 21.48682 11.830376 2.266137 8.16293 1e-06 -2e-06 18.39909 -3.79899 -4.940578 3e-06 0.0 0.0 2.316807 4.894256 0.120439 -0.001433 -0.034598 4.540679 -3.761238 2.397829 -4.440093 1.595305 -1.905831 0.408774 -0.0 0.0 2e-06 -1.558181 -5.661704 -1.702869 -0.028631 0.034605 7.321702 3.227932 -3.006639 -6.865171 -1.403613 0.982254 -0.024833 -0.0 0.0 -1e-06 
0.0 0.0 0.0 0.0 -0.0 0.0 -0.836883 100.114914 2.202606 0.10569 -2.987962 1.05738 0.084521 -0.316042 -3.159989 -0.472174 0.216008 -6.209572 -0.811451 -2.233508 10.33752 1.013819 2.568328 2.682936 0.449909 3.981864 -3.837572 1.898454 3.153877 -2.378431 7.7e-05 -2.3e-05 6e-06 0.014962 0.031072 -0.006435 0.774918 -3.702654 -10.751728 -0.749228 3.771418 -10.73463 -5.365996 -4.505653 14.948276 -47.451694 -0.067188 11.394605 179.316574 -86.615402 -178.499084 30.84269 -24.974432 9.134051 -5.882109 9.861288 0.70259 -10.936875 -0.360575 7.156209 -1e-06 8.774826 -0.0 -15.022272 18.578117 6.497264 -1.844034 2.498506 -2.50728 -10.163604 4.678947 4.62111 -20.976038 -1e-06 2e-06 -21.226301 2.451698 -3.594004 1e-06 -7e-06 -1e-06 -1.362682 2.240798 -0.746325 -21.334925 0.584912 3.008326 -13.821219 -2e-06 2e-06 -23.887178 -0.249079 -0.839483 -60.006332 2.6646 -1.249513 -0.294025 1.679689 0.833256 -14.218217 0.093216 1.300582 -34.21207 -0.287562 0.967167 -20.033228 0.964538 1.212842 1e-06 1e-06 1e-06 -3.440391 0.788235 0.501656 -15.928194 -3.16731 2.99971 -6.338831 -1e-06 2e-06 -18.123459 3.648185 -4.905674 -4e-06 1e-06 -2e-06 10.31475 7.328954 16.919029 52.188442 1.595703 -10.535332 170.600555 71.385529 172.396881 -18.625071 7.339646 -3.527391 2.243541 -5.255039 -3.180158 14.282893 -0.826596 6.952504 -1e-06 -12.690605 -1e-06 16.067482 -17.301365 2.622941 1.665667 -1.955922 -2.878298 4.727799 -4.170588 4.993926 11.020526 2e-06 -1e-06 12.109052 -3.735717 -2.866785 -0.0 -0.0 -0.0 1.291985 -1.928549 -1.49809 14.800129 0.567467 3.865609 14.242571 -1.341739 -6.660659 19.631966 0.143923 -0.648244 49.707787 -0.577636 -5.934591 0.35303 -1.511152 -0.03194 20.222795 3.684308 2.316632 18.787279 2e-06 -1e-06 10.751631 -0.47987 1.397905 -3e-06 -0.0 -1e-06 3.273808 0.305946 -0.580109 21.486813 11.830373 2.266135 8.162928 1e-06 -0.0 18.39908 -3.798988 -4.940576 4e-06 1e-06 -1e-06 2.200753 4.986067 -0.241064 0.026255 -0.098612 5.319828 -3.729426 2.365243 -5.032632 1.600239 -1.916377 0.338768 -0.0 0.0 2e-06 -1.671339 -5.563875 -2.19536 -0.03206 0.042691 8.373146 3.392955 -3.293661 -7.614456 -1.396806 1.017586 -0.116173 -0.0 -0.0 -1e-06 
0.0 0.0 0.0 0.0 -0.0 0.0 -0.806576 100.070618 2.201813 0.244474 -2.852143 0.996036 0.150605 -0.30713 -3.13974 -0.487584 0.140519 -6.250643 -0.71051 -2.273956 10.717141 0.653217 2.80686 2.633639 0.360742 3.809622 -3.883818 1.882421 3.162106 -2.072969 7.7e-05 -2.3e-05 6e-06 0.014247 -0.007212 -0.040306 0.785546 -3.739301 -10.816695 -0.762489 3.734679 -10.812757 -6.758987 -4.251686 15.05775 -54.053696 -1.223848 13.956598 6.137851 -77.399223 -5.508035 29.607136 -21.745537 7.207608 -5.882106 9.861286 0.70259 -10.936871 -0.360574 7.156207 -0.0 8.774825 -0.0 -15.373386 18.587687 6.317279 -1.844032 2.498505 -2.507276 -10.163601 4.678946 4.621109 -20.976023 -0.0 2e-06 -21.22629 2.451701 -3.594002 -1e-06 -7e-06 -1e-06 -1.362682 2.240798 -0.746323 -21.334913 0.584912 3.008325 -13.821213 -1e-06 1e-06 -23.887169 -0.249074 -0.839484 -59.994579 2.824212 -1.325054 -0.294025 1.679687 0.833256 -14.218207 0.093216 1.300583 -34.212048 -0.287559 0.967172 -20.033213 0.96454 1.212843 -0.0 0.0 0.0 -3.440388 0.788234 0.501655 -15.928185 -3.167309 2.999709 -6.338826 -0.0 -0.0 -18.123444 3.648184 -4.905667 -5e-06 1e-06 -1e-06 11.980096 7.433437 17.502739 57.280987 2.63212 -6.518854 149.672348 86.614883 150.651993 -16.563604 5.384205 -1.510039 2.243541 -5.255037 -3.180158 14.282887 -0.826595 6.952502 -2e-06 -12.690605 -1e-06 15.626021 -17.968098 3.000892 1.665666 -1.955921 -2.878298 4.727798 -4.170587 4.993923 11.020524 3e-06 -1e-06 12.10905 -3.735715 -2.866783 -0.0 -1e-06 0.0 1.291986 -1.928549 -1.498089 14.800125 0.567468 3.865608 14.242569 -1.341737 -6.660657 19.631962 0.143926 -0.648245 49.946068 -0.828265 -6.116432 0.353029 -1.51115 -0.031939 20.222786 3.684309 2.31663 18.78727 4e-06 -1e-06 10.751627 -0.479868 1.397906 -1e-06 0.0 1e-06 3.273806 0.305947 -0.58011 21.486809 11.830373 2.266132 8.162924 1e-06 1e-06 18.399076 -3.798986 -4.940574 3e-06 -0.0 -1e-06 2.033493 4.985722 -0.409486 0.043154 -0.122291 5.729944 -3.68852 2.277063 -5.413612 1.600574 -1.962332 0.298574 0.0 -0.0 2e-06 -1.836311 -5.462814 -2.558299 -0.03349 0.059534 9.254676 3.573508 -3.695652 -8.289647 -1.392791 1.070319 -0.158595 0.0 -0.0 -1e-06 
