HIERARCHY
ROOT Root
{
  OFFSET 0.0 0.0 0.0
  CHANNELS 6 Xposition Yposition Zposition Zrotation Yrotation Xrotation
  JOINT Hips
  {
    OFFSET 0.0 100.0 0.0
    CHANNELS 6 Xposition Yposition Zposition Zrotation Yrotation Xrotation
    JOINT Spine1
    {
      OFFSET -0.013727 5.003763 -0.053727
      CHANNELS 3 Zrotation Yrotation Xrotation
      JOINT Spine2
      {
        OFFSET -0.0 7.125301 -0.029825
        CHANNELS 3 Zrotation Yrotation Xrotation
        JOINT Chest
        {
          OFFSET -1e-06 7.550063 -0.815971
          CHANNELS 3 Zrotation Yrotation Xrotation
          JOINT Neck1
          {
            OFFSET -0.181677 26.311295 -0.553348
            CHANNELS 3 Zrotation Yrotation Xrotation
            JOINT Neck2
            {
              OFFSET -3e-06 7.709397 2.302585
              CHANNELS 3 Zrotation Yrotation Xrotation
              JOINT Head
              {
                OFFSET -5e-06 6.128916 1.953709
                CHANNELS 3 Zrotation Yrotation Xrotation
                JOINT HeadEnd
                {
                  OFFSET 0.003598 16.065403 -1.835379
                  CHANNELS 3 Zrotation Yrotation Xrotation
                }
                JOINT Jaw
                {
                  OFFSET 0.002637 0.475592 3.094941
                  CHANNELS 3 Zrotation Yrotation Xrotation
                }
                JOINT LeftEye
                {
                  OFFSET 3.206381 5.380205 7.586883
                  CHANNELS 3 Zrotation Yrotation Xrotation
                }
                JOINT RightEye
                {
                  OFFSET -3.22244 5.361869 7.558234
                  CHANNELS 3 Zrotation Yrotation Xrotation
                }
              }
            }
          }
          JOINT LeftShoulder
          {
            OFFSET 1.621652 23.237164 5.113413
            CHANNELS 3 Zrotation Yrotation Xrotation
            JOINT LeftArm
            {
              OFFSET 14.919846 2e-06 -5.502326
              CHANNELS 3 Zrotation Yrotation Xrotation
              JOINT LeftForeArm
              {
                OFFSET 28.739307 0.0 -0.002588
                CHANNELS 3 Zrotation Yrotation Xrotation
                JOINT LeftHand
                {
                  OFFSET 27.093981 -1e-06 0.002609
                  CHANNELS 3 Zrotation Yrotation Xrotation
                  JOINT LeftHandThumb1
                  {
                    OFFSET 2.276482 -1.392045 3.191413
                    CHANNELS 3 Zrotation Yrotation Xrotation
                    JOINT LeftHandThumb2
                    {
                      OFFSET 4.012836 -1.828127 1.641654
                      CHANNELS 3 Zrotation Yrotation Xrotation
                      JOINT LeftHandThumb3
                      {
                        OFFSET 2.798515 0.0 -3e-06
                        CHANNELS 3 Zrotation Yrotation Xrotation
                        JOINT LeftHandThumbEnd
                        {
                          OFFSET 3.180793 -4e-06 4e-06
                          CHANNELS 3 Zrotation Yrotation Xrotation
                        }
                      }
                    }
                  }
                  JOINT LeftHandIndex1
                  {
                    OFFSET 3.247555 -0.531998 2.296169
                    CHANNELS 3 Zrotation Yrotation Xrotation
                    JOINT LeftHandIndex2
                    {
                      OFFSET 6.364578 0.01206 0.1786
                      CHANNELS 3 Zrotation Yrotation Xrotation
                      JOINT LeftHandIndex3
                      {
                        OFFSET 3.662364 0.0 0.0
                        CHANNELS 3 Zrotation Yrotation Xrotation
                        JOINT LeftHandIndex4
                        {
                          OFFSET 2.329242 4e-06 4e-06
                          CHANNELS 3 Zrotation Yrotation Xrotation
                          JOINT LeftHandIndexEnd
                          {
                            OFFSET 2.759615 -0.180537 -0.113024
                            CHANNELS 3 Zrotation Yrotation Xrotation
                          }
                        }
                      }
                    }
                  }
                  JOINT LeftHandMiddle1
                  {
                    OFFSET 3.163495 0.240981 1.000332
                    CHANNELS 3 Zrotation Yrotation Xrotation
                    JOINT LeftHandMiddle2
                    {
                      OFFSET 6.19078 -0.259278 -1.002548
                      CHANNELS 3 Zrotation Yrotation Xrotation
                      JOINT LeftHandMiddle3
                      {
                        OFFSET 4.35652 -4e-06 -1e-06
                        CHANNELS 3 Zrotation Yrotation Xrotation
                        JOINT LeftHandMiddle4
                        {
                          OFFSET 2.996877 -8e-06 0.0
                          CHANNELS 3 Zrotation Yrotation Xrotation
                          JOINT LeftHandMiddleEnd
                          {
                            OFFSET 2.304287 -0.294569 -0.031741
                            CHANNELS 3 Zrotation Yrotation Xrotation
                          }
                        }
                      }
                    }
                  }
                  JOINT LeftHandRing1
                  {
                    OFFSET 2.882643 -0.053652 -0.322543
                    CHANNELS 3 Zrotation Yrotation Xrotation
                    JOINT LeftHandRing2
                    {
                      OFFSET 5.854541 -0.486202 -1.373841
                      CHANNELS 3 Zrotation Yrotation Xrotation
                      JOINT LeftHandRing3
                      {
                        OFFSET 4.350578 0.0 3e-06
                        CHANNELS 3 Zrotation Yrotation Xrotation
                        JOINT LeftHandRing4
                        {
                          OFFSET 2.651321 7e-06 2e-06
                          CHANNELS 3 Zrotation Yrotation Xrotation
                          JOINT LeftHandRingEnd
                          {
                            OFFSET 1.936105 0.077687 -7.1e-05
                            CHANNELS 3 Zrotation Yrotation Xrotation
                          }
                        }
                      }
                    }
                  }
                  JOINT LeftHandPinky1
                  {
                    OFFSET 2.8655 -0.310005 -1.600378
                    CHANNELS 3 Zrotation Yrotation Xrotation
                    JOINT LeftHandPinky2
                    {
                      OFFSET 5.087849 -1.331141 -1.77123
                      CHANNELS 3 Zrotation Yrotation Xrotation
                      JOINT LeftHandPinky3
                      {
                        OFFSET 3.070974 4e-06 0.0
                        CHANNELS 3 Zrotation Yrotation Xrotation
                        JOINT LeftHandPinky4
                        {
                          OFFSET 1.549672 0.0 1e-06
                          CHANNELS 3 Zrotation Yrotation Xrotation
                          JOINT LeftHandPinkyEnd
                          {
                            OFFSET 1.944893 -0.157802 0.057219
                            CHANNELS 3 Zrotation Yrotation Xrotation
                          }
                        }
                      }
                    }
                  }
                }
              }
            }
          }
          JOINT RightShoulder
          {
            OFFSET -1.380118 23.180309 5.214158
            CHANNELS 3 Zrotation Yrotation Xrotation
            JOINT RightArm
            {
              OFFSET -15.037196 1.2e-05 -5.545604
              CHANNELS 3 Zrotation Yrotation Xrotation
              JOINT RightForeArm
              {
                OFFSET -28.736639 2e-06 -0.002597
                CHANNELS 3 Zrotation Yrotation Xrotation
                JOINT RightHand
                {
                  OFFSET -27.133619 -0.0 0.002613
                  CHANNELS 3 Zrotation Yrotation Xrotation
                  JOINT RightHandThumb1
                  {
                    OFFSET -2.274032 -1.383988 3.163127
                    CHANNELS 3 Zrotation Yrotation Xrotation
                    JOINT RightHandThumb2
                    {
                      OFFSET -4.011429 -1.827466 1.640914
                      CHANNELS 3 Zrotation Yrotation Xrotation
                      JOINT RightHandThumb3
                      {
                        OFFSET -2.794935 -4e-06 -3e-06
                        CHANNELS 3 Zrotation Yrotation Xrotation
                        JOINT RightHandThumbEnd
                        {
                          OFFSET -3.183852 4e-06 1e-06
                          CHANNELS 3 Zrotation Yrotation Xrotation
                        }
                      }
                    }
                  }
                  JOINT RightHandIndex1
                  {
                    OFFSET -3.253266 -0.520057 2.282866
                    CHANNELS 3 Zrotation Yrotation Xrotation
                    JOINT RightHandIndex2
                    {
                      OFFSET -6.341917 0.012471 0.178266
                      CHANNELS 3 Zrotation Yrotation Xrotation
                      JOINT RightHandIndex3
                      {
                        OFFSET -3.654871 -8e-06 -0.0
                        CHANNELS 3 Zrotation Yrotation Xrotation
                        JOINT RightHandIndex4
                        {
                          OFFSET -2.327586 0.0 1e-06
                          CHANNELS 3 Zrotation Yrotation Xrotation
                          JOINT RightHandIndexEnd
                          {
                            OFFSET -2.76179 -0.180656 -0.113078
                            CHANNELS 3 Zrotation Yrotation Xrotation
                          }
                        }
                      }
                    }
                  }
                  JOINT RightHandMiddle1
                  {
                    OFFSET -3.168106 0.246593 1.00103
                    CHANNELS 3 Zrotation Yrotation Xrotation
                    JOINT RightHandMiddle2
                    {
                      OFFSET -6.180828 -0.258836 -1.000895
                      CHANNELS 3 Zrotation Yrotation Xrotation
                      JOINT RightHandMiddle3
                      {
                        OFFSET -4.348901 0.0 -0.0
                        CHANNELS 3 Zrotation Yrotation Xrotation
                        JOINT RightHandMiddle4
                        {
                          OFFSET -3.00024 -4e-06 -2e-06
                          CHANNELS 3 Zrotation Yrotation Xrotation
                          JOINT RightHandMiddleEnd
                          {
                            OFFSET -2.30252 -0.29437 -0.031706
                            CHANNELS 3 Zrotation Yrotation Xrotation
                          }
                        }
                      }
                    }
                  }
                  JOINT RightHandRing1
                  {
                    OFFSET -2.88569 -0.067952 -0.308858
                    CHANNELS 3 Zrotation Yrotation Xrotation
                    JOINT RightHandRing2
                    {
                      OFFSET -5.854198 -0.48613 -1.373731
                      CHANNELS 3 Zrotation Yrotation Xrotation
                      JOINT RightHandRing3
                      {
                        OFFSET -4.33881 -4e-06 -0.0
                        CHANNELS 3 Zrotation Yrotation Xrotation
                        JOINT RightHandRing4
                        {
                          OFFSET -2.654903 -4e-06 4e-06
                          CHANNELS 3 Zrotation Yrotation Xrotation
                          JOINT RightHandRingEnd
                          {
                            OFFSET -1.933568 0.077527 -5.2e-05
                            CHANNELS 3 Zrotation Yrotation Xrotation
                          }
                        }
                      }
                    }
                  }
                  JOINT RightHandPinky1
                  {
                    OFFSET -2.866425 -0.342796 -1.584145
                    CHANNELS 3 Zrotation Yrotation Xrotation
                    JOINT RightHandPinky2
                    {
                      OFFSET -5.091371 -1.332055 -1.772385
                      CHANNELS 3 Zrotation Yrotation Xrotation
                      JOINT RightHandPinky3
                      {
                        OFFSET -3.062664 -4e-06 1e-06
                        CHANNELS 3 Zrotation Yrotation Xrotation
                        JOINT RightHandPinky4
                        {
                          OFFSET -1.546529 4e-06 -2e-06
                          CHANNELS 3 Zrotation Yrotation Xrotation
                          JOINT RightHandPinkyEnd
                          {
                            OFFSET -1.945119 -0.157718 0.057211
                            CHANNELS 3 Zrotation Yrotation Xrotation
                          }
                        }
                      }
                    }
                  }
                }
              }
            }
          }
        }
      }
    }
    JOINT LeftLeg
    {
      OFFSET 10.043214 -8.434526 2.595655
      CHANNELS 3 Zrotation Yrotation Xrotation
      JOINT LeftShin
      {
        OFFSET -1e-06 -43.221752 -0.802913
        CHANNELS 3 Zrotation Yrotation Xrotation
        JOINT LeftFoot
        {
          OFFSET 1e-06 -42.155094 -3.481523
          CHANNELS 3 Zrotation Yrotation Xrotation
          JOINT LeftToeBase
          {
            OFFSET 0.0 -5.059472 13.231529
            CHANNELS 3 Zrotation Yrotation Xrotation
            JOINT LeftToeEnd
            {
              OFFSET -0.009607 -1.647619 6.513017
              CHANNELS 3 Zrotation Yrotation Xrotation
            }
          }
        }
      }
    }
    JOINT RightLeg
    {
      OFFSET -10.047278 -8.29526 2.620317
      CHANNELS 3 Zrotation Yrotation Xrotation
      JOINT RightShin
      {
        OFFSET 1e-06 -43.362206 -0.805556
        CHANNELS 3 Zrotation Yrotation Xrotation
        JOINT RightFoot
        {
          OFFSET 2e-06 -42.117393 -3.478398
          CHANNELS 3 Zrotation Yrotation Xrotation
          JOINT RightToeBase
          {
            OFFSET -0.0 -5.079609 13.284196
            CHANNELS 3 Zrotation Yrotation Xrotation
            JOINT RightToeEnd
            {
              OFFSET 0.009532 -1.634378 6.460591
              CHANNELS 3 Zrotation Yrotation Xrotation
            }
          }
        }
      }
    }
  }
}
MOTION
Frames: 142
Frame Time: 0.03333333333333333
0.0 0.0 0.0 0.0 -0.0 0.0 -3.256888 45.331738 46.829563 -2.090946 -1.049655 -8.674505 -0.039955 -0.079416 2.02257 -0.784207 -0.252647 -3.94629 -1.652645 -2.310627 11.422829 2.766631 1.356007 9.705067 -0.721006 -0.79144 -3.658195 0.687643 -1.127447 -13.280464 7.7e-05 -2.2e-05 6e-06 -0.029991 -0.149758 0.014104 0.65518 -3.847333 -10.5516 -0.72159 3.552838 -10.592501 -15.265038 -4.012158 16.910166 -53.286533 -1.659056 -4.373808 0.060691 -29.536949 -0.002101 17.503365 -7.180172 1.796156 -5.882109 9.861292 0.702593 -10.936878 -0.360574 7.156209 -0.0 8.77483 0.0 -15.927287 17.811579 5.949919 -1.844032 2.498504 -2.507278 -10.163608 4.678949 4.621111 -20.97604 -2e-06 3e-06 -21.226301 2.4517 -3.594 1e-06 -6e-06 0.0 -1.362681 2.240799 -0.746324 -21.334929 0.584913 3.008325 -13.821223 -2e-06 1e-06 -23.887188 -0.249078 -0.839484 -60.507473 2.580365 -1.143205 -0.294025 1.679689 0.833258 -14.218219 0.093216 1.300581 -34.212074 -0.287562 0.96717 -20.03323 0.964538 1.212841 0.0 1e-06 -1e-06 -3.440391 0.788234 0.501656 -15.928196 -3.167309 2.999707 -6.33883 -0.0 1e-06 -18.123459 3.648187 -4.905674 -4e-06 -0.0 -1e-06 14.108369 7.069039 16.039145 58.161472 6.589899 5.091134 0.649677 25.046799 0.265857 -4.218276 3.135565 2.540191 2.243544 -5.255041 -3.18016 14.282904 -0.826597 6.952505 -1e-06 -12.690616 0.0 16.858322 -17.546122 2.020137 1.665669 -1.955924 -2.8783 4.727803 -4.170592 4.993928 11.020536 2e-06 -1e-06 12.109062 -3.73572 -2.866785 -0.0 -0.0 -1e-06 1.291987 -1.92855 -1.498089 14.800139 0.567467 3.865608 14.242584 -1.341738 -6.66066 19.631985 0.143925 -0.648246 50.100288 -0.402491 -6.90791 0.353031 -1.511153 -0.03194 20.222811 3.684311 2.316631 18.787292 4e-06 -3e-06 10.751637 -0.47987 1.397905 0.0 1e-06 -2e-06 3.273809 0.305947 -0.580111 21.486832 11.830384 2.266132 8.162935 2e-06 -2e-06 18.399099 -3.798989 -4.940582 3e-06 -0.0 -2e-06 20.924479 -5.425628 -9.654975 -0.40542 -0.866735 135.23851 9.908408 -16.223644 -48.970673 2.409252 -1.155461 -43.32798 -0.0 -0.0 2e-06 -18.307091 -2.23675 -1.203585 0.449086 0.504066 129.189758 -2.896618 19.175119 -45.903652 -1.487133 0.581775 -39.754261 0.0 -0.0 -3e-06 
0.0 0.0 0.0 0.0 -0.0 0.0 -3.773634 45.965244 48.234089 -2.295209 -0.827862 -7.894701 -0.078408 -0.111247 1.534541 -0.788285 -0.179663 -4.123557 -1.613381 -2.283707 10.993557 3.077177 1.162337 8.872808 -0.658871 -0.656751 -3.674509 0.642024 -0.994618 -13.500177 7.7e-05 -2.3e-05 6e-06 -0.032477 -0.145275 0.018184 0.635168 -3.853347 -10.553446 -0.705968 3.566547 -10.593183 -15.806479 -3.930141 16.684631 -52.749012 -1.935843 -4.685606 0.127214 -28.901365 -0.05452 17.457247 -7.246789 2.472702 -5.882105 9.861288 0.702592 -10.936868 -0.360573 7.156205 -0.0 8.774827 -1e-06 -15.921325 17.80479 5.958352 -1.844031 2.498504 -2.507278 -10.163599 4.678946 4.621109 -20.976019 -1e-06 3e-06 -21.226284 2.4517 -3.594002 1e-06 -6e-06 -0.0 -1.362682 2.240798 -0.746323 -21.334911 0.584911 3.008323 -13.821213 -2e-06 2e-06 -23.887163 -0.249076 -0.839484 -60.526951 2.552581 -1.088424 -0.294026 1.679687 0.833255 -14.218207 0.093217 1.300582 -34.212048 -0.287559 0.967171 -20.033209 0.964539 1.212842 0.0 1e-06 0.0 -3.440388 0.788233 0.501656 -15.928183 -3.16731 2.999707 -6.338825 -1e-06 2e-06 -18.123444 3.648185 -4.905669 -4e-06 -0.0 -0.0 14.772704 6.944447 15.824889 58.46825 6.260664 4.811689 0.595693 24.553926 0.218871 -4.35244 3.368639 3.097342 2.243543 -5.255037 -3.180157 14.282894 -0.826597 6.952503 -2e-06 -12.690609 2e-06 16.832552 -17.528084 2.044158 1.665667 -1.955921 -2.878298 4.7278 -4.170591 4.993925 11.020528 2e-06 -2e-06 12.109055 -3.735717 -2.866785 -0.0 -0.0 -1e-06 1.291986 -1.928551 -1.498089 14.800132 0.567467 3.865609 14.242576 -1.341737 -6.660658 19.631971 0.143926 -0.648245 50.076054 -0.386537 -6.887428 0.353028 -1.51115 -0.031939 20.222797 3.684309 2.316629 18.787279 4e-06 -1e-06 10.751632 -0.479869 1.397904 0.0 1e-06 -2e-06 3.273809 0.305946 -0.580111 21.486818 11.830379 2.266131 8.162929 2e-06 -1e-06 18.399086 -3.798988 -4.940578 2e-06 0.0 -1e-06 21.104933 -5.930052 -8.839186 -0.437547 -0.950366 133.333984 9.461334 -16.488708 -48.96656 2.407327 -1.171285 -42.570137 -0.0 -0.0 3e-06 -17.691866 -3.578416 -0.141603 0.466561 0.611051 127.24118 -2.682069 18.696468 -45.545033 -1.477037 0.588132 -38.482204 0.0 -0.0 -2e-06 
0.0 0.0 0.0 0.0 -0.0 0.0 -4.245681 46.511669 49.518448 -2.411222 -0.695309 -7.104877 -0.122256 -0.140139 1.118479 -0.782339 -0.115823 -4.275886 -1.584464 -2.258007 10.590836 3.274543 1.036399 7.990198 -0.609642 -0.515426 -3.67424 0.542145 -0.858155 -13.638395 7.7e-05 -2.3e-05 6e-06 -0.034317 -0.145871 0.018461 0.615505 -3.863441 -10.558876 -0.689615 3.573795 -10.597416 -16.361755 -3.808695 16.484638 -52.372997 -2.167945 -4.934794 0.176046 -28.302618 -0.109389 17.28565 -7.305572 2.973859 -5.882112 9.861293 0.702593 -10.93688 -0.360573 7.156209 -0.0 8.774833 -0.0 -15.941228 17.80287 5.969121 -1.844033 2.498507 -2.507278 -10.163608 4.67895 4.621113 -20.97604 -1e-06 3e-06 -21.226303 2.451701 -3.594002 1e-06 -6e-06 1e-06 -1.362682 2.240799 -0.746323 -21.334929 0.584914 3.008325 -13.821223 -0.0 2e-06 -23.887184 -0.249075 -0.839484 -60.562618 2.528665 -1.032132 -0.294025 1.679689 0.833258 -14.218223 0.093217 1.300581 -34.212082 -0.287559 0.96717 -20.033234 0.964539 1.212844 -1e-06 1e-06 -1e-06 -3.440391 0.788235 0.501656 -15.928201 -3.16731 2.999709 -6.338831 -0.0 1e-06 -18.123463 3.648189 -4.905674 -4e-06 -0.0 -2e-06 15.375188 6.844794 15.590196 58.748779 5.849282 4.701985 0.537585 24.286169 0.187105 -4.484837 3.59592 3.447834 2.243543 -5.25504 -3.180159 14.2829 -0.826596 6.952506 -2e-06 -12.690614 -0.0 16.800209 -17.525377 2.067932 1.665668 -1.955924 -2.878302 4.727801 -4.170591 4.993926 11.020535 3e-06 -2e-06 12.10906 -3.735718 -2.866786 -0.0 0.0 -1e-06 1.291985 -1.92855 -1.49809 14.800138 0.567468 3.865608 14.242583 -1.341738 -6.660662 19.631979 0.143926 -0.648246 50.045177 -0.368782 -6.86415 0.35303 -1.511151 -0.031941 20.222805 3.684313 2.316631 18.787289 4e-06 -3e-06 10.751637 -0.479869 1.397906 0.0 0.0 -2e-06 3.273809 0.305947 -0.58011 21.486832 11.830384 2.266133 8.162932 2e-06 -2e-06 18.399099 -3.798988 -4.940581 2e-06 0.0 -2e-06 21.184275 -6.299979 -8.135009 -0.453097 -1.020027 131.598175 8.974073 -16.717056 -48.931419 2.403932 -1.189394 -41.771259 0.0 0.0 2e-06 -17.229269 -4.683768 0.689188 0.485016 0.705382 125.489334 -2.50522 18.322393 -45.217815 -1.472948 0.594647 -37.371456 0.0 -0.0 -3e-06 
0.0 0.0 0.0 0.0 -0.0 0.0 -4.666955 46.953377 50.644539 -2.460429 -0.611013 -6.253364 -0.159564 -0.164083 0.764945 -0.76808 -0.061614 -4.401649 -1.551328 -2.243182 10.206995 3.359124 0.979089 6.997904 -0.569005 -0.395958 -3.664566 0.376186 -0.716997 -13.709626 7.7e-05 -2.3e-05 6e-06 -0.035407 -0.14768 0.013621 0.600263 -3.872257 -10.56684 -0.676386 3.577491 -10.605808 -16.930067 -3.70457 16.278587 -52.116539 -2.412936 -5.042098 0.21337 -27.662138 -0.158899 17.061049 -7.301341 3.401266 -5.88211 9.86129 0.702591 -10.936879 -0.360576 7.156209 1e-06 8.77483 -1e-06 -15.946576 17.786144 5.981977 -1.844034 2.498507 -2.507279 -10.163609 4.678946 4.621109 -20.97604 -5e-06 2e-06 -21.226301 2.451697 -3.594001 2e-06 -6e-06 0.0 -1.362683 2.2408 -0.746324 -21.33493 0.584909 3.008323 -13.821223 -3e-06 1e-06 -23.887186 -0.249082 -0.839484 -60.567959 2.506744 -0.985944 -0.294026 1.679688 0.833256 -14.218219 0.093214 1.30058 -34.212074 -0.287566 0.967169 -20.033226 0.964536 1.212843 -0.0 1e-06 0.0 -3.440391 0.788233 0.501656 -15.928196 -3.167311 2.999709 -6.338831 -1e-06 -0.0 -18.123459 3.648183 -4.905674 -4e-06 -0.0 -2e-06 15.938537 6.761303 15.325724 58.926346 5.395234 4.690959 0.513432 24.264809 0.169887 -4.618921 3.845311 3.549936 2.243543 -5.255039 -3.180158 14.2829 -0.826595 6.952507 -3e-06 -12.690612 2e-06 16.762569 -17.523006 2.086247 1.665667 -1.955922 -2.878299 4.727803 -4.17059 4.993925 11.020535 3e-06 -0.0 12.109059 -3.735717 -2.866783 0.0 0.0 -1e-06 1.291987 -1.92855 -1.49809 14.800139 0.567468 3.865611 14.242579 -1.341737 -6.660659 19.631977 0.143926 -0.648244 50.002232 -0.349426 -6.844889 0.353029 -1.51115 -0.031939 20.222803 3.684312 2.316631 18.787287 5e-06 -1e-06 10.751636 -0.47987 1.397906 0.0 0.0 0.0 3.273808 0.305948 -0.580112 21.486828 11.830383 2.266132 8.162933 3e-06 -0.0 18.399096 -3.798988 -4.940578 2e-06 -0.0 -1e-06 21.189005 -6.570231 -7.675014 -0.453217 -1.071863 130.101288 8.487262 -16.906536 -48.862267 2.400753 -1.205806 -40.937126 0.0 0.0 3e-06 -16.863049 -5.608855 1.213154 0.506616 0.775892 123.991661 -2.37743 17.988895 -44.920456 -1.480073 0.603147 -36.281277 0.0 -0.0 -1e-06 
0.0 0.0 0.0 0.0 -0.0 0.0 -5.023302 47.298367 51.584198 -2.45409 -0.562884 -5.321554 -0.187103 -0.180641 0.464839 -0.747377 -0.01915 -4.492101 -1.508921 -2.226339 9.831886 3.35159 0.993893 5.900808 -0.551544 -0.307965 -3.657479 0.180655 -0.55643 -13.715038 7.7e-05 -2.2e-05 6e-06 -0.035884 -0.151187 0.006828 0.592861 -3.879481 -10.571955 -0.669954 3.576844 -10.610482 -17.500513 -3.647621 16.054115 -51.965111 -2.716607 -5.054853 0.209801 -26.938631 -0.189465 16.849251 -7.275449 3.82193 -5.882106 9.861283 0.702589 -10.93687 -0.360575 7.156204 1e-06 8.774822 -1e-06 -15.94597 17.746704 5.984309 -1.844032 2.498505 -2.507277 -10.1636 4.678944 4.621106 -20.976023 -4e-06 2e-06 -21.226286 2.451695 -3.594 2e-06 -6e-06 0.0 -1.362681 2.240798 -0.746323 -21.334911 0.58491 3.008323 -13.821211 -2e-06 1e-06 -23.887167 -0.249078 -0.839484 -60.535011 2.486007 -0.94401 -0.294024 1.679686 0.833256 -14.218207 0.093213 1.30058 -34.212048 -0.287564 0.96717 -20.033211 0.964536 1.212843 0.0 1e-06 0.0 -3.440387 0.788233 0.501656 -15.928185 -3.167308 2.999707 -6.338826 -2e-06 -1e-06 -18.123444 3.648183 -4.905671 -4e-06 -0.0 -2e-06 16.449955 6.714072 15.08077 58.991238 5.013041 4.778146 0.5067 24.378126 0.164448 -4.800414 4.084007 3.582297 2.243541 -5.255038 -3.180159 14.282896 -0.826594 6.952503 -2e-06 -12.690608 -0.0 16.73514 -17.523874 2.096369 1.665667 -1.955922 -2.878299 4.727799 -4.170588 4.993925 11.02053 3e-06 -3e-06 12.109056 -3.735716 -2.866785 -0.0 0.0 -1e-06 1.291986 -1.92855 -1.498089 14.800132 0.567469 3.865607 14.242577 -1.341735 -6.660659 19.631973 0.143927 -0.648246 49.955517 -0.338275 -6.821097 0.35303 -1.511151 -0.031941 20.222801 3.684311 2.316629 18.787281 5e-06 -2e-06 10.751633 -0.479868 1.397906 -1e-06 -0.0 0.0 3.273807 0.305948 -0.580112 21.486818 11.830378 2.266131 8.16293 2e-06 -0.0 18.399088 -3.798984 -4.940577 2e-06 -0.0 -1e-06 21.128635 -6.72691 -7.526126 -0.442546 -1.111781 128.887299 8.033689 -17.037477 -48.773468 2.399006 -1.217499 -40.17458 0.0 0.0 2e-06 -16.565535 -6.370301 1.370271 0.525604 0.815771 122.780464 -2.306816 17.671019 -44.632385 -1.494441 0.613297 -35.186691 0.0 -0.0 -2e-06 
0.0 0.0 0.0 0.0 -0.0 0.0 -5.310697 47.576214 52.310383 -2.446087 -0.533453 -4.337894 -0.186054 -0.185784 0.231163 -0.717073 0.006686 -4.551576 -1.435607 -2.206026 9.467689 3.27522 1.049859 4.763969 -0.562542 -0.249423 -3.658293 4.4e-05 -0.378959 -13.693257 7.7e-05 -2.3e-05 6e-06 -0.03541 -0.150534 -0.002488 0.593497 -3.879971 -10.577699 -0.669716 3.57842 -10.615335 -18.045368 -3.640296 15.856245 -51.913746 -3.152001 -4.95556 0.16196 -26.127102 -0.201955 16.702204 -7.250482 4.366169 -5.882109 9.861288 0.702592 -10.936877 -0.360575 7.15621 1e-06 8.774829 -0.0 -15.934655 17.694441 5.978701 -1.844035 2.498505 -2.507279 -10.163605 4.678948 4.621112 -20.976034 -3e-06 3e-06 -21.226297 2.451698 -3.594002 2e-06 -6e-06 0.0 -1.362682 2.240798 -0.746322 -21.334925 0.58491 3.008326 -13.821221 -2e-06 4e-06 -23.887182 -0.249078 -0.839482 -60.478626 2.461763 -0.920144 -0.294025 1.679687 0.833257 -14.218217 0.093215 1.300582 -34.21207 -0.287564 0.967172 -20.033226 0.964539 1.212844 1e-06 1e-06 1e-06 -3.440391 0.788234 0.501655 -15.928194 -3.167312 2.99971 -6.338829 -1e-06 1e-06 -18.123457 3.648185 -4.905672 -4e-06 0.0 -3e-06 16.879349 6.737164 14.889005 58.966248 4.762111 5.001491 0.490776 24.533741 0.161649 -5.028618 4.265996 3.551595 2.243543 -5.255038 -3.180159 14.282898 -0.826596 6.952505 -2e-06 -12.690609 2e-06 16.715998 -17.522097 2.108759 1.665668 -1.955922 -2.8783 4.727801 -4.170589 4.993925 11.020532 3e-06 -1e-06 12.109058 -3.735717 -2.866784 -0.0 0.0 -1e-06 1.291987 -1.928549 -1.498091 14.800136 0.567468 3.865609 14.24258 -1.341737 -6.66066 19.631977 0.143926 -0.648246 49.921329 -0.331327 -6.785689 0.35303 -1.511153 -0.031941 20.222801 3.684311 2.316631 18.787283 4e-06 -2e-06 10.751633 -0.479869 1.397906 1e-06 -0.0 -2e-06 3.273809 0.305945 -0.580113 21.486824 11.830379 2.266132 8.162933 3e-06 -2e-06 18.399096 -3.798985 -4.940577 3e-06 -0.0 -1e-06 21.071733 -6.802771 -7.701641 -0.428078 -1.144077 127.992653 7.647413 -17.114107 -48.709496 2.400319 -1.228507 -39.445446 0.0 -0.0 2e-06 -16.265528 -7.015562 1.162811 0.537135 0.839297 121.876366 -2.265373 17.369963 -44.359657 -1.507192 0.625072 -34.153969 -0.0 0.0 -1e-06 
0.0 0.0 0.0 0.0 -0.0 0.0 -5.52449 47.800274 52.822941 -2.463385 -0.48301 -3.335158 -0.144588 -0.193016 0.058767 -0.682041 0.022827 -4.586016 -1.341333 -2.199767 9.127173 3.160962 1.113083 3.633905 -0.582274 -0.18166 -3.657766 -0.176521 -0.218228 -13.671732 7.7e-05 -2.3e-05 6e-06 -0.034557 -0.148088 -0.013645 0.597856 -3.878811 -10.588859 -0.672518 3.582302 -10.625342 -18.551929 -3.69264 15.687636 -51.944721 -3.714563 -4.671451 0.116438 -25.258327 -0.207265 16.606815 -7.226709 5.024929 -5.882108 9.861286 0.702591 -10.936875 -0.360574 7.156209 0.0 8.774828 0.0 -15.919774 17.655041 5.9641 -1.844034 2.498505 -2.507279 -10.163602 4.678946 4.621111 -20.97603 -3e-06 3e-06 -21.226292 2.451699 -3.594 2e-06 -6e-06 -0.0 -1.362682 2.240798 -0.746323 -21.334921 0.584912 3.008325 -13.821218 -1e-06 2e-06 -23.887178 -0.249078 -0.839482 -60.420311 2.448847 -0.926516 -0.294025 1.679687 0.833257 -14.218213 0.093216 1.300582 -34.212051 -0.287561 0.967172 -20.033218 0.964537 1.212842 1e-06 1e-06 0.0 -3.44039 0.788233 0.501655 -15.928192 -3.167309 2.999709 -6.338829 1e-06 3e-06 -18.123453 3.648185 -4.905672 -4e-06 0.0 -3e-06 17.227283 6.853371 14.756186 58.887371 4.664545 5.262506 0.48216 24.673574 0.16538 -5.315437 4.414788 3.466033 2.243541 -5.255037 -3.180159 14.282892 -0.826596 6.952505 -2e-06 -12.690603 1e-06 16.701708 -17.500067 2.120455 1.665666 -1.95592 -2.878299 4.7278 -4.170588 4.993925 11.020528 3e-06 -2e-06 12.109055 -3.735717 -2.866785 -0.0 -0.0 -1e-06 1.291986 -1.92855 -1.498089 14.800129 0.567468 3.865607 14.242575 -1.341736 -6.660659 19.631968 0.143924 -0.648246 49.915257 -0.300074 -6.743869 0.353029 -1.51115 -0.03194 20.222794 3.684309 2.316631 18.787275 4e-06 -1e-06 10.751631 -0.479868 1.397906 1e-06 -0.0 -2e-06 3.273807 0.305947 -0.580111 21.486814 11.830376 2.266133 8.162928 2e-06 -1e-06 18.399086 -3.798986 -4.940576 3e-06 -0.0 0.0 21.070776 -6.818238 -8.204354 -0.410955 -1.170644 127.410706 7.317843 -17.177092 -48.632614 2.401921 -1.24001 -38.701027 0.0 -0.0 2e-06 -15.916846 -7.58379 0.65129 0.545958 0.862496 121.270737 -2.178782 17.097849 -44.119278 -1.51193 0.636563 -33.178082 0.0 -0.0 -2e-06 
0.0 0.0 0.0 0.0 -0.0 0.0 -5.692578 47.972904 53.185898 -2.477947 -0.425543 -2.336809 -0.077978 -0.201522 -0.069478 -0.647092 0.048705 -4.608066 -1.245812 -2.200223 8.819364 3.013642 1.187368 2.578773 -0.591405 -0.100451 -3.65979 -0.343798 -0.119144 -13.615732 7.7e-05 -2.3e-05 6e-06 -0.032569 -0.142426 -0.021833 0.603272 -3.874903 -10.60304 -0.674109 3.589645 -10.636679 -19.042175 -3.768659 15.537818 -52.001057 -4.348615 -4.214396 0.068286 -24.474056 -0.19717 16.517881 -7.188017 5.854358 -5.88211 9.861288 0.702589 -10.936878 -0.360576 7.156209 3e-06 8.774829 -1e-06 -15.933327 17.633818 5.929872 -1.844033 2.498504 -2.50728 -10.163605 4.678946 4.62111 -20.97604 -6e-06 3e-06 -21.226299 2.451694 -3.593999 1e-06 -6e-06 0.0 -1.362682 2.240798 -0.746324 -21.334929 0.584906 3.008325 -13.821223 -5e-06 2e-06 -23.887186 -0.249082 -0.839482 -60.378403 2.442189 -0.965789 -0.294024 1.679687 0.833257 -14.218219 0.093213 1.300579 -34.212074 -0.287569 0.967171 -20.033226 0.964535 1.212845 1e-06 1e-06 0.0 -3.44039 0.788233 0.501656 -15.928196 -3.167312 2.999707 -6.33883 -3e-06 1e-06 -18.123459 3.64818 -4.905673 -3e-06 1e-06 -3e-06 17.48311 7.062069 14.633153 58.777119 4.681247 5.584571 0.488896 24.78776 0.170054 -5.627869 4.549146 3.395955 2.243541 -5.255037 -3.180159 14.282896 -0.826592 6.952501 -4e-06 -12.690603 0.0 16.676966 -17.463272 2.134578 1.665668 -1.955921 -2.878299 4.7278 -4.170587 4.993923 11.020531 4e-06 -2e-06 12.109056 -3.735714 -2.866785 -0.0 0.0 -1e-06 1.291986 -1.928549 -1.498088 14.800132 0.56747 3.865606 14.242578 -1.341734 -6.660659 19.631975 0.143928 -0.648245 49.9132 -0.258063 -6.719277 0.353028 -1.511151 -0.03194 20.222801 3.684312 2.31663 18.787283 8e-06 -2e-06 10.751633 -0.479867 1.397906 1e-06 -0.0 -2e-06 3.273807 0.305948 -0.580111 21.48682 11.830379 2.266131 8.16293 3e-06 -4e-06 18.399088 -3.79898 -4.940578 3e-06 -0.0 -1e-06 21.097902 -6.782805 -8.918751 -0.395247 -1.192128 127.036125 7.020648 -17.24386 -48.519699 2.398109 -1.251008 -37.994171 0.0 0.0 1e-06 -15.545596 -8.069592 -0.041319 0.554966 0.877143 120.890358 -2.113566 16.820993 -43.961128 -1.520452 0.646075 -32.314903 0.0 -0.0 -2e-06 
0.0 0.0 0.0 0.0 -0.0 0.0 -5.837506 48.112461 53.487541 -2.486874 -0.372935 -1.383897 0.0062 -0.195749 -0.178006 -0.616875 0.090183 -4.627051 -1.14257 -2.208631 8.564734 2.850262 1.275466 1.666545 -0.598525 -0.050609 -3.664814 -0.507475 -0.074878 -13.504107 7.7e-05 -2.2e-05 6e-06 -0.029419 -0.13634 -0.02987 0.609267 -3.868863 -10.615269 -0.673907 3.595984 -10.645891 -19.528086 -3.840237 15.405717 -52.044937 -4.970285 -3.61401 0.01927 -23.898235 -0.185565 16.476357 -7.141575 6.750604 -5.882111 9.861292 0.702591 -10.936881 -0.360573 7.156209 1e-06 8.774831 -1e-06 -15.952855 17.608349 5.899512 -1.844035 2.498505 -2.507279 -10.16361 4.67895 4.621112 -20.97604 -2e-06 2e-06 -21.226303 2.4517 -3.594002 2e-06 -6e-06 0.0 -1.362683 2.240801 -0.746323 -21.33493 0.584913 3.008323 -13.821225 -2e-06 1e-06 -23.88719 -0.249078 -0.839484 -60.329395 2.432756 -0.999195 -0.294026 1.67969 0.833256 -14.218219 0.093216 1.300581 -34.212074 -0.287561 0.967169 -20.033228 0.964537 1.212844 2e-06 0.0 0.0 -3.440392 0.788234 0.501656 -15.928201 -3.16731 2.999709 -6.33883 0.0 1e-06 -18.123459 3.648188 -4.905672 -4e-06 -0.0 -3e-06 17.683828 7.316848 14.512259 58.599197 4.787043 5.92406 0.524539 24.919641 0.18646 -5.910667 4.629418 3.525768 2.243543 -5.255038 -3.180159 14.282896 -0.826596 6.952504 -1e-06 -12.690609 0.0 16.646854 -17.422239 2.144676 1.665666 -1.955921 -2.878299 4.727801 -4.170589 4.993924 11.02053 2e-06 -2e-06 12.109057 -3.735717 -2.866785 -0.0 0.0 -1e-06 1.291987 -1.92855 -1.498088 14.800132 0.567467 3.865607 14.242577 -1.341736 -6.660661 19.631975 0.143926 -0.648246 49.9002 -0.220927 -6.70363 0.353029 -1.51115 -0.03194 20.222797 3.684309 2.31663 18.787279 4e-06 -2e-06 10.751633 -0.479869 1.397907 -0.0 -0.0 -1e-06 3.273807 0.305947 -0.580112 21.48682 11.830378 2.266131 8.16293 2e-06 -2e-06 18.399088 -3.798986 -4.940577 3e-06 -0.0 0.0 21.164326 -6.718069 -9.66553 -0.378339 -1.198966 126.742935 6.754725 -17.341267 -48.397007 2.387069 -1.261191 -37.355743 0.0 0.0 1e-06 -15.189161 -8.466321 -0.75327 0.561354 0.864419 120.607292 -2.130837 16.539772 -43.887192 -1.528506 0.656322 -31.485645 0.0 -0.0 -2e-06 
0.0 0.0 0.0 0.0 -0.0 0.0 -5.96869 48.221096 53.765965 -2.492185 -0.309343 -0.496807 0.093145 -0.181016 -0.274885 -0.58871 0.137725 -4.647238 -1.029873 -2.231288 8.35859 2.700183 1.376388 0.935204 -0.611025 -0.028057 -3.677581 -0.66592 -0.065219 -13.348133 7.7e-05 -2.2e-05 6e-06 -0.027838 -0.1412 -0.037193 0.615483 -3.87226 -10.62815 -0.677028 3.590217 -10.653939 -19.95817 -3.902927 15.295314 -52.112995 -5.547367 -2.871861 -0.014463 -23.548872 -0.176374 16.468954 -7.074145 7.649311 -5.882107 9.861288 0.702592 -10.936873 -0.360575 7.156206 2e-06 8.774827 -0.0 -15.967037 17.605833 5.893105 -1.844032 2.498504 -2.507277 -10.163602 4.678946 4.621109 -20.976027 -3e-06 3e-06 -21.226288 2.451699 -3.594 0.0 -6e-06 0.0 -1.362681 2.240798 -0.746323 -21.334917 0.58491 3.008323 -13.821215 -2e-06 2e-06 -23.887169 -0.249077 -0.839483 -60.290688 2.430083 -1.01583 -0.294026 1.679687 0.833256 -14.218212 0.093216 1.300581 -34.212051 -0.287563 0.967169 -20.033216 0.964537 1.212843 2e-06 -0.0 0.0 -3.44039 0.788234 0.501656 -15.928189 -3.16731 2.999709 -6.338829 -1e-06 1e-06 -18.123451 3.648185 -4.90567 -4e-06 1e-06 -3e-06 17.841295 7.588234 14.392779 58.356556 4.992666 6.438391 0.532255 25.02809 0.186856 -6.138037 4.655675 3.85485 2.243543 -5.255039 -3.180159 14.282896 -0.826595 6.952506 -2e-06 -12.690607 1e-06 16.628782 -17.396151 2.15193 1.665668 -1.955922 -2.878299 4.7278 -4.170588 4.993925 11.02053 3e-06 -3e-06 12.109057 -3.735717 -2.866784 0.0 -0.0 1e-06 1.291987 -1.92855 -1.49809 14.800132 0.567469 3.865608 14.242577 -1.341735 -6.66066 19.631973 0.143926 -0.648243 49.887711 -0.216636 -6.693128 0.35303 -1.511151 -0.031939 20.222801 3.68431 2.316631 18.787283 5e-06 -3e-06 10.751634 -0.479868 1.397906 -0.0 -0.0 -1e-06 3.273808 0.305946 -0.580112 21.486824 11.830377 2.266134 8.16293 3e-06 -2e-06 18.399092 -3.798985 -4.940578 3e-06 -0.0 -1e-06 21.274107 -6.64719 -10.370622 -0.363684 -1.192798 126.486374 6.530002 -17.463541 -48.288826 2.375521 -1.272149 -36.778217 -0.0 0.0 0.0 -14.862668 -8.819115 -1.403224 0.564255 0.844797 120.358208 -2.178363 16.282698 -43.856987 -1.537427 0.666575 -30.81768 0.0 -0.0 -2e-06 
0.0 0.0 0.0 0.0 -0.0 0.0 -6.074441 48.296604 54.018623 -2.485977 -0.235156 0.329159 0.180044 -0.170997 -0.36724 -0.556218 0.186642 -4.661753 -0.906144 -2.249563 8.184155 2.549376 1.474409 0.355735 -0.630083 -0.024475 -3.687687 -0.802009 -0.077862 -13.144134 7.7e-05 -2.3e-05 6e-06 -0.026639 -0.148811 -0.040963 0.623202 -3.878126 -10.636946 -0.682412 3.581863 -10.65665 -20.337822 -3.93982 15.200375 -52.193295 -6.083941 -1.992888 -0.025528 -23.405191 -0.169038 16.424366 -6.959068 8.526227 -5.882113 9.861293 0.702593 -10.936881 -0.360574 7.156208 0.0 8.774833 1e-06 -15.985008 17.615955 5.898265 -1.844032 2.498506 -2.507277 -10.16361 4.67895 4.621111 -20.97604 -3e-06 -0.0 -21.226307 2.4517 -3.594003 1e-06 -6e-06 0.0 -1.362683 2.2408 -0.746324 -21.334934 0.584911 3.008322 -13.821227 -2e-06 -1e-06 -23.887196 -0.249079 -0.839486 -60.281338 2.424778 -1.030831 -0.294026 1.679689 0.833258 -14.218223 0.093216 1.300579 -34.212082 -0.287563 0.967165 -20.033236 0.964536 1.212841 1e-06 1e-06 0.0 -3.440391 0.788235 0.501655 -15.928201 -3.16731 2.999707 -6.338833 -1e-06 -0.0 -18.123466 3.648186 -4.905674 -4e-06 0.0 -3e-06 17.966454 7.865222 14.297075 58.048931 5.298718 7.014656 0.561782 25.135942 0.191422 -6.324781 4.661582 4.387184 2.243542 -5.255038 -3.180158 14.282896 -0.826599 6.952504 -0.0 -12.690612 3e-06 16.627087 -17.375097 2.15019 1.665666 -1.955921 -2.878299 4.727802 -4.170592 4.993927 11.020531 0.0 -3e-06 12.109058 -3.735721 -2.866785 -0.0 -0.0 -0.0 1.291985 -1.92855 -1.498089 14.800136 0.567466 3.86561 14.242579 -1.341739 -6.66066 19.631975 0.143924 -0.648247 49.874378 -0.228987 -6.677937 0.35303 -1.511151 -0.03194 20.222801 3.684307 2.31663 18.787283 1e-06 -2e-06 10.751631 -0.479871 1.397905 -0.0 -0.0 1e-06 3.273809 0.305947 -0.580112 21.48682 11.830379 2.266132 8.16293 0.0 -3e-06 18.399092 -3.79899 -4.940579 3e-06 -0.0 1e-06 21.389992 -6.558094 -11.038909 -0.350082 -1.180354 126.274979 6.348531 -17.58271 -48.196617 2.368489 -1.282818 -36.146481 0.0 -0.0 1e-06 -14.595092 -9.132351 -2.013082 0.565564 0.817943 120.135735 -2.253741 16.058006 -43.808575 -1.547347 0.67685 -30.177805 0.0 -0.0 -1e-06 
0.0 0.0 0.0 0.0 -0.0 0.0 -6.147172 48.349209 54.253204 -2.476155 -0.151373 1.049596 0.268337 -0.173557 -0.446697 -0.517455 0.223837 -4.667677 -0.775602 -2.260918 8.058591 2.397635 1.563538 -0.098511 -0.658869 -0.028687 -3.694053 -0.925692 -0.082733 -12.880708 7.7e-05 -2.2e-05 6e-06 -0.023825 -0.147857 -0.042439 0.631444 -3.876312 -10.64122 -0.684988 3.582672 -10.65669 -20.642029 -3.927855 15.144521 -52.295513 -6.611382 -1.078004 -0.022468 -23.390894 -0.156628 16.381102 -6.83217 9.226584 -5.88211 9.86129 0.702589 -10.936878 -0.360575 7.156208 2e-06 8.77483 -1e-06 -15.994505 17.641836 5.896012 -1.844033 2.498505 -2.507279 -10.163606 4.678946 4.621108 -20.97604 -6e-06 -1e-06 -21.226301 2.451694 -3.594004 0.0 -6e-06 1e-06 -1.362682 2.2408 -0.746324 -21.33493 0.584908 3.008322 -13.821223 -4e-06 -1e-06 -23.887188 -0.249084 -0.839486 -60.268929 2.412416 -1.047737 -0.294024 1.679687 0.833257 -14.218219 0.093214 1.300578 -34.212074 -0.287569 0.967168 -20.033228 0.964534 1.212846 2e-06 0.0 0.0 -3.440391 0.788234 0.501655 -15.928198 -3.167312 2.999707 -6.33883 -2e-06 -0.0 -18.123459 3.64818 -4.905674 -4e-06 0.0 -3e-06 18.076927 8.137133 14.248762 57.705311 5.699636 7.539008 0.627923 25.2729 0.206101 -6.475974 4.641007 4.957372 2.243543 -5.25504 -3.180159 14.282905 -0.826595 6.952503 -4e-06 -12.690614 2e-06 16.620373 -17.35323 2.160091 1.665668 -1.955923 -2.878301 4.727804 -4.170591 4.993927 11.02054 4e-06 -2e-06 12.109066 -3.735718 -2.866787 -0.0 -0.0 -0.0 1.291988 -1.928552 -1.49809 14.800142 0.56747 3.865607 14.242587 -1.341735 -6.660662 19.631987 0.143928 -0.648246 49.867668 -0.248321 -6.651958 0.353028 -1.511151 -0.031939 20.222815 3.684314 2.316629 18.787292 8e-06 -3e-06 10.751639 -0.479868 1.397906 0.0 -0.0 1e-06 3.273811 0.305947 -0.580112 21.486839 11.830388 2.266131 8.162935 3e-06 -3e-06 18.399105 -3.798985 -4.940581 3e-06 0.0 -1e-06 21.489496 -6.433503 -11.612939 -0.340806 -1.185256 126.086601 6.202376 -17.680653 -48.106266 2.365563 -1.290836 -35.543087 -0.0 -0.0 2e-06 -14.380941 -9.401241 -2.523947 0.567853 0.803131 119.920868 -2.32991 15.879101 -43.752155 -1.559934 0.684489 -29.636833 0.0 -0.0 -1e-06 
0.0 0.0 0.0 0.0 -0.0 0.0 -6.200374 48.389481 54.466648 -2.456753 -0.090288 1.655069 0.34988 -0.175401 -0.509432 -0.48117 0.248364 -4.673782 -0.649662 -2.274575 7.97415 2.253442 1.64298 -0.437959 -0.686638 -0.011889 -3.701286 -1.031486 -0.072403 -12.548068 7.7e-05 -2.3e-05 6e-06 -0.01965 -0.136261 -0.044574 0.64034 -3.865149 -10.647044 -0.685587 3.594908 -10.660246 -20.886492 -3.871492 15.111814 -52.374668 -7.095025 -0.14475 -0.007791 -23.427727 -0.142771 16.35784 -6.695722 9.797283 -5.882112 9.861292 0.702591 -10.93688 -0.360576 7.156209 2e-06 8.774831 -1e-06 -15.976323 17.666922 5.895562 -1.844035 2.498505 -2.507278 -10.16361 4.678946 4.62111 -20.976044 -8e-06 -1e-06 -21.226305 2.451694 -3.594002 1e-06 -6e-06 -0.0 -1.362684 2.240799 -0.746324 -21.334934 0.584906 3.008321 -13.821229 -5e-06 -0.0 -23.887196 -0.249085 -0.839483 -60.242378 2.404401 -1.058859 -0.294026 1.679689 0.833256 -14.218224 0.093213 1.300579 -34.212082 -0.287571 0.967169 -20.033232 0.964534 1.212846 1e-06 2e-06 0.0 -3.440392 0.788234 0.501654 -15.928203 -3.167313 2.999706 -6.338833 -3e-06 -1e-06 -18.123465 3.64818 -4.905674 -3e-06 0.0 -2e-06 18.190588 8.383791 14.237532 57.359745 6.152993 8.003959 0.701819 25.430363 0.221782 -6.579615 4.602892 5.377959 2.243541 -5.255039 -3.180158 14.282895 -0.826593 6.952503 -5e-06 -12.690608 1e-06 16.596704 -17.324766 2.176401 1.665667 -1.955922 -2.878299 4.727798 -4.170588 4.993925 11.020531 5e-06 -2e-06 12.109056 -3.735715 -2.866785 -0.0 -0.0 1e-06 1.291985 -1.92855 -1.498091 14.800134 0.56747 3.865608 14.242577 -1.341734 -6.66066 19.631973 0.14393 -0.648244 49.864388 -0.262084 -6.633396 0.35303 -1.511151 -0.03194 20.222797 3.684315 2.316628 18.787279 9e-06 -1e-06 10.751633 -0.479866 1.397906 0.0 -0.0 1e-06 3.273807 0.305947 -0.580111 21.486822 11.830381 2.266131 8.162929 4e-06 -0.0 18.399088 -3.79898 -4.940576 3e-06 0.0 -1e-06 21.561716 -6.278403 -12.072676 -0.334965 -1.199778 125.905098 6.115694 -17.746923 -48.020229 2.353249 -1.297058 -35.079456 -0.0 -0.0 1e-06 -14.219728 -9.613962 -2.933475 0.57593 0.80048 119.728424 -2.398689 15.741964 -43.721004 -1.575198 0.690077 -29.121191 0.0 -0.0 -1e-06 
0.0 0.0 0.0 0.0 -0.0 0.0 -6.224502 48.419182 54.640186 -2.439474 -0.047502 2.157043 0.432823 -0.174591 -0.552437 -0.451358 0.264867 -4.683934 -0.516087 -2.289913 7.921614 2.114641 1.705757 -0.660016 -0.703415 0.02201 -3.708413 -1.142277 -0.032066 -12.178837 7.7e-05 -2.3e-05 6e-06 -0.016578 -0.12368 -0.04818 0.647056 -3.852847 -10.655231 -0.686298 3.607277 -10.668245 -21.090004 -3.806436 15.087391 -52.432865 -7.52414 0.807787 0.032317 -23.481113 -0.140962 16.332981 -6.514424 10.315258 -5.882108 9.861292 0.702593 -10.936875 -0.360573 7.156208 -0.0 8.77483 1e-06 -15.936901 17.688725 5.902982 -1.844033 2.498504 -2.507279 -10.163602 4.67895 4.621112 -20.976028 -0.0 1e-06 -21.226292 2.451701 -3.594 -0.0 -7e-06 1e-06 -1.362681 2.240798 -0.746323 -21.334921 0.584913 3.008323 -13.821218 -1e-06 1e-06 -23.887178 -0.249075 -0.839484 -60.225494 2.412799 -1.07629 -0.294025 1.679687 0.833256 -14.218215 0.093216 1.300584 -34.212067 -0.287559 0.967169 -20.033222 0.96454 1.212841 3e-06 1e-06 -1e-06 -3.44039 0.788235 0.501655 -15.928192 -3.167308 2.999707 -6.338829 -0.0 0.0 -18.123457 3.648187 -4.905673 -4e-06 -0.0 -2e-06 18.30341 8.598988 14.241271 57.025944 6.622478 8.445961 0.739014 25.59086 0.226721 -6.61861 4.56207 5.598774 2.243543 -5.255038 -3.180158 14.282896 -0.826595 6.952505 -2e-06 -12.690609 -1e-06 16.561213 -17.297558 2.191441 1.665667 -1.955923 -2.8783 4.727801 -4.17059 4.993925 11.020531 2e-06 -1e-06 12.109058 -3.735718 -2.866786 -0.0 -0.0 -0.0 1.291986 -1.928549 -1.498091 14.800136 0.567466 3.865608 14.24258 -1.341738 -6.660663 19.631981 0.143925 -0.648248 49.857498 -0.267235 -6.636299 0.353029 -1.51115 -0.031939 20.222801 3.684311 2.31663 18.787285 4e-06 -1e-06 10.751634 -0.479869 1.397906 0.0 -1e-06 1e-06 3.273808 0.305947 -0.580113 21.486824 11.830379 2.266134 8.16293 2e-06 -1e-06 18.399092 -3.798988 -4.940579 3e-06 -0.0 -0.0 21.591988 -6.112538 -12.45456 -0.332936 -1.218509 125.761513 6.036803 -17.778469 -47.930462 2.331542 -1.304406 -34.697433 -0.0 -0.0 2e-06 -14.105721 -9.750747 -3.278261 0.5845 0.789757 119.584145 -2.451361 15.65861 -43.720463 -1.585904 0.695415 -28.594257 0.0 -0.0 -1e-06 
0.0 0.0 0.0 0.0 -0.0 0.0 -6.20731 48.443462 54.777996 -2.412252 -0.026399 2.559358 0.502222 -0.178465 -0.577295 -0.429188 0.27227 -4.69682 -0.376705 -2.30128 7.882575 1.979503 1.758287 -0.759367 -0.701877 0.056228 -3.715082 -1.252422 0.020609 -11.801883 7.7e-05 -2.3e-05 6e-06 -0.015482 -0.119231 -0.050504 0.649215 -3.846752 -10.661248 -0.686364 3.609256 -10.675414 -21.230724 -3.755175 15.079057 -52.512981 -7.897284 1.65483 0.082106 -23.497004 -0.150002 16.244556 -6.289607 10.725791 -5.88211 9.861287 0.702591 -10.936878 -0.360575 7.156209 2e-06 8.774828 0.0 -15.907104 17.702007 5.907148 -1.844034 2.498506 -2.507279 -10.163605 4.678946 4.621112 -20.976038 -4e-06 0.0 -21.226299 2.451698 -3.594001 1e-06 -6e-06 -0.0 -1.362682 2.240798 -0.746323 -21.334929 0.584909 3.008325 -13.821221 -3e-06 2e-06 -23.887184 -0.24908 -0.839483 -60.218781 2.422035 -1.082887 -0.294025 1.679687 0.833257 -14.218218 0.093215 1.300582 -34.212074 -0.287563 0.967172 -20.033226 0.964537 1.212844 3e-06 1e-06 -1e-06 -3.440391 0.788234 0.501656 -15.928196 -3.16731 2.999709 -6.33883 -2e-06 -0.0 -18.123459 3.648183 -4.905672 -4e-06 0.0 -1e-06 18.42874 8.771623 14.237698 56.709167 7.078763 8.920747 0.731157 25.724516 0.221934 -6.637536 4.504702 5.649443 2.243542 -5.255036 -3.180158 14.282894 -0.826596 6.952503 -3e-06 -12.690605 2e-06 16.527426 -17.285009 2.201698 1.665665 -1.955922 -2.878298 4.727799 -4.170588 4.993924 11.020526 2e-06 -0.0 12.109052 -3.735716 -2.866785 0.0 0.0 -0.0 1.291986 -1.928549 -1.49809 14.800129 0.567468 3.865606 14.242575 -1.341736 -6.660656 19.631969 0.143926 -0.648245 49.853432 -0.275946 -6.648767 0.353029 -1.51115 -0.031941 20.222794 3.684309 2.316631 18.787273 4e-06 0.0 10.751629 -0.479869 1.397905 1e-06 -0.0 1e-06 3.273807 0.305946 -0.58011 21.486813 11.830374 2.266132 8.162928 2e-06 -0.0 18.399086 -3.798985 -4.940577 3e-06 0.0 -0.0 21.54867 -5.92907 -12.75372 -0.328659 -1.2378 125.654884 5.96486 -17.758015 -47.844658 2.318043 -1.308133 -34.388134 -0.0 0.0 3e-06 -14.069865 -9.819071 -3.575148 0.593262 0.781699 119.469315 -2.482575 15.645827 -43.691578 -1.588855 0.700594 -28.062447 0.0 -0.0 -1e-06 
0.0 0.0 0.0 0.0 -0.0 0.0 -6.145374 48.462154 54.882008 -2.376223 -0.014812 2.894611 0.554406 -0.193762 -0.60012 -0.41039 0.2807 -4.708561 -0.232565 -2.301239 7.841967 1.847134 1.808534 -0.776635 -0.695898 0.082799 -3.710068 -1.333671 0.049287 -11.414375 7.7e-05 -2.2e-05 6e-06 -0.016185 -0.124162 -0.0479 0.649166 -3.848882 -10.664599 -0.68782 3.601027 -10.681158 -21.349966 -3.703439 15.080558 -52.55584 -8.226162 2.37354 0.126884 -23.447567 -0.168761 16.103199 -6.039946 11.016694 -5.882113 9.861297 0.702593 -10.936885 -0.360573 7.15621 1e-06 8.774836 1e-06 -15.888776 17.700552 5.916077 -1.844035 2.498505 -2.50728 -10.163611 4.67895 4.621113 -20.976051 -5e-06 -2e-06 -21.226315 2.451697 -3.594005 0.0 -6e-06 -1e-06 -1.362683 2.240801 -0.746323 -21.334938 0.58491 3.00832 -13.82123 -4e-06 -1e-06 -23.887201 -0.249082 -0.839486 -60.21505 2.433534 -1.080643 -0.294026 1.67969 0.833257 -14.218227 0.093215 1.300579 -34.212097 -0.287568 0.967165 -20.033243 0.964534 1.212842 3e-06 1e-06 -0.0 -3.440392 0.788233 0.501658 -15.928206 -3.167313 2.999705 -6.338833 -2e-06 -0.0 -18.123466 3.648183 -4.905677 -5e-06 -0.0 -2e-06 18.577473 8.91214 14.217284 56.410904 7.482258 9.335961 0.733595 25.802946 0.226401 -6.694007 4.457566 5.622894 2.243545 -5.255041 -3.180159 14.282907 -0.826595 6.952509 -4e-06 -12.690616 1e-06 16.49675 -17.28511 2.211994 1.665668 -1.955922 -2.878301 4.727804 -4.170591 4.993927 11.02054 4e-06 -1e-06 12.109066 -3.735719 -2.866786 -0.0 -0.0 -0.0 1.291987 -1.92855 -1.49809 14.800146 0.567468 3.865608 14.24259 -1.341736 -6.660665 19.63199 0.143927 -0.648247 49.852089 -0.296327 -6.665027 0.353029 -1.511152 -0.03194 20.222818 3.684314 2.316631 18.7873 7e-06 -3e-06 10.751641 -0.479867 1.397906 1e-06 0.0 1e-06 3.273811 0.305947 -0.58011 21.486837 11.830387 2.266132 8.162937 3e-06 -2e-06 18.399105 -3.798985 -4.940582 2e-06 0.0 -1e-06 21.430853 -5.722612 -13.021401 -0.325261 -1.253211 125.584396 5.860652 -17.694088 -47.720184 2.302911 -1.308173 -34.110104 0.0 -0.0 2e-06 -14.101186 -9.829204 -3.862514 0.601061 0.771169 119.377594 -2.499702 15.683805 -43.609219 -1.589385 0.706149 -27.528091 0.0 -0.0 -2e-06 
0.0 0.0 0.0 0.0 -0.0 0.0 -6.0618 48.484127 54.981552 -2.338243 -0.017416 3.177514 0.590976 -0.218637 -0.626164 -0.388791 0.281065 -4.721996 -0.079356 -2.27592 7.795286 1.714582 1.857078 -0.728296 -0.688462 0.099921 -3.705413 -1.378511 0.072557 -11.009191 7.7e-05 -2.2e-05 6e-06 -0.017269 -0.132117 -0.043937 0.648069 -3.854074 -10.666906 -0.689018 3.590225 -10.686412 -21.455662 -3.657218 15.088506 -52.565754 -8.508026 2.931359 0.147429 -23.326435 -0.172208 15.959893 -5.802711 11.221403 -5.882112 9.861291 0.70259 -10.936881 -0.360574 7.15621 -0.0 8.774831 -0.0 -15.901177 17.699059 5.913559 -1.844033 2.498506 -2.50728 -10.163606 4.678948 4.621112 -20.976038 -2e-06 1e-06 -21.226301 2.451699 -3.594002 0.0 -6e-06 -0.0 -1.362682 2.240799 -0.746324 -21.33493 0.584911 3.008323 -13.821223 -2e-06 -0.0 -23.887188 -0.249078 -0.839483 -60.192722 2.432987 -1.090665 -0.294023 1.679687 0.833257 -14.218217 0.093216 1.300581 -34.21207 -0.287561 0.967169 -20.033226 0.964539 1.212843 3e-06 1e-06 -1e-06 -3.440391 0.788234 0.501655 -15.9282 -3.16731 2.999709 -6.338831 -1e-06 1e-06 -18.123461 3.648186 -4.905675 -5e-06 -0.0 -2e-06 18.735369 9.031501 14.210292 56.142532 7.862256 9.703706 0.740424 25.809883 0.235213 -6.751171 4.426941 5.684775 2.243542 -5.255037 -3.180158 14.282894 -0.826594 6.952501 -3e-06 -12.690605 -1e-06 16.468775 -17.295044 2.231408 1.665667 -1.955921 -2.878298 4.7278 -4.170588 4.993924 11.02053 3e-06 -3e-06 12.109056 -3.735716 -2.866785 -0.0 -0.0 -0.0 1.291985 -1.928548 -1.49809 14.800131 0.567469 3.865604 14.242576 -1.341735 -6.660661 19.631973 0.143929 -0.648245 49.875347 -0.331237 -6.663213 0.35303 -1.511152 -0.031941 20.222799 3.684311 2.316628 18.787279 7e-06 -3e-06 10.751631 -0.479867 1.397904 0.0 -0.0 -0.0 3.273807 0.305947 -0.580111 21.486818 11.830378 2.266129 8.162928 3e-06 -1e-06 18.399084 -3.798982 -4.940578 3e-06 0.0 -1e-06 21.273197 -5.515959 -13.228667 -0.318905 -1.258177 125.509987 5.749284 -17.603109 -47.588177 2.294144 -1.307068 -33.871422 -0.0 -0.0 2e-06 -14.173071 -9.802957 -4.110722 0.609824 0.761021 119.278282 -2.524498 15.747071 -43.507984 -1.588885 0.713233 -26.971731 -0.0 0.0 -1e-06 
0.0 0.0 0.0 0.0 -0.0 0.0 -5.96551 48.497814 55.095154 -2.30929 -0.033373 3.414996 0.622263 -0.236954 -0.66142 -0.367482 0.276677 -4.732992 0.080948 -2.249309 7.74267 1.598984 1.903226 -0.618288 -0.685246 0.109352 -3.706607 -1.384919 0.078729 -10.575944 7.7e-05 -2.2e-05 5e-06 -0.017813 -0.138568 -0.041312 0.651355 -3.856258 -10.66412 -0.693501 3.579803 -10.686807 -21.540499 -3.616257 15.061585 -52.540874 -8.717461 3.432672 0.161215 -23.141378 -0.16536 15.846529 -5.54297 11.328372 -5.88211 9.86129 0.702592 -10.936876 -0.360573 7.156202 -0.0 8.774828 1e-06 -15.917397 17.696898 5.921095 -1.844032 2.498505 -2.507277 -10.163604 4.678949 4.621109 -20.976036 -1e-06 -2e-06 -21.226299 2.451699 -3.594002 0.0 -6e-06 -2e-06 -1.362683 2.240799 -0.746324 -21.334925 0.584912 3.008321 -13.82122 -2e-06 0.0 -23.887182 -0.249078 -0.839487 -60.169323 2.438446 -1.105183 -0.294025 1.679688 0.833256 -14.218215 0.093217 1.300579 -34.212063 -0.287562 0.967164 -20.033224 0.964537 1.21284 1e-06 1e-06 -0.0 -3.440389 0.788235 0.501655 -15.928192 -3.167309 2.999705 -6.338829 -0.0 0.0 -18.123459 3.648186 -4.905674 -5e-06 -0.0 -2e-06 18.886106 9.128858 14.223879 55.918327 8.219271 10.106956 0.704699 25.758081 0.231314 -6.766179 4.404268 5.714094 2.243544 -5.255039 -3.180156 14.282896 -0.826599 6.952502 0.0 -12.690609 1e-06 16.443571 -17.293722 2.24841 1.665667 -1.955923 -2.878299 4.727801 -4.170591 4.993925 11.02053 1e-06 -0.0 12.109056 -3.735719 -2.866786 -0.0 -0.0 -0.0 1.291985 -1.92855 -1.49809 14.800132 0.567466 3.865608 14.242577 -1.34174 -6.660659 19.631973 0.143924 -0.648247 49.886257 -0.356118 -6.65231 0.353029 -1.51115 -0.03194 20.222797 3.684308 2.316629 18.787279 2e-06 -2e-06 10.751633 -0.479869 1.397903 1e-06 1e-06 1e-06 3.273808 0.305947 -0.58011 21.486816 11.830376 2.266133 8.16293 1e-06 -1e-06 18.39909 -3.798989 -4.940581 3e-06 0.0 -1e-06 21.100346 -5.330281 -13.347935 -0.311644 -1.242342 125.415771 5.636391 -17.48562 -47.469803 2.283151 -1.307758 -33.684017 0.0 -0.0 2e-06 -14.258274 -9.738811 -4.30243 0.619144 0.745088 119.14727 -2.548048 15.808427 -43.373245 -1.59049 0.719715 -26.474312 0.0 0.0 -1e-06 
0.0 0.0 0.0 0.0 -0.0 0.0 -5.850584 48.497276 55.206139 -2.295541 -0.064382 3.588439 0.652915 -0.246594 -0.691911 -0.344196 0.28299 -4.740005 0.234502 -2.234474 7.696249 1.509588 1.940096 -0.461443 -0.672945 0.110116 -3.7089 -1.373519 0.091719 -10.165133 7.7e-05 -2.3e-05 6e-06 -0.016998 -0.138482 -0.041288 0.660091 -3.85067 -10.658483 -0.70076 3.57486 -10.685009 -21.604647 -3.571606 14.983936 -52.492992 -8.853961 3.878652 0.173676 -22.913822 -0.158159 15.799136 -5.301512 11.377553 -5.88211 9.861293 0.702594 -10.936879 -0.360572 7.156209 -1e-06 8.774833 0.0 -15.917944 17.688829 5.935202 -1.844034 2.498507 -2.507279 -10.16361 4.678952 4.621113 -20.97604 0.0 4e-06 -21.226303 2.451702 -3.594002 0.0 -6e-06 -0.0 -1.362683 2.240799 -0.746322 -21.33493 0.584915 3.008326 -13.821224 -0.0 4e-06 -23.887188 -0.249075 -0.839485 -60.155048 2.440039 -1.13246 -0.294024 1.679689 0.833257 -14.218217 0.093218 1.300582 -34.212074 -0.287557 0.967172 -20.033226 0.964541 1.212843 2e-06 2e-06 -1e-06 -3.440392 0.788234 0.501657 -15.928198 -3.167308 2.999707 -6.338831 -0.0 1e-06 -18.123459 3.648188 -4.905674 -5e-06 -0.0 -2e-06 19.017721 9.207547 14.258703 55.743473 8.530463 10.507694 0.663101 25.687731 0.22561 -6.780805 4.399509 5.669406 2.243544 -5.255038 -3.180157 14.282896 -0.826597 6.9525 -2e-06 -12.690609 -0.0 16.423326 -17.266623 2.24705 1.665667 -1.955923 -2.878299 4.727799 -4.170589 4.993924 11.020529 1e-06 -1e-06 12.109056 -3.735719 -2.866786 -0.0 -0.0 -0.0 1.291986 -1.928551 -1.49809 14.800132 0.567466 3.865605 14.242579 -1.341738 -6.66066 19.631973 0.143925 -0.648247 49.885143 -0.351489 -6.633043 0.353029 -1.511152 -0.031939 20.222801 3.684309 2.316627 18.787283 4e-06 -4e-06 10.75163 -0.479869 1.397903 -0.0 1e-06 -0.0 3.273808 0.305946 -0.580111 21.486816 11.830379 2.266127 8.162929 2e-06 -1e-06 18.399088 -3.798986 -4.94058 2e-06 0.0 -2e-06 20.911205 -5.154624 -13.370721 -0.306036 -1.222332 125.328384 5.54441 -17.332798 -47.390686 2.275165 -1.310964 -33.451027 -0.0 -0.0 2e-06 -14.353912 -9.621877 -4.433021 0.629349 0.723747 119.010529 -2.554319 15.880257 -43.22147 -1.596099 0.724421 -26.035181 0.0 -0.0 -1e-06 
0.0 0.0 0.0 0.0 -0.0 0.0 -5.718339 48.497944 55.284954 -2.282957 -0.096276 3.709564 0.680299 -0.252175 -0.724058 -0.321995 0.286463 -4.751376 0.360728 -2.215541 7.668539 1.440658 1.965995 -0.256581 -0.655333 0.110119 -3.699992 -1.332028 0.083002 -9.805034 7.7e-05 -2.3e-05 6e-06 -0.015585 -0.132135 -0.041355 0.669615 -3.839846 -10.650626 -0.707587 3.577337 -10.680583 -21.649088 -3.532807 14.891929 -52.424015 -8.936303 4.190269 0.16609 -22.668287 -0.150558 15.804739 -5.113406 11.403593 -5.882106 9.861284 0.70259 -10.93687 -0.360574 7.156206 -0.0 8.774822 -0.0 -15.922277 17.689852 5.934918 -1.844032 2.498505 -2.507274 -10.163599 4.678944 4.621108 -20.976021 -2e-06 4e-06 -21.226282 2.451698 -3.593999 1e-06 -6e-06 -0.0 -1.36268 2.240797 -0.746322 -21.334911 0.58491 3.008323 -13.821213 -1e-06 5e-06 -23.887167 -0.249077 -0.839481 -60.154099 2.44012 -1.183545 -0.294025 1.679686 0.833257 -14.218207 0.093216 1.300582 -34.212048 -0.28756 0.967173 -20.033211 0.964538 1.212843 1e-06 1e-06 -2e-06 -3.440389 0.788234 0.501655 -15.928183 -3.167308 2.999707 -6.338825 -1e-06 2e-06 -18.123444 3.648183 -4.905669 -5e-06 -0.0 -2e-06 19.102436 9.268591 14.295195 55.628223 8.792728 10.917744 0.660521 25.617052 0.225422 -6.81926 4.405514 5.648195 2.243541 -5.255034 -3.180157 14.282885 -0.826594 6.9525 -3e-06 -12.690598 -2e-06 16.411835 -17.240055 2.232817 1.665666 -1.955921 -2.878298 4.727797 -4.170584 4.993921 11.020521 4e-06 -1e-06 12.109046 -3.735714 -2.866782 -0.0 0.0 -0.0 1.291985 -1.928548 -1.498088 14.800122 0.56747 3.865604 14.242565 -1.341735 -6.660655 19.631958 0.143927 -0.648244 49.887001 -0.33936 -6.616296 0.353028 -1.511149 -0.03194 20.222784 3.684309 2.31663 18.787268 6e-06 1e-06 10.751624 -0.479868 1.397907 -0.0 -0.0 -0.0 3.273806 0.305947 -0.58011 21.486803 11.83037 2.266131 8.162924 3e-06 0.0 18.399075 -3.798982 -4.94057 2e-06 -0.0 -2e-06 20.71274 -4.968208 -13.37058 -0.306396 -1.209197 125.283798 5.504981 -17.150957 -47.349415 2.271055 -1.314136 -33.307598 0.0 -0.0 2e-06 -14.469584 -9.485478 -4.545607 0.639522 0.711113 118.908913 -2.549289 15.97364 -43.088493 -1.606032 0.726696 -25.690285 0.0 -0.0 -1e-06 
0.0 0.0 0.0 0.0 -0.0 0.0 -5.583342 48.505428 55.338242 -2.275446 -0.114643 3.76795 0.708655 -0.263253 -0.753113 -0.29933 0.289577 -4.765486 0.457329 -2.200623 7.671213 1.379227 1.975646 -0.016389 -0.641784 0.117973 -3.700223 -1.256927 0.040416 -9.492866 7.7e-05 -2.3e-05 6e-06 -0.01441 -0.124584 -0.042402 0.677497 -3.827993 -10.646396 -0.713235 3.581034 -10.678202 -21.685694 -3.492557 14.822986 -52.327656 -9.013392 4.375086 0.137113 -22.399927 -0.138685 15.886284 -4.990789 11.410628 -5.882104 9.861281 0.702591 -10.936868 -0.360575 7.156204 -0.0 8.774822 -2e-06 -15.941865 17.693794 5.919245 -1.844032 2.498503 -2.507278 -10.163596 4.678943 4.621107 -20.976015 -4e-06 2e-06 -21.226276 2.451696 -3.593999 0.0 -6e-06 -0.0 -1.362681 2.240798 -0.746323 -21.334906 0.58491 3.008322 -13.82121 -2e-06 1e-06 -23.887165 -0.249078 -0.839482 -60.177204 2.427676 -1.239275 -0.294025 1.679686 0.833254 -14.218202 0.093214 1.300581 -34.21204 -0.287564 0.967172 -20.033207 0.964535 1.212843 1e-06 1e-06 -1e-06 -3.440387 0.788233 0.501656 -15.928179 -3.167309 2.999705 -6.338823 -1e-06 -1e-06 -18.12344 3.64818 -4.905669 -5e-06 -0.0 -2e-06 19.144501 9.319559 14.333523 55.563534 9.017149 11.330811 0.695578 25.549204 0.240669 -6.855964 4.412897 5.702948 2.243542 -5.255037 -3.180158 14.282891 -0.826595 6.952503 -3e-06 -12.690603 3e-06 16.404409 -17.222191 2.216052 1.665666 -1.955922 -2.878298 4.727799 -4.170588 4.993923 11.020527 2e-06 0.0 12.109053 -3.735715 -2.866783 -0.0 0.0 -0.0 1.291986 -1.928549 -1.49809 14.800129 0.567467 3.865609 14.242573 -1.341734 -6.660657 19.631969 0.143926 -0.648243 49.895123 -0.324803 -6.603442 0.353029 -1.51115 -0.03194 20.222788 3.684309 2.316631 18.787271 4e-06 1e-06 10.751629 -0.479869 1.397906 1e-06 -0.0 0.0 3.273807 0.305946 -0.580112 21.486814 11.830376 2.266132 8.162928 2e-06 1e-06 18.39908 -3.798985 -4.940572 2e-06 0.0 -2e-06 20.541464 -4.774805 -13.347922 -0.312475 -1.208649 125.260712 5.520813 -16.973772 -47.315319 2.269979 -1.315116 -33.301334 0.0 -0.0 2e-06 -14.576727 -9.348197 -4.613948 0.649837 0.708958 118.825127 -2.571675 16.049553 -42.983795 -1.616928 0.726956 -25.492662 0.0 -0.0 -2e-06 
0.0 0.0 0.0 0.0 -0.0 0.0 -5.440631 48.520012 55.367928 -2.26728 -0.117146 3.763131 0.741776 -0.278977 -0.773035 -0.280315 0.292976 -4.776613 0.518544 -2.192444 7.695496 1.316217 1.990726 0.247793 -0.636431 0.110334 -3.706955 -1.160212 -0.031863 -9.227625 7.7e-05 -2.2e-05 6e-06 -0.013021 -0.115563 -0.04546 0.68396 -3.814594 -10.64496 -0.717018 3.58619 -10.676551 -21.71979 -3.45869 14.791746 -52.210842 -9.097314 4.509701 0.132055 -22.114307 -0.138762 15.984046 -4.902806 11.277287 -5.882109 9.86129 0.702591 -10.936878 -0.360574 7.15621 0.0 8.774829 0.0 -15.961801 17.689945 5.893349 -1.844035 2.498505 -2.507279 -10.163605 4.678947 4.621112 -20.976038 -4e-06 3e-06 -21.226299 2.451698 -3.593998 0.0 -7e-06 -1e-06 -1.362682 2.240798 -0.746324 -21.334927 0.58491 3.008325 -13.821221 -3e-06 1e-06 -23.887182 -0.249079 -0.839484 -60.188148 2.401125 -1.283129 -0.294025 1.679688 0.833256 -14.218217 0.093215 1.30058 -34.212074 -0.287564 0.967172 -20.033226 0.964537 1.212845 1e-06 1e-06 -0.0 -3.440391 0.788233 0.501656 -15.928194 -3.16731 2.999707 -6.338829 -1e-06 1e-06 -18.123457 3.648184 -4.905671 -4e-06 0.0 -2e-06 19.151337 9.371052 14.364571 55.553944 9.19348 11.742019 0.746378 25.499638 0.266514 -6.873704 4.424737 5.8214 2.243542 -5.255036 -3.180157 14.282893 -0.826594 6.952506 -4e-06 -12.690605 1e-06 16.401327 -17.209965 2.197686 1.665666 -1.95592 -2.878299 4.727798 -4.170586 4.993925 11.020528 4e-06 -0.0 12.109052 -3.735714 -2.866783 -0.0 0.0 -1e-06 1.291985 -1.92855 -1.498089 14.800131 0.56747 3.865608 14.242572 -1.341735 -6.66066 19.631969 0.143928 -0.648245 49.900013 -0.314113 -6.598506 0.353029 -1.511151 -0.03194 20.222794 3.684313 2.316629 18.787273 6e-06 0.0 10.751627 -0.479868 1.397906 1e-06 -0.0 -0.0 3.273807 0.305948 -0.580113 21.486818 11.830378 2.26613 8.162928 3e-06 -1e-06 18.399084 -3.798982 -4.940574 3e-06 0.0 0.0 20.382385 -4.580948 -13.308455 -0.317498 -1.213165 125.250946 5.58393 -16.797745 -47.260384 2.268521 -1.30864 -33.556664 0.0 -0.0 2e-06 -14.684439 -9.206921 -4.6366 0.658617 0.719937 118.754585 -2.602148 16.118256 -42.896729 -1.625762 0.725526 -25.418663 0.0 -0.0 -1e-06 
0.0 0.0 0.0 0.0 -0.0 0.0 -5.300795 48.54184 55.383118 -2.263635 -0.103941 3.709247 0.780117 -0.296808 -0.787466 -0.264129 0.301756 -4.786329 0.550663 -2.187579 7.735139 1.253885 2.019196 0.500265 -0.641664 0.087 -3.710776 -1.062379 -0.132551 -8.9922 7.7e-05 -2.2e-05 6e-06 -0.011832 -0.109244 -0.04921 0.686194 -3.805308 -10.64217 -0.716954 3.590064 -10.673344 -21.767651 -3.435907 14.79461 -52.067486 -9.201634 4.605119 0.155785 -21.788631 -0.145417 16.044363 -4.808768 11.049924 -5.882107 9.861284 0.702591 -10.93687 -0.360574 7.156203 -0.0 8.774824 0.0 -15.965151 17.693005 5.880834 -1.844032 2.498504 -2.507277 -10.1636 4.678945 4.621108 -20.976023 -4e-06 3e-06 -21.226284 2.451696 -3.593997 1e-06 -6e-06 -0.0 -1.362681 2.240798 -0.746323 -21.334913 0.58491 3.008324 -13.821213 -3e-06 2e-06 -23.887171 -0.24908 -0.839482 -60.185379 2.382437 -1.313765 -0.294025 1.679687 0.833256 -14.218207 0.093215 1.300578 -34.212048 -0.287564 0.967168 -20.033211 0.964537 1.212844 1e-06 1e-06 -2e-06 -3.440387 0.788234 0.501655 -15.928185 -3.16731 2.999707 -6.338825 -1e-06 -1e-06 -18.123444 3.648181 -4.905671 -4e-06 0.0 -3e-06 19.133835 9.415075 14.405037 55.587978 9.340115 12.172719 0.783285 25.455957 0.291739 -6.853145 4.438968 5.898348 2.243542 -5.255034 -3.180157 14.282892 -0.826593 6.952499 -4e-06 -12.690601 2e-06 16.401093 -17.204283 2.176969 1.665666 -1.955922 -2.878298 4.727798 -4.170586 4.993922 11.020526 4e-06 -1e-06 12.109052 -3.735713 -2.866783 0.0 0.0 -1e-06 1.291987 -1.928549 -1.498088 14.800129 0.567469 3.865603 14.242575 -1.341734 -6.660657 19.631969 0.143928 -0.648245 49.890423 -0.310418 -6.614045 0.353028 -1.51115 -0.031941 20.222794 3.684311 2.316627 18.787275 7e-06 -1e-06 10.751629 -0.479866 1.397906 1e-06 1e-06 -1e-06 3.273807 0.305946 -0.580112 21.486818 11.830376 2.266127 8.162928 3e-06 -1e-06 18.399084 -3.79898 -4.940576 4e-06 -0.0 -1e-06 20.256657 -4.413148 -13.248281 -0.316915 -1.210681 125.24884 5.673529 -16.644691 -47.207882 2.266986 -1.300757 -33.827744 -0.0 -0.0 2e-06 -14.781237 -9.065264 -4.614236 0.664989 0.732206 118.688759 -2.605238 16.19503 -42.81847 -1.634806 0.723346 -25.363825 0.0 -0.0 -2e-06 
0.0 0.0 0.0 0.0 -0.0 0.0 -5.160322 48.564053 55.390732 -2.265638 -0.079941 3.62364 0.81912 -0.306815 -0.80625 -0.250785 0.316029 -4.796483 0.570825 -2.186249 7.785778 1.177545 2.051863 0.733883 -0.648416 0.054449 -3.711218 -0.993441 -0.231577 -8.793389 7.7e-05 -2.2e-05 6e-06 -0.010895 -0.105307 -0.051788 0.687008 -3.800182 -10.638926 -0.715945 3.59317 -10.669684 -21.834518 -3.429544 14.825035 -51.916077 -9.31337 4.669982 0.204953 -21.432524 -0.150657 16.046179 -4.694228 10.817186 -5.882108 9.861289 0.70259 -10.936877 -0.360578 7.156211 1e-06 8.77483 -2e-06 -15.95901 17.700529 5.883299 -1.844033 2.498506 -2.507279 -10.163606 4.678945 4.621111 -20.976038 -6e-06 5e-06 -21.226299 2.451696 -3.593999 0.0 -7e-06 -0.0 -1.362682 2.2408 -0.746324 -21.33493 0.584906 3.008326 -13.821224 -4e-06 3e-06 -23.887188 -0.249081 -0.839478 -60.176262 2.374144 -1.336099 -0.294025 1.679689 0.833255 -14.218221 0.093213 1.300582 -34.212074 -0.287567 0.967177 -20.03323 0.964536 1.212847 1e-06 1e-06 -1e-06 -3.440391 0.788232 0.501656 -15.928201 -3.167314 2.999711 -6.338831 -2e-06 1e-06 -18.123459 3.648183 -4.905673 -4e-06 0.0 -2e-06 19.102716 9.444427 14.450532 55.637505 9.460384 12.638612 0.788778 25.434246 0.304423 -6.781006 4.457808 5.938712 2.243541 -5.255037 -3.180158 14.282896 -0.826595 6.952507 -4e-06 -12.690609 1e-06 16.401949 -17.19787 2.159639 1.665667 -1.955921 -2.878299 4.7278 -4.170588 4.993927 11.02053 3e-06 1e-06 12.109056 -3.735717 -2.866786 0.0 0.0 -1e-06 1.291986 -1.92855 -1.49809 14.800138 0.567468 3.865612 14.242577 -1.341736 -6.660658 19.631975 0.143927 -0.648245 49.883125 -0.313939 -6.635419 0.353029 -1.511151 -0.03194 20.222801 3.684311 2.316632 18.787279 5e-06 2e-06 10.751631 -0.47987 1.397908 2e-06 2e-06 -1e-06 3.273808 0.305947 -0.580111 21.486824 11.83038 2.266136 8.16293 1e-06 0.0 18.39909 -3.798987 -4.940577 4e-06 0.0 -1e-06 20.145275 -4.268041 -13.172954 -0.310844 -1.202307 125.248116 5.737977 -16.51886 -47.134827 2.259812 -1.297046 -33.930359 -0.0 -0.0 3e-06 -14.865528 -8.921952 -4.565458 0.67047 0.745653 118.618477 -2.572717 16.275938 -42.715839 -1.639579 0.722869 -25.227077 0.0 -0.0 -1e-06 
0.0 0.0 0.0 0.0 -0.0 0.0 -5.02809 48.593105 55.383904 -2.261721 -0.056552 3.506806 0.855448 -0.31282 -0.821759 -0.231176 0.320541 -4.807065 0.573662 -2.182023 7.843475 1.060025 2.107275 0.961336 -0.660637 0.007792 -3.712509 -0.926364 -0.316902 -8.606164 7.7e-05 -2.2e-05 6e-06 -0.010202 -0.100172 -0.054038 0.686611 -3.796279 -10.639244 -0.714283 3.599615 -10.668534 -21.93611 -3.412421 14.878329 -51.748936 -9.426975 4.677893 0.264219 -21.109753 -0.153441 16.001663 -4.565465 10.618896 -5.882108 9.861288 0.702592 -10.936875 -0.360575 7.156206 0.0 8.774828 1e-06 -15.935043 17.710064 5.89896 -1.844033 2.498505 -2.507277 -10.163602 4.678947 4.621111 -20.97603 -3e-06 1e-06 -21.226295 2.451699 -3.594 0.0 -6e-06 -1e-06 -1.362683 2.240799 -0.746325 -21.334921 0.58491 3.008324 -13.821218 -2e-06 2e-06 -23.88718 -0.249079 -0.839483 -60.162704 2.363968 -1.328464 -0.294025 1.679687 0.833257 -14.218214 0.093215 1.300581 -34.212059 -0.287562 0.96717 -20.03322 0.964538 1.212843 1e-06 1e-06 -2e-06 -3.44039 0.788233 0.501656 -15.928191 -3.16731 2.999706 -6.338829 -1e-06 1e-06 -18.123453 3.648184 -4.90567 -4e-06 0.0 -3e-06 19.063602 9.473435 14.511019 55.674671 9.571667 13.147572 0.771965 25.457087 0.315748 -6.640179 4.462678 6.057191 2.243542 -5.255036 -3.180157 14.282892 -0.826595 6.952502 -2e-06 -12.690602 0.0 16.407921 -17.197357 2.148634 1.665666 -1.955921 -2.878299 4.727799 -4.170587 4.993925 11.020527 3e-06 -0.0 12.109053 -3.735715 -2.866784 0.0 0.0 -1e-06 1.291985 -1.928548 -1.498088 14.800129 0.567469 3.865605 14.242574 -1.341737 -6.660658 19.631969 0.143926 -0.648245 49.887917 -0.335553 -6.652132 0.35303 -1.511152 -0.031939 20.222794 3.68431 2.316628 18.787275 4e-06 -1e-06 10.75163 -0.479868 1.397905 1e-06 2e-06 -1e-06 3.273808 0.305947 -0.580111 21.486811 11.830374 2.266129 8.162927 3e-06 -0.0 18.39908 -3.798983 -4.940577 2e-06 -1e-06 -2e-06 20.026484 -4.143598 -13.09285 -0.304928 -1.191929 125.245956 5.773124 -16.405737 -47.027832 2.243106 -1.294305 -33.957741 -0.0 -0.0 2e-06 -14.958666 -8.780482 -4.509202 0.672152 0.750103 118.547386 -2.521687 16.354912 -42.563759 -1.639997 0.724935 -25.050747 0.0 -0.0 -1e-06 
0.0 0.0 0.0 0.0 -0.0 0.0 -4.915119 48.610203 55.380802 -2.265267 -0.044851 3.349652 0.897511 -0.320833 -0.824261 -0.208614 0.321842 -4.818646 0.568433 -2.183396 7.920954 0.905347 2.156416 1.1769 -0.677584 -0.017225 -3.718426 -0.849301 -0.383074 -8.464225 7.7e-05 -2.3e-05 6e-06 -0.010007 -0.096184 -0.057435 0.684091 -3.794507 -10.643758 -0.711549 3.605708 -10.670678 -22.047829 -3.379152 14.929602 -51.596478 -9.530889 4.687386 0.338498 -20.868605 -0.164268 15.891911 -4.453157 10.515525 -5.88211 9.861292 0.702591 -10.93688 -0.360575 7.15621 0.0 8.77483 -1e-06 -15.878539 17.710835 5.928457 -1.844036 2.498507 -2.507281 -10.16361 4.678948 4.621111 -20.97604 -5e-06 -1e-06 -21.226301 2.451696 -3.594005 0.0 -7e-06 -0.0 -1.362683 2.240799 -0.746324 -21.334932 0.584909 3.008325 -13.821226 -4e-06 1e-06 -23.887194 -0.249082 -0.839484 -60.135563 2.343176 -1.30133 -0.294024 1.679688 0.833257 -14.218221 0.093215 1.300581 -34.212078 -0.287566 0.967166 -20.03323 0.964537 1.212844 1e-06 1e-06 -2e-06 -3.44039 0.788232 0.501656 -15.928201 -3.167312 2.999709 -6.338831 -2e-06 -0.0 -18.123463 3.648184 -4.905674 -4e-06 -0.0 -3e-06 19.015429 9.513271 14.568799 55.695957 9.679173 13.684475 0.742433 25.488718 0.323367 -6.485797 4.488181 6.208732 2.243542 -5.255037 -3.180157 14.282896 -0.826595 6.952505 -2e-06 -12.690605 2e-06 16.407059 -17.202896 2.146698 1.665666 -1.955922 -2.878299 4.7278 -4.170588 4.993925 11.020529 3e-06 -0.0 12.109055 -3.735717 -2.866782 -0.0 -0.0 -0.0 1.291986 -1.92855 -1.49809 14.800132 0.567468 3.865609 14.242579 -1.341736 -6.66066 19.631975 0.143925 -0.648244 49.899567 -0.354948 -6.656319 0.353029 -1.511151 -0.031941 20.222801 3.68431 2.316632 18.787281 5e-06 0.0 10.751633 -0.479869 1.397908 1e-06 1e-06 -2e-06 3.273808 0.305947 -0.580111 21.48682 11.830377 2.266135 8.16293 0.0 1e-06 18.399088 -3.798985 -4.940577 2e-06 -1e-06 -1e-06 19.925592 -4.053097 -12.945096 -0.30375 -1.17905 125.230507 5.796885 -16.30459 -46.937859 2.222997 -1.290444 -33.963058 -0.0 -0.0 2e-06 -15.034609 -8.643613 -4.401638 0.67101 0.761543 118.465942 -2.436006 16.424339 -42.384205 -1.641483 0.725371 -24.985031 0.0 -0.0 -1e-06 
0.0 0.0 0.0 0.0 -0.0 0.0 -4.83362 48.614025 55.383026 -2.268651 -0.048562 3.169959 0.940036 -0.333989 -0.809613 -0.187416 0.322917 -4.827356 0.567183 -2.185551 8.005492 0.710692 2.205676 1.376532 -0.68944 -0.041719 -3.723262 -0.784274 -0.415864 -8.392583 7.7e-05 -2.2e-05 6e-06 -0.010116 -0.091103 -0.058769 0.679866 -3.79173 -10.647112 -0.707725 3.612723 -10.672589 -22.150158 -3.343977 14.954827 -51.486755 -9.607915 4.700388 0.399412 -20.743681 -0.178979 15.736696 -4.389971 10.434294 -5.882109 9.861292 0.70259 -10.936877 -0.360574 7.15621 -1e-06 8.77483 -1e-06 -15.78602 17.697134 5.968948 -1.844034 2.498507 -2.507279 -10.163605 4.678947 4.621109 -20.976034 -1e-06 2e-06 -21.226301 2.4517 -3.594003 0.0 -6e-06 -0.0 -1.362683 2.240799 -0.746325 -21.334925 0.584912 3.008325 -13.82122 -2e-06 3e-06 -23.887182 -0.249078 -0.839484 -60.081097 2.32946 -1.274572 -0.294025 1.67969 0.833257 -14.218215 0.093216 1.300581 -34.212067 -0.287561 0.967168 -20.033222 0.964539 1.212842 1e-06 1e-06 -1e-06 -3.44039 0.788233 0.501656 -15.928192 -3.16731 2.999711 -6.338829 -0.0 1e-06 -18.123457 3.648186 -4.905674 -4e-06 0.0 -3e-06 18.961769 9.570269 14.612558 55.685825 9.771525 14.284593 0.682975 25.545481 0.318602 -6.364207 4.516329 6.340016 2.243542 -5.255037 -3.180157 14.282893 -0.826597 6.952503 -1e-06 -12.690605 1e-06 16.400324 -17.21282 2.148547 1.665666 -1.955922 -2.878299 4.727799 -4.170588 4.993924 11.020528 2e-06 0.0 12.109054 -3.735716 -2.866784 0.0 0.0 -0.0 1.291986 -1.928549 -1.498088 14.800129 0.567467 3.865607 14.242571 -1.341738 -6.660659 19.631968 0.143924 -0.648246 49.91251 -0.368183 -6.662369 0.353029 -1.511151 -0.031941 20.222794 3.684309 2.316629 18.787273 3e-06 -2e-06 10.751627 -0.47987 1.397903 1e-06 2e-06 -1e-06 3.273806 0.305948 -0.580109 21.486811 11.830373 2.266135 8.162928 1e-06 -0.0 18.399082 -3.798986 -4.940579 3e-06 -1e-06 -1e-06 19.83564 -4.00247 -12.744502 -0.305948 -1.172181 125.200783 5.796063 -16.22558 -46.870377 2.208284 -1.286534 -34.029915 0.0 -0.0 3e-06 -15.111792 -8.523753 -4.247776 0.661899 0.773865 118.38752 -2.382838 16.476564 -42.231781 -1.643514 0.724976 -24.997309 0.0 -0.0 -1e-06 
0.0 0.0 0.0 0.0 -0.0 0.0 -4.772875 48.617329 55.380875 -2.258437 -0.054984 2.97736 0.969815 -0.340555 -0.78501 -0.168606 0.323525 -4.831656 0.571283 -2.179007 8.092861 0.48951 2.256793 1.560247 -0.696904 -0.074002 -3.730595 -0.72961 -0.445816 -8.351443 7.7e-05 -2.2e-05 6e-06 -0.012166 -0.098125 -0.056846 0.674937 -3.799468 -10.649731 -0.707135 3.605942 -10.675664 -22.219965 -3.316633 14.968237 -51.430851 -9.68959 4.754514 0.449553 -20.747501 -0.193051 15.537027 -4.338827 10.366886 -5.882111 9.861292 0.702591 -10.93688 -0.360574 7.156207 0.0 8.774831 1e-06 -15.694213 17.679031 6.016446 -1.844035 2.498505 -2.507278 -10.163608 4.678948 4.621112 -20.97604 -4e-06 4e-06 -21.226301 2.451699 -3.594 0.0 -6e-06 -1e-06 -1.362683 2.2408 -0.746323 -21.334932 0.58491 3.008324 -13.821226 -3e-06 1e-06 -23.887192 -0.24908 -0.839485 -60.047215 2.320811 -1.251726 -0.294024 1.679689 0.833256 -14.218221 0.093215 1.300581 -34.212074 -0.287565 0.967172 -20.033228 0.964537 1.212845 1e-06 1e-06 -1e-06 -3.440392 0.788235 0.501656 -15.928201 -3.167311 2.999708 -6.338831 -1e-06 1e-06 -18.123461 3.648186 -4.905671 -4e-06 0.0 -3e-06 18.880249 9.61665 14.632734 55.661613 9.842537 14.928316 0.634327 25.646946 0.313616 -6.277848 4.520845 6.431011 2.243544 -5.255041 -3.180163 14.282907 -0.826596 6.952508 -4e-06 -12.690617 2e-06 16.400988 -17.238834 2.153868 1.665668 -1.955924 -2.878303 4.727804 -4.170592 4.993927 11.02054 3e-06 -1e-06 12.109064 -3.735718 -2.866789 0.0 -0.0 -0.0 1.291987 -1.928551 -1.49809 14.800148 0.56747 3.86561 14.242588 -1.341734 -6.660666 19.63199 0.143929 -0.648245 49.938866 -0.389524 -6.668367 0.353029 -1.511151 -0.031941 20.222818 3.684315 2.316631 18.787296 8e-06 -2e-06 10.751642 -0.479868 1.397907 1e-06 2e-06 -1e-06 3.273812 0.305947 -0.58011 21.486843 11.830389 2.266134 8.162938 4e-06 -1e-06 18.399105 -3.798985 -4.940581 2e-06 -0.0 -0.0 19.752438 -3.974967 -12.52955 -0.311785 -1.165436 125.17318 5.791399 -16.16497 -46.824394 2.201405 -1.279898 -34.16441 -0.0 -0.0 2e-06 -15.208419 -8.421933 -4.075181 0.649581 0.780462 118.3172 -2.370631 16.517382 -42.097469 -1.645977 0.723852 -25.054785 0.0 -0.0 -2e-06 
0.0 0.0 0.0 0.0 -0.0 0.0 -4.731655 48.621784 55.35006 -2.252353 -0.062792 2.791448 0.998446 -0.339572 -0.76171 -0.15233 0.320547 -4.827412 0.589559 -2.153145 8.175659 0.272698 2.323767 1.737035 -0.702581 -0.101756 -3.737232 -0.689752 -0.47797 -8.311594 7.7e-05 -2.3e-05 6e-06 -0.014437 -0.109553 -0.053173 0.670582 -3.810269 -10.649559 -0.707539 3.593603 -10.677149 -22.276579 -3.297586 14.97796 -51.409672 -9.793332 4.769971 0.458645 -20.860872 -0.187972 15.357858 -4.306655 10.287531 -5.882109 9.861289 0.702591 -10.936877 -0.360574 7.156206 -0.0 8.774828 -0.0 -15.650072 17.670074 6.041432 -1.844035 2.498506 -2.507279 -10.163605 4.678947 4.621109 -20.976038 -3e-06 -0.0 -21.226301 2.451697 -3.594001 0.0 -6e-06 -1e-06 -1.362682 2.240798 -0.746323 -21.334925 0.58491 3.008322 -13.82122 -3e-06 -0.0 -23.887182 -0.24908 -0.839483 -60.02507 2.322842 -1.243523 -0.294026 1.679688 0.833257 -14.218217 0.093215 1.300581 -34.21207 -0.287566 0.967167 -20.033228 0.964535 1.212843 1e-06 2e-06 -1e-06 -3.440389 0.788233 0.501655 -15.928192 -3.16731 2.999707 -6.338829 -2e-06 1e-06 -18.123453 3.648182 -4.905675 -4e-06 -0.0 -2e-06 18.789457 9.663823 14.671352 55.594971 9.931165 15.557981 0.611602 25.751932 0.313781 -6.195307 4.534791 6.518943 2.243541 -5.255037 -3.180158 14.282892 -0.826596 6.9525 -2e-06 -12.690606 -0.0 16.407158 -17.269987 2.161682 1.665666 -1.955921 -2.878298 4.727798 -4.170589 4.993923 11.020528 2e-06 -1e-06 12.109053 -3.735717 -2.866785 0.0 0.0 -1e-06 1.291986 -1.92855 -1.498088 14.800129 0.567468 3.865606 14.242574 -1.341736 -6.660658 19.631969 0.143927 -0.648245 49.971737 -0.423731 -6.672119 0.353028 -1.511151 -0.03194 20.222794 3.68431 2.316629 18.787275 4e-06 -1e-06 10.751629 -0.479869 1.397906 1e-06 1e-06 -1e-06 3.273807 0.305947 -0.580111 21.486813 11.830379 2.26613 8.162926 1e-06 -0.0 18.399082 -3.798983 -4.940578 2e-06 -0.0 -1e-06 19.716578 -3.961255 -12.359968 -0.317425 -1.157503 125.18132 5.804571 -16.142401 -46.79948 2.196629 -1.273674 -34.363804 0.0 -0.0 2e-06 -15.287079 -8.345891 -3.94243 0.640985 0.78065 118.288002 -2.377991 16.534319 -41.972332 -1.65102 0.723563 -25.047501 0.0 -0.0 -1e-06 
0.0 0.0 0.0 0.0 -0.0 0.0 -4.699603 48.64959 55.28064 -2.258168 -0.069312 2.600168 1.026794 -0.337483 -0.734888 -0.135186 0.318061 -4.811337 0.620484 -2.120194 8.258747 0.065061 2.381874 1.914594 -0.696897 -0.119535 -3.74393 -0.660339 -0.503125 -8.279954 7.7e-05 -2.2e-05 6e-06 -0.016366 -0.120637 -0.048649 0.666908 -3.820416 -10.647255 -0.707908 3.581631 -10.676346 -22.314466 -3.294706 14.998332 -51.433834 -9.929833 4.78364 0.443512 -21.033871 -0.171031 15.220935 -4.302343 10.199281 -5.882106 9.861284 0.70259 -10.936872 -0.360575 7.156202 0.0 8.774824 0.0 -15.639197 17.676376 6.05573 -1.844034 2.498505 -2.507277 -10.163601 4.678945 4.621108 -20.976027 -3e-06 2e-06 -21.226288 2.451696 -3.594001 0.0 -6e-06 -0.0 -1.362682 2.240798 -0.746322 -21.334917 0.584908 3.008322 -13.821215 -3e-06 2e-06 -23.887175 -0.24908 -0.839482 -60.008553 2.330723 -1.24328 -0.294023 1.679687 0.833256 -14.21821 0.093214 1.300581 -34.212051 -0.287564 0.967173 -20.033215 0.964536 1.212844 1e-06 1e-06 0.0 -3.440389 0.788233 0.501655 -15.928189 -3.16731 2.999707 -6.338827 -1e-06 0.0 -18.123449 3.648182 -4.905668 -4e-06 -0.0 -3e-06 18.703316 9.710986 14.719032 55.494064 10.035767 16.187445 0.58125 25.861481 0.311143 -6.125335 4.540295 6.633507 2.243544 -5.255039 -3.180159 14.282896 -0.826596 6.952507 -2e-06 -12.690607 -0.0 16.418291 -17.308718 2.174356 1.665667 -1.955922 -2.8783 4.727801 -4.170588 4.993926 11.020531 2e-06 -1e-06 12.109056 -3.735717 -2.866787 0.0 0.0 1e-06 1.291986 -1.92855 -1.49809 14.800132 0.567467 3.865611 14.242577 -1.341738 -6.660657 19.631973 0.143923 -0.648243 50.017109 -0.453858 -6.668421 0.35303 -1.511151 -0.031941 20.222801 3.684308 2.316633 18.787283 3e-06 -1e-06 10.751632 -0.479871 1.397907 1e-06 2e-06 -2e-06 3.273808 0.305947 -0.58011 21.486822 11.830377 2.266135 8.16293 2e-06 1e-06 18.399088 -3.798988 -4.940578 2e-06 -0.0 -2e-06 19.730053 -3.96702 -12.243541 -0.315123 -1.140586 125.232544 5.847366 -16.149715 -46.801514 2.197581 -1.267854 -34.629303 -0.0 -0.0 2e-06 -15.334784 -8.285501 -3.8641 0.631071 0.777593 118.295967 -2.357891 16.544184 -41.832184 -1.653517 0.723567 -25.054329 0.0 -0.0 -1e-06 
0.0 0.0 0.0 0.0 -0.0 0.0 -4.669804 48.69199 55.183147 -2.279774 -0.060615 2.397656 1.048971 -0.34986 -0.688601 -0.11064 0.319088 -4.786944 0.659353 -2.090989 8.337147 -0.122739 2.435882 2.097806 -0.681839 -0.143071 -3.74841 -0.637996 -0.515296 -8.280993 7.7e-05 -2.2e-05 6e-06 -0.017249 -0.125106 -0.045013 0.665722 -3.824022 -10.640944 -0.708608 3.576544 -10.671971 -22.322742 -3.308903 15.003214 -51.507324 -10.055834 4.767931 0.395729 -21.256298 -0.14338 15.130932 -4.341938 10.09339 -5.882105 9.861284 0.702592 -10.93687 -0.360574 7.156205 -0.0 8.774823 -0.0 -15.650996 17.694246 6.052886 -1.844032 2.498504 -2.507276 -10.163598 4.678946 4.621108 -20.976021 -0.0 2e-06 -21.226282 2.4517 -3.593999 1e-06 -6e-06 -1e-06 -1.362681 2.240798 -0.746323 -21.334911 0.584912 3.008323 -13.821213 -2e-06 -1e-06 -23.887167 -0.249075 -0.839482 -59.989216 2.32787 -1.256678 -0.294026 1.679687 0.833256 -14.218207 0.093217 1.300581 -34.212048 -0.28756 0.967169 -20.033213 0.964537 1.21284 1e-06 1e-06 -2e-06 -3.440387 0.788233 0.501655 -15.928185 -3.167306 2.999707 -6.338825 -0.0 0.0 -18.123444 3.648184 -4.905668 -4e-06 0.0 -3e-06 18.628902 9.75812 14.770245 55.378616 10.153186 16.790255 0.537244 25.95994 0.307038 -6.065307 4.50104 6.829926 2.243541 -5.255036 -3.180159 14.28289 -0.826596 6.952499 -2e-06 -12.690601 1e-06 16.439304 -17.338449 2.182643 1.665665 -1.95592 -2.878298 4.727798 -4.170587 4.993921 11.020526 3e-06 0.0 12.109052 -3.735716 -2.866785 1e-06 1e-06 1e-06 1.291985 -1.928549 -1.498089 14.800127 0.567467 3.865606 14.242571 -1.341736 -6.660655 19.631968 0.143927 -0.648245 50.059238 -0.472098 -6.659126 0.353029 -1.51115 -0.031941 20.222786 3.684307 2.316628 18.78727 5e-06 -2e-06 10.751625 -0.479868 1.397905 1e-06 2e-06 -2e-06 3.273807 0.305946 -0.580112 21.486813 11.830372 2.266129 8.162926 1e-06 -2e-06 18.39908 -3.798985 -4.940577 2e-06 -1e-06 -2e-06 19.77433 -3.994749 -12.169422 -0.309119 -1.121944 125.31366 5.935312 -16.151648 -46.812622 2.208119 -1.263288 -34.930473 0.0 -0.0 3e-06 -15.354978 -8.240903 -3.809378 0.625383 0.769042 118.327591 -2.309004 16.548948 -41.683884 -1.653899 0.721774 -25.139122 0.0 -0.0 -1e-06 
0.0 0.0 0.0 0.0 -0.0 0.0 -4.627046 48.727989 55.063717 -2.315982 -0.041329 2.21645 1.072021 -0.35689 -0.64168 -0.086802 0.333293 -4.761041 0.700038 -2.083678 8.416955 -0.288754 2.481864 2.252269 -0.659306 -0.161315 -3.740572 -0.606922 -0.543301 -8.306775 7.7e-05 -2.2e-05 6e-06 -0.016816 -0.11839 -0.043815 0.667177 -3.816731 -10.634506 -0.70938 3.583055 -10.670064 -22.344992 -3.32825 14.985293 -51.572174 -10.188071 4.772168 0.341294 -21.496414 -0.122453 15.023776 -4.408622 10.022214 -5.882113 9.861292 0.70259 -10.93688 -0.360574 7.156207 1e-06 8.774831 0.0 -15.650373 17.698502 6.044466 -1.844035 2.498505 -2.507279 -10.163607 4.678948 4.621112 -20.97604 -4e-06 2e-06 -21.226303 2.451698 -3.594002 0.0 -6e-06 -0.0 -1.362682 2.240799 -0.746322 -21.334932 0.58491 3.008322 -13.821225 -3e-06 -0.0 -23.88719 -0.249079 -0.839484 -59.971165 2.324199 -1.267083 -0.294025 1.679689 0.833256 -14.218221 0.093216 1.300578 -34.212078 -0.287566 0.96717 -20.03323 0.964536 1.212845 1e-06 1e-06 -1e-06 -3.440391 0.788234 0.501655 -15.928201 -3.167311 2.999709 -6.338831 -1e-06 1e-06 -18.123463 3.648184 -4.905674 -5e-06 -0.0 -2e-06 18.590145 9.791781 14.844858 55.236233 10.288972 17.212761 0.529378 26.04635 0.31438 -6.049787 4.449904 7.007888 2.243541 -5.255037 -3.180157 14.282895 -0.826594 6.952501 -3e-06 -12.690609 1e-06 16.45178 -17.350029 2.180838 1.665667 -1.955922 -2.8783 4.7278 -4.170588 4.993927 11.020529 4e-06 -1e-06 12.109056 -3.735717 -2.866786 1e-06 1e-06 1e-06 1.291987 -1.928549 -1.49809 14.800132 0.567468 3.865609 14.242577 -1.341736 -6.660658 19.631973 0.143927 -0.648246 50.074963 -0.466912 -6.665672 0.353028 -1.511151 -0.031941 20.222799 3.684311 2.316629 18.787281 6e-06 -2e-06 10.751633 -0.479868 1.397906 1e-06 2e-06 -2e-06 3.273809 0.305947 -0.580111 21.48682 11.830381 2.266134 8.16293 2e-06 -2e-06 18.399088 -3.798987 -4.940577 2e-06 -1e-06 -1e-06 19.836864 -4.010189 -12.158872 -0.304764 -1.098875 125.430183 6.072522 -16.126692 -46.817963 2.225613 -1.258883 -35.15237 0.0 0.0 3e-06 -15.357719 -8.195868 -3.807908 0.622093 0.755471 118.388054 -2.262589 16.541691 -41.528347 -1.649688 0.719132 -25.317904 -0.0 0.0 -1e-06 
0.0 0.0 0.0 0.0 -0.0 0.0 -4.570981 48.735943 54.932468 -2.36553 -0.017478 2.058425 1.092687 -0.353134 -0.595696 -0.063451 0.345189 -4.744107 0.73683 -2.093415 8.503485 -0.411513 2.501762 2.377448 -0.637047 -0.15132 -3.725978 -0.559914 -0.586042 -8.34674 7.7e-05 -2.2e-05 6e-06 -0.015288 -0.100174 -0.043394 0.669396 -3.798112 -10.628397 -0.708759 3.601334 -10.668805 -22.358273 -3.338424 14.986598 -51.667957 -10.358543 4.80133 0.322897 -21.726105 -0.120765 14.88562 -4.488074 10.058033 -5.882108 9.86129 0.702592 -10.936873 -0.360573 7.15621 -0.0 8.77483 2e-06 -15.644518 17.688528 6.024814 -1.844032 2.498505 -2.507278 -10.163602 4.678948 4.621114 -20.976027 1e-06 3e-06 -21.22629 2.451702 -3.594001 0.0 -6e-06 -0.0 -1.362681 2.240798 -0.746322 -21.334921 0.584913 3.008328 -13.821218 -1e-06 3e-06 -23.887178 -0.249075 -0.839482 -59.971481 2.312918 -1.296922 -0.294026 1.679688 0.833256 -14.218215 0.093217 1.300583 -34.212063 -0.287559 0.967172 -20.033218 0.964539 1.212844 1e-06 1e-06 -2e-06 -3.440389 0.788235 0.501656 -15.928192 -3.167309 2.999709 -6.338828 -1e-06 1e-06 -18.123453 3.648187 -4.905671 -5e-06 -0.0 -2e-06 18.575319 9.809919 14.93233 55.097691 10.440074 17.473818 0.546655 26.083315 0.324001 -6.070209 4.401526 7.185389 2.243544 -5.25504 -3.180159 14.2829 -0.826599 6.952508 -0.0 -12.690612 1e-06 16.443661 -17.352299 2.18575 1.665669 -1.955923 -2.8783 4.727802 -4.170592 4.993927 11.020535 1e-06 -2e-06 12.109059 -3.73572 -2.866786 1e-06 1e-06 -0.0 1.291986 -1.928551 -1.498089 14.800136 0.567465 3.86561 14.242582 -1.341739 -6.660661 19.631977 0.143923 -0.648248 50.077862 -0.458173 -6.673186 0.353029 -1.51115 -0.031941 20.222803 3.684309 2.316631 18.787287 3e-06 -4e-06 10.751635 -0.479869 1.397904 1e-06 2e-06 0.0 3.273808 0.305947 -0.580111 21.486824 11.830377 2.266133 8.16293 1e-06 -2e-06 18.399096 -3.798988 -4.94058 2e-06 -0.0 -2e-06 19.903868 -4.004852 -12.185403 -0.306518 -1.08138 125.577568 6.223147 -16.081957 -46.81496 2.246711 -1.253813 -35.231758 -0.0 -0.0 3e-06 -15.356043 -8.150251 -3.838112 0.61792 0.747047 118.478882 -2.213147 16.551268 -41.374004 -1.641096 0.716428 -25.498581 0.0 -0.0 -2e-06 
0.0 0.0 0.0 0.0 -0.0 0.0 -4.52782 48.72723 54.793125 -2.416639 0.00076 1.917089 1.111986 -0.343428 -0.55125 -0.046794 0.349537 -4.726556 0.759347 -2.103612 8.588956 -0.479463 2.523563 2.471394 -0.627616 -0.130009 -3.718799 -0.503072 -0.622834 -8.359359 7.7e-05 -2.2e-05 6e-06 -0.013521 -0.083377 -0.043202 0.671643 -3.780248 -10.621434 -0.707645 3.617581 -10.663876 -22.370293 -3.349815 15.016299 -51.764732 -10.528872 4.832921 0.314611 -21.940599 -0.118896 14.76956 -4.556438 10.1289 -5.88211 9.86129 0.70259 -10.936878 -0.360576 7.156209 0.0 8.77483 -1e-06 -15.637442 17.667561 5.999451 -1.844035 2.498506 -2.50728 -10.163608 4.678947 4.621109 -20.97604 -5e-06 1e-06 -21.226301 2.451697 -3.594002 0.0 -6e-06 -0.0 -1.362683 2.240799 -0.746323 -21.334929 0.58491 3.008322 -13.821223 -3e-06 1e-06 -23.887188 -0.24908 -0.839483 -59.971802 2.296059 -1.322792 -0.294024 1.679688 0.833256 -14.218219 0.093215 1.30058 -34.212074 -0.287566 0.967169 -20.033228 0.964536 1.212845 1e-06 1e-06 -1e-06 -3.44039 0.788234 0.501656 -15.928198 -3.167311 2.999707 -6.33883 -1e-06 1e-06 -18.123459 3.648183 -4.905674 -5e-06 -0.0 -2e-06 18.566093 9.830802 15.007229 54.986637 10.573287 17.620872 0.572355 26.083084 0.331371 -6.053012 4.363823 7.406319 2.243543 -5.255039 -3.180159 14.282902 -0.826595 6.952507 -3e-06 -12.690612 0.0 16.43959 -17.356741 2.18351 1.665669 -1.955923 -2.878299 4.727802 -4.170591 4.993925 11.020536 2e-06 -1e-06 12.109061 -3.735719 -2.866786 1e-06 -0.0 -0.0 1.291988 -1.928552 -1.498088 14.800139 0.567468 3.865607 14.242585 -1.341738 -6.660657 19.631985 0.143926 -0.648247 50.071114 -0.44925 -6.680484 0.35303 -1.511152 -0.031939 20.222803 3.684312 2.316628 18.787287 6e-06 -5e-06 10.751637 -0.479867 1.397904 1e-06 2e-06 1e-06 3.27381 0.305946 -0.58011 21.486828 11.830384 2.266132 8.162934 1e-06 -2e-06 18.399097 -3.798986 -4.940582 2e-06 -1e-06 -1e-06 20.003429 -4.001957 -12.235719 -0.305335 -1.062727 125.739082 6.357489 -16.08083 -46.806473 2.261791 -1.248865 -35.278984 0.0 -0.0 3e-06 -15.341356 -8.111916 -3.890319 0.611213 0.736121 118.593437 -2.196753 16.540043 -41.230553 -1.631335 0.71377 -25.653337 0.0 -0.0 -1e-06 
0.0 0.0 0.0 0.0 -0.0 0.0 -4.517832 48.715858 54.664368 -2.469385 0.014676 1.801145 1.132759 -0.339772 -0.513545 -0.036049 0.357349 -4.714856 0.77376 -2.115333 8.665476 -0.50637 2.534106 2.549276 -0.629441 -0.090261 -3.724161 -0.438017 -0.679445 -8.344368 7.7e-05 -2.2e-05 6e-06 -0.012187 -0.070094 -0.043593 0.673158 -3.765346 -10.615393 -0.7066 3.629759 -10.657322 -22.377327 -3.35136 15.064713 -51.846729 -10.68463 4.869438 0.285182 -22.114517 -0.109943 14.662398 -4.600835 10.308417 -5.882106 9.861288 0.702592 -10.936873 -0.360572 7.15621 -2e-06 8.774828 -1e-06 -15.639663 17.660652 5.98005 -1.844032 2.498505 -2.507278 -10.163603 4.678948 4.621111 -20.976023 -0.0 3e-06 -21.22629 2.4517 -3.594001 0.0 -6e-06 -1e-06 -1.362682 2.2408 -0.746323 -21.334917 0.584913 3.008326 -13.821215 0.0 3e-06 -23.887175 -0.249074 -0.839484 -59.979374 2.291732 -1.345098 -0.294027 1.679688 0.833257 -14.218213 0.093218 1.300581 -34.212051 -0.287557 0.967171 -20.033216 0.964541 1.212843 1e-06 1e-06 -1e-06 -3.440388 0.788234 0.501656 -15.928187 -3.167308 2.999709 -6.338827 0.0 1e-06 -18.123447 3.648187 -4.905673 -5e-06 -0.0 -2e-06 18.540836 9.85606 15.059735 54.925491 10.663071 17.710232 0.590143 26.059284 0.336943 -6.00846 4.345098 7.612851 2.243543 -5.255039 -3.180157 14.282896 -0.826594 6.952499 -4e-06 -12.690608 -0.0 16.445375 -17.369204 2.17447 1.665666 -1.955921 -2.878301 4.7278 -4.17059 4.993926 11.020531 4e-06 -0.0 12.109056 -3.735715 -2.866784 0.0 0.0 -0.0 1.291987 -1.92855 -1.498089 14.800134 0.56747 3.865605 14.242577 -1.341735 -6.660661 19.631979 0.14393 -0.648244 50.061928 -0.44035 -6.694317 0.353029 -1.51115 -0.03194 20.222801 3.684313 2.316628 18.787279 6e-06 -3e-06 10.751633 -0.479867 1.397905 1e-06 2e-06 2e-06 3.273808 0.305946 -0.580109 21.48682 11.83038 2.266131 8.16293 2e-06 -2e-06 18.399088 -3.798985 -4.940577 1e-06 -0.0 -2e-06 20.151659 -4.029152 -12.294261 -0.300951 -1.039548 125.888832 6.463029 -16.145473 -46.815319 2.271616 -1.243681 -35.339462 -0.0 -0.0 1e-06 -15.304196 -8.120042 -3.945958 0.602742 0.732666 118.707047 -2.232151 16.495394 -41.115593 -1.621193 0.713974 -25.68388 0.0 -0.0 -2e-06 
0.0 0.0 0.0 0.0 -0.0 0.0 -4.525971 48.699669 54.562496 -2.520813 0.042658 1.707585 1.156636 -0.341497 -0.483769 -0.032397 0.364634 -4.7061 0.777109 -2.127205 8.729202 -0.510241 2.540612 2.613793 -0.639136 -0.050007 -3.726613 -0.363842 -0.751319 -8.335802 7.7e-05 -2.2e-05 6e-06 -0.011212 -0.060241 -0.043215 0.674261 -3.754661 -10.610694 -0.7058 3.639126 -10.651692 -22.380764 -3.355129 15.125355 -51.913269 -10.818562 4.879438 0.242709 -22.206467 -0.096356 14.557662 -4.625421 10.513187 -5.882112 9.861292 0.70259 -10.936878 -0.360573 7.156209 0.0 8.774831 -0.0 -15.643353 17.661215 5.984685 -1.844034 2.498507 -2.507277 -10.163608 4.67895 4.621111 -20.976038 -2e-06 2e-06 -21.226303 2.451699 -3.594003 0.0 -6e-06 0.0 -1.362682 2.240798 -0.746323 -21.334929 0.584912 3.008323 -13.821221 -2e-06 0.0 -23.887184 -0.249078 -0.839485 -60.02227 2.304193 -1.340198 -0.294025 1.67969 0.833257 -14.218217 0.093216 1.300582 -34.212074 -0.287561 0.967168 -20.033226 0.964537 1.212841 2e-06 1e-06 -2e-06 -3.440392 0.788234 0.501655 -15.928196 -3.16731 2.999708 -6.33883 -1e-06 1e-06 -18.123459 3.648185 -4.905675 -5e-06 0.0 -1e-06 18.518456 9.873919 15.130569 54.885719 10.723863 17.720697 0.621567 26.059668 0.349457 -5.970592 4.335983 7.792984 2.243544 -5.255041 -3.180159 14.282901 -0.826596 6.952502 -2e-06 -12.690614 1e-06 16.453106 -17.393957 2.166927 1.665668 -1.955924 -2.878301 4.727801 -4.170591 4.993927 11.020535 3e-06 -2e-06 12.109059 -3.735717 -2.866784 0.0 0.0 -0.0 1.291987 -1.92855 -1.498089 14.800139 0.567469 3.865608 14.242584 -1.341737 -6.660662 19.631985 0.143928 -0.648245 50.057842 -0.43251 -6.712077 0.353028 -1.511152 -0.031941 20.222805 3.684313 2.316628 18.787287 6e-06 -5e-06 10.751635 -0.479869 1.397906 1e-06 2e-06 0.0 3.273809 0.305947 -0.580111 21.486828 11.830384 2.266133 8.162933 2e-06 -1e-06 18.399096 -3.798987 -4.940579 1e-06 0.0 -2e-06 20.321909 -4.079857 -12.345258 -0.295838 -1.016922 126.012741 6.513928 -16.26222 -46.824955 2.275252 -1.237257 -35.449547 -0.0 -0.0 2e-06 -15.254135 -8.167706 -3.983378 0.597902 0.729845 118.784393 -2.27081 16.425928 -40.974945 -1.615381 0.716068 -25.641596 0.0 -0.0 -1e-06 
0.0 0.0 0.0 0.0 -0.0 0.0 -4.541276 48.684208 54.510967 -2.563195 0.081875 1.613239 1.175235 -0.348473 -0.449308 -0.031205 0.363824 -4.693268 0.76837 -2.138014 8.777478 -0.509231 2.537755 2.68011 -0.640279 -0.018773 -3.722528 -0.295648 -0.802671 -8.339072 7.7e-05 -2.3e-05 6e-06 -0.010629 -0.054215 -0.042703 0.674265 -3.749066 -10.60969 -0.704637 3.645842 -10.649036 -22.388222 -3.380669 15.193655 -51.971111 -10.891123 4.893338 0.211367 -22.232199 -0.087898 14.475215 -4.626361 10.629751 -5.882107 9.861288 0.702592 -10.936873 -0.360575 7.156209 0.0 8.774828 -1e-06 -15.648093 17.674435 5.997811 -1.844032 2.498505 -2.507279 -10.163601 4.678946 4.62111 -20.976027 -3e-06 4e-06 -21.226292 2.451697 -3.594002 1e-06 -6e-06 -1e-06 -1.362682 2.240798 -0.746323 -21.334917 0.58491 3.008325 -13.821217 -3e-06 3e-06 -23.887173 -0.249079 -0.83948 -60.06361 2.311249 -1.321142 -0.294024 1.679686 0.833256 -14.218212 0.093215 1.300582 -34.212063 -0.287563 0.967171 -20.033218 0.964536 1.212841 1e-06 1e-06 -2e-06 -3.440388 0.788234 0.501657 -15.928189 -3.167309 2.999707 -6.338827 -1e-06 -0.0 -18.123447 3.648183 -4.90567 -4e-06 -0.0 -2e-06 18.49037 9.896329 15.183338 54.8769 10.719763 17.787176 0.631204 26.108154 0.361556 -5.914852 4.301122 7.884398 2.243542 -5.255038 -3.180159 14.282898 -0.826595 6.952506 -2e-06 -12.69061 0.0 16.452724 -17.406399 2.163446 1.665667 -1.955922 -2.8783 4.727802 -4.170589 4.993925 11.020534 3e-06 1e-06 12.109058 -3.735716 -2.866783 0.0 0.0 -0.0 1.291986 -1.92855 -1.49809 14.800136 0.567468 3.865609 14.242579 -1.341737 -6.66066 19.631975 0.143926 -0.648245 50.058613 -0.428394 -6.716383 0.35303 -1.511152 -0.031938 20.222803 3.684311 2.316631 18.787287 6e-06 -4e-06 10.751634 -0.479868 1.397905 1e-06 2e-06 2e-06 3.273808 0.305947 -0.580112 21.486826 11.83038 2.266133 8.16293 1e-06 -2e-06 18.399092 -3.798984 -4.940577 2e-06 -0.0 -2e-06 20.481781 -4.139476 -12.329015 -0.288976 -1.000525 126.076439 6.536875 -16.393648 -46.838955 2.272557 -1.230704 -35.551105 -0.0 0.0 1e-06 -15.206979 -8.230456 -3.946445 0.604721 0.730157 118.793892 -2.274245 16.35371 -40.816406 -1.612781 0.718369 -25.56315 0.0 -0.0 -1e-06 
0.0 0.0 0.0 0.0 -0.0 0.0 -4.552866 48.675533 54.512352 -2.60053 0.12751 1.51783 1.189004 -0.359175 -0.411132 -0.027291 0.36428 -4.680254 0.746697 -2.155778 8.820599 -0.512666 2.533008 2.747911 -0.62249 -0.00276 -3.711936 -0.223904 -0.819699 -8.35761 7.7e-05 -2.2e-05 6e-06 -0.010035 -0.048668 -0.042836 0.67337 -3.743894 -10.610349 -0.70256 3.652083 -10.64774 -22.411707 -3.409597 15.287492 -51.999596 -10.921886 4.922081 0.192419 -22.221672 -0.080557 14.409846 -4.595669 10.684764 -5.882113 9.861293 0.702592 -10.93688 -0.360572 7.156206 -1e-06 8.774831 1e-06 -15.634033 17.695314 6.019617 -1.844035 2.498506 -2.507278 -10.163608 4.678952 4.621111 -20.976038 -1e-06 1e-06 -21.226301 2.451701 -3.594005 1e-06 -6e-06 -1e-06 -1.362683 2.2408 -0.746324 -21.33493 0.584914 3.00832 -13.821225 -1e-06 1e-06 -23.887188 -0.249078 -0.839485 -60.072613 2.308902 -1.300545 -0.294025 1.679688 0.833257 -14.218219 0.093217 1.30058 -34.212074 -0.287562 0.967166 -20.033226 0.964537 1.212841 1e-06 2e-06 -1e-06 -3.440391 0.788234 0.501654 -15.928196 -3.16731 2.999705 -6.338831 0.0 -0.0 -18.123461 3.648189 -4.905675 -5e-06 -0.0 -1e-06 18.454216 9.911661 15.212374 54.898529 10.671742 17.942432 0.616114 26.191113 0.365842 -5.863444 4.23701 7.840066 2.243546 -5.255044 -3.18016 14.282907 -0.8266 6.952507 0.0 -12.690619 1e-06 16.452431 -17.401979 2.16412 1.665669 -1.955924 -2.878302 4.727805 -4.170594 4.993926 11.02054 0.0 -1e-06 12.109068 -3.735723 -2.866786 0.0 0.0 -0.0 1.291989 -1.928552 -1.49809 14.800146 0.567464 3.865611 14.242593 -1.341741 -6.660667 19.631992 0.143923 -0.64825 50.072998 -0.43096 -6.709725 0.35303 -1.511152 -0.031939 20.222818 3.684308 2.316629 18.7873 2e-06 -8e-06 10.751641 -0.479871 1.397903 1e-06 2e-06 0.0 3.27381 0.305947 -0.580114 21.486837 11.830385 2.266133 8.162937 1e-06 -3e-06 18.399107 -3.79899 -4.940588 2e-06 0.0 -1e-06 20.610497 -4.194412 -12.232473 -0.289156 -0.991689 126.082031 6.551764 -16.493021 -46.880676 2.268016 -1.22614 -35.640873 -0.0 -0.0 2e-06 -15.165853 -8.2934 -3.832661 0.619356 0.740823 118.737038 -2.264597 16.290676 -40.683311 -1.61567 0.718813 -25.54509 0.0 -0.0 -2e-06 
0.0 0.0 0.0 0.0 -0.0 0.0 -4.558021 48.670891 54.561264 -2.630234 0.184498 1.441704 1.200075 -0.365401 -0.385312 -0.024124 0.362291 -4.674197 0.723533 -2.176898 8.862145 -0.518041 2.516631 2.807788 -0.594073 0.017157 -3.69834 -0.167719 -0.818269 -8.37418 7.7e-05 -2.3e-05 6e-06 -0.009407 -0.046036 -0.042087 0.671242 -3.742424 -10.611197 -0.699154 3.655938 -10.648367 -22.448822 -3.434267 15.386786 -52.018478 -10.923304 5.023565 0.208984 -22.170809 -0.080369 14.31875 -4.538868 10.722577 -5.882108 9.861286 0.70259 -10.936875 -0.360575 7.156208 1e-06 8.774826 -0.0 -15.611933 17.72015 6.040888 -1.844032 2.498505 -2.507276 -10.163604 4.678945 4.62111 -20.97603 -4e-06 4e-06 -21.226294 2.451697 -3.593999 1e-06 -6e-06 -1e-06 -1.362681 2.240798 -0.746324 -21.334921 0.584909 3.008326 -13.821217 -3e-06 4e-06 -23.887178 -0.249078 -0.839481 -60.053802 2.308358 -1.294121 -0.294025 1.679687 0.833256 -14.218212 0.093214 1.300582 -34.212063 -0.287563 0.967172 -20.03322 0.964538 1.212844 2e-06 2e-06 -2e-06 -3.44039 0.788235 0.501654 -15.928191 -3.16731 2.999708 -6.338828 -1e-06 1e-06 -18.123447 3.648183 -4.90567 -4e-06 -0.0 -1e-06 18.423203 9.91088 15.225853 54.930149 10.601806 18.160368 0.588253 26.274647 0.356347 -5.842317 4.182927 7.724012 2.243541 -5.255035 -3.180157 14.282887 -0.826594 6.952502 -3e-06 -12.690601 -2e-06 16.459259 -17.391527 2.166366 1.665665 -1.95592 -2.878298 4.727798 -4.170585 4.993922 11.020523 3e-06 0.0 12.10905 -3.735714 -2.866784 0.0 0.0 -0.0 1.291986 -1.928549 -1.49809 14.800125 0.567468 3.865607 14.242569 -1.341735 -6.660655 19.631962 0.143925 -0.648243 50.110359 -0.444831 -6.704301 0.353028 -1.511149 -0.031939 20.222786 3.684308 2.316629 18.78727 5e-06 -0.0 10.751625 -0.479869 1.397906 1e-06 2e-06 0.0 3.273807 0.305946 -0.580109 21.486809 11.830371 2.266133 8.162925 2e-06 -1e-06 18.399076 -3.798985 -4.940574 2e-06 -1e-06 -1e-06 20.70521 -4.243328 -12.095669 -0.289878 -0.988266 126.03614 6.567706 -16.559174 -46.927418 2.262771 -1.224217 -35.638096 0.0 -0.0 1e-06 -15.142982 -8.352375 -3.665377 0.632934 0.752724 118.628487 -2.257698 16.256477 -40.598217 -1.622143 0.718293 -25.576065 0.0 0.0 -1e-06 
0.0 0.0 0.0 0.0 -0.0 0.0 -4.565231 48.663441 54.639046 -2.655921 0.241029 1.385289 1.206222 -0.372373 -0.373023 -0.018483 0.346467 -4.682458 0.705869 -2.187146 8.901752 -0.515469 2.486246 2.873558 -0.5683 0.049809 -3.690907 -0.122078 -0.789294 -8.37202 7.7e-05 -2.3e-05 6e-06 -0.008798 -0.04383 -0.042053 0.667807 -3.741305 -10.611166 -0.694382 3.65906 -10.648766 -22.468573 -3.453767 15.48429 -52.068829 -10.894126 5.163823 0.24562 -22.102091 -0.0839 14.221153 -4.463634 10.800132 -5.882106 9.861286 0.702591 -10.936875 -0.360575 7.156208 0.0 8.774826 -2e-06 -15.607691 17.738045 6.054866 -1.844033 2.498505 -2.507278 -10.163603 4.678946 4.621112 -20.976028 -3e-06 4e-06 -21.226292 2.451698 -3.593999 1e-06 -6e-06 -1e-06 -1.362682 2.240798 -0.746324 -21.334921 0.58491 3.008327 -13.821218 -2e-06 4e-06 -23.887178 -0.249078 -0.839482 -60.046406 2.306393 -1.278062 -0.294025 1.679688 0.833256 -14.218214 0.093216 1.300583 -34.212059 -0.287562 0.967174 -20.03322 0.964539 1.212844 2e-06 1e-06 -2e-06 -3.440389 0.788235 0.501656 -15.928191 -3.16731 2.999711 -6.338828 -1e-06 1e-06 -18.123447 3.648184 -4.90567 -5e-06 -0.0 -2e-06 18.402779 9.898408 15.226761 54.965 10.516047 18.453705 0.556756 26.34445 0.343353 -5.857883 4.132025 7.627642 2.243542 -5.255036 -3.180158 14.28289 -0.826595 6.952499 -1e-06 -12.690601 -1e-06 16.475643 -17.392073 2.172171 1.665667 -1.955922 -2.878298 4.727798 -4.170588 4.993921 11.020524 2e-06 -1e-06 12.109051 -3.735716 -2.866783 0.0 0.0 1e-06 1.291986 -1.928549 -1.498089 14.800125 0.567467 3.865604 14.242571 -1.341737 -6.660657 19.631968 0.143925 -0.648247 50.159698 -0.46023 -6.693788 0.35303 -1.511151 -0.031941 20.22279 3.684308 2.316626 18.787271 4e-06 -2e-06 10.751627 -0.479868 1.397904 1e-06 1e-06 0.0 3.273807 0.305946 -0.580112 21.486809 11.830372 2.266129 8.162926 2e-06 -1e-06 18.39908 -3.798984 -4.940578 2e-06 -0.0 -1e-06 20.780327 -4.278704 -11.940902 -0.294915 -0.995046 125.955673 6.570783 -16.610811 -46.963291 2.256779 -1.223365 -35.59441 -0.0 -0.0 2e-06 -15.132192 -8.415431 -3.476736 0.642032 0.766654 118.491257 -2.296383 16.222414 -40.541382 -1.629548 0.716703 -25.66943 0.0 -0.0 -2e-06 
0.0 0.0 0.0 0.0 -0.0 0.0 -4.573895 48.643696 54.72789 -2.684158 0.28945 1.360194 1.215294 -0.380982 -0.377998 -0.011315 0.320721 -4.697174 0.695198 -2.176777 8.92993 -0.501147 2.462536 2.937104 -0.558132 0.075875 -3.692046 -0.088213 -0.744143 -8.325461 7.7e-05 -2.3e-05 6e-06 -0.008571 -0.04684 -0.043359 0.664093 -3.744569 -10.61373 -0.690129 3.655938 -10.650241 -22.471087 -3.465548 15.549853 -52.143745 -10.829222 5.334968 0.281623 -22.036549 -0.080878 14.115602 -4.384687 10.989586 -5.88211 9.86129 0.70259 -10.936879 -0.360576 7.156213 1e-06 8.77483 -1e-06 -15.611082 17.733107 6.057973 -1.844032 2.498505 -2.507279 -10.163607 4.678946 4.621111 -20.976038 -5e-06 4e-06 -21.226301 2.451697 -3.594001 1e-06 -6e-06 0.0 -1.362682 2.240799 -0.746323 -21.334929 0.584909 3.008327 -13.821223 -3e-06 2e-06 -23.887188 -0.249081 -0.839482 -60.046406 2.305394 -1.247267 -0.294026 1.679688 0.833257 -14.218218 0.093214 1.300582 -34.212074 -0.287566 0.967172 -20.033228 0.964536 1.212845 2e-06 2e-06 -2e-06 -3.44039 0.788233 0.501656 -15.9282 -3.167311 2.999709 -6.33883 -2e-06 1e-06 -18.123457 3.648184 -4.905673 -5e-06 -0.0 -1e-06 18.393545 9.871569 15.217498 55.008831 10.4196 18.784067 0.506707 26.397638 0.324867 -5.867051 4.081693 7.602314 2.243542 -5.255037 -3.180157 14.282893 -0.826596 6.9525 -2e-06 -12.690604 1e-06 16.491161 -17.404724 2.178543 1.665667 -1.955921 -2.878299 4.727798 -4.170588 4.993926 11.020528 2e-06 -1e-06 12.109056 -3.735716 -2.866785 0.0 0.0 1e-06 1.291986 -1.928549 -1.49809 14.800131 0.567467 3.865606 14.242577 -1.341735 -6.660661 19.631973 0.143927 -0.648246 50.196087 -0.469064 -6.687762 0.353029 -1.511151 -0.031939 20.222795 3.68431 2.31663 18.787273 5e-06 -1e-06 10.751629 -0.479868 1.397905 1e-06 2e-06 0.0 3.273806 0.305946 -0.58011 21.486813 11.830376 2.26613 8.162928 1e-06 -0.0 18.399082 -3.798985 -4.940577 2e-06 0.0 -1e-06 20.849035 -4.302668 -11.800928 -0.30249 -1.003007 125.864586 6.565934 -16.652887 -46.984333 2.247188 -1.221962 -35.60088 0.0 0.0 2e-06 -15.114014 -8.469302 -3.311561 0.647301 0.77311 118.349434 -2.352846 16.179426 -40.473946 -1.636024 0.715796 -25.70421 -0.0 0.0 -1e-06 
0.0 0.0 0.0 0.0 -0.0 0.0 -4.589341 48.6255 54.823196 -2.714305 0.316312 1.367683 1.230217 -0.388262 -0.400171 -0.010371 0.308555 -4.712328 0.69901 -2.170681 8.941129 -0.492322 2.453259 2.988722 -0.55852 0.086966 -3.698658 -0.071418 -0.675527 -8.270527 7.7e-05 -2.3e-05 6e-06 -0.009029 -0.054481 -0.044229 0.660153 -3.752243 -10.617267 -0.687037 3.648022 -10.651523 -22.470068 -3.466506 15.596985 -52.238476 -10.745124 5.448318 0.297205 -21.983128 -0.07349 14.000932 -4.321681 11.258546 -5.88211 9.861288 0.70259 -10.936877 -0.360574 7.156209 -0.0 8.774829 -0.0 -15.632495 17.728958 6.067955 -1.844035 2.498507 -2.507279 -10.163604 4.678947 4.62111 -20.976032 -3e-06 4e-06 -21.226295 2.451698 -3.594002 -0.0 -7e-06 -1e-06 -1.362682 2.240799 -0.746324 -21.334925 0.584912 3.008325 -13.821219 -2e-06 3e-06 -23.887182 -0.249079 -0.839484 -60.084576 2.318324 -1.19633 -0.294024 1.679688 0.833256 -14.218215 0.093215 1.300581 -34.212067 -0.287562 0.967171 -20.033222 0.964536 1.212843 2e-06 1e-06 -2e-06 -3.440389 0.788233 0.501655 -15.928192 -3.16731 2.999709 -6.338829 -1e-06 -0.0 -18.123457 3.648184 -4.905673 -4e-06 -1e-06 -2e-06 18.401514 9.831385 15.21528 55.048931 10.338846 19.156399 0.436637 26.423351 0.301979 -5.897283 4.016603 7.681846 2.243541 -5.255037 -3.18016 14.282894 -0.826594 6.952504 -3e-06 -12.690605 -1e-06 16.504349 -17.438198 2.191194 1.665666 -1.955922 -2.878299 4.727799 -4.170588 4.993925 11.020527 3e-06 -1e-06 12.109053 -3.735715 -2.866784 0.0 0.0 -0.0 1.291985 -1.928549 -1.498089 14.800131 0.567468 3.86561 14.242573 -1.341736 -6.660656 19.631969 0.143927 -0.648245 50.228447 -0.468417 -6.674942 0.353028 -1.51115 -0.031941 20.222795 3.684311 2.316633 18.787275 6e-06 3e-06 10.75163 -0.47987 1.397907 0.0 2e-06 1e-06 3.273807 0.305948 -0.580108 21.486814 11.830377 2.266135 8.162929 2e-06 2e-06 18.39908 -3.798985 -4.940572 2e-06 0.0 -1e-06 20.926596 -4.314513 -11.682643 -0.305769 -1.002581 125.759018 6.52881 -16.718063 -46.984436 2.232192 -1.221162 -35.688202 -0.0 -0.0 2e-06 -15.07599 -8.496076 -3.191668 0.649646 0.757903 118.203476 -2.402548 16.117468 -40.378902 -1.639274 0.716259 -25.762089 0.0 -0.0 -2e-06 
0.0 0.0 0.0 0.0 -0.0 0.0 -4.61269 48.618401 54.932533 -2.731088 0.319143 1.409433 1.241109 -0.388489 -0.434978 -0.014667 0.311099 -4.723222 0.712579 -2.174042 8.931447 -0.488178 2.464604 3.018984 -0.558609 0.055054 -3.704366 -0.065191 -0.597258 -8.210447 7.7e-05 -2.2e-05 6e-06 -0.009788 -0.066173 -0.042659 0.660308 -3.762705 -10.619116 -0.688659 3.634893 -10.650882 -22.488972 -3.475724 15.607643 -52.320812 -10.619491 5.532413 0.284794 -21.946968 -0.061683 13.900859 -4.280282 11.465041 -5.882107 9.861286 0.70259 -10.936873 -0.360574 7.156205 -0.0 8.774827 -1e-06 -15.669908 17.732412 6.083578 -1.844031 2.498505 -2.507277 -10.1636 4.678946 4.62111 -20.976023 -1e-06 3e-06 -21.226286 2.451699 -3.594002 1e-06 -7e-06 -1e-06 -1.362682 2.240798 -0.746323 -21.334917 0.584912 3.008324 -13.821215 -1e-06 1e-06 -23.887171 -0.249076 -0.839482 -60.155743 2.344467 -1.159432 -0.294026 1.679688 0.833256 -14.218211 0.093216 1.300582 -34.212051 -0.287561 0.967172 -20.033216 0.964538 1.212842 0.0 1e-06 -1e-06 -3.44039 0.788234 0.501656 -15.928189 -3.167309 2.999708 -6.338828 -0.0 -0.0 -18.123453 3.648185 -4.905673 -5e-06 -0.0 -2e-06 18.414339 9.77502 15.198716 55.088951 10.262319 19.522942 0.36608 26.444624 0.277802 -5.94543 3.919955 7.867955 2.243542 -5.255037 -3.180157 14.282895 -0.826597 6.952506 -1e-06 -12.690607 0.0 16.519569 -17.476553 2.209218 1.665666 -1.955922 -2.8783 4.7278 -4.170589 4.993924 11.020528 2e-06 -1e-06 12.109055 -3.735717 -2.866785 0.0 -0.0 -0.0 1.291985 -1.928549 -1.498087 14.800132 0.567466 3.865611 14.242576 -1.341737 -6.660661 19.631969 0.143924 -0.648246 50.259823 -0.463666 -6.65682 0.353029 -1.511151 -0.031941 20.222797 3.684308 2.316629 18.787279 2e-06 -1e-06 10.751631 -0.479871 1.397905 1e-06 2e-06 1e-06 3.273809 0.305946 -0.580111 21.486816 11.830374 2.266134 8.162929 -0.0 -2e-06 18.399088 -3.798988 -4.940577 2e-06 0.0 -2e-06 20.983036 -4.314675 -11.579282 -0.305931 -0.993202 125.625114 6.473815 -16.778996 -46.968391 2.221392 -1.223771 -35.710014 0.0 -0.0 2e-06 -15.038369 -8.500458 -3.104206 0.649745 0.730237 118.050613 -2.443761 16.059526 -40.295261 -1.640949 0.71606 -25.907251 0.0 -0.0 -1e-06 
0.0 0.0 0.0 0.0 -0.0 0.0 -4.633165 48.616405 55.055218 -2.741357 0.315753 1.483748 1.245998 -0.388536 -0.473609 -0.023132 0.325642 -4.726986 0.732031 -2.191459 8.898547 -0.495842 2.478012 3.007418 -0.544784 0.026603 -3.701377 -0.061749 -0.543622 -8.156638 7.7e-05 -2.2e-05 6e-06 -0.009782 -0.069487 -0.040356 0.663817 -3.765021 -10.623359 -0.692126 3.630752 -10.654187 -22.527029 -3.487317 15.604442 -52.377434 -10.491565 5.559563 0.236267 -21.908676 -0.052296 13.80757 -4.277605 11.541829 -5.882106 9.861286 0.702592 -10.936871 -0.360573 7.156207 -0.0 8.774824 -1e-06 -15.696963 17.756124 6.100376 -1.844033 2.498503 -2.507277 -10.1636 4.678946 4.621109 -20.976023 -3e-06 2e-06 -21.226288 2.451698 -3.594 1e-06 -7e-06 -1e-06 -1.362683 2.240798 -0.746324 -21.334913 0.584911 3.008322 -13.821215 -2e-06 1e-06 -23.887175 -0.249079 -0.839485 -60.223534 2.37039 -1.153076 -0.294024 1.679686 0.833257 -14.218207 0.093216 1.300578 -34.212048 -0.287562 0.967169 -20.033211 0.964537 1.212842 1e-06 1e-06 -1e-06 -3.440389 0.788233 0.501655 -15.928187 -3.167307 2.999706 -6.338826 -1e-06 1e-06 -18.123449 3.648184 -4.905672 -4e-06 -0.0 -0.0 18.440998 9.709377 15.186941 55.098618 10.204055 19.783434 0.360198 26.467096 0.266228 -6.028732 3.831959 8.125206 2.243542 -5.255037 -3.180158 14.282894 -0.826596 6.952503 -2e-06 -12.690603 1e-06 16.529375 -17.499935 2.223891 1.665666 -1.955922 -2.8783 4.727799 -4.170588 4.993928 11.020528 2e-06 0.0 12.109053 -3.735716 -2.866784 0.0 -0.0 -0.0 1.291985 -1.92855 -1.498088 14.800132 0.567466 3.865608 14.242576 -1.341737 -6.660657 19.631973 0.143925 -0.648247 50.289188 -0.454323 -6.642231 0.353028 -1.511152 -0.031939 20.222794 3.684308 2.316633 18.787277 2e-06 1e-06 10.751631 -0.479869 1.397906 1e-06 2e-06 1e-06 3.273808 0.305946 -0.58011 21.486816 11.830373 2.266132 8.162929 -0.0 -1e-06 18.399084 -3.798987 -4.940576 2e-06 0.0 -2e-06 21.01395 -4.303243 -11.491297 -0.305818 -0.983456 125.477745 6.4257 -16.813942 -46.959141 2.222405 -1.228076 -35.682697 0.0 -0.0 1e-06 -15.000986 -8.507083 -3.036699 0.655003 0.710449 117.893562 -2.46367 16.013006 -40.238949 -1.641268 0.714031 -26.075968 0.0 -0.0 -1e-06 
0.0 0.0 0.0 0.0 -0.0 0.0 -4.655189 48.613831 55.191456 -2.746991 0.312412 1.582337 1.243326 -0.391251 -0.509823 -0.025995 0.336353 -4.729403 0.747458 -2.214218 8.849895 -0.49744 2.480641 2.971537 -0.522054 0.01605 -3.698392 -0.068774 -0.504961 -8.097559 7.7e-05 -2.2e-05 6e-06 -0.008671 -0.06451 -0.039703 0.669439 -3.75962 -10.631116 -0.695467 3.635578 -10.661427 -22.559374 -3.494623 15.585338 -52.433365 -10.380645 5.657328 0.204473 -21.872467 -0.051386 13.697598 -4.278508 11.494395 -5.882104 9.861283 0.702591 -10.936868 -0.360574 7.156202 0.0 8.774823 -2e-06 -15.728706 17.787086 6.108578 -1.844031 2.498504 -2.507277 -10.163597 4.678945 4.621109 -20.976017 -3e-06 2e-06 -21.226276 2.451697 -3.593999 1e-06 -7e-06 -1e-06 -1.362681 2.240797 -0.746323 -21.334906 0.58491 3.008325 -13.821209 -2e-06 2e-06 -23.887165 -0.249078 -0.839484 -60.292553 2.372504 -1.164014 -0.294024 1.679687 0.833255 -14.218203 0.093216 1.30058 -34.212036 -0.287561 0.96717 -20.033205 0.964539 1.212843 2e-06 1e-06 1e-06 -3.440388 0.788233 0.501655 -15.928183 -3.167307 2.999707 -6.338823 -1e-06 0.0 -18.12344 3.648183 -4.905668 -4e-06 -1e-06 -0.0 18.466984 9.645815 15.185014 55.096165 10.18328 19.996687 0.389652 26.469091 0.259444 -6.115549 3.777333 8.435835 2.243542 -5.255038 -3.180158 14.282894 -0.826597 6.952503 -1e-06 -12.690605 1e-06 16.52108 -17.502851 2.248107 1.665666 -1.955922 -2.878298 4.7278 -4.170588 4.993923 11.020528 1e-06 0.0 12.109055 -3.735717 -2.866784 -0.0 -0.0 -1e-06 1.291985 -1.928549 -1.498089 14.800129 0.567466 3.86561 14.242574 -1.341738 -6.660658 19.631966 0.143922 -0.648246 50.31189 -0.445308 -6.611103 0.353028 -1.51115 -0.03194 20.222795 3.684306 2.316631 18.787273 2e-06 -0.0 10.751629 -0.479871 1.397905 1e-06 1e-06 1e-06 3.273807 0.305946 -0.580109 21.486813 11.830372 2.266135 8.162929 1e-06 -1e-06 18.399086 -3.798986 -4.940576 2e-06 0.0 -2e-06 21.035488 -4.28259 -11.409479 -0.308415 -0.977485 125.319588 6.408444 -16.822765 -46.967548 2.228843 -1.230961 -35.665375 0.0 0.0 1e-06 -14.957476 -8.530036 -2.975685 0.664231 0.706615 117.728828 -2.508469 15.952382 -40.209473 -1.643424 0.712176 -26.186865 0.0 0.0 -2e-06 
0.0 0.0 0.0 0.0 -0.0 0.0 -4.672275 48.613789 55.328911 -2.752613 0.295596 1.695211 1.239604 -0.389639 -0.547061 -0.025148 0.350187 -4.733274 0.752835 -2.249264 8.80475 -0.490518 2.456367 2.914072 -0.50508 0.039608 -3.701119 -0.089125 -0.480377 -8.034854 7.7e-05 -2.3e-05 6e-06 -0.006031 -0.056817 -0.040164 0.676013 -3.751388 -10.636925 -0.696673 3.642888 -10.666835 -22.579769 -3.504804 15.559268 -52.480263 -10.297379 5.864188 0.205967 -21.862686 -0.054234 13.576262 -4.23981 11.430643 -5.882112 9.861295 0.702594 -10.936881 -0.360574 7.156211 0.0 8.774833 -0.0 -15.754455 17.80641 6.113768 -1.844034 2.498507 -2.507279 -10.16361 4.678951 4.621112 -20.97604 -2e-06 3e-06 -21.226301 2.451701 -3.594001 1e-06 -7e-06 -1e-06 -1.362683 2.2408 -0.746323 -21.33493 0.584912 3.008325 -13.821224 -2e-06 3e-06 -23.88719 -0.249079 -0.839483 -60.361141 2.355486 -1.167131 -0.294026 1.67969 0.833256 -14.218223 0.093216 1.300583 -34.212082 -0.287561 0.967171 -20.033232 0.964538 1.212844 0.0 1e-06 -0.0 -3.440391 0.788233 0.501657 -15.928201 -3.16731 2.999709 -6.338831 -0.0 1e-06 -18.123461 3.648188 -4.905676 -4e-06 -1e-06 -1e-06 18.49369 9.585639 15.153945 55.093456 10.149053 20.188093 0.403495 26.479435 0.252657 -6.179254 3.747455 8.642407 2.243544 -5.25504 -3.180155 14.282896 -0.826596 6.952503 -2e-06 -12.690612 0.0 16.512432 -17.496819 2.265587 1.665667 -1.955922 -2.878299 4.7278 -4.17059 4.993922 11.020531 2e-06 -1e-06 12.109058 -3.735718 -2.866786 -0.0 -0.0 -0.0 1.291987 -1.92855 -1.498087 14.800136 0.567467 3.865604 14.242582 -1.341738 -6.660662 19.631983 0.143927 -0.648247 50.316994 -0.426274 -6.580389 0.353029 -1.511152 -0.031941 20.222801 3.684312 2.316626 18.787283 5e-06 -3e-06 10.751633 -0.479867 1.397905 0.0 0.0 1e-06 3.273809 0.305947 -0.580112 21.48682 11.830381 2.266129 8.16293 2e-06 -3e-06 18.399092 -3.798986 -4.940581 2e-06 0.0 -1e-06 21.054607 -4.242648 -11.332186 -0.309453 -0.969368 125.162437 6.429744 -16.810116 -46.991695 2.235837 -1.230588 -35.678932 0.0 0.0 1e-06 -14.907277 -8.546268 -2.937813 0.671356 0.716356 117.569115 -2.535913 15.894928 -40.186947 -1.648506 0.710637 -26.196459 0.0 -0.0 -1e-06 
0.0 0.0 0.0 0.0 -0.0 0.0 -4.686643 48.617069 55.457012 -2.756166 0.275023 1.812923 1.237572 -0.386154 -0.574041 -0.020476 0.357026 -4.742826 0.746534 -2.279264 8.760483 -0.463825 2.436993 2.834433 -0.518317 0.051003 -3.705721 -0.113409 -0.496679 -7.960272 7.7e-05 -2.3e-05 6e-06 -0.002737 -0.049305 -0.039497 0.682502 -3.743326 -10.635232 -0.69647 3.650015 -10.666351 -22.577608 -3.528044 15.55001 -52.514397 -10.257838 6.12361 0.210295 -21.883327 -0.049489 13.455797 -4.179434 11.465152 -5.882108 9.861288 0.702592 -10.936871 -0.360573 7.156208 -1e-06 8.774827 -0.0 -15.773509 17.822227 6.118596 -1.844033 2.498504 -2.507278 -10.1636 4.678946 4.621112 -20.976021 1e-06 4e-06 -21.226286 2.451701 -3.593999 1e-06 -7e-06 -1e-06 -1.362682 2.240799 -0.746323 -21.334913 0.584914 3.008324 -13.821213 -0.0 2e-06 -23.887167 -0.249073 -0.839483 -60.400021 2.331026 -1.184836 -0.294026 1.679687 0.833257 -14.218207 0.093217 1.300583 -34.212048 -0.287555 0.967174 -20.033215 0.964543 1.212842 0.0 1e-06 -0.0 -3.440389 0.788234 0.501656 -15.928185 -3.167307 2.99971 -6.338826 1e-06 2e-06 -18.123444 3.648187 -4.905669 -4e-06 0.0 -1e-06 18.504042 9.53979 15.108261 55.114311 10.11599 20.335766 0.408495 26.482534 0.240996 -6.227211 3.732342 8.807229 2.243542 -5.255037 -3.180157 14.282896 -0.826596 6.952507 -2e-06 -12.690606 1e-06 16.509445 -17.485384 2.277338 1.665667 -1.955922 -2.878301 4.727801 -4.170588 4.993926 11.02053 3e-06 -1e-06 12.109056 -3.735717 -2.866786 -0.0 0.0 1e-06 1.291985 -1.928549 -1.498089 14.800132 0.567467 3.865608 14.242577 -1.341738 -6.660657 19.631973 0.143923 -0.648247 50.311771 -0.413331 -6.557193 0.35303 -1.51115 -0.031939 20.222801 3.684309 2.316632 18.787283 5e-06 -1e-06 10.751634 -0.479868 1.397906 0.0 -0.0 -0.0 3.273808 0.305947 -0.58011 21.486824 11.830376 2.266134 8.16293 1e-06 -0.0 18.399092 -3.798987 -4.940578 2e-06 0.0 -1e-06 21.072065 -4.192144 -11.277524 -0.306924 -0.961691 125.01226 6.461383 -16.796333 -46.998726 2.239076 -1.228578 -35.710205 0.0 0.0 2e-06 -14.858994 -8.562486 -2.921068 0.676245 0.731489 117.422882 -2.537716 15.853013 -40.161522 -1.656348 0.707662 -26.172817 0.0 -0.0 -1e-06 
0.0 0.0 0.0 0.0 -0.0 0.0 -4.700505 48.629223 55.581093 -2.758448 0.275868 1.932357 1.245774 -0.378917 -0.595735 -0.015217 0.347491 -4.7529 0.730887 -2.303828 8.723297 -0.422247 2.417711 2.726295 -0.551412 0.040261 -3.703074 -0.150467 -0.538422 -7.890357 7.7e-05 -2.2e-05 6e-06 -0.000243 -0.048156 -0.038798 0.687181 -3.74132 -10.628344 -0.696013 3.650275 -10.662354 -22.554153 -3.569597 15.553731 -52.520332 -10.278048 6.390918 0.184683 -21.925175 -0.027152 13.328422 -4.111681 11.516181 -5.88211 9.861292 0.70259 -10.936878 -0.360576 7.156211 1e-06 8.774831 -2e-06 -15.78737 17.836357 6.111592 -1.844033 2.498507 -2.50728 -10.163608 4.678946 4.621112 -20.97604 -6e-06 2e-06 -21.226301 2.451696 -3.594001 1e-06 -7e-06 0.0 -1.362683 2.240799 -0.746323 -21.334929 0.584908 3.008326 -13.821221 -4e-06 3e-06 -23.887186 -0.249082 -0.839483 -60.426399 2.315552 -1.221759 -0.294026 1.679688 0.833256 -14.218217 0.093213 1.300583 -34.212074 -0.287568 0.967173 -20.033226 0.964535 1.212844 0.0 1e-06 -0.0 -3.440391 0.788234 0.501657 -15.928194 -3.167314 2.999709 -6.33883 -2e-06 0.0 -18.123457 3.648183 -4.905673 -4e-06 0.0 -1e-06 18.505032 9.504455 15.085091 55.138123 10.101136 20.329927 0.432247 26.485943 0.238964 -6.256137 3.741159 8.916426 2.243542 -5.255039 -3.180159 14.282896 -0.826594 6.952508 -4e-06 -12.690609 1e-06 16.501055 -17.4739 2.280744 1.665666 -1.955922 -2.878301 4.727799 -4.170588 4.993929 11.020529 4e-06 0.0 12.109056 -3.735717 -2.866785 -0.0 -0.0 -0.0 1.291986 -1.92855 -1.498088 14.800134 0.567469 3.86561 14.242577 -1.341735 -6.66066 19.631973 0.143927 -0.648243 50.284546 -0.411882 -6.561243 0.353028 -1.511151 -0.03194 20.222801 3.684313 2.316632 18.787283 6e-06 1e-06 10.751633 -0.479869 1.397908 0.0 -0.0 -0.0 3.273808 0.305947 -0.580112 21.486822 11.830382 2.266135 8.16293 2e-06 0.0 18.399088 -3.798986 -4.940574 2e-06 0.0 -2e-06 21.09524 -4.153263 -11.247084 -0.299381 -0.958211 124.869858 6.454249 -16.816118 -46.991932 2.23872 -1.227026 -35.628563 -0.0 -0.0 1e-06 -14.813863 -8.60635 -2.904857 0.679271 0.753308 117.273529 -2.505052 15.828106 -40.130566 -1.658755 0.705255 -26.207455 0.0 -0.0 -1e-06 
0.0 0.0 0.0 0.0 -0.0 0.0 -4.711428 48.649998 55.710041 -2.758479 0.313661 2.03237 1.254585 -0.383944 -0.598886 -0.010995 0.324977 -4.759545 0.713597 -2.319813 8.689539 -0.3753 2.408301 2.613958 -0.595006 0.003209 -3.701923 -0.191579 -0.589195 -7.811769 7.7e-05 -2.2e-05 6e-06 0.001 -0.051397 -0.039467 0.688899 -3.744641 -10.627353 -0.695061 3.646707 -10.662498 -22.514585 -3.623157 15.578613 -52.492786 -10.349778 6.651484 0.138266 -21.997501 0.003336 13.222043 -4.081424 11.49459 -5.882113 9.861293 0.70259 -10.936878 -0.360572 7.156206 -1e-06 8.774831 0.0 -15.783898 17.859015 6.108668 -1.844034 2.498505 -2.507276 -10.163608 4.678951 4.621109 -20.976038 -0.0 1e-06 -21.226301 2.451701 -3.594004 1e-06 -7e-06 -1e-06 -1.362682 2.240799 -0.746321 -21.334929 0.584915 3.00832 -13.821223 -1e-06 -1e-06 -23.887186 -0.249076 -0.839487 -60.443691 2.310903 -1.245155 -0.294026 1.679689 0.833257 -14.218219 0.093217 1.300579 -34.212074 -0.287561 0.967164 -20.03323 0.964538 1.212839 -1e-06 1e-06 -1e-06 -3.44039 0.788234 0.501656 -15.928196 -3.167309 2.999707 -6.338831 -0.0 -0.0 -18.123459 3.648188 -4.905675 -4e-06 -0.0 -1e-06 18.506706 9.493811 15.103641 55.166431 10.098949 20.19887 0.445622 26.501545 0.238469 -6.258218 3.751411 8.963408 2.243545 -5.25504 -3.180156 14.282898 -0.8266 6.952503 2e-06 -12.69061 -0.0 16.498789 -17.468666 2.275212 1.665669 -1.955923 -2.878299 4.727803 -4.170592 4.993925 11.020534 -1e-06 -1e-06 12.109059 -3.73572 -2.866788 -0.0 -0.0 -0.0 1.291986 -1.92855 -1.498091 14.800136 0.567463 3.865607 14.242583 -1.341743 -6.660661 19.631975 0.14392 -0.648251 50.265182 -0.416108 -6.581509 0.353031 -1.511153 -0.03194 20.222803 3.684306 2.316628 18.787287 0.0 -5e-06 10.751634 -0.479871 1.397902 0.0 0.0 -0.0 3.273808 0.305946 -0.580109 21.48682 11.830376 2.26613 8.16293 0.0 -3e-06 18.399096 -3.79899 -4.940584 2e-06 -1e-06 -2e-06 21.126438 -4.126504 -11.217546 -0.288103 -0.965291 124.721252 6.417089 -16.869074 -46.961891 2.229632 -1.224122 -35.57729 0.0 -0.0 1e-06 -14.782276 -8.67805 -2.844934 0.682398 0.775736 117.102188 -2.450215 15.825416 -40.097328 -1.653542 0.705934 -26.203209 0.0 0.0 -1e-06 
0.0 0.0 0.0 0.0 -0.0 0.0 -4.722778 48.663921 55.849369 -2.753191 0.366372 2.110249 1.259992 -0.39583 -0.584054 -0.011579 0.299487 -4.76164 0.697899 -2.333561 8.654711 -0.329752 2.401536 2.508811 -0.637877 -0.03793 -3.703552 -0.224007 -0.620577 -7.728501 7.7e-05 -2.3e-05 6e-06 0.000801 -0.061481 -0.043636 0.689916 -3.754285 -10.634401 -0.69635 3.635687 -10.667672 -22.479013 -3.68309 15.606796 -52.430634 -10.442267 6.864966 0.079396 -22.1057 0.031249 13.16297 -4.110707 11.372694 -5.882108 9.86129 0.70259 -10.936878 -0.360575 7.156209 1e-06 8.774831 -0.0 -15.760801 17.883385 6.107833 -1.844033 2.498506 -2.507281 -10.163609 4.678947 4.62111 -20.976038 -6e-06 4e-06 -21.226299 2.451696 -3.594 1e-06 -7e-06 -1e-06 -1.362683 2.240799 -0.746324 -21.334929 0.584909 3.008326 -13.821221 -3e-06 2e-06 -23.887184 -0.24908 -0.839482 -60.445938 2.31263 -1.250108 -0.294025 1.679689 0.833256 -14.218219 0.093213 1.300581 -34.212074 -0.287568 0.967173 -20.033226 0.964537 1.212847 0.0 2e-06 1e-06 -3.44039 0.788233 0.501655 -15.928196 -3.167312 2.99971 -6.33883 -2e-06 -0.0 -18.123459 3.648182 -4.905672 -4e-06 -1e-06 -1e-06 18.500153 9.506898 15.138764 55.202469 10.107196 20.071198 0.417876 26.502729 0.227031 -6.23323 3.760117 8.908248 2.243543 -5.25504 -3.180159 14.282902 -0.826596 6.952509 -3e-06 -12.690614 4e-06 16.50354 -17.466627 2.268587 1.665667 -1.955922 -2.878302 4.727803 -4.170591 4.99393 11.020535 3e-06 -1e-06 12.10906 -3.735717 -2.866786 -0.0 -0.0 -1e-06 1.291986 -1.92855 -1.498091 14.800142 0.567469 3.865611 14.242584 -1.341736 -6.660661 19.631985 0.143927 -0.648245 50.258068 -0.422841 -6.603431 0.35303 -1.511151 -0.03194 20.222809 3.684314 2.316629 18.787289 5e-06 0.0 10.751638 -0.479869 1.397907 -0.0 0.0 0.0 3.273808 0.305948 -0.580111 21.486832 11.830384 2.266134 8.162933 2e-06 -2e-06 18.399094 -3.798989 -4.940578 2e-06 0.0 -1e-06 21.115244 -4.045556 -11.197844 -0.281924 -0.985742 124.560631 6.399525 -16.868507 -46.841129 2.208751 -1.221701 -35.584976 0.0 -0.0 1e-06 -14.771329 -8.754888 -2.732439 0.687545 0.793914 116.914619 -2.390377 15.837146 -40.070328 -1.645726 0.708705 -26.178844 0.0 -0.0 -1e-06 
0.0 0.0 0.0 0.0 -0.0 0.0 -4.741355 48.660282 55.996174 -2.744039 0.415504 2.177798 1.258015 -0.40589 -0.562259 -0.020804 0.28021 -4.767802 0.689884 -2.341018 8.620433 -0.273274 2.390889 2.408931 -0.671998 -0.064365 -3.707189 -0.254052 -0.626438 -7.655463 7.7e-05 -2.3e-05 6e-06 0.000148 -0.071122 -0.048161 0.691903 -3.763842 -10.649175 -0.699604 3.625614 -10.679255 -22.449694 -3.751269 15.616927 -52.343571 -10.518783 7.052145 0.043019 -22.258299 0.042798 13.148831 -4.159081 11.21819 -5.882108 9.861288 0.702591 -10.936875 -0.360575 7.156207 1e-06 8.774828 0.0 -15.726563 17.900646 6.114484 -1.844033 2.498504 -2.507277 -10.163602 4.678946 4.62111 -20.976028 -4e-06 4e-06 -21.226292 2.451697 -3.593999 0.0 -7e-06 -1e-06 -1.362683 2.240799 -0.746324 -21.334921 0.58491 3.008326 -13.821218 -2e-06 3e-06 -23.887175 -0.249077 -0.83948 -60.442707 2.322235 -1.241726 -0.294025 1.679686 0.833257 -14.218211 0.093215 1.300583 -34.212059 -0.287562 0.967171 -20.033215 0.964538 1.212842 -1e-06 2e-06 -1e-06 -3.440389 0.788235 0.501655 -15.928191 -3.167309 2.999706 -6.338828 -1e-06 0.0 -18.123453 3.648184 -4.90567 -4e-06 -0.0 -1e-06 18.502636 9.523726 15.153779 55.21484 10.121545 20.057367 0.345683 26.460293 0.199385 -6.205866 3.78003 8.741131 2.243542 -5.255037 -3.180159 14.28289 -0.826596 6.9525 -2e-06 -12.690604 -0.0 16.500895 -17.468027 2.262365 1.665666 -1.955922 -2.878297 4.727798 -4.170588 4.993921 11.020525 3e-06 -0.0 12.109052 -3.735716 -2.866783 0.0 -0.0 -0.0 1.291986 -1.928548 -1.498089 14.800127 0.567468 3.865607 14.242574 -1.341737 -6.660658 19.631968 0.143924 -0.648245 50.249557 -0.426737 -6.626087 0.353029 -1.511151 -0.03194 20.22279 3.684309 2.316629 18.787271 5e-06 -1e-06 10.751629 -0.479868 1.397906 0.0 0.0 0.0 3.273806 0.305948 -0.580112 21.486813 11.830374 2.266131 8.162926 2e-06 -2e-06 18.399084 -3.798984 -4.940575 2e-06 0.0 -2e-06 21.175423 -4.069768 -11.066733 -0.285725 -1.011386 124.389381 6.335207 -16.966505 -46.893044 2.180243 -1.221318 -35.625427 0.0 0.0 2e-06 -14.766242 -8.8276 -2.588243 0.696057 0.809388 116.726776 -2.339382 15.845549 -40.052433 -1.638759 0.712031 -26.090046 0.0 0.0 -2e-06 
0.0 0.0 0.0 0.0 -0.0 0.0 -4.75951 48.648773 56.136089 -2.736099 0.45445 2.239999 1.24847 -0.406912 -0.538622 -0.036458 0.27143 -4.772891 0.695627 -2.35193 8.574532 -0.204005 2.389333 2.326868 -0.698246 -0.095331 -3.70695 -0.285523 -0.618472 -7.602583 7.7e-05 -2.3e-05 6e-06 -0.00084 -0.082871 -0.04974 0.694134 -3.775328 -10.660336 -0.703791 3.613333 -10.687752 -22.422098 -3.825033 15.611055 -52.262646 -10.582713 7.20095 0.042198 -22.413801 0.032876 13.167314 -4.19672 11.057218 -5.882107 9.861286 0.702589 -10.936877 -0.360576 7.156207 2e-06 8.774828 -1e-06 -15.686234 17.910486 6.136054 -1.844033 2.498506 -2.507278 -10.163605 4.678945 4.621109 -20.976036 -7e-06 4e-06 -21.226295 2.451695 -3.593998 1e-06 -6e-06 -1e-06 -1.362683 2.240799 -0.746324 -21.334925 0.584906 3.008323 -13.821221 -5e-06 2e-06 -23.887184 -0.249083 -0.839482 -60.434429 2.33561 -1.220044 -0.294026 1.679688 0.833256 -14.218217 0.093212 1.300581 -34.212067 -0.28757 0.967175 -20.033222 0.964534 1.212846 0.0 1e-06 -0.0 -3.440389 0.788233 0.501655 -15.928194 -3.167312 2.999706 -6.338829 -2e-06 -1e-06 -18.123455 3.648181 -4.905671 -4e-06 -1e-06 -2e-06 18.520096 9.542978 15.132679 55.197453 10.115436 20.058096 0.298608 26.399944 0.176577 -6.210769 3.79208 8.578916 2.243541 -5.255037 -3.180158 14.282894 -0.826594 6.9525 -4e-06 -12.690606 -1e-06 16.496826 -17.474991 2.258293 1.665667 -1.955922 -2.878298 4.7278 -4.170587 4.993923 11.020529 4e-06 -1e-06 12.109055 -3.735715 -2.866784 -0.0 0.0 -1e-06 1.291986 -1.92855 -1.498091 14.800131 0.56747 3.865606 14.242577 -1.341734 -6.660658 19.631973 0.14393 -0.648246 50.248169 -0.432093 -6.637839 0.353029 -1.51115 -0.031939 20.222795 3.684313 2.316628 18.787277 8e-06 -1e-06 10.751629 -0.479865 1.397906 -0.0 0.0 0.0 3.273807 0.305948 -0.580111 21.486818 11.830379 2.266129 8.162929 2e-06 -3e-06 18.399086 -3.798982 -4.940579 2e-06 0.0 -1e-06 21.178503 -4.046717 -10.975232 -0.293568 -1.035098 124.221611 6.254204 -17.000612 -46.834572 2.156131 -1.222758 -35.642296 -0.0 -0.0 2e-06 -14.759175 -8.87962 -2.446476 0.705107 0.818088 116.555496 -2.325928 15.848083 -40.057945 -1.633251 0.71464 -25.989059 0.0 -0.0 -2e-06 
0.0 0.0 0.0 0.0 -0.0 0.0 -4.781785 48.639767 56.259312 -2.746224 0.48373 2.298429 1.24698 -0.404697 -0.520869 -0.048302 0.269224 -4.776034 0.709498 -2.354798 8.527118 -0.143168 2.39932 2.252149 -0.71678 -0.12271 -3.702103 -0.299839 -0.609955 -7.546226 7.7e-05 -2.2e-05 6e-06 -0.001734 -0.09097 -0.048822 0.694241 -3.783381 -10.664999 -0.705661 3.60498 -10.69199 -22.395163 -3.891212 15.588671 -52.195263 -10.638368 7.301455 0.050621 -22.549061 0.017254 13.196264 -4.20904 10.881501 -5.882105 9.861282 0.702587 -10.936873 -0.360578 7.156203 2e-06 8.774824 -1e-06 -15.662086 17.912029 6.155044 -1.844032 2.498503 -2.507277 -10.163601 4.678943 4.621107 -20.976027 -9e-06 3e-06 -21.226288 2.451692 -3.593997 1e-06 -7e-06 -1e-06 -1.36268 2.240798 -0.746325 -21.334915 0.584905 3.008322 -13.821215 -6e-06 2e-06 -23.887171 -0.249084 -0.83948 -60.427799 2.331934 -1.183151 -0.294024 1.679687 0.833256 -14.218208 0.093212 1.300578 -34.212051 -0.287574 0.967173 -20.033215 0.964532 1.212847 1e-06 1e-06 -0.0 -3.440389 0.788233 0.501655 -15.928189 -3.167312 2.999705 -6.338827 -3e-06 -1e-06 -18.123446 3.648178 -4.90567 -5e-06 -1e-06 -1e-06 18.537979 9.560179 15.097729 55.159065 10.112887 20.046829 0.293026 26.329544 0.170165 -6.23217 3.795417 8.448198 2.24354 -5.255036 -3.180156 14.282889 -0.826593 6.952504 -4e-06 -12.690603 -2e-06 16.490572 -17.486452 2.259611 1.665666 -1.955921 -2.878299 4.727799 -4.170586 4.993925 11.020527 4e-06 0.0 12.109053 -3.735715 -2.866782 -0.0 0.0 -0.0 1.291986 -1.928549 -1.498089 14.800127 0.567469 3.865608 14.242569 -1.341734 -6.660657 19.631966 0.143928 -0.648245 50.260113 -0.445448 -6.63129 0.353028 -1.511151 -0.031941 20.222788 3.684312 2.316631 18.787271 5e-06 2e-06 10.751627 -0.479868 1.397906 1e-06 -0.0 0.0 3.273808 0.305946 -0.580112 21.486813 11.830377 2.266133 8.162926 3e-06 1e-06 18.39908 -3.798982 -4.940573 2e-06 -1e-06 -2e-06 21.202351 -4.027251 -10.898798 -0.306288 -1.05599 124.06871 6.170087 -17.033623 -46.771797 2.144711 -1.224179 -35.629192 0.0 -0.0 2e-06 -14.727919 -8.91992 -2.328708 0.710152 0.816088 116.404404 -2.332566 15.841087 -40.065563 -1.627129 0.717785 -25.839333 0.0 0.0 -2e-06 
0.0 0.0 0.0 0.0 -0.0 0.0 -4.808076 48.636833 56.373764 -2.764226 0.495562 2.355303 1.247204 -0.392178 -0.513089 -0.054567 0.270337 -4.775746 0.728052 -2.345898 8.479107 -0.104522 2.405699 2.188838 -0.729031 -0.142926 -3.697315 -0.278929 -0.621938 -7.483565 7.7e-05 -2.3e-05 6e-06 -0.002882 -0.095923 -0.047421 0.693748 -3.788169 -10.668312 -0.70745 3.599481 -10.694736 -22.368065 -3.952452 15.553033 -52.137547 -10.686679 7.373121 0.04835 -22.649796 0.009323 13.215923 -4.204249 10.709085 -5.882105 9.861284 0.70259 -10.93687 -0.360574 7.156203 -0.0 8.774823 -1e-06 -15.660186 17.911644 6.16198 -1.844032 2.498504 -2.507277 -10.163597 4.678944 4.621109 -20.976021 -3e-06 1e-06 -21.226282 2.451696 -3.594 1e-06 -6e-06 -1e-06 -1.362682 2.240797 -0.746323 -21.334911 0.584909 3.008322 -13.82121 -3e-06 1e-06 -23.887167 -0.249079 -0.839481 -60.42717 2.320377 -1.157049 -0.294026 1.679687 0.833256 -14.218207 0.093215 1.300581 -34.212044 -0.287563 0.967169 -20.033211 0.964536 1.212842 0.0 1e-06 -1e-06 -3.440388 0.788234 0.501655 -15.928183 -3.167308 2.999707 -6.338824 -1e-06 1e-06 -18.123444 3.648183 -4.905669 -4e-06 -0.0 -2e-06 18.544504 9.567517 15.061119 55.10672 10.117174 20.011053 0.323225 26.269232 0.17951 -6.253613 3.788851 8.365625 2.243542 -5.255035 -3.180157 14.282887 -0.826594 6.952499 -3e-06 -12.690601 -0.0 16.487656 -17.500608 2.264339 1.665668 -1.955921 -2.878298 4.727797 -4.170586 4.993922 11.020523 4e-06 -1e-06 12.10905 -3.735713 -2.866783 -0.0 -0.0 -0.0 1.291986 -1.928549 -1.498088 14.800125 0.567468 3.865607 14.242569 -1.341735 -6.660655 19.631962 0.143927 -0.648246 50.278038 -0.459376 -6.612571 0.353029 -1.51115 -0.031938 20.222786 3.684309 2.316627 18.78727 7e-06 -2e-06 10.751626 -0.479867 1.397905 -0.0 -0.0 0.0 3.273804 0.305947 -0.580109 21.486803 11.830371 2.266129 8.162924 2e-06 -1e-06 18.399075 -3.798983 -4.940574 2e-06 0.0 -2e-06 21.228539 -4.016979 -10.822971 -0.320535 -1.066204 123.919975 6.068282 -17.067799 -46.706818 2.148575 -1.225401 -35.590839 0.0 -0.0 2e-06 -14.686622 -8.953433 -2.230776 0.712979 0.814216 116.26519 -2.366126 15.82178 -40.080723 -1.622665 0.7195 -25.745474 -0.0 0.0 -1e-06 
0.0 0.0 0.0 0.0 -0.0 0.0 -4.82426 48.639603 56.480873 -2.777292 0.500957 2.408399 1.24284 -0.37494 -0.515643 -0.058664 0.281206 -4.771692 0.750014 -2.322099 8.432382 -0.075412 2.406189 2.130943 -0.731847 -0.160242 -3.695232 -0.22701 -0.653035 -7.421248 7.7e-05 -2.2e-05 6e-06 -0.003817 -0.099142 -0.046448 0.694099 -3.789684 -10.666049 -0.709629 3.594259 -10.691791 -22.340956 -4.011149 15.477706 -52.089485 -10.708637 7.432268 0.031394 -22.693687 0.011259 13.216752 -4.200316 10.563471 -5.882109 9.861288 0.702592 -10.936875 -0.360573 7.156203 -0.0 8.774827 -1e-06 -15.700562 17.924793 6.151947 -1.844033 2.498506 -2.507277 -10.163604 4.678947 4.621106 -20.97603 -2e-06 1e-06 -21.226292 2.451698 -3.594002 0.0 -6e-06 -1e-06 -1.362681 2.240798 -0.746325 -21.334921 0.584912 3.00832 -13.821218 -2e-06 2e-06 -23.887178 -0.24908 -0.839484 -60.449394 2.324793 -1.164417 -0.294026 1.679689 0.833255 -14.218213 0.093217 1.300581 -34.212059 -0.287563 0.967166 -20.033218 0.964537 1.21284 1e-06 2e-06 -1e-06 -3.440389 0.788234 0.501656 -15.928189 -3.167307 2.999704 -6.338829 -0.0 -1e-06 -18.123455 3.648185 -4.905672 -4e-06 -0.0 -2e-06 18.533302 9.577877 14.997868 55.06802 10.09813 20.00148 0.358779 26.214645 0.1909 -6.270929 3.757196 8.368921 2.243543 -5.255038 -3.180158 14.282898 -0.826596 6.952503 -2e-06 -12.690607 0.0 16.482815 -17.512461 2.261072 1.665667 -1.955921 -2.878297 4.727801 -4.170588 4.993925 11.020534 2e-06 -1e-06 12.109058 -3.735717 -2.866785 -0.0 -0.0 -1e-06 1.291986 -1.92855 -1.49809 14.800136 0.567466 3.865609 14.242579 -1.341737 -6.660658 19.631975 0.143924 -0.648248 50.268982 -0.468486 -6.604742 0.353029 -1.511151 -0.03194 20.222801 3.684309 2.316631 18.787283 4e-06 -2e-06 10.751634 -0.47987 1.397906 0.0 0.0 0.0 3.273809 0.305946 -0.580112 21.486824 11.830376 2.26613 8.162932 1e-06 -2e-06 18.399094 -3.798985 -4.940578 2e-06 0.0 -1e-06 21.232731 -4.015754 -10.741912 -0.327348 -1.067895 123.786263 6.017151 -17.063332 -46.683594 2.165769 -1.228678 -35.516392 -0.0 -0.0 2e-06 -14.659251 -8.95686 -2.145781 0.713904 0.798045 116.133133 -2.396111 15.808008 -40.096642 -1.619688 0.717825 -25.791531 0.0 0.0 -2e-06 
0.0 0.0 0.0 0.0 -0.0 0.0 -4.837084 48.638039 56.599026 -2.791293 0.509045 2.461536 1.239808 -0.363613 -0.523204 -0.061606 0.302774 -4.763717 0.771362 -2.291473 8.383191 -0.044638 2.399841 2.073035 -0.720475 -0.177148 -3.688531 -0.164694 -0.697346 -7.378137 7.7e-05 -2.2e-05 6e-06 -0.004429 -0.101312 -0.045946 0.696214 -3.78963 -10.662431 -0.71292 3.589924 -10.687035 -22.331049 -4.063564 15.393293 -52.046066 -10.717993 7.386322 0.000595 -22.665043 0.017335 13.231854 -4.235726 10.472098 -5.882107 9.861288 0.70259 -10.936875 -0.360578 7.156204 2e-06 8.77483 -3e-06 -15.746347 17.949717 6.141948 -1.844033 2.498504 -2.507277 -10.163602 4.678944 4.621107 -20.97603 -9e-06 1e-06 -21.226292 2.451693 -3.593999 -0.0 -6e-06 -1e-06 -1.362682 2.240797 -0.746324 -21.334921 0.584905 3.008322 -13.821218 -6e-06 2e-06 -23.88718 -0.249084 -0.839482 -60.480259 2.333864 -1.185529 -0.294025 1.679688 0.833256 -14.218214 0.093213 1.300577 -34.212063 -0.287572 0.967172 -20.033218 0.964532 1.212844 2e-06 1e-06 -1e-06 -3.44039 0.788233 0.501656 -15.928192 -3.167313 2.999706 -6.338828 -2e-06 -0.0 -18.123453 3.64818 -4.905671 -4e-06 -0.0 -1e-06 18.513302 9.587629 14.950036 55.04068 10.104519 19.950527 0.418323 26.152391 0.209741 -6.301507 3.722897 8.448049 2.243543 -5.255039 -3.180159 14.282903 -0.826594 6.952507 -5e-06 -12.690616 1e-06 16.473282 -17.50864 2.254552 1.665668 -1.955922 -2.8783 4.727801 -4.17059 4.993928 11.020536 5e-06 0.0 12.10906 -3.735716 -2.866786 -0.0 -0.0 1e-06 1.291988 -1.928551 -1.498089 14.800142 0.567471 3.86561 14.242585 -1.341733 -6.660664 19.631987 0.143931 -0.648246 50.248497 -0.465417 -6.593346 0.353029 -1.511152 -0.031939 20.222811 3.684316 2.31663 18.787289 1e-05 -2e-06 10.751637 -0.479866 1.397907 -0.0 -0.0 0.0 3.273809 0.305949 -0.580112 21.486834 11.830388 2.266132 8.162934 3e-06 0.0 18.399096 -3.798985 -4.940578 2e-06 0.0 -2e-06 21.246361 -4.018149 -10.640365 -0.330312 -1.063378 123.646988 5.980085 -17.064133 -46.68203 2.183236 -1.235117 -35.360771 0.0 -0.0 3e-06 -14.635388 -8.956136 -2.043054 0.713574 0.782718 115.9888 -2.429431 15.792154 -40.123314 -1.616849 0.716597 -25.931675 0.0 -0.0 -1e-06 
0.0 0.0 0.0 0.0 -0.0 0.0 -4.841627 48.623131 56.730373 -2.805878 0.524604 2.516055 1.239847 -0.35651 -0.526836 -0.066398 0.338839 -4.756704 0.789122 -2.270398 8.329844 0.006844 2.373818 2.013829 -0.702274 -0.187484 -3.678428 -0.105044 -0.749032 -7.356955 7.7e-05 -2.2e-05 6e-06 -0.004665 -0.105361 -0.046269 0.700249 -3.790552 -10.655921 -0.717391 3.583363 -10.679889 -22.322807 -4.104761 15.322599 -52.022896 -10.734948 7.241317 -0.051109 -22.577215 0.022473 13.280529 -4.31626 10.443292 -5.882106 9.861284 0.702591 -10.93687 -0.360575 7.156206 1e-06 8.774824 -1e-06 -15.769828 17.964966 6.139121 -1.844032 2.498505 -2.507279 -10.163599 4.678944 4.621108 -20.976021 -3e-06 2e-06 -21.226284 2.451697 -3.593999 1e-06 -6e-06 -1e-06 -1.362681 2.240797 -0.746322 -21.334913 0.584909 3.008324 -13.821213 -3e-06 2e-06 -23.887171 -0.249078 -0.839481 -60.50687 2.334233 -1.2033 -0.294024 1.679687 0.833256 -14.218207 0.093215 1.30058 -34.212048 -0.287562 0.96717 -20.033211 0.964538 1.212843 1e-06 1e-06 -1e-06 -3.440387 0.788233 0.501656 -15.928183 -3.167309 2.999707 -6.338824 -2e-06 0.0 -18.123444 3.648182 -4.905667 -4e-06 -1e-06 -2e-06 18.489445 9.590942 14.911556 55.022881 10.15099 19.92498 0.468573 26.042534 0.222442 -6.317868 3.718103 8.584724 2.243541 -5.255036 -3.180156 14.282891 -0.826595 6.952503 -2e-06 -12.690605 1e-06 16.466173 -17.489931 2.248561 1.665666 -1.955921 -2.8783 4.727798 -4.170588 4.993925 11.020526 2e-06 -0.0 12.109053 -3.735716 -2.866785 -0.0 -0.0 -1e-06 1.291986 -1.928549 -1.498087 14.800127 0.567468 3.865607 14.242571 -1.341736 -6.660659 19.631968 0.143926 -0.648247 50.217537 -0.45549 -6.572826 0.353028 -1.511151 -0.031942 20.222794 3.684309 2.31663 18.787273 5e-06 -1e-06 10.751628 -0.47987 1.397906 1e-06 0.0 0.0 3.273806 0.305947 -0.58011 21.486811 11.830373 2.266133 8.162926 1e-06 -0.0 18.39908 -3.798986 -4.940576 2e-06 0.0 -2e-06 21.269091 -4.00637 -10.517298 -0.337395 -1.059182 123.504631 5.994035 -17.047642 -46.708241 2.199428 -1.240174 -35.244755 0.0 -0.0 3e-06 -14.635844 -8.965014 -1.91756 0.714409 0.771291 115.828728 -2.460582 15.783089 -40.136688 -1.613694 0.717237 -26.068632 0.0 0.0 -1e-06 
0.0 0.0 0.0 0.0 -0.0 0.0 -4.834583 48.603271 56.858284 -2.829656 0.552128 2.565192 1.245925 -0.348346 -0.522327 -0.068112 0.378764 -4.749226 0.805862 -2.256233 8.271044 0.068294 2.344405 1.947642 -0.690259 -0.203102 -3.674511 -0.0509 -0.805972 -7.330688 7.7e-05 -2.2e-05 6e-06 -0.004956 -0.108753 -0.0472 0.704896 -3.79148 -10.649868 -0.722552 3.578277 -10.673463 -22.306627 -4.136115 15.281705 -52.02103 -10.76068 7.133958 -0.085771 -22.492287 0.025065 13.338928 -4.389265 10.435185 -5.88211 9.861288 0.70259 -10.936876 -0.360573 7.156207 -1e-06 8.774828 0.0 -15.76916 17.956768 6.136867 -1.844033 2.498506 -2.507278 -10.163604 4.678948 4.621109 -20.976032 -3e-06 -0.0 -21.226295 2.451698 -3.594002 1e-06 -6e-06 -1e-06 -1.362682 2.240799 -0.746323 -21.334925 0.584914 3.00832 -13.82122 -2e-06 0.0 -23.88718 -0.249079 -0.839485 -60.501514 2.315838 -1.211826 -0.294025 1.679688 0.833257 -14.218214 0.093218 1.300579 -34.212067 -0.287561 0.967165 -20.033222 0.964538 1.21284 0.0 1e-06 -1e-06 -3.44039 0.788235 0.501655 -15.928192 -3.167306 2.999706 -6.338829 0.0 -0.0 -18.123459 3.648186 -4.905673 -4e-06 -1e-06 -2e-06 18.467422 9.581161 14.861904 55.015156 10.199452 19.956327 0.499204 25.917574 0.229832 -6.328878 3.715216 8.632685 2.243544 -5.255037 -3.180159 14.282896 -0.826596 6.952499 -2e-06 -12.690605 1e-06 16.462368 -17.46155 2.237881 1.665667 -1.955922 -2.878299 4.7278 -4.170588 4.993921 11.020529 2e-06 1e-06 12.109055 -3.735717 -2.866785 0.0 -0.0 -1e-06 1.291986 -1.928549 -1.498088 14.800132 0.567467 3.865608 14.242577 -1.341737 -6.660657 19.631973 0.143924 -0.648245 50.183788 -0.436452 -6.549643 0.353029 -1.511151 -0.03194 20.222797 3.684308 2.316631 18.787279 5e-06 -2e-06 10.751631 -0.479869 1.397904 1e-06 0.0 0.0 3.273808 0.305947 -0.58011 21.486818 11.830376 2.266131 8.16293 1e-06 -3e-06 18.399088 -3.798985 -4.940578 2e-06 0.0 -2e-06 21.30098 -3.993575 -10.40317 -0.343682 -1.049439 123.368202 6.030713 -17.022375 -46.719532 2.207635 -1.242234 -35.197712 0.0 -0.0 2e-06 -14.647982 -8.991129 -1.788896 0.717044 0.767721 115.66539 -2.519833 15.765849 -40.134785 -1.615594 0.718112 -26.127132 0.0 -0.0 -1e-06 
0.0 0.0 0.0 0.0 -0.0 0.0 -4.825253 48.589104 56.975628 -2.859594 0.570266 2.614923 1.26032 -0.344685 -0.5183 -0.064343 0.408072 -4.7425 0.81477 -2.237966 8.214109 0.137045 2.328571 1.861815 -0.697412 -0.209859 -3.674306 -0.001574 -0.870268 -7.293484 7.7e-05 -2.2e-05 6e-06 -0.005151 -0.109129 -0.048918 0.708722 -3.791006 -10.642905 -0.726645 3.577882 -10.666219 -22.280352 -4.164355 15.261415 -52.048359 -10.776851 7.098426 -0.091272 -22.407852 0.024089 13.402548 -4.43391 10.386207 -5.88211 9.86129 0.702591 -10.936875 -0.360574 7.156208 -1e-06 8.77483 -1e-06 -15.769305 17.932348 6.130851 -1.844033 2.498506 -2.507277 -10.163602 4.678948 4.621109 -20.97603 -3e-06 1e-06 -21.226294 2.451698 -3.594 1e-06 -6e-06 -1e-06 -1.362681 2.240798 -0.746323 -21.334921 0.584911 3.008324 -13.821218 -2e-06 2e-06 -23.887182 -0.249079 -0.839483 -60.469189 2.278196 -1.213177 -0.294024 1.679688 0.833255 -14.218214 0.093216 1.30058 -34.212063 -0.287563 0.967169 -20.033222 0.964538 1.212843 1e-06 1e-06 -1e-06 -3.44039 0.788234 0.501655 -15.928192 -3.16731 2.999708 -6.338829 -0.0 -0.0 -18.123455 3.648186 -4.905671 -5e-06 -1e-06 -1e-06 18.444996 9.580422 14.816257 55.022976 10.249261 20.025595 0.514625 25.813604 0.229737 -6.345505 3.704963 8.616448 2.243544 -5.25504 -3.18016 14.282902 -0.826595 6.952506 -3e-06 -12.690612 2e-06 16.472725 -17.433199 2.221227 1.665667 -1.955921 -2.8783 4.727801 -4.170589 4.993926 11.020535 3e-06 -1e-06 12.109059 -3.735717 -2.866788 0.0 0.0 -1e-06 1.291986 -1.92855 -1.49809 14.800139 0.567468 3.865609 14.242584 -1.341737 -6.660659 19.631985 0.143927 -0.648246 50.170269 -0.423719 -6.525216 0.35303 -1.511152 -0.03194 20.222805 3.684313 2.316629 18.787289 6e-06 -3e-06 10.751637 -0.479868 1.397905 0.0 0.0 1e-06 3.273809 0.305947 -0.58011 21.48683 11.830383 2.266131 8.162934 2e-06 -1e-06 18.399096 -3.798988 -4.940581 2e-06 0.0 -1e-06 21.342003 -3.969369 -10.308406 -0.343641 -1.038273 123.234741 6.07449 -17.002583 -46.705818 2.206895 -1.242077 -35.215317 0.0 -0.0 3e-06 -14.654868 -9.026023 -1.68797 0.719136 0.775014 115.508865 -2.556335 15.755042 -40.094784 -1.625513 0.716932 -26.133268 0.0 0.0 -1e-06 
0.0 0.0 0.0 0.0 -0.0 0.0 -4.821293 48.595615 57.068245 -2.893208 0.574216 2.66083 1.281501 -0.341722 -0.521612 -0.054544 0.424313 -4.739372 0.818537 -2.216936 8.180161 0.201164 2.321766 1.765351 -0.718661 -0.200851 -3.674334 0.041394 -0.932295 -7.255828 7.7e-05 -2.3e-05 6e-06 -0.004917 -0.106498 -0.052784 0.711415 -3.789344 -10.637995 -0.728685 3.581887 -10.662052 -22.242773 -4.188087 15.253998 -52.091522 -10.801102 7.184034 -0.080605 -22.330036 0.02078 13.434033 -4.422013 10.286685 -5.88211 9.861286 0.702591 -10.936874 -0.360574 7.156208 -1e-06 8.774826 -2e-06 -15.783746 17.908962 6.115811 -1.844033 2.498503 -2.507279 -10.163604 4.678947 4.621107 -20.976027 -2e-06 1e-06 -21.226292 2.451698 -3.594 -0.0 -6e-06 -2e-06 -1.362682 2.240798 -0.746325 -21.334919 0.584912 3.008322 -13.821217 -2e-06 1e-06 -23.887175 -0.249077 -0.839484 -60.45203 2.237584 -1.206439 -0.294026 1.679688 0.833256 -14.218212 0.093216 1.300581 -34.212059 -0.28756 0.967167 -20.03322 0.964539 1.21284 1e-06 1e-06 -1e-06 -3.44039 0.788233 0.501656 -15.928189 -3.167309 2.999706 -6.338827 -0.0 -1e-06 -18.123453 3.648185 -4.905672 -4e-06 -1e-06 -1e-06 18.426203 9.602648 14.806417 55.033829 10.312271 20.065262 0.530892 25.755922 0.23299 -6.35217 3.697692 8.560966 2.243544 -5.255041 -3.18016 14.282902 -0.826597 6.952505 -2e-06 -12.690614 2e-06 16.488224 -17.408554 2.205812 1.665668 -1.955924 -2.878301 4.727803 -4.170592 4.993927 11.020536 2e-06 0.0 12.109062 -3.735719 -2.866785 0.0 -0.0 -0.0 1.291986 -1.928551 -1.49809 14.800139 0.567467 3.86561 14.242584 -1.341738 -6.660664 19.631985 0.143924 -0.648247 50.161964 -0.420823 -6.514595 0.35303 -1.511152 -0.031939 20.222805 3.684311 2.316632 18.787289 3e-06 -2e-06 10.751636 -0.47987 1.397905 0.0 -0.0 -1e-06 3.273809 0.305947 -0.580112 21.486832 11.830383 2.266131 8.162935 1e-06 -2e-06 18.399099 -3.798987 -4.94058 2e-06 0.0 -1e-06 21.389565 -3.94508 -10.242475 -0.339053 -1.027034 123.120255 6.103452 -16.99684 -46.686562 2.201905 -1.241097 -35.19479 -0.0 -0.0 2e-06 -14.653676 -9.069134 -1.629111 0.719511 0.787834 115.3778 -2.56544 15.762134 -40.043541 -1.635834 0.714599 -26.145752 0.0 -0.0 -1e-06 
0.0 0.0 0.0 0.0 -0.0 0.0 -4.829735 48.616737 57.154961 -2.925325 0.581011 2.696251 1.298334 -0.340963 -0.523943 -0.037341 0.417173 -4.742423 0.817427 -2.190474 8.168544 0.245412 2.311937 1.660107 -0.739021 -0.173245 -3.680649 0.091869 -0.990148 -7.204515 7.7e-05 -2.2e-05 6e-06 -0.004779 -0.102356 -0.057024 0.712427 -3.787838 -10.641827 -0.729264 3.588649 -10.666474 -22.177982 -4.207054 15.284724 -52.155087 -10.8571 7.387745 -0.045248 -22.272871 0.014823 13.40946 -4.360136 10.205835 -5.882106 9.861284 0.702589 -10.936868 -0.360574 7.156204 -0.0 8.774824 -2e-06 -15.802268 17.892916 6.104271 -1.844032 2.498503 -2.507278 -10.163597 4.678945 4.621108 -20.976021 -2e-06 1e-06 -21.226282 2.451697 -3.594002 -0.0 -6e-06 -2e-06 -1.36268 2.240797 -0.746323 -21.334911 0.584911 3.008321 -13.821211 -2e-06 1e-06 -23.887165 -0.249079 -0.839485 -60.470295 2.203748 -1.18557 -0.294024 1.679687 0.833256 -14.218207 0.093216 1.300577 -34.212048 -0.287564 0.967168 -20.033211 0.964535 1.212845 1e-06 1e-06 -0.0 -3.440388 0.788233 0.501656 -15.928183 -3.167308 2.999707 -6.338825 -0.0 -1e-06 -18.123444 3.648182 -4.90567 -5e-06 -0.0 -1e-06 18.410282 9.651821 14.838397 55.051865 10.370082 20.001667 0.568732 25.760567 0.245662 -6.332401 3.696394 8.491978 2.243543 -5.255037 -3.180156 14.282887 -0.826596 6.952497 -2e-06 -12.690605 3e-06 16.494064 -17.40213 2.203046 1.665666 -1.955921 -2.878298 4.727798 -4.170588 4.99392 11.020524 2e-06 -0.0 12.10905 -3.735717 -2.866786 0.0 0.0 -0.0 1.291985 -1.928549 -1.498089 14.800125 0.567468 3.865603 14.242569 -1.341737 -6.660657 19.631962 0.143925 -0.648246 50.166763 -0.427439 -6.515622 0.35303 -1.511151 -0.031941 20.222786 3.684309 2.316627 18.78727 5e-06 -2e-06 10.751625 -0.479869 1.397905 -0.0 -0.0 1e-06 3.273807 0.305948 -0.58011 21.486809 11.830374 2.26613 8.162926 2e-06 -2e-06 18.39908 -3.798985 -4.940577 2e-06 0.0 -1e-06 21.446461 -3.936569 -10.180121 -0.333674 -1.018496 123.004509 6.109802 -17.017218 -46.664753 2.193769 -1.238081 -35.178394 -0.0 0.0 3e-06 -14.642481 -9.138514 -1.566623 0.721704 0.811959 115.247215 -2.575037 15.769865 -39.998775 -1.643996 0.712531 -26.168491 0.0 -0.0 -1e-06 
0.0 0.0 0.0 0.0 -0.0 0.0 -4.859835 48.65049 57.235741 -2.949356 0.584652 2.703591 1.307339 -0.343045 -0.508158 -0.014834 0.39474 -4.744539 0.809178 -2.164655 8.162964 0.249262 2.306549 1.555006 -0.745624 -0.136068 -3.68632 0.151456 -1.022818 -7.129412 7.7e-05 -2.3e-05 6e-06 -0.004597 -0.095492 -0.06029 0.710373 -3.784374 -10.648213 -0.726751 3.598629 -10.672551 -22.111776 -4.220195 15.345521 -52.222637 -10.932537 7.583134 -0.016748 -22.247274 0.016407 13.3435 -4.30231 10.201549 -5.882109 9.861286 0.702592 -10.936873 -0.360573 7.156206 -0.0 8.774826 -1e-06 -15.786882 17.891676 6.102978 -1.844033 2.498505 -2.507277 -10.163601 4.678947 4.621111 -20.976025 -1e-06 5e-06 -21.22629 2.4517 -3.594002 0.0 -6e-06 -2e-06 -1.362682 2.240798 -0.746324 -21.334917 0.584912 3.008326 -13.821216 -0.0 2e-06 -23.887175 -0.249075 -0.839483 -60.469795 2.201153 -1.165796 -0.294025 1.679687 0.833254 -14.218212 0.093217 1.300581 -34.212059 -0.287559 0.967171 -20.033218 0.964538 1.212842 0.0 2e-06 -1e-06 -3.440389 0.788234 0.501657 -15.928187 -3.167308 2.999709 -6.338827 -0.0 0.0 -18.123449 3.648184 -4.905669 -4e-06 -0.0 -1e-06 18.393358 9.718613 14.889773 55.075157 10.411003 19.902149 0.608843 25.807796 0.262385 -6.234016 3.70415 8.428857 2.243544 -5.25504 -3.180161 14.282896 -0.826597 6.952503 -1e-06 -12.690609 -0.0 16.493679 -17.410185 2.205525 1.665668 -1.955923 -2.878301 4.727801 -4.17059 4.993925 11.020531 1e-06 -2e-06 12.109058 -3.735719 -2.866786 0.0 -0.0 1e-06 1.291986 -1.92855 -1.49809 14.800136 0.567465 3.865608 14.24258 -1.341739 -6.660663 19.631975 0.143923 -0.648248 50.169632 -0.441985 -6.539253 0.353029 -1.51115 -0.031942 20.222801 3.684309 2.31663 18.787283 3e-06 -2e-06 10.751633 -0.47987 1.397905 0.0 -0.0 0.0 3.273808 0.305946 -0.580111 21.486824 11.830376 2.266132 8.16293 -0.0 0.0 18.399094 -3.798988 -4.940581 2e-06 0.0 -2e-06 21.496389 -3.948954 -10.092093 -0.33253 -1.027559 122.885338 6.093542 -17.053802 -46.664017 2.186801 -1.233022 -35.224072 0.0 -0.0 2e-06 -14.632425 -9.225163 -1.469884 0.727077 0.840818 115.126389 -2.601467 15.781384 -40.011791 -1.644521 0.71118 -26.178801 0.0 0.0 -1e-06 
0.0 0.0 0.0 0.0 -0.0 0.0 -4.912096 48.693542 57.315987 -2.960244 0.577578 2.685783 1.31442 -0.344799 -0.485636 -0.003903 0.379488 -4.744274 0.797266 -2.149543 8.162191 0.204673 2.303272 1.469139 -0.729659 -0.099087 -3.688243 0.207841 -1.020819 -7.080992 7.7e-05 -2.3e-05 6e-06 -0.004944 -0.089982 -0.059974 0.706287 -3.781678 -10.65424 -0.723338 3.60666 -10.67739 -22.065128 -4.241651 15.404064 -52.29203 -10.999884 7.718268 0.007611 -22.244993 0.023273 13.261999 -4.277571 10.22509 -5.882108 9.861287 0.702591 -10.936873 -0.360573 7.156208 -0.0 8.774828 -2e-06 -15.749089 17.899179 6.107189 -1.844032 2.498505 -2.507276 -10.163602 4.678947 4.621108 -20.976027 -3e-06 1e-06 -21.22629 2.451698 -3.593999 1e-06 -6e-06 -1e-06 -1.36268 2.240798 -0.746323 -21.334915 0.584911 3.008324 -13.821215 -1e-06 2e-06 -23.887175 -0.249077 -0.839485 -60.445644 2.221604 -1.157719 -0.294024 1.679687 0.833257 -14.218208 0.093217 1.300581 -34.212048 -0.287561 0.967167 -20.033215 0.964539 1.212842 1e-06 1e-06 -1e-06 -3.440389 0.788234 0.501655 -15.928189 -3.16731 2.999709 -6.338828 -0.0 0.0 -18.123447 3.648185 -4.905673 -5e-06 -0.0 -2e-06 18.36821 9.784489 14.949725 55.103069 10.459892 19.869904 0.626946 25.849131 0.272829 -6.09286 3.732263 8.32006 2.243545 -5.25504 -3.18016 14.282902 -0.826595 6.952506 -4e-06 -12.69061 3e-06 16.484118 -17.426102 2.216408 1.665669 -1.955923 -2.8783 4.727802 -4.170589 4.993924 11.020535 3e-06 -1e-06 12.10906 -3.735717 -2.866784 -0.0 0.0 1e-06 1.291987 -1.92855 -1.498089 14.800139 0.567469 3.865605 14.242584 -1.341736 -6.660661 19.631985 0.143928 -0.648246 50.179493 -0.457305 -6.570436 0.353029 -1.511152 -0.03194 20.222805 3.684312 2.316628 18.787289 7e-06 -1e-06 10.751637 -0.479867 1.397904 1e-06 0.0 0.0 3.27381 0.305947 -0.58011 21.486834 11.830383 2.26613 8.162934 2e-06 -1e-06 18.399099 -3.798983 -4.940581 2e-06 0.0 -2e-06 21.542585 -3.968555 -9.971256 -0.332835 -1.054035 122.753967 6.021648 -17.132519 -46.668385 2.180385 -1.228275 -35.309223 0.0 -0.0 3e-06 -14.623767 -9.306206 -1.344581 0.733015 0.859358 115.004257 -2.624604 15.783955 -40.038967 -1.638586 0.711873 -26.083019 0.0 0.0 -2e-06 
0.0 0.0 0.0 0.0 -0.0 0.0 -4.981236 48.721146 57.404621 -2.954951 0.568368 2.656229 1.321125 -0.339664 -0.46759 -0.010023 0.385744 -4.746204 0.782918 -2.149548 8.166548 0.137106 2.324521 1.417795 -0.704046 -0.091777 -3.686417 0.24438 -0.986206 -7.07573 7.7e-05 -2.2e-05 6e-06 -0.00561 -0.087205 -0.055766 0.702722 -3.779541 -10.655956 -0.721194 3.609759 -10.677736 -22.055927 -4.282556 15.40954 -52.335354 -11.014214 7.76718 0.010443 -22.264666 0.027549 13.221596 -4.299723 10.230529 -5.882106 9.861283 0.702589 -10.936869 -0.360575 7.156206 -0.0 8.774822 -3e-06 -15.70941 17.894167 6.118149 -1.844033 2.498505 -2.507279 -10.163599 4.678944 4.62111 -20.976021 -2e-06 4e-06 -21.226282 2.451697 -3.593999 1e-06 -6e-06 -1e-06 -1.362682 2.240798 -0.746324 -21.334911 0.584911 3.008324 -13.821213 -2e-06 3e-06 -23.887171 -0.249078 -0.839482 -60.40752 2.248293 -1.149459 -0.294026 1.679687 0.833256 -14.218207 0.093215 1.300583 -34.212048 -0.287561 0.967171 -20.033209 0.964539 1.212845 1e-06 1e-06 -1e-06 -3.440388 0.788233 0.501656 -15.928185 -3.167308 2.999711 -6.338825 -0.0 0.0 -18.123444 3.648183 -4.905669 -4e-06 -1e-06 -2e-06 18.343311 9.839306 14.988469 55.109688 10.485466 19.956205 0.619362 25.908831 0.27305 -5.973581 3.753942 8.195123 2.24354 -5.255034 -3.180156 14.28288 -0.826595 6.952504 -0.0 -12.690597 -0.0 16.467358 -17.437639 2.224648 1.665664 -1.95592 -2.878297 4.727795 -4.170584 4.993924 11.020515 1e-06 1e-06 12.10904 -3.735715 -2.866782 0.0 0.0 -1e-06 1.291983 -1.928549 -1.498089 14.800115 0.567467 3.865608 14.242558 -1.341737 -6.660654 19.631948 0.143924 -0.648243 50.181396 -0.462533 -6.59862 0.353028 -1.51115 -0.031941 20.222775 3.684306 2.316631 18.787258 2e-06 2e-06 10.751619 -0.479871 1.397905 -0.0 0.0 0.0 3.273804 0.305946 -0.580111 21.486795 11.830363 2.266135 8.162921 1e-06 1e-06 18.399067 -3.798985 -4.940572 3e-06 0.0 -1e-06 21.592337 -3.997945 -9.828096 -0.332305 -1.081963 122.603592 5.906667 -17.251553 -46.643311 2.171476 -1.227001 -35.381428 0.0 0.0 3e-06 -14.614148 -9.389406 -1.137465 0.739022 0.860966 114.869438 -2.670597 15.770994 -40.150291 -1.63232 0.712782 -25.958237 0.0 -0.0 -1e-06 
0.0 0.0 0.0 0.0 -0.0 0.0 -5.042325 48.72356 57.480877 -2.942702 0.553 2.634258 1.330341 -0.335753 -0.457209 -0.023298 0.401045 -4.747629 0.771436 -2.149736 8.161059 0.050481 2.370497 1.388932 -0.679991 -0.112108 -3.685883 0.282092 -0.931681 -7.081245 7.7e-05 -2.3e-05 6e-06 -0.006951 -0.090319 -0.04944 0.698951 -3.781872 -10.6541 -0.720277 3.605661 -10.675393 -22.097857 -4.31124 15.372384 -52.32576 -11.010708 7.703689 -0.016556 -22.296124 0.030983 13.217623 -4.337573 10.20771 -5.882106 9.861286 0.70259 -10.936873 -0.360576 7.156207 1e-06 8.774826 -0.0 -15.675918 17.869469 6.133168 -1.844032 2.498505 -2.507279 -10.163599 4.678946 4.621109 -20.976023 -5e-06 3e-06 -21.226286 2.451695 -3.593997 1e-06 -6e-06 0.0 -1.362682 2.240798 -0.746324 -21.334917 0.584908 3.008324 -13.821214 -4e-06 2e-06 -23.887171 -0.24908 -0.839481 -60.352188 2.268623 -1.142218 -0.294025 1.679687 0.833254 -14.218209 0.093213 1.30058 -34.212051 -0.287565 0.967174 -20.033215 0.964537 1.212846 0.0 1e-06 -1e-06 -3.440388 0.788234 0.501655 -15.928187 -3.167311 2.999709 -6.338827 -1e-06 0.0 -18.123446 3.648183 -4.90567 -4e-06 -0.0 -1e-06 18.303921 9.888526 15.001295 55.097614 10.489549 20.08745 0.611432 25.973831 0.266799 -5.890456 3.760987 8.141422 2.243542 -5.255038 -3.180157 14.282896 -0.826596 6.952507 -2e-06 -12.690607 0.0 16.451614 -17.443993 2.23223 1.665666 -1.955922 -2.878299 4.7278 -4.170588 4.993927 11.020529 3e-06 -0.0 12.109055 -3.735716 -2.866781 0.0 0.0 1e-06 1.291986 -1.92855 -1.498091 14.800132 0.567468 3.865608 14.242576 -1.341737 -6.660657 19.631973 0.143925 -0.648244 50.185978 -0.472063 -6.612238 0.353029 -1.511151 -0.031941 20.222801 3.684311 2.316634 18.787283 5e-06 1e-06 10.751631 -0.479869 1.397907 0.0 0.0 1e-06 3.273807 0.305947 -0.580112 21.48682 11.830377 2.266135 8.16293 1e-06 1e-06 18.399088 -3.798986 -4.940575 2e-06 0.0 -2e-06 21.633253 -4.012741 -9.704487 -0.33298 -1.104539 122.473396 5.795683 -17.36076 -46.597622 2.163218 -1.230438 -35.369724 0.0 -0.0 3e-06 -14.62732 -9.415895 -1.068173 0.744391 0.842304 114.754654 -2.646897 15.725911 -39.948669 -1.631058 0.713462 -25.835321 0.0 -0.0 -2e-06 
0.0 0.0 0.0 0.0 -0.0 0.0 -5.095992 48.714451 57.55658 -2.929788 0.534738 2.617877 1.345262 -0.3359 -0.463869 -0.034242 0.414535 -4.74675 0.755183 -2.141782 8.158243 -0.05721 2.426189 1.365391 -0.65923 -0.144372 -3.690999 0.339096 -0.883243 -7.093511 7.7e-05 -2.2e-05 6e-06 -0.009191 -0.096894 -0.045164 0.69466 -3.786978 -10.651365 -0.720665 3.597486 -10.673028 -22.157551 -4.325649 15.31594 -52.299492 -11.016179 7.568022 -0.042103 -22.317532 0.031671 13.195165 -4.371033 10.086542 -5.882105 9.861284 0.70259 -10.936871 -0.360573 7.156207 -1e-06 8.774824 -1e-06 -15.674224 17.84898 6.144412 -1.844032 2.498504 -2.507279 -10.163597 4.678944 4.621109 -20.976019 -3e-06 2e-06 -21.226282 2.451697 -3.593999 0.0 -6e-06 -1e-06 -1.362681 2.240796 -0.746323 -21.334911 0.584911 3.008323 -13.821213 -2e-06 1e-06 -23.887167 -0.249078 -0.839484 -60.317265 2.278712 -1.118743 -0.294025 1.679688 0.833256 -14.218208 0.093216 1.300579 -34.212048 -0.287561 0.96717 -20.033211 0.96454 1.212842 0.0 2e-06 -1e-06 -3.440388 0.788234 0.501657 -15.928185 -3.167308 2.999708 -6.338826 -1e-06 0.0 -18.123444 3.648183 -4.905672 -5e-06 -0.0 -2e-06 18.237463 9.931594 15.010715 55.077744 10.508587 20.169645 0.632125 26.020884 0.270301 -5.826919 3.759307 8.241815 2.243543 -5.255039 -3.180159 14.282897 -0.826598 6.952508 -0.0 -12.690609 2e-06 16.449484 -17.45714 2.23528 1.665667 -1.955922 -2.8783 4.727801 -4.17059 4.993927 11.020531 0.0 -0.0 12.109058 -3.735719 -2.866785 0.0 -0.0 1e-06 1.291987 -1.92855 -1.49809 14.800136 0.567465 3.865609 14.242579 -1.341739 -6.66066 19.631975 0.143922 -0.648243 50.191555 -0.48481 -6.609224 0.353029 -1.511151 -0.03194 20.222801 3.684307 2.316632 18.787283 3e-06 -1e-06 10.751633 -0.47987 1.397907 1e-06 -0.0 -0.0 3.273808 0.305946 -0.580112 21.48682 11.830376 2.266137 8.16293 1e-06 -1e-06 18.399094 -3.79899 -4.940578 2e-06 0.0 -2e-06 21.67465 -4.031088 -9.581352 -0.331213 -1.111404 122.35067 5.719634 -17.44961 -46.563679 2.166625 -1.235113 -35.28838 0.0 -0.0 3e-06 -14.643195 -9.444592 -1.004213 0.746677 0.819237 114.632088 -2.627079 15.65986 -39.692543 -1.628268 0.714098 -25.785856 0.0 0.0 -1e-06 
0.0 0.0 0.0 0.0 -0.0 0.0 -5.138494 48.70565 57.618385 -2.915712 0.515605 2.60798 1.361487 -0.333045 -0.48688 -0.037932 0.432879 -4.740779 0.723294 -2.136312 8.162457 -0.166731 2.48066 1.328715 -0.643797 -0.173174 -3.693749 0.415806 -0.878244 -7.112994 7.7e-05 -2.2e-05 6e-06 -0.010808 -0.098757 -0.043862 0.6925 -3.7864 -10.648963 -0.721932 3.593363 -10.671939 -22.210968 -4.323064 15.240806 -52.267162 -11.02914 7.393381 -0.075763 -22.328094 0.02671 13.183883 -4.419035 9.900863 -5.882108 9.861288 0.702591 -10.936875 -0.360575 7.156208 1e-06 8.774828 -1e-06 -15.677663 17.838007 6.157403 -1.844034 2.498504 -2.507278 -10.163603 4.678944 4.621109 -20.97603 -5e-06 3e-06 -21.226292 2.451696 -3.593999 1e-06 -5e-06 -1e-06 -1.362681 2.240797 -0.746323 -21.334921 0.584909 3.008325 -13.821218 -3e-06 3e-06 -23.887178 -0.249081 -0.839482 -60.296841 2.28194 -1.098347 -0.294025 1.679687 0.833256 -14.218213 0.093215 1.300581 -34.212059 -0.287564 0.967174 -20.033218 0.964538 1.212844 -1e-06 1e-06 -1e-06 -3.44039 0.788233 0.501656 -15.928192 -3.167311 2.999708 -6.338829 -1e-06 1e-06 -18.123453 3.648184 -4.905669 -4e-06 -0.0 -1e-06 18.162601 9.973433 14.998576 55.04097 10.522977 20.242043 0.674442 26.060581 0.288589 -5.803622 3.750337 8.382141 2.243541 -5.255036 -3.180158 14.282892 -0.826592 6.9525 -4e-06 -12.690604 -0.0 16.455196 -17.459454 2.225366 1.665666 -1.95592 -2.878297 4.727799 -4.170587 4.993922 11.020528 5e-06 -0.0 12.109054 -3.735714 -2.866783 0.0 0.0 1e-06 1.291986 -1.928549 -1.498088 14.800129 0.567469 3.865607 14.242576 -1.341734 -6.660656 19.631971 0.14393 -0.648243 50.166821 -0.489896 -6.602959 0.35303 -1.511151 -0.031939 20.222797 3.684313 2.31663 18.787279 8e-06 0.0 10.751631 -0.479867 1.397904 -0.0 0.0 1e-06 3.273807 0.305948 -0.580112 21.486818 11.830379 2.266131 8.162928 4e-06 -1e-06 18.399084 -3.79898 -4.940574 2e-06 0.0 -2e-06 21.703098 -4.055991 -9.482066 -0.32744 -1.103138 122.250481 5.676811 -17.509037 -46.540836 2.177924 -1.23898 -35.194229 0.0 0.0 2e-06 -14.654005 -9.468698 -0.95595 0.746004 0.80416 114.53199 -2.615863 15.59072 -39.475388 -1.627168 0.714101 -25.789722 0.0 -0.0 -1e-06 
0.0 0.0 0.0 0.0 -0.0 0.0 -5.180237 48.70166 57.673328 -2.900775 0.494441 2.596451 1.373469 -0.329938 -0.514596 -0.038638 0.445574 -4.734071 0.680248 -2.137677 8.17467 -0.27499 2.510282 1.263575 -0.634673 -0.177723 -3.693577 0.50106 -0.909395 -7.137076 7.7e-05 -2.2e-05 6e-06 -0.011385 -0.096346 -0.045529 0.691837 -3.782766 -10.650711 -0.722578 3.595067 -10.675079 -22.239958 -4.312885 15.193711 -52.246979 -11.065167 7.166997 -0.107301 -22.315599 0.023243 13.187733 -4.485741 9.755406 -5.882109 9.86129 0.702591 -10.936877 -0.360577 7.15621 2e-06 8.774831 -3e-06 -15.695886 17.850311 6.161866 -1.844034 2.498506 -2.50728 -10.163604 4.678944 4.621113 -20.976038 -8e-06 2e-06 -21.226299 2.451694 -3.594002 1e-06 -6e-06 -1e-06 -1.362682 2.240799 -0.746324 -21.334929 0.584906 3.008327 -13.821223 -5e-06 2e-06 -23.887188 -0.249082 -0.839482 -60.299103 2.291427 -1.083648 -0.294025 1.679687 0.833255 -14.218217 0.093212 1.30058 -34.21207 -0.287572 0.967176 -20.033226 0.964534 1.212849 -1e-06 1e-06 -1e-06 -3.440389 0.788233 0.501655 -15.928198 -3.167313 2.999709 -6.338829 -2e-06 1e-06 -18.123457 3.648182 -4.905672 -5e-06 -0.0 -2e-06 18.089327 10.012611 14.975616 54.995975 10.538561 20.300486 0.724433 26.095869 0.319014 -5.822735 3.719606 8.578818 2.243542 -5.255038 -3.180158 14.282896 -0.826593 6.952506 -5e-06 -12.690609 3e-06 16.461067 -17.458622 2.210987 1.665667 -1.955922 -2.8783 4.727798 -4.170588 4.993927 11.020528 4e-06 -0.0 12.109055 -3.735714 -2.866786 0.0 -0.0 1e-06 1.291986 -1.928549 -1.49809 14.800134 0.56747 3.865608 14.242577 -1.341733 -6.660659 19.631973 0.143929 -0.648244 50.132481 -0.483011 -6.596759 0.353028 -1.51115 -0.031939 20.222797 3.684313 2.316631 18.787277 7e-06 2e-06 10.751632 -0.479868 1.397906 0.0 -0.0 -0.0 3.273808 0.305948 -0.580112 21.48682 11.830381 2.266131 8.16293 4e-06 -0.0 18.399084 -3.798984 -4.940573 2e-06 -0.0 -1e-06 21.732224 -4.09482 -9.384825 -0.321709 -1.083552 122.162346 5.671309 -17.553947 -46.548176 2.196289 -1.239541 -35.148247 0.0 0.0 3e-06 -14.661365 -9.497959 -0.814931 0.74265 0.805619 114.443184 -2.642897 15.57103 -39.538715 -1.623218 0.714284 -25.873142 0.0 -0.0 -1e-06 
0.0 0.0 0.0 0.0 -0.0 0.0 -5.214363 48.703732 57.736408 -2.888936 0.484674 2.593007 1.380132 -0.326135 -0.54224 -0.037238 0.449053 -4.726945 0.636271 -2.144988 8.186822 -0.377735 2.519449 1.159987 -0.627508 -0.160149 -3.691972 0.565791 -0.954386 -7.162485 7.7e-05 -2.2e-05 6e-06 -0.011247 -0.093751 -0.048297 0.693582 -3.780227 -10.6544 -0.724147 3.598449 -10.679894 -22.240005 -4.310147 15.169585 -52.244427 -11.097211 6.912298 -0.136008 -22.287039 0.024508 13.200656 -4.541816 9.708009 -5.882106 9.861283 0.702589 -10.936873 -0.360576 7.156203 1e-06 8.774823 -2e-06 -15.728534 17.872917 6.150282 -1.844033 2.498503 -2.507278 -10.163601 4.678944 4.621107 -20.976027 -6e-06 2e-06 -21.226288 2.451693 -3.594 1e-06 -6e-06 -1e-06 -1.362681 2.240797 -0.746324 -21.334915 0.584907 3.008321 -13.821215 -4e-06 3e-06 -23.887173 -0.249081 -0.839481 -60.319115 2.280115 -1.075375 -0.294026 1.679686 0.833255 -14.218211 0.093214 1.300579 -34.212051 -0.287568 0.967168 -20.033215 0.964534 1.212844 0.0 1e-06 -1e-06 -3.440389 0.788234 0.501654 -15.928187 -3.16731 2.999706 -6.338827 -1e-06 -0.0 -18.123449 3.64818 -4.905671 -4e-06 -0.0 -1e-06 18.02943 10.035301 14.954653 54.954346 10.571185 20.33786 0.768741 26.11268 0.3524 -5.850712 3.670125 8.792412 2.243541 -5.255035 -3.180157 14.282887 -0.826596 6.952503 -1e-06 -12.690601 0.0 16.4611 -17.457174 2.202184 1.665665 -1.955921 -2.878297 4.727798 -4.170586 4.993923 11.020523 1e-06 1e-06 12.109049 -3.735717 -2.866784 0.0 0.0 1e-06 1.291985 -1.928549 -1.498088 14.800123 0.567468 3.865607 14.242567 -1.341737 -6.660656 19.631962 0.143923 -0.648244 50.114029 -0.473625 -6.579805 0.353029 -1.511151 -0.031941 20.222784 3.684307 2.316629 18.78727 3e-06 -0.0 10.751625 -0.47987 1.397906 0.0 0.0 -0.0 3.273806 0.305947 -0.580108 21.486803 11.830368 2.266132 8.162926 1e-06 1e-06 18.399078 -3.798986 -4.940574 2e-06 -0.0 -2e-06 21.769083 -4.123553 -9.290057 -0.316833 -1.065604 122.072739 5.705554 -17.588266 -46.575977 2.21221 -1.239574 -35.04351 -0.0 -0.0 3e-06 -14.661947 -9.541782 -0.737787 0.740598 0.825195 114.346191 -2.633863 15.532515 -39.459206 -1.617528 0.713645 -26.077635 -0.0 0.0 -1e-06 
0.0 0.0 0.0 0.0 -0.0 0.0 -5.231475 48.69857 57.799919 -2.883581 0.490618 2.599423 1.38171 -0.319412 -0.554035 -0.037544 0.454208 -4.723278 0.596948 -2.167053 8.181271 -0.460754 2.528331 1.037106 -0.625802 -0.153617 -3.69462 0.60476 -0.988416 -7.175486 7.7e-05 -2.2e-05 6e-06 -0.010502 -0.089617 -0.051208 0.698047 -3.777322 -10.660753 -0.727185 3.604606 -10.684711 -22.217865 -4.320593 15.172985 -52.246384 -11.095788 6.726006 -0.134108 -22.280279 0.021958 13.234943 -4.570921 9.704699 -5.882112 9.861292 0.702594 -10.936878 -0.360571 7.156207 -1e-06 8.77483 0.0 -15.745395 17.882639 6.146703 -1.844034 2.498505 -2.507277 -10.163606 4.678951 4.621112 -20.976032 1e-06 2e-06 -21.226297 2.451701 -3.594004 1e-06 -6e-06 0.0 -1.362683 2.2408 -0.746322 -21.334925 0.584917 3.008323 -13.821221 1e-06 2e-06 -23.887184 -0.249074 -0.839487 -60.345058 2.249753 -1.060604 -0.294026 1.679689 0.833258 -14.218215 0.093219 1.300582 -34.212067 -0.287556 0.967165 -20.033226 0.964541 1.21284 1e-06 1e-06 -1e-06 -3.440391 0.788235 0.501657 -15.928196 -3.167307 2.999709 -6.33883 1e-06 0.0 -18.123459 3.648189 -4.905673 -4e-06 -0.0 -1e-06 17.996222 10.051365 14.93107 54.917477 10.590494 20.365166 0.797697 26.123478 0.381331 -5.881363 3.616533 8.970149 2.243543 -5.25504 -3.180159 14.282899 -0.826598 6.952509 -0.0 -12.69061 1e-06 16.464054 -17.458527 2.202704 1.665667 -1.955923 -2.878301 4.727803 -4.17059 4.993927 11.020534 0.0 1e-06 12.109059 -3.73572 -2.866787 0.0 0.0 1e-06 1.291986 -1.928551 -1.49809 14.800139 0.567466 3.865613 14.24258 -1.341739 -6.660663 19.631977 0.143923 -0.648245 50.115311 -0.466045 -6.554347 0.353031 -1.511152 -0.03194 20.222803 3.684308 2.316637 18.787287 1e-06 2e-06 10.751636 -0.47987 1.397908 0.0 -0.0 -0.0 3.273807 0.305948 -0.580112 21.486826 11.830379 2.266137 8.162933 0.0 2e-06 18.399096 -3.798988 -4.940578 2e-06 -0.0 -2e-06 21.819645 -4.141495 -9.213297 -0.311581 -1.03875 121.995033 5.765009 -17.619915 -46.598892 2.216064 -1.239728 -34.919392 0.0 0.0 2e-06 -14.664747 -9.586162 -0.664291 0.736978 0.850492 114.251366 -2.64402 15.508158 -39.391079 -1.618541 0.711145 -26.257664 0.0 -0.0 -1e-06 
0.0 0.0 0.0 0.0 -0.0 0.0 -5.234013 48.683445 57.862484 -2.884061 0.506751 2.611916 1.381303 -0.31248 -0.554268 -0.041907 0.475396 -4.723253 0.566428 -2.205147 8.166899 -0.510877 2.545389 0.899845 -0.636939 -0.16184 -3.69814 0.612907 -1.004194 -7.189363 7.7e-05 -2.3e-05 6e-06 -0.009334 -0.084581 -0.055894 0.703583 -3.774752 -10.668525 -0.730442 3.612741 -10.689505 -22.17658 -4.341578 15.187933 -52.262585 -11.058942 6.603876 -0.127557 -22.278381 0.01344 13.274173 -4.591949 9.713646 -5.882112 9.861293 0.702591 -10.936881 -0.360574 7.156207 1e-06 8.774832 0.0 -15.752496 17.879482 6.148695 -1.844035 2.498507 -2.507278 -10.16361 4.678948 4.621111 -20.976044 -5e-06 3e-06 -21.226305 2.451698 -3.594 1e-06 -6e-06 -1e-06 -1.362682 2.2408 -0.746324 -21.334932 0.58491 3.008323 -13.821227 -3e-06 1e-06 -23.887194 -0.249081 -0.839483 -60.351013 2.222282 -1.039421 -0.294024 1.679689 0.833256 -14.218219 0.093214 1.30058 -34.212074 -0.287566 0.967168 -20.03323 0.964536 1.212844 1e-06 1e-06 -0.0 -3.440392 0.788233 0.501657 -15.928201 -3.167311 2.999707 -6.338831 -1e-06 0.0 -18.123463 3.648185 -4.905675 -4e-06 -0.0 -2e-06 17.982389 10.066957 14.921583 54.887997 10.630809 20.438498 0.804495 26.073885 0.399193 -5.932423 3.584127 9.00087 2.243543 -5.25504 -3.180159 14.282904 -0.826596 6.952511 -3e-06 -12.690614 2e-06 16.48237 -17.464016 2.200138 1.665667 -1.955922 -2.8783 4.727802 -4.17059 4.993927 11.020536 3e-06 0.0 12.10906 -3.735717 -2.866784 0.0 -0.0 0.0 1.291988 -1.928551 -1.49809 14.800142 0.567469 3.865611 14.242584 -1.341735 -6.660662 19.631985 0.143927 -0.648244 50.130123 -0.462131 -6.543827 0.353029 -1.511152 -0.031942 20.222809 3.684313 2.316633 18.787291 5e-06 1e-06 10.751637 -0.479869 1.397908 0.0 -0.0 -0.0 3.273811 0.305947 -0.580109 21.486834 11.830385 2.266136 8.162935 3e-06 0.0 18.399099 -3.798987 -4.940578 3e-06 -0.0 -2e-06 21.876516 -4.150176 -9.146805 -0.302738 -1.009906 121.929504 5.827629 -17.652878 -46.615818 2.214719 -1.239261 -34.843502 -0.0 -0.0 3e-06 -14.673039 -9.621796 -0.586413 0.733656 0.876496 114.168968 -2.65187 15.509471 -39.361645 -1.619591 0.708072 -26.368938 0.0 -0.0 -2e-06 
0.0 0.0 0.0 0.0 -0.0 0.0 -5.230497 48.669086 57.9104 -2.89663 0.526414 2.638238 1.382803 -0.309816 -0.549532 -0.047191 0.4888 -4.726065 0.553952 -2.239199 8.147647 -0.528942 2.570057 0.758839 -0.663702 -0.189218 -3.703308 0.600793 -1.014371 -7.212071 7.7e-05 -2.2e-05 6e-06 -0.008891 -0.090017 -0.058432 0.705759 -3.782717 -10.672481 -0.731676 3.610009 -10.690955 -22.120924 -4.364038 15.205215 -52.29332 -11.00536 6.59615 -0.108746 -22.261578 0.002792 13.29357 -4.579177 9.726253 -5.88211 9.86129 0.702589 -10.936881 -0.360578 7.15621 3e-06 8.774831 -1e-06 -15.758181 17.874828 6.153296 -1.844034 2.498506 -2.50728 -10.16361 4.678946 4.62111 -20.976049 -1.1e-05 0.0 -21.226307 2.451691 -3.594001 -0.0 -6e-06 -2e-06 -1.362682 2.240799 -0.746324 -21.334934 0.584904 3.008321 -13.821227 -7e-06 1e-06 -23.887192 -0.249087 -0.839482 -60.343487 2.199198 -1.027385 -0.294025 1.679688 0.833255 -14.218223 0.093211 1.300578 -34.212082 -0.287576 0.96717 -20.033232 0.96453 1.212847 0.0 1e-06 -1e-06 -3.440391 0.788233 0.501656 -15.928203 -3.167315 2.999705 -6.338832 -3e-06 -1e-06 -18.123463 3.64818 -4.905674 -4e-06 0.0 -1e-06 17.97678 10.081505 14.921556 54.882912 10.69321 20.495174 0.797061 25.9492 0.402566 -5.965465 3.602301 8.94673 2.243544 -5.255042 -3.180161 14.282905 -0.826594 6.952508 -6e-06 -12.69062 2e-06 16.513069 -17.470068 2.197744 1.665668 -1.955922 -2.8783 4.727803 -4.170592 4.993929 11.020538 6e-06 -1e-06 12.109062 -3.735717 -2.866786 0.0 0.0 1e-06 1.291987 -1.928552 -1.498088 14.800144 0.567472 3.865612 14.242585 -1.341734 -6.660664 19.631987 0.143932 -0.648245 50.154198 -0.469121 -6.544628 0.353029 -1.511153 -0.03194 20.222813 3.68432 2.316631 18.787291 9e-06 1e-06 10.751639 -0.479867 1.397907 1e-06 0.0 -0.0 3.27381 0.305949 -0.580112 21.486834 11.830395 2.266132 8.162935 3e-06 1e-06 18.399099 -3.798986 -4.940579 2e-06 -1e-06 -2e-06 21.933117 -4.152903 -9.112831 -0.29585 -0.990716 121.891052 5.858084 -17.68688 -46.634766 2.207439 -1.239729 -34.761616 0.0 -0.0 3e-06 -14.672642 -9.660474 -0.536391 0.737162 0.899054 114.115524 -2.674207 15.520967 -39.380325 -1.622944 0.705263 -26.379705 0.0 -0.0 -1e-06 
0.0 0.0 0.0 0.0 -0.0 0.0 -5.22478 48.67281 57.944321 -2.912517 0.545365 2.657385 1.385145 -0.306869 -0.544192 -0.049273 0.484143 -4.726641 0.552287 -2.251025 8.138126 -0.535213 2.571632 0.630528 -0.695462 -0.228446 -3.715691 0.588529 -1.028961 -7.262991 7.7e-05 -2.2e-05 6e-06 -0.0093 -0.097447 -0.060011 0.704081 -3.792946 -10.682393 -0.730709 3.605178 -10.698719 -22.047546 -4.39361 15.238972 -52.348171 -10.94949 6.666659 -0.083377 -22.242887 -0.00346 13.244311 -4.507554 9.741532 -5.882109 9.861291 0.70259 -10.936879 -0.360576 7.15621 1e-06 8.77483 0.0 -15.774975 17.865358 6.149422 -1.844034 2.498506 -2.50728 -10.163606 4.678947 4.621111 -20.97604 -5e-06 3e-06 -21.226301 2.451697 -3.594001 1e-06 -6e-06 -1e-06 -1.362682 2.240799 -0.746324 -21.334929 0.58491 3.008326 -13.821223 -3e-06 3e-06 -23.887188 -0.24908 -0.839482 -60.368771 2.17379 -1.009093 -0.294025 1.679688 0.833257 -14.218219 0.093215 1.30058 -34.212074 -0.287566 0.96717 -20.03323 0.964534 1.212845 1e-06 1e-06 -0.0 -3.440391 0.788234 0.501655 -15.9282 -3.167312 2.999708 -6.33883 -2e-06 -0.0 -18.123461 3.648184 -4.905674 -5e-06 -0.0 -2e-06 17.975761 10.102922 14.944562 54.911316 10.751986 20.488146 0.769503 25.811796 0.39961 -5.963489 3.637528 8.881345 2.243544 -5.255041 -3.18016 14.282907 -0.826594 6.952507 -5e-06 -12.690618 1e-06 16.538633 -17.477383 2.200829 1.665669 -1.955923 -2.8783 4.727804 -4.170592 4.993927 11.02054 6e-06 -3e-06 12.109066 -3.735717 -2.866785 0.0 0.0 0.0 1.291987 -1.928551 -1.498092 14.800148 0.56747 3.865609 14.24259 -1.341734 -6.660664 19.631994 0.14393 -0.648246 50.170204 -0.479727 -6.552564 0.353029 -1.511151 -0.03194 20.222818 3.684315 2.316626 18.787298 9e-06 -3e-06 10.751641 -0.479865 1.397905 0.0 -1e-06 1e-06 3.273811 0.305948 -0.580111 21.486843 11.83039 2.266132 8.162937 4e-06 -1e-06 18.399105 -3.798984 -4.940583 3e-06 0.0 -2e-06 21.968571 -4.156797 -9.090674 -0.291151 -0.98394 121.866241 5.827258 -17.727125 -46.650021 2.206089 -1.238799 -34.649822 0.0 -0.0 2e-06 -14.668043 -9.695105 -0.503788 0.743732 0.914717 114.071899 -2.719116 15.532644 -39.413456 -1.623523 0.704484 -26.284565 0.0 -0.0 -2e-06 
0.0 0.0 0.0 0.0 -0.0 0.0 -5.233263 48.691135 57.966949 -2.922665 0.554653 2.67347 1.382304 -0.305409 -0.538118 -0.049194 0.46131 -4.726664 0.555761 -2.248798 8.132606 -0.549179 2.556662 0.525126 -0.72559 -0.271234 -3.723905 0.585146 -1.038518 -7.314807 7.7e-05 -2.2e-05 6e-06 -0.00946 -0.098565 -0.060674 0.700126 -3.796241 -10.689988 -0.726981 3.606079 -10.705499 -21.984947 -4.424959 15.277061 -52.410477 -10.870224 6.757789 -0.054393 -22.237726 -0.002722 13.12895 -4.386034 9.735102 -5.882114 9.861297 0.702591 -10.936885 -0.360573 7.156212 0.0 8.774835 2e-06 -15.776784 17.861732 6.156113 -1.844035 2.498507 -2.507279 -10.163613 4.678952 4.621113 -20.976051 -2e-06 2e-06 -21.226315 2.451701 -3.594004 -0.0 -6e-06 0.0 -1.362684 2.240801 -0.746324 -21.334938 0.584913 3.008328 -13.82123 -1e-06 1e-06 -23.887201 -0.249077 -0.839486 -60.409321 2.156457 -0.991409 -0.294025 1.67969 0.833255 -14.218226 0.093216 1.30058 -34.212093 -0.287562 0.967168 -20.033236 0.964538 1.212845 -1e-06 1e-06 -1e-06 -3.440393 0.788234 0.501656 -15.928205 -3.167311 2.999709 -6.338833 -1e-06 1e-06 -18.123466 3.648188 -4.905676 -5e-06 0.0 -2e-06 17.98156 10.121641 14.975178 54.965504 10.802347 20.449213 0.748191 25.675909 0.396022 -5.928681 3.674937 8.844416 2.243545 -5.255042 -3.180159 14.282907 -0.826597 6.952509 -2e-06 -12.690618 1e-06 16.554144 -17.486195 2.202636 1.665668 -1.955923 -2.8783 4.727806 -4.170592 4.99393 11.020541 2e-06 -2e-06 12.109067 -3.735719 -2.866789 0.0 0.0 1e-06 1.291987 -1.928551 -1.49809 14.800146 0.567467 3.865611 14.24259 -1.341739 -6.660665 19.631992 0.143926 -0.648247 50.179192 -0.492102 -6.564568 0.353029 -1.511153 -0.031939 20.222816 3.684311 2.316633 18.787298 4e-06 -1e-06 10.751643 -0.479869 1.397907 0.0 0.0 -0.0 3.27381 0.305947 -0.580111 21.486843 11.830388 2.266135 8.162938 1e-06 -1e-06 18.399109 -3.79899 -4.940583 2e-06 -0.0 -1e-06 21.984322 -4.171226 -9.081944 -0.289541 -0.985702 121.841644 5.76512 -17.768385 -46.656857 2.206932 -1.237184 -34.573383 0.0 -0.0 3e-06 -14.665114 -9.740672 -0.488103 0.748517 0.928026 114.038956 -2.758594 15.549001 -39.44294 -1.618254 0.706415 -26.131842 0.0 0.0 -1e-06 
0.0 0.0 0.0 0.0 -0.0 0.0 -5.258293 48.711956 57.997871 -2.934709 0.555856 2.68328 1.38269 -0.307523 -0.529418 -0.049769 0.435914 -4.727812 0.561914 -2.249193 8.138238 -0.571801 2.530355 0.449423 -0.741509 -0.285036 -3.72225 0.588966 -1.036327 -7.353858 7.7e-05 -2.2e-05 6e-06 -0.00971 -0.096735 -0.059727 0.6949 -3.795352 -10.69353 -0.722305 3.608541 -10.710401 -21.927454 -4.44381 15.327028 -52.474743 -10.79574 6.8316 -0.027846 -22.260838 -0.001967 12.943526 -4.270403 9.758313 -5.882105 9.861281 0.702592 -10.936869 -0.360574 7.156204 1e-06 8.774822 -0.0 -15.744428 17.863672 6.171793 -1.844033 2.498504 -2.507278 -10.163599 4.678944 4.621109 -20.976021 -3e-06 2e-06 -21.226282 2.451696 -3.593999 1e-06 -6e-06 -1e-06 -1.362681 2.240797 -0.746323 -21.334911 0.584911 3.008324 -13.82121 -3e-06 2e-06 -23.887167 -0.249079 -0.839482 -60.453869 2.163884 -0.993636 -0.294025 1.679688 0.833254 -14.218207 0.093216 1.30058 -34.212044 -0.287562 0.967171 -20.033211 0.964537 1.212843 -1e-06 2e-06 -0.0 -3.440388 0.788234 0.501656 -15.928183 -3.167308 2.999708 -6.338825 0.0 1e-06 -18.123444 3.648183 -4.905669 -4e-06 -0.0 -1e-06 17.981922 10.135346 15.000851 55.041607 10.839559 20.371056 0.760371 25.558928 0.396474 -5.88128 3.709174 8.839856 2.243541 -5.255035 -3.180157 14.282887 -0.826592 6.952504 -4e-06 -12.690601 0.0 16.562454 -17.490707 2.199908 1.665665 -1.955921 -2.878299 4.727797 -4.170586 4.993923 11.020521 4e-06 0.0 12.109046 -3.735713 -2.866783 0.0 0.0 1e-06 1.291985 -1.928549 -1.498089 14.800123 0.56747 3.865607 14.242566 -1.341734 -6.660656 19.631962 0.143929 -0.648243 50.172127 -0.498359 -6.589725 0.353029 -1.51115 -0.03194 20.222786 3.684311 2.316629 18.78727 7e-06 3e-06 10.751625 -0.479867 1.397907 0.0 -0.0 1e-06 3.273805 0.305948 -0.58011 21.486809 11.830376 2.266135 8.162924 2e-06 1e-06 18.399075 -3.798984 -4.940571 2e-06 -0.0 -2e-06 21.993473 -4.199796 -9.051671 -0.295188 -0.994301 121.79644 5.686158 -17.801781 -46.663326 2.207592 -1.235665 -34.556702 -0.0 -0.0 2e-06 -14.663626 -9.792983 -0.452494 0.752701 0.933036 113.995384 -2.784239 15.571469 -39.469269 -1.606554 0.7098 -26.005482 0.0 -0.0 -1e-06 
0.0 0.0 0.0 0.0 -0.0 0.0 -5.289172 48.721375 58.042751 -2.947756 0.563709 2.684279 1.37994 -0.321077 -0.510211 -0.053172 0.417377 -4.732433 0.573835 -2.25533 8.151816 -0.581475 2.489678 0.419506 -0.738793 -0.24646 -3.715096 0.578878 -1.017531 -7.404717 7.7e-05 -2.3e-05 6e-06 -0.009453 -0.090621 -0.057738 0.6897 -3.789565 -10.693746 -0.716659 3.614367 -10.713697 -21.879513 -4.448777 15.394819 -52.531414 -10.740583 6.890093 0.017468 -22.296551 -0.009154 12.760559 -4.183931 9.789989 -5.882106 9.861286 0.70259 -10.936872 -0.360574 7.156204 -1e-06 8.774825 -0.0 -15.696306 17.86591 6.203822 -1.844033 2.498504 -2.507278 -10.163602 4.678947 4.621108 -20.976027 -2e-06 4e-06 -21.226288 2.451699 -3.594 1e-06 -6e-06 -1e-06 -1.362682 2.240798 -0.746323 -21.334915 0.584912 3.008326 -13.821214 -1e-06 2e-06 -23.887171 -0.249076 -0.839483 -60.492001 2.192922 -0.987953 -0.294025 1.679687 0.833255 -14.21821 0.093216 1.300583 -34.212051 -0.287561 0.96717 -20.033213 0.964539 1.212841 0.0 2e-06 -0.0 -3.440388 0.788234 0.501657 -15.928185 -3.167308 2.999705 -6.338827 -0.0 1e-06 -18.123447 3.648185 -4.905669 -4e-06 -0.0 -2e-06 17.990276 10.144393 15.043178 55.11298 10.880443 20.328728 0.780196 25.497019 0.392875 -5.84759 3.697932 8.83897 2.243541 -5.255036 -3.180156 14.282886 -0.826595 6.952496 -2e-06 -12.690601 1e-06 16.570955 -17.501482 2.197602 1.665666 -1.95592 -2.878296 4.727797 -4.170588 4.993921 11.020522 2e-06 -1e-06 12.109048 -3.735716 -2.866786 0.0 0.0 1e-06 1.291986 -1.928549 -1.498088 14.800125 0.567466 3.865604 14.242569 -1.341737 -6.660655 19.631962 0.143926 -0.648247 50.170956 -0.501771 -6.614236 0.353028 -1.511149 -0.031941 20.222786 3.684308 2.316628 18.78727 5e-06 -1e-06 10.751624 -0.479868 1.397904 -0.0 -0.0 -0.0 3.273806 0.305947 -0.58011 21.486803 11.830371 2.266128 8.162924 2e-06 -2e-06 18.399076 -3.798984 -4.940576 2e-06 -1e-06 -2e-06 21.999817 -4.235909 -8.995079 -0.30506 -1.011829 121.732658 5.574183 -17.843737 -46.653152 2.204721 -1.235569 -34.599468 -0.0 -0.0 2e-06 -14.667575 -9.848617 -0.381773 0.755957 0.93096 113.93087 -2.797304 15.593189 -39.467857 -1.595035 0.713295 -25.933632 0.0 -0.0 -2e-06 
0.0 0.0 0.0 0.0 -0.0 0.0 -5.316187 48.723457 58.096386 -2.963013 0.576099 2.68134 1.374797 -0.339095 -0.481373 -0.059945 0.404839 -4.73369 0.588664 -2.26457 8.163453 -0.576345 2.447765 0.42538 -0.714616 -0.184263 -3.708531 0.559099 -0.976896 -7.430645 7.7e-05 -2.3e-05 6e-06 -0.008833 -0.087745 -0.056528 0.686081 -3.786319 -10.691201 -0.711826 3.61619 -10.71375 -21.847128 -4.435279 15.479238 -52.558548 -10.709982 6.87429 0.051782 -22.347178 -0.015108 12.644844 -4.150801 9.821845 -5.88211 9.86129 0.702592 -10.936877 -0.360575 7.15621 1e-06 8.77483 -1e-06 -15.64303 17.85787 6.244602 -1.844035 2.498507 -2.507278 -10.163605 4.678948 4.62111 -20.976038 -4e-06 2e-06 -21.226299 2.451697 -3.594002 1e-06 -6e-06 -1e-06 -1.362682 2.240799 -0.746325 -21.334929 0.58491 3.008324 -13.821222 -3e-06 2e-06 -23.887186 -0.24908 -0.839482 -60.491714 2.216217 -0.961966 -0.294025 1.679688 0.833256 -14.218217 0.093215 1.300583 -34.21207 -0.287564 0.967171 -20.033228 0.964535 1.212842 1e-06 1e-06 -0.0 -3.440391 0.788234 0.501656 -15.928196 -3.167312 2.999709 -6.33883 -1e-06 0.0 -18.123459 3.648183 -4.905672 -4e-06 -0.0 -2e-06 18.010111 10.151327 15.078258 55.172302 10.900983 20.358288 0.777184 25.501896 0.389721 -5.821631 3.666068 8.808974 2.243545 -5.255042 -3.18016 14.282907 -0.826597 6.952512 -3e-06 -12.690618 2e-06 16.580603 -17.514902 2.200953 1.665668 -1.955922 -2.878303 4.727804 -4.170592 4.993931 11.020539 2e-06 -0.0 12.109064 -3.735719 -2.866787 0.0 0.0 1e-06 1.291988 -1.928552 -1.49809 14.800146 0.567468 3.865612 14.242588 -1.341737 -6.660665 19.63199 0.143927 -0.648246 50.188503 -0.505005 -6.625111 0.353029 -1.511153 -0.03194 20.222815 3.684313 2.316631 18.787296 4e-06 1e-06 10.75164 -0.47987 1.397907 0.0 0.0 -0.0 3.27381 0.305947 -0.58011 21.486837 11.830388 2.266133 8.162937 2e-06 -2e-06 18.399103 -3.798989 -4.940581 2e-06 -1e-06 -2e-06 22.01799 -4.264678 -8.921214 -0.315919 -1.029484 121.663185 5.489281 -17.88063 -46.653797 2.197082 -1.23751 -34.722084 -0.0 -0.0 3e-06 -14.666989 -9.893735 -0.294563 0.758997 0.925193 113.852936 -2.829911 15.596834 -39.461292 -1.591588 0.716862 -25.856958 0.0 0.0 -1e-06 
0.0 0.0 0.0 0.0 -0.0 0.0 -5.330625 48.729557 58.14119 -2.977538 0.573253 2.682227 1.370557 -0.352352 -0.44801 -0.070912 0.397278 -4.726583 0.595054 -2.275891 8.167218 -0.552832 2.409205 0.450978 -0.674941 -0.117113 -3.704287 0.531438 -0.919491 -7.414506 7.7e-05 -2.2e-05 6e-06 -0.008585 -0.091044 -0.055558 0.683371 -3.789143 -10.689133 -0.708615 3.61194 -10.711705 -21.820845 -4.407242 15.55836 -52.576065 -10.687775 6.718104 0.052343 -22.408981 -0.006603 12.597707 -4.174993 9.820317 -5.88211 9.861292 0.702592 -10.936877 -0.360573 7.156211 -1e-06 8.77483 -0.0 -15.62037 17.842451 6.261631 -1.844034 2.498507 -2.507279 -10.163607 4.678949 4.621111 -20.976038 -0.0 4e-06 -21.226301 2.451701 -3.594002 1e-06 -6e-06 0.0 -1.362682 2.240799 -0.746322 -21.334925 0.584913 3.008324 -13.821221 -2e-06 1e-06 -23.887182 -0.249077 -0.839484 -60.454441 2.219358 -0.936704 -0.294025 1.679688 0.833257 -14.218216 0.093216 1.300579 -34.212067 -0.287559 0.967168 -20.033226 0.964539 1.212843 0.0 2e-06 -1e-06 -3.440391 0.788234 0.501655 -15.928198 -3.167309 2.999709 -6.33883 0.0 0.0 -18.123459 3.648187 -4.905674 -4e-06 -0.0 -2e-06 18.034891 10.146042 15.115422 55.223145 10.911974 20.411816 0.748703 25.559351 0.378599 -5.800044 3.640332 8.773746 2.243544 -5.255039 -3.180157 14.282896 -0.826596 6.952505 -1e-06 -12.690605 2e-06 16.581175 -17.521141 2.209084 1.665668 -1.955922 -2.878299 4.727801 -4.170589 4.993925 11.020531 2e-06 -1e-06 12.109056 -3.735717 -2.866786 0.0 -0.0 1e-06 1.291986 -1.92855 -1.49809 14.800132 0.567465 3.865609 14.242578 -1.341737 -6.66066 19.631973 0.143923 -0.648247 50.210838 -0.508786 -6.616454 0.35303 -1.511151 -0.031941 20.222801 3.684308 2.316629 18.787283 3e-06 -1e-06 10.751631 -0.479868 1.397904 1e-06 0.0 -1e-06 3.273808 0.305947 -0.580113 21.486818 11.830374 2.266131 8.162931 2e-06 -1e-06 18.399088 -3.798986 -4.940578 2e-06 0.0 -2e-06 22.029556 -4.271726 -8.852157 -0.326203 -1.038781 121.607109 5.42201 -17.904396 -46.664509 2.188985 -1.240924 -34.846958 -0.0 -0.0 2e-06 -14.664905 -9.91633 -0.237142 0.760689 0.925655 113.788376 -2.877341 15.595733 -39.460308 -1.601316 0.716579 -25.788048 -0.0 0.0 -2e-06 
0.0 0.0 0.0 0.0 -0.0 0.0 -5.325665 48.733139 58.173241 -2.982599 0.562918 2.693224 1.361293 -0.354729 -0.421679 -0.078763 0.38897 -4.7144 0.595759 -2.281076 8.163795 -0.519265 2.385062 0.492161 -0.635874 -0.091269 -3.70482 0.498846 -0.85722 -7.380749 7.7e-05 -2.2e-05 6e-06 -0.008456 -0.097483 -0.05168 0.682393 -3.795041 -10.683031 -0.707352 3.604661 -10.704855 -21.794374 -4.39639 15.588736 -52.592369 -10.634542 6.515407 0.030537 -22.494032 0.006749 12.584997 -4.208402 9.801484 -5.88211 9.861292 0.702591 -10.936877 -0.360574 7.156206 -0.0 8.774831 0.0 -15.637472 17.832067 6.257381 -1.844034 2.498506 -2.507278 -10.163605 4.678948 4.62111 -20.976038 -4e-06 1e-06 -21.226299 2.451697 -3.594003 1e-06 -6e-06 0.0 -1.362682 2.240799 -0.746324 -21.334925 0.58491 3.008323 -13.821221 -3e-06 1e-06 -23.887182 -0.249079 -0.839485 -60.411125 2.209803 -0.929241 -0.294026 1.679687 0.833258 -14.218217 0.093216 1.300581 -34.21207 -0.287567 0.967169 -20.033226 0.964533 1.212842 0.0 1e-06 -1e-06 -3.44039 0.788234 0.501655 -15.928198 -3.167311 2.999707 -6.33883 -1e-06 -0.0 -18.123459 3.648184 -4.905672 -4e-06 -1e-06 -1e-06 18.049492 10.116596 15.116213 55.269428 10.885038 20.475195 0.715929 25.654688 0.35898 -5.80867 3.599123 8.768746 2.243544 -5.255039 -3.180159 14.2829 -0.826596 6.952506 -3e-06 -12.690612 1e-06 16.584936 -17.523939 2.21138 1.665667 -1.955923 -2.878301 4.727801 -4.17059 4.993925 11.020534 3e-06 0.0 12.109059 -3.735717 -2.866786 0.0 0.0 1e-06 1.291986 -1.92855 -1.49809 14.800138 0.567467 3.865611 14.242582 -1.341738 -6.660661 19.631983 0.143927 -0.648246 50.221912 -0.507988 -6.599386 0.353029 -1.511152 -0.03194 20.222803 3.684313 2.31663 18.787287 6e-06 0.0 10.751633 -0.479869 1.397906 0.0 0.0 1e-06 3.273808 0.305948 -0.580111 21.486828 11.830383 2.266131 8.162933 3e-06 0.0 18.399094 -3.798985 -4.940577 2e-06 -0.0 -2e-06 22.015272 -4.26235 -8.810019 -0.330963 -1.034278 121.569443 5.375004 -17.903418 -46.662632 2.185422 -1.244492 -34.917046 -0.0 -0.0 2e-06 -14.680853 -9.908564 -0.213495 0.761955 0.922071 113.74807 -2.908276 15.612382 -39.463776 -1.618927 0.712593 -25.678421 0.0 0.0 -1e-06 
0.0 0.0 0.0 0.0 -0.0 0.0 -5.300295 48.743237 58.194725 -2.976094 0.558264 2.713674 1.350373 -0.348795 -0.40275 -0.088816 0.398193 -4.695131 0.592126 -2.300709 8.148952 -0.483943 2.382805 0.547317 -0.60726 -0.109516 -3.702184 0.478754 -0.807315 -7.371328 7.7e-05 -2.2e-05 6e-06 -0.008553 -0.106018 -0.046714 0.683802 -3.802541 -10.67417 -0.70888 3.59501 -10.696058 -21.770344 -4.413363 15.554476 -52.600239 -10.531104 6.261131 -0.028447 -22.5854 0.023528 12.588412 -4.253481 9.783785 -5.882107 9.861288 0.70259 -10.936874 -0.360575 7.156206 0.0 8.77483 -1e-06 -15.680123 17.833429 6.24572 -1.844033 2.498505 -2.507276 -10.163603 4.678945 4.621107 -20.97603 -5e-06 2e-06 -21.226292 2.451696 -3.594 1e-06 -7e-06 -1e-06 -1.362683 2.240799 -0.746323 -21.334921 0.584908 3.008321 -13.821218 -4e-06 1e-06 -23.887178 -0.249082 -0.839481 -60.388927 2.197543 -0.928303 -0.294024 1.679688 0.833256 -14.218212 0.093214 1.300578 -34.212063 -0.287568 0.967169 -20.033224 0.964534 1.212846 0.0 1e-06 -1e-06 -3.440389 0.788233 0.501656 -15.928189 -3.16731 2.999706 -6.338828 -1e-06 1e-06 -18.123453 3.648182 -4.905674 -4e-06 -0.0 -1e-06 18.055759 10.073228 15.095678 55.309452 10.830514 20.477667 0.707837 25.766842 0.351451 -5.846508 3.532515 8.79286 2.243544 -5.255039 -3.180157 14.282898 -0.826595 6.952506 -3e-06 -12.69061 1e-06 16.586245 -17.513489 2.207133 1.665667 -1.955922 -2.8783 4.727802 -4.170591 4.993925 11.020534 3e-06 1e-06 12.109058 -3.735717 -2.866787 0.0 -0.0 1e-06 1.291987 -1.928551 -1.498092 14.800136 0.567467 3.865609 14.24258 -1.341736 -6.660661 19.631977 0.143926 -0.648247 50.210335 -0.50258 -6.576848 0.353028 -1.511151 -0.031941 20.222801 3.684312 2.316629 18.787283 4e-06 -0.0 10.751632 -0.479869 1.397907 0.0 -0.0 -0.0 3.273808 0.305948 -0.580111 21.486828 11.830382 2.266133 8.162931 1e-06 -1e-06 18.399094 -3.798985 -4.940577 2e-06 -0.0 -2e-06 21.983644 -4.237382 -8.7991 -0.331125 -1.017237 121.551659 5.353317 -17.887192 -46.661133 2.187289 -1.249856 -34.880356 -0.0 0.0 3e-06 -14.711075 -9.869621 -0.218308 0.763579 0.90559 113.722069 -2.916394 15.642937 -39.474491 -1.636867 0.707025 -25.5748 0.0 -0.0 -1e-06 
0.0 0.0 0.0 0.0 -0.0 0.0 -5.270167 48.757248 58.208309 -2.978022 0.554009 2.743441 1.346475 -0.345173 -0.396774 -0.091882 0.417895 -4.680963 0.594114 -2.325918 8.133561 -0.463868 2.401554 0.627532 -0.587938 -0.142105 -3.695553 0.469184 -0.789281 -7.381414 7.7e-05 -2.2e-05 6e-06 -0.007666 -0.106771 -0.044207 0.686809 -3.801188 -10.663302 -0.710002 3.592581 -10.686578 -21.755394 -4.445654 15.497663 -52.604076 -10.423854 6.048562 -0.081507 -22.643129 0.029626 12.592086 -4.297638 9.7306 -5.88211 9.86129 0.70259 -10.936878 -0.360575 7.15621 1e-06 8.77483 -1e-06 -15.739643 17.847801 6.223614 -1.844033 2.498505 -2.507278 -10.163608 4.678948 4.621111 -20.976038 -4e-06 6e-06 -21.226299 2.451698 -3.594001 1e-06 -6e-06 -1e-06 -1.362683 2.240799 -0.746323 -21.334929 0.58491 3.008328 -13.821223 -3e-06 4e-06 -23.887184 -0.24908 -0.839483 -60.418571 2.176838 -0.930106 -0.294024 1.679688 0.833257 -14.218217 0.093213 1.300582 -34.21207 -0.287564 0.967174 -20.033226 0.964537 1.212844 -1e-06 1e-06 -1e-06 -3.440391 0.788233 0.501655 -15.928196 -3.167312 2.99971 -6.33883 -1e-06 0.0 -18.123457 3.648185 -4.90567 -5e-06 -0.0 -2e-06 18.063303 10.029986 15.093253 55.322411 10.791903 20.393333 0.743812 25.838825 0.356229 -5.88186 3.474024 8.85847 2.243542 -5.255037 -3.180157 14.282896 -0.826596 6.952503 -1e-06 -12.690608 1e-06 16.580996 -17.498632 2.205711 1.665667 -1.955922 -2.878299 4.727801 -4.170589 4.993925 11.02053 1e-06 -0.0 12.109058 -3.735718 -2.866785 0.0 0.0 1e-06 1.291986 -1.92855 -1.49809 14.800131 0.567467 3.865608 14.242575 -1.341738 -6.660657 19.631969 0.143923 -0.648245 50.175003 -0.501827 -6.551707 0.353029 -1.511151 -0.03194 20.222797 3.684308 2.316633 18.787279 3e-06 0.0 10.751631 -0.479869 1.397906 -0.0 0.0 -0.0 3.273806 0.305947 -0.580111 21.486816 11.830376 2.266134 8.16293 2e-06 -1e-06 18.399084 -3.798988 -4.940576 2e-06 -1e-06 -2e-06 21.9678 -4.198056 -8.809607 -0.336713 -0.998147 121.547478 5.380382 -17.849861 -46.677288 2.198347 -1.253451 -34.726654 0.0 0.0 2e-06 -14.73726 -9.83316 -0.247213 0.762291 0.888193 113.705147 -2.944208 15.672688 -39.484562 -1.645859 0.705338 -25.525352 -0.0 0.0 -2e-06 
0.0 0.0 0.0 0.0 -0.0 0.0 -5.237741 48.749321 58.215843 -2.98356 0.572098 2.773316 1.34281 -0.346444 -0.402272 -0.083809 0.427786 -4.671733 0.602839 -2.345237 8.112543 -0.44365 2.406152 0.716658 -0.581929 -0.161745 -3.689634 0.462046 -0.805562 -7.390092 7.7e-05 -2.3e-05 6e-06 -0.006117 -0.101009 -0.045434 0.690489 -3.793152 -10.652785 -0.71047 3.596866 -10.67743 -21.729721 -4.481515 15.456256 -52.642223 -10.355897 5.940633 -0.093831 -22.639832 0.028631 12.617268 -4.321815 9.712086 -5.882107 9.86129 0.702593 -10.936875 -0.360574 7.15621 -1e-06 8.774829 -0.0 -15.783652 17.862768 6.20603 -1.844033 2.498506 -2.507277 -10.163604 4.678947 4.62111 -20.976032 -2e-06 4e-06 -21.226295 2.4517 -3.594 1e-06 -7e-06 -1e-06 -1.362682 2.240799 -0.746323 -21.334923 0.584913 3.008324 -13.821219 -1e-06 3e-06 -23.887182 -0.249078 -0.839484 -60.457474 2.153429 -0.951538 -0.294025 1.679688 0.833257 -14.218215 0.093216 1.300582 -34.212063 -0.287559 0.967171 -20.033222 0.96454 1.212842 0.0 1e-06 -1e-06 -3.440389 0.788235 0.501655 -15.928191 -3.16731 2.999708 -6.338829 -0.0 0.0 -18.123457 3.648186 -4.90567 -4e-06 -0.0 -1e-06 18.067263 9.987805 15.086473 55.328949 10.75403 20.276823 0.801136 25.822704 0.367854 -5.905863 3.454126 8.941078 2.243543 -5.25504 -3.180157 14.282896 -0.826596 6.952503 -1e-06 -12.690612 -0.0 16.570436 -17.483538 2.199582 1.665668 -1.955923 -2.8783 4.727801 -4.170592 4.993925 11.020531 2e-06 0.0 12.109058 -3.735719 -2.86679 0.0 -0.0 1e-06 1.291986 -1.92855 -1.498088 14.800134 0.567468 3.865608 14.242579 -1.341738 -6.660661 19.631975 0.143928 -0.648247 50.124496 -0.502148 -6.534116 0.353029 -1.511152 -0.031941 20.222801 3.684311 2.316629 18.787285 4e-06 -2e-06 10.751633 -0.479868 1.397906 0.0 -0.0 -0.0 3.273809 0.305946 -0.580111 21.486824 11.83038 2.266134 8.16293 2e-06 -2e-06 18.39909 -3.798989 -4.940578 2e-06 -0.0 -2e-06 21.96608 -4.167358 -8.838028 -0.341987 -0.985011 121.561401 5.449319 -17.80534 -46.694744 2.211794 -1.253808 -34.539539 0.0 -0.0 2e-06 -14.763453 -9.823896 -0.269211 0.759596 0.88165 113.696304 -2.994229 15.687325 -39.475227 -1.643779 0.707879 -25.50931 -0.0 0.0 -1e-06 
0.0 0.0 0.0 0.0 -0.0 0.0 -5.214797 48.733994 58.224625 -2.988988 0.614482 2.785848 1.336753 -0.358593 -0.399985 -0.069326 0.412048 -4.670903 0.619755 -2.346453 8.089048 -0.40181 2.397968 0.790836 -0.606361 -0.167889 -3.690322 0.446105 -0.851781 -7.375542 7.7e-05 -2.2e-05 6e-06 -0.004181 -0.089327 -0.048116 0.692213 -3.781218 -10.645388 -0.708175 3.609004 -10.669535 -21.695593 -4.513258 15.45644 -52.699112 -10.327553 5.93482 -0.064642 -22.599255 0.022543 12.669769 -4.34739 9.745393 -5.882108 9.861286 0.70259 -10.936875 -0.360574 7.156209 0.0 8.774826 -1e-06 -15.806889 17.872435 6.191027 -1.844033 2.498505 -2.507277 -10.163603 4.678946 4.621108 -20.976027 -3e-06 2e-06 -21.226288 2.451697 -3.594001 1e-06 -6e-06 -1e-06 -1.362683 2.240797 -0.746324 -21.334917 0.58491 3.008325 -13.821217 -2e-06 3e-06 -23.887175 -0.249078 -0.839482 -60.479343 2.141104 -0.987769 -0.294024 1.679688 0.833255 -14.21821 0.093215 1.300581 -34.212055 -0.287563 0.967171 -20.033216 0.964538 1.212844 -0.0 2e-06 -0.0 -3.440388 0.788232 0.501655 -15.928189 -3.16731 2.99971 -6.338828 -0.0 1e-06 -18.123453 3.648183 -4.905671 -4e-06 -0.0 -2e-06 18.084333 9.954738 15.090553 55.318977 10.711753 20.118071 0.860056 25.753075 0.379141 -5.916236 3.450947 9.028899 2.243544 -5.255037 -3.180159 14.282895 -0.826596 6.952505 -1e-06 -12.690603 1e-06 16.572842 -17.482807 2.187146 1.665666 -1.955922 -2.878299 4.7278 -4.170588 4.993927 11.020528 2e-06 -1e-06 12.109056 -3.735717 -2.866785 0.0 -0.0 1e-06 1.291985 -1.92855 -1.498089 14.800131 0.567466 3.865607 14.242576 -1.341737 -6.66066 19.631973 0.143924 -0.648247 50.090885 -0.501055 -6.538455 0.353029 -1.51115 -0.031939 20.222797 3.684305 2.316629 18.787279 2e-06 -1e-06 10.751631 -0.479868 1.397904 0.0 -0.0 -0.0 3.273808 0.305946 -0.580112 21.486818 11.830373 2.266133 8.16293 1e-06 -2e-06 18.399088 -3.798988 -4.940578 2e-06 0.0 -1e-06 21.969151 -4.176297 -8.867451 -0.34368 -0.971302 121.566879 5.510898 -17.770962 -46.680752 2.214666 -1.249415 -34.506363 0.0 0.0 3e-06 -14.784263 -9.838462 -0.24724 0.755629 0.881387 113.68692 -3.045671 15.699536 -39.504456 -1.635873 0.710932 -25.525728 0.0 -0.0 -1e-06 
0.0 0.0 0.0 0.0 -0.0 0.0 -5.18975 48.720276 58.227993 -2.999177 0.671434 2.783187 1.336481 -0.38027 -0.389293 -0.054143 0.382235 -4.674241 0.641432 -2.340144 8.07145 -0.348601 2.380031 0.832191 -0.650558 -0.161788 -3.693693 0.43064 -0.906951 -7.345827 7.7e-05 -2.3e-05 6e-06 -0.002566 -0.080992 -0.053042 0.691409 -3.774179 -10.642818 -0.703962 3.61892 -10.664753 -21.653181 -4.516799 15.492559 -52.763699 -10.343391 5.998149 -0.022396 -22.551712 0.013438 12.738598 -4.377327 9.842979 -5.882112 9.861292 0.702593 -10.936883 -0.360575 7.15621 2e-06 8.774832 2e-06 -15.813445 17.877785 6.177155 -1.844035 2.498507 -2.507281 -10.163611 4.678948 4.62111 -20.976049 -6e-06 1e-06 -21.226311 2.451696 -3.594 1e-06 -6e-06 -1e-06 -1.362682 2.2408 -0.746325 -21.334934 0.584909 3.008323 -13.821229 -4e-06 0.0 -23.887196 -0.249084 -0.839485 -60.477493 2.146405 -1.025766 -0.294025 1.679688 0.833255 -14.218224 0.093214 1.300581 -34.212086 -0.287569 0.967168 -20.033236 0.964534 1.212844 0.0 2e-06 -1e-06 -3.440393 0.788234 0.501654 -15.928203 -3.167313 2.999708 -6.338833 -1e-06 -1e-06 -18.123466 3.648184 -4.905676 -4e-06 -0.0 -1e-06 18.112303 9.935264 15.122106 55.28923 10.673914 19.945127 0.897979 25.695055 0.388118 -5.932075 3.454856 9.094124 2.243544 -5.25504 -3.180161 14.282901 -0.826594 6.952505 -4e-06 -12.690614 1e-06 16.578857 -17.494621 2.175592 1.665668 -1.955923 -2.878299 4.7278 -4.17059 4.993925 11.020535 4e-06 -2e-06 12.10906 -3.735717 -2.866786 0.0 0.0 1e-06 1.291986 -1.92855 -1.498091 14.800139 0.567469 3.865608 14.242584 -1.341735 -6.660664 19.631985 0.143928 -0.648247 50.080013 -0.497119 -6.562115 0.353031 -1.511152 -0.031938 20.222805 3.684314 2.316628 18.787287 8e-06 -3e-06 10.751636 -0.479867 1.397906 1e-06 0.0 -0.0 3.27381 0.305948 -0.580111 21.486832 11.830386 2.266131 8.162933 3e-06 -3e-06 18.399096 -3.798982 -4.940583 2e-06 -0.0 -2e-06 21.974834 -4.197635 -8.893414 -0.343309 -0.96599 121.582382 5.563954 -17.742603 -46.673416 2.209352 -1.241846 -34.615967 -0.0 -0.0 3e-06 -14.799626 -9.855213 -0.206123 0.749895 0.880825 113.681267 -3.055842 15.728073 -39.550236 -1.624444 0.713333 -25.579443 0.0 0.0 -1e-06 
0.0 0.0 0.0 0.0 -0.0 0.0 -5.153843 48.709526 58.230583 -3.005085 0.735658 2.763474 1.340207 -0.403261 -0.375663 -0.044969 0.348054 -4.681606 0.655089 -2.330902 8.066362 -0.286677 2.355911 0.856748 -0.689319 -0.150147 -3.699564 0.408049 -0.946736 -7.334633 7.7e-05 -2.3e-05 6e-06 -0.001421 -0.075771 -0.057138 0.688701 -3.771158 -10.647961 -0.698773 3.626199 -10.666043 -21.594408 -4.494574 15.569917 -52.826458 -10.395195 6.092071 0.033027 -22.535326 0.000913 12.787277 -4.377937 9.955978 -5.882106 9.861286 0.70259 -10.936873 -0.360574 7.156207 -1e-06 8.774826 -1e-06 -15.8072 17.875954 6.162013 -1.844031 2.498504 -2.507278 -10.163603 4.678946 4.621108 -20.976027 -2e-06 2e-06 -21.226288 2.451699 -3.593998 1e-06 -7e-06 -1e-06 -1.362682 2.240798 -0.746324 -21.334917 0.584912 3.008322 -13.821217 -2e-06 2e-06 -23.887171 -0.249077 -0.839483 -60.466682 2.148233 -1.049112 -0.294025 1.679686 0.833255 -14.218208 0.093215 1.300581 -34.212051 -0.287562 0.96717 -20.033215 0.964537 1.212842 0.0 1e-06 -1e-06 -3.440389 0.788233 0.501656 -15.928185 -3.167309 2.999708 -6.338827 0.0 1e-06 -18.123449 3.648185 -4.905671 -4e-06 -0.0 -2e-06 18.14768 9.921107 15.171414 55.259491 10.629597 19.77809 0.899882 25.694471 0.387183 -5.92465 3.461098 9.099566 2.243544 -5.25504 -3.180159 14.282902 -0.826598 6.952507 -1e-06 -12.69061 2e-06 16.583153 -17.498985 2.170852 1.665668 -1.955922 -2.878301 4.727805 -4.170591 4.993927 11.020536 1e-06 -2e-06 12.10906 -3.735719 -2.866786 0.0 -0.0 1e-06 1.291988 -1.928551 -1.49809 14.800139 0.567466 3.865612 14.242584 -1.341738 -6.660663 19.631983 0.143923 -0.648245 50.087753 -0.490939 -6.583956 0.353031 -1.511152 -0.031941 20.222805 3.684309 2.31663 18.787289 3e-06 -0.0 10.751637 -0.47987 1.397906 1e-06 0.0 -1e-06 3.273809 0.305947 -0.580112 21.48683 11.830381 2.266133 8.162934 1e-06 -1e-06 18.399099 -3.798987 -4.94058 2e-06 -0.0 -1e-06 21.970123 -4.205064 -8.899727 -0.342413 -0.973751 121.60537 5.597044 -17.722553 -46.677658 2.197356 -1.235999 -34.726402 -0.0 -0.0 3e-06 -14.814798 -9.860205 -0.152356 0.747612 0.882916 113.665848 -3.020368 15.762555 -39.567684 -1.617599 0.715328 -25.533878 0.0 -0.0 -2e-06 
0.0 0.0 0.0 0.0 -0.0 0.0 -5.114851 48.712608 58.224232 -3.001457 0.76846 2.72503 1.343759 -0.411486 -0.362901 -0.047526 0.324298 -4.688662 0.660281 -2.336277 8.078948 -0.220383 2.337063 0.867868 -0.71793 -0.138976 -3.699769 0.388283 -0.958524 -7.328403 7.7e-05 -2.3e-05 6e-06 -0.000979 -0.076695 -0.059467 0.685149 -3.774301 -10.656603 -0.694166 3.627051 -10.669888 -21.562241 -4.464999 15.669005 -52.850185 -10.44677 6.117276 0.078221 -22.565125 -0.008841 12.823395 -4.341194 10.116298 -5.882113 9.861295 0.702591 -10.936887 -0.360574 7.156213 1e-06 8.774835 1e-06 -15.780661 17.870712 6.156929 -1.844035 2.498507 -2.507279 -10.163614 4.678949 4.621114 -20.976055 -5e-06 2e-06 -21.226316 2.451697 -3.594003 1e-06 -6e-06 -1e-06 -1.362684 2.240799 -0.746324 -21.334946 0.58491 3.008324 -13.821235 -4e-06 1e-06 -23.887203 -0.249081 -0.839484 -60.439499 2.147744 -1.041287 -0.294025 1.67969 0.833256 -14.218229 0.093215 1.300581 -34.212105 -0.287567 0.967168 -20.033243 0.964535 1.212844 1e-06 1e-06 -0.0 -3.440393 0.788233 0.501657 -15.928209 -3.167312 2.999708 -6.338836 -1e-06 -0.0 -18.123474 3.648185 -4.905675 -4e-06 -0.0 -2e-06 18.200254 9.903584 15.21265 55.228817 10.572665 19.657978 0.848606 25.745886 0.37038 -5.854806 3.437065 9.01576 2.243542 -5.255038 -3.180159 14.282896 -0.826595 6.952503 -2e-06 -12.690609 0.0 16.580858 -17.495504 2.172236 1.665668 -1.955921 -2.8783 4.727801 -4.17059 4.993925 11.020532 2e-06 0.0 12.109058 -3.735717 -2.866786 0.0 0.0 1e-06 1.291986 -1.92855 -1.498089 14.800132 0.567469 3.865609 14.242579 -1.341736 -6.66066 19.631973 0.143927 -0.648248 50.103516 -0.477906 -6.59939 0.35303 -1.511151 -0.031939 20.222801 3.68431 2.316629 18.787283 5e-06 -2e-06 10.751633 -0.479868 1.397906 1e-06 -0.0 -1e-06 3.273808 0.305947 -0.58011 21.486822 11.83038 2.266132 8.16293 2e-06 -1e-06 18.399088 -3.798987 -4.94058 2e-06 -0.0 -2e-06 21.939457 -4.182243 -8.877211 -0.344367 -0.98988 121.629616 5.62371 -17.689598 -46.695477 2.18102 -1.235143 -34.759636 0.0 -0.0 2e-06 -14.841853 -9.82997 -0.104001 0.745279 0.887209 113.666328 -2.967586 15.819241 -39.61515 -1.614455 0.717865 -25.361982 0.0 -0.0 -2e-06 
0.0 0.0 0.0 0.0 -0.0 0.0 -5.081699 48.710396 58.217438 -2.992756 0.763803 2.682051 1.346315 -0.40958 -0.360891 -0.057588 0.309514 -4.694188 0.668217 -2.345471 8.10713 -0.155874 2.3254 0.874729 -0.738916 -0.122827 -3.696767 0.379049 -0.937802 -7.32962 7.7e-05 -2.3e-05 6e-06 -0.001689 -0.085904 -0.059327 0.681313 -3.785066 -10.663605 -0.691607 3.618801 -10.6728 -21.56671 -4.452245 15.767142 -52.842449 -10.475216 6.028264 0.085671 -22.601313 -0.008787 12.85967 -4.296592 10.260678 -5.882107 9.861284 0.70259 -10.936875 -0.360576 7.156206 1e-06 8.774826 -1e-06 -15.757064 17.875454 6.157443 -1.844032 2.498503 -2.507279 -10.163603 4.678944 4.621107 -20.97603 -8e-06 1e-06 -21.226292 2.451693 -3.593997 1e-06 -7e-06 -1e-06 -1.362682 2.240798 -0.746324 -21.334919 0.584906 3.008322 -13.821217 -6e-06 2e-06 -23.887177 -0.249085 -0.839483 -60.417007 2.160817 -1.034288 -0.294024 1.679687 0.833256 -14.218212 0.093212 1.300578 -34.212063 -0.287571 0.967168 -20.033216 0.964532 1.212846 0.0 1e-06 -1e-06 -3.440389 0.788234 0.501654 -15.928192 -3.167312 2.999708 -6.338828 -2e-06 -1e-06 -18.123453 3.648179 -4.90567 -4e-06 -1e-06 -1e-06 18.255384 9.885208 15.233487 55.199673 10.515425 19.649994 0.750949 25.810066 0.329883 -5.747042 3.384467 8.893693 2.243541 -5.255036 -3.180157 14.28289 -0.826594 6.952504 -3e-06 -12.690603 -0.0 16.576477 -17.505199 2.184686 1.665666 -1.955922 -2.878299 4.727798 -4.170588 4.993924 11.020526 4e-06 0.0 12.109051 -3.735714 -2.866783 0.0 -0.0 -1e-06 1.291986 -1.928549 -1.498088 14.800129 0.567469 3.865609 14.24257 -1.341735 -6.660657 19.631968 0.143926 -0.648243 50.127926 -0.477023 -6.613871 0.35303 -1.511151 -0.031941 20.222794 3.68431 2.316632 18.787273 5e-06 1e-06 10.751627 -0.47987 1.397907 1e-06 0.0 -1e-06 3.273807 0.305947 -0.580111 21.486813 11.830377 2.266135 8.162926 2e-06 1e-06 18.39908 -3.798985 -4.940572 2e-06 -0.0 -1e-06 21.897066 -4.140497 -8.820258 -0.350686 -1.006173 121.649414 5.637488 -17.649961 -46.728828 2.16429 -1.238121 -34.766235 -0.0 -0.0 3e-06 -14.889225 -9.76306 -0.057945 0.741245 0.877219 113.682747 -2.91504 15.897436 -39.680584 -1.615875 0.72062 -25.194286 0.0 -0.0 -1e-06 
0.0 0.0 0.0 0.0 -0.0 0.0 -5.075534 48.696823 58.228813 -2.979034 0.749285 2.641302 1.34283 -0.399612 -0.370035 -0.066116 0.303576 -4.698168 0.674048 -2.350026 8.136323 -0.102384 2.312537 0.884632 -0.747286 -0.090859 -3.691424 0.377064 -0.90903 -7.354077 7.7e-05 -2.3e-05 6e-06 -0.002662 -0.098919 -0.055449 0.679909 -3.799587 -10.670115 -0.692032 3.606834 -10.677319 -21.604483 -4.461432 15.823213 -52.824097 -10.454929 5.886876 0.072603 -22.615644 -0.006928 12.900468 -4.280025 10.334888 -5.882109 9.861288 0.70259 -10.936877 -0.360576 7.15621 1e-06 8.77483 -1e-06 -15.74576 17.893816 6.166161 -1.844033 2.498505 -2.507277 -10.163604 4.678946 4.62111 -20.976034 -6e-06 2e-06 -21.226297 2.451695 -3.593999 0.0 -7e-06 -1e-06 -1.362683 2.240798 -0.746323 -21.334927 0.584908 3.008323 -13.821221 -4e-06 2e-06 -23.887182 -0.249081 -0.839481 -60.404282 2.186514 -1.039987 -0.294025 1.679688 0.833255 -14.218216 0.093213 1.300581 -34.212067 -0.287567 0.967171 -20.033222 0.964535 1.212846 -1e-06 1e-06 1e-06 -3.440389 0.788234 0.501655 -15.928192 -3.167312 2.999709 -6.338829 -1e-06 1e-06 -18.123455 3.648181 -4.905674 -4e-06 -0.0 -2e-06 18.30434 9.852115 15.224676 55.183399 10.456768 19.744421 0.658109 25.863855 0.28719 -5.677548 3.314488 8.735022 2.243543 -5.25504 -3.180159 14.2829 -0.826594 6.952507 -4e-06 -12.690614 2e-06 16.572584 -17.524313 2.200865 1.665667 -1.955922 -2.8783 4.727801 -4.17059 4.993923 11.020532 4e-06 -0.0 12.109058 -3.735716 -2.866789 0.0 -0.0 -1e-06 1.291986 -1.92855 -1.498091 14.800139 0.56747 3.865607 14.242582 -1.341736 -6.660661 19.631979 0.143929 -0.648246 50.161613 -0.483149 -6.625815 0.353029 -1.511152 -0.031942 20.222803 3.684315 2.31663 18.787287 7e-06 -1e-06 10.751635 -0.479868 1.397905 1e-06 -0.0 -0.0 3.273809 0.305948 -0.580111 21.486828 11.830384 2.266131 8.162931 2e-06 -0.0 18.399094 -3.798985 -4.94058 2e-06 -0.0 -2e-06 21.872919 -4.128616 -8.729442 -0.35806 -1.014999 121.644073 5.617723 -17.64484 -46.772205 2.14941 -1.24269 -34.79343 0.0 -0.0 3e-06 -14.93887 -9.702642 0.020659 0.739811 0.852685 113.687012 -2.896157 15.95761 -39.759552 -1.619526 0.723216 -25.104982 0.0 -0.0 -1e-06 
0.0 0.0 0.0 0.0 -0.0 0.0 -5.10442 48.687317 58.262218 -2.960834 0.733531 2.601533 1.335939 -0.393291 -0.389873 -0.069057 0.310154 -4.69741 0.674881 -2.348815 8.158552 -0.062585 2.304867 0.9054 -0.745144 -0.069453 -3.685123 0.389459 -0.859602 -7.385196 7.7e-05 -2.2e-05 6e-06 -0.004086 -0.114589 -0.050444 0.68209 -3.814472 -10.672176 -0.69702 3.590093 -10.67761 -21.677441 -4.473703 15.81249 -52.804058 -10.389754 5.763481 0.055339 -22.593647 -0.007003 12.946425 -4.292196 10.277739 -5.882112 9.861293 0.70259 -10.936881 -0.360575 7.15621 0.0 8.774832 -0.0 -15.747676 17.89716 6.173118 -1.844035 2.498506 -2.507281 -10.16361 4.678949 4.621109 -20.976044 -6e-06 -1e-06 -21.226307 2.451696 -3.594003 1e-06 -7e-06 -1e-06 -1.362683 2.2408 -0.746324 -21.334934 0.584909 3.00832 -13.821229 -5e-06 -0.0 -23.887196 -0.249085 -0.839485 -60.402206 2.209694 -1.038768 -0.294025 1.679689 0.833257 -14.218223 0.093214 1.300575 -34.212082 -0.287569 0.967165 -20.033234 0.964534 1.212842 -1e-06 1e-06 -1e-06 -3.440391 0.788234 0.501654 -15.928201 -3.167311 2.999703 -6.338833 -1e-06 -0.0 -18.123463 3.648184 -4.905677 -5e-06 -0.0 -2e-06 18.345381 9.806505 15.196628 55.178898 10.389825 19.844694 0.619867 25.91757 0.261292 -5.653306 3.244648 8.643285 2.243542 -5.255038 -3.180157 14.282896 -0.826595 6.952505 -2e-06 -12.690607 2e-06 16.564997 -17.545324 2.218474 1.665667 -1.955922 -2.878299 4.7278 -4.170588 4.993927 11.020529 2e-06 1e-06 12.109055 -3.735717 -2.866784 0.0 -0.0 -1e-06 1.291985 -1.92855 -1.49809 14.800132 0.567467 3.86561 14.242576 -1.341738 -6.660658 19.631969 0.143924 -0.648243 50.180645 -0.492127 -6.627336 0.353029 -1.511151 -0.03194 20.222797 3.68431 2.31663 18.787279 5e-06 -0.0 10.751633 -0.479869 1.397904 1e-06 0.0 -1e-06 3.273807 0.305947 -0.580111 21.48682 11.830379 2.266136 8.16293 3e-06 -1e-06 18.399088 -3.798986 -4.940576 2e-06 -0.0 -2e-06 21.875788 -4.156777 -8.619084 -0.36591 -1.012875 121.59462 5.566048 -17.682907 -46.796219 2.141572 -1.245911 -34.848473 0.0 0.0 3e-06 -14.97666 -9.670575 0.128504 0.742674 0.814938 113.655174 -2.934852 15.966165 -39.814869 -1.624128 0.725069 -25.092083 0.0 -0.0 -1e-06 
0.0 0.0 0.0 0.0 -0.0 0.0 -5.151903 48.687641 58.296318 -2.944127 0.727285 2.57575 1.332184 -0.392945 -0.431033 -0.06867 0.323243 -4.692526 0.667009 -2.331047 8.17877 -0.035065 2.306166 0.929462 -0.733903 -0.072865 -3.679405 0.401945 -0.811811 -7.44151 7.7e-05 -2.2e-05 6e-06 -0.005196 -0.122039 -0.043347 0.685012 -3.82134 -10.670716 -0.702157 3.581879 -10.674526 -21.785927 -4.481477 15.755258 -52.767731 -10.309016 5.68431 0.048752 -22.543802 -0.003691 12.978063 -4.329797 10.120287 -5.88211 9.86129 0.702592 -10.936875 -0.360573 7.156208 -1e-06 8.774829 -1e-06 -15.770329 17.888838 6.177613 -1.844033 2.498505 -2.507278 -10.163602 4.678949 4.62111 -20.976027 0.0 1e-06 -21.226292 2.4517 -3.594002 1e-06 -7e-06 -1e-06 -1.362682 2.240799 -0.746324 -21.334921 0.584914 3.008322 -13.821218 -1e-06 0.0 -23.887178 -0.249077 -0.839486 -60.405102 2.220642 -1.026947 -0.294026 1.679687 0.833255 -14.218212 0.093217 1.30058 -34.212055 -0.287559 0.967168 -20.03322 0.96454 1.212842 1e-06 1e-06 -0.0 -3.44039 0.788235 0.501655 -15.928192 -3.167307 2.999708 -6.338829 0.0 2e-06 -18.123453 3.648187 -4.905674 -5e-06 -1e-06 -2e-06 18.380318 9.752522 15.183837 55.178864 10.330118 19.886303 0.628765 25.99918 0.247873 -5.649151 3.180959 8.713995 2.243544 -5.255037 -3.180157 14.282894 -0.826597 6.952503 -1e-06 -12.690604 2e-06 16.548851 -17.559841 2.245337 1.665667 -1.955921 -2.878299 4.727801 -4.170588 4.993922 11.020528 1e-06 -0.0 12.109055 -3.735717 -2.866784 -0.0 0.0 -0.0 1.291987 -1.928549 -1.498089 14.800132 0.567465 3.865606 14.242576 -1.341739 -6.660658 19.631969 0.143923 -0.648247 50.196625 -0.501272 -6.600488 0.353029 -1.511151 -0.031939 20.222795 3.684307 2.316627 18.787277 3e-06 -6e-06 10.75163 -0.479869 1.397904 0.0 -0.0 -1e-06 3.273809 0.305946 -0.580111 21.486818 11.830372 2.266129 8.162929 1e-06 -2e-06 18.39909 -3.798987 -4.94058 2e-06 -0.0 -2e-06 21.905407 -4.208545 -8.548581 -0.368507 -1.000065 121.528519 5.483458 -17.762596 -46.768913 2.143718 -1.247929 -34.891048 -0.0 0.0 3e-06 -14.983055 -9.671679 0.21301 0.742284 0.779241 113.606331 -2.982874 15.928959 -39.80965 -1.629523 0.726149 -25.078194 0.0 -0.0 -1e-06 
0.0 0.0 0.0 0.0 -0.0 0.0 -5.19301 48.691906 58.309597 -2.919745 0.741561 2.559907 1.324029 -0.39751 -0.46808 -0.065884 0.345192 -4.68518 0.648115 -2.306131 8.179486 -0.023844 2.313511 0.962613 -0.725248 -0.120103 -3.673841 0.428059 -0.778411 -7.529767 7.7e-05 -2.2e-05 6e-06 -0.005497 -0.121969 -0.038057 0.689827 -3.81933 -10.664157 -0.707558 3.579988 -10.666374 -21.897339 -4.487883 15.682625 -52.718979 -10.244416 5.591856 0.016423 -22.484804 0.006102 13.01168 -4.396063 9.93434 -5.882109 9.861286 0.702591 -10.936874 -0.360575 7.156206 -1e-06 8.774826 -1e-06 -15.80421 17.891663 6.182732 -1.844033 2.498505 -2.507277 -10.163603 4.678946 4.621109 -20.976028 -3e-06 2e-06 -21.226292 2.451698 -3.593999 1e-06 -7e-06 -1e-06 -1.362682 2.240798 -0.746323 -21.334921 0.584911 3.008323 -13.821218 -2e-06 3e-06 -23.887178 -0.249078 -0.839485 -60.418118 2.23323 -1.021488 -0.294024 1.679688 0.833256 -14.218211 0.093216 1.300581 -34.212055 -0.287563 0.967171 -20.033218 0.964537 1.212844 0.0 1e-06 -0.0 -3.440389 0.788233 0.501655 -15.928189 -3.16731 2.999707 -6.338827 -1e-06 2e-06 -18.123449 3.648184 -4.905668 -4e-06 -0.0 -1e-06 18.400808 9.697268 15.154996 55.180454 10.254656 19.950829 0.656807 26.102797 0.240517 -5.678354 3.099065 8.861229 2.24354 -5.255037 -3.180159 14.282898 -0.826595 6.952507 -2e-06 -12.690607 1e-06 16.5366 -17.560144 2.26242 1.665666 -1.955921 -2.878301 4.727801 -4.170588 4.993928 11.020531 3e-06 1e-06 12.109058 -3.735717 -2.866785 -0.0 -0.0 -0.0 1.291986 -1.92855 -1.49809 14.800136 0.567468 3.865611 14.242579 -1.341736 -6.66066 19.631973 0.143926 -0.648244 50.195351 -0.499848 -6.564837 0.353029 -1.511151 -0.031941 20.222801 3.684309 2.316631 18.787283 5e-06 -0.0 10.751633 -0.479869 1.397906 0.0 -0.0 -1e-06 3.273808 0.305947 -0.580112 21.486822 11.830378 2.266133 8.16293 1e-06 -1e-06 18.399092 -3.798986 -4.940577 2e-06 -0.0 -2e-06 21.923847 -4.261782 -8.544809 -0.366521 -0.988014 121.484085 5.434739 -17.82329 -46.708584 2.156328 -1.249522 -34.938564 -0.0 0.0 3e-06 -14.987086 -9.697381 0.25192 0.737192 0.751529 113.566925 -3.019238 15.869534 -39.731976 -1.632524 0.725928 -25.129206 0.0 0.0 -1e-06 
0.0 0.0 0.0 0.0 -0.0 0.0 -5.215604 48.692421 58.288605 -2.908213 0.748083 2.536472 1.322853 -0.403306 -0.488855 -0.064176 0.36983 -4.676885 0.625228 -2.289649 8.177623 -0.017861 2.317675 0.983726 -0.715005 -0.167328 -3.671667 0.452901 -0.785734 -7.620809 7.7e-05 -2.3e-05 6e-06 -0.004543 -0.11424 -0.038821 0.694094 -3.809709 -10.66283 -0.709806 3.585945 -10.665357 -21.987873 -4.493339 15.628687 -52.681503 -10.22951 5.465415 -0.014782 -22.401966 0.009666 13.039931 -4.505641 9.732002 -5.882105 9.861284 0.702591 -10.936868 -0.360575 7.156204 -0.0 8.774823 -2e-06 -15.844391 17.911167 6.176316 -1.844032 2.498505 -2.507277 -10.163598 4.678945 4.62111 -20.976021 -2e-06 3e-06 -21.226284 2.451698 -3.593999 1e-06 -6e-06 -1e-06 -1.362682 2.240798 -0.746324 -21.334909 0.584911 3.008323 -13.82121 -2e-06 3e-06 -23.887165 -0.249076 -0.839482 -60.432087 2.240882 -1.026589 -0.294025 1.679688 0.833255 -14.218206 0.093216 1.30058 -34.212048 -0.287563 0.967168 -20.033211 0.964538 1.212843 0.0 2e-06 1e-06 -3.440389 0.788235 0.501655 -15.928183 -3.167308 2.999706 -6.338825 -1e-06 0.0 -18.123444 3.648183 -4.905668 -4e-06 -0.0 -1e-06 18.411053 9.665701 15.113256 55.168915 10.174829 19.999878 0.70733 26.221092 0.247064 -5.718798 3.009763 8.996936 2.243541 -5.255035 -3.180156 14.28289 -0.826596 6.952501 -1e-06 -12.6906 1e-06 16.529222 -17.541462 2.264821 1.665666 -1.955921 -2.878297 4.727798 -4.170586 4.993924 11.020524 2e-06 -0.0 12.109051 -3.735716 -2.866783 0.0 -0.0 1e-06 1.291984 -1.928549 -1.498088 14.800125 0.567467 3.865608 14.242568 -1.341737 -6.660655 19.631966 0.143924 -0.648245 50.184696 -0.485602 -6.531074 0.353029 -1.51115 -0.031941 20.222786 3.684307 2.316632 18.78727 3e-06 -0.0 10.751625 -0.479869 1.397906 0.0 0.0 -0.0 3.273806 0.305946 -0.580111 21.486809 11.830369 2.266135 8.162927 1e-06 1e-06 18.39908 -3.798986 -4.940573 2e-06 -0.0 -2e-06 21.939104 -4.291289 -8.577721 -0.361783 -0.98036 121.480217 5.44708 -17.843153 -46.642742 2.173345 -1.24916 -35.006718 0.0 0.0 3e-06 -14.966285 -9.713505 0.243491 0.731932 0.74802 113.573029 -3.008502 15.81271 -39.642303 -1.632282 0.725105 -25.217827 0.0 -0.0 -1e-06 
0.0 0.0 0.0 0.0 -0.0 0.0 -5.220152 48.694237 58.238293 -2.900726 0.732702 2.512366 1.325915 -0.406754 -0.498007 -0.064012 0.393953 -4.672968 0.601098 -2.283576 8.174235 -0.001634 2.326686 1.006056 -0.713732 -0.202989 -3.668817 0.482053 -0.828754 -7.680913 7.7e-05 -2.3e-05 6e-06 -0.003031 -0.102796 -0.043046 0.697921 -3.796771 -10.665767 -0.710451 3.596227 -10.668998 -22.048672 -4.499382 15.590451 -52.66843 -10.269998 5.364571 -0.03589 -22.29944 0.003278 13.059829 -4.616787 9.545156 -5.882111 9.861292 0.702589 -10.93688 -0.360575 7.156206 1e-06 8.774831 0.0 -15.883767 17.928921 6.157081 -1.844033 2.498506 -2.507278 -10.163608 4.678949 4.621109 -20.97604 -6e-06 0.0 -21.226301 2.451697 -3.594001 1e-06 -6e-06 -1e-06 -1.362682 2.2408 -0.746324 -21.33493 0.584909 3.00832 -13.821227 -4e-06 -1e-06 -23.887192 -0.249083 -0.839485 -60.456757 2.249012 -1.035515 -0.294025 1.679689 0.833257 -14.218221 0.093214 1.300579 -34.212078 -0.287568 0.967168 -20.033232 0.964533 1.212842 0.0 2e-06 -0.0 -3.440391 0.788235 0.501654 -15.928201 -3.167312 2.999707 -6.338831 -1e-06 -1e-06 -18.123463 3.648184 -4.905676 -5e-06 -0.0 -2e-06 18.410379 9.659842 15.071998 55.149624 10.109068 20.022163 0.766567 26.31958 0.260683 -5.753033 2.960059 9.104866 2.243543 -5.255041 -3.18016 14.282904 -0.826597 6.95251 -1e-06 -12.690614 1e-06 16.519592 -17.511269 2.254369 1.665669 -1.955923 -2.878301 4.727805 -4.170592 4.993929 11.020537 3e-06 1e-06 12.109063 -3.735719 -2.866787 0.0 -0.0 1e-06 1.291986 -1.928551 -1.49809 14.800142 0.567468 3.865612 14.242585 -1.341737 -6.660664 19.631985 0.143926 -0.648247 50.141743 -0.4617 -6.519785 0.353029 -1.511152 -0.031941 20.222809 3.684312 2.316633 18.787289 4e-06 -0.0 10.751637 -0.479869 1.397907 0.0 -0.0 -1e-06 3.27381 0.305949 -0.58011 21.486834 11.830382 2.266136 8.162935 1e-06 -0.0 18.399099 -3.79899 -4.940579 3e-06 -0.0 -2e-06 21.930557 -4.286098 -8.634542 -0.358055 -0.979168 121.512741 5.503401 -17.816229 -46.587986 2.182809 -1.246911 -35.120808 0.0 0.0 3e-06 -14.94011 -9.715963 0.183854 0.732788 0.768232 113.626167 -2.966707 15.76597 -39.56834 -1.628401 0.724475 -25.357889 0.0 -0.0 -2e-06 
0.0 0.0 0.0 0.0 -0.0 0.0 -5.218897 48.70079 58.18895 -2.887611 0.724285 2.482677 1.326503 -0.404934 -0.494569 -0.062856 0.416802 -4.680607 0.567965 -2.284202 8.173055 0.019359 2.328946 1.036237 -0.732782 -0.218766 -3.671786 0.529725 -0.900048 -7.688216 7.7e-05 -2.3e-05 6e-06 -0.001144 -0.08889 -0.047394 0.700271 -3.781969 -10.668306 -0.70892 3.609698 -10.670183 -22.069977 -4.508921 15.57314 -52.685596 -10.349927 5.313466 -0.041015 -22.211115 -0.007105 13.066471 -4.694231 9.430707 -5.882104 9.861283 0.702591 -10.93687 -0.360575 7.1562 2e-06 8.774823 -0.0 -15.919052 17.935404 6.133734 -1.844032 2.498503 -2.507277 -10.163597 4.678942 4.621107 -20.976021 -6e-06 3e-06 -21.226282 2.451695 -3.593997 1e-06 -6e-06 -0.0 -1.362682 2.240798 -0.746323 -21.334913 0.584907 3.008321 -13.821213 -5e-06 2e-06 -23.887167 -0.249082 -0.839482 -60.505852 2.246931 -1.04051 -0.294023 1.679687 0.833256 -14.218206 0.093214 1.300579 -34.212048 -0.287567 0.96717 -20.033211 0.964535 1.212844 0.0 1e-06 -0.0 -3.440388 0.788233 0.501656 -15.928183 -3.16731 2.999705 -6.338825 -2e-06 0.0 -18.123444 3.64818 -4.905665 -4e-06 0.0 -1e-06 18.382513 9.656238 15.046521 55.163307 10.086313 20.080305 0.800982 26.370108 0.270391 -5.775252 2.933589 9.149573 2.243541 -5.255037 -3.180157 14.282892 -0.826595 6.952506 -3e-06 -12.690605 2e-06 16.519869 -17.503233 2.245655 1.665667 -1.955922 -2.8783 4.727798 -4.170588 4.993925 11.020526 2e-06 1e-06 12.109052 -3.735716 -2.866783 0.0 -0.0 1e-06 1.291984 -1.928549 -1.498089 14.800129 0.567469 3.865606 14.242569 -1.341736 -6.660656 19.631968 0.143926 -0.648244 50.112911 -0.444535 -6.520623 0.353028 -1.51115 -0.031941 20.22279 3.684309 2.316629 18.787271 5e-06 1e-06 10.751627 -0.47987 1.397906 1e-06 -0.0 -2e-06 3.273807 0.305948 -0.580113 21.486813 11.830377 2.266134 8.162928 2e-06 -0.0 18.399082 -3.798985 -4.940574 2e-06 -0.0 -2e-06 21.908554 -4.281717 -8.686267 -0.354905 -0.979362 121.547272 5.574987 -17.77813 -46.5457 2.186266 -1.242536 -35.268394 0.0 0.0 2e-06 -14.924797 -9.724217 0.136633 0.732317 0.799756 113.678535 -2.910427 15.742295 -39.518539 -1.622441 0.725125 -25.501711 -0.0 0.0 -1e-06 
0.0 0.0 0.0 0.0 -0.0 0.0 -5.221512 48.704235 58.153843 -2.878255 0.738936 2.446028 1.326446 -0.394852 -0.480317 -0.060035 0.43575 -4.692081 0.539381 -2.294951 8.172695 0.035726 2.326293 1.063135 -0.767416 -0.214985 -3.674179 0.565992 -0.984639 -7.673381 7.7e-05 -2.3e-05 6e-06 0.000906 -0.072336 -0.051226 0.701119 -3.765866 -10.669533 -0.705607 3.626889 -10.669894 -22.072945 -4.529573 15.587605 -52.712265 -10.46407 5.307486 -0.029057 -22.144896 -0.02388 13.070412 -4.735816 9.375499 -5.882108 9.861289 0.702592 -10.936877 -0.360575 7.156207 1e-06 8.77483 0.0 -15.929456 17.93681 6.116532 -1.844033 2.498506 -2.507278 -10.163604 4.678946 4.621111 -20.976034 -6e-06 3e-06 -21.226295 2.451695 -3.593999 1e-06 -6e-06 -0.0 -1.362681 2.240799 -0.746322 -21.334925 0.584909 3.008324 -13.82122 -3e-06 3e-06 -23.887182 -0.249081 -0.839483 -60.529785 2.247514 -1.057918 -0.294025 1.679687 0.833256 -14.218214 0.093214 1.300581 -34.212063 -0.287566 0.967173 -20.033222 0.964536 1.212846 -1e-06 2e-06 -0.0 -3.440389 0.788233 0.501656 -15.928192 -3.167311 2.999709 -6.338828 -1e-06 1e-06 -18.123453 3.648183 -4.905672 -4e-06 0.0 -2e-06 18.3424 9.652255 15.048701 55.190407 10.110106 20.138027 0.823426 26.374472 0.273582 -5.784319 2.916721 9.139771 2.243542 -5.25504 -3.180157 14.282899 -0.826597 6.952503 -1e-06 -12.69061 1e-06 16.527271 -17.512672 2.240374 1.665668 -1.955922 -2.878301 4.727802 -4.170589 4.993927 11.020534 2e-06 -1e-06 12.109059 -3.735718 -2.866788 0.0 -0.0 1e-06 1.291987 -1.928551 -1.498091 14.800136 0.567468 3.865608 14.24258 -1.341737 -6.660662 19.631977 0.143926 -0.648246 50.10553 -0.438987 -6.531022 0.353028 -1.511152 -0.03194 20.222803 3.684309 2.316631 18.787287 5e-06 -3e-06 10.751634 -0.47987 1.397905 0.0 0.0 -0.0 3.273808 0.305947 -0.58011 21.486828 11.83038 2.266134 8.162933 2e-06 -1e-06 18.399094 -3.798987 -4.940581 2e-06 -0.0 -2e-06 21.908031 -4.304354 -8.722243 -0.352346 -0.971802 121.570251 5.654689 -17.751408 -46.512554 2.190394 -1.237226 -35.434273 0.0 0.0 3e-06 -14.909288 -9.753398 0.135539 0.733794 0.833952 113.713348 -2.858801 15.730626 -39.506557 -1.614506 0.725547 -25.653797 0.0 -0.0 -1e-06 
0.0 0.0 0.0 0.0 -0.0 0.0 -5.229613 48.703785 58.129536 -2.868434 0.768162 2.414088 1.32208 -0.384223 -0.46714 -0.055548 0.449165 -4.705337 0.518644 -2.30553 8.179673 0.062631 2.309107 1.077246 -0.79662 -0.191237 -3.679059 0.557044 -1.037152 -7.661844 7.7e-05 -2.2e-05 6e-06 0.00197 -0.065978 -0.054134 0.699722 -3.760895 -10.670055 -0.702023 3.63431 -10.670732 -22.056379 -4.550454 15.613114 -52.735424 -10.608158 5.367564 -0.01483 -22.092419 -0.03453 13.053424 -4.725776 9.327372 -5.882106 9.861286 0.702589 -10.936873 -0.360574 7.156208 0.0 8.774826 -1e-06 -15.923806 17.940599 6.09999 -1.844033 2.498505 -2.507278 -10.1636 4.678945 4.621112 -20.976025 -3e-06 3e-06 -21.226288 2.451697 -3.594001 1e-06 -6e-06 -0.0 -1.362682 2.240798 -0.746324 -21.334919 0.584913 3.008325 -13.821217 -2e-06 1e-06 -23.887175 -0.249079 -0.839483 -60.520477 2.242662 -1.091845 -0.294025 1.679689 0.833255 -14.21821 0.093216 1.300582 -34.212048 -0.287563 0.96717 -20.033215 0.964538 1.212842 0.0 1e-06 -0.0 -3.440389 0.788234 0.501656 -15.928189 -3.16731 2.999709 -6.338827 -1e-06 -1e-06 -18.123447 3.648183 -4.905672 -4e-06 -0.0 -1e-06 18.292084 9.650403 15.058942 55.219959 10.161063 20.169544 0.83221 26.360546 0.271521 -5.75674 2.90752 9.119517 2.243542 -5.255035 -3.180159 14.282887 -0.826596 6.952504 -2e-06 -12.6906 2e-06 16.530775 -17.52145 2.235779 1.665666 -1.955922 -2.8783 4.727797 -4.170587 4.993926 11.020523 2e-06 -1e-06 12.109048 -3.735715 -2.866784 0.0 -0.0 1e-06 1.291985 -1.928549 -1.498089 14.800123 0.567467 3.865608 14.242568 -1.341735 -6.660655 19.631962 0.143927 -0.648245 50.103989 -0.445163 -6.545297 0.35303 -1.51115 -0.031939 20.222786 3.684307 2.31663 18.78727 4e-06 -1e-06 10.751625 -0.47987 1.397905 0.0 -0.0 -0.0 3.273806 0.305946 -0.580109 21.486805 11.830368 2.266133 8.162924 1e-06 -2e-06 18.399076 -3.798986 -4.940576 2e-06 -0.0 -1e-06 21.915813 -4.340846 -8.757681 -0.347679 -0.966253 121.582916 5.676995 -17.759264 -46.459152 2.192759 -1.23295 -35.536278 0.0 0.0 2e-06 -14.904795 -9.794517 0.156296 0.739691 0.853477 113.734764 -2.797884 15.735578 -39.495796 -1.607509 0.724242 -25.753908 -0.0 0.0 -2e-06 
0.0 0.0 0.0 0.0 -0.0 0.0 -5.242953 48.705326 58.103668 -2.856222 0.795378 2.384995 1.31585 -0.376707 -0.458224 -0.046806 0.444071 -4.710199 0.492199 -2.294182 8.185947 0.095762 2.277517 1.088091 -0.808853 -0.159478 -3.691795 0.527279 -1.044488 -7.645036 7.7e-05 -2.3e-05 6e-06 0.001723 -0.067971 -0.054 0.696518 -3.765491 -10.674795 -0.699237 3.634572 -10.675965 -22.042002 -4.572708 15.649403 -52.724155 -10.744314 5.4487 -0.007259 -22.063131 -0.035207 13.017619 -4.698533 9.260836 -5.882108 9.861288 0.702592 -10.936877 -0.360575 7.15621 1e-06 8.774828 0.0 -15.900177 17.936714 6.089531 -1.844033 2.498505 -2.507278 -10.163604 4.678946 4.621111 -20.976034 -4e-06 2e-06 -21.226295 2.451697 -3.594 2e-06 -6e-06 -1e-06 -1.362683 2.2408 -0.746323 -21.334923 0.58491 3.008323 -13.821221 -3e-06 2e-06 -23.887182 -0.24908 -0.839484 -60.489216 2.226969 -1.111343 -0.294025 1.679688 0.833258 -14.218214 0.093215 1.300581 -34.212055 -0.287562 0.967171 -20.033222 0.964538 1.212845 0.0 2e-06 -0.0 -3.440389 0.788233 0.501656 -15.928192 -3.16731 2.999709 -6.338828 -1e-06 -1e-06 -18.123453 3.648183 -4.905672 -4e-06 -0.0 -1e-06 18.259085 9.64991 15.066692 55.229034 10.205923 20.170551 0.832975 26.367695 0.27266 -5.682384 2.902391 9.068967 2.243542 -5.255038 -3.180158 14.282897 -0.826594 6.952507 -4e-06 -12.690609 2e-06 16.523577 -17.512043 2.227039 1.665667 -1.955922 -2.878301 4.727799 -4.170588 4.993925 11.020531 5e-06 1e-06 12.109056 -3.735714 -2.866783 0.0 0.0 1e-06 1.291987 -1.92855 -1.498091 14.800136 0.56747 3.865608 14.242579 -1.341734 -6.660661 19.631975 0.143928 -0.648245 50.088089 -0.454956 -6.558757 0.35303 -1.51115 -0.03194 20.222803 3.684313 2.31663 18.787285 6e-06 1e-06 10.751634 -0.479869 1.397907 1e-06 -0.0 -1e-06 3.273809 0.305947 -0.580111 21.486828 11.830382 2.266135 8.16293 2e-06 -0.0 18.399092 -3.798984 -4.940578 2e-06 -1e-06 -2e-06 21.932253 -4.371106 -8.799212 -0.34344 -0.964009 121.59552 5.662922 -17.793453 -46.395042 2.191459 -1.229938 -35.572395 0.0 -0.0 2e-06 -14.911444 -9.836272 0.168065 0.747144 0.856249 113.752518 -2.74643 15.735042 -39.453938 -1.6006 0.724374 -25.751194 -0.0 0.0 -2e-06 
0.0 0.0 0.0 0.0 -0.0 0.0 -5.245678 48.712929 58.062298 -2.845701 0.801341 2.354515 1.30935 -0.374702 -0.441861 -0.03618 0.422913 -4.706696 0.466058 -2.273948 8.191367 0.128168 2.252221 1.09598 -0.811382 -0.141033 -3.703786 0.502852 -1.042696 -7.611807 7.7e-05 -2.2e-05 6e-06 9.1e-05 -0.07595 -0.052897 0.692689 -3.775203 -10.68075 -0.698578 3.627953 -10.679523 -22.047007 -4.594068 15.683255 -52.668774 -10.853448 5.49074 -0.033158 -22.05949 -0.021742 13.012521 -4.661245 9.204557 -5.882103 9.861281 0.70259 -10.936869 -0.360577 7.156204 2e-06 8.774822 -2e-06 -15.852275 17.946466 6.103141 -1.844032 2.498502 -2.507278 -10.163598 4.678942 4.621109 -20.976021 -7e-06 5e-06 -21.22628 2.451692 -3.593997 1e-06 -6e-06 -2e-06 -1.36268 2.240797 -0.746323 -21.334911 0.584906 3.008323 -13.821213 -5e-06 3e-06 -23.887165 -0.249082 -0.83948 -60.461189 2.226084 -1.118078 -0.294025 1.679686 0.833257 -14.218207 0.093212 1.300582 -34.212048 -0.28757 0.967174 -20.033211 0.964535 1.212845 0.0 2e-06 -2e-06 -3.440388 0.788231 0.501655 -15.928185 -3.167312 2.999706 -6.338825 -3e-06 0.0 -18.123444 3.648178 -4.905668 -5e-06 -0.0 -2e-06 18.236708 9.658621 15.066941 55.231022 10.252134 20.221178 0.800833 26.377481 0.263224 -5.605846 2.880547 8.8714 2.243538 -5.255033 -3.180157 14.28288 -0.82659 6.952503 -5e-06 -12.690595 -0.0 16.518951 -17.496376 2.214052 1.665666 -1.955921 -2.878298 4.727795 -4.170583 4.993921 11.020517 5e-06 1e-06 12.109041 -3.735711 -2.86678 0.0 0.0 1e-06 1.291985 -1.928548 -1.498088 14.800118 0.56747 3.865606 14.24256 -1.341733 -6.660653 19.631952 0.143929 -0.648242 50.059566 -0.468117 -6.576529 0.353029 -1.51115 -0.031941 20.222775 3.684311 2.316631 18.787262 8e-06 2e-06 10.75162 -0.479867 1.397906 1e-06 -0.0 -0.0 3.273803 0.305948 -0.580111 21.486799 11.830371 2.266135 8.162921 4e-06 2e-06 18.399067 -3.798981 -4.940568 2e-06 -0.0 -2e-06 21.917223 -4.375347 -8.844611 -0.343423 -0.972056 121.625252 5.607387 -17.811621 -46.325344 2.182175 -1.2297 -35.525871 0.0 -0.0 1e-06 -14.93224 -9.860781 0.148174 0.752696 0.86221 113.793091 -2.683344 15.759848 -39.411572 -1.591721 0.725464 -25.743689 0.0 -0.0 -2e-06 
0.0 0.0 0.0 0.0 -0.0 0.0 -5.23607 48.727154 58.004517 -2.837138 0.77789 2.323451 1.306523 -0.372361 -0.417891 -0.032009 0.410523 -4.701967 0.447662 -2.266781 8.201749 0.145786 2.232956 1.094523 -0.803813 -0.13355 -3.703756 0.477842 -1.040973 -7.602459 7.7e-05 -2.2e-05 6e-06 -0.001532 -0.082592 -0.05067 0.689055 -3.782856 -10.685337 -0.69813 3.621881 -10.683244 -22.065863 -4.607589 15.711078 -52.590061 -10.937182 5.507373 -0.074217 -22.08374 -0.007855 12.99726 -4.629834 9.158879 -5.882109 9.861288 0.70259 -10.936877 -0.360575 7.156209 1e-06 8.77483 -1e-06 -15.790329 17.948675 6.127247 -1.844033 2.498505 -2.507279 -10.163606 4.678946 4.621109 -20.97604 -5e-06 3e-06 -21.226301 2.451697 -3.594 1e-06 -6e-06 -1e-06 -1.362682 2.240798 -0.746323 -21.334929 0.584909 3.008322 -13.821221 -4e-06 2e-06 -23.887184 -0.249083 -0.839481 -60.44072 2.246361 -1.118537 -0.294024 1.679688 0.833256 -14.218218 0.093214 1.30058 -34.21207 -0.287565 0.967168 -20.033226 0.964536 1.212843 -0.0 1e-06 -0.0 -3.440389 0.788233 0.501656 -15.928198 -3.167311 2.999705 -6.33883 -1e-06 2e-06 -18.123457 3.648183 -4.905673 -4e-06 -0.0 -1e-06 18.231426 9.694512 15.067673 55.208755 10.297957 20.282623 0.752523 26.391535 0.248374 -5.548321 2.848149 8.593661 2.243542 -5.255038 -3.180159 14.282896 -0.826595 6.952503 -3e-06 -12.690607 1e-06 16.512798 -17.48246 2.206012 1.665667 -1.955922 -2.8783 4.7278 -4.170588 4.993925 11.02053 3e-06 -0.0 12.109056 -3.735716 -2.866785 0.0 0.0 1e-06 1.291987 -1.92855 -1.498089 14.800134 0.567467 3.865607 14.242579 -1.341737 -6.660661 19.631975 0.143927 -0.648246 50.035099 -0.480383 -6.603616 0.353028 -1.511151 -0.03194 20.222801 3.68431 2.316629 18.787281 5e-06 -1e-06 10.751633 -0.479868 1.397906 0.0 -0.0 -1e-06 3.273808 0.305947 -0.580111 21.48682 11.830379 2.266132 8.16293 2e-06 -1e-06 18.399088 -3.798987 -4.940577 2e-06 -1e-06 -2e-06 21.868555 -4.34094 -8.888544 -0.345423 -0.996966 121.674072 5.541198 -17.802555 -46.268246 2.170246 -1.230155 -35.462044 0.0 0.0 2e-06 -14.969333 -9.851387 0.091526 0.754756 0.863553 113.860939 -2.614185 15.808692 -39.378254 -1.58131 0.727506 -25.703352 0.0 -0.0 -1e-06 
0.0 0.0 0.0 0.0 -0.0 0.0 -5.218944 48.751453 57.942104 -2.821975 0.755397 2.298135 1.298714 -0.371164 -0.383736 -0.034896 0.406684 -4.697901 0.438681 -2.273031 8.194648 0.155866 2.231811 1.096708 -0.801399 -0.136742 -3.694324 0.452636 -1.029357 -7.604687 7.7e-05 -2.2e-05 6e-06 -0.002368 -0.086988 -0.048495 0.68597 -3.787518 -10.686077 -0.696614 3.617431 -10.685637 -22.081217 -4.619143 15.738988 -52.51355 -10.986933 5.508455 -0.11527 -22.132444 -0.002863 12.986155 -4.635031 9.100722 -5.882109 9.86129 0.702591 -10.936878 -0.360576 7.156207 1e-06 8.77483 -1e-06 -15.743082 17.949352 6.139572 -1.844033 2.498504 -2.507279 -10.163608 4.678947 4.62111 -20.976038 -5e-06 4e-06 -21.226299 2.451697 -3.594001 1e-06 -6e-06 -1e-06 -1.362682 2.2408 -0.746325 -21.334929 0.584909 3.008322 -13.821221 -3e-06 1e-06 -23.887182 -0.24908 -0.839485 -60.402054 2.272504 -1.127392 -0.294025 1.679687 0.833256 -14.218217 0.093215 1.300581 -34.21207 -0.287566 0.967171 -20.033226 0.964535 1.212846 -1e-06 1e-06 -1e-06 -3.44039 0.788235 0.501655 -15.928194 -3.167311 2.999707 -6.338829 -1e-06 1e-06 -18.123457 3.648183 -4.905671 -4e-06 -0.0 -1e-06 18.232557 9.750988 15.068154 55.175953 10.320394 20.315321 0.736745 26.423079 0.246062 -5.527483 2.794983 8.353517 2.243543 -5.255039 -3.180161 14.2829 -0.826595 6.952508 -3e-06 -12.69061 1e-06 16.51251 -17.474049 2.195529 1.665666 -1.955922 -2.878299 4.727802 -4.17059 4.993928 11.020535 4e-06 -0.0 12.10906 -3.735717 -2.866785 0.0 -0.0 1e-06 1.291986 -1.92855 -1.49809 14.80014 0.567469 3.865613 14.242582 -1.341735 -6.660661 19.631979 0.143927 -0.648244 50.021053 -0.493218 -6.640069 0.353029 -1.511152 -0.031941 20.222803 3.684314 2.316631 18.787287 6e-06 1e-06 10.751637 -0.479867 1.397907 0.0 -0.0 -1e-06 3.273809 0.305947 -0.58011 21.486832 11.830383 2.266134 8.162933 2e-06 1e-06 18.399092 -3.798988 -4.940577 3e-06 -1e-06 -2e-06 21.803156 -4.294964 -8.943954 -0.349727 -1.02454 121.733421 5.516501 -17.763102 -46.238411 2.158145 -1.230193 -35.482246 0.0 0.0 3e-06 -15.020453 -9.835135 0.022016 0.755356 0.86266 113.936531 -2.586062 15.866316 -39.382717 -1.576143 0.725874 -25.739105 0.0 0.0 -2e-06 
0.0 0.0 0.0 0.0 -0.0 0.0 -5.21257 48.78059 57.887947 -2.798701 0.743121 2.287224 1.287237 -0.370232 -0.35634 -0.04173 0.405277 -4.694582 0.432309 -2.277757 8.179722 0.154778 2.240738 1.102886 -0.804906 -0.125676 -3.688868 0.443976 -1.017875 -7.58464 7.7e-05 -2.2e-05 6e-06 -0.002414 -0.089713 -0.049791 0.682845 -3.791562 -10.68897 -0.693521 3.615781 -10.690268 -22.088535 -4.631002 15.777017 -52.453514 -11.030504 5.486473 -0.142017 -22.180767 0.00039 12.978518 -4.649297 9.011293 -5.882109 9.861288 0.70259 -10.936876 -0.360575 7.156207 1e-06 8.774828 -1e-06 -15.715775 17.944986 6.135432 -1.844032 2.498505 -2.507277 -10.163605 4.678947 4.621112 -20.976034 -4e-06 4e-06 -21.226295 2.451698 -3.593999 1e-06 -6e-06 0.0 -1.362682 2.240798 -0.746325 -21.334923 0.58491 3.008323 -13.82122 -2e-06 4e-06 -23.88718 -0.249078 -0.839481 -60.354088 2.279149 -1.118871 -0.294025 1.679687 0.833256 -14.218214 0.093215 1.300581 -34.212063 -0.287564 0.967172 -20.033218 0.964538 1.212846 0.0 1e-06 -1e-06 -3.44039 0.788235 0.501655 -15.928194 -3.16731 2.99971 -6.338829 -2e-06 0.0 -18.123455 3.648185 -4.90567 -5e-06 -1e-06 -1e-06 18.225719 9.807891 15.07509 55.152256 10.340936 20.354836 0.741262 26.460613 0.255863 -5.510582 2.745623 8.232403 2.243542 -5.255038 -3.180157 14.282895 -0.826595 6.952504 -2e-06 -12.690607 -1e-06 16.514751 -17.475954 2.194129 1.665666 -1.955921 -2.878299 4.727799 -4.170588 4.993924 11.020528 3e-06 -0.0 12.109055 -3.735716 -2.866785 0.0 0.0 1e-06 1.291986 -1.92855 -1.498089 14.800132 0.567467 3.865608 14.242577 -1.341738 -6.660661 19.631973 0.143926 -0.648247 50.048161 -0.505695 -6.652352 0.35303 -1.511151 -0.031941 20.222797 3.684309 2.31663 18.787279 4e-06 -2e-06 10.751631 -0.479867 1.397905 0.0 0.0 -0.0 3.273808 0.305946 -0.580111 21.486816 11.830377 2.266134 8.16293 1e-06 -1e-06 18.399088 -3.798986 -4.940578 2e-06 -1e-06 -2e-06 21.748852 -4.259562 -9.01492 -0.357401 -1.044916 121.782425 5.509736 -17.731953 -46.209976 2.146011 -1.229287 -35.588581 0.0 -0.0 2e-06 -15.06461 -9.841092 -0.04789 0.755138 0.866313 114.001099 -2.593113 15.89908 -39.402958 -1.578377 0.723019 -25.747911 0.0 -0.0 -2e-06 
0.0 0.0 0.0 0.0 -0.0 0.0 -5.229431 48.807999 57.850246 -2.777463 0.735372 2.287237 1.275906 -0.369426 -0.341851 -0.048045 0.404316 -4.690078 0.43087 -2.269393 8.168661 0.143915 2.253412 1.095164 -0.806886 -0.109035 -3.689238 0.44324 -1.008782 -7.548291 7.7e-05 -2.2e-05 6e-06 -0.002754 -0.095759 -0.052083 0.678603 -3.79854 -10.689806 -0.689951 3.610274 -10.692071 -22.090315 -4.643987 15.819977 -52.403862 -11.078809 5.521158 -0.156907 -22.21895 0.008797 13.004186 -4.64255 8.908182 -5.882105 9.861284 0.702591 -10.936873 -0.360576 7.156205 2e-06 8.774825 -1e-06 -15.707578 17.942968 6.122654 -1.844034 2.498503 -2.507278 -10.163599 4.678944 4.621109 -20.976023 -5e-06 5e-06 -21.226288 2.451695 -3.593997 1e-06 -6e-06 -1e-06 -1.362682 2.240797 -0.746323 -21.334915 0.584907 3.008324 -13.821215 -4e-06 2e-06 -23.887173 -0.249081 -0.839477 -60.298023 2.277529 -1.122274 -0.294025 1.679687 0.833255 -14.21821 0.093214 1.300579 -34.212051 -0.287567 0.967169 -20.033215 0.964535 1.212845 0.0 1e-06 -0.0 -3.440389 0.788233 0.501657 -15.928189 -3.167311 2.999707 -6.338827 -2e-06 0.0 -18.123446 3.64818 -4.90567 -4e-06 -0.0 -1e-06 18.205292 9.849689 15.08743 55.14875 10.368094 20.402395 0.740776 26.493423 0.259101 -5.480628 2.714618 8.198363 2.243541 -5.255037 -3.180158 14.282892 -0.826594 6.952507 -3e-06 -12.690605 1e-06 16.512642 -17.481009 2.201418 1.665666 -1.955922 -2.878299 4.727799 -4.170588 4.993927 11.020526 4e-06 1e-06 12.109052 -3.735714 -2.866783 -0.0 0.0 1e-06 1.291985 -1.928549 -1.49809 14.800131 0.567469 3.865611 14.242569 -1.341735 -6.660657 19.631968 0.143926 -0.648241 50.094055 -0.518719 -6.642475 0.353029 -1.51115 -0.031941 20.222792 3.68431 2.316634 18.787273 4e-06 3e-06 10.751629 -0.479871 1.397908 0.0 0.0 -0.0 3.273806 0.305947 -0.580111 21.486818 11.830376 2.266137 8.162928 1e-06 0.0 18.399082 -3.798985 -4.940573 2e-06 -0.0 -1e-06 21.727499 -4.264285 -9.080425 -0.36314 -1.046744 121.807861 5.475973 -17.745846 -46.17643 2.135364 -1.227166 -35.772888 -0.0 -0.0 2e-06 -15.08971 -9.868802 -0.096254 0.758619 0.864958 114.051262 -2.6365 15.90116 -39.461182 -1.583961 0.719489 -25.77261 0.0 -0.0 -1e-06 
0.0 0.0 0.0 0.0 -0.0 0.0 -5.264137 48.826736 57.818298 -2.747755 0.726177 2.290141 1.258325 -0.362331 -0.335313 -0.051887 0.419028 -4.685236 0.42874 -2.253111 8.170149 0.114806 2.272369 1.074927 -0.801996 -0.116221 -3.696357 0.455014 -1.007904 -7.539602 7.7e-05 -2.2e-05 6e-06 -0.003936 -0.103541 -0.053274 0.676049 -3.806637 -10.689976 -0.689812 3.602334 -10.691998 -22.092009 -4.680065 15.828503 -52.361584 -11.092024 5.606412 -0.172899 -22.258335 0.023395 13.04906 -4.618194 8.868622 -5.882108 9.861288 0.702588 -10.936877 -0.360577 7.156207 2e-06 8.774828 -0.0 -15.717631 17.946228 6.115806 -1.844033 2.498505 -2.507279 -10.163605 4.678945 4.62111 -20.976034 -6e-06 3e-06 -21.226295 2.451694 -3.594001 1e-06 -6e-06 -1e-06 -1.362683 2.240799 -0.746325 -21.334929 0.584907 3.008323 -13.821221 -5e-06 2e-06 -23.887184 -0.249083 -0.839483 -60.271133 2.274379 -1.122255 -0.294025 1.679687 0.833256 -14.218217 0.093214 1.300582 -34.212067 -0.287567 0.96717 -20.033226 0.964536 1.212845 0.0 2e-06 -0.0 -3.44039 0.788233 0.501655 -15.928198 -3.167312 2.999708 -6.33883 -2e-06 1e-06 -18.123459 3.648181 -4.905673 -4e-06 -0.0 -1e-06 18.177523 9.857109 15.074745 55.152538 10.374766 20.484262 0.729281 26.543276 0.2543 -5.45505 2.67118 8.117318 2.243541 -5.255036 -3.180157 14.282887 -0.826593 6.952499 -4e-06 -12.690601 1e-06 16.506556 -17.481779 2.207994 1.665667 -1.955922 -2.878298 4.727797 -4.170585 4.993924 11.020523 4e-06 -0.0 12.10905 -3.735713 -2.866782 0.0 0.0 1e-06 1.291986 -1.928549 -1.498091 14.800127 0.567471 3.865607 14.242568 -1.341735 -6.660654 19.631966 0.143929 -0.648243 50.126118 -0.520012 -6.624049 0.353029 -1.511149 -0.03194 20.222786 3.684312 2.31663 18.78727 8e-06 -0.0 10.751626 -0.479867 1.397905 1e-06 -0.0 -0.0 3.273807 0.305948 -0.580111 21.486811 11.830376 2.266133 8.162926 3e-06 -0.0 18.399076 -3.798982 -4.940573 3e-06 -0.0 -2e-06 21.708998 -4.300089 -9.145452 -0.365691 -1.036776 121.817734 5.400041 -17.791252 -46.116039 2.131633 -1.2263 -35.922836 0.0 -0.0 2e-06 -15.107438 -9.896084 -0.134074 0.761799 0.851913 114.098938 -2.703705 15.87004 -39.519676 -1.590818 0.715646 -25.833834 0.0 -0.0 -1e-06 
0.0 0.0 0.0 0.0 -0.0 0.0 -5.300464 48.832699 57.781231 -2.714222 0.713005 2.293117 1.245372 -0.352566 -0.325698 -0.056177 0.444606 -4.679736 0.420957 -2.227482 8.177395 0.070374 2.293754 1.037296 -0.787864 -0.1466 -3.703312 0.470502 -1.005859 -7.580209 7.7e-05 -2.3e-05 6e-06 -0.005626 -0.107937 -0.052366 0.674325 -3.81187 -10.69396 -0.69159 3.598642 -10.696258 -22.096134 -4.726436 15.791802 -52.332157 -11.060601 5.681396 -0.198055 -22.2994 0.03914 13.061516 -4.603518 8.890071 -5.882111 9.86129 0.702591 -10.936877 -0.360575 7.156209 0.0 8.77483 -1e-06 -15.737333 17.952326 6.118207 -1.844034 2.498505 -2.507279 -10.163605 4.678947 4.621109 -20.976038 -3e-06 4e-06 -21.226297 2.451698 -3.594002 1e-06 -6e-06 -1e-06 -1.362682 2.240798 -0.746324 -21.334929 0.58491 3.008322 -13.821221 -3e-06 1e-06 -23.887184 -0.249079 -0.839483 -60.270901 2.262657 -1.116458 -0.294024 1.679688 0.833257 -14.218217 0.093215 1.300581 -34.212067 -0.287563 0.967169 -20.03323 0.964536 1.212841 -1e-06 1e-06 -1e-06 -3.440392 0.788234 0.501655 -15.928198 -3.167311 2.999707 -6.338829 -1e-06 -0.0 -18.123459 3.648185 -4.905674 -4e-06 -0.0 -1e-06 18.156286 9.842856 15.077007 55.142376 10.387417 20.508291 0.739784 26.616922 0.254927 -5.440619 2.634773 8.088758 2.243544 -5.255039 -3.180156 14.282896 -0.826599 6.952503 -0.0 -12.690609 2e-06 16.493248 -17.46821 2.216003 1.665667 -1.955922 -2.878299 4.727801 -4.170591 4.993923 11.020529 1e-06 -1e-06 12.109056 -3.73572 -2.866786 0.0 -0.0 1e-06 1.291987 -1.92855 -1.498087 14.800132 0.567465 3.865608 14.242579 -1.341739 -6.660658 19.631973 0.143922 -0.648247 50.138893 -0.512778 -6.590536 0.353029 -1.511152 -0.031939 20.222799 3.684307 2.316628 18.787281 2e-06 -3e-06 10.751633 -0.47987 1.397905 1e-06 -0.0 -0.0 3.273808 0.305946 -0.580111 21.48682 11.830376 2.266133 8.16293 0.0 -1e-06 18.399092 -3.798988 -4.940579 3e-06 -0.0 -2e-06 21.694292 -4.338977 -9.211953 -0.363404 -1.024246 121.836426 5.309742 -17.855566 -46.053768 2.138642 -1.226851 -35.938282 0.0 0.0 2e-06 -15.122479 -9.903905 -0.175479 0.761602 0.82906 114.160492 -2.75972 15.834824 -39.571121 -1.596146 0.712969 -25.897264 0.0 0.0 -1e-06 
0.0 0.0 0.0 0.0 -0.0 0.0 -5.324053 48.82724 57.729572 -2.681195 0.704977 2.305203 1.237081 -0.344472 -0.31716 -0.059864 0.465463 -4.675593 0.416712 -2.196812 8.183802 0.025588 2.317124 0.99736 -0.770499 -0.193395 -3.706213 0.486814 -1.012671 -7.644896 7.7e-05 -2.2e-05 6e-06 -0.006913 -0.103445 -0.048646 0.676133 -3.807688 -10.69563 -0.696081 3.603911 -10.698153 -22.086622 -4.770788 15.705925 -52.343124 -11.004245 5.742913 -0.24929 -22.31867 0.058261 13.065481 -4.586119 8.938427 -5.882107 9.861285 0.70259 -10.936872 -0.360576 7.156209 0.0 8.774826 -3e-06 -15.774347 17.968718 6.126374 -1.844032 2.498503 -2.507278 -10.1636 4.678944 4.621111 -20.976023 -4e-06 4e-06 -21.226286 2.451696 -3.593999 1e-06 -6e-06 0.0 -1.36268 2.240799 -0.746326 -21.334915 0.584908 3.008326 -13.821215 -4e-06 4e-06 -23.887171 -0.24908 -0.83948 -60.316212 2.245668 -1.113534 -0.294024 1.679687 0.833256 -14.21821 0.093212 1.30058 -34.212048 -0.287565 0.967174 -20.033215 0.964537 1.212847 0.0 2e-06 -1e-06 -3.440388 0.788233 0.501655 -15.928185 -3.16731 2.999709 -6.338826 -1e-06 2e-06 -18.123446 3.648182 -4.90567 -4e-06 -0.0 -1e-06 18.127432 9.829831 15.08762 55.133759 10.415767 20.525845 0.753872 26.671297 0.2549 -5.43412 2.612733 8.16192 2.243542 -5.255038 -3.18016 14.282896 -0.826596 6.952507 -2e-06 -12.690606 1e-06 16.485472 -17.454865 2.229648 1.665667 -1.955921 -2.8783 4.727801 -4.170588 4.993928 11.020529 4e-06 -0.0 12.109056 -3.735716 -2.866785 0.0 -0.0 1e-06 1.291985 -1.928549 -1.498091 14.800134 0.567468 3.86561 14.242577 -1.341734 -6.660658 19.631973 0.143926 -0.648244 50.143501 -0.509603 -6.543441 0.353028 -1.51115 -0.03194 20.222801 3.68431 2.316632 18.787283 5e-06 1e-06 10.751633 -0.479869 1.397907 0.0 -0.0 -1e-06 3.273809 0.305946 -0.580112 21.486824 11.830376 2.266135 8.16293 2e-06 0.0 18.399092 -3.798986 -4.940575 2e-06 -0.0 -1e-06 21.67528 -4.376869 -9.300116 -0.358559 -1.00884 121.890556 5.20992 -17.922146 -46.011345 2.15408 -1.231018 -35.748695 0.0 -0.0 1e-06 -15.151967 -9.911968 -0.241767 0.756167 0.809898 114.246414 -2.809963 15.812246 -39.613266 -1.597895 0.713321 -25.926245 0.0 -0.0 -1e-06 
0.0 0.0 0.0 0.0 -0.0 0.0 -5.335872 48.820202 57.662266 -2.656118 0.691957 2.326504 1.2313 -0.331274 -0.316156 -0.059062 0.469768 -4.673997 0.41768 -2.176009 8.192211 -0.009749 2.347934 0.952445 -0.755727 -0.238662 -3.705849 0.482857 -1.028827 -7.718226 7.7e-05 -2.2e-05 6e-06 -0.006908 -0.090323 -0.044526 0.680869 -3.79403 -10.693905 -0.700867 3.617503 -10.696425 -22.080061 -4.804134 15.640118 -52.384373 -10.96085 5.766579 -0.305136 -22.310257 0.079479 13.089577 -4.586943 8.982508 -5.882112 9.86129 0.702591 -10.936881 -0.360576 7.156211 2e-06 8.774831 -0.0 -15.793073 17.98494 6.1443 -1.844033 2.498504 -2.507278 -10.163608 4.678946 4.621113 -20.976042 -7e-06 3e-06 -21.226301 2.451695 -3.594002 1e-06 -6e-06 -1e-06 -1.362682 2.240799 -0.746323 -21.334932 0.584908 3.008324 -13.821227 -4e-06 3e-06 -23.887192 -0.249083 -0.839484 -60.356655 2.231171 -1.110485 -0.294025 1.679687 0.833258 -14.218224 0.093213 1.30058 -34.212082 -0.287569 0.967173 -20.033232 0.964534 1.212848 0.0 2e-06 -0.0 -3.440392 0.788235 0.501655 -15.928201 -3.167313 2.999707 -6.338832 -2e-06 0.0 -18.123465 3.648182 -4.905674 -4e-06 -0.0 -1e-06 18.104546 9.831648 15.098106 55.120674 10.450923 20.552544 0.773794 26.702446 0.255052 -5.462198 2.611872 8.280216 2.243541 -5.255037 -3.180159 14.282896 -0.826592 6.952501 -5e-06 -12.690605 -0.0 16.49852 -17.44717 2.229659 1.665667 -1.955922 -2.878299 4.727799 -4.170587 4.993925 11.020529 4e-06 -1e-06 12.109056 -3.735714 -2.866785 0.0 0.0 1e-06 1.291986 -1.928549 -1.49809 14.800136 0.56747 3.865608 14.242579 -1.341733 -6.66066 19.631975 0.143929 -0.648243 50.149204 -0.50225 -6.502369 0.353028 -1.511151 -0.031942 20.222801 3.684313 2.316629 18.787283 8e-06 -0.0 10.751633 -0.479866 1.397907 1e-06 -1e-06 -2e-06 3.273808 0.305947 -0.580109 21.486824 11.830379 2.266134 8.16293 3e-06 -1e-06 18.399088 -3.798982 -4.940576 3e-06 -1e-06 -2e-06 21.670687 -4.412963 -9.408845 -0.347625 -0.979353 121.976227 5.155724 -17.977007 -46.002869 2.173139 -1.236909 -35.53912 0.0 -0.0 1e-06 -15.18377 -9.926797 -0.338055 0.747151 0.809864 114.362396 -2.882126 15.803061 -39.691906 -1.600189 0.7153 -25.942596 0.0 -0.0 -1e-06 
0.0 0.0 0.0 0.0 -0.0 0.0 -5.336341 48.817791 57.609081 -2.645284 0.667003 2.354741 1.230413 -0.324089 -0.319839 -0.050921 0.470759 -4.676133 0.430009 -2.177292 8.203624 -0.04121 2.382802 0.909329 -0.762509 -0.252686 -3.698011 0.472249 -1.063778 -7.760918 7.7e-05 -2.2e-05 6e-06 -0.004953 -0.070365 -0.042288 0.68658 -3.772619 -10.687959 -0.702648 3.636893 -10.690603 -22.081465 -4.813667 15.624345 -52.460358 -10.951359 5.792819 -0.333832 -22.2966 0.08921 13.142483 -4.589072 9.057531 -5.882108 9.861292 0.702592 -10.936875 -0.360574 7.156204 -1e-06 8.774831 -0.0 -15.782397 17.988091 6.166332 -1.844034 2.498506 -2.507279 -10.163603 4.678949 4.621109 -20.97603 -3e-06 2e-06 -21.226295 2.4517 -3.594 1e-06 -6e-06 -1e-06 -1.362683 2.2408 -0.746323 -21.334921 0.584911 3.008322 -13.821218 -3e-06 -1e-06 -23.887178 -0.24908 -0.839484 -60.380062 2.22836 -1.098574 -0.294025 1.679688 0.833256 -14.218214 0.093216 1.300579 -34.212067 -0.287565 0.967167 -20.033218 0.964537 1.212842 1e-06 2e-06 -0.0 -3.440389 0.788233 0.501655 -15.928191 -3.167311 2.999706 -6.338829 -1e-06 1e-06 -18.123457 3.648186 -4.905674 -4e-06 -0.0 -2e-06 18.087713 9.856953 15.089761 55.101665 10.475686 20.597656 0.805749 26.701977 0.266603 -5.552558 2.628379 8.408574 2.243545 -5.255041 -3.180158 14.282902 -0.826595 6.952504 -3e-06 -12.690616 1e-06 16.520683 -17.455069 2.220701 1.665668 -1.955923 -2.878301 4.727802 -4.170592 4.993926 11.020536 3e-06 -0.0 12.109061 -3.735719 -2.866784 0.0 0.0 1e-06 1.291987 -1.92855 -1.49809 14.800139 0.567468 3.865608 14.242584 -1.341738 -6.660659 19.631985 0.143926 -0.648244 50.147934 -0.49638 -6.485221 0.35303 -1.511151 -0.031939 20.222809 3.684311 2.316629 18.787291 5e-06 -3e-06 10.751636 -0.47987 1.397905 1e-06 0.0 -0.0 3.27381 0.305947 -0.580112 21.486832 11.830386 2.266133 8.162935 3e-06 -1e-06 18.399099 -3.798987 -4.94058 2e-06 -0.0 -1e-06 21.681362 -4.425953 -9.491985 -0.337404 -0.944366 122.051506 5.161782 -18.001434 -46.029827 2.193809 -1.240237 -35.394058 0.0 -0.0 2e-06 -15.21821 -9.938649 -0.429801 0.736222 0.823685 114.464676 -2.954996 15.825702 -39.791813 -1.600001 0.716613 -25.965183 0.0 -0.0 -2e-06 
0.0 0.0 0.0 0.0 -0.0 0.0 -5.327502 48.81366 57.57246 -2.655873 0.639814 2.37778 1.238338 -0.334219 -0.323668 -0.036823 0.474164 -4.680086 0.457455 -2.190331 8.223665 -0.065819 2.410289 0.863956 -0.783841 -0.243879 -3.689443 0.463556 -1.097819 -7.761608 7.7e-05 -2.3e-05 6e-06 -0.00225 -0.05529 -0.043471 0.690539 -3.756178 -10.682738 -0.701094 3.650793 -10.685855 -22.078329 -4.792894 15.661501 -52.563263 -10.994891 5.917647 -0.321201 -22.279844 0.082936 13.207798 -4.569828 9.115672 -5.882106 9.861283 0.702592 -10.93687 -0.360575 7.156204 0.0 8.774822 -1e-06 -15.752199 17.971472 6.174592 -1.844032 2.498503 -2.507279 -10.163601 4.678944 4.621109 -20.976025 -4e-06 3e-06 -21.226286 2.451697 -3.593997 1e-06 -6e-06 -1e-06 -1.362681 2.240797 -0.746323 -21.334913 0.584909 3.008322 -13.821214 -3e-06 3e-06 -23.887169 -0.249079 -0.839482 -60.37867 2.223782 -1.084095 -0.294025 1.679687 0.833256 -14.218212 0.093215 1.300583 -34.212051 -0.287564 0.96717 -20.033215 0.964537 1.212843 0.0 1e-06 -1e-06 -3.440388 0.788233 0.501656 -15.928185 -3.167309 2.999707 -6.338827 -2e-06 1e-06 -18.123444 3.648181 -4.90567 -4e-06 -0.0 -1e-06 18.092747 9.885539 15.07937 55.060108 10.483586 20.606821 0.847811 26.702703 0.289727 -5.669708 2.645463 8.433997 2.243542 -5.255037 -3.180161 14.282894 -0.826595 6.952502 -3e-06 -12.690603 2e-06 16.540243 -17.47027 2.213778 1.665666 -1.955922 -2.878299 4.727798 -4.170588 4.993925 11.020526 3e-06 0.0 12.109052 -3.735715 -2.866784 0.0 -0.0 1e-06 1.291985 -1.92855 -1.498088 14.800131 0.567468 3.865607 14.242573 -1.341736 -6.660659 19.631971 0.143925 -0.648244 50.151543 -0.49125 -6.489188 0.353028 -1.51115 -0.031941 20.22279 3.68431 2.316631 18.787273 5e-06 -1e-06 10.751628 -0.479869 1.397907 2e-06 0.0 -1e-06 3.273808 0.305947 -0.580113 21.486816 11.830376 2.266132 8.162928 2e-06 1e-06 18.399082 -3.798984 -4.940575 2e-06 -0.0 -1e-06 21.719454 -4.408953 -9.542541 -0.331344 -0.917767 122.108932 5.194283 -18.014872 -46.060543 2.206501 -1.23927 -35.341175 0.0 -0.0 3e-06 -15.246048 -9.93829 -0.498548 0.725671 0.832321 114.541092 -3.015003 15.870484 -39.879238 -1.602054 0.714741 -25.972908 0.0 -0.0 -1e-06 
0.0 0.0 0.0 0.0 -0.0 0.0 -5.303743 48.818569 57.532238 -2.672038 0.616948 2.39623 1.250624 -0.355498 -0.328059 -0.023 0.470223 -4.678826 0.487692 -2.203231 8.239748 -0.073518 2.418775 0.821142 -0.800056 -0.206501 -3.685836 0.442747 -1.102298 -7.695573 7.7e-05 -2.3e-05 6e-06 -0.000224 -0.048454 -0.046764 0.692117 -3.749315 -10.680293 -0.698452 3.65698 -10.683405 -22.060457 -4.755695 15.727675 -52.684574 -11.068212 6.180459 -0.256449 -22.262516 0.059729 13.262424 -4.512713 9.111305 -5.882107 9.861286 0.702587 -10.936876 -0.360576 7.156206 1e-06 8.774826 -2e-06 -15.726234 17.942312 6.16852 -1.844033 2.498504 -2.507278 -10.163603 4.678944 4.621109 -20.97603 -7e-06 3e-06 -21.226292 2.451693 -3.593998 1e-06 -6e-06 -1e-06 -1.362681 2.240798 -0.746323 -21.334921 0.584907 3.008322 -13.821218 -6e-06 2e-06 -23.887178 -0.249084 -0.839481 -60.368053 2.215432 -1.063567 -0.294024 1.679687 0.833257 -14.218213 0.093213 1.300578 -34.212063 -0.287571 0.967171 -20.03322 0.964533 1.212844 -1e-06 1e-06 -0.0 -3.440389 0.788234 0.501655 -15.928191 -3.167312 2.999706 -6.338829 -2e-06 1e-06 -18.123453 3.64818 -4.905673 -4e-06 -0.0 -1e-06 18.114868 9.92118 15.072906 55.025928 10.458524 20.548717 0.875406 26.727661 0.312316 -5.712789 2.664363 8.405963 2.243542 -5.255037 -3.180158 14.282894 -0.826594 6.952503 -3e-06 -12.690604 1e-06 16.536341 -17.480106 2.217262 1.665666 -1.955922 -2.878298 4.727798 -4.170587 4.993924 11.020527 3e-06 -2e-06 12.109053 -3.735715 -2.866785 0.0 -0.0 1e-06 1.291987 -1.92855 -1.498087 14.800129 0.567468 3.865605 14.242577 -1.341737 -6.660659 19.631971 0.143927 -0.648246 50.146713 -0.493193 -6.506792 0.35303 -1.51115 -0.03194 20.222795 3.684311 2.316626 18.787273 7e-06 -4e-06 10.751629 -0.479867 1.397906 0.0 0.0 -0.0 3.273808 0.305947 -0.580111 21.486818 11.830377 2.266131 8.162928 2e-06 -2e-06 18.399084 -3.798983 -4.940577 2e-06 -1e-06 -1e-06 21.761215 -4.351995 -9.598766 -0.325834 -0.908362 122.171883 5.226051 -18.029774 -46.080688 2.203162 -1.235141 -35.376575 0.0 -0.0 2e-06 -15.269382 -9.915571 -0.578938 0.719948 0.82687 114.609222 -3.038797 15.926043 -39.927689 -1.601433 0.711842 -25.940937 0.0 -0.0 -2e-06 
0.0 0.0 0.0 0.0 -0.0 0.0 -5.286073 48.831341 57.475132 -2.68749 0.59724 2.387515 1.264907 -0.375943 -0.318803 -0.014992 0.452088 -4.673475 0.516535 -2.215792 8.258606 -0.068044 2.398352 0.771205 -0.789677 -0.154782 -3.69131 0.410993 -1.056902 -7.588786 7.7e-05 -2.2e-05 6e-06 -1.2e-05 -0.048476 -0.050493 0.690691 -3.751209 -10.685584 -0.69648 3.658012 -10.687051 -22.036692 -4.704606 15.796727 -52.798489 -11.145684 6.507648 -0.163117 -22.258127 0.035314 13.25609 -4.423676 9.051143 -5.882109 9.861288 0.702593 -10.936875 -0.360574 7.156205 -1e-06 8.774828 -1e-06 -15.696071 17.911581 6.158242 -1.844033 2.498506 -2.507278 -10.163602 4.678948 4.621109 -20.97603 -2e-06 3e-06 -21.226294 2.451699 -3.594002 1e-06 -6e-06 0.0 -1.362682 2.240798 -0.746323 -21.334921 0.584912 3.008323 -13.821219 -2e-06 1e-06 -23.887182 -0.249078 -0.839484 -60.343998 2.208738 -1.051295 -0.294024 1.679688 0.833255 -14.218212 0.093217 1.30058 -34.212059 -0.287561 0.967168 -20.033218 0.964537 1.212842 -1e-06 1e-06 -1e-06 -3.44039 0.788234 0.501656 -15.928191 -3.167309 2.999707 -6.338828 -1e-06 -0.0 -18.123453 3.648184 -4.905673 -4e-06 -0.0 -2e-06 18.141026 9.962772 15.073341 55.011883 10.41277 20.464273 0.877907 26.778439 0.323949 -5.662639 2.675581 8.274713 2.243543 -5.255039 -3.180159 14.28289 -0.826599 6.952503 1e-06 -12.690607 1e-06 16.517666 -17.481297 2.226704 1.665666 -1.955922 -2.878298 4.7278 -4.170589 4.993923 11.020526 -0.0 -0.0 12.109053 -3.735719 -2.866787 0.0 0.0 1e-06 1.291986 -1.92855 -1.498091 14.800129 0.567464 3.865607 14.242574 -1.341741 -6.660657 19.631968 0.143921 -0.648249 50.143543 -0.497377 -6.530511 0.35303 -1.511151 -0.03194 20.222792 3.684304 2.316628 18.787273 2e-06 -4e-06 10.751627 -0.47987 1.397903 0.0 0.0 -0.0 3.273808 0.305946 -0.58011 21.486811 11.830371 2.266133 8.162928 0.0 -3e-06 18.399086 -3.798988 -4.940581 2e-06 -0.0 -2e-06 21.798052 -4.292255 -9.658374 -0.322761 -0.919033 122.241631 5.240237 -18.053709 -46.078293 2.186027 -1.231485 -35.454292 -0.0 0.0 1e-06 -15.267476 -9.882421 -0.653532 0.717899 0.817853 114.690338 -3.042579 15.958165 -39.978352 -1.601191 0.709652 -25.847542 0.0 -0.0 -2e-06 
0.0 0.0 0.0 0.0 -0.0 0.0 -5.279263 48.839676 57.385941 -2.689454 0.588188 2.353227 1.278582 -0.386757 -0.295009 -0.016055 0.419888 -4.66802 0.537219 -2.227534 8.285137 -0.052079 2.367802 0.7364 -0.751347 -0.108591 -3.6981 0.365929 -0.962568 -7.524675 7.7e-05 -2.2e-05 6e-06 -0.001631 -0.053773 -0.049642 0.687659 -3.75936 -10.694695 -0.696703 3.655015 -10.693538 -22.026878 -4.653432 15.828523 -52.877838 -11.188787 6.789814 -0.076952 -22.273373 0.014067 13.19858 -4.329779 8.96519 -5.882113 9.861294 0.702591 -10.93688 -0.360573 7.156209 -1e-06 8.774833 0.0 -15.668018 17.887541 6.153612 -1.844034 2.498507 -2.507279 -10.16361 4.678951 4.621113 -20.976042 -3e-06 -1e-06 -21.226307 2.451699 -3.594003 1e-06 -6e-06 -1e-06 -1.362683 2.2408 -0.746321 -21.33493 0.584913 3.00832 -13.821225 -2e-06 -1e-06 -23.88719 -0.24908 -0.839488 -60.324135 2.210472 -1.048053 -0.294024 1.679689 0.833257 -14.218221 0.093217 1.300578 -34.212082 -0.287563 0.967166 -20.03323 0.964537 1.21284 0.0 1e-06 -0.0 -3.440392 0.788234 0.501656 -15.928201 -3.16731 2.999707 -6.338831 -1e-06 0.0 -18.123461 3.648187 -4.905676 -5e-06 -0.0 -2e-06 18.17404 10.013941 15.07545 55.003166 10.362522 20.436327 0.832193 26.825813 0.312262 -5.561713 2.692296 8.087732 2.243544 -5.255038 -3.180156 14.282896 -0.826596 6.952499 -1e-06 -12.690607 -0.0 16.502443 -17.478554 2.232666 1.665667 -1.955922 -2.8783 4.727801 -4.170589 4.993926 11.020531 2e-06 -0.0 12.109056 -3.735717 -2.866786 0.0 0.0 1e-06 1.291987 -1.92855 -1.49809 14.800136 0.567466 3.865609 14.242579 -1.341738 -6.66066 19.631979 0.143925 -0.648249 50.139088 -0.500816 -6.560617 0.35303 -1.511151 -0.03194 20.222801 3.684309 2.316629 18.787285 5e-06 -4e-06 10.751633 -0.479869 1.397905 0.0 0.0 -0.0 3.273807 0.305948 -0.58011 21.48682 11.830377 2.266129 8.16293 2e-06 -1e-06 18.399092 -3.798985 -4.940579 3e-06 -0.0 -2e-06 21.815203 -4.26896 -9.739494 -0.32114 -0.935844 122.347198 5.236396 -18.082285 -46.075626 2.162172 -1.229992 -35.545494 0.0 -0.0 2e-06 -15.271628 -9.861171 -0.725206 0.719149 0.808492 114.815796 -3.056678 15.973286 -40.063614 -1.599696 0.710046 -25.730745 0.0 -0.0 -1e-06 
0.0 0.0 0.0 0.0 -0.0 0.0 -5.291141 48.83012 57.290329 -2.680547 0.592101 2.308357 1.283228 -0.386772 -0.268562 -0.023271 0.384684 -4.669148 0.555412 -2.241723 8.320556 -0.036445 2.346662 0.726146 -0.705009 -0.087947 -3.697838 0.323425 -0.864856 -7.545228 7.7e-05 -2.2e-05 6e-06 -0.003409 -0.060049 -0.043659 0.685309 -3.767134 -10.696558 -0.698015 3.65 -10.695356 -22.032185 -4.619503 15.843431 -52.912292 -11.219567 6.938818 -0.036018 -22.297058 -9.9e-05 13.136865 -4.261004 8.939351 -5.882114 9.861295 0.702591 -10.936881 -0.360574 7.156214 -1e-06 8.774833 -1e-06 -15.636256 17.875078 6.162529 -1.844034 2.498507 -2.507278 -10.16361 4.678951 4.621112 -20.976044 -2e-06 2e-06 -21.226307 2.4517 -3.594005 1e-06 -6e-06 -1e-06 -1.362683 2.2408 -0.746322 -21.334934 0.584912 3.008324 -13.821228 -1e-06 1e-06 -23.887194 -0.249077 -0.839485 -60.301247 2.230812 -1.057507 -0.294025 1.679688 0.833257 -14.218224 0.093217 1.300581 -34.212086 -0.287559 0.96717 -20.033236 0.964538 1.212843 0.0 2e-06 -1e-06 -3.440391 0.788235 0.501658 -15.928203 -3.16731 2.99971 -6.338833 -1e-06 0.0 -18.123465 3.648188 -4.905674 -4e-06 -0.0 -2e-06 18.229824 10.051732 15.085503 54.97459 10.332956 20.475254 0.776712 26.845379 0.291863 -5.509803 2.712163 7.85359 2.243544 -5.25504 -3.18016 14.282902 -0.826596 6.952507 -2e-06 -12.690612 2e-06 16.497068 -17.474951 2.223689 1.665667 -1.955922 -2.878302 4.727802 -4.17059 4.993928 11.020535 3e-06 -1e-06 12.10906 -3.735718 -2.866786 0.0 -0.0 1e-06 1.291987 -1.92855 -1.498089 14.800139 0.567467 3.865608 14.242584 -1.341737 -6.660665 19.631985 0.143927 -0.648249 50.121006 -0.502775 -6.600384 0.353029 -1.511152 -0.031939 20.222805 3.684311 2.316629 18.787289 6e-06 -5e-06 10.751636 -0.479869 1.397906 1e-06 1e-06 -2e-06 3.27381 0.305947 -0.58011 21.486832 11.830382 2.266131 8.162935 2e-06 -1e-06 18.399099 -3.798987 -4.940581 3e-06 -0.0 -2e-06 21.822149 -4.299768 -9.817168 -0.321367 -0.950969 122.465118 5.21724 -18.116137 -46.089149 2.148978 -1.230461 -35.614731 -0.0 -0.0 2e-06 -15.286196 -9.863106 -0.765099 0.71949 0.799777 114.962837 -3.113611 15.974751 -40.197746 -1.595275 0.71383 -25.607306 0.0 0.0 -1e-06 
0.0 0.0 0.0 0.0 -0.0 0.0 -5.313954 48.80682 57.21349 -2.667113 0.614075 2.264914 1.278536 -0.380909 -0.259229 -0.036351 0.356827 -4.675916 0.577113 -2.258991 8.364275 -0.009901 2.337347 0.734236 -0.677777 -0.093499 -3.687967 0.30294 -0.821942 -7.616446 7.7e-05 -2.2e-05 6e-06 -0.004936 -0.065243 -0.036267 0.682317 -3.772774 -10.690356 -0.698138 3.645389 -10.690886 -22.046667 -4.60518 15.860743 -52.904037 -11.264839 6.964687 -0.035284 -22.303347 -0.007155 13.100166 -4.212666 8.946401 -5.882106 9.861284 0.70259 -10.936872 -0.360574 7.156205 -0.0 8.774824 -1e-06 -15.619859 17.871319 6.179196 -1.844031 2.498504 -2.507278 -10.163598 4.678944 4.621109 -20.976021 -4e-06 3e-06 -21.226284 2.451696 -3.593997 1e-06 -6e-06 0.0 -1.362682 2.240797 -0.746324 -21.334913 0.58491 3.008324 -13.821213 -3e-06 2e-06 -23.887167 -0.249078 -0.839484 -60.275818 2.256394 -1.064103 -0.294024 1.679687 0.833256 -14.218207 0.093217 1.300581 -34.212048 -0.287563 0.967169 -20.033211 0.964536 1.212841 -0.0 2e-06 -0.0 -3.440387 0.788233 0.501657 -15.928185 -3.167308 2.999706 -6.338825 -1e-06 -0.0 -18.123444 3.648181 -4.905672 -4e-06 -0.0 -2e-06 18.29361 10.07604 15.099479 54.950169 10.330392 20.529425 0.741393 26.813976 0.282722 -5.511557 2.745368 7.628913 2.243541 -5.255036 -3.180156 14.282896 -0.826595 6.952503 -3e-06 -12.690605 2e-06 16.498093 -17.485134 2.207284 1.665667 -1.955921 -2.878298 4.727801 -4.170588 4.993924 11.020529 3e-06 1e-06 12.109055 -3.735716 -2.866782 0.0 0.0 1e-06 1.291986 -1.928548 -1.49809 14.800132 0.567469 3.865606 14.242577 -1.341735 -6.660657 19.631973 0.143927 -0.648245 50.107975 -0.509908 -6.632509 0.35303 -1.511151 -0.031939 20.222797 3.68431 2.316632 18.787279 5e-06 1e-06 10.75163 -0.479868 1.397907 2e-06 1e-06 -1e-06 3.273808 0.305946 -0.580111 21.48682 11.830378 2.266133 8.16293 2e-06 -0.0 18.399088 -3.798986 -4.940575 3e-06 -0.0 -2e-06 21.843143 -4.369515 -9.873303 -0.322134 -0.953607 122.570152 5.209481 -18.158108 -46.125629 2.145992 -1.231758 -35.66898 0.0 -0.0 2e-06 -15.297621 -9.881426 -0.764092 0.715894 0.792387 115.089043 -3.179888 15.964654 -40.33638 -1.590828 0.718421 -25.500587 -0.0 0.0 -1e-06 
0.0 0.0 0.0 0.0 -0.0 0.0 -5.328348 48.780033 57.15102 -2.65807 0.644226 2.239 1.274404 -0.378744 -0.28078 -0.048811 0.339829 -4.678379 0.595488 -2.274554 8.409246 0.034902 2.34013 0.750555 -0.67307 -0.101467 -3.674245 0.293738 -0.82126 -7.687846 7.7e-05 -2.3e-05 6e-06 -0.005856 -0.064758 -0.030874 0.678561 -3.771508 -10.678304 -0.696251 3.64531 -10.681823 -22.061752 -4.607948 15.879266 -52.864964 -11.327224 6.926141 -0.049365 -22.288982 -0.009956 13.084044 -4.191943 8.92412 -5.882111 9.861292 0.702592 -10.936883 -0.360577 7.156213 2e-06 8.774833 -1e-06 -15.624034 17.875179 6.185412 -1.844035 2.498507 -2.507281 -10.163611 4.678947 4.621113 -20.976051 -9e-06 1e-06 -21.226313 2.451693 -3.594001 1e-06 -6e-06 -1e-06 -1.362682 2.240801 -0.746323 -21.334938 0.584905 3.008324 -13.82123 -6e-06 2e-06 -23.887199 -0.249084 -0.839482 -60.241306 2.280944 -1.081042 -0.294026 1.679689 0.833257 -14.218227 0.093212 1.300581 -34.212097 -0.287572 0.967172 -20.033239 0.964535 1.212846 1e-06 2e-06 -1e-06 -3.440392 0.788233 0.501656 -15.928209 -3.167314 2.999708 -6.338835 -3e-06 -1e-06 -18.123474 3.648181 -4.905675 -4e-06 -0.0 -3e-06 18.35754 10.084255 15.138006 54.924328 10.37079 20.529924 0.749336 26.770124 0.288006 -5.529995 2.793399 7.581557 2.243544 -5.255041 -3.18016 14.282905 -0.826593 6.952506 -6e-06 -12.690619 3e-06 16.509665 -17.499714 2.186995 1.66567 -1.955923 -2.878302 4.727803 -4.170592 4.993927 11.02054 5e-06 -3e-06 12.109066 -3.735717 -2.86679 0.0 0.0 1e-06 1.291987 -1.92855 -1.498091 14.800148 0.567472 3.865607 14.242588 -1.341733 -6.660666 19.63199 0.143932 -0.648247 50.096458 -0.522621 -6.649005 0.353029 -1.511153 -0.031941 20.222816 3.684319 2.316628 18.787296 1.2e-05 -1e-06 10.751641 -0.479865 1.397907 2e-06 1e-06 -1e-06 3.273811 0.305948 -0.580113 21.486843 11.830395 2.26613 8.162937 4e-06 -2e-06 18.399101 -3.798983 -4.940585 3e-06 -0.0 -2e-06 21.880419 -4.433997 -9.929942 -0.321898 -0.944473 122.669464 5.231865 -18.195724 -46.176655 2.151368 -1.233125 -35.729195 0.0 0.0 1e-06 -15.299111 -9.901446 -0.772724 0.710602 0.786327 115.187798 -3.222648 15.952264 -40.413727 -1.587531 0.720484 -25.465786 0.0 0.0 -1e-06 
0.0 0.0 0.0 0.0 -0.0 0.0 -5.335541 48.755447 57.109715 -2.650841 0.674102 2.219987 1.268444 -0.381217 -0.313616 -0.056531 0.334231 -4.669211 0.609877 -2.283061 8.439867 0.079788 2.341484 0.777385 -0.676098 -0.107341 -3.661477 0.290418 -0.860452 -7.736206 7.7e-05 -2.2e-05 6e-06 -0.006049 -0.05975 -0.029063 0.676183 -3.765175 -10.665865 -0.694243 3.649227 -10.673203 -22.066578 -4.629895 15.874368 -52.819504 -11.372644 6.89528 -0.057475 -22.262947 -0.015979 13.101567 -4.182702 8.907034 -5.882108 9.861285 0.702592 -10.936873 -0.360573 7.156206 -0.0 8.774826 -1e-06 -15.64505 17.8878 6.194139 -1.844034 2.498503 -2.507279 -10.163601 4.678946 4.621109 -20.976027 -3e-06 2e-06 -21.226292 2.451697 -3.593999 1e-06 -6e-06 -1e-06 -1.362682 2.240798 -0.746324 -21.334917 0.58491 3.008323 -13.821217 -3e-06 2e-06 -23.887175 -0.24908 -0.839482 -60.216774 2.30002 -1.100343 -0.294025 1.679687 0.833256 -14.218211 0.093215 1.30058 -34.212051 -0.287562 0.967172 -20.033216 0.964538 1.212844 -1e-06 2e-06 -1e-06 -3.44039 0.788233 0.501656 -15.928189 -3.167309 2.999707 -6.338828 -0.0 1e-06 -18.123449 3.648185 -4.905669 -4e-06 -0.0 -2e-06 18.396559 10.083928 15.176283 54.927151 10.42778 20.526323 0.770864 26.730101 0.297309 -5.551013 2.812946 7.725527 2.243543 -5.255037 -3.180158 14.282889 -0.826594 6.952501 -3e-06 -12.690604 1e-06 16.53863 -17.507931 2.166885 1.665666 -1.955921 -2.8783 4.727798 -4.170588 4.993925 11.020525 3e-06 -2e-06 12.109052 -3.735714 -2.866785 0.0 0.0 1e-06 1.291986 -1.928549 -1.498087 14.800127 0.567469 3.865605 14.24257 -1.341735 -6.660658 19.631968 0.143928 -0.648247 50.096882 -0.530628 -6.645693 0.353029 -1.51115 -0.03194 20.222788 3.684311 2.316627 18.78727 7e-06 -2e-06 10.751628 -0.479868 1.397907 1e-06 1e-06 -0.0 3.273807 0.305946 -0.580112 21.486813 11.830374 2.26613 8.162928 3e-06 -1e-06 18.39908 -3.798984 -4.940578 3e-06 -0.0 -2e-06 21.924303 -4.487663 -9.963843 -0.319064 -0.927714 122.746536 5.278203 -18.228289 -46.237598 2.163038 -1.235491 -35.7435 0.0 0.0 2e-06 -15.296593 -9.912025 -0.775298 0.702854 0.779342 115.247711 -3.247378 15.935595 -40.437057 -1.586961 0.719858 -25.515261 0.0 -0.0 -2e-06 
0.0 0.0 0.0 0.0 -0.0 0.0 -5.324244 48.742992 57.060242 -2.655288 0.708561 2.197759 1.274619 -0.386118 -0.334931 -0.060697 0.339515 -4.657012 0.62052 -2.289385 8.454527 0.107555 2.324776 0.798629 -0.673308 -0.08932 -3.654743 0.303099 -0.926739 -7.753275 7.7e-05 -2.2e-05 6e-06 -0.005814 -0.05418 -0.032154 0.675179 -3.757929 -10.65845 -0.692738 3.653476 -10.668975 -22.051664 -4.66519 15.839737 -52.782616 -11.374134 6.89118 -0.043817 -22.264774 -0.030038 13.127419 -4.182713 8.907674 -5.882106 9.861284 0.70259 -10.93687 -0.360576 7.156204 1e-06 8.774824 -1e-06 -15.672036 17.904161 6.199129 -1.844031 2.498503 -2.507277 -10.1636 4.678944 4.621109 -20.976021 -4e-06 4e-06 -21.226286 2.451696 -3.593998 1e-06 -6e-06 -1e-06 -1.362681 2.240799 -0.746325 -21.334911 0.584908 3.008322 -13.821213 -4e-06 3e-06 -23.887165 -0.24908 -0.839482 -60.193222 2.301662 -1.128473 -0.294026 1.679687 0.833255 -14.218208 0.093213 1.300582 -34.212048 -0.287565 0.967173 -20.033211 0.964535 1.212843 0.0 1e-06 -1e-06 -3.440388 0.788233 0.501655 -15.928185 -3.16731 2.999705 -6.338826 -1e-06 1e-06 -18.123444 3.648181 -4.905668 -4e-06 -0.0 -1e-06 18.42407 10.080188 15.20131 54.942417 10.466927 20.523661 0.793341 26.707973 0.30735 -5.572282 2.791754 7.913902 2.243541 -5.255037 -3.180158 14.282894 -0.826596 6.952503 -2e-06 -12.690604 1e-06 16.571821 -17.502922 2.148161 1.665667 -1.955922 -2.878299 4.7278 -4.170588 4.993924 11.020527 2e-06 1e-06 12.109053 -3.735717 -2.866785 0.0 0.0 1e-06 1.291985 -1.928549 -1.498089 14.800131 0.567466 3.865608 14.242575 -1.341736 -6.660658 19.631969 0.143924 -0.648243 50.108044 -0.529762 -6.634694 0.353028 -1.51115 -0.03194 20.222794 3.684308 2.316631 18.787277 3e-06 1e-06 10.751629 -0.479871 1.397908 1e-06 1e-06 -0.0 3.273807 0.305947 -0.580111 21.486816 11.830373 2.266133 8.162928 2e-06 0.0 18.399084 -3.798986 -4.940572 3e-06 -0.0 -2e-06 21.974304 -4.527839 -10.009666 -0.314498 -0.904834 122.837128 5.363359 -18.239145 -46.309151 2.175768 -1.237829 -35.72794 -0.0 -0.0 2e-06 -15.272146 -9.910906 -0.803737 0.693763 0.779362 115.301392 -3.238493 15.915682 -40.417915 -1.588466 0.717946 -25.637331 0.0 -0.0 -1e-06 
0.0 0.0 0.0 0.0 -0.0 0.0 -5.294179 48.737556 56.988548 -2.672438 0.748787 2.163173 1.288233 -0.393468 -0.332924 -0.061105 0.342712 -4.644707 0.640278 -2.290854 8.456411 0.116811 2.298622 0.795302 -0.661906 -0.079571 -3.653412 0.316977 -0.978441 -7.758424 7.7e-05 -2.3e-05 6e-06 -0.005812 -0.049895 -0.037444 0.675423 -3.7524 -10.657336 -0.692958 3.656987 -10.669124 -22.011034 -4.688961 15.768354 -52.781708 -11.342389 6.851705 -0.039778 -22.300812 -0.035859 13.158217 -4.194401 8.927376 -5.882106 9.861287 0.702591 -10.936872 -0.360574 7.156204 0.0 8.774826 -1e-06 -15.694691 17.914385 6.19213 -1.844033 2.498503 -2.507277 -10.163601 4.678947 4.621109 -20.976027 -3e-06 2e-06 -21.226288 2.451698 -3.594 1e-06 -6e-06 0.0 -1.362682 2.240798 -0.746323 -21.334915 0.584911 3.008322 -13.821215 -2e-06 1e-06 -23.887173 -0.249078 -0.839484 -60.168621 2.286707 -1.160327 -0.294025 1.679689 0.833256 -14.21821 0.093216 1.30058 -34.212051 -0.287564 0.967167 -20.033215 0.964536 1.212841 -1e-06 1e-06 -0.0 -3.440388 0.788234 0.501656 -15.928187 -3.167309 2.999705 -6.338827 -1e-06 0.0 -18.123447 3.648184 -4.905672 -4e-06 0.0 -2e-06 18.443832 10.082609 15.217373 54.935089 10.483886 20.56945 0.80991 26.70808 0.318164 -5.597386 2.736436 8.038742 2.243542 -5.255037 -3.180156 14.282887 -0.826596 6.952499 0.0 -12.690603 -1e-06 16.595049 -17.489365 2.137516 1.665667 -1.955921 -2.878297 4.727797 -4.170588 4.993922 11.020522 1e-06 -1e-06 12.10905 -3.735718 -2.866783 0.0 -0.0 1e-06 1.291985 -1.928549 -1.498089 14.800125 0.567466 3.865606 14.242568 -1.341739 -6.660657 19.631962 0.143925 -0.648247 50.122833 -0.523528 -6.627897 0.35303 -1.511151 -0.03194 20.222786 3.684307 2.31663 18.78727 3e-06 -3e-06 10.751626 -0.479869 1.397905 1e-06 1e-06 -0.0 3.273806 0.305946 -0.580111 21.486803 11.83037 2.266131 8.162924 0.0 -2e-06 18.399076 -3.798986 -4.940579 2e-06 -0.0 -2e-06 22.022087 -4.553352 -10.081783 -0.30951 -0.884098 122.952614 5.454949 -18.233017 -46.359249 2.192274 -1.239305 -35.662594 -0.0 -0.0 2e-06 -15.232572 -9.89828 -0.856279 0.685215 0.78572 115.37426 -3.229344 15.894334 -40.397652 -1.589959 0.71596 -25.816898 0.0 0.0 -2e-06 
0.0 0.0 0.0 0.0 -0.0 0.0 -5.255736 48.72953 56.893806 -2.694782 0.792803 2.120089 1.301428 -0.394164 -0.314487 -0.06215 0.349471 -4.639248 0.662517 -2.306211 8.458827 0.135719 2.275548 0.767513 -0.652445 -0.085255 -3.656667 0.301755 -1.001112 -7.747655 7.7e-05 -2.3e-05 6e-06 -0.006166 -0.053915 -0.042889 0.676809 -3.75591 -10.659724 -0.694992 3.65285 -10.669566 -21.945885 -4.696296 15.716945 -52.805 -11.325617 6.848242 -0.025822 -22.370399 -0.044715 13.207641 -4.203565 8.913018 -5.882106 9.861283 0.702589 -10.936871 -0.360575 7.156207 1e-06 8.774822 -2e-06 -15.725636 17.912958 6.175633 -1.844033 2.498504 -2.507279 -10.1636 4.678944 4.621109 -20.976023 -5e-06 4e-06 -21.226286 2.451695 -3.593997 1e-06 -6e-06 -1e-06 -1.362682 2.240798 -0.746324 -21.334915 0.584909 3.008324 -13.821214 -3e-06 3e-06 -23.887167 -0.24908 -0.839482 -60.165642 2.253486 -1.175873 -0.294024 1.679687 0.833256 -14.218207 0.093213 1.300582 -34.212048 -0.287564 0.967175 -20.033211 0.964536 1.212844 -1e-06 1e-06 -1e-06 -3.440389 0.788232 0.501656 -15.928185 -3.16731 2.999708 -6.338827 -0.0 1e-06 -18.123444 3.648181 -4.905668 -5e-06 -0.0 -1e-06 18.473461 10.091139 15.223877 54.889336 10.479137 20.655369 0.815868 26.743792 0.333477 -5.608922 2.686726 8.067111 2.243541 -5.255035 -3.180157 14.282887 -0.826593 6.952504 -4e-06 -12.6906 -1e-06 16.599146 -17.470116 2.134628 1.665666 -1.95592 -2.8783 4.727798 -4.170585 4.993925 11.020523 4e-06 1e-06 12.109049 -3.735713 -2.866784 -0.0 -0.0 1e-06 1.291986 -1.928549 -1.498088 14.800125 0.567469 3.865608 14.242568 -1.341733 -6.660659 19.631962 0.143928 -0.648243 50.123226 -0.511784 -6.618149 0.353027 -1.511149 -0.03194 20.222786 3.68431 2.316632 18.78727 6e-06 2e-06 10.751626 -0.479869 1.397907 1e-06 1e-06 -0.0 3.273806 0.305948 -0.580111 21.486813 11.830373 2.266136 8.162926 2e-06 1e-06 18.39908 -3.798983 -4.940571 3e-06 -0.0 -2e-06 22.073299 -4.582512 -10.184167 -0.302277 -0.855419 123.093193 5.535505 -18.229921 -46.378372 2.201125 -1.240912 -35.567154 -0.0 -0.0 2e-06 -15.180229 -9.879148 -0.929428 0.681757 0.794822 115.477066 -3.218339 15.860034 -40.386864 -1.596534 0.713419 -25.962782 0.0 -0.0 -1e-06 
0.0 0.0 0.0 0.0 -0.0 0.0 -5.228825 48.707928 56.807095 -2.720393 0.821376 2.074809 1.315913 -0.387977 -0.290865 -0.059629 0.358025 -4.640329 0.67947 -2.327645 8.470491 0.160456 2.257388 0.721451 -0.657107 -0.113141 -3.665035 0.270331 -1.002487 -7.733118 7.7e-05 -2.3e-05 6e-06 -0.005715 -0.060809 -0.048169 0.680133 -3.762408 -10.665009 -0.697378 3.645832 -10.67122 -21.89695 -4.683192 15.699134 -52.819126 -11.324479 6.889906 0.001447 -22.472948 -0.061602 13.254807 -4.21516 8.891862 -5.88211 9.86129 0.70259 -10.936877 -0.360575 7.15621 0.0 8.77483 -1e-06 -15.751357 17.894365 6.155873 -1.844034 2.498507 -2.507277 -10.163604 4.678947 4.62111 -20.976034 -4e-06 1e-06 -21.226297 2.451696 -3.594002 1e-06 -6e-06 0.0 -1.362681 2.240798 -0.746323 -21.334921 0.584911 3.008324 -13.821218 -2e-06 1e-06 -23.887178 -0.249079 -0.839485 -60.1814 2.21268 -1.169399 -0.294025 1.679687 0.833256 -14.218214 0.093215 1.300581 -34.212067 -0.287565 0.96717 -20.033222 0.964536 1.212844 -1e-06 2e-06 -1e-06 -3.44039 0.788234 0.501657 -15.928192 -3.16731 2.999709 -6.338829 -1e-06 1e-06 -18.123455 3.648183 -4.905672 -4e-06 -0.0 -2e-06 18.520008 10.106592 15.236855 54.805164 10.480199 20.741716 0.809867 26.785999 0.353056 -5.625645 2.651937 8.010136 2.243541 -5.255038 -3.180159 14.282896 -0.826596 6.952506 -2e-06 -12.690607 1e-06 16.602375 -17.461123 2.13617 1.665666 -1.955922 -2.878301 4.7278 -4.170588 4.993925 11.020528 2e-06 -1e-06 12.109055 -3.735717 -2.866783 0.0 0.0 1e-06 1.291985 -1.928549 -1.498091 14.800132 0.567467 3.865609 14.242577 -1.341737 -6.660658 19.631973 0.143925 -0.648243 50.117569 -0.506452 -6.611918 0.35303 -1.511151 -0.031939 20.222797 3.684307 2.316631 18.787279 4e-06 -1e-06 10.75163 -0.479869 1.397907 1e-06 -1e-06 -1e-06 3.273807 0.305947 -0.580109 21.486816 11.830376 2.266133 8.16293 0.0 -0.0 18.399088 -3.798988 -4.940575 3e-06 -0.0 -1e-06 22.129824 -4.613196 -10.262662 -0.295252 -0.830769 123.217377 5.614398 -18.230284 -46.389637 2.20039 -1.238811 -35.555935 0.0 -0.0 2e-06 -15.122249 -9.859293 -0.985797 0.68168 0.806292 115.581184 -3.211613 15.816222 -40.387066 -1.60053 0.713604 -26.026297 0.0 0.0 -1e-06 
0.0 0.0 0.0 0.0 -0.0 0.0 -5.220289 48.687263 56.754166 -2.739944 0.852863 2.038018 1.322884 -0.378922 -0.275962 -0.052128 0.354031 -4.647329 0.694042 -2.33633 8.483449 0.202585 2.24667 0.678652 -0.675045 -0.130363 -3.674246 0.242302 -1.012954 -7.709558 7.7e-05 -2.3e-05 6e-06 -0.005614 -0.07154 -0.050747 0.682368 -3.774474 -10.670676 -0.699344 3.636591 -10.672617 -21.867849 -4.66806 15.729933 -52.820438 -11.348061 6.967805 0.037074 -22.577194 -0.083 13.285921 -4.215297 8.928023 -5.882108 9.861289 0.702589 -10.936877 -0.360575 7.156209 1e-06 8.774829 -1e-06 -15.758447 17.881567 6.146358 -1.844035 2.498505 -2.507282 -10.163604 4.678946 4.621111 -20.976034 -6e-06 2e-06 -21.226297 2.451695 -3.594 1e-06 -6e-06 -1e-06 -1.362682 2.240798 -0.746323 -21.334927 0.584909 3.008325 -13.821221 -4e-06 2e-06 -23.887182 -0.249081 -0.839484 -60.205494 2.194264 -1.156449 -0.294025 1.679688 0.833256 -14.218217 0.093215 1.300581 -34.212067 -0.287567 0.967171 -20.033226 0.964536 1.212847 0.0 2e-06 -1e-06 -3.44039 0.788232 0.501657 -15.928194 -3.167312 2.999708 -6.33883 -2e-06 1e-06 -18.123457 3.648182 -4.905672 -4e-06 -0.0 -1e-06 18.575424 10.116144 15.266142 54.705936 10.508028 20.790005 0.808864 26.761978 0.367402 -5.65865 2.65663 7.953096 2.243543 -5.255039 -3.180158 14.282904 -0.826596 6.952507 -3e-06 -12.690614 1e-06 16.625418 -17.473276 2.138147 1.665668 -1.955922 -2.878302 4.727802 -4.170589 4.993928 11.020536 3e-06 0.0 12.109061 -3.735718 -2.866785 0.0 0.0 1e-06 1.291985 -1.92855 -1.49809 14.800142 0.567469 3.86561 14.242585 -1.341736 -6.660662 19.631985 0.143926 -0.648246 50.125431 -0.508237 -6.619481 0.35303 -1.511152 -0.031938 20.222811 3.684313 2.31663 18.787289 5e-06 -2e-06 10.751637 -0.479869 1.397905 1e-06 -1e-06 -1e-06 3.273811 0.305947 -0.580111 21.486834 11.830384 2.266132 8.162935 2e-06 -0.0 18.399099 -3.798986 -4.940582 3e-06 -0.0 -2e-06 22.185501 -4.653232 -10.309628 -0.289823 -0.814822 123.293327 5.665564 -18.247881 -46.390549 2.196012 -1.236127 -35.564228 0.0 -0.0 2e-06 -15.07365 -9.864735 -0.996744 0.683707 0.817964 115.645485 -3.207395 15.778089 -40.401588 -1.598062 0.715764 -26.067867 0.0 0.0 -2e-06 
0.0 0.0 0.0 0.0 -0.0 0.0 -5.224825 48.669956 56.732529 -2.751903 0.900864 2.003949 1.324618 -0.371149 -0.269085 -0.040763 0.333718 -4.653238 0.705531 -2.340341 8.492259 0.246467 2.236719 0.631199 -0.693899 -0.121872 -3.680057 0.217738 -1.027042 -7.719439 7.7e-05 -2.3e-05 6e-06 -0.006168 -0.080769 -0.049233 0.68191 -3.786608 -10.675846 -0.699892 3.630072 -10.674174 -21.833176 -4.651731 15.781657 -52.847755 -11.371141 7.022014 0.079827 -22.659803 -0.098338 13.274191 -4.218451 8.975611 -5.88211 9.861292 0.702592 -10.936877 -0.360573 7.156209 -1e-06 8.77483 -1e-06 -15.759477 17.876329 6.133789 -1.844031 2.498506 -2.507278 -10.163604 4.678949 4.621109 -20.97603 0.0 2e-06 -21.226297 2.451701 -3.594002 1e-06 -6e-06 -1e-06 -1.362682 2.240799 -0.746323 -21.334925 0.584914 3.008326 -13.82122 -0.0 3e-06 -23.887178 -0.249076 -0.839483 -60.222496 2.201966 -1.154554 -0.294026 1.679688 0.833257 -14.218215 0.093218 1.300583 -34.212067 -0.287558 0.967169 -20.033222 0.964539 1.21284 -1e-06 2e-06 -1e-06 -3.44039 0.788234 0.501656 -15.928192 -3.167308 2.999706 -6.338829 -0.0 -1e-06 -18.123455 3.648188 -4.905672 -4e-06 -0.0 -2e-06 18.621454 10.119246 15.313663 54.615311 10.560945 20.756351 0.822185 26.678543 0.382002 -5.692913 2.697562 7.950533 2.243542 -5.255037 -3.180158 14.282896 -0.826596 6.952505 -2e-06 -12.690605 1e-06 16.64323 -17.498543 2.147724 1.665668 -1.955922 -2.8783 4.7278 -4.170588 4.993924 11.020529 2e-06 -0.0 12.109056 -3.735717 -2.866784 0.0 0.0 1e-06 1.291985 -1.92855 -1.498088 14.800131 0.567468 3.865608 14.242576 -1.341737 -6.660659 19.631973 0.143925 -0.648244 50.134239 -0.521124 -6.645824 0.353028 -1.511151 -0.03194 20.222799 3.684309 2.316629 18.787283 5e-06 -2e-06 10.751633 -0.479868 1.397905 1e-06 -1e-06 -1e-06 3.273806 0.305947 -0.58011 21.48682 11.830376 2.266134 8.16293 2e-06 0.0 18.399088 -3.798986 -4.940577 3e-06 -0.0 -2e-06 22.237251 -4.706435 -10.324403 -0.28603 -0.813392 123.333313 5.686157 -18.284384 -46.400887 2.190228 -1.233312 -35.547806 0.0 -0.0 1e-06 -15.030571 -9.89266 -0.956575 0.689229 0.826703 115.667343 -3.206125 15.73936 -40.431683 -1.59119 0.717275 -26.126167 0.0 0.0 -1e-06 
0.0 0.0 0.0 0.0 -0.0 0.0 -5.234243 48.661674 56.719036 -2.761493 0.950111 1.966459 1.322871 -0.367155 -0.265792 -0.032301 0.312034 -4.649928 0.718261 -2.357382 8.495773 0.272 2.240117 0.567708 -0.703428 -0.106997 -3.678614 0.193146 -1.022403 -7.7525 7.7e-05 -2.3e-05 6e-06 -0.006992 -0.088375 -0.047148 0.68007 -3.796842 -10.678471 -0.69956 3.624819 -10.67395 -21.801271 -4.636607 15.810534 -52.882969 -11.34776 7.032522 0.109747 -22.720991 -0.104369 13.250256 -4.246604 8.997849 -5.882113 9.861293 0.702594 -10.93688 -0.360573 7.156211 -0.0 8.774831 1e-06 -15.736978 17.881836 6.1304 -1.844035 2.498505 -2.507279 -10.16361 4.67895 4.621113 -20.97604 -2e-06 2e-06 -21.226301 2.4517 -3.594001 1e-06 -6e-06 -1e-06 -1.362683 2.240799 -0.746326 -21.334934 0.584913 3.008326 -13.821227 -2e-06 2e-06 -23.887192 -0.249077 -0.839483 -60.210899 2.225195 -1.152926 -0.294026 1.679689 0.833257 -14.218223 0.093216 1.300583 -34.212082 -0.287561 0.967168 -20.033232 0.964539 1.212841 -0.0 1e-06 -0.0 -3.440391 0.788234 0.501656 -15.928201 -3.167311 2.999707 -6.338832 -1e-06 -0.0 -18.123465 3.648186 -4.905672 -4e-06 -1e-06 -1e-06 18.656921 10.110608 15.347558 54.554993 10.600101 20.695166 0.833315 26.578957 0.392984 -5.73214 2.734909 7.913006 2.243543 -5.25504 -3.180159 14.282901 -0.826597 6.952509 -1e-06 -12.690611 -1e-06 16.650431 -17.517544 2.152984 1.665668 -1.955922 -2.878299 4.727803 -4.17059 4.993926 11.020534 2e-06 -1e-06 12.109059 -3.735719 -2.866784 0.0 0.0 1e-06 1.291986 -1.928551 -1.49809 14.800138 0.567468 3.865611 14.242579 -1.341738 -6.660659 19.631975 0.143925 -0.648244 50.126671 -0.530924 -6.683203 0.353029 -1.511151 -0.031941 20.222801 3.684311 2.316634 18.787285 4e-06 1e-06 10.751634 -0.479868 1.397908 0.0 0.0 1e-06 3.273808 0.305948 -0.580111 21.486826 11.830379 2.266135 8.162933 1e-06 2e-06 18.399092 -3.798988 -4.940577 2e-06 -0.0 -2e-06 22.285482 -4.763211 -10.32106 -0.280844 -0.821508 123.364883 5.677739 -18.336086 -46.427795 2.179983 -1.232391 -35.506577 0.0 -0.0 2e-06 -14.986743 -9.92667 -0.901788 0.699835 0.834734 115.675896 -3.193616 15.705438 -40.470947 -1.583011 0.715211 -26.295065 0.0 -0.0 -1e-06 
0.0 0.0 0.0 0.0 -0.0 0.0 -5.237519 48.665245 56.68639 -2.777054 0.992505 1.928951 1.329785 -0.369352 -0.259289 -0.031422 0.303482 -4.647916 0.735846 -2.390497 8.505946 0.275465 2.235432 0.4837 -0.698961 -0.072521 -3.678852 0.160118 -0.995749 -7.801139 7.7e-05 -2.3e-05 6e-06 -0.007626 -0.092034 -0.046616 0.677387 -3.802508 -10.683817 -0.698032 3.622764 -10.677399 -21.778614 -4.613948 15.822366 -52.903023 -11.300812 7.006625 0.115647 -22.764761 -0.105666 13.214334 -4.280856 9.059758 -5.882107 9.861284 0.702588 -10.936875 -0.360576 7.156207 1e-06 8.774825 -1e-06 -15.710814 17.898779 6.137296 -1.844032 2.498505 -2.507277 -10.163603 4.678945 4.621109 -20.976028 -5e-06 2e-06 -21.22629 2.451695 -3.593999 1e-06 -6e-06 -2e-06 -1.362683 2.240798 -0.746324 -21.334917 0.584908 3.008324 -13.821217 -3e-06 3e-06 -23.887175 -0.249081 -0.839482 -60.192608 2.251312 -1.153494 -0.294025 1.679688 0.833256 -14.21821 0.093214 1.300581 -34.212055 -0.287566 0.96717 -20.033216 0.964535 1.212843 -1e-06 2e-06 -0.0 -3.440389 0.788234 0.501656 -15.928189 -3.16731 2.999707 -6.338827 -2e-06 -0.0 -18.123449 3.64818 -4.90567 -4e-06 -0.0 -2e-06 18.68483 10.097347 15.363929 54.51915 10.610875 20.664831 0.811033 26.482521 0.385171 -5.755866 2.7552 7.839469 2.243541 -5.255035 -3.180158 14.282889 -0.826593 6.952499 -4e-06 -12.6906 0.0 16.645653 -17.533321 2.163074 1.665666 -1.95592 -2.878298 4.727798 -4.170586 4.993922 11.020524 4e-06 0.0 12.10905 -3.735713 -2.866783 0.0 -0.0 1e-06 1.291986 -1.92855 -1.49809 14.800129 0.567469 3.865607 14.242569 -1.341734 -6.660657 19.631968 0.143928 -0.648243 50.121181 -0.541566 -6.718009 0.353027 -1.511149 -0.03194 20.222788 3.684309 2.316632 18.78727 7e-06 1e-06 10.751627 -0.479869 1.397906 1e-06 -0.0 -0.0 3.273806 0.305947 -0.580111 21.486811 11.830371 2.266135 8.162926 3e-06 2e-06 18.399076 -3.798983 -4.940572 2e-06 -0.0 -2e-06 22.318058 -4.813577 -10.334072 -0.27858 -0.839153 123.424126 5.646351 -18.37657 -46.474602 2.168758 -1.235953 -35.395657 -0.0 -0.0 2e-06 -14.940814 -9.94811 -0.875657 0.706843 0.839794 115.712166 -3.171001 15.696301 -40.541759 -1.574083 0.71124 -26.543442 0.0 -0.0 -1e-06 
0.0 0.0 0.0 0.0 -0.0 0.0 -5.233952 48.683937 56.632595 -2.788806 1.020247 1.896749 1.341312 -0.371049 -0.246507 -0.038462 0.293542 -4.645909 0.753496 -2.422944 8.515761 0.265205 2.226631 0.392237 -0.676391 -0.044038 -3.682371 0.11963 -0.942756 -7.886474 7.7e-05 -2.2e-05 6e-06 -0.008689 -0.095035 -0.045768 0.675006 -3.80615 -10.689502 -0.697707 3.620065 -10.681899 -21.755199 -4.587433 15.845469 -52.914791 -11.253474 6.945292 0.114714 -22.795549 -0.104695 13.167627 -4.32092 9.132288 -5.882113 9.861295 0.702593 -10.936881 -0.360572 7.156209 -1e-06 8.774833 -0.0 -15.693447 17.904797 6.159565 -1.844035 2.498507 -2.507279 -10.16361 4.678952 4.621111 -20.976042 0.0 3e-06 -21.226307 2.451702 -3.594005 1e-06 -6e-06 -2e-06 -1.362683 2.2408 -0.746324 -21.334932 0.584914 3.008326 -13.821227 0.0 2e-06 -23.887192 -0.249074 -0.839487 -60.190277 2.265233 -1.133152 -0.294025 1.679688 0.833256 -14.218221 0.093217 1.300583 -34.212074 -0.287558 0.967168 -20.033232 0.96454 1.212839 -1e-06 1e-06 -1e-06 -3.44039 0.788234 0.501656 -15.928201 -3.167309 2.999708 -6.33883 -0.0 1e-06 -18.123461 3.648189 -4.905676 -5e-06 -0.0 -1e-06 18.708473 10.085649 15.370694 54.506985 10.591442 20.657566 0.768677 26.410913 0.364314 -5.770122 2.760504 7.776358 2.243543 -5.25504 -3.18016 14.282901 -0.826596 6.952505 -2e-06 -12.690612 1e-06 16.632658 -17.547018 2.17743 1.665667 -1.955923 -2.878299 4.727803 -4.170592 4.993925 11.020535 3e-06 -2e-06 12.10906 -3.735718 -2.866787 0.0 0.0 1e-06 1.291987 -1.92855 -1.498089 14.800139 0.567467 3.865608 14.242583 -1.341738 -6.660663 19.631985 0.143926 -0.648248 50.123543 -0.554355 -6.732378 0.353027 -1.511152 -0.031941 20.222805 3.684312 2.316629 18.787289 4e-06 -3e-06 10.751636 -0.479869 1.397906 1e-06 0.0 -1e-06 3.273809 0.305947 -0.580112 21.486828 11.830379 2.266131 8.162931 2e-06 -2e-06 18.399097 -3.798988 -4.940581 2e-06 -0.0 -2e-06 22.331127 -4.84918 -10.37062 -0.278918 -0.857085 123.510818 5.598083 -18.409161 -46.536415 2.162054 -1.243412 -35.178047 -0.0 -0.0 2e-06 -14.903898 -9.94847 -0.891984 0.710389 0.838446 115.780136 -3.150565 15.711198 -40.639423 -1.564352 0.708259 -26.779121 0.0 -0.0 -1e-06 
0.0 0.0 0.0 0.0 -0.0 0.0 -5.224358 48.705509 56.558353 -2.791161 1.027897 1.862239 1.351948 -0.378014 -0.227454 -0.047022 0.280367 -4.641573 0.76626 -2.446107 8.532918 0.246192 2.217372 0.294448 -0.641559 -0.017483 -3.68843 0.084212 -0.872763 -7.976199 7.7e-05 -2.3e-05 6e-06 -0.00916 -0.091784 -0.044309 0.674221 -3.802979 -10.695444 -0.697869 3.623057 -10.686722 -21.746164 -4.560609 15.884855 -52.90284 -11.213193 6.867287 0.112967 -22.822769 -0.101377 13.130481 -4.342381 9.144796 -5.882107 9.861285 0.702591 -10.936872 -0.360575 7.156208 0.0 8.774824 -2e-06 -15.692165 17.893253 6.18 -1.844032 2.498505 -2.507278 -10.163601 4.678945 4.621109 -20.976023 -2e-06 5e-06 -21.226286 2.451698 -3.593997 1e-06 -6e-06 -1e-06 -1.362681 2.240798 -0.746324 -21.334913 0.584911 3.008327 -13.821215 -1e-06 4e-06 -23.887171 -0.249076 -0.83948 -60.199409 2.268478 -1.083398 -0.294026 1.679688 0.833256 -14.218207 0.093216 1.300583 -34.212048 -0.28756 0.967174 -20.033213 0.964539 1.212843 -1e-06 1e-06 -1e-06 -3.440388 0.788232 0.501657 -15.928185 -3.167309 2.999711 -6.338826 -1e-06 1e-06 -18.123444 3.648184 -4.905669 -4e-06 -1e-06 -1e-06 18.733637 10.091511 15.370192 54.504833 10.536738 20.672533 0.725086 26.384529 0.349021 -5.782701 2.742631 7.737499 2.243541 -5.255035 -3.180157 14.282887 -0.826595 6.952506 -2e-06 -12.690598 0.0 16.622034 -17.560404 2.187675 1.665667 -1.955921 -2.878298 4.727798 -4.170585 4.993923 11.020524 3e-06 0.0 12.10905 -3.735714 -2.866783 0.0 0.0 1e-06 1.291986 -1.928549 -1.498089 14.800125 0.567468 3.86561 14.242569 -1.341736 -6.660655 19.631966 0.143925 -0.648243 50.133114 -0.56029 -6.724902 0.353029 -1.51115 -0.031939 20.222786 3.684307 2.31663 18.78727 4e-06 0.0 10.751627 -0.479869 1.397906 1e-06 -0.0 -0.0 3.273805 0.305947 -0.580111 21.486809 11.830368 2.266135 8.162926 1e-06 -1e-06 18.399076 -3.798985 -4.940573 2e-06 -1e-06 -1e-06 22.319962 -4.869127 -10.424785 -0.279272 -0.869969 123.614853 5.545159 -18.429956 -46.582233 2.160184 -1.251124 -35.003704 -0.0 -0.0 3e-06 -14.875653 -9.917403 -0.947003 0.709956 0.830219 115.875824 -3.158959 15.712959 -40.730015 -1.557769 0.708162 -26.906078 0.0 0.0 -1e-06 
0.0 0.0 0.0 0.0 -0.0 0.0 -5.219931 48.720367 56.510658 -2.787754 0.996564 1.839772 1.357431 -0.382553 -0.215627 -0.0543 0.261415 -4.634243 0.786663 -2.445733 8.558651 0.220538 2.215116 0.1853 -0.605033 0.003375 -3.691853 0.045318 -0.78265 -8.030539 7.7e-05 -2.2e-05 6e-06 -0.009519 -0.087752 -0.043765 0.674201 -3.798804 -10.703102 -0.698632 3.626697 -10.693633 -21.779007 -4.532634 15.930732 -52.855267 -11.188869 6.740283 0.09411 -22.849751 -0.089528 13.087066 -4.358965 9.110259 -5.88211 9.861292 0.702591 -10.936877 -0.360574 7.156205 -1e-06 8.774831 1e-06 -15.704347 17.872824 6.186468 -1.844035 2.498506 -2.507279 -10.163605 4.678949 4.621111 -20.976034 -3e-06 2e-06 -21.226297 2.451699 -3.594002 1e-06 -6e-06 0.0 -1.362681 2.2408 -0.746323 -21.334925 0.584912 3.008326 -13.82122 -1e-06 2e-06 -23.887182 -0.249078 -0.839485 -60.194736 2.266896 -1.030517 -0.294024 1.679689 0.833257 -14.218215 0.093217 1.300582 -34.212067 -0.287561 0.967167 -20.033222 0.96454 1.212843 0.0 1e-06 -1e-06 -3.44039 0.788235 0.501656 -15.928194 -3.16731 2.999707 -6.338829 -0.0 1e-06 -18.123457 3.648187 -4.905674 -4e-06 -0.0 -2e-06 18.768616 10.095789 15.365696 54.49345 10.460051 20.638046 0.716383 26.394388 0.345327 -5.794918 2.715278 7.752111 2.243543 -5.255039 -3.180158 14.282896 -0.826596 6.952503 -2e-06 -12.69061 -0.0 16.617607 -17.580139 2.195019 1.665668 -1.955923 -2.878299 4.727801 -4.170589 4.993923 11.020529 3e-06 -2e-06 12.109057 -3.735717 -2.866786 0.0 0.0 1e-06 1.291986 -1.92855 -1.498091 14.800132 0.567467 3.865607 14.242579 -1.341737 -6.660664 19.631973 0.143926 -0.648248 50.155209 -0.55909 -6.70498 0.353031 -1.511151 -0.03194 20.222799 3.684309 2.316629 18.787283 5e-06 -3e-06 10.751633 -0.479867 1.397904 1e-06 0.0 -0.0 3.273808 0.305947 -0.580109 21.486822 11.830379 2.266131 8.16293 1e-06 -2e-06 18.39909 -3.798985 -4.94058 3e-06 -0.0 -1e-06 22.302555 -4.86224 -10.435659 -0.276846 -0.873236 123.673378 5.4938 -18.450439 -46.611767 2.156008 -1.258557 -34.903046 -0.0 0.0 2e-06 -14.848708 -9.860679 -0.996312 0.711513 0.827531 115.950539 -3.196254 15.697962 -40.820087 -1.558709 0.710047 -26.898645 0.0 -0.0 -1e-06 
0.0 0.0 0.0 0.0 -0.0 0.0 -5.208424 48.717854 56.495327 -2.773073 0.945005 1.833853 1.354306 -0.38864 -0.212318 -0.057486 0.247 -4.627163 0.808933 -2.422546 8.589237 0.191426 2.215567 0.075979 -0.575478 0.008102 -3.690228 0.016782 -0.681168 -8.061584 7.7e-05 -2.2e-05 6e-06 -0.009627 -0.084197 -0.044142 0.676307 -3.794173 -10.706817 -0.701046 3.629023 -10.696704 -21.828087 -4.522799 15.956621 -52.807804 -11.162409 6.553711 0.056124 -22.895067 -0.069057 13.031709 -4.364126 9.077048 -5.88211 9.861292 0.702591 -10.936877 -0.360575 7.156207 1e-06 8.77483 -0.0 -15.72071 17.85223 6.187569 -1.844033 2.498507 -2.507278 -10.163605 4.678948 4.62111 -20.976036 -3e-06 0.0 -21.226301 2.451698 -3.594004 1e-06 -6e-06 0.0 -1.362682 2.240799 -0.746323 -21.334925 0.58491 3.008323 -13.82122 -2e-06 1e-06 -23.887182 -0.249079 -0.839487 -60.175655 2.272846 -0.998875 -0.294025 1.679687 0.833257 -14.218217 0.093215 1.300582 -34.212067 -0.287564 0.967168 -20.033226 0.964538 1.212842 0.0 2e-06 -1e-06 -3.440391 0.788234 0.501655 -15.928196 -3.167312 2.999707 -6.338829 -1e-06 0.0 -18.123459 3.648184 -4.905675 -4e-06 -0.0 -2e-06 18.79541 10.07902 15.348359 54.498024 10.378224 20.560795 0.742684 26.40295 0.345298 -5.820079 2.703637 7.812288 2.243542 -5.255038 -3.180159 14.282898 -0.826595 6.952507 -4e-06 -12.690609 3e-06 16.613199 -17.602924 2.199059 1.665667 -1.955922 -2.878303 4.727801 -4.170588 4.993927 11.020535 3e-06 -1e-06 12.109059 -3.735717 -2.866785 0.0 0.0 1e-06 1.291985 -1.928549 -1.498093 14.800136 0.567469 3.865611 14.242579 -1.341735 -6.660662 19.631979 0.143927 -0.648247 50.174877 -0.551935 -6.690135 0.353029 -1.511151 -0.03194 20.222803 3.684313 2.316632 18.787287 5e-06 -1e-06 10.751636 -0.479868 1.397905 1e-06 -1e-06 -0.0 3.273809 0.305947 -0.580111 21.486828 11.830381 2.266132 8.162933 2e-06 0.0 18.399096 -3.798985 -4.940577 3e-06 -0.0 -2e-06 22.256191 -4.827031 -10.410589 -0.273006 -0.870143 123.687416 5.44931 -18.446421 -46.615173 2.154759 -1.26527 -34.803329 0.0 -0.0 2e-06 -14.842751 -9.778688 -1.030838 0.71292 0.826533 115.992813 -3.223663 15.692408 -40.873322 -1.562585 0.712378 -26.840658 0.0 -0.0 -1e-06 
0.0 0.0 0.0 0.0 -0.0 0.0 -5.184525 48.70063 56.507446 -2.751072 0.889673 1.848108 1.344922 -0.397306 -0.21618 -0.060448 0.245482 -4.619537 0.83513 -2.397818 8.610603 0.149908 2.221273 -0.023583 -0.556539 0.002566 -3.682496 0.019176 -0.597062 -8.093005 7.7e-05 -2.2e-05 6e-06 -0.009339 -0.085015 -0.042681 0.681143 -3.793431 -10.704693 -0.705343 3.62665 -10.695986 -21.87636 -4.534362 15.943789 -52.778915 -11.111619 6.311994 -0.000176 -22.963539 -0.044547 12.975119 -4.37158 9.049855 -5.882111 9.861293 0.702591 -10.936881 -0.360572 7.156207 -1e-06 8.774831 0.0 -15.733056 17.835558 6.191014 -1.844035 2.498506 -2.507277 -10.16361 4.678951 4.62111 -20.97604 -1e-06 3e-06 -21.226305 2.451701 -3.594005 1e-06 -6e-06 0.0 -1.362683 2.240799 -0.746322 -21.334929 0.584912 3.008323 -13.821223 -2e-06 -1e-06 -23.887188 -0.249079 -0.839482 -60.153305 2.279665 -0.988502 -0.294026 1.679689 0.833256 -14.21822 0.093216 1.300581 -34.212078 -0.287561 0.967166 -20.03323 0.964536 1.212842 0.0 2e-06 -1e-06 -3.440391 0.788234 0.501656 -15.928198 -3.167309 2.999706 -6.33883 -0.0 -0.0 -18.123463 3.648187 -4.905675 -4e-06 -1e-06 -1e-06 18.813969 10.054252 15.315282 54.520466 10.277268 20.453329 0.791505 26.40737 0.34277 -5.83815 2.698964 7.881079 2.243544 -5.255039 -3.180158 14.282901 -0.826596 6.952507 -2e-06 -12.690613 2e-06 16.603004 -17.60297 2.203533 1.665667 -1.955923 -2.878301 4.727801 -4.170591 4.993927 11.020534 2e-06 -0.0 12.109059 -3.735719 -2.866786 0.0 0.0 1e-06 1.291987 -1.92855 -1.498091 14.800139 0.567468 3.865607 14.242582 -1.341737 -6.660661 19.631985 0.143926 -0.648244 50.177277 -0.534773 -6.67764 0.353029 -1.511151 -0.031938 20.222803 3.684312 2.316629 18.787287 5e-06 -1e-06 10.751636 -0.479868 1.397905 1e-06 0.0 -2e-06 3.273809 0.305947 -0.580111 21.486828 11.830383 2.266134 8.162931 2e-06 -1e-06 18.399096 -3.798987 -4.940579 3e-06 -0.0 -2e-06 22.194693 -4.75448 -10.372051 -0.26846 -0.867249 123.668762 5.430288 -18.421041 -46.59338 2.156101 -1.271675 -34.671364 0.0 -0.0 3e-06 -14.855534 -9.677569 -1.059959 0.71284 0.820288 116.000229 -3.211527 15.703365 -40.863533 -1.569079 0.713931 -26.766575 0.0 0.0 -1e-06 
0.0 0.0 0.0 0.0 -0.0 0.0 -5.12043 48.68169 56.510044 -2.733692 0.85573 1.876449 1.344342 -0.412518 -0.223552 -0.067528 0.241043 -4.612459 0.857924 -2.386536 8.626246 0.108431 2.223008 -0.122653 -0.542198 0.008853 -3.67455 0.030186 -0.53035 -8.13372 7.7e-05 -2.2e-05 6e-06 -0.00973 -0.092514 -0.042822 0.685176 -3.800365 -10.707121 -0.710056 3.618943 -10.701082 -21.894566 -4.568531 15.910354 -52.773586 -11.057221 6.042727 -0.070102 -23.055189 -0.02388 12.925922 -4.413998 9.014279 -5.882107 9.861286 0.702591 -10.936873 -0.360574 7.156204 0.0 8.774827 -1e-06 -15.747272 17.825363 6.179007 -1.844032 2.498504 -2.507276 -10.163599 4.678944 4.621108 -20.976021 -3e-06 3e-06 -21.226282 2.451697 -3.594 1e-06 -6e-06 -1e-06 -1.362682 2.240799 -0.746323 -21.334913 0.584909 3.00832 -13.821214 -3e-06 2e-06 -23.887171 -0.249079 -0.839482 -60.137787 2.276244 -1.021399 -0.294024 1.679688 0.833256 -14.21821 0.093215 1.30058 -34.212051 -0.287565 0.967168 -20.033215 0.964537 1.212842 -1e-06 2e-06 -1e-06 -3.440388 0.788233 0.501656 -15.928185 -3.16731 2.999705 -6.338827 -1e-06 0.0 -18.123449 3.648185 -4.90567 -4e-06 -0.0 -2e-06 18.835678 10.027539 15.281171 54.543816 10.18509 20.310629 0.873316 26.401142 0.339019 -5.864165 2.698858 7.989188 2.243541 -5.255037 -3.180159 14.282895 -0.826594 6.952506 -3e-06 -12.690606 1e-06 16.582121 -17.577536 2.211936 1.665667 -1.955921 -2.878299 4.7278 -4.170587 4.993925 11.020529 4e-06 -1e-06 12.109055 -3.735715 -2.866781 0.0 0.0 1e-06 1.291985 -1.928549 -1.498089 14.800132 0.567468 3.865608 14.242576 -1.341735 -6.660662 19.631973 0.143927 -0.648243 50.166332 -0.516193 -6.668404 0.353029 -1.511151 -0.031941 20.222797 3.684311 2.31663 18.787279 7e-06 0.0 10.751631 -0.479868 1.397908 1e-06 1e-06 -1e-06 3.273808 0.305948 -0.580111 21.48682 11.830379 2.266134 8.16293 2e-06 -0.0 18.399088 -3.798984 -4.940575 3e-06 -0.0 -2e-06 22.117466 -4.641018 -10.373081 -0.264671 -0.864122 123.681107 5.46613 -18.344496 -46.575722 2.161772 -1.277422 -34.492023 0.0 0.0 3e-06 -14.887257 -9.561278 -1.122331 0.709898 0.816942 116.011887 -3.158758 15.759634 -40.81765 -1.578379 0.713761 -26.739296 0.0 0.0 -1e-06 
0.0 0.0 0.0 0.0 -0.0 0.0 -5.018733 48.667301 56.483997 -2.727624 0.853776 1.915283 1.349268 -0.433977 -0.225548 -0.071328 0.233318 -4.610454 0.875512 -2.385982 8.644499 0.090825 2.216604 -0.217986 -0.538052 0.026015 -3.671601 0.033905 -0.487311 -8.18257 7.7e-05 -2.2e-05 6e-06 -0.010091 -0.098832 -0.047459 0.688109 -3.806082 -10.712911 -0.713554 3.612415 -10.709729 -21.881163 -4.611308 15.888871 -52.779011 -11.045259 5.818627 -0.135382 -23.167513 -0.00421 12.900705 -4.480256 8.984019 -5.88211 9.861292 0.702593 -10.936876 -0.360572 7.156208 -1e-06 8.77483 1e-06 -15.765721 17.819313 6.151563 -1.844033 2.498504 -2.507277 -10.163604 4.67895 4.621109 -20.97603 -0.0 2e-06 -21.226295 2.451701 -3.594003 1e-06 -6e-06 -1e-06 -1.362682 2.240798 -0.746323 -21.334925 0.584914 3.008326 -13.821218 0.0 2e-06 -23.887182 -0.249076 -0.839484 -60.144299 2.264872 -1.083087 -0.294026 1.679688 0.833257 -14.218214 0.093219 1.300581 -34.212059 -0.287557 0.967167 -20.033218 0.964539 1.212839 0.0 2e-06 -1e-06 -3.44039 0.788234 0.501657 -15.928192 -3.167308 2.999706 -6.338829 -0.0 0.0 -18.123455 3.648188 -4.905673 -4e-06 -0.0 -1e-06 18.860949 10.005437 15.251758 54.563145 10.110983 20.19796 0.942495 26.400457 0.334398 -5.896027 2.693307 8.07189 2.243542 -5.255037 -3.180157 14.282896 -0.826596 6.952502 -2e-06 -12.690606 1e-06 16.567766 -17.542017 2.212708 1.665666 -1.955922 -2.878297 4.7278 -4.170588 4.993924 11.020529 2e-06 -1e-06 12.109056 -3.735717 -2.866786 -0.0 0.0 -0.0 1.291987 -1.928551 -1.49809 14.800134 0.567467 3.865606 14.242579 -1.341738 -6.660662 19.631975 0.143926 -0.648248 50.152782 -0.495131 -6.668725 0.35303 -1.511152 -0.03194 20.222801 3.684308 2.316628 18.787283 5e-06 -3e-06 10.751633 -0.479868 1.397903 1e-06 1e-06 -0.0 3.273808 0.305947 -0.580112 21.48682 11.830378 2.26613 8.16293 1e-06 -1e-06 18.399092 -3.798985 -4.940578 3e-06 -0.0 -1e-06 22.036528 -4.50122 -10.435912 -0.262806 -0.866982 123.755913 5.581961 -18.212849 -46.597198 2.172806 -1.28079 -34.382568 0.0 0.0 2e-06 -14.918941 -9.444549 -1.229304 0.707182 0.823183 116.055573 -3.089464 15.844864 -40.787727 -1.584095 0.714035 -26.682661 0.0 -0.0 -1e-06 
0.0 0.0 0.0 0.0 -0.0 0.0 -4.903594 48.658855 56.446423 -2.730265 0.888378 1.955357 1.353275 -0.456429 -0.214378 -0.063691 0.213533 -4.614074 0.878646 -2.386271 8.669752 0.108948 2.201135 -0.307817 -0.550487 0.053707 -3.67149 0.041 -0.484156 -8.21458 7.7e-05 -2.3e-05 6e-06 -0.01045 -0.103334 -0.054419 0.690709 -3.809871 -10.718896 -0.716687 3.607554 -10.716302 -21.847622 -4.647091 15.907133 -52.772099 -11.095731 5.68194 -0.181286 -23.305002 0.012012 12.896663 -4.534548 8.984524 -5.882109 9.861292 0.702592 -10.936879 -0.360574 7.15621 -0.0 8.774831 -2e-06 -15.778196 17.815413 6.120211 -1.844034 2.498506 -2.507279 -10.163608 4.678949 4.62111 -20.97604 -2e-06 3e-06 -21.226303 2.4517 -3.594003 1e-06 -6e-06 -1e-06 -1.362682 2.2408 -0.746323 -21.334929 0.584909 3.008324 -13.821223 -3e-06 3e-06 -23.887186 -0.249079 -0.839484 -60.159843 2.262121 -1.155374 -0.294025 1.679688 0.833256 -14.218219 0.093216 1.300582 -34.212074 -0.287563 0.967169 -20.033228 0.964538 1.212845 -1e-06 2e-06 -1e-06 -3.440392 0.788234 0.501655 -15.9282 -3.167311 2.99971 -6.33883 -2e-06 -1e-06 -18.123461 3.648185 -4.905674 -5e-06 -0.0 -2e-06 18.890863 9.99066 15.216613 54.578587 10.053215 20.190842 0.955593 26.390692 0.321633 -5.926551 2.685407 8.065871 2.243546 -5.255041 -3.18016 14.282898 -0.826596 6.952503 -1e-06 -12.690612 1e-06 16.575315 -17.527578 2.205299 1.665667 -1.955923 -2.878301 4.727801 -4.170591 4.993925 11.020531 2e-06 -2e-06 12.109058 -3.735718 -2.866787 -0.0 -0.0 -0.0 1.291986 -1.92855 -1.498091 14.800136 0.567467 3.86561 14.24258 -1.341737 -6.660663 19.631975 0.143927 -0.648247 50.162857 -0.477272 -6.687549 0.35303 -1.511152 -0.03194 20.222803 3.684309 2.316631 18.787285 4e-06 -2e-06 10.751633 -0.479869 1.397907 1e-06 1e-06 -2e-06 3.273809 0.305947 -0.58011 21.486824 11.830379 2.266133 8.16293 0.0 -1e-06 18.399092 -3.798988 -4.94058 3e-06 -0.0 -1e-06 21.964832 -4.3881 -10.53187 -0.259437 -0.862227 123.862869 5.750594 -18.054876 -46.653576 2.182351 -1.27928 -34.462982 0.0 -0.0 3e-06 -14.94202 -9.356737 -1.337734 0.704405 0.844347 116.107628 -3.0014 15.943472 -40.783413 -1.582905 0.71594 -26.62759 0.0 -0.0 -1e-06 
0.0 0.0 0.0 0.0 -0.0 0.0 -4.797089 48.65786 56.401531 -2.737325 0.937804 1.992516 1.356873 -0.471076 -0.187933 -0.051846 0.199053 -4.621112 0.872853 -2.394609 8.701685 0.154153 2.175011 -0.392406 -0.573138 0.104756 -3.672198 0.040548 -0.525864 -8.234505 7.7e-05 -2.2e-05 6e-06 -0.011272 -0.108869 -0.061004 0.694037 -3.813621 -10.722342 -0.721504 3.600619 -10.719579 -21.799057 -4.681161 15.981644 -52.752476 -11.215867 5.664189 -0.176907 -23.451353 0.009582 12.878858 -4.563612 8.983278 -5.88211 9.861293 0.702593 -10.936881 -0.360576 7.156208 2e-06 8.774833 1e-06 -15.773417 17.807749 6.093142 -1.844034 2.498507 -2.507279 -10.16361 4.67895 4.621113 -20.976048 -7e-06 3e-06 -21.226309 2.451695 -3.594004 1e-06 -6e-06 0.0 -1.362684 2.2408 -0.746324 -21.334938 0.584907 3.008324 -13.821231 -5e-06 2e-06 -23.887203 -0.249085 -0.839482 -60.175369 2.271634 -1.222489 -0.294026 1.67969 0.833256 -14.218225 0.093213 1.30058 -34.212086 -0.287571 0.96717 -20.033236 0.964534 1.212844 1e-06 1e-06 -1e-06 -3.440393 0.788235 0.501656 -15.928203 -3.167315 2.999708 -6.338833 -2e-06 -1e-06 -18.123466 3.648183 -4.905677 -4e-06 -0.0 -2e-06 18.92837 9.982442 15.190248 54.570854 10.01806 20.237717 0.934229 26.371658 0.307434 -5.959038 2.679237 7.993265 2.243541 -5.25504 -3.180159 14.282902 -0.826593 6.95251 -5e-06 -12.690614 1e-06 16.587563 -17.526327 2.190077 1.665666 -1.955922 -2.878303 4.727802 -4.170591 4.993928 11.020536 4e-06 0.0 12.10906 -3.735717 -2.866784 -0.0 0.0 -0.0 1.291986 -1.92855 -1.498088 14.800144 0.567471 3.865609 14.242584 -1.341734 -6.660662 19.631985 0.143929 -0.648244 50.175583 -0.463863 -6.720295 0.35303 -1.511151 -0.031939 20.222811 3.684315 2.316632 18.787289 8e-06 2e-06 10.751637 -0.479868 1.397908 1e-06 1e-06 -1e-06 3.27381 0.305948 -0.580111 21.486834 11.830387 2.266135 8.162935 3e-06 -1e-06 18.399099 -3.798985 -4.940578 3e-06 -1e-06 -1e-06 21.916956 -4.29615 -10.645822 -0.260053 -0.851422 123.978889 5.958705 -17.891781 -46.725014 2.192403 -1.272496 -34.712212 0.0 0.0 3e-06 -14.947269 -9.298386 -1.440341 0.702907 0.878334 116.169418 -2.90209 16.039495 -40.814133 -1.571215 0.719137 -26.556213 0.0 0.0 -1e-06 
0.0 0.0 0.0 0.0 -0.0 0.0 -4.716274 48.658207 56.375168 -2.746643 1.001674 2.02602 1.360607 -0.48031 -0.149274 -0.043293 0.187097 -4.630527 0.869369 -2.407583 8.737023 0.214826 2.150523 -0.476343 -0.602081 0.158291 -3.669417 0.026427 -0.593035 -8.249716 7.7e-05 -2.2e-05 6e-06 -0.012817 -0.11729 -0.061877 0.69486 -3.820557 -10.719016 -0.72531 3.590688 -10.716483 -21.740211 -4.710066 16.088282 -52.733677 -11.398228 5.764399 -0.128877 -23.558102 -0.007473 12.855118 -4.546363 8.957767 -5.882106 9.861286 0.702592 -10.936872 -0.360574 7.156204 -1e-06 8.774826 -1e-06 -15.755621 17.796436 6.086535 -1.844033 2.498505 -2.507278 -10.163599 4.678946 4.621111 -20.976023 -2e-06 4e-06 -21.226286 2.451699 -3.593998 1e-06 -6e-06 -2e-06 -1.362682 2.240799 -0.746324 -21.334913 0.584911 3.008323 -13.821213 -1e-06 3e-06 -23.887167 -0.249077 -0.839485 -60.199635 2.28372 -1.256205 -0.294026 1.679688 0.833257 -14.218208 0.093215 1.300581 -34.212048 -0.287561 0.96717 -20.033213 0.964538 1.212843 1e-06 1e-06 -1e-06 -3.440388 0.788234 0.501655 -15.928185 -3.16731 2.999708 -6.338825 -0.0 1e-06 -18.123444 3.648182 -4.905669 -4e-06 -0.0 -1e-06 18.97003 9.994885 15.200239 54.54501 10.010787 20.183594 0.929141 26.358482 0.305123 -6.012232 2.703585 7.961761 2.243542 -5.255037 -3.180157 14.282892 -0.826596 6.952502 -2e-06 -12.690605 3e-06 16.59181 -17.540991 2.179278 1.665666 -1.955921 -2.878299 4.727799 -4.170588 4.993925 11.020528 3e-06 -1e-06 12.109053 -3.735716 -2.866785 -0.0 0.0 -0.0 1.291987 -1.92855 -1.498091 14.800131 0.567468 3.865606 14.242576 -1.341737 -6.66066 19.631971 0.143927 -0.648246 50.183601 -0.449193 -6.755265 0.35303 -1.511151 -0.03194 20.222794 3.684309 2.31663 18.787273 7e-06 -3e-06 10.751627 -0.479869 1.397905 1e-06 1e-06 -1e-06 3.273807 0.305947 -0.580111 21.486816 11.830374 2.266133 8.162928 2e-06 -1e-06 18.399086 -3.798985 -4.940577 3e-06 -0.0 -1e-06 21.9109 -4.233602 -10.741294 -0.264142 -0.83924 124.068298 6.146004 -17.775343 -46.796577 2.203326 -1.263509 -35.011753 -0.0 -0.0 2e-06 -14.924927 -9.271426 -1.494938 0.70464 0.916609 116.211708 -2.806029 16.117382 -40.888084 -1.557239 0.720461 -26.514145 0.0 -0.0 -1e-06 
0.0 0.0 0.0 0.0 -0.0 0.0 -4.663083 48.646839 56.36124 -2.752823 1.070157 2.062654 1.364601 -0.48406 -0.10877 -0.044407 0.178069 -4.63647 0.874767 -2.433015 8.768736 0.273285 2.146078 -0.554672 -0.626825 0.184555 -3.659497 0.008733 -0.645948 -8.247496 7.7e-05 -2.2e-05 6e-06 -0.014599 -0.127137 -0.059419 0.693731 -3.830637 -10.711389 -0.727647 3.580531 -10.708293 -21.705729 -4.731184 16.196068 -52.692516 -11.60735 5.91011 -0.074583 -23.599489 -0.030973 12.837608 -4.506361 8.860477 -5.882111 9.861291 0.702592 -10.936877 -0.360574 7.156208 0.0 8.77483 -1e-06 -15.734154 17.788523 6.087536 -1.844034 2.498507 -2.507279 -10.163605 4.678947 4.621111 -20.976034 -2e-06 3e-06 -21.226297 2.451699 -3.594002 1e-06 -6e-06 0.0 -1.362682 2.2408 -0.746323 -21.334925 0.584911 3.008323 -13.821221 -2e-06 1e-06 -23.887184 -0.249078 -0.839484 -60.208084 2.295464 -1.265597 -0.294024 1.679688 0.833256 -14.218217 0.093216 1.300581 -34.21207 -0.287562 0.967169 -20.033226 0.964539 1.212842 0.0 2e-06 -2e-06 -3.440391 0.788235 0.501656 -15.928194 -3.167309 2.999707 -6.33883 -0.0 -1e-06 -18.123459 3.648187 -4.905672 -4e-06 -0.0 -1e-06 18.999168 10.030757 15.234959 54.525742 10.029558 20.029379 0.933179 26.326406 0.304427 -6.044604 2.756881 7.935428 2.243544 -5.255039 -3.18016 14.282902 -0.826597 6.952508 -2e-06 -12.690612 2e-06 16.581059 -17.551933 2.162748 1.665667 -1.955923 -2.8783 4.727803 -4.170591 4.993926 11.020535 2e-06 -1e-06 12.10906 -3.735719 -2.866787 -0.0 0.0 -1e-06 1.291987 -1.92855 -1.49809 14.800139 0.567468 3.865611 14.242584 -1.341737 -6.660663 19.631985 0.143926 -0.648245 50.176998 -0.425477 -6.792649 0.353029 -1.511152 -0.031938 20.222803 3.684312 2.316628 18.787287 5e-06 -1e-06 10.751635 -0.479869 1.397906 1e-06 1e-06 -1e-06 3.273809 0.305946 -0.580113 21.486828 11.830384 2.266135 8.162933 2e-06 -1e-06 18.399096 -3.798987 -4.940579 3e-06 0.0 -2e-06 21.941427 -4.189403 -10.828239 -0.267609 -0.832304 124.137962 6.280828 -17.724117 -46.848915 2.210602 -1.257289 -35.253387 -0.0 -0.0 3e-06 -14.885451 -9.2559 -1.514584 0.70851 0.943038 116.253075 -2.716074 16.179995 -41.001846 -1.545456 0.720163 -26.43182 0.0 -0.0 -1e-06 
0.0 0.0 0.0 0.0 -0.0 0.0 -4.612251 48.615788 56.330513 -2.756653 1.125419 2.122473 1.37272 -0.487265 -0.086448 -0.053449 0.167021 -4.637393 0.892259 -2.454247 8.788294 0.327912 2.172307 -0.630233 -0.6464 0.171823 -3.638336 0.004603 -0.656998 -8.220569 7.7e-05 -2.2e-05 6e-06 -0.015477 -0.133692 -0.053863 0.693357 -3.838419 -10.69815 -0.728959 3.57457 -10.692787 -21.719702 -4.730512 16.255627 -52.60989 -11.782449 6.029057 -0.063986 -23.567551 -0.048443 12.837947 -4.480239 8.749516 -5.882109 9.861288 0.70259 -10.936878 -0.360575 7.156209 1e-06 8.774828 -1e-06 -15.721076 17.803366 6.086915 -1.844035 2.498506 -2.507278 -10.163605 4.678946 4.621111 -20.976038 -5e-06 2e-06 -21.226299 2.451696 -3.594 1e-06 -6e-06 -1e-06 -1.362682 2.240798 -0.746324 -21.334927 0.584909 3.008325 -13.821221 -4e-06 2e-06 -23.887184 -0.249081 -0.839482 -60.18782 2.308976 -1.289704 -0.294024 1.679687 0.833257 -14.218215 0.093214 1.30058 -34.212067 -0.287566 0.967171 -20.033226 0.964536 1.212845 -1e-06 2e-06 -0.0 -3.440391 0.788233 0.501655 -15.928198 -3.16731 2.999709 -6.33883 -2e-06 -1e-06 -18.123457 3.648181 -4.905671 -4e-06 -0.0 -1e-06 18.991898 10.075867 15.273598 54.542034 10.083931 19.832582 0.94361 26.234438 0.289588 -6.050728 2.826875 7.971546 2.243543 -5.255037 -3.180156 14.282895 -0.826594 6.952503 -3e-06 -12.690605 1e-06 16.568727 -17.551437 2.138311 1.665668 -1.955922 -2.878298 4.727801 -4.170588 4.993923 11.020532 4e-06 -1e-06 12.109056 -3.735715 -2.866783 -0.0 -0.0 1e-06 1.291985 -1.928549 -1.498087 14.800132 0.567469 3.865606 14.242577 -1.341735 -6.660657 19.631973 0.143927 -0.648246 50.164062 -0.402554 -6.83169 0.353029 -1.51115 -0.031941 20.222799 3.684311 2.316629 18.787281 7e-06 -2e-06 10.751632 -0.479867 1.397906 1e-06 1e-06 -0.0 3.273808 0.305947 -0.58011 21.486818 11.830379 2.26613 8.162928 2e-06 -0.0 18.399082 -3.798982 -4.940574 3e-06 -1e-06 -1e-06 21.973808 -4.132572 -10.946236 -0.266872 -0.833265 124.239273 6.357028 -17.706535 -46.897774 2.213714 -1.256065 -35.378975 -0.0 0.0 1e-06 -14.847254 -9.21737 -1.57391 0.713174 0.951732 116.339653 -2.626467 16.253881 -41.133324 -1.540632 0.717016 -26.347361 0.0 0.0 -1e-06 
0.0 0.0 0.0 0.0 -0.0 0.0 -4.533347 48.587124 56.292397 -2.759478 1.160622 2.224727 1.384182 -0.493215 -0.086156 -0.062585 0.159038 -4.646449 0.918256 -2.470618 8.778031 0.366432 2.234946 -0.675785 -0.657662 0.10599 -3.616642 0.013739 -0.637368 -8.19418 7.7e-05 -2.2e-05 6e-06 -0.014384 -0.135801 -0.046047 0.696851 -3.842806 -10.688476 -0.730167 3.57454 -10.68105 -21.772415 -4.694727 16.258957 -52.491737 -11.886532 6.132253 -0.089652 -23.478029 -0.073175 12.847363 -4.475498 8.634049 -5.882109 9.86129 0.702591 -10.936877 -0.360575 7.15621 1e-06 8.77483 -1e-06 -15.71586 17.846476 6.076742 -1.844033 2.498504 -2.507278 -10.163604 4.678947 4.621111 -20.976034 -4e-06 5e-06 -21.226295 2.451698 -3.594 1e-06 -6e-06 -2e-06 -1.362682 2.240799 -0.746324 -21.334921 0.58491 3.008324 -13.821218 -2e-06 2e-06 -23.887178 -0.249078 -0.839481 -60.132309 2.322638 -1.355137 -0.294024 1.679688 0.833257 -14.218215 0.093214 1.300581 -34.212067 -0.287564 0.967171 -20.033222 0.964536 1.212844 0.0 2e-06 -0.0 -3.440391 0.788232 0.501656 -15.928192 -3.16731 2.999708 -6.338829 -1e-06 1e-06 -18.123457 3.648183 -4.905673 -4e-06 -0.0 -3e-06 18.962811 10.122682 15.309639 54.570011 10.148809 19.698059 0.932619 26.119862 0.249992 -6.063026 2.858451 8.056694 2.243543 -5.255039 -3.180157 14.282896 -0.826594 6.952507 -4e-06 -12.690609 -1e-06 16.571287 -17.53651 2.099524 1.665667 -1.955922 -2.878299 4.7278 -4.170588 4.993926 11.02053 4e-06 -0.0 12.109056 -3.735716 -2.866784 -0.0 0.0 -1e-06 1.291987 -1.92855 -1.49809 14.800134 0.567469 3.86561 14.242577 -1.341736 -6.66066 19.631975 0.143927 -0.648243 50.163586 -0.394531 -6.882405 0.353028 -1.511151 -0.03194 20.222801 3.684313 2.316631 18.787283 7e-06 -0.0 10.751633 -0.47987 1.397906 2e-06 0.0 -0.0 3.273808 0.305948 -0.580112 21.486824 11.830379 2.266135 8.16293 2e-06 -1e-06 18.399088 -3.798984 -4.940574 4e-06 -1e-06 -1e-06 21.955488 -4.01939 -11.102666 -0.260189 -0.849758 124.362267 6.400235 -17.659761 -46.942127 2.203953 -1.259797 -35.382965 -0.0 -0.0 2e-06 -14.835471 -9.14498 -1.708552 0.717482 0.951982 116.444916 -2.574342 16.349092 -41.257168 -1.545763 0.712474 -26.231232 0.0 -0.0 -1e-06 
0.0 0.0 0.0 0.0 -0.0 0.0 -4.416955 48.606365 56.249611 -2.758161 1.198941 2.341377 1.391284 -0.507264 -0.093404 -0.062619 0.165593 -4.661498 0.943597 -2.502487 8.753077 0.363889 2.317594 -0.69142 -0.65847 0.047388 -3.612977 0.032085 -0.632386 -8.159419 7.7e-05 -2.2e-05 6e-06 -0.012603 -0.143863 -0.042395 0.70313 -3.852717 -10.689072 -0.732728 3.568762 -10.682826 -21.823263 -4.617899 16.249765 -52.394169 -11.936069 6.254629 -0.099771 -23.40526 -0.11611 12.849914 -4.461725 8.591684 -5.882108 9.861287 0.70259 -10.936878 -0.360576 7.156207 2e-06 8.774829 -0.0 -15.745885 17.890459 6.030275 -1.844035 2.498505 -2.507281 -10.163605 4.678946 4.62111 -20.976038 -8e-06 2e-06 -21.226299 2.451694 -3.593999 1e-06 -6e-06 0.0 -1.362683 2.240799 -0.746324 -21.334929 0.584907 3.008325 -13.821223 -5e-06 2e-06 -23.887184 -0.249083 -0.839481 -60.050259 2.322528 -1.448707 -0.294023 1.679688 0.833255 -14.218219 0.093214 1.300578 -34.212074 -0.287569 0.967172 -20.03323 0.964534 1.212844 1e-06 2e-06 -1e-06 -3.440391 0.788234 0.501655 -15.928198 -3.167312 2.999707 -6.33883 -2e-06 -1e-06 -18.123459 3.64818 -4.905671 -4e-06 -0.0 -1e-06 18.933275 10.181502 15.36265 54.581947 10.21024 19.676273 0.877083 26.066885 0.199127 -6.081065 2.790339 8.058849 2.243541 -5.255036 -3.180155 14.282888 -0.826593 6.952501 -3e-06 -12.690603 -1e-06 16.592804 -17.504284 2.050666 1.665665 -1.955921 -2.878298 4.727798 -4.170588 4.993924 11.020524 4e-06 1e-06 12.10905 -3.735716 -2.866785 -0.0 -0.0 -0.0 1.291986 -1.92855 -1.49809 14.800127 0.567469 3.865609 14.242569 -1.341736 -6.660655 19.631966 0.143926 -0.648242 50.161457 -0.398082 -6.93492 0.353029 -1.51115 -0.031939 20.222788 3.684311 2.31663 18.78727 5e-06 -0.0 10.751625 -0.479869 1.397907 2e-06 0.0 -1e-06 3.273806 0.305948 -0.580109 21.486811 11.830377 2.266135 8.162928 2e-06 1e-06 18.39908 -3.798984 -4.940573 2e-06 0.0 -1e-06 21.877417 -3.870317 -11.294774 -0.249412 -0.862053 124.48838 6.508428 -17.528275 -46.995663 2.179471 -1.265458 -35.409508 0.0 -0.0 1e-06 -14.85803 -9.055077 -1.897201 0.721246 0.948883 116.528831 -2.532208 16.467367 -41.356064 -1.55968 0.709789 -26.068127 0.0 0.0 -1e-06 
0.0 0.0 0.0 0.0 -0.0 0.0 -4.305561 48.654808 56.253986 -2.737557 1.264294 2.45234 1.37227 -0.51959 -0.10877 -0.049613 0.175023 -4.675516 0.969278 -2.542325 8.752303 0.331555 2.365539 -0.696102 -0.638955 0.089537 -3.644336 0.046143 -0.691198 -8.085428 7.7e-05 -2.2e-05 6e-06 -0.011973 -0.157484 -0.049009 0.707867 -3.866746 -10.694533 -0.736062 3.555098 -10.694683 -21.853031 -4.538988 16.238092 -52.349495 -11.935898 6.289519 -0.109097 -23.392809 -0.159826 12.865008 -4.47049 8.823363 -5.882108 9.861288 0.70259 -10.936876 -0.360575 7.156211 0.0 8.774828 -3e-06 -15.835167 17.926157 5.937497 -1.844034 2.498505 -2.507278 -10.163604 4.678946 4.62111 -20.976032 -4e-06 3e-06 -21.226294 2.451698 -3.594 1e-06 -6e-06 -2e-06 -1.362682 2.240798 -0.746324 -21.334923 0.584909 3.008325 -13.82122 -3e-06 4e-06 -23.887182 -0.249078 -0.83948 -59.983849 2.297266 -1.544858 -0.294025 1.679687 0.833256 -14.218215 0.093215 1.300581 -34.212063 -0.287564 0.967172 -20.033222 0.964538 1.212847 0.0 1e-06 -1e-06 -3.440389 0.788233 0.501655 -15.928192 -3.167312 2.999712 -6.338829 -1e-06 0.0 -18.123453 3.648183 -4.905672 -4e-06 -0.0 -2e-06 18.94519 10.248869 15.482547 54.520977 10.260813 19.561144 0.779307 26.182005 0.139246 -6.044711 2.65784 7.992101 2.243543 -5.25504 -3.180158 14.282896 -0.826596 6.952503 -2e-06 -12.69061 -1e-06 16.635347 -17.482069 2.026127 1.665666 -1.955923 -2.878299 4.727801 -4.170591 4.993924 11.020531 3e-06 -0.0 12.109057 -3.735718 -2.866785 -0.0 -0.0 1e-06 1.291986 -1.92855 -1.49809 14.800132 0.567468 3.86561 14.242577 -1.341738 -6.660661 19.631973 0.143926 -0.648244 50.173679 -0.397676 -6.954645 0.353029 -1.51115 -0.031939 20.222799 3.684311 2.316631 18.787277 6e-06 -2e-06 10.751633 -0.479868 1.397906 2e-06 1e-06 -0.0 3.273808 0.305947 -0.58011 21.48682 11.830382 2.266134 8.16293 1e-06 -1e-06 18.399084 -3.798987 -4.940578 3e-06 0.0 -1e-06 21.777279 -3.75124 -11.442717 -0.246426 -0.855664 124.548241 6.644475 -17.370417 -47.052036 2.152353 -1.27126 -35.561569 -0.0 0.0 2e-06 -14.920774 -9.007316 -2.014888 0.727743 0.948437 116.526871 -2.443709 16.612276 -41.422642 -1.580125 0.708808 -25.968941 0.0 -0.0 -1e-06 
0.0 0.0 0.0 0.0 -0.0 0.0 -4.25589 48.761635 56.304115 -2.762595 1.149854 2.574569 1.405177 -0.463191 -0.152824 -0.047755 0.157103 -4.697043 1.009311 -2.492965 8.712 0.231813 2.341396 -0.407794 -0.59795 0.063687 -3.639581 0.137534 -0.833984 -7.881502 7.7e-05 -2.2e-05 6e-06 -0.015563 -0.162559 -0.056284 0.69756 -3.869264 -10.697351 -0.733526 3.546571 -10.702003 -22.023436 -4.415636 16.029955 -52.176548 -11.874843 6.437724 -0.153947 -23.284687 -0.153707 12.801217 -4.257123 8.936522 -5.882108 9.861288 0.70259 -10.936879 -0.360577 7.156207 2e-06 8.774829 1e-06 -15.945147 17.891527 5.843167 -1.844034 2.498504 -2.507278 -10.163607 4.678945 4.62111 -20.976038 -7e-06 3e-06 -21.226299 2.451694 -3.594 1e-06 -6e-06 0.0 -1.362683 2.240799 -0.746323 -21.334929 0.584907 3.008323 -13.821223 -6e-06 2e-06 -23.887188 -0.249085 -0.839481 -60.057419 2.221022 -1.488673 -0.294024 1.679688 0.833256 -14.218217 0.093212 1.30058 -34.212074 -0.28757 0.967171 -20.033222 0.964536 1.212847 0.0 2e-06 -1e-06 -3.440391 0.788234 0.501655 -15.928198 -3.167313 2.999707 -6.33883 -3e-06 -1e-06 -18.123459 3.648181 -4.905672 -4e-06 -0.0 -1e-06 18.886715 10.331464 15.510252 54.587414 10.168276 19.140459 0.651738 26.299274 0.081221 -5.972981 2.568186 7.808457 2.243541 -5.255035 -3.180155 14.282887 -0.826593 6.952504 -4e-06 -12.690601 -0.0 16.679722 -17.544077 1.981536 1.665667 -1.955921 -2.878297 4.727797 -4.170585 4.993924 11.020524 4e-06 0.0 12.109049 -3.735714 -2.866783 -0.0 -0.0 -0.0 1.291984 -1.928548 -1.498089 14.800125 0.567469 3.865608 14.242568 -1.341735 -6.660656 19.631966 0.143927 -0.648244 50.199505 -0.351777 -6.961771 0.353029 -1.51115 -0.03194 20.222788 3.684312 2.316629 18.78727 8e-06 -0.0 10.751625 -0.479869 1.397907 1e-06 1e-06 0.0 3.273806 0.305948 -0.580109 21.486813 11.830374 2.266135 8.162925 2e-06 0.0 18.399076 -3.798983 -4.940571 3e-06 -0.0 -1e-06 21.830017 -3.647398 -11.497329 -0.209097 -0.782072 124.422951 6.347271 -17.249441 -46.047283 2.166104 -1.275174 -36.075447 -0.0 0.0 3e-06 -14.844722 -8.885497 -2.244435 0.745018 0.92843 116.422897 -1.950904 16.751989 -40.333611 -1.564337 0.665156 -26.534637 0.0 0.0 -1e-06 
0.0 0.0 0.0 0.0 -0.0 0.0 -4.175717 48.876293 56.427681 -2.690001 1.22499 2.45928 1.318185 -0.493186 -0.111638 0.002263 0.262908 -4.678752 1.022984 -2.52121 8.657705 -0.022064 2.508845 -0.115826 -0.58727 -0.000939 -3.692179 0.259463 -0.884484 -7.80312 7.7e-05 -2.2e-05 6e-06 -0.015054 -0.158255 -0.05523 0.696511 -3.873701 -10.695982 -0.730536 3.560532 -10.715214 -22.17078 -4.070549 16.043972 -52.150181 -12.17933 6.806604 -0.067759 -23.094427 -0.153356 13.418791 -4.381785 8.166687 -5.88211 9.861292 0.702589 -10.93688 -0.360576 7.15621 1e-06 8.77483 -1e-06 -15.88867 18.029697 5.847609 -1.844035 2.498507 -2.507279 -10.163608 4.678946 4.621109 -20.976042 -6e-06 1e-06 -21.226301 2.451695 -3.594001 1e-06 -6e-06 -1e-06 -1.362683 2.240798 -0.746323 -21.33493 0.584908 3.008323 -13.821225 -4e-06 2e-06 -23.887188 -0.249082 -0.839484 -59.667149 2.330417 -1.69928 -0.294026 1.679688 0.833258 -14.218222 0.093213 1.300578 -34.212082 -0.287569 0.967171 -20.033232 0.964534 1.212845 -1e-06 2e-06 -1e-06 -3.44039 0.788233 0.501656 -15.928201 -3.167313 2.999706 -6.338832 -1e-06 -1e-06 -18.123465 3.648183 -4.905674 -4e-06 -0.0 -1e-06 18.876608 10.225935 15.527769 54.700481 10.120769 19.194645 0.552815 26.145718 0.074584 -6.301134 2.693969 6.924613 2.243541 -5.255038 -3.180157 14.282896 -0.826594 6.952507 -3e-06 -12.690609 1e-06 16.762482 -17.507324 1.967039 1.665666 -1.955922 -2.878299 4.727801 -4.170589 4.993928 11.020531 3e-06 -1e-06 12.109056 -3.735717 -2.866786 -1e-06 0.0 -0.0 1.291985 -1.928549 -1.498088 14.800134 0.56747 3.86561 14.242575 -1.341735 -6.660661 19.631973 0.143929 -0.648244 50.286808 -0.430827 -6.992677 0.35303 -1.511152 -0.03194 20.222799 3.684314 2.316632 18.787279 6e-06 -1e-06 10.751631 -0.479869 1.397907 2e-06 1e-06 -2e-06 3.273808 0.305948 -0.58011 21.486822 11.830381 2.266134 8.16293 2e-06 -0.0 18.399088 -3.798985 -4.940577 2e-06 0.0 -0.0 21.63463 -3.42669 -11.328416 -0.193716 -0.822684 124.199631 6.321455 -16.453522 -45.082695 2.126437 -1.299295 -36.843849 0.0 -0.0 3e-06 -14.965377 -8.813572 -2.015203 0.749098 0.909248 116.125114 -1.196387 16.967272 -39.198669 -1.6447 0.722467 -27.346165 0.0 -0.0 -1e-06 
0.0 0.0 0.0 0.0 -0.0 0.0 -4.07678 48.91568 56.534523 -2.630109 1.42616 2.442244 1.246318 -0.518829 -0.130395 0.032288 0.312667 -4.663145 1.057122 -2.552247 8.589388 -0.230173 2.640081 0.137294 -0.560595 -0.063088 -3.726183 0.290544 -1.00735 -7.805676 7.7e-05 -2.2e-05 6e-06 -0.012022 -0.11744 -0.052649 0.695689 -3.84204 -10.708135 -0.723171 3.611668 -10.743016 -22.210575 -3.849967 16.035486 -52.110531 -12.500131 7.296052 0.074253 -22.873804 -0.19551 13.833157 -4.349479 7.110472 -5.882112 9.861292 0.702594 -10.936878 -0.360572 7.15621 0.0 8.774831 1e-06 -15.856465 18.179586 5.874284 -1.844035 2.498507 -2.50728 -10.163609 4.678951 4.621113 -20.97604 -2e-06 1e-06 -21.226303 2.4517 -3.594003 1e-06 -6e-06 -1e-06 -1.362682 2.240799 -0.746323 -21.33493 0.584913 3.008326 -13.821225 -2e-06 0.0 -23.887192 -0.249078 -0.839484 -59.441853 2.405852 -1.881757 -0.294025 1.679689 0.833257 -14.218221 0.093218 1.300582 -34.212074 -0.28756 0.967167 -20.033228 0.96454 1.212843 1e-06 2e-06 -1e-06 -3.440391 0.788234 0.501657 -15.9282 -3.167309 2.999709 -6.338831 0.0 1e-06 -18.123459 3.648186 -4.905675 -4e-06 -0.0 -1e-06 18.858797 10.08329 15.530322 54.837536 10.094106 18.834517 0.591057 25.982853 0.100752 -6.688652 2.771264 6.300083 2.243543 -5.255039 -3.180159 14.282896 -0.826595 6.952504 -3e-06 -12.690609 0.0 16.778534 -17.454149 1.98212 1.665667 -1.955921 -2.878297 4.727799 -4.170588 4.993924 11.020531 3e-06 -2e-06 12.109058 -3.735717 -2.866784 -0.0 0.0 1e-06 1.291986 -1.92855 -1.498092 14.800132 0.567469 3.865608 14.242578 -1.341736 -6.660659 19.631973 0.143927 -0.648245 50.336739 -0.482341 -6.957226 0.35303 -1.511151 -0.03194 20.222801 3.684313 2.316628 18.787285 6e-06 -2e-06 10.751633 -0.479868 1.397905 2e-06 2e-06 -2e-06 3.273808 0.305949 -0.580111 21.486824 11.830381 2.266133 8.16293 3e-06 -2e-06 18.399088 -3.798985 -4.940577 2e-06 -1e-06 -2e-06 21.595722 -3.36219 -11.311402 -0.200875 -0.84777 124.112007 6.157412 -16.009119 -43.951458 2.103786 -1.299795 -37.72234 -0.0 -0.0 3e-06 -15.050493 -8.833175 -1.815206 0.756241 0.905333 115.896767 -0.3844 17.077747 -37.946964 -1.702103 0.753431 -28.62565 -0.0 0.0 -1e-06 
0.0 0.0 0.0 0.0 -0.0 0.0 -3.975166 48.924019 56.648548 -2.597416 1.623982 2.456593 1.19672 -0.542349 -0.164223 0.045304 0.353549 -4.657593 1.129084 -2.587143 8.512252 -0.43039 2.763829 0.426336 -0.535792 -0.131928 -3.740728 0.349172 -1.167174 -7.872896 7.7e-05 -2.2e-05 6e-06 -0.009547 -0.076336 -0.046392 0.695021 -3.804966 -10.714315 -0.717377 3.657779 -10.759667 -22.263309 -3.670977 15.959374 -51.972443 -12.752582 7.863204 0.171644 -22.66675 -0.233652 14.132406 -4.193844 5.958425 -5.88211 9.861292 0.702593 -10.936877 -0.360572 7.156206 -1e-06 8.774831 1e-06 -15.831108 18.293943 5.887313 -1.844034 2.498506 -2.507278 -10.163606 4.678951 4.621111 -20.976038 -0.0 0.0 -21.226301 2.451702 -3.594004 0.0 -6e-06 -1e-06 -1.362682 2.240799 -0.746325 -21.334925 0.584914 3.008322 -13.821221 -0.0 0.0 -23.887184 -0.249076 -0.839487 -59.309135 2.461068 -2.041449 -0.294026 1.679688 0.833256 -14.218218 0.093216 1.300581 -34.212074 -0.287559 0.967167 -20.03323 0.964539 1.212842 1e-06 2e-06 -0.0 -3.440391 0.788233 0.501657 -15.928194 -3.167308 2.999706 -6.338829 0.0 -0.0 -18.123459 3.648186 -4.905674 -5e-06 -0.0 -2e-06 18.884106 9.959088 15.554059 54.906086 10.10387 18.394934 0.65508 25.774267 0.140166 -7.074947 2.804874 5.670926 2.243542 -5.255037 -3.180157 14.282894 -0.826596 6.952504 -2e-06 -12.690607 0.0 16.764471 -17.395376 2.002271 1.665667 -1.955922 -2.878299 4.7278 -4.170588 4.993925 11.020529 2e-06 -1e-06 12.109055 -3.735717 -2.866786 0.0 0.0 2e-06 1.291986 -1.92855 -1.49809 14.800129 0.567468 3.865605 14.242573 -1.341736 -6.660659 19.631969 0.143926 -0.648244 50.373726 -0.511972 -6.916803 0.35303 -1.511151 -0.031939 20.222792 3.68431 2.316629 18.787275 4e-06 -1e-06 10.751632 -0.479868 1.397905 1e-06 1e-06 -1e-06 3.273806 0.305948 -0.580113 21.486816 11.830377 2.266135 8.162928 2e-06 -1e-06 18.399086 -3.798986 -4.940578 3e-06 0.0 -2e-06 21.57119 -3.276786 -11.276558 -0.221327 -0.874565 124.04818 5.983798 -15.654724 -42.821564 2.102686 -1.291989 -38.591778 0.0 -0.0 3e-06 -15.093637 -8.837948 -1.626089 0.757901 0.902403 115.686577 0.411587 17.039188 -36.730019 -1.739029 0.76355 -30.094183 -0.0 0.0 -1e-06 
