HIERARCHY
ROOT Root
{
  OFFSET 0.0 0.0 0.0
  CHANNELS 6 Xposition Yposition Zposition Zrotation Yrotation Xrotation
  JOINT Hips
  {
    OFFSET 0.0 100.0 0.0
    CHANNELS 6 Xposition Yposition Zposition Zrotation Yrotation Xrotation
    JOINT Spine1
    {
      OFFSET -0.013727 5.003763 -0.053727
      CHANNELS 3 Zrotation Yrotation Xrotation
      JOINT Spine2
      {
        OFFSET -0.0 7.125301 -0.029825
        CHANNELS 3 Zrotation Yrotation Xrotation
        JOINT Chest
        {
          OFFSET -1e-06 7.550063 -0.815971
          CHANNELS 3 Zrotation Yrotation Xrotation
          JOINT Neck1
          {
            OFFSET -0.181677 26.311295 -0.553348
            CHANNELS 3 Zrotation Yrotation Xrotation
            JOINT Neck2
            {
              OFFSET -3e-06 7.709397 2.302585
              CHANNELS 3 Zrotation Yrotation Xrotation
              JOINT Head
              {
                OFFSET -5e-06 6.128916 1.953709
                CHANNELS 3 Zrotation Yrotation Xrotation
                JOINT HeadEnd
                {
                  OFFSET 0.003598 16.065403 -1.835379
                  CHANNELS 3 Zrotation Yrotation Xrotation
                }
                JOINT Jaw
                {
                  OFFSET 0.002637 0.475592 3.094941
                  CHANNELS 3 Zrotation Yrotation Xrotation
                }
                JOINT LeftEye
                {
                  OFFSET 3.206381 5.380205 7.586883
                  CHANNELS 3 Zrotation Yrotation Xrotation
                }
                JOINT RightEye
                {
                  OFFSET -3.22244 5.361869 7.558234
                  CHANNELS 3 Zrotation Yrotation Xrotation
                }
              }
            }
          }
          JOINT LeftShoulder
          {
            OFFSET 1.621652 23.237164 5.113413
            CHANNELS 3 Zrotation Yrotation Xrotation
            JOINT LeftArm
            {
              OFFSET 14.919846 2e-06 -5.502326
              CHANNELS 3 Zrotation Yrotation Xrotation
              JOINT LeftForeArm
              {
                OFFSET 28.739307 0.0 -0.002588
                CHANNELS 3 Zrotation Yrotation Xrotation
                JOINT LeftHand
                {
                  OFFSET 27.093981 -1e-06 0.002609
                  CHANNELS 3 Zrotation Yrotation Xrotation
                  JOINT LeftHandThumb1
                  {
                    OFFSET 2.276482 -1.392045 3.191413
                    CHANNELS 3 Zrotation Yrotation Xrotation
                    JOINT LeftHandThumb2
                    {
                      OFFSET 4.012836 -1.828127 1.641654
                      CHANNELS 3 Zrotation Yrotation Xrotation
                      JOINT LeftHandThumb3
                      {
                        OFFSET 2.798515 0.0 -3e-06
                        CHANNELS 3 Zrotation Yrotation Xrotation
                        JOINT LeftHandThumbEnd
                        {
                          OFFSET 3.180793 -4e-06 4e-06
                          CHANNELS 3 Zrotation Yrotation Xrotation
                        }
                      }
                    }
                  }
                  JOINT LeftHandIndex1
                  {
                    OFFSET 3.247555 -0.531998 2.296169
                    CHANNELS 3 Zrotation Yrotation Xrotation
                    JOINT LeftHandIndex2
                    {
                      OFFSET 6.364578 0.01206 0.1786
                      CHANNELS 3 Zrotation Yrotation Xrotation
                      JOINT LeftHandIndex3
                      {
                        OFFSET 3.662364 0.0 0.0
                        CHANNELS 3 Zrotation Yrotation Xrotation
                        JOINT LeftHandIndex4
                        {
                          OFFSET 2.329242 4e-06 4e-06
                          CHANNELS 3 Zrotation Yrotation Xrotation
                          JOINT LeftHandIndexEnd
                          {
                            OFFSET 2.759615 -0.180537 -0.113024
                            CHANNELS 3 Zrotation Yrotation Xrotation
                          }
                        }
                      }
                    }
                  }
                  JOINT LeftHandMiddle1
                  {
                    OFFSET 3.163495 0.240981 1.000332
                    CHANNELS 3 Zrotation Yrotation Xrotation
                    JOINT LeftHandMiddle2
                    {
                      OFFSET 6.19078 -0.259278 -1.002548
                      CHANNELS 3 Zrotation Yrotation Xrotation
                      JOINT LeftHandMiddle3
                      {
                        OFFSET 4.35652 -4e-06 -1e-06
                        CHANNELS 3 Zrotation Yrotation Xrotation
                        JOINT LeftHandMiddle4
                        {
                          OFFSET 2.996877 -8e-06 0.0
                          CHANNELS 3 Zrotation Yrotation Xrotation
                          JOINT LeftHandMiddleEnd
                          {
                            OFFSET 2.304287 -0.294569 -0.031741
                            CHANNELS 3 Zrotation Yrotation Xrotation
                          }
                        }
                      }
                    }
                  }
                  JOINT LeftHandRing1
                  {
                    OFFSET 2.882643 -0.053652 -0.322543
                    CHANNELS 3 Zrotation Yrotation Xrotation
                    JOINT LeftHandRing2
                    {
                      OFFSET 5.854541 -0.486202 -1.373841
                      CHANNELS 3 Zrotation Yrotation Xrotation
                      JOINT LeftHandRing3
                      {
                        OFFSET 4.350578 0.0 3e-06
                        CHANNELS 3 Zrotation Yrotation Xrotation
                        JOINT LeftHandRing4
                        {
                          OFFSET 2.651321 7e-06 2e-06
                          CHANNELS 3 Zrotation Yrotation Xrotation
                          JOINT LeftHandRingEnd
                          {
                            OFFSET 1.936105 0.077687 -7.1e-05
                            CHANNELS 3 Zrotation Yrotation Xrotation
                          }
                        }
                      }
                    }
                  }
                  JOINT LeftHandPinky1
                  {
                    OFFSET 2.8655 -0.310005 -1.600378
                    CHANNELS 3 Zrotation Yrotation Xrotation
                    JOINT LeftHandPinky2
                    {
                      OFFSET 5.087849 -1.331141 -1.77123
                      CHANNELS 3 Zrotation Yrotation Xrotation
                      JOINT LeftHandPinky3
                      {
                        OFFSET 3.070974 4e-06 0.0
                        CHANNELS 3 Zrotation Yrotation Xrotation
                        JOINT LeftHandPinky4
                        {
                          OFFSET 1.549672 0.0 1e-06
                          CHANNELS 3 Zrotation Yrotation Xrotation
                          JOINT LeftHandPinkyEnd
                          {
                            OFFSET 1.944893 -0.157802 0.057219
                            CHANNELS 3 Zrotation Yrotation Xrotation
                          }
                        }
                      }
                    }
                  }
                }
              }
            }
          }
          JOINT RightShoulder
          {
            OFFSET -1.380118 23.180309 5.214158
            CHANNELS 3 Zrotation Yrotation Xrotation
            JOINT RightArm
            {
              OFFSET -15.037196 1.2e-05 -5.545604
              CHANNELS 3 Zrotation Yrotation Xrotation
              JOINT RightForeArm
              {
                OFFSET -28.736639 2e-06 -0.002597
                CHANNELS 3 Zrotation Yrotation Xrotation
                JOINT RightHand
                {
                  OFFSET -27.133619 -0.0 0.002613
                  CHANNELS 3 Zrotation Yrotation Xrotation
                  JOINT RightHandThumb1
                  {
                    OFFSET -2.274032 -1.383988 3.163127
                    CHANNELS 3 Zrotation Yrotation Xrotation
                    JOINT RightHandThumb2
                    {
                      OFFSET -4.011429 -1.827466 1.640914
                      CHANNELS 3 Zrotation Yrotation Xrotation
                      JOINT RightHandThumb3
                      {
                        OFFSET -2.794935 -4e-06 -3e-06
                        CHANNELS 3 Zrotation Yrotation Xrotation
                        JOINT RightHandThumbEnd
                        {
                          OFFSET -3.183852 4e-06 1e-06
                          CHANNELS 3 Zrotation Yrotation Xrotation
                        }
                      }
                    }
                  }
                  JOINT RightHandIndex1
                  {
                    OFFSET -3.253266 -0.520057 2.282866
                    CHANNELS 3 Zrotation Yrotation Xrotation
                    JOINT RightHandIndex2
                    {
                      OFFSET -6.341917 0.012471 0.178266
                      CHANNELS 3 Zrotation Yrotation Xrotation
                      JOINT RightHandIndex3
                      {
                        OFFSET -3.654871 -8e-06 -0.0
                        CHANNELS 3 Zrotation Yrotation Xrotation
                        JOINT RightHandIndex4
                        {
                          OFFSET -2.327586 0.0 1e-06
                          CHANNELS 3 Zrotation Yrotation Xrotation
                          JOINT RightHandIndexEnd
                          {
                            OFFSET -2.76179 -0.180656 -0.113078
                            CHANNELS 3 Zrotation Yrotation Xrotation
                          }
                        }
                      }
                    }
                  }
                  JOINT RightHandMiddle1
                  {
                    OFFSET -3.168106 0.246593 1.00103
                    CHANNELS 3 Zrotation Yrotation Xrotation
                    JOINT RightHandMiddle2
                    {
                      OFFSET -6.180828 -0.258836 -1.000895
                      CHANNELS 3 Zrotation Yrotation Xrotation
                      JOINT RightHandMiddle3
                      {
                        OFFSET -4.348901 0.0 -0.0
                        CHANNELS 3 Zrotation Yrotation Xrotation
                        JOINT RightHandMiddle4
                        {
                          OFFSET -3.00024 -4e-06 -2e-06
                          CHANNELS 3 Zrotation Yrotation Xrotation
                          JOINT RightHandMiddleEnd
                          {
                            OFFSET -2.30252 -0.29437 -0.031706
                            CHANNELS 3 Zrotation Yrotation Xrotation
                          }
                        }
                      }
                    }
                  }
                  JOINT RightHandRing1
                  {
                    OFFSET -2.88569 -0.067952 -0.308858
                    CHANNELS 3 Zrotation Yrotation Xrotation
                    JOINT RightHandRing2
                    {
                      OFFSET -5.854198 -0.48613 -1.373731
                      CHANNELS 3 Zrotation Yrotation Xrotation
                      JOINT RightHandRing3
                      {
                        OFFSET -4.33881 -4e-06 -0.0
                        CHANNELS 3 Zrotation Yrotation Xrotation
                        JOINT RightHandRing4
                        {
                          OFFSET -2.654903 -4e-06 4e-06
                          CHANNELS 3 Zrotation Yrotation Xrotation
                          JOINT RightHandRingEnd
                          {
                            OFFSET -1.933568 0.077527 -5.2e-05
                            CHANNELS 3 Zrotation Yrotation Xrotation
                          }
                        }
                      }
                    }
                  }
                  JOINT RightHandPinky1
                  {
                    OFFSET -2.866425 -0.342796 -1.584145
                    CHANNELS 3 Zrotation Yrotation Xrotation
                    JOINT RightHandPinky2
                    {
                      OFFSET -5.091371 -1.332055 -1.772385
                      CHANNELS 3 Zrotation Yrotation Xrotation
                      JOINT RightHandPinky3
                      {
                        OFFSET -3.062664 -4e-06 1e-06
                        CHANNELS 3 Zrotation Yrotation Xrotation
                        JOINT RightHandPinky4
                        {
                          OFFSET -1.546529 4e-06 -2e-06
                          CHANNELS 3 Zrotation Yrotation Xrotation
                          JOINT RightHandPinkyEnd
                          {
                            OFFSET -1.945119 -0.157718 0.057211
                            CHANNELS 3 Zrotation Yrotation Xrotation
                          }
                        }
                      }
                    }
                  }
                }
              }
            }
          }
        }
      }
    }
    JOINT LeftLeg
    {
      OFFSET 10.043214 -8.434526 2.595655
      CHANNELS 3 Zrotation Yrotation Xrotation
      JOINT LeftShin
      {
        OFFSET -1e-06 -43.221752 -0.802913
        CHANNELS 3 Zrotation Yrotation Xrotation
        JOINT LeftFoot
        {
          OFFSET 1e-06 -42.155094 -3.481523
          CHANNELS 3 Zrotation Yrotation Xrotation
          JOINT LeftToeBase
          {
            OFFSET 0.0 -5.059472 13.231529
            CHANNELS 3 Zrotation Yrotation Xrotation
            JOINT LeftToeEnd
            {
              OFFSET -0.009607 -1.647619 6.513017
              CHANNELS 3 Zrotation Yrotation Xrotation
            }
          }
        }
      }
    }
    JOINT RightLeg
    {
      OFFSET -10.047278 -8.29526 2.620317
      CHANNELS 3 Zrotation Yrotation Xrotation
      JOINT RightShin
      {
        OFFSET 1e-06 -43.362206 -0.805556
        CHANNELS 3 Zrotation Yrotation Xrotation
        JOINT RightFoot
        {
          OFFSET 2e-06 -42.117393 -3.478398
          CHANNELS 3 Zrotation Yrotation Xrotation
          JOINT RightToeBase
          {
            OFFSET -0.0 -5.079609 13.284196
            CHANNELS 3 Zrotation Yrotation Xrotation
            JOINT RightToeEnd
            {
              OFFSET 0.009532 -1.634378 6.460591
              CHANNELS 3 Zrotation Yrotation Xrotation
            }
          }
        }
      }
    }
  }
}
MOTION
Frames: 253
Frame Time: 0.03333333333333333
0.0 0.0 0.0 0.0 -0.0 0.0 -1.250021 100.111153 0.301534 0.622296 -2.829371 4.808685 -0.749635 0.331369 -3.815366 -0.506848 0.167492 -5.720667 -1.067102 -1.88152 8.215345 1.814631 1.638695 -8.968516 -0.663408 -0.129791 -3.730765 2.281374 -4.404119 -3.990726 7.7e-05 -2.2e-05 6e-06 0.00944 0.092613 -0.013486 0.747607 -3.589535 -10.613085 -0.735095 3.76982 -10.568693 -6.18664 -11.535375 3.586626 -17.966812 -68.383652 -31.337574 0.11468 -61.304512 0.717884 41.908913 -13.922276 1.200287 -5.882106 9.861284 0.70259 -10.936874 -0.360575 7.156206 2e-06 8.774828 -1e-06 -16.043678 17.854933 5.517087 -1.844032 2.498504 -2.507279 -10.163602 4.678946 4.621109 -20.976027 -6e-06 4e-06 -21.226286 2.451696 -3.593998 1e-06 -6e-06 -2e-06 -1.362682 2.240799 -0.746324 -21.334917 0.584908 3.008324 -13.821216 -4e-06 4e-06 -23.887173 -0.249079 -0.83948 -59.100952 2.428771 -1.176371 -0.294025 1.679687 0.833256 -14.21821 0.093214 1.300581 -34.212051 -0.287566 0.967174 -20.033215 0.964534 1.212845 -1e-06 -1e-06 1e-06 -3.440389 0.788233 0.501656 -15.928189 -3.16731 2.999707 -6.338828 -1e-06 1e-06 -18.123447 3.648182 -4.90567 -3e-06 1e-06 -3e-06 -4.979555 16.04027 -0.846764 -13.115346 54.63097 -64.561432 -2.192884 51.762791 -1.295621 -9.846162 25.125044 16.986343 2.243541 -5.255037 -3.180159 14.282892 -0.826592 6.952504 -4e-06 -12.690605 1e-06 16.297695 -16.533768 2.034312 1.665668 -1.955921 -2.878301 4.727798 -4.170586 4.993926 11.020526 4e-06 -1e-06 12.109052 -3.735715 -2.866783 0.0 1e-06 1e-06 1.291986 -1.928549 -1.49809 14.800129 0.56747 3.865607 14.242573 -1.341732 -6.660658 19.631969 0.14393 -0.648243 48.728111 -1.210615 -6.526867 0.353028 -1.51115 -0.03194 20.222794 3.684313 2.316629 18.787271 7e-06 2e-06 10.751629 -0.479868 1.397907 0.0 1e-06 -0.0 3.273807 0.305947 -0.580111 21.486818 11.830376 2.266134 8.162928 1e-06 1e-06 18.39908 -3.79898 -4.940573 3e-06 -2e-06 -1e-06 3.009328 24.864519 -3.770784 -0.014297 -0.147277 5.495264 -7.214316 5.539449 -5.09918 1.664014 -1.976199 0.947341 0.0 -0.0 2e-06 -7.323291 -18.053579 -7.530993 0.076572 0.154339 6.505286 8.857675 -0.295963 -1.809981 -1.416763 0.934174 0.931107 -0.0 0.0 -1e-06 
0.0 0.0 0.0 0.0 -0.0 0.0 -1.220621 100.110283 0.381984 0.610574 -2.934667 4.869843 -0.813707 0.320005 -3.807502 -0.509468 0.174209 -5.724311 -1.174599 -1.887661 8.228347 1.767989 1.611624 -8.936855 -0.651794 -0.116646 -3.733078 2.339504 -4.406405 -4.020586 7.7e-05 -2.2e-05 6e-06 0.011311 0.096671 -0.01425 0.753326 -3.586445 -10.614582 -0.737051 3.774866 -10.572075 -6.137492 -11.53086 3.634176 -17.741505 -68.514061 -31.444012 0.292262 -61.296654 0.675004 41.746674 -13.78138 1.185296 -5.882104 9.861283 0.702589 -10.936868 -0.360577 7.156203 -0.0 8.774823 -2e-06 -16.029173 17.879145 5.53947 -1.844032 2.498503 -2.507276 -10.163598 4.678942 4.621109 -20.976021 -3e-06 3e-06 -21.226282 2.451695 -3.593999 1e-06 -5e-06 -2e-06 -1.362682 2.240797 -0.746323 -21.334906 0.584908 3.008323 -13.821213 -4e-06 2e-06 -23.887167 -0.24908 -0.839481 -59.101593 2.440161 -1.177594 -0.294025 1.679687 0.833256 -14.218205 0.093214 1.300582 -34.212048 -0.287562 0.96717 -20.033211 0.964534 1.212843 -1e-06 -1e-06 1e-06 -3.440388 0.788233 0.501656 -15.928183 -3.167309 2.999707 -6.338826 -1e-06 1e-06 -18.123444 3.648183 -4.905669 -3e-06 1e-06 -3e-06 -5.111154 15.990379 -0.865853 -13.111984 54.524723 -64.95755 -2.083508 51.786694 -1.274526 -9.974481 25.153358 17.010456 2.243539 -5.255035 -3.180157 14.282885 -0.826591 6.952501 0.0 -12.6906 -2e-06 16.322329 -16.516636 1.978527 1.665665 -1.95592 -2.878297 4.727796 -4.170587 4.99392 11.020519 3e-06 0.0 12.109043 -3.735714 -2.866781 0.0 0.0 1e-06 1.291984 -1.928549 -1.498086 14.800122 0.567468 3.865609 14.242566 -1.341738 -6.660654 19.631958 0.143925 -0.648242 48.740841 -1.19804 -6.534456 0.35303 -1.511149 -0.031941 20.222778 3.684311 2.316631 18.787266 3e-06 2e-06 10.751621 -0.47987 1.397907 -0.0 1e-06 -1e-06 3.273804 0.305947 -0.580109 21.486803 11.830368 2.266137 8.162923 1e-06 2e-06 18.399071 -3.798987 -4.94057 3e-06 -1e-06 -1e-06 2.984685 24.824514 -3.735473 -0.008429 -0.144402 5.430308 -7.186019 5.666436 -5.145714 1.665332 -1.973827 0.978133 -0.0 -0.0 2e-06 -7.324805 -18.055273 -7.520037 0.073591 0.144279 6.397546 8.90365 -0.243706 -1.771024 -1.414989 0.920771 0.963572 -0.0 0.0 -1e-06 
0.0 0.0 0.0 0.0 -0.0 0.0 -1.19283 100.106049 0.467641 0.589702 -3.056827 4.932276 -0.872906 0.302178 -3.795641 -0.51114 0.167135 -5.735915 -1.283859 -1.891638 8.252386 1.732432 1.586889 -8.911548 -0.638422 -0.08924 -3.732213 2.411185 -4.382587 -4.063472 7.7e-05 -2.2e-05 6e-06 0.012396 0.097517 -0.013295 0.75759 -3.585889 -10.613077 -0.73901 3.775614 -10.575708 -6.052225 -11.508003 3.649832 -17.676609 -68.606529 -31.489464 0.319685 -61.375622 0.782713 41.574856 -13.609199 1.11742 -5.882106 9.861287 0.702591 -10.936877 -0.360576 7.156211 2e-06 8.774824 -2e-06 -15.999771 17.910097 5.581375 -1.844033 2.498505 -2.507278 -10.163603 4.678941 4.621111 -20.97603 -4e-06 8e-06 -21.226292 2.451696 -3.593997 0.0 -7e-06 -2e-06 -1.362681 2.240797 -0.746323 -21.334925 0.584906 3.008329 -13.821221 -5e-06 6e-06 -23.887182 -0.249077 -0.839476 -59.085979 2.464541 -1.157007 -0.294025 1.679687 0.833255 -14.218215 0.093212 1.300583 -34.212067 -0.287566 0.967181 -20.033224 0.964538 1.21285 -1e-06 -1e-06 1e-06 -3.440389 0.788232 0.501656 -15.928192 -3.167312 2.999711 -6.338829 -1e-06 3e-06 -18.123451 3.648182 -4.905667 -3e-06 2e-06 -3e-06 -5.215745 15.903154 -0.840172 -13.234816 54.492928 -65.599777 -1.877856 51.800735 -1.19572 -10.131097 25.168697 17.046541 2.24354 -5.255039 -3.180158 14.282903 -0.82659 6.952511 -6e-06 -12.690612 -1e-06 16.33922 -16.495749 1.916634 1.665665 -1.955922 -2.878299 4.727802 -4.170588 4.993927 11.020534 9e-06 2e-06 12.109055 -3.735713 -2.866781 1e-06 0.0 -0.0 1.291986 -1.92855 -1.49809 14.800138 0.567476 3.865613 14.242579 -1.341732 -6.660657 19.631979 0.143933 -0.648236 48.695404 -1.188037 -6.52768 0.353027 -1.511152 -0.03194 20.222803 3.68432 2.316638 18.787285 7e-06 7e-06 10.751636 -0.479867 1.397912 0.0 1e-06 -0.0 3.273808 0.305949 -0.58011 21.486834 11.83039 2.266144 8.162931 4e-06 3e-06 18.399092 -3.798986 -4.940569 3e-06 -1e-06 -1e-06 2.97148 24.77001 -3.729455 -0.002829 -0.137942 5.434124 -7.159478 5.812245 -5.231979 1.665624 -1.967355 1.018349 0.0 1e-06 2e-06 -7.315205 -18.078943 -7.529815 0.072852 0.140282 6.327827 8.948469 -0.177921 -1.746222 -1.412548 0.909553 0.996577 -0.0 0.0 -1e-06 
0.0 0.0 0.0 0.0 -0.0 0.0 -1.163275 100.103149 0.56009 0.559643 -3.207609 4.991722 -0.923766 0.280579 -3.772354 -0.518046 0.149758 -5.745793 -1.390246 -1.892799 8.268796 1.719985 1.578896 -8.859708 -0.629905 -0.047042 -3.727885 2.483019 -4.33446 -4.076442 7.7e-05 -2.2e-05 6e-06 0.012424 0.092923 -0.014269 0.760311 -3.591363 -10.614799 -0.741455 3.771397 -10.582837 -5.917484 -11.458088 3.638607 -17.740458 -68.670685 -31.54986 0.190265 -61.545483 0.94715 41.394573 -13.449344 1.026237 -5.88211 9.861295 0.70259 -10.936875 -0.360574 7.156208 -0.0 8.77483 -1e-06 -15.958297 17.932417 5.618336 -1.844033 2.498506 -2.507279 -10.163604 4.678948 4.621111 -20.976034 -1e-06 4e-06 -21.226297 2.451703 -3.594003 -1e-06 -7e-06 -1e-06 -1.362682 2.2408 -0.746323 -21.334925 0.584911 3.008326 -13.82122 -2e-06 2e-06 -23.88718 -0.249076 -0.839483 -59.068077 2.480531 -1.142855 -0.294024 1.679688 0.833257 -14.218214 0.093216 1.300582 -34.212063 -0.287558 0.967171 -20.033222 0.96454 1.212844 -1e-06 -0.0 0.0 -3.44039 0.788234 0.501655 -15.928194 -3.16731 2.999708 -6.338829 1e-06 2e-06 -18.123457 3.648188 -4.905674 -4e-06 -0.0 -3e-06 -5.303171 15.802604 -0.799689 -13.43319 54.514713 -66.277313 -1.730384 51.817528 -1.168019 -10.272638 25.182665 17.094286 2.24354 -5.255036 -3.180161 14.282889 -0.826594 6.952504 0.0 -12.690603 -1e-06 16.331049 -16.491554 1.881607 1.665665 -1.955922 -2.878299 4.727798 -4.170588 4.993925 11.020524 2e-06 -1e-06 12.109051 -3.735715 -2.866783 1e-06 0.0 1e-06 1.291986 -1.92855 -1.498091 14.800127 0.567467 3.865607 14.24257 -1.341737 -6.660658 19.631968 0.143925 -0.648246 48.656021 -1.18712 -6.51509 0.353029 -1.51115 -0.031941 20.222788 3.684308 2.31663 18.78727 4e-06 -1e-06 10.751627 -0.479869 1.397905 0.0 0.0 -1e-06 3.273808 0.305947 -0.580109 21.486809 11.83037 2.266132 8.162925 -0.0 1e-06 18.399078 -3.798984 -4.940575 3e-06 -2e-06 -1e-06 2.968956 24.726015 -3.697169 0.003586 -0.1306 5.41243 -7.127626 5.986169 -5.315267 1.666388 -1.95616 1.037885 -0.0 -0.0 2e-06 -7.299951 -18.106548 -7.510461 0.078215 0.139815 6.19988 8.98805 -0.096698 -1.691224 -1.4106 0.903345 1.032743 -0.0 0.0 -1e-06 
0.0 0.0 0.0 0.0 -0.0 0.0 -1.128342 100.10804 0.65384 0.525513 -3.395117 5.046083 -0.971526 0.261082 -3.743725 -0.528348 0.128592 -5.750314 -1.492874 -1.890474 8.270948 1.726316 1.579003 -8.769034 -0.619375 0.000967 -3.725412 2.56206 -4.250067 -4.022799 7.7e-05 -2.2e-05 6e-06 0.012047 0.087681 -0.014945 0.763072 -3.596594 -10.612934 -0.744773 3.765424 -10.583594 -5.73046 -11.405965 3.635005 -17.720051 -68.704391 -31.780762 -0.040774 -61.748264 1.151482 41.230133 -13.311544 0.974405 -5.882113 9.861295 0.70259 -10.936885 -0.360578 7.156215 1e-06 8.774831 -4e-06 -15.928862 17.94976 5.638434 -1.844033 2.498507 -2.507279 -10.163614 4.678948 4.621114 -20.976051 -4e-06 9e-06 -21.226311 2.451702 -3.594001 -1e-06 -5e-06 -1e-06 -1.362683 2.2408 -0.746324 -21.334942 0.584907 3.008332 -13.821235 -3e-06 6e-06 -23.887201 -0.249077 -0.839476 -59.049881 2.483432 -1.153736 -0.294025 1.679688 0.833256 -14.218227 0.093214 1.300585 -34.212093 -0.287563 0.967181 -20.033237 0.96454 1.21285 -1e-06 -1e-06 1e-06 -3.440393 0.788235 0.501657 -15.928206 -3.167316 2.999715 -6.338833 -2e-06 3e-06 -18.123466 3.648185 -4.905672 -3e-06 1e-06 -3e-06 -5.41449 15.670925 -0.758406 -13.650986 54.592564 -66.848289 -1.761072 51.849941 -1.266854 -10.406028 25.147913 17.048813 2.243542 -5.255038 -3.18016 14.282897 -0.826591 6.952508 -3e-06 -12.69061 -2e-06 16.313854 -16.499023 1.886397 1.665666 -1.955922 -2.878299 4.727801 -4.170588 4.993925 11.020529 5e-06 -0.0 12.109056 -3.735714 -2.866785 1e-06 0.0 0.0 1.291986 -1.928549 -1.49809 14.800134 0.567473 3.865609 14.242576 -1.341737 -6.660658 19.631973 0.143928 -0.648242 48.639896 -1.187566 -6.49842 0.353027 -1.511151 -0.031941 20.222799 3.684315 2.316636 18.787279 8e-06 4e-06 10.751631 -0.479867 1.397909 0.0 0.0 -1e-06 3.273807 0.305948 -0.580109 21.48683 11.830384 2.266141 8.16293 2e-06 1e-06 18.399088 -3.798983 -4.940573 3e-06 -1e-06 -1e-06 2.970515 24.738132 -3.574343 0.00818 -0.124195 5.23873 -7.082898 6.164542 -5.329294 1.666288 -1.940293 1.05103 0.0 -0.0 2e-06 -7.282474 -18.130255 -7.411052 0.083068 0.141947 5.900711 9.035967 -0.027201 -1.550306 -1.408959 0.905749 1.057793 -0.0 0.0 -1e-06 
0.0 0.0 0.0 0.0 -0.0 0.0 -1.090193 100.11499 0.754971 0.479152 -3.607097 5.09612 -1.011485 0.245607 -3.722209 -0.541191 0.108623 -5.753728 -1.585612 -1.886981 8.273524 1.746804 1.569305 -8.635517 -0.601109 0.060873 -3.723362 2.63389 -4.141019 -3.929773 7.7e-05 -2.3e-05 6e-06 0.012366 0.085245 -0.012946 0.76419 -3.598735 -10.610102 -0.745075 3.762109 -10.580331 -5.493966 -11.341995 3.628384 -17.563667 -68.722961 -32.161877 -0.276343 -61.925781 1.39878 41.080032 -13.107805 0.949711 -5.882114 9.861299 0.702589 -10.936886 -0.360576 7.156216 1e-06 8.774835 -3e-06 -15.914138 17.967749 5.65086 -1.844035 2.498507 -2.507279 -10.163614 4.678949 4.621114 -20.976053 -3e-06 7e-06 -21.226315 2.4517 -3.594 -1e-06 -6e-06 -1e-06 -1.362683 2.240801 -0.746326 -21.334944 0.584909 3.00833 -13.821235 -2e-06 5e-06 -23.887203 -0.249075 -0.83948 -59.045258 2.475812 -1.177066 -0.294026 1.67969 0.833256 -14.218227 0.093214 1.300584 -34.212097 -0.287562 0.967178 -20.033241 0.964538 1.212848 -1e-06 -1e-06 1e-06 -3.440393 0.788233 0.501657 -15.928208 -3.167314 2.999717 -6.338834 -1e-06 1e-06 -18.12347 3.648188 -4.905675 -5e-06 1e-06 -2e-06 -5.537661 15.509019 -0.717568 -13.934772 54.682678 -67.296631 -1.91038 51.83279 -1.45447 -10.525984 25.044672 17.034966 2.243543 -5.255041 -3.180161 14.282902 -0.826595 6.952507 0.0 -12.690612 -3e-06 16.315826 -16.511278 1.901832 1.665668 -1.955924 -2.878301 4.727802 -4.17059 4.993926 11.020535 3e-06 -3e-06 12.109062 -3.73572 -2.866788 0.0 0.0 -0.0 1.291987 -1.928551 -1.498091 14.800142 0.567469 3.86561 14.242587 -1.341739 -6.660665 19.631985 0.143925 -0.648247 48.636997 -1.179139 -6.495682 0.353029 -1.511152 -0.031942 20.222805 3.684313 2.316631 18.787287 6e-06 -0.0 10.751636 -0.479869 1.397907 0.0 -0.0 -0.0 3.27381 0.305948 -0.580111 21.486832 11.830384 2.266135 8.162931 1e-06 0.0 18.399096 -3.798986 -4.94058 3e-06 -2e-06 -1e-06 2.987526 24.779585 -3.422592 0.01124 -0.120759 5.036384 -7.042834 6.354045 -5.335562 1.665524 -1.921774 1.073022 0.0 -0.0 2e-06 -7.250996 -18.140209 -7.262016 0.082038 0.141927 5.504403 9.081691 0.035208 -1.36428 -1.408547 0.912905 1.068812 -0.0 0.0 -1e-06 
0.0 0.0 0.0 0.0 -0.0 0.0 -1.047659 100.121346 0.861886 0.422652 -3.830603 5.148813 -1.045464 0.23465 -3.709773 -0.556383 0.088604 -5.758325 -1.668291 -1.881888 8.26347 1.780972 1.564693 -8.457235 -0.582321 0.116346 -3.719974 2.686941 -4.023332 -3.816373 7.7e-05 -2.2e-05 6e-06 0.012995 0.083327 -0.009224 0.762131 -3.601018 -10.605959 -0.741601 3.760084 -10.574852 -5.237884 -11.268007 3.620749 -17.323648 -68.725594 -32.562202 -0.388788 -62.061409 1.474676 40.946808 -12.930598 1.05258 -5.882111 9.861291 0.702588 -10.93688 -0.360574 7.156209 -0.0 8.774828 -2e-06 -15.87304 17.973837 5.682042 -1.844033 2.498506 -2.507279 -10.163607 4.678948 4.621111 -20.976038 -2e-06 5e-06 -21.226301 2.451698 -3.594002 -1e-06 -7e-06 -1e-06 -1.362682 2.240799 -0.746323 -21.334929 0.58491 3.008326 -13.821225 -3e-06 4e-06 -23.887184 -0.249079 -0.839481 -59.060863 2.468646 -1.199087 -0.294025 1.679688 0.833255 -14.218219 0.093216 1.300581 -34.21207 -0.287563 0.967174 -20.033226 0.964538 1.212846 -1e-06 -0.0 1e-06 -3.440391 0.788234 0.501654 -15.9282 -3.167312 2.99971 -6.338831 -1e-06 0.0 -18.123459 3.648185 -4.905674 -4e-06 -0.0 -2e-06 -5.67215 15.337254 -0.733721 -14.239205 54.758301 -67.634331 -2.008863 51.708874 -1.604436 -10.616036 24.950331 17.13962 2.243543 -5.255041 -3.180161 14.2829 -0.826593 6.952508 -2e-06 -12.690614 -3e-06 16.314018 -16.519341 1.926464 1.665667 -1.955923 -2.878302 4.727802 -4.17059 4.993926 11.020535 6e-06 -1e-06 12.10906 -3.735717 -2.866787 1e-06 -1e-06 1e-06 1.291985 -1.92855 -1.49809 14.80014 0.567472 3.865608 14.24258 -1.341735 -6.660663 19.631983 0.143928 -0.648244 48.652111 -1.164154 -6.497063 0.353029 -1.511152 -0.031939 20.222805 3.684317 2.31663 18.787287 6e-06 0.0 10.751636 -0.479868 1.397907 0.0 -1e-06 -0.0 3.273809 0.305948 -0.580112 21.48683 11.830386 2.266135 8.162932 1e-06 0.0 18.399096 -3.798984 -4.940579 3e-06 -1e-06 -1e-06 3.011202 24.838308 -3.282564 0.014654 -0.12141 4.862879 -7.00464 6.547532 -5.360065 1.664979 -1.909102 1.091122 -0.0 -0.0 2e-06 -7.209254 -18.116507 -7.099108 0.079057 0.14079 5.072802 9.116831 0.1077 -1.162499 -1.409521 0.920541 1.075975 -0.0 0.0 -1e-06 
0.0 0.0 0.0 0.0 -0.0 0.0 -0.999106 100.123344 0.971727 0.356208 -4.092301 5.199783 -1.071059 0.230605 -3.701341 -0.574043 0.064799 -5.761177 -1.748114 -1.87545 8.235217 1.812084 1.566624 -8.262387 -0.557666 0.172099 -3.709703 2.724219 -3.902811 -3.694246 7.7e-05 -2.2e-05 6e-06 0.01267 0.080392 -0.003294 0.756557 -3.6051 -10.598893 -0.73658 3.757711 -10.567252 -4.977739 -11.18079 3.613819 -17.049412 -68.705376 -32.910835 -0.309909 -62.186981 1.339713 40.825939 -12.759235 1.209333 -5.88211 9.86129 0.70259 -10.936878 -0.360575 7.156209 -1e-06 8.774828 -1e-06 -15.817704 17.964743 5.734423 -1.844033 2.498506 -2.507277 -10.163605 4.678946 4.621111 -20.976038 -3e-06 5e-06 -21.226297 2.451697 -3.594 -1e-06 -5e-06 -1e-06 -1.362682 2.240799 -0.746324 -21.334929 0.58491 3.008326 -13.821223 -3e-06 4e-06 -23.887184 -0.249075 -0.839482 -59.087948 2.461924 -1.213362 -0.294025 1.679688 0.833257 -14.218216 0.093216 1.300582 -34.21207 -0.287564 0.967172 -20.033226 0.964538 1.212845 -1e-06 -0.0 1e-06 -3.440391 0.788233 0.501656 -15.928198 -3.167312 2.99971 -6.338831 -2e-06 2e-06 -18.123457 3.648185 -4.905671 -5e-06 -0.0 -2e-06 -5.8476 15.172019 -0.808285 -14.537227 54.804367 -67.911697 -1.970823 51.498875 -1.644604 -10.706521 24.879204 17.294743 2.243543 -5.255039 -3.180161 14.282897 -0.826594 6.952505 -2e-06 -12.690609 -2e-06 16.316174 -16.527397 1.950928 1.665666 -1.955922 -2.878299 4.7278 -4.170588 4.993925 11.020531 4e-06 -2e-06 12.109058 -3.735715 -2.866786 1e-06 0.0 0.0 1.291987 -1.92855 -1.49809 14.800132 0.56747 3.865608 14.242577 -1.341736 -6.660661 19.631973 0.143928 -0.648243 48.651077 -1.15166 -6.504129 0.353031 -1.51115 -0.03194 20.222801 3.684313 2.316632 18.787283 5e-06 1e-06 10.751633 -0.479867 1.397907 1e-06 -1e-06 -0.0 3.273809 0.305946 -0.580112 21.486826 11.830383 2.266135 8.16293 1e-06 1e-06 18.399088 -3.798981 -4.940576 2e-06 -1e-06 -1e-06 3.044991 24.949669 -3.172645 0.017345 -0.122512 4.775121 -6.992814 6.751684 -5.43456 1.663541 -1.906307 1.131751 -0.0 -0.0 2e-06 -7.161582 -18.056889 -6.963419 0.076621 0.144843 4.688643 9.145259 0.196512 -0.976307 -1.410205 0.923077 1.082323 -0.0 0.0 -1e-06 
0.0 0.0 0.0 0.0 -0.0 0.0 -0.950912 100.120758 1.08299 0.289555 -4.390977 5.252427 -1.088409 0.235871 -3.700759 -0.589746 0.049094 -5.755467 -1.834322 -1.867396 8.183054 1.83437 1.573678 -8.066796 -0.536537 0.235391 -3.706243 2.756407 -3.805175 -3.56347 7.7e-05 -2.2e-05 6e-06 0.011585 0.07586 0.000568 0.750263 -3.610728 -10.596383 -0.732489 3.753747 -10.563116 -4.750058 -11.105479 3.603357 -16.695797 -68.677696 -33.282551 -0.150212 -62.270275 1.134455 40.73164 -12.579122 1.30349 -5.882108 9.861288 0.70259 -10.936876 -0.360575 7.156208 1e-06 8.774828 -2e-06 -15.77842 17.941038 5.774911 -1.844033 2.498506 -2.507279 -10.163604 4.678945 4.62111 -20.976034 -3e-06 4e-06 -21.226297 2.451696 -3.593999 -1e-06 -6e-06 -1e-06 -1.362682 2.2408 -0.746324 -21.334925 0.584907 3.008325 -13.82122 -4e-06 4e-06 -23.887182 -0.249079 -0.839481 -59.088097 2.455578 -1.218003 -0.294026 1.679689 0.833255 -14.218215 0.093215 1.300581 -34.212059 -0.287566 0.967173 -20.033222 0.964536 1.212847 -1e-06 -1e-06 1e-06 -3.44039 0.788234 0.501656 -15.928192 -3.167312 2.99971 -6.338829 -0.0 1e-06 -18.123453 3.648182 -4.905671 -4e-06 1e-06 -2e-06 -6.071837 14.993441 -0.921843 -14.832878 54.81768 -68.152 -1.839312 51.235695 -1.620568 -10.818424 24.847998 17.416407 2.243543 -5.255038 -3.180157 14.282894 -0.826594 6.952504 -3e-06 -12.690607 -0.0 16.31566 -16.540688 1.962349 1.665665 -1.955921 -2.8783 4.727799 -4.170588 4.993924 11.020529 4e-06 -2e-06 12.109054 -3.735715 -2.866785 1e-06 -0.0 -0.0 1.291986 -1.92855 -1.498091 14.800134 0.567471 3.865608 14.242576 -1.341738 -6.660658 19.631973 0.14393 -0.648243 48.635178 -1.145089 -6.518108 0.353029 -1.511151 -0.031939 20.222797 3.684312 2.316632 18.787273 6e-06 0.0 10.75163 -0.479866 1.397907 -0.0 1e-06 -0.0 3.273808 0.305947 -0.58011 21.486818 11.830379 2.266134 8.16293 2e-06 -1e-06 18.399086 -3.798985 -4.940576 3e-06 -1e-06 -1e-06 3.080873 25.092676 -3.084434 0.019103 -0.12092 4.744831 -7.008846 6.97366 -5.544808 1.662365 -1.910924 1.173758 0.0 -0.0 2e-06 -7.115616 -17.960701 -6.884026 0.074069 0.152186 4.404562 9.170335 0.293476 -0.832325 -1.410308 0.921859 1.08595 0.0 0.0 -1e-06 
0.0 0.0 0.0 0.0 -0.0 0.0 -0.896856 100.113556 1.200721 0.234202 -4.706032 5.305219 -1.107545 0.243896 -3.700196 -0.597003 0.038465 -5.746177 -1.927985 -1.857179 8.110579 1.824853 1.581425 -7.879016 -0.519002 0.269273 -3.71603 2.803407 -3.703005 -3.446227 7.7e-05 -2.3e-05 6e-06 0.009815 0.067956 0.001437 0.745497 -3.618586 -10.599665 -0.731423 3.745814 -10.565876 -4.559921 -11.048443 3.580363 -16.322069 -68.636108 -33.641529 0.056677 -62.30748 0.902867 40.68568 -12.363411 1.242458 -5.882108 9.861292 0.70259 -10.936875 -0.360574 7.156209 -1e-06 8.774826 -3e-06 -15.762168 17.910385 5.809905 -1.844033 2.498505 -2.507278 -10.163604 4.678946 4.621111 -20.976032 -1e-06 3e-06 -21.226295 2.451698 -3.594002 -1e-06 -6e-06 -1e-06 -1.362682 2.240798 -0.746324 -21.334921 0.58491 3.008326 -13.821219 -2e-06 3e-06 -23.887178 -0.249076 -0.839482 -59.079922 2.459163 -1.203528 -0.294025 1.679688 0.833255 -14.218215 0.093216 1.300582 -34.212067 -0.287562 0.967171 -20.03322 0.964537 1.212844 -1e-06 -1e-06 1e-06 -3.44039 0.788234 0.501655 -15.928192 -3.16731 2.999709 -6.338827 -2e-06 1e-06 -18.123455 3.648186 -4.905673 -4e-06 -0.0 -2e-06 -6.334395 14.799362 -1.058102 -15.117068 54.798031 -68.341217 -1.697655 50.993534 -1.604949 -10.894883 24.799643 17.409882 2.243543 -5.255038 -3.180159 14.2829 -0.826593 6.952504 -2e-06 -12.690607 -0.0 16.298582 -16.545059 1.962501 1.665667 -1.955922 -2.8783 4.727799 -4.170588 4.993926 11.020533 3e-06 -3e-06 12.109058 -3.735715 -2.866786 0.0 -0.0 0.0 1.291984 -1.928549 -1.498089 14.800136 0.567469 3.865607 14.242582 -1.341734 -6.660661 19.631981 0.143926 -0.648244 48.585785 -1.147356 -6.523382 0.35303 -1.511151 -0.031941 20.222803 3.684313 2.31663 18.787287 5e-06 -1e-06 10.751634 -0.479867 1.397907 -0.0 -1e-06 0.0 3.273809 0.305947 -0.580111 21.486826 11.830377 2.266133 8.16293 1e-06 -1e-06 18.399092 -3.798982 -4.940578 3e-06 -1e-06 -1e-06 3.102906 25.246899 -3.00464 0.022221 -0.110212 4.74229 -7.035828 7.183457 -5.675117 1.660814 -1.913066 1.198503 0.0 -0.0 2e-06 -7.090572 -17.828419 -6.855271 0.072031 0.154321 4.223417 9.208318 0.407586 -0.739339 -1.410835 0.921645 1.081332 -0.0 0.0 -1e-06 
0.0 0.0 0.0 0.0 -0.0 0.0 -0.837634 100.105789 1.319924 0.197499 -5.035618 5.355128 -1.132143 0.252573 -3.698096 -0.60002 0.039971 -5.739121 -2.028135 -1.855328 8.025409 1.782546 1.592945 -7.699417 -0.498459 0.296073 -3.729955 2.859153 -3.606033 -3.358052 7.7e-05 -2.3e-05 5e-06 0.008075 0.06023 -0.002946 0.743276 -3.625646 -10.613207 -0.732958 3.737897 -10.579529 -4.415583 -10.989308 3.563554 -15.947615 -68.605247 -33.999889 0.260859 -62.289604 0.693367 40.711765 -12.172462 1.036169 -5.882112 9.861293 0.702588 -10.936877 -0.360573 7.156207 -2e-06 8.77483 -2e-06 -15.769882 17.883448 5.831566 -1.844034 2.498507 -2.507279 -10.163607 4.678949 4.621109 -20.976038 0.0 0.0 -21.226301 2.4517 -3.594006 -1e-06 -6e-06 -1e-06 -1.362683 2.240799 -0.746323 -21.334929 0.584912 3.008322 -13.821223 -3e-06 0.0 -23.887184 -0.249077 -0.839488 -59.111237 2.468799 -1.189132 -0.294026 1.679688 0.833255 -14.218216 0.093216 1.30058 -34.21207 -0.287561 0.967162 -20.033226 0.964538 1.212839 -1e-06 -0.0 1e-06 -3.440391 0.788234 0.501655 -15.928196 -3.167308 2.999707 -6.338831 1e-06 1e-06 -18.123459 3.648189 -4.905678 -3e-06 1e-06 -3e-06 -6.610601 14.605566 -1.188454 -15.422315 54.762894 -68.524704 -1.542393 50.748695 -1.580897 -10.988508 24.753708 17.322882 2.243543 -5.255039 -3.180158 14.282896 -0.826594 6.952501 -2e-06 -12.690605 -1e-06 16.275717 -16.540003 1.962778 1.665668 -1.955921 -2.878301 4.7278 -4.170588 4.993923 11.020532 3e-06 -4e-06 12.109058 -3.735717 -2.866786 0.0 -0.0 1e-06 1.291987 -1.928549 -1.498089 14.800134 0.567467 3.865606 14.242579 -1.341737 -6.660661 19.631975 0.143927 -0.648248 48.551529 -1.159265 -6.530418 0.353028 -1.511149 -0.03194 20.222797 3.684311 2.316629 18.787283 6e-06 -2e-06 10.751633 -0.479868 1.397905 0.0 0.0 0.0 3.273809 0.305947 -0.580112 21.486822 11.830373 2.266133 8.162928 -0.0 -1e-06 18.399088 -3.798984 -4.94058 3e-06 -2e-06 -1e-06 3.10166 25.422461 -2.892302 0.025005 -0.096548 4.683736 -7.062526 7.386819 -5.780242 1.659268 -1.91741 1.202945 0.0 -0.0 2e-06 -7.091972 -17.674244 -6.853868 0.070248 0.152149 4.093935 9.263923 0.534487 -0.668343 -1.410334 0.922786 1.058951 -0.0 0.0 -1e-06 
0.0 0.0 0.0 0.0 -0.0 0.0 -0.775646 100.097527 1.436295 0.178946 -5.386898 5.405337 -1.170904 0.268175 -3.694875 -0.599612 0.043851 -5.733898 -2.132886 -1.85874 7.930689 1.724428 1.583455 -7.533867 -0.464242 0.3433 -3.742388 2.897103 -3.51613 -3.272579 7.7e-05 -2.2e-05 6e-06 0.008071 0.061927 -0.005725 0.745719 -3.621655 -10.62307 -0.735716 3.738047 -10.589743 -4.280766 -10.941364 3.536305 -15.655887 -68.556732 -34.35725 0.361165 -62.256874 0.592924 40.756592 -12.06852 0.870409 -5.882108 9.861288 0.702591 -10.936876 -0.360577 7.156209 1e-06 8.774826 -2e-06 -15.785541 17.880396 5.84067 -1.844033 2.498505 -2.507278 -10.163604 4.678946 4.621112 -20.97603 -4e-06 4e-06 -21.226292 2.451696 -3.594 -1e-06 -6e-06 -0.0 -1.362682 2.240799 -0.746324 -21.334921 0.584907 3.008327 -13.821218 -2e-06 4e-06 -23.887175 -0.249079 -0.83948 -59.174103 2.472556 -1.178449 -0.294025 1.679687 0.833256 -14.218214 0.093214 1.300583 -34.212063 -0.287564 0.967175 -20.03322 0.964539 1.212847 -1e-06 -1e-06 1e-06 -3.440389 0.788233 0.501655 -15.928192 -3.167311 2.999711 -6.338829 -1e-06 2e-06 -18.123447 3.648183 -4.905671 -3e-06 1e-06 -3e-06 -6.87423 14.40391 -1.289904 -15.800279 54.718937 -68.700562 -1.430136 50.457462 -1.555007 -11.097033 24.757732 17.20294 2.243543 -5.255039 -3.180159 14.2829 -0.826592 6.952505 -2e-06 -12.690608 -3e-06 16.24748 -16.513456 1.996397 1.665668 -1.955922 -2.878299 4.727801 -4.170587 4.993925 11.02053 4e-06 -2e-06 12.109058 -3.735715 -2.866786 0.0 -1e-06 0.0 1.291986 -1.928551 -1.49809 14.800139 0.567469 3.865611 14.24258 -1.341737 -6.660661 19.631981 0.143926 -0.648244 48.570168 -1.164777 -6.528663 0.35303 -1.51115 -0.03194 20.222803 3.684313 2.316633 18.787287 7e-06 -1e-06 10.751635 -0.479869 1.397907 0.0 -1e-06 -0.0 3.273808 0.305947 -0.580111 21.486828 11.83038 2.266136 8.162931 2e-06 -1e-06 18.399094 -3.798983 -4.940578 3e-06 -1e-06 -1e-06 3.076636 25.593861 -2.754311 0.024258 -0.082251 4.571739 -7.08243 7.601582 -5.862802 1.658192 -1.92543 1.205684 0.0 1e-06 2e-06 -7.116537 -17.494951 -6.891881 0.069168 0.143232 4.025631 9.328424 0.667843 -0.621884 -1.408316 0.917711 1.012763 -0.0 0.0 -1e-06 
0.0 0.0 0.0 0.0 -0.0 0.0 -0.715034 100.079361 1.544912 0.173151 -5.718068 5.445887 -1.21629 0.28276 -3.694713 -0.601537 0.046045 -5.72432 -2.242806 -1.867469 7.837551 1.66366 1.561179 -7.38309 -0.425657 0.404485 -3.754386 2.903932 -3.42681 -3.169553 7.7e-05 -2.3e-05 6e-06 0.006399 0.060921 -0.005112 0.747636 -3.619752 -10.624016 -0.741297 3.734756 -10.590999 -4.136373 -10.916143 3.530066 -15.418109 -68.483971 -34.704762 0.448287 -62.236881 0.597967 40.810936 -11.937136 0.712446 -5.882106 9.861287 0.702592 -10.93687 -0.360573 7.156204 -1e-06 8.774824 -1e-06 -15.787452 17.87406 5.832995 -1.844032 2.498505 -2.507277 -10.163596 4.678947 4.621108 -20.976021 1e-06 2e-06 -21.22628 2.4517 -3.594001 -1e-06 -6e-06 -1e-06 -1.362682 2.240798 -0.746323 -21.334911 0.584913 3.008322 -13.821211 -1e-06 2e-06 -23.887167 -0.249075 -0.839485 -59.183289 2.483886 -1.179024 -0.294025 1.679687 0.833255 -14.218205 0.093216 1.30058 -34.212048 -0.287557 0.967169 -20.033209 0.964537 1.212841 0.0 1e-06 1e-06 -3.440388 0.788235 0.501656 -15.928183 -3.167306 2.999707 -6.338826 0.0 1e-06 -18.123444 3.648185 -4.905671 -3e-06 1e-06 -3e-06 -7.162951 14.198475 -1.404076 -16.096594 54.644352 -68.699738 -1.429092 50.12709 -1.583325 -11.145135 24.787834 16.989233 2.243543 -5.255035 -3.180159 14.28289 -0.826595 6.952502 -2e-06 -12.690601 -2e-06 16.240488 -16.469263 2.023186 1.665667 -1.955922 -2.878299 4.727799 -4.170585 4.993922 11.020523 5e-06 -2e-06 12.109052 -3.735717 -2.866785 -0.0 -0.0 0.0 1.291985 -1.92855 -1.498088 14.800127 0.567469 3.865606 14.242573 -1.341737 -6.660658 19.631968 0.143926 -0.648245 48.609657 -1.152429 -6.519486 0.353029 -1.51115 -0.031941 20.222788 3.684311 2.316629 18.78727 5e-06 -2e-06 10.751627 -0.47987 1.397905 -1e-06 -1e-06 1e-06 3.273805 0.305947 -0.580111 21.486813 11.830369 2.266134 8.162928 0.0 -0.0 18.39908 -3.798982 -4.940576 3e-06 -1e-06 -2e-06 3.043724 25.723709 -2.68746 0.022875 -0.073169 4.608049 -7.115493 7.806867 -6.017105 1.656525 -1.934409 1.209095 0.0 1e-06 2e-06 -7.162201 -17.345678 -7.021223 0.069825 0.134399 4.171824 9.406871 0.84301 -0.680484 -1.404951 0.914116 0.959193 -0.0 1e-06 -1e-06 
0.0 0.0 0.0 0.0 -0.0 0.0 -0.662173 100.056885 1.638967 0.167039 -6.005775 5.485041 -1.260372 0.279228 -3.703033 -0.602641 0.040814 -5.71672 -2.357291 -1.887202 7.767179 1.612478 1.548263 -7.264832 -0.391824 0.497239 -3.763786 2.88266 -3.340428 -3.071384 7.7e-05 -2.3e-05 6e-06 0.005688 0.063649 -0.005 0.749781 -3.614501 -10.617482 -0.745164 3.735315 -10.58745 -4.021559 -10.888206 3.539719 -15.168204 -68.400993 -35.035336 0.548171 -62.24176 0.599951 40.883183 -11.818209 0.583349 -5.882107 9.861286 0.702592 -10.936877 -0.360576 7.15621 2e-06 8.774828 -3e-06 -15.759721 17.878098 5.836097 -1.844032 2.498505 -2.507278 -10.163604 4.678945 4.621111 -20.976032 -3e-06 8e-06 -21.226292 2.4517 -3.593997 -1e-06 -6e-06 -1e-06 -1.362681 2.240799 -0.746323 -21.334925 0.584908 3.008328 -13.821218 -3e-06 5e-06 -23.887178 -0.249076 -0.839477 -59.158249 2.505419 -1.170551 -0.294025 1.679687 0.833256 -14.218215 0.093213 1.300585 -34.212067 -0.287561 0.967179 -20.033226 0.964539 1.212848 0.0 -0.0 1e-06 -3.44039 0.788232 0.501655 -15.928198 -3.167314 2.999712 -6.33883 -1e-06 2e-06 -18.123457 3.648184 -4.905669 -4e-06 1e-06 -2e-06 -7.415369 13.996461 -1.493107 -16.427376 54.564754 -68.72718 -1.430016 49.764839 -1.606383 -11.153636 24.842043 16.789406 2.243541 -5.255037 -3.18016 14.282894 -0.826592 6.952505 -3e-06 -12.690604 -2e-06 16.233244 -16.412926 2.038778 1.665664 -1.955922 -2.878299 4.727799 -4.170586 4.993924 11.020528 4e-06 0.0 12.109053 -3.735717 -2.866785 0.0 -0.0 0.0 1.291984 -1.92855 -1.49809 14.800132 0.567468 3.865609 14.242571 -1.341736 -6.66066 19.631969 0.143927 -0.648244 48.664616 -1.122015 -6.492854 0.35303 -1.51115 -0.031941 20.222794 3.684311 2.316635 18.787273 6e-06 3e-06 10.751629 -0.479868 1.397908 -0.0 0.0 1e-06 3.273809 0.305946 -0.580111 21.48682 11.830378 2.266139 8.162928 1e-06 1e-06 18.399082 -3.798982 -4.940573 3e-06 -1e-06 -1e-06 3.015157 25.824532 -2.693792 0.022744 -0.070521 4.762417 -7.128806 7.965315 -6.210166 1.655207 -1.934808 1.193719 0.0 -0.0 2e-06 -7.201812 -17.250528 -7.195709 0.071196 0.128653 4.420783 9.499308 1.062513 -0.784894 -1.400567 0.912682 0.902617 -0.0 0.0 -1e-06 
0.0 0.0 0.0 0.0 -0.0 0.0 -0.61974 100.039764 1.715248 0.147337 -6.272839 5.522882 -1.291062 0.25426 -3.709502 -0.605532 0.018682 -5.718209 -2.473448 -1.901647 7.722307 1.554974 1.548176 -7.185637 -0.353573 0.606328 -3.766148 2.851873 -3.25525 -2.995519 7.7e-05 -2.3e-05 5e-06 0.005818 0.068216 -0.006775 0.751712 -3.60969 -10.615554 -0.747059 3.739316 -10.590795 -3.92824 -10.843283 3.556865 -14.917227 -68.308502 -35.35955 0.654552 -62.285713 0.568214 40.951851 -11.688777 0.442294 -5.882112 9.861294 0.70259 -10.936882 -0.360576 7.156214 1e-06 8.77483 -3e-06 -15.725382 17.886326 5.864192 -1.844034 2.498507 -2.507279 -10.163611 4.678948 4.621113 -20.976044 -2e-06 6e-06 -21.226305 2.451701 -3.594 -1e-06 -6e-06 -1e-06 -1.362682 2.2408 -0.746324 -21.334934 0.584909 3.008328 -13.821228 -3e-06 4e-06 -23.887192 -0.249077 -0.839481 -59.129208 2.535815 -1.144233 -0.294025 1.679689 0.833256 -14.218224 0.093215 1.300584 -34.21209 -0.28756 0.967177 -20.033236 0.964538 1.212846 0.0 -0.0 1e-06 -3.440392 0.788233 0.501657 -15.928203 -3.167312 2.999712 -6.338833 -1e-06 2e-06 -18.123466 3.648185 -4.905672 -4e-06 -0.0 -3e-06 -7.634218 13.809734 -1.550844 -16.836861 54.479328 -68.862938 -1.390545 49.364845 -1.632009 -11.089625 24.919626 16.77169 2.243542 -5.255039 -3.180159 14.282894 -0.826593 6.952507 -1e-06 -12.690609 -0.0 16.213379 -16.366734 2.049568 1.665666 -1.955922 -2.878299 4.727799 -4.170587 4.993925 11.02053 4e-06 -0.0 12.109055 -3.735716 -2.866785 0.0 0.0 -0.0 1.291985 -1.92855 -1.498089 14.800132 0.567467 3.86561 14.242579 -1.341738 -6.660661 19.631975 0.143926 -0.648244 48.670288 -1.092272 -6.454939 0.353027 -1.51115 -0.031939 20.222801 3.68431 2.316633 18.787281 6e-06 2e-06 10.751631 -0.479869 1.397909 -0.0 -1e-06 0.0 3.273808 0.305948 -0.580111 21.48682 11.830379 2.266136 8.16293 0.0 0.0 18.399088 -3.798986 -4.940577 3e-06 -1e-06 -1e-06 3.002431 25.894768 -2.706185 0.025972 -0.064525 4.902766 -7.127741 8.107325 -6.377037 1.654225 -1.930973 1.19927 0.0 -0.0 2e-06 -7.215119 -17.165438 -7.328706 0.073365 0.129605 4.576585 9.576845 1.26077 -0.836839 -1.395874 0.912159 0.88322 0.0 0.0 -1e-06 
0.0 0.0 0.0 0.0 -0.0 0.0 -0.585325 100.032089 1.776376 0.124215 -6.529374 5.561848 -1.318303 0.214123 -3.70394 -0.611376 -0.009639 -5.727599 -2.597073 -1.918865 7.684683 1.493381 1.553725 -7.140751 -0.305399 0.730649 -3.760722 2.827153 -3.157708 -2.915403 7.7e-05 -2.3e-05 6e-06 0.007088 0.074954 -0.008855 0.754283 -3.603164 -10.616036 -0.747269 3.745419 -10.597364 -3.828741 -10.781715 3.600789 -14.543805 -68.201782 -35.860119 0.660535 -62.381657 0.595034 41.003181 -11.563609 0.403876 -5.882109 9.86129 0.702589 -10.936878 -0.360577 7.156211 1e-06 8.774829 -2e-06 -15.694075 17.896555 5.894855 -1.844033 2.498507 -2.507277 -10.163605 4.678946 4.621113 -20.976036 -3e-06 8e-06 -21.226299 2.451701 -3.593998 -1e-06 -6e-06 -0.0 -1.362682 2.240799 -0.746324 -21.334929 0.584906 3.00833 -13.821223 -2e-06 7e-06 -23.887184 -0.249076 -0.839478 -59.100945 2.554476 -1.109901 -0.294025 1.679687 0.833256 -14.218215 0.093213 1.300584 -34.212067 -0.287562 0.967178 -20.033226 0.96454 1.212847 -1e-06 1e-06 1e-06 -3.44039 0.788234 0.501656 -15.928198 -3.167314 2.999712 -6.338831 -2e-06 3e-06 -18.123457 3.648185 -4.905671 -4e-06 -1e-06 -3e-06 -7.851381 13.633406 -1.600677 -17.317129 54.383442 -69.083443 -1.34782 48.932686 -1.669484 -10.952575 24.998291 16.992279 2.243542 -5.255037 -3.18016 14.282896 -0.826593 6.952503 -4e-06 -12.690609 -1e-06 16.181252 -16.35854 2.063305 1.665667 -1.955921 -2.8783 4.727801 -4.170589 4.993925 11.020531 6e-06 -2e-06 12.109056 -3.735715 -2.866785 -0.0 -0.0 0.0 1.291985 -1.92855 -1.498091 14.800139 0.56747 3.865608 14.242582 -1.341735 -6.660661 19.631981 0.143928 -0.648245 48.633621 -1.083754 -6.424391 0.353028 -1.511152 -0.031939 20.222803 3.684314 2.31663 18.787287 8e-06 -1e-06 10.751634 -0.479867 1.397907 -0.0 0.0 0.0 3.273809 0.305948 -0.58011 21.486824 11.830381 2.266133 8.16293 2e-06 -0.0 18.399092 -3.798983 -4.940578 3e-06 -0.0 -1e-06 2.991053 25.973497 -2.670897 0.031562 -0.061872 4.915985 -7.115447 8.226293 -6.465027 1.655119 -1.91751 1.223824 -0.0 1e-06 2e-06 -7.213215 -17.065207 -7.399795 0.075351 0.13442 4.587138 9.644389 1.417827 -0.814717 -1.391617 0.914864 0.902371 -0.0 0.0 -1e-06 
0.0 0.0 0.0 0.0 -0.0 0.0 -0.558767 100.036049 1.823224 0.094755 -6.772958 5.59886 -1.330669 0.180859 -3.682816 -0.618999 -0.028755 -5.74144 -2.736833 -1.945913 7.647326 1.413788 1.578584 -7.109219 -0.262121 0.83109 -3.747264 2.836943 -3.05897 -2.800338 7.7e-05 -2.3e-05 6e-06 0.007783 0.075944 -0.012412 0.754706 -3.603631 -10.61717 -0.746479 3.747094 -10.602784 -3.744684 -10.724628 3.674959 -14.029577 -68.075089 -36.503593 0.60704 -62.505787 0.661948 41.052391 -11.416381 0.405891 -5.882114 9.861295 0.702589 -10.936881 -0.360574 7.156212 -1e-06 8.774833 -2e-06 -15.684057 17.913092 5.907524 -1.844034 2.498507 -2.507278 -10.163611 4.678953 4.62111 -20.976046 5e-06 2e-06 -21.226311 2.451705 -3.594007 -1e-06 -6e-06 -0.0 -1.362683 2.2408 -0.746323 -21.334934 0.584915 3.008326 -13.821227 -0.0 2e-06 -23.887188 -0.249072 -0.839487 -59.114719 2.551177 -1.097179 -0.294026 1.679688 0.833255 -14.218222 0.093219 1.300583 -34.212082 -0.287556 0.967169 -20.033232 0.964542 1.21284 -1e-06 -0.0 1e-06 -3.440391 0.788233 0.501658 -15.928203 -3.16731 2.999711 -6.338833 -0.0 1e-06 -18.123466 3.648192 -4.905676 -3e-06 -1e-06 -3e-06 -8.101186 13.450891 -1.637769 -17.857435 54.283928 -69.354973 -1.42514 48.462269 -1.772234 -10.747651 25.101376 17.320875 2.243545 -5.25504 -3.180162 14.282908 -0.826595 6.952507 -1e-06 -12.690613 -1e-06 16.15782 -16.350382 2.071943 1.66567 -1.955923 -2.878303 4.727805 -4.170591 4.993926 11.020539 5e-06 -3e-06 12.109066 -3.735717 -2.866789 0.0 -1e-06 0.0 1.291987 -1.928552 -1.49809 14.800146 0.567469 3.865608 14.242588 -1.341738 -6.660668 19.63199 0.143928 -0.648249 48.591713 -1.071909 -6.400163 0.353031 -1.511151 -0.031941 20.222813 3.684315 2.31663 18.787292 7e-06 -3e-06 10.751637 -0.479869 1.397907 -1e-06 -1e-06 0.0 3.27381 0.305947 -0.580112 21.486839 11.830386 2.266132 8.162935 -0.0 -1e-06 18.399103 -3.798984 -4.940583 3e-06 -1e-06 -2e-06 2.988555 26.085564 -2.565315 0.036935 -0.068158 4.766802 -7.099765 8.324161 -6.456588 1.656444 -1.900659 1.247092 -0.0 -0.0 2e-06 -7.193602 -16.962513 -7.377945 0.076077 0.141154 4.397707 9.713869 1.544566 -0.688846 -1.388425 0.916645 0.923947 -0.0 0.0 -1e-06 
0.0 0.0 0.0 0.0 -0.0 0.0 -0.543961 100.045052 1.862568 0.06481 -6.994271 5.629311 -1.328144 0.156036 -3.653875 -0.631148 -0.029629 -5.753349 -2.891096 -1.986728 7.618929 1.313688 1.611288 -7.078932 -0.226274 0.911032 -3.733734 2.856803 -2.978436 -2.656092 7.7e-05 -2.3e-05 6e-06 0.008136 0.074068 -0.016078 0.752493 -3.607517 -10.621119 -0.743745 3.746479 -10.609618 -3.672717 -10.672814 3.750193 -13.480142 -67.954094 -37.209743 0.443332 -62.638428 0.809799 41.115791 -11.23432 0.35171 -5.882108 9.861288 0.70259 -10.936877 -0.360578 7.156209 2e-06 8.77483 -2e-06 -15.702245 17.930655 5.920604 -1.844033 2.498506 -2.507279 -10.163604 4.678945 4.62111 -20.976032 -6e-06 3e-06 -21.226294 2.451694 -3.593999 -1e-06 -6e-06 -0.0 -1.362682 2.240798 -0.746325 -21.334927 0.584905 3.008326 -13.821221 -5e-06 3e-06 -23.88718 -0.249081 -0.83948 -59.171608 2.537129 -1.100794 -0.294025 1.679688 0.833256 -14.218217 0.093213 1.300582 -34.212067 -0.28757 0.967176 -20.033222 0.964534 1.212849 -0.0 1e-06 1e-06 -3.44039 0.788234 0.501657 -15.928198 -3.167313 2.999709 -6.338828 -3e-06 2e-06 -18.123451 3.648182 -4.905671 -4e-06 -0.0 -3e-06 -8.385172 13.231467 -1.671191 -18.434105 54.184624 -69.623932 -1.627955 48.014874 -1.94617 -10.520129 25.184727 17.627121 2.243541 -5.255041 -3.180159 14.282898 -0.826593 6.95251 -4e-06 -12.69061 2e-06 16.149878 -16.34399 2.086329 1.665666 -1.955922 -2.8783 4.7278 -4.170588 4.993928 11.020532 4e-06 -0.0 12.109058 -3.735716 -2.866785 0.0 -0.0 -0.0 1.291987 -1.92855 -1.498089 14.800138 0.56747 3.865612 14.242579 -1.341734 -6.66066 19.631977 0.143926 -0.648243 48.547268 -1.059283 -6.386627 0.353029 -1.51115 -0.03194 20.222801 3.684313 2.316634 18.787287 7e-06 2e-06 10.751634 -0.479869 1.397908 -0.0 0.0 0.0 3.273809 0.305947 -0.580111 21.486826 11.830383 2.266137 8.162933 -0.0 0.0 18.399094 -3.798988 -4.940576 3e-06 -1e-06 -1e-06 2.995685 26.205868 -2.422933 0.041174 -0.079303 4.54032 -7.10014 8.407211 -6.398893 1.657694 -1.888469 1.273122 0.0 -0.0 2e-06 -7.165576 -16.875841 -7.315295 0.075707 0.152789 4.144569 9.790365 1.651279 -0.530898 -1.386735 0.914072 0.942435 0.0 0.0 -1e-06 
0.0 0.0 0.0 0.0 -0.0 0.0 -0.544413 100.049545 1.898789 0.036879 -7.178516 5.652275 -1.31781 0.142813 -3.623888 -0.641865 -0.024255 -5.760952 -3.05013 -2.027767 7.592116 1.206692 1.65795 -7.025305 -0.209239 0.974579 -3.725359 2.884732 -2.934164 -2.505427 7.7e-05 -2.3e-05 6e-06 0.007085 0.065139 -0.017135 0.747452 -3.619367 -10.63009 -0.740932 3.740024 -10.618891 -3.62565 -10.620146 3.824609 -12.938342 -67.869133 -37.901459 0.262114 -62.758759 0.934533 41.173409 -11.045564 0.352154 -5.882109 9.861288 0.70259 -10.936877 -0.360575 7.156209 1e-06 8.774828 -0.0 -15.704988 17.928728 5.94475 -1.844033 2.498506 -2.507278 -10.163604 4.678948 4.621112 -20.976034 -2e-06 3e-06 -21.226295 2.451698 -3.594 -2e-06 -5e-06 -0.0 -1.362682 2.240798 -0.746324 -21.334925 0.584913 3.008327 -13.821219 -3e-06 2e-06 -23.887182 -0.249077 -0.839481 -59.227501 2.532459 -1.116684 -0.294025 1.679688 0.833256 -14.218215 0.093215 1.300581 -34.212067 -0.287561 0.967174 -20.033222 0.964541 1.212845 -0.0 1e-06 1e-06 -3.44039 0.788234 0.501657 -15.928192 -3.16731 2.999711 -6.33883 -1e-06 3e-06 -18.123453 3.648185 -4.905671 -3e-06 -1e-06 -3e-06 -8.691263 12.986444 -1.758875 -18.939816 54.086563 -69.81588 -1.846024 47.621628 -2.181955 -10.294594 25.239338 17.982191 2.243543 -5.255039 -3.180161 14.282897 -0.826594 6.952506 -1e-06 -12.690609 -2e-06 16.151077 -16.341154 2.110273 1.665668 -1.955923 -2.8783 4.727801 -4.170588 4.993926 11.020535 4e-06 -2e-06 12.10906 -3.735715 -2.866787 0.0 0.0 -0.0 1.291985 -1.92855 -1.49809 14.800138 0.567468 3.865609 14.24258 -1.341737 -6.660661 19.631975 0.143926 -0.648246 48.501808 -1.061058 -6.378787 0.35303 -1.511152 -0.03194 20.222801 3.684311 2.316632 18.787287 5e-06 -0.0 10.751634 -0.479868 1.397907 -1e-06 0.0 0.0 3.273809 0.305947 -0.58011 21.486826 11.830377 2.266137 8.162932 0.0 -0.0 18.399094 -3.798986 -4.940579 3e-06 -2e-06 -2e-06 3.01463 26.343651 -2.317158 0.048233 -0.095846 4.390786 -7.136046 8.452322 -6.370017 1.659165 -1.880419 1.282813 0.0 -0.0 2e-06 -7.135454 -16.795464 -7.290686 0.074332 0.164862 4.008322 9.85138 1.767075 -0.440999 -1.387093 0.915058 0.956168 -0.0 0.0 -1e-06 
0.0 0.0 0.0 0.0 -0.0 0.0 -0.547819 100.053284 1.93768 0.017543 -7.333979 5.677238 -1.311414 0.134419 -3.595639 -0.651193 -0.030999 -5.76149 -3.195379 -2.049369 7.548099 1.094166 1.71312 -6.943353 -0.206666 0.983225 -3.725504 2.92787 -2.88569 -2.332507 7.7e-05 -2.2e-05 6e-06 0.005531 0.055629 -0.015251 0.741497 -3.631293 -10.638212 -0.738275 3.732684 -10.627075 -3.600472 -10.567651 3.873806 -12.43415 -67.817673 -38.553085 0.083753 -62.823925 1.005161 41.231533 -10.925224 0.47883 -5.882109 9.861286 0.70259 -10.936873 -0.360574 7.156204 1e-06 8.774825 -0.0 -15.679869 17.899141 5.979527 -1.844033 2.498505 -2.507277 -10.163601 4.678946 4.621109 -20.976028 1e-06 2e-06 -21.226294 2.4517 -3.594002 -1e-06 -5e-06 -1e-06 -1.362682 2.240798 -0.746323 -21.334917 0.584911 3.008322 -13.821218 -1e-06 1e-06 -23.887175 -0.249075 -0.839484 -59.266739 2.546003 -1.119847 -0.294025 1.679687 0.833257 -14.218212 0.093216 1.300581 -34.212059 -0.287559 0.967169 -20.033216 0.964537 1.212841 0.0 -0.0 1e-06 -3.440389 0.788233 0.501656 -15.928189 -3.167309 2.999707 -6.338826 -0.0 2e-06 -18.123449 3.648187 -4.905672 -3e-06 -1e-06 -3e-06 -8.990069 12.731597 -1.883101 -19.394402 53.996456 -70.046982 -1.945639 47.311016 -2.353343 -10.085018 25.292501 18.468168 2.243543 -5.255039 -3.180161 14.282898 -0.826593 6.952508 -4e-06 -12.690611 0.0 16.130007 -16.322044 2.150481 1.665666 -1.955922 -2.878299 4.727801 -4.170588 4.993928 11.020535 4e-06 -2e-06 12.109058 -3.735717 -2.866787 0.0 -0.0 -0.0 1.291986 -1.92855 -1.49809 14.800138 0.56747 3.86561 14.24258 -1.341735 -6.660663 19.631975 0.143927 -0.648245 48.446739 -1.077987 -6.348615 0.353028 -1.51115 -0.03194 20.222803 3.684314 2.316632 18.787283 8e-06 -0.0 10.751633 -0.479868 1.397908 -0.0 -1e-06 -0.0 3.273808 0.305947 -0.580111 21.486828 11.830384 2.266136 8.16293 3e-06 -1e-06 18.399092 -3.798982 -4.940578 3e-06 -1e-06 -1e-06 3.026436 26.504425 -2.211267 0.05562 -0.110993 4.230327 -7.187572 8.47364 -6.331558 1.660139 -1.877181 1.286821 -0.0 -0.0 2e-06 -7.116019 -16.709604 -7.277842 0.072411 0.168861 3.909547 9.893673 1.88054 -0.377644 -1.389049 0.919462 0.971285 -0.0 0.0 -1e-06 
0.0 0.0 0.0 0.0 -0.0 0.0 -0.539014 100.056206 1.981278 -0.001172 -7.476513 5.710072 -1.307092 0.131591 -3.578768 -0.657793 -0.052476 -5.750086 -3.329052 -2.063833 7.482193 0.97331 1.764899 -6.838223 -0.202508 0.972302 -3.730571 2.968538 -2.830396 -2.142387 7.7e-05 -2.3e-05 6e-06 0.004083 0.049315 -0.010993 0.737184 -3.638346 -10.641648 -0.737117 3.727029 -10.630635 -3.590153 -10.492513 3.932389 -11.903061 -67.81765 -39.199295 -0.023378 -62.835049 1.023961 41.25491 -10.817968 0.674061 -5.882109 9.86129 0.702591 -10.936874 -0.360572 7.156206 -0.0 8.77483 -1e-06 -15.64223 17.837383 5.993366 -1.844033 2.498505 -2.507277 -10.163602 4.678947 4.62111 -20.97603 -2e-06 2e-06 -21.226297 2.451699 -3.594002 -1e-06 -6e-06 0.0 -1.362682 2.240798 -0.746324 -21.334921 0.584912 3.008324 -13.821217 -3e-06 2e-06 -23.887178 -0.249076 -0.839485 -59.259403 2.555211 -1.105067 -0.294025 1.679688 0.833255 -14.218212 0.093216 1.30058 -34.212055 -0.287561 0.967167 -20.033218 0.964539 1.212841 1e-06 1e-06 1e-06 -3.440389 0.788234 0.501656 -15.928191 -3.167309 2.999708 -6.338827 1e-06 1e-06 -18.123453 3.648186 -4.905673 -3e-06 -1e-06 -2e-06 -9.283778 12.488855 -2.00592 -19.814556 53.912483 -70.330063 -1.9784 47.067596 -2.451732 -9.888564 25.33547 18.996141 2.243542 -5.255037 -3.180157 14.282894 -0.826594 6.9525 -2e-06 -12.690603 0.0 16.105759 -16.303625 2.192283 1.665667 -1.955922 -2.878298 4.727798 -4.170587 4.993922 11.020528 3e-06 -2e-06 12.109055 -3.735716 -2.866785 -0.0 -1e-06 0.0 1.291986 -1.928549 -1.498089 14.800132 0.567467 3.865605 14.242577 -1.341737 -6.660657 19.631971 0.143926 -0.648246 48.382793 -1.098939 -6.311863 0.353031 -1.511151 -0.031941 20.222794 3.68431 2.316628 18.787279 6e-06 -3e-06 10.751631 -0.479868 1.397905 -0.0 -1e-06 -1e-06 3.273809 0.305947 -0.580112 21.486816 11.830374 2.266131 8.162929 1e-06 -2e-06 18.399084 -3.798983 -4.940577 3e-06 -0.0 -2e-06 3.033302 26.665922 -2.121836 0.057426 -0.123574 4.089056 -7.26525 8.490796 -6.308415 1.658095 -1.875192 1.285856 -0.0 1e-06 2e-06 -7.067406 -16.60556 -7.305117 0.069249 0.164393 3.79222 9.905814 1.949742 -0.312161 -1.391694 0.931179 0.980216 -0.0 0.0 -1e-06 
0.0 0.0 0.0 0.0 -0.0 0.0 -0.520048 100.057312 2.024781 -0.020324 -7.600285 5.748497 -1.303087 0.137983 -3.568908 -0.658897 -0.075289 -5.732087 -3.453233 -2.096005 7.407054 0.839488 1.809695 -6.712271 -0.194554 0.947117 -3.740176 3.012227 -2.761566 -1.963857 7.7e-05 -2.3e-05 6e-06 0.002265 0.042389 -0.008074 0.735305 -3.644236 -10.644547 -0.739226 3.71927 -10.633874 -3.58452 -10.414612 3.980456 -11.391395 -67.846329 -39.818714 -0.083523 -62.807457 1.025451 41.254799 -10.6972 0.867876 -5.882109 9.861288 0.702589 -10.936874 -0.360576 7.156208 1e-06 8.774825 -0.0 -15.630142 17.757347 5.966998 -1.844034 2.498505 -2.507279 -10.163603 4.678946 4.62111 -20.976032 -4e-06 2e-06 -21.226295 2.451696 -3.594001 -1e-06 -6e-06 -0.0 -1.362682 2.2408 -0.746324 -21.334921 0.58491 3.008323 -13.821218 -4e-06 2e-06 -23.887177 -0.249078 -0.839484 -59.253792 2.533698 -1.09182 -0.294024 1.679686 0.833257 -14.218214 0.093215 1.300581 -34.212063 -0.287563 0.967171 -20.033222 0.964536 1.212844 -0.0 -0.0 1e-06 -3.44039 0.788234 0.501656 -15.928192 -3.16731 2.999707 -6.338828 -2e-06 1e-06 -18.123453 3.648185 -4.905673 -3e-06 -0.0 -2e-06 -9.566238 12.270403 -2.104158 -20.238817 53.837276 -70.704544 -1.951681 46.839188 -2.467672 -9.70084 25.363747 19.557915 2.243543 -5.255036 -3.18016 14.282888 -0.826595 6.952502 -3e-06 -12.690601 2e-06 16.075779 -16.299639 2.210884 1.665667 -1.955921 -2.878299 4.727799 -4.170587 4.993923 11.020527 3e-06 -3e-06 12.109054 -3.735715 -2.866787 0.0 -1e-06 0.0 1.291986 -1.92855 -1.498089 14.800129 0.567469 3.865606 14.242575 -1.341736 -6.660661 19.631971 0.143925 -0.648247 48.328716 -1.113801 -6.313403 0.353028 -1.511152 -0.031941 20.222794 3.684308 2.316627 18.787273 5e-06 -4e-06 10.751629 -0.479868 1.397905 -1e-06 0.0 -0.0 3.273808 0.305946 -0.580111 21.486814 11.830374 2.266129 8.162928 2e-06 -2e-06 18.399082 -3.79898 -4.940577 3e-06 -0.0 -2e-06 3.036841 26.81222 -2.069059 0.054705 -0.130873 4.003246 -7.352232 8.494136 -6.313026 1.654976 -1.878296 1.266848 0.0 -0.0 2e-06 -7.060196 -16.48768 -7.285441 0.066432 0.161211 3.683269 9.949941 1.982714 -0.262322 -1.394079 0.948343 0.967765 0.0 0.0 -1e-06 
0.0 0.0 0.0 0.0 -0.0 0.0 -0.501583 100.055649 2.069684 -0.032197 -7.717029 5.793512 -1.302473 0.146383 -3.565525 -0.660939 -0.091711 -5.711638 -3.570114 -2.14507 7.331692 0.696443 1.839824 -6.578909 -0.187129 0.928837 -3.748761 3.04609 -2.69683 -1.827078 7.7e-05 -2.3e-05 6e-06 0.000906 0.035528 -0.007022 0.736905 -3.649078 -10.648436 -0.743999 3.711005 -10.639029 -3.59763 -10.344147 4.030422 -10.785964 -67.883331 -40.51022 -0.166241 -62.736423 1.100871 41.294235 -10.544351 0.949657 -5.88211 9.861292 0.702591 -10.936881 -0.360576 7.156213 2e-06 8.774831 -1e-06 -15.631786 17.66732 5.923634 -1.844034 2.498506 -2.507279 -10.16361 4.678946 4.621112 -20.976042 -5e-06 6e-06 -21.226303 2.451698 -3.593999 -1e-06 -5e-06 -0.0 -1.362682 2.240801 -0.746324 -21.33493 0.584906 3.008329 -13.821225 -4e-06 5e-06 -23.887188 -0.249079 -0.839478 -59.252197 2.491498 -1.086438 -0.294025 1.679688 0.833257 -14.218221 0.093213 1.300584 -34.212082 -0.287564 0.967177 -20.033232 0.964539 1.212848 -0.0 1e-06 1e-06 -3.44039 0.788233 0.501657 -15.928201 -3.167314 2.999713 -6.338831 -2e-06 1e-06 -18.123459 3.648184 -4.905672 -3e-06 -0.0 -3e-06 -9.822374 12.0646 -2.176743 -20.695234 53.762192 -71.081436 -1.939615 46.607689 -2.466571 -9.562579 25.384163 20.055916 2.243543 -5.255041 -3.180159 14.282896 -0.826591 6.952505 -6e-06 -12.690607 1e-06 16.029352 -16.309635 2.235289 1.665667 -1.955922 -2.8783 4.727798 -4.170588 4.993925 11.020531 5e-06 -3e-06 12.109056 -3.735715 -2.866786 0.0 -1e-06 0.0 1.291986 -1.928549 -1.49809 14.800134 0.567471 3.865608 14.242577 -1.341733 -6.660661 19.631973 0.14393 -0.648244 48.302547 -1.115559 -6.348922 0.353029 -1.511151 -0.03194 20.222801 3.684314 2.316629 18.787283 6e-06 -1e-06 10.751632 -0.479866 1.397906 -0.0 -0.0 -1e-06 3.273809 0.305946 -0.580112 21.486822 11.830383 2.266132 8.16293 4e-06 -1e-06 18.399088 -3.798984 -4.940577 3e-06 -2e-06 -2e-06 3.029707 26.93882 -2.043683 0.04845 -0.132351 3.952141 -7.430215 8.477556 -6.334682 1.65202 -1.889869 1.221506 -0.0 1e-06 2e-06 -7.063103 -16.387545 -7.309448 0.064416 0.166977 3.649222 10.000407 2.0243 -0.245634 -1.395201 0.966614 0.922152 -0.0 0.0 -1e-06 
0.0 0.0 0.0 0.0 -0.0 0.0 -0.482788 100.050484 2.115443 -0.040918 -7.835507 5.857637 -1.305789 0.15177 -3.56958 -0.661326 -0.106492 -5.695358 -3.675328 -2.193694 7.257026 0.551837 1.847733 -6.459804 -0.169144 0.929738 -3.753691 3.066235 -2.63185 -1.678917 7.7e-05 -2.2e-05 6e-06 0.000883 0.035242 -0.008295 0.742 -3.646484 -10.650804 -0.749576 3.708767 -10.644122 -3.625192 -10.285625 4.086018 -10.057035 -67.921051 -41.209026 -0.108887 -62.633621 1.114391 41.413845 -10.34907 0.936983 -5.882108 9.861286 0.702591 -10.936875 -0.360575 7.156208 1e-06 8.774823 -1e-06 -15.637382 17.594648 5.898659 -1.844032 2.498504 -2.507277 -10.163603 4.678946 4.621109 -20.976028 -3e-06 4e-06 -21.226288 2.451696 -3.593999 -1e-06 -6e-06 0.0 -1.362682 2.240798 -0.746323 -21.334919 0.584911 3.008325 -13.821218 -3e-06 3e-06 -23.887177 -0.249076 -0.839483 -59.307148 2.454171 -1.087348 -0.294025 1.679687 0.833256 -14.218214 0.093215 1.30058 -34.212067 -0.287562 0.967172 -20.033222 0.964536 1.212844 -0.0 1e-06 1e-06 -3.440389 0.788234 0.501656 -15.928191 -3.16731 2.999709 -6.338828 -1e-06 1e-06 -18.123447 3.648185 -4.905671 -4e-06 -1e-06 -3e-06 -10.037253 11.869279 -2.229895 -21.209318 53.679493 -71.437492 -1.943379 46.366005 -2.48108 -9.492458 25.400974 20.458462 2.243541 -5.255039 -3.18016 14.282896 -0.826594 6.952506 -4e-06 -12.690607 -1e-06 15.96429 -16.317295 2.285045 1.665666 -1.955922 -2.878301 4.727798 -4.170587 4.993926 11.020531 4e-06 -2e-06 12.109055 -3.735716 -2.866786 -1e-06 -0.0 0.0 1.291986 -1.92855 -1.49809 14.800134 0.56747 3.865609 14.242576 -1.341736 -6.660661 19.631973 0.143926 -0.648244 48.288437 -1.110668 -6.389359 0.35303 -1.511151 -0.031941 20.222799 3.684311 2.316632 18.787279 4e-06 -0.0 10.751633 -0.479869 1.397907 -1e-06 0.0 -1e-06 3.273807 0.305948 -0.580111 21.486822 11.830377 2.266136 8.162929 1e-06 -1e-06 18.399088 -3.798985 -4.940577 3e-06 0.0 -2e-06 3.008819 27.075504 -2.074067 0.041259 -0.135604 3.967449 -7.500404 8.429834 -6.388434 1.650576 -1.910871 1.174212 -0.0 1e-06 2e-06 -7.070348 -16.300863 -7.398938 0.065262 0.176142 3.699496 10.051746 2.088094 -0.262006 -1.393899 0.974829 0.853324 0.0 0.0 -1e-06 
0.0 0.0 0.0 0.0 -0.0 0.0 -0.45461 100.046967 2.159817 -0.047421 -7.953685 5.935153 -1.315278 0.158001 -3.573692 -0.659061 -0.114535 -5.684986 -3.773264 -2.24863 7.184512 0.421466 1.854337 -6.36188 -0.14976 0.944901 -3.759476 3.077775 -2.578895 -1.504698 7.7e-05 -2.3e-05 6e-06 0.001908 0.044907 -0.013537 0.748778 -3.634853 -10.653287 -0.754699 3.717429 -10.649893 -3.670372 -10.221863 4.145392 -9.241829 -67.953102 -41.884064 0.030686 -62.531101 1.113045 41.595177 -10.074965 0.943604 -5.882109 9.861291 0.702591 -10.936875 -0.360574 7.156204 0.0 8.774826 -0.0 -15.638919 17.554413 5.889501 -1.844032 2.498505 -2.507277 -10.163604 4.678946 4.621108 -20.97603 -2e-06 3e-06 -21.226295 2.4517 -3.594001 -1e-06 -6e-06 0.0 -1.362682 2.240798 -0.746322 -21.334917 0.58491 3.008322 -13.821217 -3e-06 2e-06 -23.887177 -0.249076 -0.839485 -59.367439 2.436765 -1.078351 -0.294025 1.679688 0.833256 -14.218214 0.093216 1.300581 -34.212063 -0.287563 0.967168 -20.03322 0.964538 1.212841 -0.0 1e-06 1e-06 -3.44039 0.788234 0.501655 -15.928192 -3.16731 2.999707 -6.338828 -1e-06 1e-06 -18.123457 3.648185 -4.905673 -3e-06 1e-06 -3e-06 -10.219978 11.71099 -2.261165 -21.695251 53.552509 -71.786308 -1.912903 46.166058 -2.440998 -9.437761 25.428976 20.715391 2.243541 -5.255035 -3.180157 14.282888 -0.826594 6.952503 -4e-06 -12.690601 3e-06 15.904294 -16.308872 2.33387 1.665668 -1.95592 -2.878299 4.7278 -4.170588 4.993923 11.020528 3e-06 -3e-06 12.109053 -3.735715 -2.866784 -1e-06 1e-06 1e-06 1.291985 -1.928548 -1.49809 14.800125 0.567468 3.865607 14.242575 -1.341736 -6.660658 19.631969 0.143926 -0.648246 48.296059 -1.101825 -6.410768 0.35303 -1.511151 -0.031941 20.222794 3.684309 2.316627 18.78727 5e-06 -2e-06 10.751629 -0.479868 1.397905 -0.0 -0.0 0.0 3.273808 0.305945 -0.580112 21.486813 11.830376 2.26613 8.162926 1e-06 -1e-06 18.39908 -3.798984 -4.940575 4e-06 -1e-06 -3e-06 2.970631 27.176964 -2.118549 0.033895 -0.13793 3.974265 -7.542624 8.383208 -6.436486 1.648646 -1.928152 1.142235 0.0 -0.0 2e-06 -7.08381 -16.231255 -7.493727 0.067954 0.178755 3.719488 10.12344 2.183945 -0.247133 -1.39043 0.975465 0.783903 -0.0 0.0 -1e-06 
0.0 0.0 0.0 0.0 -0.0 0.0 -0.423046 100.046005 2.20149 -0.058088 -8.051575 6.011303 -1.331415 0.162507 -3.578724 -0.652839 -0.114353 -5.676869 -3.863848 -2.316906 7.126175 0.327591 1.862447 -6.295577 -0.133905 0.979889 -3.75657 3.075971 -2.559195 -1.323669 7.7e-05 -2.3e-05 6e-06 0.00315 0.058205 -0.019207 0.75703 -3.621373 -10.654067 -0.76073 3.7312 -10.653701 -3.724079 -10.150235 4.187323 -8.443322 -67.989166 -42.436119 0.182063 -62.454296 1.105171 41.807224 -9.751361 0.975918 -5.882108 9.861288 0.702588 -10.936873 -0.360574 7.156206 -1e-06 8.774826 -2e-06 -15.614646 17.54495 5.899797 -1.844033 2.498505 -2.507279 -10.163603 4.678946 4.621109 -20.976027 -2e-06 0.0 -21.226288 2.451699 -3.594002 -1e-06 -6e-06 -0.0 -1.362682 2.240798 -0.746324 -21.334917 0.58491 3.008324 -13.821218 -2e-06 2e-06 -23.887175 -0.249077 -0.839485 -59.366974 2.432058 -1.054539 -0.294024 1.679688 0.833256 -14.21821 0.093215 1.300581 -34.212051 -0.287562 0.967169 -20.033216 0.964537 1.212842 -0.0 1e-06 1e-06 -3.440389 0.788233 0.501656 -15.928191 -3.167308 2.99971 -6.338827 -1e-06 1e-06 -18.123447 3.648186 -4.905674 -4e-06 1e-06 -2e-06 -10.381032 11.570564 -2.284294 -22.110331 53.395054 -72.028236 -1.900825 45.99157 -2.398093 -9.409493 25.499214 20.87532 2.243541 -5.255039 -3.180159 14.282897 -0.826594 6.952502 -4e-06 -12.690607 -1e-06 15.843263 -16.285692 2.359019 1.665667 -1.955924 -2.8783 4.7278 -4.170588 4.993924 11.020531 4e-06 -4e-06 12.109056 -3.735714 -2.866787 -1e-06 -1e-06 0.0 1.291986 -1.92855 -1.498091 14.800138 0.56747 3.865608 14.24258 -1.341734 -6.660664 19.631981 0.143928 -0.648247 48.298073 -1.086553 -6.423078 0.353029 -1.51115 -0.031941 20.222801 3.684313 2.31663 18.787281 7e-06 -2e-06 10.751631 -0.479866 1.397906 0.0 -0.0 -1e-06 3.273808 0.305948 -0.580111 21.486824 11.830379 2.266134 8.16293 1e-06 -3e-06 18.39909 -3.79898 -4.940578 3e-06 0.0 -2e-06 2.930236 27.207264 -2.159828 0.030918 -0.137463 3.965835 -7.556085 8.347811 -6.474993 1.646262 -1.931791 1.123685 -0.0 1e-06 2e-06 -7.093291 -16.188738 -7.55428 0.068756 0.184165 3.669761 10.201661 2.277488 -0.189671 -1.386069 0.972223 0.721162 0.0 0.0 -1e-06 
0.0 0.0 0.0 0.0 -0.0 0.0 -0.392068 100.045609 2.248488 -0.071057 -8.126507 6.084676 -1.359126 0.146409 -3.582158 -0.645889 -0.120225 -5.673181 -3.936453 -2.381691 7.083093 0.279844 1.858699 -6.253255 -0.128244 1.02915 -3.743537 3.069388 -2.559221 -1.152519 7.7e-05 -2.2e-05 6e-06 0.003653 0.067633 -0.022195 0.763872 -3.611576 -10.649958 -0.766637 3.740319 -10.653197 -3.753204 -10.073563 4.230586 -7.625368 -68.002495 -42.989162 0.209567 -62.441223 1.203301 42.03511 -9.334081 0.956265 -5.882114 9.8613 0.702592 -10.936887 -0.360572 7.156212 -0.0 8.774837 -1e-06 -15.575773 17.558233 5.925246 -1.844034 2.498507 -2.507279 -10.163613 4.678951 4.621113 -20.976053 -2e-06 4e-06 -21.226315 2.451701 -3.594003 -1e-06 -6e-06 -0.0 -1.362683 2.240803 -0.746323 -21.334942 0.584912 3.008328 -13.821233 -1e-06 4e-06 -23.887201 -0.249076 -0.839483 -59.292667 2.454829 -1.014105 -0.294025 1.679689 0.833256 -14.218229 0.093216 1.300583 -34.212097 -0.287561 0.967173 -20.033243 0.964539 1.212845 -0.0 -0.0 1e-06 -3.440393 0.788236 0.501656 -15.928206 -3.167312 2.999712 -6.338834 -0.0 2e-06 -18.12347 3.648188 -4.905676 -3e-06 1e-06 -2e-06 -10.501258 11.430177 -2.271262 -22.538382 53.213696 -72.225365 -1.897599 45.824093 -2.408756 -9.384947 25.602114 20.987057 2.243543 -5.255044 -3.180163 14.282911 -0.826593 6.952509 -4e-06 -12.690619 -2e-06 15.795822 -16.263117 2.388337 1.665669 -1.955925 -2.878304 4.727804 -4.170591 4.993928 11.020544 5e-06 -4e-06 12.109068 -3.735718 -2.866791 -0.0 0.0 1e-06 1.291986 -1.928553 -1.498091 14.800148 0.567474 3.86561 14.242592 -1.341735 -6.660669 19.631996 0.143931 -0.648247 48.291649 -1.07306 -6.402051 0.35303 -1.511153 -0.03194 20.222818 3.684319 2.316631 18.7873 9e-06 -3e-06 10.751643 -0.479865 1.397908 -0.0 -0.0 1e-06 3.273812 0.305949 -0.580112 21.486845 11.830393 2.266136 8.162937 3e-06 -2e-06 18.399103 -3.798982 -4.940583 3e-06 -2e-06 -0.0 2.890142 27.165483 -2.196866 0.031908 -0.133959 3.948983 -7.576654 8.326436 -6.516299 1.643003 -1.922025 1.107963 -0.0 -0.0 2e-06 -7.10007 -16.187132 -7.592238 0.069921 0.186757 3.592458 10.278872 2.381342 -0.117526 -1.382443 0.968464 0.692502 0.0 0.0 -1e-06 
0.0 0.0 0.0 0.0 -0.0 0.0 -0.356241 100.044838 2.301813 -0.089835 -8.185449 6.155785 -1.383181 0.110415 -3.575642 -0.643581 -0.146153 -5.674911 -3.982131 -2.424827 7.036129 0.238081 1.859291 -6.210578 -0.122357 1.077863 -3.727187 3.04964 -2.585716 -1.020444 7.7e-05 -2.2e-05 6e-06 0.004891 0.079464 -0.025829 0.769151 -3.600575 -10.653536 -0.769362 3.752307 -10.660643 -3.732384 -9.989267 4.289815 -6.756793 -67.978386 -43.593807 0.136951 -62.470379 1.287859 42.220333 -8.881282 0.913344 -5.882113 9.861297 0.702592 -10.936884 -0.360576 7.156214 0.0 8.774836 -1e-06 -15.531369 17.576933 5.965036 -1.844034 2.498507 -2.50728 -10.163612 4.67895 4.621113 -20.976048 -3e-06 5e-06 -21.226315 2.451705 -3.594002 -1e-06 -6e-06 0.0 -1.362683 2.240802 -0.746323 -21.334938 0.58491 3.00833 -13.821229 -3e-06 4e-06 -23.887196 -0.249076 -0.839481 -59.200775 2.486525 -0.959785 -0.294025 1.679689 0.833256 -14.218225 0.093213 1.300584 -34.212097 -0.28756 0.967177 -20.033241 0.964541 1.212847 -0.0 1e-06 1e-06 -3.440392 0.788234 0.501657 -15.928206 -3.167312 2.999713 -6.338833 -1e-06 2e-06 -18.12347 3.648189 -4.905674 -4e-06 1e-06 -3e-06 -10.607255 11.287078 -2.256391 -22.927179 53.046101 -72.450302 -1.844078 45.679932 -2.451161 -9.249573 25.730305 21.217592 2.243544 -5.255041 -3.180161 14.282899 -0.826595 6.952507 -4e-06 -12.690612 0.0 15.77418 -16.248558 2.42175 1.665669 -1.955923 -2.878303 4.727801 -4.170589 4.993927 11.020535 4e-06 -3e-06 12.109059 -3.735716 -2.866788 -1e-06 -0.0 1e-06 1.291986 -1.928551 -1.498091 14.800139 0.56747 3.865608 14.242585 -1.341736 -6.660666 19.631987 0.143929 -0.648247 48.295506 -1.078229 -6.368159 0.353031 -1.511152 -0.031941 20.222805 3.684313 2.316629 18.787289 8e-06 -3e-06 10.751636 -0.479867 1.397906 -0.0 -0.0 1e-06 3.27381 0.305948 -0.580111 21.48683 11.830384 2.266133 8.162934 2e-06 -2e-06 18.399094 -3.798985 -4.940581 4e-06 -0.0 -1e-06 2.854871 27.10162 -2.237925 0.034662 -0.133292 3.946451 -7.605358 8.330364 -6.571661 1.64139 -1.91526 1.109794 -0.0 -0.0 2e-06 -7.09949 -16.190477 -7.606569 0.070958 0.181622 3.488594 10.335525 2.483495 -0.042199 -1.381185 0.962472 0.707004 0.0 0.0 -1e-06 
0.0 0.0 0.0 0.0 -0.0 0.0 -0.314141 100.046013 2.35375 -0.106861 -8.234252 6.2278 -1.39688 0.069779 -3.562476 -0.647379 -0.177371 -5.679917 -4.004173 -2.45842 6.989269 0.174991 1.881843 -6.188618 -0.130201 1.081112 -3.715252 3.037551 -2.612832 -0.882397 7.7e-05 -2.2e-05 6e-06 0.005622 0.085534 -0.028224 0.772836 -3.594776 -10.658487 -0.771458 3.757632 -10.667204 -3.652891 -9.914406 4.335759 -5.837738 -67.870842 -44.231701 -0.018567 -62.536728 1.3595 42.381443 -8.434452 0.780888 -5.882111 9.861295 0.702592 -10.93688 -0.360574 7.15621 -0.0 8.774832 -1e-06 -15.50433 17.577866 5.996389 -1.844034 2.498506 -2.507278 -10.163607 4.678948 4.621112 -20.97604 -1e-06 5e-06 -21.226301 2.451701 -3.594001 -2e-06 -6e-06 0.0 -1.362682 2.2408 -0.746324 -21.33493 0.584911 3.008327 -13.821225 -2e-06 3e-06 -23.887188 -0.249074 -0.839482 -59.160038 2.500544 -0.922385 -0.294025 1.679689 0.833257 -14.218221 0.093215 1.300582 -34.212082 -0.28756 0.967173 -20.03323 0.964538 1.212844 0.0 1e-06 -0.0 -3.440392 0.788234 0.501655 -15.928201 -3.167312 2.999709 -6.338832 0.0 2e-06 -18.123463 3.648186 -4.905674 -4e-06 1e-06 -3e-06 -10.711743 11.124699 -2.232568 -23.386671 52.88924 -72.761871 -1.772236 45.529705 -2.539877 -9.105357 25.831982 21.442642 2.243544 -5.255037 -3.18016 14.282896 -0.826596 6.952506 -2e-06 -12.690607 0.0 15.764136 -16.25712 2.463106 1.665667 -1.955922 -2.878302 4.727801 -4.170588 4.993925 11.020529 3e-06 -2e-06 12.109055 -3.735716 -2.866787 -1e-06 -1e-06 1e-06 1.291985 -1.92855 -1.498091 14.800134 0.567466 3.865608 14.242579 -1.341736 -6.660663 19.631975 0.143925 -0.648248 48.300171 -1.084942 -6.338938 0.353031 -1.51115 -0.03194 20.222801 3.684309 2.31663 18.787283 4e-06 -2e-06 10.751634 -0.479871 1.397906 -0.0 -1e-06 -0.0 3.273808 0.305948 -0.580112 21.486824 11.830376 2.266133 8.16293 -2e-06 -1e-06 18.399092 -3.798984 -4.94058 3e-06 -0.0 -1e-06 2.815222 27.082268 -2.26932 0.039284 -0.136742 3.916209 -7.634803 8.32267 -6.606062 1.640841 -1.913836 1.10226 0.0 -0.0 2e-06 -7.101064 -16.216639 -7.598329 0.071054 0.17644 3.346055 10.417796 2.574122 0.054919 -1.381778 0.955158 0.736563 -0.0 0.0 -1e-06 
0.0 0.0 0.0 0.0 -0.0 0.0 -0.268624 100.046219 2.399971 -0.123197 -8.257792 6.297515 -1.397397 0.030842 -3.543462 -0.652663 -0.205278 -5.687351 -4.0118 -2.48069 6.951991 0.091891 1.915636 -6.173684 -0.147504 1.052034 -3.714813 3.031498 -2.622522 -0.735626 7.7e-05 -2.2e-05 6e-06 0.004926 0.08114 -0.029317 0.772163 -3.599102 -10.6645 -0.772093 3.752244 -10.671572 -3.533004 -9.862642 4.372374 -4.787009 -67.702904 -44.969208 -0.224514 -62.611034 1.453016 42.493515 -7.958754 0.542552 -5.88211 9.861292 0.702589 -10.936877 -0.360575 7.156209 -1e-06 8.774828 -3e-06 -15.492224 17.567753 6.014008 -1.844034 2.498507 -2.507278 -10.163606 4.678947 4.62111 -20.976038 -0.0 3e-06 -21.226301 2.4517 -3.594002 -1e-06 -6e-06 0.0 -1.362682 2.2408 -0.746322 -21.334929 0.584911 3.008324 -13.821221 -2e-06 3e-06 -23.887178 -0.249075 -0.839484 -59.174225 2.498527 -0.921615 -0.294025 1.679689 0.833256 -14.218215 0.093216 1.300582 -34.212063 -0.28756 0.967171 -20.033222 0.964539 1.212844 0.0 -0.0 0.0 -3.44039 0.788234 0.501655 -15.928198 -3.167312 2.99971 -6.33883 -0.0 2e-06 -18.123459 3.648186 -4.905674 -3e-06 1e-06 -3e-06 -10.796079 10.945267 -2.171258 -23.948895 52.730328 -73.225006 -1.679463 45.391159 -2.627738 -9.016339 25.867538 21.501831 2.243544 -5.255037 -3.18016 14.282896 -0.826595 6.952502 -2e-06 -12.690607 -1e-06 15.763107 -16.273649 2.498809 1.665667 -1.955924 -2.8783 4.727802 -4.17059 4.993924 11.02053 4e-06 -3e-06 12.109058 -3.735716 -2.866788 -0.0 -1e-06 0.0 1.291985 -1.92855 -1.498091 14.800134 0.567467 3.865604 14.242579 -1.341738 -6.660664 19.631975 0.143929 -0.648249 48.282101 -1.084204 -6.320528 0.35303 -1.511152 -0.031941 20.222801 3.684311 2.316628 18.787283 7e-06 -4e-06 10.751633 -0.479867 1.397906 0.0 -1e-06 1e-06 3.273809 0.305946 -0.580112 21.486824 11.830381 2.266131 8.16293 2e-06 -3e-06 18.399092 -3.798984 -4.940581 3e-06 -0.0 0.0 2.776802 27.077826 -2.326714 0.043273 -0.14871 3.929995 -7.654786 8.297287 -6.651937 1.639498 -1.911584 1.093636 0.0 -0.0 2e-06 -7.102158 -16.279985 -7.586272 0.068413 0.171945 3.213079 10.504019 2.664225 0.146883 -1.382549 0.947295 0.766575 -0.0 0.0 -1e-06 
0.0 0.0 0.0 0.0 -0.0 0.0 -0.224435 100.045166 2.442132 -0.136674 -8.242947 6.37045 -1.391584 -0.001763 -3.52679 -0.658557 -0.221825 -5.697113 -4.007512 -2.513126 6.931659 -0.000151 1.954207 -6.157581 -0.167982 1.022031 -3.711845 3.014581 -2.611733 -0.607405 7.7e-05 -2.2e-05 6e-06 0.00318 0.071393 -0.02766 0.768945 -3.609549 -10.67342 -0.772327 3.742409 -10.676481 -3.364058 -9.793482 4.396678 -3.622787 -67.53064 -45.780296 -0.372301 -62.681084 1.490819 42.523743 -7.397734 0.219602 -5.882109 9.86129 0.70259 -10.936874 -0.360573 7.156206 -0.0 8.774827 -1e-06 -15.490779 17.551256 6.028557 -1.844033 2.498505 -2.507278 -10.163603 4.678947 4.621109 -20.97603 1e-06 2e-06 -21.226292 2.451698 -3.594004 -1e-06 -6e-06 -0.0 -1.362682 2.240799 -0.746324 -21.334917 0.584913 3.008322 -13.821217 -1e-06 2e-06 -23.887175 -0.249077 -0.839486 -59.242413 2.484413 -0.936512 -0.294025 1.679687 0.833256 -14.218212 0.093217 1.30058 -34.212048 -0.287562 0.967167 -20.033213 0.964538 1.212842 1e-06 1e-06 1e-06 -3.44039 0.788234 0.501656 -15.928189 -3.167308 2.999708 -6.338828 -0.0 0.0 -18.123453 3.648186 -4.905674 -3e-06 1e-06 -3e-06 -10.88362 10.795193 -2.149665 -24.412802 52.56321 -73.580376 -1.638587 45.323921 -2.729664 -8.961665 25.773935 21.534771 2.243544 -5.255038 -3.180159 14.282898 -0.826596 6.952503 -4e-06 -12.690608 1e-06 15.754033 -16.279234 2.527039 1.665668 -1.955922 -2.878301 4.7278 -4.170588 4.993925 11.020531 4e-06 -2e-06 12.109059 -3.735714 -2.866788 -1e-06 0.0 0.0 1.291986 -1.928552 -1.498089 14.800134 0.567469 3.865607 14.242583 -1.341736 -6.660665 19.631981 0.143927 -0.64825 48.20509 -1.085197 -6.312065 0.353029 -1.511152 -0.031938 20.222803 3.684313 2.316627 18.787283 7e-06 -4e-06 10.751633 -0.479869 1.397907 0.0 -0.0 -0.0 3.273808 0.305945 -0.580112 21.486828 11.830378 2.26613 8.162931 1e-06 -4e-06 18.399094 -3.798982 -4.94058 4e-06 -0.0 -1e-06 2.689893 27.053305 -2.45077 0.047501 -0.167239 3.992447 -7.611747 8.27739 -6.732599 1.638864 -1.913533 1.068963 0.0 -0.0 2e-06 -7.097034 -16.357672 -7.583107 0.064166 0.169595 3.105122 10.562115 2.752863 0.210287 -1.384043 0.939851 0.768037 -0.0 0.0 -1e-06 
0.0 0.0 0.0 0.0 -0.0 0.0 -0.181963 100.047638 2.475015 -0.160152 -8.225552 6.439468 -1.3863 -0.022564 -3.50743 -0.666798 -0.234308 -5.697772 -3.975165 -2.563617 6.90349 -0.098756 2.013241 -6.136594 -0.173433 1.003255 -3.711097 2.97309 -2.583275 -0.446024 7.7e-05 -2.2e-05 6e-06 0.002444 0.063031 -0.029099 0.766807 -3.620178 -10.68819 -0.771606 3.735774 -10.687499 -3.145093 -9.681748 4.445262 -2.281208 -67.366508 -46.738213 -0.409118 -62.747269 1.369072 42.485508 -6.763498 -0.090802 -5.882108 9.86129 0.702591 -10.936873 -0.360573 7.156206 -1e-06 8.774825 -1e-06 -15.499556 17.527805 6.032172 -1.844033 2.498505 -2.507278 -10.163603 4.678948 4.621108 -20.976027 -0.0 2e-06 -21.226292 2.4517 -3.594003 -1e-06 -6e-06 -1e-06 -1.362682 2.240801 -0.746324 -21.334915 0.584911 3.008324 -13.821216 1e-06 1e-06 -23.887171 -0.249076 -0.839486 -59.317627 2.463186 -0.978345 -0.294025 1.679688 0.833257 -14.21821 0.093217 1.300581 -34.212048 -0.287559 0.967168 -20.033215 0.964539 1.212842 0.0 1e-06 0.0 -3.440388 0.788234 0.501657 -15.928187 -3.167308 2.999709 -6.338827 1e-06 1e-06 -18.123444 3.648185 -4.905673 -3e-06 0.0 -3e-06 -11.006037 10.703834 -2.175144 -24.754438 52.405231 -73.819099 -1.651519 45.323906 -2.847303 -8.947606 25.596598 21.548065 2.243541 -5.255036 -3.180158 14.282892 -0.826595 6.9525 -5e-06 -12.690604 0.0 15.736318 -16.279255 2.578387 1.665666 -1.955921 -2.878299 4.7278 -4.170587 4.993923 11.020524 5e-06 -2e-06 12.109052 -3.735715 -2.866785 -1e-06 -1e-06 0.0 1.291985 -1.92855 -1.498088 14.800127 0.567469 3.865606 14.242574 -1.341736 -6.66066 19.631968 0.143929 -0.648247 48.143612 -1.085932 -6.300352 0.353028 -1.511151 -0.03194 20.222788 3.684311 2.316628 18.78727 7e-06 -2e-06 10.751627 -0.479866 1.397905 -0.0 -0.0 0.0 3.273807 0.305946 -0.580112 21.486814 11.830376 2.266131 8.162927 2e-06 -2e-06 18.39908 -3.798984 -4.940576 4e-06 -0.0 -1e-06 2.6749 27.046522 -2.535225 0.0523 -0.190524 4.044482 -7.581775 8.260036 -6.764565 1.638458 -1.914078 1.033373 0.0 -0.0 2e-06 -7.076333 -16.426104 -7.541401 0.060825 0.171008 2.938072 10.602757 2.838593 0.30142 -1.385524 0.942791 0.755742 -0.0 1e-06 -1e-06 
0.0 0.0 0.0 0.0 -0.0 0.0 -0.143911 100.049423 2.498963 -0.191135 -8.217699 6.507297 -1.380903 -0.033006 -3.48748 -0.679169 -0.258738 -5.689124 -3.918664 -2.607317 6.853449 -0.219701 2.063714 -6.107506 -0.155529 0.995541 -3.708958 2.919806 -2.559592 -0.234823 7.7e-05 -2.2e-05 6e-06 0.002128 0.058851 -0.029929 0.766355 -3.626961 -10.699325 -0.771782 3.733883 -10.693803 -2.865434 -9.554136 4.502741 -0.777295 -67.191864 -47.824707 -0.385758 -62.754597 1.191316 42.380081 -6.053659 -0.495735 -5.882107 9.861286 0.70259 -10.936872 -0.360575 7.156207 1e-06 8.774824 -0.0 -15.523166 17.494743 6.009267 -1.844032 2.498504 -2.507277 -10.1636 4.678946 4.621109 -20.976021 -5e-06 2e-06 -21.226286 2.451696 -3.594 -1e-06 -6e-06 -0.0 -1.362682 2.240798 -0.746323 -21.334913 0.584911 3.008323 -13.821213 -3e-06 3e-06 -23.887173 -0.249078 -0.839482 -59.349453 2.435248 -1.003963 -0.294025 1.679687 0.833255 -14.218208 0.093215 1.300581 -34.212048 -0.287563 0.96717 -20.033211 0.964537 1.212843 0.0 1e-06 0.0 -3.440389 0.788233 0.501656 -15.928185 -3.167309 2.999706 -6.338826 -2e-06 2e-06 -18.123444 3.648184 -4.905671 -3e-06 1e-06 -3e-06 -11.161708 10.676984 -2.239637 -24.97818 52.236038 -74.021317 -1.618747 45.357861 -2.923528 -8.874072 25.425739 21.574347 2.243541 -5.255035 -3.180157 14.282888 -0.826595 6.952503 -3e-06 -12.690605 0.0 15.72965 -16.26836 2.618515 1.665665 -1.955922 -2.878298 4.727796 -4.170587 4.993924 11.020524 2e-06 1e-06 12.109051 -3.735714 -2.866783 -1e-06 -0.0 0.0 1.291983 -1.928549 -1.498088 14.800125 0.567469 3.865608 14.242569 -1.341737 -6.660656 19.631968 0.143926 -0.648243 48.062973 -1.094203 -6.286113 0.353029 -1.511152 -0.03194 20.222788 3.68431 2.316631 18.78727 6e-06 1e-06 10.751627 -0.479869 1.397907 -0.0 -1e-06 -0.0 3.273806 0.305947 -0.580111 21.486814 11.830376 2.266135 8.162928 1e-06 -1e-06 18.399082 -3.798984 -4.940574 4e-06 -0.0 0.0 2.672179 27.059238 -2.637783 0.051659 -0.206846 4.141385 -7.55227 8.256824 -6.815635 1.637455 -1.917528 1.004259 0.0 -0.0 2e-06 -7.041169 -16.480946 -7.503082 0.055558 0.178023 2.782373 10.621217 2.895146 0.379877 -1.387309 0.9499 0.75528 -0.0 0.0 -1e-06 
0.0 0.0 0.0 0.0 -0.0 0.0 -0.113312 100.048538 2.524159 -0.214414 -8.186635 6.572742 -1.382464 -0.036971 -3.47344 -0.690862 -0.287116 -5.674328 -3.853047 -2.652266 6.793633 -0.373818 2.115237 -6.067294 -0.136187 0.965944 -3.706645 2.875635 -2.531866 -0.020416 7.7e-05 -2.2e-05 6e-06 0.001351 0.057375 -0.02732 0.76586 -3.629496 -10.699751 -0.773017 3.73387 -10.690571 -2.573325 -9.433968 4.53615 0.722184 -67.016869 -48.90987 -0.370945 -62.69585 1.081102 42.219982 -5.302273 -1.006455 -5.882111 9.861292 0.70259 -10.936883 -0.360577 7.156213 1e-06 8.774831 -2e-06 -15.537278 17.469837 5.983263 -1.844034 2.498507 -2.507279 -10.16361 4.678946 4.621112 -20.97604 -4e-06 6e-06 -21.226305 2.4517 -3.594 -1e-06 -6e-06 -0.0 -1.362683 2.2408 -0.746326 -21.334934 0.584906 3.00833 -13.821229 -5e-06 5e-06 -23.887192 -0.249077 -0.83948 -59.345978 2.411867 -1.015427 -0.294024 1.679689 0.833256 -14.218224 0.093214 1.300583 -34.212082 -0.287564 0.967176 -20.033232 0.964538 1.212848 0.0 1e-06 0.0 -3.440392 0.788235 0.501656 -15.928203 -3.167314 2.999712 -6.338833 -2e-06 3e-06 -18.123463 3.648184 -4.905673 -4e-06 1e-06 -3e-06 -11.322146 10.693072 -2.31496 -25.13599 52.043179 -74.210693 -1.530693 45.3811 -2.912966 -8.704391 25.284185 21.580137 2.24354 -5.255041 -3.18016 14.282896 -0.826593 6.952508 -4e-06 -12.690611 -2e-06 15.71 -16.245213 2.618226 1.665666 -1.955922 -2.878299 4.7278 -4.170588 4.993925 11.020531 5e-06 0.0 12.109055 -3.735715 -2.866785 -0.0 -1e-06 1e-06 1.291985 -1.928551 -1.498091 14.800134 0.567471 3.865611 14.242575 -1.341735 -6.66066 19.631973 0.143928 -0.648241 47.961887 -1.093781 -6.289427 0.353028 -1.511149 -0.03194 20.222801 3.684316 2.316635 18.787283 6e-06 3e-06 10.751634 -0.479869 1.39791 -1e-06 1e-06 0.0 3.273809 0.305949 -0.580111 21.486826 11.830386 2.26614 8.16293 2e-06 0.0 18.399088 -3.798984 -4.940574 4e-06 -0.0 -1e-06 2.668645 27.074421 -2.754121 0.045685 -0.218169 4.264843 -7.530966 8.227553 -6.876652 1.636309 -1.916385 0.976261 0.0 -0.0 2e-06 -7.011955 -16.53516 -7.491614 0.052075 0.185294 2.687743 10.631115 2.920942 0.415806 -1.389468 0.961468 0.772077 -0.0 0.0 -1e-06 
0.0 0.0 0.0 0.0 -0.0 0.0 -0.082724 100.045547 2.562186 -0.236731 -8.143824 6.639266 -1.383718 -0.033748 -3.470626 -0.698869 -0.305648 -5.658672 -3.788145 -2.707775 6.727318 -0.557247 2.183735 -6.001106 -0.1113 0.94939 -3.709752 2.84065 -2.526287 0.142691 7.7e-05 -2.2e-05 6e-06 0.002383 0.063197 -0.025293 0.768343 -3.623255 -10.694096 -0.773651 3.739985 -10.683429 -2.308268 -9.328958 4.545538 2.208398 -66.829231 -49.943665 -0.355652 -62.588779 1.015363 42.02755 -4.536705 -1.702274 -5.882109 9.86129 0.70259 -10.936873 -0.360574 7.156208 -0.0 8.774826 -2e-06 -15.536819 17.457115 5.968204 -1.844032 2.498505 -2.507277 -10.163603 4.678946 4.621109 -20.976027 3e-06 4e-06 -21.226292 2.4517 -3.594002 -1e-06 -5e-06 0.0 -1.362682 2.240797 -0.746324 -21.334919 0.584913 3.008326 -13.821218 -0.0 3e-06 -23.887175 -0.249074 -0.839483 -59.328224 2.392727 -1.01511 -0.294025 1.679688 0.833256 -14.21821 0.093216 1.300583 -34.212055 -0.287558 0.967173 -20.033216 0.96454 1.212843 0.0 1e-06 1e-06 -3.440389 0.788234 0.501655 -15.928187 -3.167309 2.99971 -6.338826 -0.0 2e-06 -18.123446 3.648187 -4.905671 -4e-06 1e-06 -3e-06 -11.465607 10.733696 -2.370008 -25.316957 51.837044 -74.409088 -1.420321 45.356205 -2.857975 -8.545391 25.205971 21.686676 2.243543 -5.255039 -3.180161 14.282898 -0.82659 6.952503 -6e-06 -12.690608 -1e-06 15.651465 -16.227304 2.609364 1.665667 -1.955922 -2.878301 4.727801 -4.170588 4.993925 11.020532 5e-06 -2e-06 12.109058 -3.735713 -2.866787 -1e-06 -1e-06 0.0 1.291986 -1.92855 -1.49809 14.800138 0.567471 3.865608 14.242582 -1.341735 -6.660665 19.631981 0.14393 -0.648247 47.862923 -1.091808 -6.313287 0.353028 -1.51115 -0.031941 20.222801 3.684315 2.316629 18.787283 1e-05 -2e-06 10.751633 -0.479867 1.397906 -0.0 -0.0 -1e-06 3.273809 0.305949 -0.580111 21.486828 11.830383 2.266133 8.16293 3e-06 -3e-06 18.399092 -3.798981 -4.940579 4e-06 -0.0 0.0 2.666308 27.091204 -2.871223 0.040017 -0.227158 4.395822 -7.512022 8.168724 -6.945881 1.634939 -1.913969 0.93123 0.0 -0.0 2e-06 -6.985354 -16.569792 -7.489049 0.048639 0.190964 2.606283 10.642274 2.926467 0.4367 -1.390885 0.968743 0.78077 -0.0 0.0 -1e-06 
0.0 0.0 0.0 0.0 -0.0 0.0 -0.054644 100.043488 2.608496 -0.258974 -8.124969 6.71297 -1.379736 -0.02477 -3.47913 -0.698944 -0.314973 -5.649027 -3.727177 -2.746559 6.652109 -0.759997 2.248652 -5.918697 -0.089 0.946909 -3.707925 2.819504 -2.524487 0.262718 7.7e-05 -2.2e-05 6e-06 0.004311 0.07556 -0.025862 0.772862 -3.60902 -10.682486 -0.774561 3.751298 -10.67208 -2.083411 -9.251199 4.525341 3.55486 -66.618546 -50.847622 -0.414034 -62.456139 1.020612 41.848076 -3.854507 -2.482198 -5.882106 9.861284 0.702591 -10.936869 -0.360573 7.156203 0.0 8.774822 -0.0 -15.554547 17.472008 5.950458 -1.844033 2.498505 -2.507279 -10.163597 4.678945 4.621107 -20.976021 -2e-06 -1e-06 -21.226284 2.451697 -3.594004 -1e-06 -6e-06 -1e-06 -1.362682 2.240798 -0.746323 -21.334911 0.584911 3.008322 -13.821213 -2e-06 2e-06 -23.887167 -0.249077 -0.839485 -59.372562 2.383181 -1.014707 -0.294025 1.679687 0.833255 -14.218207 0.093216 1.30058 -34.212048 -0.287563 0.967166 -20.033209 0.964536 1.21284 0.0 1e-06 1e-06 -3.440388 0.788235 0.501655 -15.928183 -3.167308 2.999707 -6.338825 -0.0 1e-06 -18.123444 3.648184 -4.905673 -4e-06 0.0 -3e-06 -11.593881 10.76808 -2.395175 -25.528988 51.639095 -74.625549 -1.239195 45.263191 -2.774362 -8.449179 25.227398 21.813059 2.243543 -5.255036 -3.180159 14.282891 -0.826596 6.952501 -1e-06 -12.690601 1e-06 15.568167 -16.215368 2.614907 1.665666 -1.955922 -2.878299 4.727799 -4.170586 4.993924 11.020528 3e-06 -1e-06 12.109053 -3.735714 -2.866784 -1e-06 -1e-06 0.0 1.291986 -1.92855 -1.498089 14.800127 0.567468 3.865608 14.242571 -1.341737 -6.660659 19.631968 0.143925 -0.648245 47.751705 -1.090645 -6.345638 0.353029 -1.511151 -0.03194 20.222788 3.684307 2.316629 18.787271 5e-06 -1e-06 10.751625 -0.479867 1.397906 -1e-06 -0.0 -1e-06 3.273807 0.305949 -0.58011 21.486813 11.830376 2.266134 8.162928 -0.0 -1e-06 18.399082 -3.798983 -4.940576 4e-06 -0.0 0.0 2.656788 27.109169 -2.968168 0.034495 -0.234991 4.479797 -7.491661 8.123839 -7.002286 1.635008 -1.917363 0.905404 0.0 -1e-06 2e-06 -6.959332 -16.574804 -7.49377 0.044159 0.18645 2.51408 10.650133 2.912517 0.466321 -1.390747 0.961866 0.768239 -0.0 0.0 -1e-06 
0.0 0.0 0.0 0.0 -0.0 0.0 -0.032783 100.036713 2.656154 -0.279628 -8.125861 6.782602 -1.375141 -0.01879 -3.493542 -0.68826 -0.31741 -5.642795 -3.672633 -2.760249 6.583721 -0.960316 2.290556 -5.862751 -0.063641 0.969351 -3.705474 2.789904 -2.512508 0.352768 7.7e-05 -2.2e-05 6e-06 0.006372 0.092304 -0.029083 0.777205 -3.590633 -10.674826 -0.774944 3.767153 -10.664042 -1.883996 -9.189698 4.471225 4.697666 -66.390945 -51.594723 -0.532344 -62.335899 1.081469 41.689766 -3.203569 -3.255432 -5.882107 9.861286 0.702589 -10.936873 -0.360575 7.156208 1e-06 8.774824 -1e-06 -15.581033 17.500542 5.934376 -1.844033 2.498506 -2.507279 -10.163602 4.678945 4.621109 -20.976027 -3e-06 4e-06 -21.226288 2.451696 -3.594 -1e-06 -6e-06 -1e-06 -1.362682 2.240799 -0.746323 -21.334917 0.58491 3.008324 -13.821217 -3e-06 3e-06 -23.887175 -0.249078 -0.839482 -59.424622 2.38146 -1.017914 -0.294025 1.679688 0.833256 -14.218212 0.093213 1.300584 -34.212063 -0.287562 0.967175 -20.033215 0.964539 1.212845 -1e-06 0.0 1e-06 -3.440389 0.788234 0.501656 -15.928189 -3.167309 2.999709 -6.338828 -1e-06 3e-06 -18.123447 3.648184 -4.90567 -3e-06 1e-06 -2e-06 -11.7196 10.798787 -2.403871 -25.704126 51.427494 -74.71833 -1.081146 45.147072 -2.683526 -8.447193 25.285942 21.761957 2.243542 -5.25504 -3.18016 14.282898 -0.826591 6.952505 -3e-06 -12.69061 -2e-06 15.502774 -16.193316 2.626214 1.665666 -1.955924 -2.878299 4.727801 -4.170588 4.993925 11.020529 4e-06 -0.0 12.109058 -3.735715 -2.866784 -0.0 0.0 0.0 1.291985 -1.92855 -1.498089 14.800138 0.56747 3.86561 14.24258 -1.341735 -6.66066 19.631981 0.143928 -0.648244 47.63316 -1.081456 -6.359025 0.353028 -1.511151 -0.03194 20.222807 3.684315 2.316631 18.787287 7e-06 -0.0 10.751635 -0.479867 1.397907 -0.0 -1e-06 -1e-06 3.273808 0.305949 -0.580111 21.486828 11.830383 2.266137 8.16293 2e-06 -2e-06 18.399088 -3.798982 -4.940577 3e-06 -1e-06 -1e-06 2.646551 27.100967 -3.084285 0.027788 -0.237357 4.620596 -7.488324 8.123583 -7.099664 1.635651 -1.924705 0.923075 0.0 0.0 2e-06 -6.943354 -16.565512 -7.525037 0.041832 0.169308 2.48644 10.669958 2.916755 0.459851 -1.389619 0.949289 0.761025 -0.0 0.0 -1e-06 
0.0 0.0 0.0 0.0 -0.0 0.0 -0.024057 100.029167 2.706832 -0.301785 -8.144488 6.833669 -1.369524 -0.018881 -3.509423 -0.674398 -0.318482 -5.641773 -3.619613 -2.762893 6.545476 -1.145585 2.307559 -5.873622 -0.054353 1.007414 -3.704768 2.76482 -2.508667 0.454339 7.7e-05 -2.2e-05 6e-06 0.007217 0.103393 -0.031744 0.780249 -3.578063 -10.667696 -0.776352 3.77701 -10.657054 -1.724525 -9.132977 4.422294 5.654098 -66.129135 -52.169201 -0.563639 -62.271675 1.090062 41.5462 -2.556974 -3.97137 -5.882107 9.861287 0.702588 -10.93687 -0.360574 7.156204 -1e-06 8.774826 -1e-06 -15.617886 17.536007 5.914171 -1.844033 2.498505 -2.507278 -10.163598 4.678947 4.621108 -20.976023 -1e-06 0.0 -21.226286 2.451698 -3.594003 -1e-06 -6e-06 -1e-06 -1.362682 2.240799 -0.746323 -21.334911 0.584911 3.00832 -13.821213 -3e-06 1e-06 -23.887167 -0.249079 -0.839486 -59.45433 2.386502 -1.034966 -0.294025 1.679688 0.833255 -14.218207 0.093217 1.300578 -34.212048 -0.287561 0.967165 -20.033211 0.964535 1.21284 -0.0 1e-06 0.0 -3.440388 0.788234 0.501655 -15.928183 -3.167309 2.999705 -6.338825 -0.0 1e-06 -18.123444 3.648183 -4.905673 -4e-06 1e-06 -2e-06 -11.846092 10.835965 -2.403357 -25.831865 51.229347 -74.682617 -1.008743 45.002365 -2.614669 -8.550567 25.388309 21.528183 2.243542 -5.255037 -3.18016 14.282896 -0.826593 6.952504 -3e-06 -12.690607 1e-06 15.474287 -16.167488 2.61893 1.665668 -1.955921 -2.878299 4.727799 -4.170588 4.993925 11.020529 4e-06 -3e-06 12.109055 -3.735715 -2.866785 -1e-06 0.0 0.0 1.291986 -1.928551 -1.498091 14.800134 0.56747 3.865608 14.242576 -1.341734 -6.660662 19.631971 0.143929 -0.648246 47.541187 -1.050389 -6.363396 0.35303 -1.51115 -0.031941 20.222797 3.684311 2.316627 18.787275 7e-06 -1e-06 10.751631 -0.479867 1.397907 0.0 1e-06 0.0 3.273808 0.305947 -0.580111 21.48682 11.830378 2.266129 8.16293 0.0 -2e-06 18.399086 -3.798984 -4.940577 3e-06 -0.0 -1e-06 2.642647 27.058277 -3.163394 0.027569 -0.23259 4.735157 -7.461057 8.156678 -7.192795 1.636762 -1.925851 0.952466 0.0 0.0 2e-06 -6.933661 -16.577171 -7.546514 0.039647 0.153016 2.474213 10.721967 2.963588 0.461056 -1.38791 0.93399 0.751667 0.0 0.0 -1e-06 
0.0 0.0 0.0 0.0 -0.0 0.0 -0.02056 100.024818 2.754872 -0.326609 -8.176945 6.876277 -1.365197 -0.030675 -3.519083 -0.663758 -0.323154 -5.644386 -3.572807 -2.765035 6.524421 -1.314316 2.312912 -5.953832 -0.048588 1.039421 -3.704908 2.748725 -2.499086 0.558137 7.7e-05 -2.2e-05 6e-06 0.008255 0.111569 -0.034321 0.786112 -3.568587 -10.664079 -0.780112 3.783736 -10.653837 -1.56052 -9.0716 4.374668 6.374047 -65.836693 -52.591629 -0.560864 -62.269428 1.054121 41.380119 -1.961357 -4.602556 -5.882109 9.86129 0.702589 -10.936875 -0.360576 7.156208 -1e-06 8.77483 -3e-06 -15.652234 17.564392 5.890201 -1.844033 2.498506 -2.507277 -10.163603 4.678946 4.621109 -20.97603 -2e-06 4e-06 -21.226295 2.4517 -3.594001 -0.0 -5e-06 -1e-06 -1.362682 2.240799 -0.746324 -21.334921 0.584911 3.008325 -13.82122 -1e-06 2e-06 -23.887175 -0.249077 -0.839483 -59.472786 2.396544 -1.051594 -0.294025 1.679687 0.833256 -14.218212 0.093215 1.300581 -34.212059 -0.28756 0.967171 -20.033218 0.964537 1.212843 -0.0 1e-06 0.0 -3.440389 0.788234 0.501657 -15.928189 -3.16731 2.99971 -6.338828 -1e-06 1e-06 -18.123447 3.648185 -4.905672 -4e-06 1e-06 -2e-06 -11.92886 10.859488 -2.367475 -26.011108 51.06813 -74.649269 -0.988459 44.815426 -2.601031 -8.714865 25.497471 21.316269 2.243542 -5.255038 -3.180159 14.282896 -0.826593 6.952499 -5e-06 -12.690605 1e-06 15.460912 -16.132124 2.601033 1.665665 -1.955922 -2.878299 4.727798 -4.170587 4.993925 11.020535 5e-06 -4e-06 12.109058 -3.735714 -2.866786 -1e-06 -1e-06 0.0 1.291987 -1.928549 -1.498091 14.800134 0.567469 3.865603 14.242581 -1.341734 -6.660663 19.631975 0.143931 -0.64825 47.477726 -1.008546 -6.358865 0.353029 -1.51115 -0.03194 20.222801 3.684312 2.316624 18.787281 9e-06 -5e-06 10.751633 -0.479866 1.397903 0.0 1e-06 0.0 3.273809 0.305946 -0.580112 21.486824 11.830379 2.266125 8.16293 3e-06 -4e-06 18.399086 -3.798978 -4.940578 4e-06 -0.0 -1e-06 2.643729 27.01263 -3.206281 0.030636 -0.224123 4.789036 -7.434991 8.204927 -7.256723 1.638098 -1.920411 0.983119 0.0 0.0 2e-06 -6.925611 -16.616961 -7.546728 0.040905 0.143868 2.425729 10.767099 3.043891 0.502724 -1.385393 0.920242 0.73857 0.0 0.0 -1e-06 
0.0 0.0 0.0 0.0 -0.0 0.0 -0.009115 100.018799 2.79657 -0.35319 -8.212674 6.909327 -1.360787 -0.056939 -3.516148 -0.664126 -0.339477 -5.648918 -3.537011 -2.768859 6.514458 -1.467922 2.31275 -6.078099 -0.044596 1.083341 -3.701027 2.744052 -2.499974 0.640318 7.7e-05 -2.2e-05 6e-06 0.009161 0.119694 -0.036229 0.791726 -3.561396 -10.670463 -0.783869 3.792294 -10.660248 -1.366888 -8.980639 4.364526 6.992963 -65.537575 -52.995331 -0.570346 -62.302979 1.026631 41.174915 -1.360312 -5.199135 -5.882109 9.861288 0.702588 -10.936875 -0.360574 7.156209 -1e-06 8.774828 -2e-06 -15.671828 17.591833 5.880195 -1.844034 2.498505 -2.507279 -10.163604 4.678949 4.62111 -20.97603 -3e-06 -0.0 -21.226297 2.451698 -3.594005 -1e-06 -6e-06 -1e-06 -1.362682 2.2408 -0.746324 -21.334921 0.584912 3.008322 -13.821218 -2e-06 1e-06 -23.887178 -0.249077 -0.839487 -59.492985 2.413231 -1.03232 -0.294025 1.679689 0.833256 -14.218214 0.093216 1.30058 -34.212063 -0.287561 0.967166 -20.033222 0.964536 1.212841 1e-06 1e-06 0.0 -3.44039 0.788235 0.501656 -15.928189 -3.16731 2.999708 -6.338829 -1e-06 0.0 -18.123455 3.648183 -4.905674 -4e-06 1e-06 -2e-06 -11.992357 10.878244 -2.324768 -26.180983 50.959217 -74.744812 -0.894502 44.624096 -2.578255 -8.8431 25.561552 21.2202 2.243543 -5.255037 -3.180159 14.282894 -0.826592 6.952503 -6e-06 -12.690608 1e-06 15.463957 -16.08703 2.565962 1.665667 -1.95592 -2.878299 4.727798 -4.170588 4.993925 11.020528 5e-06 -1e-06 12.109055 -3.735715 -2.866785 -0.0 0.0 0.0 1.291985 -1.928549 -1.49809 14.800134 0.567472 3.865607 14.242577 -1.341734 -6.66066 19.631973 0.143929 -0.648244 47.420322 -0.973818 -6.348471 0.353029 -1.511152 -0.03194 20.222797 3.684314 2.316628 18.787279 9e-06 -2e-06 10.751631 -0.479867 1.397905 -0.0 1e-06 0.0 3.273808 0.305948 -0.580111 21.48682 11.830381 2.266131 8.162929 2e-06 -3e-06 18.399084 -3.798983 -4.940576 4e-06 -0.0 0.0 2.653303 26.976171 -3.268936 0.034093 -0.214768 4.895153 -7.438048 8.256829 -7.34223 1.639259 -1.913154 1.00158 0.0 0.0 2e-06 -6.908683 -16.664227 -7.554465 0.042554 0.139049 2.395921 10.793981 3.13363 0.530427 -1.383168 0.910583 0.747586 0.0 0.0 -1e-06 
0.0 0.0 0.0 0.0 -0.0 0.0 0.006597 100.021027 2.824448 -0.382819 -8.266342 6.925241 -1.352551 -0.092686 -3.489833 -0.674217 -0.361603 -5.651841 -3.510527 -2.77648 6.513783 -1.607072 2.314406 -6.226203 -0.039672 1.117138 -3.697723 2.769298 -2.499272 0.70717 7.7e-05 -2.2e-05 6e-06 0.009756 0.13267 -0.038597 0.794682 -3.550981 -10.679877 -0.785491 3.807057 -10.668891 -1.136842 -8.87067 4.396186 7.533946 -65.222557 -53.474422 -0.708838 -62.380733 1.091586 40.983322 -0.793792 -5.78725 -5.882108 9.861288 0.702591 -10.936873 -0.360576 7.156208 0.0 8.774828 -2e-06 -15.676217 17.642653 5.899345 -1.844033 2.498505 -2.507278 -10.163601 4.678944 4.62111 -20.976027 -5e-06 3e-06 -21.226286 2.451698 -3.594001 -0.0 -5e-06 -0.0 -1.362682 2.240799 -0.746324 -21.334921 0.584909 3.008326 -13.821218 -2e-06 4e-06 -23.887175 -0.249077 -0.839482 -59.53339 2.428578 -1.009716 -0.294024 1.679688 0.833257 -14.21821 0.093214 1.300581 -34.212063 -0.287564 0.967173 -20.033218 0.964536 1.212846 0.0 1e-06 1e-06 -3.440389 0.788233 0.501656 -15.928189 -3.167311 2.999708 -6.338828 -0.0 1e-06 -18.123455 3.648183 -4.905671 -4e-06 1e-06 -2e-06 -12.062403 10.900345 -2.261432 -26.388966 50.882946 -75.043823 -0.783879 44.424652 -2.539314 -8.87129 25.617058 21.103064 2.243542 -5.255038 -3.180159 14.282895 -0.826593 6.952504 -3e-06 -12.690605 -0.0 15.486954 -16.051325 2.520277 1.665668 -1.955922 -2.8783 4.727801 -4.170585 4.993923 11.02053 4e-06 -1e-06 12.109054 -3.735716 -2.866784 -0.0 1e-06 0.0 1.291986 -1.928551 -1.49809 14.800136 0.567469 3.865608 14.242578 -1.341734 -6.66066 19.631973 0.143927 -0.648245 47.39854 -0.949609 -6.343226 0.353028 -1.51115 -0.031939 20.222799 3.684309 2.316631 18.787279 7e-06 -1e-06 10.751633 -0.479867 1.397906 0.0 -0.0 -1e-06 3.273809 0.305946 -0.580111 21.48682 11.830379 2.266135 8.16293 -0.0 -2e-06 18.399086 -3.798983 -4.940578 4e-06 -2e-06 -1e-06 2.680267 26.972734 -3.254485 0.034644 -0.211405 4.878423 -7.441799 8.303542 -7.354364 1.64072 -1.903086 1.008772 0.0 0.0 2e-06 -6.882216 -16.699387 -7.509653 0.044054 0.132135 2.267943 10.830011 3.202056 0.628151 -1.381894 0.903766 0.780374 0.0 0.0 -1e-06 
0.0 0.0 0.0 0.0 -0.0 0.0 0.014794 100.032951 2.833956 -0.41827 -8.313183 6.930401 -1.332288 -0.124435 -3.448244 -0.686999 -0.376054 -5.653195 -3.498476 -2.792901 6.531583 -1.734075 2.325582 -6.372032 -0.038747 1.137852 -3.700006 2.815454 -2.506461 0.757074 7.7e-05 -2.2e-05 6e-06 0.010063 0.137231 -0.041246 0.79567 -3.549319 -10.687962 -0.7857 3.813754 -10.674597 -0.909718 -8.767809 4.443811 8.027014 -64.927414 -53.992119 -0.91202 -62.4646 1.235707 40.776531 -0.227244 -6.419523 -5.882106 9.861286 0.702589 -10.936872 -0.360575 7.156206 -0.0 8.774824 -0.0 -15.6836 17.69278 5.91934 -1.844033 2.498505 -2.507279 -10.1636 4.678946 4.621109 -20.976027 -2e-06 2e-06 -21.22629 2.451698 -3.594002 0.0 -6e-06 -0.0 -1.362681 2.240797 -0.746324 -21.334913 0.584911 3.008322 -13.821213 -2e-06 1e-06 -23.887163 -0.249077 -0.839486 -59.577671 2.44591 -1.007083 -0.294025 1.679688 0.833257 -14.218208 0.093214 1.300581 -34.212048 -0.287564 0.96717 -20.033218 0.964537 1.212843 1e-06 1e-06 -1e-06 -3.440388 0.788233 0.501655 -15.928185 -3.167309 2.999707 -6.338826 1e-06 0.0 -18.123444 3.648184 -4.905673 -5e-06 0.0 -2e-06 -12.130508 10.897149 -2.154019 -26.713396 50.805355 -75.452156 -0.771194 44.206657 -2.58852 -8.867599 25.665369 20.934242 2.243543 -5.255037 -3.18016 14.282896 -0.826593 6.952504 -4e-06 -12.690606 0.0 15.522474 -16.068796 2.497619 1.665667 -1.955924 -2.8783 4.727798 -4.170588 4.993925 11.020528 4e-06 -2e-06 12.109056 -3.735713 -2.866787 -0.0 0.0 0.0 1.291987 -1.92855 -1.49809 14.800132 0.56747 3.865607 14.242575 -1.341734 -6.660661 19.631973 0.143928 -0.648244 47.434109 -0.942873 -6.349006 0.35303 -1.511149 -0.03194 20.222797 3.684312 2.316629 18.787275 9e-06 -1e-06 10.751629 -0.479865 1.397905 -0.0 -0.0 -0.0 3.273806 0.305947 -0.580112 21.486822 11.830381 2.266133 8.162929 2e-06 -1e-06 18.399088 -3.798984 -4.940577 4e-06 -1e-06 -1e-06 2.723755 26.97127 -3.179331 0.037216 -0.214172 4.744445 -7.437089 8.362424 -7.28984 1.640987 -1.891413 1.003552 0.0 0.0 2e-06 -6.836823 -16.751417 -7.425545 0.04228 0.123552 2.061874 10.881492 3.245555 0.798236 -1.381733 0.898205 0.814512 0.0 0.0 -1e-06 
0.0 0.0 0.0 0.0 -0.0 0.0 0.00156 100.050652 2.828063 -0.449519 -8.34351 6.930895 -1.312133 -0.143946 -3.395838 -0.692003 -0.373477 -5.645829 -3.501783 -2.820244 6.544903 -1.864038 2.344779 -6.485963 -0.042591 1.153301 -3.699674 2.878042 -2.51558 0.800358 7.7e-05 -2.2e-05 6e-06 0.010711 0.132743 -0.043509 0.79662 -3.556351 -10.697906 -0.785177 3.811399 -10.683071 -0.694019 -8.664243 4.455859 8.428821 -64.696625 -54.434372 -1.10991 -62.524845 1.390079 40.562912 0.305193 -7.060771 -5.88211 9.861293 0.702589 -10.936874 -0.360572 7.156205 -1e-06 8.774831 -2e-06 -15.704824 17.727716 5.935506 -1.844033 2.498508 -2.507278 -10.163602 4.678948 4.621109 -20.97603 1e-06 0.0 -21.226292 2.451701 -3.594005 -0.0 -6e-06 -0.0 -1.362682 2.240801 -0.746323 -21.334919 0.584913 3.008323 -13.821218 1e-06 1e-06 -23.887175 -0.249075 -0.839488 -59.629028 2.45078 -1.022525 -0.294025 1.679689 0.833256 -14.218212 0.093216 1.30058 -34.212055 -0.28756 0.967165 -20.033218 0.964538 1.21284 1e-06 1e-06 -1e-06 -3.44039 0.788234 0.501656 -15.928191 -3.167308 2.999708 -6.338828 0.0 -0.0 -18.123451 3.648187 -4.905677 -5e-06 1e-06 -2e-06 -12.22309 10.876261 -2.070262 -27.041578 50.703587 -75.818298 -0.777884 44.018482 -2.683328 -8.901156 25.683924 20.761431 2.243544 -5.255037 -3.18016 14.282894 -0.826593 6.952501 -3e-06 -12.690605 -0.0 15.563922 -16.099236 2.510923 1.665667 -1.955923 -2.878299 4.7278 -4.170588 4.993923 11.020532 4e-06 -3e-06 12.109056 -3.735716 -2.866787 -1e-06 -1e-06 0.0 1.291985 -1.928549 -1.49809 14.800134 0.56747 3.865605 14.242577 -1.341735 -6.660661 19.631973 0.143928 -0.648246 47.520138 -0.947829 -6.355668 0.353029 -1.511152 -0.03194 20.222797 3.684311 2.316627 18.787281 6e-06 -4e-06 10.751632 -0.479867 1.397905 -1e-06 1e-06 -0.0 3.273809 0.305948 -0.580112 21.486822 11.830378 2.266131 8.16293 2e-06 -3e-06 18.399088 -3.798979 -4.940578 3e-06 -1e-06 -0.0 2.76098 26.950026 -3.076554 0.041304 -0.214463 4.529333 -7.410795 8.461677 -7.172846 1.641059 -1.877445 1.009957 0.0 0.0 2e-06 -6.779603 -16.820517 -7.34851 0.039404 0.117417 1.870467 10.9134 3.292426 0.97244 -1.382876 0.895152 0.840397 -0.0 1e-06 -1e-06 
0.0 0.0 0.0 0.0 -0.0 0.0 -0.032431 100.067375 2.808144 -0.468349 -8.362494 6.93044 -1.29905 -0.156468 -3.337227 -0.690642 -0.373433 -5.63461 -3.51145 -2.833085 6.545125 -2.016608 2.377527 -6.559675 -0.037558 1.152577 -3.694307 2.939396 -2.535017 0.854318 7.7e-05 -2.3e-05 6e-06 0.010964 0.115519 -0.043726 0.796839 -3.576161 -10.709864 -0.78475 3.796379 -10.692607 -0.46213 -8.574483 4.408462 8.631139 -64.530991 -54.689667 -1.184466 -62.572758 1.421666 40.31353 0.747553 -7.574322 -5.882107 9.861287 0.702589 -10.936873 -0.360576 7.156207 -1e-06 8.774826 -3e-06 -15.726868 17.725761 5.948452 -1.844032 2.498505 -2.507277 -10.163601 4.678945 4.621108 -20.976027 -0.0 5e-06 -21.22629 2.451702 -3.594 1e-06 -5e-06 -0.0 -1.362682 2.240798 -0.746323 -21.334917 0.584909 3.008325 -13.821218 1e-06 4e-06 -23.887171 -0.249074 -0.839482 -59.672657 2.445242 -1.049449 -0.294026 1.679688 0.833255 -14.218208 0.093216 1.300581 -34.212051 -0.287562 0.967173 -20.033218 0.964537 1.212844 1e-06 1e-06 -1e-06 -3.440389 0.788234 0.501656 -15.928187 -3.16731 2.999709 -6.338826 -1e-06 2e-06 -18.123444 3.648185 -4.90567 -5e-06 1e-06 -1e-06 -12.364722 10.882708 -2.010335 -27.297632 50.548573 -76.109451 -0.782798 43.892014 -2.785906 -8.972183 25.648302 20.538868 2.243543 -5.255039 -3.180161 14.282892 -0.82659 6.952501 -6e-06 -12.690605 -2e-06 15.602319 -16.122913 2.548106 1.665668 -1.955923 -2.8783 4.727799 -4.170585 4.993924 11.020528 5e-06 -3e-06 12.109055 -3.735713 -2.866787 -0.0 -1e-06 0.0 1.291987 -1.928548 -1.49809 14.800131 0.567471 3.865606 14.242577 -1.341733 -6.660661 19.631969 0.143931 -0.648246 47.586422 -0.955973 -6.345138 0.35303 -1.511151 -0.03194 20.222795 3.684315 2.31663 18.787273 9e-06 -2e-06 10.75163 -0.479866 1.397906 -0.0 -0.0 -0.0 3.273807 0.305947 -0.580111 21.486818 11.83038 2.266131 8.162928 2e-06 -2e-06 18.399084 -3.798979 -4.940577 3e-06 -0.0 -1e-06 2.78012 26.922245 -2.989317 0.044713 -0.212343 4.321618 -7.375264 8.605144 -7.05364 1.639785 -1.875888 1.05489 0.0 -0.0 2e-06 -6.723836 -16.915953 -7.31205 0.038778 0.115041 1.759042 10.909566 3.371814 1.097445 -1.38529 0.898343 0.863558 -0.0 0.0 -1e-06 
0.0 0.0 0.0 0.0 -0.0 0.0 -0.074116 100.074371 2.775677 -0.46786 -8.36946 6.938573 -1.294401 -0.156165 -3.288879 -0.689029 -0.373668 -5.622581 -3.538076 -2.832259 6.54176 -2.174743 2.42425 -6.596955 -0.044562 1.126759 -3.695034 2.996572 -2.574647 0.915011 7.7e-05 -2.3e-05 6e-06 0.010373 0.09359 -0.040328 0.797016 -3.598912 -10.717254 -0.786163 3.775177 -10.694572 -0.249928 -8.511054 4.324613 8.768049 -64.415596 -54.886047 -1.19012 -62.600052 1.381814 40.031204 1.007938 -7.813374 -5.882111 9.861291 0.702589 -10.93688 -0.360575 7.156212 -1e-06 8.77483 -4e-06 -15.720316 17.699217 5.965666 -1.844033 2.498508 -2.507278 -10.163608 4.678948 4.62111 -20.976038 3e-06 4e-06 -21.226301 2.451703 -3.594003 1e-06 -6e-06 -0.0 -1.362682 2.240801 -0.746323 -21.334929 0.584913 3.008327 -13.821226 -1e-06 3e-06 -23.887184 -0.249073 -0.839483 -59.704262 2.420908 -1.047956 -0.294025 1.679688 0.833256 -14.218217 0.093214 1.300583 -34.212074 -0.287558 0.967175 -20.033226 0.96454 1.212845 1e-06 1e-06 -1e-06 -3.440391 0.788235 0.501656 -15.9282 -3.16731 2.999712 -6.338831 -0.0 2e-06 -18.123459 3.648188 -4.905674 -5e-06 1e-06 -2e-06 -12.539475 10.928787 -1.972832 -27.454056 50.324413 -76.312683 -0.727022 43.82518 -2.850071 -9.111528 25.593094 20.315317 2.243543 -5.25504 -3.180162 14.282902 -0.826591 6.952506 -5e-06 -12.69061 -2e-06 15.643298 -16.157522 2.593387 1.665668 -1.955925 -2.878302 4.727801 -4.170588 4.993926 11.020538 5e-06 -3e-06 12.109062 -3.735715 -2.866788 -1e-06 -1e-06 0.0 1.291985 -1.928551 -1.498091 14.800144 0.567472 3.865608 14.242586 -1.341733 -6.660665 19.631989 0.143928 -0.648246 47.642601 -0.97487 -6.339317 0.35303 -1.511152 -0.03194 20.222807 3.684315 2.316631 18.787289 9e-06 -2e-06 10.751637 -0.479867 1.397907 -0.0 -1e-06 -1e-06 3.27381 0.305946 -0.580112 21.486834 11.830385 2.266135 8.162935 1e-06 -3e-06 18.399099 -3.798981 -4.94058 3e-06 -0.0 0.0 2.775479 26.909161 -2.994897 0.047317 -0.209611 4.260804 -7.343188 8.744014 -7.000173 1.638864 -1.887136 1.11597 -0.0 -0.0 2e-06 -6.682221 -17.001488 -7.346694 0.039649 0.11334 1.779759 10.862037 3.449714 1.105648 -1.388839 0.898771 0.885555 0.0 0.0 -1e-06 
0.0 0.0 0.0 0.0 -0.0 0.0 -0.11739 100.069901 2.741676 -0.451998 -8.363998 6.942012 -1.298522 -0.139554 -3.248923 -0.686368 -0.361767 -5.60821 -3.581852 -2.822246 6.539936 -2.338386 2.483044 -6.604143 -0.063632 1.06053 -3.707943 3.07359 -2.620136 0.979057 7.7e-05 -2.3e-05 6e-06 0.008792 0.07279 -0.038193 0.797501 -3.618142 -10.720377 -0.789999 3.752933 -10.689981 -0.051551 -8.469686 4.254605 8.86067 -64.357811 -55.000954 -0.973095 -62.647617 1.197457 39.746799 1.185129 -7.940166 -5.88211 9.861288 0.702591 -10.936881 -0.360576 7.156211 1e-06 8.77483 -1e-06 -15.686255 17.665283 5.978271 -1.844033 2.498506 -2.507279 -10.163607 4.678948 4.621113 -20.97604 -3e-06 5e-06 -21.226301 2.451699 -3.593999 -0.0 -6e-06 0.0 -1.362682 2.2408 -0.746323 -21.334929 0.584908 3.008327 -13.821225 -2e-06 4e-06 -23.887192 -0.249077 -0.83948 -59.718269 2.405071 -1.041844 -0.294026 1.679688 0.833256 -14.218221 0.093213 1.300582 -34.212082 -0.287565 0.967176 -20.03323 0.964538 1.212847 -0.0 1e-06 -1e-06 -3.440391 0.788233 0.501656 -15.928201 -3.167312 2.999711 -6.338831 -2e-06 1e-06 -18.123463 3.648183 -4.905671 -5e-06 1e-06 -1e-06 -12.734898 11.002043 -1.943884 -27.461182 50.049271 -76.342346 -0.688542 43.818199 -2.877593 -9.36377 25.540203 19.993118 2.243542 -5.255041 -3.18016 14.2829 -0.826594 6.952507 -5e-06 -12.690612 -1e-06 15.661499 -16.197842 2.620897 1.665668 -1.955924 -2.878301 4.727803 -4.17059 4.993925 11.020533 5e-06 -0.0 12.109058 -3.735715 -2.866785 -0.0 -1e-06 0.0 1.291984 -1.928551 -1.49809 14.80014 0.567472 3.865611 14.24258 -1.341735 -6.660661 19.631979 0.143928 -0.648243 47.674999 -0.985848 -6.347326 0.353029 -1.511153 -0.03194 20.222803 3.684315 2.316633 18.787289 8e-06 -1e-06 10.751636 -0.479868 1.397908 -0.0 -0.0 -0.0 3.27381 0.305948 -0.580111 21.486834 11.830387 2.266137 8.162933 1e-06 -1e-06 18.399096 -3.798985 -4.940577 4e-06 -0.0 -1e-06 2.762734 26.910191 -3.070406 0.049021 -0.206064 4.349897 -7.326321 8.823195 -7.021537 1.637378 -1.903302 1.141088 -0.0 -0.0 2e-06 -6.661362 -17.070305 -7.424461 0.042246 0.114384 1.913246 10.796062 3.506096 1.004211 -1.391701 0.898947 0.877245 0.0 0.0 -1e-06 
0.0 0.0 0.0 0.0 -0.0 0.0 -0.14952 100.060127 2.705111 -0.43656 -8.368764 6.947313 -1.303535 -0.113389 -3.219477 -0.680848 -0.339362 -5.59129 -3.630046 -2.809666 6.531873 -2.514083 2.538488 -6.575147 -0.076861 0.984414 -3.719816 3.148536 -2.657627 0.98947 7.7e-05 -2.2e-05 6e-06 0.008457 0.062558 -0.038823 0.799837 -3.627393 -10.730407 -0.793278 3.742203 -10.693953 0.111718 -8.423081 4.203164 8.955814 -64.352379 -55.109154 -0.621892 -62.690216 0.884377 39.471581 1.291497 -8.030526 -5.88211 9.861292 0.702592 -10.936877 -0.360574 7.156208 -1e-06 8.774831 -2e-06 -15.645471 17.646755 5.994091 -1.844033 2.498507 -2.507277 -10.163605 4.678949 4.621109 -20.976034 1e-06 3e-06 -21.226301 2.451701 -3.594002 1e-06 -5e-06 -0.0 -1.362683 2.2408 -0.746323 -21.334925 0.584913 3.008325 -13.82122 -0.0 3e-06 -23.887182 -0.249074 -0.839483 -59.752068 2.400098 -1.022678 -0.294025 1.679689 0.833256 -14.218215 0.093218 1.300581 -34.212067 -0.287559 0.967168 -20.033226 0.96454 1.212842 -0.0 -0.0 -1e-06 -3.44039 0.788234 0.501656 -15.928198 -3.167311 2.999709 -6.33883 -0.0 2e-06 -18.123459 3.648189 -4.905673 -6e-06 1e-06 -1e-06 -12.924605 11.108906 -1.926732 -27.359135 49.7784 -76.303276 -0.657558 43.833477 -2.826693 -9.640116 25.538651 19.629145 2.243543 -5.255042 -3.180161 14.282907 -0.826593 6.952507 -4e-06 -12.69061 -2e-06 15.64595 -16.221785 2.631415 1.66567 -1.955923 -2.878302 4.727801 -4.170588 4.993927 11.02054 4e-06 -2e-06 12.109062 -3.735716 -2.866788 -0.0 -1e-06 0.0 1.291986 -1.928552 -1.498092 14.800142 0.56747 3.86561 14.242585 -1.341736 -6.660666 19.631987 0.143928 -0.648246 47.728271 -0.996466 -6.360753 0.353029 -1.511151 -0.031941 20.222809 3.684313 2.316634 18.787289 7e-06 -0.0 10.751637 -0.479868 1.397908 -1e-06 -0.0 -0.0 3.27381 0.305947 -0.580112 21.486835 11.830384 2.266138 8.162935 3e-06 -2e-06 18.399099 -3.798982 -4.94058 4e-06 -0.0 0.0 2.745346 26.91308 -3.196347 0.051053 -0.199374 4.540273 -7.31856 8.868784 -7.097074 1.637797 -1.916994 1.132522 -0.0 -0.0 2e-06 -6.644478 -17.091625 -7.526983 0.0458 0.11685 2.090636 10.738761 3.521061 0.860674 -1.393202 0.898297 0.840038 0.0 0.0 -1e-06 
0.0 0.0 0.0 0.0 -0.0 0.0 -0.169398 100.048409 2.666007 -0.424112 -8.402101 6.945214 -1.307868 -0.084972 -3.190403 -0.671572 -0.318672 -5.572352 -3.666528 -2.78222 6.51711 -2.704373 2.587216 -6.51595 -0.082311 0.927428 -3.727067 3.215242 -2.69437 0.959497 7.7e-05 -2.2e-05 6e-06 0.009462 0.056557 -0.041417 0.80445 -3.632146 -10.740371 -0.796082 3.7357 -10.696593 0.241812 -8.366123 4.161583 8.999714 -64.37384 -55.255436 -0.353607 -62.741653 0.645905 39.230446 1.362107 -8.145965 -5.88211 9.861292 0.702591 -10.936878 -0.360574 7.156211 -1e-06 8.774831 -2e-06 -15.621252 17.652945 6.010116 -1.844033 2.498507 -2.507278 -10.163605 4.678948 4.621111 -20.976038 1e-06 5e-06 -21.226297 2.451701 -3.594001 -0.0 -6e-06 -0.0 -1.362682 2.240799 -0.746323 -21.334929 0.584911 3.008327 -13.821221 -1e-06 3e-06 -23.887184 -0.249075 -0.839482 -59.793552 2.389243 -1.008851 -0.294025 1.679688 0.833256 -14.218216 0.093216 1.300583 -34.21207 -0.28756 0.967172 -20.03323 0.96454 1.212844 -1e-06 1e-06 0.0 -3.44039 0.788234 0.501656 -15.928196 -3.16731 2.99971 -6.33883 1e-06 2e-06 -18.123459 3.648186 -4.905672 -5e-06 1e-06 -2e-06 -13.11176 11.221585 -1.899936 -27.159966 49.570889 -76.302521 -0.614593 43.911434 -2.709786 -9.879174 25.565395 19.177145 2.243543 -5.25504 -3.180161 14.282896 -0.826592 6.952507 -4e-06 -12.690609 -1e-06 15.642581 -16.225887 2.615999 1.665668 -1.955925 -2.878302 4.727801 -4.170588 4.993925 11.020532 5e-06 -3e-06 12.109056 -3.735716 -2.866788 -1e-06 -1e-06 0.0 1.291985 -1.928549 -1.49809 14.800138 0.567471 3.86561 14.242577 -1.341737 -6.660663 19.631973 0.14393 -0.648245 47.777012 -1.003943 -6.379442 0.353028 -1.511152 -0.03194 20.222801 3.684316 2.316631 18.787283 8e-06 -1e-06 10.751633 -0.479868 1.397907 -0.0 -0.0 0.0 3.273808 0.305947 -0.580112 21.486824 11.830382 2.266134 8.162931 1e-06 -2e-06 18.399088 -3.798982 -4.940578 3e-06 -1e-06 -1e-06 2.733793 26.913315 -3.323075 0.051085 -0.193664 4.768588 -7.31671 8.906776 -7.195547 1.639347 -1.923074 1.122286 -0.0 -0.0 2e-06 -6.634697 -17.058031 -7.638934 0.049374 0.119556 2.297973 10.690858 3.487804 0.701994 -1.393537 0.897507 0.806597 0.0 0.0 -1e-06 
0.0 0.0 0.0 0.0 -0.0 0.0 -0.176824 100.037254 2.627417 -0.414234 -8.438003 6.935654 -1.312079 -0.048852 -3.173561 -0.658001 -0.293942 -5.557359 -3.693862 -2.747615 6.515912 -2.915359 2.647652 -6.442186 -0.093126 0.875082 -3.734296 3.288224 -2.750257 0.920074 7.7e-05 -2.2e-05 6e-06 0.010605 0.06057 -0.045013 0.809001 -3.626961 -10.742905 -0.798496 3.739531 -10.694747 0.316868 -8.299837 4.143529 9.037744 -64.417503 -55.418728 -0.172844 -62.793987 0.53502 39.039436 1.436263 -8.270141 -5.882115 9.861299 0.70259 -10.936887 -0.360574 7.156216 -1e-06 8.774832 -3e-06 -15.598927 17.65423 6.013021 -1.844035 2.498507 -2.50728 -10.163615 4.67895 4.621113 -20.976053 3e-06 6e-06 -21.226318 2.451704 -3.594003 -0.0 -6e-06 0.0 -1.362683 2.2408 -0.746325 -21.334946 0.584914 3.008331 -13.821234 0.0 5e-06 -23.887197 -0.249071 -0.839483 -59.826473 2.363878 -1.011124 -0.294025 1.679687 0.833256 -14.218229 0.093217 1.300585 -34.212097 -0.287556 0.967177 -20.033243 0.964543 1.212846 -0.0 -0.0 -1e-06 -3.440393 0.788234 0.501656 -15.928206 -3.167312 2.999713 -6.338835 0.0 2e-06 -18.12347 3.64819 -4.905676 -6e-06 1e-06 -1e-06 -13.249901 11.29486 -1.840922 -26.904364 49.444363 -76.319138 -0.529404 44.047558 -2.558524 -10.118711 25.615416 18.678335 2.243545 -5.255041 -3.180162 14.282904 -0.826593 6.952504 -5e-06 -12.690612 -1e-06 15.643099 -16.222345 2.580156 1.665669 -1.955923 -2.878302 4.727803 -4.17059 4.993925 11.020536 5e-06 -4e-06 12.109062 -3.735716 -2.86679 -0.0 -1e-06 0.0 1.291988 -1.92855 -1.498092 14.80014 0.56747 3.865608 14.242584 -1.341735 -6.660666 19.631987 0.143931 -0.648248 47.819717 -0.993851 -6.413822 0.353029 -1.511153 -0.03194 20.222807 3.684314 2.316627 18.787289 9e-06 -5e-06 10.751636 -0.479865 1.397905 0.0 -0.0 -0.0 3.27381 0.305946 -0.580112 21.486834 11.830384 2.266131 8.162934 2e-06 -4e-06 18.399097 -3.798981 -4.940582 3e-06 -0.0 0.0 2.725432 26.89069 -3.435846 0.050082 -0.185937 4.999104 -7.308046 8.955351 -7.296844 1.640894 -1.926778 1.094502 -0.0 1e-06 2e-06 -6.63499 -16.989212 -7.739919 0.050694 0.121078 2.506746 10.640607 3.439719 0.550966 -1.392755 0.898828 0.772909 0.0 0.0 -1e-06 
0.0 0.0 0.0 0.0 -0.0 0.0 -0.170433 100.035141 2.59568 -0.406988 -8.459382 6.914914 -1.314376 -0.017906 -3.161382 -0.647318 -0.259048 -5.553131 -3.713403 -2.727361 6.541883 -3.116355 2.690984 -6.366942 -0.115482 0.867434 -3.741263 3.353987 -2.808156 0.863136 7.7e-05 -2.3e-05 6e-06 0.011188 0.069969 -0.047556 0.812234 -3.616786 -10.742865 -0.800565 3.749003 -10.6938 0.374579 -8.233029 4.138907 9.090369 -64.462341 -55.617359 -0.06265 -62.819069 0.505474 38.876347 1.491017 -8.488665 -5.882113 9.861297 0.702589 -10.936881 -0.360574 7.156212 -1e-06 8.774833 -3e-06 -15.575799 17.657389 6.008148 -1.844034 2.498506 -2.507279 -10.16361 4.678951 4.62111 -20.976044 2e-06 2e-06 -21.226307 2.451704 -3.594006 1e-06 -6e-06 -0.0 -1.362683 2.2408 -0.746325 -21.33493 0.584914 3.008326 -13.821225 0.0 2e-06 -23.887188 -0.249075 -0.839485 -59.806156 2.333658 -1.026872 -0.294025 1.679688 0.833256 -14.218221 0.093217 1.300581 -34.212082 -0.287557 0.967167 -20.033232 0.964538 1.212842 -1e-06 -0.0 -1e-06 -3.440392 0.788234 0.501656 -15.928201 -3.167309 2.99971 -6.338832 0.0 1e-06 -18.123463 3.648189 -4.905677 -5e-06 1e-06 -1e-06 -13.313902 11.308291 -1.727784 -26.628935 49.423161 -76.360123 -0.437997 44.229225 -2.399825 -10.35292 25.704306 18.241964 2.243544 -5.255043 -3.180161 14.282906 -0.826594 6.952507 -2e-06 -12.690616 -2e-06 15.653623 -16.201471 2.522388 1.665669 -1.955925 -2.878302 4.727802 -4.170592 4.993926 11.020536 5e-06 -3e-06 12.109061 -3.735718 -2.866789 -1e-06 0.0 0.0 1.291986 -1.928552 -1.498091 14.800142 0.56747 3.865607 14.24259 -1.341737 -6.660667 19.63199 0.143929 -0.648249 47.854286 -0.950194 -6.451361 0.353029 -1.511152 -0.03194 20.222815 3.684313 2.316629 18.787292 9e-06 -5e-06 10.751639 -0.479866 1.397906 0.0 -1e-06 0.0 3.273811 0.305948 -0.580112 21.486837 11.830388 2.266134 8.162937 3e-06 -3e-06 18.399103 -3.798983 -4.940582 4e-06 -1e-06 -2e-06 2.720795 26.808008 -3.456572 0.048663 -0.174771 5.072412 -7.255815 9.026234 -7.321357 1.640348 -1.924119 1.06919 -0.0 -0.0 2e-06 -6.649179 -16.922499 -7.752066 0.049451 0.123883 2.559679 10.60115 3.372183 0.510221 -1.390644 0.899896 0.733283 0.0 1e-06 -1e-06 
0.0 0.0 0.0 0.0 -0.0 0.0 -0.147236 100.032982 2.577122 -0.391036 -8.471299 6.895836 -1.31949 -0.009203 -3.155797 -0.645288 -0.237495 -5.567724 -3.727189 -2.702709 6.591104 -3.284164 2.712996 -6.278959 -0.134711 0.906724 -3.748751 3.371197 -2.830756 0.76043 7.7e-05 -2.3e-05 6e-06 0.011181 0.081159 -0.047649 0.814232 -3.606151 -10.744416 -0.80249 3.761208 -10.699516 0.477488 -8.179231 4.102369 8.997999 -64.47197 -55.703236 -0.006152 -62.8382 0.516847 38.713017 1.538393 -8.691546 -5.88211 9.86129 0.702591 -10.93688 -0.360574 7.156211 0.0 8.774832 -2e-06 -15.577952 17.658024 6.004272 -1.844033 2.498505 -2.507279 -10.163606 4.678947 4.621112 -20.976038 -2e-06 3e-06 -21.226299 2.451698 -3.594002 -0.0 -5e-06 0.0 -1.362682 2.240799 -0.746324 -21.334929 0.58491 3.008327 -13.821221 -1e-06 3e-06 -23.887182 -0.249077 -0.839482 -59.761814 2.320881 -1.020835 -0.294025 1.679688 0.833256 -14.218219 0.093215 1.300582 -34.212074 -0.287562 0.967175 -20.03323 0.964539 1.212845 -1e-06 -1e-06 0.0 -3.440391 0.788233 0.501656 -15.928201 -3.167311 2.999711 -6.338832 0.0 2e-06 -18.123457 3.648186 -4.905674 -5e-06 1e-06 -1e-06 -13.299141 11.281705 -1.571529 -26.355869 49.493103 -76.323151 -0.445077 44.398956 -2.375902 -10.501801 25.83465 18.126101 2.243541 -5.255034 -3.180157 14.28289 -0.826593 6.952503 -6e-06 -12.690604 -0.0 15.688226 -16.165829 2.456987 1.665666 -1.955921 -2.878299 4.727796 -4.170586 4.993925 11.020524 5e-06 0.0 12.109048 -3.735713 -2.866782 -1e-06 1e-06 1e-06 1.291986 -1.928547 -1.498088 14.800131 0.567471 3.865609 14.242569 -1.341735 -6.660655 19.631968 0.143925 -0.648242 47.876659 -0.903862 -6.469935 0.353029 -1.511151 -0.03194 20.222788 3.684313 2.316631 18.78727 6e-06 3e-06 10.751627 -0.479867 1.397908 0.0 -1e-06 -0.0 3.273808 0.305949 -0.580111 21.486814 11.830377 2.266136 8.162927 0.0 -0.0 18.39908 -3.798986 -4.940571 4e-06 -0.0 -2e-06 2.700761 26.711462 -3.462289 0.046674 -0.160032 5.114346 -7.200276 9.084416 -7.336632 1.639247 -1.917586 1.078313 -0.0 1e-06 2e-06 -6.683285 -16.908476 -7.749902 0.049522 0.125722 2.58978 10.59227 3.349828 0.491946 -1.387877 0.90487 0.730068 -0.0 0.0 -1e-06 
0.0 0.0 0.0 0.0 -0.0 0.0 -0.10516 100.032333 2.570203 -0.365448 -8.507067 6.89035 -1.328511 -0.026399 -3.157041 -0.658593 -0.243334 -5.598845 -3.735147 -2.664055 6.649219 -3.417086 2.73132 -6.178312 -0.1339 0.96861 -3.759291 3.346865 -2.792558 0.637385 7.7e-05 -2.2e-05 6e-06 0.010504 0.092095 -0.048118 0.814229 -3.597892 -10.754215 -0.80371 3.774612 -10.71623 0.589906 -8.097573 4.068217 8.922163 -64.449196 -55.727314 0.008039 -62.863018 0.470378 38.566284 1.514946 -8.618817 -5.882108 9.861288 0.70259 -10.936875 -0.360573 7.156208 0.0 8.774826 -1e-06 -15.576868 17.661753 6.007608 -1.844033 2.498503 -2.507279 -10.163604 4.678946 4.621109 -20.97603 -1e-06 5e-06 -21.226292 2.451698 -3.593999 1e-06 -5e-06 -0.0 -1.362682 2.240799 -0.746323 -21.334917 0.584909 3.008325 -13.821217 -2e-06 4e-06 -23.887175 -0.249076 -0.839482 -59.753105 2.327538 -0.98782 -0.294025 1.679687 0.833256 -14.218213 0.093215 1.300583 -34.212063 -0.287561 0.967174 -20.033218 0.964539 1.212846 -0.0 1e-06 -1e-06 -3.44039 0.788234 0.501656 -15.928189 -3.167311 2.999709 -6.338827 -0.0 2e-06 -18.123446 3.648185 -4.90567 -5e-06 1e-06 -2e-06 -13.204305 11.248985 -1.386762 -26.128994 49.618591 -76.219101 -0.529514 44.552872 -2.451106 -10.608677 25.962761 18.229006 2.243543 -5.255038 -3.18016 14.282896 -0.826594 6.952505 -5e-06 -12.690608 0.0 15.737379 -16.157921 2.415709 1.665667 -1.955923 -2.8783 4.727798 -4.170588 4.993926 11.020531 4e-06 -2e-06 12.109056 -3.735717 -2.866787 -0.0 1e-06 1e-06 1.291986 -1.928552 -1.49809 14.800134 0.56747 3.865608 14.242579 -1.341734 -6.660664 19.631975 0.143929 -0.648245 47.973034 -0.886881 -6.469856 0.35303 -1.511152 -0.031941 20.222801 3.684312 2.316631 18.787277 7e-06 -2e-06 10.751634 -0.479868 1.397906 -0.0 -1e-06 -0.0 3.273808 0.305947 -0.580113 21.486824 11.830384 2.266135 8.16293 4e-06 -1e-06 18.399092 -3.798984 -4.940577 4e-06 -0.0 -1e-06 2.647495 26.633163 -3.448622 0.044523 -0.147456 5.094016 -7.139012 9.171569 -7.335335 1.641165 -1.912541 1.10896 0.0 -0.0 2e-06 -6.735546 -16.894121 -7.791812 0.048493 0.120352 2.59214 10.598514 3.346889 0.534424 -1.385835 0.90543 0.763506 -0.0 0.0 -1e-06 
0.0 0.0 0.0 0.0 -0.0 0.0 -0.051875 100.033806 2.569052 -0.337283 -8.570688 6.895118 -1.334088 -0.053954 -3.148933 -0.675497 -0.264682 -5.631508 -3.752103 -2.621274 6.696066 -3.546995 2.749593 -6.078864 -0.116814 1.019839 -3.775806 3.338771 -2.729879 0.54808 7.7e-05 -2.3e-05 6e-06 0.009417 0.099845 -0.048975 0.812783 -3.593131 -10.766229 -0.804292 3.784812 -10.731238 0.702318 -8.000337 4.043252 8.983968 -64.407692 -55.789055 -0.054006 -62.8834 0.454211 38.473919 1.47362 -8.501128 -5.882108 9.861288 0.702591 -10.936877 -0.360575 7.15621 1e-06 8.774826 -2e-06 -15.575758 17.676847 6.009099 -1.844032 2.498505 -2.507278 -10.163604 4.678945 4.621112 -20.97603 -2e-06 7e-06 -21.226295 2.451699 -3.593997 1e-06 -5e-06 -0.0 -1.362682 2.240799 -0.746324 -21.334927 0.58491 3.008328 -13.821222 -1e-06 6e-06 -23.887178 -0.249077 -0.839478 -59.751472 2.342706 -0.960794 -0.294025 1.679687 0.833255 -14.218217 0.093213 1.300584 -34.212067 -0.28756 0.967177 -20.033222 0.964539 1.212847 0.0 -0.0 -1e-06 -3.44039 0.788234 0.501656 -15.928198 -3.167311 2.999711 -6.33883 -1e-06 2e-06 -18.123453 3.648184 -4.90567 -5e-06 1e-06 -1e-06 -13.086792 11.213413 -1.187148 -25.981979 49.722931 -76.138489 -0.646877 44.692459 -2.579417 -10.663259 26.115404 18.387598 2.243542 -5.255037 -3.180159 14.282889 -0.82659 6.952502 -3e-06 -12.690605 -2e-06 15.792559 -16.177063 2.385896 1.665667 -1.95592 -2.878299 4.727797 -4.170586 4.993923 11.020527 6e-06 -2e-06 12.109052 -3.735713 -2.866785 -1e-06 -0.0 1e-06 1.291985 -1.928548 -1.498089 14.800131 0.56747 3.865606 14.242573 -1.341733 -6.660659 19.631969 0.143931 -0.648245 48.114986 -0.888947 -6.458136 0.353029 -1.51115 -0.031941 20.222792 3.684315 2.316631 18.787273 8e-06 -2e-06 10.751628 -0.479866 1.397907 -0.0 -0.0 -0.0 3.27381 0.30595 -0.580111 21.486818 11.830378 2.266135 8.162928 3e-06 -2e-06 18.399082 -3.798982 -4.940576 4e-06 -0.0 -1e-06 2.574508 26.594219 -3.416995 0.042695 -0.137029 5.019028 -7.1001 9.274035 -7.319842 1.643976 -1.901491 1.134246 0.0 1e-06 2e-06 -6.785974 -16.882622 -7.798573 0.045614 0.114799 2.557368 10.603883 3.369061 0.570954 -1.384956 0.902421 0.799888 -0.0 0.0 -1e-06 
0.0 0.0 0.0 0.0 -0.0 0.0 0.008374 100.037323 2.582657 -0.310132 -8.633952 6.913845 -1.335598 -0.072769 -3.128641 -0.692062 -0.274626 -5.657915 -3.77393 -2.615433 6.72571 -3.687675 2.782583 -5.973403 -0.090031 1.051155 -3.789467 3.344006 -2.667589 0.492698 7.7e-05 -2.3e-05 6e-06 0.008748 0.105458 -0.051375 0.810501 -3.58984 -10.777287 -0.803215 3.791865 -10.744534 0.804147 -7.879977 4.010961 9.231462 -64.399269 -55.956928 -0.194772 -62.87241 0.520228 38.445381 1.454518 -8.447859 -5.882109 9.861287 0.702591 -10.936875 -0.360573 7.156208 -0.0 8.774826 -2e-06 -15.596873 17.697048 6.002076 -1.844033 2.498504 -2.507278 -10.163603 4.678947 4.621109 -20.97603 -1e-06 5e-06 -21.226294 2.451701 -3.593999 0.0 -5e-06 -0.0 -1.362682 2.2408 -0.746323 -21.334919 0.584913 3.008326 -13.821218 -0.0 4e-06 -23.887175 -0.249075 -0.839483 -59.757885 2.362123 -0.942161 -0.294025 1.679686 0.833256 -14.218213 0.093216 1.300583 -34.212051 -0.287558 0.967173 -20.033216 0.96454 1.212844 0.0 -0.0 -1e-06 -3.440389 0.788234 0.501656 -15.928191 -3.16731 2.999709 -6.338828 -0.0 2e-06 -18.123449 3.648188 -4.905671 -5e-06 1e-06 -1e-06 -13.015478 11.18768 -1.010665 -25.860912 49.715443 -76.003525 -0.775444 44.873718 -2.71893 -10.675029 26.290483 18.54188 2.243541 -5.255037 -3.180159 14.28289 -0.826591 6.9525 -4e-06 -12.690601 -1e-06 15.82399 -16.192293 2.372355 1.665668 -1.955921 -2.878299 4.727798 -4.170586 4.993922 11.020526 5e-06 -2e-06 12.109052 -3.735714 -2.866785 -1e-06 1e-06 1e-06 1.291985 -1.92855 -1.498088 14.800129 0.56747 3.865605 14.242569 -1.341735 -6.660658 19.631969 0.14393 -0.648244 48.212006 -0.907545 -6.427319 0.353027 -1.51115 -0.031939 20.222794 3.684313 2.316627 18.78727 9e-06 -3e-06 10.751627 -0.479866 1.397906 0.0 -0.0 0.0 3.273807 0.305947 -0.580111 21.486814 11.83038 2.266133 8.162926 4e-06 -3e-06 18.39908 -3.798979 -4.940575 4e-06 -0.0 -1e-06 2.487223 26.573898 -3.375597 0.043164 -0.128473 4.889565 -7.07483 9.377037 -7.289161 1.644987 -1.87961 1.141845 0.0 -0.0 2e-06 -6.834288 -16.896355 -7.786759 0.041143 0.117434 2.469677 10.644733 3.389021 0.637527 -1.385205 0.901466 0.817881 -0.0 0.0 -1e-06 
0.0 0.0 0.0 0.0 -0.0 0.0 0.068726 100.0355 2.61794 -0.282332 -8.674508 6.946395 -1.340404 -0.084455 -3.101966 -0.704618 -0.26631 -5.668012 -3.799726 -2.645514 6.718658 -3.822248 2.833683 -5.831717 -0.074282 1.064557 -3.790656 3.37726 -2.609514 0.481051 7.7e-05 -2.2e-05 6e-06 0.008572 0.107492 -0.05328 0.807446 -3.589492 -10.782115 -0.80045 3.794838 -10.752619 0.907939 -7.742872 3.985453 9.634006 -64.449142 -56.187244 -0.301407 -62.828159 0.590996 38.447693 1.490723 -8.385798 -5.882114 9.861297 0.702589 -10.936885 -0.360575 7.156216 -2e-06 8.774836 -4e-06 -15.635244 17.706274 5.992692 -1.844034 2.498506 -2.507279 -10.163612 4.678949 4.621114 -20.976048 1e-06 6e-06 -21.226315 2.451705 -3.594004 1e-06 -6e-06 -0.0 -1.362683 2.2408 -0.746324 -21.334942 0.584912 3.008328 -13.821232 -2e-06 4e-06 -23.887196 -0.249072 -0.839483 -59.761921 2.369038 -0.915539 -0.294025 1.679689 0.833256 -14.218225 0.093216 1.300584 -34.212086 -0.287557 0.967173 -20.033236 0.964542 1.212845 -0.0 1e-06 -1e-06 -3.440392 0.788233 0.501656 -15.928206 -3.167312 2.999715 -6.338834 -1e-06 3e-06 -18.123466 3.648191 -4.905676 -5e-06 1e-06 -2e-06 -13.047759 11.186658 -0.957211 -25.577196 49.561462 -75.638184 -0.831878 45.164192 -2.781092 -10.631275 26.433498 18.732208 2.243542 -5.255039 -3.180161 14.282896 -0.826592 6.952506 -5e-06 -12.69061 -1e-06 15.820571 -16.179716 2.372826 1.665668 -1.955924 -2.8783 4.727801 -4.170588 4.993926 11.02053 5e-06 -1e-06 12.109058 -3.735716 -2.866786 -1e-06 -1e-06 0.0 1.291986 -1.928552 -1.49809 14.800139 0.567472 3.86561 14.242579 -1.341734 -6.660662 19.631979 0.143928 -0.648244 48.21487 -0.939942 -6.383185 0.35303 -1.511149 -0.03194 20.222803 3.684315 2.316633 18.787283 8e-06 0.0 10.751633 -0.479867 1.397909 0.0 -0.0 -0.0 3.273809 0.305949 -0.580112 21.486828 11.830384 2.266138 8.16293 3e-06 -1e-06 18.399088 -3.798982 -4.940577 4e-06 -1e-06 -0.0 2.389865 26.560759 -3.374599 0.045421 -0.119525 4.81496 -7.041905 9.451491 -7.295335 1.645413 -1.857648 1.136891 0.0 -0.0 2e-06 -6.883957 -16.935129 -7.797907 0.035616 0.125222 2.433194 10.707842 3.422231 0.659703 -1.387074 0.905146 0.833281 -0.0 0.0 -1e-06 
0.0 0.0 0.0 0.0 -0.0 0.0 0.129601 100.028992 2.674248 -0.25666 -8.701125 6.99702 -1.345458 -0.088831 -3.084988 -0.714646 -0.262135 -5.663677 -3.831081 -2.66647 6.675509 -3.93456 2.914554 -5.648284 -0.083854 1.063547 -3.786969 3.430856 -2.592315 0.525577 7.7e-05 -2.3e-05 6e-06 0.008165 0.104968 -0.053027 0.804498 -3.593066 -10.784136 -0.798372 3.793087 -10.756785 0.993523 -7.621425 3.980664 10.209329 -64.565216 -56.496693 -0.301341 -62.69978 0.614488 38.436253 1.553145 -8.253194 -5.882113 9.861293 0.702591 -10.936881 -0.360574 7.156212 -1e-06 8.774831 -4e-06 -15.663099 17.696482 5.985302 -1.844034 2.498508 -2.507278 -10.16361 4.678948 4.621113 -20.97604 -1e-06 7e-06 -21.226303 2.451703 -3.594001 1e-06 -5e-06 -0.0 -1.362683 2.2408 -0.746323 -21.334934 0.584912 3.008328 -13.821225 -0.0 5e-06 -23.887188 -0.249075 -0.839482 -59.752338 2.366121 -0.898114 -0.294025 1.679689 0.833256 -14.218221 0.093216 1.300582 -34.212082 -0.287559 0.967174 -20.033232 0.964539 1.212844 -0.0 -0.0 -1e-06 -3.440392 0.788234 0.501656 -15.928201 -3.167312 2.999713 -6.338832 0.0 3e-06 -18.123465 3.64819 -4.905674 -5e-06 1e-06 -2e-06 -13.158035 11.194532 -0.961816 -25.219383 49.279362 -75.131371 -0.839562 45.51812 -2.82478 -10.595724 26.497841 18.894911 2.243543 -5.25504 -3.180162 14.282901 -0.826591 6.952507 -4e-06 -12.690612 -2e-06 15.798287 -16.173132 2.420486 1.665669 -1.955921 -2.8783 4.7278 -4.17059 4.993926 11.020536 6e-06 -3e-06 12.10906 -3.735716 -2.866788 -1e-06 0.0 0.0 1.291987 -1.928551 -1.49809 14.800139 0.56747 3.865608 14.242584 -1.341735 -6.660664 19.631985 0.143929 -0.648247 48.160229 -0.966755 -6.340903 0.35303 -1.511151 -0.03194 20.222803 3.684315 2.316631 18.787285 7e-06 -1e-06 10.751634 -0.479867 1.397909 0.0 -0.0 0.0 3.273808 0.305947 -0.580112 21.486832 11.830384 2.266132 8.162933 2e-06 -3e-06 18.399096 -3.798982 -4.940579 4e-06 -0.0 -1e-06 2.294006 26.56691 -3.406214 0.045394 -0.112743 4.785767 -7.004203 9.514008 -7.331439 1.644739 -1.854131 1.143535 0.0 -0.0 2e-06 -6.934382 -16.959879 -7.832244 0.031863 0.129957 2.432955 10.745988 3.448617 0.641027 -1.389894 0.912873 0.856791 -0.0 0.0 -1e-06 
0.0 0.0 0.0 0.0 -0.0 0.0 0.196953 100.018417 2.750215 -0.235687 -8.70456 7.066078 -1.36088 -0.0803 -3.084554 -0.718935 -0.268201 -5.653266 -3.8617 -2.664961 6.618702 -4.025945 3.007907 -5.447818 -0.103985 1.03237 -3.786723 3.499742 -2.599916 0.615801 7.7e-05 -2.2e-05 6e-06 0.006993 0.097368 -0.049725 0.801643 -3.600544 -10.782125 -0.798003 3.785444 -10.753317 1.062529 -7.547311 3.995944 10.943947 -64.742729 -56.913349 -0.221195 -62.472614 0.543711 38.426834 1.546764 -7.949595 -5.882106 9.861284 0.702591 -10.93687 -0.360577 7.156205 1e-06 8.774824 -1e-06 -15.653595 17.671642 5.967818 -1.844032 2.498503 -2.507278 -10.163601 4.678943 4.621109 -20.976025 -3e-06 5e-06 -21.226288 2.451698 -3.594 -0.0 -5e-06 -0.0 -1.362681 2.240798 -0.746323 -21.334913 0.584908 3.008326 -13.821213 -3e-06 3e-06 -23.887165 -0.249076 -0.839482 -59.684837 2.361522 -0.904699 -0.294025 1.679687 0.833255 -14.218208 0.093217 1.300581 -34.212048 -0.287563 0.967172 -20.033211 0.964536 1.212845 0.0 -1e-06 -1e-06 -3.440388 0.788234 0.501656 -15.928185 -3.16731 2.999708 -6.338826 0.0 1e-06 -18.123444 3.648184 -4.90567 -5e-06 1e-06 -1e-06 -13.298102 11.173917 -0.981403 -24.881817 48.903374 -74.623535 -0.81814 45.847176 -2.882857 -10.5323 26.542719 19.127975 2.243542 -5.255037 -3.180156 14.282892 -0.826594 6.952503 -4e-06 -12.690605 1e-06 15.773861 -16.143394 2.480929 1.665666 -1.955921 -2.878298 4.727799 -4.170588 4.993925 11.020528 4e-06 0.0 12.109052 -3.735715 -2.866783 -1e-06 1e-06 -0.0 1.291986 -1.92855 -1.498088 14.800129 0.567468 3.865608 14.242573 -1.341734 -6.660656 19.631969 0.143927 -0.648243 48.091461 -0.981444 -6.297988 0.353029 -1.51115 -0.031941 20.222794 3.684311 2.316631 18.787277 6e-06 1e-06 10.751631 -0.479869 1.397908 0.0 1e-06 0.0 3.273807 0.305947 -0.580111 21.48682 11.830378 2.266133 8.16293 1e-06 -1e-06 18.399086 -3.798985 -4.940575 3e-06 -1e-06 -1e-06 2.205112 26.554571 -3.477232 0.04022 -0.106074 4.814288 -6.977523 9.575624 -7.404565 1.642797 -1.860181 1.155633 0.0 1e-06 2e-06 -6.986665 -16.947847 -7.876245 0.028777 0.126471 2.444401 10.766516 3.430412 0.592706 -1.392695 0.922865 0.887292 -0.0 0.0 -1e-06 
0.0 0.0 0.0 0.0 -0.0 0.0 0.262859 100.003899 2.842469 -0.220931 -8.683886 7.136807 -1.385888 -0.058893 -3.095844 -0.717843 -0.277576 -5.645456 -3.895594 -2.652234 6.574752 -4.105249 3.09279 -5.24644 -0.113673 0.988838 -3.79772 3.575654 -2.600263 0.74717 7.7e-05 -2.3e-05 6e-06 0.005173 0.091647 -0.045511 0.800087 -3.604109 -10.776645 -0.800295 3.777933 -10.744395 1.115526 -7.521561 4.002308 11.704223 -64.969398 -57.29319 -0.016572 -62.192738 0.4133 38.428402 1.506166 -7.590247 -5.882105 9.861285 0.702589 -10.936868 -0.360576 7.156203 -1e-06 8.774824 -1e-06 -15.614391 17.638494 5.960967 -1.844032 2.498504 -2.507277 -10.163597 4.678944 4.621108 -20.976021 -3e-06 2e-06 -21.226282 2.451697 -3.594001 1e-06 -5e-06 -1e-06 -1.362681 2.240798 -0.746324 -21.334909 0.58491 3.008321 -13.821213 -3e-06 2e-06 -23.887165 -0.24908 -0.839484 -59.609936 2.357435 -0.917772 -0.294025 1.679686 0.833255 -14.218203 0.093214 1.300581 -34.212048 -0.287565 0.967169 -20.033211 0.964536 1.212843 0.0 -0.0 -1e-06 -3.440388 0.788233 0.501656 -15.928183 -3.16731 2.999705 -6.338824 0.0 0.0 -18.123444 3.648183 -4.905672 -5e-06 1e-06 -2e-06 -13.404441 11.106395 -0.973419 -24.64563 48.480194 -74.18161 -0.766144 46.106918 -2.952294 -10.443338 26.638954 19.514746 2.243541 -5.255037 -3.180158 14.282892 -0.826592 6.952503 -4e-06 -12.690603 -0.0 15.731222 -16.095068 2.515726 1.665668 -1.955921 -2.8783 4.727798 -4.170587 4.993924 11.020529 4e-06 -2e-06 12.109054 -3.735713 -2.866784 -2e-06 0.0 1e-06 1.291986 -1.928549 -1.49809 14.800134 0.567471 3.865607 14.242576 -1.341735 -6.66066 19.631973 0.143928 -0.648244 48.013908 -0.984804 -6.278794 0.353029 -1.511152 -0.031939 20.222797 3.684313 2.316629 18.787279 7e-06 -1e-06 10.751631 -0.479868 1.397905 0.0 1e-06 0.0 3.273807 0.305947 -0.580112 21.486816 11.830379 2.266132 8.16293 1e-06 -2e-06 18.399084 -3.79898 -4.940576 3e-06 -0.0 -1e-06 2.140711 26.513025 -3.494872 0.035498 -0.097046 4.894843 -6.980577 9.619905 -7.519407 1.639851 -1.875974 1.153668 0.0 -0.0 2e-06 -7.039197 -16.920473 -7.915045 0.02617 0.118074 2.473581 10.790118 3.383162 0.51711 -1.394769 0.932514 0.889595 0.0 0.0 -1e-06 
0.0 0.0 0.0 0.0 -0.0 0.0 0.32197 99.9897 2.939453 -0.212938 -8.646883 7.210803 -1.416696 -0.037888 -3.11351 -0.721281 -0.284388 -5.64295 -3.930167 -2.648187 6.536989 -4.148786 3.156513 -5.038916 -0.116779 0.966896 -3.813186 3.634842 -2.578998 0.881289 7.7e-05 -2.3e-05 6e-06 0.003804 0.091827 -0.043877 0.801167 -3.601781 -10.774877 -0.804338 3.776631 -10.739508 1.162245 -7.50782 3.978963 12.367427 -65.227104 -57.530334 0.316555 -61.928028 0.194369 38.447632 1.441315 -7.17396 -5.882106 9.861283 0.702588 -10.936873 -0.360575 7.156207 0.0 8.774826 -2e-06 -15.577252 17.618622 5.974512 -1.844032 2.498503 -2.507279 -10.163601 4.678945 4.621109 -20.976027 -4e-06 2e-06 -21.226288 2.451695 -3.594001 -1e-06 -6e-06 -1e-06 -1.362682 2.240798 -0.746325 -21.334915 0.584908 3.008323 -13.821217 -3e-06 2e-06 -23.887175 -0.249082 -0.839484 -59.617859 2.353862 -0.924902 -0.294025 1.679688 0.833256 -14.21821 0.093215 1.30058 -34.212051 -0.287566 0.96717 -20.033218 0.964534 1.212844 0.0 -1e-06 -1e-06 -3.440389 0.788232 0.501655 -15.928189 -3.167311 2.999708 -6.338827 -2e-06 1e-06 -18.123447 3.648181 -4.905671 -5e-06 1e-06 -2e-06 -13.475281 11.028175 -0.930187 -24.49835 48.039238 -73.854599 -0.661125 46.281773 -3.005318 -10.39477 26.810129 20.025564 2.243541 -5.255037 -3.180157 14.282891 -0.826595 6.952503 -2e-06 -12.690601 2e-06 15.664409 -16.04834 2.531414 1.665666 -1.95592 -2.878298 4.727798 -4.170587 4.993924 11.020524 3e-06 0.0 12.109052 -3.735715 -2.866782 -1e-06 -1e-06 0.0 1.291985 -1.928548 -1.498089 14.800125 0.567467 3.865609 14.242568 -1.341736 -6.660655 19.631966 0.143926 -0.648243 47.937859 -0.990248 -6.281008 0.353028 -1.51115 -0.03194 20.222794 3.684309 2.316631 18.787273 3e-06 -0.0 10.751627 -0.479869 1.397907 1e-06 1e-06 0.0 3.273808 0.305948 -0.580111 21.486813 11.830373 2.266133 8.162926 0.0 -1e-06 18.39908 -3.798985 -4.940573 3e-06 -0.0 -1e-06 2.074355 26.485844 -3.575606 0.033079 -0.098285 4.984699 -6.968601 9.634389 -7.63104 1.638518 -1.901065 1.142565 0.0 -0.0 2e-06 -7.081608 -16.90575 -7.941248 0.021144 0.107572 2.492203 10.830017 3.326474 0.445093 -1.39485 0.934833 0.863017 -0.0 0.0 -1e-06 
0.0 0.0 0.0 0.0 -0.0 0.0 0.376834 99.985207 3.035429 -0.214091 -8.616759 7.290502 -1.451918 -0.030186 -3.12917 -0.729092 -0.287468 -5.644599 -3.966316 -2.654438 6.499738 -4.144875 3.180506 -4.843045 -0.104035 0.9859 -3.824627 3.681845 -2.542095 1.04282 7.7e-05 -2.3e-05 6e-06 0.003857 0.101232 -0.047387 0.806272 -3.588897 -10.772921 -0.809446 3.783323 -10.736928 1.210613 -7.488607 3.932067 12.951676 -65.458511 -57.694725 0.637022 -61.7155 0.034395 38.517712 1.411757 -6.874604 -5.882108 9.861289 0.702589 -10.936873 -0.360576 7.156209 -0.0 8.774827 -3e-06 -15.573164 17.625414 5.995223 -1.844033 2.498507 -2.507279 -10.163604 4.678945 4.621111 -20.97603 -3e-06 5e-06 -21.226295 2.451698 -3.593999 -1e-06 -6e-06 -1e-06 -1.362682 2.240799 -0.746324 -21.334921 0.58491 3.008327 -13.821218 -2e-06 4e-06 -23.887175 -0.249076 -0.839482 -59.682056 2.36995 -0.912674 -0.294025 1.679687 0.833256 -14.218213 0.093214 1.300583 -34.212063 -0.287562 0.967174 -20.033222 0.964539 1.212847 -0.0 1e-06 -0.0 -3.440389 0.788233 0.501656 -15.928192 -3.167311 2.999711 -6.338829 -1e-06 1e-06 -18.123453 3.648184 -4.905673 -4e-06 1e-06 -3e-06 -13.51959 10.945333 -0.877227 -24.439182 47.624012 -73.627266 -0.539024 46.376316 -3.045422 -10.472574 27.031523 20.346899 2.243541 -5.255038 -3.180159 14.282894 -0.826595 6.952503 -3e-06 -12.690605 -1e-06 15.592103 -16.018545 2.541927 1.665666 -1.955923 -2.878299 4.7278 -4.170587 4.993923 11.020529 4e-06 -2e-06 12.109057 -3.735714 -2.866785 -1e-06 -1e-06 0.0 1.291985 -1.928549 -1.498089 14.800129 0.567469 3.865607 14.242574 -1.341738 -6.660661 19.631969 0.143928 -0.648245 47.857418 -0.999719 -6.275392 0.353031 -1.511149 -0.03194 20.222797 3.684311 2.31663 18.787279 5e-06 -2e-06 10.751631 -0.479868 1.397906 0.0 1e-06 1e-06 3.273808 0.305947 -0.580112 21.486818 11.830377 2.266133 8.162928 3e-06 -1e-06 18.399084 -3.798981 -4.940576 3e-06 -0.0 -1e-06 2.017396 26.478552 -3.590009 0.032364 -0.10666 4.929642 -6.946649 9.622629 -7.664481 1.637668 -1.917534 1.124454 0.0 -0.0 2e-06 -7.107296 -16.906246 -7.912138 0.015309 0.104349 2.388585 10.882531 3.249759 0.45827 -1.392121 0.931687 0.821581 -0.0 0.0 -1e-06 
0.0 0.0 0.0 0.0 -0.0 0.0 0.425821 99.991417 3.12035 -0.236399 -8.599746 7.389677 -1.492217 -0.03218 -3.14713 -0.734429 -0.296901 -5.649975 -3.996079 -2.676379 6.459306 -4.072033 3.184043 -4.641412 -0.09533 1.047912 -3.833128 3.718697 -2.513789 1.215828 7.7e-05 -2.2e-05 6e-06 0.003567 0.115265 -0.051479 0.809661 -3.572304 -10.768822 -0.81329 3.795406 -10.735417 1.287423 -7.479461 3.901175 13.496573 -65.598572 -57.932301 0.785862 -61.584763 0.035688 38.618843 1.428147 -6.652751 -5.88211 9.86129 0.70259 -10.936878 -0.360577 7.156212 -0.0 8.77483 -2e-06 -15.572269 17.655407 6.026137 -1.844033 2.498507 -2.507279 -10.163608 4.678947 4.621111 -20.976038 -2e-06 4e-06 -21.226303 2.451698 -3.594004 -1e-06 -6e-06 -1e-06 -1.362682 2.240799 -0.746323 -21.334927 0.584909 3.008327 -13.821223 -3e-06 5e-06 -23.887186 -0.249076 -0.839481 -59.709911 2.389956 -0.873401 -0.294026 1.679689 0.833255 -14.218217 0.093216 1.300583 -34.212067 -0.287564 0.967173 -20.033222 0.964537 1.212846 -1e-06 -0.0 0.0 -3.440391 0.788234 0.501657 -15.9282 -3.167311 2.999712 -6.33883 -1e-06 2e-06 -18.123459 3.648184 -4.905674 -4e-06 0.0 -3e-06 -13.603697 10.882143 -0.878576 -24.356136 47.255402 -73.393761 -0.477274 46.404263 -3.102544 -10.597782 27.239857 20.446266 2.243542 -5.255037 -3.180158 14.282892 -0.826593 6.952507 -3e-06 -12.690607 -0.0 15.543957 -16.006535 2.539269 1.665666 -1.955922 -2.878299 4.727798 -4.170588 4.993925 11.020528 4e-06 1e-06 12.109052 -3.735715 -2.866784 -1e-06 0.0 1e-06 1.291985 -1.92855 -1.49809 14.800132 0.56747 3.86561 14.242573 -1.341738 -6.660657 19.631969 0.143926 -0.648242 47.818066 -1.011502 -6.26819 0.353027 -1.51115 -0.03194 20.222792 3.684315 2.316632 18.787273 6e-06 2e-06 10.751631 -0.479869 1.397907 1e-06 1e-06 1e-06 3.273808 0.305946 -0.58011 21.486818 11.830381 2.266137 8.16293 2e-06 -0.0 18.399082 -3.798984 -4.940573 3e-06 -0.0 -1e-06 1.974419 26.479637 -3.58323 0.034732 -0.120735 4.782463 -6.926095 9.585184 -7.641288 1.637687 -1.917349 1.099981 0.0 1e-06 2e-06 -7.095789 -16.917437 -7.849218 0.009735 0.104046 2.166208 10.942414 3.191585 0.568952 -1.388514 0.924789 0.78539 0.0 1e-06 -1e-06 
0.0 0.0 0.0 0.0 -0.0 0.0 0.47056 100.004486 3.204838 -0.271056 -8.6027 7.505019 -1.531318 -0.037017 -3.164153 -0.734684 -0.305149 -5.658561 -4.030014 -2.715778 6.417367 -3.9404 3.172378 -4.425035 -0.104881 1.125153 -3.825747 3.773479 -2.495754 1.378084 7.7e-05 -2.3e-05 6e-06 0.000935 0.130063 -0.051717 0.809987 -3.555949 -10.754657 -0.818601 3.808833 -10.726479 1.396411 -7.499745 3.911194 14.069016 -65.62252 -58.290501 0.812097 -61.525005 0.091482 38.771507 1.479757 -6.491182 -5.88211 9.86129 0.702593 -10.936878 -0.360573 7.156209 -1e-06 8.774829 0.0 -15.567225 17.695156 6.059571 -1.844033 2.498506 -2.507278 -10.163608 4.678948 4.621112 -20.97604 1e-06 5e-06 -21.226301 2.451701 -3.594001 -1e-06 -7e-06 -1e-06 -1.362682 2.240799 -0.746323 -21.334929 0.584912 3.008329 -13.821223 -1e-06 5e-06 -23.887184 -0.249072 -0.839481 -59.704338 2.407012 -0.839656 -0.294025 1.679688 0.833256 -14.218217 0.093216 1.300583 -34.21207 -0.28756 0.967175 -20.033226 0.964542 1.212845 -1e-06 -1e-06 0.0 -3.44039 0.788235 0.501657 -15.928198 -3.167308 2.999711 -6.338829 1e-06 2e-06 -18.123457 3.648186 -4.90567 -4e-06 1e-06 -3e-06 -13.760632 10.844873 -0.947135 -24.216713 46.916931 -73.066177 -0.531818 46.387535 -3.180814 -10.73452 27.351007 20.47093 2.243544 -5.255038 -3.18016 14.282901 -0.826595 6.952507 -3e-06 -12.690609 -0.0 15.502713 -16.018543 2.563705 1.665667 -1.955922 -2.8783 4.727802 -4.170588 4.993927 11.020535 4e-06 -2e-06 12.10906 -3.735717 -2.866785 -1e-06 1e-06 0.0 1.291988 -1.92855 -1.498091 14.800139 0.567469 3.865609 14.242582 -1.341735 -6.660664 19.631985 0.143928 -0.648245 47.845207 -1.002066 -6.273834 0.353029 -1.511151 -0.03194 20.222809 3.684312 2.316631 18.787287 5e-06 -1e-06 10.751636 -0.479869 1.397907 0.0 1e-06 1e-06 3.27381 0.305948 -0.580111 21.486834 11.830382 2.266134 8.162933 2e-06 -2e-06 18.399099 -3.798984 -4.940578 3e-06 -0.0 -0.0 1.939623 26.47436 -3.55133 0.036994 -0.1362 4.551312 -6.895287 9.542197 -7.572802 1.638799 -1.90605 1.072966 -0.0 1e-06 2e-06 -7.059315 -16.952093 -7.78997 0.009651 0.106176 1.905519 11.011345 3.18575 0.734142 -1.384184 0.914759 0.747194 -0.0 0.0 -1e-06 
0.0 0.0 0.0 0.0 -0.0 0.0 0.506459 100.016953 3.296442 -0.320094 -8.622433 7.628983 -1.563677 -0.057365 -3.16683 -0.731713 -0.30291 -5.662428 -4.065219 -2.763186 6.361161 -3.759154 3.127167 -4.209744 -0.106872 1.235137 -3.804013 3.825628 -2.479876 1.553227 7.7e-05 -2.3e-05 6e-06 -0.002009 0.142261 -0.05048 0.808066 -3.543416 -10.743979 -0.822142 3.820382 -10.721795 1.542124 -7.523621 3.944202 14.64585 -65.574455 -58.710423 0.78677 -61.531288 0.144043 38.91753 1.563334 -6.34843 -5.882105 9.861284 0.702589 -10.93687 -0.360574 7.156204 -1e-06 8.774826 -1e-06 -15.558023 17.715792 6.092787 -1.844032 2.498504 -2.507277 -10.163597 4.678942 4.621108 -20.976021 -3e-06 3e-06 -21.226286 2.451699 -3.594 0.0 -6e-06 -1e-06 -1.362682 2.240799 -0.746325 -21.334908 0.58491 3.008323 -13.821213 -2e-06 2e-06 -23.887167 -0.249078 -0.839482 -59.665863 2.423493 -0.802422 -0.294025 1.679687 0.833255 -14.218207 0.093216 1.300581 -34.212048 -0.287563 0.967171 -20.033209 0.964536 1.212843 -1e-06 1e-06 -0.0 -3.440387 0.788234 0.501655 -15.928183 -3.16731 2.999707 -6.338824 -1e-06 1e-06 -18.123442 3.648183 -4.905671 -4e-06 1e-06 -3e-06 -13.937752 10.796689 -1.058633 -24.098291 46.60619 -72.774063 -0.586814 46.377537 -3.267149 -10.781796 27.382235 20.747908 2.243542 -5.255038 -3.180159 14.282896 -0.826593 6.952504 -0.0 -12.690607 -2e-06 15.439272 -16.016327 2.618426 1.665667 -1.955924 -2.8783 4.727801 -4.170588 4.993924 11.020533 2e-06 -1e-06 12.109056 -3.735717 -2.866785 -1e-06 -1e-06 1e-06 1.291988 -1.92855 -1.49809 14.800136 0.567471 3.865609 14.242579 -1.341737 -6.660659 19.631975 0.143926 -0.648243 47.874039 -0.985667 -6.269803 0.353031 -1.51115 -0.03194 20.222801 3.684313 2.316632 18.787283 4e-06 0.0 10.751633 -0.479868 1.397905 0.0 1e-06 0.0 3.273808 0.305946 -0.580111 21.486826 11.830379 2.266134 8.16293 1e-06 -2e-06 18.399092 -3.798985 -4.940579 3e-06 -1e-06 -0.0 1.925104 26.457182 -3.534742 0.037862 -0.143037 4.347711 -6.885524 9.505509 -7.523158 1.638432 -1.888608 1.063157 -0.0 1e-06 2e-06 -6.999301 -17.000612 -7.767589 0.014332 0.109929 1.694728 11.085709 3.209437 0.888959 -1.380272 0.910268 0.726809 0.0 0.0 -1e-06 
0.0 0.0 0.0 0.0 -0.0 0.0 0.545656 100.025703 3.386272 -0.371359 -8.656024 7.747141 -1.589889 -0.08995 -3.148138 -0.735487 -0.303085 -5.657664 -4.090511 -2.805207 6.279687 -3.532941 3.064583 -3.994038 -0.083624 1.349531 -3.777492 3.847979 -2.425658 1.773527 7.7e-05 -2.3e-05 6e-06 -0.003738 0.14883 -0.051041 0.805048 -3.537485 -10.737805 -0.821994 3.826515 -10.720762 1.728096 -7.542966 3.985016 15.165256 -65.478561 -59.105206 0.744901 -61.624523 0.135234 39.057255 1.656099 -6.17494 -5.88211 9.86129 0.702589 -10.936878 -0.360578 7.156212 1e-06 8.77483 -2e-06 -15.565411 17.721386 6.105569 -1.844033 2.498506 -2.507279 -10.163608 4.678945 4.621112 -20.976038 -5e-06 7e-06 -21.226299 2.451698 -3.593998 -1e-06 -5e-06 -1e-06 -1.362682 2.2408 -0.746325 -21.334929 0.584906 3.00833 -13.821221 -3e-06 4e-06 -23.887184 -0.249076 -0.839479 -59.617573 2.438918 -0.77008 -0.294025 1.679688 0.833256 -14.218221 0.093213 1.300583 -34.212078 -0.287565 0.967177 -20.03323 0.964537 1.212847 -1e-06 1e-06 0.0 -3.440391 0.788233 0.501657 -15.928201 -3.167312 2.999713 -6.338831 -2e-06 2e-06 -18.123459 3.648182 -4.90567 -4e-06 1e-06 -3e-06 -14.127074 10.72827 -1.165156 -24.037745 46.316425 -72.603249 -0.602548 46.453987 -3.328189 -10.724917 27.346992 21.413857 2.243541 -5.255036 -3.180158 14.282893 -0.826593 6.952507 -3e-06 -12.690608 -0.0 15.389383 -16.018391 2.691191 1.665665 -1.955921 -2.878299 4.727798 -4.170588 4.993926 11.020528 4e-06 1e-06 12.109053 -3.735716 -2.866783 -0.0 -1e-06 1e-06 1.291984 -1.928551 -1.498089 14.800131 0.567473 3.865612 14.242571 -1.341735 -6.660656 19.631964 0.143928 -0.64824 47.902363 -0.981841 -6.25744 0.353028 -1.511151 -0.031939 20.222792 3.684315 2.316636 18.787273 5e-06 4e-06 10.751629 -0.479868 1.397909 0.0 -0.0 -0.0 3.273807 0.305948 -0.580111 21.486813 11.83038 2.266137 8.162927 3e-06 1e-06 18.39908 -3.798987 -4.940571 3e-06 1e-06 -1e-06 1.917814 26.445553 -3.541601 0.036512 -0.145316 4.212867 -6.915344 9.505615 -7.514519 1.638734 -1.865555 1.080154 -0.0 -0.0 2e-06 -6.934303 -17.053934 -7.864763 0.020431 0.10849 1.736757 11.174706 3.253637 0.942182 -1.37767 0.91267 0.746761 0.0 0.0 -1e-06 
0.0 0.0 0.0 0.0 -0.0 0.0 0.584684 100.028572 3.474338 -0.424725 -8.695254 7.855251 -1.602157 -0.124484 -3.124649 -0.74744 -0.321423 -5.645905 -4.102235 -2.822515 6.187831 -3.279674 2.996036 -3.799762 -0.040112 1.434717 -3.759847 3.863948 -2.324513 2.02792 7.7e-05 -2.3e-05 6e-06 -0.004149 0.15303 -0.050341 0.800852 -3.535071 -10.736721 -0.817996 3.831201 -10.720553 1.886463 -7.557693 4.008634 15.717717 -65.335678 -59.442753 0.682202 -61.751965 0.133865 39.206673 1.791398 -6.036306 -5.882112 9.861295 0.702591 -10.936878 -0.360574 7.15621 -2e-06 8.774833 -1e-06 -15.583572 17.707739 6.076595 -1.844034 2.498507 -2.507279 -10.163608 4.678949 4.621112 -20.976038 0.0 0.0 -21.226303 2.451699 -3.594005 -1e-06 -6e-06 -1e-06 -1.362683 2.2408 -0.746324 -21.334929 0.584913 3.008326 -13.821221 0.0 2e-06 -23.887184 -0.249076 -0.839485 -59.558178 2.445306 -0.765704 -0.294025 1.679689 0.833256 -14.218218 0.093215 1.300581 -34.212074 -0.287561 0.96717 -20.033232 0.964538 1.212844 -0.0 -0.0 1e-06 -3.440391 0.788235 0.501656 -15.928196 -3.167311 2.999709 -6.33883 -1e-06 1e-06 -18.123459 3.648185 -4.905675 -4e-06 0.0 -3e-06 -14.279041 10.645288 -1.211364 -24.160158 46.045326 -72.622429 -0.593558 46.543365 -3.418453 -10.629198 27.278126 22.374418 2.243545 -5.255041 -3.180162 14.282903 -0.826594 6.952506 0.0 -12.690612 -1e-06 15.374496 -16.043703 2.767198 1.665668 -1.955924 -2.878302 4.7278 -4.170588 4.993927 11.020536 3e-06 -4e-06 12.109063 -3.735717 -2.866791 -0.0 -1e-06 1e-06 1.291986 -1.928551 -1.498091 14.800138 0.567469 3.865608 14.242585 -1.341736 -6.660668 19.631985 0.143929 -0.648248 47.941448 -0.990535 -6.252212 0.353029 -1.511152 -0.03194 20.222811 3.684313 2.316629 18.787292 7e-06 -5e-06 10.751637 -0.479867 1.397908 1e-06 1e-06 -1e-06 3.27381 0.305947 -0.580112 21.486832 11.830385 2.266133 8.162932 3e-06 -3e-06 18.399099 -3.798985 -4.940581 3e-06 0.0 -1e-06 1.92162 26.499495 -3.578729 0.037164 -0.147683 4.176057 -6.990888 9.492337 -7.556601 1.639375 -1.846587 1.092707 -0.0 -0.0 2e-06 -6.870975 -17.117392 -7.948807 0.021482 0.109588 1.776782 11.276116 3.298813 0.979222 -1.377014 0.916681 0.787463 0.0 0.0 -1e-06 
0.0 0.0 0.0 0.0 -0.0 0.0 0.608585 100.02906 3.558246 -0.47441 -8.712084 7.949815 -1.603137 -0.151755 -3.100321 -0.76438 -0.341117 -5.633816 -4.104257 -2.840414 6.112564 -3.003716 2.920757 -3.639606 0.015067 1.499384 -3.74756 3.877896 -2.203579 2.240216 7.7e-05 -2.3e-05 6e-06 -0.004316 0.155539 -0.045565 0.796125 -3.534418 -10.738478 -0.813037 3.834577 -10.718874 1.999971 -7.548722 4.005834 16.314909 -65.1922 -59.758747 0.599461 -61.899178 0.18915 39.316143 2.037791 -6.014324 -5.88211 9.861286 0.70259 -10.936878 -0.360577 7.156209 1e-06 8.774828 -2e-06 -15.613981 17.702541 6.029288 -1.844034 2.498506 -2.507279 -10.163606 4.678945 4.62111 -20.976036 -3e-06 4e-06 -21.226299 2.451696 -3.594 -1e-06 -6e-06 -1e-06 -1.362682 2.240799 -0.746325 -21.334925 0.584908 3.008327 -13.821222 -4e-06 5e-06 -23.887184 -0.249079 -0.839478 -59.515423 2.452825 -0.809451 -0.294025 1.679687 0.833256 -14.218219 0.093214 1.300584 -34.212067 -0.287564 0.967175 -20.033226 0.964537 1.212846 -0.0 -1e-06 0.0 -3.44039 0.788232 0.501657 -15.9282 -3.16731 2.999711 -6.338829 -1e-06 2e-06 -18.123459 3.648183 -4.905671 -4e-06 0.0 -2e-06 -14.392941 10.553482 -1.202773 -24.442574 45.781345 -72.749786 -0.610945 46.544743 -3.540695 -10.55665 27.2083 23.219509 2.243542 -5.255036 -3.180159 14.282888 -0.826593 6.952503 -2e-06 -12.690601 -1e-06 15.373492 -16.057793 2.82588 1.665666 -1.955921 -2.878299 4.727798 -4.170585 4.993924 11.020524 3e-06 -0.0 12.109047 -3.735713 -2.866783 -0.0 -1e-06 1e-06 1.291983 -1.928549 -1.498089 14.800127 0.567472 3.865608 14.242568 -1.341736 -6.660656 19.631962 0.143925 -0.648242 47.914261 -0.995849 -6.232827 0.353029 -1.511151 -0.03194 20.222788 3.684311 2.316633 18.78727 6e-06 1e-06 10.751626 -0.479868 1.397907 0.0 -0.0 -1e-06 3.273806 0.305946 -0.58011 21.486813 11.830376 2.266135 8.162928 2e-06 -0.0 18.399076 -3.798982 -4.940571 3e-06 0.0 -1e-06 1.940234 26.569046 -3.618499 0.037527 -0.150379 4.173678 -7.095417 9.428132 -7.608247 1.639744 -1.834195 1.106868 -0.0 -0.0 2e-06 -6.806135 -17.224918 -8.005261 0.015508 0.119761 1.801295 11.372288 3.356421 1.007339 -1.377584 0.922904 0.814666 0.0 1e-06 -1e-06 
0.0 0.0 0.0 0.0 -0.0 0.0 0.612487 100.033737 3.637497 -0.522511 -8.697533 8.040203 -1.598494 -0.172121 -3.082735 -0.78038 -0.352976 -5.628322 -4.100615 -2.8713 6.058761 -2.715895 2.833565 -3.521366 0.069624 1.564094 -3.734872 3.889912 -2.099212 2.353922 7.7e-05 -2.2e-05 6e-06 -0.004287 0.155458 -0.037135 0.790655 -3.535703 -10.734418 -0.806998 3.83511 -10.711839 2.079905 -7.516477 4.018707 16.936893 -65.059937 -60.065681 0.554203 -62.066818 0.286923 39.404503 2.391903 -6.143225 -5.882107 9.861288 0.70259 -10.936874 -0.360576 7.156207 1e-06 8.774826 -1e-06 -15.644227 17.710455 5.992188 -1.844033 2.498505 -2.507279 -10.163602 4.678946 4.621111 -20.97603 -4e-06 3e-06 -21.22629 2.451698 -3.594001 0.0 -6e-06 -1e-06 -1.362682 2.240799 -0.746324 -21.334919 0.584909 3.008325 -13.821217 -3e-06 4e-06 -23.887175 -0.249077 -0.839481 -59.504047 2.466416 -0.874329 -0.294025 1.679687 0.833256 -14.218212 0.093216 1.300582 -34.212059 -0.287565 0.967173 -20.033222 0.964537 1.212845 -1e-06 -1e-06 0.0 -3.440389 0.788232 0.501657 -15.928189 -3.16731 2.999709 -6.338829 -1e-06 1e-06 -18.123447 3.648184 -4.905672 -4e-06 0.0 -2e-06 -14.478883 10.453749 -1.203889 -24.78701 45.549278 -72.846222 -0.675466 46.413303 -3.687826 -10.519742 27.167295 23.854336 2.243541 -5.255038 -3.180157 14.282889 -0.826595 6.952504 -1e-06 -12.690607 -1e-06 15.359607 -16.057329 2.859558 1.665664 -1.955922 -2.878299 4.7278 -4.170588 4.993925 11.020526 3e-06 -0.0 12.109052 -3.735715 -2.866784 -1e-06 -0.0 0.0 1.291986 -1.928549 -1.49809 14.800127 0.567467 3.865609 14.242569 -1.341738 -6.660656 19.631969 0.143927 -0.648243 47.835518 -0.997115 -6.206786 0.35303 -1.511149 -0.03194 20.222794 3.68431 2.316632 18.78727 4e-06 2e-06 10.751627 -0.47987 1.397907 1e-06 -1e-06 -0.0 3.273806 0.305947 -0.580111 21.486814 11.830376 2.266136 8.162928 1e-06 -0.0 18.399086 -3.798986 -4.940573 3e-06 -1e-06 -1e-06 1.971121 26.596842 -3.629296 0.038222 -0.15164 4.107494 -7.177559 9.338677 -7.690494 1.639086 -1.829594 1.097497 -0.0 -0.0 2e-06 -6.738316 -17.351294 -8.044237 0.007774 0.134264 1.810882 11.433121 3.423141 1.049396 -1.378426 0.927762 0.79777 -0.0 0.0 -1e-06 
0.0 0.0 0.0 0.0 -0.0 0.0 0.607905 100.049088 3.718792 -0.574241 -8.665769 8.145479 -1.592473 -0.18382 -3.074306 -0.792469 -0.364379 -5.635319 -4.091945 -2.912235 6.014078 -2.411664 2.745287 -3.451249 0.103746 1.632836 -3.721038 3.916877 -2.050828 2.374398 7.7e-05 -2.2e-05 6e-06 -0.00367 0.146961 -0.031515 0.786423 -3.54484 -10.732672 -0.801046 3.826933 -10.709353 2.156868 -7.464421 4.057335 17.565016 -64.941376 -60.404282 0.549104 -62.248959 0.344795 39.493103 2.778772 -6.329549 -5.88211 9.861292 0.70259 -10.936877 -0.360574 7.15621 -1e-06 8.77483 -2e-06 -15.672305 17.720703 5.983426 -1.844033 2.498506 -2.507279 -10.163605 4.678948 4.621111 -20.976036 1e-06 4e-06 -21.226299 2.451702 -3.594004 0.0 -6e-06 -1e-06 -1.362683 2.2408 -0.746325 -21.334925 0.58491 3.008326 -13.821221 -1e-06 4e-06 -23.887182 -0.249077 -0.839483 -59.568333 2.475879 -0.922709 -0.294025 1.679689 0.833256 -14.218216 0.093217 1.300582 -34.212067 -0.287562 0.967169 -20.033226 0.964538 1.212844 -1e-06 -0.0 1e-06 -3.44039 0.788234 0.501656 -15.928194 -3.16731 2.999711 -6.338829 -0.0 2e-06 -18.123455 3.648186 -4.905673 -3e-06 -1e-06 -2e-06 -14.562185 10.346848 -1.255021 -25.138454 45.368954 -73.004822 -0.657785 46.185059 -3.768743 -10.515199 27.147877 24.368721 2.243543 -5.255037 -3.180159 14.282892 -0.826595 6.952499 -2e-06 -12.690606 -1e-06 15.33728 -16.041641 2.871343 1.665667 -1.955921 -2.878299 4.727798 -4.170589 4.993923 11.020528 3e-06 -4e-06 12.109053 -3.735716 -2.866786 -1e-06 -0.0 1e-06 1.291987 -1.92855 -1.49809 14.800131 0.567469 3.865605 14.242576 -1.341735 -6.660659 19.631969 0.143928 -0.648248 47.778381 -1.007588 -6.180921 0.353029 -1.51115 -0.03194 20.222794 3.68431 2.316627 18.787273 7e-06 -4e-06 10.751629 -0.479867 1.397904 0.0 -1e-06 -0.0 3.273807 0.305947 -0.580112 21.48682 11.830377 2.266131 8.162929 1e-06 -3e-06 18.399084 -3.798981 -4.940578 3e-06 0.0 -1e-06 2.004745 26.611975 -3.581715 0.039932 -0.159808 3.879033 -7.209478 9.250464 -7.575182 1.637075 -1.834406 1.073998 0.0 -0.0 2e-06 -6.663927 -17.443893 -8.089874 0.00136 0.145051 1.809966 11.452801 3.461834 1.129718 -1.378852 0.935097 0.757651 0.0 0.0 -1e-06 
0.0 0.0 0.0 0.0 -0.0 0.0 0.603061 100.067154 3.804268 -0.62112 -8.632247 8.270856 -1.592563 -0.180652 -3.080228 -0.801265 -0.381681 -5.641346 -4.075091 -2.945752 5.960769 -2.09648 2.670282 -3.43498 0.11552 1.711297 -3.710984 3.942961 -2.072638 2.337205 7.7e-05 -2.2e-05 6e-06 -0.003337 0.139616 -0.030245 0.784181 -3.553126 -10.734204 -0.797778 3.820253 -10.711493 2.219376 -7.409585 4.097993 18.12048 -64.861664 -60.748722 0.535989 -62.432171 0.315328 39.548851 3.098581 -6.438698 -5.882111 9.861293 0.702591 -10.93688 -0.360577 7.156213 1e-06 8.774832 -2e-06 -15.693907 17.71826 5.993191 -1.844033 2.498506 -2.507279 -10.163607 4.678947 4.621113 -20.97604 -4e-06 4e-06 -21.226301 2.451699 -3.594 -1e-06 -5e-06 -1e-06 -1.362682 2.240799 -0.746323 -21.334932 0.584909 3.008328 -13.821227 -3e-06 4e-06 -23.887188 -0.249076 -0.839481 -59.63409 2.46572 -0.937655 -0.294025 1.679687 0.833257 -14.218221 0.093212 1.300583 -34.212078 -0.287564 0.967176 -20.033232 0.96454 1.212847 -1e-06 -0.0 0.0 -3.440391 0.788233 0.501656 -15.928196 -3.167313 2.999712 -6.338832 -1e-06 3e-06 -18.123459 3.648184 -4.905674 -4e-06 -0.0 -2e-06 -14.6704 10.233875 -1.346569 -25.460297 45.22538 -73.291115 -0.495049 45.861626 -3.741479 -10.519934 27.192841 24.795998 2.243543 -5.255041 -3.180161 14.2829 -0.826591 6.952509 -2e-06 -12.690616 -3e-06 15.318634 -16.031845 2.869648 1.665667 -1.955923 -2.878301 4.727802 -4.170589 4.993926 11.020535 4e-06 -1e-06 12.109058 -3.735717 -2.866786 -0.0 -1e-06 0.0 1.291986 -1.928553 -1.498091 14.80014 0.567472 3.86561 14.242582 -1.341737 -6.660664 19.631985 0.143929 -0.648245 47.797413 -1.021491 -6.162511 0.353029 -1.511151 -0.03194 20.222805 3.684319 2.316634 18.787287 8e-06 1e-06 10.751636 -0.479867 1.397909 0.0 0.0 -1e-06 3.273808 0.305949 -0.580111 21.486834 11.830388 2.26614 8.162935 3e-06 -0.0 18.399097 -3.798986 -4.940579 3e-06 -1e-06 -1e-06 2.02571 26.618822 -3.534792 0.038283 -0.17443 3.603744 -7.212424 9.182711 -7.463231 1.634712 -1.840076 1.059087 0.0 1e-06 2e-06 -6.597914 -17.480795 -8.147943 0.001143 0.147535 1.800179 11.452213 3.47999 1.209669 -1.379774 0.946357 0.732721 -0.0 0.0 -1e-06 
0.0 0.0 0.0 0.0 -0.0 0.0 0.594777 100.072716 3.888208 -0.651834 -8.59253 8.405113 -1.597528 -0.166247 -3.100696 -0.801214 -0.394355 -5.632539 -4.062235 -2.96249 5.894761 -1.79335 2.609885 -3.483456 0.121558 1.755218 -3.715314 3.98548 -2.113161 2.271713 7.7e-05 -2.2e-05 6e-06 -0.003449 0.134048 -0.032378 0.78534 -3.557166 -10.734076 -0.799045 3.813243 -10.712853 2.224117 -7.374254 4.132856 18.691872 -64.834114 -61.115295 0.546797 -62.552151 0.26562 39.56728 3.305094 -6.559344 -5.882111 9.861292 0.70259 -10.936878 -0.360571 7.156211 -1e-06 8.77483 -2e-06 -15.707934 17.698477 6.003216 -1.844033 2.498503 -2.507279 -10.163607 4.67895 4.621112 -20.97604 0.0 3e-06 -21.226301 2.451701 -3.594003 -1e-06 -6e-06 -1e-06 -1.362682 2.2408 -0.746324 -21.334929 0.584914 3.008325 -13.821222 -1e-06 2e-06 -23.887182 -0.249076 -0.839487 -59.672432 2.44045 -0.931388 -0.294025 1.679689 0.833256 -14.218217 0.093217 1.300581 -34.212074 -0.287561 0.96717 -20.033226 0.964539 1.212843 -1e-06 -0.0 1e-06 -3.440391 0.788234 0.501655 -15.9282 -3.16731 2.999711 -6.33883 1e-06 2e-06 -18.123461 3.648187 -4.905676 -4e-06 -1e-06 -2e-06 -14.767695 10.107545 -1.45285 -25.775743 45.100639 -73.730988 -0.168487 45.492729 -3.620433 -10.49211 27.281265 25.253748 2.243541 -5.25504 -3.18016 14.282896 -0.826592 6.952504 -1e-06 -12.690609 -2e-06 15.307689 -16.028633 2.845517 1.665666 -1.955921 -2.878299 4.727798 -4.170587 4.993925 11.020531 3e-06 -3e-06 12.109056 -3.735717 -2.866786 -0.0 0.0 0.0 1.291987 -1.92855 -1.49809 14.800134 0.56747 3.865608 14.242577 -1.341736 -6.660662 19.631975 0.143928 -0.648246 47.815609 -1.032467 -6.165258 0.353029 -1.51115 -0.03194 20.222801 3.684313 2.31663 18.787283 7e-06 -2e-06 10.751631 -0.479868 1.397906 0.0 -1e-06 -1e-06 3.273808 0.305948 -0.580112 21.486824 11.830381 2.266133 8.162932 2e-06 -2e-06 18.399088 -3.798984 -4.940578 3e-06 -0.0 -1e-06 2.021848 26.619896 -3.585519 0.035381 -0.184441 3.496162 -7.230824 9.101753 -7.354792 1.631715 -1.84557 1.05194 0.0 1e-06 2e-06 -6.549441 -17.489218 -8.214536 0.004763 0.143372 1.791844 11.432673 3.487967 1.214771 -1.381812 0.955793 0.73066 -0.0 0.0 -1e-06 
0.0 0.0 0.0 0.0 -0.0 0.0 0.592844 100.065552 3.975538 -0.666011 -8.537069 8.528625 -1.60392 -0.1475 -3.123 -0.792456 -0.40091 -5.615945 -4.054883 -2.965078 5.823322 -1.529448 2.560636 -3.589884 0.141923 1.766908 -3.730498 4.056716 -2.170151 2.206583 7.7e-05 -2.2e-05 6e-06 -0.00315 0.138025 -0.034823 0.788625 -3.550107 -10.729756 -0.801769 3.814464 -10.710404 2.182423 -7.368202 4.162092 19.311649 -64.846184 -61.514568 0.635513 -62.601868 0.185218 39.579357 3.411792 -6.729904 -5.882109 9.861288 0.70259 -10.936875 -0.360576 7.15621 -0.0 8.77483 -2e-06 -15.71436 17.665201 5.986486 -1.844033 2.498506 -2.507278 -10.163604 4.678945 4.621111 -20.97603 -3e-06 4e-06 -21.226294 2.451699 -3.593999 -1e-06 -6e-06 -1e-06 -1.362682 2.240798 -0.746324 -21.334921 0.584909 3.008326 -13.821218 -3e-06 4e-06 -23.887178 -0.249075 -0.839481 -59.652851 2.417881 -0.929603 -0.294025 1.679688 0.833256 -14.218214 0.093215 1.300582 -34.212059 -0.287561 0.967173 -20.033218 0.96454 1.212843 -1e-06 -0.0 0.0 -3.440389 0.788232 0.501656 -15.928192 -3.167311 2.99971 -6.338828 0.0 2e-06 -18.123453 3.648184 -4.905671 -3e-06 -0.0 -2e-06 -14.85839 9.995314 -1.580706 -26.041248 44.992638 -74.197472 0.151094 45.102207 -3.493326 -10.518069 27.407328 25.662542 2.243541 -5.255036 -3.180157 14.282887 -0.826594 6.952502 -1e-06 -12.690601 -1e-06 15.289436 -16.030956 2.818538 1.665665 -1.955922 -2.878299 4.7278 -4.170586 4.993922 11.020526 3e-06 -1e-06 12.10905 -3.735716 -2.866783 -0.0 -0.0 -0.0 1.291984 -1.928551 -1.498089 14.800127 0.567468 3.865608 14.24257 -1.341736 -6.660655 19.631966 0.143924 -0.648244 47.807007 -1.038273 -6.192751 0.353029 -1.511151 -0.03194 20.222786 3.684309 2.316631 18.78727 6e-06 0.0 10.751626 -0.479867 1.397905 1e-06 0.0 -1e-06 3.273806 0.305947 -0.580111 21.486811 11.830376 2.266135 8.162926 1e-06 0.0 18.399078 -3.798982 -4.940574 3e-06 -0.0 -1e-06 1.997992 26.630587 -3.698607 0.034092 -0.192856 3.535273 -7.273027 8.995646 -7.413673 1.628706 -1.852111 1.040398 0.0 0.0 2e-06 -6.521408 -17.503775 -8.266453 0.007334 0.145004 1.781775 11.410823 3.477428 1.152286 -1.383804 0.961862 0.73809 0.0 0.0 -1e-06 
0.0 0.0 0.0 0.0 -0.0 0.0 0.610938 100.056061 4.053436 -0.669476 -8.466398 8.643184 -1.609584 -0.132435 -3.13993 -0.782553 -0.404505 -5.603893 -4.045885 -2.963909 5.759646 -1.289413 2.486247 -3.75629 0.171858 1.797487 -3.741896 4.136743 -2.212817 2.140433 7.7e-05 -2.2e-05 6e-06 -0.001427 0.146552 -0.038228 0.792883 -3.538791 -10.727223 -0.802608 3.820976 -10.707018 2.165292 -7.397396 4.185954 19.823849 -64.850342 -61.890278 0.776356 -62.646168 0.079492 39.596504 3.442966 -6.883649 -5.882114 9.861298 0.702591 -10.936885 -0.360574 7.156215 -1e-06 8.774836 -3e-06 -15.724228 17.634199 5.953081 -1.844035 2.498507 -2.507279 -10.163613 4.678951 4.621114 -20.976048 -1e-06 5e-06 -21.226311 2.451702 -3.594003 0.0 -6e-06 -1e-06 -1.362683 2.240801 -0.746325 -21.334946 0.584913 3.00833 -13.821234 -1e-06 4e-06 -23.887201 -0.249075 -0.839481 -59.634739 2.405775 -0.934817 -0.294025 1.67969 0.833257 -14.218225 0.093214 1.300583 -34.212086 -0.28756 0.967175 -20.033236 0.964543 1.212845 -1e-06 -1e-06 0.0 -3.440393 0.788233 0.501657 -15.928206 -3.167313 2.999713 -6.338835 1e-06 3e-06 -18.12347 3.64819 -4.905676 -4e-06 -0.0 -2e-06 -14.901628 9.915934 -1.693799 -26.294226 44.875679 -74.65139 0.40186 44.73484 -3.376917 -10.578906 27.583061 25.935633 2.243544 -5.255041 -3.180162 14.282904 -0.826594 6.952507 -3e-06 -12.690614 0.0 15.26227 -16.03072 2.797735 1.665669 -1.955924 -2.878302 4.727802 -4.170589 4.993928 11.020538 5e-06 -3e-06 12.109064 -3.735716 -2.866789 -0.0 -1e-06 -0.0 1.291986 -1.928551 -1.498091 14.800142 0.567469 3.865608 14.242585 -1.341736 -6.660666 19.631987 0.14393 -0.648247 47.805416 -1.038213 -6.211838 0.353029 -1.511152 -0.03194 20.222815 3.684314 2.31663 18.787291 8e-06 -2e-06 10.751639 -0.479867 1.397906 1e-06 -1e-06 -1e-06 3.273811 0.305947 -0.580112 21.486837 11.830386 2.266133 8.162935 2e-06 -2e-06 18.399099 -3.798985 -4.940581 3e-06 -0.0 -1e-06 1.953087 26.642113 -3.834472 0.031974 -0.201808 3.622463 -7.297104 8.877831 -7.493908 1.626014 -1.856818 1.01899 0.0 0.0 2e-06 -6.507265 -17.543655 -8.315747 0.008664 0.153655 1.766935 11.405766 3.451483 1.088397 -1.385042 0.967983 0.721226 0.0 0.0 -1e-06 
0.0 0.0 0.0 0.0 -0.0 0.0 0.648597 100.041237 4.126431 -0.666035 -8.38955 8.741619 -1.616099 -0.119927 -3.148521 -0.779401 -0.415191 -5.601058 -4.027715 -2.968872 5.708924 -1.059726 2.378444 -3.965951 0.206492 1.830352 -3.750272 4.20224 -2.204873 2.049774 7.7e-05 -2.2e-05 6e-06 0.001029 0.152091 -0.041361 0.797668 -3.530769 -10.72537 -0.80245 3.824596 -10.701663 2.224118 -7.463243 4.246179 20.207312 -64.778816 -62.226288 0.911375 -62.721329 0.029542 39.642616 3.499371 -7.089192 -5.882109 9.861288 0.70259 -10.936877 -0.360574 7.156209 1e-06 8.774828 -2e-06 -15.736545 17.616959 5.91936 -1.844032 2.498505 -2.507277 -10.163605 4.678944 4.621111 -20.976032 -1e-06 7e-06 -21.226295 2.451701 -3.593997 -1e-06 -6e-06 -1e-06 -1.362682 2.240798 -0.746324 -21.334927 0.584909 3.008328 -13.82122 -2e-06 6e-06 -23.88718 -0.249075 -0.839479 -59.653782 2.39426 -0.957046 -0.294025 1.679687 0.833256 -14.218215 0.093214 1.300582 -34.212067 -0.287562 0.967177 -20.033226 0.964539 1.212847 -1e-06 -0.0 0.0 -3.44039 0.788233 0.501656 -15.928198 -3.167311 2.99971 -6.338831 -0.0 2e-06 -18.123457 3.648184 -4.905669 -4e-06 -1e-06 -2e-06 -14.94568 9.88549 -1.791584 -26.453457 44.742256 -75.006737 0.560767 44.464134 -3.243632 -10.644316 27.734753 26.022337 2.243543 -5.255038 -3.180159 14.282896 -0.826594 6.952506 -5e-06 -12.69061 0.0 15.269284 -16.036762 2.751811 1.665668 -1.955921 -2.8783 4.7278 -4.170588 4.993926 11.020531 3e-06 -1e-06 12.109054 -3.735717 -2.866786 -0.0 -0.0 -0.0 1.291987 -1.92855 -1.49809 14.800134 0.56747 3.865609 14.242579 -1.341736 -6.660662 19.631975 0.143928 -0.648245 47.817265 -1.031503 -6.245357 0.353029 -1.511152 -0.03194 20.222801 3.684312 2.316631 18.787279 7e-06 -0.0 10.751631 -0.479867 1.397908 1e-06 0.0 -1e-06 3.273809 0.305948 -0.580111 21.486822 11.830379 2.266134 8.162928 3e-06 -0.0 18.399084 -3.798985 -4.940577 3e-06 0.0 -1e-06 1.894852 26.644928 -3.997076 0.028866 -0.211894 3.798069 -7.299647 8.779862 -7.62361 1.625188 -1.864942 0.994103 0.0 1e-06 2e-06 -6.51112 -17.608604 -8.354896 0.009618 0.163856 1.755884 11.408002 3.436524 1.014764 -1.384776 0.968465 0.705252 0.0 0.0 -1e-06 
0.0 0.0 0.0 0.0 -0.0 0.0 0.695031 100.026192 4.198069 -0.670286 -8.312315 8.820761 -1.625109 -0.103902 -3.160504 -0.777878 -0.419226 -5.597817 -4.002846 -3.00545 5.674105 -0.814218 2.275105 -4.208373 0.221868 1.852303 -3.757195 4.251682 -2.184694 1.96364 7.7e-05 -2.2e-05 6e-06 0.003312 0.157076 -0.044284 0.80359 -3.523344 -10.723066 -0.803617 3.827477 -10.695466 2.278806 -7.538373 4.343556 20.635122 -64.662323 -62.601784 0.898329 -62.754261 0.105675 39.795094 3.562959 -7.366107 -5.88211 9.861289 0.702591 -10.936877 -0.360576 7.156209 -0.0 8.77483 -1e-06 -15.731198 17.621984 5.89195 -1.844033 2.498505 -2.507278 -10.163605 4.678948 4.621112 -20.976034 1e-06 5e-06 -21.226295 2.451701 -3.593998 0.0 -6e-06 -1e-06 -1.362682 2.240797 -0.746323 -21.334925 0.584912 3.008327 -13.82122 -2e-06 4e-06 -23.887178 -0.249074 -0.839482 -59.651485 2.389353 -0.997751 -0.294025 1.679687 0.833256 -14.218215 0.093215 1.300583 -34.212067 -0.287559 0.967174 -20.033222 0.964541 1.212844 -1e-06 -1e-06 0.0 -3.44039 0.788235 0.501656 -15.928192 -3.167309 2.99971 -6.33883 -1e-06 1e-06 -18.123457 3.648185 -4.905671 -4e-06 -0.0 -2e-06 -14.985473 9.878675 -1.852262 -26.55172 44.626694 -75.199234 0.615158 44.222534 -3.143982 -10.802168 27.861366 25.82308 2.243543 -5.25504 -3.18016 14.282896 -0.826593 6.952506 -4e-06 -12.690609 -0.0 15.295214 -16.054565 2.712804 1.665668 -1.955923 -2.8783 4.7278 -4.170588 4.993925 11.020531 5e-06 -2e-06 12.109058 -3.735715 -2.866787 1e-06 -0.0 1e-06 1.291986 -1.92855 -1.49809 14.800138 0.567471 3.865609 14.24258 -1.341734 -6.660663 19.631975 0.143929 -0.648244 47.876923 -1.003756 -6.27446 0.353029 -1.511152 -0.031941 20.222801 3.684315 2.316631 18.787283 8e-06 -1e-06 10.751633 -0.479867 1.397906 1e-06 -1e-06 -1e-06 3.273808 0.305946 -0.580112 21.486828 11.830382 2.266133 8.16293 2e-06 -1e-06 18.399092 -3.798981 -4.940578 2e-06 0.0 -1e-06 1.848142 26.583698 -4.14864 0.027717 -0.213413 3.998681 -7.276534 8.724462 -7.770298 1.625095 -1.869958 0.962709 0.0 0.0 2e-06 -6.519864 -17.678482 -8.37679 0.006984 0.171824 1.753717 11.413391 3.425279 0.956405 -1.383111 0.965216 0.67234 0.0 0.0 -1e-06 
0.0 0.0 0.0 0.0 -0.0 0.0 0.742313 100.018517 4.273829 -0.685922 -8.24506 8.883205 -1.63607 -0.101447 -3.179247 -0.774987 -0.433355 -5.593015 -3.964107 -3.048851 5.652665 -0.553928 2.159414 -4.477998 0.23899 1.908406 -3.75723 4.30093 -2.170514 1.876189 7.7e-05 -2.2e-05 6e-06 0.004871 0.161855 -0.044964 0.808851 -3.516683 -10.720255 -0.805427 3.830297 -10.69061 2.353834 -7.622212 4.424681 20.946238 -64.537277 -62.897778 0.741872 -62.73011 0.305635 39.989834 3.698603 -7.758129 -5.882112 9.861295 0.70259 -10.936879 -0.360574 7.156211 -1e-06 8.774833 -1e-06 -15.729453 17.645157 5.873666 -1.844034 2.498507 -2.507279 -10.163608 4.678952 4.621111 -20.97604 -1e-06 2e-06 -21.226301 2.4517 -3.594005 -1e-06 -5e-06 -1e-06 -1.362683 2.240801 -0.746324 -21.334929 0.58491 3.008324 -13.821225 -1e-06 3e-06 -23.887184 -0.249076 -0.839484 -59.608078 2.397941 -1.021025 -0.294025 1.679689 0.833258 -14.218219 0.093216 1.30058 -34.212074 -0.287558 0.967168 -20.03323 0.964539 1.21284 0.0 -0.0 0.0 -3.440391 0.788233 0.501656 -15.928196 -3.167312 2.999708 -6.338832 -0.0 1e-06 -18.123463 3.648188 -4.905676 -5e-06 -1e-06 -2e-06 -15.007305 9.869208 -1.865608 -26.666916 44.563667 -75.328667 0.608685 43.942078 -3.080091 -10.947036 27.979589 25.446609 2.243544 -5.255042 -3.180162 14.282905 -0.826594 6.952508 -3e-06 -12.690616 -1e-06 15.312837 -16.047972 2.683985 1.665669 -1.955923 -2.878302 4.727805 -4.17059 4.993927 11.020538 5e-06 -2e-06 12.109064 -3.735718 -2.866788 2e-06 0.0 1e-06 1.291987 -1.928551 -1.498091 14.800146 0.567471 3.86561 14.242588 -1.341734 -6.660665 19.63199 0.14393 -0.648245 47.886284 -0.962849 -6.281987 0.353029 -1.511153 -0.03194 20.222811 3.684317 2.31663 18.787292 8e-06 -2e-06 10.751639 -0.479867 1.397907 1e-06 0.0 -1e-06 3.27381 0.305949 -0.580111 21.486839 11.83039 2.266135 8.162935 3e-06 -1e-06 18.399099 -3.798983 -4.940581 3e-06 -0.0 -1e-06 1.8233 26.48494 -4.223075 0.029093 -0.214662 4.086699 -7.251489 8.703113 -7.861238 1.6252 -1.873254 0.972243 0.0 1e-06 2e-06 -6.525402 -17.75769 -8.379418 0.00408 0.177325 1.749339 11.415531 3.404541 0.947973 -1.380372 0.955701 0.654318 0.0 0.0 -1e-06 
0.0 0.0 0.0 0.0 -0.0 0.0 0.788017 100.017616 4.351964 -0.714192 -8.176587 8.943801 -1.647469 -0.122909 -3.203917 -0.770486 -0.464884 -5.594791 -3.913519 -3.088022 5.641329 -0.283097 2.050049 -4.766931 0.270776 1.999649 -3.753566 4.333432 -2.183756 1.773221 7.7e-05 -2.2e-05 6e-06 0.005667 0.165209 -0.042624 0.811703 -3.514415 -10.722756 -0.80621 3.834349 -10.694132 2.49202 -7.707085 4.433811 21.052334 -64.422676 -62.990894 0.627639 -62.639187 0.402345 40.119862 3.944813 -8.171205 -5.882112 9.861297 0.702588 -10.93688 -0.360577 7.156213 -1e-06 8.774833 -2e-06 -15.736614 17.669994 5.868985 -1.844034 2.498509 -2.507281 -10.16361 4.67895 4.621113 -20.976044 -2e-06 3e-06 -21.226305 2.451701 -3.594005 -1e-06 -5e-06 -1e-06 -1.362683 2.240802 -0.746324 -21.334932 0.584912 3.008327 -13.821226 -1e-06 2e-06 -23.887188 -0.249077 -0.839484 -59.557739 2.395542 -0.994632 -0.294025 1.679689 0.833257 -14.218222 0.093217 1.300582 -34.212078 -0.287561 0.967172 -20.033232 0.964539 1.212845 -1e-06 1e-06 0.0 -3.440392 0.788234 0.501655 -15.928201 -3.167312 2.999711 -6.338833 -0.0 1e-06 -18.123461 3.648188 -4.905678 -5e-06 -1e-06 -1e-06 -15.028307 9.865193 -1.860126 -26.819878 44.521656 -75.46505 0.627002 43.614735 -3.011705 -10.960305 28.040014 25.219299 2.243541 -5.25504 -3.18016 14.282894 -0.826594 6.952506 -1e-06 -12.69061 -1e-06 15.312772 -16.026714 2.682157 1.665667 -1.955924 -2.8783 4.7278 -4.170589 4.993927 11.02053 4e-06 -2e-06 12.109056 -3.735715 -2.866786 2e-06 0.0 1e-06 1.291986 -1.92855 -1.49809 14.800134 0.56747 3.86561 14.242579 -1.341735 -6.660662 19.631973 0.143929 -0.648244 47.876678 -0.928612 -6.260126 0.353029 -1.51115 -0.03194 20.222797 3.684311 2.316632 18.787279 5e-06 -1e-06 10.75163 -0.479869 1.397907 0.0 -1e-06 -1e-06 3.273808 0.305947 -0.580112 21.48682 11.830379 2.266136 8.162929 1e-06 0.0 18.399084 -3.798985 -4.940576 3e-06 0.0 -1e-06 1.814206 26.390118 -4.253041 0.032631 -0.224998 4.089314 -7.230837 8.702274 -7.906807 1.627281 -1.867907 1.020943 0.0 0.0 2e-06 -6.52247 -17.808395 -8.373734 0.004948 0.174112 1.736399 11.421695 3.376778 0.978462 -1.378836 0.949522 0.680499 0.0 0.0 -1e-06 
0.0 0.0 0.0 0.0 -0.0 0.0 0.831473 100.028587 4.420948 -0.752649 -8.126929 8.998133 -1.65976 -0.160544 -3.218084 -0.766988 -0.510689 -5.600281 -3.852105 -3.106514 5.639448 -0.022942 1.959099 -5.095327 0.309812 2.081038 -3.751341 4.378023 -2.216524 1.699412 7.7e-05 -2.2e-05 6e-06 0.006577 0.168161 -0.0406 0.811085 -3.51521 -10.727677 -0.803244 3.84049 -10.701867 2.676738 -7.789353 4.394732 21.080894 -64.289017 -62.988369 0.576725 -62.536503 0.387753 40.183968 4.28481 -8.631842 -5.882108 9.861288 0.702591 -10.936875 -0.360573 7.156209 -1e-06 8.774828 -1e-06 -15.73875 17.705057 5.880144 -1.844033 2.498506 -2.507278 -10.163601 4.678945 4.62111 -20.976028 -1e-06 3e-06 -21.226292 2.451699 -3.594001 1e-06 -5e-06 -0.0 -1.362682 2.2408 -0.746324 -21.334919 0.584911 3.008325 -13.821217 -2e-06 4e-06 -23.887175 -0.249076 -0.839483 -59.548283 2.381948 -0.96055 -0.294025 1.679688 0.833256 -14.218214 0.093217 1.300581 -34.212059 -0.28756 0.96717 -20.03322 0.964539 1.212844 -1e-06 -0.0 0.0 -3.440389 0.788234 0.501656 -15.928189 -3.16731 2.99971 -6.338828 -0.0 0.0 -18.123453 3.648186 -4.905672 -5e-06 -1e-06 -2e-06 -15.057875 9.849602 -1.846364 -27.014006 44.478054 -75.711533 0.729777 43.302822 -2.897772 -10.898074 28.036039 24.979637 2.243544 -5.255037 -3.18016 14.282902 -0.826594 6.952505 -4e-06 -12.69061 0.0 15.323155 -16.026091 2.68721 1.665668 -1.95592 -2.8783 4.727802 -4.170588 4.993926 11.020536 5e-06 -2e-06 12.109059 -3.735715 -2.866786 2e-06 0.0 1e-06 1.291987 -1.92855 -1.49809 14.800139 0.56747 3.865608 14.242584 -1.341733 -6.660662 19.631979 0.143929 -0.648246 47.926365 -0.908368 -6.235518 0.353028 -1.511149 -0.03194 20.222811 3.684313 2.316629 18.787292 7e-06 -4e-06 10.751638 -0.479867 1.397905 0.0 0.0 -0.0 3.27381 0.305948 -0.580112 21.486834 11.830382 2.266133 8.162931 3e-06 -2e-06 18.399096 -3.798981 -4.940578 3e-06 -0.0 -1e-06 1.819782 26.330536 -4.198818 0.036851 -0.2377 3.930621 -7.17998 8.719292 -7.882684 1.631142 -1.850202 1.060015 0.0 0.0 2e-06 -6.51766 -17.836205 -8.36536 0.007549 0.168803 1.71573 11.465668 3.341208 1.082972 -1.379002 0.947283 0.715073 -0.0 0.0 -1e-06 
0.0 0.0 0.0 0.0 -0.0 0.0 0.874449 100.04953 4.47339 -0.7887 -8.107944 9.057231 -1.67536 -0.207581 -3.220001 -0.771034 -0.537742 -5.610181 -3.786489 -3.12341 5.65707 0.215258 1.858021 -5.459234 0.362143 2.139333 -3.752918 4.447604 -2.227154 1.676971 7.7e-05 -2.2e-05 6e-06 0.008195 0.168013 -0.041937 0.810228 -3.518774 -10.732856 -0.798595 3.842981 -10.708044 2.94255 -7.868438 4.31295 21.079645 -64.116013 -62.997185 0.552591 -62.455257 0.351531 40.196827 4.69009 -9.258348 -5.882105 9.861283 0.702591 -10.936873 -0.360576 7.156208 2e-06 8.774824 -1e-06 -15.764297 17.744453 5.89449 -1.844033 2.498505 -2.507278 -10.1636 4.678942 4.62111 -20.976027 -4e-06 5e-06 -21.226288 2.451694 -3.593996 1e-06 -6e-06 -1e-06 -1.362681 2.240798 -0.746323 -21.334917 0.584906 3.008326 -13.821217 -4e-06 5e-06 -23.887171 -0.249079 -0.839479 -59.591228 2.388317 -0.955568 -0.294025 1.679687 0.833256 -14.21821 0.093212 1.300583 -34.212055 -0.287568 0.967175 -20.033215 0.964537 1.212846 -1e-06 -1e-06 0.0 -3.440389 0.788233 0.501656 -15.928189 -3.16731 2.999709 -6.338828 -1e-06 2e-06 -18.123449 3.64818 -4.905668 -5e-06 -0.0 -2e-06 -15.084741 9.796932 -1.791617 -27.267218 44.387619 -76.065681 0.874069 43.109371 -2.822131 -10.845883 27.980551 24.636761 2.243541 -5.255037 -3.180158 14.282894 -0.826591 6.952504 -4e-06 -12.690604 -1e-06 15.34894 -16.043652 2.695336 1.665667 -1.955921 -2.878299 4.727799 -4.170586 4.993925 11.020528 4e-06 -1e-06 12.109053 -3.735716 -2.866784 -1e-06 -1e-06 -0.0 1.291986 -1.928549 -1.498089 14.800134 0.567471 3.865608 14.242573 -1.341734 -6.660656 19.631971 0.143929 -0.648243 47.974701 -0.907851 -6.211219 0.353029 -1.511151 -0.03194 20.222794 3.684314 2.316632 18.787273 7e-06 -0.0 10.75163 -0.479867 1.397907 0.0 1e-06 -0.0 3.273809 0.305948 -0.580111 21.486818 11.830378 2.266134 8.162928 3e-06 -1e-06 18.399084 -3.798981 -4.940573 3e-06 0.0 -1e-06 1.817936 26.313257 -4.097606 0.043203 -0.242772 3.647297 -7.146851 8.741928 -7.683195 1.633793 -1.828112 1.088726 -0.0 1e-06 2e-06 -6.515964 -17.888338 -8.376595 0.008269 0.16493 1.692075 11.545478 3.327491 1.25519 -1.379004 0.946803 0.709549 0.0 0.0 -1e-06 
0.0 0.0 0.0 0.0 -0.0 0.0 0.918793 100.075874 4.501368 -0.824337 -8.097709 9.129309 -1.694507 -0.252721 -3.21137 -0.782104 -0.553909 -5.614316 -3.710873 -3.157159 5.676959 0.448915 1.753762 -5.810757 0.426886 2.208191 -3.746197 4.525963 -2.215547 1.660495 7.7e-05 -2.2e-05 6e-06 0.011064 0.170878 -0.044581 0.808848 -3.518972 -10.739251 -0.790996 3.848029 -10.713146 3.252815 -7.901756 4.249455 21.230049 -63.910339 -63.23291 0.446478 -62.406956 0.365713 40.178204 5.097874 -9.88636 -5.882105 9.861284 0.702589 -10.936868 -0.360577 7.156204 0.0 8.774824 -1e-06 -15.812836 17.788887 5.901343 -1.844033 2.498506 -2.507279 -10.163599 4.678942 4.621108 -20.976021 -4e-06 1e-06 -21.226286 2.451693 -3.594001 1e-06 -5e-06 -0.0 -1.362682 2.240798 -0.746324 -21.334913 0.584907 3.008322 -13.821213 -4e-06 1e-06 -23.887167 -0.24908 -0.839484 -59.647625 2.411406 -0.975255 -0.294025 1.679687 0.833255 -14.218207 0.093213 1.30058 -34.212044 -0.287566 0.967169 -20.033209 0.964534 1.212843 -0.0 -0.0 0.0 -3.440388 0.788233 0.501655 -15.928185 -3.167309 2.999707 -6.338825 -1e-06 1e-06 -18.123444 3.64818 -4.905671 -5e-06 -0.0 -2e-06 -15.120217 9.752966 -1.729639 -27.528545 44.193737 -76.389336 1.046796 43.047718 -2.780427 -10.769029 27.990334 24.205305 2.243541 -5.255037 -3.180158 14.282887 -0.826592 6.952503 -4e-06 -12.690601 -0.0 15.402446 -16.048542 2.696889 1.665666 -1.95592 -2.878299 4.727797 -4.170584 4.993924 11.020525 4e-06 -1e-06 12.109053 -3.735713 -2.866784 -1e-06 -1e-06 0.0 1.291984 -1.928548 -1.498088 14.800127 0.56747 3.865609 14.242568 -1.341734 -6.660657 19.631966 0.143929 -0.648243 48.016502 -0.919063 -6.179487 0.353028 -1.511151 -0.03194 20.222786 3.68431 2.316631 18.78727 6e-06 -1e-06 10.751625 -0.479866 1.397907 1e-06 -1e-06 -0.0 3.273805 0.305947 -0.580111 21.486811 11.830376 2.266133 8.162926 2e-06 1e-06 18.399076 -3.798981 -4.940573 3e-06 -0.0 -1e-06 1.804535 26.283558 -4.027447 0.048149 -0.238614 3.371606 -7.15882 8.779248 -7.56834 1.634927 -1.804651 1.095722 -0.0 0.0 2e-06 -6.499241 -17.947769 -8.418374 0.004496 0.155441 1.670899 11.619593 3.325515 1.452423 -1.3807 0.954262 0.683746 -0.0 0.0 -1e-06 
0.0 0.0 0.0 0.0 -0.0 0.0 0.967379 100.096214 4.511675 -0.850284 -8.127258 9.20574 -1.723207 -0.275504 -3.191807 -0.795991 -0.564654 -5.608275 -3.633615 -3.18703 5.678376 0.685538 1.671073 -6.094253 0.475728 2.276333 -3.731057 4.623905 -2.217884 1.643589 7.7e-05 -2.3e-05 6e-06 0.014817 0.172188 -0.045593 0.809465 -3.519399 -10.746839 -0.783781 3.850338 -10.716465 3.53583 -7.911823 4.236287 21.577007 -63.659748 -63.680424 0.293053 -62.39785 0.363475 40.165459 5.401284 -10.276627 -5.882114 9.861294 0.70259 -10.936883 -0.360574 7.156215 -2e-06 8.774832 -2e-06 -15.874295 17.820259 5.889191 -1.844034 2.498508 -2.507279 -10.163611 4.678948 4.621113 -20.976044 1e-06 5e-06 -21.226307 2.451702 -3.594002 1e-06 -5e-06 -0.0 -1.362683 2.240801 -0.746323 -21.334934 0.584913 3.008328 -13.821229 -0.0 5e-06 -23.887192 -0.249073 -0.839482 -59.706337 2.418409 -1.012457 -0.294025 1.679689 0.833257 -14.218223 0.093217 1.300584 -34.212082 -0.287557 0.967173 -20.033232 0.964541 1.212844 -1e-06 1e-06 0.0 -3.440392 0.788234 0.501657 -15.928201 -3.16731 2.999712 -6.338832 0.0 2e-06 -18.123466 3.648188 -4.905674 -5e-06 -0.0 -2e-06 -15.180919 9.726677 -1.697891 -27.760443 43.909214 -76.593552 1.23925 43.022381 -2.7825 -10.72774 28.108885 23.812284 2.243543 -5.25504 -3.180161 14.282896 -0.826591 6.952504 -2e-06 -12.690609 -2e-06 15.482519 -16.056265 2.684012 1.665668 -1.955922 -2.8783 4.727802 -4.170588 4.993925 11.020535 5e-06 -3e-06 12.109059 -3.735715 -2.866788 -0.0 -0.0 0.0 1.291986 -1.92855 -1.498091 14.80014 0.567473 3.865606 14.242584 -1.341733 -6.660665 19.631983 0.143932 -0.648247 48.094738 -0.934197 -6.157269 0.353028 -1.511153 -0.03194 20.222803 3.684315 2.316628 18.787287 1e-05 -4e-06 10.751635 -0.479864 1.397908 0.0 -1e-06 -0.0 3.273808 0.305947 -0.580111 21.486832 11.830386 2.266132 8.162931 3e-06 -3e-06 18.399094 -3.798981 -4.940581 3e-06 -0.0 -1e-06 1.76669 26.283562 -4.018727 0.049801 -0.225131 3.203164 -7.16448 8.804114 -7.474096 1.634921 -1.787496 1.073401 -0.0 1e-06 2e-06 -6.482678 -18.003416 -8.491702 0.000718 0.150407 1.661683 11.658789 3.380894 1.616424 -1.383796 0.965488 0.664364 0.0 0.0 -1e-06 
0.0 0.0 0.0 0.0 -0.0 0.0 1.025768 100.096909 4.528499 -0.853434 -8.177937 9.277069 -1.758039 -0.273437 -3.16838 -0.811616 -0.587478 -5.593976 -3.57145 -3.192824 5.665 0.924396 1.608828 -6.313177 0.490754 2.320748 -3.716408 4.732277 -2.249356 1.642437 7.7e-05 -2.2e-05 6e-06 0.018111 0.166364 -0.039829 0.810147 -3.524098 -10.74315 -0.777757 3.843252 -10.707072 3.733595 -7.930268 4.27376 22.146219 -63.385277 -64.238861 0.150955 -62.397377 0.428225 40.17588 5.664744 -10.468012 -5.882113 9.861293 0.702592 -10.936889 -0.360578 7.156217 1e-06 8.774833 -2e-06 -15.929879 17.822769 5.858713 -1.844034 2.498505 -2.50728 -10.163617 4.678949 4.621115 -20.976055 -2e-06 1e-05 -21.226316 2.451702 -3.593999 -0.0 -6e-06 -1e-06 -1.362683 2.2408 -0.746324 -21.334946 0.584909 3.008332 -13.821237 -4e-06 8e-06 -23.887205 -0.249075 -0.839476 -59.750393 2.406086 -1.046879 -0.294025 1.679688 0.833257 -14.218229 0.093215 1.300586 -34.212105 -0.287561 0.967181 -20.033243 0.964541 1.212851 -1e-06 -0.0 0.0 -3.440393 0.788233 0.501657 -15.928209 -3.167315 2.999715 -6.338836 -1e-06 3e-06 -18.123474 3.648187 -4.90567 -5e-06 -0.0 -2e-06 -15.234021 9.692573 -1.687114 -27.991428 43.57906 -76.679573 1.407302 42.958515 -2.840418 -10.720919 28.316507 23.631582 2.243543 -5.255044 -3.180161 14.282904 -0.826589 6.952507 -3e-06 -12.690617 -4e-06 15.543693 -16.070566 2.682873 1.665668 -1.955923 -2.878302 4.7278 -4.170589 4.993927 11.020534 4e-06 -2e-06 12.10906 -3.735718 -2.866789 -1e-06 -1e-06 0.0 1.291987 -1.928553 -1.498091 14.80014 0.567473 3.865609 14.242582 -1.341735 -6.660665 19.631983 0.143931 -0.648245 48.141869 -0.948769 -6.146186 0.35303 -1.511152 -0.03194 20.222805 3.68432 2.316632 18.787289 9e-06 -2e-06 10.751637 -0.479867 1.397909 0.0 0.0 -0.0 3.27381 0.305947 -0.580112 21.486834 11.830389 2.266137 8.162935 4e-06 -1e-06 18.399096 -3.798982 -4.94058 3e-06 0.0 -1e-06 1.69364 26.310228 -4.096754 0.0481 -0.206718 3.226677 -7.160905 8.792761 -7.510997 1.632393 -1.784667 1.040114 -0.0 1e-06 2e-06 -6.490913 -18.059107 -8.582359 0.000123 0.150352 1.67901 11.667406 3.465262 1.672463 -1.387537 0.971743 0.668746 0.0 0.0 -1e-06 
0.0 0.0 0.0 0.0 -0.0 0.0 1.097132 100.08429 4.558038 -0.827711 -8.232024 9.331219 -1.798711 -0.246528 -3.150168 -0.823812 -0.622422 -5.57481 -3.526339 -3.180889 5.644447 1.150398 1.565845 -6.478748 0.489729 2.319222 -3.710393 4.841816 -2.269269 1.654008 7.7e-05 -2.2e-05 6e-06 0.019455 0.153769 -0.032452 0.808807 -3.533446 -10.730733 -0.77366 3.827749 -10.687777 3.857497 -7.987177 4.337307 22.709217 -63.122684 -64.700172 0.14717 -62.416039 0.484956 40.206688 5.928188 -10.495708 -5.882116 9.8613 0.70259 -10.936893 -0.360575 7.15622 0.0 8.774838 -3e-06 -15.957834 17.797874 5.829895 -1.844035 2.498508 -2.507281 -10.16362 4.678951 4.621118 -20.976061 -1e-06 1e-05 -21.226322 2.451703 -3.594001 1e-06 -6e-06 -1e-06 -1.362684 2.240801 -0.746324 -21.334955 0.58491 3.008334 -13.821241 -1e-06 6e-06 -23.887215 -0.249075 -0.839478 -59.808109 2.385796 -1.080864 -0.294025 1.679689 0.833257 -14.218235 0.093213 1.300587 -34.212112 -0.28756 0.967182 -20.033251 0.964542 1.212851 -0.0 -0.0 0.0 -3.440395 0.788233 0.501658 -15.928218 -3.167316 2.999718 -6.338839 -2e-06 3e-06 -18.123484 3.64819 -4.905675 -5e-06 1e-06 -2e-06 -15.271719 9.642096 -1.661889 -28.220007 43.236671 -76.730034 1.549836 42.872005 -2.880445 -10.8069 28.506144 23.568121 2.243545 -5.255039 -3.180161 14.282903 -0.826594 6.952506 -2e-06 -12.690613 -1e-06 15.569048 -16.092117 2.691575 1.665668 -1.955924 -2.878302 4.727801 -4.170591 4.993925 11.020538 4e-06 -4e-06 12.109064 -3.735718 -2.86679 -0.0 -1e-06 0.0 1.291986 -1.928551 -1.498091 14.800144 0.567472 3.865608 14.242584 -1.341734 -6.660666 19.631987 0.14393 -0.648246 48.133312 -0.955588 -6.145417 0.35303 -1.511153 -0.031941 20.222805 3.684316 2.316629 18.787289 8e-06 -4e-06 10.751637 -0.479867 1.397906 0.0 0.0 -0.0 3.273808 0.305947 -0.580112 21.486834 11.830386 2.266133 8.162935 2e-06 -2e-06 18.399096 -3.798984 -4.940582 3e-06 -0.0 -1e-06 1.588399 26.38549 -4.191538 0.042591 -0.188375 3.323154 -7.150438 8.731625 -7.545164 1.627092 -1.796047 1.02305 -0.0 0.0 2e-06 -6.539626 -18.124586 -8.65722 0.003312 0.151088 1.69946 11.681604 3.56242 1.656588 -1.390241 0.974559 0.675122 0.0 0.0 -1e-06 
0.0 0.0 0.0 0.0 -0.0 0.0 1.170192 100.059875 4.596759 -0.780591 -8.270057 9.365556 -1.834547 -0.208351 -3.149367 -0.82957 -0.661505 -5.557501 -3.502201 -3.167195 5.624248 1.355876 1.534555 -6.597326 0.48452 2.293444 -3.715223 4.958958 -2.274817 1.659565 7.7e-05 -2.2e-05 6e-06 0.019094 0.136365 -0.028288 0.805251 -3.547547 -10.719732 -0.770723 3.807649 -10.670681 3.955095 -8.073346 4.350176 23.018311 -62.94072 -64.856056 0.384167 -62.416222 0.376092 40.21545 6.195392 -10.450487 -5.88211 9.861293 0.70259 -10.936878 -0.360576 7.15621 -0.0 8.774831 -1e-06 -15.933795 17.756651 5.828756 -1.844033 2.498504 -2.507278 -10.163606 4.678948 4.621111 -20.976038 -0.0 4e-06 -21.226301 2.451699 -3.594002 1e-06 -5e-06 -0.0 -1.362682 2.2408 -0.746323 -21.334925 0.584911 3.008326 -13.821221 -1e-06 4e-06 -23.887182 -0.249076 -0.839481 -59.882824 2.363638 -1.102413 -0.294025 1.679687 0.833256 -14.218217 0.093214 1.300581 -34.21207 -0.28756 0.967174 -20.033226 0.964539 1.212846 -1e-06 -1e-06 0.0 -3.44039 0.788234 0.501656 -15.928198 -3.167311 2.99971 -6.338831 -1e-06 2e-06 -18.123459 3.648185 -4.905673 -5e-06 -0.0 -2e-06 -15.323987 9.600809 -1.670831 -28.365208 42.906429 -76.65007 1.637082 42.763435 -2.905606 -10.940273 28.611074 23.589388 2.243541 -5.255038 -3.180159 14.282896 -0.826593 6.952505 -4e-06 -12.690609 -1e-06 15.537866 -16.101477 2.70773 1.665666 -1.955924 -2.878299 4.7278 -4.170587 4.993925 11.020531 3e-06 -2e-06 12.109057 -3.735717 -2.866786 -0.0 -1e-06 0.0 1.291986 -1.928549 -1.498091 14.800136 0.567469 3.865608 14.242579 -1.341735 -6.660661 19.631975 0.143928 -0.648245 48.077091 -0.956498 -6.160026 0.35303 -1.511149 -0.03194 20.222803 3.684314 2.316631 18.787281 6e-06 -0.0 10.751634 -0.479868 1.397907 0.0 0.0 -1e-06 3.273808 0.305947 -0.580112 21.486822 11.830384 2.266136 8.16293 3e-06 -0.0 18.39909 -3.798984 -4.940577 3e-06 -0.0 -1e-06 1.46231 26.490898 -4.310784 0.038561 -0.175175 3.510175 -7.126472 8.628035 -7.722548 1.622419 -1.817108 1.018313 0.0 0.0 2e-06 -6.621163 -18.193123 -8.700843 0.008358 0.151137 1.709518 11.719647 3.650485 1.580856 -1.39149 0.974117 0.672318 -0.0 0.0 -1e-06 
0.0 0.0 0.0 0.0 -0.0 0.0 1.245503 100.034286 4.630255 -0.716329 -8.285784 9.378045 -1.86801 -0.180356 -3.154958 -0.830487 -0.69203 -5.549564 -3.494323 -3.171315 5.607327 1.528795 1.478889 -6.671356 0.505644 2.304647 -3.721705 5.05087 -2.249401 1.634897 7.7e-05 -2.2e-05 6e-06 0.018251 0.121489 -0.030999 0.801568 -3.561255 -10.719765 -0.768478 3.792034 -10.6682 4.081156 -8.177279 4.297977 22.976551 -62.848732 -64.804176 0.621662 -62.382282 0.228025 40.179955 6.422535 -10.508501 -5.882109 9.861291 0.70259 -10.936876 -0.360575 7.156209 -1e-06 8.774831 -2e-06 -15.898382 17.734194 5.851902 -1.844033 2.498505 -2.507278 -10.163605 4.678947 4.62111 -20.976034 -2e-06 2e-06 -21.226295 2.451698 -3.594002 1e-06 -5e-06 -1e-06 -1.362682 2.240799 -0.746324 -21.334925 0.584908 3.008325 -13.82122 -2e-06 3e-06 -23.887178 -0.249076 -0.839484 -59.958904 2.355351 -1.100471 -0.294025 1.679688 0.833256 -14.218216 0.093216 1.300581 -34.21207 -0.287563 0.96717 -20.033222 0.964536 1.212844 -1e-06 -0.0 0.0 -3.44039 0.788234 0.501656 -15.928192 -3.167309 2.999709 -6.338829 -0.0 1e-06 -18.123455 3.648185 -4.905674 -5e-06 -0.0 -2e-06 -15.383843 9.571774 -1.705126 -28.433903 42.626308 -76.568604 1.743928 42.689037 -2.843695 -11.010157 28.651619 23.65774 2.243544 -5.255038 -3.18016 14.282901 -0.826595 6.952506 -2e-06 -12.690614 -1e-06 15.482109 -16.078035 2.729099 1.665667 -1.955924 -2.878301 4.727801 -4.170589 4.993926 11.020536 3e-06 -3e-06 12.109058 -3.735717 -2.866786 -0.0 -1e-06 0.0 1.291986 -1.928551 -1.498091 14.800136 0.567468 3.865608 14.242579 -1.341734 -6.660663 19.631979 0.143928 -0.648246 47.998165 -0.958005 -6.165881 0.353028 -1.511152 -0.03194 20.222805 3.684314 2.316628 18.787289 8e-06 -2e-06 10.751636 -0.479868 1.397906 1e-06 0.0 -1e-06 3.273809 0.305948 -0.580111 21.48683 11.830384 2.266132 8.162933 2e-06 -2e-06 18.399097 -3.798985 -4.94058 3e-06 0.0 -1e-06 1.326301 26.55542 -4.408084 0.036762 -0.168692 3.684779 -7.098659 8.539313 -7.88017 1.620834 -1.832123 1.033839 0.0 0.0 2e-06 -6.728052 -18.228695 -8.713586 0.00909 0.146095 1.711455 11.759499 3.651274 1.480894 -1.390574 0.973235 0.680023 0.0 0.0 -1e-06 
0.0 0.0 0.0 0.0 -0.0 0.0 1.316854 100.012817 4.655849 -0.658528 -8.282538 9.364183 -1.895294 -0.175264 -3.161382 -0.825616 -0.713279 -5.543015 -3.48915 -3.182166 5.599804 1.700438 1.411298 -6.711158 0.536534 2.357187 -3.735626 5.111334 -2.227069 1.57794 7.7e-05 -2.3e-05 6e-06 0.018197 0.124144 -0.037119 0.801323 -3.559643 -10.729847 -0.767934 3.795809 -10.677916 4.229356 -8.256591 4.21687 22.794588 -62.833355 -64.778954 0.670055 -62.279613 0.179874 40.115013 6.623549 -10.737556 -5.882109 9.861288 0.702591 -10.936878 -0.360577 7.156212 1e-06 8.77483 -1e-06 -15.859749 17.735523 5.883927 -1.844033 2.498505 -2.507278 -10.163605 4.678945 4.621113 -20.976038 -3e-06 6e-06 -21.226295 2.451699 -3.593997 -0.0 -5e-06 -0.0 -1.362682 2.240798 -0.746324 -21.334929 0.584908 3.008328 -13.821222 -3e-06 6e-06 -23.887186 -0.249077 -0.839478 -59.957176 2.363513 -1.084315 -0.294025 1.679688 0.833256 -14.218218 0.093214 1.300584 -34.212074 -0.287563 0.967178 -20.033226 0.964539 1.212847 -0.0 -0.0 0.0 -3.44039 0.788233 0.501657 -15.928198 -3.167312 2.999712 -6.33883 -1e-06 3e-06 -18.123455 3.648185 -4.905668 -5e-06 -0.0 -2e-06 -15.488055 9.559513 -1.73559 -28.398186 42.396595 -76.45472 1.76405 42.670444 -2.806955 -11.009508 28.633261 23.582542 2.243541 -5.255038 -3.180158 14.282887 -0.826592 6.9525 -2e-06 -12.690605 -1e-06 15.46285 -16.072811 2.758306 1.665665 -1.95592 -2.878298 4.727797 -4.170586 4.993923 11.020526 4e-06 -1e-06 12.10905 -3.735714 -2.866783 -1e-06 -1e-06 0.0 1.291985 -1.928548 -1.498089 14.800127 0.56747 3.865607 14.242566 -1.341734 -6.660656 19.631962 0.143927 -0.648245 47.965939 -0.953449 -6.177319 0.35303 -1.51115 -0.031941 20.222788 3.684311 2.31663 18.78727 7e-06 -0.0 10.751626 -0.479868 1.397907 0.0 -1e-06 -1e-06 3.273808 0.305948 -0.580111 21.486809 11.83038 2.266135 8.162926 2e-06 -1e-06 18.39908 -3.798984 -4.940573 3e-06 -0.0 -2e-06 1.213575 26.553288 -4.459053 0.038523 -0.170134 3.823024 -7.078277 8.518968 -7.986479 1.62232 -1.838042 1.050727 0.0 1e-06 2e-06 -6.838503 -18.215885 -8.689019 0.006415 0.141695 1.711192 11.770406 3.567565 1.387653 -1.388755 0.96743 0.687017 0.0 0.0 -1e-06 
0.0 0.0 0.0 0.0 -0.0 0.0 1.383996 100.006889 4.681157 -0.620246 -8.273759 9.323353 -1.916361 -0.187651 -3.158919 -0.818395 -0.715649 -5.538321 -3.480635 -3.206841 5.602448 1.882339 1.350148 -6.721437 0.563025 2.434017 -3.752807 5.165022 -2.215861 1.522286 7.7e-05 -2.2e-05 6e-06 0.018607 0.135562 -0.041921 0.805672 -3.549496 -10.74318 -0.77109 3.808811 -10.690975 4.368232 -8.289469 4.154434 22.707676 -62.859791 -64.86097 0.622796 -62.101906 0.199724 40.031364 6.84544 -11.083584 -5.882111 9.861292 0.70259 -10.93688 -0.360577 7.156211 -0.0 8.774833 -2e-06 -15.813721 17.738371 5.903749 -1.844034 2.498506 -2.50728 -10.163607 4.678948 4.621112 -20.97604 -3e-06 3e-06 -21.226303 2.451701 -3.594005 1e-06 -5e-06 -0.0 -1.362683 2.2408 -0.746324 -21.334929 0.584911 3.008325 -13.821223 -2e-06 3e-06 -23.887184 -0.24908 -0.839483 -59.864315 2.376112 -1.08255 -0.294025 1.67969 0.833256 -14.21822 0.093213 1.300581 -34.212082 -0.287562 0.967171 -20.033232 0.964537 1.212844 -1e-06 -1e-06 0.0 -3.440391 0.788233 0.501655 -15.928201 -3.167312 2.999709 -6.33883 -2e-06 1e-06 -18.123461 3.648185 -4.905674 -5e-06 -0.0 -1e-06 -15.627691 9.555675 -1.765325 -28.262651 42.242748 -76.257156 1.632946 42.692089 -2.825563 -11.002701 28.581617 23.163971 2.243543 -5.255038 -3.180159 14.282896 -0.826594 6.952507 -2e-06 -12.690609 1e-06 15.454487 -16.06777 2.783183 1.665666 -1.955922 -2.8783 4.727801 -4.170589 4.993926 11.020534 4e-06 -0.0 12.109059 -3.735717 -2.866785 -1e-06 -0.0 -1e-06 1.291986 -1.92855 -1.49809 14.800136 0.56747 3.86561 14.242577 -1.341734 -6.660659 19.631975 0.143926 -0.648244 47.9515 -0.931434 -6.191934 0.35303 -1.511151 -0.031941 20.222803 3.684312 2.316632 18.787281 6e-06 1e-06 10.751634 -0.479869 1.397906 0.0 0.0 -1e-06 3.273808 0.305947 -0.580111 21.486824 11.83038 2.266135 8.16293 3e-06 -1e-06 18.399092 -3.798987 -4.940576 3e-06 0.0 -2e-06 1.145186 26.474388 -4.370715 0.044382 -0.170033 3.749224 -7.043193 8.570025 -8.027998 1.62698 -1.835113 1.049118 0.0 0.0 2e-06 -6.935698 -18.188343 -8.635158 0.001891 0.141245 1.724566 11.749142 3.473083 1.361966 -1.387347 0.957515 0.663222 0.0 0.0 -1e-06 
0.0 0.0 0.0 0.0 -0.0 0.0 1.448519 100.018585 4.713894 -0.594877 -8.266508 9.269307 -1.929313 -0.215025 -3.152657 -0.815893 -0.706312 -5.540917 -3.476349 -3.231526 5.610841 2.068441 1.287787 -6.701154 0.588548 2.524704 -3.761356 5.207573 -2.203125 1.46847 7.7e-05 -2.2e-05 6e-06 0.01958 0.149457 -0.044415 0.813477 -3.535622 -10.75152 -0.776588 3.823081 -10.700307 4.51423 -8.299699 4.100111 22.700026 -62.893387 -64.929176 0.614343 -61.877361 0.198457 39.938759 7.085721 -11.453319 -5.882112 9.861292 0.702591 -10.936881 -0.360574 7.156212 0.0 8.77483 -1e-06 -15.782715 17.749868 5.903262 -1.844033 2.498507 -2.507279 -10.16361 4.678949 4.621113 -20.97604 -1e-06 6e-06 -21.226303 2.451703 -3.594 1e-06 -4e-06 -1e-06 -1.362682 2.240801 -0.746324 -21.33493 0.584913 3.008328 -13.821226 -1e-06 5e-06 -23.887186 -0.249074 -0.839482 -59.755791 2.38287 -1.08457 -0.294025 1.679689 0.833256 -14.218219 0.093216 1.300584 -34.212074 -0.287559 0.967174 -20.033228 0.964541 1.212846 -0.0 1e-06 -1e-06 -3.440392 0.788234 0.501657 -15.928201 -3.16731 2.999712 -6.338832 -1e-06 3e-06 -18.123459 3.648187 -4.905672 -5e-06 -0.0 -2e-06 -15.760742 9.548988 -1.772412 -28.076807 42.156498 -76.019402 1.386712 42.760494 -2.875003 -10.999199 28.514805 22.575592 2.243541 -5.255037 -3.180158 14.282895 -0.826593 6.952502 -1e-06 -12.690607 0.0 15.446726 -16.040012 2.800073 1.665666 -1.955921 -2.878299 4.727799 -4.170587 4.993925 11.020528 4e-06 -3e-06 12.109054 -3.735715 -2.866785 -0.0 -1e-06 0.0 1.291986 -1.928549 -1.498089 14.800131 0.567471 3.865607 14.242573 -1.341735 -6.660659 19.631973 0.143928 -0.648245 47.954082 -0.905558 -6.199658 0.353029 -1.51115 -0.03194 20.222794 3.684311 2.316629 18.787273 7e-06 -1e-06 10.75163 -0.479868 1.397906 1e-06 -1e-06 -0.0 3.273808 0.305948 -0.580111 21.486816 11.830378 2.266131 8.162928 1e-06 -1e-06 18.399084 -3.798984 -4.940577 3e-06 0.0 -1e-06 1.114324 26.346498 -4.130613 0.046609 -0.16325 3.409668 -6.96534 8.68591 -7.874908 1.633267 -1.822205 1.048295 0.0 0.0 2e-06 -7.019219 -18.163734 -8.565455 -0.004304 0.143382 1.744642 11.716926 3.373893 1.413495 -1.385325 0.940655 0.622451 -0.0 0.0 -1e-06 
0.0 0.0 0.0 0.0 -0.0 0.0 1.504997 100.035179 4.761038 -0.579544 -8.273235 9.206333 -1.941254 -0.25205 -3.14222 -0.824046 -0.702259 -5.547788 -3.467804 -3.247694 5.617249 2.260768 1.223123 -6.638117 0.617433 2.636932 -3.7576 5.205797 -2.171194 1.404948 7.7e-05 -2.3e-05 6e-06 0.021086 0.164272 -0.04321 0.821317 -3.52147 -10.759512 -0.781115 3.838544 -10.70907 4.704213 -8.289972 4.05761 22.657028 -62.910652 -64.970665 0.543063 -61.68774 0.227001 39.844818 7.298986 -11.538884 -5.882109 9.861293 0.702591 -10.936875 -0.360575 7.156208 -1e-06 8.774831 -1e-06 -15.797095 17.776802 5.885748 -1.844033 2.498505 -2.507278 -10.163604 4.678948 4.621109 -20.97603 0.0 2e-06 -21.226292 2.451702 -3.594004 0.0 -5e-06 -0.0 -1.362682 2.240799 -0.746324 -21.334923 0.584912 3.008324 -13.821221 -1e-06 3e-06 -23.887178 -0.249076 -0.839484 -59.713722 2.374103 -1.067385 -0.294025 1.679689 0.833256 -14.218212 0.093217 1.300581 -34.212055 -0.287561 0.96717 -20.033218 0.964538 1.212842 -0.0 -0.0 0.0 -3.44039 0.788235 0.501656 -15.928189 -3.167309 2.999708 -6.338828 -0.0 1e-06 -18.123453 3.648187 -4.905674 -5e-06 -0.0 -2e-06 -15.877209 9.552052 -1.760198 -27.830095 42.149483 -75.876457 1.186074 42.92672 -2.885679 -10.941231 28.39933 22.101725 2.243544 -5.255039 -3.18016 14.282896 -0.826592 6.952502 -2e-06 -12.690608 -1e-06 15.456544 -16.010143 2.801366 1.665666 -1.95592 -2.878299 4.727799 -4.170588 4.993924 11.020534 3e-06 -2e-06 12.109058 -3.735715 -2.866787 -0.0 -1e-06 0.0 1.291985 -1.928551 -1.49809 14.800136 0.567466 3.865606 14.242579 -1.341736 -6.660662 19.631975 0.143929 -0.648246 47.967934 -0.896994 -6.207464 0.35303 -1.511152 -0.03194 20.222797 3.684312 2.316629 18.787283 7e-06 -4e-06 10.751633 -0.479867 1.397905 1e-06 -1e-06 -1e-06 3.27381 0.305945 -0.580112 21.48682 11.830379 2.266134 8.16293 2e-06 -1e-06 18.399088 -3.798983 -4.94058 3e-06 0.0 -1e-06 1.11529 26.22723 -3.83639 0.043565 -0.154544 3.002578 -6.886537 8.82705 -7.674051 1.639849 -1.808692 1.070102 -0.0 1e-06 2e-06 -7.083948 -18.156668 -8.484607 -0.009801 0.140919 1.772284 11.679518 3.323693 1.480973 -1.383455 0.920063 0.615797 0.0 0.0 -1e-06 
0.0 0.0 0.0 0.0 -0.0 0.0 1.543549 100.046631 4.812989 -0.573788 -8.279854 9.140217 -1.949437 -0.282977 -3.133967 -0.83812 -0.716636 -5.552109 -3.4545 -3.258934 5.616742 2.440943 1.167718 -6.550284 0.643493 2.740666 -3.7518 5.185599 -2.119692 1.391078 7.7e-05 -2.2e-05 6e-06 0.021725 0.171877 -0.038925 0.824275 -3.515767 -10.765386 -0.782498 3.847401 -10.713546 4.88172 -8.282803 4.022721 22.622536 -62.922756 -64.973816 0.445529 -61.549267 0.273906 39.779366 7.466548 -11.357202 -5.882111 9.861292 0.70259 -10.936877 -0.360572 7.156208 -1e-06 8.774828 -2e-06 -15.832672 17.807043 5.86353 -1.844033 2.498507 -2.507278 -10.163604 4.678948 4.62111 -20.97603 1e-06 3e-06 -21.226295 2.451701 -3.594003 0.0 -4e-06 -1e-06 -1.362682 2.240798 -0.746323 -21.334921 0.584913 3.008324 -13.821218 -0.0 3e-06 -23.887178 -0.249076 -0.839485 -59.718136 2.350372 -1.040994 -0.294026 1.679689 0.833256 -14.218215 0.093218 1.300582 -34.21207 -0.287556 0.967171 -20.033226 0.96454 1.212842 -0.0 1e-06 0.0 -3.44039 0.788235 0.501656 -15.928192 -3.16731 2.99971 -6.338829 1e-06 1e-06 -18.123457 3.648187 -4.905674 -6e-06 -0.0 -2e-06 -15.956502 9.536583 -1.731359 -27.589025 42.234348 -75.904587 1.11179 43.171818 -2.857802 -10.802102 28.288399 21.806217 2.243542 -5.255037 -3.180159 14.282892 -0.826595 6.952503 -1e-06 -12.690603 1e-06 15.477054 -15.986246 2.767009 1.665666 -1.955921 -2.8783 4.7278 -4.170588 4.993924 11.020528 4e-06 -3e-06 12.109056 -3.735714 -2.866787 -0.0 0.0 0.0 1.291987 -1.928548 -1.49809 14.800131 0.567469 3.865607 14.242579 -1.341733 -6.660662 19.631973 0.143928 -0.648248 47.973583 -0.906433 -6.223085 0.353029 -1.51115 -0.03194 20.222794 3.68431 2.316627 18.787273 7e-06 -4e-06 10.751629 -0.479867 1.397906 0.0 0.0 -1e-06 3.273807 0.305945 -0.580112 21.486818 11.830376 2.26613 8.16293 2e-06 -2e-06 18.399084 -3.798982 -4.940577 3e-06 -0.0 -1e-06 1.138908 26.178108 -3.580587 0.038688 -0.149702 2.696144 -6.831762 8.949068 -7.519863 1.644248 -1.79444 1.102897 -0.0 1e-06 2e-06 -7.130865 -18.161974 -8.394625 -0.015268 0.131954 1.799765 11.657954 3.291513 1.52452 -1.383305 0.906796 0.650997 0.0 0.0 -1e-06 
0.0 0.0 0.0 0.0 -0.0 0.0 1.556767 100.05603 4.863394 -0.581176 -8.281338 9.075817 -1.94576 -0.299056 -3.134423 -0.852953 -0.745391 -5.552438 -3.442943 -3.26623 5.62501 2.58524 1.118674 -6.476264 0.666985 2.811985 -3.74697 5.181902 -2.04192 1.435769 7.7e-05 -2.2e-05 6e-06 0.021501 0.176006 -0.03198 0.820238 -3.513919 -10.766116 -0.778524 3.852853 -10.711161 5.004144 -8.293561 3.975455 22.619835 -62.956074 -64.894791 0.453711 -61.427128 0.320597 39.736893 7.637001 -11.235763 -5.882113 9.861295 0.70259 -10.936881 -0.360575 7.156214 -1e-06 8.774833 -1e-06 -15.859664 17.825237 5.839525 -1.844034 2.498507 -2.50728 -10.163611 4.678948 4.621113 -20.976044 -0.0 5e-06 -21.226307 2.451701 -3.594003 1e-06 -5e-06 -1e-06 -1.362683 2.2408 -0.746324 -21.334938 0.584913 3.008328 -13.821229 -0.0 4e-06 -23.887194 -0.249074 -0.839482 -59.680542 2.352011 -1.034941 -0.294025 1.679689 0.833257 -14.218223 0.093215 1.300583 -34.212078 -0.287559 0.967174 -20.033236 0.964541 1.212845 -0.0 -0.0 -1e-06 -3.440392 0.788235 0.501657 -15.928203 -3.167311 2.999712 -6.338832 -0.0 2e-06 -18.123463 3.648189 -4.905675 -5e-06 -1e-06 -2e-06 -15.97611 9.486566 -1.652603 -27.444536 42.366306 -76.026184 1.086596 43.456005 -2.850048 -10.702387 28.162336 21.543425 2.243542 -5.25504 -3.180159 14.282894 -0.826592 6.952502 -3e-06 -12.690609 -2e-06 15.491045 -15.97158 2.720374 1.665667 -1.955922 -2.878299 4.727801 -4.170588 4.993924 11.020531 4e-06 -2e-06 12.109056 -3.735716 -2.866787 -0.0 -0.0 0.0 1.291985 -1.928552 -1.49809 14.800138 0.567472 3.865608 14.242578 -1.341735 -6.660662 19.631975 0.143928 -0.648245 47.937668 -0.913806 -6.222046 0.353029 -1.51115 -0.03194 20.222799 3.684313 2.316629 18.787281 8e-06 -2e-06 10.751631 -0.479866 1.397906 0.0 -1e-06 -0.0 3.273808 0.305946 -0.580112 21.486826 11.830384 2.266135 8.162929 3e-06 -2e-06 18.399088 -3.798982 -4.940578 3e-06 -0.0 -1e-06 1.187588 26.183186 -3.36055 0.035566 -0.141834 2.460714 -6.819536 9.006759 -7.397998 1.643765 -1.779079 1.114258 -0.0 1e-06 2e-06 -7.154586 -18.187094 -8.30143 -0.022912 0.122324 1.818397 11.649537 3.248487 1.567939 -1.384454 0.905229 0.680312 0.0 0.0 -1e-06 
0.0 0.0 0.0 0.0 -0.0 0.0 1.555257 100.059486 4.906324 -0.594889 -8.270856 9.018028 -1.934897 -0.309353 -3.130449 -0.862234 -0.783713 -5.556265 -3.44071 -3.278221 5.634102 2.700689 1.091498 -6.394749 0.691253 2.824297 -3.744602 5.180814 -1.911921 1.463248 7.7e-05 -2.3e-05 6e-06 0.021124 0.180434 -0.025558 0.813277 -3.51269 -10.767608 -0.771988 3.859423 -10.711266 5.105002 -8.307384 3.913294 22.519007 -63.030563 -64.731812 0.585723 -61.33952 0.251394 39.660797 7.745738 -11.112366 -5.882114 9.8613 0.702589 -10.936885 -0.360575 7.156215 -2e-06 8.774836 -3e-06 -15.842071 17.816093 5.836069 -1.844035 2.49851 -2.50728 -10.163613 4.678953 4.621113 -20.976053 0.0 4e-06 -21.226315 2.451702 -3.594006 0.0 -5e-06 -0.0 -1.362683 2.240801 -0.746324 -21.334942 0.584913 3.00833 -13.821232 1e-06 4e-06 -23.887197 -0.249074 -0.839485 -59.610298 2.376342 -1.040846 -0.294025 1.679689 0.833256 -14.218224 0.093217 1.300583 -34.212086 -0.287558 0.967174 -20.033236 0.964541 1.212845 0.0 -0.0 0.0 -3.440393 0.788235 0.501656 -15.928206 -3.167311 2.999714 -6.338834 1e-06 2e-06 -18.12347 3.648191 -4.905678 -5e-06 1e-06 -1e-06 -15.963742 9.41819 -1.566123 -27.353205 42.533813 -76.111565 1.012841 43.744843 -2.89087 -10.578908 27.991011 21.284283 2.243544 -5.255042 -3.180161 14.282906 -0.826592 6.95251 -2e-06 -12.690616 -1e-06 15.494015 -15.986948 2.685235 1.665668 -1.955923 -2.878302 4.727804 -4.170589 4.993927 11.020538 5e-06 -1e-06 12.109062 -3.735718 -2.866787 -0.0 -1e-06 0.0 1.291987 -1.928548 -1.498091 14.800146 0.56747 3.865612 14.242586 -1.341736 -6.660664 19.631989 0.143927 -0.648243 47.908165 -0.917845 -6.217822 0.353029 -1.511151 -0.03194 20.222815 3.684314 2.316633 18.787291 8e-06 0.0 10.751639 -0.479867 1.397909 1e-06 -1e-06 -0.0 3.27381 0.305948 -0.580111 21.486839 11.830388 2.266138 8.162937 2e-06 -1e-06 18.399103 -3.798985 -4.940577 3e-06 0.0 -1e-06 1.242035 26.206406 -3.210348 0.035131 -0.138603 2.342722 -6.848262 9.026192 -7.345452 1.640293 -1.767842 1.116243 0.0 0.0 2e-06 -7.156997 -18.212885 -8.21584 -0.028033 0.112995 1.833966 11.623359 3.210208 1.574808 -1.386826 0.914787 0.699067 0.0 0.0 -1e-06 
0.0 0.0 0.0 0.0 -0.0 0.0 1.544888 100.057518 4.946048 -0.611017 -8.271083 8.971159 -1.924086 -0.32059 -3.120221 -0.86276 -0.810714 -5.559985 -3.454237 -3.290508 5.631734 2.811254 1.071382 -6.3032 0.707097 2.817375 -3.739674 5.174438 -1.787084 1.448433 7.7e-05 -2.2e-05 6e-06 0.02083 0.185828 -0.020413 0.807413 -3.508686 -10.765947 -0.766464 3.865728 -10.709373 5.181044 -8.330013 3.873457 22.314356 -63.124027 -64.553551 0.762132 -61.314438 0.085183 39.582844 7.707361 -10.907722 -5.882108 9.861286 0.702589 -10.936875 -0.360575 7.156208 0.0 8.774826 -1e-06 -15.789904 17.790161 5.863992 -1.844033 2.498505 -2.507279 -10.163604 4.678944 4.62111 -20.976034 -4e-06 4e-06 -21.226295 2.451698 -3.594001 1e-06 -5e-06 -1e-06 -1.362682 2.240799 -0.746324 -21.334921 0.584908 3.008323 -13.82122 -3e-06 3e-06 -23.887178 -0.249079 -0.839483 -59.536839 2.402434 -1.043852 -0.294025 1.679688 0.833257 -14.218214 0.093215 1.300581 -34.212063 -0.287566 0.96717 -20.03322 0.964536 1.212845 0.0 -0.0 -1e-06 -3.44039 0.788234 0.501656 -15.928192 -3.16731 2.999708 -6.338827 -2e-06 0.0 -18.123453 3.648183 -4.905673 -5e-06 1e-06 -1e-06 -15.946939 9.353671 -1.523415 -27.244658 42.723434 -76.091034 0.846031 44.002487 -3.0121 -10.373286 27.770386 21.037613 2.243542 -5.255036 -3.180158 14.282889 -0.826594 6.952503 0.0 -12.6906 0.0 15.508691 -16.007429 2.66817 1.665666 -1.95592 -2.878298 4.727797 -4.170587 4.993925 11.020524 2e-06 -1e-06 12.109052 -3.735715 -2.866784 -1e-06 -1e-06 1e-06 1.291985 -1.928549 -1.49809 14.800125 0.567468 3.865608 14.242568 -1.341735 -6.660656 19.631962 0.143925 -0.648243 47.92284 -0.926272 -6.210115 0.353029 -1.511151 -0.03194 20.222786 3.684308 2.316632 18.78727 3e-06 0.0 10.751625 -0.47987 1.397906 0.0 0.0 -0.0 3.273806 0.305945 -0.580111 21.486809 11.830372 2.266135 8.162926 1e-06 -0.0 18.399076 -3.798985 -4.940573 3e-06 0.0 -1e-06 1.292283 26.220768 -3.101528 0.037617 -0.136662 2.287459 -6.885748 9.047562 -7.341259 1.637453 -1.760453 1.112378 -0.0 -0.0 2e-06 -7.14937 -18.194685 -8.140858 -0.028807 0.113817 1.835239 11.576205 3.161002 1.547309 -1.388995 0.925593 0.700161 -0.0 0.0 -1e-06 
0.0 0.0 0.0 0.0 -0.0 0.0 1.538582 100.055901 4.98205 -0.625661 -8.310031 8.940679 -1.918279 -0.324844 -3.110346 -0.85856 -0.823892 -5.56646 -3.481085 -3.297004 5.620881 2.930263 1.051674 -6.212386 0.70451 2.821105 -3.738316 5.166924 -1.682405 1.435528 7.7e-05 -2.2e-05 6e-06 0.019921 0.184864 -0.02122 0.805132 -3.508765 -10.764067 -0.76581 3.863492 -10.709044 5.20902 -8.352982 3.895184 22.123247 -63.233742 -64.550278 0.850151 -61.374928 -0.052249 39.550129 7.497656 -10.575777 -5.882105 9.861286 0.702589 -10.936868 -0.360576 7.156203 -0.0 8.774824 -1e-06 -15.733315 17.75915 5.906611 -1.844032 2.498505 -2.507277 -10.163596 4.678943 4.621108 -20.976017 -3e-06 1e-06 -21.226276 2.451696 -3.594002 1e-06 -4e-06 -0.0 -1.362681 2.240798 -0.746323 -21.334908 0.584911 3.008322 -13.821213 -2e-06 1e-06 -23.887165 -0.249078 -0.839485 -59.487198 2.422474 -1.042171 -0.294025 1.679689 0.833255 -14.218205 0.093216 1.300579 -34.212036 -0.287565 0.967168 -20.033209 0.964535 1.212841 -0.0 -0.0 -1e-06 -3.440388 0.788233 0.501656 -15.928183 -3.167307 2.999706 -6.338825 -2e-06 1e-06 -18.123442 3.648182 -4.905673 -5e-06 1e-06 -2e-06 -15.953794 9.289515 -1.503017 -27.100897 42.908367 -75.985649 0.597081 44.243 -3.172253 -10.176564 27.509521 20.594532 2.243541 -5.255036 -3.180159 14.282892 -0.826592 6.952503 -2e-06 -12.690604 -2e-06 15.549829 -16.037582 2.676375 1.665667 -1.95592 -2.878299 4.727798 -4.170585 4.993924 11.020524 4e-06 -0.0 12.10905 -3.735713 -2.866783 -1e-06 -0.0 1e-06 1.291985 -1.928549 -1.498089 14.800129 0.567473 3.865609 14.242574 -1.341735 -6.660658 19.631969 0.143926 -0.648243 48.022419 -0.940002 -6.197345 0.353028 -1.511152 -0.03194 20.22279 3.684315 2.316631 18.787273 7e-06 1e-06 10.751628 -0.479868 1.397907 0.0 -1e-06 -1e-06 3.273806 0.305948 -0.580111 21.486813 11.830379 2.266136 8.162927 3e-06 -1e-06 18.39908 -3.798984 -4.940571 3e-06 1e-06 -1e-06 1.328163 26.22691 -2.997013 0.042949 -0.135061 2.219558 -6.921381 9.11351 -7.335094 1.635892 -1.763637 1.113223 -0.0 -0.0 2e-06 -7.144757 -18.133333 -8.084907 -0.024116 0.119047 1.827824 11.514302 3.114991 1.519729 -1.38969 0.930667 0.670321 -0.0 0.0 -1e-06 
0.0 0.0 0.0 0.0 -0.0 0.0 1.535017 100.056252 5.022597 -0.636778 -8.376105 8.933014 -1.910912 -0.316247 -3.117279 -0.858479 -0.830066 -5.573435 -3.525497 -3.289683 5.615216 3.048833 1.033514 -6.138317 0.68938 2.83931 -3.741116 5.162214 -1.601504 1.419691 7.7e-05 -2.2e-05 6e-06 0.018423 0.17484 -0.026892 0.80455 -3.516743 -10.765384 -0.768154 3.851304 -10.71249 5.185998 -8.380616 3.9774 22.042912 -63.345436 -64.723961 0.89534 -61.491695 -0.131731 39.522408 7.203984 -10.167208 -5.882111 9.861293 0.70259 -10.936878 -0.360575 7.156209 -1e-06 8.774831 -0.0 -15.69841 17.737885 5.944742 -1.844035 2.498509 -2.507279 -10.163605 4.678948 4.621109 -20.976038 -3e-06 1e-06 -21.226299 2.451697 -3.594003 1e-06 -5e-06 -1e-06 -1.362682 2.240799 -0.746324 -21.334929 0.58491 3.008326 -13.821223 -1e-06 3e-06 -23.887184 -0.249079 -0.839484 -59.453594 2.435543 -1.030318 -0.294025 1.679689 0.833256 -14.218219 0.093216 1.300581 -34.21207 -0.287565 0.96717 -20.033226 0.964538 1.212844 0.0 -0.0 -1e-06 -3.440391 0.788235 0.501657 -15.928196 -3.16731 2.999707 -6.338829 -1e-06 1e-06 -18.123459 3.648182 -4.905674 -5e-06 -1e-06 -1e-06 -15.997246 9.223606 -1.493042 -26.911154 43.030403 -75.81012 0.350773 44.464264 -3.320546 -10.002585 27.287252 19.999947 2.243543 -5.255041 -3.180161 14.2829 -0.826592 6.952507 -3e-06 -12.690613 -2e-06 15.597884 -16.086611 2.688764 1.665668 -1.955923 -2.878301 4.727801 -4.170588 4.993926 11.020535 4e-06 -2e-06 12.109059 -3.735716 -2.866788 -1e-06 -1e-06 0.0 1.291985 -1.928552 -1.49809 14.800139 0.567469 3.865609 14.24258 -1.341734 -6.660663 19.631983 0.14393 -0.648244 48.141373 -0.964138 -6.191422 0.353029 -1.511152 -0.03194 20.222803 3.684315 2.316632 18.787287 8e-06 -1e-06 10.751636 -0.479867 1.397908 0.0 -0.0 -1e-06 3.273809 0.305947 -0.580111 21.486828 11.830387 2.266138 8.162931 4e-06 -2e-06 18.39909 -3.798984 -4.940578 3e-06 1e-06 -1e-06 1.34856 26.23945 -2.899248 0.045664 -0.13219 2.120389 -6.940796 9.200996 -7.308202 1.636381 -1.770912 1.113155 -0.0 -0.0 2e-06 -7.138584 -18.037077 -8.057485 -0.019559 0.119519 1.82191 11.454269 3.066504 1.492477 -1.389799 0.931206 0.628687 0.0 0.0 -1e-06 
0.0 0.0 0.0 0.0 -0.0 0.0 1.524319 100.058434 5.063711 -0.648048 -8.431869 8.940536 -1.903502 -0.293779 -3.134471 -0.8586 -0.837755 -5.579906 -3.576398 -3.264495 5.612362 3.156446 1.018597 -6.085715 0.655783 2.84084 -3.752403 5.169829 -1.537575 1.379835 7.7e-05 -2.2e-05 6e-06 0.016514 0.153491 -0.032279 0.804442 -3.535982 -10.769808 -0.771952 3.828131 -10.718206 5.101435 -8.427837 4.065664 22.052889 -63.463638 -64.932755 0.956564 -61.623688 -0.167548 39.501503 6.874565 -9.780914 -5.882113 9.861296 0.702591 -10.936887 -0.360575 7.156216 -1e-06 8.774835 -2e-06 -15.674641 17.724939 5.971478 -1.844034 2.498507 -2.50728 -10.163612 4.678948 4.621114 -20.976053 -1e-06 7e-06 -21.226309 2.451702 -3.594001 -0.0 -6e-06 -1e-06 -1.362683 2.240801 -0.746323 -21.334942 0.584912 3.008329 -13.821229 -3e-06 5e-06 -23.887196 -0.249075 -0.839481 -59.442692 2.437239 -1.015299 -0.294026 1.67969 0.833256 -14.218227 0.093214 1.300585 -34.212093 -0.287561 0.967175 -20.033236 0.964541 1.212846 -1e-06 -0.0 0.0 -3.440393 0.788234 0.501656 -15.928206 -3.167313 2.999713 -6.338834 0.0 2e-06 -18.12347 3.648189 -4.905675 -5e-06 1e-06 -2e-06 -16.061838 9.163918 -1.487439 -26.675337 43.067345 -75.570358 0.145705 44.62706 -3.426361 -9.851604 27.148848 19.392414 2.243544 -5.255038 -3.180161 14.282902 -0.826595 6.952507 -2e-06 -12.69061 -1e-06 15.642001 -16.128735 2.675975 1.665669 -1.955923 -2.878302 4.727803 -4.170591 4.993926 11.020536 3e-06 -3e-06 12.10906 -3.735716 -2.866788 -1e-06 -1e-06 1e-06 1.291986 -1.928552 -1.498091 14.800139 0.56747 3.865608 14.242585 -1.341736 -6.660664 19.631985 0.143928 -0.648246 48.228668 -0.986519 -6.191049 0.353028 -1.511152 -0.031939 20.222803 3.684314 2.316631 18.787287 7e-06 -2e-06 10.751636 -0.479868 1.397907 0.0 1e-06 -1e-06 3.273809 0.305947 -0.580111 21.48683 11.830383 2.266134 8.162934 2e-06 -2e-06 18.399094 -3.798984 -4.94058 3e-06 1e-06 -1e-06 1.363772 26.262341 -2.825365 0.046469 -0.123553 2.016641 -6.940229 9.264233 -7.267354 1.637261 -1.77827 1.113522 0.0 -0.0 2e-06 -7.119375 -17.939386 -8.050728 -0.022346 0.117325 1.821341 11.388417 3.015243 1.464697 -1.390874 0.933951 0.588645 -0.0 0.0 -1e-06 
0.0 0.0 0.0 0.0 -0.0 0.0 1.497393 100.058128 5.108028 -0.667161 -8.459813 8.961963 -1.893962 -0.256292 -3.160277 -0.861378 -0.851695 -5.582375 -3.622237 -3.236877 5.603178 3.251166 1.018941 -6.053912 0.618254 2.848103 -3.76823 5.168017 -1.518939 1.298324 7.7e-05 -2.3e-05 6e-06 0.015248 0.132635 -0.033068 0.804309 -3.554751 -10.772405 -0.774568 3.806019 -10.720963 4.954823 -8.488325 4.136226 22.147558 -63.587402 -65.107712 1.08025 -61.736416 -0.255946 39.455788 6.522573 -9.431556 -5.882108 9.861286 0.702589 -10.936872 -0.360575 7.156208 -0.0 8.774825 -2e-06 -15.657634 17.731421 5.992323 -1.844033 2.498505 -2.507278 -10.163602 4.678947 4.621109 -20.976027 -1e-06 2e-06 -21.22629 2.451697 -3.594 0.0 -6e-06 -1e-06 -1.362682 2.240798 -0.746324 -21.334917 0.584912 3.008323 -13.821217 -2e-06 3e-06 -23.887171 -0.249079 -0.839484 -59.439831 2.420278 -0.996449 -0.294025 1.679687 0.833255 -14.21821 0.093215 1.300581 -34.212051 -0.287561 0.967168 -20.033215 0.964539 1.212843 -1e-06 -1e-06 -1e-06 -3.440389 0.788232 0.501656 -15.928189 -3.167309 2.999708 -6.338828 -2e-06 2e-06 -18.123451 3.648181 -4.905671 -5e-06 -0.0 -2e-06 -16.111492 9.132134 -1.490018 -26.44376 43.044582 -75.366631 0.081905 44.708012 -3.462899 -9.71621 27.145882 18.937855 2.243541 -5.255035 -3.180157 14.282887 -0.826595 6.952501 -1e-06 -12.690599 1e-06 15.655606 -16.140839 2.635884 1.665666 -1.955921 -2.878298 4.727798 -4.170585 4.993923 11.020524 4e-06 -1e-06 12.10905 -3.735713 -2.866782 -1e-06 -0.0 1e-06 1.291986 -1.928548 -1.498089 14.800125 0.567469 3.865606 14.242566 -1.341735 -6.660654 19.631964 0.143925 -0.648243 48.246807 -1.006035 -6.20014 0.353028 -1.511152 -0.03194 20.222784 3.684308 2.316629 18.78727 3e-06 -1e-06 10.751625 -0.479868 1.397905 0.0 1e-06 -1e-06 3.273805 0.305948 -0.58011 21.486803 11.830367 2.266131 8.162924 2e-06 -2e-06 18.399075 -3.798983 -4.940573 3e-06 0.0 -1e-06 1.384652 26.318392 -2.795024 0.046619 -0.118058 1.952669 -6.93639 9.259195 -7.250429 1.637249 -1.783082 1.108724 0.0 -0.0 2e-06 -7.079658 -17.854637 -8.049172 -0.029803 0.119359 1.809065 11.340789 2.94485 1.427815 -1.393168 0.938203 0.578275 -0.0 0.0 -1e-06 
0.0 0.0 0.0 0.0 -0.0 0.0 1.460395 100.047684 5.152931 -0.689718 -8.468616 8.996524 -1.888716 -0.216719 -3.190294 -0.860772 -0.862308 -5.585689 -3.658797 -3.205962 5.57853 3.335824 1.018982 -6.0362 0.581509 2.853366 -3.791046 5.167115 -1.525975 1.219122 7.7e-05 -2.3e-05 6e-06 0.013589 0.12233 -0.031098 0.803925 -3.561399 -10.767477 -0.77777 3.792992 -10.714228 4.797472 -8.57556 4.178392 22.212067 -63.699986 -65.168472 1.252992 -61.816326 -0.381307 39.432076 6.127531 -9.125808 -5.882109 9.861292 0.70259 -10.936875 -0.360575 7.15621 -0.0 8.774828 -2e-06 -15.657736 17.760015 5.998452 -1.844033 2.498506 -2.507278 -10.163604 4.678947 4.62111 -20.976034 -3e-06 3e-06 -21.226297 2.4517 -3.594002 -0.0 -6e-06 -0.0 -1.362682 2.2408 -0.746323 -21.334921 0.584911 3.008324 -13.821218 -2e-06 3e-06 -23.887177 -0.249077 -0.839484 -59.45718 2.39597 -1.000508 -0.294025 1.679689 0.833256 -14.218214 0.093216 1.300582 -34.212055 -0.287561 0.967169 -20.033222 0.964538 1.212843 -0.0 -0.0 1e-06 -3.440389 0.788233 0.501656 -15.928192 -3.167312 2.999709 -6.338829 0.0 1e-06 -18.123453 3.648186 -4.905674 -5e-06 1e-06 -2e-06 -16.103937 9.133459 -1.493293 -26.297037 42.984848 -75.222366 0.178689 44.689415 -3.440053 -9.611272 27.257769 18.614794 2.243543 -5.255037 -3.180159 14.282893 -0.826596 6.952504 -1e-06 -12.690609 -1e-06 15.655779 -16.120068 2.576954 1.665666 -1.955922 -2.8783 4.727799 -4.170588 4.993925 11.020529 3e-06 -2e-06 12.109055 -3.735717 -2.866786 -0.0 -0.0 0.0 1.291986 -1.92855 -1.498091 14.800134 0.56747 3.865608 14.242576 -1.341737 -6.66066 19.631969 0.143927 -0.648245 48.208401 -1.010474 -6.219329 0.353029 -1.511152 -0.03194 20.222794 3.684312 2.31663 18.787271 5e-06 -1e-06 10.751627 -0.479868 1.397908 0.0 1e-06 -1e-06 3.273807 0.305948 -0.580111 21.486816 11.830377 2.266134 8.162928 2e-06 -3e-06 18.399082 -3.798987 -4.940577 3e-06 1e-06 -1e-06 1.404091 26.420773 -2.828619 0.047519 -0.120216 1.98659 -6.945391 9.177864 -7.309885 1.636315 -1.790296 1.111502 0.0 -0.0 2e-06 -7.035517 -17.784828 -8.047789 -0.034098 0.120691 1.784168 11.310173 2.885454 1.354463 -1.394718 0.942078 0.578821 -0.0 0.0 -1e-06 
0.0 0.0 0.0 0.0 -0.0 0.0 1.42645 100.032494 5.199643 -0.716964 -8.451343 9.052969 -1.890389 -0.186334 -3.239907 -0.856428 -0.857092 -5.595871 -3.688012 -3.186754 5.561255 3.423683 1.007944 -6.060162 0.560105 2.882629 -3.816507 5.164313 -1.535932 1.154499 7.7e-05 -2.2e-05 6e-06 0.011643 0.128078 -0.029621 0.804381 -3.55061 -10.760221 -0.782346 3.794615 -10.704492 4.653704 -8.646528 4.197598 22.311874 -63.802456 -65.140556 1.486691 -61.840343 -0.5216 39.441475 5.792382 -8.974811 -5.88211 9.861288 0.70259 -10.936879 -0.360575 7.15621 -0.0 8.774828 -3e-06 -15.669191 17.792849 5.994358 -1.844033 2.498505 -2.507278 -10.163606 4.678944 4.621111 -20.976036 0.0 6e-06 -21.226297 2.451702 -3.594 0.0 -5e-06 -0.0 -1.362682 2.240798 -0.746324 -21.334929 0.584911 3.008328 -13.821221 -2e-06 4e-06 -23.887182 -0.249075 -0.839481 -59.464664 2.370665 -1.010954 -0.294026 1.679689 0.833256 -14.218217 0.093217 1.300583 -34.212067 -0.28756 0.967176 -20.033226 0.964539 1.212847 -1e-06 1e-06 0.0 -3.44039 0.788233 0.501656 -15.928198 -3.167309 2.999711 -6.33883 -1e-06 2e-06 -18.123457 3.648184 -4.90567 -5e-06 1e-06 -2e-06 -16.015522 9.146686 -1.495909 -26.248148 42.922035 -75.137733 0.407129 44.652275 -3.345427 -9.562723 27.390333 18.3344 2.243543 -5.255039 -3.18016 14.2829 -0.826594 6.952504 -2e-06 -12.690611 -3e-06 15.645961 -16.089331 2.513796 1.665668 -1.955923 -2.878301 4.727801 -4.170588 4.993924 11.020534 5e-06 -3e-06 12.109059 -3.735716 -2.866788 -0.0 -1e-06 0.0 1.291985 -1.928551 -1.49809 14.800136 0.56747 3.865607 14.242584 -1.341735 -6.660665 19.631983 0.143928 -0.648246 48.168419 -0.999019 -6.246038 0.353028 -1.51115 -0.03194 20.222801 3.684314 2.316629 18.787287 8e-06 -2e-06 10.751636 -0.479867 1.397906 -0.0 -0.0 -1e-06 3.273808 0.305946 -0.580112 21.48683 11.830384 2.266133 8.162933 4e-06 -2e-06 18.399094 -3.798982 -4.940581 3e-06 1e-06 -1e-06 1.418301 26.510006 -2.921127 0.049303 -0.125964 2.095451 -6.954237 9.077265 -7.420832 1.635435 -1.797593 1.108031 -0.0 1e-06 2e-06 -6.984419 -17.738956 -8.057715 -0.036128 0.117332 1.75215 11.304164 2.840426 1.270973 -1.394751 0.943998 0.559642 0.0 0.0 -1e-06 
0.0 0.0 0.0 0.0 -0.0 0.0 1.397721 100.022148 5.247038 -0.752536 -8.418887 9.113432 -1.89229 -0.179967 -3.291556 -0.849598 -0.829514 -5.616656 -3.705172 -3.174457 5.569129 3.524144 0.987867 -6.134823 0.558681 2.933173 -3.831496 5.158187 -1.522403 1.044432 7.7e-05 -2.2e-05 6e-06 0.009967 0.141331 -0.031371 0.806635 -3.533508 -10.759952 -0.788104 3.804675 -10.703344 4.592074 -8.684958 4.194837 22.375187 -63.871143 -65.035606 1.736793 -61.822735 -0.625927 39.433064 5.611891 -8.999353 -5.88211 9.861295 0.702591 -10.93688 -0.360576 7.156213 -0.0 8.774833 -3e-06 -15.687336 17.809904 5.979278 -1.844033 2.498505 -2.507279 -10.16361 4.678948 4.621113 -20.97604 -2e-06 7e-06 -21.226305 2.451701 -3.594 1e-06 -5e-06 -0.0 -1.362682 2.2408 -0.746324 -21.33493 0.584908 3.008329 -13.821224 -2e-06 5e-06 -23.887188 -0.249076 -0.839479 -59.441505 2.36058 -1.024791 -0.294025 1.679688 0.833256 -14.218219 0.093214 1.300584 -34.212078 -0.28756 0.967175 -20.03323 0.96454 1.212847 -1e-06 -1e-06 -1e-06 -3.440391 0.788233 0.501656 -15.928201 -3.167313 2.999713 -6.338831 -1e-06 3e-06 -18.123461 3.648189 -4.905673 -5e-06 -0.0 -2e-06 -15.873898 9.163442 -1.45364 -26.274193 42.86681 -75.121002 0.651166 44.704521 -3.244883 -9.51937 27.466213 18.057913 2.243544 -5.255038 -3.180161 14.282902 -0.826593 6.952506 -3e-06 -12.690614 -1e-06 15.636709 -16.054096 2.455498 1.665667 -1.955924 -2.878301 4.727802 -4.170588 4.993927 11.020536 5e-06 -3e-06 12.109062 -3.735714 -2.866788 -0.0 0.0 0.0 1.291987 -1.928551 -1.49809 14.800144 0.567471 3.865608 14.242587 -1.341735 -6.660666 19.631987 0.14393 -0.648247 48.133244 -0.973695 -6.25817 0.35303 -1.51115 -0.031941 20.222807 3.684313 2.316628 18.787289 9e-06 -3e-06 10.751637 -0.479865 1.397906 -0.0 -0.0 -1e-06 3.27381 0.305947 -0.580112 21.486832 11.830387 2.266132 8.162935 4e-06 -2e-06 18.399099 -3.798982 -4.940582 3e-06 1e-06 -1e-06 1.444832 26.562912 -3.016987 0.048987 -0.130321 2.205882 -6.96314 8.962383 -7.517817 1.634168 -1.795262 1.111956 -0.0 1e-06 2e-06 -6.920186 -17.760725 -8.07511 -0.037666 0.120692 1.732068 11.304027 2.833344 1.221848 -1.392905 0.946659 0.534305 -0.0 0.0 -1e-06 
0.0 0.0 0.0 0.0 -0.0 0.0 1.381612 100.026581 5.296018 -0.792758 -8.384886 9.179056 -1.896314 -0.202196 -3.337498 -0.847291 -0.798823 -5.644534 -3.698953 -3.153704 5.588011 3.6346 0.962368 -6.249699 0.579392 2.993825 -3.832308 5.150272 -1.491328 0.862038 7.7e-05 -2.3e-05 6e-06 0.008951 0.15482 -0.034178 0.809045 -3.519072 -10.766076 -0.792586 3.81751 -10.712045 4.611018 -8.688074 4.160626 22.379057 -63.911495 -64.970726 1.849397 -61.795197 -0.632783 39.392551 5.508096 -8.989167 -5.88211 9.861288 0.70259 -10.93688 -0.360574 7.15621 -1e-06 8.774828 -2e-06 -15.674016 17.801901 5.965117 -1.844033 2.498506 -2.507277 -10.163605 4.678946 4.621109 -20.976038 -0.0 5e-06 -21.226301 2.451702 -3.594002 1e-06 -5e-06 -1e-06 -1.362682 2.240799 -0.746323 -21.334929 0.584911 3.008326 -13.821222 -1e-06 4e-06 -23.887182 -0.249075 -0.839481 -59.372936 2.378385 -1.019489 -0.294025 1.679687 0.833256 -14.218217 0.093214 1.300582 -34.212067 -0.287559 0.967174 -20.033228 0.964539 1.212845 -1e-06 -0.0 -1e-06 -3.44039 0.788234 0.501656 -15.9282 -3.167309 2.99971 -6.33883 -1e-06 2e-06 -18.123457 3.648186 -4.905671 -5e-06 -1e-06 -2e-06 -15.677692 9.188083 -1.352829 -26.37936 42.828491 -75.15226 0.785033 44.888092 -3.20081 -9.391284 27.438084 17.91621 2.243543 -5.255037 -3.180159 14.282896 -0.826593 6.952503 -3e-06 -12.690604 0.0 15.631964 -16.027609 2.43757 1.665667 -1.955922 -2.8783 4.7278 -4.170587 4.993924 11.020529 4e-06 -2e-06 12.109056 -3.735715 -2.866786 -0.0 -1e-06 -0.0 1.291986 -1.928548 -1.49809 14.800132 0.567469 3.865607 14.242575 -1.341735 -6.66066 19.631973 0.143928 -0.648245 48.139015 -0.957361 -6.23777 0.353029 -1.511152 -0.03194 20.222794 3.684311 2.316628 18.787273 8e-06 -3e-06 10.751629 -0.479867 1.397906 -0.0 -0.0 -1e-06 3.273808 0.305947 -0.580112 21.486816 11.830374 2.26613 8.162928 3e-06 -1e-06 18.399084 -3.798981 -4.940577 3e-06 1e-06 -1e-06 1.473819 26.555046 -3.061647 0.045338 -0.130175 2.193951 -6.959597 8.885872 -7.519381 1.633225 -1.786216 1.130307 -0.0 1e-06 2e-06 -6.848617 -17.829357 -8.105522 -0.037212 0.127487 1.723357 11.308724 2.868536 1.248495 -1.390071 0.946944 0.521809 -0.0 0.0 -1e-06 
0.0 0.0 0.0 0.0 -0.0 0.0 1.385223 100.038696 5.345936 -0.822916 -8.359967 9.243213 -1.905745 -0.23897 -3.368753 -0.851481 -0.76968 -5.678893 -3.679276 -3.11369 5.601611 3.751684 0.945132 -6.406042 0.606986 3.022797 -3.830649 5.149531 -1.442717 0.660959 7.7e-05 -2.3e-05 6e-06 0.008831 0.167086 -0.037594 0.811218 -3.508652 -10.773074 -0.794888 3.831249 -10.723408 4.705665 -8.684465 4.118975 22.312696 -63.917881 -65.022018 1.746036 -61.820724 -0.5191 39.411949 5.38923 -8.859407 -5.882109 9.86129 0.702589 -10.936876 -0.360577 7.15621 -1e-06 8.774828 -2e-06 -15.650906 17.784233 5.960566 -1.844033 2.498506 -2.507279 -10.163604 4.678948 4.62111 -20.976034 -1e-06 3e-06 -21.226295 2.4517 -3.594001 -0.0 -5e-06 -1e-06 -1.362682 2.240798 -0.746324 -21.334921 0.584911 3.008324 -13.82122 -1e-06 2e-06 -23.887178 -0.249076 -0.839483 -59.328068 2.41597 -1.001161 -0.294025 1.67969 0.833256 -14.218213 0.093217 1.300582 -34.212059 -0.287562 0.967169 -20.033218 0.964539 1.212842 -1e-06 1e-06 -0.0 -3.44039 0.788235 0.501656 -15.928192 -3.16731 2.999708 -6.338829 -1e-06 2e-06 -18.123447 3.648185 -4.905673 -5e-06 -1e-06 -2e-06 -15.454731 9.209074 -1.223388 -26.52108 42.802013 -75.202942 0.791277 45.215527 -3.221241 -9.188564 27.323036 18.070715 2.243541 -5.255035 -3.180157 14.282892 -0.826595 6.952502 -1e-06 -12.690601 1e-06 15.623241 -16.034468 2.458278 1.665668 -1.955921 -2.8783 4.727799 -4.170588 4.993924 11.020528 4e-06 -2e-06 12.109055 -3.735715 -2.866785 -0.0 -1e-06 0.0 1.291985 -1.92855 -1.49809 14.800129 0.567468 3.865607 14.242576 -1.341736 -6.660658 19.631971 0.143926 -0.648246 48.191227 -0.958965 -6.212912 0.353029 -1.51115 -0.031939 20.222794 3.684309 2.316629 18.787273 5e-06 -3e-06 10.751629 -0.479867 1.397905 0.0 -0.0 -1e-06 3.273808 0.305946 -0.580111 21.486816 11.830372 2.266131 8.16293 2e-06 -1e-06 18.39908 -3.798982 -4.940576 3e-06 -1e-06 -1e-06 1.484599 26.542389 -3.060673 0.042046 -0.129838 2.088628 -6.931282 8.848867 -7.451025 1.633115 -1.777016 1.152304 0.0 -0.0 2e-06 -6.79895 -17.913252 -8.142691 -0.034635 0.130811 1.724294 11.347688 2.959507 1.320358 -1.386527 0.940033 0.521141 -0.0 0.0 -1e-06 
0.0 0.0 0.0 0.0 -0.0 0.0 1.405485 100.049652 5.389408 -0.845052 -8.329721 9.291137 -1.908242 -0.271291 -3.381764 -0.860388 -0.73703 -5.703845 -3.65928 -3.072248 5.609966 3.855909 0.937235 -6.612813 0.635964 3.047082 -3.836496 5.163626 -1.433199 0.533361 7.7e-05 -2.3e-05 6e-06 0.009455 0.178946 -0.042865 0.80936 -3.500832 -10.779222 -0.791509 3.845972 -10.734284 4.852437 -8.682658 4.084581 22.202673 -63.895588 -65.178993 1.450871 -61.951839 -0.266342 39.548538 5.278426 -8.731862 -5.882105 9.861285 0.702591 -10.936872 -0.360577 7.156206 1e-06 8.774824 -1e-06 -15.657826 17.777643 5.944049 -1.844032 2.498505 -2.507277 -10.163599 4.678944 4.621109 -20.976023 -3e-06 6e-06 -21.226284 2.451698 -3.593997 1e-06 -5e-06 -1e-06 -1.362681 2.240797 -0.746323 -21.334913 0.584908 3.008325 -13.821215 -2e-06 4e-06 -23.887169 -0.249077 -0.83948 -59.330994 2.459892 -1.000995 -0.294025 1.679688 0.833256 -14.218207 0.093214 1.300581 -34.212048 -0.287564 0.967174 -20.033213 0.964536 1.212846 -1e-06 -0.0 0.0 -3.440388 0.788234 0.501655 -15.928185 -3.16731 2.999708 -6.338826 -0.0 1e-06 -18.123444 3.648182 -4.905669 -6e-06 -0.0 -2e-06 -15.238153 9.222392 -1.09325 -26.683208 42.78125 -75.343445 0.71387 45.648602 -3.286557 -8.926436 27.176191 18.432243 2.243541 -5.255038 -3.18016 14.282896 -0.826592 6.952506 -4e-06 -12.690609 -1e-06 15.605611 -16.062687 2.507992 1.665666 -1.955921 -2.8783 4.727798 -4.170588 4.993925 11.02053 4e-06 -1e-06 12.109056 -3.735717 -2.866785 -0.0 -1e-06 -0.0 1.291986 -1.928551 -1.49809 14.800134 0.567472 3.865608 14.242576 -1.341735 -6.660661 19.631973 0.143929 -0.648242 48.24942 -0.968663 -6.180653 0.35303 -1.511153 -0.03194 20.222799 3.684313 2.316632 18.787279 9e-06 1e-06 10.751631 -0.479867 1.397907 -0.0 1e-06 -1e-06 3.273808 0.305949 -0.580111 21.486828 11.830384 2.266135 8.16293 4e-06 -1e-06 18.399088 -3.798983 -4.940575 3e-06 1e-06 -2e-06 1.489432 26.532814 -3.050054 0.038541 -0.134621 2.000832 -6.897652 8.813491 -7.388549 1.631454 -1.769187 1.169471 -0.0 0.0 2e-06 -6.776201 -17.989391 -8.158954 -0.032377 0.134534 1.713112 11.431268 3.038608 1.405965 -1.384289 0.938635 0.521105 0.0 0.0 -1e-06 
0.0 0.0 0.0 0.0 -0.0 0.0 1.430872 100.057648 5.425568 -0.855239 -8.277248 9.312533 -1.902814 -0.292484 -3.367043 -0.872381 -0.713353 -5.715504 -3.643684 -3.03852 5.612926 3.948719 0.940962 -6.84051 0.668287 3.059031 -3.842896 5.180099 -1.456368 0.468042 7.7e-05 -2.3e-05 6e-06 0.010375 0.183628 -0.047509 0.802846 -3.50088 -10.786357 -0.782879 3.854161 -10.745362 5.011523 -8.692651 4.019245 22.042124 -63.868275 -65.299454 1.151791 -62.144394 -0.023508 39.676083 5.246506 -8.676283 -5.882108 9.86129 0.70259 -10.936874 -0.360575 7.156208 -2e-06 8.774828 -3e-06 -15.705759 17.781683 5.905303 -1.844033 2.498506 -2.507277 -10.163602 4.678947 4.621109 -20.976027 -1e-06 3e-06 -21.22629 2.4517 -3.594001 1e-06 -5e-06 -1e-06 -1.362682 2.240799 -0.746323 -21.334921 0.584911 3.008324 -13.82122 0.0 4e-06 -23.887178 -0.249074 -0.839483 -59.388954 2.50104 -1.035821 -0.294025 1.679688 0.833256 -14.218213 0.093216 1.300581 -34.212055 -0.287559 0.967172 -20.033218 0.96454 1.212843 -1e-06 1e-06 0.0 -3.440389 0.788233 0.501657 -15.928189 -3.16731 2.999708 -6.338828 -1e-06 1e-06 -18.123453 3.648185 -4.905672 -5e-06 -1e-06 -2e-06 -15.072841 9.242858 -0.998115 -26.818857 42.736637 -75.528618 0.578644 46.08334 -3.386443 -8.628595 26.993404 18.7637 2.243544 -5.255039 -3.180161 14.2829 -0.826592 6.952504 -2e-06 -12.690609 -1e-06 15.584733 -16.090372 2.546007 1.665668 -1.955922 -2.878301 4.727802 -4.170589 4.993925 11.020536 4e-06 -4e-06 12.109061 -3.735715 -2.866788 -0.0 0.0 -0.0 1.291987 -1.92855 -1.498092 14.80014 0.567472 3.865607 14.242584 -1.341733 -6.660665 19.631981 0.143931 -0.648249 48.228455 -0.980194 -6.155106 0.35303 -1.51115 -0.031941 20.222803 3.684314 2.316628 18.787287 8e-06 -3e-06 10.751636 -0.479866 1.397906 -0.0 1e-06 -1e-06 3.27381 0.305948 -0.580112 21.486828 11.830383 2.26613 8.162931 2e-06 -4e-06 18.399094 -3.79898 -4.940578 3e-06 -0.0 -2e-06 1.494433 26.518595 -3.033242 0.036682 -0.146854 1.950779 -6.8953 8.768245 -7.344996 1.628789 -1.767811 1.184934 -0.0 1e-06 2e-06 -6.781441 -18.082253 -8.146153 -0.031332 0.1392 1.702239 11.54623 3.105786 1.486784 -1.383406 0.944581 0.53335 0.0 0.0 -1e-06 
0.0 0.0 0.0 0.0 -0.0 0.0 1.451685 100.055313 5.455948 -0.854497 -8.202257 9.307967 -1.895631 -0.306891 -3.328845 -0.878556 -0.705314 -5.713377 -3.637506 -3.002944 5.605159 4.049829 0.93653 -7.046747 0.689046 3.063354 -3.845238 5.201599 -1.495839 0.424168 7.7e-05 -2.3e-05 6e-06 0.01199 0.179038 -0.048186 0.795628 -3.508806 -10.786487 -0.772276 3.852065 -10.748675 5.142137 -8.725322 3.960096 21.916981 -63.825039 -65.412941 0.882126 -62.36454 0.18557 39.731831 5.292935 -8.704252 -5.882111 9.861294 0.70259 -10.93688 -0.360575 7.156212 -2e-06 8.774833 -3e-06 -15.767982 17.796837 5.867208 -1.844033 2.498505 -2.507278 -10.163608 4.678949 4.621112 -20.976038 1e-06 7e-06 -21.226301 2.451705 -3.594001 1e-06 -5e-06 -0.0 -1.362682 2.2408 -0.746323 -21.334929 0.584914 3.008328 -13.821223 -0.0 4e-06 -23.887184 -0.249073 -0.839482 -59.482792 2.512799 -1.090298 -0.294025 1.679687 0.833256 -14.218219 0.093216 1.300584 -34.212074 -0.287555 0.967174 -20.03323 0.96454 1.212844 -1e-06 1e-06 0.0 -3.440391 0.788235 0.501656 -15.928196 -3.167312 2.999712 -6.33883 -1e-06 2e-06 -18.123459 3.648189 -4.905673 -5e-06 -1e-06 -2e-06 -14.978226 9.281384 -1.004728 -26.856342 42.697117 -75.674843 0.506242 46.414009 -3.480319 -8.334007 26.845188 18.980844 2.243543 -5.255041 -3.180161 14.282905 -0.826593 6.952507 -4e-06 -12.690614 -2e-06 15.574174 -16.118916 2.552322 1.665669 -1.955922 -2.878303 4.727802 -4.17059 4.993928 11.020538 4e-06 -2e-06 12.109067 -3.735717 -2.866788 -0.0 -1e-06 -0.0 1.291987 -1.928551 -1.498091 14.800148 0.567473 3.865611 14.242586 -1.341736 -6.660665 19.631989 0.143927 -0.648244 48.165264 -0.987829 -6.151396 0.353029 -1.511151 -0.031941 20.222813 3.684315 2.316631 18.787292 8e-06 0.0 10.751639 -0.479867 1.397907 -0.0 -0.0 -1e-06 3.273811 0.305948 -0.580112 21.486843 11.830388 2.266137 8.162937 3e-06 -1e-06 18.399101 -3.798982 -4.940578 3e-06 -0.0 -2e-06 1.49719 26.457693 -3.030206 0.035769 -0.167729 1.977204 -6.897757 8.743913 -7.369639 1.62616 -1.772759 1.192654 0.0 1e-06 2e-06 -6.805923 -18.165607 -8.107183 -0.031661 0.153743 1.700761 11.61374 3.151349 1.504187 -1.384351 0.951638 0.551508 0.0 0.0 -1e-06 
0.0 0.0 0.0 0.0 -0.0 0.0 1.47196 100.054718 5.475031 -0.854857 -8.133278 9.299597 -1.879604 -0.308739 -3.290264 -0.880366 -0.701912 -5.7014 -3.634125 -2.971544 5.593275 4.16652 0.919839 -7.239813 0.690601 3.055187 -3.835109 5.236684 -1.546191 0.386217 7.7e-05 -2.2e-05 6e-06 0.013452 0.167142 -0.045194 0.790288 -3.519776 -10.772654 -0.763947 3.838734 -10.736438 5.220994 -8.767203 3.917248 21.854361 -63.79549 -65.534088 0.705128 -62.575966 0.31105 39.735352 5.397944 -8.784785 -5.882109 9.861287 0.70259 -10.936875 -0.360575 7.156208 -1e-06 8.774829 -1e-06 -15.8208 17.813688 5.845032 -1.844033 2.498506 -2.507278 -10.163604 4.678947 4.62111 -20.97603 -2e-06 1e-06 -21.226295 2.451699 -3.594003 1e-06 -5e-06 -1e-06 -1.362682 2.240799 -0.746323 -21.334919 0.58491 3.008322 -13.821218 -2e-06 1e-06 -23.887177 -0.249078 -0.839485 -59.577038 2.500181 -1.137093 -0.294025 1.679688 0.833256 -14.218214 0.093216 1.300581 -34.212059 -0.287564 0.967169 -20.033218 0.964538 1.212842 -1e-06 -1e-06 0.0 -3.44039 0.788234 0.501656 -15.928192 -3.16731 2.999708 -6.338829 0.0 1e-06 -18.123453 3.648184 -4.905674 -5e-06 -1e-06 -2e-06 -14.95689 9.34836 -1.08111 -26.84481 42.666908 -75.805855 0.522818 46.572144 -3.516885 -8.085248 26.807581 19.140192 2.243542 -5.255032 -3.180158 14.282887 -0.826594 6.952499 -2e-06 -12.690597 -0.0 15.582394 -16.118921 2.523701 1.665667 -1.95592 -2.878299 4.727797 -4.170586 4.993921 11.020524 3e-06 -2e-06 12.10905 -3.735712 -2.866784 -0.0 0.0 -0.0 1.291986 -1.928548 -1.498088 14.800125 0.567469 3.865604 14.242568 -1.341735 -6.660655 19.631964 0.143925 -0.648247 48.094906 -0.98966 -6.1557 0.353027 -1.51115 -0.031938 20.222786 3.684308 2.316628 18.78727 5e-06 -2e-06 10.751625 -0.479867 1.397904 -0.0 1e-06 0.0 3.273805 0.305946 -0.580111 21.486809 11.830368 2.26613 8.162926 3e-06 -2e-06 18.399076 -3.798981 -4.940574 3e-06 -1e-06 -2e-06 1.494334 26.397963 -3.023135 0.035174 -0.186964 1.990115 -6.891221 8.727296 -7.386236 1.624997 -1.784597 1.176217 0.0 0.0 2e-06 -6.832818 -18.213591 -8.076886 -0.032776 0.167986 1.714733 11.649741 3.18279 1.521013 -1.386226 0.952886 0.559471 0.0 0.0 -1e-06 
0.0 0.0 0.0 0.0 -0.0 0.0 1.500561 100.055382 5.482973 -0.856286 -8.065217 9.302323 -1.861132 -0.299877 -3.268219 -0.881045 -0.703259 -5.681376 -3.620237 -2.942808 5.590378 4.290678 0.895359 -7.435055 0.680824 3.045303 -3.818117 5.273655 -1.612076 0.325956 7.7e-05 -2.3e-05 6e-06 0.01453 0.155371 -0.041441 0.785609 -3.528099 -10.750983 -0.757093 3.823034 -10.71402 5.258424 -8.818394 3.894421 21.81588 -63.799343 -65.624557 0.655267 -62.768147 0.350036 39.735325 5.528974 -8.832093 -5.882107 9.861288 0.702589 -10.936873 -0.360577 7.156209 1e-06 8.774824 -1e-06 -15.853528 17.825739 5.84645 -1.844033 2.498505 -2.507279 -10.163603 4.678945 4.621111 -20.97603 -4e-06 5e-06 -21.226292 2.451694 -3.593999 1e-06 -6e-06 -1e-06 -1.362681 2.240798 -0.746323 -21.334921 0.584907 3.008327 -13.82122 -5e-06 5e-06 -23.887175 -0.249079 -0.83948 -59.620148 2.477297 -1.157892 -0.294025 1.679688 0.833256 -14.218212 0.093213 1.300582 -34.212063 -0.287566 0.967175 -20.033218 0.964536 1.212846 -1e-06 -1e-06 0.0 -3.44039 0.788232 0.501656 -15.928192 -3.167312 2.999709 -6.338829 -1e-06 2e-06 -18.123447 3.648182 -4.905671 -5e-06 -0.0 -2e-06 -14.976177 9.42463 -1.152944 -26.848738 42.630043 -75.95507 0.614753 46.56768 -3.462867 -7.938736 26.878208 19.274437 2.243541 -5.255038 -3.180159 14.282896 -0.826592 6.952503 -5e-06 -12.690609 -1e-06 15.612391 -16.107752 2.488327 1.665668 -1.955923 -2.8783 4.7278 -4.170587 4.993925 11.020529 5e-06 -2e-06 12.109054 -3.735716 -2.866785 -0.0 0.0 -1e-06 1.291985 -1.92855 -1.498089 14.800134 0.567472 3.865609 14.242575 -1.341734 -6.660659 19.631975 0.143928 -0.648243 48.030949 -0.992914 -6.153598 0.353029 -1.511151 -0.03194 20.222799 3.684313 2.316631 18.787281 8e-06 -0.0 10.751633 -0.479867 1.397907 0.0 1e-06 -1e-06 3.273808 0.305948 -0.58011 21.486828 11.830381 2.266135 8.16293 3e-06 -1e-06 18.399088 -3.798984 -4.940577 4e-06 -0.0 -1e-06 1.483206 26.336012 -3.033478 0.034162 -0.200518 1.997649 -6.882388 8.698985 -7.399194 1.625649 -1.799043 1.152582 -0.0 0.0 2e-06 -6.854647 -18.224442 -8.059763 -0.035392 0.169909 1.730507 11.675227 3.180575 1.533687 -1.389279 0.951113 0.572591 -0.0 0.0 -1e-06 
0.0 0.0 0.0 0.0 -0.0 0.0 1.541088 100.052979 5.485301 -0.849111 -7.979375 9.313354 -1.847942 -0.281539 -3.267493 -0.878991 -0.698832 -5.651146 -3.59506 -2.929638 5.586835 4.408863 0.878231 -7.602036 0.657923 3.017082 -3.808242 5.32493 -1.69198 0.227364 7.7e-05 -2.3e-05 6e-06 0.014685 0.142204 -0.037875 0.781559 -3.537136 -10.730433 -0.752931 3.806072 -10.690714 5.228308 -8.87555 3.878345 21.799385 -63.859764 -65.608841 0.782354 -62.8881 0.272771 39.735874 5.658981 -8.884531 -5.882109 9.861288 0.702591 -10.936877 -0.360576 7.156208 -1e-06 8.77483 0.0 -15.842505 17.815401 5.854172 -1.844033 2.498506 -2.507277 -10.163603 4.678946 4.62111 -20.97603 -2e-06 5e-06 -21.226294 2.451702 -3.594 1e-06 -5e-06 -1e-06 -1.362682 2.240799 -0.746323 -21.334925 0.584911 3.008326 -13.82122 0.0 4e-06 -23.887178 -0.249075 -0.839483 -59.571449 2.445538 -1.16138 -0.294025 1.679687 0.833256 -14.218214 0.093216 1.300582 -34.212059 -0.287559 0.967173 -20.033222 0.964539 1.212845 -1e-06 -0.0 0.0 -3.440389 0.788234 0.501656 -15.928194 -3.167309 2.99971 -6.338828 -1e-06 2e-06 -18.123457 3.648188 -4.90567 -5e-06 -0.0 -1e-06 -15.014582 9.493767 -1.203978 -26.837181 42.610924 -76.015358 0.649513 46.450104 -3.392642 -7.810861 26.982491 19.458284 2.243543 -5.255036 -3.180158 14.282892 -0.826595 6.9525 -4e-06 -12.690603 -0.0 15.620176 -16.090181 2.472524 1.665666 -1.955922 -2.878299 4.727799 -4.170586 4.993922 11.020529 3e-06 -4e-06 12.109056 -3.735713 -2.866786 -0.0 -1e-06 -0.0 1.291988 -1.928549 -1.498091 14.800131 0.567469 3.865604 14.242577 -1.341735 -6.660661 19.631971 0.143931 -0.648247 47.959263 -0.992184 -6.141556 0.353028 -1.511149 -0.031939 20.222795 3.684312 2.316625 18.787277 9e-06 -4e-06 10.751631 -0.479867 1.397904 0.0 -0.0 -1e-06 3.273807 0.305947 -0.580112 21.486816 11.830376 2.266128 8.16293 3e-06 -4e-06 18.399084 -3.798978 -4.940578 3e-06 1e-06 -1e-06 1.459006 26.259842 -3.070912 0.031217 -0.20665 2.027598 -6.859787 8.640422 -7.426454 1.625443 -1.809973 1.112537 0.0 0.0 2e-06 -6.883644 -18.237684 -8.047595 -0.038867 0.161335 1.747073 11.690666 3.169244 1.524092 -1.393972 0.953745 0.57745 -0.0 0.0 -1e-06 
0.0 0.0 0.0 0.0 -0.0 0.0 1.591086 100.049675 5.490602 -0.825351 -7.900418 9.325744 -1.844476 -0.254525 -3.285017 -0.874367 -0.683212 -5.624632 -3.569979 -2.927812 5.587373 4.508868 0.873191 -7.749664 0.633215 2.962695 -3.805779 5.392186 -1.794943 0.094795 7.7e-05 -2.3e-05 6e-06 0.014465 0.130962 -0.033881 0.779947 -3.543706 -10.713104 -0.752013 3.790979 -10.671499 5.149914 -8.919354 3.872176 21.729258 -63.975693 -65.510674 0.978554 -62.933002 0.172121 39.722736 5.698408 -8.881618 -5.882113 9.861293 0.702591 -10.936884 -0.360575 7.156213 -2e-06 8.774833 -3e-06 -15.802083 17.793245 5.860752 -1.844035 2.498508 -2.507279 -10.163611 4.67895 4.621112 -20.976044 -0.0 6e-06 -21.226307 2.451703 -3.594002 0.0 -5e-06 -1e-06 -1.362683 2.2408 -0.746323 -21.334938 0.584911 3.008328 -13.821231 -2e-06 5e-06 -23.887196 -0.249074 -0.839482 -59.487507 2.430137 -1.146053 -0.294026 1.67969 0.833256 -14.218223 0.093217 1.300584 -34.212082 -0.287558 0.967173 -20.033232 0.96454 1.212844 -1e-06 -1e-06 1e-06 -3.440392 0.788235 0.501656 -15.928203 -3.16731 2.999711 -6.338832 -0.0 1e-06 -18.12347 3.648189 -4.905674 -5e-06 -1e-06 -2e-06 -14.984468 9.544481 -1.213363 -26.880672 42.654404 -76.093346 0.687824 46.304932 -3.310593 -7.692209 27.046265 19.893717 2.243545 -5.255042 -3.180161 14.282905 -0.826591 6.95251 -4e-06 -12.690619 -2e-06 15.592984 -16.066347 2.47102 1.665669 -1.955924 -2.878304 4.727803 -4.170592 4.993927 11.020538 5e-06 -3e-06 12.109064 -3.735716 -2.866788 -0.0 -1e-06 -0.0 1.291986 -1.928551 -1.498091 14.800148 0.567472 3.865609 14.242588 -1.341734 -6.660666 19.63199 0.14393 -0.648245 47.894665 -0.992954 -6.128399 0.35303 -1.511153 -0.031941 20.222815 3.684319 2.316632 18.787296 9e-06 -1e-06 10.751641 -0.479867 1.397908 -0.0 -0.0 -1e-06 3.27381 0.305947 -0.580112 21.486843 11.830389 2.266137 8.162937 5e-06 -3e-06 18.399105 -3.798983 -4.940581 3e-06 -0.0 -1e-06 1.410887 26.196976 -3.108278 0.027027 -0.206276 2.042615 -6.818657 8.565544 -7.439359 1.624476 -1.81874 1.059324 -0.0 1e-06 2e-06 -6.932898 -18.247351 -8.039682 -0.042246 0.152384 1.75334 11.703733 3.150312 1.510183 -1.397842 0.957374 0.571122 -0.0 0.0 -1e-06 
0.0 0.0 0.0 0.0 -0.0 0.0 1.643344 100.044083 5.502092 -0.779663 -7.845539 9.336309 -1.849699 -0.220973 -3.326689 -0.867388 -0.660758 -5.615949 -3.548328 -2.924349 5.600558 4.585974 0.861722 -7.891076 0.624758 2.903417 -3.809597 5.458175 -1.938456 -0.06292 7.7e-05 -2.3e-05 6e-06 0.013855 0.12977 -0.028497 0.780101 -3.540105 -10.696026 -0.753585 3.786079 -10.651492 5.054647 -8.941616 3.90745 21.567307 -64.112625 -65.345055 1.174624 -62.918179 0.125935 39.709087 5.667942 -8.875249 -5.88211 9.861288 0.702588 -10.936879 -0.360575 7.156211 0.0 8.774827 -2e-06 -15.766302 17.763096 5.860234 -1.844033 2.498506 -2.507279 -10.163605 4.678946 4.62111 -20.976038 -3e-06 5e-06 -21.226295 2.451698 -3.593999 1e-06 -5e-06 -0.0 -1.362682 2.240797 -0.746325 -21.334929 0.58491 3.008326 -13.821223 -2e-06 4e-06 -23.887184 -0.249077 -0.83948 -59.410183 2.426345 -1.123549 -0.294025 1.679688 0.833256 -14.218217 0.093215 1.300582 -34.21207 -0.287565 0.967175 -20.033226 0.964538 1.212847 -1e-06 -0.0 0.0 -3.44039 0.788233 0.501656 -15.928198 -3.16731 2.99971 -6.338829 -2e-06 2e-06 -18.123453 3.648184 -4.905672 -6e-06 -1e-06 -2e-06 -14.910919 9.584061 -1.234762 -26.897835 42.818291 -76.214554 0.759854 46.176125 -3.230313 -7.547422 27.042393 20.56628 2.243541 -5.255037 -3.180158 14.282888 -0.826594 6.952499 -1e-06 -12.690603 -2e-06 15.558833 -16.039818 2.472387 1.665667 -1.955919 -2.878299 4.727797 -4.170587 4.993923 11.020522 4e-06 -2e-06 12.109052 -3.735714 -2.866785 -0.0 0.0 0.0 1.291987 -1.928549 -1.498089 14.800129 0.567469 3.865607 14.242571 -1.341735 -6.660657 19.631968 0.143928 -0.648244 47.818207 -0.993465 -6.135526 0.353028 -1.511151 -0.031939 20.222788 3.684311 2.316628 18.787273 6e-06 -1e-06 10.751628 -0.479869 1.397905 -0.0 -0.0 -1e-06 3.273808 0.305946 -0.580111 21.486813 11.830374 2.266131 8.162926 1e-06 -1e-06 18.399078 -3.798982 -4.940578 3e-06 -0.0 -1e-06 1.333141 26.165878 -3.12656 0.021626 -0.209874 2.028991 -6.770341 8.501285 -7.437452 1.623238 -1.833959 1.032418 -0.0 1e-06 2e-06 -7.015399 -18.252071 -8.037888 -0.043191 0.151542 1.761924 11.735922 3.121305 1.483591 -1.398781 0.956132 0.559549 0.0 0.0 -1e-06 
0.0 0.0 0.0 0.0 -0.0 0.0 1.690457 100.043381 5.516439 -0.72895 -7.810551 9.329636 -1.8519 -0.185932 -3.375741 -0.854977 -0.64111 -5.63096 -3.527716 -2.911809 5.639443 4.664546 0.852459 -8.044814 0.625043 2.822269 -3.817684 5.510015 -2.092192 -0.244302 7.7e-05 -2.3e-05 6e-06 0.01405 0.141081 -0.023424 0.781311 -3.526323 -10.680367 -0.754516 3.795542 -10.634729 4.930204 -8.938377 3.999424 21.327589 -64.217148 -65.074966 1.402229 -62.899071 0.090887 39.680759 5.606217 -8.831059 -5.882101 9.861281 0.702591 -10.936861 -0.360575 7.1562 1e-06 8.774819 1e-06 -15.72242 17.745075 5.877143 -1.844031 2.498502 -2.507276 -10.16359 4.678941 4.621106 -20.976006 -6e-06 3e-06 -21.226269 2.451697 -3.593996 1e-06 -5e-06 -1e-06 -1.36268 2.240796 -0.746323 -21.3349 0.584908 3.008322 -13.821205 -4e-06 4e-06 -23.887154 -0.249079 -0.839481 -59.351223 2.425374 -1.089498 -0.294024 1.679687 0.833255 -14.218198 0.093215 1.30058 -34.212021 -0.287566 0.967172 -20.033195 0.964536 1.212844 0.0 -1e-06 1e-06 -3.440386 0.788233 0.501656 -15.928172 -3.167309 2.999705 -6.33882 -0.0 1e-06 -18.12343 3.648181 -4.905666 -5e-06 -0.0 -2e-06 -14.79343 9.623743 -1.250772 -26.900637 43.090096 -76.421181 0.887 46.095882 -3.052979 -7.484918 26.970909 21.240007 2.243544 -5.255033 -3.180157 14.282887 -0.826597 6.952501 1e-06 -12.690598 0.0 15.539427 -16.016945 2.459569 1.665665 -1.955921 -2.878298 4.727797 -4.170586 4.993923 11.020522 2e-06 -1e-06 12.10905 -3.735715 -2.866783 1e-06 -1e-06 0.0 1.291985 -1.928548 -1.498088 14.800125 0.567465 3.865606 14.242567 -1.341737 -6.660655 19.631958 0.143924 -0.648245 47.768528 -0.990852 -6.16063 0.353028 -1.51115 -0.031941 20.222786 3.684307 2.316628 18.78727 5e-06 -2e-06 10.751627 -0.479869 1.397905 0.0 1e-06 -0.0 3.273807 0.305946 -0.580111 21.486803 11.830365 2.26613 8.162924 1e-06 -2e-06 18.399075 -3.798983 -4.940574 3e-06 -0.0 -1e-06 1.254926 26.146946 -3.086686 0.018036 -0.209695 1.948403 -6.71791 8.478363 -7.341172 1.623532 -1.845765 1.022527 0.0 0.0 2e-06 -7.114118 -18.24324 -8.025871 -0.042231 0.152964 1.78224 11.786213 3.100685 1.477642 -1.397991 0.951853 0.53498 0.0 0.0 -1e-06 
0.0 0.0 0.0 0.0 -0.0 0.0 1.726081 100.047432 5.531454 -0.682539 -7.780673 9.277592 -1.84675 -0.158352 -3.409412 -0.839851 -0.62066 -5.656081 -3.497821 -2.891753 5.703104 4.783213 0.832139 -8.226576 0.618051 2.749987 -3.822545 5.578234 -2.231962 -0.438831 7.7e-05 -2.3e-05 6e-06 0.015604 0.15572 -0.021427 0.784908 -3.511483 -10.673332 -0.754924 3.81022 -10.627844 4.789011 -8.920326 4.113592 20.945173 -64.289497 -64.709991 1.55088 -62.930099 0.095009 39.67918 5.531106 -8.797962 -5.882107 9.861288 0.70259 -10.936872 -0.360574 7.156205 -2e-06 8.774826 -2e-06 -15.700906 17.737858 5.893125 -1.844032 2.498507 -2.507276 -10.163599 4.678944 4.621108 -20.976021 0.0 4e-06 -21.226286 2.4517 -3.593999 -0.0 -5e-06 -1e-06 -1.362682 2.240799 -0.746323 -21.334911 0.584913 3.008323 -13.821213 0.0 3e-06 -23.887167 -0.249075 -0.839483 -59.332333 2.420025 -1.07511 -0.294025 1.679687 0.833256 -14.218207 0.093217 1.300581 -34.212048 -0.287557 0.967172 -20.033211 0.964539 1.212841 -1e-06 1e-06 1e-06 -3.440388 0.788233 0.501656 -15.928185 -3.167308 2.999708 -6.338826 0.0 2e-06 -18.123447 3.648189 -4.905671 -5e-06 -0.0 -2e-06 -14.687063 9.666961 -1.272841 -26.838394 43.449848 -76.636513 0.982677 46.046894 -2.85802 -7.497413 26.850672 21.77562 2.243542 -5.255037 -3.180159 14.282896 -0.826593 6.952505 -3e-06 -12.690607 -0.0 15.534183 -15.97081 2.420506 1.665669 -1.95592 -2.878301 4.727801 -4.170587 4.993925 11.020534 5e-06 -2e-06 12.109056 -3.735713 -2.866786 -0.0 -0.0 0.0 1.291986 -1.928551 -1.49809 14.800136 0.567472 3.865608 14.242579 -1.341732 -6.660662 19.631975 0.143929 -0.648246 47.726963 -0.972959 -6.192712 0.353028 -1.511151 -0.03194 20.222803 3.684313 2.316629 18.787285 9e-06 -2e-06 10.751634 -0.479866 1.397906 0.0 1e-06 -1e-06 3.273808 0.305947 -0.580111 21.486824 11.830379 2.266132 8.16293 4e-06 -3e-06 18.399084 -3.798982 -4.940577 2e-06 -0.0 -2e-06 1.206449 26.130461 -2.97424 0.017526 -0.209368 1.832324 -6.659762 8.452998 -7.299652 1.625155 -1.848044 1.026749 0.0 1e-06 2e-06 -7.222703 -18.237358 -7.963533 -0.039892 0.161266 1.806243 11.837652 3.079394 1.495858 -1.39588 0.951633 0.51276 -0.0 0.0 -1e-06 
0.0 0.0 0.0 0.0 -0.0 0.0 1.750663 100.052773 5.552045 -0.645562 -7.753851 9.186118 -1.835584 -0.149941 -3.424527 -0.825857 -0.592591 -5.680557 -3.455293 -2.871238 5.77486 4.968698 0.805645 -8.426555 0.605011 2.713459 -3.822253 5.653053 -2.33024 -0.664156 7.7e-05 -2.2e-05 6e-06 0.018149 0.166954 -0.025204 0.789221 -3.501624 -10.679844 -0.753892 3.822673 -10.634431 4.639571 -8.890458 4.206348 20.353378 -64.344727 -64.271355 1.54643 -63.017445 0.106783 39.686504 5.415303 -8.750564 -5.882108 9.861287 0.70259 -10.936876 -0.360575 7.156208 0.0 8.774828 -2e-06 -15.717381 17.754854 5.911296 -1.844033 2.498505 -2.507278 -10.163603 4.678945 4.621109 -20.97603 -4e-06 4e-06 -21.226295 2.451696 -3.593999 1e-06 -5e-06 -0.0 -1.362682 2.240798 -0.746324 -21.334921 0.584908 3.008324 -13.821218 -2e-06 4e-06 -23.887178 -0.24908 -0.839481 -59.371086 2.410665 -1.080811 -0.294025 1.679687 0.833256 -14.218215 0.093215 1.300581 -34.212063 -0.287565 0.967172 -20.033218 0.964536 1.212844 -1e-06 -0.0 1e-06 -3.440389 0.788233 0.501655 -15.928192 -3.167312 2.999708 -6.338829 -1e-06 2e-06 -18.123451 3.648182 -4.90567 -5e-06 -0.0 -2e-06 -14.573088 9.727026 -1.284361 -26.783434 43.855206 -76.883667 1.07298 46.017048 -2.692048 -7.544314 26.704029 22.20142 2.243541 -5.255038 -3.180158 14.282894 -0.826595 6.952506 -2e-06 -12.690609 0.0 15.539611 -15.919438 2.380486 1.665666 -1.955922 -2.878299 4.727801 -4.170589 4.993925 11.020528 2e-06 -0.0 12.109057 -3.735717 -2.866786 -0.0 -0.0 1e-06 1.291984 -1.928551 -1.498089 14.800134 0.56747 3.865609 14.242576 -1.341736 -6.660659 19.631969 0.143925 -0.648244 47.739548 -0.951439 -6.222807 0.353028 -1.511152 -0.03194 20.222799 3.684312 2.316633 18.787279 4e-06 -0.0 10.751633 -0.479868 1.397907 0.0 -0.0 -1e-06 3.273808 0.305949 -0.58011 21.48682 11.830381 2.266135 8.16293 2e-06 0.0 18.399088 -3.798987 -4.940577 3e-06 1e-06 -1e-06 1.193421 26.089954 -2.873475 0.018209 -0.204904 1.846424 -6.620979 8.416356 -7.323178 1.629317 -1.84145 1.045885 0.0 0.0 2e-06 -7.327471 -18.237833 -7.853894 -0.034835 0.173366 1.833162 11.880197 3.069727 1.5168 -1.394268 0.955586 0.518304 -0.0 0.0 -1e-06 
0.0 0.0 0.0 0.0 -0.0 0.0 1.775761 100.049606 5.584701 -0.620003 -7.752872 9.083694 -1.81856 -0.158565 -3.443066 -0.814133 -0.569986 -5.697293 -3.400979 -2.836374 5.843033 5.189369 0.7716 -8.643992 0.604056 2.722221 -3.820331 5.716076 -2.385125 -0.876328 7.7e-05 -2.2e-05 6e-06 0.021219 0.178477 -0.032249 0.79325 -3.492615 -10.69523 -0.751493 3.836183 -10.648016 4.49758 -8.842055 4.260621 19.598873 -64.400925 -63.746307 1.534606 -63.100437 0.04553 39.644947 5.248409 -8.630327 -5.88211 9.861291 0.70259 -10.936877 -0.360575 7.156209 -1e-06 8.77483 -3e-06 -15.738088 17.780697 5.927465 -1.844033 2.498506 -2.507279 -10.163604 4.678947 4.62111 -20.976034 -2e-06 3e-06 -21.226295 2.451698 -3.594002 1e-06 -5e-06 -1e-06 -1.362682 2.240799 -0.746324 -21.334925 0.584912 3.008326 -13.821219 -2e-06 3e-06 -23.88718 -0.249077 -0.839483 -59.413719 2.405292 -1.090729 -0.294025 1.679687 0.833256 -14.218215 0.093216 1.300581 -34.212067 -0.287564 0.96717 -20.033226 0.964538 1.212843 -1e-06 -0.0 -0.0 -3.44039 0.788234 0.501656 -15.928194 -3.16731 2.99971 -6.338829 -1e-06 1e-06 -18.123457 3.648186 -4.905673 -5e-06 -1e-06 -2e-06 -14.453517 9.813817 -1.276484 -26.783306 44.246174 -77.101967 1.135754 46.035271 -2.589622 -7.615147 26.488869 22.467775 2.243542 -5.255041 -3.180161 14.282896 -0.826591 6.952507 -4e-06 -12.69061 -1e-06 15.564063 -15.898495 2.360183 1.665667 -1.955922 -2.878301 4.727801 -4.170589 4.993927 11.020535 5e-06 -2e-06 12.10906 -3.735715 -2.866787 -0.0 -1e-06 1e-06 1.291985 -1.928551 -1.49809 14.800138 0.567471 3.86561 14.242581 -1.341734 -6.660662 19.631975 0.143928 -0.648244 47.804558 -0.937316 -6.253096 0.35303 -1.511151 -0.03194 20.222807 3.684316 2.316633 18.787287 7e-06 0.0 10.751635 -0.479866 1.397908 0.0 1e-06 -1e-06 3.273808 0.305947 -0.580111 21.486828 11.830385 2.266134 8.162931 4e-06 -1e-06 18.399096 -3.798983 -4.940577 3e-06 1e-06 -1e-06 1.201805 26.074167 -2.749957 0.017726 -0.202183 1.8731 -6.605828 8.395686 -7.251656 1.634902 -1.837758 1.07972 -0.0 0.0 2e-06 -7.415195 -18.242014 -7.731647 -0.028061 0.176681 1.859829 11.916142 3.109282 1.501662 -1.393123 0.953838 0.535829 -0.0 0.0 -1e-06 
0.0 0.0 0.0 0.0 -0.0 0.0 1.803912 100.039185 5.628414 -0.599867 -7.771966 8.97816 -1.80034 -0.175152 -3.462771 -0.805978 -0.551754 -5.701603 -3.336561 -2.80043 5.900621 5.40278 0.72441 -8.86779 0.612784 2.759376 -3.821643 5.793934 -2.38503 -1.063385 7.7e-05 -2.3e-05 6e-06 0.022119 0.181165 -0.037635 0.79421 -3.492072 -10.709704 -0.750372 3.840525 -10.657673 4.395691 -8.809892 4.254159 18.673231 -64.438675 -63.13295 1.496274 -63.164566 0.025256 39.574429 5.071544 -8.576604 -5.88211 9.861294 0.70259 -10.936877 -0.360574 7.156208 -3e-06 8.77483 -2e-06 -15.754813 17.795425 5.921209 -1.844033 2.498506 -2.507277 -10.163606 4.67895 4.621109 -20.976034 2e-06 2e-06 -21.226299 2.451704 -3.594005 1e-06 -5e-06 -1e-06 -1.362682 2.2408 -0.746324 -21.334925 0.584915 3.008324 -13.821221 3e-06 2e-06 -23.887178 -0.249075 -0.839487 -59.42675 2.409021 -1.118332 -0.294025 1.679689 0.833256 -14.218215 0.093219 1.300581 -34.212067 -0.287559 0.967167 -20.033222 0.964539 1.21284 -1e-06 -0.0 0.0 -3.44039 0.788235 0.501656 -15.928191 -3.167308 2.999709 -6.338828 1e-06 0.0 -18.123453 3.648188 -4.905675 -5e-06 -0.0 -2e-06 -14.349454 9.913971 -1.244913 -26.84951 44.597321 -77.30957 1.134184 46.067822 -2.547405 -7.705605 26.248022 22.492104 2.243545 -5.255039 -3.180161 14.282896 -0.826593 6.952504 -3e-06 -12.690607 0.0 15.592916 -15.894962 2.359909 1.665667 -1.955922 -2.8783 4.727799 -4.170588 4.993926 11.020534 4e-06 -4e-06 12.109059 -3.735715 -2.866787 -0.0 1e-06 1e-06 1.291987 -1.92855 -1.49809 14.800138 0.567471 3.865607 14.242579 -1.341735 -6.660663 19.631975 0.14393 -0.648246 47.876015 -0.924911 -6.270655 0.353029 -1.511151 -0.031939 20.222803 3.684313 2.316628 18.787283 8e-06 -2e-06 10.751634 -0.479867 1.397907 -1e-06 1e-06 0.0 3.273807 0.305948 -0.580112 21.486828 11.830383 2.266131 8.16293 3e-06 -3e-06 18.39909 -3.798982 -4.940579 3e-06 -0.0 -1e-06 1.22372 26.090956 -2.61618 0.01763 -0.19854 1.912892 -6.628484 8.36601 -7.291385 1.639216 -1.838589 1.110718 0.0 0.0 2e-06 -7.498742 -18.258392 -7.601493 -0.021607 0.17898 1.87341 11.955786 3.173453 1.470488 -1.393057 0.948272 0.56108 -0.0 0.0 -1e-06 
0.0 0.0 0.0 0.0 -0.0 0.0 1.831757 100.021553 5.675219 -0.581144 -7.786167 8.875389 -1.776022 -0.188832 -3.479614 -0.804642 -0.52005 -5.699836 -3.273744 -2.790613 5.955242 5.588741 0.675601 -9.079946 0.629492 2.818386 -3.827767 5.853974 -2.382231 -1.241563 7.7e-05 -2.3e-05 6e-06 0.021053 0.176343 -0.041483 0.79351 -3.499577 -10.729997 -0.751587 3.83772 -10.673414 4.313766 -8.787137 4.221007 17.766821 -64.465981 -62.612782 1.333905 -63.209862 0.15256 39.481678 4.903231 -8.699271 -5.882115 9.861299 0.702591 -10.93689 -0.360576 7.156217 -0.0 8.774837 -3e-06 -15.783497 17.803141 5.89675 -1.844035 2.498508 -2.50728 -10.163618 4.678951 4.621115 -20.976057 -2e-06 9e-06 -21.226322 2.451703 -3.594002 1e-06 -6e-06 -1e-06 -1.362683 2.240802 -0.746324 -21.334948 0.584909 3.008332 -13.821238 -2e-06 5e-06 -23.887211 -0.249075 -0.839479 -59.422939 2.419939 -1.155722 -0.294025 1.679691 0.833256 -14.218232 0.093214 1.300586 -34.212105 -0.287561 0.967179 -20.033247 0.96454 1.212849 -1e-06 -0.0 0.0 -3.440394 0.788234 0.501657 -15.928213 -3.167315 2.999715 -6.338837 -1e-06 3e-06 -18.123474 3.648188 -4.905674 -5e-06 -0.0 -2e-06 -14.266745 10.007704 -1.209438 -26.938158 44.900822 -77.554398 1.123748 46.117268 -2.520637 -7.764858 26.040682 22.536493 2.243543 -5.255045 -3.180163 14.282909 -0.82659 6.952512 -3e-06 -12.69062 -5e-06 15.615558 -15.905165 2.352933 1.665668 -1.955925 -2.878303 4.727804 -4.17059 4.993929 11.020544 6e-06 -1e-06 12.109066 -3.735717 -2.866789 -1e-06 1e-06 1e-06 1.291988 -1.928552 -1.498092 14.800151 0.567474 3.865614 14.242591 -1.341735 -6.660667 19.631998 0.143929 -0.648242 47.877533 -0.917859 -6.280775 0.353029 -1.511154 -0.031941 20.222818 3.684319 2.316634 18.7873 8e-06 1e-06 10.751645 -0.479865 1.39791 0.0 1e-06 0.0 3.273811 0.305949 -0.580111 21.486849 11.830395 2.266143 8.162938 4e-06 -0.0 18.399105 -3.798986 -4.94058 3e-06 1e-06 -1e-06 1.250541 26.129686 -2.496573 0.021258 -0.19603 1.972263 -6.662913 8.31967 -7.43307 1.639606 -1.841029 1.150885 -0.0 0.0 2e-06 -7.576513 -18.293629 -7.472305 -0.018595 0.190975 1.881412 12.000035 3.234453 1.412426 -1.393975 0.948875 0.573393 -0.0 0.0 -1e-06 
0.0 0.0 0.0 0.0 -0.0 0.0 1.851748 99.997833 5.709962 -0.558277 -7.79427 8.771583 -1.750191 -0.200664 -3.475147 -0.805079 -0.491215 -5.69769 -3.225745 -2.799921 5.993042 5.733016 0.650063 -9.239728 0.648855 2.847988 -3.836483 5.876981 -2.38081 -1.435638 7.7e-05 -2.3e-05 6e-06 0.019725 0.16609 -0.043701 0.79049 -3.512811 -10.746043 -0.751134 3.829638 -10.687967 4.259407 -8.785557 4.19042 16.932362 -64.445183 -62.19043 1.127395 -63.264786 0.277669 39.40728 4.749008 -8.822494 -5.88211 9.861293 0.70259 -10.936878 -0.360575 7.156212 -1e-06 8.774831 -3e-06 -15.821876 17.809507 5.859672 -1.844033 2.498508 -2.507279 -10.163608 4.678947 4.621112 -20.976038 -2e-06 4e-06 -21.226301 2.451702 -3.594004 -0.0 -6e-06 -1e-06 -1.362682 2.240799 -0.746324 -21.334929 0.584911 3.008329 -13.821223 -1e-06 4e-06 -23.887188 -0.249075 -0.839482 -59.443008 2.421469 -1.189085 -0.294025 1.679688 0.833255 -14.218219 0.093215 1.300583 -34.21207 -0.28756 0.967174 -20.033226 0.96454 1.212844 -1e-06 1e-06 0.0 -3.440391 0.788233 0.501656 -15.928201 -3.167309 2.999711 -6.33883 -1e-06 2e-06 -18.123459 3.648187 -4.905674 -5e-06 -0.0 -2e-06 -14.203301 10.099872 -1.194195 -27.030573 45.155174 -77.819138 1.12244 46.174736 -2.472548 -7.798252 25.892641 22.613714 2.243543 -5.255037 -3.18016 14.282898 -0.826592 6.952505 -3e-06 -12.690609 -2e-06 15.651621 -15.928535 2.335586 1.665666 -1.955922 -2.8783 4.727799 -4.170588 4.993925 11.020531 3e-06 -1e-06 12.109058 -3.735716 -2.866785 -1e-06 -1e-06 0.0 1.291987 -1.92855 -1.49809 14.800138 0.56747 3.865608 14.242577 -1.341734 -6.660661 19.631975 0.143929 -0.648245 47.849983 -0.919729 -6.288364 0.353029 -1.511151 -0.03194 20.222801 3.684313 2.31663 18.787279 7e-06 -0.0 10.751631 -0.479866 1.397908 0.0 1e-06 0.0 3.273808 0.305948 -0.58011 21.486822 11.830381 2.266135 8.16293 3e-06 -2e-06 18.399088 -3.798984 -4.940577 3e-06 1e-06 -1e-06 1.275369 26.158041 -2.392929 0.026195 -0.195772 2.056099 -6.681552 8.292971 -7.479866 1.637608 -1.837307 1.188352 -0.0 0.0 2e-06 -7.651401 -18.32428 -7.348864 -0.016203 0.206232 1.89527 12.046506 3.293641 1.315261 -1.39582 0.95202 0.597304 0.0 0.0 -1e-06 
0.0 0.0 0.0 0.0 -0.0 0.0 1.852963 99.97699 5.732188 -0.530855 -7.822443 8.668931 -1.731889 -0.210485 -3.454018 -0.809644 -0.471463 -5.69435 -3.187721 -2.809745 6.015965 5.823854 0.644885 -9.343262 0.667176 2.843516 -3.839891 5.881427 -2.384775 -1.630176 7.7e-05 -2.3e-05 5e-06 0.018086 0.150549 -0.042132 0.784762 -3.531242 -10.756992 -0.748665 3.816152 -10.698686 4.211483 -8.795996 4.182264 16.282091 -64.354584 -61.868351 0.943001 -63.341667 0.361145 39.411625 4.645944 -8.862414 -5.882108 9.861286 0.702591 -10.936875 -0.360577 7.156209 1e-06 8.774824 -2e-06 -15.867575 17.807016 5.816004 -1.844033 2.498504 -2.507277 -10.163603 4.678943 4.62111 -20.97603 -2e-06 4e-06 -21.226292 2.451696 -3.593999 -0.0 -5e-06 -0.0 -1.362682 2.240798 -0.746324 -21.334921 0.584909 3.008325 -13.821219 -2e-06 4e-06 -23.88718 -0.249079 -0.839481 -59.497921 2.416872 -1.219799 -0.294024 1.679687 0.833256 -14.218215 0.093213 1.300582 -34.212067 -0.287561 0.967173 -20.033222 0.964539 1.212845 -1e-06 1e-06 0.0 -3.44039 0.788233 0.501656 -15.928191 -3.16731 2.99971 -6.338829 -1e-06 2e-06 -18.123453 3.648181 -4.905671 -5e-06 -0.0 -2e-06 -14.156631 10.169206 -1.211357 -27.119078 45.366474 -78.009949 1.079262 46.192501 -2.465657 -7.850007 25.82979 22.646379 2.24354 -5.255037 -3.180157 14.282894 -0.826594 6.952507 -1e-06 -12.690607 -2e-06 15.69427 -15.954774 2.318181 1.665666 -1.955922 -2.8783 4.7278 -4.170587 4.993925 11.020526 2e-06 0.0 12.109055 -3.735716 -2.866784 -1e-06 -1e-06 0.0 1.291986 -1.92855 -1.49809 14.800129 0.567467 3.865611 14.242572 -1.341738 -6.660658 19.631968 0.143924 -0.648243 47.813839 -0.92825 -6.292721 0.353029 -1.511152 -0.031941 20.222794 3.684309 2.316634 18.787275 2e-06 3e-06 10.751629 -0.47987 1.397907 0.0 1e-06 0.0 3.273806 0.305947 -0.58011 21.486818 11.830376 2.266139 8.162929 1e-06 -0.0 18.399086 -3.798988 -4.940576 3e-06 -0.0 -1e-06 1.298694 26.193235 -2.292839 0.03177 -0.194033 2.138153 -6.69374 8.275221 -7.524059 1.634882 -1.832486 1.207784 0.0 1e-06 2e-06 -7.723242 -18.329786 -7.239155 -0.015037 0.223763 1.913983 12.078156 3.340088 1.216219 -1.397886 0.957546 0.626812 0.0 0.0 -1e-06 
0.0 0.0 0.0 0.0 -0.0 0.0 1.836555 99.966469 5.74682 -0.507872 -7.874737 8.571378 -1.715398 -0.207452 -3.427124 -0.818608 -0.469643 -5.686264 -3.159818 -2.821435 6.028545 5.874398 0.665927 -9.393474 0.669753 2.816885 -3.840312 5.875859 -2.400659 -1.803317 7.7e-05 -2.3e-05 5e-06 0.01696 0.135521 -0.038256 0.777234 -3.54809 -10.758907 -0.743425 3.802763 -10.700612 4.151026 -8.835832 4.197954 15.803349 -64.184593 -61.620972 0.786885 -63.430336 0.401253 39.443733 4.550706 -8.775434 -5.882108 9.861288 0.702592 -10.936873 -0.360575 7.156206 -1e-06 8.774829 -1e-06 -15.908982 17.803619 5.779039 -1.844033 2.498505 -2.507277 -10.163603 4.678948 4.621109 -20.97603 -1e-06 4e-06 -21.226292 2.451699 -3.594 1e-06 -6e-06 -1e-06 -1.362682 2.2408 -0.746323 -21.334919 0.584912 3.008324 -13.821218 -1e-06 3e-06 -23.88718 -0.249075 -0.839482 -59.562187 2.406265 -1.241879 -0.294025 1.679687 0.833256 -14.218212 0.093216 1.300581 -34.212059 -0.28756 0.96717 -20.033216 0.964538 1.212842 -1e-06 -0.0 0.0 -3.440389 0.788234 0.501656 -15.928189 -3.167308 2.999707 -6.338828 -0.0 1e-06 -18.123447 3.648185 -4.905671 -5e-06 -0.0 -2e-06 -14.131734 10.202285 -1.209339 -27.188154 45.542854 -78.139648 0.99394 46.200806 -2.483097 -7.921432 25.825634 22.547504 2.243544 -5.255037 -3.180159 14.282896 -0.826594 6.952502 -3e-06 -12.690607 0.0 15.739939 -15.993563 2.312385 1.665668 -1.955922 -2.8783 4.727801 -4.170586 4.993924 11.020534 4e-06 -4e-06 12.109062 -3.735714 -2.866789 -1e-06 0.0 1e-06 1.291986 -1.928549 -1.49809 14.800136 0.56747 3.865605 14.242582 -1.341734 -6.660665 19.631981 0.14393 -0.648248 47.79628 -0.93961 -6.302173 0.35303 -1.511151 -0.031941 20.222803 3.684313 2.316626 18.787283 8e-06 -6e-06 10.751634 -0.479866 1.397904 0.0 -0.0 0.0 3.273808 0.305947 -0.580112 21.486828 11.830383 2.26613 8.16293 2e-06 -5e-06 18.399092 -3.798981 -4.940581 3e-06 -1e-06 -0.0 1.336144 26.241734 -2.193919 0.033601 -0.194073 2.216797 -6.705146 8.250943 -7.553893 1.633564 -1.830862 1.221578 -0.0 1e-06 2e-06 -7.781846 -18.300673 -7.139648 -0.012941 0.23155 1.923461 12.085035 3.358363 1.156175 -1.39984 0.959313 0.672445 -0.0 0.0 -1e-06 
0.0 0.0 0.0 0.0 -0.0 0.0 1.803124 99.962845 5.76283 -0.492402 -7.928721 8.48452 -1.702357 -0.192498 -3.401379 -0.823432 -0.479555 -5.670694 -3.149515 -2.837801 6.04003 5.897625 0.682212 -9.400416 0.663261 2.784324 -3.843361 5.864826 -2.379849 -1.953432 7.7e-05 -2.3e-05 6e-06 0.01548 0.119799 -0.033613 0.769102 -3.564401 -10.75787 -0.73833 3.787911 -10.699107 4.086263 -8.901321 4.199105 15.452662 -63.978279 -61.403046 0.686069 -63.50531 0.41735 39.468414 4.415981 -8.660747 -5.882111 9.861291 0.702591 -10.936883 -0.360576 7.156214 -1e-06 8.774831 -2e-06 -15.93465 17.803547 5.761912 -1.844034 2.498508 -2.507278 -10.16361 4.678946 4.621113 -20.97604 -3e-06 7e-06 -21.226301 2.451699 -3.593999 1e-06 -5e-06 -1e-06 -1.362682 2.2408 -0.746323 -21.33493 0.58491 3.008328 -13.821225 -2e-06 5e-06 -23.887192 -0.249076 -0.839481 -59.630783 2.394693 -1.238939 -0.294025 1.679688 0.833256 -14.218222 0.093214 1.300583 -34.212082 -0.287559 0.967177 -20.033232 0.964541 1.212848 -1e-06 -0.0 -1e-06 -3.440392 0.788235 0.501656 -15.928201 -3.167312 2.999712 -6.338831 -2e-06 3e-06 -18.123463 3.648185 -4.905673 -5e-06 -0.0 -2e-06 -14.114267 10.183002 -1.178797 -27.250956 45.697536 -78.215424 0.86286 46.182804 -2.541592 -7.982395 25.860247 22.382877 2.243541 -5.25504 -3.180161 14.282898 -0.826591 6.952507 -5e-06 -12.690615 -3e-06 15.781159 -16.03484 2.30688 1.665668 -1.955922 -2.878302 4.7278 -4.170589 4.993927 11.020531 6e-06 -0.0 12.109058 -3.735716 -2.866786 -1e-06 -0.0 0.0 1.291986 -1.928551 -1.49809 14.800138 0.567472 3.865611 14.242579 -1.341734 -6.660661 19.631979 0.14393 -0.648241 47.811165 -0.953199 -6.324299 0.353027 -1.511152 -0.03194 20.222803 3.684319 2.316634 18.787287 8e-06 3e-06 10.751634 -0.479866 1.397909 0.0 1e-06 -0.0 3.27381 0.305947 -0.580111 21.486832 11.830389 2.26614 8.16293 5e-06 -1e-06 18.399088 -3.798982 -4.940577 3e-06 -0.0 -1e-06 1.383221 26.273067 -2.081152 0.034668 -0.193698 2.257386 -6.725316 8.228474 -7.553711 1.63531 -1.830052 1.222651 -0.0 0.0 2e-06 -7.819092 -18.241827 -7.051418 -0.013592 0.228939 1.936331 12.056047 3.345236 1.107848 -1.403078 0.955809 0.713437 -0.0 0.0 -1e-06 
0.0 0.0 0.0 0.0 -0.0 0.0 1.761711 99.961861 5.795689 -0.489481 -7.975127 8.416946 -1.693325 -0.169263 -3.382448 -0.821334 -0.498043 -5.658892 -3.145693 -2.852485 6.057269 5.891817 0.702477 -9.36125 0.648773 2.738919 -3.844031 5.829761 -2.32147 -2.082809 7.7e-05 -2.3e-05 6e-06 0.013409 0.100093 -0.029753 0.763002 -3.58397 -10.756153 -0.736501 3.76861 -10.697427 4.059372 -8.987512 4.182737 15.157952 -63.772583 -61.181965 0.731562 -63.571159 0.376083 39.445641 4.331106 -8.554029 -5.882104 9.861283 0.702589 -10.936868 -0.360575 7.156203 -0.0 8.774822 -1e-06 -15.949547 17.800682 5.747402 -1.844032 2.498504 -2.507277 -10.163597 4.678943 4.621106 -20.976021 -3e-06 3e-06 -21.226276 2.451697 -3.593997 1e-06 -5e-06 -1e-06 -1.362681 2.240796 -0.746323 -21.334911 0.584909 3.008322 -13.821213 -4e-06 2e-06 -23.887165 -0.249077 -0.839482 -59.694023 2.386675 -1.222885 -0.294025 1.679687 0.833256 -14.218206 0.093215 1.30058 -34.212048 -0.287564 0.967171 -20.033209 0.964537 1.212844 -0.0 -0.0 -1e-06 -3.440388 0.788233 0.501655 -15.928183 -3.16731 2.999707 -6.338824 -1e-06 1e-06 -18.123444 3.648182 -4.905669 -5e-06 -0.0 -2e-06 -14.10899 10.146846 -1.132566 -27.307035 45.788704 -78.206055 0.721326 46.123539 -2.615335 -8.057896 25.911968 22.204185 2.243542 -5.255037 -3.180159 14.282893 -0.826596 6.952503 -1e-06 -12.690607 -0.0 15.803308 -16.06554 2.311643 1.665667 -1.955921 -2.878299 4.727799 -4.170588 4.993924 11.020529 4e-06 -1e-06 12.109056 -3.735716 -2.866785 -1e-06 0.0 1e-06 1.291986 -1.92855 -1.49809 14.800132 0.567467 3.865607 14.242574 -1.341736 -6.660658 19.631969 0.143926 -0.648245 47.849876 -0.96399 -6.336452 0.35303 -1.51115 -0.031941 20.222797 3.684308 2.316631 18.787279 5e-06 -1e-06 10.751631 -0.479869 1.397907 -1e-06 1e-06 -0.0 3.273807 0.305948 -0.580111 21.486816 11.830373 2.266132 8.16293 1e-06 -3e-06 18.399088 -3.798985 -4.940578 3e-06 -0.0 -1e-06 1.438778 26.294468 -1.984907 0.034567 -0.191939 2.29053 -6.762264 8.207305 -7.555742 1.638719 -1.831365 1.212707 -0.0 1e-06 2e-06 -7.830284 -18.157074 -6.981151 -0.015191 0.222648 1.956089 12.003625 3.29208 1.055745 -1.406119 0.948696 0.744634 -0.0 0.0 -1e-06 
0.0 0.0 0.0 0.0 -0.0 0.0 1.722759 99.965546 5.844295 -0.501217 -8.021991 8.379893 -1.686918 -0.15295 -3.3837 -0.818236 -0.525857 -5.651258 -3.136418 -2.862303 6.073208 5.855441 0.705009 -9.296269 0.657671 2.725707 -3.840967 5.760434 -2.230862 -2.18729 7.7e-05 -2.3e-05 6e-06 0.012939 0.092244 -0.028516 0.760038 -3.59194 -10.753853 -0.734605 3.761654 -10.69643 4.066803 -9.063938 4.142581 14.907009 -63.589046 -60.985184 0.803586 -63.629826 0.339446 39.418243 4.288722 -8.449989 -5.882107 9.861286 0.702591 -10.936875 -0.360577 7.156208 -0.0 8.774828 -1e-06 -15.96894 17.804993 5.735848 -1.844033 2.498505 -2.507278 -10.163604 4.678946 4.621109 -20.976028 -2e-06 5e-06 -21.22629 2.451698 -3.593999 -0.0 -5e-06 -1e-06 -1.362682 2.240799 -0.746323 -21.334921 0.584909 3.008328 -13.821218 -2e-06 4e-06 -23.887175 -0.249077 -0.83948 -59.743816 2.385059 -1.210589 -0.294025 1.679688 0.833256 -14.218214 0.093214 1.300582 -34.212063 -0.287563 0.967175 -20.033218 0.964539 1.212845 -0.0 -0.0 -0.0 -3.440389 0.788233 0.501656 -15.928192 -3.167311 2.99971 -6.338829 -0.0 2e-06 -18.123453 3.648185 -4.90567 -5e-06 1e-06 -2e-06 -14.084647 10.132313 -1.113954 -27.371347 45.830429 -78.136009 0.623596 46.034355 -2.674198 -8.089471 25.989153 22.079344 2.243542 -5.25504 -3.180161 14.282903 -0.826592 6.95251 -4e-06 -12.690612 -1e-06 15.824657 -16.091242 2.328281 1.665668 -1.955922 -2.878302 4.727801 -4.170588 4.993928 11.020535 5e-06 1e-06 12.109059 -3.735717 -2.866785 -1e-06 -1e-06 1e-06 1.291984 -1.928551 -1.49809 14.800142 0.567473 3.865612 14.242582 -1.341736 -6.660661 19.631983 0.143926 -0.648242 47.930637 -0.974641 -6.347738 0.35303 -1.511152 -0.03194 20.222811 3.684316 2.316636 18.787289 5e-06 2e-06 10.751635 -0.479866 1.397909 0.0 1e-06 0.0 3.273807 0.305949 -0.58011 21.486832 11.830385 2.266139 8.162935 2e-06 -0.0 18.399097 -3.798988 -4.940576 3e-06 -0.0 -0.0 1.493737 26.314222 -1.91961 0.033115 -0.192331 2.316539 -6.797175 8.206395 -7.559632 1.642429 -1.836774 1.200044 -0.0 1e-06 2e-06 -7.814064 -18.060123 -6.932734 -0.018958 0.209716 1.962775 11.951705 3.212495 1.028987 -1.408278 0.940032 0.752309 -0.0 0.0 -1e-06 
0.0 0.0 0.0 0.0 -0.0 0.0 1.693597 99.967415 5.903206 -0.523364 -8.07929 8.367236 -1.680488 -0.139273 -3.402938 -0.813728 -0.54816 -5.646793 -3.128847 -2.8647 6.075844 5.781103 0.707552 -9.208204 0.659433 2.714788 -3.845183 5.69118 -2.141101 -2.238635 7.7e-05 -2.3e-05 6e-06 0.013396 0.093069 -0.029315 0.761545 -3.591166 -10.749603 -0.735315 3.763349 -10.692581 4.077959 -9.131636 4.090271 14.762764 -63.435375 -60.789818 0.902982 -63.654427 0.269904 39.476158 4.255985 -8.423847 -5.882108 9.861286 0.70259 -10.936874 -0.360571 7.156206 -2e-06 8.774826 -1e-06 -15.975504 17.802525 5.737559 -1.844032 2.498504 -2.507278 -10.163601 4.678947 4.621109 -20.976027 -1e-06 4e-06 -21.226294 2.451701 -3.594002 1e-06 -5e-06 -0.0 -1.362682 2.240799 -0.746323 -21.334913 0.584914 3.008324 -13.821215 -0.0 3e-06 -23.887173 -0.249074 -0.839484 -59.757618 2.386388 -1.19971 -0.294025 1.679687 0.833256 -14.21821 0.093216 1.300581 -34.212051 -0.287557 0.96717 -20.033216 0.964539 1.212841 -0.0 -0.0 -0.0 -3.440389 0.788235 0.501656 -15.928187 -3.167308 2.999709 -6.338826 -1e-06 2e-06 -18.123449 3.648185 -4.905671 -6e-06 -0.0 -2e-06 -14.056468 10.130908 -1.126147 -27.446058 45.829048 -78.044205 0.629621 45.911076 -2.673372 -8.17508 26.128345 21.979643 2.243541 -5.255037 -3.180158 14.282889 -0.826593 6.952499 -3e-06 -12.690601 -0.0 15.855357 -16.135105 2.347337 1.665666 -1.955922 -2.878298 4.727799 -4.170584 4.993922 11.020528 3e-06 -3e-06 12.109056 -3.735714 -2.866787 -1e-06 -1e-06 1e-06 1.291984 -1.928549 -1.498089 14.800129 0.567469 3.865605 14.242574 -1.341735 -6.660661 19.631969 0.143928 -0.648247 48.066246 -0.981662 -6.358234 0.353028 -1.511151 -0.031941 20.222794 3.684311 2.316626 18.787271 7e-06 -3e-06 10.751627 -0.479866 1.397905 0.0 -0.0 0.0 3.273808 0.305947 -0.580112 21.486814 11.830376 2.26613 8.162928 4e-06 -2e-06 18.39908 -3.79898 -4.940577 3e-06 -0.0 -0.0 1.540121 26.350164 -1.874395 0.034542 -0.191158 2.339499 -6.819998 8.230032 -7.573255 1.644085 -1.841709 1.190499 -0.0 1e-06 2e-06 -7.786657 -17.99048 -6.902724 -0.020872 0.196192 1.963146 11.91783 3.163293 1.015761 -1.409342 0.930604 0.749142 -0.0 0.0 -1e-06 
0.0 0.0 0.0 0.0 -0.0 0.0 1.681489 99.965805 5.972884 -0.549361 -8.145253 8.378468 -1.680569 -0.133786 -3.437474 -0.803077 -0.547841 -5.651635 -3.132128 -2.877623 6.063663 5.671105 0.700155 -9.094543 0.650198 2.720398 -3.850851 5.65168 -2.084464 -2.213863 7.7e-05 -2.3e-05 6e-06 0.014931 0.103657 -0.02921 0.767149 -3.579926 -10.745377 -0.737945 3.773912 -10.687945 4.105069 -9.193985 4.022494 14.678987 -63.302311 -60.566635 1.001308 -63.645664 0.21604 39.620216 4.229253 -8.48214 -5.88211 9.86129 0.702591 -10.936877 -0.360572 7.156208 -0.0 8.774827 -1e-06 -15.973869 17.807905 5.749393 -1.844033 2.498506 -2.507278 -10.163604 4.678949 4.62111 -20.976032 2e-06 4e-06 -21.226295 2.451702 -3.594002 -0.0 -5e-06 -0.0 -1.362682 2.2408 -0.746324 -21.334925 0.584914 3.008325 -13.821219 0.0 2e-06 -23.887182 -0.249075 -0.839485 -59.727116 2.392202 -1.188131 -0.294025 1.679687 0.833257 -14.218216 0.093218 1.300581 -34.212067 -0.28756 0.967169 -20.033222 0.96454 1.212843 -0.0 -0.0 0.0 -3.44039 0.788234 0.501656 -15.928192 -3.167309 2.999709 -6.338829 0.0 1e-06 -18.123457 3.648186 -4.905672 -5e-06 1e-06 -2e-06 -14.053109 10.149988 -1.179026 -27.507219 45.787315 -78.017502 0.778952 45.769695 -2.586792 -8.262958 26.274961 21.896177 2.243541 -5.255038 -3.180158 14.282898 -0.826595 6.952506 -1e-06 -12.690609 1e-06 15.886335 -16.149878 2.363267 1.665668 -1.955924 -2.8783 4.727802 -4.170588 4.993925 11.020531 3e-06 -1e-06 12.109059 -3.735717 -2.866787 -1e-06 0.0 1e-06 1.291987 -1.928552 -1.49809 14.800136 0.567467 3.86561 14.242579 -1.341734 -6.66066 19.631973 0.143927 -0.648246 48.179253 -0.971077 -6.34321 0.353029 -1.51115 -0.031939 20.222801 3.684309 2.31663 18.787285 3e-06 -2e-06 10.751633 -0.47987 1.397906 0.0 1e-06 0.0 3.273808 0.305948 -0.580111 21.486826 11.830378 2.266133 8.16293 2e-06 -1e-06 18.399092 -3.798986 -4.940579 3e-06 -1e-06 -0.0 1.572178 26.391125 -1.846146 0.037316 -0.187528 2.354592 -6.83221 8.257338 -7.577581 1.644425 -1.840318 1.194857 0.0 0.0 2e-06 -7.75609 -17.97864 -6.88353 -0.019098 0.188079 1.948829 11.929639 3.153042 1.013186 -1.407176 0.91938 0.731482 -0.0 0.0 -1e-06 
0.0 0.0 0.0 0.0 -0.0 0.0 1.677929 99.959282 6.049312 -0.583451 -8.224913 8.408998 -1.684016 -0.14394 -3.486507 -0.787232 -0.538759 -5.672289 -3.140905 -2.879078 6.045651 5.560814 0.68482 -8.952499 0.637679 2.761976 -3.852275 5.612232 -2.0517 -2.168837 7.7e-05 -2.2e-05 6e-06 0.016052 0.113807 -0.025899 0.771949 -3.570821 -10.747397 -0.740493 3.785273 -10.690031 4.130909 -9.245703 3.969475 14.718978 -63.181648 -60.414043 1.088857 -63.601036 0.154037 39.769894 4.196893 -8.59827 -5.882112 9.861295 0.70259 -10.936883 -0.360574 7.156214 -0.0 8.774833 -2e-06 -15.949149 17.824268 5.777539 -1.844033 2.498506 -2.507279 -10.16361 4.678948 4.621114 -20.976044 -3e-06 7e-06 -21.226309 2.451702 -3.593999 1e-06 -5e-06 -0.0 -1.362682 2.2408 -0.746324 -21.334934 0.584912 3.008329 -13.821226 -1e-06 5e-06 -23.88719 -0.249075 -0.83948 -59.641636 2.411796 -1.162494 -0.294025 1.67969 0.833257 -14.218224 0.093215 1.300585 -34.212086 -0.28756 0.967178 -20.033234 0.964541 1.212848 -0.0 -0.0 0.0 -3.440392 0.788234 0.501657 -15.928201 -3.167311 2.999713 -6.338831 -1e-06 2e-06 -18.123459 3.648187 -4.905673 -6e-06 -0.0 -2e-06 -14.074566 10.180416 -1.251097 -27.579004 45.706192 -77.994621 0.952326 45.616375 -2.541606 -8.36932 26.431818 21.896179 2.243544 -5.25504 -3.18016 14.282896 -0.826592 6.952505 -2e-06 -12.690611 -3e-06 15.888368 -16.139587 2.392417 1.665667 -1.955922 -2.8783 4.727801 -4.170587 4.993925 11.020535 4e-06 -1e-06 12.109058 -3.735717 -2.866785 -1e-06 0.0 0.0 1.291986 -1.928552 -1.49809 14.800139 0.567472 3.865608 14.24258 -1.341735 -6.660661 19.631979 0.143929 -0.648244 48.217396 -0.961613 -6.304779 0.353029 -1.511152 -0.031941 20.222803 3.684315 2.31663 18.787287 8e-06 -1e-06 10.751634 -0.479867 1.397906 0.0 1e-06 -0.0 3.27381 0.305947 -0.580111 21.48683 11.830384 2.266137 8.162931 3e-06 -2e-06 18.399092 -3.798983 -4.940578 4e-06 -0.0 -1e-06 1.602757 26.419165 -1.821964 0.042139 -0.175526 2.361012 -6.837167 8.281901 -7.582201 1.64504 -1.830122 1.212413 0.0 0.0 2e-06 -7.719985 -17.97752 -6.874944 -0.014129 0.194231 1.930913 11.965926 3.145838 1.001111 -1.403047 0.908954 0.713863 0.0 0.0 -1e-06 
0.0 0.0 0.0 0.0 -0.0 0.0 1.671509 99.952576 6.136102 -0.624602 -8.33235 8.440841 -1.68993 -0.17114 -3.536804 -0.772288 -0.53601 -5.703162 -3.150355 -2.868694 6.027756 5.453835 0.677848 -8.796367 0.634987 2.833972 -3.84784 5.569305 -2.002824 -2.11383 7.7e-05 -2.2e-05 6e-06 0.017311 0.125855 -0.022966 0.774144 -3.562689 -10.758593 -0.7401 3.800728 -10.701339 4.138827 -9.230725 3.919531 14.830602 -63.107525 -60.355621 1.051718 -63.56411 0.162554 39.892334 4.143517 -8.615556 -5.882112 9.861292 0.70259 -10.936881 -0.360575 7.156213 -0.0 8.774831 -3e-06 -15.91463 17.864475 5.818089 -1.844033 2.498507 -2.507279 -10.163611 4.678947 4.621113 -20.976044 -0.0 7e-06 -21.226305 2.4517 -3.594 0.0 -5e-06 -1e-06 -1.362683 2.240801 -0.746325 -21.334934 0.584911 3.00833 -13.821226 -1e-06 4e-06 -23.887192 -0.249075 -0.839481 -59.538425 2.440388 -1.133252 -0.294025 1.679689 0.833256 -14.218223 0.093216 1.300584 -34.212082 -0.287559 0.967176 -20.033232 0.964541 1.212846 -0.0 -1e-06 0.0 -3.440392 0.788233 0.501656 -15.928201 -3.167312 2.999713 -6.338833 0.0 2e-06 -18.123463 3.648186 -4.905674 -5e-06 -0.0 -2e-06 -14.124284 10.222795 -1.311949 -27.626928 45.61034 -77.952766 1.069692 45.524757 -2.542372 -8.494016 26.517414 21.798405 2.243542 -5.255037 -3.180159 14.282896 -0.826593 6.952503 -4e-06 -12.690605 -1e-06 15.868968 -16.118296 2.435941 1.665666 -1.955922 -2.8783 4.7278 -4.170588 4.993925 11.020528 4e-06 -2e-06 12.109056 -3.735713 -2.866786 -1e-06 -1e-06 0.0 1.291986 -1.92855 -1.498091 14.800132 0.56747 3.865607 14.242578 -1.341733 -6.66066 19.631973 0.143929 -0.648246 48.208199 -0.962228 -6.264166 0.353028 -1.51115 -0.03194 20.222801 3.684312 2.31663 18.787279 8e-06 -1e-06 10.751633 -0.479867 1.397906 0.0 -0.0 0.0 3.273808 0.305947 -0.580111 21.48682 11.830379 2.266134 8.16293 3e-06 -1e-06 18.399084 -3.798981 -4.940576 4e-06 -1e-06 -0.0 1.640339 26.435347 -1.779826 0.048124 -0.159007 2.362068 -6.850246 8.334062 -7.602153 1.647508 -1.814872 1.226364 -0.0 0.0 2e-06 -7.678022 -17.945547 -6.864367 -0.010108 0.200112 1.91136 12.010077 3.136079 0.98859 -1.399781 0.901223 0.725772 -0.0 0.0 -1e-06 
0.0 0.0 0.0 0.0 -0.0 0.0 1.655545 99.948898 6.227482 -0.66833 -8.456847 8.461866 -1.691568 -0.206444 -3.580034 -0.76128 -0.542289 -5.736175 -3.165898 -2.842896 6.010684 5.369687 0.679166 -8.637614 0.639221 2.907736 -3.842072 5.546658 -1.913437 -2.037923 7.7e-05 -2.3e-05 6e-06 0.017693 0.130704 -0.023396 0.772556 -3.562706 -10.772254 -0.737623 3.809803 -10.713237 4.124463 -9.187364 3.882349 14.993584 -63.060486 -60.359333 0.929651 -63.545574 0.214627 39.981262 4.085042 -8.542684 -5.882114 9.8613 0.702591 -10.936881 -0.360573 7.156211 -3e-06 8.774837 -2e-06 -15.892412 17.91655 5.841943 -1.844034 2.498509 -2.507278 -10.163611 4.678952 4.621111 -20.976042 2e-06 4e-06 -21.226305 2.451709 -3.594007 1e-06 -5e-06 -1e-06 -1.362683 2.240801 -0.746324 -21.334934 0.584916 3.008326 -13.821227 2e-06 2e-06 -23.887192 -0.249072 -0.839486 -59.473751 2.472292 -1.131109 -0.294025 1.67969 0.833257 -14.218223 0.093218 1.300582 -34.212082 -0.287555 0.967169 -20.033232 0.964542 1.212841 -0.0 -0.0 0.0 -3.440392 0.788236 0.501656 -15.928201 -3.167309 2.99971 -6.338832 1e-06 0.0 -18.123466 3.648192 -4.905678 -6e-06 -1e-06 -2e-06 -14.181571 10.238862 -1.331598 -27.685768 45.524437 -77.934525 1.105617 45.481319 -2.57542 -8.624582 26.565323 21.489063 2.243546 -5.255042 -3.180162 14.2829 -0.826594 6.952506 -0.0 -12.690609 -2e-06 15.833789 -16.116035 2.499731 1.665669 -1.955921 -2.878303 4.727803 -4.170591 4.993926 11.020536 3e-06 -4e-06 12.109063 -3.735717 -2.86679 -1e-06 0.0 1e-06 1.291987 -1.92855 -1.498091 14.800142 0.567468 3.865606 14.242585 -1.341737 -6.660666 19.631985 0.143926 -0.64825 48.178558 -0.970577 -6.22889 0.35303 -1.511151 -0.031941 20.222805 3.684312 2.316627 18.787292 6e-06 -5e-06 10.751637 -0.479867 1.397905 1e-06 1e-06 0.0 3.27381 0.305945 -0.580111 21.486834 11.83038 2.26613 8.162932 4e-06 -4e-06 18.399099 -3.798982 -4.940586 4e-06 -1e-06 -1e-06 1.689328 26.454466 -1.704034 0.051455 -0.145547 2.352191 -6.865597 8.404875 -7.71738 1.650912 -1.80179 1.226435 -0.0 0.0 2e-06 -7.639661 -17.874001 -6.832382 -0.010728 0.195146 1.879676 12.038671 3.112421 0.990502 -1.398527 0.898272 0.748832 -0.0 0.0 -1e-06 
0.0 0.0 0.0 0.0 -0.0 0.0 1.629457 99.952385 6.324962 -0.719662 -8.597259 8.477716 -1.680628 -0.230867 -3.622069 -0.759498 -0.553123 -5.770113 -3.177835 -2.809798 6.012086 5.304252 0.682701 -8.507208 0.642591 2.976314 -3.839106 5.546496 -1.812296 -1.974761 7.7e-05 -2.2e-05 6e-06 0.018197 0.134504 -0.026458 0.769766 -3.5627 -10.783248 -0.733712 3.816585 -10.722096 4.095068 -9.115484 3.808502 15.144711 -63.072193 -60.376911 0.744547 -63.545677 0.356279 40.057652 4.049502 -8.478061 -5.882108 9.861288 0.70259 -10.936875 -0.360575 7.156209 -0.0 8.774828 -2e-06 -15.889566 17.972923 5.854142 -1.844033 2.498505 -2.507278 -10.163603 4.678946 4.621109 -20.97603 -2e-06 3e-06 -21.226292 2.451697 -3.594 -0.0 -6e-06 -1e-06 -1.362682 2.240798 -0.746323 -21.334917 0.58491 3.008325 -13.821217 -2e-06 3e-06 -23.887175 -0.249076 -0.839482 -59.459686 2.515211 -1.161401 -0.294025 1.679687 0.833257 -14.218212 0.093216 1.300581 -34.212059 -0.287562 0.967171 -20.03322 0.96454 1.212843 -0.0 -0.0 -0.0 -3.440389 0.788233 0.501655 -15.928189 -3.16731 2.999709 -6.338828 -1e-06 1e-06 -18.123447 3.648186 -4.905671 -5e-06 -0.0 -2e-06 -14.223204 10.215442 -1.290308 -27.774679 45.459114 -77.968491 1.063171 45.505543 -2.631178 -8.766553 26.590303 20.986298 2.243543 -5.255037 -3.18016 14.282898 -0.826595 6.952503 -3e-06 -12.690609 -0.0 15.802867 -16.13179 2.553698 1.665669 -1.955922 -2.878301 4.7278 -4.170588 4.993925 11.020531 3e-06 -2e-06 12.109058 -3.735716 -2.866786 -1e-06 -0.0 0.0 1.291986 -1.928548 -1.49809 14.800136 0.567467 3.865608 14.242583 -1.341735 -6.660663 19.631981 0.143926 -0.648246 48.141869 -0.978996 -6.21142 0.353029 -1.511152 -0.03194 20.222801 3.684309 2.316629 18.787285 5e-06 -3e-06 10.751633 -0.479868 1.397904 0.0 1e-06 -0.0 3.27381 0.305947 -0.580113 21.486826 11.830378 2.266133 8.16293 3e-06 -3e-06 18.399092 -3.798984 -4.940579 4e-06 -0.0 -1e-06 1.752033 26.496874 -1.605359 0.053255 -0.137889 2.326476 -6.894361 8.492878 -7.718638 1.653516 -1.794358 1.206418 -0.0 1e-06 2e-06 -7.599861 -17.784784 -6.790712 -0.014933 0.179234 1.840376 12.042154 3.11397 1.036844 -1.398882 0.898508 0.769997 -0.0 0.0 -1e-06 
0.0 0.0 0.0 0.0 -0.0 0.0 1.596671 99.954834 6.420048 -0.771587 -8.733377 8.500491 -1.667036 -0.242497 -3.662064 -0.763692 -0.568546 -5.802431 -3.191284 -2.776747 6.020007 5.260384 0.685991 -8.398317 0.646571 3.015299 -3.840925 5.531417 -1.714242 -1.967887 7.7e-05 -2.2e-05 6e-06 0.019091 0.138179 -0.028932 0.767147 -3.562318 -10.793773 -0.729317 3.822683 -10.730305 4.094534 -9.028438 3.697466 15.234079 -63.13221 -60.367905 0.556648 -63.558949 0.464876 40.100376 3.975075 -8.323135 -5.882107 9.86129 0.702592 -10.936877 -0.360573 7.15621 -0.0 8.77483 -0.0 -15.893924 18.016924 5.872576 -1.844033 2.498504 -2.507278 -10.163604 4.678946 4.62111 -20.976034 -3e-06 3e-06 -21.226295 2.451698 -3.594002 1e-06 -5e-06 -1e-06 -1.362682 2.240797 -0.746324 -21.334925 0.58491 3.008324 -13.82122 -3e-06 2e-06 -23.887182 -0.24908 -0.839482 -59.521664 2.547825 -1.189863 -0.294025 1.679687 0.833256 -14.218215 0.093215 1.300581 -34.212067 -0.287567 0.967172 -20.033222 0.964537 1.212843 -1e-06 -1e-06 1e-06 -3.44039 0.788233 0.501656 -15.928192 -3.167311 2.999707 -6.338828 -0.0 0.0 -18.123457 3.648184 -4.905672 -5e-06 -0.0 -2e-06 -14.232061 10.173265 -1.232202 -27.837263 45.410294 -78.034332 1.058448 45.615971 -2.679969 -8.850241 26.618553 20.679333 2.243543 -5.255041 -3.180161 14.282899 -0.826592 6.952508 -4e-06 -12.69061 -0.0 15.774836 -16.172405 2.585613 1.665668 -1.955923 -2.878301 4.727801 -4.170588 4.993927 11.020534 5e-06 -1e-06 12.109058 -3.735716 -2.866785 -1e-06 -0.0 0.0 1.291985 -1.928551 -1.49809 14.800138 0.56747 3.86561 14.242582 -1.341735 -6.660662 19.631979 0.143928 -0.648244 48.114731 -0.997712 -6.214215 0.35303 -1.511152 -0.031941 20.222805 3.684314 2.316633 18.787287 7e-06 1e-06 10.751636 -0.479868 1.397908 1e-06 1e-06 0.0 3.273809 0.305949 -0.580111 21.48683 11.830384 2.266136 8.162931 2e-06 -1e-06 18.399096 -3.798986 -4.940578 3e-06 -0.0 -0.0 1.808534 26.548849 -1.516576 0.05547 -0.136064 2.292037 -6.935085 8.594751 -7.725863 1.653208 -1.794296 1.175051 -0.0 0.0 2e-06 -7.55726 -17.699831 -6.766729 -0.019626 0.16445 1.80907 12.034382 3.159864 1.081905 -1.401287 0.899802 0.777949 0.0 1e-06 -1e-06 
0.0 0.0 0.0 0.0 -0.0 0.0 1.569175 99.950523 6.50796 -0.819071 -8.866107 8.524679 -1.658094 -0.23921 -3.692226 -0.770222 -0.580599 -5.823874 -3.205357 -2.757469 6.012963 5.218837 0.692782 -8.306936 0.644919 3.007117 -3.844794 5.514536 -1.641594 -1.979844 7.7e-05 -2.2e-05 6e-06 0.019765 0.138221 -0.028319 0.767272 -3.563392 -10.801622 -0.72818 3.823299 -10.737525 4.136883 -8.938479 3.588336 15.312627 -63.196865 -60.280605 0.549345 -63.58456 0.377252 40.141006 3.915811 -8.172002 -5.882109 9.86129 0.70259 -10.936874 -0.360574 7.156208 0.0 8.774826 -1e-06 -15.916089 18.036964 5.885976 -1.844033 2.498506 -2.507278 -10.163603 4.678946 4.621111 -20.97603 -1e-06 3e-06 -21.226292 2.451697 -3.594001 -0.0 -5e-06 -1e-06 -1.362682 2.240798 -0.746324 -21.334921 0.584909 3.008325 -13.821219 -2e-06 3e-06 -23.887177 -0.249078 -0.839482 -59.626827 2.549807 -1.232399 -0.294025 1.679688 0.833256 -14.218214 0.093215 1.300581 -34.212063 -0.287564 0.967171 -20.033222 0.964538 1.212844 -0.0 1e-06 0.0 -3.440389 0.788233 0.501655 -15.928192 -3.16731 2.99971 -6.338827 0.0 1e-06 -18.123453 3.648184 -4.905671 -5e-06 -0.0 -2e-06 -14.251546 10.14062 -1.237642 -27.775244 45.398811 -78.018394 1.109852 45.797729 -2.690543 -8.870149 26.636368 20.53013 2.243541 -5.255037 -3.180158 14.282891 -0.826593 6.9525 -1e-06 -12.690601 -3e-06 15.764012 -16.201216 2.579537 1.665666 -1.955922 -2.878299 4.727796 -4.170588 4.993925 11.020527 4e-06 -2e-06 12.109049 -3.735714 -2.866785 -1e-06 -0.0 0.0 1.291986 -1.928549 -1.49809 14.800122 0.567469 3.865607 14.242568 -1.341735 -6.660657 19.631968 0.143927 -0.648244 48.091156 -1.01098 -6.237144 0.353028 -1.511152 -0.03194 20.222792 3.684313 2.31663 18.78727 5e-06 -0.0 10.751627 -0.479867 1.397906 0.0 1e-06 -0.0 3.273806 0.305947 -0.580112 21.486813 11.830376 2.266134 8.162926 3e-06 -1e-06 18.399078 -3.798982 -4.940575 3e-06 -0.0 -0.0 1.85426 26.639652 -1.43472 0.057488 -0.140168 2.244881 -6.981838 8.697309 -7.756595 1.65062 -1.799226 1.14339 -0.0 1e-06 2e-06 -7.515594 -17.618305 -6.75808 -0.020722 0.161869 1.787543 12.02026 3.212552 1.090095 -1.402995 0.900453 0.786422 0.0 0.0 -1e-06 
0.0 0.0 0.0 0.0 -0.0 0.0 1.559417 99.939743 6.575811 -0.867288 -8.992212 8.556605 -1.653696 -0.222986 -3.719574 -0.776026 -0.589737 -5.83524 -3.225161 -2.74711 5.996917 5.181757 0.701785 -8.217858 0.623787 2.962998 -3.846151 5.496265 -1.606541 -1.98201 7.7e-05 -2.2e-05 6e-06 0.01955 0.136005 -0.023523 0.767516 -3.564853 -10.801819 -0.729034 3.820127 -10.737505 4.202415 -8.874787 3.483239 15.414573 -63.237076 -60.091396 0.734713 -63.582504 0.134504 40.192139 3.890568 -8.008784 -5.882109 9.861292 0.702589 -10.936873 -0.360573 7.156208 -2e-06 8.77483 -2e-06 -15.948507 18.0389 5.885761 -1.844033 2.498507 -2.507279 -10.163602 4.678949 4.621109 -20.976028 3e-06 0.0 -21.226292 2.451699 -3.594005 1e-06 -5e-06 -1e-06 -1.362682 2.240801 -0.746324 -21.334917 0.584912 3.008324 -13.821217 -0.0 2e-06 -23.887175 -0.249075 -0.839487 -59.733974 2.524812 -1.266856 -0.294025 1.679689 0.833255 -14.218212 0.093218 1.300581 -34.212051 -0.28756 0.967166 -20.033218 0.964538 1.212841 -1e-06 -0.0 0.0 -3.440389 0.788234 0.501655 -15.928189 -3.167309 2.999708 -6.338828 -1e-06 0.0 -18.123451 3.648186 -4.905675 -5e-06 -0.0 -2e-06 -14.272102 10.117085 -1.280944 -27.644924 45.39222 -77.921661 1.216297 45.969543 -2.674557 -8.893817 26.690741 20.3424 2.243543 -5.25504 -3.18016 14.282898 -0.826591 6.952505 -3e-06 -12.690609 -1e-06 15.763486 -16.202726 2.551319 1.665665 -1.955922 -2.8783 4.7278 -4.170588 4.993925 11.020536 5e-06 -3e-06 12.10906 -3.735716 -2.866788 -1e-06 0.0 0.0 1.291986 -1.92855 -1.498091 14.80014 0.567474 3.865609 14.242582 -1.341735 -6.660663 19.631981 0.14393 -0.648247 48.081333 -1.013175 -6.257472 0.35303 -1.51115 -0.031941 20.222807 3.684316 2.316629 18.787285 9e-06 -3e-06 10.751634 -0.479865 1.397906 0.0 -0.0 0.0 3.273809 0.305947 -0.580111 21.48683 11.830383 2.266133 8.16293 5e-06 -2e-06 18.399092 -3.79898 -4.940579 3e-06 -0.0 -0.0 1.892987 26.764452 -1.370347 0.056462 -0.143683 2.187631 -7.01903 8.788961 -7.813543 1.646626 -1.806314 1.120718 -0.0 1e-06 2e-06 -7.464629 -17.520124 -6.768077 -0.019434 0.164104 1.768829 11.989052 3.219634 1.059241 -1.403966 0.9019 0.787315 -0.0 0.0 -1e-06 
0.0 0.0 0.0 0.0 -0.0 0.0 1.567334 99.926994 6.621244 -0.917303 -9.104243 8.596631 -1.655208 -0.204284 -3.746333 -0.781923 -0.586905 -5.835697 -3.246608 -2.744272 5.977201 5.140344 0.711305 -8.101443 0.586502 2.908969 -3.850913 5.490736 -1.598726 -1.971754 7.7e-05 -2.2e-05 6e-06 0.016996 0.127511 -0.01927 0.765107 -3.570226 -10.795803 -0.731972 3.808728 -10.730865 4.270129 -8.853096 3.405178 15.617001 -63.243473 -59.862068 1.150281 -63.51561 -0.187046 40.24535 3.987745 -8.001745 -5.882109 9.86129 0.702591 -10.936875 -0.360578 7.156209 0.0 8.774826 -2e-06 -15.97839 18.026768 5.873007 -1.844033 2.498506 -2.507277 -10.163604 4.678947 4.62111 -20.97603 -0.0 6e-06 -21.226292 2.4517 -3.593999 0.0 -5e-06 -1e-06 -1.362682 2.2408 -0.746324 -21.334925 0.584909 3.008327 -13.82122 -2e-06 5e-06 -23.88718 -0.249075 -0.83948 -59.810486 2.493238 -1.282411 -0.294025 1.679689 0.833256 -14.218214 0.093215 1.300582 -34.212063 -0.28756 0.967174 -20.03322 0.96454 1.212845 -1e-06 -0.0 0.0 -3.44039 0.788235 0.501656 -15.928192 -3.16731 2.999711 -6.338829 -0.0 2e-06 -18.123455 3.648188 -4.905671 -5e-06 -0.0 -2e-06 -14.315105 10.089106 -1.333465 -27.457726 45.352509 -77.691727 1.302135 46.085213 -2.709395 -8.94897 26.819906 19.946957 2.243543 -5.255039 -3.18016 14.282896 -0.826594 6.952501 -4e-06 -12.690609 -2e-06 15.78351 -16.171789 2.507253 1.665668 -1.955922 -2.8783 4.727801 -4.170585 4.993923 11.020531 4e-06 -2e-06 12.109059 -3.735717 -2.866786 -1e-06 0.0 0.0 1.291984 -1.928549 -1.498089 14.800134 0.567469 3.865607 14.242579 -1.341735 -6.660661 19.631975 0.143928 -0.648246 48.081734 -1.000804 -6.269482 0.353028 -1.511151 -0.03194 20.222801 3.684311 2.316629 18.787281 8e-06 -2e-06 10.751633 -0.479867 1.397906 0.0 1e-06 -0.0 3.27381 0.305946 -0.580112 21.486824 11.830382 2.266135 8.16293 3e-06 -2e-06 18.399088 -3.798982 -4.940578 3e-06 -1e-06 -0.0 1.921979 26.877373 -1.331133 0.053911 -0.142776 2.13172 -7.035241 8.884089 -7.884974 1.642306 -1.819415 1.118599 -0.0 0.0 2e-06 -7.407531 -17.409767 -6.788919 -0.014188 0.165865 1.74654 11.9417 3.190669 1.015198 -1.403652 0.901803 0.772454 -0.0 0.0 -1e-06 
0.0 0.0 0.0 0.0 -0.0 0.0 1.580986 99.913864 6.647791 -0.961262 -9.185817 8.647897 -1.66458 -0.194398 -3.766609 -0.794403 -0.575969 -5.832315 -3.275222 -2.745182 5.960822 5.123352 0.728109 -7.943499 0.530805 2.862769 -3.86045 5.470788 -1.606299 -1.999565 7.7e-05 -2.3e-05 5e-06 0.01308 0.108784 -0.017762 0.759741 -3.585667 -10.787301 -0.734728 3.787217 -10.723569 4.348222 -8.886686 3.345314 15.924625 -63.225224 -59.749954 1.614215 -63.382168 -0.496141 40.24881 4.19251 -8.192948 -5.882108 9.861288 0.702591 -10.936877 -0.360576 7.156209 0.0 8.774828 -3e-06 -15.989724 18.007439 5.864774 -1.844032 2.498505 -2.507277 -10.163604 4.678944 4.621109 -20.97603 -3e-06 7e-06 -21.226292 2.4517 -3.593997 1e-06 -5e-06 -1e-06 -1.362682 2.240799 -0.746324 -21.334921 0.584906 3.008328 -13.821219 -3e-06 5e-06 -23.887178 -0.249076 -0.839477 -59.836597 2.471771 -1.269363 -0.294025 1.679687 0.833257 -14.218215 0.093213 1.300584 -34.212063 -0.287562 0.967178 -20.033222 0.964538 1.212847 -1e-06 -0.0 0.0 -3.44039 0.788233 0.501656 -15.928192 -3.167311 2.999711 -6.338829 -2e-06 2e-06 -18.123453 3.648185 -4.905667 -5e-06 -1e-06 -2e-06 -14.387424 10.066069 -1.373908 -27.227879 45.24493 -77.311066 1.29473 46.14978 -2.811603 -9.042686 26.98461 19.417896 2.243542 -5.255038 -3.18016 14.282896 -0.826591 6.952507 -5e-06 -12.690608 -2e-06 15.801113 -16.139935 2.473191 1.665667 -1.955923 -2.8783 4.727801 -4.170587 4.993925 11.020531 5e-06 -1e-06 12.109058 -3.735713 -2.866786 -1e-06 -1e-06 0.0 1.291987 -1.928548 -1.49809 14.800136 0.567471 3.86561 14.242579 -1.341733 -6.660661 19.631973 0.143929 -0.648242 48.080112 -0.984274 -6.280015 0.353028 -1.511149 -0.03194 20.222803 3.684315 2.316631 18.787285 9e-06 1e-06 10.751634 -0.479866 1.397908 0.0 -0.0 0.0 3.273808 0.305948 -0.58011 21.486828 11.830381 2.266137 8.162932 3e-06 -0.0 18.39909 -3.798982 -4.940576 4e-06 -1e-06 -1e-06 1.930669 26.934593 -1.329294 0.050388 -0.137504 2.079285 -7.000522 8.981569 -7.959235 1.639949 -1.833516 1.144455 -0.0 1e-06 2e-06 -7.351971 -17.288017 -6.824397 -0.008955 0.167498 1.722073 11.88487 3.113374 0.960528 -1.4025 0.897199 0.766259 -0.0 0.0 -1e-06 
0.0 0.0 0.0 0.0 -0.0 0.0 1.590078 99.91198 6.664233 -0.999344 -9.232785 8.719126 -1.68427 -0.191187 -3.779768 -0.806471 -0.577994 -5.829624 -3.314345 -2.749991 5.946677 5.127132 0.741443 -7.770938 0.494257 2.839664 -3.862759 5.433068 -1.614818 -2.082333 7.7e-05 -2.2e-05 6e-06 0.009841 0.093415 -0.017424 0.754225 -3.60029 -10.784487 -0.735978 3.771425 -10.725831 4.412887 -8.933774 3.321135 16.372967 -63.217644 -59.824741 2.00104 -63.210785 -0.760471 40.22971 4.385606 -8.332311 -5.882103 9.861281 0.70259 -10.936867 -0.360576 7.156203 -1e-06 8.774823 -3e-06 -15.99879 18.004448 5.863317 -1.844032 2.498504 -2.507276 -10.163595 4.678944 4.621107 -20.976015 -2e-06 5e-06 -21.226278 2.451696 -3.593998 0.0 -5e-06 -1e-06 -1.362681 2.240798 -0.746323 -21.334906 0.584909 3.008324 -13.821208 -2e-06 4e-06 -23.887157 -0.249077 -0.839481 -59.836063 2.482225 -1.231752 -0.294024 1.679687 0.833256 -14.218202 0.093216 1.300581 -34.212032 -0.287561 0.967172 -20.033205 0.964539 1.212844 -0.0 1e-06 0.0 -3.440387 0.788232 0.501656 -15.928179 -3.167308 2.999707 -6.338821 -1e-06 1e-06 -18.123442 3.648182 -4.905668 -5e-06 -0.0 -2e-06 -14.464758 10.048937 -1.38452 -27.028929 45.076942 -76.895287 1.234492 46.158302 -2.897 -9.16446 27.170263 18.988646 2.243542 -5.255034 -3.180157 14.282887 -0.826596 6.952501 -2e-06 -12.690601 -0.0 15.820081 -16.135998 2.452854 1.665665 -1.95592 -2.878299 4.727798 -4.170587 4.993923 11.020524 5e-06 -1e-06 12.109049 -3.735713 -2.866783 -2e-06 -1e-06 1e-06 1.291984 -1.928548 -1.498088 14.800125 0.567469 3.865607 14.242568 -1.341736 -6.660657 19.631968 0.143926 -0.648245 48.075935 -0.980149 -6.28637 0.353029 -1.511151 -0.031939 20.222786 3.68431 2.31663 18.78727 5e-06 0.0 10.751626 -0.479869 1.397908 0.0 1e-06 -0.0 3.273806 0.305945 -0.58011 21.486809 11.830372 2.266131 8.162925 1e-06 -2e-06 18.399076 -3.798982 -4.940576 4e-06 -1e-06 -1e-06 1.918874 26.952007 -1.371364 0.04964 -0.128449 2.027275 -6.925477 9.07048 -7.981909 1.640062 -1.841337 1.189434 -0.0 0.0 2e-06 -7.290483 -17.154419 -6.893608 -0.010328 0.165692 1.709694 11.82799 2.999259 0.940784 -1.400594 0.895338 0.768772 0.0 1e-06 -1e-06 
0.0 0.0 0.0 0.0 -0.0 0.0 1.585639 99.915054 6.668849 -1.024482 -9.2556 8.80156 -1.724123 -0.189565 -3.77474 -0.811079 -0.591563 -5.824286 -3.361181 -2.761328 5.923959 5.145118 0.744581 -7.598491 0.476411 2.812236 -3.862085 5.392057 -1.613585 -2.188549 7.7e-05 -2.3e-05 6e-06 0.008741 0.086017 -0.014826 0.753205 -3.607841 -10.781331 -0.737384 3.76431 -10.729505 4.463698 -9.000538 3.319032 16.833523 -63.203144 -60.030807 2.161253 -63.078056 -0.902718 40.253712 4.486099 -8.301288 -5.882115 9.861298 0.702588 -10.936887 -0.360578 7.156218 -0.0 8.774837 -3e-06 -16.010956 18.025604 5.856282 -1.844035 2.498507 -2.507281 -10.163614 4.678948 4.621113 -20.976053 -1e-06 4e-06 -21.226318 2.451701 -3.594005 0.0 -5e-06 -1e-06 -1.362683 2.240802 -0.746325 -21.334946 0.58491 3.008329 -13.821236 -1e-06 4e-06 -23.887203 -0.249077 -0.839482 -59.802834 2.504856 -1.197123 -0.294025 1.679689 0.833257 -14.218231 0.093215 1.300584 -34.212105 -0.287562 0.967174 -20.033247 0.964539 1.212846 -1e-06 -0.0 0.0 -3.440393 0.788233 0.501655 -15.928211 -3.167313 2.999713 -6.338836 -1e-06 1e-06 -18.123474 3.648186 -4.905677 -5e-06 -0.0 -2e-06 -14.535929 10.038759 -1.403823 -26.838541 44.884983 -76.465164 1.151546 46.135277 -2.937057 -9.319242 27.342115 18.617735 2.243545 -5.255041 -3.180162 14.282907 -0.826594 6.952507 -3e-06 -12.690616 -3e-06 15.844118 -16.168207 2.446474 1.665667 -1.955925 -2.878302 4.727801 -4.170589 4.993928 11.02054 4e-06 -3e-06 12.109066 -3.735717 -2.86679 -1e-06 -1e-06 1e-06 1.291987 -1.928553 -1.498091 14.800144 0.567471 3.865608 14.242586 -1.341737 -6.660667 19.63199 0.143929 -0.648247 48.098213 -0.98905 -6.300003 0.35303 -1.511152 -0.031942 20.222813 3.684315 2.316631 18.787291 9e-06 -3e-06 10.751641 -0.479868 1.397907 0.0 -0.0 -0.0 3.273812 0.305947 -0.580112 21.486839 11.830387 2.266134 8.162936 3e-06 -3e-06 18.399099 -3.798983 -4.940582 3e-06 -0.0 -1e-06 1.886729 26.950111 -1.439823 0.051091 -0.124976 1.97372 -6.829162 9.159077 -7.935843 1.640151 -1.835599 1.240078 -0.0 0.0 2e-06 -7.240685 -17.027637 -6.98172 -0.016283 0.164803 1.706024 11.788446 2.875651 0.936471 -1.399059 0.897078 0.78849 -0.0 0.0 -1e-06 
0.0 0.0 0.0 0.0 -0.0 0.0 1.568702 99.917526 6.660699 -1.041054 -9.23915 8.883598 -1.769024 -0.182943 -3.754146 -0.810055 -0.604303 -5.820524 -3.410983 -2.780131 5.912535 5.177838 0.744338 -7.451087 0.456813 2.75727 -3.861714 5.359147 -1.615107 -2.303539 7.7e-05 -2.2e-05 6e-06 0.010034 0.087758 -0.010684 0.757641 -3.607215 -10.779712 -0.739467 3.76744 -10.73349 4.503799 -9.077412 3.333684 17.272163 -63.174648 -60.25423 2.234847 -62.991497 -0.973833 40.291767 4.566321 -8.164776 -5.88211 9.861292 0.70259 -10.936877 -0.360575 7.156209 -0.0 8.774831 -1e-06 -16.02297 18.052902 5.833786 -1.844033 2.498505 -2.507279 -10.163604 4.678946 4.62111 -20.976034 0.0 2e-06 -21.226295 2.451701 -3.594002 -0.0 -4e-06 -1e-06 -1.362682 2.240799 -0.746324 -21.334925 0.584909 3.008325 -13.82122 -2e-06 2e-06 -23.88718 -0.249075 -0.839483 -59.736439 2.520575 -1.172071 -0.294025 1.679688 0.833256 -14.218214 0.093216 1.300582 -34.212067 -0.28756 0.967173 -20.033226 0.964539 1.212845 -1e-06 1e-06 0.0 -3.44039 0.788233 0.501655 -15.928192 -3.167311 2.999709 -6.338828 0.0 2e-06 -18.123457 3.648186 -4.905674 -5e-06 1e-06 -2e-06 -14.589616 10.031763 -1.418632 -26.667273 44.667751 -76.103584 1.118422 46.094875 -2.937037 -9.448335 27.485357 18.323185 2.243543 -5.25504 -3.180161 14.2829 -0.826591 6.952506 -4e-06 -12.690611 -2e-06 15.845416 -16.207994 2.441066 1.665668 -1.955923 -2.878302 4.727799 -4.170588 4.993925 11.020535 4e-06 -3e-06 12.109058 -3.735717 -2.866787 -1e-06 1e-06 1e-06 1.291987 -1.928551 -1.498091 14.800139 0.567472 3.865608 14.242583 -1.341737 -6.660664 19.631983 0.14393 -0.648247 48.09037 -0.994139 -6.315475 0.353028 -1.511152 -0.03194 20.222807 3.684317 2.31663 18.787289 8e-06 -3e-06 10.751637 -0.479867 1.397906 0.0 -0.0 0.0 3.27381 0.305947 -0.580111 21.486832 11.830384 2.266133 8.162933 3e-06 -2e-06 18.399092 -3.79898 -4.940578 3e-06 -1e-06 -1e-06 1.847266 26.939323 -1.530383 0.054629 -0.126555 1.936006 -6.730058 9.245404 -7.935701 1.639811 -1.824231 1.256907 -0.0 0.0 2e-06 -7.191499 -16.940681 -7.078328 -0.023829 0.1645 1.71569 11.738623 2.777223 0.919639 -1.397683 0.897689 0.809417 -0.0 0.0 -1e-06 
0.0 0.0 0.0 0.0 -0.0 0.0 1.544992 99.917473 6.643219 -1.058836 -9.215583 8.96636 -1.805381 -0.177218 -3.731254 -0.807378 -0.599928 -5.824936 -3.447998 -2.797057 5.930955 5.232669 0.714757 -7.358725 0.434176 2.708141 -3.860417 5.349072 -1.608877 -2.402806 7.7e-05 -2.2e-05 6e-06 0.012413 0.099134 -0.006387 0.763987 -3.596057 -10.779662 -0.741194 3.779468 -10.73817 4.524928 -9.134564 3.331182 17.653534 -63.157463 -60.426826 2.27951 -62.92469 -0.95175 40.364712 4.665517 -8.182043 -5.882104 9.861283 0.702591 -10.936867 -0.360575 7.156203 -0.0 8.774824 -1e-06 -16.01907 18.072987 5.814914 -1.844032 2.498503 -2.507277 -10.163597 4.678944 4.621107 -20.976019 -2e-06 2e-06 -21.226282 2.451695 -3.593999 1e-06 -4e-06 -1e-06 -1.362681 2.240798 -0.746323 -21.334906 0.584909 3.008322 -13.821213 -2e-06 3e-06 -23.887165 -0.249077 -0.839482 -59.665684 2.538211 -1.164157 -0.294025 1.679688 0.833257 -14.218203 0.093215 1.30058 -34.212036 -0.287565 0.967171 -20.033209 0.964536 1.212843 -1e-06 -0.0 0.0 -3.440387 0.788233 0.501656 -15.928179 -3.167309 2.999705 -6.338823 -0.0 1e-06 -18.12344 3.648181 -4.905669 -5e-06 -1e-06 -2e-06 -14.57663 10.021585 -1.383459 -26.613136 44.437832 -75.853607 1.122121 46.059372 -2.976328 -9.511255 27.636959 18.197868 2.24354 -5.255036 -3.180157 14.282891 -0.826593 6.952503 -3e-06 -12.690601 -1e-06 15.811879 -16.193687 2.442541 1.665666 -1.955921 -2.878298 4.727801 -4.170585 4.993923 11.020526 3e-06 0.0 12.109055 -3.735716 -2.866784 -0.0 -1e-06 0.0 1.291985 -1.92855 -1.49809 14.800131 0.567472 3.865608 14.242572 -1.341734 -6.660657 19.631969 0.143927 -0.648243 48.040363 -0.972601 -6.296216 0.35303 -1.511152 -0.03194 20.222788 3.684311 2.316632 18.78727 6e-06 -0.0 10.751627 -0.479867 1.397908 0.0 -0.0 -1e-06 3.273807 0.305947 -0.580112 21.486818 11.830376 2.266135 8.162928 3e-06 -0.0 18.399082 -3.798982 -4.940573 3e-06 -1e-06 -1e-06 1.808045 26.929136 -1.639951 0.058486 -0.123628 1.910915 -6.643281 9.320418 -7.977479 1.637742 -1.82152 1.249738 -0.0 1e-06 2e-06 -7.134293 -16.90729 -7.188971 -0.029442 0.16293 1.729818 11.703117 2.715312 0.904206 -1.395669 0.891414 0.79332 -0.0 0.0 -1e-06 
0.0 0.0 0.0 0.0 -0.0 0.0 1.523276 99.91716 6.619471 -1.078634 -9.187224 9.043766 -1.833959 -0.187182 -3.710202 -0.807484 -0.6023 -5.837737 -3.456807 -2.803612 5.969946 5.306896 0.671487 -7.285424 0.422844 2.687455 -3.859083 5.352198 -1.587783 -2.495101 7.7e-05 -2.3e-05 6e-06 0.014621 0.114863 -0.002348 0.768253 -3.580647 -10.777162 -0.741002 3.795583 -10.740221 4.551184 -9.141245 3.323413 17.965897 -63.146519 -60.54607 2.2991 -62.901154 -0.9092 40.497017 4.802532 -8.343531 -5.882104 9.861283 0.702591 -10.93687 -0.360576 7.156207 2e-06 8.774823 -0.0 -15.995586 18.097031 5.837268 -1.844032 2.498504 -2.507277 -10.163597 4.678942 4.621109 -20.976021 -5e-06 6e-06 -21.22628 2.451695 -3.593997 -0.0 -5e-06 -1e-06 -1.362681 2.240798 -0.746323 -21.334911 0.584906 3.008326 -13.821213 -3e-06 4e-06 -23.887167 -0.249078 -0.839478 -59.617588 2.563395 -1.148427 -0.294024 1.679687 0.833256 -14.218206 0.093214 1.300582 -34.212044 -0.287564 0.967174 -20.033209 0.964537 1.212846 -0.0 1e-06 0.0 -3.440388 0.788233 0.501656 -15.928185 -3.167311 2.999708 -6.338826 -2e-06 1e-06 -18.123444 3.648182 -4.905668 -5e-06 -0.0 -2e-06 -14.539806 10.038574 -1.306832 -26.604927 44.207527 -75.619926 1.073273 46.074432 -3.094307 -9.515544 27.794447 18.257055 2.243542 -5.255037 -3.180158 14.282894 -0.826595 6.952503 -2e-06 -12.690605 -1e-06 15.772252 -16.136003 2.450745 1.665667 -1.955921 -2.878299 4.727798 -4.170587 4.993925 11.020527 2e-06 -2e-06 12.10905 -3.735715 -2.866785 -1e-06 1e-06 -0.0 1.291986 -1.92855 -1.498089 14.800127 0.567468 3.865608 14.242574 -1.341735 -6.660661 19.631969 0.143927 -0.648246 47.984943 -0.95076 -6.256031 0.353029 -1.511153 -0.03194 20.222794 3.684309 2.31663 18.787271 6e-06 -2e-06 10.751627 -0.479867 1.397907 0.0 -0.0 -1e-06 3.273806 0.305946 -0.580111 21.486816 11.830373 2.266134 8.162928 1e-06 -1e-06 18.39908 -3.798985 -4.940575 3e-06 -0.0 -1e-06 1.775181 26.920475 -1.741815 0.062852 -0.117703 1.883962 -6.577308 9.394999 -7.991726 1.63655 -1.822356 1.255924 0.0 -0.0 2e-06 -7.071055 -16.918625 -7.299243 -0.032658 0.154314 1.75113 11.702909 2.690089 0.895215 -1.394584 0.885043 0.773403 0.0 0.0 -1e-06 
0.0 0.0 0.0 0.0 -0.0 0.0 1.50802 99.916801 6.60039 -1.091667 -9.154513 9.106389 -1.855254 -0.213238 -3.687617 -0.807485 -0.612245 -5.853677 -3.449794 -2.799601 6.01788 5.397965 0.650588 -7.197619 0.413471 2.660384 -3.858008 5.382275 -1.556138 -2.56855 7.7e-05 -2.2e-05 6e-06 0.01513 0.123134 -0.000315 0.76888 -3.572455 -10.770028 -0.740442 3.803712 -10.736335 4.568805 -9.113287 3.360205 18.322647 -63.107555 -60.696434 2.312008 -62.904091 -0.921077 40.686489 4.954564 -8.582574 -5.88211 9.861293 0.70259 -10.936873 -0.360573 7.156206 -1e-06 8.774831 -2e-06 -15.974052 18.129078 5.888055 -1.844033 2.498506 -2.507279 -10.163604 4.678949 4.621109 -20.976032 3e-06 2e-06 -21.226297 2.451703 -3.594006 1e-06 -5e-06 -1e-06 -1.362682 2.2408 -0.746324 -21.334919 0.584911 3.008324 -13.821218 -0.0 2e-06 -23.887178 -0.249075 -0.839486 -59.664284 2.57589 -1.14764 -0.294025 1.679689 0.833257 -14.218212 0.093218 1.300581 -34.212055 -0.287558 0.967167 -20.033218 0.96454 1.212841 -1e-06 1e-06 0.0 -3.440389 0.788235 0.501656 -15.928189 -3.167307 2.999708 -6.338826 0.0 0.0 -18.123447 3.648189 -4.905675 -5e-06 -1e-06 -2e-06 -14.486367 10.088587 -1.217197 -26.647497 43.983368 -75.437645 1.005447 46.123241 -3.257506 -9.464444 27.919029 18.471592 2.243543 -5.255036 -3.180159 14.282893 -0.826595 6.952502 -3e-06 -12.690603 1e-06 15.742625 -16.095303 2.47486 1.665666 -1.955922 -2.878298 4.727799 -4.170588 4.993925 11.020529 3e-06 -3e-06 12.109055 -3.735713 -2.866786 -0.0 0.0 0.0 1.291985 -1.928549 -1.498089 14.800129 0.567467 3.865606 14.242576 -1.341735 -6.660661 19.631969 0.143927 -0.648248 47.970306 -0.944216 -6.229459 0.35303 -1.511152 -0.03194 20.222794 3.684309 2.316627 18.787273 5e-06 -4e-06 10.751629 -0.479868 1.397904 0.0 1e-06 0.0 3.273807 0.305947 -0.580112 21.486811 11.830372 2.266129 8.162927 1e-06 -3e-06 18.39908 -3.798982 -4.940579 4e-06 -0.0 -1e-06 1.746557 26.956156 -1.819574 0.067788 -0.116074 1.854277 -6.524837 9.454521 -7.994012 1.638263 -1.823993 1.273945 0.0 1e-06 2e-06 -7.018969 -16.953337 -7.389874 -0.030889 0.143457 1.777422 11.722074 2.679911 0.880818 -1.3946 0.885124 0.788419 -0.0 0.0 -1e-06 
0.0 0.0 0.0 0.0 -0.0 0.0 1.506731 99.917191 6.593394 -1.101868 -9.11985 9.140413 -1.859866 -0.241883 -3.662575 -0.808268 -0.617508 -5.860382 -3.431597 -2.79102 6.061067 5.512935 0.637588 -7.086336 0.406358 2.640603 -3.862444 5.441545 -1.534941 -2.639369 7.7e-05 -2.3e-05 6e-06 0.014072 0.12112 -0.000868 0.766773 -3.57444 -10.76783 -0.740189 3.801133 -10.734526 4.574673 -9.083265 3.427459 18.707544 -63.046539 -60.883987 2.267426 -62.908195 -0.911635 40.882755 5.151483 -8.919498 -5.882107 9.861286 0.70259 -10.936877 -0.360576 7.156208 1e-06 8.774828 -1e-06 -15.965714 18.154274 5.926119 -1.844033 2.498507 -2.507277 -10.163604 4.678946 4.621109 -20.97603 -2e-06 3e-06 -21.226292 2.4517 -3.594001 1e-06 -5e-06 -1e-06 -1.362682 2.240798 -0.746324 -21.334923 0.58491 3.008325 -13.821218 -2e-06 3e-06 -23.887182 -0.249077 -0.839482 -59.743912 2.577236 -1.163455 -0.294025 1.679688 0.833257 -14.218215 0.093215 1.300582 -34.212063 -0.287564 0.967171 -20.033222 0.964537 1.212844 -1e-06 1e-06 0.0 -3.44039 0.788234 0.501655 -15.928192 -3.167312 2.999709 -6.338829 -0.0 1e-06 -18.123453 3.648183 -4.905671 -5e-06 -1e-06 -2e-06 -14.41527 10.162616 -1.133032 -26.741377 43.7827 -75.337715 0.922041 46.185711 -3.412774 -9.374969 27.966068 18.718561 2.243542 -5.255037 -3.180159 14.282893 -0.826594 6.952502 -1e-06 -12.690605 -0.0 15.724288 -16.080914 2.505067 1.665667 -1.955921 -2.8783 4.727798 -4.170587 4.993926 11.020531 3e-06 -2e-06 12.109057 -3.735717 -2.866786 -0.0 -1e-06 -0.0 1.291986 -1.928548 -1.498089 14.800129 0.567469 3.865607 14.242573 -1.341738 -6.660659 19.631969 0.143926 -0.648246 47.961262 -0.94614 -6.208034 0.353029 -1.511151 -0.031939 20.222795 3.684312 2.316631 18.787275 6e-06 0.0 10.751631 -0.479869 1.397906 0.0 -0.0 -1e-06 3.273807 0.305945 -0.580112 21.486816 11.830376 2.266131 8.162928 3e-06 -3e-06 18.399084 -3.798982 -4.940576 3e-06 -0.0 -1e-06 1.735854 27.014624 -1.861754 0.070516 -0.119868 1.834156 -6.479329 9.494927 -7.987152 1.6394 -1.820599 1.296365 -0.0 -0.0 2e-06 -6.982802 -17.004503 -7.443995 -0.030894 0.130496 1.810116 11.737264 2.68865 0.872943 -1.395139 0.892513 0.817356 0.0 0.0 -1e-06 
0.0 0.0 0.0 0.0 -0.0 0.0 1.514018 99.920357 6.599805 -1.104147 -9.072492 9.144524 -1.851631 -0.266402 -3.637832 -0.814232 -0.617564 -5.858087 -3.396207 -2.774868 6.09835 5.650133 0.606874 -6.982917 0.404652 2.656686 -3.862942 5.525554 -1.551018 -2.72739 7.7e-05 -2.2e-05 6e-06 0.01266 0.11093 -0.001102 0.763279 -3.584308 -10.772977 -0.739185 3.78974 -10.73778 4.590817 -9.074647 3.486203 19.009962 -62.998997 -61.040569 2.2 -62.891399 -0.853736 41.027405 5.407684 -9.325394 -5.88211 9.86129 0.70259 -10.936876 -0.360574 7.156209 -0.0 8.774827 -1e-06 -15.988556 18.17749 5.93745 -1.844033 2.498505 -2.507278 -10.163605 4.678946 4.621109 -20.976034 -2e-06 3e-06 -21.226295 2.451699 -3.594002 0.0 -5e-06 -1e-06 -1.362682 2.240799 -0.746323 -21.334921 0.584911 3.008323 -13.821218 -3e-06 2e-06 -23.887175 -0.249077 -0.839485 -59.815975 2.587672 -1.20203 -0.294025 1.679687 0.833256 -14.218215 0.093215 1.300581 -34.212067 -0.287561 0.967169 -20.033222 0.964537 1.212843 -1e-06 -0.0 0.0 -3.44039 0.788234 0.501656 -15.928192 -3.167309 2.999707 -6.338828 -1e-06 1e-06 -18.123453 3.648184 -4.905673 -5e-06 -0.0 -2e-06 -14.366258 10.235352 -1.072647 -26.833134 43.617443 -75.279099 0.794049 46.237812 -3.576626 -9.207376 27.932163 18.987675 2.243542 -5.255037 -3.180159 14.282892 -0.826592 6.952506 -3e-06 -12.690607 -2e-06 15.707026 -16.060566 2.518189 1.665666 -1.955922 -2.878299 4.727799 -4.170587 4.993925 11.020527 4e-06 -0.0 12.109052 -3.735715 -2.866783 -0.0 0.0 1e-06 1.291987 -1.92855 -1.498091 14.800131 0.56747 3.86561 14.242571 -1.341735 -6.660658 19.631969 0.143927 -0.648242 47.863842 -0.949548 -6.184118 0.353029 -1.511151 -0.03194 20.222795 3.684311 2.316633 18.787275 5e-06 2e-06 10.751629 -0.479868 1.397908 -1e-06 -0.0 -1e-06 3.273807 0.305947 -0.58011 21.486818 11.83038 2.266136 8.16293 1e-06 1e-06 18.399084 -3.798983 -4.940575 3e-06 -0.0 -2e-06 1.736343 27.044048 -1.872699 0.071208 -0.128684 1.822125 -6.463878 9.526421 -7.967981 1.639169 -1.815347 1.329564 -0.0 -0.0 2e-06 -6.96204 -17.082491 -7.456087 -0.036011 0.128933 1.845304 11.739174 2.716111 0.870857 -1.394912 0.900015 0.880026 0.0 0.0 -1e-06 
0.0 0.0 0.0 0.0 -0.0 0.0 1.515322 99.924843 6.607004 -1.092986 -8.996346 9.132321 -1.837281 -0.275019 -3.618331 -0.823142 -0.622462 -5.847048 -3.348012 -2.768785 6.123757 5.825864 0.570668 -6.907305 0.406064 2.676983 -3.859211 5.610625 -1.579743 -2.830186 7.7e-05 -2.2e-05 6e-06 0.012097 0.098784 0.001634 0.760186 -3.595849 -10.776237 -0.736856 3.775896 -10.740087 4.618017 -9.067979 3.523685 19.153473 -62.992477 -61.117401 2.142214 -62.876385 -0.79792 41.115448 5.63969 -9.63185 -5.882114 9.861298 0.702591 -10.936887 -0.360575 7.156215 -0.0 8.774836 -2e-06 -16.00588 18.178049 5.939018 -1.844034 2.498506 -2.507279 -10.163614 4.678952 4.621113 -20.976053 -1e-06 7e-06 -21.226313 2.451702 -3.594001 1e-06 -5e-06 -1e-06 -1.362683 2.240801 -0.746323 -21.334942 0.584912 3.008328 -13.821233 -1e-06 5e-06 -23.887201 -0.249075 -0.839481 -59.842155 2.591178 -1.238864 -0.294025 1.679688 0.833257 -14.218229 0.093215 1.300583 -34.212097 -0.28756 0.967178 -20.033243 0.964541 1.212846 -1e-06 -0.0 0.0 -3.440393 0.788235 0.501656 -15.928208 -3.167313 2.999712 -6.338833 -1e-06 2e-06 -18.12347 3.648187 -4.905674 -6e-06 -1e-06 -2e-06 -14.363071 10.320572 -1.084746 -26.867636 43.483528 -75.156197 0.648071 46.267368 -3.674686 -9.004794 27.851139 19.305536 2.243544 -5.255041 -3.180161 14.282901 -0.826592 6.952507 -2e-06 -12.69061 -3e-06 15.680388 -16.036507 2.522319 1.665667 -1.955923 -2.878301 4.727803 -4.17059 4.993925 11.020535 3e-06 -2e-06 12.109062 -3.735717 -2.866788 -0.0 -1e-06 0.0 1.291987 -1.928551 -1.49809 14.800139 0.567469 3.865609 14.242582 -1.341738 -6.660665 19.631983 0.143928 -0.648246 47.715214 -0.953674 -6.16407 0.353029 -1.511151 -0.03194 20.222805 3.684313 2.316631 18.787289 6e-06 -1e-06 10.751637 -0.479867 1.397907 0.0 -0.0 -1e-06 3.273809 0.305946 -0.580112 21.486832 11.830382 2.266136 8.162935 3e-06 -2e-06 18.399096 -3.798985 -4.940581 3e-06 -0.0 -1e-06 1.732386 27.031496 -1.873225 0.071217 -0.139921 1.809444 -6.453872 9.57294 -7.866703 1.639252 -1.809371 1.367921 -0.0 1e-06 2e-06 -6.95362 -17.15004 -7.452041 -0.043304 0.13706 1.898435 11.702009 2.74273 0.84126 -1.395229 0.905532 0.948288 -0.0 0.0 -1e-06 
0.0 0.0 0.0 0.0 -0.0 0.0 1.506844 99.931969 6.597933 -1.071616 -8.888994 9.113222 -1.81777 -0.272536 -3.59906 -0.838576 -0.630115 -5.833372 -3.28304 -2.780527 6.138409 6.045689 0.535874 -6.879994 0.409956 2.682687 -3.849351 5.685628 -1.630938 -2.901195 7.7e-05 -2.3e-05 6e-06 0.012801 0.089008 0.004878 0.758286 -3.604486 -10.773957 -0.733207 3.763965 -10.739791 4.64637 -9.063382 3.547573 19.127346 -63.026405 -61.144012 2.076199 -62.877808 -0.778475 41.161819 5.766891 -9.715405 -5.882114 9.861297 0.702589 -10.936882 -0.360577 7.156213 -2e-06 8.774835 -5e-06 -16.004156 18.158255 5.941105 -1.844034 2.498508 -2.507278 -10.163611 4.678949 4.621111 -20.976044 2e-06 4e-06 -21.226307 2.451702 -3.594004 -0.0 -5e-06 -1e-06 -1.362683 2.2408 -0.746324 -21.334938 0.584913 3.008328 -13.821229 1e-06 3e-06 -23.887196 -0.249075 -0.839485 -59.84267 2.590329 -1.272868 -0.294026 1.679688 0.833256 -14.218224 0.093216 1.300583 -34.212082 -0.287558 0.967171 -20.033234 0.96454 1.212845 -1e-06 -0.0 0.0 -3.440392 0.788235 0.501656 -15.928203 -3.167312 2.999712 -6.338833 1e-06 2e-06 -18.123465 3.648189 -4.905677 -5e-06 -1e-06 -2e-06 -14.377237 10.415451 -1.13568 -26.905167 43.369846 -75.080643 0.562204 46.249771 -3.65598 -8.777096 27.808723 19.669359 2.243542 -5.25504 -3.180161 14.282897 -0.826589 6.952501 -3e-06 -12.690609 -3e-06 15.644328 -16.003746 2.513353 1.665667 -1.955922 -2.878301 4.7278 -4.170585 4.993924 11.020532 5e-06 -3e-06 12.109058 -3.735712 -2.866789 -0.0 0.0 -0.0 1.291986 -1.928551 -1.49809 14.800138 0.567473 3.865605 14.242582 -1.341732 -6.660665 19.631981 0.143932 -0.648248 47.573643 -0.953145 -6.14673 0.353029 -1.511152 -0.031941 20.222803 3.684319 2.316628 18.787285 1.3e-05 -3e-06 10.751634 -0.479864 1.397907 0.0 -0.0 -0.0 3.273807 0.305947 -0.580112 21.486828 11.830386 2.266132 8.16293 4e-06 -2e-06 18.399088 -3.798977 -4.940579 3e-06 -1e-06 -1e-06 1.725916 27.017857 -1.888099 0.068673 -0.146896 1.812255 -6.442686 9.568376 -7.848545 1.641105 -1.805974 1.390996 -0.0 -0.0 2e-06 -6.950286 -17.195652 -7.439706 -0.049117 0.147259 1.948454 11.624003 2.739127 0.797831 -1.396521 0.910008 1.003906 -0.0 0.0 -1e-06 
0.0 0.0 0.0 0.0 -0.0 0.0 1.478097 99.938721 6.565691 -1.029716 -8.738115 9.079632 -1.798703 -0.265479 -3.581421 -0.853075 -0.630068 -5.817073 -3.218027 -2.801434 6.147864 6.286912 0.505674 -6.886279 0.413095 2.656862 -3.839122 5.748044 -1.702336 -2.941469 7.7e-05 -2.3e-05 6e-06 0.014809 0.091074 0.008231 0.757827 -3.600033 -10.761811 -0.728556 3.76294 -10.731099 4.669098 -9.091488 3.551434 18.937761 -63.094093 -61.083221 2.029434 -62.875881 -0.766462 41.200127 5.81004 -9.688528 -5.882113 9.861295 0.70259 -10.936881 -0.360575 7.156211 -2e-06 8.774833 -2e-06 -16.005119 18.112183 5.932761 -1.844034 2.498509 -2.507279 -10.16361 4.678952 4.621111 -20.976042 2e-06 4e-06 -21.226307 2.451702 -3.594003 1e-06 -5e-06 -1e-06 -1.362683 2.240801 -0.746324 -21.334932 0.584913 3.008328 -13.821227 0.0 4e-06 -23.88719 -0.249072 -0.839485 -59.846153 2.585284 -1.292546 -0.294025 1.679688 0.833256 -14.218223 0.093218 1.300583 -34.212078 -0.287558 0.96717 -20.033232 0.964541 1.212843 -1e-06 -1e-06 0.0 -3.440392 0.788235 0.501656 -15.928201 -3.16731 2.999711 -6.33883 0.0 1e-06 -18.123459 3.64819 -4.905675 -5e-06 -1e-06 -2e-06 -14.391359 10.513767 -1.183592 -26.959936 43.246449 -75.077621 0.539135 46.184036 -3.569499 -8.48398 27.837448 20.125883 2.243544 -5.255039 -3.180159 14.282896 -0.826593 6.952501 -3e-06 -12.690609 -2e-06 15.598821 -15.990945 2.503211 1.665667 -1.955922 -2.8783 4.727799 -4.170588 4.993923 11.020531 4e-06 -4e-06 12.109058 -3.735714 -2.866788 -0.0 0.0 -0.0 1.291985 -1.92855 -1.49809 14.800134 0.56747 3.865606 14.242578 -1.341735 -6.660662 19.631975 0.143929 -0.648247 47.434277 -0.951324 -6.143791 0.353028 -1.511152 -0.03194 20.222803 3.684313 2.316628 18.787283 1e-05 -4e-06 10.751634 -0.479867 1.397906 1e-06 -0.0 -1e-06 3.27381 0.305948 -0.580112 21.486822 11.830381 2.266131 8.16293 4e-06 -3e-06 18.399086 -3.798981 -4.940579 3e-06 -0.0 -1e-06 1.717618 26.9858 -1.900336 0.061425 -0.14581 1.808884 -6.434396 9.50582 -7.796581 1.644085 -1.811889 1.3925 0.0 -1e-06 2e-06 -6.967089 -17.248234 -7.407662 -0.050739 0.15851 1.988649 11.529468 2.678289 0.732733 -1.39825 0.915785 1.028938 0.0 0.0 -1e-06 
0.0 0.0 0.0 0.0 -0.0 0.0 1.431562 99.945854 6.517321 -0.965614 -8.548099 9.032494 -1.783324 -0.262982 -3.565163 -0.861423 -0.614865 -5.800025 -3.163906 -2.823275 6.159871 6.544599 0.465061 -6.928142 0.416567 2.628831 -3.839036 5.803533 -1.782378 -2.957628 7.7e-05 -2.2e-05 6e-06 0.016454 0.101304 0.008659 0.757015 -3.586538 -10.751286 -0.724355 3.769487 -10.722963 4.665721 -9.161247 3.538806 18.69384 -63.17374 -61.010323 1.976505 -62.835209 -0.733167 41.262672 5.751272 -9.624799 -5.88211 9.861292 0.702589 -10.936878 -0.360575 7.156211 -1e-06 8.77483 -1e-06 -16.000145 18.064344 5.931004 -1.844033 2.498506 -2.507279 -10.163606 4.678946 4.621111 -20.976038 -2e-06 3e-06 -21.226301 2.4517 -3.594002 0.0 -5e-06 -1e-06 -1.362682 2.240799 -0.746324 -21.334929 0.584911 3.008326 -13.821221 -2e-06 3e-06 -23.887184 -0.249078 -0.839481 -59.884769 2.581845 -1.300063 -0.294025 1.679688 0.833256 -14.218217 0.093216 1.300583 -34.21207 -0.287562 0.967174 -20.033226 0.964537 1.212845 -1e-06 -1e-06 0.0 -3.44039 0.788234 0.501656 -15.928196 -3.167312 2.99971 -6.338831 -0.0 2e-06 -18.123451 3.648185 -4.905673 -5e-06 -1e-06 -2e-06 -14.378816 10.604091 -1.212982 -27.049454 43.130119 -75.219627 0.584128 46.107243 -3.429524 -8.122832 27.860325 20.6947 2.243542 -5.255038 -3.180159 14.282898 -0.826593 6.952503 -2e-06 -12.690612 -1e-06 15.538893 -15.985307 2.492926 1.665668 -1.955922 -2.8783 4.727803 -4.170588 4.993923 11.020534 4e-06 -2e-06 12.10906 -3.735715 -2.866787 -1e-06 -1e-06 1e-06 1.291987 -1.92855 -1.49809 14.800134 0.567469 3.865608 14.24258 -1.341737 -6.660661 19.631981 0.143928 -0.648246 47.312531 -0.954961 -6.143411 0.353029 -1.51115 -0.031939 20.222801 3.684315 2.31663 18.787285 7e-06 -1e-06 10.751634 -0.479868 1.397906 0.0 -0.0 -1e-06 3.273811 0.305947 -0.580112 21.486832 11.830383 2.266131 8.162932 4e-06 -3e-06 18.399092 -3.798981 -4.940579 3e-06 -0.0 -1e-06 1.701998 26.973078 -1.909446 0.051669 -0.144685 1.795517 -6.426245 9.378064 -7.716542 1.646609 -1.824293 1.386214 -0.0 -0.0 2e-06 -7.008286 -17.299812 -7.349665 -0.051926 0.164831 2.009299 11.45404 2.579593 0.655648 -1.399513 0.925225 1.012244 -0.0 0.0 -1e-06 
0.0 0.0 0.0 0.0 -0.0 0.0 1.367096 99.953972 6.457849 -0.892801 -8.339713 8.979193 -1.768751 -0.257744 -3.553318 -0.864265 -0.595675 -5.786579 -3.116023 -2.847622 6.182958 6.817516 0.409363 -7.014473 0.422607 2.623482 -3.845921 5.856576 -1.867386 -2.963284 7.7e-05 -2.3e-05 6e-06 0.017277 0.11253 0.00561 0.755839 -3.571093 -10.740533 -0.721414 3.776327 -10.712536 4.625487 -9.264754 3.530818 18.486635 -63.236732 -60.995003 1.938377 -62.773788 -0.716843 41.352081 5.630834 -9.56344 -5.882105 9.861283 0.70259 -10.936871 -0.360574 7.156204 0.0 8.774824 -1e-06 -15.989082 18.02371 5.931195 -1.844032 2.498503 -2.507277 -10.163599 4.678944 4.621108 -20.976021 -3e-06 2e-06 -21.226286 2.451695 -3.593999 1e-06 -6e-06 -0.0 -1.362682 2.240798 -0.746324 -21.334913 0.584911 3.008322 -13.821214 -3e-06 3e-06 -23.887167 -0.249078 -0.839484 -59.92849 2.576626 -1.285955 -0.294024 1.679687 0.833256 -14.218208 0.093215 1.300581 -34.212048 -0.287565 0.96717 -20.033215 0.964537 1.212844 -1e-06 -0.0 0.0 -3.440388 0.788233 0.501656 -15.928185 -3.16731 2.999706 -6.338826 -1e-06 1e-06 -18.123446 3.64818 -4.90567 -5e-06 -1e-06 -2e-06 -14.338034 10.673243 -1.250365 -27.181648 43.070267 -75.415154 0.603175 45.985577 -3.347742 -7.728207 27.882692 21.329939 2.243541 -5.255036 -3.180157 14.282892 -0.826592 6.952501 -3e-06 -12.690603 -1e-06 15.484586 -15.986963 2.486596 1.665667 -1.955921 -2.878299 4.727798 -4.170586 4.993923 11.020528 3e-06 -2e-06 12.109055 -3.735713 -2.866785 -1e-06 -1e-06 0.0 1.291987 -1.928551 -1.49809 14.800131 0.567472 3.865607 14.242572 -1.341735 -6.66066 19.631969 0.143929 -0.648245 47.215679 -0.969682 -6.142446 0.353028 -1.511151 -0.03194 20.222788 3.684315 2.31663 18.787271 8e-06 -1e-06 10.751628 -0.479866 1.397906 0.0 1e-06 -0.0 3.273807 0.305946 -0.580111 21.486814 11.830378 2.266132 8.162927 3e-06 -2e-06 18.39908 -3.798982 -4.940576 3e-06 1e-06 -1e-06 1.688631 26.96483 -1.921825 0.044324 -0.150845 1.777601 -6.432221 9.231098 -7.628532 1.64748 -1.83446 1.374822 -0.0 1e-06 2e-06 -7.055373 -17.350143 -7.279172 -0.052777 0.166728 2.014542 11.386214 2.478466 0.577416 -1.400852 0.933646 0.968672 -0.0 0.0 -1e-06 
0.0 0.0 0.0 0.0 -0.0 0.0 1.29144 99.957405 6.387264 -0.821277 -8.147536 8.919671 -1.749502 -0.241389 -3.544158 -0.870079 -0.593129 -5.77407 -3.066879 -2.859293 6.209076 7.09717 0.355549 -7.131175 0.427072 2.635734 -3.850744 5.91562 -1.971278 -2.981112 7.7e-05 -2.2e-05 6e-06 0.016825 0.11818 0.000335 0.754372 -3.562146 -10.735209 -0.720673 3.778734 -10.704846 4.556974 -9.395535 3.529893 18.275116 -63.27309 -61.022133 1.893008 -62.704197 -0.70262 41.481937 5.481281 -9.454439 -5.882107 9.861288 0.702591 -10.936873 -0.360574 7.156205 -1e-06 8.774827 -1e-06 -15.976075 18.00008 5.92505 -1.844032 2.498505 -2.507277 -10.1636 4.678947 4.621109 -20.976023 -1e-06 3e-06 -21.22629 2.4517 -3.594002 0.0 -5e-06 -0.0 -1.362682 2.240798 -0.746323 -21.334917 0.584912 3.008325 -13.821216 -1e-06 2e-06 -23.887173 -0.249077 -0.839484 -59.967197 2.574088 -1.27556 -0.294025 1.679688 0.833256 -14.218209 0.093215 1.30058 -34.212051 -0.28756 0.967169 -20.033215 0.964539 1.212842 0.0 -1e-06 0.0 -3.440389 0.788234 0.501656 -15.928187 -3.167308 2.999707 -6.338827 0.0 1e-06 -18.123447 3.648186 -4.905673 -5e-06 -0.0 -2e-06 -14.271067 10.727695 -1.298365 -27.35195 43.104408 -75.630569 0.54739 45.817081 -3.336249 -7.305917 27.909592 22.06271 2.243542 -5.255038 -3.180161 14.282896 -0.826594 6.952507 -2e-06 -12.69061 -0.0 15.444542 -16.011812 2.492405 1.665666 -1.955923 -2.878301 4.727799 -4.170588 4.993926 11.020532 4e-06 -2e-06 12.109059 -3.735717 -2.866787 -1e-06 -1e-06 1e-06 1.291987 -1.92855 -1.498091 14.800138 0.567471 3.865608 14.242579 -1.341737 -6.660662 19.631975 0.14393 -0.648245 47.183609 -0.997589 -6.151421 0.353029 -1.511152 -0.031941 20.222803 3.684313 2.316629 18.787287 8e-06 -1e-06 10.751634 -0.479867 1.397906 0.0 1e-06 -0.0 3.273807 0.305947 -0.580111 21.486828 11.830383 2.266133 8.162933 2e-06 -3e-06 18.399096 -3.798983 -4.940578 3e-06 -0.0 -1e-06 1.688323 26.972691 -1.924292 0.038738 -0.171993 1.753306 -6.455508 9.083436 -7.5476 1.64642 -1.84953 1.381508 -0.0 1e-06 2e-06 -7.098677 -17.39098 -7.206051 -0.051801 0.164158 2.011026 11.317783 2.414109 0.482576 -1.401439 0.938864 0.931629 0.0 0.0 -1e-06 
0.0 0.0 0.0 0.0 -0.0 0.0 1.205908 99.954056 6.297147 -0.75375 -7.966337 8.85109 -1.725851 -0.216553 -3.535718 -0.879908 -0.605587 -5.759319 -3.014241 -2.860346 6.230359 7.372102 0.31203 -7.260413 0.419184 2.651716 -3.851469 5.987537 -2.1041 -3.017106 7.7e-05 -2.3e-05 6e-06 0.015128 0.120159 -0.004214 0.751848 -3.557369 -10.72743 -0.721326 3.778141 -10.691679 4.465566 -9.542753 3.524062 18.040941 -63.30257 -61.044132 1.812361 -62.632843 -0.683098 41.648869 5.355636 -9.29671 -5.882109 9.861288 0.702589 -10.936877 -0.360575 7.15621 -1e-06 8.774828 -3e-06 -15.958087 17.977961 5.922558 -1.844033 2.498506 -2.507278 -10.163605 4.678944 4.621111 -20.976034 -2e-06 7e-06 -21.226295 2.451701 -3.593997 -0.0 -5e-06 -1e-06 -1.362682 2.240799 -0.746324 -21.334925 0.584908 3.008328 -13.821221 -2e-06 5e-06 -23.887178 -0.249074 -0.839479 -59.969807 2.572301 -1.265646 -0.294025 1.679688 0.833255 -14.218215 0.093215 1.300584 -34.212067 -0.287559 0.967177 -20.033222 0.964539 1.212847 -0.0 -1e-06 0.0 -3.44039 0.788234 0.501656 -15.928198 -3.16731 2.999712 -6.338829 -1e-06 2e-06 -18.123455 3.648185 -4.905669 -5e-06 -1e-06 -2e-06 -14.192131 10.783911 -1.358197 -27.493877 43.221973 -75.839905 0.474224 45.648895 -3.314446 -6.88797 27.948507 22.745001 2.243542 -5.25504 -3.18016 14.282896 -0.826592 6.952507 -3e-06 -12.690609 -2e-06 15.42123 -16.058813 2.499574 1.665666 -1.955921 -2.8783 4.7278 -4.170586 4.993925 11.02053 4e-06 -2e-06 12.109056 -3.735716 -2.866786 -1e-06 -0.0 1e-06 1.291986 -1.928551 -1.498091 14.800138 0.567471 3.865609 14.24258 -1.341734 -6.660664 19.631977 0.143929 -0.648244 47.189476 -1.028867 -6.17181 0.353029 -1.51115 -0.03194 20.222801 3.684315 2.316633 18.787283 8e-06 -0.0 10.751634 -0.479867 1.397907 0.0 -0.0 -0.0 3.273808 0.305948 -0.580111 21.486826 11.830383 2.266136 8.16293 3e-06 -2e-06 18.39909 -3.798982 -4.940576 3e-06 1e-06 -1e-06 1.705302 26.959936 -1.918567 0.03353 -0.198509 1.738328 -6.477746 8.968761 -7.481786 1.644178 -1.8677 1.401522 -0.0 1e-06 2e-06 -7.131261 -17.431749 -7.130758 -0.050171 0.157404 2.002982 11.223278 2.383836 0.358337 -1.403002 0.937972 0.922403 0.0 0.0 -1e-06 
0.0 0.0 0.0 0.0 -0.0 0.0 1.101967 99.946938 6.174077 -0.689201 -7.791452 8.770561 -1.707189 -0.186832 -3.521419 -0.881748 -0.61422 -5.731487 -2.96256 -2.863148 6.241918 7.643597 0.278304 -7.411183 0.389007 2.631367 -3.853228 6.06383 -2.233634 -3.062084 7.7e-05 -2.2e-05 6e-06 0.011999 0.115828 -0.007197 0.751497 -3.557186 -10.715516 -0.726943 3.769712 -10.673163 4.344851 -9.694423 3.491231 17.803951 -63.333954 -61.063953 1.656904 -62.549179 -0.533824 41.811203 5.281919 -9.204426 -5.882111 9.861293 0.70259 -10.936878 -0.360575 7.156209 -0.0 8.77483 -3e-06 -15.930419 17.941244 5.912658 -1.844034 2.498505 -2.507278 -10.163608 4.67895 4.62111 -20.97604 -1e-06 3e-06 -21.226303 2.4517 -3.594003 -0.0 -5e-06 -1e-06 -1.362682 2.240799 -0.746324 -21.334929 0.584909 3.008325 -13.821223 -1e-06 3e-06 -23.887184 -0.249077 -0.839483 -59.882496 2.581636 -1.264798 -0.294025 1.679688 0.833256 -14.218218 0.093215 1.300581 -34.212074 -0.287562 0.96717 -20.033226 0.964537 1.212842 -1e-06 -0.0 0.0 -3.440391 0.788234 0.501656 -15.928196 -3.167312 2.999709 -6.33883 -1e-06 2e-06 -18.123459 3.648184 -4.905674 -6e-06 1e-06 -2e-06 -14.082722 10.835014 -1.401392 -27.660015 43.375896 -76.0616 0.417106 45.47451 -3.23759 -6.501746 27.965509 23.202671 2.243541 -5.255037 -3.180158 14.282892 -0.826591 6.952504 -2e-06 -12.690605 -2e-06 15.407894 -16.080816 2.484627 1.665665 -1.955921 -2.878299 4.7278 -4.170586 4.993924 11.020528 4e-06 -2e-06 12.109054 -3.735716 -2.866784 -1e-06 -1e-06 1e-06 1.291984 -1.928549 -1.498089 14.800131 0.56747 3.865608 14.24257 -1.341735 -6.660656 19.631969 0.143926 -0.648243 47.155964 -1.031268 -6.186194 0.353029 -1.511152 -0.03194 20.222794 3.684312 2.316631 18.787273 6e-06 1e-06 10.751628 -0.479867 1.397908 0.0 -0.0 -0.0 3.273809 0.305948 -0.580111 21.486814 11.830379 2.266136 8.162929 3e-06 -1e-06 18.399084 -3.798983 -4.940573 3e-06 1e-06 -2e-06 1.74258 26.910631 -1.91204 0.029367 -0.216558 1.737542 -6.507056 8.875311 -7.403084 1.641718 -1.879623 1.417285 -0.0 -1e-06 2e-06 -7.148414 -17.500324 -7.059577 -0.047919 0.15971 2.001189 11.112934 2.360371 0.21384 -1.4034 0.931703 0.918409 0.0 0.0 -1e-06 
0.0 0.0 0.0 0.0 -0.0 0.0 0.976218 99.937347 6.011213 -0.63656 -7.645416 8.691147 -1.694053 -0.166266 -3.503529 -0.876858 -0.620422 -5.706217 -2.916525 -2.874377 6.274729 7.910516 0.254692 -7.597276 0.354399 2.588611 -3.846965 6.111823 -2.323957 -3.086789 7.7e-05 -2.3e-05 6e-06 0.007548 0.104842 -0.00852 0.750992 -3.563191 -10.701847 -0.734932 3.754028 -10.657023 4.227941 -9.801473 3.43053 17.570705 -63.359001 -61.110073 1.420495 -62.461411 -0.261978 41.942165 5.23829 -9.153927 -5.882107 9.861284 0.702589 -10.936875 -0.360575 7.156208 0.0 8.774822 -1e-06 -15.899216 17.906597 5.916877 -1.844033 2.498504 -2.507278 -10.163602 4.678943 4.621109 -20.976028 -3e-06 5e-06 -21.226292 2.451698 -3.593998 1e-06 -5e-06 -0.0 -1.362682 2.240798 -0.746324 -21.334921 0.584909 3.008324 -13.821217 -3e-06 4e-06 -23.887175 -0.249077 -0.83948 -59.752525 2.609388 -1.264766 -0.294025 1.679687 0.833255 -14.218211 0.093215 1.300581 -34.212051 -0.287564 0.967172 -20.033216 0.964537 1.212845 -1e-06 -1e-06 0.0 -3.440389 0.788233 0.501656 -15.928189 -3.16731 2.999709 -6.338827 -2e-06 2e-06 -18.123449 3.648182 -4.905669 -5e-06 -0.0 -2e-06 -13.912433 10.894279 -1.379048 -27.946524 43.51247 -76.378639 0.433755 45.317375 -3.084126 -6.149473 27.943293 23.571121 2.243542 -5.255037 -3.180159 14.282892 -0.826592 6.952502 -4e-06 -12.690608 -2e-06 15.393328 -16.070848 2.451231 1.665667 -1.95592 -2.878298 4.727799 -4.170586 4.993923 11.020526 4e-06 -1e-06 12.109053 -3.735714 -2.866784 -1e-06 -1e-06 1e-06 1.291984 -1.92855 -1.498089 14.800131 0.56747 3.865606 14.242573 -1.341735 -6.660657 19.631969 0.14393 -0.648244 47.100761 -1.010348 -6.190424 0.353029 -1.511152 -0.03194 20.222797 3.684315 2.31663 18.787275 8e-06 2e-06 10.751629 -0.479866 1.397906 0.0 -0.0 -0.0 3.273808 0.305948 -0.58011 21.486818 11.830381 2.266135 8.162929 3e-06 -2e-06 18.399084 -3.798983 -4.940575 2e-06 -1e-06 -2e-06 1.800762 26.850464 -1.919008 0.026836 -0.220819 1.750572 -6.548806 8.797994 -7.313971 1.642226 -1.884259 1.443149 -0.0 1e-06 2e-06 -7.12913 -17.574663 -7.02232 -0.0446 0.17597 2.00755 11.003754 2.326627 0.055259 -1.402944 0.921945 0.929549 0.0 0.0 -1e-06 
0.0 0.0 0.0 0.0 -0.0 0.0 0.840017 99.922897 5.804914 -0.597008 -7.528807 8.614251 -1.67315 -0.155318 -3.474132 -0.871891 -0.63639 -5.696156 -2.892398 -2.872548 6.342062 8.160921 0.267299 -7.790734 0.315282 2.524343 -3.840519 6.117019 -2.385286 -3.064674 7.7e-05 -2.2e-05 6e-06 0.00326 0.090121 -0.009237 0.746427 -3.576238 -10.691729 -0.738558 3.737684 -10.648438 4.097592 -9.837469 3.43846 17.569382 -63.354225 -61.29039 1.204224 -62.385281 -0.046611 42.04557 5.205756 -9.018865 -5.882107 9.861286 0.702591 -10.936872 -0.360573 7.156204 -1e-06 8.774826 -0.0 -15.850257 17.892342 5.946628 -1.844032 2.498504 -2.507277 -10.1636 4.678946 4.621109 -20.976023 -3e-06 1e-06 -21.226288 2.451696 -3.594002 -0.0 -5e-06 -1e-06 -1.362682 2.240798 -0.746323 -21.334913 0.584911 3.008322 -13.821215 -2e-06 3e-06 -23.887169 -0.249078 -0.839483 -59.640816 2.628576 -1.269231 -0.294025 1.679688 0.833255 -14.218209 0.093214 1.300579 -34.212048 -0.287563 0.967169 -20.033209 0.964537 1.212842 -0.0 -0.0 0.0 -3.440388 0.788234 0.501655 -15.928185 -3.167309 2.999706 -6.338826 -0.0 1e-06 -18.123449 3.648184 -4.90567 -5e-06 -0.0 -2e-06 -13.693704 10.96123 -1.297304 -28.291069 43.589806 -76.720894 0.507478 45.250065 -2.878731 -5.82716 27.849951 23.927954 2.243541 -5.255038 -3.180159 14.282901 -0.826594 6.952507 -3e-06 -12.69061 -1e-06 15.400744 -16.101791 2.425837 1.665667 -1.955922 -2.878301 4.727802 -4.170588 4.993926 11.020535 4e-06 -2e-06 12.10906 -3.735715 -2.866785 -1e-06 -0.0 1e-06 1.291985 -1.928551 -1.49809 14.800138 0.567468 3.865609 14.24258 -1.341736 -6.660662 19.631981 0.143929 -0.648244 47.12561 -0.998558 -6.210814 0.353028 -1.51115 -0.031939 20.222807 3.684315 2.316632 18.787287 7e-06 -0.0 10.751636 -0.479868 1.397907 1e-06 1e-06 -0.0 3.273809 0.305949 -0.580111 21.486832 11.830384 2.266134 8.162934 2e-06 -3e-06 18.399096 -3.798984 -4.940578 3e-06 -0.0 -1e-06 1.883983 26.827438 -1.964429 0.022163 -0.227368 1.825159 -6.590205 8.744748 -7.370744 1.646455 -1.883217 1.469297 -0.0 -0.0 2e-06 -7.071839 -17.593447 -7.015363 -0.040182 0.198765 2.012301 10.915517 2.240119 -0.136037 -1.402468 0.917692 0.965997 -0.0 0.0 -1e-06 
0.0 0.0 0.0 0.0 -0.0 0.0 0.698233 99.909927 5.572528 -0.555013 -7.451339 8.532056 -1.642925 -0.138337 -3.441017 -0.87212 -0.649939 -5.688665 -2.894563 -2.853215 6.437293 8.368675 0.315184 -7.99184 0.265879 2.432488 -3.832526 6.109814 -2.458565 -2.951876 7.7e-05 -2.2e-05 6e-06 -0.002361 0.064816 -0.009958 0.739776 -3.601755 -10.687165 -0.742936 3.712473 -10.649346 3.956446 -9.833263 3.549616 17.787792 -63.313786 -61.685562 0.949488 -62.359013 0.112102 42.12883 5.198426 -8.77617 -5.882109 9.861287 0.70259 -10.936877 -0.360576 7.156209 2e-06 8.774828 -2e-06 -15.831764 17.896713 5.961771 -1.844032 2.498504 -2.507277 -10.163605 4.678946 4.62111 -20.976036 -4e-06 4e-06 -21.226299 2.451696 -3.593998 1e-06 -5e-06 -0.0 -1.362682 2.240798 -0.746324 -21.334925 0.584908 3.008327 -13.82122 -3e-06 4e-06 -23.887182 -0.249078 -0.83948 -59.594578 2.612663 -1.278213 -0.294024 1.679686 0.833256 -14.218216 0.093214 1.300582 -34.212067 -0.287564 0.967174 -20.033222 0.964537 1.212845 -0.0 -0.0 0.0 -3.44039 0.788234 0.501656 -15.928194 -3.16731 2.99971 -6.338829 -2e-06 1e-06 -18.123453 3.648182 -4.90567 -5e-06 -0.0 -2e-06 -13.487011 11.025313 -1.257957 -28.589127 43.647861 -76.989021 0.639169 45.180386 -2.603956 -5.637852 27.81542 24.050758 2.243541 -5.255036 -3.180157 14.282889 -0.826594 6.952504 -3e-06 -12.690603 -1e-06 15.457149 -16.189569 2.39353 1.665666 -1.955922 -2.878299 4.727799 -4.170586 4.993924 11.020526 3e-06 -0.0 12.109052 -3.735714 -2.866783 -2e-06 -1e-06 1e-06 1.291986 -1.928549 -1.49809 14.800131 0.56747 3.865609 14.242571 -1.341735 -6.660656 19.631968 0.143926 -0.648241 47.282337 -1.007118 -6.258231 0.353028 -1.51115 -0.031939 20.222794 3.684311 2.316632 18.78727 6e-06 1e-06 10.751627 -0.479867 1.397907 1e-06 1e-06 -0.0 3.273806 0.305946 -0.58011 21.486818 11.830378 2.266135 8.162928 1e-06 -1e-06 18.39908 -3.798984 -4.940573 3e-06 -0.0 -1e-06 1.967337 26.883183 -2.169173 0.018163 -0.246001 2.201586 -6.664488 8.715978 -7.397328 1.652851 -1.88354 1.484104 -0.0 -1e-06 2e-06 -7.005072 -17.621189 -7.011499 -0.032993 0.227084 1.999714 10.873516 2.166196 -0.316442 -1.40178 0.921809 1.033872 -0.0 1e-06 -1e-06 
0.0 0.0 0.0 0.0 -0.0 0.0 0.525048 99.895782 5.32727 -0.506421 -7.387469 8.455671 -1.608656 -0.122365 -3.420209 -0.885711 -0.654144 -5.667686 -2.884874 -2.829349 6.530343 8.509892 0.368773 -8.168346 0.212573 2.330553 -3.831731 6.090365 -2.574042 -2.752041 7.7e-05 -2.2e-05 6e-06 -0.010089 0.029437 -0.00808 0.730784 -3.637354 -10.679711 -0.749454 3.677684 -10.651665 3.766526 -9.831225 3.699546 18.182756 -63.22892 -62.103359 0.845897 -62.30444 0.02833 42.136692 5.212394 -8.395883 -5.882117 9.861301 0.702591 -10.936889 -0.360575 7.156216 -2e-06 8.774838 -4e-06 -15.86276 17.938459 5.93092 -1.844035 2.498509 -2.50728 -10.163618 4.678955 4.621113 -20.976057 2e-06 8e-06 -21.226322 2.451709 -3.594004 1e-06 -5e-06 -1e-06 -1.362684 2.240802 -0.746324 -21.334948 0.584914 3.00833 -13.821238 0.0 4e-06 -23.887205 -0.24907 -0.839483 -59.638817 2.570887 -1.323754 -0.294025 1.67969 0.833256 -14.218231 0.093217 1.300585 -34.212105 -0.287555 0.967174 -20.033245 0.964543 1.212844 -0.0 -0.0 0.0 -3.440394 0.788234 0.501656 -15.928213 -3.167313 2.999713 -6.338837 -0.0 2e-06 -18.123476 3.648193 -4.905678 -5e-06 -0.0 -2e-06 -13.327811 11.065751 -1.309216 -28.868263 43.766239 -77.073387 0.6308 44.997116 -2.460997 -5.583731 27.841707 23.882101 2.243543 -5.255041 -3.18016 14.282902 -0.82659 6.9525 -3e-06 -12.690609 -2e-06 15.522841 -16.263187 2.371189 1.665668 -1.955922 -2.878301 4.727801 -4.170585 4.993924 11.020536 5e-06 -4e-06 12.109061 -3.735714 -2.866788 -1e-06 0.0 1e-06 1.291986 -1.92855 -1.498091 14.800139 0.56747 3.865606 14.242585 -1.341732 -6.660666 19.631985 0.143931 -0.648249 47.569733 -1.036331 -6.314284 0.353029 -1.51115 -0.031941 20.222807 3.684314 2.316626 18.787289 1e-05 -5e-06 10.751636 -0.479865 1.397905 0.0 1e-06 -0.0 3.27381 0.305947 -0.580113 21.48683 11.830382 2.26613 8.162933 4e-06 -5e-06 18.399092 -3.798977 -4.94058 3e-06 -0.0 -2e-06 2.042763 26.984762 -2.450117 0.01719 -0.278111 2.684291 -6.745065 8.735585 -7.600107 1.662319 -1.878113 1.45546 -0.0 -0.0 2e-06 -6.927022 -17.725317 -7.002362 -0.023049 0.260677 1.941694 10.86767 2.187752 -0.482886 -1.401369 0.931795 1.085396 -0.0 0.0 -1e-06 
0.0 0.0 0.0 0.0 -0.0 0.0 0.329953 99.881767 5.060778 -0.453642 -7.240105 8.374944 -1.575802 -0.109428 -3.384676 -0.915852 -0.676468 -5.629458 -2.822472 -2.82268 6.616432 8.496461 0.383393 -8.313596 0.175495 2.213469 -3.804973 6.062853 -2.724187 -2.519621 7.7e-05 -2.2e-05 6e-06 -0.010239 0.009678 0.00384 0.729263 -3.651992 -10.646234 -0.748321 3.654012 -10.623604 3.632553 -9.916531 3.878116 18.518864 -63.012497 -62.336479 1.095811 -62.27018 -0.37827 42.071579 5.30815 -8.077311 -5.882113 9.861295 0.702589 -10.936883 -0.360576 7.156212 -0.0 8.774835 -2e-06 -15.934628 17.982435 5.835257 -1.844034 2.498508 -2.507279 -10.16361 4.678952 4.621112 -20.976044 -0.0 4e-06 -21.226303 2.451703 -3.594005 -1e-06 -5e-06 -0.0 -1.362683 2.2408 -0.746324 -21.334934 0.584912 3.008326 -13.821228 -2e-06 3e-06 -23.887192 -0.249074 -0.839484 -59.704426 2.565006 -1.482588 -0.294025 1.67969 0.833257 -14.218224 0.093215 1.300583 -34.212082 -0.287558 0.967171 -20.033232 0.964539 1.212843 -1e-06 -0.0 1e-06 -3.440392 0.788234 0.501656 -15.928203 -3.167311 2.999712 -6.338833 -1e-06 1e-06 -18.123466 3.648189 -4.905676 -6e-06 0.0 -2e-06 -13.261945 11.042428 -1.403932 -29.178438 43.995605 -77.106445 0.311604 44.686317 -2.473426 -5.527926 27.880447 23.446381 2.243545 -5.255043 -3.180162 14.282907 -0.82659 6.952506 -4e-06 -12.690614 -3e-06 15.532536 -16.229277 2.331372 1.665669 -1.955924 -2.878301 4.727803 -4.170591 4.993926 11.020541 4e-06 -4e-06 12.109068 -3.735715 -2.866789 -1e-06 -1e-06 -0.0 1.291988 -1.928552 -1.498091 14.800148 0.567472 3.865607 14.24259 -1.341735 -6.660667 19.631992 0.143932 -0.648248 47.810776 -1.02507 -6.346193 0.35303 -1.511152 -0.03194 20.222818 3.684316 2.316628 18.787296 1.4e-05 -4e-06 10.751639 -0.479864 1.397908 0.0 -0.0 -0.0 3.273812 0.305948 -0.580113 21.486843 11.830391 2.266133 8.162937 5e-06 -4e-06 18.399101 -3.798978 -4.940583 3e-06 1e-06 -1e-06 2.14073 27.099411 -2.836469 0.004455 -0.323049 3.352931 -6.843438 8.734498 -7.741728 1.666658 -1.866549 1.413047 0.0 -0.0 2e-06 -6.845525 -17.953867 -6.993014 -0.011614 0.29507 1.84709 10.899756 2.313145 -0.600134 -1.396799 0.941336 1.093938 0.0 0.0 -1e-06 
0.0 0.0 0.0 0.0 -0.0 0.0 0.12336 99.895103 4.840226 -0.469035 -7.283474 8.248294 -1.456883 -0.056392 -3.293077 -0.911807 -0.675458 -5.588863 -2.776945 -2.745806 6.649091 8.420236 0.450419 -8.257673 0.055918 1.919243 -3.759026 5.684986 -2.896548 -2.734741 7.7e-05 -2.2e-05 5e-06 -0.011703 -0.010451 0.020591 0.728399 -3.672368 -10.638715 -0.750913 3.633559 -10.619785 3.755209 -9.871584 3.85003 17.786737 -63.171841 -62.637123 1.057776 -62.185486 -0.595261 42.203621 4.274746 -6.682648 -5.88211 9.86129 0.702589 -10.936877 -0.360575 7.156209 -1e-06 8.774826 -2e-06 -15.882216 17.973545 5.816997 -1.844033 2.498504 -2.507279 -10.163605 4.678947 4.62111 -20.976038 -2e-06 4e-06 -21.226301 2.451698 -3.594003 -1e-06 -6e-06 -1e-06 -1.362682 2.240798 -0.746323 -21.334925 0.584909 3.008325 -13.821223 -2e-06 3e-06 -23.887184 -0.249079 -0.839482 -59.709057 2.617523 -1.603144 -0.294025 1.679689 0.833257 -14.218215 0.093214 1.30058 -34.212067 -0.287562 0.967171 -20.033222 0.964537 1.212843 -1e-06 1e-06 1e-06 -3.440391 0.788233 0.501656 -15.928198 -3.167309 2.999708 -6.338829 -2e-06 1e-06 -18.123459 3.648183 -4.905674 -4e-06 1e-06 -3e-06 -13.355374 11.268902 -1.47805 -29.522032 43.781487 -76.919853 1.200003 44.63747 -1.664698 -7.181974 28.003759 24.662767 2.243542 -5.255037 -3.180158 14.282894 -0.826591 6.952506 -4e-06 -12.690606 -1e-06 15.530978 -16.36149 2.441471 1.665667 -1.955921 -2.878299 4.727801 -4.170588 4.993925 11.020528 4e-06 -1e-06 12.109056 -3.735715 -2.866784 -1e-06 -1e-06 0.0 1.291985 -1.92855 -1.498089 14.800134 0.56747 3.86561 14.242574 -1.341734 -6.660657 19.631975 0.143927 -0.648243 48.325619 -1.053374 -6.342789 0.353029 -1.51115 -0.031941 20.222795 3.684313 2.316633 18.787275 7e-06 1e-06 10.75163 -0.479866 1.397908 0.0 1e-06 -1e-06 3.273807 0.305948 -0.580111 21.48682 11.830379 2.266137 8.162928 4e-06 -1e-06 18.399084 -3.798982 -4.940573 3e-06 1e-06 -1e-06 2.319093 27.175768 -2.955502 -0.009549 -0.334702 3.676375 -7.00542 9.008394 -7.766749 1.672409 -1.880368 1.407178 0.0 1e-06 2e-06 -6.726739 -18.000633 -7.12767 -0.019966 0.323966 2.08978 10.908886 2.832177 -0.707947 -1.401047 0.934633 1.10905 -0.0 0.0 -1e-06 
0.0 0.0 0.0 0.0 -0.0 0.0 0.051812 99.956039 4.715483 -0.408768 -6.912998 7.910376 -1.393761 -0.162184 -3.104263 -0.93857 -0.615394 -5.53381 -2.70115 -2.781949 6.617922 8.614102 0.21231 -7.952677 0.054567 1.80919 -3.806981 5.133361 -2.569832 -2.658635 7.7e-05 -2.2e-05 6e-06 -0.010506 4.9e-05 0.015173 0.724261 -3.656386 -10.609056 -0.744182 3.642058 -10.621716 3.886543 -9.868641 3.766145 15.93392 -64.06517 -62.197369 1.495706 -62.085342 -0.764392 42.420994 3.673167 -4.652741 -5.882108 9.861286 0.702591 -10.936877 -0.360576 7.156209 3e-06 8.774824 -0.0 -15.904454 17.813829 5.495569 -1.844033 2.498505 -2.507278 -10.163604 4.678943 4.62111 -20.976034 -6e-06 5e-06 -21.226295 2.451695 -3.593997 -1e-06 -6e-06 -1e-06 -1.362682 2.240799 -0.746322 -21.334923 0.584906 3.008327 -13.82122 -4e-06 5e-06 -23.887178 -0.249078 -0.839478 -59.122837 2.590934 -1.430371 -0.294025 1.679688 0.833257 -14.218216 0.093212 1.300582 -34.212067 -0.287565 0.967176 -20.033222 0.964536 1.212846 -0.0 1e-06 2e-06 -3.44039 0.788232 0.501656 -15.928198 -3.167311 2.999709 -6.338829 -2e-06 2e-06 -18.123453 3.648181 -4.905669 -3e-06 2e-06 -3e-06 -12.613266 11.301757 -1.155596 -30.699556 43.65554 -75.405151 0.572855 44.699913 -2.264665 -9.071529 28.25506 23.317513 2.243542 -5.255037 -3.18016 14.282891 -0.826593 6.952507 -3e-06 -12.690609 -1e-06 15.603923 -16.240913 2.352005 1.665667 -1.955922 -2.8783 4.727797 -4.170587 4.993926 11.020526 4e-06 0.0 12.109053 -3.735715 -2.866784 -1e-06 -0.0 0.0 1.291986 -1.928549 -1.498089 14.800136 0.567471 3.86561 14.242573 -1.341735 -6.660657 19.631973 0.143928 -0.648241 48.577118 -1.104289 -6.28626 0.35303 -1.511152 -0.03194 20.222797 3.684314 2.316633 18.787279 5e-06 1e-06 10.75163 -0.479869 1.397908 1e-06 -0.0 -0.0 3.273807 0.305946 -0.58011 21.48682 11.830382 2.266135 8.16293 2e-06 -0.0 18.399086 -3.798985 -4.940573 2e-06 0.0 -1e-06 2.535211 26.88909 -2.547913 -0.012515 -0.33555 3.452836 -6.837392 9.152644 -7.543198 1.647983 -1.838752 1.202584 0.0 -0.0 2e-06 -6.880587 -17.742067 -6.491808 0.03916 0.363215 1.610019 10.864968 2.601782 -0.553901 -1.389047 1.020736 1.107458 0.0 0.0 -1e-06 
0.0 0.0 0.0 0.0 -0.0 0.0 0.028112 99.962151 4.621445 -0.326091 -6.480751 7.588356 -1.334644 -0.207653 -2.909856 -0.90943 -0.592088 -5.489597 -2.715838 -2.831585 6.554164 8.969885 -0.003127 -7.707922 0.066279 1.606424 -3.834921 4.356262 -2.273663 -2.745576 7.7e-05 -2.2e-05 6e-06 0.007949 0.06391 0.011194 0.735504 -3.592015 -10.576012 -0.71839 3.706194 -10.614135 4.142881 -9.873801 3.807759 14.15727 -64.871857 -62.122162 1.680346 -62.314461 -0.61981 42.218506 3.306097 -3.056009 -5.882112 9.861292 0.702589 -10.936881 -0.360576 7.156211 -0.0 8.774831 -3e-06 -15.905159 17.733511 5.263113 -1.844034 2.498507 -2.507279 -10.163607 4.678948 4.621111 -20.97604 0.0 4e-06 -21.226303 2.4517 -3.594004 -1e-06 -6e-06 -0.0 -1.362683 2.2408 -0.746324 -21.334934 0.584912 3.008328 -13.821227 -2e-06 3e-06 -23.887192 -0.249074 -0.839483 -58.712231 2.487883 -1.316386 -0.294025 1.679688 0.833257 -14.218223 0.093215 1.300583 -34.212082 -0.287558 0.967173 -20.033232 0.964539 1.212845 -1e-06 0.0 1e-06 -3.440392 0.788234 0.501655 -15.928201 -3.167311 2.999711 -6.338832 -1e-06 2e-06 -18.123461 3.648186 -4.905673 -3e-06 1e-06 -3e-06 -11.754434 11.282045 -0.525371 -32.218464 43.361885 -74.314133 -0.191592 44.571972 -2.857852 -10.539554 28.057835 21.468227 2.243543 -5.255041 -3.180161 14.282902 -0.826591 6.952506 -3e-06 -12.690611 -3e-06 15.648706 -16.162592 2.329533 1.665666 -1.955924 -2.878301 4.727802 -4.17059 4.993924 11.020535 6e-06 -2e-06 12.10906 -3.735717 -2.866787 -1e-06 -1e-06 1e-06 1.291986 -1.928551 -1.498091 14.800139 0.567473 3.865609 14.242581 -1.341735 -6.660663 19.631979 0.143929 -0.648245 48.606594 -1.095528 -6.303737 0.353029 -1.51115 -0.031941 20.222803 3.684317 2.316633 18.787287 9e-06 1e-06 10.751635 -0.479867 1.397907 1e-06 1e-06 -1e-06 3.273809 0.305947 -0.580111 21.486834 11.830387 2.266137 8.162934 3e-06 -1e-06 18.399094 -3.798984 -4.940578 3e-06 -0.0 -1e-06 2.674066 26.746397 -2.282694 -0.015373 -0.353463 3.445141 -6.792228 9.135132 -7.383099 1.641076 -1.817222 1.185734 -0.0 -0.0 2e-06 -7.098849 -17.353798 -6.011823 0.085915 0.372484 1.518015 10.808291 2.545977 -0.625439 -1.379894 1.06703 1.120824 0.0 0.0 -1e-06 
0.0 0.0 0.0 0.0 -0.0 0.0 0.029678 99.958191 4.5642 -0.255658 -6.070975 7.272253 -1.27058 -0.227909 -2.701434 -0.883505 -0.558082 -5.472198 -2.737672 -2.876197 6.485815 9.441979 -0.177369 -7.457693 0.030931 1.282123 -3.83728 3.542031 -2.150967 -3.117715 7.6e-05 -2.2e-05 6e-06 0.021914 0.107895 0.014156 0.734251 -3.553513 -10.559206 -0.689146 3.755157 -10.611807 4.36933 -9.869036 3.870424 12.739585 -65.535576 -62.267262 1.582082 -62.79747 -0.237633 41.789124 2.989843 -1.820364 -5.88211 9.861292 0.702589 -10.936877 -0.360575 7.156209 -1e-06 8.774831 -4e-06 -15.933739 17.736778 5.158587 -1.844033 2.498507 -2.507278 -10.163606 4.678946 4.62111 -20.976038 -1e-06 4e-06 -21.226301 2.451702 -3.594005 -1e-06 -7e-06 -0.0 -1.362682 2.240799 -0.746324 -21.334929 0.584911 3.008326 -13.821221 -2e-06 4e-06 -23.887184 -0.249075 -0.839483 -58.601055 2.415595 -1.232737 -0.294025 1.67969 0.833256 -14.218215 0.093215 1.300582 -34.212067 -0.28756 0.967171 -20.033226 0.964539 1.212844 0.0 -0.0 1e-06 -3.440391 0.788234 0.501655 -15.928194 -3.167312 2.999711 -6.33883 -1e-06 1e-06 -18.123455 3.648187 -4.905674 -3e-06 2e-06 -3e-06 -10.792735 11.292312 0.199525 -33.759148 42.896904 -73.485451 -0.649628 44.570023 -3.234705 -11.93313 27.662952 20.132399 2.243542 -5.255039 -3.180159 14.282896 -0.826594 6.952504 -2e-06 -12.69061 -1e-06 15.592596 -16.094112 2.319051 1.665667 -1.955923 -2.878301 4.727799 -4.170588 4.993924 11.020529 3e-06 -3e-06 12.109058 -3.735716 -2.866788 -0.0 -0.0 1e-06 1.291986 -1.928552 -1.498091 14.800134 0.56747 3.865608 14.24258 -1.341735 -6.660664 19.631973 0.143928 -0.648247 48.459751 -1.10288 -6.320776 0.353028 -1.51115 -0.031939 20.222801 3.684312 2.316629 18.787283 5e-06 -3e-06 10.751633 -0.479868 1.397905 1e-06 1e-06 -1e-06 3.273808 0.305947 -0.580111 21.486824 11.830381 2.266133 8.162932 3e-06 -3e-06 18.399088 -3.798983 -4.940578 3e-06 -0.0 -1e-06 2.80913 26.718876 -1.96242 -0.0132 -0.378671 3.380027 -6.812347 9.10672 -7.18754 1.646873 -1.802462 1.243548 -0.0 0.0 2e-06 -7.320453 -16.862707 -5.525542 0.102477 0.382156 1.431882 10.767125 2.516976 -0.692159 -1.374532 1.085073 1.114569 0.0 0.0 -1e-06 
0.0 0.0 0.0 0.0 -0.0 0.0 0.038265 99.967506 4.520927 -0.194024 -5.649272 6.967454 -1.197904 -0.23485 -2.474756 -0.859585 -0.526811 -5.454624 -2.746014 -2.922174 6.400638 9.949948 -0.31072 -7.272664 -0.047643 0.867101 -3.824003 2.736575 -2.224216 -3.629402 7.7e-05 -2.2e-05 6e-06 0.029356 0.123113 0.016999 0.7267 -3.546037 -10.548627 -0.666705 3.776746 -10.607697 4.587761 -9.881631 3.963201 11.686171 -65.969933 -62.719128 1.148714 -63.640099 0.306775 41.210876 2.709666 -0.685116 -5.882106 9.861284 0.70259 -10.936869 -0.360572 7.156202 0.0 8.774823 -1e-06 -16.021826 17.753965 5.115669 -1.844032 2.498506 -2.507277 -10.163597 4.678944 4.621107 -20.976021 -3e-06 3e-06 -21.226282 2.451698 -3.594001 -1e-06 -6e-06 -0.0 -1.362682 2.240799 -0.746323 -21.334911 0.584912 3.008321 -13.821213 -2e-06 2e-06 -23.887163 -0.249078 -0.839486 -58.673088 2.383122 -1.199399 -0.294025 1.679686 0.833256 -14.218205 0.093217 1.30058 -34.212044 -0.287563 0.967168 -20.033207 0.964539 1.212842 -1e-06 -0.0 1e-06 -3.440387 0.788233 0.501655 -15.928183 -3.167307 2.999704 -6.338825 -1e-06 1e-06 -18.123444 3.648184 -4.90567 -4e-06 2e-06 -2e-06 -9.831579 11.290263 0.923165 -35.18573 42.296116 -72.781738 -0.968247 44.817478 -3.550985 -13.394326 27.343554 19.137093 2.243541 -5.255034 -3.180157 14.282887 -0.826593 6.952497 -2e-06 -12.6906 -1e-06 15.551634 -16.037539 2.309842 1.665665 -1.95592 -2.878299 4.727797 -4.170585 4.993921 11.020524 2e-06 -2e-06 12.109046 -3.735712 -2.866784 -1e-06 -1e-06 1e-06 1.291986 -1.928548 -1.49809 14.800125 0.567469 3.865604 14.242569 -1.341735 -6.660656 19.631964 0.143927 -0.648247 48.285233 -1.127941 -6.319113 0.353029 -1.51115 -0.03194 20.222786 3.684309 2.316628 18.78727 7e-06 -2e-06 10.751625 -0.479866 1.397904 1e-06 1e-06 -0.0 3.273806 0.305947 -0.580111 21.486803 11.830369 2.26613 8.162922 3e-06 -2e-06 18.399075 -3.798979 -4.940574 3e-06 -1e-06 -1e-06 2.944384 26.703314 -1.610166 -0.009953 -0.40418 3.229588 -6.851385 9.007206 -6.937359 1.654515 -1.793427 1.310178 -0.0 0.0 2e-06 -7.53012 -16.399727 -5.041348 0.100293 0.385168 1.361408 10.768449 2.481019 -0.738674 -1.372403 1.090935 1.149962 -0.0 0.0 -1e-06 
0.0 0.0 0.0 0.0 -0.0 0.0 0.044428 99.98172 4.474198 -0.127941 -5.141418 6.69392 -1.116471 -0.239541 -2.248686 -0.835331 -0.501596 -5.425915 -2.758178 -2.997287 6.304285 10.490568 -0.418836 -7.199347 -0.166035 0.3979 -3.807033 1.952994 -2.449788 -4.152627 7.7e-05 -2.2e-05 6e-06 0.030432 0.110668 0.017523 0.71764 -3.566909 -10.537694 -0.655511 3.771552 -10.595366 4.827867 -9.944501 4.077905 10.874512 -66.149635 -63.409184 0.405535 -64.815681 0.955204 40.494587 2.395437 0.226901 -5.882109 9.861289 0.702589 -10.936878 -0.360577 7.15621 1e-06 8.774827 -3e-06 -16.123718 17.74279 5.083538 -1.844033 2.498507 -2.507279 -10.163605 4.678947 4.621112 -20.976038 -4e-06 6e-06 -21.226299 2.451697 -3.593998 -1e-06 -7e-06 -1e-06 -1.362681 2.240798 -0.746323 -21.334925 0.584908 3.008328 -13.821223 -4e-06 5e-06 -23.887184 -0.249075 -0.839479 -58.782803 2.357018 -1.201998 -0.294025 1.679688 0.833256 -14.218215 0.093214 1.300582 -34.21207 -0.287563 0.967176 -20.033226 0.964538 1.212846 -1e-06 0.0 1e-06 -3.440391 0.788234 0.501655 -15.928198 -3.167313 2.999711 -6.33883 -1e-06 2e-06 -18.123455 3.648183 -4.905671 -3e-06 1e-06 -2e-06 -8.928376 11.208749 1.628765 -36.468651 41.620762 -72.250275 -1.187541 45.33083 -3.879082 -14.852343 27.010319 18.373663 2.243541 -5.255039 -3.180159 14.282896 -0.826591 6.952506 -4e-06 -12.69061 -1e-06 15.521842 -15.988238 2.330634 1.665666 -1.955924 -2.878299 4.727799 -4.170588 4.993925 11.020531 4e-06 -1e-06 12.109054 -3.735715 -2.866785 -1e-06 -0.0 1e-06 1.291986 -1.928549 -1.498089 14.800136 0.567471 3.865609 14.242575 -1.341733 -6.66066 19.631973 0.14393 -0.648242 48.121777 -1.148814 -6.297172 0.353027 -1.511152 -0.03194 20.222801 3.684315 2.316632 18.787283 8e-06 1e-06 10.751633 -0.479867 1.397908 0.0 -0.0 -1e-06 3.273808 0.305947 -0.580112 21.486826 11.830383 2.266136 8.16293 2e-06 -1e-06 18.39909 -3.798983 -4.940576 3e-06 -1e-06 -1e-06 3.072363 26.663805 -1.357263 -0.010115 -0.421056 3.182484 -6.924173 8.759894 -6.724617 1.658482 -1.791194 1.357783 -0.0 0.0 2e-06 -7.722012 -16.010681 -4.576342 0.088596 0.392634 1.316546 10.771352 2.384885 -0.80561 -1.3727 1.1004 1.22636 -0.0 0.0 -1e-06 
0.0 0.0 0.0 0.0 -0.0 0.0 0.025182 99.99514 4.416082 -0.063637 -4.561542 6.458985 -1.030202 -0.232692 -2.03474 -0.806979 -0.488943 -5.380058 -2.780221 -3.115668 6.186579 11.090533 -0.509693 -7.220119 -0.32584 -0.147632 -3.796446 1.18989 -2.741166 -4.650866 7.7e-05 -2.3e-05 6e-06 0.028734 0.08725 0.016707 0.708925 -3.600985 -10.531854 -0.650384 3.757683 -10.581689 5.104244 -10.077437 4.173926 9.939365 -66.105087 -63.91555 -0.393254 -66.232002 1.567499 39.703579 2.062692 0.955843 -5.882115 9.8613 0.70259 -10.936885 -0.360576 7.156216 -2e-06 8.774837 -2e-06 -16.19717 17.725998 5.062796 -1.844035 2.498509 -2.507281 -10.163614 4.678952 4.621113 -20.976053 1e-06 2e-06 -21.226315 2.451705 -3.594006 -2e-06 -6e-06 -1e-06 -1.362684 2.240801 -0.746325 -21.334942 0.584915 3.008329 -13.821235 1e-06 4e-06 -23.887203 -0.249075 -0.839486 -58.852955 2.32306 -1.216129 -0.294025 1.67969 0.833257 -14.218225 0.093216 1.300585 -34.212097 -0.287556 0.967171 -20.033237 0.964542 1.212844 -2e-06 -0.0 1e-06 -3.440393 0.788235 0.501657 -15.928208 -3.167312 2.999713 -6.338835 -1e-06 2e-06 -18.123474 3.648191 -4.905679 -3e-06 1e-06 -2e-06 -8.169573 11.084763 2.260173 -37.516998 40.915054 -71.661095 -1.382528 45.956787 -4.128612 -16.292696 26.555449 17.835224 2.243545 -5.255044 -3.180162 14.282911 -0.82659 6.952507 -6e-06 -12.690618 -2e-06 15.460598 -15.941585 2.390699 1.665668 -1.955923 -2.878303 4.727804 -4.170591 4.993927 11.020544 5e-06 -4e-06 12.109072 -3.735717 -2.866791 1e-06 1e-06 0.0 1.291986 -1.928552 -1.498091 14.800149 0.567473 3.865609 14.242594 -1.341734 -6.660669 19.631998 0.143933 -0.648247 48.008308 -1.151261 -6.263131 0.353029 -1.511151 -0.03194 20.22282 3.684318 2.316629 18.7873 1.2e-05 -4e-06 10.751643 -0.479865 1.397906 -1e-06 -1e-06 -0.0 3.273813 0.305948 -0.580113 21.486851 11.830395 2.266133 8.162937 4e-06 -3e-06 18.399103 -3.798979 -4.940581 4e-06 -1e-06 -1e-06 3.19251 26.560181 -1.153273 -0.013395 -0.420074 3.116461 -6.992718 8.457616 -6.509232 1.661159 -1.795561 1.378004 -0.0 0.0 2e-06 -7.879824 -15.656576 -4.148277 0.074482 0.39194 1.29169 10.748506 2.248309 -0.898018 -1.374221 1.107591 1.280698 -0.0 0.0 -1e-06 
0.0 0.0 0.0 0.0 -0.0 0.0 -0.026163 99.99556 4.365646 -0.001259 -3.965802 6.246941 -0.951509 -0.208663 -1.827213 -0.771686 -0.499986 -5.319355 -2.801921 -3.260601 6.043704 11.772778 -0.614545 -7.287982 -0.526725 -0.749986 -3.804287 0.442007 -3.091604 -5.118132 7.7e-05 -2.3e-05 6e-06 0.026004 0.061451 0.016665 0.699172 -3.638328 -10.532613 -0.646455 3.742597 -10.566759 5.410074 -10.290811 4.278209 8.850327 -65.864731 -64.184814 -1.146554 -67.724785 2.127606 38.935848 1.695864 1.583834 -5.882106 9.861286 0.70259 -10.936873 -0.360578 7.156209 1e-06 8.774828 -2e-06 -16.251921 17.724714 5.063452 -1.844032 2.498505 -2.507279 -10.163603 4.678943 4.62111 -20.976027 -4e-06 5e-06 -21.226292 2.451698 -3.593999 -1e-06 -6e-06 -1e-06 -1.362682 2.240799 -0.746325 -21.334921 0.584908 3.008327 -13.821218 -4e-06 5e-06 -23.887177 -0.249079 -0.83948 -58.94286 2.288285 -1.224832 -0.294024 1.679689 0.833257 -14.218212 0.093213 1.300583 -34.212048 -0.287564 0.967175 -20.033218 0.964537 1.212846 -0.0 -0.0 1e-06 -3.440389 0.788234 0.501656 -15.928191 -3.167313 2.999709 -6.338829 -2e-06 2e-06 -18.123447 3.648183 -4.90567 -5e-06 2e-06 -2e-06 -7.590936 10.953497 2.808467 -38.389736 40.230232 -70.990753 -1.625583 46.472778 -4.35061 -17.576797 26.026499 17.634245 2.243541 -5.255036 -3.180157 14.282887 -0.826594 6.952504 -1e-06 -12.690605 -0.0 15.370122 -15.908761 2.486445 1.665665 -1.955923 -2.878299 4.727799 -4.170586 4.993923 11.020523 2e-06 -2e-06 12.10905 -3.735715 -2.866784 1e-06 1e-06 0.0 1.291987 -1.928549 -1.49809 14.800125 0.567467 3.865606 14.242565 -1.341734 -6.660657 19.631958 0.143928 -0.648244 47.939129 -1.14276 -6.220369 0.353028 -1.511151 -0.03194 20.222786 3.684308 2.31663 18.787268 5e-06 -1e-06 10.751625 -0.479869 1.397906 -1e-06 -1e-06 -1e-06 3.273807 0.305946 -0.58011 21.486809 11.830371 2.266134 8.162924 1e-06 -1e-06 18.399076 -3.798985 -4.940573 2e-06 -1e-06 -1e-06 3.305521 26.381165 -0.961358 -0.020513 -0.413492 3.011022 -7.036229 8.184157 -6.306081 1.664153 -1.805697 1.398883 -0.0 0.0 2e-06 -8.007061 -15.306118 -3.74909 0.06375 0.389884 1.276324 10.691457 2.09634 -1.030803 -1.376303 1.109712 1.303305 0.0 0.0 -1e-06 
0.0 0.0 0.0 0.0 -0.0 0.0 -0.110135 99.98938 4.329923 0.050413 -3.392869 6.053244 -0.871892 -0.172126 -1.63991 -0.730099 -0.525805 -5.249711 -2.818213 -3.410583 5.893369 12.493482 -0.751947 -7.389325 -0.745673 -1.384679 -3.811432 -0.296529 -3.521897 -5.510973 7.7e-05 -2.2e-05 6e-06 0.025489 0.046819 0.017645 0.692935 -3.662573 -10.535792 -0.641685 3.736825 -10.551053 5.705531 -10.575134 4.377975 7.671927 -65.531837 -64.186516 -1.622834 -69.110794 2.553775 38.227306 1.336763 2.056993 -5.88211 9.861292 0.702591 -10.936877 -0.360577 7.156209 0.0 8.774831 -2e-06 -16.319519 17.748444 5.087473 -1.844034 2.498506 -2.507279 -10.163607 4.678947 4.62111 -20.976038 -4e-06 6e-06 -21.226299 2.451698 -3.593999 -1e-06 -6e-06 -1e-06 -1.362682 2.2408 -0.746322 -21.334927 0.584908 3.008326 -13.821221 -3e-06 4e-06 -23.887182 -0.249078 -0.839481 -59.096245 2.267106 -1.191702 -0.294025 1.679689 0.833257 -14.218217 0.093214 1.300582 -34.212067 -0.287562 0.967173 -20.033228 0.964536 1.212846 -1e-06 -1e-06 1e-06 -3.44039 0.788234 0.501655 -15.928198 -3.167313 2.99971 -6.33883 -2e-06 2e-06 -18.123457 3.648185 -4.905672 -4e-06 0.0 -2e-06 -7.14818 10.826847 3.255538 -39.211002 39.610027 -70.343292 -1.819183 46.763515 -4.490045 -18.664034 25.491808 17.953829 2.243543 -5.255041 -3.18016 14.282897 -0.826593 6.952505 -1e-06 -12.690609 -0.0 15.24518 -15.880574 2.596303 1.665668 -1.955921 -2.878301 4.727801 -4.17059 4.993925 11.020534 2e-06 -3e-06 12.109059 -3.735716 -2.866787 1e-06 -0.0 0.0 1.291986 -1.928551 -1.49809 14.800136 0.567469 3.865608 14.24258 -1.341737 -6.660663 19.631979 0.143925 -0.648246 47.870644 -1.146653 -6.169596 0.353029 -1.51115 -0.03194 20.222803 3.684313 2.316629 18.787287 7e-06 -1e-06 10.751634 -0.47987 1.397907 1e-06 0.0 1e-06 3.273808 0.305948 -0.580111 21.486824 11.830381 2.266133 8.162933 1e-06 -2e-06 18.399088 -3.798984 -4.940578 3e-06 -1e-06 -1e-06 3.421312 26.179926 -0.787355 -0.02602 -0.409635 2.902337 -7.063662 7.946327 -6.120124 1.667632 -1.812482 1.427811 0.0 0.0 2e-06 -8.099536 -14.971003 -3.384535 0.056901 0.39093 1.269282 10.632787 1.937433 -1.158482 -1.377375 1.104759 1.277315 0.0 0.0 -1e-06 
0.0 0.0 0.0 0.0 -0.0 0.0 -0.209226 99.985588 4.310883 0.096379 -2.872018 5.859815 -0.785749 -0.135222 -1.461651 -0.68326 -0.55948 -5.190517 -2.828468 -3.546568 5.753138 13.228931 -0.92085 -7.507388 -0.963041 -2.027314 -3.806156 -1.046477 -3.978475 -5.823372 7.7e-05 -2.2e-05 6e-06 0.027752 0.044497 0.017265 0.691881 -3.672793 -10.539219 -0.636528 3.741543 -10.535789 5.973002 -10.902324 4.472874 6.381373 -65.187141 -63.975159 -1.785854 -70.321404 2.779295 37.563572 1.007923 2.537653 -5.882107 9.861285 0.702591 -10.936875 -0.360577 7.15621 0.0 8.774825 -4e-06 -16.37479 17.803902 5.134743 -1.844032 2.498505 -2.507278 -10.163602 4.678944 4.621109 -20.97603 -5e-06 5e-06 -21.226295 2.451697 -3.593999 -1e-06 -6e-06 -1e-06 -1.362682 2.240799 -0.746325 -21.334921 0.584908 3.008325 -13.821217 -5e-06 4e-06 -23.887175 -0.24908 -0.839481 -59.287769 2.282001 -1.130942 -0.294025 1.679687 0.833256 -14.218212 0.093213 1.300582 -34.212063 -0.287565 0.967172 -20.033218 0.964534 1.212846 -0.0 -0.0 0.0 -3.440389 0.788233 0.501656 -15.928191 -3.167312 2.99971 -6.338829 -1e-06 1e-06 -18.123447 3.648184 -4.905671 -5e-06 -0.0 -2e-06 -6.815696 10.728336 3.638898 -40.054405 39.125202 -69.935806 -1.922697 46.792126 -4.500412 -19.592108 25.006859 18.482424 2.243541 -5.255037 -3.18016 14.282892 -0.826591 6.952501 -3e-06 -12.690605 -1e-06 15.120408 -15.852798 2.690796 1.665667 -1.955923 -2.8783 4.727798 -4.170588 4.993924 11.020528 5e-06 -3e-06 12.109053 -3.735714 -2.866787 2e-06 0.0 0.0 1.291987 -1.928549 -1.49809 14.800131 0.56747 3.865605 14.242576 -1.341735 -6.660662 19.631973 0.14393 -0.648246 47.765148 -1.16049 -6.120316 0.353029 -1.51115 -0.03194 20.222794 3.684313 2.316629 18.787273 9e-06 -2e-06 10.751629 -0.479867 1.397905 1e-06 0.0 -0.0 3.273807 0.305946 -0.580112 21.486816 11.830379 2.266132 8.162926 3e-06 -1e-06 18.39908 -3.798982 -4.940577 2e-06 -1e-06 -1e-06 3.54212 25.959103 -0.626773 -0.027326 -0.408546 2.839425 -7.065176 7.751799 -5.952219 1.670489 -1.81245 1.466691 0.0 -1e-06 2e-06 -8.178979 -14.686369 -3.035287 0.056084 0.393379 1.267743 10.599236 1.809753 -1.261292 -1.376345 1.095591 1.239718 -0.0 -0.0 -1e-06 
0.0 0.0 0.0 0.0 -0.0 0.0 -0.311277 99.992218 4.300309 0.129537 -2.409502 5.655005 -0.68863 -0.106504 -1.287701 -0.629164 -0.585739 -5.13878 -2.819337 -3.682663 5.640912 13.976867 -1.095494 -7.64233 -1.170062 -2.657919 -3.788376 -1.817436 -4.411641 -6.145223 7.7e-05 -2.2e-05 6e-06 0.031504 0.046648 0.014422 0.69536 -3.680826 -10.548273 -0.632742 3.752338 -10.528895 6.227748 -11.20533 4.558869 4.949099 -64.950264 -63.667389 -1.59089 -71.364868 2.691083 36.90543 0.799467 3.126258 -5.882113 9.861297 0.702589 -10.936878 -0.360574 7.156209 -1e-06 8.774831 -1e-06 -16.426657 17.855612 5.184074 -1.844034 2.498508 -2.507279 -10.163607 4.67895 4.621112 -20.976038 1e-06 2e-06 -21.226303 2.451704 -3.594007 -0.0 -6e-06 -1e-06 -1.362683 2.240801 -0.746324 -21.334929 0.584912 3.008324 -13.821227 -0.0 2e-06 -23.887186 -0.249074 -0.839487 -59.442753 2.317121 -1.072818 -0.294025 1.679689 0.833256 -14.218219 0.093217 1.300581 -34.212074 -0.287557 0.967166 -20.033226 0.964539 1.212841 -0.0 -0.0 0.0 -3.440392 0.788236 0.501655 -15.928196 -3.167309 2.999711 -6.338832 -0.0 1e-06 -18.123459 3.64819 -4.905678 -4e-06 -0.0 -2e-06 -6.589455 10.675473 4.002378 -41.02356 38.792774 -69.864983 -1.983775 46.466549 -4.452524 -20.461393 24.644331 18.94705 2.243543 -5.255041 -3.18016 14.282902 -0.826591 6.952506 -3e-06 -12.690612 -1e-06 15.01876 -15.828151 2.773784 1.665667 -1.955925 -2.8783 4.727801 -4.170591 4.993925 11.020534 5e-06 -2e-06 12.109057 -3.735718 -2.866787 1e-06 1e-06 0.0 1.291986 -1.928551 -1.49809 14.80014 0.567473 3.865609 14.242583 -1.341736 -6.660663 19.631983 0.143929 -0.648245 47.653904 -1.164264 -6.072963 0.353029 -1.511152 -0.03194 20.222803 3.684313 2.316631 18.787285 8e-06 -1e-06 10.751636 -0.479867 1.397908 1e-06 -0.0 0.0 3.273808 0.305947 -0.580112 21.48683 11.830385 2.266136 8.162931 3e-06 -2e-06 18.399094 -3.798984 -4.940578 2e-06 0.0 -2e-06 3.677902 25.684019 -0.465782 -0.022484 -0.406985 2.831986 -7.042038 7.599017 -5.799244 1.673571 -1.794553 1.490879 0.0 0.0 2e-06 -8.252573 -14.501242 -2.686234 0.057112 0.396607 1.27254 10.621349 1.77521 -1.304831 -1.374773 1.085933 1.201927 0.0 -0.0 -1e-06 
0.0 0.0 0.0 0.0 -0.0 0.0 -0.400247 100.004829 4.297502 0.150146 -2.033803 5.461394 -0.579435 -0.081662 -1.131293 -0.570001 -0.613275 -5.102 -2.769068 -3.784584 5.564333 14.710634 -1.27253 -7.809822 -1.369506 -3.253856 -3.764748 -2.567784 -4.826179 -6.520446 7.7e-05 -2.3e-05 6e-06 0.03569 0.049087 0.013466 0.696045 -3.691051 -10.558434 -0.625251 3.765355 -10.52551 6.469382 -11.444398 4.592196 3.413549 -64.881416 -63.414169 -1.294302 -72.236549 2.538928 36.263809 0.659954 3.955673 -5.882108 9.861287 0.70259 -10.936874 -0.360577 7.156209 1e-06 8.774824 -3e-06 -16.454649 17.891136 5.232013 -1.844033 2.498506 -2.507279 -10.163604 4.678944 4.621109 -20.97603 -3e-06 6e-06 -21.226294 2.451699 -3.593998 -0.0 -6e-06 0.0 -1.362682 2.240799 -0.746324 -21.334921 0.584908 3.008328 -13.821219 -3e-06 5e-06 -23.887178 -0.249079 -0.83948 -59.53606 2.362324 -1.031257 -0.294025 1.679687 0.833257 -14.218215 0.093214 1.300583 -34.212067 -0.287564 0.967175 -20.03322 0.964539 1.212847 -0.0 -0.0 0.0 -3.44039 0.788234 0.501656 -15.928194 -3.167312 2.999709 -6.33883 -1e-06 1e-06 -18.123453 3.648183 -4.905671 -4e-06 -0.0 -3e-06 -6.425481 10.667583 4.404668 -42.180946 38.557068 -70.1157 -1.987375 45.831207 -4.37207 -21.286701 24.376835 19.472492 2.243542 -5.255038 -3.18016 14.282892 -0.826591 6.952504 -2e-06 -12.690605 -2e-06 14.941729 -15.810872 2.844174 1.665666 -1.955922 -2.878299 4.727799 -4.170586 4.993923 11.020526 5e-06 -2e-06 12.109053 -3.735715 -2.866786 2e-06 1e-06 0.0 1.291987 -1.928549 -1.49809 14.800129 0.567469 3.865608 14.242576 -1.341735 -6.66066 19.631969 0.143929 -0.648243 47.565502 -1.150369 -6.020798 0.353028 -1.511152 -0.03194 20.222795 3.684312 2.316631 18.78727 8e-06 -0.0 10.75163 -0.479867 1.397907 1e-06 1e-06 1e-06 3.273807 0.305948 -0.580111 21.48682 11.83038 2.266136 8.162926 2e-06 0.0 18.399084 -3.798982 -4.940574 3e-06 0.0 -1e-06 3.799332 25.372328 -0.32225 -0.011393 -0.407476 2.854001 -6.996263 7.54054 -5.649763 1.677647 -1.780603 1.522151 0.0 0.0 2e-06 -8.322167 -14.402856 -2.371314 0.060034 0.397975 1.272492 10.679965 1.858811 -1.278477 -1.373727 1.072617 1.160486 0.0 -0.0 -1e-06 
0.0 0.0 0.0 0.0 -0.0 0.0 -0.466082 100.015678 4.287949 0.17835 -1.711319 5.293168 -0.46582 -0.072045 -0.986237 -0.50898 -0.635244 -5.075252 -2.676518 -3.851369 5.517 15.402601 -1.438263 -8.042453 -1.545632 -3.784551 -3.737902 -3.253552 -5.264012 -6.947697 7.7e-05 -2.3e-05 6e-06 0.040932 0.056304 0.014879 0.696177 -3.696799 -10.570346 -0.614898 3.783267 -10.526684 6.702914 -11.582973 4.558486 1.943538 -64.985764 -63.335491 -1.0273 -73.047966 2.484837 35.663975 0.611162 4.991245 -5.88211 9.861291 0.702589 -10.936877 -0.360574 7.156208 0.0 8.77483 -2e-06 -16.458708 17.900396 5.279731 -1.844033 2.498506 -2.507279 -10.163604 4.678946 4.62111 -20.976034 -1e-06 2e-06 -21.226297 2.4517 -3.594006 1e-06 -6e-06 -1e-06 -1.362682 2.2408 -0.746323 -21.334925 0.584911 3.008324 -13.82122 -2e-06 2e-06 -23.88718 -0.249078 -0.839485 -59.56139 2.408294 -0.965159 -0.294025 1.679687 0.833255 -14.218214 0.093216 1.300581 -34.212059 -0.287564 0.967168 -20.033222 0.964538 1.212843 -1e-06 -1e-06 -0.0 -3.44039 0.788234 0.501656 -15.928192 -3.16731 2.999707 -6.338829 -0.0 1e-06 -18.123457 3.648185 -4.905675 -5e-06 -0.0 -3e-06 -6.258607 10.701904 4.808661 -43.51506 38.38522 -70.717903 -1.849468 45.096684 -4.215826 -21.989319 24.18115 20.256475 2.243541 -5.255035 -3.180158 14.282893 -0.826595 6.952502 -2e-06 -12.690603 -1e-06 14.92221 -15.811708 2.889973 1.665665 -1.955921 -2.878299 4.727797 -4.170588 4.993925 11.020526 3e-06 -2e-06 12.109051 -3.735714 -2.866783 2e-06 1e-06 0.0 1.291986 -1.928549 -1.49809 14.800127 0.567469 3.865608 14.24257 -1.341737 -6.660659 19.631968 0.143926 -0.648247 47.510216 -1.15635 -5.979189 0.353028 -1.51115 -0.031939 20.222794 3.684308 2.316629 18.787273 5e-06 -1e-06 10.751627 -0.479869 1.397906 -0.0 -1e-06 1e-06 3.273807 0.305946 -0.580112 21.486813 11.830373 2.266133 8.162926 2e-06 -1e-06 18.399082 -3.798985 -4.940575 3e-06 -0.0 -2e-06 3.876038 25.033173 -0.221874 0.001051 -0.401312 2.905669 -6.922198 7.525325 -5.499126 1.679139 -1.766606 1.555687 0.0 -1e-06 2e-06 -8.398805 -14.386556 -2.114695 0.062194 0.397303 1.286721 10.750927 1.993617 -1.20868 -1.373633 1.062339 1.138565 -0.0 -0.0 -1e-06 
0.0 0.0 0.0 0.0 -0.0 0.0 -0.502576 100.032249 4.268544 0.22687 -1.44493 5.145716 -0.355729 -0.078537 -0.831789 -0.455204 -0.649363 -5.051178 -2.539842 -3.893718 5.477599 16.105665 -1.589237 -8.309745 -1.68127 -4.228505 -3.71573 -3.863825 -5.674785 -7.434151 7.7e-05 -2.2e-05 6e-06 0.045578 0.058294 0.017458 0.693894 -3.706109 -10.57434 -0.603161 3.794535 -10.519543 6.939955 -11.614693 4.513072 0.626284 -65.208992 -63.468639 -0.8039 -73.896317 2.430343 35.099758 0.559869 6.352911 -5.88211 9.86129 0.702588 -10.936877 -0.360577 7.15621 1e-06 8.774828 -2e-06 -16.45377 17.906406 5.322682 -1.844033 2.498506 -2.50728 -10.163605 4.678945 4.62111 -20.976034 -2e-06 2e-06 -21.226295 2.451697 -3.594002 1e-06 -6e-06 -1e-06 -1.362682 2.240798 -0.746325 -21.334929 0.584908 3.008326 -13.821221 -3e-06 3e-06 -23.887182 -0.249077 -0.839483 -59.567829 2.429333 -0.92026 -0.294025 1.679688 0.833256 -14.218215 0.093213 1.30058 -34.21207 -0.287564 0.967172 -20.033226 0.964537 1.212845 -1e-06 -1e-06 0.0 -3.440391 0.788233 0.501655 -15.928194 -3.167313 2.99971 -6.33883 -1e-06 1e-06 -18.123457 3.648184 -4.905674 -4e-06 2e-06 -2e-06 -6.078321 10.794876 5.174945 -44.932899 38.286373 -71.501907 -1.677254 44.354527 -4.04999 -22.588472 24.055689 21.204739 2.243543 -5.255041 -3.18016 14.282904 -0.826594 6.952507 -3e-06 -12.690614 0.0 14.952022 -15.839677 2.937138 1.665668 -1.955923 -2.8783 4.727802 -4.170591 4.993927 11.020536 4e-06 -2e-06 12.109064 -3.735716 -2.866787 2e-06 1e-06 -0.0 1.291987 -1.92855 -1.498091 14.800144 0.56747 3.865609 14.242585 -1.341735 -6.660664 19.631985 0.143927 -0.648245 47.532604 -1.165277 -5.954775 0.353029 -1.511152 -0.03194 20.222811 3.684315 2.316631 18.787289 5e-06 -2e-06 10.751639 -0.479868 1.397906 0.0 1e-06 -0.0 3.273811 0.305947 -0.580112 21.486834 11.830388 2.266135 8.162932 3e-06 -2e-06 18.399099 -3.798986 -4.940579 2e-06 1e-06 -2e-06 3.900011 24.707624 -0.165148 0.008726 -0.393242 3.014245 -6.811433 7.51442 -5.367175 1.681209 -1.74657 1.563477 0.0 0.0 2e-06 -8.504519 -14.43343 -1.909151 0.06186 0.392848 1.312413 10.84996 2.171787 -1.112196 -1.373987 1.060389 1.135618 -0.0 -0.0 -1e-06 
0.0 0.0 0.0 0.0 -0.0 0.0 -0.523437 100.055763 4.240367 0.293441 -1.2122 5.027667 -0.246039 -0.094522 -0.679337 -0.405454 -0.650787 -5.029917 -2.371658 -3.903587 5.446489 16.873095 -1.74928 -8.624559 -1.78186 -4.576552 -3.701451 -4.358708 -6.052752 -7.985681 7.7e-05 -2.2e-05 5e-06 0.052589 0.066689 0.022302 0.690216 -3.708596 -10.57327 -0.585201 3.811676 -10.505885 7.161988 -11.550929 4.45478 -0.516268 -65.548248 -63.723495 -0.727921 -74.757797 2.522068 34.582722 0.47099 7.80776 -5.88211 9.861292 0.702591 -10.936877 -0.360573 7.15621 0.0 8.77483 -2e-06 -16.477573 17.92363 5.348551 -1.844033 2.498506 -2.507278 -10.163605 4.678948 4.621109 -20.976034 0.0 3e-06 -21.226297 2.451702 -3.594005 1e-06 -5e-06 -1e-06 -1.362682 2.2408 -0.746323 -21.334925 0.584912 3.008324 -13.821219 -2e-06 2e-06 -23.887182 -0.249077 -0.839483 -59.612076 2.435358 -0.925433 -0.294025 1.679687 0.833255 -14.218215 0.093216 1.300582 -34.212067 -0.28756 0.967171 -20.033222 0.964539 1.212842 -1e-06 0.0 0.0 -3.44039 0.788234 0.501655 -15.928192 -3.167311 2.999709 -6.338829 0.0 2e-06 -18.123457 3.648185 -4.905672 -4e-06 1e-06 -1e-06 -5.893753 10.9231 5.508292 -46.303188 38.210529 -72.204994 -1.581323 43.687138 -4.0016 -23.079432 23.955044 22.523668 2.243544 -5.255036 -3.180159 14.282892 -0.826593 6.9525 -2e-06 -12.690604 1e-06 15.010785 -15.886858 2.997808 1.665666 -1.955922 -2.878299 4.727799 -4.170587 4.993923 11.020528 4e-06 -4e-06 12.109055 -3.735714 -2.866786 2e-06 -0.0 0.0 1.291985 -1.928549 -1.498089 14.800131 0.567469 3.865604 14.242578 -1.341735 -6.660662 19.631973 0.14393 -0.648248 47.610115 -1.172327 -5.932891 0.353029 -1.511152 -0.03194 20.222794 3.684312 2.316625 18.787279 1e-05 -5e-06 10.751633 -0.479867 1.397905 0.0 -0.0 -0.0 3.273808 0.305946 -0.580112 21.48682 11.830378 2.266129 8.162929 2e-06 -3e-06 18.399084 -3.798979 -4.94058 2e-06 -0.0 -1e-06 3.874169 24.411629 -0.163999 0.012682 -0.387987 3.168056 -6.69431 7.514571 -5.259463 1.683021 -1.731263 1.572926 0.0 0.0 2e-06 -8.635386 -14.510056 -1.743393 0.057582 0.389759 1.326716 10.959893 2.343794 -1.013253 -1.374874 1.064641 1.133162 -0.0 -0.0 -1e-06 
0.0 0.0 0.0 0.0 -0.0 0.0 -0.527625 100.082863 4.20579 0.371631 -0.991802 4.948153 -0.130986 -0.095996 -0.528241 -0.357319 -0.641721 -5.009159 -2.191048 -3.902383 5.419237 17.720882 -1.888347 -9.018745 -1.851258 -4.854764 -3.700721 -4.733105 -6.413402 -8.62007 7.7e-05 -2.3e-05 6e-06 0.05967 0.07511 0.027752 0.685398 -3.712534 -10.581878 -0.56588 3.830134 -10.500338 7.372246 -11.429122 4.358255 -1.573283 -65.948822 -63.937798 -0.761454 -75.568756 2.677588 34.071953 0.316714 9.240727 -5.882109 9.861288 0.70259 -10.936875 -0.360574 7.156206 1e-06 8.774826 -1e-06 -16.511185 17.936785 5.364732 -1.844033 2.498505 -2.507277 -10.163603 4.678945 4.621109 -20.97603 -1e-06 4e-06 -21.22629 2.451698 -3.594001 1e-06 -5e-06 -1e-06 -1.362682 2.240799 -0.746324 -21.334921 0.58491 3.008323 -13.821218 -4e-06 3e-06 -23.887182 -0.249077 -0.839482 -59.664524 2.440272 -0.951971 -0.294024 1.679687 0.833256 -14.218214 0.093215 1.300581 -34.212063 -0.287563 0.967172 -20.033224 0.964537 1.212844 -0.0 -1e-06 0.0 -3.44039 0.788234 0.501656 -15.928192 -3.16731 2.999708 -6.338828 -1e-06 1e-06 -18.123451 3.648184 -4.90567 -5e-06 1e-06 -2e-06 -5.717455 11.068743 5.786018 -47.524902 38.141315 -72.883949 -1.398225 43.209789 -3.955508 -23.444849 23.945312 24.244867 2.243542 -5.255037 -3.180158 14.282887 -0.826594 6.952501 -2e-06 -12.690603 -0.0 15.079048 -15.933937 3.044724 1.665666 -1.955924 -2.878299 4.727797 -4.170586 4.993922 11.020526 3e-06 -2e-06 12.109053 -3.735714 -2.866785 2e-06 1e-06 -1e-06 1.291985 -1.92855 -1.498089 14.800125 0.567469 3.865606 14.242571 -1.341735 -6.660658 19.631966 0.143927 -0.648246 47.708477 -1.179802 -5.896634 0.353029 -1.51115 -0.03194 20.222788 3.684309 2.316628 18.78727 6e-06 -2e-06 10.751626 -0.479868 1.397905 -0.0 1e-06 -0.0 3.273806 0.305946 -0.580111 21.486813 11.830377 2.266133 8.162926 3e-06 -1e-06 18.39908 -3.798982 -4.940576 4e-06 -0.0 -2e-06 3.804776 24.160273 -0.220787 0.010394 -0.38483 3.331274 -6.598707 7.501085 -5.1579 1.682935 -1.722421 1.603299 0.0 0.0 2e-06 -8.773914 -14.606515 -1.616685 0.050853 0.377987 1.31837 11.05799 2.494265 -0.927792 -1.376539 1.069653 1.142436 0.0 -0.0 -1e-06 
0.0 0.0 0.0 0.0 -0.0 0.0 -0.513748 100.101494 4.177464 0.464244 -0.799857 4.891485 -0.018889 -0.079736 -0.375556 -0.316306 -0.631492 -4.982332 -2.002044 -3.88486 5.377567 18.614092 -2.013152 -9.498487 -1.892691 -5.090505 -3.692513 -4.989082 -6.723003 -9.321412 7.7e-05 -2.4e-05 6e-06 0.066726 0.081748 0.035912 0.68132 -3.718977 -10.597487 -0.547403 3.84758 -10.498753 7.538431 -11.305483 4.252261 -2.54866 -66.3246 -64.032181 -0.78697 -76.281075 2.781363 33.568134 0.108493 10.489455 -5.88211 9.86129 0.70259 -10.936876 -0.360573 7.156208 1e-06 8.774828 -1e-06 -16.557739 17.954163 5.390955 -1.844033 2.498506 -2.507278 -10.163603 4.678947 4.621109 -20.97603 -2e-06 1e-06 -21.226297 2.451701 -3.594002 1e-06 -6e-06 -1e-06 -1.362682 2.240799 -0.746323 -21.334921 0.584911 3.008324 -13.821219 -3e-06 2e-06 -23.887178 -0.249077 -0.839485 -59.729336 2.451622 -0.954556 -0.294025 1.679687 0.833255 -14.218215 0.093217 1.300581 -34.212063 -0.287562 0.967169 -20.033222 0.964538 1.212843 -0.0 -1e-06 0.0 -3.44039 0.788233 0.501656 -15.928192 -3.16731 2.999708 -6.338829 -1e-06 1e-06 -18.123455 3.648185 -4.905673 -4e-06 2e-06 -2e-06 -5.57873 11.23393 5.962162 -48.51955 38.119488 -73.455772 -1.070492 42.92382 -3.843667 -23.686438 24.024738 26.340965 2.243542 -5.255037 -3.180159 14.282893 -0.826593 6.952501 -4e-06 -12.690603 0.0 15.148576 -15.95002 3.05626 1.665666 -1.955922 -2.878299 4.727798 -4.170587 4.993924 11.020528 3e-06 -3e-06 12.109053 -3.735713 -2.866785 1e-06 1e-06 -1e-06 1.291985 -1.928549 -1.49809 14.800131 0.567472 3.865605 14.242573 -1.341734 -6.66066 19.631969 0.143928 -0.648247 47.797874 -1.192639 -5.857439 0.353029 -1.511149 -0.03194 20.222794 3.684313 2.316628 18.787277 9e-06 -2e-06 10.751627 -0.479867 1.397906 0.0 1e-06 -0.0 3.273807 0.305947 -0.580111 21.486818 11.830378 2.266131 8.162924 3e-06 -1e-06 18.399082 -3.79898 -4.940577 3e-06 0.0 -2e-06 3.700831 23.959528 -0.276317 0.004675 -0.380605 3.440072 -6.560475 7.467962 -5.04881 1.681704 -1.721681 1.63642 0.0 0.0 2e-06 -8.920528 -14.719309 -1.517496 0.046867 0.362812 1.30357 11.107159 2.649425 -0.877416 -1.378647 1.071645 1.140223 0.0 -0.0 -1e-06 
0.0 0.0 0.0 0.0 -0.0 0.0 -0.480954 100.105011 4.154509 0.575732 -0.600548 4.857879 0.089712 -0.049137 -0.237828 -0.280484 -0.627687 -4.953269 -1.824168 -3.853449 5.328058 19.526999 -2.094034 -10.085461 -1.934246 -5.280924 -3.687649 -5.153982 -6.985265 -10.044624 7.7e-05 -2.4e-05 6e-06 0.072777 0.085279 0.04343 0.677162 -3.727145 -10.611444 -0.530992 3.860908 -10.493232 7.598261 -11.213585 4.187831 -3.270945 -66.673927 -64.144531 -0.707851 -76.828033 2.720811 33.123848 -0.121424 11.482612 -5.88211 9.861288 0.702589 -10.936877 -0.360575 7.156207 -0.0 8.774828 -2e-06 -16.594334 17.958752 5.426656 -1.844033 2.498507 -2.507277 -10.163602 4.678947 4.62111 -20.97603 -2e-06 2e-06 -21.226295 2.451701 -3.594002 1e-06 -5e-06 -1e-06 -1.362682 2.240799 -0.746324 -21.334921 0.58491 3.008323 -13.82122 -3e-06 3e-06 -23.88718 -0.249074 -0.839484 -59.784969 2.466839 -0.91563 -0.294025 1.679688 0.833257 -14.218213 0.093216 1.300581 -34.212059 -0.287561 0.967169 -20.033218 0.964538 1.212843 -0.0 -1e-06 0.0 -3.440389 0.788234 0.501655 -15.928191 -3.167308 2.99971 -6.338829 0.0 3e-06 -18.123453 3.648184 -4.905672 -4e-06 1e-06 -2e-06 -5.48267 11.421068 6.084905 -49.330379 38.102604 -73.856293 -0.662316 42.768822 -3.679147 -23.948719 24.060221 28.536692 2.243542 -5.255039 -3.180159 14.282896 -0.826594 6.952505 -3e-06 -12.690609 -1e-06 15.201867 -15.962617 3.071879 1.665667 -1.955921 -2.8783 4.727799 -4.170588 4.993926 11.020531 5e-06 -1e-06 12.109055 -3.735715 -2.866784 2e-06 1e-06 0.0 1.291986 -1.92855 -1.49809 14.800134 0.567471 3.865609 14.242577 -1.341736 -6.660659 19.631973 0.143929 -0.648242 47.89711 -1.213008 -5.845597 0.353029 -1.51115 -0.03194 20.222801 3.684314 2.316632 18.787281 7e-06 1e-06 10.751631 -0.479868 1.397907 0.0 1e-06 0.0 3.273807 0.305947 -0.580111 21.486824 11.83038 2.266134 8.16293 2e-06 -2e-06 18.399088 -3.798983 -4.940576 3e-06 0.0 -1e-06 3.564848 23.815077 -0.316364 -0.003446 -0.377098 3.477732 -6.565666 7.386844 -4.93327 1.680702 -1.732464 1.654109 0.0 0.0 2e-06 -9.076595 -14.84733 -1.431404 0.045819 0.346587 1.287511 11.109133 2.784153 -0.892972 -1.381733 1.072949 1.153669 0.0 -0.0 -1e-06 
0.0 0.0 0.0 0.0 -0.0 0.0 -0.431323 100.102631 4.143694 0.683771 -0.394112 4.834112 0.210486 -0.009162 -0.12606 -0.241985 -0.61727 -4.919954 -1.662842 -3.808937 5.28835 20.413649 -2.095309 -10.80567 -1.994352 -5.440355 -3.694194 -5.261734 -7.206426 -10.749075 7.8e-05 -2.3e-05 6e-06 0.080241 0.095566 0.047515 0.677188 -3.725888 -10.623562 -0.515967 3.879305 -10.487162 7.488932 -11.133831 4.194371 -3.696097 -67.036514 -64.318481 -0.48025 -77.24173 2.574032 32.760735 -0.356773 12.261433 -5.882109 9.86129 0.702589 -10.936873 -0.360575 7.156206 -1e-06 8.774826 -3e-06 -16.615316 17.94467 5.459604 -1.844033 2.498505 -2.507278 -10.163602 4.678948 4.621109 -20.976027 0.0 2e-06 -21.22629 2.451704 -3.594003 1e-06 -5e-06 -2e-06 -1.362682 2.240799 -0.746323 -21.334917 0.584913 3.008324 -13.821217 -2e-06 3e-06 -23.887171 -0.249073 -0.839484 -59.81884 2.491397 -0.851257 -0.294025 1.679688 0.833256 -14.21821 0.093216 1.300582 -34.212059 -0.287559 0.967168 -20.033216 0.964541 1.212842 -1e-06 -1e-06 0.0 -3.440389 0.788233 0.501657 -15.928189 -3.167307 2.999708 -6.338828 1e-06 -0.0 -18.123451 3.648187 -4.905674 -4e-06 1e-06 -2e-06 -5.400566 11.618022 6.238634 -50.071972 38.05011 -74.167336 -0.277131 42.736408 -3.479119 -24.333992 24.010351 30.529703 2.243543 -5.255037 -3.180159 14.282893 -0.826592 6.952501 -4e-06 -12.690605 1e-06 15.257104 -16.004108 3.075429 1.665667 -1.955923 -2.8783 4.727799 -4.170587 4.993924 11.02053 3e-06 -4e-06 12.109056 -3.735714 -2.866787 2e-06 -0.0 0.0 1.291986 -1.92855 -1.49809 14.800129 0.567468 3.865605 14.242572 -1.341734 -6.660659 19.631971 0.143928 -0.648248 48.04319 -1.233191 -5.8786 0.353029 -1.511151 -0.03194 20.222797 3.684313 2.316627 18.787275 7e-06 -4e-06 10.75163 -0.479866 1.397903 0.0 -0.0 2e-06 3.273808 0.305948 -0.580112 21.486818 11.830379 2.266131 8.162928 2e-06 -1e-06 18.399084 -3.79898 -4.940577 3e-06 0.0 -1e-06 3.433085 23.70253 -0.326779 -0.01213 -0.363132 3.455528 -6.582739 7.249173 -4.823568 1.67757 -1.743749 1.654642 0.0 0.0 2e-06 -9.227906 -14.960831 -1.345579 0.046635 0.33011 1.273381 11.063976 2.870167 -0.928939 -1.385357 1.076301 1.163768 0.0 0.0 -1e-06 
0.0 0.0 0.0 0.0 -0.0 0.0 -0.373862 100.095795 4.152416 0.779036 -0.213684 4.804281 0.338338 0.042044 -0.027063 -0.193905 -0.59281 -4.883894 -1.524455 -3.750061 5.252831 21.319412 -2.021231 -11.648164 -2.073387 -5.566202 -3.720814 -5.312877 -7.385351 -11.455392 7.7e-05 -2.2e-05 5e-06 0.089463 0.11037 0.04753 0.686571 -3.718458 -10.643458 -0.50678 3.900914 -10.486843 7.235713 -11.042783 4.270145 -3.916887 -67.445206 -64.575455 -0.204544 -77.602776 2.441606 32.523273 -0.624748 12.859122 -5.882112 9.861297 0.70259 -10.936885 -0.360574 7.156214 1e-06 8.774835 -4e-06 -16.634785 17.947004 5.480089 -1.844034 2.498507 -2.507279 -10.163611 4.678948 4.621112 -20.976046 -3e-06 6e-06 -21.226309 2.451702 -3.594002 1e-06 -6e-06 -2e-06 -1.362682 2.240802 -0.746323 -21.334938 0.58491 3.008329 -13.821228 -2e-06 4e-06 -23.887196 -0.249075 -0.839482 -59.857067 2.510449 -0.805924 -0.294025 1.679688 0.833258 -14.218225 0.093213 1.300585 -34.212093 -0.287564 0.967177 -20.033241 0.964538 1.212848 -1e-06 -1e-06 0.0 -3.440392 0.788234 0.501655 -15.928203 -3.167314 2.999712 -6.338833 -1e-06 1e-06 -18.123466 3.648189 -4.905674 -4e-06 2e-06 -3e-06 -5.318471 11.821394 6.434974 -50.851341 37.989376 -74.564186 0.060563 42.759602 -3.31261 -24.809772 23.938066 32.301647 2.243543 -5.255038 -3.180159 14.282899 -0.826592 6.952503 -3e-06 -12.690612 -1e-06 15.304362 -16.058447 3.084211 1.665667 -1.955922 -2.8783 4.727802 -4.170588 4.993925 11.020534 4e-06 -3e-06 12.109058 -3.735716 -2.866786 2e-06 -0.0 -1e-06 1.291986 -1.928548 -1.49809 14.800136 0.56747 3.865608 14.24258 -1.341735 -6.660663 19.631979 0.143929 -0.648245 48.206207 -1.252503 -5.925488 0.353029 -1.511151 -0.03194 20.222803 3.684314 2.316629 18.787285 8e-06 -4e-06 10.751634 -0.479866 1.397906 0.0 0.0 1e-06 3.273808 0.305947 -0.580112 21.486828 11.830383 2.266131 8.16293 3e-06 -2e-06 18.399092 -3.798983 -4.940579 3e-06 0.0 -2e-06 3.318855 23.613707 -0.296691 -0.019142 -0.344283 3.404846 -6.610079 7.098199 -4.743864 1.673942 -1.753069 1.651672 0.0 0.0 2e-06 -9.36769 -15.044701 -1.253338 0.04718 0.329167 1.264797 11.000874 2.901988 -0.961242 -1.387984 1.075553 1.161774 0.0 0.0 -1e-06 
0.0 0.0 0.0 0.0 -0.0 0.0 -0.325478 100.086334 4.18315 0.8636 -0.050214 4.760507 0.458763 0.08967 0.06401 -0.140002 -0.556586 -4.853263 -1.410753 -3.674288 5.221426 22.226007 -1.904209 -12.555943 -2.162173 -5.622437 -3.751902 -5.378327 -7.547122 -12.175831 7.7e-05 -2.3e-05 6e-06 0.099619 0.134993 0.046396 0.700412 -3.700432 -10.670506 -0.500322 3.931634 -10.494553 6.953359 -10.944363 4.352967 -4.083449 -67.900909 -64.877876 -0.066223 -77.884232 2.444039 32.415707 -0.941613 13.265215 -5.882109 9.861291 0.702591 -10.936881 -0.360579 7.156213 2e-06 8.774831 -4e-06 -16.696638 17.996584 5.481587 -1.844033 2.498506 -2.507278 -10.163608 4.678944 4.621113 -20.97604 -7e-06 8e-06 -21.226299 2.451698 -3.593997 1e-06 -6e-06 -1e-06 -1.362682 2.240799 -0.746324 -21.334934 0.584905 3.008327 -13.821229 -6e-06 5e-06 -23.887192 -0.249079 -0.839477 -60.007748 2.52945 -0.813561 -0.294024 1.679688 0.833256 -14.218222 0.093212 1.300583 -34.212074 -0.28757 0.967181 -20.03323 0.964536 1.21285 -1e-06 -1e-06 -0.0 -3.440391 0.788232 0.501657 -15.928201 -3.167316 2.999711 -6.338832 -3e-06 0.0 -18.123459 3.648181 -4.905669 -5e-06 2e-06 -2e-06 -5.248989 12.031708 6.611111 -51.638714 37.969582 -74.985962 0.352401 42.775471 -3.17696 -25.412115 23.914465 33.783394 2.243542 -5.255041 -3.180158 14.282896 -0.826595 6.952506 -1e-06 -12.690615 -2e-06 15.38434 -16.117382 3.078248 1.665666 -1.955922 -2.878299 4.7278 -4.17059 4.993925 11.020529 3e-06 -2e-06 12.109054 -3.735719 -2.866786 3e-06 -0.0 -1e-06 1.291986 -1.928552 -1.498089 14.800132 0.567469 3.865609 14.242577 -1.341738 -6.660659 19.631969 0.143925 -0.648243 48.371216 -1.264871 -5.970484 0.353029 -1.511153 -0.03194 20.222797 3.684313 2.316633 18.787279 4e-06 1e-06 10.751631 -0.479869 1.397908 0.0 -0.0 2e-06 3.273808 0.305947 -0.580111 21.486822 11.830384 2.266138 8.162928 1e-06 -0.0 18.39909 -3.798988 -4.940578 3e-06 0.0 -1e-06 3.225129 23.529348 -0.22638 -0.023366 -0.337892 3.340501 -6.626374 6.978627 -4.673223 1.67008 -1.765953 1.670573 0.0 0.0 2e-06 -9.499352 -15.096957 -1.151926 0.044632 0.339617 1.271639 10.947965 2.867794 -0.970031 -1.389115 1.072096 1.138187 0.0 0.0 -1e-06 
0.0 0.0 0.0 0.0 -0.0 0.0 -0.283415 100.076149 4.231403 0.95064 0.096477 4.697217 0.55747 0.124322 0.157467 -0.08673 -0.509202 -4.82953 -1.31506 -3.57657 5.187532 23.088928 -1.783746 -13.497336 -2.224403 -5.6117 -3.784844 -5.479069 -7.667569 -12.888754 7.7e-05 -2.3e-05 6e-06 0.10926 0.166532 0.044511 0.712815 -3.677047 -10.699119 -0.493504 3.970593 -10.508827 6.770052 -10.878427 4.385724 -4.37093 -68.3955 -65.079514 0.28989 -78.01635 2.162655 32.403202 -1.217786 13.375366 -5.882106 9.861285 0.702589 -10.936873 -0.360574 7.156207 0.0 8.774826 -3e-06 -16.769318 18.065636 5.473684 -1.844032 2.498504 -2.507277 -10.163603 4.678944 4.621109 -20.976028 -4e-06 4e-06 -21.22629 2.451698 -3.594 1e-06 -6e-06 -0.0 -1.362682 2.240798 -0.746324 -21.334917 0.58491 3.008323 -13.821217 -3e-06 3e-06 -23.887171 -0.249078 -0.839482 -60.171371 2.559949 -0.845187 -0.294025 1.679687 0.833256 -14.218211 0.093213 1.30058 -34.212051 -0.287565 0.967173 -20.033215 0.964536 1.212845 -0.0 -1e-06 0.0 -3.440389 0.788234 0.501656 -15.928189 -3.16731 2.999709 -6.338829 -1e-06 1e-06 -18.123453 3.648181 -4.90567 -5e-06 -0.0 -2e-06 -5.220416 12.259295 6.738495 -52.439968 38.023575 -75.43335 0.624155 42.657009 -3.00637 -26.104252 23.974834 34.779408 2.243541 -5.255038 -3.180158 14.282889 -0.826592 6.952501 -3e-06 -12.690607 -2e-06 15.485198 -16.173565 3.059296 1.665666 -1.955923 -2.878299 4.727798 -4.170587 4.993924 11.020528 4e-06 -2e-06 12.109052 -3.735716 -2.866785 2e-06 1e-06 0.0 1.291985 -1.92855 -1.498089 14.800131 0.567473 3.865607 14.242571 -1.341736 -6.660659 19.631969 0.143929 -0.648244 48.540077 -1.273399 -5.998157 0.353029 -1.511151 -0.03194 20.22279 3.684313 2.31663 18.78727 9e-06 -1e-06 10.751629 -0.479867 1.397907 0.0 -0.0 1e-06 3.273807 0.305948 -0.580111 21.486814 11.830379 2.266135 8.162926 3e-06 0.0 18.39908 -3.798982 -4.940575 3e-06 0.0 -1e-06 3.137733 23.393726 -0.118357 -0.027257 -0.339756 3.273542 -6.628709 6.959801 -4.596185 1.6662 -1.780595 1.720061 0.0 0.0 2e-06 -9.6364 -15.117781 -1.028301 0.038724 0.351905 1.282821 10.910172 2.793705 -0.967412 -1.389932 1.066331 1.134312 0.0 0.0 -1e-06 
0.0 0.0 0.0 0.0 -0.0 0.0 -0.242017 100.074554 4.286317 1.044112 0.257051 4.610749 0.631803 0.143015 0.258447 -0.041181 -0.454387 -4.814174 -1.231201 -3.459486 5.145822 23.845552 -1.650212 -14.438501 -2.263348 -5.595651 -3.81781 -5.570813 -7.753655 -13.591351 7.6e-05 -2.4e-05 5e-06 0.120179 0.192829 0.040205 0.729123 -3.660101 -10.730523 -0.488163 4.005401 -10.528899 6.698955 -10.839403 4.383337 -4.550992 -68.970741 -65.309387 1.194181 -77.89312 1.34368 32.420738 -1.400336 13.139387 -5.88211 9.861293 0.70259 -10.936883 -0.360578 7.156213 2e-06 8.774833 -3e-06 -16.820393 18.125208 5.461212 -1.844034 2.498507 -2.50728 -10.163611 4.678946 4.621113 -20.976044 -6e-06 6e-06 -21.226305 2.451699 -3.593999 1e-06 -6e-06 -1e-06 -1.362682 2.2408 -0.746323 -21.334938 0.584906 3.008329 -13.821231 -5e-06 5e-06 -23.887192 -0.24908 -0.839479 -60.264439 2.583545 -0.869586 -0.294025 1.679688 0.833255 -14.218223 0.093211 1.300582 -34.212082 -0.287567 0.967178 -20.033232 0.964539 1.212849 -1e-06 -1e-06 0.0 -3.440392 0.788234 0.501657 -15.928203 -3.167315 2.999712 -6.338833 -2e-06 1e-06 -18.123463 3.648184 -4.905671 -4e-06 2e-06 -2e-06 -5.255411 12.496185 6.836456 -53.181358 38.148403 -75.791519 0.818011 42.359249 -2.797493 -26.916107 24.02544 35.072979 2.243541 -5.255038 -3.180159 14.282893 -0.826591 6.952504 -5e-06 -12.690608 -1e-06 15.601679 -16.24185 3.008565 1.665666 -1.955923 -2.878299 4.727798 -4.170588 4.993925 11.020529 4e-06 -3e-06 12.109052 -3.735717 -2.866786 3e-06 -0.0 0.0 1.291986 -1.92855 -1.49809 14.800129 0.567468 3.865608 14.242573 -1.341737 -6.660661 19.631971 0.14393 -0.648245 48.728016 -1.272151 -6.015978 0.353029 -1.51115 -0.03194 20.222797 3.684315 2.316631 18.787279 8e-06 1e-06 10.751632 -0.479867 1.397908 1e-06 -0.0 2e-06 3.273807 0.305945 -0.580111 21.48682 11.830384 2.266133 8.16293 3e-06 -1e-06 18.399084 -3.798983 -4.940577 3e-06 1e-06 -1e-06 3.061969 23.22101 0.012743 -0.029598 -0.343356 3.214915 -6.639329 6.971479 -4.480252 1.66215 -1.784136 1.762354 0.0 0.0 2e-06 -9.791745 -15.13364 -0.866722 0.032535 0.361979 1.289556 10.886644 2.708786 -0.982555 -1.390676 1.06417 1.135564 0.0 0.0 -1e-06 
0.0 0.0 0.0 0.0 -0.0 0.0 -0.201448 100.078323 4.342486 1.146696 0.42686 4.524857 0.675881 0.147427 0.352142 -0.012124 -0.378941 -4.809439 -1.156596 -3.348042 5.105433 24.462994 -1.482747 -15.383616 -2.29142 -5.576131 -3.844136 -5.661405 -7.809742 -14.271865 7.8e-05 -2.3e-05 5e-06 0.131787 0.212296 0.032484 0.746033 -3.650931 -10.769694 -0.482208 4.034031 -10.563181 6.685388 -10.786772 4.35248 -4.43406 -69.663559 -65.770874 2.157131 -77.495697 0.468835 32.459831 -1.522024 12.580795 -5.882107 9.86129 0.702592 -10.936875 -0.360574 7.156208 -1e-06 8.774828 -2e-06 -16.839096 18.165623 5.455455 -1.844032 2.498505 -2.507278 -10.163602 4.678948 4.621108 -20.976028 -1e-06 2e-06 -21.226294 2.4517 -3.594001 1e-06 -6e-06 -1e-06 -1.362682 2.2408 -0.746324 -21.334921 0.584911 3.008324 -13.821218 -2e-06 3e-06 -23.887175 -0.249074 -0.839483 -60.265015 2.601091 -0.852606 -0.294026 1.679688 0.833256 -14.218212 0.093215 1.300581 -34.212051 -0.287561 0.967171 -20.033218 0.964538 1.212843 -1e-06 -2e-06 0.0 -3.440389 0.788233 0.501657 -15.928189 -3.16731 2.999707 -6.338829 -1e-06 0.0 -18.123453 3.648185 -4.905671 -5e-06 2e-06 -2e-06 -5.276864 12.737926 6.903091 -53.844463 38.385429 -76.192101 1.012571 41.9184 -2.543671 -27.774515 24.064222 34.689999 2.243543 -5.255038 -3.18016 14.282898 -0.826592 6.952505 -4e-06 -12.690609 -1e-06 15.735837 -16.281782 2.918648 1.665667 -1.955923 -2.878301 4.7278 -4.170588 4.993926 11.020534 5e-06 -3e-06 12.109056 -3.735716 -2.866787 3e-06 1e-06 0.0 1.291987 -1.92855 -1.498091 14.800136 0.56747 3.865608 14.242579 -1.341736 -6.660663 19.631977 0.143931 -0.648246 48.938675 -1.28038 -6.032512 0.353029 -1.51115 -0.03194 20.222803 3.684314 2.316629 18.787283 7e-06 -1e-06 10.751634 -0.479866 1.397907 1e-06 -0.0 0.0 3.273808 0.305948 -0.580112 21.486824 11.830381 2.266132 8.16293 2e-06 -2e-06 18.399092 -3.798981 -4.940577 3e-06 0.0 -2e-06 2.979385 22.988831 0.134636 -0.028504 -0.337299 3.160465 -6.639723 6.999107 -4.339478 1.658024 -1.773526 1.772663 0.0 0.0 2e-06 -9.956443 -15.136256 -0.697846 0.026991 0.374621 1.287571 10.897053 2.585228 -1.029757 -1.390844 1.065218 1.118843 -0.0 0.0 -1e-06 
0.0 0.0 0.0 0.0 -0.0 0.0 -0.158954 100.08429 4.389513 1.252379 0.603985 4.43391 0.698826 0.142958 0.435625 -0.001324 -0.300752 -4.801391 -1.082971 -3.237379 5.065216 24.900185 -1.266324 -16.292044 -2.309322 -5.581904 -3.863327 -5.766575 -7.815765 -14.90691 7.7e-05 -2.2e-05 6e-06 0.138634 0.22067 0.021972 0.75539 -3.652921 -10.812598 -0.478406 4.051469 -10.603992 6.704631 -10.723162 4.306088 -4.011585 -70.446671 -66.525528 2.772693 -76.885689 -0.135436 32.547016 -1.595531 11.765648 -5.882111 9.861295 0.702591 -10.936881 -0.360576 7.156211 0.0 8.774832 -3e-06 -16.829153 18.194752 5.461777 -1.844033 2.498507 -2.507278 -10.163611 4.678947 4.621113 -20.976044 -3e-06 5e-06 -21.226303 2.451699 -3.594001 0.0 -7e-06 -2e-06 -1.362683 2.2408 -0.746324 -21.334936 0.584909 3.008326 -13.821228 -5e-06 4e-06 -23.887196 -0.249077 -0.839481 -60.161419 2.605441 -0.814147 -0.294025 1.679689 0.833257 -14.218223 0.093213 1.300582 -34.212082 -0.287562 0.967175 -20.033234 0.964539 1.212847 -2e-06 -1e-06 0.0 -3.440392 0.788233 0.501657 -15.928201 -3.167314 2.999711 -6.338833 -1e-06 2e-06 -18.123463 3.648184 -4.905673 -4e-06 1e-06 -2e-06 -5.318646 12.962949 6.917433 -54.331787 38.784737 -76.673409 1.210395 41.364319 -2.263859 -28.669945 24.0453 33.727173 2.243543 -5.255041 -3.180159 14.282896 -0.826594 6.952504 -3e-06 -12.690611 -1e-06 15.873242 -16.276581 2.836466 1.665667 -1.955922 -2.8783 4.7278 -4.170589 4.993925 11.020531 4e-06 -1e-06 12.109056 -3.735717 -2.866786 2e-06 -0.0 -1e-06 1.291986 -1.928552 -1.49809 14.800132 0.567469 3.865608 14.242579 -1.341735 -6.660661 19.631975 0.143928 -0.648245 49.140232 -1.290438 -6.059281 0.353029 -1.511151 -0.03194 20.222801 3.684313 2.316631 18.787281 5e-06 -1e-06 10.751632 -0.479869 1.397906 1e-06 -0.0 0.0 3.273808 0.305947 -0.580111 21.486818 11.83038 2.266134 8.16293 2e-06 -2e-06 18.399088 -3.798984 -4.940578 2e-06 0.0 -2e-06 2.89753 22.72551 0.256703 -0.024128 -0.3299 3.107871 -6.642971 7.064289 -4.208917 1.656312 -1.775335 1.756958 0.0 0.0 2e-06 -10.128144 -15.110223 -0.519138 0.024141 0.372765 1.287542 10.917945 2.468095 -1.119928 -1.390686 1.057003 1.131297 -0.0 0.0 -1e-06 
0.0 0.0 0.0 0.0 -0.0 0.0 -0.117439 100.090012 4.417708 1.351125 0.802802 4.338985 0.719955 0.145572 0.505268 -0.001661 -0.236985 -4.787944 -1.011185 -3.135033 5.02892 25.121914 -0.989559 -17.10428 -2.331037 -5.648458 -3.871006 -5.859655 -7.775219 -15.448382 7.8e-05 -2.1e-05 6e-06 0.138787 0.215182 0.012954 0.759006 -3.664875 -10.845064 -0.482278 4.051118 -10.633629 6.699811 -10.666893 4.261112 -3.417139 -71.246178 -67.399109 2.855731 -76.153099 -0.210654 32.739185 -1.690066 10.714024 -5.882109 9.861288 0.702591 -10.936875 -0.360577 7.15621 0.0 8.774826 -3e-06 -16.809856 18.210342 5.45734 -1.844033 2.498505 -2.507278 -10.163604 4.678946 4.621111 -20.97603 -2e-06 3e-06 -21.226295 2.451698 -3.594 1e-06 -5e-06 -1e-06 -1.362681 2.240797 -0.746323 -21.334923 0.584908 3.008327 -13.82122 -2e-06 5e-06 -23.887178 -0.249075 -0.83948 -60.017815 2.5873 -0.801253 -0.294025 1.679688 0.833257 -14.218214 0.093215 1.300582 -34.212063 -0.287561 0.967175 -20.03322 0.964537 1.212845 -1e-06 -1e-06 -0.0 -3.44039 0.788233 0.501656 -15.928192 -3.167311 2.99971 -6.33883 0.0 2e-06 -18.123455 3.648184 -4.905669 -3e-06 0.0 -2e-06 -5.359629 13.129222 6.911548 -54.67992 39.319656 -77.181526 1.353277 40.693481 -2.020306 -29.679409 24.042675 32.287918 2.243544 -5.255044 -3.180161 14.282902 -0.826593 6.952507 -2e-06 -12.690614 -1e-06 16.030293 -16.268541 2.75342 1.665667 -1.955922 -2.878301 4.727802 -4.170591 4.993927 11.020535 4e-06 -2e-06 12.109061 -3.735718 -2.866787 2e-06 1e-06 -0.0 1.291987 -1.928551 -1.498091 14.800139 0.567469 3.86561 14.242583 -1.341737 -6.660665 19.631985 0.143928 -0.648246 49.318954 -1.299778 -6.07186 0.353029 -1.511153 -0.03194 20.222805 3.684315 2.316631 18.787287 6e-06 -4e-06 10.751636 -0.479866 1.397907 -3e-06 0.0 1e-06 3.27381 0.305948 -0.580112 21.486832 11.830385 2.266136 8.162935 0.0 -1e-06 18.399096 -3.798988 -4.940579 2e-06 1e-06 -1e-06 2.834172 22.546425 0.392109 -0.023269 -0.326585 3.034194 -6.658619 7.049469 -4.090039 1.654748 -1.785487 1.714782 0.0 -1e-06 2e-06 -10.293652 -15.064111 -0.340324 0.021923 0.361749 1.298872 10.958503 2.343583 -1.20841 -1.390546 1.050183 1.146961 -0.0 0.0 -1e-06 
0.0 0.0 0.0 0.0 -0.0 0.0 -0.080281 100.099289 4.438569 1.429871 1.017478 4.26323 0.75281 0.156068 0.55703 -0.012351 -0.192283 -4.779262 -0.939791 -3.047837 5.00651 25.146132 -0.668606 -17.787367 -2.364327 -5.723992 -3.871463 -5.949395 -7.715608 -15.896777 7.7e-05 -2.3e-05 5e-06 0.136614 0.2081 0.009996 0.759146 -3.67238 -10.857225 -0.487366 4.043721 -10.642015 6.647981 -10.596183 4.220589 -2.739815 -72.037598 -68.301285 2.480817 -75.313408 0.197705 32.999996 -1.891553 9.569112 -5.882112 9.861296 0.702589 -10.936882 -0.360577 7.156213 2e-06 8.774833 -2e-06 -16.752007 18.227524 5.461359 -1.844034 2.498507 -2.507279 -10.163611 4.678949 4.621113 -20.976044 -3e-06 4e-06 -21.226309 2.451701 -3.594001 1e-06 -6e-06 -1e-06 -1.362682 2.240801 -0.746323 -21.334934 0.584908 3.008328 -13.821228 -3e-06 5e-06 -23.887192 -0.249077 -0.839481 -59.853428 2.577463 -0.813088 -0.294025 1.679688 0.833257 -14.218224 0.093214 1.300582 -34.21209 -0.287563 0.967177 -20.033236 0.964538 1.212847 -1e-06 0.0 0.0 -3.440392 0.788234 0.501657 -15.928203 -3.167315 2.999712 -6.338833 -1e-06 3e-06 -18.123466 3.648187 -4.905674 -3e-06 1e-06 -2e-06 -5.399777 13.221292 6.917732 -54.896961 39.945602 -77.634415 1.386864 39.950928 -1.796346 -30.881952 23.970945 30.463137 2.243544 -5.255039 -3.180161 14.282904 -0.826592 6.952506 -6e-06 -12.690616 -0.0 16.192453 -16.247959 2.649977 1.665669 -1.955922 -2.878301 4.727802 -4.17059 4.993927 11.02054 5e-06 -3e-06 12.109065 -3.735716 -2.866787 2e-06 -1e-06 -0.0 1.291987 -1.92855 -1.498091 14.800144 0.567473 3.865607 14.242585 -1.341735 -6.660665 19.631989 0.143931 -0.648247 49.492325 -1.310346 -6.067629 0.353029 -1.511152 -0.03194 20.222813 3.684316 2.316627 18.787292 1.1e-05 -4e-06 10.751639 -0.479866 1.397906 -1e-06 1e-06 -1e-06 3.27381 0.305947 -0.580112 21.486839 11.830392 2.266131 8.162935 -0.0 -3e-06 18.399101 -3.798982 -4.940584 3e-06 0.0 -1e-06 2.788131 22.44418 0.511446 -0.026597 -0.328413 2.93034 -6.69009 6.954188 -3.973092 1.652268 -1.799478 1.675032 0.0 0.0 2e-06 -10.431661 -15.010182 -0.193846 0.019027 0.344279 1.321891 11.00373 2.224174 -1.288939 -1.392094 1.04909 1.170322 -0.0 0.0 -1e-06 
0.0 0.0 0.0 0.0 -0.0 0.0 -0.051135 100.104797 4.44599 1.489763 1.247878 4.231485 0.789194 0.168162 0.583687 -0.026451 -0.161168 -4.776619 -0.875216 -2.981234 4.990509 25.021688 -0.336352 -18.320469 -2.426764 -5.782761 -3.880876 -6.001488 -7.629486 -16.228987 7.8e-05 -2.2e-05 5e-06 0.135071 0.206351 0.010809 0.75978 -3.670349 -10.856337 -0.491591 4.037896 -10.6388 6.575015 -10.497244 4.186457 -2.140459 -72.831329 -69.065521 2.043157 -74.382706 0.690803 33.267441 -2.238727 8.491637 -5.882104 9.861281 0.702591 -10.936866 -0.360574 7.1562 2e-06 8.774821 -1e-06 -16.638763 18.23621 5.493134 -1.844032 2.498504 -2.507277 -10.163595 4.678942 4.621107 -20.976021 -3e-06 1e-06 -21.22628 2.451696 -3.594 1e-06 -6e-06 -1e-06 -1.362681 2.240797 -0.746323 -21.334906 0.58491 3.008321 -13.821208 -5e-06 2e-06 -23.887161 -0.249081 -0.839483 -59.70575 2.576875 -0.813616 -0.294024 1.679687 0.833255 -14.218204 0.093214 1.300579 -34.212036 -0.287566 0.967168 -20.033209 0.964536 1.212843 -1e-06 0.0 1e-06 -3.440387 0.788232 0.501655 -15.928179 -3.167308 2.999705 -6.338825 -2e-06 1e-06 -18.123444 3.64818 -4.905668 -3e-06 -0.0 -3e-06 -5.443434 13.265041 6.889722 -54.963367 40.656696 -78.003929 1.36602 39.211269 -1.598161 -32.20071 23.696793 28.384966 2.243541 -5.255035 -3.180159 14.282889 -0.826593 6.952505 -3e-06 -12.690601 -0.0 16.342014 -16.245203 2.53366 1.665666 -1.955922 -2.878299 4.727799 -4.170586 4.993924 11.020525 4e-06 -1e-06 12.10905 -3.735713 -2.866784 2e-06 -1e-06 -0.0 1.291985 -1.928549 -1.498089 14.800129 0.567467 3.865609 14.242569 -1.341736 -6.660659 19.631971 0.143926 -0.648244 49.699181 -1.33102 -6.099145 0.353028 -1.511152 -0.03194 20.222794 3.684311 2.316631 18.787271 6e-06 -0.0 10.751627 -0.479868 1.397907 -1e-06 -1e-06 -1e-06 3.273807 0.305947 -0.580111 21.486813 11.830376 2.266135 8.162928 -0.0 -1e-06 18.39908 -3.798982 -4.940573 3e-06 0.0 -1e-06 2.741376 22.370605 0.587502 -0.031029 -0.334424 2.778006 -6.730821 6.829814 -3.86122 1.650097 -1.815573 1.642868 0.0 -1e-06 2e-06 -10.529339 -14.950328 -0.112381 0.018848 0.322239 1.3614 11.023142 2.122242 -1.35627 -1.394455 1.047622 1.181926 -0.0 0.0 -1e-06 
0.0 0.0 0.0 0.0 -0.0 0.0 -0.034197 100.107613 4.439499 1.528044 1.454078 4.241993 0.826671 0.179181 0.601734 -0.038279 -0.12869 -4.777883 -0.828897 -2.933714 4.974069 24.775331 -0.045411 -18.707916 -2.479455 -5.775727 -3.884195 -6.024872 -7.546376 -16.4044 7.7e-05 -2.2e-05 6e-06 0.136597 0.211684 0.012067 0.761094 -3.658053 -10.844037 -0.490235 4.036199 -10.625606 6.499263 -10.376935 4.19955 -1.580178 -73.594398 -69.754227 1.776381 -73.399185 1.065421 33.556217 -2.670165 7.569577 -5.882107 9.86129 0.702591 -10.936875 -0.360575 7.156207 1e-06 8.774826 -1e-06 -16.562735 18.229134 5.510556 -1.844033 2.498505 -2.507279 -10.163604 4.678946 4.621109 -20.976032 -4e-06 3e-06 -21.226292 2.451696 -3.594001 1e-06 -6e-06 -2e-06 -1.362682 2.2408 -0.746323 -21.334921 0.584909 3.008325 -13.82122 -4e-06 3e-06 -23.887175 -0.249077 -0.839483 -59.624962 2.587581 -0.790596 -0.294025 1.679688 0.833256 -14.218215 0.093215 1.300582 -34.212063 -0.287563 0.967171 -20.033226 0.964537 1.212845 -1e-06 -0.0 0.0 -3.440389 0.788233 0.501655 -15.928194 -3.16731 2.999709 -6.338829 -1e-06 1e-06 -18.123453 3.648183 -4.905672 -3e-06 -0.0 -3e-06 -5.514062 13.29762 6.821278 -54.90237 41.413322 -78.408195 1.346506 38.554207 -1.385842 -33.486465 23.331415 26.248173 2.243543 -5.255041 -3.18016 14.282896 -0.826595 6.952506 -4e-06 -12.690612 -1e-06 16.498541 -16.239885 2.401655 1.665667 -1.955923 -2.878301 4.727801 -4.17059 4.993925 11.020531 4e-06 -2e-06 12.109058 -3.735717 -2.866787 0.0 0.0 0.0 1.291986 -1.92855 -1.498091 14.800138 0.56747 3.865609 14.242579 -1.341735 -6.660662 19.631975 0.143929 -0.648245 49.917557 -1.365007 -6.156947 0.353029 -1.511152 -0.03194 20.222801 3.684316 2.316631 18.787283 7e-06 -2e-06 10.751634 -0.479868 1.397907 -1e-06 -1e-06 -1e-06 3.273808 0.305947 -0.580111 21.486828 11.830387 2.266135 8.16293 2e-06 -1e-06 18.399092 -3.798983 -4.940579 3e-06 0.0 -1e-06 2.69768 22.354721 0.613501 -0.034195 -0.342478 2.614732 -6.770164 6.6514 -3.768853 1.648689 -1.83284 1.608329 0.0 0.0 2e-06 -10.586535 -14.884978 -0.099565 0.023093 0.306486 1.405424 11.029577 2.046499 -1.398389 -1.396435 1.044458 1.170175 -0.0 0.0 -1e-06 
0.0 0.0 0.0 0.0 -0.0 0.0 -0.024487 100.113632 4.41874 1.548765 1.638813 4.296714 0.87027 0.194318 0.613629 -0.045338 -0.100126 -4.767196 -0.803811 -2.897193 4.94617 24.434879 0.175172 -18.981823 -2.485161 -5.705867 -3.887228 -6.07156 -7.399729 -16.466635 7.7e-05 -2.2e-05 7e-06 0.137335 0.215724 0.010748 0.759655 -3.647492 -10.83345 -0.487648 4.033967 -10.619798 6.417016 -10.252935 4.232428 -1.049751 -74.338646 -70.471069 1.517987 -72.356102 1.37627 33.875797 -3.092409 6.745364 -5.882108 9.861289 0.702591 -10.936875 -0.360576 7.156207 2e-06 8.774826 -2e-06 -16.521082 18.184025 5.48051 -1.844032 2.498504 -2.507277 -10.163603 4.678945 4.621111 -20.976028 -5e-06 5e-06 -21.22629 2.451698 -3.593997 -0.0 -6e-06 0.0 -1.362682 2.2408 -0.746324 -21.334921 0.584908 3.008326 -13.821218 -3e-06 5e-06 -23.887175 -0.249077 -0.839479 -59.509689 2.607976 -0.780182 -0.294025 1.679688 0.833257 -14.218214 0.093214 1.300582 -34.212063 -0.287563 0.967177 -20.033224 0.964537 1.212846 -0.0 0.0 -0.0 -3.44039 0.788232 0.501655 -15.928191 -3.167312 2.99971 -6.338829 -3e-06 2e-06 -18.123447 3.648184 -4.905669 -4e-06 -0.0 -3e-06 -5.626705 13.335382 6.789444 -54.789288 42.080425 -78.723412 1.245318 38.062847 -1.205342 -34.776947 22.97772 24.053801 2.243543 -5.255042 -3.18016 14.282902 -0.826592 6.952505 -3e-06 -12.690614 -2e-06 16.668303 -16.269295 2.305441 1.665668 -1.955924 -2.878301 4.727801 -4.170589 4.993925 11.020535 4e-06 -3e-06 12.10906 -3.735717 -2.866788 0.0 -0.0 -0.0 1.291986 -1.928551 -1.49809 14.80014 0.567472 3.865608 14.242586 -1.341735 -6.660664 19.631985 0.14393 -0.648246 50.173313 -1.402549 -6.221171 0.35303 -1.511152 -0.031941 20.222809 3.684317 2.31663 18.787289 9e-06 -1e-06 10.751636 -0.479867 1.397906 -1e-06 0.0 0.0 3.27381 0.305949 -0.580111 21.486834 11.83039 2.266135 8.162933 3e-06 -2e-06 18.399096 -3.798983 -4.94058 3e-06 -1e-06 -1e-06 2.646507 22.342146 0.576805 -0.037713 -0.345725 2.466884 -6.807014 6.497551 -3.713503 1.646342 -1.845398 1.561755 0.0 0.0 2e-06 -10.607933 -14.844843 -0.151639 0.026672 0.299998 1.445038 11.04745 1.991952 -1.41886 -1.397185 1.043629 1.156082 -0.0 0.0 -1e-06 
0.0 0.0 0.0 0.0 -0.0 0.0 -0.017609 100.125801 4.386534 1.551061 1.798854 4.383037 0.912883 0.218154 0.638351 -0.041272 -0.075836 -4.747041 -0.791004 -2.8761 4.90494 23.987514 0.336568 -19.14031 -2.44082 -5.594791 -3.893097 -6.10229 -7.1738 -16.480108 7.7e-05 -2.2e-05 7e-06 0.132288 0.210672 0.006685 0.754937 -3.644609 -10.827683 -0.493444 4.021841 -10.620183 6.372198 -10.151741 4.246212 -0.608861 -75.004166 -71.233467 1.126668 -71.297417 1.724786 34.168606 -3.450403 5.839587 -5.882109 9.861287 0.702589 -10.936877 -0.360576 7.156209 -0.0 8.774828 -2e-06 -16.492716 18.09796 5.412141 -1.844033 2.498505 -2.507278 -10.163604 4.678946 4.621111 -20.97603 -2e-06 4e-06 -21.226295 2.4517 -3.594 -1e-06 -6e-06 0.0 -1.362682 2.2408 -0.746323 -21.334923 0.584909 3.008325 -13.821221 -4e-06 4e-06 -23.887178 -0.249078 -0.839482 -59.346741 2.606114 -0.781463 -0.294025 1.679688 0.833256 -14.218215 0.093215 1.300582 -34.212067 -0.287564 0.967175 -20.033222 0.96454 1.212845 -0.0 0.0 0.0 -3.44039 0.788233 0.501656 -15.928198 -3.167311 2.999709 -6.33883 -1e-06 1e-06 -18.123455 3.648184 -4.905671 -4e-06 -1e-06 -2e-06 -5.826659 13.387229 6.750614 -54.58997 42.623516 -78.891953 1.072858 37.758999 -1.046139 -35.958633 22.649645 22.03566 2.243541 -5.255037 -3.180158 14.282889 -0.826593 6.952501 -4e-06 -12.690605 -0.0 16.844946 -16.32663 2.22289 1.665667 -1.955922 -2.878299 4.727797 -4.170587 4.993923 11.020526 5e-06 -2e-06 12.109051 -3.735714 -2.866785 0.0 -0.0 0.0 1.291986 -1.92855 -1.498088 14.800125 0.567471 3.865605 14.242571 -1.341735 -6.66066 19.631968 0.143929 -0.648245 50.43483 -1.431036 -6.269837 0.353029 -1.511151 -0.031941 20.222788 3.684311 2.316628 18.78727 8e-06 -0.0 10.751627 -0.479866 1.397905 0.0 1e-06 -0.0 3.273806 0.305947 -0.580111 21.486814 11.830379 2.266132 8.162926 2e-06 -1e-06 18.39908 -3.798982 -4.940573 3e-06 -1e-06 -1e-06 2.59343 22.293478 0.488299 -0.040588 -0.34833 2.336488 -6.83128 6.401751 -3.694656 1.643166 -1.852459 1.521108 0.0 0.0 2e-06 -10.600261 -14.859277 -0.249605 0.025625 0.306094 1.471569 11.095842 1.987617 -1.403072 -1.398156 1.056668 1.15312 -0.0 0.0 -1e-06 
0.0 0.0 0.0 0.0 -0.0 0.0 -0.011508 100.13475 4.352368 1.535802 1.930424 4.502534 0.951822 0.246173 0.666549 -0.034803 -0.053855 -4.724631 -0.777366 -2.839333 4.860499 23.452269 0.462079 -19.197134 -2.370137 -5.453583 -3.904441 -6.097304 -6.932673 -16.50293 7.7e-05 -2.1e-05 7e-06 0.12059 0.196585 0.003265 0.740707 -3.648608 -10.820095 -0.503234 3.999408 -10.614061 6.348799 -10.093038 4.240712 -0.067337 -75.547623 -72.102951 0.710523 -70.245613 2.094028 34.371296 -3.72295 4.850031 -5.882108 9.861286 0.702589 -10.936877 -0.360576 7.156208 1e-06 8.774828 -1e-06 -16.439295 18.01182 5.347613 -1.844033 2.498505 -2.507278 -10.163605 4.678944 4.621109 -20.976034 -5e-06 4e-06 -21.226295 2.451695 -3.593999 -1e-06 -6e-06 0.0 -1.362681 2.240798 -0.746323 -21.334923 0.584908 3.008327 -13.82122 -4e-06 4e-06 -23.887177 -0.24908 -0.83948 -59.187462 2.591681 -0.767689 -0.294025 1.679687 0.833255 -14.218214 0.093213 1.30058 -34.212063 -0.287566 0.967174 -20.033218 0.964537 1.212846 -0.0 -0.0 0.0 -3.440389 0.788233 0.501656 -15.928192 -3.167312 2.999708 -6.33883 -1e-06 1e-06 -18.123453 3.648183 -4.90567 -4e-06 -0.0 -3e-06 -6.074486 13.445319 6.693693 -54.307323 43.003437 -78.762337 0.840872 37.560173 -0.957914 -37.037666 22.288691 20.500147 2.243542 -5.255038 -3.180158 14.282896 -0.826594 6.952502 -4e-06 -12.69061 1e-06 16.97645 -16.42284 2.159468 1.665667 -1.955922 -2.878299 4.727798 -4.170588 4.993925 11.020528 4e-06 -2e-06 12.109055 -3.735716 -2.866785 0.0 -0.0 1e-06 1.291986 -1.928549 -1.498091 14.800132 0.56747 3.865606 14.242577 -1.341735 -6.66066 19.631973 0.143928 -0.648247 50.657509 -1.460103 -6.328446 0.353029 -1.51115 -0.031941 20.222795 3.684313 2.316627 18.787273 9e-06 -2e-06 10.751629 -0.479866 1.397905 -1e-06 -1e-06 -0.0 3.273808 0.305948 -0.580111 21.48682 11.830383 2.266132 8.162928 3e-06 -1e-06 18.399088 -3.798986 -4.940578 4e-06 -1e-06 -2e-06 2.538246 22.222221 0.344127 -0.040129 -0.350653 2.230658 -6.831934 6.372891 -3.696291 1.642519 -1.863606 1.49372 0.0 -1e-06 2e-06 -10.562117 -14.886 -0.396581 0.022101 0.325955 1.489092 11.142347 2.028287 -1.330735 -1.399832 1.069312 1.124209 -0.0 0.0 -1e-06 
0.0 0.0 0.0 0.0 -0.0 0.0 -0.003053 100.145462 4.309964 1.508014 2.015584 4.661263 0.988125 0.279408 0.696788 -0.020285 -0.017888 -4.699359 -0.769872 -2.784109 4.80901 22.79727 0.578358 -19.178091 -2.288627 -5.275975 -3.923936 -6.078107 -6.695978 -16.441244 7.6e-05 -2.2e-05 7e-06 0.105024 0.177857 0.001485 0.724104 -3.655683 -10.809283 -0.518203 3.971139 -10.599712 6.350135 -10.072915 4.202065 0.488585 -75.959785 -72.98468 0.224048 -69.271339 2.525492 34.553497 -3.82968 3.641242 -5.88211 9.861297 0.702592 -10.936881 -0.360576 7.156214 1e-06 8.774833 -1e-06 -16.398424 17.948853 5.25487 -1.844034 2.498507 -2.507279 -10.163611 4.67895 4.621115 -20.97604 -3e-06 6e-06 -21.226303 2.451701 -3.594 -2e-06 -5e-06 -0.0 -1.362682 2.240799 -0.746323 -21.334934 0.584911 3.00833 -13.821226 -2e-06 5e-06 -23.88719 -0.249075 -0.839481 -59.024624 2.580203 -0.773145 -0.294025 1.679689 0.833256 -14.218221 0.093214 1.300584 -34.212078 -0.287561 0.967179 -20.033232 0.964541 1.212847 -0.0 -0.0 1e-06 -3.440392 0.788235 0.501657 -15.928203 -3.167312 2.999713 -6.338832 -1e-06 2e-06 -18.123459 3.648189 -4.905671 -4e-06 -0.0 -3e-06 -6.316235 13.500645 6.627833 -53.97945 43.178795 -78.286598 0.584394 37.463631 -0.924935 -38.085629 21.876951 19.344584 2.243543 -5.255041 -3.18016 14.282898 -0.826592 6.952506 -4e-06 -12.690614 -1e-06 17.067928 -16.503424 2.145048 1.665668 -1.955924 -2.8783 4.727801 -4.170589 4.993925 11.020535 4e-06 -2e-06 12.109059 -3.735718 -2.866787 0.0 -0.0 0.0 1.291986 -1.928553 -1.49809 14.800139 0.567472 3.865609 14.242582 -1.341735 -6.660664 19.631985 0.143928 -0.648247 50.855526 -1.479329 -6.366153 0.353029 -1.511152 -0.03194 20.222803 3.684314 2.31663 18.787287 8e-06 -2e-06 10.751636 -0.479866 1.397906 -1e-06 0.0 -0.0 3.273809 0.305947 -0.580111 21.486828 11.830385 2.266135 8.162932 2e-06 -2e-06 18.399094 -3.798985 -4.940579 3e-06 -0.0 -1e-06 2.473148 22.120461 0.150338 -0.040752 -0.35681 2.132529 -6.80234 6.411034 -3.699844 1.641862 -1.870586 1.47809 0.0 0.0 2e-06 -10.49857 -14.927172 -0.603656 0.02042 0.348297 1.500294 11.184351 2.088381 -1.201067 -1.400908 1.076116 1.06395 -0.0 0.0 -1e-06 
0.0 0.0 0.0 0.0 -0.0 0.0 0.008334 100.153519 4.259902 1.46816 2.041144 4.839158 1.026504 0.312896 0.743008 0.002639 0.031913 -4.669072 -0.764345 -2.70672 4.74375 21.987675 0.691715 -19.051783 -2.196307 -5.093237 -3.945079 -6.052635 -6.395723 -16.322924 7.7e-05 -2.3e-05 6e-06 0.089827 0.153761 -0.002588 0.710388 -3.668613 -10.794752 -0.535252 3.938513 -10.577547 6.389581 -10.100248 4.163262 1.103065 -76.225227 -73.899307 -0.194405 -68.404678 2.836808 34.730835 -3.658143 2.147611 -5.882111 9.861294 0.702591 -10.93688 -0.360576 7.15621 0.0 8.774833 -2e-06 -16.349136 17.913776 5.158908 -1.844033 2.498506 -2.507278 -10.16361 4.67895 4.621112 -20.97604 -0.0 5e-06 -21.226301 2.451703 -3.594002 -0.0 -6e-06 -1e-06 -1.362682 2.2408 -0.746323 -21.334929 0.584911 3.008327 -13.821223 -2e-06 3e-06 -23.887184 -0.249075 -0.839483 -58.886608 2.565293 -0.811694 -0.294026 1.679688 0.833257 -14.218221 0.093216 1.300583 -34.212074 -0.287558 0.967175 -20.03323 0.96454 1.212845 -1e-06 -0.0 0.0 -3.440391 0.788234 0.501657 -15.9282 -3.167312 2.999711 -6.338831 -1e-06 2e-06 -18.123459 3.648189 -4.905673 -4e-06 -0.0 -2e-06 -6.563352 13.557123 6.57332 -53.57748 43.153107 -77.567734 0.347349 37.524662 -0.932145 -39.044922 21.38802 18.316153 2.243543 -5.255039 -3.180159 14.282898 -0.826592 6.952502 -5e-06 -12.690609 -1e-06 17.110157 -16.575239 2.162749 1.665668 -1.955922 -2.8783 4.727801 -4.170588 4.993924 11.020532 3e-06 -3e-06 12.109058 -3.735715 -2.866787 1e-06 -0.0 1e-06 1.291987 -1.928549 -1.49809 14.800136 0.567469 3.865606 14.24258 -1.341736 -6.660661 19.631981 0.14393 -0.648248 51.028576 -1.482364 -6.399662 0.353029 -1.511151 -0.03194 20.222801 3.684314 2.316628 18.787283 8e-06 -4e-06 10.751633 -0.479866 1.397905 -1e-06 -0.0 -0.0 3.273809 0.305948 -0.580111 21.486824 11.83038 2.26613 8.16293 2e-06 -2e-06 18.399092 -3.798981 -4.940581 3e-06 -0.0 -1e-06 2.40397 22.002188 -0.075904 -0.043961 -0.365108 2.055937 -6.756688 6.528939 -3.687873 1.643783 -1.885092 1.478124 0.0 0.0 2e-06 -10.421947 -14.967628 -0.845336 0.027293 0.365132 1.503371 11.226443 2.210699 -1.047076 -1.400611 1.074701 0.998575 -0.0 0.0 -1e-06 
0.0 0.0 0.0 0.0 -0.0 0.0 0.017689 100.17244 4.208347 1.413495 2.018079 5.020738 1.066036 0.332443 0.796339 0.024759 0.095733 -4.642219 -0.755373 -2.637735 4.697601 20.997393 0.791444 -18.781914 -2.084525 -4.856118 -3.956151 -6.045965 -6.002718 -16.170708 7.7e-05 -2.2e-05 6e-06 0.075422 0.128582 -0.007073 0.697955 -3.683734 -10.773066 -0.5519 3.905899 -10.553433 6.455413 -10.114809 4.128978 1.920376 -76.370712 -75.029732 -0.770932 -67.662392 3.262023 34.891167 -3.226007 0.237209 -5.882112 9.861292 0.702591 -10.936886 -0.360576 7.156215 2e-06 8.774832 -1e-06 -16.307678 17.886301 5.073183 -1.844034 2.498506 -2.507279 -10.163612 4.678948 4.621114 -20.976049 -5e-06 8e-06 -21.226309 2.451702 -3.593998 0.0 -5e-06 0.0 -1.362682 2.2408 -0.746324 -21.334942 0.584907 3.008332 -13.821231 -3e-06 7e-06 -23.887199 -0.249077 -0.839478 -58.757153 2.548569 -0.867008 -0.294025 1.679689 0.833257 -14.218225 0.093213 1.300584 -34.212086 -0.287565 0.967181 -20.033236 0.964538 1.21285 -0.0 1e-06 0.0 -3.440392 0.788232 0.501657 -15.928206 -3.167314 2.999715 -6.338833 -2e-06 4e-06 -18.123463 3.648185 -4.905669 -4e-06 -0.0 -3e-06 -6.753991 13.604571 6.585805 -53.188351 42.89864 -76.788078 0.144749 37.840942 -0.927228 -39.817604 20.903036 17.388077 2.243542 -5.255037 -3.180159 14.282894 -0.826592 6.952503 -4e-06 -12.690607 -1e-06 17.137758 -16.618181 2.163203 1.665667 -1.955922 -2.878299 4.727798 -4.170588 4.993925 11.020528 4e-06 -2e-06 12.109053 -3.735713 -2.866786 1e-06 -1e-06 0.0 1.291986 -1.92855 -1.49809 14.800129 0.56747 3.865606 14.242576 -1.341735 -6.660661 19.631971 0.143929 -0.648246 51.152534 -1.457482 -6.407777 0.353029 -1.511151 -0.03194 20.222797 3.684314 2.31663 18.787275 1e-05 -1e-06 10.751631 -0.479867 1.397906 0.0 -0.0 -0.0 3.273807 0.305946 -0.580111 21.48682 11.830381 2.266133 8.162929 3e-06 -2e-06 18.399092 -3.798982 -4.940579 2e-06 -0.0 -2e-06 2.338934 21.865372 -0.32095 -0.04511 -0.365503 2.003097 -6.677347 6.678787 -3.641157 1.645736 -1.890114 1.488231 0.0 -1e-06 2e-06 -10.336086 -15.036449 -1.104845 0.035232 0.37728 1.499994 11.299952 2.383424 -0.870117 -1.398967 1.072085 0.957368 -0.0 0.0 -1e-06 
0.0 0.0 0.0 0.0 -0.0 0.0 0.030058 100.20121 4.157965 1.346054 1.939086 5.215246 1.101017 0.338448 0.839773 0.042101 0.158106 -4.626936 -0.736432 -2.586985 4.67581 19.737732 0.866554 -18.310263 -1.93012 -4.553484 -3.948486 -6.085479 -5.50599 -15.95993 7.7e-05 -2.2e-05 6e-06 0.064175 0.110935 -0.011577 0.6843 -3.691705 -10.740242 -0.561058 3.880555 -10.527784 6.534299 -10.073112 4.083354 2.887363 -76.446503 -76.345299 -1.479274 -67.001427 3.739256 34.99622 -2.627775 -2.022105 -5.882107 9.861284 0.702591 -10.936877 -0.360575 7.156208 2e-06 8.774826 -1e-06 -16.248186 17.873503 5.014789 -1.844032 2.498505 -2.507277 -10.163603 4.678943 4.62111 -20.976027 -3e-06 7e-06 -21.226288 2.451699 -3.593993 2e-06 -6e-06 -1e-06 -1.362681 2.240797 -0.746322 -21.334921 0.584907 3.008328 -13.821218 -3e-06 6e-06 -23.887178 -0.249077 -0.839477 -58.627949 2.535288 -0.913853 -0.294025 1.679687 0.833255 -14.218214 0.093215 1.300583 -34.212063 -0.287562 0.967179 -20.033222 0.96454 1.212847 -1e-06 1e-06 0.0 -3.44039 0.788231 0.501656 -15.928192 -3.16731 2.999711 -6.338828 -2e-06 2e-06 -18.123451 3.648183 -4.905666 -5e-06 -0.0 -2e-06 -6.87953 13.673038 6.675685 -52.863571 42.429478 -76.100517 0.000152 38.388302 -0.926251 -40.299877 20.43458 16.561974 2.243543 -5.255042 -3.18016 14.282904 -0.82659 6.952508 -4e-06 -12.690618 -2e-06 17.149956 -16.625265 2.169135 1.665667 -1.955925 -2.878301 4.727802 -4.17059 4.993927 11.020535 6e-06 -2e-06 12.10906 -3.735718 -2.866788 1e-06 -0.0 0.0 1.291987 -1.928551 -1.49809 14.80014 0.567473 3.86561 14.242582 -1.341736 -6.660664 19.631985 0.14393 -0.648244 51.194996 -1.415292 -6.379858 0.353029 -1.511152 -0.03194 20.222811 3.684319 2.316632 18.787289 9e-06 0.0 10.751637 -0.479866 1.397909 -1e-06 -0.0 0.0 3.27381 0.305948 -0.580111 21.486834 11.830393 2.266138 8.162935 3e-06 0.0 18.399096 -3.798983 -4.940578 2e-06 1e-06 -2e-06 2.275958 21.726751 -0.589995 -0.044504 -0.355255 1.983978 -6.571392 6.856391 -3.579237 1.647111 -1.883199 1.513313 0.0 0.0 2e-06 -10.238663 -15.111033 -1.391395 0.043725 0.392437 1.487805 11.414123 2.590618 -0.679341 -1.396514 1.068836 0.947455 -0.0 0.0 -1e-06 
0.0 0.0 0.0 0.0 -0.0 0.0 0.044035 100.223831 4.111229 1.276913 1.794777 5.397749 1.138236 0.339351 0.882153 0.055673 0.210436 -4.610874 -0.711294 -2.535602 4.653517 18.116083 0.904757 -17.608465 -1.732192 -4.229646 -3.9221 -6.169966 -4.886883 -15.678289 7.7e-05 -2.1e-05 5e-06 0.057573 0.103373 -0.014283 0.669427 -3.689846 -10.69432 -0.559892 3.865435 -10.494139 6.590067 -10.016057 4.002568 3.808179 -76.456779 -77.581917 -2.175194 -66.359322 4.104624 35.002666 -1.899863 -4.556445 -5.882113 9.861295 0.702591 -10.936885 -0.360577 7.156212 0.0 8.774837 -2e-06 -16.141232 17.867094 5.011531 -1.844034 2.498507 -2.507279 -10.163611 4.678951 4.621112 -20.976044 -2e-06 5e-06 -21.226305 2.451702 -3.594 1e-06 -5e-06 -1e-06 -1.362683 2.2408 -0.746324 -21.334936 0.584908 3.008328 -13.821229 -2e-06 4e-06 -23.887196 -0.249077 -0.839481 -58.522312 2.509506 -0.928777 -0.294025 1.679689 0.833257 -14.218225 0.093216 1.300583 -34.212086 -0.287562 0.967176 -20.033236 0.96454 1.212846 -0.0 -0.0 0.0 -3.440392 0.788235 0.501656 -15.928203 -3.167312 2.99971 -6.338832 -2e-06 1e-06 -18.123463 3.648186 -4.905674 -6e-06 -0.0 -2e-06 -6.955631 13.757771 6.785771 -52.608971 41.852669 -75.61274 -0.073852 39.065983 -0.937776 -40.438381 20.064108 15.777073 2.243544 -5.255044 -3.180162 14.282907 -0.826591 6.952506 -5e-06 -12.690618 -2e-06 17.142357 -16.629162 2.176924 1.66567 -1.955923 -2.878302 4.727803 -4.17059 4.993927 11.02054 6e-06 -3e-06 12.109068 -3.735716 -2.866789 1e-06 0.0 0.0 1.291988 -1.928552 -1.498092 14.800148 0.567474 3.865608 14.242592 -1.341734 -6.660667 19.631996 0.143932 -0.648247 51.154575 -1.367439 -6.352494 0.353029 -1.511153 -0.03194 20.222818 3.684318 2.316628 18.787296 1.2e-05 -3e-06 10.751643 -0.479864 1.397907 0.0 -1e-06 0.0 3.273812 0.305949 -0.580112 21.486843 11.830393 2.266133 8.162938 4e-06 -3e-06 18.399103 -3.798983 -4.940583 2e-06 1e-06 -1e-06 2.222528 21.639748 -0.84215 -0.045554 -0.338305 1.996143 -6.47511 7.058033 -3.533054 1.651222 -1.882305 1.560148 -0.0 0.0 2e-06 -10.136063 -15.156484 -1.681662 0.052896 0.402461 1.473992 11.537423 2.832295 -0.501087 -1.393514 1.057395 0.973188 -0.0 0.0 -1e-06 
0.0 0.0 0.0 0.0 -0.0 0.0 0.059217 100.237465 4.057004 1.204715 1.626886 5.548783 1.189482 0.339219 0.931561 0.063631 0.240514 -4.58637 -0.687412 -2.498578 4.630146 16.133953 0.932887 -16.739655 -1.519245 -3.851413 -3.885692 -6.272047 -4.186274 -15.283211 7.7e-05 -2.3e-05 6e-06 0.051976 0.095854 -0.012839 0.64962 -3.68806 -10.638423 -0.551839 3.851251 -10.452664 6.608841 -9.967754 3.885852 4.622665 -76.411514 -78.603912 -2.841299 -65.733162 4.411845 34.953789 -1.06858 -7.373115 -5.882106 9.861288 0.70259 -10.93687 -0.360576 7.156206 -0.0 8.774828 -1e-06 -15.985826 17.83909 5.047186 -1.844033 2.498506 -2.507278 -10.163599 4.678944 4.621108 -20.976023 -1e-06 0.0 -21.226286 2.451698 -3.594002 2e-06 -6e-06 -1e-06 -1.362681 2.240798 -0.746323 -21.334911 0.58491 3.008323 -13.821213 -3e-06 2e-06 -23.887167 -0.249077 -0.839485 -58.40686 2.472363 -0.946067 -0.294024 1.679687 0.833256 -14.218207 0.093216 1.300579 -34.212048 -0.287563 0.967168 -20.033215 0.964537 1.212842 -1e-06 1e-06 -1e-06 -3.440388 0.788234 0.501655 -15.928185 -3.16731 2.999707 -6.338827 -0.0 1e-06 -18.123444 3.648184 -4.905671 -5e-06 -1e-06 -2e-06 -7.009884 13.800396 6.908329 -52.402184 41.23597 -75.180824 -0.177472 39.86525 -1.011554 -40.493824 19.699486 14.794988 2.243543 -5.255035 -3.180158 14.282892 -0.826594 6.952498 -3e-06 -12.690598 1e-06 17.167803 -16.658527 2.170666 1.665667 -1.955921 -2.878299 4.727798 -4.170586 4.993922 11.020527 3e-06 -3e-06 12.109054 -3.735713 -2.866785 -0.0 0.0 1e-06 1.291985 -1.928549 -1.498089 14.800129 0.567469 3.865603 14.242577 -1.341735 -6.66066 19.631971 0.143929 -0.648249 51.092636 -1.317969 -6.336391 0.353029 -1.51115 -0.031941 20.222794 3.684309 2.316626 18.787275 6e-06 -4e-06 10.751627 -0.479866 1.397904 -1e-06 0.0 -0.0 3.273807 0.305946 -0.58011 21.486814 11.830372 2.266127 8.162929 1e-06 -3e-06 18.399086 -3.79898 -4.94058 2e-06 -0.0 -2e-06 2.193276 21.636131 -1.060901 -0.04408 -0.328331 2.043536 -6.407496 7.197162 -3.522917 1.654541 -1.887464 1.616007 -0.0 0.0 2e-06 -10.034062 -15.194497 -1.95219 0.055171 0.400533 1.474823 11.652211 3.095045 -0.343707 -1.392752 1.040392 1.039954 -0.0 0.0 -1e-06 
0.0 0.0 0.0 0.0 -0.0 0.0 0.068288 100.245964 4.005914 1.137085 1.461604 5.674965 1.253186 0.334123 0.991867 0.073059 0.25753 -4.558074 -0.688122 -2.50429 4.602001 13.851459 0.989356 -15.749236 -1.30384 -3.409018 -3.843076 -6.40276 -3.451318 -14.822506 7.7e-05 -2.2e-05 6e-06 0.048507 0.088249 -0.004111 0.632037 -3.68837 -10.585013 -0.54204 3.839519 -10.415474 6.615704 -9.922235 3.708835 5.084234 -76.325531 -79.128227 -3.409487 -65.197632 4.722817 34.829323 -0.17686 -10.321481 -5.882111 9.861293 0.702591 -10.936881 -0.360574 7.156211 -0.0 8.774831 -1e-06 -15.798719 17.796642 5.130027 -1.844034 2.498505 -2.507279 -10.163611 4.678949 4.621113 -20.976046 -1e-06 4e-06 -21.226307 2.4517 -3.594002 2e-06 -4e-06 -2e-06 -1.362683 2.2408 -0.746324 -21.334932 0.584911 3.008326 -13.821227 -1e-06 3e-06 -23.887188 -0.249075 -0.839481 -58.323662 2.429394 -0.963017 -0.294025 1.679688 0.833256 -14.218223 0.093216 1.300583 -34.212082 -0.28756 0.967173 -20.033232 0.964539 1.212845 -1e-06 0.0 -1e-06 -3.440392 0.788233 0.501656 -15.928203 -3.167312 2.999711 -6.338832 -0.0 2e-06 -18.123463 3.648187 -4.905674 -6e-06 -0.0 -2e-06 -7.060442 13.783501 7.021269 -52.193848 40.630871 -74.760712 -0.361144 40.740971 -1.152655 -40.459686 19.321938 13.869122 2.243542 -5.25504 -3.18016 14.282896 -0.826592 6.952504 -3e-06 -12.69061 -2e-06 17.206123 -16.676495 2.156684 1.665667 -1.955923 -2.878299 4.7278 -4.170588 4.993925 11.020531 3e-06 -1e-06 12.109058 -3.735717 -2.866786 -0.0 0.0 1e-06 1.291986 -1.92855 -1.49809 14.800136 0.567471 3.865606 14.242577 -1.341736 -6.660661 19.631975 0.143928 -0.648245 50.983662 -1.264107 -6.324015 0.353028 -1.511152 -0.03194 20.222803 3.684314 2.31663 18.787287 8e-06 -1e-06 10.751634 -0.479866 1.397906 0.0 1e-06 0.0 3.273809 0.305948 -0.58011 21.486824 11.830385 2.266134 8.16293 3e-06 -1e-06 18.39909 -3.798983 -4.940578 2e-06 1e-06 -2e-06 2.178799 21.673588 -1.259034 -0.043209 -0.32935 2.114192 -6.372489 7.289385 -3.53853 1.657127 -1.893415 1.66998 -0.0 -1e-06 2e-06 -9.936213 -15.239179 -2.207023 0.049922 0.392006 1.497576 11.736386 3.35666 -0.198348 -1.39325 1.019303 1.109672 -0.0 0.0 -1e-06 
0.0 0.0 0.0 0.0 -0.0 0.0 0.067891 100.255081 3.954016 1.070216 1.277725 5.787961 1.328647 0.322901 1.059205 0.090576 0.254118 -4.529818 -0.715981 -2.537154 4.563156 11.346368 1.106155 -14.703678 -1.087208 -2.909845 -3.791242 -6.597054 -2.713928 -14.372876 7.7e-05 -2.2e-05 5e-06 0.047199 0.083173 0.006898 0.622192 -3.689694 -10.542935 -0.53588 3.833511 -10.39288 6.614283 -9.879507 3.535234 5.154791 -76.193939 -79.152954 -3.850733 -64.862602 4.953924 34.640347 0.673424 -13.191349 -5.882109 9.86129 0.702592 -10.93688 -0.360574 7.156212 0.0 8.774831 -2e-06 -15.590019 17.758553 5.256292 -1.844033 2.498505 -2.507278 -10.163605 4.678948 4.621112 -20.976036 0.0 6e-06 -21.226299 2.451703 -3.594 0.0 -6e-06 -1e-06 -1.362682 2.240801 -0.746323 -21.334929 0.584911 3.008329 -13.821221 -1e-06 4e-06 -23.887184 -0.249075 -0.83948 -58.300755 2.386787 -0.979107 -0.294025 1.679689 0.833256 -14.218218 0.093213 1.300584 -34.21207 -0.287561 0.967177 -20.033226 0.96454 1.212846 -1e-06 -1e-06 0.0 -3.44039 0.788234 0.501657 -15.928198 -3.16731 2.999712 -6.33883 -1e-06 2e-06 -18.123457 3.648187 -4.90567 -5e-06 0.0 -2e-06 -7.093768 13.727346 7.079734 -51.956516 40.121811 -74.354073 -0.602091 41.705185 -1.32423 -40.367767 18.948444 13.227079 2.243542 -5.255037 -3.180159 14.282894 -0.826594 6.952501 -2e-06 -12.690606 -2e-06 17.226688 -16.662691 2.162529 1.665666 -1.955922 -2.878299 4.7278 -4.170588 4.993923 11.020529 3e-06 -2e-06 12.109056 -3.735716 -2.866786 -0.0 0.0 0.0 1.291985 -1.928551 -1.498089 14.800134 0.567471 3.865608 14.242576 -1.341736 -6.66066 19.631973 0.143927 -0.648245 50.848713 -1.205763 -6.300968 0.353029 -1.511151 -0.031942 20.222795 3.684312 2.316629 18.787275 7e-06 -1e-06 10.751629 -0.479868 1.397905 -1e-06 1e-06 -0.0 3.273808 0.305947 -0.580111 21.486822 11.830381 2.266134 8.16293 1e-06 -2e-06 18.399082 -3.798982 -4.940576 3e-06 -0.0 -2e-06 2.176736 21.761267 -1.43572 -0.040816 -0.333047 2.181206 -6.355284 7.343265 -3.550684 1.660575 -1.903119 1.695705 -0.0 0.0 2e-06 -9.831138 -15.277096 -2.463531 0.044442 0.38154 1.539444 11.787211 3.625448 -0.043867 -1.394105 0.994615 1.148974 -0.0 0.0 -1e-06 
0.0 0.0 0.0 0.0 -0.0 0.0 0.058196 100.272598 3.900778 1.0036 1.06294 5.90296 1.406169 0.30656 1.130082 0.12395 0.224447 -4.501295 -0.763551 -2.565674 4.50795 8.695188 1.279234 -13.717609 -0.873862 -2.36624 -3.744401 -6.84922 -1.981405 -13.98915 7.7e-05 -2.3e-05 6e-06 0.04851 0.087737 0.013608 0.619691 -3.683294 -10.515563 -0.532071 3.838571 -10.386549 6.586835 -9.843106 3.379324 4.938186 -76.033005 -78.847656 -4.268098 -64.699791 5.121819 34.427673 1.3902 -15.765342 -5.88211 9.861295 0.702592 -10.936879 -0.360575 7.156209 -1e-06 8.774833 -2e-06 -15.408267 17.71858 5.392639 -1.844034 2.498504 -2.507277 -10.163608 4.678949 4.621111 -20.976038 -1e-06 6e-06 -21.226301 2.451704 -3.594 -1e-06 -6e-06 -1e-06 -1.362682 2.240799 -0.746323 -21.334929 0.584912 3.008327 -13.821222 -1e-06 4e-06 -23.887182 -0.249075 -0.839482 -58.310509 2.349332 -1.006193 -0.294025 1.679689 0.833256 -14.218218 0.093218 1.300583 -34.212074 -0.287561 0.967173 -20.033228 0.964539 1.212844 -1e-06 -0.0 -0.0 -3.440391 0.788234 0.501656 -15.928196 -3.167312 2.999711 -6.33883 -0.0 2e-06 -18.123459 3.648188 -4.905671 -5e-06 0.0 -2e-06 -7.117038 13.653528 7.085572 -51.651646 39.763813 -74.18325 -0.818544 42.783924 -1.468074 -40.156521 18.644777 13.005833 2.243546 -5.25504 -3.180161 14.282905 -0.826593 6.952501 -2e-06 -12.690609 -2e-06 17.216806 -16.627178 2.21127 1.665669 -1.955922 -2.878302 4.727804 -4.170588 4.993925 11.020539 4e-06 -5e-06 12.109066 -3.735715 -2.866791 -0.0 -1e-06 1e-06 1.291988 -1.928551 -1.49809 14.800142 0.56747 3.865604 14.242592 -1.341734 -6.660667 19.631992 0.143931 -0.648251 50.680382 -1.155955 -6.253584 0.35303 -1.51115 -0.031939 20.222815 3.684313 2.316625 18.787296 9e-06 -8e-06 10.751638 -0.479865 1.397904 -1e-06 1e-06 0.0 3.273811 0.305946 -0.580111 21.486837 11.83038 2.266127 8.162937 4e-06 -4e-06 18.399099 -3.798978 -4.940585 3e-06 1e-06 -2e-06 2.180092 21.912277 -1.601401 -0.036208 -0.333451 2.236309 -6.372635 7.34674 -3.547319 1.663393 -1.918545 1.700068 -0.0 0.0 2e-06 -9.718973 -15.281201 -2.732635 0.041582 0.371819 1.589901 11.810102 3.882162 0.110178 -1.395354 0.976294 1.182439 -0.0 0.0 -1e-06 
0.0 0.0 0.0 0.0 -0.0 0.0 0.044648 100.295174 3.840911 0.947406 0.814496 6.035878 1.474263 0.295583 1.197016 0.164607 0.191774 -4.46828 -0.82674 -2.594599 4.438204 6.000204 1.491966 -12.91944 -0.6807 -1.782501 -3.715854 -7.115137 -1.251267 -13.731233 7.7e-05 -2.3e-05 5e-06 0.049764 0.092974 0.014751 0.622587 -3.678573 -10.514091 -0.53392 3.846492 -10.402194 6.524401 -9.828851 3.249297 4.717115 -75.831032 -78.456497 -4.681705 -64.61171 5.277077 34.224876 1.899579 -17.920404 -5.88211 9.861294 0.702592 -10.93688 -0.360575 7.156211 0.0 8.774831 -2e-06 -15.275687 17.654915 5.50031 -1.844034 2.498505 -2.507278 -10.163609 4.678947 4.621113 -20.97604 -2e-06 6e-06 -21.226301 2.4517 -3.593999 0.0 -7e-06 -1e-06 -1.362683 2.2408 -0.746324 -21.33493 0.584911 3.008327 -13.821225 -2e-06 4e-06 -23.88719 -0.249075 -0.839482 -58.305515 2.303629 -1.036216 -0.294025 1.67969 0.833256 -14.218219 0.093215 1.300583 -34.212074 -0.287562 0.967175 -20.03323 0.964539 1.212845 -1e-06 -0.0 1e-06 -3.440391 0.788234 0.501657 -15.928198 -3.167311 2.999711 -6.338831 0.0 1e-06 -18.123457 3.648185 -4.905669 -5e-06 0.0 -2e-06 -7.116576 13.563028 7.060312 -51.289707 39.58466 -74.251259 -1.076654 43.928226 -1.599519 -39.907787 18.467976 12.957841 2.243541 -5.25504 -3.18016 14.282898 -0.826593 6.952508 -4e-06 -12.690616 -1e-06 17.211805 -16.602774 2.276003 1.665666 -1.955924 -2.878301 4.7278 -4.170589 4.993928 11.020531 4e-06 1e-06 12.109058 -3.735717 -2.866786 -0.0 0.0 0.0 1.291985 -1.928551 -1.49809 14.800138 0.567471 3.865612 14.24258 -1.341737 -6.660661 19.631979 0.143926 -0.648242 50.51334 -1.110462 -6.193671 0.353028 -1.511151 -0.03194 20.222801 3.684316 2.316636 18.787285 7e-06 3e-06 10.751633 -0.479869 1.397909 -1e-06 1e-06 -0.0 3.273809 0.305948 -0.580111 21.486828 11.830384 2.266139 8.162933 1e-06 -0.0 18.399092 -3.798986 -4.940577 3e-06 0.0 -2e-06 2.169424 22.10368 -1.775202 -0.031244 -0.330554 2.277176 -6.406596 7.331685 -3.537147 1.665092 -1.933559 1.679878 0.0 0.0 2e-06 -9.605705 -15.305189 -3.026494 0.040341 0.367783 1.637519 11.826975 4.150062 0.249474 -1.396597 0.961268 1.212133 -0.0 0.0 -1e-06 
0.0 0.0 0.0 0.0 -0.0 0.0 0.024304 100.315025 3.777228 0.897592 0.551263 6.177773 1.52896 0.292971 1.273291 0.20495 0.161052 -4.437757 -0.887297 -2.613846 4.355908 3.310237 1.729385 -12.373837 -0.526342 -1.199256 -3.708369 -7.354184 -0.501787 -13.640903 7.7e-05 -2.2e-05 6e-06 0.047282 0.089264 0.013857 0.628212 -3.683849 -10.530685 -0.545988 3.846711 -10.428357 6.462659 -9.859253 3.181853 4.770484 -75.54911 -78.283401 -5.168505 -64.511063 5.513323 34.065704 2.187991 -19.54277 -5.882109 9.861288 0.70259 -10.936875 -0.360575 7.156209 0.0 8.774828 -2e-06 -15.173197 17.573814 5.571864 -1.844033 2.498506 -2.507278 -10.163604 4.678945 4.62111 -20.976034 -2e-06 3e-06 -21.226295 2.451699 -3.594002 1e-06 -5e-06 -1e-06 -1.362682 2.2408 -0.746324 -21.334925 0.584909 3.008325 -13.821221 -3e-06 2e-06 -23.887182 -0.249078 -0.839483 -58.296787 2.269991 -1.085932 -0.294025 1.679688 0.833256 -14.218214 0.093216 1.300581 -34.212059 -0.287562 0.967173 -20.033222 0.964538 1.212844 -1e-06 -1e-06 1e-06 -3.44039 0.788233 0.501656 -15.928194 -3.16731 2.999709 -6.338829 -0.0 1e-06 -18.123457 3.648183 -4.905672 -4e-06 1e-06 -2e-06 -7.086256 13.482762 7.03077 -50.812164 39.590927 -74.481949 -1.4468 45.103874 -1.710974 -39.710224 18.38949 12.970664 2.243544 -5.255039 -3.18016 14.2829 -0.826594 6.952503 -4e-06 -12.690609 1e-06 17.223083 -16.602139 2.328595 1.665669 -1.955922 -2.8783 4.727803 -4.170589 4.993924 11.020536 4e-06 -2e-06 12.109062 -3.735713 -2.866787 -0.0 0.0 0.0 1.291987 -1.928549 -1.49809 14.800139 0.567468 3.865606 14.242585 -1.341735 -6.660664 19.631985 0.143928 -0.648248 50.374577 -1.061308 -6.145934 0.35303 -1.51115 -0.031939 20.222805 3.684313 2.316628 18.787287 6e-06 -4e-06 10.751636 -0.479866 1.397905 -0.0 0.0 -0.0 3.27381 0.305948 -0.580112 21.486832 11.830379 2.26613 8.162935 1e-06 -3e-06 18.399096 -3.798982 -4.940581 3e-06 0.0 -2e-06 2.159341 22.32304 -1.959567 -0.033299 -0.330931 2.322519 -6.440754 7.310339 -3.530547 1.664032 -1.942895 1.6444 0.0 -1e-06 2e-06 -9.486503 -15.368742 -3.331983 0.038675 0.367767 1.676414 11.818206 4.445166 0.385776 -1.398064 0.956036 1.24907 -0.0 0.0 -1e-06 
0.0 0.0 0.0 0.0 -0.0 0.0 -0.006266 100.327026 3.715565 0.852132 0.294428 6.322892 1.569239 0.29996 1.351765 0.234943 0.141332 -4.40498 -0.935253 -2.64404 4.255352 0.563675 2.015965 -12.089932 -0.396098 -0.620625 -3.717485 -7.581502 0.22744 -13.686106 7.7e-05 -2.2e-05 6e-06 0.044742 0.083259 0.010389 0.637437 -3.69225 -10.563727 -0.561834 3.84533 -10.468301 6.379161 -9.916491 3.142046 5.213977 -75.226845 -78.352547 -5.608314 -64.261673 5.714426 33.98896 2.315986 -20.705233 -5.882104 9.861286 0.702592 -10.93687 -0.360574 7.156204 1e-06 8.774827 -1e-06 -15.113361 17.489771 5.60262 -1.844031 2.498505 -2.507277 -10.163597 4.678944 4.621109 -20.976019 -5e-06 5e-06 -21.226282 2.451696 -3.593997 1e-06 -5e-06 -1e-06 -1.362681 2.240798 -0.746323 -21.334911 0.584908 3.008324 -13.82121 -3e-06 3e-06 -23.887165 -0.24908 -0.83948 -58.288372 2.250756 -1.128386 -0.294025 1.679689 0.833256 -14.218207 0.093212 1.300581 -34.212044 -0.287566 0.967177 -20.033211 0.964537 1.212846 0.0 -1e-06 1e-06 -3.440388 0.788233 0.501656 -15.928185 -3.167311 2.999708 -6.338825 -1e-06 1e-06 -18.123444 3.648183 -4.905668 -5e-06 1e-06 -2e-06 -6.931616 13.426681 7.074945 -50.30127 39.764347 -74.839264 -1.923036 46.248745 -1.837446 -39.73019 18.443361 13.117402 2.243541 -5.255034 -3.180155 14.282887 -0.826595 6.952498 -2e-06 -12.690599 0.0 17.212776 -16.642267 2.395079 1.665666 -1.95592 -2.878297 4.727797 -4.170587 4.993921 11.020522 4e-06 -1e-06 12.109048 -3.735713 -2.866783 -0.0 0.0 -0.0 1.291985 -1.928549 -1.498089 14.800123 0.567469 3.865604 14.242568 -1.341735 -6.660655 19.631964 0.143927 -0.648246 50.283989 -1.026186 -6.121594 0.35303 -1.51115 -0.03194 20.222786 3.684308 2.316628 18.78727 5e-06 -3e-06 10.751625 -0.479867 1.397904 -0.0 1e-06 -1e-06 3.273806 0.305947 -0.58011 21.486803 11.830368 2.266129 8.162925 1e-06 -2e-06 18.399076 -3.798982 -4.940574 2e-06 -1e-06 -2e-06 2.1542 22.540552 -2.150908 -0.037615 -0.322656 2.371128 -6.477439 7.264597 -3.528924 1.66326 -1.956985 1.599106 -0.0 -0.0 2e-06 -9.363088 -15.496475 -3.631464 0.03678 0.376377 1.703122 11.799258 4.783884 0.528784 -1.399195 0.948661 1.278606 -0.0 0.0 -1e-06 
0.0 0.0 0.0 0.0 -0.0 0.0 -0.050392 100.329384 3.658186 0.804889 0.055222 6.465659 1.599934 0.300001 1.430234 0.261341 0.119547 -4.372345 -0.972494 -2.656699 4.123298 -2.379596 2.358665 -12.037127 -0.247123 -0.044322 -3.74466 -7.818116 0.964118 -13.843022 7.7e-05 -2.3e-05 5e-06 0.041682 0.071394 0.003366 0.642267 -3.709455 -10.616042 -0.574279 3.841058 -10.525852 6.288504 -10.012113 3.059743 5.699043 -74.85041 -78.254631 -5.95265 -63.774399 5.838693 33.996109 2.428922 -21.43693 -5.882112 9.861295 0.702592 -10.936881 -0.360572 7.156214 0.0 8.774834 -1e-06 -15.086682 17.421766 5.637465 -1.844033 2.498507 -2.507279 -10.16361 4.67895 4.621114 -20.976044 -3e-06 7e-06 -21.226307 2.451704 -3.594 -0.0 -5e-06 -2e-06 -1.362682 2.2408 -0.746323 -21.334934 0.584912 3.00833 -13.821228 -1e-06 5e-06 -23.887192 -0.249075 -0.839479 -58.312767 2.246271 -1.130035 -0.294025 1.679688 0.833257 -14.218223 0.093215 1.300585 -34.212078 -0.287558 0.967179 -20.033236 0.964542 1.212847 -1e-06 -1e-06 1e-06 -3.440392 0.788233 0.501657 -15.928203 -3.167312 2.999713 -6.338833 0.0 3e-06 -18.123463 3.648189 -4.905669 -4e-06 1e-06 -2e-06 -6.633319 13.4173 7.147234 -49.630199 40.167973 -75.369408 -2.39502 47.43063 -1.887221 -39.89999 18.675718 13.391618 2.243545 -5.255043 -3.18016 14.282906 -0.826592 6.952505 -5e-06 -12.690618 -1e-06 17.165886 -16.688002 2.444707 1.665668 -1.955923 -2.8783 4.727803 -4.170591 4.993927 11.020539 4e-06 -3e-06 12.109066 -3.735719 -2.866789 -0.0 -0.0 -0.0 1.291987 -1.928551 -1.49809 14.800146 0.567472 3.865608 14.242587 -1.341736 -6.660666 19.63199 0.143931 -0.648247 50.183052 -1.016977 -6.120245 0.353029 -1.511153 -0.031939 20.222815 3.684319 2.316629 18.787291 1e-05 -4e-06 10.751641 -0.479866 1.397907 0.0 1e-06 -1e-06 3.27381 0.305948 -0.580113 21.486839 11.830392 2.266133 8.162937 4e-06 -2e-06 18.399099 -3.798984 -4.940582 2e-06 -0.0 -2e-06 2.165632 22.766266 -2.336637 -0.044366 -0.307918 2.417745 -6.536842 7.189415 -3.551449 1.662652 -1.979767 1.574014 -0.0 -0.0 2e-06 -9.231377 -15.644185 -3.907978 0.036659 0.38296 1.705123 11.772806 5.135281 0.653149 -1.40059 0.942398 1.327109 -0.0 0.0 -1e-06 
0.0 0.0 0.0 0.0 -0.0 0.0 -0.1069 100.325951 3.606017 0.758774 -0.143151 6.604787 1.630773 0.286903 1.502426 0.285131 0.104273 -4.353156 -1.016596 -2.657118 3.972974 -5.59738 2.78287 -12.159706 -0.088372 0.475484 -3.795598 -8.087626 1.73007 -14.148932 7.7e-05 -2.3e-05 5e-06 0.037226 0.053134 -0.009168 0.641455 -3.734071 -10.677811 -0.583888 3.83132 -10.594452 6.182903 -10.128403 2.960309 6.325172 -74.465057 -78.052155 -6.066607 -63.040276 5.833073 34.119999 2.65298 -21.926893 -5.882108 9.861285 0.70259 -10.936874 -0.360575 7.156209 1e-06 8.774828 -2e-06 -15.077882 17.372663 5.682172 -1.844033 2.498505 -2.507279 -10.163602 4.678944 4.62111 -20.976028 -6e-06 2e-06 -21.226292 2.451697 -3.594002 0.0 -5e-06 -2e-06 -1.362682 2.2408 -0.746324 -21.334921 0.584908 3.008323 -13.821217 -3e-06 2e-06 -23.887175 -0.249081 -0.839484 -58.410263 2.259998 -1.108267 -0.294025 1.679686 0.833256 -14.218212 0.093215 1.300581 -34.212063 -0.287565 0.96717 -20.033218 0.964536 1.212845 0.0 -0.0 0.0 -3.440389 0.788232 0.501655 -15.928189 -3.16731 2.999707 -6.338828 -1e-06 1e-06 -18.123447 3.648183 -4.905672 -5e-06 1e-06 -2e-06 -6.201075 13.4633 7.229596 -48.757462 40.746952 -75.942207 -2.916927 48.659145 -1.871569 -40.299976 18.942877 13.603748 2.243542 -5.255038 -3.180159 14.282896 -0.826594 6.952502 -4e-06 -12.690607 -0.0 17.113668 -16.762129 2.462286 1.665667 -1.955922 -2.878299 4.727799 -4.170588 4.993924 11.020529 4e-06 -2e-06 12.109056 -3.735717 -2.866785 -0.0 0.0 0.0 1.291986 -1.928551 -1.49809 14.800132 0.567469 3.865607 14.242577 -1.341733 -6.66066 19.631971 0.143928 -0.648245 50.093163 -1.018051 -6.146635 0.353029 -1.511151 -0.03194 20.222799 3.684311 2.31663 18.787283 7e-06 -2e-06 10.751633 -0.479868 1.397905 0.0 1e-06 -0.0 3.273808 0.305947 -0.580112 21.48682 11.830377 2.266132 8.16293 -0.0 -2e-06 18.399088 -3.798982 -4.940579 1e-06 -0.0 -1e-06 2.19241 22.990149 -2.511172 -0.053359 -0.298499 2.457421 -6.614866 7.081367 -3.569133 1.66383 -2.01314 1.513992 -0.0 -0.0 2e-06 -9.100569 -15.784478 -4.158711 0.039547 0.372717 1.689695 11.759712 5.509961 0.772722 -1.400527 0.940554 1.377049 -0.0 0.0 -1e-06 
0.0 0.0 0.0 0.0 -0.0 0.0 -0.166171 100.328896 3.569368 0.693321 -0.313168 6.717676 1.65926 0.259563 1.560669 0.310567 0.100116 -4.349387 -1.087047 -2.663665 3.833382 -8.995562 3.253479 -12.383083 0.092744 0.968823 -3.86587 -8.39531 2.463162 -14.561058 7.7e-05 -2.2e-05 6e-06 0.037538 0.041403 -0.026393 0.64202 -3.752813 -10.739479 -0.585343 3.828435 -10.665441 6.024189 -10.210532 2.905133 7.204576 -74.209297 -78.061127 -6.05888 -62.228565 5.792508 34.386086 2.932694 -22.41963 -5.882107 9.861288 0.702592 -10.936875 -0.360574 7.156207 0.0 8.774831 -1e-06 -15.077728 17.390224 5.73576 -1.844032 2.498507 -2.507277 -10.163603 4.678946 4.62111 -20.97603 -3e-06 6e-06 -21.226295 2.451701 -3.593998 1e-06 -5e-06 -2e-06 -1.362682 2.240799 -0.746323 -21.334921 0.58491 3.008325 -13.821218 -1e-06 3e-06 -23.887178 -0.249078 -0.839481 -58.558311 2.295924 -1.11583 -0.294025 1.679688 0.833256 -14.218213 0.093213 1.300582 -34.212059 -0.287561 0.967175 -20.03322 0.96454 1.212846 -0.0 0.0 0.0 -3.440389 0.788233 0.501656 -15.928191 -3.16731 2.999708 -6.338828 -1e-06 2e-06 -18.123447 3.648185 -4.905669 -4e-06 0.0 -3e-06 -5.678669 13.501454 7.345706 -47.711533 41.42506 -76.565277 -3.505419 49.954845 -1.950845 -40.933628 19.177462 13.582411 2.243541 -5.255037 -3.180158 14.282892 -0.826592 6.952503 -3e-06 -12.690608 -1e-06 17.023901 -16.849386 2.493778 1.665666 -1.955921 -2.878299 4.727798 -4.170588 4.993925 11.020528 5e-06 -1e-06 12.109053 -3.735717 -2.866785 1e-06 0.0 -1e-06 1.291985 -1.92855 -1.498091 14.800129 0.567469 3.865608 14.242573 -1.341736 -6.66066 19.631969 0.143928 -0.648244 50.006104 -1.007788 -6.179693 0.353029 -1.511152 -0.031941 20.222795 3.684313 2.316631 18.787275 7e-06 -0.0 10.751627 -0.479867 1.397906 -0.0 2e-06 -1e-06 3.273807 0.305947 -0.58011 21.486818 11.830382 2.266135 8.16293 1e-06 -2e-06 18.399082 -3.798984 -4.940575 1e-06 -0.0 -1e-06 2.258129 23.230663 -2.643336 -0.059054 -0.301949 2.490057 -6.652763 6.914731 -3.551047 1.667405 -2.043677 1.421031 0.0 0.0 2e-06 -8.960293 -15.902175 -4.357493 0.04388 0.352866 1.659598 11.732266 5.890677 0.908508 -1.397359 0.938187 1.416383 -0.0 0.0 -1e-06 
0.0 0.0 0.0 0.0 -0.0 0.0 -0.219304 100.341125 3.560092 0.602482 -0.491382 6.783873 1.683152 0.215865 1.616946 0.33558 0.100285 -4.345624 -1.199176 -2.680053 3.693346 -12.492123 3.778947 -12.618855 0.304993 1.445978 -3.939978 -8.733541 3.098973 -15.006204 7.6e-05 -2.2e-05 6e-06 0.042602 0.03075 -0.044741 0.644153 -3.774338 -10.808182 -0.57886 3.829954 -10.74028 5.771369 -10.223381 2.884037 8.11305 -74.157417 -78.157745 -5.879676 -61.573616 5.66461 34.751202 3.250469 -23.033602 -5.882105 9.861282 0.702588 -10.936869 -0.360574 7.156203 0.0 8.774822 -2e-06 -15.063817 17.431938 5.818273 -1.844032 2.498506 -2.507278 -10.163597 4.678942 4.621108 -20.976021 -5e-06 2e-06 -21.226284 2.451694 -3.594001 1e-06 -6e-06 -1e-06 -1.362682 2.240795 -0.746323 -21.334909 0.584908 3.008323 -13.82121 -3e-06 1e-06 -23.887161 -0.249081 -0.839483 -58.698181 2.337015 -1.12794 -0.294024 1.679687 0.833255 -14.218205 0.093216 1.300579 -34.212036 -0.287566 0.96717 -20.033209 0.964535 1.212842 -0.0 -0.0 0.0 -3.440388 0.788233 0.501655 -15.928183 -3.167309 2.999707 -6.338824 -1e-06 1e-06 -18.123444 3.648181 -4.905672 -4e-06 1e-06 -2e-06 -5.238865 13.523501 7.435828 -46.45969 42.10025 -77.235703 -3.980635 51.307568 -2.103261 -41.68576 19.415661 13.186022 2.243541 -5.255037 -3.180158 14.282892 -0.826593 6.952504 -4e-06 -12.690605 0.0 16.905914 -16.932703 2.560852 1.665666 -1.955922 -2.878299 4.727798 -4.170588 4.993925 11.020526 3e-06 -3e-06 12.109053 -3.735715 -2.866785 1e-06 0.0 -0.0 1.291986 -1.92855 -1.498089 14.800131 0.56747 3.865608 14.242572 -1.341736 -6.660658 19.631968 0.143927 -0.648245 49.940975 -0.983096 -6.190294 0.353029 -1.51115 -0.03194 20.222794 3.684312 2.316629 18.787271 6e-06 -2e-06 10.751629 -0.479867 1.397906 -1e-06 0.0 -0.0 3.273807 0.305948 -0.580111 21.486818 11.830379 2.266135 8.16293 1e-06 -1e-06 18.399084 -3.798984 -4.940575 2e-06 -1e-06 -1e-06 2.372205 23.50095 -2.708893 -0.061851 -0.314203 2.523562 -6.654838 6.703649 -3.52198 1.669873 -2.056047 1.351085 -0.0 -0.0 2e-06 -8.814441 -16.003128 -4.488328 0.05298 0.329352 1.615939 11.693229 6.287827 1.061508 -1.39303 0.945087 1.457559 0.0 0.0 -1e-06 
0.0 0.0 0.0 0.0 -0.0 0.0 -0.264282 100.344177 3.588647 0.513958 -0.715937 6.786417 1.695026 0.161365 1.692268 0.355137 0.099318 -4.334495 -1.386114 -2.701732 3.533634 -16.063889 4.392165 -12.762782 0.509994 1.888931 -3.99618 -9.112449 3.632969 -15.422345 7.6e-05 -2.3e-05 6e-06 0.048422 0.015829 -0.056247 0.642125 -3.802874 -10.872649 -0.566816 3.828968 -10.8004 5.465769 -10.187256 2.852537 8.710108 -74.279411 -78.123047 -5.590371 -61.268124 5.462031 35.192329 3.512432 -23.630821 -5.88211 9.86129 0.702592 -10.936878 -0.360575 7.15621 0.0 8.774831 -1e-06 -15.014921 17.474951 5.935619 -1.844033 2.498507 -2.507278 -10.163607 4.678946 4.621112 -20.976038 -2e-06 6e-06 -21.226299 2.451702 -3.594002 1e-06 -6e-06 -1e-06 -1.362683 2.2408 -0.746323 -21.334929 0.584909 3.008329 -13.821225 -1e-06 4e-06 -23.887188 -0.249075 -0.839479 -58.824268 2.362653 -1.133844 -0.294025 1.67969 0.833256 -14.218221 0.093215 1.300583 -34.212074 -0.287562 0.967177 -20.03323 0.964539 1.212846 0.0 -0.0 0.0 -3.44039 0.788235 0.501656 -15.928196 -3.167311 2.99971 -6.338831 -1e-06 2e-06 -18.123457 3.648187 -4.905669 -4e-06 1e-06 -2e-06 -5.045291 13.53768 7.41409 -44.974812 42.690464 -77.899185 -4.235453 52.697441 -2.250576 -42.418613 19.614626 12.606362 2.243545 -5.255043 -3.180162 14.282905 -0.826595 6.952508 -4e-06 -12.690617 -0.0 16.790442 -17.023003 2.636378 1.665669 -1.955924 -2.878302 4.727804 -4.17059 4.993928 11.020538 4e-06 -3e-06 12.109064 -3.735718 -2.866788 2e-06 -0.0 -0.0 1.291988 -1.928551 -1.498091 14.800142 0.56747 3.86561 14.242586 -1.341736 -6.660666 19.63199 0.143926 -0.648246 49.897243 -0.956066 -6.206952 0.35303 -1.511152 -0.03194 20.222813 3.684314 2.31663 18.787291 8e-06 -4e-06 10.751639 -0.479867 1.397906 -1e-06 1e-06 -0.0 3.27381 0.305947 -0.580113 21.486834 11.83039 2.266134 8.162937 2e-06 -2e-06 18.399099 -3.798984 -4.940582 2e-06 -1e-06 -1e-06 2.51399 23.815058 -2.678422 -0.065629 -0.340567 2.570584 -6.666965 6.517086 -3.526153 1.672524 -2.043753 1.315665 0.0 0.0 2e-06 -8.690638 -16.075857 -4.522105 0.062787 0.304657 1.544905 11.628221 6.670533 1.130037 -1.388928 0.956663 1.530719 -0.0 0.0 -1e-06 
0.0 0.0 0.0 0.0 -0.0 0.0 -0.294721 100.331223 3.647524 0.43544 -1.023015 6.737742 1.70407 0.121428 1.774456 0.372144 0.117831 -4.319233 -1.671459 -2.753543 3.364592 -19.703279 5.183659 -12.806873 0.634894 2.251565 -4.026502 -9.514635 4.079095 -15.74728 7.7e-05 -2.2e-05 6e-06 0.052925 2.7e-05 -0.056028 0.635358 -3.834318 -10.919693 -0.552832 3.828089 -10.835708 5.084432 -10.101774 2.777839 8.906172 -74.548355 -77.839455 -5.297715 -61.34964 5.284007 35.750237 3.690882 -24.329002 -5.88211 9.861293 0.702591 -10.936878 -0.360578 7.156211 -0.0 8.774832 -2e-06 -14.924273 17.531013 6.083305 -1.844033 2.498507 -2.507278 -10.163606 4.678946 4.62111 -20.976034 -2e-06 5e-06 -21.226295 2.451701 -3.594001 0.0 -6e-06 -1e-06 -1.362682 2.240799 -0.746324 -21.334927 0.584911 3.008325 -13.821221 -4e-06 3e-06 -23.887182 -0.249078 -0.839483 -58.925301 2.383446 -1.160927 -0.294025 1.679688 0.833256 -14.218217 0.093212 1.300582 -34.212067 -0.287562 0.967175 -20.033226 0.964538 1.212845 0.0 -0.0 0.0 -3.44039 0.788234 0.501656 -15.928196 -3.167314 2.99971 -6.33883 0.0 2e-06 -18.123459 3.648188 -4.905673 -4e-06 1e-06 -2e-06 -5.142889 13.519384 7.26637 -43.381279 43.154099 -78.461205 -4.245708 54.069347 -2.392127 -43.202431 19.703913 12.055455 2.243544 -5.255037 -3.180159 14.282896 -0.826597 6.952499 -2e-06 -12.690607 2e-06 16.729588 -17.104441 2.706585 1.665668 -1.955922 -2.8783 4.727801 -4.170588 4.993925 11.020534 2e-06 -4e-06 12.109058 -3.735716 -2.866787 1e-06 0.0 -1e-06 1.291987 -1.928549 -1.498091 14.800134 0.567467 3.865605 14.24258 -1.341737 -6.660663 19.631975 0.143926 -0.648249 49.942627 -0.924505 -6.232202 0.353029 -1.511151 -0.031942 20.222801 3.68431 2.316626 18.787285 6e-06 -6e-06 10.751633 -0.479867 1.397905 -0.0 2e-06 -0.0 3.273808 0.305946 -0.580111 21.48682 11.830377 2.266127 8.16293 1e-06 -3e-06 18.399092 -3.798981 -4.940582 3e-06 0.0 -1e-06 2.663518 24.190002 -2.554307 -0.066343 -0.372701 2.629805 -6.712789 6.384172 -3.581418 1.675375 -2.023121 1.268825 -0.0 -1e-06 2e-06 -8.5991 -16.070358 -4.497509 0.065428 0.281705 1.480507 11.561518 7.025706 1.108856 -1.38578 0.96708 1.585674 -0.0 0.0 -1e-06 
0.0 0.0 0.0 0.0 -0.0 0.0 -0.310317 100.317108 3.727826 0.340858 -1.435291 6.653455 1.738325 0.112596 1.847075 0.389218 0.157288 -4.297777 -2.035347 -2.836226 3.186485 -23.423626 6.205849 -12.75526 0.614389 2.485053 -4.033039 -9.968909 4.463136 -15.997845 7.5e-05 -2.3e-05 5e-06 0.054152 -0.0091 -0.046158 0.624815 -3.862136 -10.945751 -0.541672 3.836336 -10.852388 4.596047 -9.945894 2.714063 8.82161 -74.96978 -77.437767 -5.105673 -61.740662 5.229873 36.364891 3.809802 -25.217266 -5.882115 9.861296 0.702593 -10.93689 -0.360577 7.156219 0.0 8.774837 -1e-06 -14.745752 17.578938 6.266627 -1.844035 2.498508 -2.507281 -10.163616 4.678951 4.621117 -20.976055 -1e-06 7e-06 -21.226316 2.451701 -3.594 -0.0 -6e-06 -1e-06 -1.362683 2.2408 -0.746324 -21.334946 0.584913 3.008333 -13.821235 -1e-06 5e-06 -23.887209 -0.249074 -0.839481 -58.934307 2.429559 -1.204225 -0.294024 1.67969 0.833257 -14.218229 0.093216 1.300586 -34.212105 -0.287559 0.967179 -20.033243 0.964542 1.212847 -0.0 -0.0 0.0 -3.440394 0.788233 0.501657 -15.928211 -3.167312 2.999715 -6.338836 0.0 3e-06 -18.123474 3.648188 -4.905672 -5e-06 2e-06 -2e-06 -5.56516 13.457986 7.056406 -41.688828 43.492317 -78.764915 -4.221094 55.483025 -2.611347 -44.164822 19.62077 11.442887 2.243543 -5.255042 -3.180161 14.282902 -0.826595 6.952507 -3e-06 -12.690614 0.0 16.750103 -17.177488 2.797069 1.665668 -1.955923 -2.878302 4.727801 -4.170591 4.993927 11.020535 4e-06 -3e-06 12.10906 -3.735718 -2.866788 0.0 -0.0 -0.0 1.291987 -1.92855 -1.49809 14.800139 0.56747 3.865609 14.242584 -1.341737 -6.660664 19.631983 0.143928 -0.648246 50.111462 -0.883517 -6.246925 0.353029 -1.511152 -0.031941 20.222811 3.684314 2.31663 18.787292 7e-06 -2e-06 10.751637 -0.479869 1.397907 -2e-06 1e-06 0.0 3.27381 0.305949 -0.580111 21.486832 11.830387 2.266135 8.162932 1e-06 -2e-06 18.399096 -3.798984 -4.94058 3e-06 1e-06 -1e-06 2.840203 24.627436 -2.36578 -0.0672 -0.393981 2.709691 -6.778156 6.33755 -3.663094 1.678555 -2.006767 1.211573 -0.0 -0.0 2e-06 -8.510075 -15.957072 -4.440694 0.064392 0.261737 1.4244 11.512232 7.373473 1.067658 -1.382845 0.965998 1.581598 -0.0 0.0 -1e-06 
0.0 0.0 0.0 0.0 -0.0 0.0 -0.320057 100.303017 3.818987 0.22117 -1.915314 6.534456 1.78741 0.135204 1.90452 0.411143 0.194231 -4.26976 -2.453305 -2.93329 3.002406 -27.125582 7.443905 -12.651676 0.419561 2.624315 -4.010562 -10.467112 4.730099 -16.158386 7.6e-05 -2.3e-05 5e-06 0.046865 -0.012645 -0.030173 0.610135 -3.885571 -10.95785 -0.543258 3.850885 -10.865904 4.013062 -9.706878 2.723345 8.581883 -75.55162 -77.056747 -5.163756 -62.332314 5.381324 36.911987 3.841382 -26.102766 -5.882112 9.861295 0.702593 -10.936885 -0.360575 7.156215 0.0 8.774835 -1e-06 -14.518245 17.577875 6.449091 -1.844034 2.498507 -2.507279 -10.163612 4.678949 4.621115 -20.976048 -3e-06 6e-06 -21.226311 2.451703 -3.593999 -0.0 -6e-06 -0.0 -1.362683 2.240802 -0.746324 -21.33494 0.584911 3.00833 -13.821229 -1e-06 5e-06 -23.887199 -0.249076 -0.839477 -58.849182 2.475258 -1.214753 -0.294025 1.679688 0.833257 -14.218225 0.093214 1.300585 -34.212093 -0.287559 0.967179 -20.033236 0.964541 1.212849 -0.0 -0.0 0.0 -3.440392 0.788236 0.501657 -15.928206 -3.167312 2.999713 -6.338833 -1e-06 2e-06 -18.123466 3.648187 -4.905672 -5e-06 0.0 -1e-06 -6.229768 13.359974 6.780866 -39.831459 43.747498 -78.769577 -4.067571 57.062386 -2.839677 -45.268326 19.461554 10.87704 2.243542 -5.255039 -3.180161 14.282895 -0.826593 6.952504 -3e-06 -12.69061 -1e-06 16.861492 -17.244139 2.87657 1.665666 -1.955922 -2.8783 4.727799 -4.170588 4.993926 11.02053 5e-06 -2e-06 12.109055 -3.735716 -2.866786 0.0 0.0 -0.0 1.291986 -1.928551 -1.49809 14.800134 0.56747 3.865608 14.242576 -1.341736 -6.660661 19.631969 0.143926 -0.648246 50.38166 -0.854363 -6.228538 0.353029 -1.511151 -0.031941 20.222797 3.684313 2.316631 18.787279 7e-06 -2e-06 10.751631 -0.479866 1.397908 -1e-06 1e-06 -1e-06 3.273808 0.305949 -0.580112 21.486822 11.830382 2.266136 8.16293 1e-06 -1e-06 18.399084 -3.798984 -4.940577 3e-06 1e-06 -2e-06 3.057804 25.096743 -2.119945 -0.067382 -0.40322 2.80771 -6.8873 6.369453 -3.776853 1.682053 -1.997129 1.144504 0.0 -0.0 2e-06 -8.41174 -15.778185 -4.350957 0.064237 0.252624 1.38983 11.475127 7.753958 1.001293 -1.381758 0.961463 1.550494 -0.0 0.0 -1e-06 
0.0 0.0 0.0 0.0 -0.0 0.0 -0.327375 100.280693 3.914436 0.070249 -2.416081 6.381638 1.824364 0.179282 1.941313 0.434424 0.223273 -4.241403 -2.87995 -3.009157 2.840115 -30.546206 8.799086 -12.599961 0.078525 2.683908 -3.967804 -10.888281 4.813837 -16.182289 7.7e-05 -2.2e-05 5e-06 0.025828 -0.011232 -0.009674 0.585994 -3.901304 -10.95401 -0.562751 3.86737 -10.873477 3.333946 -9.383537 2.838901 8.646531 -76.258972 -76.918907 -5.439665 -62.901424 5.691063 37.288551 3.746347 -26.908129 -5.882108 9.861289 0.70259 -10.936875 -0.360575 7.156209 0.0 8.774826 -1e-06 -14.266427 17.530199 6.620255 -1.844033 2.498505 -2.507279 -10.163604 4.678946 4.62111 -20.97603 -4e-06 3e-06 -21.226292 2.451698 -3.593999 -0.0 -6e-06 -0.0 -1.362681 2.2408 -0.746324 -21.334921 0.584908 3.008324 -13.821218 -2e-06 3e-06 -23.887178 -0.249079 -0.839482 -58.704132 2.468884 -1.172122 -0.294025 1.679688 0.833257 -14.218212 0.093215 1.300581 -34.212063 -0.287563 0.967172 -20.033218 0.964537 1.212844 -1e-06 -0.0 0.0 -3.44039 0.788234 0.501656 -15.928192 -3.167311 2.999709 -6.338829 -1e-06 1e-06 -18.123455 3.648184 -4.905669 -5e-06 -1e-06 -2e-06 -6.927742 13.235153 6.488371 -37.883118 43.962826 -78.544243 -3.735855 58.838768 -3.030573 -46.311047 19.253893 10.542393 2.243543 -5.255042 -3.180161 14.282904 -0.826593 6.952508 -4e-06 -12.690618 -2e-06 17.003736 -17.285879 2.947296 1.665667 -1.955923 -2.878303 4.727802 -4.17059 4.993927 11.020536 5e-06 -2e-06 12.10906 -3.735716 -2.866787 0.0 0.0 -0.0 1.291987 -1.928551 -1.49809 14.800142 0.567471 3.865609 14.242584 -1.341736 -6.660664 19.631985 0.143928 -0.648244 50.655655 -0.86037 -6.17535 0.353029 -1.511152 -0.031941 20.222811 3.684316 2.316632 18.787291 8e-06 -1e-06 10.751637 -0.479866 1.397909 -2e-06 1e-06 -1e-06 3.27381 0.305948 -0.580111 21.486834 11.830389 2.266136 8.162935 4e-06 -1e-06 18.399096 -3.798986 -4.940578 4e-06 0.0 -1e-06 3.329842 25.555553 -1.81828 -0.068864 -0.399584 2.91828 -7.021842 6.425978 -3.924193 1.683915 -1.986917 1.07995 -0.0 -0.0 2e-06 -8.302343 -15.542133 -4.215006 0.067628 0.254049 1.376265 11.437717 8.139977 0.898774 -1.384025 0.957723 1.518692 -0.0 0.0 -1e-06 
0.0 0.0 0.0 0.0 -0.0 0.0 -0.333406 100.237801 4.018204 -0.107541 -2.87126 6.190544 1.839553 0.236576 1.938071 0.440573 0.255123 -4.214738 -3.263685 -3.031489 2.724859 -33.54425 10.165543 -12.59869 -0.34569 2.660662 -3.915658 -11.151789 4.670847 -16.068159 7.7e-05 -2.3e-05 5e-06 -0.008189 0.003584 0.008111 0.553162 -3.899139 -10.942992 -0.599106 3.893397 -10.879185 2.616635 -9.00111 3.048281 9.54986 -77.06105 -77.313034 -5.758396 -63.17625 6.085499 37.466518 3.708121 -27.835009 -5.882111 9.861292 0.702591 -10.936878 -0.360574 7.156211 0.0 8.774828 -1e-06 -14.045911 17.457495 6.793813 -1.844033 2.498506 -2.507278 -10.16361 4.678948 4.621113 -20.97604 -0.0 3e-06 -21.226301 2.4517 -3.594001 1e-06 -5e-06 -0.0 -1.362683 2.240799 -0.746324 -21.33493 0.584913 3.008327 -13.821223 -1e-06 4e-06 -23.887188 -0.249075 -0.839482 -58.551819 2.475452 -1.103249 -0.294025 1.679689 0.833255 -14.218219 0.093217 1.300582 -34.212078 -0.287558 0.967171 -20.03323 0.964541 1.212844 -1e-06 0.0 0.0 -3.44039 0.788234 0.501656 -15.928198 -3.16731 2.999711 -6.338831 -0.0 1e-06 -18.123459 3.648186 -4.905673 -6e-06 -0.0 -3e-06 -7.492095 13.064532 6.288473 -35.912048 44.186726 -78.034866 -3.556468 60.758133 -3.299231 -47.350155 18.850855 10.196516 2.243542 -5.255039 -3.18016 14.282898 -0.826592 6.952504 -5e-06 -12.690612 0.0 17.134432 -17.320744 2.996044 1.665668 -1.955922 -2.878302 4.7278 -4.170588 4.993925 11.020534 6e-06 -2e-06 12.109057 -3.735716 -2.866785 1e-06 0.0 -1e-06 1.291986 -1.92855 -1.498091 14.800139 0.567473 3.865608 14.242582 -1.341734 -6.660661 19.631977 0.143932 -0.648245 50.81147 -0.869995 -6.118718 0.353029 -1.511151 -0.031941 20.222803 3.684317 2.316628 18.787287 1.1e-05 -2e-06 10.751635 -0.479866 1.397907 -1e-06 0.0 0.0 3.273808 0.305948 -0.580112 21.48683 11.830388 2.266131 8.162931 4e-06 -2e-06 18.399088 -3.798983 -4.940578 4e-06 1e-06 -2e-06 3.660151 25.975477 -1.434532 -0.072603 -0.390091 2.996791 -7.156193 6.468336 -4.153951 1.681387 -1.98383 1.028192 -0.0 -0.0 2e-06 -8.19662 -15.307014 -4.011819 0.078362 0.268492 1.385961 11.418524 8.526099 0.732899 -1.388456 0.963318 1.508995 0.0 0.0 -1e-06 
0.0 0.0 0.0 0.0 -0.0 0.0 -0.324003 100.180374 4.140066 -0.298291 -3.26044 5.966613 1.836101 0.299986 1.910511 0.426966 0.290842 -4.199934 -3.564549 -2.998457 2.640368 -36.121342 11.411292 -12.607941 -0.77559 2.524901 -3.879802 -11.247618 4.369623 -15.923547 7.6e-05 -2.2e-05 5e-06 -0.048209 0.030867 0.014253 0.520654 -3.883145 -10.944889 -0.647458 3.931013 -10.904555 1.927895 -8.589598 3.282321 11.180693 -77.880798 -78.020271 -5.901839 -63.074291 6.325299 37.486965 3.78769 -28.764635 -5.882106 9.861292 0.702593 -10.936877 -0.360576 7.156209 2e-06 8.774835 -1e-06 -13.851346 17.388491 6.997228 -1.844033 2.498504 -2.507277 -10.163604 4.678947 4.621112 -20.976032 -3e-06 6e-06 -21.226295 2.451701 -3.593998 2e-06 -6e-06 -1e-06 -1.362681 2.2408 -0.746324 -21.334925 0.584907 3.008327 -13.821219 -2e-06 5e-06 -23.887182 -0.249077 -0.839478 -58.484241 2.509833 -1.009481 -0.294025 1.679689 0.833256 -14.218215 0.093213 1.300583 -34.212067 -0.287564 0.967177 -20.033226 0.964539 1.212848 -1e-06 -0.0 0.0 -3.440389 0.788233 0.501657 -15.928192 -3.167312 2.999709 -6.338829 -1e-06 1e-06 -18.123453 3.648184 -4.905668 -5e-06 -0.0 -2e-06 -7.802787 12.809516 6.253957 -33.995892 44.60854 -77.509964 -3.59961 62.830936 -3.688861 -48.503582 18.228085 9.808665 2.243543 -5.255039 -3.18016 14.282896 -0.826595 6.952499 -1e-06 -12.690607 -1e-06 17.140036 -17.373192 3.044545 1.665667 -1.955923 -2.878299 4.7278 -4.170589 4.993923 11.020534 2e-06 -3e-06 12.109059 -3.735717 -2.866788 -0.0 -0.0 -1e-06 1.291987 -1.92855 -1.498089 14.800132 0.567467 3.865605 14.242581 -1.341738 -6.660663 19.631981 0.143926 -0.648249 50.787964 -0.883719 -6.089501 0.353029 -1.511151 -0.031941 20.222801 3.68431 2.316626 18.787283 5e-06 -6e-06 10.751632 -0.479869 1.397904 -0.0 0.0 -1e-06 3.273808 0.305948 -0.580111 21.486818 11.830376 2.266129 8.16293 2e-06 -3e-06 18.399088 -3.798982 -4.940581 4e-06 -1e-06 -2e-06 4.006095 26.324533 -0.983854 -0.075183 -0.384118 3.032604 -7.206356 6.569376 -4.456167 1.676833 -1.991429 0.97377 0.0 -0.0 2e-06 -8.112944 -15.098111 -3.759187 0.095267 0.284591 1.419367 11.434313 8.933259 0.620768 -1.393088 0.982464 1.488136 -0.0 0.0 -1e-06 
0.0 0.0 0.0 0.0 -0.0 0.0 -0.276668 100.124405 4.281348 -0.458834 -3.608775 5.730519 1.804262 0.367929 1.862647 0.389421 0.319195 -4.209394 -3.771495 -2.941503 2.585712 -38.152451 12.446287 -12.610932 -1.128579 2.35278 -3.861987 -11.225598 3.984946 -15.832638 7.8e-05 -2.2e-05 6e-06 -0.093973 0.068323 0.006536 0.484285 -3.856363 -10.95928 -0.703286 3.978855 -10.946606 1.403344 -8.198355 3.502759 12.909664 -78.59005 -78.672318 -5.820515 -62.825638 6.331172 37.459686 4.038823 -29.628578 -5.882105 9.861285 0.702591 -10.93687 -0.360577 7.156207 1e-06 8.774826 -1e-06 -13.706907 17.313734 7.189795 -1.844032 2.498504 -2.507277 -10.163599 4.678944 4.621108 -20.976023 -3e-06 5e-06 -21.226284 2.451698 -3.593999 2e-06 -7e-06 -0.0 -1.362681 2.240798 -0.746322 -21.334913 0.58491 3.008323 -13.821213 -4e-06 2e-06 -23.887169 -0.24908 -0.839482 -58.522503 2.538968 -0.933535 -0.294024 1.679687 0.833255 -14.218207 0.093215 1.300581 -34.212048 -0.287565 0.967171 -20.033211 0.964535 1.212844 -1e-06 0.0 0.0 -3.440389 0.788233 0.501657 -15.928185 -3.16731 2.999706 -6.338825 -1e-06 2e-06 -18.123444 3.648183 -4.905669 -5e-06 0.0 -3e-06 -7.88049 12.501949 6.319961 -32.178646 45.357994 -77.020683 -3.928298 64.905006 -4.285184 -49.944191 17.47061 9.306449 2.243542 -5.255037 -3.180158 14.282892 -0.826594 6.952499 -1e-06 -12.690601 -1e-06 16.980661 -17.446516 3.142613 1.665666 -1.955921 -2.878299 4.727799 -4.170587 4.993921 11.020528 2e-06 -1e-06 12.109052 -3.735717 -2.866784 -0.0 -0.0 0.0 1.291986 -1.92855 -1.498088 14.800129 0.567468 3.865604 14.242576 -1.341738 -6.660658 19.631969 0.143925 -0.648247 50.715561 -0.907101 -6.116672 0.353029 -1.51115 -0.03194 20.222794 3.684308 2.316629 18.787275 6e-06 -2e-06 10.751628 -0.479869 1.397905 0.0 -0.0 0.0 3.273807 0.305947 -0.58011 21.486813 11.830372 2.26613 8.162927 2e-06 -2e-06 18.39908 -3.798982 -4.940577 3e-06 0.0 -1e-06 4.287933 26.571142 -0.494609 -0.073759 -0.381601 3.003502 -7.139916 6.761205 -4.762927 1.673814 -2.013197 0.888261 -0.0 -1e-06 2e-06 -8.094847 -14.943698 -3.514601 0.112615 0.296498 1.500477 11.459223 9.391756 0.589349 -1.39442 0.999618 1.423621 -0.0 0.0 -1e-06 
0.0 0.0 0.0 0.0 -0.0 0.0 -0.187531 100.086082 4.42291 -0.579959 -3.947412 5.52289 1.752642 0.424421 1.800818 0.339218 0.321929 -4.2366 -3.902153 -2.893015 2.551287 -39.509899 13.119965 -12.638125 -1.332958 2.250088 -3.85295 -11.157046 3.686788 -15.818271 7.5e-05 -2.1e-05 7e-06 -0.131431 0.095419 -0.005582 0.453478 -3.842824 -10.978455 -0.747893 4.019821 -10.991934 1.093331 -7.880918 3.656467 14.039175 -79.054451 -78.823357 -5.638407 -62.709019 6.292296 37.442741 4.445236 -30.223953 -5.882106 9.861283 0.702591 -10.93687 -0.360576 7.156205 1e-06 8.774826 -1e-06 -13.634792 17.24684 7.329095 -1.844032 2.498502 -2.507277 -10.163599 4.678945 4.621109 -20.976021 -4e-06 4e-06 -21.226286 2.451698 -3.593997 3e-06 -6e-06 0.0 -1.362682 2.240797 -0.746323 -21.334913 0.584909 3.008325 -13.821213 -2e-06 2e-06 -23.887167 -0.249077 -0.839482 -58.608719 2.553862 -0.870745 -0.294025 1.679686 0.833255 -14.218207 0.093216 1.300582 -34.212044 -0.287563 0.967172 -20.033211 0.964537 1.212843 -1e-06 0.0 1e-06 -3.440388 0.788233 0.501655 -15.928183 -3.167308 2.999706 -6.338825 -0.0 2e-06 -18.123444 3.648181 -4.905669 -5e-06 0.0 -1e-06 -7.776982 12.175406 6.432528 -30.658463 46.352936 -76.698944 -4.383523 66.781059 -4.882215 -51.500233 16.725611 8.632933 2.243542 -5.255037 -3.180158 14.282894 -0.826595 6.952501 -2e-06 -12.690605 -1e-06 16.738504 -17.50878 3.286394 1.665667 -1.955923 -2.878298 4.7278 -4.170588 4.993925 11.020529 3e-06 -3e-06 12.109056 -3.735715 -2.866785 1e-06 1e-06 1e-06 1.291985 -1.928549 -1.498091 14.800131 0.567468 3.865606 14.242576 -1.341736 -6.660659 19.631973 0.143926 -0.648247 50.702736 -0.939952 -6.157084 0.353029 -1.511151 -0.031941 20.222797 3.68431 2.316627 18.787279 4e-06 -4e-06 10.751631 -0.479869 1.397904 0.0 1e-06 0.0 3.273807 0.305947 -0.580111 21.486816 11.830376 2.26613 8.162928 1e-06 -2e-06 18.399084 -3.798982 -4.940578 3e-06 -0.0 -2e-06 4.479975 26.753538 -0.040745 -0.072089 -0.377607 2.939935 -7.005919 6.990922 -5.011359 1.671833 -2.03311 0.81559 -0.0 -0.0 2e-06 -8.137398 -14.841151 -3.338317 0.12222 0.299157 1.620227 11.492904 9.867508 0.6684 -1.392488 1.012325 1.344775 -0.0 0.0 -1e-06 
0.0 0.0 0.0 0.0 -0.0 0.0 -0.050767 100.056839 4.559812 -0.665246 -4.310286 5.351496 1.682865 0.457147 1.729729 0.287007 0.308771 -4.274512 -3.989257 -2.86207 2.543458 -40.225655 13.481205 -12.657165 -1.405893 2.243721 -3.845551 -11.049103 3.502875 -15.857059 7.6e-05 -2.1e-05 5e-06 -0.150969 0.106758 -0.014333 0.433398 -3.844818 -10.984271 -0.767541 4.045322 -11.024014 0.95786 -7.665244 3.778421 14.693038 -79.212463 -78.606659 -5.421461 -62.810993 6.28161 37.47538 4.963181 -30.556343 -5.882106 9.861286 0.702592 -10.936873 -0.360575 7.156209 1e-06 8.774828 -2e-06 -13.613647 17.199055 7.410213 -1.844032 2.498504 -2.507278 -10.1636 4.678947 4.621109 -20.976027 -2e-06 5e-06 -21.226286 2.451699 -3.593997 2e-06 -6e-06 0.0 -1.362681 2.240799 -0.746323 -21.334917 0.58491 3.008327 -13.821215 -3e-06 4e-06 -23.887175 -0.249076 -0.839479 -58.706318 2.563344 -0.830295 -0.294025 1.679688 0.833256 -14.21821 0.093215 1.300583 -34.212051 -0.287559 0.967176 -20.033215 0.964539 1.212846 -1e-06 0.0 1e-06 -3.440389 0.788235 0.501656 -15.928189 -3.167311 2.999708 -6.338827 0.0 1e-06 -18.123449 3.648184 -4.905669 -4e-06 1e-06 -2e-06 -7.629077 11.855186 6.491168 -29.522772 47.396027 -76.543533 -4.888684 68.234886 -5.411635 -52.754581 16.060507 8.0227 2.243544 -5.25504 -3.180158 14.282897 -0.826596 6.952501 0.0 -12.69061 -1e-06 16.512289 -17.536947 3.424381 1.665668 -1.955923 -2.878299 4.727801 -4.17059 4.993923 11.020531 1e-06 -4e-06 12.109058 -3.735719 -2.866785 0.0 -0.0 0.0 1.291987 -1.928551 -1.498088 14.800136 0.567468 3.865606 14.242582 -1.341739 -6.660664 19.631977 0.143925 -0.648248 50.720871 -0.967516 -6.190769 0.353029 -1.511151 -0.031941 20.222803 3.684311 2.316629 18.787285 5e-06 -4e-06 10.751633 -0.479869 1.397904 -1e-06 1e-06 1e-06 3.273808 0.305946 -0.580113 21.486824 11.830379 2.266133 8.16293 1e-06 -4e-06 18.399092 -3.798985 -4.940582 3e-06 -0.0 -2e-06 4.592854 26.933641 0.37765 -0.072368 -0.368462 2.847844 -6.864765 7.21954 -5.20164 1.669882 -2.042823 0.772796 -0.0 -0.0 2e-06 -8.230693 -14.735143 -3.210342 0.126009 0.299887 1.71838 11.553281 10.330169 0.833307 -1.387091 1.020004 1.2608 -0.0 -0.0 -1e-06 
0.0 0.0 0.0 0.0 -0.0 0.0 0.131597 100.038132 4.677997 -0.731862 -4.701527 5.220516 1.603456 0.458848 1.667474 0.239943 0.28538 -4.304821 -4.074569 -2.87337 2.556201 -40.4039 13.58535 -12.656624 -1.393324 2.328223 -3.834711 -10.838546 3.381293 -15.944582 7.7e-05 -2.2e-05 4e-06 -0.151401 0.108507 -0.017163 0.426042 -3.853586 -10.971531 -0.762003 4.058607 -11.040252 0.880889 -7.493961 3.899553 15.436151 -79.126442 -78.439728 -5.13524 -63.099636 6.178295 37.545547 5.533635 -30.651331 -5.882107 9.861283 0.702591 -10.936875 -0.360573 7.156209 -1e-06 8.774826 -1e-06 -13.595288 17.187054 7.448007 -1.844032 2.498504 -2.507277 -10.163604 4.678945 4.621111 -20.976027 -0.0 6e-06 -21.226292 2.4517 -3.593998 2e-06 -6e-06 -1e-06 -1.362681 2.240798 -0.746322 -21.334919 0.584912 3.008327 -13.821217 1e-06 3e-06 -23.887177 -0.249074 -0.839481 -58.740879 2.58128 -0.805815 -0.294024 1.679687 0.833257 -14.218212 0.093216 1.300583 -34.212055 -0.287559 0.967175 -20.033218 0.96454 1.212845 -0.0 -0.0 1e-06 -3.44039 0.788233 0.501656 -15.928189 -3.167309 2.999711 -6.338827 1e-06 2e-06 -18.123449 3.648185 -4.905667 -4e-06 -0.0 -2e-06 -7.45861 11.543568 6.495364 -28.97414 48.254906 -76.676163 -5.170649 69.141853 -5.667562 -53.525127 15.486403 7.703869 2.243541 -5.255037 -3.180159 14.282887 -0.826593 6.952502 -2e-06 -12.690603 -2e-06 16.367968 -17.552395 3.51564 1.665666 -1.955922 -2.878297 4.727798 -4.170586 4.993924 11.020526 3e-06 -0.0 12.109052 -3.735714 -2.866783 -0.0 0.0 0.0 1.291986 -1.928549 -1.498088 14.800125 0.567468 3.865607 14.242569 -1.341737 -6.660657 19.631962 0.143926 -0.648245 50.753082 -0.982651 -6.209959 0.353029 -1.511151 -0.031938 20.22279 3.684309 2.31663 18.787271 5e-06 -2e-06 10.751627 -0.479867 1.397906 -1e-06 1e-06 1e-06 3.273806 0.305948 -0.580112 21.486813 11.830373 2.266134 8.162926 2e-06 -0.0 18.399076 -3.798984 -4.940574 5e-06 0.0 -2e-06 4.642003 27.116844 0.724289 -0.073752 -0.354859 2.774996 -6.738997 7.436672 -5.347431 1.667423 -2.038062 0.761615 -0.0 -0.0 2e-06 -8.338135 -14.614404 -3.135397 0.120843 0.301731 1.788093 11.646171 10.748021 1.042899 -1.381419 1.021429 1.189748 -0.0 -0.0 -1e-06 
0.0 0.0 0.0 0.0 -0.0 0.0 0.333158 100.028625 4.777944 -0.785585 -5.127676 5.117904 1.516569 0.430955 1.628549 0.197074 0.256146 -4.325816 -4.189333 -2.903027 2.587433 -40.144817 13.540546 -12.573477 -1.313127 2.428134 -3.817374 -10.509394 3.290569 -16.026583 7.6e-05 -2.2e-05 5e-06 -0.141231 0.105944 -0.016011 0.42572 -3.867693 -10.946058 -0.742303 4.068356 -11.044135 0.8349 -7.3726 4.049311 16.444593 -78.870399 -78.431534 -4.654204 -63.501087 5.797654 37.669491 6.157341 -30.656317 -5.88211 9.861292 0.702591 -10.93688 -0.360575 7.156212 -0.0 8.77483 -2e-06 -13.579325 17.166973 7.463393 -1.844033 2.498506 -2.507279 -10.16361 4.678948 4.621113 -20.976042 -2e-06 5e-06 -21.226305 2.451702 -3.594 2e-06 -6e-06 0.0 -1.362683 2.240799 -0.746324 -21.33493 0.584912 3.00833 -13.821225 1e-06 5e-06 -23.887188 -0.249074 -0.839482 -58.736481 2.596636 -0.791682 -0.294026 1.679688 0.833255 -14.21822 0.093216 1.300584 -34.212078 -0.287558 0.967177 -20.03323 0.964541 1.212847 -1e-06 0.0 1e-06 -3.440392 0.788235 0.501655 -15.928201 -3.167311 2.999712 -6.338832 -1e-06 1e-06 -18.123463 3.648189 -4.905672 -4e-06 1e-06 -2e-06 -7.259747 11.215474 6.508621 -29.077785 48.761223 -77.051552 -5.4144 69.505951 -5.923928 -53.834427 14.938108 7.740911 2.243544 -5.255041 -3.18016 14.282896 -0.826595 6.952507 -1e-06 -12.690609 -4e-06 16.317318 -17.582033 3.564941 1.665667 -1.955923 -2.878299 4.727801 -4.170589 4.993923 11.020532 2e-06 -1e-06 12.109058 -3.735718 -2.866788 0.0 -0.0 0.0 1.291986 -1.92855 -1.49809 14.800136 0.567468 3.865609 14.242579 -1.341738 -6.660664 19.631975 0.143925 -0.648246 50.770805 -0.992998 -6.240422 0.353029 -1.511152 -0.03194 20.222801 3.68431 2.31663 18.787283 4e-06 -3e-06 10.751633 -0.479868 1.397906 -1e-06 1e-06 1e-06 3.273809 0.305946 -0.580111 21.486824 11.830381 2.266133 8.16293 1e-06 -2e-06 18.399088 -3.798985 -4.940578 4e-06 -1e-06 -1e-06 4.641566 27.319736 1.010626 -0.075953 -0.342979 2.714828 -6.658726 7.664932 -5.473713 1.664916 -2.026165 0.777659 -0.0 -0.0 2e-06 -8.44651 -14.470422 -3.109859 0.112432 0.31009 1.824774 11.774641 11.113894 1.291728 -1.377668 1.018792 1.156116 -0.0 -0.0 -1e-06 
0.0 0.0 0.0 0.0 -0.0 0.0 0.534069 100.027634 4.851205 -0.833185 -5.587744 5.04426 1.412605 0.384218 1.608965 0.153385 0.217041 -4.33875 -4.349627 -2.932843 2.630039 -39.522152 13.400618 -12.368312 -1.184751 2.496586 -3.795688 -10.009594 3.227869 -15.999616 7.7e-05 -2.2e-05 5e-06 -0.126526 0.097626 -0.01252 0.429436 -3.889268 -10.917589 -0.717487 4.074203 -11.047251 0.810124 -7.296847 4.231774 17.408587 -78.576073 -78.449181 -4.233203 -64.011238 5.348119 37.896847 6.715288 -30.460148 -5.88211 9.861296 0.702589 -10.936879 -0.360576 7.156212 1e-06 8.774838 -2e-06 -13.550895 17.128477 7.475213 -1.844033 2.498508 -2.507279 -10.163608 4.678946 4.621111 -20.976038 -3e-06 2e-06 -21.226299 2.451696 -3.594003 1e-06 -6e-06 0.0 -1.362682 2.2408 -0.746324 -21.334929 0.584908 3.008326 -13.821221 -3e-06 3e-06 -23.887188 -0.249079 -0.839481 -58.718624 2.613398 -0.767388 -0.294025 1.679688 0.833256 -14.218219 0.093214 1.300581 -34.212067 -0.287565 0.967174 -20.033226 0.964538 1.212845 -1e-06 0.0 1e-06 -3.44039 0.788233 0.501656 -15.928201 -3.167315 2.99971 -6.33883 -2e-06 2e-06 -18.123459 3.648185 -4.905674 -4e-06 0.0 -1e-06 -7.003078 10.859589 6.560098 -29.696095 48.837101 -77.505508 -5.734136 69.408157 -6.241146 -53.868164 14.269263 7.99252 2.243543 -5.255038 -3.180158 14.282896 -0.826598 6.952504 -1e-06 -12.690609 2e-06 16.339199 -17.615763 3.600002 1.665668 -1.955922 -2.878299 4.727802 -4.170591 4.993926 11.020534 1e-06 -0.0 12.109057 -3.735719 -2.866785 -0.0 0.0 0.0 1.291986 -1.92855 -1.498091 14.800136 0.567466 3.865609 14.242579 -1.341739 -6.660658 19.631975 0.143923 -0.648246 50.812477 -0.994391 -6.258976 0.353029 -1.511151 -0.031939 20.222801 3.684308 2.31663 18.787283 3e-06 -3e-06 10.751633 -0.479871 1.397906 0.0 1e-06 -0.0 3.273808 0.305947 -0.58011 21.486822 11.830378 2.266131 8.16293 -0.0 -2e-06 18.399092 -3.798987 -4.94058 4e-06 0.0 -1e-06 4.604243 27.53484 1.240896 -0.079995 -0.331578 2.653256 -6.613683 7.924889 -5.57157 1.663059 -2.00936 0.806566 -0.0 -0.0 2e-06 -8.53754 -14.263808 -3.147959 0.103095 0.313542 1.840031 11.916933 11.409835 1.578241 -1.375952 1.014089 1.168358 -0.0 -0.0 -1e-06 
0.0 0.0 0.0 0.0 -0.0 0.0 0.725572 100.038017 4.881651 -0.888301 -6.078441 4.995417 1.28864 0.340461 1.602811 0.107267 0.167636 -4.344691 -4.574031 -2.9891 2.684451 -38.623856 13.240647 -12.055449 -1.034232 2.545565 -3.77036 -9.294592 3.164612 -15.798721 7.9e-05 -2.2e-05 6e-06 -0.113204 0.082091 -0.011089 0.434294 -3.912622 -10.878617 -0.696612 4.067336 -11.045308 0.780776 -7.305343 4.458864 17.914919 -78.350502 -78.283363 -4.119124 -64.643295 5.080768 38.252487 7.004122 -29.988922 -5.88211 9.861293 0.702593 -10.93688 -0.360575 7.156212 1e-06 8.774836 0.0 -13.47538 17.086277 7.482768 -1.844034 2.498504 -2.507279 -10.163609 4.67895 4.621113 -20.976038 -1e-06 6e-06 -21.226299 2.451702 -3.593997 2e-06 -7e-06 0.0 -1.362683 2.2408 -0.746323 -21.33493 0.584912 3.008329 -13.821222 0.0 5e-06 -23.887184 -0.249073 -0.83948 -58.644489 2.631067 -0.748011 -0.294025 1.679688 0.833257 -14.218221 0.093217 1.300584 -34.212074 -0.287557 0.967176 -20.033228 0.964541 1.212846 -1e-06 0.0 1e-06 -3.440391 0.788234 0.501656 -15.928201 -3.167311 2.999711 -6.338831 0.0 3e-06 -18.123463 3.648191 -4.905671 -4e-06 -0.0 -2e-06 -6.732416 10.462909 6.569889 -30.47365 48.548126 -77.82428 -6.030898 68.973137 -6.505329 -53.824028 13.431811 8.335508 2.243544 -5.255043 -3.180161 14.282905 -0.826595 6.952507 -1e-06 -12.690619 -4e-06 16.422728 -17.605637 3.630297 1.665668 -1.955924 -2.8783 4.727803 -4.170592 4.993927 11.020539 3e-06 -3e-06 12.109066 -3.73572 -2.866788 -0.0 0.0 0.0 1.291986 -1.928552 -1.498091 14.800142 0.567469 3.865608 14.242587 -1.34174 -6.660666 19.63199 0.143927 -0.648247 50.877106 -0.976681 -6.242284 0.35303 -1.511153 -0.031939 20.222813 3.684313 2.316629 18.787294 5e-06 -2e-06 10.751641 -0.479868 1.397905 -1e-06 2e-06 0.0 3.27381 0.305947 -0.580113 21.486834 11.830388 2.266135 8.162936 2e-06 -3e-06 18.399103 -3.798988 -4.940587 4e-06 0.0 -2e-06 4.557745 27.771965 1.43335 -0.083056 -0.321595 2.573182 -6.55773 8.238352 -5.625726 1.664571 -1.986844 0.844116 0.0 0.0 2e-06 -8.596612 -13.942229 -3.243969 0.08921 0.300997 1.840424 12.076588 11.626163 1.86633 -1.376171 1.003448 1.23167 -0.0 -0.0 -1e-06 
0.0 0.0 0.0 0.0 -0.0 0.0 0.899975 100.062134 4.882342 -0.96555 -6.591098 4.958898 1.150183 0.304954 1.603862 0.056638 0.11159 -4.339544 -4.864869 -3.083746 2.730987 -37.571365 13.133554 -11.673059 -0.855574 2.562733 -3.753997 -8.372897 3.118734 -15.381722 7.8e-05 -2.3e-05 6e-06 -0.103616 0.062917 -0.011584 0.440652 -3.931782 -10.830064 -0.684018 4.048433 -11.032 0.714148 -7.431611 4.680311 17.431213 -78.305969 -77.433784 -4.192278 -65.281197 4.941658 38.732685 7.044358 -29.568617 -5.882104 9.861281 0.702591 -10.936871 -0.360575 7.156203 0.0 8.774821 -0.0 -13.346547 17.008215 7.500356 -1.844031 2.498503 -2.507277 -10.163597 4.678944 4.621108 -20.976017 -2e-06 3e-06 -21.22628 2.451698 -3.593997 2e-06 -6e-06 1e-06 -1.362681 2.240798 -0.746323 -21.334909 0.584913 3.008324 -13.821213 -0.0 2e-06 -23.887163 -0.249075 -0.83948 -58.472691 2.612864 -0.716618 -0.294025 1.679687 0.833256 -14.218204 0.093217 1.30058 -34.21204 -0.287559 0.96717 -20.033209 0.964538 1.212843 -1e-06 0.0 1e-06 -3.440389 0.788231 0.501655 -15.928183 -3.167307 2.999708 -6.338824 -0.0 2e-06 -18.123442 3.648183 -4.905666 -4e-06 1e-06 -2e-06 -6.476099 10.014552 6.559244 -31.181355 48.074318 -77.984314 -6.338609 68.334763 -6.801532 -53.902088 12.367551 8.571838 2.243541 -5.255036 -3.180159 14.282887 -0.826593 6.952501 -3e-06 -12.690603 -1e-06 16.493574 -17.52919 3.688735 1.665666 -1.955921 -2.878299 4.727797 -4.170586 4.993925 11.020524 3e-06 -3e-06 12.10905 -3.735714 -2.866784 0.0 0.0 -1e-06 1.291985 -1.928549 -1.49809 14.800125 0.567469 3.865606 14.242567 -1.341736 -6.660657 19.631962 0.143929 -0.648243 50.876049 -0.949081 -6.198488 0.353029 -1.51115 -0.03194 20.222786 3.684309 2.316629 18.78727 5e-06 -2e-06 10.751625 -0.479866 1.397907 -1e-06 0.0 1e-06 3.273806 0.305947 -0.58011 21.486809 11.830376 2.266131 8.162924 2e-06 -1e-06 18.399076 -3.798985 -4.940574 3e-06 0.0 -1e-06 4.539089 28.088852 1.616821 -0.082445 -0.320179 2.4699 -6.512223 8.545738 -5.679808 1.667911 -1.966656 0.900638 0.0 0.0 2e-06 -8.615815 -13.534451 -3.35266 0.075183 0.274599 1.80432 12.251673 11.77635 2.15785 -1.37852 0.988845 1.3445 -0.0 -0.0 -1e-06 
0.0 0.0 0.0 0.0 -0.0 0.0 1.049721 100.077522 4.864307 -1.058858 -7.112963 4.918301 0.99341 0.292683 1.592368 0.008551 0.039617 -4.328948 -5.210793 -3.202681 2.774712 -36.403751 13.039733 -11.227807 -0.6934 2.516635 -3.744576 -7.254743 3.150531 -14.668829 7.7e-05 -2.2e-05 5e-06 -0.105066 0.048909 -0.01429 0.439781 -3.93646 -10.778782 -0.685841 4.024843 -11.006537 0.586135 -7.694844 4.847648 15.462769 -78.462402 -75.38044 -4.332067 -65.799545 4.9237 39.351929 6.842102 -29.36981 -5.882107 9.86129 0.702588 -10.936873 -0.360577 7.156209 1e-06 8.774828 -2e-06 -13.208741 16.91123 7.526313 -1.844033 2.498505 -2.507278 -10.163603 4.678944 4.621109 -20.976028 -4e-06 1e-06 -21.226295 2.451696 -3.594005 2e-06 -6e-06 1e-06 -1.362682 2.240799 -0.746324 -21.334919 0.584906 3.008324 -13.821217 -5e-06 2e-06 -23.887178 -0.24908 -0.839481 -58.300339 2.564954 -0.662067 -0.294025 1.679689 0.833256 -14.218212 0.093213 1.30058 -34.212059 -0.287568 0.967171 -20.033218 0.964536 1.212845 -1e-06 1e-06 1e-06 -3.440389 0.788233 0.501656 -15.928189 -3.167314 2.999709 -6.338828 -1e-06 0.0 -18.123453 3.648184 -4.905673 -5e-06 0.0 -1e-06 -6.197107 9.511757 6.534335 -31.680006 47.608768 -77.967979 -6.423018 67.712502 -6.961845 -54.185463 10.995756 8.435241 2.243543 -5.255038 -3.180157 14.282896 -0.826596 6.952504 -0.0 -12.690607 -1e-06 16.508001 -17.42868 3.765888 1.665667 -1.955922 -2.878299 4.727801 -4.170588 4.993923 11.020529 3e-06 -0.0 12.109056 -3.735717 -2.866783 1e-06 0.0 -2e-06 1.291986 -1.928549 -1.49809 14.800132 0.567467 3.865607 14.242577 -1.341738 -6.660657 19.631973 0.143924 -0.648245 50.823914 -0.934669 -6.153339 0.353029 -1.511151 -0.03194 20.222797 3.684309 2.316631 18.787279 4e-06 -2e-06 10.751633 -0.47987 1.397907 -1e-06 -0.0 0.0 3.273808 0.305947 -0.580111 21.48682 11.830377 2.266132 8.16293 1e-06 0.0 18.399088 -3.798985 -4.940578 2e-06 0.0 -1e-06 4.550987 28.466444 1.811295 -0.07951 -0.3173 2.35312 -6.484225 8.769946 -5.747547 1.671988 -1.955837 0.934996 -0.0 0.0 2e-06 -8.608832 -13.073851 -3.45533 0.068773 0.249891 1.748725 12.420296 11.88232 2.442986 -1.383922 0.972266 1.429548 -0.0 -0.0 -1e-06 
0.0 0.0 0.0 0.0 -0.0 0.0 1.181294 100.069496 4.847887 -1.14462 -7.618939 4.846531 0.811986 0.289135 1.552864 -0.029876 -0.064215 -4.323636 -5.576783 -3.315392 2.817421 -35.175217 12.911743 -10.760299 -0.547018 2.447817 -3.743385 -6.046464 3.262314 -13.610967 7.6e-05 -2.2e-05 5e-06 -0.108679 0.037809 -0.013251 0.443484 -3.932339 -10.742499 -0.696334 3.998186 -10.986055 0.423434 -8.105134 5.023157 12.484368 -78.6502 -72.382736 -4.124839 -66.040344 4.792148 40.12608 6.542887 -29.494236 -5.882112 9.861292 0.702593 -10.936881 -0.360574 7.156213 -1e-06 8.77483 -2e-06 -13.117731 16.838566 7.559628 -1.844033 2.498505 -2.507279 -10.16361 4.678949 4.621113 -20.97604 1e-06 5e-06 -21.226307 2.451703 -3.594002 1e-06 -7e-06 -0.0 -1.362684 2.240797 -0.746324 -21.334932 0.584911 3.00833 -13.821225 1e-06 4e-06 -23.887192 -0.249073 -0.839481 -58.230423 2.52129 -0.573688 -0.294025 1.679689 0.833257 -14.218221 0.093215 1.300583 -34.212082 -0.287557 0.967172 -20.03323 0.964541 1.212845 -0.0 -0.0 0.0 -3.44039 0.788235 0.501657 -15.928201 -3.167309 2.999712 -6.338831 0.0 2e-06 -18.123459 3.648188 -4.90567 -3e-06 -0.0 -2e-06 -5.858823 8.965094 6.528519 -32.104107 47.369961 -77.956558 -5.990914 67.242073 -6.775837 -54.601734 9.589606 7.841331 2.243544 -5.255043 -3.180161 14.282906 -0.826595 6.952511 -2e-06 -12.690618 0.0 16.513453 -17.393589 3.783182 1.665668 -1.955924 -2.8783 4.727804 -4.170591 4.993927 11.020537 3e-06 -1e-06 12.109062 -3.73572 -2.866786 1e-06 0.0 -0.0 1.291987 -1.928551 -1.498091 14.800142 0.567469 3.865611 14.242584 -1.341737 -6.660662 19.631987 0.143927 -0.648243 50.755119 -0.948157 -6.133799 0.353029 -1.511152 -0.031939 20.222809 3.684313 2.316633 18.787289 5e-06 -0.0 10.751638 -0.479869 1.397908 -0.0 0.0 -1e-06 3.27381 0.305947 -0.580111 21.486834 11.830388 2.266137 8.162935 1e-06 1e-06 18.399103 -3.798988 -4.94058 2e-06 1e-06 -0.0 4.587841 28.83918 2.064175 -0.074132 -0.303166 2.219722 -6.472229 8.917604 -5.854318 1.672632 -1.95234 0.923087 -0.0 0.0 2e-06 -8.605162 -12.558705 -3.505539 0.065398 0.237738 1.676775 12.52941 11.918991 2.666701 -1.391937 0.961249 1.438973 -0.0 -0.0 -1e-06 
0.0 0.0 0.0 0.0 -0.0 0.0 1.310002 100.04705 4.842539 -1.208854 -8.129824 4.717373 0.617202 0.274894 1.489972 -0.068928 -0.192655 -4.326104 -5.931521 -3.419271 2.848878 -33.834099 12.774323 -10.254318 -0.440528 2.408073 -3.746074 -4.928132 3.402215 -12.211076 7.5e-05 -2.2e-05 6e-06 -0.105728 0.028113 -0.011519 0.462594 -3.927648 -10.727873 -0.708597 3.974045 -10.982941 0.296042 -8.634974 5.253533 9.213458 -78.71151 -69.113052 -3.407177 -65.928658 4.294096 41.032166 6.304148 -30.049326 -5.882112 9.861298 0.702594 -10.936885 -0.360575 7.156216 0.0 8.774837 -1e-06 -13.079716 16.753862 7.574263 -1.844032 2.498509 -2.50728 -10.163611 4.678949 4.621113 -20.976044 0.0 6e-06 -21.226311 2.451703 -3.594002 -0.0 -7e-06 -1e-06 -1.362682 2.240802 -0.746324 -21.334938 0.584911 3.00833 -13.821229 -1e-06 5e-06 -23.887201 -0.249073 -0.83948 -58.181553 2.483764 -0.471923 -0.294024 1.679691 0.833258 -14.218224 0.093215 1.300585 -34.212086 -0.28756 0.967178 -20.033239 0.964542 1.212847 1e-06 -0.0 -1e-06 -3.440392 0.788236 0.501656 -15.928203 -3.167312 2.999712 -6.338833 0.0 1e-06 -18.123465 3.648189 -4.905673 -4e-06 -0.0 -1e-06 -5.466949 8.376506 6.622053 -32.709045 47.436539 -78.00148 -5.307741 66.85405 -6.355877 -55.172207 8.151001 6.623218 2.243544 -5.255043 -3.18016 14.282904 -0.826596 6.952507 -0.0 -12.690616 -1e-06 16.534323 -17.41968 3.737755 1.665668 -1.955924 -2.878301 4.727804 -4.170592 4.993927 11.020536 2e-06 -0.0 12.10906 -3.735721 -2.866788 1e-06 0.0 -0.0 1.291986 -1.928551 -1.498091 14.80014 0.567468 3.865609 14.242585 -1.341738 -6.660664 19.631985 0.143925 -0.648247 50.678658 -0.969177 -6.148937 0.35303 -1.511152 -0.031939 20.222809 3.684311 2.316633 18.787291 4e-06 -4e-06 10.751637 -0.479868 1.397905 -1e-06 0.0 -1e-06 3.273809 0.305947 -0.580111 21.486832 11.830384 2.266136 8.162935 1e-06 -1e-06 18.399099 -3.798989 -4.940582 4e-06 0.0 -1e-06 4.646172 29.131115 2.392623 -0.071515 -0.278499 2.103249 -6.476337 9.073384 -6.016879 1.670061 -1.961543 0.893783 -0.0 0.0 2e-06 -8.634538 -11.994383 -3.484893 0.067272 0.242335 1.617798 12.564253 11.902075 2.776292 -1.399987 0.956403 1.418111 -0.0 -0.0 -1e-06 
0.0 0.0 0.0 0.0 -0.0 0.0 1.432042 100.004288 4.851906 -1.230342 -8.662183 4.53572 0.397301 0.249884 1.391059 -0.110031 -0.329129 -4.345192 -6.258112 -3.52231 2.869788 -32.352219 12.615153 -9.674131 -0.394045 2.388598 -3.762938 -3.91948 3.514881 -10.493339 7.7e-05 -2.2e-05 6e-06 -0.094582 0.015058 -0.014606 0.500917 -3.926524 -10.742798 -0.72374 3.947407 -11.005363 0.27635 -9.272998 5.50363 6.003391 -78.5299 -66.01696 -2.525303 -65.495781 3.652755 41.984463 6.205914 -30.816441 -5.882104 9.861288 0.702589 -10.936873 -0.360575 7.156204 1e-06 8.774826 -1e-06 -13.077627 16.665098 7.569091 -1.844032 2.498503 -2.507277 -10.1636 4.678944 4.621109 -20.976023 -4e-06 5e-06 -21.226286 2.451696 -3.593997 -0.0 -5e-06 -1e-06 -1.362682 2.240797 -0.746323 -21.334915 0.584908 3.008325 -13.821215 -3e-06 4e-06 -23.887173 -0.249078 -0.83948 -58.139 2.428997 -0.360504 -0.294024 1.679687 0.833256 -14.21821 0.093214 1.300581 -34.212051 -0.287566 0.967176 -20.033216 0.964536 1.212844 1e-06 -0.0 -1e-06 -3.440389 0.788233 0.501656 -15.928189 -3.167312 2.999708 -6.338827 -2e-06 1e-06 -18.123449 3.648182 -4.905669 -4e-06 -0.0 -1e-06 -5.000414 7.730464 6.792302 -33.65118 47.869164 -78.121857 -4.52717 66.379486 -5.759253 -55.751083 6.551927 4.669524 2.243544 -5.255039 -3.180156 14.282899 -0.826598 6.952505 -0.0 -12.690608 1e-06 16.533207 -17.491402 3.643417 1.665668 -1.955922 -2.8783 4.727802 -4.17059 4.993925 11.020534 2e-06 -2e-06 12.109058 -3.735719 -2.866784 1e-06 0.0 -1e-06 1.291987 -1.92855 -1.498089 14.800138 0.567466 3.865608 14.242584 -1.341739 -6.66066 19.631981 0.143923 -0.648248 50.567123 -1.010713 -6.201599 0.353029 -1.511151 -0.03194 20.222803 3.684308 2.31663 18.787287 1e-06 -4e-06 10.751634 -0.479869 1.397905 -1e-06 -0.0 -1e-06 3.273809 0.305947 -0.580111 21.486824 11.830378 2.266132 8.162933 1e-06 -1e-06 18.399097 -3.798986 -4.940581 3e-06 0.0 -2e-06 4.686279 29.318218 2.781219 -0.069637 -0.251979 2.007821 -6.469251 9.315788 -6.222404 1.667236 -1.987457 0.864828 -0.0 0.0 2e-06 -8.728642 -11.416345 -3.409294 0.075409 0.25496 1.578531 12.609932 11.91649 2.791666 -1.407091 0.959459 1.374779 -0.0 -0.0 -1e-06 
0.0 0.0 0.0 0.0 -0.0 0.0 1.546871 99.940323 4.894104 -1.212963 -9.252787 4.306017 0.161158 0.214318 1.247901 -0.158841 -0.445283 -4.387604 -6.520328 -3.625722 2.884671 -30.753487 12.467572 -8.986948 -0.410125 2.350395 -3.795998 -3.060903 3.563562 -8.538175 7.8e-05 -2.3e-05 6e-06 -0.080405 -0.001094 -0.022509 0.553325 -3.927445 -10.783441 -0.746985 3.917371 -11.053226 0.413323 -9.948948 5.726836 3.367696 -78.063179 -63.604546 -1.65873 -64.832146 3.01478 42.777748 6.345543 -31.657957 -5.882112 9.861294 0.702594 -10.936883 -0.360574 7.156214 0.0 8.774835 -0.0 -13.115005 16.568689 7.524101 -1.844034 2.498507 -2.507278 -10.163611 4.678952 4.621114 -20.976044 -0.0 8e-06 -21.226307 2.451704 -3.593999 -1e-06 -5e-06 -1e-06 -1.362682 2.2408 -0.746324 -21.334934 0.58491 3.008331 -13.821227 -0.0 6e-06 -23.887192 -0.249074 -0.83948 -58.01556 2.377405 -0.25967 -0.294024 1.679688 0.833256 -14.218223 0.093215 1.300584 -34.212082 -0.287558 0.967178 -20.033232 0.964542 1.212847 0.0 -1e-06 -1e-06 -3.440393 0.788234 0.501657 -15.928203 -3.167311 2.999713 -6.338833 0.0 3e-06 -18.123466 3.64819 -4.905671 -4e-06 0.0 -0.0 -4.471286 7.082553 6.977565 -35.002834 48.650208 -78.215233 -3.943832 65.581848 -5.157792 -56.250011 4.757301 2.039764 2.243543 -5.25504 -3.180159 14.282898 -0.826595 6.952503 -2e-06 -12.690611 -0.0 16.483521 -17.568619 3.517899 1.665667 -1.955922 -2.878299 4.727801 -4.17059 4.993925 11.02053 3e-06 -2e-06 12.109056 -3.735719 -2.866784 -0.0 -0.0 -1e-06 1.291986 -1.92855 -1.498089 14.800132 0.567468 3.865607 14.24258 -1.341738 -6.660661 19.631973 0.143927 -0.648246 50.395309 -1.057922 -6.280499 0.353029 -1.511152 -0.031939 20.222801 3.68431 2.316631 18.787285 4e-06 -2e-06 10.751634 -0.479867 1.397906 -1e-06 1e-06 -1e-06 3.273808 0.305947 -0.580112 21.48682 11.83038 2.266133 8.16293 0.0 -2e-06 18.399088 -3.798987 -4.940578 3e-06 0.0 -1e-06 4.708681 29.447664 3.229635 -0.065532 -0.230591 1.94096 -6.465847 9.672357 -6.467617 1.665725 -2.022101 0.835557 0.0 0.0 2e-06 -8.890597 -10.848271 -3.303861 0.087181 0.271456 1.574228 12.724716 12.047895 2.752076 -1.410872 0.969255 1.324843 -0.0 -0.0 -1e-06 
0.0 0.0 0.0 0.0 -0.0 0.0 1.663944 99.876488 4.954829 -1.200313 -9.918451 4.048542 -0.06553 0.17875 1.056686 -0.21284 -0.534024 -4.444273 -6.678172 -3.73353 2.900686 -29.057039 12.254925 -8.235216 -0.460193 2.350974 -3.815048 -2.36897 3.561756 -6.471747 7.6e-05 -2.2e-05 6e-06 -0.059337 -0.011455 -0.02994 0.614904 -3.919066 -10.828703 -0.765845 3.89009 -11.111654 0.688297 -10.538172 5.886512 1.24793 -77.360039 -61.784519 -0.996742 -64.15802 2.56501 43.274117 6.625369 -32.228691 -5.882107 9.861283 0.70259 -10.936873 -0.360574 7.156207 1e-06 8.774825 -1e-06 -13.148165 16.511393 7.465781 -1.844032 2.498503 -2.507277 -10.1636 4.678945 4.621109 -20.976023 -3e-06 5e-06 -21.226288 2.451699 -3.593997 0.0 -5e-06 -1e-06 -1.362682 2.240798 -0.746322 -21.334913 0.58491 3.008325 -13.821213 -1e-06 5e-06 -23.887171 -0.249076 -0.839482 -57.841541 2.350428 -0.138145 -0.294025 1.679688 0.833256 -14.218208 0.093214 1.300581 -34.212051 -0.28756 0.967174 -20.033215 0.964539 1.212844 -1e-06 -0.0 -1e-06 -3.440389 0.788232 0.501656 -15.928185 -3.167308 2.999709 -6.338827 -1e-06 1e-06 -18.123444 3.648183 -4.905668 -4e-06 -0.0 -0.0 -3.812342 6.470297 7.205572 -36.965 49.704056 -78.5084 -3.569485 64.340981 -4.626765 -56.573223 3.02695 -0.678588 2.243541 -5.255037 -3.180158 14.282893 -0.826595 6.952507 -3e-06 -12.690605 -0.0 16.38908 -17.580418 3.388587 1.665666 -1.955921 -2.8783 4.7278 -4.170588 4.993925 11.020528 3e-06 1e-06 12.109053 -3.735716 -2.866784 -0.0 -0.0 0.0 1.291985 -1.928549 -1.498087 14.800129 0.567468 3.865611 14.242575 -1.341735 -6.660658 19.631971 0.143924 -0.648241 50.162312 -1.089663 -6.329685 0.353029 -1.51115 -0.031939 20.222795 3.68431 2.316633 18.787275 5e-06 3e-06 10.751631 -0.479867 1.397907 -1e-06 0.0 1e-06 3.273807 0.305947 -0.580109 21.486818 11.830376 2.266134 8.162928 2e-06 1e-06 18.399086 -3.798986 -4.940575 3e-06 -0.0 0.0 4.753176 29.611197 3.722901 -0.061635 -0.223208 1.887344 -6.43853 10.084734 -6.701453 1.665839 -2.04487 0.8156 -0.0 0.0 2e-06 -9.06155 -10.271472 -3.194698 0.093658 0.292298 1.579762 12.934466 12.283052 2.771633 -1.40946 0.98133 1.240296 0.0 -0.0 -1e-06 
0.0 0.0 0.0 0.0 -0.0 0.0 1.793766 99.816284 5.029521 -1.20116 -10.692771 3.768795 -0.282678 0.143712 0.823914 -0.2739 -0.601685 -4.523087 -6.723295 -3.802532 2.920867 -27.157965 11.944306 -7.43783 -0.516941 2.399554 -3.817502 -1.877571 3.550595 -4.257083 7.8e-05 -2.2e-05 6e-06 -0.037128 -0.016512 -0.035178 0.676146 -3.898439 -10.849354 -0.782238 3.861204 -11.152009 1.123937 -11.034755 5.975868 -1.123456 -76.474915 -59.942234 -0.609683 -63.66597 2.349892 43.55492 7.061682 -32.551731 -5.88211 9.861292 0.702593 -10.93688 -0.360575 7.156212 1e-06 8.774832 -1e-06 -13.214933 16.448338 7.40324 -1.844034 2.498506 -2.507279 -10.163609 4.678947 4.621112 -20.976038 -4e-06 6e-06 -21.226301 2.4517 -3.594 0.0 -6e-06 -1e-06 -1.362681 2.2408 -0.746324 -21.334929 0.584911 3.008327 -13.821221 -1e-06 4e-06 -23.887184 -0.249077 -0.839482 -57.703712 2.318425 0.010694 -0.294026 1.679687 0.833256 -14.218219 0.093215 1.300582 -34.212074 -0.287562 0.967177 -20.03323 0.964538 1.212846 0.0 -1e-06 -1e-06 -3.440392 0.788234 0.501655 -15.9282 -3.167312 2.99971 -6.33883 0.0 3e-06 -18.123459 3.648187 -4.905672 -5e-06 -1e-06 -2e-06 -3.085604 5.95649 7.432898 -39.419975 50.945267 -79.1465 -3.391099 62.668495 -4.180652 -56.535309 1.565908 -3.177117 2.243543 -5.255039 -3.180157 14.282894 -0.826596 6.952504 -0.0 -12.690609 -1e-06 16.322834 -17.539795 3.257639 1.665667 -1.955923 -2.8783 4.7278 -4.170589 4.993924 11.020528 1e-06 -1e-06 12.109054 -3.735719 -2.866785 -1e-06 0.0 0.0 1.291986 -1.92855 -1.49809 14.800131 0.567467 3.865607 14.242574 -1.341738 -6.66066 19.631973 0.143925 -0.648246 49.95256 -1.120403 -6.336876 0.353029 -1.511151 -0.031938 20.222795 3.684309 2.316629 18.787279 3e-06 -1e-06 10.75163 -0.47987 1.397906 -0.0 2e-06 -0.0 3.273807 0.305947 -0.580111 21.486816 11.830378 2.266135 8.16293 1e-06 -1e-06 18.399084 -3.798987 -4.940578 3e-06 -1e-06 -1e-06 4.828928 29.868359 4.26976 -0.059843 -0.223867 1.834704 -6.373702 10.537801 -6.922571 1.668091 -2.048322 0.828633 0.0 0.0 2e-06 -9.228398 -9.68879 -3.090075 0.096924 0.314029 1.585303 13.242271 12.622181 2.839622 -1.403638 0.991518 1.159534 0.0 -0.0 -1e-06 
0.0 0.0 0.0 0.0 -0.0 0.0 1.922581 99.76857 5.10181 -1.248781 -11.499314 3.468003 -0.4749 0.102441 0.57306 -0.332442 -0.670055 -4.613425 -6.691758 -3.842483 2.95693 -24.950182 11.521966 -6.620972 -0.578276 2.463397 -3.814958 -1.527556 3.551481 -1.888525 7.8e-05 -2.3e-05 6e-06 -0.02193 -0.017741 -0.03891 0.726456 -3.868859 -10.841675 -0.801539 3.830495 -11.163723 1.647344 -11.427514 6.047816 -4.082992 -75.527328 -57.812607 -0.367306 -63.556316 2.163068 43.756264 7.686172 -32.851837 -5.882107 9.861291 0.702593 -10.936877 -0.360576 7.156208 2e-06 8.774833 1e-06 -13.308389 16.382572 7.350501 -1.844031 2.498506 -2.507277 -10.1636 4.678947 4.62111 -20.97603 -6e-06 4e-06 -21.226294 2.451696 -3.594001 0.0 -6e-06 -1e-06 -1.362682 2.240798 -0.746325 -21.334921 0.584908 3.008326 -13.821217 -5e-06 3e-06 -23.887178 -0.249081 -0.839481 -57.643696 2.29456 0.130812 -0.294024 1.679688 0.833258 -14.218215 0.093213 1.300581 -34.212059 -0.287568 0.967175 -20.033222 0.964537 1.212847 0.0 -0.0 0.0 -3.440389 0.788233 0.501656 -15.928192 -3.167314 2.999708 -6.338828 -1e-06 1e-06 -18.123453 3.648184 -4.905671 -5e-06 -0.0 -2e-06 -2.303893 5.53785 7.648591 -42.354294 52.203808 -80.303436 -3.294247 60.614582 -3.747472 -56.14053 0.406358 -5.388011 2.243542 -5.255039 -3.180159 14.282896 -0.826596 6.952505 -1e-06 -12.69061 -1e-06 16.2647 -17.489122 3.141076 1.665667 -1.955922 -2.878298 4.727801 -4.17059 4.993924 11.020529 2e-06 -1e-06 12.109056 -3.735718 -2.866787 0.0 -0.0 2e-06 1.291986 -1.92855 -1.498089 14.800136 0.567467 3.865608 14.242579 -1.341738 -6.660661 19.631975 0.143924 -0.648246 49.812843 -1.140567 -6.300519 0.353029 -1.511151 -0.03194 20.222801 3.68431 2.316633 18.787283 3e-06 -1e-06 10.751633 -0.47987 1.397906 -1e-06 0.0 -2e-06 3.273808 0.305947 -0.580112 21.486824 11.830379 2.266131 8.16293 0.0 -1e-06 18.399092 -3.798986 -4.94058 3e-06 -0.0 -1e-06 4.998524 30.238596 4.871807 -0.057079 -0.219502 1.785879 -6.277095 10.921241 -7.104463 1.670432 -2.0342 0.846115 0.0 0.0 2e-06 -9.333508 -9.122459 -2.950054 0.0911 0.332999 1.564717 13.572287 12.996875 2.978078 -1.395681 1.00391 1.104504 0.0 -0.0 -1e-06 
0.0 0.0 0.0 0.0 -0.0 0.0 2.026387 99.74707 5.160007 -1.372465 -12.296652 3.154522 -0.637046 0.03581 0.322686 -0.391894 -0.75613 -4.69674 -6.619963 -3.86152 2.993744 -22.272398 10.88918 -5.782061 -0.616684 2.512356 -3.792946 -1.188959 3.609823 0.672665 7.7e-05 -2.3e-05 6e-06 -0.006168 -0.025247 -0.042274 0.773937 -3.84159 -10.813229 -0.816317 3.789138 -11.138701 2.165264 -11.734874 6.103769 -7.733882 -74.577347 -55.317822 -0.166095 -63.923763 1.919469 44.012112 8.498167 -33.342525 -5.882109 9.861288 0.702591 -10.936876 -0.360573 7.156209 0.0 8.774825 -3e-06 -13.464289 16.341175 7.30219 -1.844031 2.498505 -2.507278 -10.163604 4.678947 4.621111 -20.97603 -1e-06 5e-06 -21.226295 2.451699 -3.593999 1e-06 -6e-06 -1e-06 -1.362684 2.240798 -0.746322 -21.334927 0.584911 3.008327 -13.821219 -0.0 3e-06 -23.887178 -0.249074 -0.83948 -57.731853 2.281375 0.189027 -0.294025 1.679688 0.833258 -14.218214 0.093216 1.300585 -34.212059 -0.287558 0.967174 -20.033224 0.964539 1.212844 1e-06 -1e-06 0.0 -3.440391 0.788232 0.501656 -15.928192 -3.16731 2.99971 -6.338829 1e-06 1e-06 -18.123457 3.648185 -4.905672 -5e-06 -1e-06 -2e-06 -1.451242 5.16797 7.869052 -45.811409 53.308002 -81.904388 -3.297283 58.160053 -3.422464 -55.401474 -0.607978 -7.511582 2.243541 -5.255038 -3.180158 14.282896 -0.826592 6.952507 -4e-06 -12.690609 -1e-06 16.205675 -17.428667 3.057944 1.665666 -1.955922 -2.8783 4.7278 -4.170588 4.993925 11.020531 5e-06 -0.0 12.109055 -3.735715 -2.866785 0.0 -1e-06 1e-06 1.291986 -1.92855 -1.49809 14.800134 0.567471 3.86561 14.242577 -1.341735 -6.66066 19.631973 0.143926 -0.648241 49.757965 -1.141045 -6.221673 0.353029 -1.511151 -0.031938 20.222801 3.684315 2.316634 18.787281 7e-06 3e-06 10.751633 -0.479868 1.397909 -1e-06 0.0 -1e-06 3.273808 0.305948 -0.580112 21.486824 11.830382 2.266135 8.162931 3e-06 -1e-06 18.399086 -3.798982 -4.940576 3e-06 -0.0 0.0 5.309481 30.702576 5.518397 -0.04925 -0.206466 1.74845 -6.190864 11.178978 -7.25719 1.670287 -2.007415 0.868573 -0.0 0.0 2e-06 -9.342038 -8.568761 -2.772248 0.084285 0.352151 1.526056 13.878186 13.377306 3.223042 -1.387085 1.018459 1.050847 -0.0 0.0 -1e-06 
0.0 0.0 0.0 0.0 -0.0 0.0 2.103011 99.740738 5.212589 -1.553868 -13.055651 2.813205 -0.794246 -0.048093 0.092373 -0.468159 -0.850621 -4.762658 -6.567019 -3.885728 3.02238 -19.007122 9.978099 -4.853792 -0.580751 2.580053 -3.73767 -0.842895 3.708045 3.37162 7.6e-05 -2.3e-05 6e-06 0.011306 -0.039322 -0.04428 0.816148 -3.816007 -10.760408 -0.821412 3.735999 -11.063922 2.639802 -12.036104 6.141144 -11.87406 -73.619537 -52.648525 0.045645 -64.712898 1.519533 44.338097 9.389215 -33.953793 -5.882108 9.861287 0.702592 -10.936875 -0.360575 7.156209 2e-06 8.774826 -0.0 -13.679189 16.323824 7.253914 -1.844034 2.498504 -2.507278 -10.163604 4.678946 4.621109 -20.976027 -1e-06 5e-06 -21.22629 2.451701 -3.593998 -0.0 -6e-06 -2e-06 -1.362683 2.240798 -0.746323 -21.334921 0.584912 3.008326 -13.821218 -2e-06 3e-06 -23.887177 -0.249075 -0.839481 -57.929787 2.247355 0.190766 -0.294025 1.679687 0.833256 -14.218212 0.093216 1.300583 -34.212059 -0.287558 0.967173 -20.03322 0.96454 1.212845 1e-06 -1e-06 1e-06 -3.440391 0.788231 0.501656 -15.928191 -3.167308 2.999707 -6.338829 -1e-06 2e-06 -18.123453 3.648185 -4.905669 -5e-06 -0.0 -3e-06 -0.622031 4.805223 8.02276 -49.487381 54.142731 -83.568214 -3.391233 55.29612 -3.238839 -54.152813 -1.614486 -9.612011 2.243541 -5.255037 -3.180156 14.282892 -0.826594 6.952504 -2e-06 -12.690603 -1e-06 16.128227 -17.34667 3.025001 1.665666 -1.955922 -2.878298 4.7278 -4.170586 4.993923 11.020529 3e-06 -1e-06 12.109052 -3.735715 -2.866783 1e-06 -0.0 -1e-06 1.291986 -1.928549 -1.498089 14.800129 0.567468 3.865609 14.24257 -1.341736 -6.660659 19.631968 0.143925 -0.648242 49.716873 -1.139133 -6.121005 0.353029 -1.511151 -0.03194 20.222795 3.684311 2.316631 18.787275 4e-06 2e-06 10.751629 -0.479867 1.397907 -1e-06 1e-06 -1e-06 3.273807 0.305947 -0.580111 21.486818 11.830376 2.266135 8.162928 2e-06 0.0 18.399084 -3.798984 -4.940573 3e-06 -1e-06 -2e-06 5.754249 31.19445 6.231421 -0.037097 -0.197571 1.705631 -6.148962 11.323609 -7.395736 1.669577 -1.973999 0.916398 0.0 0.0 2e-06 -9.269941 -8.022048 -2.536374 0.080371 0.364288 1.484575 14.129428 13.752344 3.495511 -1.38113 1.027458 1.00323 -0.0 0.0 -1e-06 
0.0 0.0 0.0 0.0 -0.0 0.0 2.156771 99.729446 5.262544 -1.763059 -13.753523 2.437127 -0.974084 -0.132674 -0.110959 -0.556364 -0.950358 -4.816011 -6.59468 -3.926539 3.06404 -15.210977 8.770178 -3.771722 -0.433237 2.656195 -3.657107 -0.406335 3.81634 6.067595 7.6e-05 -2.3e-05 6e-06 0.028438 -0.045924 -0.04466 0.844239 -3.780978 -10.687437 -0.811937 3.687395 -10.948211 2.994457 -12.399159 6.201659 -15.872917 -72.637863 -50.161201 0.501613 -65.813797 0.828034 44.767555 10.28474 -34.601498 -5.88211 9.861293 0.702593 -10.936878 -0.360576 7.156212 0.0 8.774832 -2e-06 -13.937706 16.338802 7.171 -1.844032 2.498507 -2.50728 -10.163605 4.678948 4.621112 -20.976036 -1e-06 5e-06 -21.226301 2.4517 -3.594 -0.0 -6e-06 -1e-06 -1.362683 2.240801 -0.746325 -21.334929 0.584911 3.008327 -13.821223 -2e-06 2e-06 -23.887184 -0.249078 -0.83948 -58.162666 2.19263 0.130623 -0.294026 1.679689 0.833256 -14.218215 0.093216 1.300581 -34.212067 -0.287562 0.967173 -20.033226 0.964538 1.212845 0.0 -1e-06 -1e-06 -3.440391 0.788236 0.501655 -15.9282 -3.167312 2.99971 -6.338831 -1e-06 -0.0 -18.123457 3.648188 -4.905672 -5e-06 -0.0 -2e-06 0.097119 4.408155 8.030884 -53.105694 54.63974 -84.888062 -3.44669 52.034683 -3.169362 -52.307735 -2.791922 -11.743996 2.243542 -5.255038 -3.180157 14.282896 -0.826596 6.952504 -1e-06 -12.690607 -1e-06 16.04282 -17.288225 3.015423 1.665667 -1.955922 -2.878298 4.727801 -4.170589 4.993925 11.020529 2e-06 -1e-06 12.109055 -3.735717 -2.866784 2e-06 1e-06 -1e-06 1.291986 -1.92855 -1.498088 14.800132 0.567467 3.865608 14.242577 -1.341739 -6.660657 19.631973 0.143925 -0.648245 49.672398 -1.152375 -6.04855 0.353029 -1.511151 -0.031941 20.222797 3.684309 2.316629 18.787279 4e-06 -0.0 10.751631 -0.479869 1.397905 -0.0 -0.0 0.0 3.273808 0.305947 -0.580111 21.486816 11.830377 2.266134 8.16293 2e-06 -2e-06 18.399088 -3.798988 -4.940577 3e-06 -0.0 -2e-06 6.297199 31.695223 7.019958 -0.01834 -0.211213 1.637089 -6.156804 11.371957 -7.537661 1.671257 -1.939068 0.971538 -0.0 0.0 2e-06 -9.148509 -7.46298 -2.243437 0.073981 0.364426 1.466089 14.329991 14.093721 3.719358 -1.379241 1.032595 0.954015 -0.0 0.0 -1e-06 
0.0 0.0 0.0 0.0 -0.0 0.0 2.195218 99.713806 5.297153 -1.974306 -14.343121 2.061598 -1.179446 -0.205736 -0.28077 -0.645604 -1.041406 -4.856522 -6.717473 -3.99926 3.139719 -11.137682 7.269341 -2.560476 -0.148676 2.749228 -3.569976 0.127713 3.881831 8.447345 7.8e-05 -2.2e-05 6e-06 0.041377 -0.04671 -0.041611 0.85316 -3.748381 -10.620964 -0.790689 3.652068 -10.823325 3.185641 -12.82575 6.321293 -19.144382 -71.677116 -48.120335 1.543516 -67.155716 -0.368425 45.242874 11.208417 -35.483589 -5.882109 9.86129 0.702594 -10.936875 -0.360574 7.156207 1e-06 8.77483 1e-06 -14.218195 16.396809 7.060277 -1.844032 2.498505 -2.507278 -10.163602 4.678947 4.621111 -20.97603 -4e-06 4e-06 -21.226292 2.451698 -3.593999 -0.0 -7e-06 -1e-06 -1.362682 2.240799 -0.746323 -21.334923 0.584911 3.008326 -13.82122 -3e-06 1e-06 -23.887178 -0.249079 -0.839482 -58.299763 2.132606 0.030443 -0.294023 1.67969 0.833256 -14.218214 0.093215 1.300584 -34.212063 -0.287566 0.967174 -20.03322 0.964536 1.212846 -0.0 -1e-06 -1e-06 -3.440389 0.788234 0.501657 -15.928192 -3.167311 2.999709 -6.338829 -2e-06 2e-06 -18.123453 3.648184 -4.90567 -5e-06 0.0 -0.0 0.575905 3.975246 7.907378 -56.345718 54.686001 -85.861313 -3.074443 48.657761 -3.006324 -49.92078 -3.988029 -14.119449 2.243542 -5.255037 -3.180159 14.282888 -0.826597 6.9525 -0.0 -12.690604 -0.0 16.014393 -17.252565 2.976307 1.665667 -1.955922 -2.878298 4.727798 -4.170588 4.993924 11.020526 1e-06 -2e-06 12.109053 -3.735717 -2.866786 2e-06 1e-06 -1e-06 1.291986 -1.92855 -1.49809 14.800125 0.567465 3.865606 14.242574 -1.341738 -6.660659 19.631968 0.143923 -0.648249 49.651505 -1.158075 -6.004903 0.353029 -1.51115 -0.031941 20.222786 3.684306 2.316628 18.78727 2e-06 -4e-06 10.751626 -0.47987 1.397904 1e-06 1e-06 0.0 3.273806 0.305946 -0.58011 21.486809 11.830374 2.266131 8.162925 -0.0 -1e-06 18.39908 -3.798987 -4.940577 2e-06 -0.0 -1e-06 6.858864 32.136852 7.782045 0.004484 -0.238282 1.579875 -6.187615 11.332783 -7.701014 1.67287 -1.901206 1.050491 -0.0 -0.0 2e-06 -9.009952 -6.939116 -1.923574 0.065388 0.358434 1.453097 14.482112 14.36661 3.855515 -1.380257 1.034621 0.901093 0.0 0.0 -1e-06 
0.0 0.0 0.0 0.0 -0.0 0.0 2.233071 99.692009 5.306128 -2.150749 -14.823579 1.730053 -1.406608 -0.253313 -0.407615 -0.732269 -1.12773 -4.887484 -6.906994 -4.107741 3.257572 -7.062145 5.570072 -1.326845 0.191872 2.87349 -3.483887 0.730314 3.787088 10.229411 7.7e-05 -2.3e-05 6e-06 0.044833 -0.045488 -0.034999 0.842373 -3.727596 -10.577118 -0.768268 3.631144 -10.715875 3.215649 -13.250972 6.507816 -21.530115 -70.802895 -46.610394 3.247424 -68.710365 -2.184474 45.711681 12.022968 -36.244549 -5.882106 9.861285 0.70259 -10.936872 -0.360577 7.156204 2e-06 8.774824 -0.0 -14.46376 16.49161 6.966617 -1.844031 2.498505 -2.507278 -10.163601 4.678943 4.621108 -20.976023 -6e-06 1e-06 -21.226288 2.451695 -3.594 0.0 -6e-06 -1e-06 -1.362682 2.240798 -0.746323 -21.334915 0.584909 3.008323 -13.821215 -3e-06 0.0 -23.887173 -0.24908 -0.839482 -58.357944 2.070686 -0.033616 -0.294025 1.679687 0.833256 -14.218208 0.093214 1.30058 -34.212048 -0.287566 0.967171 -20.033211 0.964537 1.212844 0.0 -1e-06 -2e-06 -3.44039 0.788233 0.501655 -15.928187 -3.16731 2.999708 -6.338827 -1e-06 1e-06 -18.123444 3.64818 -4.905669 -5e-06 -0.0 -3e-06 0.793384 3.558821 7.696892 -59.024578 54.227432 -86.495552 -2.190796 45.550018 -2.759197 -47.048172 -5.054515 -16.803186 2.243541 -5.255037 -3.180158 14.282892 -0.826595 6.952504 -1e-06 -12.690603 -0.0 16.065968 -17.22216 2.873266 1.665666 -1.955922 -2.8783 4.727798 -4.170588 4.993926 11.020528 2e-06 0.0 12.109052 -3.735716 -2.866785 1e-06 1e-06 0.0 1.291985 -1.928549 -1.498091 14.800129 0.567467 3.86561 14.242572 -1.341738 -6.660658 19.631969 0.143925 -0.648246 49.623772 -1.166627 -5.980614 0.353029 -1.51115 -0.03194 20.22279 3.684309 2.316633 18.78727 3e-06 -0.0 10.751627 -0.479872 1.397907 -0.0 -0.0 1e-06 3.273807 0.305947 -0.580109 21.486813 11.830374 2.266135 8.162927 1e-06 -1e-06 18.399086 -3.798986 -4.940577 3e-06 -0.0 -0.0 7.328006 32.469036 8.422263 0.024745 -0.261481 1.538774 -6.215127 11.252302 -7.884553 1.672195 -1.859654 1.122609 -0.0 -0.0 2e-06 -8.888619 -6.49187 -1.645904 0.056889 0.348744 1.445287 14.563453 14.592701 3.885657 -1.382228 1.032959 0.836637 0.0 0.0 -1e-06 
0.0 0.0 0.0 0.0 -0.0 0.0 2.288805 99.66568 5.281892 -2.275951 -15.234062 1.474099 -1.638532 -0.281283 -0.469449 -0.811955 -1.21301 -4.899505 -7.118124 -4.231362 3.387116 -3.243356 3.859004 -0.21151 0.482602 2.982633 -3.417017 1.377226 3.498508 11.321178 7.7e-05 -2.2e-05 6e-06 0.041801 -0.0476 -0.02738 0.823558 -3.72055 -10.554377 -0.750808 3.616109 -10.634993 3.12451 -13.601645 6.746124 -23.029943 -70.056152 -45.708538 5.261512 -70.400429 -4.338725 46.173088 12.631795 -36.73711 -5.88211 9.861292 0.702592 -10.936878 -0.360575 7.156211 -1e-06 8.774831 -2e-06 -14.664498 16.610937 6.86802 -1.844032 2.498505 -2.507279 -10.163605 4.678948 4.621113 -20.976034 -2e-06 3e-06 -21.226295 2.451701 -3.594001 1e-06 -6e-06 0.0 -1.362682 2.2408 -0.746325 -21.334925 0.584914 3.008328 -13.821221 -1e-06 1e-06 -23.887182 -0.249076 -0.839482 -58.36306 2.018775 -0.068586 -0.294025 1.679688 0.833256 -14.218218 0.093218 1.300582 -34.21207 -0.287559 0.967172 -20.033226 0.964539 1.212845 -0.0 1e-06 -1e-06 -3.44039 0.788233 0.501656 -15.928198 -3.167311 2.999711 -6.33883 -1e-06 -0.0 -18.123455 3.648185 -4.905671 -4e-06 -1e-06 -2e-06 0.823272 3.197742 7.477615 -61.171864 53.328056 -86.84243 -0.924231 42.941292 -2.496305 -44.089672 -5.974402 -19.68848 2.243544 -5.255039 -3.180159 14.282896 -0.826596 6.952503 -1e-06 -12.690609 -0.0 16.164614 -17.197912 2.760636 1.665668 -1.955923 -2.878299 4.727799 -4.170588 4.993925 11.020529 3e-06 -1e-06 12.109056 -3.735717 -2.866785 1e-06 1e-06 -1e-06 1.291987 -1.92855 -1.498091 14.800132 0.567468 3.865607 14.242578 -1.341737 -6.66066 19.631973 0.143926 -0.648246 49.606331 -1.181815 -5.965189 0.353029 -1.511151 -0.031939 20.222801 3.68431 2.316631 18.787279 4e-06 -2e-06 10.751632 -0.479869 1.397906 -0.0 0.0 -0.0 3.273808 0.305947 -0.580111 21.48682 11.830379 2.266133 8.16293 1e-06 -0.0 18.399088 -3.798985 -4.940578 3e-06 -1e-06 -0.0 7.643601 32.706371 8.88957 0.03859 -0.272424 1.523093 -6.222758 11.186706 -8.077327 1.669774 -1.824785 1.179967 -0.0 -0.0 2e-06 -8.809184 -6.136453 -1.47932 0.049568 0.337821 1.46226 14.56774 14.814798 3.865013 -1.38524 1.027399 0.801362 0.0 0.0 -1e-06 
0.0 0.0 0.0 0.0 -0.0 0.0 2.377047 99.637489 5.226568 -2.367317 -15.609773 1.286737 -1.863921 -0.296874 -0.474089 -0.883768 -1.297336 -4.894796 -7.317386 -4.327425 3.534509 0.356781 2.202198 0.758313 0.667457 3.012274 -3.383759 2.076805 3.047048 11.848008 7.7e-05 -2.1e-05 6e-06 0.031869 -0.048979 -0.018194 0.800272 -3.721852 -10.562792 -0.742943 3.610508 -10.592111 2.973932 -13.896176 6.995633 -23.818916 -69.408783 -45.305607 7.417072 -72.097862 -6.575165 46.625893 13.080711 -36.807304 -5.88211 9.861292 0.702593 -10.936881 -0.360576 7.156213 1e-06 8.77483 -1e-06 -14.819283 16.701393 6.759833 -1.844033 2.498504 -2.507279 -10.163607 4.678948 4.621114 -20.97604 -5e-06 6e-06 -21.226299 2.451699 -3.593998 1e-06 -6e-06 0.0 -1.362681 2.2408 -0.746324 -21.33493 0.584908 3.008329 -13.821223 -1e-06 3e-06 -23.887188 -0.249077 -0.839479 -58.395107 1.982443 -0.108901 -0.294025 1.679689 0.833256 -14.218221 0.093214 1.300585 -34.212078 -0.287564 0.967175 -20.03323 0.964538 1.212847 -1e-06 1e-06 -2e-06 -3.440392 0.788233 0.501658 -15.928201 -3.167312 2.999711 -6.338831 -1e-06 3e-06 -18.123459 3.648184 -4.90567 -5e-06 -1e-06 -1e-06 0.766993 2.883585 7.329373 -63.077339 52.056103 -87.084602 0.554218 40.649124 -2.282787 -41.190048 -6.939031 -22.880751 2.243542 -5.25504 -3.180157 14.282899 -0.826596 6.952507 -0.0 -12.690611 0.0 16.203499 -17.193213 2.702833 1.665667 -1.955922 -2.878302 4.727801 -4.170589 4.993927 11.020534 3e-06 -0.0 12.10906 -3.735719 -2.866785 0.0 -0.0 -1e-06 1.291987 -1.92855 -1.498089 14.800138 0.567467 3.865611 14.24258 -1.341738 -6.660659 19.631975 0.143924 -0.648244 49.55772 -1.194588 -5.970668 0.353029 -1.511151 -0.03194 20.222803 3.684309 2.316634 18.787289 3e-06 0.0 10.751636 -0.47987 1.397908 -1e-06 0.0 1e-06 3.273808 0.305947 -0.58011 21.486824 11.830379 2.266138 8.16293 0.0 0.0 18.399094 -3.798988 -4.940577 3e-06 0.0 -1e-06 7.843086 32.935184 9.221077 0.046877 -0.282438 1.516409 -6.22367 11.138761 -8.259973 1.665931 -1.811279 1.228675 -0.0 -0.0 2e-06 -8.774447 -5.869625 -1.423109 0.042898 0.334442 1.505435 14.55325 15.093251 3.880363 -1.388671 1.02106 0.7757 0.0 0.0 -1e-06 
0.0 0.0 0.0 0.0 -0.0 0.0 2.509717 99.612053 5.151928 -2.419689 -15.954521 1.168065 -2.083842 -0.296159 -0.450026 -0.941665 -1.352664 -4.876268 -7.506123 -4.421211 3.714326 3.841714 0.604385 1.589259 0.745483 2.971753 -3.39214 2.794185 2.478893 11.963231 7.7e-05 -2.3e-05 6e-06 0.018924 -0.054275 -0.013018 0.777896 -3.731441 -10.602113 -0.74235 3.605131 -10.588882 2.795272 -14.133438 7.248208 -24.02191 -68.843338 -45.315323 9.733719 -73.725449 -8.977769 47.041069 13.363272 -36.421646 -5.882104 9.861288 0.702589 -10.936873 -0.360578 7.156204 2e-06 8.774828 -1e-06 -14.901574 16.752426 6.693637 -1.844033 2.498505 -2.507279 -10.163603 4.678943 4.621109 -20.976028 -9e-06 3e-06 -21.22629 2.451692 -3.593999 1e-06 -6e-06 -0.0 -1.362682 2.240798 -0.746324 -21.334917 0.584905 3.008322 -13.821217 -7e-06 0.0 -23.887175 -0.249086 -0.839481 -58.513672 1.965025 -0.149608 -0.294024 1.679688 0.833258 -14.218214 0.093211 1.300579 -34.212063 -0.287572 0.967174 -20.033218 0.964532 1.212846 -1e-06 1e-06 -1e-06 -3.440392 0.788233 0.501656 -15.928191 -3.167314 2.999709 -6.338827 -2e-06 -1e-06 -18.123451 3.64818 -4.905671 -5e-06 -0.0 -0.0 0.665367 2.60777 7.24437 -64.946388 50.488819 -87.29377 2.105069 38.470745 -2.115983 -38.308578 -7.97486 -26.418484 2.243543 -5.255037 -3.180158 14.282887 -0.826597 6.952499 1e-06 -12.690603 -1e-06 16.1297 -17.189491 2.712242 1.665665 -1.955922 -2.878299 4.727799 -4.170588 4.993921 11.020524 1e-06 -1e-06 12.109052 -3.735715 -2.866786 -0.0 0.0 -1e-06 1.291986 -1.928549 -1.498088 14.800125 0.567467 3.865604 14.242571 -1.341739 -6.660658 19.631962 0.143925 -0.648247 49.45195 -1.195926 -5.978943 0.353029 -1.51115 -0.031941 20.222788 3.684306 2.316629 18.78727 2e-06 -3e-06 10.751626 -0.47987 1.397905 -1e-06 -1e-06 0.0 3.273807 0.305946 -0.58011 21.486809 11.83037 2.266132 8.162924 -1e-06 -1e-06 18.39908 -3.798984 -4.940578 3e-06 -1e-06 -1e-06 7.916046 33.163612 9.417582 0.050117 -0.284989 1.517556 -6.193694 11.108851 -8.425184 1.659543 -1.808795 1.280522 -0.0 -0.0 2e-06 -8.798467 -5.679425 -1.465291 0.042836 0.337556 1.558786 14.558492 15.395294 3.942775 -1.391193 1.015547 0.733939 0.0 0.0 -1e-06 
0.0 0.0 0.0 0.0 -0.0 0.0 2.676899 99.592804 5.075069 -2.426613 -16.279795 1.096329 -2.29326 -0.289028 -0.410298 -0.995755 -1.372667 -4.844521 -7.677665 -4.515564 3.901623 7.224052 -0.949087 2.340795 0.761917 2.886028 -3.428896 3.514179 1.898273 11.815975 7.7e-05 -2.2e-05 6e-06 0.005346 -0.069579 -0.011292 0.76114 -3.751842 -10.66496 -0.748907 3.590807 -10.620746 2.647057 -14.325108 7.47567 -23.786303 -68.338074 -45.650497 12.109695 -75.165672 -11.420554 47.373451 13.553264 -35.634907 -5.882106 9.861288 0.702593 -10.936872 -0.360574 7.156211 0.0 8.774828 -1e-06 -14.904905 16.775602 6.694563 -1.844031 2.498506 -2.50728 -10.1636 4.678946 4.621111 -20.976025 -2e-06 6e-06 -21.226288 2.4517 -3.594 1e-06 -7e-06 0.0 -1.362683 2.2408 -0.746324 -21.334917 0.584912 3.008327 -13.821217 -1e-06 3e-06 -23.887175 -0.249075 -0.83948 -58.675766 1.936847 -0.157638 -0.294025 1.679688 0.833257 -14.218212 0.093215 1.300583 -34.212048 -0.287558 0.967171 -20.033215 0.964539 1.212843 -2e-06 1e-06 -0.0 -3.44039 0.788233 0.501657 -15.928189 -3.16731 2.999712 -6.338829 0.0 0.0 -18.123453 3.648186 -4.905672 -5e-06 -0.0 -0.0 0.567205 2.377566 7.237456 -66.835693 48.723423 -87.507843 3.692936 36.376461 -1.917426 -35.526283 -9.055208 -30.35137 2.243541 -5.255038 -3.180159 14.282895 -0.826595 6.952506 -3e-06 -12.690607 1e-06 15.981565 -17.164309 2.752027 1.665666 -1.955922 -2.878299 4.7278 -4.170588 4.993925 11.020528 4e-06 -0.0 12.109053 -3.735716 -2.866785 0.0 1e-06 0.0 1.291984 -1.92855 -1.49809 14.800129 0.567468 3.86561 14.242572 -1.341734 -6.660658 19.631969 0.143926 -0.648243 49.287094 -1.210367 -5.978555 0.353029 -1.511151 -0.031942 20.222794 3.684312 2.316633 18.787273 5e-06 1e-06 10.75163 -0.479869 1.397907 0.0 -1e-06 1e-06 3.273806 0.305947 -0.580112 21.486818 11.83038 2.266135 8.162928 1e-06 1e-06 18.399084 -3.798985 -4.940573 3e-06 -1e-06 -1e-06 7.867189 33.382183 9.508096 0.048029 -0.279856 1.533481 -6.117661 11.112451 -8.564894 1.653939 -1.805188 1.344329 0.0 1e-06 2e-06 -8.88576 -5.548811 -1.575986 0.04177 0.344497 1.608621 14.598717 15.697121 4.06149 -1.392785 1.009724 0.687986 0.0 0.0 -1e-06 
0.0 0.0 0.0 0.0 -0.0 0.0 2.865656 99.579559 5.017557 -2.415186 -16.597151 1.046769 -2.467127 -0.28316 -0.36228 -1.047435 -1.376953 -4.811374 -7.796263 -4.596399 4.059011 10.274744 -2.349465 3.064217 0.745101 2.761108 -3.476895 4.148558 1.400576 11.579033 7.7e-05 -2.2e-05 6e-06 -0.008187 -0.075246 -0.013557 0.751392 -3.760526 -10.728298 -0.762785 3.584714 -10.668578 2.576963 -14.470152 7.649281 -23.227531 -67.891174 -46.361053 13.959939 -76.287354 -13.388758 47.595032 13.657481 -34.453419 -5.882111 9.861292 0.702592 -10.936878 -0.360575 7.15621 1e-06 8.774831 1e-06 -14.834101 16.779961 6.768116 -1.844036 2.498505 -2.507279 -10.163605 4.678948 4.62111 -20.976034 -2e-06 4e-06 -21.226297 2.451701 -3.593999 1e-06 -7e-06 0.0 -1.362683 2.2408 -0.746323 -21.334927 0.584911 3.008326 -13.821221 -2e-06 2e-06 -23.887182 -0.249076 -0.83948 -58.799057 1.904875 -0.131508 -0.294026 1.679689 0.833257 -14.218218 0.093215 1.300582 -34.212074 -0.287561 0.967173 -20.033228 0.964539 1.212846 -1e-06 1e-06 -0.0 -3.44039 0.788233 0.501658 -15.9282 -3.16731 2.999709 -6.338831 -0.0 0.0 -18.123457 3.648187 -4.905673 -5e-06 -0.0 -1e-06 0.514853 2.210284 7.311748 -68.748291 47.005863 -87.844177 5.223179 34.419544 -1.687213 -33.256592 -10.155424 -34.265396 2.243541 -5.255037 -3.18016 14.282896 -0.826595 6.952507 1e-06 -12.690607 -2e-06 15.819036 -17.094734 2.799156 1.665665 -1.955921 -2.878301 4.727798 -4.170588 4.993926 11.020529 3e-06 1e-06 12.109054 -3.735716 -2.866784 -1e-06 1e-06 -0.0 1.291985 -1.928549 -1.49809 14.800132 0.567468 3.86561 14.242576 -1.341737 -6.66066 19.631969 0.143926 -0.648244 49.114185 -1.240155 -5.960227 0.353029 -1.51115 -0.03194 20.222799 3.684311 2.316633 18.787279 4e-06 2e-06 10.751633 -0.479869 1.397907 -0.0 -1e-06 0.0 3.273807 0.305947 -0.58011 21.48682 11.830377 2.266137 8.162931 -0.0 0.0 18.399088 -3.798985 -4.940575 3e-06 -0.0 -1e-06 7.765929 33.606102 9.567612 0.042115 -0.277245 1.546788 -6.030998 11.150957 -8.670928 1.650428 -1.803624 1.397316 0.0 -1e-06 2e-06 -9.005047 -5.462653 -1.705159 0.039203 0.357613 1.650713 14.655031 15.97728 4.22101 -1.392776 1.003212 0.634579 0.0 0.0 -1e-06 
0.0 0.0 0.0 0.0 -0.0 0.0 3.063381 99.571785 4.982166 -2.391225 -16.889935 0.997925 -2.611571 -0.291881 -0.308263 -1.096599 -1.377882 -4.779852 -7.855494 -4.647439 4.175719 12.920933 -3.597799 3.769516 0.727834 2.626184 -3.52359 4.650453 0.994286 11.371228 7.6e-05 -2.2e-05 6e-06 -0.021103 -0.069905 -0.02073 0.743791 -3.758066 -10.787122 -0.778053 3.589859 -10.72537 2.591689 -14.577705 7.766556 -22.45978 -67.494698 -47.41082 14.933416 -77.062241 -14.523636 47.632252 13.757059 -32.896015 -5.882107 9.86129 0.702593 -10.936877 -0.360574 7.156212 -0.0 8.774829 -1e-06 -14.701421 16.793573 6.927371 -1.844031 2.498504 -2.507278 -10.163605 4.678946 4.621112 -20.976034 -3e-06 7e-06 -21.226295 2.451699 -3.593998 1e-06 -6e-06 0.0 -1.362682 2.2408 -0.746322 -21.334925 0.58491 3.008329 -13.821221 -3e-06 2e-06 -23.887182 -0.249076 -0.839479 -58.880608 1.894852 -0.066356 -0.294026 1.679687 0.833257 -14.218217 0.093215 1.300583 -34.212074 -0.287561 0.967177 -20.033226 0.96454 1.212848 -2e-06 1e-06 -1e-06 -3.440392 0.788234 0.501656 -15.928198 -3.167313 2.999711 -6.338828 0.0 1e-06 -18.123455 3.648187 -4.905667 -5e-06 -0.0 -2e-06 0.549373 2.081741 7.443308 -70.677536 45.500828 -88.388649 6.576751 32.603519 -1.454022 -31.59985 -11.298275 -38.048637 2.243542 -5.255043 -3.18016 14.2829 -0.826596 6.95251 2e-06 -12.690612 -3e-06 15.701167 -17.005751 2.831458 1.665667 -1.955924 -2.878299 4.727805 -4.170591 4.993927 11.020533 2e-06 1e-06 12.109059 -3.735721 -2.866786 -1e-06 -0.0 -0.0 1.291986 -1.928552 -1.49809 14.800139 0.567467 3.865616 14.242584 -1.341742 -6.660663 19.631983 0.143924 -0.648244 49.006355 -1.272067 -5.930792 0.353028 -1.511152 -0.031939 20.222803 3.684309 2.316635 18.787289 1e-06 3e-06 10.751637 -0.47987 1.397909 -0.0 -1e-06 -1e-06 3.273808 0.305947 -0.58011 21.486832 11.83038 2.266144 8.162935 1e-06 1e-06 18.399099 -3.79899 -4.940578 3e-06 -0.0 -1e-06 7.628711 33.765144 9.620675 0.033837 -0.276459 1.562532 -5.93543 11.26546 -8.753793 1.64992 -1.803803 1.436927 0.0 -0.0 2e-06 -9.146611 -5.377376 -1.819419 0.035066 0.363037 1.680369 14.726491 16.206175 4.407626 -1.39248 0.996908 0.572544 0.0 0.0 -1e-06 
0.0 0.0 0.0 0.0 -0.0 0.0 3.259308 99.563805 4.972697 -2.358794 -17.141562 0.935347 -2.732543 -0.313986 -0.25564 -1.138065 -1.379915 -4.757577 -7.882077 -4.673576 4.277067 15.139255 -4.69291 4.445543 0.706771 2.504203 -3.566891 5.035569 0.639968 11.159295 7.7e-05 -2.3e-05 6e-06 -0.029951 -0.060213 -0.02858 0.740489 -3.751155 -10.831724 -0.789875 3.599816 -10.773634 2.662374 -14.61983 7.827404 -21.427017 -67.19426 -48.6119 15.449304 -77.449677 -15.149611 47.463886 13.963409 -31.4361 -5.882112 9.861291 0.702596 -10.936882 -0.360574 7.156216 2e-06 8.774835 1e-06 -14.533292 16.803444 7.11387 -1.844035 2.498505 -2.507277 -10.16361 4.678949 4.621117 -20.97604 -3e-06 8e-06 -21.226303 2.451702 -3.593997 1e-06 -6e-06 -1e-06 -1.362682 2.240799 -0.746324 -21.334932 0.584911 3.008332 -13.821225 -2e-06 5e-06 -23.887192 -0.249076 -0.839481 -58.880371 1.9139 -0.002757 -0.294025 1.679688 0.833256 -14.218223 0.093215 1.300586 -34.212078 -0.287558 0.96718 -20.033234 0.964543 1.212848 -1e-06 1e-06 -1e-06 -3.440393 0.788233 0.501657 -15.928201 -3.167311 2.999713 -6.338833 0.0 4e-06 -18.123465 3.648187 -4.905669 -5e-06 -0.0 -1e-06 0.647949 1.966198 7.584145 -72.563835 44.276756 -89.11705 7.654454 30.910059 -1.269064 -30.520834 -12.541439 -41.515675 2.243543 -5.255041 -3.180161 14.282902 -0.826595 6.952511 2e-06 -12.690614 -2e-06 15.619579 -16.931215 2.835603 1.665668 -1.955924 -2.8783 4.727805 -4.170591 4.993926 11.020536 2e-06 -1e-06 12.109062 -3.73572 -2.866786 -1e-06 -0.0 -1e-06 1.291987 -1.928552 -1.498091 14.80014 0.567468 3.865611 14.242584 -1.341739 -6.660662 19.631983 0.143925 -0.648244 48.960823 -1.291211 -5.907237 0.35303 -1.511152 -0.031942 20.222805 3.684311 2.316634 18.787289 2e-06 2e-06 10.751637 -0.479869 1.397908 -0.0 -1e-06 0.0 3.273809 0.305947 -0.580109 21.486834 11.830384 2.266141 8.162936 -1e-06 1e-06 18.399101 -3.79899 -4.94058 3e-06 -0.0 -1e-06 7.483013 33.870277 9.691077 0.028233 -0.278833 1.577234 -5.835998 11.416181 -8.82009 1.651556 -1.803074 1.454803 0.0 -0.0 2e-06 -9.30368 -5.277661 -1.894571 0.028314 0.362408 1.705544 14.786371 16.382046 4.576305 -1.392653 0.994003 0.529006 0.0 0.0 -1e-06 
0.0 0.0 0.0 0.0 -0.0 0.0 3.456018 99.556046 4.984093 -2.319868 -17.36025 0.894607 -2.828392 -0.342245 -0.221231 -1.170867 -1.382677 -4.748837 -7.898579 -4.690654 4.367054 16.910822 -5.621199 5.035415 0.671844 2.352338 -3.597687 5.294255 0.332015 10.962694 7.7e-05 -2.3e-05 6e-06 -0.032486 -0.058195 -0.029581 0.745173 -3.748611 -10.85131 -0.797507 3.599234 -10.797785 2.715323 -14.608402 7.831844 -20.074146 -66.959389 -49.918934 15.509391 -77.561272 -15.176098 47.122929 14.305864 -30.480717 -5.882108 9.861295 0.702592 -10.936878 -0.360576 7.156211 2e-06 8.774833 -1e-06 -14.352572 16.788952 7.279603 -1.844035 2.498506 -2.507278 -10.163608 4.678948 4.621112 -20.976038 -3e-06 3e-06 -21.226299 2.451699 -3.594002 1e-06 -6e-06 0.0 -1.362682 2.2408 -0.746323 -21.33493 0.584909 3.008327 -13.821224 -2e-06 2e-06 -23.887188 -0.249079 -0.839481 -58.863651 1.950379 0.042313 -0.294023 1.679691 0.833256 -14.218221 0.093212 1.300582 -34.212074 -0.287565 0.967175 -20.033226 0.964539 1.212847 -1e-06 1e-06 -2e-06 -3.44039 0.788233 0.501657 -15.928196 -3.167314 2.999709 -6.33883 -1e-06 0.0 -18.123457 3.648186 -4.905674 -5e-06 -1e-06 -2e-06 0.839 1.839773 7.771604 -74.376038 43.292282 -89.953598 8.430284 29.421444 -1.132318 -30.042017 -13.866809 -44.39193 2.243543 -5.25504 -3.180159 14.282898 -0.826597 6.952509 1e-06 -12.690612 -1e-06 15.541455 -16.877066 2.843647 1.665668 -1.955925 -2.878302 4.727802 -4.170591 4.993924 11.020531 2e-06 -2e-06 12.109056 -3.735719 -2.866784 -1e-06 -0.0 1e-06 1.291987 -1.928552 -1.498091 14.800136 0.567466 3.86561 14.242579 -1.34174 -6.66066 19.631973 0.143923 -0.648245 48.931126 -1.296208 -5.863933 0.35303 -1.511151 -0.03194 20.222799 3.684311 2.316634 18.787283 2e-06 1e-06 10.751632 -0.47987 1.397906 -0.0 -1e-06 0.0 3.273808 0.305947 -0.580109 21.486822 11.830378 2.266138 8.16293 -1e-06 -1e-06 18.399092 -3.79899 -4.940578 4e-06 -1e-06 -1e-06 7.309622 33.938034 9.733252 0.027238 -0.279816 1.585606 -5.746159 11.564177 -8.865006 1.653386 -1.793283 1.466831 -0.0 -0.0 2e-06 -9.466306 -5.224896 -1.980007 0.02112 0.367999 1.730513 14.86218 16.540928 4.777759 -1.393157 0.986923 0.475264 0.0 0.0 -1e-06 
0.0 0.0 0.0 0.0 -0.0 0.0 3.654718 99.535789 5.004683 -2.267611 -17.543884 0.854132 -2.904341 -0.37644 -0.192901 -1.197987 -1.396933 -4.747643 -7.918196 -4.692537 4.444888 18.272499 -6.399915 5.565007 0.631918 2.171046 -3.619519 5.424736 0.009613 10.771902 7.7e-05 -2.3e-05 6e-06 -0.032506 -0.058622 -0.027948 0.754283 -3.746458 -10.858195 -0.804824 3.594144 -10.807968 2.752087 -14.568507 7.78186 -18.579178 -66.763016 -51.224609 15.103946 -77.527641 -14.648373 46.741859 14.788974 -30.143377 -5.882107 9.861283 0.70259 -10.936872 -0.360574 7.156205 0.0 8.774821 -2e-06 -14.218377 16.780157 7.429077 -1.844032 2.498504 -2.507278 -10.163601 4.678943 4.621111 -20.976023 -2e-06 3e-06 -21.226288 2.451698 -3.593999 1e-06 -6e-06 -1e-06 -1.362682 2.240797 -0.746324 -21.334913 0.584912 3.008326 -13.821213 -1e-06 2e-06 -23.887167 -0.249076 -0.839481 -58.887836 1.972923 0.083716 -0.294023 1.679687 0.833254 -14.218208 0.093216 1.300583 -34.212051 -0.28756 0.967171 -20.033215 0.964539 1.212845 -1e-06 1e-06 -1e-06 -3.44039 0.788232 0.501656 -15.928187 -3.167308 2.999708 -6.338827 -1e-06 1e-06 -18.123449 3.648182 -4.905668 -5e-06 -0.0 -3e-06 1.091868 1.704203 8.024567 -76.067734 42.503441 -90.915161 8.980784 28.188156 -1.011932 -30.194521 -15.386439 -46.785725 2.243542 -5.255038 -3.180161 14.282895 -0.826595 6.952508 -2e-06 -12.690607 -0.0 15.453544 -16.871988 2.873413 1.665666 -1.955922 -2.878299 4.7278 -4.170588 4.993927 11.020528 2e-06 -0.0 12.109055 -3.735717 -2.866784 -1e-06 -0.0 -1e-06 1.291985 -1.92855 -1.49809 14.800129 0.567468 3.865611 14.242571 -1.341736 -6.66066 19.631969 0.143927 -0.648243 48.91267 -1.295365 -5.815538 0.353029 -1.511151 -0.03194 20.222795 3.684311 2.316633 18.787275 3e-06 3e-06 10.751632 -0.47987 1.397908 -0.0 -1e-06 -1e-06 3.273807 0.305948 -0.58011 21.486816 11.830379 2.266137 8.16293 1e-06 0.0 18.399084 -3.798986 -4.940573 3e-06 -1e-06 -1e-06 7.104938 33.943413 9.76524 0.028527 -0.28012 1.583785 -5.665555 11.733788 -8.91112 1.653566 -1.782939 1.480723 -0.0 -0.0 2e-06 -9.639882 -5.229361 -2.047655 0.016116 0.384353 1.745747 14.94486 16.672087 4.952282 -1.392994 0.975933 0.448226 0.0 0.0 -1e-06 
0.0 0.0 0.0 0.0 -0.0 0.0 3.855815 99.514511 5.020776 -2.212199 -17.700115 0.822306 -2.96312 -0.405825 -0.1573 -1.222991 -1.414447 -4.751666 -7.937517 -4.676601 4.503538 19.268269 -7.014751 6.048721 0.579157 1.892506 -3.629809 5.422854 -0.323917 10.606165 7.7e-05 -2.2e-05 6e-06 -0.031081 -0.059561 -0.027063 0.764421 -3.746591 -10.865066 -0.810747 3.590477 -10.81908 2.764126 -14.483802 7.699687 -17.096104 -66.631447 -52.430885 14.434423 -77.414284 -13.93523 46.347824 15.282475 -30.083479 -5.882108 9.861288 0.702593 -10.936875 -0.360573 7.156209 1e-06 8.774827 -1e-06 -14.115723 16.731369 7.524051 -1.844032 2.498504 -2.507277 -10.163604 4.678947 4.621113 -20.976023 1e-06 6e-06 -21.226288 2.451702 -3.593997 1e-06 -6e-06 0.0 -1.362682 2.240798 -0.746322 -21.334921 0.584913 3.008328 -13.821218 -0.0 3e-06 -23.887178 -0.249074 -0.839482 -58.942451 1.965485 0.101518 -0.294025 1.679688 0.833256 -14.218213 0.093218 1.300585 -34.212063 -0.287556 0.967176 -20.033222 0.964542 1.212845 -0.0 -0.0 -1e-06 -3.440391 0.788233 0.501657 -15.928192 -3.167308 2.999711 -6.338828 0.0 3e-06 -18.123455 3.648187 -4.905667 -5e-06 -1e-06 -2e-06 1.421291 1.573257 8.336723 -77.555222 41.88084 -91.848938 9.337343 27.306063 -0.903686 -30.936913 -17.04307 -48.648342 2.243543 -5.255041 -3.18016 14.2829 -0.826596 6.952508 0.0 -12.690614 -3e-06 15.388455 -16.881805 2.898621 1.665667 -1.955923 -2.878301 4.727802 -4.17059 4.993927 11.020531 0.0 1e-06 12.109056 -3.73572 -2.866784 -1e-06 1e-06 -1e-06 1.291986 -1.92855 -1.49809 14.800136 0.567467 3.865614 14.242579 -1.34174 -6.660658 19.631975 0.143923 -0.64824 48.967918 -1.291498 -5.771442 0.353029 -1.511152 -0.03194 20.222803 3.684309 2.316637 18.787285 3e-06 4e-06 10.751634 -0.47987 1.397909 -0.0 2e-06 0.0 3.273808 0.305947 -0.580111 21.48683 11.83038 2.266142 8.162933 -1e-06 1e-06 18.399096 -3.79899 -4.940576 3e-06 -2e-06 -1e-06 6.889039 33.945869 9.780868 0.027192 -0.269849 1.576507 -5.593165 11.904121 -8.949789 1.653221 -1.775529 1.48287 -0.0 -1e-06 2e-06 -9.805635 -5.219804 -2.127875 0.01562 0.400102 1.7718 14.991912 16.742018 5.066974 -1.393407 0.966813 0.458628 -0.0 0.0 -1e-06 
0.0 0.0 0.0 0.0 -0.0 0.0 4.056547 99.499466 5.029067 -2.157686 -17.863609 0.792015 -3.003018 -0.42619 -0.126029 -1.245002 -1.427258 -4.75665 -7.959573 -4.637176 4.554901 19.921207 -7.469878 6.49525 0.497138 1.492718 -3.627617 5.299724 -0.659472 10.43905 7.7e-05 -2.4e-05 6e-06 -0.028213 -0.061613 -0.026939 0.77562 -3.751023 -10.872203 -0.815167 3.588892 -10.830132 2.759712 -14.381903 7.644302 -15.556842 -66.529823 -53.661263 13.56234 -77.272835 -13.067464 45.957912 15.830343 -30.374599 -5.882106 9.861291 0.702592 -10.936877 -0.360576 7.156209 2e-06 8.774831 0.0 -14.055254 16.672043 7.563558 -1.844033 2.498505 -2.507278 -10.163606 4.678948 4.621111 -20.976034 -3e-06 3e-06 -21.226295 2.451699 -3.593997 1e-06 -7e-06 0.0 -1.362682 2.240798 -0.746322 -21.334925 0.584909 3.008328 -13.821221 -3e-06 2e-06 -23.887184 -0.249079 -0.839482 -58.947147 1.954835 0.101439 -0.294024 1.67969 0.833255 -14.218217 0.093214 1.300583 -34.21207 -0.287565 0.967176 -20.033226 0.964536 1.212845 -1e-06 1e-06 -1e-06 -3.44039 0.788234 0.501655 -15.928198 -3.167313 2.999709 -6.338831 -2e-06 0.0 -18.123457 3.648185 -4.90567 -5e-06 -1e-06 -1e-06 1.777779 1.451332 8.711912 -78.752228 41.400494 -92.554108 9.497461 26.87429 -0.797341 -32.16164 -18.86305 -50.091183 2.243541 -5.25504 -3.180158 14.2829 -0.826599 6.952511 -0.0 -12.69061 -1e-06 15.395614 -16.914948 2.908936 1.665666 -1.955924 -2.878298 4.727802 -4.170591 4.993927 11.020529 2e-06 2e-06 12.109056 -3.735721 -2.866783 -1e-06 1e-06 -1e-06 1.291986 -1.928551 -1.498088 14.800136 0.567466 3.865612 14.242579 -1.341741 -6.660659 19.631975 0.14392 -0.648244 49.144272 -1.282952 -5.736235 0.35303 -1.511152 -0.03194 20.222803 3.684307 2.316633 18.787285 -0.0 0.0 10.751633 -0.479872 1.397906 -1e-06 2e-06 -1e-06 3.273807 0.305947 -0.580108 21.486826 11.830378 2.266139 8.16293 -1e-06 1e-06 18.399097 -3.798993 -4.940577 3e-06 0.0 -1e-06 6.688172 33.980606 9.802972 0.020101 -0.257951 1.561058 -5.516801 12.066069 -8.972315 1.652464 -1.772656 1.467462 0.0 -0.0 2e-06 -9.965252 -5.198517 -2.204349 0.014559 0.411594 1.788769 15.023548 16.775702 5.162684 -1.394261 0.961121 0.47802 -0.0 0.0 -1e-06 
0.0 0.0 0.0 0.0 -0.0 0.0 4.250639 99.49884 5.023288 -2.116283 -18.0338 0.779334 -3.026523 -0.429011 -0.105138 -1.264253 -1.421701 -4.761533 -7.978445 -4.589347 4.60944 20.289549 -7.771074 6.885765 0.397997 0.968773 -3.614325 5.048729 -1.036682 10.248929 7.7e-05 -2.3e-05 6e-06 -0.024858 -0.061228 -0.026095 0.788003 -3.757839 -10.887013 -0.820191 3.594566 -10.849417 2.760267 -14.276149 7.611704 -14.002123 -66.424553 -54.920177 12.588408 -77.127441 -12.122097 45.49543 16.376951 -30.891027 -5.882107 9.861286 0.702593 -10.936877 -0.360571 7.156211 -2e-06 8.774823 -1e-06 -13.989255 16.574697 7.581453 -1.844033 2.498505 -2.507276 -10.163606 4.678949 4.621113 -20.97603 3e-06 5e-06 -21.226295 2.451705 -3.593999 1e-06 -7e-06 -1e-06 -1.362681 2.240798 -0.746322 -21.334921 0.584917 3.008328 -13.821218 3e-06 2e-06 -23.887175 -0.249068 -0.839484 -58.836868 1.934713 0.126758 -0.294024 1.679687 0.833258 -14.218213 0.093219 1.300586 -34.212059 -0.287549 0.967173 -20.033224 0.964544 1.212841 -1e-06 1e-06 -1e-06 -3.44039 0.788234 0.501657 -15.928191 -3.167304 2.999712 -6.338828 1e-06 1e-06 -18.123453 3.648189 -4.905669 -4e-06 -1e-06 -2e-06 2.143923 1.323812 9.139018 -79.638008 41.091831 -93.140007 9.479576 26.866413 -0.683427 -33.783798 -20.703461 -50.913956 2.243538 -5.255033 -3.180156 14.282885 -0.82659 6.952504 -3e-06 -12.690598 -1e-06 15.504719 -16.955339 2.88867 1.665665 -1.955921 -2.878299 4.727797 -4.170584 4.993921 11.020522 6e-06 1e-06 12.109045 -3.735712 -2.866783 -1e-06 -0.0 0.0 1.291984 -1.928548 -1.49809 14.800123 0.567472 3.865609 14.242562 -1.341733 -6.660655 19.631958 0.143927 -0.648241 49.415352 -1.268861 -5.687305 0.353027 -1.511151 -0.031938 20.222784 3.684311 2.316633 18.787266 7e-06 2e-06 10.751624 -0.479867 1.397907 -1e-06 1e-06 -1e-06 3.273806 0.305948 -0.58011 21.486809 11.830369 2.266137 8.162924 3e-06 2e-06 18.399076 -3.798978 -4.940569 3e-06 -1e-06 -1e-06 6.506507 34.034763 9.798364 0.006664 -0.243442 1.551968 -5.448267 12.240182 -8.977048 1.651787 -1.766689 1.452787 -0.0 -0.0 2e-06 -10.092157 -5.14318 -2.294099 0.012667 0.413836 1.78823 15.048161 16.761562 5.259858 -1.396377 0.959139 0.500009 0.0 0.0 -1e-06 
0.0 0.0 0.0 0.0 -0.0 0.0 4.417182 99.50473 5.010806 -2.091024 -18.193516 0.780331 -3.038814 -0.421666 -0.091185 -1.285167 -1.40552 -4.763773 -7.992533 -4.537922 4.644544 20.455748 -7.941151 7.216225 0.268358 0.347911 -3.594058 4.706257 -1.474447 10.101664 7.7e-05 -2.4e-05 6e-06 -0.019398 -0.071883 -0.022298 0.800723 -3.777652 -10.900726 -0.821639 3.591257 -10.867989 2.760768 -14.16611 7.599923 -12.643639 -66.306892 -55.939602 11.925883 -77.017525 -11.544479 45.034859 16.841072 -31.604994 -5.88211 9.861292 0.702591 -10.936875 -0.360574 7.156208 0.0 8.77483 -2e-06 -13.940085 16.446295 7.590693 -1.844032 2.498503 -2.507278 -10.163605 4.678948 4.62111 -20.97603 -0.0 2e-06 -21.226297 2.451701 -3.594002 1e-06 -6e-06 -1e-06 -1.362682 2.240798 -0.746324 -21.334925 0.584912 3.008327 -13.821219 -0.0 3e-06 -23.887178 -0.249075 -0.839482 -58.674038 1.92465 0.173525 -0.294025 1.679689 0.833257 -14.218217 0.093216 1.300583 -34.212067 -0.287559 0.967172 -20.033226 0.96454 1.212843 -0.0 1e-06 -2e-06 -3.440391 0.788232 0.501656 -15.928192 -3.167309 2.999712 -6.338828 -0.0 2e-06 -18.123455 3.648187 -4.905672 -5e-06 -2e-06 -1e-06 2.499173 1.160372 9.514013 -80.284775 41.026363 -93.625877 9.404771 27.106445 -0.579146 -35.689701 -22.428429 -51.220661 2.243541 -5.255037 -3.180157 14.282892 -0.826595 6.952504 -1e-06 -12.690603 -2e-06 15.65297 -16.991766 2.845067 1.665667 -1.955922 -2.878299 4.727799 -4.170588 4.993925 11.020526 2e-06 -1e-06 12.109052 -3.735716 -2.866783 1e-06 -1e-06 0.0 1.291986 -1.928549 -1.498088 14.800125 0.567467 3.865611 14.242569 -1.341737 -6.660656 19.631966 0.143925 -0.648243 49.717731 -1.242655 -5.626948 0.353028 -1.51115 -0.03194 20.22279 3.684309 2.316631 18.787273 3e-06 -0.0 10.751629 -0.479869 1.397906 0.0 1e-06 -0.0 3.273807 0.305947 -0.580109 21.486813 11.830373 2.266136 8.162927 -0.0 -0.0 18.399086 -3.798986 -4.940574 2e-06 0.0 -2e-06 6.359896 34.109749 9.789004 -0.008173 -0.22294 1.535951 -5.393456 12.397556 -8.981573 1.650301 -1.758138 1.424385 -0.0 -0.0 2e-06 -10.180009 -5.050038 -2.388285 0.010958 0.408533 1.781237 15.05976 16.698601 5.352394 -1.399065 0.964723 0.516123 -0.0 0.0 -1e-06 
0.0 0.0 0.0 0.0 -0.0 0.0 4.549795 99.50248 4.992607 -2.080298 -18.366497 0.771641 -3.038195 -0.398725 -0.066092 -1.311394 -1.39711 -4.767952 -8.027504 -4.481808 4.649185 20.511665 -8.029688 7.5116 0.095171 -0.342061 -3.578607 4.295867 -1.9956 10.055811 7.7e-05 -2.2e-05 5e-06 -0.011934 -0.091252 -0.015454 0.812431 -3.805802 -10.904721 -0.818205 3.579065 -10.877621 2.75584 -14.076363 7.577015 -11.620331 -66.148972 -56.601421 11.608795 -76.991348 -11.369691 44.647648 17.170372 -32.291042 -5.88211 9.861295 0.702593 -10.936878 -0.360574 7.156213 0.0 8.774833 -1e-06 -13.889667 16.285746 7.576902 -1.844031 2.498507 -2.507279 -10.163607 4.67895 4.621114 -20.976038 -1e-06 4e-06 -21.226301 2.451703 -3.594002 1e-06 -7e-06 -0.0 -1.362682 2.240799 -0.746323 -21.334934 0.584913 3.008328 -13.821226 1e-06 3e-06 -23.887188 -0.249074 -0.839481 -58.528255 1.899776 0.205084 -0.294024 1.67969 0.833257 -14.21822 0.093216 1.300585 -34.212082 -0.287559 0.967175 -20.033232 0.964541 1.212844 -0.0 1e-06 -2e-06 -3.440393 0.788233 0.501656 -15.928196 -3.167311 2.999712 -6.338831 0.0 2e-06 -18.123459 3.648187 -4.905672 -5e-06 -1e-06 -0.0 2.801795 0.992988 9.832062 -80.826195 41.160938 -94.074623 9.31489 27.324381 -0.530139 -37.798706 -24.107895 -51.23806 2.243542 -5.255039 -3.180159 14.282896 -0.826594 6.952506 -1e-06 -12.69061 -4e-06 15.757223 -17.017223 2.836613 1.665666 -1.955923 -2.878299 4.727801 -4.170589 4.993925 11.020528 3e-06 1e-06 12.109055 -3.735719 -2.866783 0.0 -0.0 -2e-06 1.291986 -1.92855 -1.498089 14.800134 0.567469 3.865611 14.242576 -1.341737 -6.660657 19.631973 0.143925 -0.648243 49.997971 -1.215686 -5.558179 0.353029 -1.511151 -0.031941 20.222797 3.684313 2.316631 18.787279 4e-06 0.0 10.751631 -0.479868 1.397907 -0.0 0.0 -0.0 3.273808 0.305949 -0.580111 21.486822 11.830383 2.26614 8.16293 1e-06 2e-06 18.39909 -3.798986 -4.940574 2e-06 1e-06 -1e-06 6.27234 34.258224 9.825105 -0.020708 -0.212087 1.499151 -5.37086 12.534773 -8.99977 1.648946 -1.764833 1.409281 -0.0 -1e-06 2e-06 -10.235275 -4.893977 -2.460148 0.008955 0.398313 1.773832 15.031027 16.604731 5.404656 -1.401343 0.964876 0.518408 -0.0 0.0 -1e-06 
0.0 0.0 0.0 0.0 -0.0 0.0 4.645498 99.495262 4.975934 -2.085627 -18.565403 0.754349 -3.033221 -0.355285 -0.046277 -1.336652 -1.403152 -4.77511 -8.102773 -4.416311 4.640512 20.545687 -8.07599 7.750733 -0.133944 -1.080986 -3.565433 3.857191 -2.587814 10.138076 7.7e-05 -2.3e-05 6e-06 -0.001733 -0.119503 -0.00756 0.823077 -3.84157 -10.902497 -0.808478 3.557184 -10.879907 2.725578 -14.023026 7.556209 -10.895195 -65.982254 -56.989285 11.511829 -77.045578 -11.433496 44.411316 17.422997 -33.004879 -5.88211 9.861292 0.702592 -10.93688 -0.360576 7.156209 2e-06 8.774833 -1e-06 -13.860564 16.142807 7.531129 -1.844036 2.498506 -2.507278 -10.163607 4.678947 4.62111 -20.97604 -5e-06 2e-06 -21.226301 2.451697 -3.593999 -0.0 -6e-06 -0.0 -1.362683 2.2408 -0.746324 -21.334929 0.584908 3.008326 -13.821223 -3e-06 2e-06 -23.887184 -0.249081 -0.839483 -58.417782 1.865986 0.220406 -0.294025 1.679689 0.833256 -14.218219 0.093215 1.30058 -34.212078 -0.287566 0.967172 -20.03323 0.964536 1.212846 -0.0 1e-06 -1e-06 -3.440391 0.788234 0.501656 -15.928201 -3.167315 2.999709 -6.338831 -2e-06 -0.0 -18.123459 3.648184 -4.905669 -4e-06 -1e-06 -0.0 3.01853 0.813748 10.10033 -81.301666 41.399075 -94.392303 9.202473 27.452177 -0.560027 -39.794338 -25.774496 -51.369713 2.243543 -5.255041 -3.180161 14.282902 -0.826596 6.952507 -1e-06 -12.690616 -1e-06 15.825704 -17.028811 2.863476 1.665668 -1.955922 -2.878302 4.727803 -4.170592 4.993929 11.020535 3e-06 -1e-06 12.10906 -3.735719 -2.866783 1e-06 -1e-06 -1e-06 1.291987 -1.92855 -1.498091 14.80014 0.567468 3.86561 14.242584 -1.341738 -6.660663 19.631985 0.143926 -0.648246 50.278004 -1.185031 -5.503258 0.353029 -1.511152 -0.03194 20.222805 3.684309 2.316633 18.787287 4e-06 -2e-06 10.751634 -0.479868 1.397905 0.0 1e-06 0.0 3.27381 0.305947 -0.580112 21.486832 11.830382 2.266135 8.162935 1e-06 1e-06 18.399099 -3.79899 -4.940578 2e-06 1e-06 -2e-06 6.249599 34.45409 9.89966 -0.032424 -0.203914 1.456844 -5.373713 12.636663 -9.004682 1.64802 -1.776716 1.397502 -0.0 -0.0 2e-06 -10.255614 -4.678884 -2.51941 0.009565 0.391375 1.775389 14.972152 16.51013 5.439553 -1.403727 0.966016 0.485594 -0.0 0.0 -1e-06 
0.0 0.0 0.0 0.0 -0.0 0.0 4.706721 99.480759 4.970265 -2.101527 -18.787006 0.726615 -3.030089 -0.314417 -0.042091 -1.355538 -1.40654 -4.779212 -8.219109 -4.34862 4.610559 20.589321 -8.12519 7.945387 -0.394433 -1.827563 -3.548102 3.409511 -3.230994 10.335417 7.6e-05 -2.1e-05 6e-06 0.007685 -0.147476 -0.00082 0.83205 -3.874289 -10.898273 -0.7989 3.53349 -10.881054 2.658267 -14.006265 7.521574 -10.465475 -65.835434 -57.094906 11.736171 -77.13765 -11.717411 44.286129 17.739977 -33.910542 -5.882105 9.86129 0.702591 -10.936873 -0.360577 7.156208 1e-06 8.77483 -1e-06 -13.894908 16.096678 7.497402 -1.844033 2.498506 -2.507277 -10.163602 4.678946 4.62111 -20.976027 -6e-06 3e-06 -21.226292 2.451697 -3.593998 1e-06 -5e-06 -0.0 -1.362681 2.2408 -0.746323 -21.334921 0.584907 3.008325 -13.821218 -4e-06 2e-06 -23.887175 -0.24908 -0.839479 -58.374943 1.822926 0.251365 -0.294024 1.679689 0.833256 -14.218212 0.093213 1.300583 -34.212059 -0.287567 0.967175 -20.033218 0.964535 1.212846 0.0 1e-06 -1e-06 -3.44039 0.788233 0.501655 -15.928191 -3.167314 2.999709 -6.338829 -1e-06 1e-06 -18.123453 3.648183 -4.905669 -4e-06 -1e-06 -1e-06 3.119348 0.644271 10.291929 -81.707558 41.713188 -94.670525 9.046046 27.508806 -0.617028 -41.392387 -27.288895 -51.87719 2.243542 -5.255037 -3.180155 14.282894 -0.826598 6.952504 1e-06 -12.690609 -1e-06 15.880887 -17.017248 2.85541 1.665665 -1.955922 -2.878296 4.727801 -4.170589 4.993924 11.020524 0.0 1e-06 12.109051 -3.735719 -2.866783 1e-06 -0.0 -0.0 1.291986 -1.92855 -1.498089 14.800129 0.567466 3.865609 14.242569 -1.341741 -6.660655 19.631968 0.143922 -0.648244 50.480152 -1.158973 -5.461682 0.35303 -1.511152 -0.031941 20.222788 3.684308 2.316631 18.78727 -1e-06 -1e-06 10.751625 -0.47987 1.397904 0.0 1e-06 1e-06 3.273806 0.305947 -0.580109 21.486809 11.830374 2.266135 8.162927 -0.0 -1e-06 18.399082 -3.798991 -4.940577 2e-06 1e-06 -2e-06 6.28255 34.671543 10.012182 -0.040265 -0.193791 1.414902 -5.413272 12.746301 -9.007024 1.648177 -1.786837 1.396013 -0.0 -1e-06 2e-06 -10.246533 -4.426284 -2.563192 0.012099 0.387698 1.782594 14.887406 16.428675 5.473723 -1.405991 0.967933 0.430713 -0.0 0.0 -1e-06 
0.0 0.0 0.0 0.0 -0.0 0.0 4.734622 99.46756 4.975021 -2.135658 -19.048601 0.696574 -3.030969 -0.283953 -0.044313 -1.362954 -1.387145 -4.7822 -8.373389 -4.310624 4.552431 20.644207 -8.208524 8.109811 -0.623736 -2.50755 -3.525002 2.980915 -3.884003 10.680586 7.6e-05 -2.3e-05 6e-06 0.008691 -0.147692 0.002096 0.833815 -3.876607 -10.899295 -0.799057 3.535272 -10.88936 2.548768 -13.999872 7.450184 -10.219386 -65.730186 -57.005711 12.297959 -77.196312 -12.304776 44.198112 18.076492 -34.878487 -5.882108 9.861287 0.702593 -10.936878 -0.360574 7.156208 1e-06 8.774828 1e-06 -13.973526 16.127102 7.493837 -1.844033 2.498504 -2.507278 -10.163602 4.678947 4.621111 -20.976036 -3e-06 5e-06 -21.226294 2.451699 -3.593997 0.0 -5e-06 1e-06 -1.362682 2.240799 -0.746323 -21.334925 0.58491 3.008327 -13.821221 -3e-06 4e-06 -23.887182 -0.249077 -0.83948 -58.383339 1.763403 0.298617 -0.294026 1.679689 0.833257 -14.218215 0.093214 1.300583 -34.212067 -0.287561 0.967175 -20.033224 0.96454 1.212845 0.0 1e-06 -1e-06 -3.440389 0.788234 0.501655 -15.928192 -3.16731 2.999709 -6.338829 -0.0 -0.0 -18.123455 3.648185 -4.905667 -5e-06 -0.0 -0.0 3.138702 0.507605 10.425327 -82.094925 42.011276 -95.044441 8.833833 27.538788 -0.684064 -42.427956 -28.539522 -52.602333 2.243542 -5.255044 -3.18016 14.282914 -0.826595 6.952519 -0.0 -12.690623 -3e-06 15.904558 -16.999454 2.832774 1.665667 -1.955924 -2.878302 4.727808 -4.170593 4.993933 11.02054 3e-06 5e-06 12.109066 -3.735723 -2.866782 1e-06 -2e-06 0.0 1.291988 -1.928553 -1.498091 14.800151 0.567469 3.865619 14.242585 -1.341739 -6.660659 19.63199 0.14392 -0.648235 50.57251 -1.145649 -5.433734 0.353029 -1.511152 -0.031941 20.22282 3.684313 2.316643 18.7873 0.0 7e-06 10.751647 -0.479871 1.397913 -0.0 0.0 -0.0 3.273812 0.305948 -0.58011 21.486851 11.830389 2.266147 8.162942 1e-06 3e-06 18.399117 -3.798995 -4.940578 2e-06 1e-06 -2e-06 6.373403 34.930672 10.14824 -0.045436 -0.18416 1.389169 -5.47552 12.878131 -9.036482 1.648501 -1.789486 1.403628 -0.0 -0.0 2e-06 -10.198766 -4.167939 -2.605557 0.016954 0.391095 1.792833 14.810458 16.384214 5.527716 -1.407459 0.972401 0.375807 -0.0 0.0 -1e-06 
0.0 0.0 0.0 0.0 -0.0 0.0 4.732541 99.458015 4.987121 -2.176721 -19.359417 0.659599 -3.046655 -0.266407 -0.046483 -1.366775 -1.351847 -4.782358 -8.559099 -4.281585 4.47441 20.718193 -8.34664 8.235805 -0.810071 -3.084054 -3.489094 2.585436 -4.515714 11.10579 7.7e-05 -2.4e-05 5e-06 0.001635 -0.124146 0.003326 0.827079 -3.853478 -10.895985 -0.806738 3.55898 -10.890044 2.461617 -14.033105 7.381994 -10.019132 -65.612442 -56.988564 12.804555 -77.254791 -12.800183 44.113544 18.41102 -35.763947 -5.882113 9.861293 0.702594 -10.936881 -0.360574 7.15621 1e-06 8.774832 -0.0 -14.040365 16.187622 7.508636 -1.844032 2.498505 -2.507277 -10.16361 4.678948 4.621113 -20.976042 -2e-06 6e-06 -21.226305 2.451702 -3.593999 0.0 -6e-06 0.0 -1.362682 2.240799 -0.746324 -21.334938 0.58491 3.00833 -13.821229 -1e-06 4e-06 -23.887194 -0.249075 -0.83948 -58.400658 1.714209 0.340783 -0.294024 1.679689 0.833256 -14.218222 0.093215 1.300583 -34.212082 -0.287561 0.967179 -20.033232 0.96454 1.212848 -1e-06 1e-06 -1e-06 -3.440391 0.788233 0.501659 -15.928203 -3.167311 2.999713 -6.338833 -1e-06 1e-06 -18.123466 3.648189 -4.905669 -4e-06 0.0 0.0 3.076569 0.39788 10.500276 -82.45295 42.272064 -95.512512 8.57523 27.584169 -0.758382 -42.933617 -29.551197 -53.533962 2.243543 -5.255044 -3.18016 14.282905 -0.826595 6.952512 -0.0 -12.69062 -1e-06 15.931456 -16.958323 2.791798 1.665667 -1.955924 -2.878302 4.727803 -4.170593 4.993929 11.020536 4e-06 1e-06 12.109062 -3.735722 -2.866786 1e-06 -2e-06 -1e-06 1.291986 -1.928552 -1.49809 14.800142 0.567468 3.865613 14.242584 -1.341738 -6.660664 19.631987 0.143925 -0.648243 50.569534 -1.135465 -5.405538 0.353028 -1.511152 -0.031938 20.222807 3.684313 2.316635 18.787289 3e-06 -0.0 10.751637 -0.47987 1.397908 -0.0 2e-06 -0.0 3.27381 0.305946 -0.580111 21.486834 11.830388 2.266137 8.162933 -0.0 0.0 18.399099 -3.79899 -4.94058 2e-06 0.0 -2e-06 6.505002 35.204971 10.317457 -0.051031 -0.177038 1.365442 -5.556669 13.051816 -9.083073 1.647831 -1.786211 1.415895 -0.0 0.0 2e-06 -10.135054 -3.907965 -2.646983 0.022611 0.396711 1.804703 14.747641 16.384947 5.58934 -1.406894 0.981251 0.332069 -0.0 0.0 -1e-06 
0.0 0.0 0.0 0.0 -0.0 0.0 4.701356 99.443176 4.988096 -2.228608 -19.697916 0.624895 -3.080641 -0.268278 -0.047641 -1.375741 -1.317621 -4.782231 -8.764561 -4.255759 4.402139 20.843609 -8.519775 8.280276 -0.964172 -3.562797 -3.450521 2.220812 -5.094581 11.586592 7.7e-05 -2.2e-05 6e-06 -0.007385 -0.094904 0.004342 0.817326 -3.825459 -10.888656 -0.815202 3.589163 -10.885967 2.408809 -14.108458 7.363923 -9.740072 -65.439026 -57.139988 13.343315 -77.401093 -13.20189 44.025951 18.8276 -36.507549 -5.882107 9.86129 0.702592 -10.936875 -0.360575 7.156211 1e-06 8.77483 -0.0 -14.073337 16.21748 7.504476 -1.844033 2.498504 -2.507278 -10.163602 4.678946 4.621113 -20.97603 -5e-06 4e-06 -21.226294 2.451697 -3.593997 -0.0 -6e-06 -1e-06 -1.362681 2.2408 -0.746323 -21.334927 0.584907 3.008327 -13.821221 -5e-06 3e-06 -23.887184 -0.249079 -0.839478 -58.38784 1.684688 0.363798 -0.294026 1.679686 0.833256 -14.218215 0.093213 1.300582 -34.212059 -0.287564 0.967178 -20.033222 0.964539 1.212847 -0.0 1e-06 -1e-06 -3.44039 0.788234 0.501654 -15.928192 -3.167312 2.999711 -6.338829 -1e-06 2e-06 -18.123453 3.648184 -4.90567 -4e-06 -0.0 -1e-06 2.954465 0.319008 10.52243 -82.726479 42.466099 -95.973717 8.313656 27.690104 -0.819165 -42.957264 -30.388462 -54.632004 2.243541 -5.255038 -3.180156 14.282892 -0.826595 6.952505 -1e-06 -12.69061 -0.0 15.971933 -16.899099 2.725458 1.665666 -1.955922 -2.878299 4.727799 -4.17059 4.993926 11.020526 3e-06 -1e-06 12.109052 -3.735716 -2.866785 1e-06 -2e-06 -1e-06 1.291985 -1.928551 -1.498087 14.800131 0.567468 3.865609 14.242573 -1.341737 -6.660658 19.631971 0.143926 -0.648245 50.537338 -1.118122 -5.370123 0.35303 -1.51115 -0.031941 20.222795 3.684312 2.316632 18.787275 3e-06 0.0 10.751632 -0.479868 1.397907 0.0 1e-06 0.0 3.273807 0.305947 -0.580111 21.486813 11.830379 2.266134 8.162925 1e-06 -0.0 18.399082 -3.798988 -4.940577 2e-06 0.0 -2e-06 6.657295 35.470074 10.492901 -0.057396 -0.174433 1.339922 -5.643019 13.276634 -9.119761 1.646479 -1.781371 1.425657 -0.0 0.0 2e-06 -10.049269 -3.63613 -2.698645 0.02255 0.397046 1.816195 14.723234 16.435373 5.682342 -1.404229 0.992249 0.271117 -0.0 0.0 -1e-06 
0.0 0.0 0.0 0.0 -0.0 0.0 4.639709 99.432365 4.966658 -2.309002 -20.061539 0.612877 -3.126459 -0.298329 -0.052336 -1.391452 -1.29677 -4.780676 -8.975281 -4.237612 4.343314 21.030956 -8.701795 8.240451 -1.089521 -3.953491 -3.411887 1.894027 -5.611732 12.068221 7.7e-05 -2.2e-05 6e-06 -0.015645 -0.068125 0.003731 0.80881 -3.801427 -10.881783 -0.823066 3.617877 -10.883397 2.379658 -14.183497 7.358226 -9.465922 -65.227058 -57.317703 14.330112 -77.678688 -14.004372 43.913284 19.298836 -37.162453 -5.882112 9.86129 0.70259 -10.936876 -0.360573 7.156211 -1e-06 8.77483 -0.0 -14.096141 16.2236 7.466029 -1.844032 2.498507 -2.507279 -10.163605 4.678949 4.621111 -20.976034 2e-06 3e-06 -21.226297 2.451702 -3.594004 -0.0 -7e-06 -2e-06 -1.362684 2.240799 -0.746324 -21.33493 0.584913 3.008327 -13.821225 -1e-06 1e-06 -23.887186 -0.249075 -0.839485 -58.329086 1.678341 0.376353 -0.294024 1.679689 0.833257 -14.218217 0.093217 1.300581 -34.21207 -0.287558 0.96717 -20.033222 0.964541 1.212844 -1e-06 0.0 -0.0 -3.440391 0.788232 0.501655 -15.928194 -3.16731 2.999711 -6.338829 -0.0 -1e-06 -18.123457 3.648189 -4.905673 -4e-06 0.0 -2e-06 2.779248 0.297111 10.470716 -82.847694 42.610096 -96.407188 8.103988 27.867964 -0.857486 -42.546085 -31.021809 -55.594238 2.24354 -5.255037 -3.180157 14.282889 -0.826594 6.952504 -2e-06 -12.690603 1e-06 15.990113 -16.83576 2.657836 1.665666 -1.955922 -2.878299 4.727798 -4.170587 4.993926 11.020524 4e-06 -0.0 12.109052 -3.735715 -2.866783 1e-06 -2e-06 -1e-06 1.291986 -1.928548 -1.498089 14.800129 0.567466 3.865608 14.242569 -1.341735 -6.660658 19.631968 0.143927 -0.648244 50.477745 -1.100479 -5.33376 0.353028 -1.51115 -0.03194 20.222788 3.684309 2.316631 18.78727 3e-06 -0.0 10.751628 -0.479869 1.397905 0.0 1e-06 -1e-06 3.273808 0.305948 -0.580112 21.486813 11.830374 2.266135 8.162927 0.0 1e-06 18.399082 -3.798986 -4.940575 2e-06 0.0 -2e-06 6.838116 35.725346 10.644094 -0.060127 -0.172738 1.318913 -5.720473 13.524785 -9.124559 1.645579 -1.769466 1.434762 0.0 0.0 2e-06 -9.912758 -3.363497 -2.783857 0.017964 0.395522 1.827934 14.734694 16.541792 5.838408 -1.400379 1.010205 0.18799 -0.0 0.0 -1e-06 
0.0 0.0 0.0 0.0 -0.0 0.0 4.550892 99.440552 4.909664 -2.424282 -20.476717 0.637478 -3.170962 -0.346625 -0.063746 -1.419412 -1.293381 -4.778354 -9.191376 -4.233418 4.302335 21.284412 -8.855382 8.084528 -1.209239 -4.298774 -3.377033 1.590964 -6.129132 12.578363 7.7e-05 -2.1e-05 6e-06 -0.020626 -0.051467 -0.001984 0.804493 -3.788294 -10.882628 -0.828425 3.637159 -10.889415 2.344014 -14.2351 7.34145 -9.177839 -64.990028 -57.67086 15.368649 -78.141548 -14.955581 43.805283 19.750736 -37.766785 -5.882112 9.861292 0.702591 -10.936881 -0.360574 7.156215 0.0 8.77483 -1e-06 -14.143729 16.251312 7.420883 -1.844033 2.498506 -2.507279 -10.163608 4.678948 4.621113 -20.97604 -1e-06 3e-06 -21.226301 2.451701 -3.594002 -0.0 -7e-06 -1e-06 -1.362683 2.2408 -0.746323 -21.33493 0.58491 3.008329 -13.821224 -1e-06 5e-06 -23.887186 -0.249075 -0.83948 -58.286446 1.705182 0.378897 -0.294026 1.679686 0.833257 -14.218219 0.093215 1.300583 -34.212074 -0.28756 0.967177 -20.03323 0.964541 1.212847 -1e-06 1e-06 -0.0 -3.440391 0.788233 0.501657 -15.9282 -3.167311 2.999712 -6.338831 -1e-06 1e-06 -18.123459 3.648186 -4.90567 -4e-06 -0.0 -2e-06 2.550217 0.328355 10.379517 -82.806023 42.68932 -96.631714 7.854774 28.15523 -0.91802 -41.811928 -31.57036 -56.28474 2.243542 -5.25504 -3.180158 14.2829 -0.826597 6.952509 0.0 -12.690611 -1e-06 15.958225 -16.784098 2.635491 1.665666 -1.955923 -2.878298 4.727801 -4.17059 4.993927 11.020532 2e-06 0.0 12.109058 -3.735718 -2.866784 1e-06 -2e-06 -0.0 1.291986 -1.928551 -1.498089 14.800139 0.567468 3.865612 14.242579 -1.341737 -6.660661 19.631979 0.143924 -0.648244 50.428635 -1.089785 -5.291738 0.353029 -1.511151 -0.03194 20.222801 3.684309 2.316635 18.787287 4e-06 -0.0 10.751634 -0.47987 1.397907 0.0 1e-06 -1e-06 3.273808 0.305947 -0.580109 21.486828 11.830379 2.266137 8.16293 1e-06 -0.0 18.399096 -3.798989 -4.940578 2e-06 -0.0 -2e-06 7.052777 35.988045 10.72613 -0.058514 -0.167868 1.362407 -5.788306 13.777479 -9.127986 1.644158 -1.75107 1.453176 -0.0 0.0 2e-06 -9.717278 -3.077846 -2.926792 0.016224 0.399299 1.846852 14.750473 16.664486 6.043951 -1.396286 1.02938 0.126853 -0.0 0.0 -1e-06 
0.0 0.0 0.0 0.0 -0.0 0.0 4.45055 99.471123 4.80782 -2.560294 -20.950127 0.704107 -3.219972 -0.400179 -0.068852 -1.457829 -1.302934 -4.774711 -9.430866 -4.24657 4.267923 21.619278 -8.99036 7.80533 -1.339198 -4.668167 -3.334169 1.312222 -6.648325 13.130676 7.7e-05 -2.3e-05 6e-06 -0.021382 -0.045868 -0.01093 0.808082 -3.785088 -10.888626 -0.833 3.643788 -10.902145 2.26434 -14.278207 7.355523 -8.743914 -64.720528 -58.312309 16.624132 -78.800362 -16.214024 43.669544 20.172762 -38.104221 -5.882111 9.861292 0.702594 -10.936878 -0.360573 7.156211 1e-06 8.774831 2e-06 -14.19306 16.254074 7.354697 -1.844035 2.498504 -2.507279 -10.163606 4.678948 4.621114 -20.976034 -2e-06 6e-06 -21.226299 2.451701 -3.593997 0.0 -6e-06 -0.0 -1.362681 2.2408 -0.746323 -21.334929 0.584911 3.008329 -13.821221 -1e-06 4e-06 -23.887182 -0.249074 -0.839481 -58.277748 1.739359 0.37364 -0.294024 1.679688 0.833257 -14.218217 0.093214 1.300582 -34.21207 -0.287558 0.967178 -20.033228 0.96454 1.212846 -0.0 -0.0 1e-06 -3.44039 0.788234 0.501656 -15.9282 -3.16731 2.999708 -6.338831 -1e-06 1e-06 -18.123459 3.648186 -4.905669 -4e-06 0.0 -1e-06 2.264643 0.416513 10.268862 -82.606628 42.641376 -96.603394 7.565161 28.442474 -1.023077 -40.662338 -32.075024 -56.797424 2.243542 -5.255039 -3.180159 14.282902 -0.826591 6.952511 -3e-06 -12.690616 -1e-06 15.871335 -16.749153 2.665661 1.665665 -1.955922 -2.878299 4.727802 -4.170589 4.993928 11.02053 4e-06 2e-06 12.109058 -3.735718 -2.866786 1e-06 -2e-06 -1e-06 1.291986 -1.928551 -1.498089 14.80014 0.567471 3.865613 14.242577 -1.341735 -6.660658 19.631979 0.143926 -0.648239 50.39201 -1.091115 -5.251582 0.353028 -1.511151 -0.031938 20.222807 3.684315 2.316637 18.787287 6e-06 4e-06 10.751634 -0.479868 1.39791 -1e-06 1e-06 -1e-06 3.27381 0.305948 -0.580113 21.486832 11.830387 2.266141 8.162932 2e-06 2e-06 18.399096 -3.798986 -4.940573 2e-06 0.0 -2e-06 7.279425 36.312176 10.788949 -0.053434 -0.164363 1.342101 -5.827712 14.040023 -9.038125 1.644749 -1.725561 1.452932 -0.0 0.0 2e-06 -9.473639 -2.716364 -3.157325 0.017068 0.406497 1.886268 14.729703 16.774738 6.28399 -1.393402 1.047993 0.081394 -0.0 0.0 -1e-06 
0.0 0.0 0.0 0.0 -0.0 0.0 4.344113 99.52166 4.65993 -2.708231 -21.50914 0.796416 -3.267277 -0.445031 -0.039012 -1.50179 -1.312243 -4.767656 -9.698188 -4.28787 4.227796 21.998598 -9.088915 7.41186 -1.474225 -5.104704 -3.285112 1.068585 -7.193734 13.697281 7.7e-05 -2.3e-05 7e-06 -0.017648 -0.054546 -0.023055 0.81956 -3.794975 -10.895976 -0.836451 3.635056 -10.91478 2.14887 -14.34506 7.391973 -8.191401 -64.365425 -59.251755 18.123091 -79.642807 -17.837877 43.520332 20.533478 -38.22213 -5.882111 9.861295 0.702592 -10.936885 -0.360575 7.156215 0.0 8.774833 0.0 -14.269574 16.282059 7.26446 -1.844035 2.498507 -2.507279 -10.163611 4.678949 4.621114 -20.976044 -3e-06 5e-06 -21.226305 2.451701 -3.593999 0.0 -6e-06 -1e-06 -1.362682 2.240799 -0.746323 -21.334934 0.58491 3.008328 -13.821229 -3e-06 4e-06 -23.887194 -0.249077 -0.83948 -58.369888 1.772973 0.327194 -0.294023 1.67969 0.833256 -14.218224 0.093215 1.300584 -34.212086 -0.287562 0.967176 -20.033236 0.964541 1.212847 -1e-06 0.0 1e-06 -3.440389 0.788234 0.501656 -15.928201 -3.167312 2.999711 -6.338833 -1e-06 2e-06 -18.123463 3.648188 -4.905674 -4e-06 0.0 -1e-06 1.830217 0.548329 10.148759 -82.237343 42.418625 -96.439743 7.249706 28.636717 -1.152234 -38.990185 -32.471554 -57.126675 2.243542 -5.255041 -3.180159 14.282902 -0.826594 6.952511 -1e-06 -12.690618 -0.0 15.773902 -16.740053 2.743968 1.665668 -1.955924 -2.878302 4.727803 -4.170592 4.993927 11.020535 5e-06 1e-06 12.109059 -3.735717 -2.866785 2e-06 -2e-06 -1e-06 1.291988 -1.928552 -1.498092 14.800142 0.567469 3.865611 14.242584 -1.341738 -6.660661 19.631985 0.143926 -0.648242 50.378963 -1.104816 -5.221832 0.353029 -1.511153 -0.031939 20.222811 3.684314 2.316635 18.787289 5e-06 1e-06 10.751639 -0.47987 1.397908 -2e-06 0.0 -1e-06 3.27381 0.305946 -0.580111 21.486832 11.830387 2.266139 8.162934 1e-06 1e-06 18.399097 -3.798989 -4.940577 3e-06 1e-06 -2e-06 7.526931 36.754063 10.821018 -0.050407 -0.175724 1.335968 -5.842082 14.290753 -8.902515 1.647167 -1.703386 1.447122 0.0 -1e-06 2e-06 -9.201239 -2.258679 -3.466857 0.018685 0.415284 1.94707 14.670741 16.845177 6.529279 -1.391704 1.060223 0.067611 -0.0 0.0 -1e-06 
0.0 0.0 0.0 0.0 -0.0 0.0 4.233201 99.588364 4.473455 -2.851836 -22.153927 0.894232 -3.309671 -0.480572 0.027644 -1.560434 -1.32171 -4.74927 -9.997892 -4.336504 4.193337 22.420954 -9.140205 6.90821 -1.606462 -5.619642 -3.224556 0.846341 -7.772247 14.237436 7.7e-05 -2.2e-05 6e-06 -0.008556 -0.07608 -0.035613 0.838313 -3.819716 -10.911623 -0.836648 3.61565 -10.934444 2.006569 -14.463498 7.451361 -7.484738 -63.929077 -60.627689 19.307262 -80.632103 -19.264236 43.375179 20.843924 -38.197258 -5.882113 9.8613 0.702594 -10.936889 -0.360575 7.156216 1e-06 8.774837 0.0 -14.420039 16.365143 7.176005 -1.844033 2.498507 -2.50728 -10.163614 4.678951 4.621115 -20.976053 -3e-06 6e-06 -21.226315 2.4517 -3.594002 0.0 -5e-06 -1e-06 -1.362685 2.240802 -0.746324 -21.334942 0.58491 3.00833 -13.82123 -3e-06 4e-06 -23.887199 -0.249077 -0.839481 -58.600571 1.779986 0.269282 -0.294028 1.679689 0.833257 -14.218228 0.093216 1.300583 -34.212101 -0.287563 0.967177 -20.033243 0.964539 1.212847 -1e-06 1e-06 1e-06 -3.440393 0.788234 0.501657 -15.928206 -3.167313 2.999713 -6.338833 -1e-06 1e-06 -18.123468 3.648188 -4.905675 -5e-06 0.0 -2e-06 1.210945 0.680521 10.053574 -81.701111 41.944424 -96.047409 6.879446 28.713156 -1.363917 -36.657772 -32.660351 -57.35799 2.243541 -5.255039 -3.18016 14.282902 -0.826592 6.952509 -3e-06 -12.690613 -0.0 15.686893 -16.763943 2.863488 1.665668 -1.955922 -2.8783 4.727803 -4.17059 4.993926 11.020535 5e-06 1e-06 12.10906 -3.735719 -2.866784 1e-06 -1e-06 -1e-06 1.291987 -1.92855 -1.498091 14.80014 0.56747 3.865612 14.242583 -1.341737 -6.660659 19.631979 0.143927 -0.64824 50.376862 -1.133144 -5.228907 0.35303 -1.511151 -0.031942 20.222811 3.684315 2.316636 18.787287 7e-06 3e-06 10.751636 -0.479866 1.39791 -1e-06 0.0 -1e-06 3.273809 0.305948 -0.580109 21.486834 11.830385 2.266139 8.162937 1e-06 1e-06 18.399096 -3.798986 -4.940577 2e-06 -0.0 -2e-06 7.779961 37.280113 10.829736 -0.049804 -0.198198 1.360156 -5.849705 14.566527 -8.756368 1.651572 -1.693712 1.437777 0.0 -1e-06 2e-06 -8.927967 -1.758325 -3.835124 0.022174 0.430891 2.032975 14.592189 16.919645 6.753861 -1.391239 1.060519 0.085168 -0.0 0.0 -1e-06 
