HIERARCHY
ROOT Root
{
  OFFSET 0.0 0.0 0.0
  CHANNELS 6 Xposition Yposition Zposition Zrotation Yrotation Xrotation
  JOINT Hips
  {
    OFFSET 0.0 100.0 0.0
    CHANNELS 6 Xposition Yposition Zposition Zrotation Yrotation Xrotation
    JOINT Spine1
    {
      OFFSET -0.013727 5.003763 -0.053727
      CHANNELS 3 Zrotation Yrotation Xrotation
      JOINT Spine2
      {
        OFFSET -0.0 7.125301 -0.029825
        CHANNELS 3 Zrotation Yrotation Xrotation
        JOINT Chest
        {
          OFFSET -1e-06 7.550063 -0.815971
          CHANNELS 3 Zrotation Yrotation Xrotation
          JOINT Neck1
          {
            OFFSET -0.181677 26.311295 -0.553348
            CHANNELS 3 Zrotation Yrotation Xrotation
            JOINT Neck2
            {
              OFFSET -3e-06 7.709397 2.302585
              CHANNELS 3 Zrotation Yrotation Xrotation
              JOINT Head
              {
                OFFSET -5e-06 6.128916 1.953709
                CHANNELS 3 Zrotation Yrotation Xrotation
                JOINT HeadEnd
                {
                  OFFSET 0.003598 16.065403 -1.835379
                  CHANNELS 3 Zrotation Yrotation Xrotation
                }
                JOINT Jaw
                {
                  OFFSET 0.002637 0.475592 3.094941
                  CHANNELS 3 Zrotation Yrotation Xrotation
                }
                JOINT LeftEye
                {
                  OFFSET 3.206381 5.380205 7.586883
                  CHANNELS 3 Zrotation Yrotation Xrotation
                }
                JOINT RightEye
                {
                  OFFSET -3.22244 5.361869 7.558234
                  CHANNELS 3 Zrotation Yrotation Xrotation
                }
              }
            }
          }
          JOINT LeftShoulder
          {
            OFFSET 1.621652 23.237164 5.113413
            CHANNELS 3 Zrotation Yrotation Xrotation
            JOINT LeftArm
            {
              OFFSET 14.919846 2e-06 -5.502326
              CHANNELS 3 Zrotation Yrotation Xrotation
              JOINT LeftForeArm
              {
                OFFSET 28.739307 0.0 -0.002588
                CHANNELS 3 Zrotation Yrotation Xrotation
                JOINT LeftHand
                {
                  OFFSET 27.093981 -1e-06 0.002609
                  CHANNELS 3 Zrotation Yrotation Xrotation
                  JOINT LeftHandThumb1
                  {
                    OFFSET 2.276482 -1.392045 3.191413
                    CHANNELS 3 Zrotation Yrotation Xrotation
                    JOINT LeftHandThumb2
                    {
                      OFFSET 4.012836 -1.828127 1.641654
                      CHANNELS 3 Zrotation Yrotation Xrotation
                      JOINT LeftHandThumb3
                      {
                        OFFSET 2.798515 0.0 -3e-06
                        CHANNELS 3 Zrotation Yrotation Xrotation
                        JOINT LeftHandThumbEnd
                        {
                          OFFSET 3.180793 -4e-06 4e-06
                          CHANNELS 3 Zrotation Yrotation Xrotation
                        }
                      }
                    }
                  }
                  JOINT LeftHandIndex1
                  {
                    OFFSET 3.247555 -0.531998 2.296169
                    CHANNELS 3 Zrotation Yrotation Xrotation
                    JOINT LeftHandIndex2
                    {
                      OFFSET 6.364578 0.01206 0.1786
                      CHANNELS 3 Zrotation Yrotation Xrotation
                      JOINT LeftHandIndex3
                      {
                        OFFSET 3.662364 0.0 0.0
                        CHANNELS 3 Zrotation Yrotation Xrotation
                        JOINT LeftHandIndex4
                        {
                          OFFSET 2.329242 4e-06 4e-06
                          CHANNELS 3 Zrotation Yrotation Xrotation
                          JOINT LeftHandIndexEnd
                          {
                            OFFSET 2.759615 -0.180537 -0.113024
                            CHANNELS 3 Zrotation Yrotation Xrotation
                          }
                        }
                      }
                    }
                  }
                  JOINT LeftHandMiddle1
                  {
                    OFFSET 3.163495 0.240981 1.000332
                    CHANNELS 3 Zrotation Yrotation Xrotation
                    JOINT LeftHandMiddle2
                    {
                      OFFSET 6.19078 -0.259278 -1.002548
                      CHANNELS 3 Zrotation Yrotation Xrotation
                      JOINT LeftHandMiddle3
                      {
                        OFFSET 4.35652 -4e-06 -1e-06
                        CHANNELS 3 Zrotation Yrotation Xrotation
                        JOINT LeftHandMiddle4
                        {
                          OFFSET 2.996877 -8e-06 0.0
                          CHANNELS 3 Zrotation Yrotation Xrotation
                          JOINT LeftHandMiddleEnd
                          {
                            OFFSET 2.304287 -0.294569 -0.031741
                            CHANNELS 3 Zrotation Yrotation Xrotation
                          }
                        }
                      }
                    }
                  }
                  JOINT LeftHandRing1
                  {
                    OFFSET 2.882643 -0.053652 -0.322543
                    CHANNELS 3 Zrotation Yrotation Xrotation
                    JOINT LeftHandRing2
                    {
                      OFFSET 5.854541 -0.486202 -1.373841
                      CHANNELS 3 Zrotation Yrotation Xrotation
                      JOINT LeftHandRing3
                      {
                        OFFSET 4.350578 0.0 3e-06
                        CHANNELS 3 Zrotation Yrotation Xrotation
                        JOINT LeftHandRing4
                        {
                          OFFSET 2.651321 7e-06 2e-06
                          CHANNELS 3 Zrotation Yrotation Xrotation
                          JOINT LeftHandRingEnd
                          {
                            OFFSET 1.936105 0.077687 -7.1e-05
                            CHANNELS 3 Zrotation Yrotation Xrotation
                          }
                        }
                      }
                    }
                  }
                  JOINT LeftHandPinky1
                  {
                    OFFSET 2.8655 -0.310005 -1.600378
                    CHANNELS 3 Zrotation Yrotation Xrotation
                    JOINT LeftHandPinky2
                    {
                      OFFSET 5.087849 -1.331141 -1.77123
                      CHANNELS 3 Zrotation Yrotation Xrotation
                      JOINT LeftHandPinky3
                      {
                        OFFSET 3.070974 4e-06 0.0
                        CHANNELS 3 Zrotation Yrotation Xrotation
                        JOINT LeftHandPinky4
                        {
                          OFFSET 1.549672 0.0 1e-06
                          CHANNELS 3 Zrotation Yrotation Xrotation
                          JOINT LeftHandPinkyEnd
                          {
                            OFFSET 1.944893 -0.157802 0.057219
                            CHANNELS 3 Zrotation Yrotation Xrotation
                          }
                        }
                      }
                    }
                  }
                }
              }
            }
          }
          JOINT RightShoulder
          {
            OFFSET -1.380118 23.180309 5.214158
            CHANNELS 3 Zrotation Yrotation Xrotation
            JOINT RightArm
            {
              OFFSET -15.037196 1.2e-05 -5.545604
              CHANNELS 3 Zrotation Yrotation Xrotation
              JOINT RightForeArm
              {
                OFFSET -28.736639 2e-06 -0.002597
                CHANNELS 3 Zrotation Yrotation Xrotation
                JOINT RightHand
                {
                  OFFSET -27.133619 -0.0 0.002613
                  CHANNELS 3 Zrotation Yrotation Xrotation
                  JOINT RightHandThumb1
                  {
                    OFFSET -2.274032 -1.383988 3.163127
                    CHANNELS 3 Zrotation Yrotation Xrotation
                    JOINT RightHandThumb2
                    {
                      OFFSET -4.011429 -1.827466 1.640914
                      CHANNELS 3 Zrotation Yrotation Xrotation
                      JOINT RightHandThumb3
                      {
                        OFFSET -2.794935 -4e-06 -3e-06
                        CHANNELS 3 Zrotation Yrotation Xrotation
                        JOINT RightHandThumbEnd
                        {
                          OFFSET -3.183852 4e-06 1e-06
                          CHANNELS 3 Zrotation Yrotation Xrotation
                        }
                      }
                    }
                  }
                  JOINT RightHandIndex1
                  {
                    OFFSET -3.253266 -0.520057 2.282866
                    CHANNELS 3 Zrotation Yrotation Xrotation
                    JOINT RightHandIndex2
                    {
                      OFFSET -6.341917 0.012471 0.178266
                      CHANNELS 3 Zrotation Yrotation Xrotation
                      JOINT RightHandIndex3
                      {
                        OFFSET -3.654871 -8e-06 -0.0
                        CHANNELS 3 Zrotation Yrotation Xrotation
                        JOINT RightHandIndex4
                        {
                          OFFSET -2.327586 0.0 1e-06
                          CHANNELS 3 Zrotation Yrotation Xrotation
                          JOINT RightHandIndexEnd
                          {
                            OFFSET -2.76179 -0.180656 -0.113078
                            CHANNELS 3 Zrotation Yrotation Xrotation
                          }
                        }
                      }
                    }
                  }
                  JOINT RightHandMiddle1
                  {
                    OFFSET -3.168106 0.246593 1.00103
                    CHANNELS 3 Zrotation Yrotation Xrotation
                    JOINT RightHandMiddle2
                    {
                      OFFSET -6.180828 -0.258836 -1.000895
                      CHANNELS 3 Zrotation Yrotation Xrotation
                      JOINT RightHandMiddle3
                      {
                        OFFSET -4.348901 0.0 -0.0
                        CHANNELS 3 Zrotation Yrotation Xrotation
                        JOINT RightHandMiddle4
                        {
                          OFFSET -3.00024 -4e-06 -2e-06
                          CHANNELS 3 Zrotation Yrotation Xrotation
                          JOINT RightHandMiddleEnd
                          {
                            OFFSET -2.30252 -0.29437 -0.031706
                            CHANNELS 3 Zrotation Yrotation Xrotation
                          }
                        }
                      }
                    }
                  }
                  JOINT RightHandRing1
                  {
                    OFFSET -2.88569 -0.067952 -0.308858
                    CHANNELS 3 Zrotation Yrotation Xrotation
                    JOINT RightHandRing2
                    {
                      OFFSET -5.854198 -0.48613 -1.373731
                      CHANNELS 3 Zrotation Yrotation Xrotation
                      JOINT RightHandRing3
                      {
                        OFFSET -4.33881 -4e-06 -0.0
                        CHANNELS 3 Zrotation Yrotation Xrotation
                        JOINT RightHandRing4
                        {
                          OFFSET -2.654903 -4e-06 4e-06
                          CHANNELS 3 Zrotation Yrotation Xrotation
                          JOINT RightHandRingEnd
                          {
                            OFFSET -1.933568 0.077527 -5.2e-05
                            CHANNELS 3 Zrotation Yrotation Xrotation
                          }
                        }
                      }
                    }
                  }
                  JOINT RightHandPinky1
                  {
                    OFFSET -2.866425 -0.342796 -1.584145
                    CHANNELS 3 Zrotation Yrotation Xrotation
                    JOINT RightHandPinky2
                    {
                      OFFSET -5.091371 -1.332055 -1.772385
                      CHANNELS 3 Zrotation Yrotation Xrotation
                      JOINT RightHandPinky3
                      {
                        OFFSET -3.062664 -4e-06 1e-06
                        CHANNELS 3 Zrotation Yrotation Xrotation
                        JOINT RightHandPinky4
                        {
                          OFFSET -1.546529 4e-06 -2e-06
                          CHANNELS 3 Zrotation Yrotation Xrotation
                          JOINT RightHandPinkyEnd
                          {
                            OFFSET -1.945119 -0.157718 0.057211
                            CHANNELS 3 Zrotation Yrotation Xrotation
                          }
                        }
                      }
                    }
                  }
                }
              }
            }
          }
        }
      }
    }
    JOINT LeftLeg
    {
      OFFSET 10.043214 -8.434526 2.595655
      CHANNELS 3 Zrotation Yrotation Xrotation
      JOINT LeftShin
      {
        OFFSET -1e-06 -43.221752 -0.802913
        CHANNELS 3 Zrotation Yrotation Xrotation
        JOINT LeftFoot
        {
          OFFSET 1e-06 -42.155094 -3.481523
          CHANNELS 3 Zrotation Yrotation Xrotation
          JOINT LeftToeBase
          {
            OFFSET 0.0 -5.059472 13.231529
            CHANNELS 3 Zrotation Yrotation Xrotation
            JOINT LeftToeEnd
            {
              OFFSET -0.009607 -1.647619 6.513017
              CHANNELS 3 Zrotation Yrotation Xrotation
            }
          }
        }
      }
    }
    JOINT RightLeg
    {
      OFFSET -10.047278 -8.29526 2.620317
      CHANNELS 3 Zrotation Yrotation Xrotation
      JOINT RightShin
      {
        OFFSET 1e-06 -43.362206 -0.805556
        CHANNELS 3 Zrotation Yrotation Xrotation
        JOINT RightFoot
        {
          OFFSET 2e-06 -42.117393 -3.478398
          CHANNELS 3 Zrotation Yrotation Xrotation
          JOINT RightToeBase
          {
            OFFSET -0.0 -5.079609 13.284196
            CHANNELS 3 Zrotation Yrotation Xrotation
            JOINT RightToeEnd
            {
              OFFSET 0.009532 -1.634378 6.460591
              CHANNELS 3 Zrotation Yrotation Xrotation
            }
          }
        }
      }
    }
  }
}
MOTION
Frames: 42
Frame Time: 0.03333333333333333
0.0 0.0 0.0 0.0 -0.0 0.0 -1.027169 100.604584 3.315559 -0.05933 -0.628892 6.108469 0.169653 0.040146 1.917092 -0.354222 -0.23865 -4.52874 0.679085 -2.306976 14.451832 4.068511 0.5462 12.27208 -1.331864 -2.466175 -3.674787 -3.26996 -2.051414 -6.541328 7.7e-05 -2.3e-05 4e-06 0.040099 -0.048761 -0.025931 0.759683 -3.739151 -10.620377 -0.678614 3.63901 -10.574063 -7.354319 -7.821485 16.874054 -68.654587 -19.591244 21.486568 -0.469333 -27.837494 0.1228 7.318381 -0.366964 2.13314 -5.88211 9.861292 0.702591 -10.936879 -0.360575 7.156211 1e-06 8.774831 -2e-06 -16.121546 18.142712 5.931604 -1.844034 2.498506 -2.507279 -10.163607 4.678948 4.62111 -20.97604 -3e-06 0.0 -21.226305 2.451698 -3.594004 -1e-06 -6e-06 -1e-06 -1.362682 2.240799 -0.746323 -21.33493 0.584909 3.008324 -13.821225 -3e-06 -0.0 -23.887192 -0.249079 -0.839484 -60.259884 2.513403 -1.496772 -0.294025 1.679688 0.833257 -14.218221 0.093215 1.300581 -34.212074 -0.287565 0.96717 -20.03323 0.964536 1.212843 0.0 -0.0 -1e-06 -3.440391 0.788234 0.501655 -15.928201 -3.167312 2.999706 -6.33883 -1e-06 -0.0 -18.123461 3.648184 -4.905673 -3e-06 0.0 -1e-06 13.011349 9.906922 18.084095 65.407692 21.363533 9.353978 0.236261 21.73344 0.203414 -7.442351 5.824508 4.475995 2.243544 -5.255041 -3.180159 14.2829 -0.826596 6.952506 -2e-06 -12.690616 0.0 16.135437 -17.528818 2.563155 1.665668 -1.955923 -2.878302 4.727802 -4.170593 4.993927 11.020536 2e-06 -2e-06 12.109062 -3.735719 -2.866787 -1e-06 -1e-06 1e-06 1.291987 -1.92855 -1.498089 14.800138 0.567467 3.865608 14.242582 -1.341738 -6.660663 19.631979 0.143927 -0.648246 49.758556 -0.696266 -6.359316 0.35303 -1.511153 -0.03194 20.222805 3.684313 2.316629 18.787287 4e-06 -1e-06 10.751636 -0.479868 1.397906 -1e-06 -0.0 1e-06 3.273808 0.305948 -0.580112 21.486828 11.830384 2.266132 8.162931 1e-06 -1e-06 18.399096 -3.798988 -4.94058 4e-06 -0.0 0.0 3.933878 7.867839 -9.96634 0.018058 -0.006503 5.73028 -5.311866 -0.494373 -1.648039 1.646453 -1.953791 -0.019642 0.0 0.0 2e-06 -0.569958 -15.221939 -10.896361 0.060193 -0.238841 8.741525 4.682699 -1.27829 -3.713456 -1.420945 0.99207 -0.817722 -0.0 0.0 -1e-06 
0.0 0.0 0.0 0.0 -0.0 0.0 -1.022545 100.665924 2.879421 -0.1127 -0.639553 6.957792 0.283461 0.043089 2.374151 -0.320577 -0.255973 -4.38188 0.701411 -2.289864 14.964231 4.084168 0.496389 13.129033 -1.37864 -2.483536 -3.656661 -3.690738 -2.054458 -6.045528 7.7e-05 -2.3e-05 5e-06 0.039102 -0.045897 -0.033039 0.751029 -3.739651 -10.60275 -0.672014 3.645735 -10.562415 -7.02391 -8.122085 17.12641 -68.440033 -21.203672 21.962488 -0.405326 -28.294056 0.082104 7.208798 -0.256544 1.80735 -5.882108 9.861288 0.702591 -10.936876 -0.360575 7.156208 2e-06 8.774828 1e-06 -16.0765 18.125441 5.958229 -1.844033 2.498505 -2.507278 -10.163604 4.678946 4.621111 -20.97603 -5e-06 2e-06 -21.226294 2.451695 -3.594002 0.0 -7e-06 -3e-06 -1.362682 2.240798 -0.746324 -21.334927 0.584908 3.008324 -13.821221 -3e-06 0.0 -23.887182 -0.24908 -0.839484 -60.26767 2.535156 -1.540159 -0.294024 1.679687 0.833255 -14.218215 0.093214 1.300582 -34.212067 -0.287567 0.967173 -20.033226 0.964535 1.212845 0.0 -0.0 -0.0 -3.44039 0.788234 0.501657 -15.928198 -3.167311 2.99971 -6.338829 -2e-06 -0.0 -18.123457 3.648182 -4.905672 -3e-06 -0.0 -2e-06 12.423595 10.247729 18.188377 65.331711 22.843372 9.886065 0.334038 21.75806 0.217858 -7.54593 5.830173 5.041732 2.243542 -5.255035 -3.180156 14.28289 -0.826594 6.952502 -3e-06 -12.690603 0.0 16.140965 -17.49971 2.547772 1.665665 -1.95592 -2.878298 4.727798 -4.170587 4.993924 11.020526 3e-06 -1e-06 12.109052 -3.735715 -2.866783 -1e-06 0.0 -1e-06 1.291985 -1.928548 -1.498086 14.800125 0.567467 3.865607 14.242569 -1.341736 -6.660657 19.631968 0.143926 -0.648247 49.7616 -0.7232 -6.385585 0.353029 -1.511151 -0.031939 20.222788 3.684309 2.316628 18.78727 5e-06 -0.0 10.751627 -0.479868 1.397905 -1e-06 -0.0 -0.0 3.273807 0.305948 -0.580111 21.486813 11.830372 2.26613 8.162926 2e-06 -2e-06 18.39908 -3.798983 -4.940574 4e-06 1e-06 -1e-06 3.832805 7.869864 -11.077049 0.018407 0.01089 5.482772 -5.312867 -0.292425 -1.167557 1.645409 -1.948165 0.06867 -0.0 -0.0 2e-06 -0.184869 -15.103027 -11.98827 0.060557 -0.242092 8.38093 4.563703 -1.359805 -3.199307 -1.419315 0.989748 -0.782524 -0.0 0.0 -1e-06 
0.0 0.0 0.0 0.0 -0.0 0.0 -1.026529 100.723816 2.453327 -0.146245 -0.631864 7.823683 0.404635 0.049819 2.836217 -0.286936 -0.270516 -4.226102 0.688406 -2.255129 15.480199 4.007135 0.487663 13.929067 -1.420477 -2.502517 -3.636687 -4.060323 -2.150862 -5.570279 7.7e-05 -2.3e-05 6e-06 0.03556 -0.039492 -0.039691 0.740326 -3.741552 -10.59024 -0.668643 3.660947 -10.555823 -6.71641 -8.441846 17.349789 -68.116524 -22.874678 22.419081 -0.346999 -28.643515 0.056147 7.116511 -0.198237 1.493383 -5.882109 9.86129 0.702591 -10.936877 -0.360576 7.156209 2e-06 8.774831 2e-06 -16.068985 18.133104 5.979994 -1.844034 2.498505 -2.507279 -10.163605 4.678948 4.621111 -20.976038 -5e-06 1e-06 -21.226301 2.451696 -3.594003 0.0 -6e-06 -1e-06 -1.362682 2.240799 -0.746323 -21.334925 0.584908 3.008326 -13.82122 -3e-06 1e-06 -23.887182 -0.249083 -0.839484 -60.303329 2.566379 -1.580231 -0.294024 1.679688 0.833255 -14.218216 0.093214 1.300581 -34.212067 -0.287566 0.967172 -20.033222 0.964536 1.212845 1e-06 -1e-06 0.0 -3.44039 0.788233 0.501655 -15.928196 -3.167313 2.999707 -6.338829 -2e-06 -1e-06 -18.123457 3.648183 -4.905673 -2e-06 -1e-06 -1e-06 11.79157 10.587379 18.295176 65.200287 24.357906 10.612471 0.388207 21.905035 0.225552 -7.663628 5.793546 5.340368 2.243542 -5.255038 -3.18016 14.282901 -0.826593 6.952507 -5e-06 -12.690612 2e-06 16.149405 -17.474421 2.529439 1.665667 -1.955921 -2.878301 4.727801 -4.170588 4.993926 11.020535 5e-06 -4e-06 12.10906 -3.735716 -2.866786 0.0 -0.0 -0.0 1.291986 -1.92855 -1.49809 14.800138 0.567471 3.865608 14.242582 -1.341734 -6.660661 19.631977 0.14393 -0.648245 49.780941 -0.738746 -6.415314 0.353029 -1.511151 -0.031939 20.222803 3.684316 2.316627 18.787287 1e-05 -1e-06 10.751636 -0.479865 1.397905 -1e-06 0.0 2e-06 3.27381 0.305947 -0.580112 21.486832 11.830386 2.266133 8.162931 4e-06 -3e-06 18.399096 -3.798983 -4.940578 4e-06 -0.0 -2e-06 3.705694 7.92721 -12.146686 0.020391 0.032112 5.119132 -5.28871 -0.170529 -0.627919 1.64638 -1.941264 0.13469 -0.0 -0.0 2e-06 0.176972 -14.92779 -13.091499 0.059421 -0.24184 8.028904 4.449585 -1.508737 -2.702529 -1.418232 0.993909 -0.701075 -0.0 0.0 -1e-06 
0.0 0.0 0.0 0.0 -0.0 0.0 -1.02976 100.775078 2.027664 -0.159005 -0.592927 8.722287 0.539061 0.062496 3.303921 -0.260072 -0.274418 -4.053406 0.648146 -2.203724 16.020123 3.840043 0.507665 14.708888 -1.471612 -2.540777 -3.615547 -4.354253 -2.365485 -5.145698 7.7e-05 -2.2e-05 5e-06 0.029401 -0.030836 -0.044744 0.728025 -3.746734 -10.585725 -0.669235 3.684258 -10.55741 -6.419615 -8.794377 17.554564 -67.672867 -24.728474 22.972322 -0.301522 -28.715834 0.050956 7.052922 -0.128348 1.224303 -5.882109 9.861288 0.70259 -10.936873 -0.360575 7.156205 0.0 8.774826 -1e-06 -16.104614 18.154743 5.994689 -1.844033 2.498505 -2.507277 -10.163603 4.678946 4.621109 -20.976027 -2e-06 -0.0 -21.226292 2.451697 -3.594001 0.0 -5e-06 -1e-06 -1.362682 2.240798 -0.746323 -21.334921 0.584911 3.008321 -13.821217 -2e-06 -1e-06 -23.887175 -0.249079 -0.839485 -60.356606 2.590651 -1.615974 -0.294025 1.679688 0.833256 -14.218212 0.093216 1.300581 -34.212059 -0.287563 0.967167 -20.03322 0.964536 1.212842 -0.0 -0.0 -1e-06 -3.440389 0.788234 0.501655 -15.928191 -3.16731 2.999706 -6.338828 -1e-06 -1e-06 -18.123455 3.648184 -4.905674 -3e-06 0.0 -1e-06 11.111021 10.90987 18.388952 64.999077 25.978868 11.542356 0.443878 22.122803 0.231129 -7.788457 5.696308 5.439849 2.243541 -5.255037 -3.180156 14.282887 -0.826596 6.952504 -1e-06 -12.690605 1e-06 16.155544 -17.464985 2.521046 1.665666 -1.955922 -2.878299 4.727798 -4.170588 4.993922 11.020523 1e-06 -2e-06 12.10905 -3.735718 -2.866783 0.0 0.0 -0.0 1.291986 -1.928549 -1.498088 14.800125 0.567466 3.865607 14.242569 -1.341737 -6.660658 19.631968 0.143925 -0.648247 49.833073 -0.760722 -6.426814 0.35303 -1.511151 -0.031939 20.222786 3.684306 2.31663 18.78727 1e-06 -1e-06 10.751627 -0.479869 1.397905 -1e-06 0.0 2e-06 3.273806 0.305947 -0.580111 21.486809 11.830371 2.266132 8.162928 1e-06 -2e-06 18.399086 -3.798988 -4.940578 4e-06 1e-06 -3e-06 3.539171 8.031565 -13.247964 0.025777 0.049878 4.726957 -5.223899 -0.132728 -0.056282 1.647088 -1.941017 0.179272 -0.0 0.0 2e-06 0.517181 -14.72813 -14.26393 0.051202 -0.234966 7.753207 4.302577 -1.748507 -2.243493 -1.417322 1.005459 -0.613336 0.0 0.0 -1e-06 
0.0 0.0 0.0 0.0 -0.0 0.0 -1.032769 100.8172 1.601686 -0.155848 -0.524514 9.651435 0.688716 0.080648 3.789603 -0.239342 -0.262348 -3.857106 0.583147 -2.156352 16.557526 3.598991 0.588032 15.49333 -1.5251 -2.61904 -3.602283 -4.553951 -2.646042 -4.767604 7.7e-05 -2.3e-05 7e-06 0.02058 -0.018771 -0.049786 0.714435 -3.751431 -10.589416 -0.673919 3.71418 -10.568909 -6.118038 -9.17242 17.700466 -67.142075 -26.761877 23.641649 -0.254582 -28.402332 0.046978 6.994148 -0.011863 0.95098 -5.882109 9.861286 0.70259 -10.936876 -0.360574 7.156209 0.0 8.774826 0.0 -16.161892 18.172575 6.005522 -1.844032 2.498504 -2.507277 -10.163603 4.678945 4.62111 -20.97603 -3e-06 3e-06 -21.226295 2.451695 -3.594 0.0 -7e-06 -1e-06 -1.362682 2.240798 -0.746324 -21.334921 0.58491 3.008326 -13.821217 -3e-06 0.0 -23.887178 -0.249079 -0.839483 -60.434929 2.619328 -1.634326 -0.294024 1.679687 0.833256 -14.218214 0.093214 1.30058 -34.212063 -0.287565 0.96717 -20.033218 0.964536 1.212843 1e-06 -0.0 -1e-06 -3.440389 0.788234 0.501654 -15.928192 -3.16731 2.999708 -6.338828 -1e-06 -1e-06 -18.123453 3.648183 -4.905669 -2e-06 -1e-06 -2e-06 10.384943 11.258167 18.446516 64.73494 27.732691 12.65367 0.519733 22.309557 0.250109 -7.886523 5.502544 5.535901 2.243541 -5.255036 -3.180157 14.28289 -0.826594 6.952502 -3e-06 -12.690602 1e-06 16.137329 -17.471458 2.516361 1.665666 -1.955921 -2.8783 4.727798 -4.170587 4.993926 11.020524 3e-06 -1e-06 12.109051 -3.735713 -2.866785 0.0 -0.0 -1e-06 1.291985 -1.928549 -1.498089 14.800125 0.567469 3.865608 14.242569 -1.341735 -6.660655 19.631968 0.143926 -0.648244 49.868336 -0.78544 -6.438295 0.353028 -1.51115 -0.031941 20.222788 3.684309 2.316631 18.78727 5e-06 1e-06 10.751625 -0.47987 1.397907 0.0 0.0 1e-06 3.273806 0.305947 -0.580111 21.486813 11.830374 2.266132 8.162926 2e-06 -2e-06 18.399082 -3.798982 -4.940573 4e-06 -0.0 -3e-06 3.347481 8.111271 -14.405852 0.03242 0.068655 4.363894 -5.116426 -0.122285 0.460037 1.646423 -1.949383 0.189674 0.0 0.0 2e-06 0.831926 -14.491569 -15.518007 0.042974 -0.226857 7.586289 4.140369 -2.063306 -1.834496 -1.415768 1.01327 -0.549599 -0.0 0.0 -1e-06 
0.0 0.0 0.0 0.0 -0.0 0.0 -1.037037 100.85936 1.16909 -0.139876 -0.458915 10.59612 0.826276 0.110874 4.320917 -0.216278 -0.256414 -3.634688 0.504295 -2.10277 17.075966 3.297503 0.721937 16.256353 -1.557936 -2.718775 -3.60023 -4.644866 -2.933265 -4.451794 7.7e-05 -2.2e-05 7e-06 0.011078 -0.007515 -0.059663 0.703701 -3.755632 -10.605769 -0.682579 3.741991 -10.592278 -5.753375 -9.581898 17.776531 -66.579765 -28.925465 24.326534 -0.203586 -27.765577 0.039148 6.911329 0.145283 0.699202 -5.88211 9.86129 0.702589 -10.936877 -0.360575 7.156209 1e-06 8.77483 1e-06 -16.238003 18.183001 5.996672 -1.844034 2.498505 -2.507279 -10.163606 4.678947 4.621109 -20.976038 -3e-06 1e-06 -21.226301 2.451696 -3.594003 0.0 -5e-06 -1e-06 -1.362682 2.240799 -0.746324 -21.334929 0.58491 3.008323 -13.821221 -3e-06 1e-06 -23.887184 -0.24908 -0.839484 -60.512596 2.634226 -1.640421 -0.294024 1.679688 0.833256 -14.218215 0.093215 1.300581 -34.21207 -0.287566 0.967168 -20.033222 0.964537 1.212843 1e-06 -2e-06 -1e-06 -3.44039 0.788234 0.501656 -15.928198 -3.16731 2.999707 -6.338829 -1e-06 0.0 -18.123457 3.648185 -4.905674 -3e-06 -0.0 -1e-06 9.600137 11.661537 18.456358 64.415596 29.631092 13.949471 0.600868 22.431051 0.283243 -7.897352 5.203987 5.690184 2.243543 -5.255039 -3.18016 14.282896 -0.826597 6.952505 -1e-06 -12.69061 1e-06 16.110664 -17.477886 2.511375 1.665667 -1.955922 -2.878299 4.727801 -4.17059 4.993925 11.020531 2e-06 1e-06 12.109056 -3.735718 -2.866784 0.0 0.0 -1e-06 1.291986 -1.92855 -1.498089 14.800136 0.567467 3.865609 14.242579 -1.341738 -6.660661 19.631975 0.143924 -0.648247 49.876301 -0.804208 -6.443126 0.353029 -1.511151 -0.031939 20.222801 3.684309 2.31663 18.787279 3e-06 -2e-06 10.751632 -0.47987 1.397904 0.0 1e-06 0.0 3.273808 0.305946 -0.580111 21.48682 11.830379 2.266135 8.16293 2e-06 -0.0 18.399092 -3.798987 -4.940579 3e-06 0.0 -1e-06 3.140547 8.149096 -15.513985 0.038712 0.086125 3.858856 -4.9823 -0.087556 1.184699 1.644859 -1.957322 0.181296 -0.0 -0.0 2e-06 1.124632 -14.244547 -16.762226 0.03766 -0.222376 7.360314 3.980273 -2.379098 -1.391465 -1.413452 1.014609 -0.497529 0.0 0.0 -1e-06 
0.0 0.0 0.0 0.0 -0.0 0.0 -1.050461 100.897095 0.717549 -0.124255 -0.383928 11.587874 0.952762 0.151224 4.890337 -0.193536 -0.258289 -3.399268 0.418975 -2.057889 17.590076 2.935454 0.891651 16.945103 -1.575399 -2.796098 -3.601581 -4.614242 -3.249943 -4.186092 7.7e-05 -2.2e-05 5e-06 0.001954 0.002056 -0.072894 0.699121 -3.756152 -10.622355 -0.696382 3.762747 -10.615416 -5.322971 -10.02603 17.778275 -65.930344 -31.211679 25.068718 -0.149997 -26.898233 0.027321 6.770074 0.335733 0.476586 -5.88211 9.86129 0.70259 -10.936877 -0.360575 7.156209 -0.0 8.774828 -1e-06 -16.318306 18.182745 5.97773 -1.844034 2.498506 -2.507277 -10.163604 4.678947 4.62111 -20.976034 -2e-06 1e-06 -21.226299 2.451698 -3.594002 0.0 -6e-06 -1e-06 -1.362682 2.240799 -0.746324 -21.334925 0.584911 3.008324 -13.82122 -2e-06 2e-06 -23.88718 -0.249078 -0.839485 -60.584709 2.650868 -1.639464 -0.294025 1.679688 0.833257 -14.218215 0.093216 1.300581 -34.212067 -0.287562 0.967168 -20.033226 0.964539 1.212842 1e-06 -0.0 -0.0 -3.44039 0.788234 0.501654 -15.928192 -3.167309 2.999708 -6.338827 -1e-06 -0.0 -18.123453 3.648184 -4.905671 -4e-06 -1e-06 -1e-06 8.746842 12.125446 18.440037 64.043106 31.666677 15.237348 0.692694 22.578325 0.32032 -7.770404 4.855286 5.845224 2.243543 -5.25504 -3.180162 14.282902 -0.826594 6.95251 -4e-06 -12.690612 1e-06 16.069571 -17.466187 2.508084 1.665667 -1.955922 -2.878301 4.727802 -4.17059 4.99393 11.020536 4e-06 -2e-06 12.10906 -3.735716 -2.866788 -0.0 -0.0 -1e-06 1.291986 -1.92855 -1.498092 14.80014 0.567469 3.865613 14.242582 -1.341735 -6.660664 19.631983 0.143928 -0.648245 49.859417 -0.797873 -6.445351 0.353029 -1.511152 -0.031941 20.222811 3.684314 2.316632 18.787289 7e-06 -0.0 10.751637 -0.479867 1.397907 -1e-06 1e-06 0.0 3.27381 0.305947 -0.580111 21.486832 11.830385 2.266135 8.162935 3e-06 -1e-06 18.399096 -3.798987 -4.940577 2e-06 0.0 -0.0 2.930833 8.159943 -16.684628 0.045571 0.100473 3.339459 -4.858683 -0.069514 1.854613 1.643091 -1.964081 0.182706 -0.0 0.0 2e-06 1.416345 -13.947797 -18.059273 0.033445 -0.220844 7.118946 3.816337 -2.739971 -0.927356 -1.411683 1.014928 -0.443656 0.0 0.0 -1e-06 
0.0 0.0 0.0 0.0 -0.0 0.0 -1.075163 100.920425 0.22873 -0.117716 -0.281852 12.662197 1.070849 0.188621 5.494095 -0.174797 -0.261791 -3.147754 0.334448 -2.020068 18.083187 2.561671 1.06948 17.49732 -1.586587 -2.863456 -3.593689 -4.497561 -3.553465 -4.039063 7.7e-05 -2.3e-05 7e-06 -0.006878 0.010644 -0.084917 0.699451 -3.749609 -10.624765 -0.714321 3.774515 -10.62724 -4.813308 -10.523011 17.657301 -65.163727 -33.540115 25.813963 -0.124391 -25.974676 0.030859 6.607499 0.518349 0.289632 -5.882106 9.861286 0.70259 -10.936872 -0.360576 7.156204 1e-06 8.774826 -1e-06 -16.390818 18.178251 5.949272 -1.844032 2.498505 -2.507277 -10.163601 4.678945 4.621109 -20.976023 -3e-06 5e-06 -21.226288 2.451699 -3.593999 -1e-06 -7e-06 -1e-06 -1.362681 2.240798 -0.746324 -21.334913 0.584909 3.008324 -13.821213 -3e-06 3e-06 -23.887169 -0.24908 -0.839481 -60.625496 2.659481 -1.649068 -0.294025 1.679688 0.833257 -14.218208 0.093214 1.300583 -34.212051 -0.287561 0.967173 -20.033215 0.964536 1.212844 1e-06 -1e-06 -0.0 -3.440388 0.788233 0.501655 -15.928187 -3.167311 2.999708 -6.338826 -0.0 1e-06 -18.123446 3.648184 -4.905669 -5e-06 -1e-06 -3e-06 7.823028 12.629482 18.370394 63.619873 33.778076 16.39348 0.786603 22.856159 0.356069 -7.565471 4.478178 5.926543 2.243542 -5.255039 -3.180161 14.282898 -0.826595 6.952509 -4e-06 -12.690611 3e-06 16.038643 -17.457281 2.508176 1.665666 -1.955921 -2.878302 4.7278 -4.170588 4.993928 11.020531 3e-06 -1e-06 12.109056 -3.735717 -2.866784 -0.0 1e-06 -1e-06 1.291986 -1.92855 -1.498091 14.800136 0.567468 3.865611 14.242579 -1.341735 -6.660664 19.631981 0.143927 -0.648245 49.878105 -0.768439 -6.439169 0.35303 -1.511151 -0.03194 20.222803 3.684312 2.31663 18.787283 6e-06 1e-06 10.751633 -0.479869 1.397908 1e-06 0.0 -1e-06 3.273808 0.305948 -0.580112 21.486826 11.83038 2.266134 8.16293 2e-06 -0.0 18.399092 -3.798986 -4.940577 3e-06 0.0 -1e-06 2.715013 8.189594 -18.070826 0.049688 0.113727 2.998952 -4.761043 -0.112457 2.505326 1.64058 -1.964906 0.226548 0.0 0.0 2e-06 1.732263 -13.642444 -19.533827 0.033053 -0.224997 7.009859 3.663715 -3.105036 -0.491659 -1.410886 1.024398 -0.368405 0.0 0.0 -1e-06 
0.0 0.0 0.0 0.0 -0.0 0.0 -1.109891 100.923836 -0.301432 -0.126217 -0.157754 13.844309 1.178505 0.222345 6.150986 -0.163073 -0.249405 -2.882122 0.260069 -2.011621 18.580826 2.215333 1.239193 17.870085 -1.580481 -2.926343 -3.572224 -4.307672 -3.817224 -4.074422 7.7e-05 -2.3e-05 7e-06 -0.019844 0.02018 -0.091868 0.696693 -3.736525 -10.610321 -0.737397 3.781802 -10.624827 -4.225523 -11.083379 17.468437 -64.215248 -35.933838 26.383467 -0.108532 -25.136106 0.027171 6.482906 0.603609 0.111889 -5.882108 9.86129 0.70259 -10.936873 -0.360575 7.156206 0.0 8.774831 0.0 -16.464123 18.171904 5.928057 -1.844033 2.498505 -2.507279 -10.163603 4.678948 4.621108 -20.976028 -4e-06 -1e-06 -21.226295 2.451698 -3.594003 0.0 -6e-06 -2e-06 -1.362682 2.240799 -0.746325 -21.334917 0.58491 3.008321 -13.821217 -3e-06 0.0 -23.887177 -0.249079 -0.839486 -60.686253 2.666365 -1.639667 -0.294025 1.679688 0.833255 -14.218214 0.093215 1.300577 -34.212063 -0.287565 0.967166 -20.03322 0.964534 1.212843 1e-06 1e-06 0.0 -3.440389 0.788234 0.501655 -15.928189 -3.167311 2.999706 -6.338828 -1e-06 -0.0 -18.123453 3.648185 -4.905674 -5e-06 -1e-06 -4e-06 6.854251 13.168929 18.239309 63.073929 35.973446 17.314173 0.849864 23.291981 0.38299 -7.360122 4.056714 5.817008 2.243543 -5.255039 -3.180161 14.282896 -0.826596 6.952505 -2e-06 -12.69061 2e-06 16.046736 -17.475597 2.503431 1.665667 -1.955922 -2.878301 4.727801 -4.170589 4.993925 11.020531 2e-06 -1e-06 12.109058 -3.735716 -2.866787 -0.0 1e-06 0.0 1.291986 -1.928551 -1.498091 14.800136 0.567468 3.865608 14.24258 -1.341737 -6.660663 19.631975 0.143928 -0.648247 49.933105 -0.717692 -6.43627 0.353029 -1.511151 -0.03194 20.222801 3.684311 2.316629 18.787283 5e-06 -3e-06 10.751634 -0.479869 1.397905 1e-06 1e-06 -0.0 3.273808 0.305947 -0.580112 21.486824 11.830381 2.266133 8.16293 1e-06 -1e-06 18.39909 -3.798987 -4.940578 2e-06 -1e-06 -1e-06 2.502781 8.214906 -19.725945 0.052389 0.125709 2.888129 -4.703494 -0.196355 3.079075 1.638597 -1.964897 0.286752 0.0 0.0 2e-06 2.092356 -13.350744 -21.247656 0.033352 -0.231656 7.089546 3.511382 -3.414552 -0.100361 -1.411987 1.032579 -0.284936 0.0 0.0 -1e-06 
0.0 0.0 0.0 0.0 -0.0 0.0 -1.152593 100.906075 -0.875954 -0.162487 -0.004029 15.161446 1.286502 0.250096 6.834059 -0.149401 -0.23345 -2.598405 0.187676 -2.025598 19.128248 1.947508 1.372562 18.037689 -1.564567 -2.965565 -3.554514 -4.049154 -4.048871 -4.221008 7.7e-05 -2.3e-05 7e-06 -0.031236 0.025984 -0.095737 0.692149 -3.724349 -10.595983 -0.755502 3.782784 -10.621258 -3.598212 -11.677757 17.213221 -62.975689 -38.317577 26.475407 -0.136516 -24.59561 0.026977 6.447494 0.534173 -0.159521 -5.882111 9.861292 0.702591 -10.936878 -0.360573 7.156208 0.0 8.774831 1e-06 -16.518368 18.155916 5.909411 -1.844034 2.498505 -2.507281 -10.163605 4.678948 4.621111 -20.976038 -3e-06 -1e-06 -21.226303 2.451698 -3.594005 0.0 -6e-06 -2e-06 -1.362683 2.240799 -0.746323 -21.334929 0.584913 3.008323 -13.821221 -3e-06 -0.0 -23.887188 -0.24908 -0.839489 -60.743427 2.643108 -1.619566 -0.294025 1.679688 0.833259 -14.218217 0.093217 1.300579 -34.212074 -0.287563 0.967165 -20.033226 0.964536 1.212841 1e-06 -1e-06 0.0 -3.440391 0.788234 0.501656 -15.928196 -3.16731 2.999706 -6.33883 -0.0 -1e-06 -18.123459 3.648184 -4.905677 -5e-06 -1e-06 -3e-06 5.901087 13.725586 18.074291 62.280628 38.282368 17.832815 0.890997 23.888487 0.412511 -7.151143 3.603102 5.615753 2.243545 -5.255041 -3.18016 14.282907 -0.826599 6.952511 -1e-06 -12.690616 1e-06 16.084213 -17.509529 2.499461 1.665668 -1.955923 -2.878301 4.727804 -4.170592 4.993927 11.020539 2e-06 -1e-06 12.109066 -3.735719 -2.866788 -0.0 -0.0 1e-06 1.291987 -1.928551 -1.49809 14.800142 0.567466 3.865612 14.242586 -1.341738 -6.660666 19.631987 0.143922 -0.648247 50.00959 -0.655887 -6.412174 0.35303 -1.511152 -0.031941 20.222815 3.684309 2.316631 18.787291 2e-06 -2e-06 10.751637 -0.47987 1.397906 1e-06 1e-06 -0.0 3.27381 0.305947 -0.580112 21.486835 11.830382 2.266135 8.162937 0.0 -1e-06 18.399105 -3.798989 -4.94058 3e-06 -0.0 -1e-06 2.312384 8.218398 -21.670731 0.054895 0.133274 2.987407 -4.690993 -0.294576 3.581861 1.636162 -1.963869 0.349945 -0.0 0.0 2e-06 2.517924 -13.061538 -23.200792 0.031909 -0.242973 7.294931 3.326429 -3.691486 0.277185 -1.413524 1.041869 -0.188136 0.0 0.0 -1e-06 
0.0 0.0 0.0 0.0 -0.0 0.0 -1.198676 100.860367 -1.476077 -0.210764 0.172452 16.575739 1.389691 0.277006 7.517059 -0.132317 -0.231207 -2.293475 0.112172 -2.044516 19.720354 1.775369 1.449602 18.071875 -1.546739 -2.958945 -3.551625 -3.736882 -4.251395 -4.387949 7.7e-05 -2.3e-05 7e-06 -0.034553 0.023696 -0.096844 0.692735 -3.719903 -10.588819 -0.762487 3.775306 -10.61972 -2.964037 -12.281675 16.927597 -61.418217 -40.590092 25.933203 -0.190041 -24.431515 0.032496 6.534813 0.320292 -0.602889 -5.882112 9.861292 0.70259 -10.936882 -0.360575 7.156209 1e-06 8.774831 1e-06 -16.545099 18.158424 5.903839 -1.844035 2.498506 -2.507279 -10.163611 4.678948 4.621113 -20.976044 -4e-06 2e-06 -21.226309 2.451698 -3.594003 -0.0 -6e-06 -1e-06 -1.362683 2.240799 -0.746323 -21.334934 0.584911 3.008326 -13.821229 -3e-06 1e-06 -23.887196 -0.24908 -0.839483 -60.784321 2.60542 -1.604335 -0.294025 1.679688 0.833257 -14.218224 0.093215 1.300581 -34.21209 -0.287565 0.967169 -20.033234 0.964536 1.212844 -0.0 -1e-06 -0.0 -3.440392 0.788234 0.501657 -15.928203 -3.167312 2.999709 -6.338831 -1e-06 -0.0 -18.123463 3.648184 -4.905672 -5e-06 1e-06 -1e-06 5.003143 14.284111 17.872629 61.200954 40.63253 17.885159 0.907813 24.576309 0.441584 -6.951911 3.180961 5.355592 2.243543 -5.255038 -3.180159 14.282896 -0.826596 6.952504 -2e-06 -12.69061 2e-06 16.120699 -17.540043 2.498015 1.665667 -1.955922 -2.878298 4.7278 -4.170589 4.993925 11.02053 2e-06 -2e-06 12.109056 -3.735717 -2.866784 -0.0 0.0 0.0 1.291986 -1.92855 -1.498089 14.800132 0.567467 3.865606 14.242578 -1.341737 -6.660659 19.631973 0.143927 -0.648249 50.079636 -0.590835 -6.375032 0.35303 -1.511151 -0.031939 20.222797 3.68431 2.316629 18.787279 5e-06 -4e-06 10.75163 -0.479869 1.397905 0.0 2e-06 -0.0 3.273808 0.305947 -0.58011 21.486818 11.83038 2.26613 8.16293 2e-06 -2e-06 18.399088 -3.798985 -4.94058 4e-06 -0.0 -1e-06 2.129555 8.222381 -23.861055 0.052841 0.139854 3.328623 -4.749351 -0.413886 3.976482 1.634411 -1.96096 0.405823 -0.0 -0.0 2e-06 2.970196 -12.760609 -25.394884 0.029692 -0.260603 7.741399 3.109318 -3.953415 0.577897 -1.415656 1.053433 -0.0653 -0.0 0.0 -1e-06 
0.0 0.0 0.0 0.0 -0.0 0.0 -1.246989 100.791504 -2.078205 -0.253624 0.346619 18.045883 1.485448 0.309264 8.196871 -0.115622 -0.249133 -1.962178 0.043062 -2.064327 20.353069 1.676352 1.459956 18.071558 -1.507774 -2.913002 -3.55339 -3.447157 -4.392902 -4.61217 7.7e-05 -2.3e-05 6e-06 -0.031811 0.016246 -0.094681 0.694257 -3.719009 -10.57722 -0.758476 3.76092 -10.610737 -2.328737 -12.908348 16.643835 -59.583626 -42.738632 24.752424 -0.247972 -24.539572 0.048684 6.751286 0.032757 -1.211155 -5.88211 9.86129 0.70259 -10.936877 -0.360575 7.156209 0.0 8.774828 0.0 -16.545269 18.165237 5.924295 -1.844034 2.498505 -2.507278 -10.163606 4.678947 4.621109 -20.976038 -3e-06 1e-06 -21.226299 2.451696 -3.594003 -0.0 -7e-06 -1e-06 -1.362683 2.240799 -0.746323 -21.334927 0.58491 3.008322 -13.82122 -4e-06 1e-06 -23.887188 -0.249079 -0.839485 -60.819748 2.5673 -1.571256 -0.294026 1.679688 0.833257 -14.218217 0.093215 1.30058 -34.21207 -0.287564 0.967168 -20.033226 0.964537 1.212842 -0.0 -1e-06 -0.0 -3.44039 0.788234 0.501655 -15.928194 -3.16731 2.999708 -6.338829 -1e-06 0.0 -18.123459 3.648183 -4.905675 -5e-06 1e-06 -2e-06 4.145184 14.824434 17.629663 59.846684 43.033634 17.47702 0.89326 25.208759 0.46358 -6.795184 2.834399 4.979961 2.243543 -5.25504 -3.18016 14.282902 -0.826596 6.952506 -2e-06 -12.690616 -0.0 16.134367 -17.561756 2.502815 1.665668 -1.955923 -2.878302 4.727802 -4.170591 4.993926 11.020536 3e-06 -2e-06 12.109062 -3.735718 -2.866786 0.0 -0.0 0.0 1.291986 -1.928551 -1.49809 14.800139 0.567469 3.865609 14.242585 -1.341735 -6.660664 19.631987 0.143927 -0.648246 50.143772 -0.535176 -6.33242 0.353029 -1.511152 -0.031941 20.222809 3.684313 2.31663 18.787289 6e-06 -2e-06 10.751637 -0.479868 1.397905 1e-06 -0.0 1e-06 3.27381 0.305947 -0.580112 21.486832 11.830386 2.266134 8.162932 2e-06 -1e-06 18.399099 -3.798985 -4.940581 3e-06 0.0 -1e-06 1.937397 8.233448 -26.173679 0.050674 0.143164 3.796998 -4.866073 -0.573781 4.312449 1.633138 -1.956113 0.413166 -0.0 0.0 2e-06 3.404507 -12.462017 -27.654079 0.027443 -0.279103 8.351457 2.901777 -4.191684 0.725267 -1.418585 1.070593 0.043185 -0.0 0.0 -1e-06 
0.0 0.0 0.0 0.0 -0.0 0.0 -1.298673 100.715347 -2.677053 -0.287968 0.510633 19.554876 1.576227 0.345235 8.883821 -0.099403 -0.279525 -1.605102 -0.01178 -2.079952 21.041582 1.665126 1.418306 18.075813 -1.458057 -2.844894 -3.563952 -3.212757 -4.481888 -4.93305 7.7e-05 -2.3e-05 5e-06 -0.026222 0.00769 -0.095976 0.692924 -3.716146 -10.565327 -0.745663 3.741759 -10.600193 -1.676291 -13.540023 16.356623 -57.541218 -44.816742 22.957281 -0.311145 -24.751949 0.067332 7.027284 -0.292089 -1.823326 -5.882105 9.861282 0.70259 -10.93687 -0.360575 7.156204 1e-06 8.774822 -1e-06 -16.552961 18.181658 5.94685 -1.844032 2.498504 -2.507277 -10.163599 4.678943 4.621107 -20.976023 -3e-06 3e-06 -21.226286 2.451696 -3.593999 -0.0 -7e-06 -1e-06 -1.362681 2.240797 -0.746323 -21.334911 0.584909 3.008324 -13.821213 -3e-06 2e-06 -23.887167 -0.249077 -0.839482 -60.864677 2.524526 -1.509359 -0.294025 1.679687 0.833257 -14.218207 0.093214 1.300581 -34.212048 -0.287564 0.967171 -20.033209 0.964534 1.212843 -0.0 1e-06 -0.0 -3.440388 0.788233 0.501656 -15.928185 -3.167309 2.999706 -6.338824 -1e-06 3e-06 -18.123444 3.648181 -4.905668 -5e-06 1e-06 -2e-06 3.31258 15.362822 17.36237 58.159901 45.522762 16.562765 0.822195 25.648165 0.455672 -6.753119 2.524356 4.477024 2.243541 -5.255034 -3.180157 14.282887 -0.826594 6.952502 -2e-06 -12.690598 -1e-06 16.131201 -17.586218 2.507181 1.665666 -1.955921 -2.878298 4.727797 -4.170586 4.993922 11.020522 3e-06 -1e-06 12.109048 -3.735714 -2.866784 -1e-06 -0.0 0.0 1.291986 -1.928549 -1.498087 14.800125 0.567468 3.865604 14.242568 -1.341736 -6.660655 19.631962 0.143926 -0.648244 50.181492 -0.494524 -6.291735 0.353029 -1.51115 -0.03194 20.22279 3.684309 2.31663 18.78727 5e-06 0.0 10.751625 -0.479868 1.397905 0.0 1e-06 1e-06 3.273806 0.305947 -0.580112 21.486809 11.830369 2.266132 8.162924 1e-06 -1e-06 18.399076 -3.798983 -4.940572 4e-06 0.0 -2e-06 1.733426 8.230169 -28.444897 0.051005 0.134213 4.10528 -5.015296 -0.698985 4.737706 1.631244 -1.956633 0.399056 -0.0 0.0 2e-06 3.869585 -12.186213 -30.056221 0.027764 -0.292073 8.848336 2.645664 -4.395525 1.115655 -1.421233 1.081698 0.108838 -0.0 0.0 -1e-06 
0.0 0.0 0.0 0.0 -0.0 0.0 -1.354954 100.628914 -3.265706 -0.322523 0.673771 21.079885 1.670265 0.384472 9.590559 -0.086611 -0.317579 -1.23344 -0.039167 -2.100296 21.785088 1.740533 1.32661 18.141342 -1.389448 -2.733815 -3.59201 -3.047178 -4.532719 -5.350404 7.7e-05 -2.3e-05 5e-06 -0.020232 0.000444 -0.102312 0.685076 -3.710627 -10.557946 -0.724863 3.721566 -10.590955 -0.96682 -14.154403 16.066927 -55.393562 -46.865601 20.730877 -0.341424 -24.922323 0.067853 7.316626 -0.602658 -2.401595 -5.882108 9.861286 0.70259 -10.936872 -0.360574 7.156202 -0.0 8.774824 -0.0 -16.583675 18.202534 5.952539 -1.844033 2.498505 -2.507277 -10.163601 4.678946 4.621109 -20.976027 -1e-06 1e-06 -21.226292 2.451697 -3.594002 -0.0 -5e-06 -1e-06 -1.362682 2.240798 -0.746324 -21.334913 0.584911 3.008319 -13.821213 -2e-06 0.0 -23.887173 -0.249078 -0.839485 -60.909676 2.475156 -1.438454 -0.294025 1.679687 0.833256 -14.21821 0.093217 1.300577 -34.212051 -0.287562 0.967165 -20.033218 0.964536 1.21284 -0.0 0.0 -0.0 -3.440389 0.788233 0.501656 -15.928187 -3.167308 2.999706 -6.338826 0.0 1e-06 -18.123451 3.648185 -4.905673 -5e-06 1e-06 -2e-06 2.483844 15.89837 17.078653 56.079216 48.062378 15.006121 0.723656 25.877642 0.426455 -6.791744 2.267124 3.892462 2.243543 -5.255038 -3.180158 14.282896 -0.826596 6.952501 -1e-06 -12.690608 0.0 16.136347 -17.604731 2.506762 1.665667 -1.955922 -2.8783 4.7278 -4.170589 4.993925 11.020531 2e-06 -1e-06 12.109058 -3.735717 -2.866786 -0.0 1e-06 0.0 1.291987 -1.92855 -1.498089 14.800132 0.567467 3.865606 14.242579 -1.341737 -6.660659 19.631975 0.143926 -0.648247 50.194172 -0.456904 -6.251887 0.353029 -1.511151 -0.03194 20.222801 3.684309 2.316627 18.787283 4e-06 -3e-06 10.751634 -0.47987 1.397904 -1e-06 2e-06 1e-06 3.273808 0.305947 -0.580112 21.486822 11.830378 2.26613 8.16293 1e-06 -4e-06 18.399092 -3.798985 -4.94058 4e-06 -1e-06 -1e-06 1.543803 8.197044 -30.685205 0.048115 0.118574 4.330607 -5.169088 -0.787618 5.202518 1.629584 -1.956901 0.393123 0.0 -0.0 2e-06 4.350113 -11.985624 -32.359322 0.032793 -0.292316 9.271125 2.421103 -4.520258 1.440412 -1.423217 1.092121 0.15708 -0.0 0.0 -1e-06 
0.0 0.0 0.0 0.0 -0.0 0.0 -1.411997 100.533272 -3.838079 -0.348695 0.833645 22.620785 1.762269 0.433595 10.309803 -0.06967 -0.374859 -0.850948 -0.038259 -2.121545 22.530794 1.902012 1.182249 18.274549 -1.306191 -2.560316 -3.64039 -2.971132 -4.543379 -5.796268 7.7e-05 -2.3e-05 6e-06 -0.008195 -0.007226 -0.108867 0.680617 -3.707285 -10.556747 -0.694988 3.701889 -10.585675 -0.219253 -14.761385 15.758686 -53.164001 -48.887135 18.190048 -0.369332 -24.973433 0.06067 7.618154 -0.858928 -2.984664 -5.882108 9.861284 0.70259 -10.936874 -0.360575 7.156207 1e-06 8.774824 -2e-06 -16.613834 18.207346 5.945097 -1.844033 2.498504 -2.507277 -10.163603 4.678944 4.621109 -20.976027 -2e-06 3e-06 -21.226292 2.451698 -3.593999 -0.0 -6e-06 -1e-06 -1.362682 2.240798 -0.746323 -21.334921 0.584909 3.008325 -13.821218 -3e-06 4e-06 -23.887182 -0.249078 -0.839483 -60.922398 2.434602 -1.363855 -0.294025 1.679687 0.833254 -14.218212 0.093214 1.300581 -34.212063 -0.287565 0.967174 -20.033218 0.964537 1.212845 -0.0 0.0 -0.0 -3.440389 0.788233 0.501656 -15.928189 -3.167309 2.999708 -6.338828 0.0 3e-06 -18.123449 3.648183 -4.905669 -5e-06 1e-06 -2e-06 1.63912 16.43018 16.755234 53.589085 50.530708 12.739298 0.62214 25.934679 0.395835 -6.829831 2.035811 3.288222 2.243542 -5.255037 -3.180158 14.282892 -0.826596 6.952505 -1e-06 -12.690605 0.0 16.144413 -17.617844 2.496461 1.665667 -1.955922 -2.878299 4.727799 -4.170588 4.993925 11.020528 1e-06 -1e-06 12.109053 -3.735717 -2.866785 -0.0 0.0 1e-06 1.291985 -1.92855 -1.498091 14.800129 0.567466 3.865609 14.242571 -1.341737 -6.66066 19.631969 0.143924 -0.648246 50.18874 -0.414849 -6.232623 0.353029 -1.51115 -0.031939 20.22279 3.684306 2.316633 18.787273 2e-06 0.0 10.751628 -0.479869 1.397907 -1e-06 2e-06 1e-06 3.273808 0.305947 -0.580111 21.486813 11.830373 2.266136 8.162928 -2e-06 0.0 18.399086 -3.798986 -4.940577 4e-06 0.0 -2e-06 1.353977 8.145872 -32.876026 0.040029 0.098982 4.446125 -5.329734 -0.863701 5.714327 1.628205 -1.953869 0.405239 -0.0 -0.0 2e-06 4.856916 -11.857725 -34.647991 0.041656 -0.288056 9.638111 2.247189 -4.544918 1.779887 -1.424668 1.104191 0.210272 -0.0 0.0 -1e-06 
0.0 0.0 0.0 0.0 -0.0 0.0 -1.456383 100.420807 -4.389616 -0.367029 0.990076 24.215382 1.848413 0.482492 11.022584 -0.040722 -0.441674 -0.464917 -0.007317 -2.130912 23.259951 2.135554 1.019312 18.46254 -1.22568 -2.361893 -3.705727 -2.984495 -4.533654 -6.236012 7.7e-05 -2.3e-05 4e-06 0.012516 -0.015669 -0.113166 0.6825 -3.706046 -10.556988 -0.654207 3.682354 -10.582475 0.550939 -15.393114 15.453226 -50.739017 -50.915367 15.357964 -0.417592 -24.905476 0.075929 7.896387 -1.05266 -3.613197 -5.882114 9.861297 0.702594 -10.936887 -0.360575 7.156213 1e-06 8.774837 2e-06 -16.623451 18.162233 5.929442 -1.844035 2.498507 -2.507281 -10.163612 4.678951 4.621112 -20.976053 -6e-06 -0.0 -21.226318 2.451696 -3.594006 -1e-06 -5e-06 -1e-06 -1.362684 2.2408 -0.746324 -21.334944 0.584909 3.008324 -13.82123 -5e-06 1e-06 -23.887205 -0.249082 -0.839487 -60.903999 2.415324 -1.304982 -0.294025 1.679689 0.833258 -14.218228 0.093214 1.300579 -34.212101 -0.28757 0.967168 -20.033239 0.964533 1.212844 -0.0 0.0 -0.0 -3.440393 0.788235 0.501656 -15.928206 -3.167313 2.999708 -6.338834 -1e-06 1e-06 -18.123474 3.648184 -4.905679 -5e-06 2e-06 -2e-06 0.759337 16.962008 16.406227 50.593792 52.873573 9.697013 0.522117 25.857132 0.37214 -6.844671 1.801986 2.751784 2.243543 -5.25504 -3.180158 14.282898 -0.826594 6.952506 -3e-06 -12.690616 0.0 16.157553 -17.634565 2.476791 1.665667 -1.955922 -2.878302 4.7278 -4.170591 4.993926 11.020532 4e-06 -2e-06 12.109058 -3.735717 -2.866785 1e-06 -0.0 0.0 1.291987 -1.928551 -1.49809 14.800136 0.56747 3.865609 14.242579 -1.341736 -6.660662 19.631979 0.143931 -0.648245 50.192245 -0.391011 -6.235757 0.353029 -1.511152 -0.031941 20.222803 3.684315 2.316631 18.787285 8e-06 1e-06 10.751635 -0.479868 1.397907 -1e-06 2e-06 -0.0 3.273808 0.305948 -0.580111 21.486828 11.830388 2.266133 8.16293 3e-06 -0.0 18.399088 -3.798986 -4.940575 4e-06 0.0 -2e-06 1.180884 8.029702 -35.126934 0.033709 0.084427 4.606381 -5.486623 -0.914175 6.189371 1.627515 -1.946198 0.430949 0.0 0.0 2e-06 5.405915 -11.807433 -37.010334 0.052363 -0.279253 10.041799 2.124125 -4.474193 2.094604 -1.42676 1.120218 0.261189 0.0 0.0 -1e-06 
0.0 0.0 0.0 0.0 -0.0 0.0 -1.482468 100.29068 -4.920338 -0.385351 1.144138 25.890409 1.943356 0.528689 11.719753 6.7e-05 -0.50086 -0.081899 0.050713 -2.127992 23.974798 2.417134 0.873548 18.665184 -1.140356 -2.178814 -3.777348 -3.102367 -4.547153 -6.757178 7.7e-05 -2.3e-05 6e-06 0.039408 -0.023455 -0.119357 0.687051 -3.707337 -10.560596 -0.604232 3.666927 -10.586817 1.39504 -16.036226 15.11841 -48.086613 -52.963306 12.324486 -0.470788 -24.779684 0.124141 8.120683 -1.16948 -4.268682 -5.882108 9.861288 0.702591 -10.936876 -0.360574 7.156207 1e-06 8.774828 0.0 -16.632784 18.104404 5.912989 -1.844033 2.498505 -2.507279 -10.163602 4.678946 4.621111 -20.97603 -4e-06 1e-06 -21.226292 2.451698 -3.594002 -1e-06 -7e-06 -1e-06 -1.362682 2.240798 -0.746325 -21.334921 0.58491 3.008324 -13.821218 -3e-06 2e-06 -23.88718 -0.249079 -0.839484 -60.881172 2.416744 -1.276007 -0.294025 1.679688 0.833255 -14.218212 0.093215 1.300579 -34.212063 -0.287565 0.96717 -20.033218 0.964536 1.212844 -0.0 0.0 -0.0 -3.440389 0.788234 0.501656 -15.928192 -3.16731 2.999707 -6.338827 -1e-06 2e-06 -18.123453 3.648184 -4.905673 -5e-06 -0.0 -1e-06 -0.207288 17.461693 16.011644 47.020058 55.035004 5.939039 0.437021 25.709599 0.346519 -6.856551 1.53378 2.231388 2.243542 -5.255037 -3.180158 14.282892 -0.826597 6.952503 -1e-06 -12.690604 1e-06 16.172834 -17.645006 2.446879 1.665666 -1.955921 -2.878299 4.727798 -4.170588 4.993924 11.020528 2e-06 -2e-06 12.109055 -3.735717 -2.866785 0.0 -0.0 2e-06 1.291986 -1.92855 -1.49809 14.800127 0.567467 3.865606 14.242571 -1.341737 -6.66066 19.631968 0.143925 -0.648246 50.21225 -0.390388 -6.248298 0.353029 -1.51115 -0.031941 20.22279 3.684309 2.31663 18.787273 4e-06 -2e-06 10.751629 -0.479868 1.397905 -0.0 1e-06 -0.0 3.273807 0.305946 -0.580111 21.486816 11.830372 2.266131 8.162928 -0.0 -1e-06 18.399084 -3.798987 -4.940577 3e-06 -1e-06 -1e-06 1.036021 7.850159 -37.486267 0.028511 0.076361 4.847835 -5.63531 -0.972125 6.618984 1.626189 -1.94387 0.468655 -0.0 0.0 2e-06 6.016143 -11.819606 -39.462498 0.062093 -0.272123 10.452312 2.013875 -4.312088 2.402164 -1.428949 1.133183 0.295638 0.0 0.0 -1e-06 
0.0 0.0 0.0 0.0 -0.0 0.0 -1.48844 100.148155 -5.411258 -0.393472 1.290329 27.652536 2.042663 0.564884 12.386088 0.052491 -0.550346 0.301397 0.122367 -2.107194 24.689335 2.741087 0.803784 18.874905 -1.063297 -2.039552 -3.855391 -3.293079 -4.607689 -7.341677 7.7e-05 -2.3e-05 5e-06 0.065465 -0.027073 -0.129109 0.690356 -3.707784 -10.570891 -0.554888 3.659451 -10.602252 2.306353 -16.667944 14.74483 -45.068535 -55.001007 9.116321 -0.523464 -24.638952 0.184488 8.228932 -1.151855 -4.857273 -5.882104 9.861281 0.702591 -10.936867 -0.360574 7.156203 -0.0 8.77482 -1e-06 -16.645008 18.057503 5.889687 -1.844032 2.498503 -2.507277 -10.163595 4.678943 4.621106 -20.976017 -1e-06 1e-06 -21.226274 2.451697 -3.594001 -0.0 -6e-06 -1e-06 -1.362681 2.240797 -0.746322 -21.334906 0.584911 3.008323 -13.821208 -2e-06 1e-06 -23.887165 -0.249077 -0.839484 -60.848927 2.435733 -1.275534 -0.294025 1.679687 0.833256 -14.218204 0.093217 1.300581 -34.21204 -0.287563 0.96717 -20.033205 0.964538 1.212843 -0.0 -1e-06 -0.0 -3.440387 0.788233 0.501656 -15.928179 -3.167306 2.999706 -6.338822 -0.0 3e-06 -18.12344 3.648183 -4.905668 -6e-06 -0.0 -1e-06 -1.263385 17.936913 15.549804 42.778584 56.938618 1.562147 0.373407 25.477613 0.330388 -6.825747 1.209611 1.717974 2.243542 -5.255036 -3.180156 14.28289 -0.826598 6.952506 1e-06 -12.6906 -1e-06 16.175917 -17.639935 2.416413 1.665667 -1.955921 -2.878299 4.727799 -4.170588 4.993921 11.020525 -0.0 -1e-06 12.109052 -3.735718 -2.866784 -0.0 0.0 0.0 1.291985 -1.928549 -1.498088 14.800127 0.567464 3.865608 14.242571 -1.341739 -6.660657 19.631969 0.14392 -0.648247 50.218239 -0.397507 -6.270805 0.353029 -1.51115 -0.031941 20.222788 3.684304 2.316629 18.78727 1e-06 -2e-06 10.751627 -0.479871 1.397906 -1e-06 2e-06 1e-06 3.273806 0.305947 -0.580109 21.486809 11.830366 2.266135 8.162927 1e-06 -0.0 18.39908 -3.798986 -4.940575 3e-06 -1e-06 -1e-06 0.895844 7.630317 -39.892662 0.027578 0.08182 5.054882 -5.79335 -1.034225 7.04817 1.6247 -1.944812 0.502193 0.0 -0.0 2e-06 6.685013 -11.887305 -41.984283 0.07082 -0.25284 10.835554 1.900344 -4.072668 2.707597 -1.430747 1.139762 0.303074 0.0 0.0 -1e-06 
0.0 0.0 0.0 0.0 -0.0 0.0 -1.474607 100.003525 -5.838013 -0.391252 1.394725 29.486485 2.139244 0.600727 13.018619 0.113905 -0.579981 0.686623 0.18729 -2.072385 25.411018 3.053923 0.842732 19.088081 -0.982687 -1.945401 -3.93047 -3.49956 -4.74941 -7.905252 7.7e-05 -2.3e-05 6e-06 0.090632 -0.025559 -0.141929 0.695395 -3.703557 -10.589864 -0.509031 3.658044 -10.626965 3.301072 -17.226213 14.2669 -41.673252 -56.943691 5.810117 -0.560826 -24.560158 0.229303 8.207666 -1.026192 -5.499648 -5.88211 9.861288 0.702591 -10.936877 -0.360573 7.156208 -1e-06 8.774827 0.0 -16.626232 18.009615 5.844176 -1.844033 2.498505 -2.507279 -10.163604 4.678947 4.621108 -20.97603 -1e-06 -0.0 -21.226294 2.451698 -3.594003 -0.0 -6e-06 -1e-06 -1.362682 2.240799 -0.746324 -21.334921 0.584912 3.008322 -13.821218 -1e-06 1e-06 -23.887182 -0.249075 -0.839486 -60.761868 2.458425 -1.322046 -0.294025 1.679687 0.833256 -14.218213 0.093217 1.300581 -34.212059 -0.287558 0.967167 -20.03322 0.96454 1.212841 -1e-06 1e-06 -0.0 -3.44039 0.788234 0.501655 -15.928192 -3.167307 2.999707 -6.338828 1e-06 2e-06 -18.123457 3.648185 -4.905674 -6e-06 1e-06 -1e-06 -2.401884 18.397963 15.019252 37.868515 58.49361 -3.348415 0.317719 25.192175 0.31674 -6.701999 0.857594 1.23414 2.243542 -5.255035 -3.180158 14.282887 -0.826596 6.952501 -0.0 -12.690598 -1e-06 16.166925 -17.627567 2.397754 1.665666 -1.955921 -2.878299 4.727798 -4.170587 4.993923 11.020526 2e-06 -4e-06 12.109053 -3.735715 -2.866785 -0.0 0.0 1e-06 1.291986 -1.928549 -1.49809 14.800125 0.567466 3.865606 14.242571 -1.341737 -6.660661 19.631968 0.143925 -0.648249 50.2258 -0.402799 -6.302196 0.353029 -1.51115 -0.03194 20.222786 3.684305 2.316627 18.78727 4e-06 -3e-06 10.751625 -0.47987 1.397904 -0.0 2e-06 -0.0 3.273806 0.305946 -0.580112 21.486809 11.830367 2.266127 8.162924 -0.0 -2e-06 18.39908 -3.798983 -4.940577 3e-06 0.0 -1e-06 0.721737 7.385147 -42.212776 0.030153 0.089959 5.100299 -5.90813 -1.099114 7.431762 1.624663 -1.951863 0.554529 0.0 -0.0 2e-06 7.371878 -11.943539 -44.496838 0.078636 -0.232412 11.109333 1.795568 -3.792443 3.035955 -1.431052 1.143384 0.2954 -0.0 0.0 -1e-06 
0.0 0.0 0.0 0.0 -0.0 0.0 -1.448508 99.846497 -6.199214 -0.389004 1.433533 31.385744 2.232635 0.648893 13.63789 0.174396 -0.580032 1.059626 0.256242 -2.028867 26.114456 3.279029 0.962499 19.350502 -0.897423 -1.891615 -3.993085 -3.665032 -4.983696 -8.423907 7.7e-05 -2.3e-05 6e-06 0.113706 -0.019991 -0.154582 0.701026 -3.696038 -10.620706 -0.467683 3.661646 -10.664287 4.379935 -17.682905 13.68998 -37.888069 -58.739067 2.367249 -0.578375 -24.589666 0.27251 8.072143 -0.82785 -6.156223 -5.882113 9.861297 0.702592 -10.936881 -0.360574 7.156215 1e-06 8.774835 1e-06 -16.597637 17.966705 5.787574 -1.844035 2.498507 -2.507282 -10.163611 4.678951 4.621115 -20.976044 -3e-06 -1e-06 -21.226307 2.4517 -3.594006 -0.0 -6e-06 -0.0 -1.362683 2.2408 -0.746324 -21.334936 0.584912 3.008325 -13.821227 -2e-06 -1e-06 -23.887199 -0.249081 -0.839488 -60.67606 2.479279 -1.381109 -0.294025 1.679689 0.833258 -14.218224 0.093216 1.300581 -34.212078 -0.287565 0.967167 -20.033232 0.964538 1.212843 -1e-06 1e-06 0.0 -3.440392 0.788235 0.501657 -15.928201 -3.167312 2.99971 -6.338831 -0.0 2e-06 -18.123466 3.648187 -4.905677 -6e-06 1e-06 -1e-06 -3.619854 18.798044 14.436505 32.430386 59.662815 -8.647998 0.273949 24.894688 0.308352 -6.489227 0.496083 0.587274 2.243546 -5.255043 -3.180161 14.282911 -0.826599 6.952511 -1e-06 -12.690619 2e-06 16.170578 -17.630009 2.365339 1.665669 -1.955924 -2.878303 4.727805 -4.170594 4.99393 11.020541 1e-06 -3e-06 12.109068 -3.735721 -2.86679 0.0 0.0 -1e-06 1.291988 -1.928551 -1.498091 14.800146 0.567466 3.865611 14.242591 -1.341738 -6.660667 19.63199 0.143924 -0.648249 50.231064 -0.399063 -6.353191 0.35303 -1.511152 -0.031941 20.22282 3.68431 2.31663 18.7873 3e-06 -3e-06 10.751645 -0.479868 1.397905 -1e-06 1e-06 -0.0 3.273811 0.305946 -0.580111 21.486843 11.830386 2.266131 8.162939 1e-06 -3e-06 18.399111 -3.79899 -4.940585 2e-06 -0.0 -1e-06 0.574494 7.21699 -44.622524 0.027126 0.088553 5.242624 -6.08733 -1.170703 7.801677 1.623778 -1.962792 0.634456 0.0 -0.0 2e-06 8.055752 -11.937716 -47.038612 0.092124 -0.220164 11.379133 1.716014 -3.499749 3.335275 -1.430282 1.139873 0.29226 0.0 0.0 -1e-06 
0.0 0.0 0.0 0.0 -0.0 0.0 -1.402696 99.678894 -6.484184 -0.399666 1.425285 33.297424 2.335311 0.699576 14.253034 0.224436 -0.540847 1.406742 0.344846 -1.981997 26.798155 3.360644 1.124102 19.671289 -0.79953 -1.892677 -4.043881 -3.75016 -5.269637 -8.905762 7.7e-05 -2.2e-05 6e-06 0.132607 -0.012059 -0.166276 0.701858 -3.684854 -10.658292 -0.429754 3.66701 -10.708232 5.451117 -18.03384 13.077919 -33.62151 -60.321163 -1.224521 -0.521527 -24.732882 0.299458 7.779678 -0.59056 -6.723207 -5.882111 9.861292 0.702592 -10.936878 -0.360574 7.156214 1e-06 8.774831 -0.0 -16.603504 17.914722 5.728544 -1.844033 2.498507 -2.507282 -10.163607 4.678948 4.621113 -20.97604 -2e-06 3e-06 -21.226301 2.451698 -3.594002 -0.0 -6e-06 -0.0 -1.362682 2.240799 -0.746322 -21.334929 0.584911 3.008326 -13.821223 -2e-06 3e-06 -23.887184 -0.249078 -0.839483 -60.644096 2.50006 -1.430988 -0.294025 1.679688 0.833257 -14.218219 0.093215 1.300582 -34.212074 -0.287564 0.967172 -20.03323 0.964537 1.212844 -1e-06 -0.0 0.0 -3.440391 0.788234 0.501656 -15.9282 -3.167312 2.999709 -6.33883 -1e-06 1e-06 -18.123461 3.648185 -4.905673 -6e-06 -0.0 -1e-06 -4.873419 19.085068 13.830876 26.67037 60.421104 -14.076104 0.2339 24.663048 0.304693 -6.206127 0.08498 -0.258471 2.24354 -5.255035 -3.180157 14.282887 -0.826593 6.952504 -4e-06 -12.690603 2e-06 16.19342 -17.646955 2.331894 1.665666 -1.955921 -2.878298 4.727797 -4.170587 4.993925 11.020524 5e-06 -3e-06 12.109051 -3.735714 -2.866784 0.0 -0.0 0.0 1.291985 -1.928549 -1.498088 14.800127 0.56747 3.865608 14.242568 -1.341733 -6.660659 19.631962 0.14393 -0.648243 50.24622 -0.409317 -6.413983 0.353028 -1.511151 -0.031941 20.222786 3.684314 2.31663 18.78727 7e-06 1e-06 10.751626 -0.479867 1.397908 -1e-06 2e-06 -1e-06 3.273806 0.305948 -0.580111 21.486809 11.830378 2.266132 8.162926 1e-06 0.0 18.399076 -3.798983 -4.940572 2e-06 -0.0 -1e-06 0.426273 7.091173 -47.085751 0.021392 0.080952 5.598407 -6.240389 -1.255495 8.003976 1.620934 -1.96348 0.707516 0.0 0.0 2e-06 8.72362 -11.874084 -49.542137 0.109423 -0.218055 11.652879 1.641389 -3.213881 3.588961 -1.428753 1.130701 0.270587 -0.0 0.0 -1e-06 
0.0 0.0 0.0 0.0 -0.0 0.0 -1.338281 99.512032 -6.685505 -0.427689 1.363593 35.218941 2.429555 0.754759 14.832447 0.254176 -0.462193 1.73971 0.446968 -1.943536 27.473787 3.24445 1.335756 20.015356 -0.641462 -1.930449 -4.072935 -3.6859 -5.569207 -9.289003 7.7e-05 -2.2e-05 6e-06 0.144841 -0.002917 -0.176995 0.696273 -3.668702 -10.703429 -0.398611 3.670624 -10.754463 6.447935 -18.27515 12.422665 -28.89743 -61.616577 -5.289835 -0.484409 -24.922674 0.340142 7.493142 -0.413186 -7.156493 -5.882109 9.861287 0.702591 -10.936874 -0.360574 7.156207 -1e-06 8.774827 1e-06 -16.608747 17.870256 5.686264 -1.844033 2.498505 -2.507278 -10.163603 4.678947 4.621109 -20.97603 -1e-06 2e-06 -21.226294 2.451699 -3.594001 0.0 -6e-06 -0.0 -1.362682 2.240799 -0.746323 -21.334917 0.584912 3.008324 -13.821217 -1e-06 1e-06 -23.887175 -0.249077 -0.839484 -60.635628 2.547769 -1.487622 -0.294025 1.679688 0.833257 -14.218212 0.093217 1.300582 -34.212048 -0.287561 0.967169 -20.033215 0.964539 1.212843 -2e-06 -0.0 -0.0 -3.440389 0.788234 0.501657 -15.928191 -3.16731 2.999708 -6.338829 -1e-06 2e-06 -18.123455 3.648185 -4.905672 -5e-06 -0.0 -1e-06 -6.079841 19.316376 13.206542 20.677362 60.730045 -19.472628 0.225086 24.50132 0.310099 -5.832576 -0.303371 -1.217923 2.243541 -5.255035 -3.180157 14.282887 -0.826593 6.952503 -3e-06 -12.6906 1e-06 16.231161 -17.654903 2.308645 1.665665 -1.955921 -2.878297 4.727797 -4.170586 4.993921 11.020522 4e-06 -3e-06 12.109047 -3.735713 -2.866784 0.0 -0.0 -0.0 1.291985 -1.928549 -1.498088 14.800123 0.567469 3.865606 14.242566 -1.341735 -6.660656 19.631958 0.143927 -0.648245 50.291725 -0.428215 -6.481084 0.353029 -1.51115 -0.031939 20.222786 3.68431 2.31663 18.78727 6e-06 0.0 10.751625 -0.479866 1.397905 -1e-06 1e-06 -1e-06 3.273806 0.305948 -0.580109 21.486809 11.830374 2.266133 8.162924 2e-06 -0.0 18.399075 -3.798985 -4.940572 2e-06 1e-06 -0.0 0.285002 6.936781 -49.585701 0.020999 0.070199 6.022645 -6.306753 -1.304617 8.206182 1.615767 -1.968053 0.780188 -0.0 -0.0 2e-06 9.344616 -11.72024 -51.943855 0.12791 -0.227037 11.833803 1.563668 -2.992605 3.839185 -1.424743 1.114967 0.232399 -0.0 0.0 -1e-06 
0.0 0.0 0.0 0.0 -0.0 0.0 -1.264067 99.345634 -6.79958 -0.445282 1.268061 37.11544 2.515303 0.803582 15.378845 0.265536 -0.361137 2.048962 0.545353 -1.90949 28.164986 2.968222 1.554316 20.391453 -0.456286 -1.976598 -4.088763 -3.481298 -5.866566 -9.510672 7.7e-05 -2.3e-05 6e-06 0.141812 0.006061 -0.186236 0.678954 -3.653039 -10.754465 -0.385896 3.674384 -10.803515 7.367946 -18.453478 11.776537 -23.76819 -62.630608 -9.971738 -0.487611 -25.033075 0.400096 7.357267 -0.298229 -7.473837 -5.882113 9.861293 0.702592 -10.93688 -0.360573 7.156212 0.0 8.774831 0.0 -16.601954 17.844069 5.67177 -1.844035 2.498506 -2.50728 -10.163609 4.67895 4.621113 -20.97604 1e-06 1e-06 -21.226307 2.451702 -3.594004 0.0 -6e-06 -0.0 -1.362683 2.2408 -0.746324 -21.334932 0.584915 3.008326 -13.821227 1e-06 0.0 -23.887192 -0.249075 -0.839487 -60.671528 2.613323 -1.515711 -0.294025 1.679688 0.833257 -14.21822 0.093218 1.300582 -34.212078 -0.287557 0.967168 -20.03323 0.964541 1.212841 -1e-06 1e-06 -1e-06 -3.440391 0.788235 0.501656 -15.928201 -3.167309 2.999711 -6.33883 -0.0 1e-06 -18.123459 3.648188 -4.905676 -5e-06 -0.0 -2e-06 -7.195603 19.519539 12.615209 14.549273 60.602657 -24.698839 0.241624 24.370466 0.334106 -5.44516 -0.634055 -2.307229 2.243542 -5.255037 -3.180159 14.282896 -0.826596 6.952503 -2e-06 -12.690605 1e-06 16.287115 -17.663406 2.298503 1.665667 -1.955922 -2.878298 4.727801 -4.170589 4.993926 11.02053 2e-06 -1e-06 12.109056 -3.735717 -2.866784 0.0 -0.0 -1e-06 1.291986 -1.928549 -1.49809 14.800132 0.567467 3.865608 14.242573 -1.341737 -6.660658 19.631973 0.143924 -0.648245 50.398609 -0.459036 -6.537572 0.353029 -1.511151 -0.031941 20.222797 3.684307 2.31663 18.787279 2e-06 -2e-06 10.751633 -0.47987 1.397906 -1e-06 1e-06 -1e-06 3.273808 0.305946 -0.58011 21.486816 11.830371 2.266132 8.16293 1e-06 -1e-06 18.399086 -3.798985 -4.940577 2e-06 1e-06 -0.0 0.152742 6.790469 -51.964668 0.022392 0.047737 6.498181 -6.311316 -1.334922 8.225276 1.61024 -1.97038 0.857235 -0.0 0.0 2e-06 9.854552 -11.480034 -54.246143 0.147903 -0.243678 12.02393 1.461406 -2.838413 4.028443 -1.420286 1.097852 0.216684 0.0 0.0 -1e-06 
0.0 0.0 0.0 0.0 -0.0 0.0 -1.191292 99.196083 -6.82193 -0.439779 1.147433 38.920452 2.595009 0.858186 15.911614 0.272949 -0.252819 2.321774 0.620963 -1.874743 28.874952 2.581108 1.712407 20.778522 -0.271883 -2.02414 -4.099261 -3.15629 -6.1351 -9.597822 7.7e-05 -2.3e-05 6e-06 0.126713 0.012495 -0.194458 0.651557 -3.641578 -10.803566 -0.38712 3.677115 -10.849801 8.199998 -18.626125 11.170313 -18.368307 -63.338223 -15.104708 -0.512761 -25.020405 0.455146 7.380521 -0.203246 -7.713659 -5.882108 9.861287 0.702592 -10.936873 -0.360573 7.156209 -0.0 8.774826 1e-06 -16.569754 17.81794 5.682688 -1.844033 2.498505 -2.507279 -10.163602 4.678947 4.621112 -20.976027 -1e-06 3e-06 -21.226288 2.4517 -3.594001 0.0 -6e-06 -1e-06 -1.362682 2.240798 -0.746323 -21.334917 0.584912 3.008325 -13.821218 0.0 2e-06 -23.88718 -0.249076 -0.839484 -60.726967 2.684481 -1.519089 -0.294025 1.679688 0.833254 -14.218211 0.093216 1.300581 -34.212051 -0.287559 0.967171 -20.033216 0.96454 1.212842 -1e-06 1e-06 0.0 -3.440389 0.788234 0.501656 -15.928185 -3.167307 2.999709 -6.338827 0.0 2e-06 -18.123451 3.648185 -4.905671 -5e-06 0.0 -1e-06 -8.177709 19.709 12.081406 8.540599 60.065231 -29.450788 0.239594 24.23033 0.354138 -5.038219 -0.890624 -3.646622 2.243542 -5.255036 -3.180157 14.282892 -0.826596 6.952503 -1e-06 -12.690603 1e-06 16.3388 -17.667564 2.306276 1.665666 -1.955921 -2.878298 4.727799 -4.170588 4.993926 11.020528 3e-06 -1e-06 12.109053 -3.735716 -2.866784 0.0 0.0 -1e-06 1.291986 -1.928549 -1.498089 14.800129 0.567467 3.865608 14.242576 -1.341736 -6.66066 19.631969 0.143924 -0.648247 50.544861 -0.491237 -6.568038 0.353029 -1.51115 -0.031939 20.222794 3.684307 2.316632 18.787273 2e-06 -1e-06 10.75163 -0.479869 1.397907 -1e-06 1e-06 -0.0 3.273807 0.305947 -0.580109 21.486814 11.830373 2.266133 8.162928 1e-06 0.0 18.399082 -3.798988 -4.940573 3e-06 1e-06 -2e-06 -0.002877 6.659701 -54.088112 0.024235 0.013078 6.799996 -6.240507 -1.330148 8.241596 1.606896 -1.956153 0.931366 0.0 0.0 2e-06 10.191309 -11.146476 -56.334419 0.160678 -0.258652 12.161312 1.334364 -2.775836 4.175651 -1.417134 1.083896 0.212383 0.0 0.0 -1e-06 
0.0 0.0 0.0 0.0 -0.0 0.0 -1.11908 99.065407 -6.760842 -0.404941 1.018097 40.638783 2.675202 0.921468 16.403612 0.280664 -0.144622 2.567933 0.681577 -1.841668 29.60257 2.136953 1.778197 21.09812 -0.104101 -2.070314 -4.111484 -2.760932 -6.384126 -9.619271 7.7e-05 -2.2e-05 6e-06 0.114642 0.016686 -0.204819 0.633028 -3.638928 -10.858193 -0.391139 3.684393 -10.90199 8.921503 -18.835863 10.634049 -12.72978 -63.709415 -20.540279 -0.532398 -24.919374 0.490957 7.52432 -0.158568 -7.938805 -5.882108 9.861284 0.702589 -10.936873 -0.360574 7.156205 0.0 8.774824 1e-06 -16.521408 17.784433 5.696197 -1.844033 2.498504 -2.507279 -10.163601 4.678945 4.621109 -20.976027 -2e-06 -1e-06 -21.22629 2.451697 -3.594002 0.0 -6e-06 -1e-06 -1.362682 2.240798 -0.746324 -21.334917 0.584911 3.008321 -13.821215 -2e-06 1e-06 -23.887175 -0.249079 -0.839486 -60.785496 2.763557 -1.533779 -0.294025 1.679687 0.833256 -14.218211 0.093217 1.300581 -34.212051 -0.287562 0.967166 -20.033215 0.964537 1.212841 -1e-06 -0.0 0.0 -3.440389 0.788234 0.501656 -15.928187 -3.167307 2.999707 -6.338825 -1e-06 1e-06 -18.123453 3.648182 -4.905674 -6e-06 -0.0 -2e-06 -9.033304 19.94367 11.602578 2.796227 59.145779 -33.626205 0.224176 23.985445 0.363112 -4.610135 -1.07009 -5.046387 2.243542 -5.255036 -3.180158 14.282887 -0.826597 6.952502 0.0 -12.690601 -0.0 16.375803 -17.669701 2.33177 1.665666 -1.955922 -2.878299 4.727799 -4.170587 4.993924 11.020524 1e-06 -2e-06 12.109051 -3.735716 -2.866784 0.0 -0.0 1e-06 1.291986 -1.928549 -1.498089 14.800125 0.567465 3.865609 14.24257 -1.341737 -6.660657 19.631962 0.143922 -0.648246 50.672417 -0.519447 -6.588755 0.353029 -1.51115 -0.031941 20.222788 3.684306 2.316631 18.78727 2e-06 -2e-06 10.751626 -0.479869 1.397906 -1e-06 1e-06 -1e-06 3.273807 0.305947 -0.58011 21.486809 11.830368 2.266135 8.162928 1e-06 -0.0 18.39908 -3.798986 -4.940577 3e-06 1e-06 -1e-06 -0.19054 6.536703 -55.94709 0.025721 -0.027665 6.882697 -6.13166 -1.301171 8.283963 1.604545 -1.924044 0.993187 0.0 0.0 2e-06 10.371355 -10.759922 -58.228107 0.15766 -0.268425 12.25141 1.238118 -2.777903 4.282426 -1.415685 1.067028 0.229985 -0.0 0.0 -1e-06 
0.0 0.0 0.0 0.0 -0.0 0.0 -1.04192 98.937706 -6.628105 -0.32647 0.868374 42.26844 2.739233 0.998577 16.866365 0.285747 -0.041599 2.786884 0.728273 -1.82151 30.314768 1.674129 1.776182 21.370447 0.056331 -2.113023 -4.119168 -2.365618 -6.609508 -9.66362 7.7e-05 -2.3e-05 6e-06 0.112174 0.021005 -0.217513 0.626735 -3.639834 -10.904848 -0.388685 3.695806 -10.947576 9.574547 -19.061008 10.185824 -7.009537 -63.742931 -26.046885 -0.546217 -24.805382 0.525409 7.698794 -0.141292 -8.171601 -5.882108 9.861288 0.70259 -10.936873 -0.360574 7.156207 0.0 8.774827 -0.0 -16.464041 17.751266 5.721453 -1.844033 2.498505 -2.507279 -10.163602 4.678946 4.621112 -20.976028 -3e-06 1e-06 -21.226292 2.451696 -3.594003 0.0 -6e-06 -1e-06 -1.362682 2.240799 -0.746324 -21.334921 0.584911 3.008323 -13.821217 -1e-06 2e-06 -23.887175 -0.249078 -0.839484 -60.844513 2.844626 -1.546777 -0.294025 1.679687 0.833256 -14.218212 0.093216 1.300582 -34.212059 -0.287563 0.967169 -20.033218 0.964539 1.212843 -1e-06 1e-06 0.0 -3.440389 0.788233 0.501655 -15.928189 -3.16731 2.999709 -6.338827 -0.0 2e-06 -18.123446 3.648185 -4.90567 -5e-06 0.0 -2e-06 -9.826844 20.227312 11.180581 -2.424605 57.925873 -37.107265 0.186168 23.654177 0.357196 -4.199878 -1.194001 -6.386414 2.243544 -5.255039 -3.180159 14.282902 -0.826599 6.952508 0.0 -12.690609 2e-06 16.394943 -17.663195 2.377324 1.665668 -1.955923 -2.878302 4.727803 -4.170591 4.993927 11.020535 1e-06 -1e-06 12.10906 -3.735719 -2.866786 -1e-06 -0.0 -1e-06 1.291987 -1.92855 -1.498089 14.800139 0.567464 3.865611 14.242584 -1.341738 -6.660663 19.631985 0.143923 -0.648247 50.758701 -0.551834 -6.578223 0.353029 -1.511151 -0.03194 20.222803 3.684307 2.316632 18.787289 1e-06 -1e-06 10.751635 -0.47987 1.397906 -1e-06 0.0 -0.0 3.273809 0.305946 -0.58011 21.486828 11.830376 2.266133 8.16293 -0.0 0.0 18.399099 -3.798989 -4.940581 2e-06 1e-06 -1e-06 -0.441093 6.42226 -57.683121 0.0204 -0.06741 7.017335 -6.015971 -1.293238 8.245881 1.602374 -1.884458 1.044441 0.0 -0.0 2e-06 10.397643 -10.363341 -60.030273 0.148172 -0.263845 12.469577 1.193369 -2.802876 4.272451 -1.416167 1.05349 0.251804 -0.0 0.0 -1e-06 
0.0 0.0 0.0 0.0 -0.0 0.0 -0.94947 98.821732 -6.446837 -0.204456 0.68087 43.807243 2.775903 1.079067 17.293802 0.288762 0.050609 3.000395 0.75266 -1.822352 31.001621 1.178366 1.722499 21.636131 0.218032 -2.117315 -4.127685 -1.942714 -6.774809 -9.772352 7.7e-05 -2.2e-05 6e-06 0.110454 0.024921 -0.231455 0.622639 -3.642924 -10.945969 -0.387579 3.708837 -10.984104 10.19066 -19.305771 9.787853 -1.435552 -63.411354 -31.361988 -0.55068 -24.676382 0.564096 7.931104 -0.138232 -8.569979 -5.882109 9.861293 0.702592 -10.936877 -0.360574 7.15621 1e-06 8.774833 1e-06 -16.416273 17.733236 5.756901 -1.844033 2.498507 -2.507281 -10.163605 4.678949 4.621113 -20.976038 -5e-06 0.0 -21.226299 2.451696 -3.594003 0.0 -6e-06 -1e-06 -1.362682 2.2408 -0.746323 -21.334929 0.584909 3.008326 -13.821223 -3e-06 2e-06 -23.887184 -0.249081 -0.839483 -60.88298 2.926178 -1.560652 -0.294025 1.679689 0.833256 -14.218217 0.093215 1.300581 -34.212074 -0.287567 0.96717 -20.033226 0.964538 1.212845 -1e-06 -0.0 0.0 -3.44039 0.788234 0.501655 -15.928196 -3.167312 2.999709 -6.33883 -2e-06 2e-06 -18.123457 3.648185 -4.905674 -5e-06 -1e-06 -2e-06 -10.598474 20.579348 10.786397 -7.046798 56.44421 -39.803017 0.133921 23.274502 0.335529 -3.745763 -1.269075 -7.676784 2.243545 -5.25504 -3.18016 14.282905 -0.826598 6.952509 -1e-06 -12.690616 3e-06 16.392351 -17.643291 2.438101 1.665668 -1.955922 -2.878302 4.727804 -4.170592 4.993929 11.020538 2e-06 -3e-06 12.109063 -3.735719 -2.866785 0.0 -0.0 -0.0 1.291987 -1.928551 -1.49809 14.800142 0.567466 3.86561 14.242585 -1.341737 -6.660665 19.631987 0.143925 -0.648249 50.806694 -0.589535 -6.543256 0.35303 -1.511152 -0.031939 20.222809 3.68431 2.316629 18.787291 4e-06 -2e-06 10.751638 -0.47987 1.397905 -1e-06 1e-06 -1e-06 3.27381 0.305947 -0.580113 21.486834 11.830384 2.266131 8.162935 0.0 -3e-06 18.399103 -3.798991 -4.940581 2e-06 1e-06 -1e-06 -0.704335 6.264225 -59.211506 0.015707 -0.086258 7.029651 -5.888098 -1.289606 8.20799 1.601075 -1.85438 1.076378 0.0 0.0 2e-06 10.292802 -9.98701 -61.709816 0.132419 -0.250194 12.707901 1.202293 -2.86364 4.217233 -1.417672 1.047748 0.292623 0.0 0.0 -1e-06 
0.0 0.0 0.0 0.0 -0.0 0.0 -0.834686 98.714447 -6.21918 -0.057188 0.445465 45.277214 2.783731 1.148174 17.707441 0.289847 0.133993 3.20943 0.742845 -1.842315 31.676144 0.686054 1.62249 21.913342 0.375017 -2.06271 -4.132392 -1.505049 -6.858647 -9.95281 7.7e-05 -2.3e-05 5e-06 0.102969 0.026988 -0.245808 0.608829 -3.644691 -10.98208 -0.388849 3.717665 -11.005881 10.814791 -19.545979 9.446445 3.921154 -62.699341 -36.334236 -0.5078 -24.574879 0.608386 8.211909 -0.137802 -9.19498 -5.882111 9.861292 0.702589 -10.936878 -0.360574 7.156209 1e-06 8.774831 -2e-06 -16.380281 17.717869 5.803053 -1.844034 2.498507 -2.507278 -10.163605 4.678948 4.621109 -20.976038 -2e-06 0.0 -21.226303 2.451699 -3.594005 0.0 -6e-06 -0.0 -1.362683 2.240799 -0.746324 -21.334929 0.584912 3.008322 -13.821223 -2e-06 1e-06 -23.887188 -0.249078 -0.839486 -60.900753 2.995858 -1.561961 -0.294025 1.679688 0.833256 -14.218217 0.093216 1.30058 -34.21207 -0.287563 0.967168 -20.033228 0.964538 1.212842 -1e-06 1e-06 -0.0 -3.440391 0.788234 0.501654 -15.928198 -3.167311 2.999707 -6.338829 -1e-06 1e-06 -18.123459 3.648184 -4.905676 -5e-06 0.0 -1e-06 -11.364159 20.971655 10.377421 -11.10733 54.745979 -41.75629 0.072484 22.918362 0.306668 -3.241877 -1.287729 -8.979588 2.243545 -5.25504 -3.180159 14.282904 -0.826599 6.952507 0.0 -12.69061 3e-06 16.377691 -17.610964 2.495695 1.665668 -1.955923 -2.878299 4.727804 -4.170591 4.993928 11.020538 0.0 -2e-06 12.109064 -3.73572 -2.866787 1e-06 0.0 -0.0 1.291987 -1.928551 -1.49809 14.800142 0.567465 3.865609 14.242588 -1.341739 -6.660664 19.631987 0.143922 -0.648248 50.843353 -0.626832 -6.489245 0.35303 -1.511152 -0.031939 20.222809 3.684307 2.316631 18.787289 1e-06 -4e-06 10.751638 -0.479871 1.397905 -1e-06 0.0 -1e-06 3.27381 0.305946 -0.58011 21.486832 11.830378 2.266131 8.162935 1e-06 -2e-06 18.399103 -3.79899 -4.940583 2e-06 1e-06 -0.0 -0.942133 6.049337 -60.604542 0.014442 -0.090309 7.017925 -5.743679 -1.219399 8.126306 1.600609 -1.83721 1.111694 -0.0 -0.0 2e-06 10.091486 -9.633691 -63.28817 0.107558 -0.231401 12.948828 1.255544 -2.964132 4.130806 -1.419797 1.054818 0.357811 -0.0 0.0 -1e-06 
0.0 0.0 0.0 0.0 -0.0 0.0 -0.70024 98.611923 -5.955689 0.104147 0.146845 46.694695 2.753294 1.192749 18.121878 0.272548 0.210298 3.408921 0.70214 -1.880375 32.326389 0.239836 1.509426 22.184427 0.515196 -1.965904 -4.134143 -1.087932 -6.851664 -10.180197 7.7e-05 -2.2e-05 6e-06 0.088246 0.026706 -0.260424 0.582904 -3.641349 -11.011548 -0.392825 3.717535 -11.014408 11.472422 -19.75425 9.136123 8.869912 -61.633831 -40.749973 -0.409606 -24.46833 0.646417 8.478896 -0.169074 -9.982571 -5.88211 9.861285 0.702589 -10.936877 -0.360575 7.156206 0.0 8.774825 -1e-06 -16.365799 17.693947 5.840847 -1.844033 2.498505 -2.507278 -10.163603 4.678945 4.621109 -20.976028 -3e-06 2e-06 -21.226295 2.451698 -3.594002 1e-06 -7e-06 -0.0 -1.362682 2.240798 -0.746324 -21.334921 0.58491 3.008323 -13.821218 -1e-06 2e-06 -23.887178 -0.249077 -0.839484 -60.919037 3.016885 -1.548923 -0.294025 1.679687 0.833256 -14.218212 0.093216 1.300581 -34.212063 -0.287563 0.967168 -20.033218 0.964536 1.212842 -1e-06 0.0 0.0 -3.440389 0.788234 0.501655 -15.928191 -3.167308 2.999708 -6.338827 0.0 1e-06 -18.123453 3.648182 -4.905673 -6e-06 0.0 -2e-06 -12.104057 21.370695 9.927424 -14.653022 52.90427 -43.095352 0.023767 22.641333 0.273853 -2.716482 -1.296092 -10.248431 2.243541 -5.255036 -3.180157 14.282887 -0.826595 6.952502 -1e-06 -12.690601 1e-06 16.352024 -17.569969 2.543781 1.665666 -1.95592 -2.878297 4.727799 -4.170586 4.993923 11.020526 2e-06 -0.0 12.109052 -3.735716 -2.866783 1e-06 0.0 -1e-06 1.291986 -1.928548 -1.498089 14.800125 0.567467 3.865606 14.242568 -1.341737 -6.660655 19.631968 0.143925 -0.648245 50.865284 -0.659512 -6.417656 0.353029 -1.51115 -0.03194 20.222786 3.684306 2.316631 18.78727 3e-06 0.0 10.751626 -0.47987 1.397906 -1e-06 0.0 -0.0 3.273806 0.305947 -0.58011 21.486809 11.830367 2.266132 8.162928 1e-06 -1e-06 18.39908 -3.798984 -4.940574 2e-06 1e-06 -1e-06 -1.161879 5.79844 -61.919716 0.017581 -0.095317 7.042982 -5.586996 -1.076501 7.984625 1.60061 -1.831567 1.153467 0.0 0.0 2e-06 9.836025 -9.31366 -64.793442 0.077542 -0.213869 13.185682 1.350457 -3.048372 4.027307 -1.421189 1.073738 0.442977 -0.0 0.0 -1e-06 
0.0 0.0 0.0 0.0 -0.0 0.0 -0.546429 98.510384 -5.661309 0.267792 -0.209685 48.06683 2.679253 1.211192 18.520548 0.237942 0.272574 3.608036 0.627585 -1.934465 32.936623 -0.174721 1.389336 22.403725 0.636109 -1.811999 -4.138017 -0.682814 -6.748351 -10.452761 7.7e-05 -2.3e-05 6e-06 0.070278 0.024253 -0.275255 0.551447 -3.636428 -11.031585 -0.39805 3.712235 -11.008378 12.185703 -19.925447 8.853147 13.317559 -60.260456 -44.489372 -0.269088 -24.285791 0.676361 8.692104 -0.213114 -10.918633 -5.882114 9.861292 0.702591 -10.936883 -0.360573 7.15621 0.0 8.774831 -1e-06 -16.332596 17.650223 5.872587 -1.844035 2.498506 -2.507279 -10.163611 4.678949 4.621113 -20.976044 -1e-06 2e-06 -21.226307 2.4517 -3.594005 1e-06 -5e-06 -0.0 -1.362683 2.2408 -0.746325 -21.334934 0.584913 3.008325 -13.821229 0.0 1e-06 -23.887192 -0.249076 -0.839486 -60.903748 3.002302 -1.523012 -0.294025 1.679689 0.833256 -14.218224 0.093217 1.300581 -34.212082 -0.28756 0.967167 -20.033232 0.964538 1.212842 -1e-06 -0.0 -0.0 -3.440392 0.788235 0.501657 -15.928203 -3.16731 2.999708 -6.338831 -1e-06 1e-06 -18.12347 3.648186 -4.905674 -6e-06 1e-06 -2e-06 -12.787744 21.788969 9.464897 -17.774179 50.954067 -43.916508 -0.044987 22.438498 0.250414 -2.163341 -1.290556 -11.411761 2.243544 -5.25504 -3.180158 14.282902 -0.826598 6.952504 -2e-06 -12.690611 3e-06 16.322725 -17.523119 2.581826 1.665668 -1.955922 -2.878299 4.727803 -4.170591 4.993926 11.020536 2e-06 -3e-06 12.10906 -3.735719 -2.866785 1e-06 -0.0 0.0 1.291987 -1.92855 -1.498091 14.800139 0.567466 3.865608 14.242585 -1.341738 -6.660661 19.631985 0.143924 -0.648248 50.862095 -0.67957 -6.354429 0.353029 -1.511151 -0.03194 20.222805 3.684308 2.316628 18.787292 4e-06 -3e-06 10.751636 -0.47987 1.397905 -1e-06 0.0 0.0 3.27381 0.305947 -0.580112 21.486828 11.830377 2.26613 8.162931 1e-06 -2e-06 18.399097 -3.798986 -4.940581 3e-06 0.0 -2e-06 -1.382139 5.536456 -63.210594 0.023347 -0.109869 7.178321 -5.404077 -0.874195 7.759092 1.602428 -1.826957 1.17978 -0.0 -0.0 2e-06 9.536692 -9.020252 -66.23951 0.049937 -0.191037 13.426126 1.511431 -3.11219 3.904865 -1.420744 1.096156 0.52011 -0.0 0.0 -1e-06 
0.0 0.0 0.0 0.0 -0.0 0.0 -0.370618 98.406784 -5.350297 0.402711 -0.626205 49.420223 2.570923 1.207651 18.887232 0.183443 0.318126 3.79809 0.519808 -1.991519 33.485386 -0.585566 1.260724 22.571724 0.732019 -1.631895 -4.134758 -0.302476 -6.541781 -10.79852 7.7e-05 -2.2e-05 5e-06 0.055404 0.022309 -0.287617 0.522044 -3.628757 -11.041161 -0.399179 3.70486 -10.989214 12.931652 -20.051115 8.58091 17.226339 -58.631527 -47.339439 -0.059859 -23.984026 0.666978 8.820983 -0.222512 -12.044483 -5.88211 9.86129 0.70259 -10.936877 -0.360574 7.156211 -1e-06 8.774828 -1e-06 -16.255428 17.591082 5.919053 -1.844033 2.498506 -2.507279 -10.163604 4.678947 4.621113 -20.97603 -3e-06 3e-06 -21.226292 2.451699 -3.594002 1e-06 -6e-06 -0.0 -1.362682 2.240799 -0.746324 -21.334925 0.584912 3.008325 -13.82122 -2e-06 2e-06 -23.887182 -0.249078 -0.839485 -60.874901 2.978949 -1.520973 -0.294025 1.679688 0.833256 -14.218215 0.093215 1.300581 -34.212063 -0.287562 0.967172 -20.033226 0.96454 1.212843 -1e-06 0.0 0.0 -3.44039 0.788234 0.501658 -15.928194 -3.16731 2.999711 -6.338828 -1e-06 2e-06 -18.123457 3.648185 -4.905674 -5e-06 0.0 -2e-06 -13.416254 22.221842 8.996399 -20.570562 48.9683 -44.342888 -0.15145 22.255116 0.212939 -1.552006 -1.245383 -12.45542 2.243542 -5.255039 -3.180159 14.282898 -0.826596 6.952508 -3e-06 -12.69061 2e-06 16.307432 -17.484217 2.622011 1.665667 -1.955922 -2.8783 4.727801 -4.170589 4.993929 11.020531 4e-06 -1e-06 12.109058 -3.735717 -2.866785 1e-06 0.0 -1e-06 1.291986 -1.92855 -1.498089 14.800136 0.567469 3.865611 14.242578 -1.341736 -6.660662 19.631973 0.143928 -0.648246 50.882729 -0.698016 -6.297809 0.353029 -1.511151 -0.031939 20.222801 3.684311 2.316631 18.787281 5e-06 0.0 10.751633 -0.479869 1.397907 -2e-06 0.0 0.0 3.273808 0.305948 -0.580112 21.486822 11.830379 2.266135 8.16293 2e-06 -1e-06 18.399088 -3.798985 -4.940576 3e-06 0.0 -1e-06 -1.614226 5.304598 -64.551399 0.030865 -0.125315 7.487441 -5.196714 -0.643421 7.439772 1.604003 -1.820604 1.191364 0.0 -0.0 2e-06 9.231503 -8.73161 -67.634239 0.025709 -0.16352 13.611168 1.706078 -3.127043 3.806658 -1.419309 1.114434 0.571662 -0.0 0.0 -1e-06 
0.0 0.0 0.0 0.0 -0.0 0.0 -0.173268 98.301552 -5.033864 0.507768 -1.100973 50.760174 2.437617 1.189472 19.217855 0.110949 0.335756 3.977173 0.394093 -2.049839 33.984264 -0.987718 1.127281 22.676634 0.809794 -1.423545 -4.130234 0.038871 -6.274914 -11.232132 7.7e-05 -2.2e-05 6e-06 0.03693 0.017732 -0.296749 0.491614 -3.624321 -11.055613 -0.406472 3.695145 -10.971354 13.690484 -20.14333 8.314705 20.690552 -56.793869 -49.285522 0.234381 -23.511927 0.60635 8.879395 -0.145068 -13.274568 -5.882113 9.861292 0.702591 -10.93688 -0.360572 7.15621 0.0 8.77483 0.0 -16.163023 17.514765 5.977656 -1.844035 2.498506 -2.50728 -10.163608 4.678949 4.621113 -20.97604 0.0 1e-06 -21.226303 2.4517 -3.594005 0.0 -7e-06 -1e-06 -1.362683 2.2408 -0.746323 -21.33493 0.584914 3.008324 -13.821225 0.0 1e-06 -23.887192 -0.249076 -0.839488 -60.832111 2.947596 -1.507677 -0.294025 1.679688 0.833255 -14.218221 0.093218 1.300581 -34.212078 -0.287559 0.967165 -20.033232 0.964539 1.21284 -1e-06 0.0 0.0 -3.440391 0.788234 0.501656 -15.928201 -3.167309 2.999708 -6.33883 1e-06 1e-06 -18.123461 3.648186 -4.905676 -5e-06 1e-06 -3e-06 -14.050775 22.669926 8.505527 -23.089279 46.965988 -44.470669 -0.276808 22.066889 0.168772 -0.94521 -1.104295 -13.45127 2.243544 -5.255038 -3.180159 14.282899 -0.826597 6.952504 -2e-06 -12.690607 4e-06 16.323484 -17.462788 2.647377 1.665668 -1.955922 -2.878301 4.727802 -4.170589 4.993927 11.020535 1e-06 -1e-06 12.10906 -3.735717 -2.866786 1e-06 0.0 -0.0 1.291986 -1.92855 -1.49809 14.800138 0.567466 3.865608 14.242584 -1.341736 -6.660662 19.631981 0.143925 -0.648248 50.90667 -0.701288 -6.262841 0.353029 -1.51115 -0.03194 20.222803 3.684308 2.316629 18.787285 4e-06 -4e-06 10.751634 -0.479869 1.397905 -2e-06 0.0 0.0 3.273809 0.305947 -0.580111 21.486828 11.830376 2.26613 8.162933 1e-06 -1e-06 18.399094 -3.798988 -4.940578 3e-06 1e-06 -1e-06 -1.882901 5.117378 -65.927261 0.039471 -0.130163 7.910688 -4.964161 -0.405311 7.062952 1.605484 -1.812876 1.197603 0.0 0.0 2e-06 8.912724 -8.442204 -68.979034 0.008292 -0.141127 13.719864 1.919103 -3.08216 3.751585 -1.417997 1.125863 0.616034 0.0 0.0 -1e-06 
0.0 0.0 0.0 0.0 -0.0 0.0 0.03988 98.204109 -4.71165 0.563313 -1.621054 52.094501 2.294891 1.158085 19.519255 0.020766 0.336507 4.139113 0.253314 -2.103843 34.420731 -1.38489 0.977015 22.71146 0.882001 -1.200547 -4.11671 0.32756 -5.957855 -11.719021 7.7e-05 -2.2e-05 6e-06 0.024224 0.014316 -0.303404 0.468785 -3.61865 -11.075187 -0.410014 3.685873 -10.950084 14.450213 -20.210211 8.060065 23.764971 -54.790089 -50.460533 0.566891 -22.894785 0.510237 8.941067 -0.012381 -14.484316 -5.882111 9.861292 0.70259 -10.93688 -0.360573 7.156213 -0.0 8.774831 0.0 -16.092129 17.432686 6.030216 -1.844034 2.498506 -2.50728 -10.163607 4.678948 4.621113 -20.976038 -2e-06 2e-06 -21.226303 2.4517 -3.594003 1e-06 -6e-06 -0.0 -1.362682 2.240799 -0.746324 -21.334929 0.584913 3.008326 -13.821224 -1e-06 2e-06 -23.887184 -0.249076 -0.839485 -60.790379 2.936319 -1.495209 -0.294025 1.679688 0.833258 -14.218218 0.093216 1.300581 -34.212074 -0.287561 0.96717 -20.033228 0.964539 1.212842 -1e-06 1e-06 -1e-06 -3.440391 0.788234 0.501657 -15.928201 -3.16731 2.99971 -6.338831 -1e-06 2e-06 -18.123459 3.648187 -4.905673 -5e-06 -0.0 -2e-06 -14.71866 23.125626 8.011265 -25.426413 44.952808 -44.344677 -0.408799 21.83844 0.110235 -0.364196 -0.883901 -14.355702 2.243544 -5.255039 -3.180161 14.282898 -0.826596 6.952507 -2e-06 -12.690609 2e-06 16.369179 -17.461641 2.662522 1.665668 -1.955922 -2.878301 4.727801 -4.17059 4.993927 11.020534 2e-06 -1e-06 12.109059 -3.735717 -2.866787 1e-06 0.0 -0.0 1.291987 -1.92855 -1.49809 14.800136 0.567467 3.86561 14.24258 -1.341736 -6.660665 19.631977 0.143926 -0.648248 50.944935 -0.705863 -6.240811 0.353029 -1.511151 -0.031942 20.222805 3.68431 2.316631 18.787287 4e-06 -2e-06 10.751636 -0.47987 1.397906 -1e-06 1e-06 0.0 3.273809 0.305947 -0.580111 21.486824 11.830379 2.266131 8.162931 1e-06 -0.0 18.399092 -3.798987 -4.940579 3e-06 1e-06 -2e-06 -2.148066 4.972214 -67.274574 0.055547 -0.116919 8.306039 -4.688715 -0.167793 6.689203 1.606994 -1.816299 1.203198 0.0 0.0 2e-06 8.623196 -8.148179 -70.224884 -0.003391 -0.12473 13.640709 2.096101 -2.967087 3.795469 -1.416115 1.130011 0.664149 0.0 0.0 -1e-06 
0.0 0.0 0.0 0.0 -0.0 0.0 0.257683 98.107185 -4.39443 0.570605 -2.153643 53.415611 2.153729 1.104295 19.805082 -0.074141 0.320398 4.290513 0.087391 -2.149272 34.799137 -1.771223 0.816694 22.65633 0.92693 -0.972553 -4.100276 0.585315 -5.59505 -12.183147 7.7e-05 -2.2e-05 4e-06 0.008495 0.008184 -0.311132 0.445695 -3.615511 -11.091218 -0.41932 3.672929 -10.925667 15.195992 -20.229963 7.833255 26.578278 -52.650223 -50.9758 0.883198 -22.155867 0.396455 9.050673 0.209532 -15.554279 -5.882108 9.861284 0.702589 -10.936875 -0.360575 7.156208 2e-06 8.774824 -1e-06 -16.055494 17.345913 6.069304 -1.844033 2.498504 -2.507278 -10.163603 4.678945 4.621109 -20.976027 -2e-06 3e-06 -21.226292 2.451699 -3.593999 -1e-06 -5e-06 -0.0 -1.362682 2.240798 -0.746323 -21.334917 0.58491 3.008324 -13.821218 -1e-06 2e-06 -23.887175 -0.249078 -0.839482 -60.758694 2.95153 -1.479317 -0.294025 1.679687 0.833256 -14.218213 0.093215 1.300583 -34.212059 -0.28756 0.967172 -20.033218 0.964539 1.212844 -1e-06 1e-06 -0.0 -3.440389 0.788233 0.501656 -15.928189 -3.167309 2.999708 -6.338827 -1e-06 2e-06 -18.123453 3.648183 -4.90567 -6e-06 0.0 -2e-06 -15.465897 23.563612 7.505418 -27.587122 42.955841 -44.044666 -0.521203 21.563551 0.043923 0.103419 -0.546865 -15.178262 2.243543 -5.255039 -3.180161 14.282898 -0.826596 6.952507 -1e-06 -12.690609 1e-06 16.422991 -17.464735 2.679893 1.665667 -1.955922 -2.878302 4.727801 -4.170589 4.993927 11.02053 2e-06 -1e-06 12.109058 -3.735716 -2.866786 -0.0 -0.0 -0.0 1.291986 -1.92855 -1.498091 14.800136 0.567467 3.865611 14.242577 -1.341736 -6.660663 19.631975 0.143925 -0.648246 50.982277 -0.719637 -6.217264 0.353029 -1.511151 -0.031939 20.222801 3.68431 2.316633 18.787287 3e-06 0.0 10.751634 -0.47987 1.397907 -1e-06 0.0 1e-06 3.273808 0.305946 -0.580112 21.486824 11.830377 2.266135 8.16293 1e-06 1e-06 18.399092 -3.798988 -4.940577 3e-06 1e-06 -2e-06 -2.405583 4.867427 -68.634514 0.077839 -0.093228 8.747741 -4.367447 0.047862 6.299181 1.610261 -1.833727 1.228418 0.0 0.0 2e-06 8.369126 -7.844873 -71.401207 -0.01766 -0.1183 13.445989 2.23997 -2.800432 3.902359 -1.412709 1.125288 0.72501 0.0 0.0 -1e-06 
0.0 0.0 0.0 0.0 -0.0 0.0 0.472989 98.011833 -4.098295 0.531497 -2.660648 54.670448 2.02577 1.036717 20.072422 -0.158416 0.295407 4.437764 -0.124985 -2.193108 35.12989 -2.09305 0.659883 22.535383 0.927746 -0.772893 -4.08045 0.792641 -5.221145 -12.617929 7.7e-05 -2.2e-05 6e-06 -0.015775 -0.004827 -0.318951 0.415286 -3.622533 -11.100828 -0.438301 3.655606 -10.903312 15.905851 -20.183943 7.625121 29.06562 -50.475239 -50.950275 1.162231 -21.410969 0.277597 9.222434 0.531131 -16.567894 -5.882105 9.861283 0.702589 -10.93687 -0.360575 7.156204 0.0 8.774824 -1e-06 -16.026897 17.255239 6.091522 -1.844032 2.498503 -2.507278 -10.163599 4.678944 4.621109 -20.976021 -4e-06 1e-06 -21.226284 2.451695 -3.593999 -1e-06 -6e-06 -0.0 -1.362682 2.240798 -0.746323 -21.334911 0.584908 3.008321 -13.82121 -3e-06 1e-06 -23.887167 -0.24908 -0.839483 -60.734154 2.97421 -1.467221 -0.294025 1.679687 0.833255 -14.218207 0.093215 1.30058 -34.212048 -0.287566 0.967169 -20.033211 0.964536 1.212843 0.0 2e-06 -0.0 -3.440388 0.788233 0.501656 -15.928185 -3.167308 2.999705 -6.338825 -1e-06 2e-06 -18.123444 3.64818 -4.90567 -4e-06 -1e-06 -2e-06 -16.221172 23.965797 6.998537 -29.567831 41.024757 -43.723423 -0.551021 21.294333 -0.001416 0.383629 -0.115979 -15.931754 2.243541 -5.255037 -3.180158 14.28289 -0.826594 6.952506 -4e-06 -12.690605 2e-06 16.453573 -17.448694 2.705789 1.665666 -1.955922 -2.878299 4.727799 -4.170588 4.993927 11.020525 3e-06 -1e-06 12.109052 -3.735716 -2.866784 1e-06 -1e-06 0.0 1.291985 -1.92855 -1.498088 14.800129 0.567469 3.865609 14.242569 -1.341735 -6.660657 19.631969 0.143927 -0.648243 51.009132 -0.728128 -6.187213 0.353029 -1.51115 -0.031941 20.222794 3.684311 2.316631 18.78727 4e-06 1e-06 10.751629 -0.479869 1.397907 -2e-06 1e-06 0.0 3.273807 0.305947 -0.580111 21.486816 11.830378 2.266134 8.162928 2e-06 2e-06 18.399084 -3.798986 -4.940574 3e-06 1e-06 -1e-06 -2.633053 4.795485 -69.965652 0.099876 -0.081375 9.239509 -4.044482 0.249842 5.899668 1.614276 -1.843692 1.291181 0.0 0.0 2e-06 8.158532 -7.543923 -72.474556 -0.035406 -0.120417 13.172873 2.331057 -2.613263 4.053236 -1.409144 1.122733 0.813434 -0.0 0.0 -1e-06 
0.0 0.0 0.0 0.0 -0.0 0.0 0.680011 97.928429 -3.823261 0.464401 -3.117615 55.861961 1.908125 0.96352 20.323219 -0.228051 0.275567 4.58198 -0.364525 -2.249225 35.421261 -2.324096 0.51444 22.409544 0.877672 -0.658577 -4.055146 0.943111 -4.858993 -13.091204 7.7e-05 -2.2e-05 6e-06 -0.042223 -0.021593 -0.324608 0.377797 -3.636081 -11.103566 -0.454465 3.63662 -10.885465 16.577129 -20.062778 7.446608 31.27528 -48.333443 -50.765152 1.36804 -20.713512 0.18262 9.474522 0.848199 -17.617067 -5.882112 9.86129 0.702591 -10.93688 -0.360574 7.156209 0.0 8.774828 -1e-06 -15.994613 17.167591 6.102906 -1.844034 2.498506 -2.507279 -10.163609 4.678948 4.621109 -20.97604 -1e-06 1e-06 -21.226303 2.451699 -3.594003 -1e-06 -6e-06 -0.0 -1.362683 2.2408 -0.746324 -21.33493 0.584912 3.008323 -13.821223 -2e-06 1e-06 -23.887188 -0.249078 -0.839486 -60.681431 3.000271 -1.4648 -0.294025 1.679688 0.833256 -14.218219 0.093216 1.30058 -34.212074 -0.287561 0.967167 -20.033228 0.964537 1.212842 -1e-06 1e-06 0.0 -3.440391 0.788234 0.501656 -15.9282 -3.167309 2.999708 -6.33883 -1e-06 0.0 -18.123461 3.648185 -4.905675 -4e-06 0.0 -2e-06 -16.964184 24.329264 6.466685 -31.364479 39.130592 -43.386223 -0.515634 21.074574 -0.032825 0.510328 0.351771 -16.640619 2.243542 -5.255037 -3.180159 14.282896 -0.826595 6.952507 -3e-06 -12.690605 2e-06 16.448856 -17.413319 2.727746 1.665666 -1.955921 -2.878299 4.727801 -4.170587 4.993926 11.020528 2e-06 0.0 12.109053 -3.735715 -2.866784 1e-06 -0.0 -0.0 1.291986 -1.92855 -1.49809 14.800132 0.567467 3.86561 14.242577 -1.341736 -6.660658 19.631973 0.143925 -0.648245 51.029755 -0.717962 -6.162132 0.353029 -1.511151 -0.03194 20.222797 3.684308 2.316632 18.787279 4e-06 1e-06 10.751633 -0.47987 1.397907 -2e-06 -1e-06 1e-06 3.273807 0.305947 -0.58011 21.486818 11.830373 2.266134 8.162928 2e-06 1e-06 18.399088 -3.798985 -4.940575 4e-06 1e-06 -1e-06 -2.859293 4.754754 -71.173714 0.117956 -0.083211 9.578119 -3.722151 0.464063 5.58232 1.618862 -1.842394 1.365761 -0.0 -0.0 2e-06 7.960331 -7.240303 -73.413307 -0.06175 -0.120631 12.762363 2.376493 -2.470352 4.271641 -1.407929 1.122494 0.906507 -0.0 0.0 -1e-06 
0.0 0.0 0.0 0.0 -0.0 0.0 0.874308 97.853783 -3.566315 0.377432 -3.533734 56.983997 1.787468 0.896997 20.56851 -0.289803 0.266686 4.72566 -0.600082 -2.325261 35.673859 -2.53 0.379251 22.308508 0.827103 -0.577597 -4.0324 1.039495 -4.523007 -13.630382 7.7e-05 -2.3e-05 5e-06 -0.063562 -0.037616 -0.328918 0.337791 -3.649492 -11.100532 -0.457702 3.61866 -10.870855 17.174421 -19.867567 7.297997 33.257099 -46.261681 -50.54781 1.492637 -20.056358 0.115199 9.771483 1.099826 -18.664103 -5.88211 9.861289 0.702591 -10.936877 -0.360574 7.156209 0.0 8.774828 -1e-06 -15.966125 17.096455 6.111109 -1.844033 2.498505 -2.507279 -10.163604 4.678946 4.62111 -20.976034 -3e-06 2e-06 -21.226299 2.451698 -3.594002 -1e-06 -7e-06 -1e-06 -1.362682 2.240799 -0.746324 -21.334925 0.584911 3.008326 -13.821223 -3e-06 2e-06 -23.887182 -0.249078 -0.839483 -60.593643 3.012704 -1.450691 -0.294025 1.679687 0.833256 -14.218215 0.093215 1.300582 -34.212067 -0.287563 0.967171 -20.033226 0.964538 1.212844 0.0 1e-06 -0.0 -3.44039 0.788234 0.501657 -15.928192 -3.16731 2.999709 -6.338829 0.0 1e-06 -18.123457 3.648184 -4.905672 -4e-06 0.0 -2e-06 -17.723619 24.653191 5.901323 -33.003967 37.28064 -42.977726 -0.452616 20.831123 -0.058511 0.497769 0.874725 -17.170721 2.243542 -5.255038 -3.180159 14.2829 -0.826597 6.952507 -2e-06 -12.690609 1e-06 16.403152 -17.374447 2.765433 1.665667 -1.955922 -2.878299 4.727802 -4.170589 4.993927 11.020531 2e-06 0.0 12.109059 -3.735718 -2.866784 1e-06 -0.0 0.0 1.291986 -1.92855 -1.49809 14.800136 0.567467 3.86561 14.24258 -1.341737 -6.66066 19.631975 0.143924 -0.648245 51.031448 -0.703238 -6.134263 0.353029 -1.511152 -0.031939 20.222803 3.684309 2.316633 18.787285 3e-06 -0.0 10.751634 -0.47987 1.397907 -2e-06 -0.0 1e-06 3.273809 0.305947 -0.580111 21.486824 11.830376 2.266134 8.16293 2e-06 1e-06 18.399092 -3.798987 -4.940577 3e-06 0.0 -1e-06 -3.075244 4.736127 -72.282364 0.133338 -0.093057 9.832497 -3.415919 0.696174 5.31549 1.62378 -1.828986 1.424402 -0.0 -0.0 2e-06 7.746826 -6.923144 -74.232307 -0.099404 -0.111599 12.263963 2.403997 -2.367004 4.529374 -1.40873 1.118186 0.985896 0.0 0.0 -1e-06 
0.0 0.0 0.0 0.0 -0.0 0.0 1.0503 97.789284 -3.327829 0.284756 -3.92705 58.009686 1.654484 0.839757 20.806028 -0.350465 0.27034 4.874551 -0.815354 -2.409048 35.894047 -2.698716 0.275784 22.2225 0.804239 -0.49007 -4.012937 1.120962 -4.225711 -14.211658 7.7e-05 -2.3e-05 5e-06 -0.077438 -0.049163 -0.331119 0.30382 -3.658765 -11.089742 -0.451904 3.605453 -10.849779 17.686255 -19.624136 7.141209 34.977116 -44.314655 -50.211781 1.571692 -19.465588 0.06335 10.079935 1.295534 -19.713825 -5.88211 9.861286 0.702591 -10.936875 -0.360573 7.156207 0.0 8.774826 -0.0 -15.937728 17.020706 6.112247 -1.844033 2.498504 -2.507278 -10.163602 4.678946 4.62111 -20.97603 -1e-06 1e-06 -21.226297 2.451699 -3.594002 -0.0 -6e-06 0.0 -1.362682 2.240798 -0.746324 -21.334921 0.584912 3.008323 -13.82122 -2e-06 1e-06 -23.887182 -0.249077 -0.839486 -60.473278 2.989313 -1.413324 -0.294025 1.679688 0.833256 -14.218212 0.093216 1.30058 -34.212059 -0.287561 0.967167 -20.033218 0.964537 1.212841 1e-06 0.0 0.0 -3.44039 0.788234 0.501656 -15.928189 -3.167308 2.999707 -6.338828 0.0 1e-06 -18.123453 3.648184 -4.905673 -4e-06 0.0 -2e-06 -18.514902 24.952169 5.361852 -34.471008 35.45483 -42.549793 -0.361991 20.564232 -0.069071 0.35433 1.458611 -17.470823 2.243543 -5.255038 -3.180159 14.282896 -0.826597 6.952509 -2e-06 -12.690609 2e-06 16.334066 -17.331085 2.813048 1.665667 -1.955922 -2.8783 4.727802 -4.17059 4.993929 11.020532 2e-06 0.0 12.109058 -3.735718 -2.866784 1e-06 -0.0 -0.0 1.291986 -1.92855 -1.49809 14.800136 0.567466 3.865612 14.242579 -1.341737 -6.660661 19.631977 0.143925 -0.648245 50.978569 -0.682825 -6.108626 0.353029 -1.511151 -0.03194 20.222803 3.684309 2.316634 18.787285 2e-06 1e-06 10.751634 -0.479871 1.397907 -2e-06 -1e-06 0.0 3.273808 0.305946 -0.580111 21.486826 11.83038 2.266135 8.16293 2e-06 0.0 18.399094 -3.798988 -4.940576 4e-06 -1e-06 -0.0 -3.256636 4.7229 -73.262146 0.146306 -0.096494 10.012139 -3.150672 0.956845 5.089259 1.630335 -1.810147 1.455644 -0.0 -0.0 2e-06 7.499037 -6.60406 -74.923271 -0.139123 -0.095608 11.710702 2.447998 -2.271944 4.808438 -1.410985 1.113693 1.043571 0.0 0.0 -1e-06 
0.0 0.0 0.0 0.0 -0.0 0.0 1.208858 97.734642 -3.10224 0.184828 -4.317861 58.942928 1.504276 0.782104 21.026432 -0.412674 0.281434 5.024086 -1.028542 -2.47651 36.130295 -2.814128 0.206525 22.137962 0.812072 -0.400961 -3.988325 1.202129 -3.947576 -14.820099 7.7e-05 -2.3e-05 6e-06 -0.083377 -0.05433 -0.331136 0.274442 -3.65968 -11.073053 -0.434623 3.59708 -10.820775 18.115446 -19.349321 6.961451 36.495453 -42.470455 -49.698723 1.645719 -18.935787 0.01594 10.389367 1.476186 -20.851919 -5.882107 9.861285 0.70259 -10.936872 -0.360575 7.156206 0.0 8.774824 -1e-06 -15.91557 16.936453 6.115188 -1.844032 2.498504 -2.507277 -10.1636 4.678945 4.621108 -20.976023 -2e-06 3e-06 -21.226288 2.451698 -3.593999 -0.0 -6e-06 -0.0 -1.362682 2.240798 -0.746323 -21.334915 0.58491 3.008323 -13.821215 -2e-06 2e-06 -23.887173 -0.249077 -0.839482 -60.351887 2.931063 -1.34748 -0.294025 1.679687 0.833256 -14.218209 0.093215 1.30058 -34.212048 -0.287562 0.967171 -20.033211 0.964538 1.212843 1e-06 0.0 -0.0 -3.440389 0.788234 0.501656 -15.928185 -3.167309 2.999708 -6.338825 -1e-06 2e-06 -18.123449 3.648184 -4.90567 -5e-06 0.0 -2e-06 -19.340832 25.248266 4.859966 -35.850391 33.605488 -41.98045 -0.283509 20.232006 -0.072126 0.16433 2.090428 -17.666744 2.243541 -5.255037 -3.180158 14.282888 -0.826594 6.952501 -3e-06 -12.690602 -0.0 16.270435 -17.299398 2.860998 1.665666 -1.955922 -2.878299 4.727798 -4.170586 4.993922 11.020524 3e-06 -2e-06 12.109051 -3.735715 -2.866785 1e-06 0.0 0.0 1.291986 -1.928549 -1.49809 14.800125 0.567468 3.865607 14.24257 -1.341736 -6.660659 19.631968 0.143928 -0.648246 50.891727 -0.666041 -6.086778 0.353029 -1.51115 -0.03194 20.222788 3.68431 2.316629 18.78727 4e-06 -2e-06 10.751628 -0.479868 1.397906 -2e-06 -0.0 0.0 3.273806 0.305946 -0.580111 21.486809 11.830372 2.266132 8.162925 2e-06 -1e-06 18.399076 -3.798984 -4.940574 3e-06 0.0 -1e-06 -3.395422 4.717622 -74.126602 0.157196 -0.082895 10.150615 -2.928331 1.25086 4.882948 1.636904 -1.789979 1.477966 0.0 0.0 2e-06 7.217759 -6.284562 -75.48481 -0.175404 -0.085806 11.093459 2.479905 -2.198109 5.11012 -1.413871 1.122807 1.097421 0.0 0.0 -1e-06 
0.0 0.0 0.0 0.0 -0.0 0.0 1.354061 97.678917 -2.882707 0.089254 -4.714683 59.79541 1.336687 0.71798 21.231136 -0.47354 0.297634 5.174257 -1.244825 -2.513822 36.393982 -2.883441 0.195731 22.017252 0.848754 -0.321484 -3.958845 1.278991 -3.715466 -15.405857 7.7e-05 -2.3e-05 8e-06 -0.091471 -0.059792 -0.330527 0.238805 -3.658121 -11.056869 -0.415564 3.586108 -10.786424 18.491373 -19.040087 6.781589 37.906601 -40.732765 -49.088425 1.741303 -18.418055 -0.028357 10.679389 1.668433 -22.001457 -5.882106 9.861286 0.702591 -10.936871 -0.360575 7.156208 0.0 8.774826 -1e-06 -15.903484 16.845121 6.118923 -1.844032 2.498504 -2.507277 -10.163599 4.678945 4.62111 -20.976023 -4e-06 3e-06 -21.226286 2.451697 -3.593999 1e-06 -6e-06 -0.0 -1.362681 2.240798 -0.746324 -21.334913 0.58491 3.008324 -13.821212 -3e-06 3e-06 -23.887169 -0.249078 -0.839482 -60.239449 2.834018 -1.250754 -0.294025 1.679688 0.833257 -14.218208 0.093214 1.300582 -34.212048 -0.287564 0.967173 -20.033211 0.964538 1.212845 1e-06 0.0 0.0 -3.440388 0.788234 0.501656 -15.928185 -3.16731 2.999708 -6.338826 -2e-06 1e-06 -18.123444 3.648182 -4.905669 -4e-06 1e-06 -2e-06 -20.190817 25.535423 4.395906 -37.17334 31.753675 -41.201511 -0.282918 19.7924 -0.085229 -0.061104 2.701251 -17.716919 2.243541 -5.255037 -3.180157 14.282893 -0.826596 6.952507 -3e-06 -12.690608 1e-06 16.248795 -17.295534 2.897649 1.665666 -1.955921 -2.878298 4.727798 -4.170588 4.993926 11.020525 3e-06 0.0 12.109053 -3.735716 -2.866783 2e-06 -0.0 0.0 1.291985 -1.92855 -1.498089 14.800127 0.567468 3.865611 14.24257 -1.341737 -6.660657 19.631969 0.143925 -0.648243 50.78017 -0.661987 -6.062201 0.353029 -1.511151 -0.03194 20.222794 3.68431 2.316633 18.787279 3e-06 2e-06 10.751629 -0.47987 1.397908 -1e-06 -0.0 0.0 3.273807 0.305947 -0.58011 21.486813 11.830376 2.266136 8.16293 1e-06 1e-06 18.399086 -3.798988 -4.940574 4e-06 -0.0 -1e-06 -3.494046 4.706982 -74.940704 0.163928 -0.057431 10.363741 -2.729939 1.563804 4.638811 1.641994 -1.781164 1.494571 -0.0 -0.0 2e-06 6.926666 -5.991054 -75.99234 -0.201954 -0.08233 10.532573 2.505374 -2.128417 5.370428 -1.415173 1.141562 1.144015 0.0 0.0 -1e-06 
0.0 0.0 0.0 0.0 -0.0 0.0 1.475492 97.625366 -2.671735 0.010421 -5.104766 60.530361 1.166127 0.644129 21.431671 -0.533177 0.314075 5.310025 -1.458684 -2.530007 36.679245 -2.944145 0.266631 21.880766 0.9048 -0.273672 -3.928763 1.351065 -3.553575 -15.932048 7.7e-05 -2.3e-05 7e-06 -0.101859 -0.066844 -0.33178 0.203418 -3.654638 -11.042423 -0.401336 3.570225 -10.752405 18.819317 -18.698919 6.622191 39.18927 -39.159767 -48.511028 1.842372 -17.928745 -0.073603 10.984926 1.903131 -23.091774 -5.882107 9.861285 0.702589 -10.936872 -0.360575 7.156208 -0.0 8.774825 -2e-06 -15.904787 16.776943 6.118269 -1.844032 2.498505 -2.50728 -10.163601 4.678945 4.621109 -20.976023 -3e-06 1e-06 -21.226288 2.451697 -3.594002 1e-06 -6e-06 -1e-06 -1.362682 2.240798 -0.746324 -21.334913 0.58491 3.008325 -13.821214 -2e-06 2e-06 -23.887171 -0.249077 -0.839484 -60.129967 2.739101 -1.171205 -0.294025 1.679687 0.833255 -14.21821 0.093215 1.300581 -34.212048 -0.287563 0.96717 -20.033215 0.964538 1.212844 -0.0 0.0 -0.0 -3.440389 0.788233 0.501656 -15.928187 -3.167308 2.999709 -6.338826 -1e-06 2e-06 -18.123446 3.648183 -4.905671 -4e-06 0.0 -2e-06 -21.029047 25.803299 3.974929 -38.3936 29.998707 -40.313148 -0.322288 19.286642 -0.115268 -0.319329 3.263355 -17.702003 2.243542 -5.255038 -3.180159 14.282897 -0.826595 6.952507 -1e-06 -12.690607 -0.0 16.268913 -17.311855 2.90978 1.665667 -1.955923 -2.8783 4.727801 -4.170588 4.993926 11.020531 3e-06 -1e-06 12.109058 -3.735717 -2.866785 2e-06 0.0 0.0 1.291986 -1.92855 -1.49809 14.800136 0.567468 3.86561 14.242579 -1.341737 -6.66066 19.631973 0.143925 -0.648245 50.646011 -0.669788 -6.033558 0.353029 -1.51115 -0.03194 20.222801 3.684309 2.316632 18.787279 3e-06 -0.0 10.751633 -0.47987 1.397906 -1e-06 0.0 0.0 3.273808 0.305947 -0.580111 21.486818 11.830374 2.266135 8.162933 1e-06 -1e-06 18.399092 -3.798985 -4.940577 4e-06 -0.0 -1e-06 -3.548378 4.685074 -75.654976 0.170423 -0.022205 10.624207 -2.552591 1.898634 4.369541 1.645661 -1.788645 1.523684 0.0 0.0 2e-06 6.665828 -5.748737 -76.442947 -0.219961 -0.078765 10.089499 2.515453 -2.046347 5.559729 -1.414725 1.167482 1.188364 0.0 0.0 -1e-06 
0.0 0.0 0.0 0.0 -0.0 0.0 1.573494 97.583267 -2.468152 -0.076096 -5.469451 61.11301 1.002445 0.569014 21.625902 -0.580603 0.325504 5.435493 -1.690028 -2.533662 36.987709 -3.029675 0.387179 21.733007 0.944505 -0.229375 -3.909681 1.432451 -3.432698 -16.363354 7.7e-05 -2.2e-05 7e-06 -0.109088 -0.07189 -0.336962 0.180256 -3.646866 -11.037423 -0.393018 3.553591 -10.726065 19.115652 -18.337467 6.506384 40.316299 -37.753761 -47.952145 1.945033 -17.448212 -0.135822 11.324279 2.170801 -24.068773 -5.882109 9.861284 0.70259 -10.936873 -0.360573 7.156205 0.0 8.774823 -1e-06 -15.917114 16.727835 6.105277 -1.844033 2.498505 -2.507278 -10.163601 4.678946 4.621108 -20.976025 -1e-06 -0.0 -21.226292 2.451698 -3.594002 1e-06 -6e-06 -0.0 -1.362682 2.240798 -0.746323 -21.334915 0.584912 3.008321 -13.821215 -1e-06 0.0 -23.887173 -0.249077 -0.839486 -60.012753 2.681617 -1.146187 -0.294025 1.679687 0.833256 -14.21821 0.093217 1.300579 -34.212055 -0.287561 0.967166 -20.033216 0.964538 1.21284 0.0 0.0 0.0 -3.440389 0.788233 0.501655 -15.928185 -3.167306 2.999706 -6.338827 0.0 1e-06 -18.123453 3.648184 -4.905672 -4e-06 0.0 -2e-06 -21.841236 26.043285 3.580896 -39.479301 28.440128 -39.427383 -0.357214 18.794128 -0.152526 -0.618486 3.811238 -17.624809 2.24354 -5.255034 -3.180157 14.282887 -0.826594 6.952503 -4e-06 -12.6906 2e-06 16.302031 -17.325003 2.906228 1.665665 -1.95592 -2.878298 4.727797 -4.170585 4.993924 11.020522 4e-06 -1e-06 12.109044 -3.735713 -2.866782 -0.0 -0.0 0.0 1.291985 -1.928548 -1.498089 14.800122 0.567469 3.865608 14.242566 -1.341734 -6.660655 19.631956 0.143927 -0.648243 50.51421 -0.68716 -6.011443 0.353029 -1.51115 -0.03194 20.222784 3.684309 2.31663 18.78727 5e-06 1e-06 10.751624 -0.479869 1.397906 -2e-06 0.0 0.0 3.273806 0.305947 -0.580111 21.486803 11.83037 2.266131 8.162924 2e-06 0.0 18.399075 -3.798985 -4.940571 4e-06 -0.0 -1e-06 -3.533057 4.667923 -76.226646 0.187435 0.019781 10.920421 -2.420049 2.227826 4.07746 1.646346 -1.805113 1.556473 -0.0 0.0 2e-06 6.484218 -5.550035 -76.755241 -0.229734 -0.062296 9.687167 2.531269 -1.933141 5.710221 -1.412019 1.196159 1.207014 -0.0 -0.0 -1e-06 
